# jet-panel — exported from the client's own 3D files by tools_models.py
o plate
v -0.1366 0.0705 -0.8973
v -0.1364 0.0707 -0.8967
v -0.1364 0.0854 -0.8967
v -0.1366 0.0856 -0.8973
v -0.1364 0.0706 -1.1380
v -0.1364 0.0855 -1.1380
v 0.1366 0.0705 -0.8973
v 0.1364 0.0707 -0.8967
v 0.1366 0.0856 -0.8973
v 0.1364 0.0854 -0.8967
v 0.1364 0.0706 -1.1380
v 0.1364 0.0855 -1.1380
v -0.1097 0.0860 -0.9344
v -0.1097 0.0860 -1.0178
v -0.1092 0.0860 -0.9785
v -0.1091 0.0860 -1.0618
v -0.1097 0.0860 -1.1011
v -0.1088 0.0860 -1.0569
v -0.1086 0.0860 -0.9736
v -0.1081 0.0860 -0.9385
v -0.1079 0.0860 -1.0218
v -0.1077 0.0860 -1.0140
v -0.1079 0.0860 -1.0973
v -0.1077 0.0860 -0.9309
v -0.1079 0.0860 -1.1049
v -0.1070 0.0860 -0.9810
v -0.1067 0.0860 -1.0642
v -0.1065 0.0860 -1.0548
v -0.1063 0.0860 -0.9716
v -0.1040 0.0860 -0.9397
v -0.1046 0.0860 -0.9714
v -0.1038 0.0860 -0.9301
v -0.1038 0.0860 -0.9813
v -0.1038 0.0860 -1.0132
v -0.1038 0.0860 -1.0228
v -0.1043 0.0860 -1.0546
v -0.1041 0.0860 -1.0644
v -0.1038 0.0860 -1.0963
v -0.1038 0.0860 -1.1059
v -0.1024 0.0860 -0.9720
v -0.1022 0.0860 -1.0552
v -0.1020 0.0860 -1.0638
v -0.1003 0.0860 -1.0615
v -0.1009 0.0860 -1.0979
v -0.1011 0.0860 -0.9315
v -0.1005 0.0860 -0.9741
v -0.1011 0.0860 -1.0146
v -0.1009 0.0860 -1.1043
v -0.1008 0.0860 -0.9379
v -0.1004 0.0860 -0.9785
v -0.1009 0.0860 -1.0212
v -0.1005 0.0860 -1.0572
v -0.0999 0.0860 -0.9344
v -0.0999 0.0860 -1.0178
v -0.0999 0.0860 -1.1011
v -0.0739 0.0860 -0.9785
v -0.0744 0.0860 -1.0178
v -0.0738 0.0860 -1.0618
v -0.0745 0.0860 -1.1011
v -0.0736 0.0860 -1.0571
v -0.0734 0.0860 -0.9736
v -0.0729 0.0860 -1.1048
v -0.0729 0.0860 -1.0217
v -0.0729 0.0860 -1.0974
v -0.0727 0.0860 -1.0142
v -0.0719 0.0860 -0.9809
v -0.0717 0.0860 -1.0641
v -0.0715 0.0860 -1.0549
v -0.0693 0.0860 -1.0546
v -0.0688 0.0860 -1.0228
v -0.0688 0.0860 -1.0132
v -0.0688 0.0860 -0.9813
v -0.0691 0.0860 -1.0644
v -0.0688 0.0860 -1.0963
v -0.0695 0.0860 -0.9715
v -0.0688 0.0860 -1.1059
v -0.0669 0.0860 -1.0552
v -0.0672 0.0860 -0.9720
v -0.0667 0.0860 -1.0638
v -0.0652 0.0860 -0.9741
v -0.0651 0.0860 -0.9785
v -0.0658 0.0860 -1.0146
v -0.0657 0.0860 -1.0212
v -0.0652 0.0860 -1.0572
v -0.0651 0.0860 -1.0616
v -0.0657 0.0860 -1.0979
v -0.0657 0.0860 -1.1043
v -0.0647 0.0860 -1.0178
v -0.0646 0.0860 -1.1011
v -0.0391 0.0860 -1.0178
v -0.0385 0.0860 -1.0618
v -0.0392 0.0860 -1.1011
v -0.0383 0.0860 -1.0569
v -0.0376 0.0860 -1.0217
v -0.0376 0.0860 -1.1048
v -0.0376 0.0860 -1.0974
v -0.0374 0.0860 -1.0142
v -0.0364 0.0860 -1.0641
v -0.0362 0.0860 -1.0549
v -0.0338 0.0860 -1.0229
v -0.0340 0.0860 -1.0546
v -0.0338 0.0860 -1.0644
v -0.0338 0.0860 -1.0962
v -0.0338 0.0860 -1.0131
v -0.0338 0.0860 -1.1060
v -0.0306 0.0860 -1.0214
v -0.0301 0.0860 -1.0571
v -0.0319 0.0860 -1.0551
v -0.0300 0.0860 -1.0618
v -0.0306 0.0860 -1.0978
v -0.0307 0.0860 -1.0145
v -0.0306 0.0860 -1.1045
v -0.0294 0.0860 -1.0178
v -0.0294 0.0860 -1.1011
v -0.0039 0.0860 -1.0178
v -0.0033 0.0860 -1.0618
v -0.0039 0.0860 -1.1011
v -0.0030 0.0860 -1.0569
v -0.0023 0.0860 -1.1048
v -0.0023 0.0860 -1.0217
v -0.0023 0.0860 -1.0974
v -0.0012 0.0860 -1.0641
v -0.0009 0.0860 -1.0549
v 0.0015 0.0860 -1.0229
v 0.0012 0.0860 -1.0546
v -0.0021 0.0860 -1.0142
v 0.0015 0.0860 -1.0644
v 0.0015 0.0860 -1.0962
v 0.0015 0.0860 -1.1060
v 0.0034 0.0860 -1.0551
v 0.0047 0.0860 -1.0214
v 0.0052 0.0860 -1.0571
v 0.0047 0.0860 -1.0978
v 0.0053 0.0860 -1.0618
v 0.0047 0.0860 -1.1045
v 0.0059 0.0860 -1.1011
v 0.0320 0.0860 -1.0618
v 0.0314 0.0860 -1.1011
v 0.0323 0.0860 -1.0569
v 0.0328 0.0860 -1.0976
v 0.0328 0.0860 -1.1046
v 0.0339 0.0860 -1.0640
v 0.0363 0.0860 -1.0645
v 0.0363 0.0860 -1.0962
v 0.0363 0.0860 -1.0546
v 0.0363 0.0860 -1.1060
v 0.0387 0.0860 -1.0640
v 0.0398 0.0860 -1.0976
v 0.0398 0.0860 -1.1046
v 0.0403 0.0860 -1.0569
v 0.0405 0.0860 -1.0618
v 0.0412 0.0860 -1.1011
v 0.0666 0.0860 -1.1011
v 0.0680 0.0860 -1.1046
v 0.0680 0.0860 -1.0976
v 0.0715 0.0860 -1.0962
v 0.0715 0.0860 -1.1060
v 0.0751 0.0860 -1.0976
v 0.0751 0.0860 -1.1046
v 0.0765 0.0860 -1.1011
v -0.0744 0.0860 -0.9344
v -0.0730 0.0860 -0.9384
v -0.0727 0.0860 -0.9310
v -0.0688 0.0860 -0.9301
v -0.0688 0.0860 -0.9397
v -0.0655 0.0860 -0.9379
v -0.0658 0.0860 -0.9315
v -0.0646 0.0860 -0.9345
v -0.0392 0.0860 -0.9344
v -0.0387 0.0860 -0.9785
v -0.0381 0.0860 -0.9736
v -0.0377 0.0860 -0.9384
v -0.0374 0.0860 -0.9310
v -0.0366 0.0860 -0.9809
v -0.0338 0.0860 -0.9300
v -0.0338 0.0860 -0.9398
v -0.0343 0.0860 -0.9715
v -0.0338 0.0860 -0.9813
v -0.0321 0.0860 -0.9719
v -0.0304 0.0860 -0.9380
v -0.0301 0.0860 -0.9739
v -0.0307 0.0860 -0.9313
v -0.0314 0.0860 -0.9807
v -0.0298 0.0860 -0.9784
v -0.0294 0.0860 -0.9345
v -0.0039 0.0860 -0.9344
v -0.0035 0.0860 -0.9783
v -0.0028 0.0860 -0.9736
v -0.0025 0.0860 -0.9384
v -0.0021 0.0860 -0.9310
v -0.0014 0.0860 -0.9809
v 0.0010 0.0860 -0.9715
v 0.0015 0.0860 -0.9398
v 0.0015 0.0860 -0.9813
v 0.0015 0.0860 -1.0131
v 0.0015 0.0860 -0.9300
v 0.0032 0.0860 -0.9719
v 0.0048 0.0860 -0.9380
v 0.0052 0.0860 -0.9739
v 0.0038 0.0860 -0.9807
v 0.0046 0.0860 -1.0145
v 0.0046 0.0860 -0.9313
v 0.0054 0.0860 -0.9785
v 0.0059 0.0860 -0.9344
v 0.0059 0.0860 -1.0178
v 0.0314 0.0860 -0.9344
v 0.0319 0.0860 -0.9785
v 0.0314 0.0860 -1.0178
v 0.0323 0.0860 -0.9738
v 0.0326 0.0860 -0.9382
v 0.0329 0.0860 -0.9312
v 0.0329 0.0860 -1.0143
v 0.0328 0.0860 -1.0215
v 0.0337 0.0860 -0.9808
v 0.0363 0.0860 -0.9718
v 0.0363 0.0860 -0.9398
v 0.0363 0.0860 -1.0131
v 0.0363 0.0860 -0.9814
v 0.0363 0.0860 -0.9300
v 0.0363 0.0860 -0.9715
v 0.0363 0.0860 -1.0229
v 0.0399 0.0860 -0.9382
v 0.0403 0.0860 -0.9738
v 0.0389 0.0860 -0.9808
v 0.0396 0.0860 -1.0143
v 0.0396 0.0860 -0.9312
v 0.0398 0.0860 -1.0215
v 0.0407 0.0860 -0.9785
v 0.0412 0.0860 -0.9344
v 0.0412 0.0860 -1.0178
v 0.0667 0.0860 -0.9344
v 0.0671 0.0860 -0.9785
v 0.0667 0.0860 -1.0178
v 0.0673 0.0860 -1.0618
v 0.0675 0.0860 -0.9738
v 0.0675 0.0860 -1.0569
v 0.0679 0.0860 -0.9382
v 0.0680 0.0860 -1.0215
v 0.0682 0.0860 -0.9312
v 0.0682 0.0860 -1.0143
v 0.0689 0.0860 -0.9808
v 0.0715 0.0860 -0.9398
v 0.0715 0.0860 -0.9718
v 0.0715 0.0860 -0.9814
v 0.0715 0.0860 -1.0131
v 0.0715 0.0860 -1.0229
v 0.0715 0.0860 -1.0546
v 0.0715 0.0860 -1.0645
v 0.0715 0.0860 -0.9300
v 0.0692 0.0860 -1.0640
v 0.0715 0.0860 -0.9715
v 0.0752 0.0860 -0.9382
v 0.0756 0.0860 -0.9738
v 0.0741 0.0860 -0.9808
v 0.0749 0.0860 -1.0143
v 0.0756 0.0860 -1.0569
v 0.0751 0.0860 -1.0215
v 0.0749 0.0860 -0.9312
v 0.0758 0.0860 -1.0618
v 0.0760 0.0860 -0.9784
v 0.0739 0.0860 -1.0640
v 0.0764 0.0860 -0.9344
v 0.0764 0.0860 -1.0178
v 0.1019 0.0860 -0.9344
v 0.1024 0.0860 -0.9783
v 0.1019 0.0860 -1.0178
v 0.1026 0.0860 -1.0618
v 0.1019 0.0860 -1.1011
v 0.1028 0.0860 -0.9738
v 0.1028 0.0860 -1.0569
v 0.1032 0.0860 -0.9382
v 0.1033 0.0860 -1.0215
v 0.1033 0.0860 -1.0976
v 0.1033 0.0860 -1.1046
v 0.1035 0.0860 -0.9312
v 0.1035 0.0860 -1.0143
v 0.1042 0.0860 -0.9808
v 0.1044 0.0860 -1.0640
v 0.1068 0.0860 -0.9814
v 0.1068 0.0860 -1.0131
v 0.1068 0.0860 -1.0229
v 0.1068 0.0860 -1.0546
v 0.1068 0.0860 -1.0645
v 0.1068 0.0860 -1.0962
v 0.1068 0.0860 -0.9300
v 0.1068 0.0860 -0.9398
v 0.1068 0.0860 -0.9718
v 0.1068 0.0860 -1.1060
v 0.1068 0.0860 -0.9715
v 0.1103 0.0860 -1.0976
v 0.1092 0.0860 -1.0640
v 0.1105 0.0860 -0.9382
v 0.1108 0.0860 -0.9738
v 0.1102 0.0860 -1.0143
v 0.1094 0.0860 -0.9808
v 0.1108 0.0860 -1.0569
v 0.1103 0.0860 -1.0215
v 0.1102 0.0860 -0.9312
v 0.1111 0.0860 -1.0618
v 0.1112 0.0860 -0.9785
v 0.1103 0.0860 -1.1046
v 0.1117 0.0860 -1.0178
v 0.1117 0.0860 -1.1011
v 0.1117 0.0860 -0.9344
v -0.0744 0.0701 -1.1011
v -0.0729 0.0701 -1.0974
v -0.0729 0.0701 -1.1048
v -0.0688 0.0701 -1.0963
v -0.0688 0.0701 -1.1059
v -0.0657 0.0701 -1.0979
v -0.0657 0.0701 -1.1043
v -0.0646 0.0701 -1.1011
v -0.0392 0.0701 -1.1011
v -0.0385 0.0701 -1.0618
v -0.0383 0.0701 -1.0569
v -0.0376 0.0701 -1.0974
v -0.0376 0.0701 -1.1048
v -0.0364 0.0701 -1.0641
v -0.0338 0.0701 -1.0962
v -0.0338 0.0701 -1.0644
v -0.0338 0.0701 -1.1060
v -0.0340 0.0701 -1.0546
v -0.0362 0.0701 -1.0549
v -0.0300 0.0701 -1.0618
v -0.0306 0.0701 -1.0978
v -0.0300 0.0701 -1.0573
v -0.0306 0.0701 -1.1045
v -0.0319 0.0701 -1.0551
v -0.0293 0.0701 -1.1011
v -0.0033 0.0701 -1.0617
v -0.0039 0.0701 -1.1011
v -0.0030 0.0701 -1.0569
v -0.0023 0.0701 -1.0217
v -0.0023 0.0701 -1.0974
v -0.0023 0.0701 -1.1048
v -0.0012 0.0701 -1.0641
v -0.0009 0.0701 -1.0549
v 0.0012 0.0701 -1.0546
v 0.0015 0.0701 -1.0229
v 0.0015 0.0701 -1.0644
v 0.0015 0.0701 -1.0962
v 0.0015 0.0701 -1.1060
v 0.0034 0.0701 -1.0551
v 0.0047 0.0701 -1.0214
v 0.0053 0.0701 -1.0573
v 0.0053 0.0701 -1.0618
v 0.0047 0.0701 -1.0978
v 0.0046 0.0701 -1.0145
v 0.0047 0.0701 -1.1045
v 0.0059 0.0701 -1.0178
v 0.0059 0.0701 -1.1011
v 0.0314 0.0701 -1.0178
v 0.0320 0.0701 -1.0617
v 0.0314 0.0701 -1.1011
v 0.0323 0.0701 -1.0569
v 0.0329 0.0701 -1.0143
v 0.0328 0.0701 -1.0215
v 0.0328 0.0701 -1.0976
v 0.0328 0.0701 -1.1046
v 0.0339 0.0701 -1.0640
v 0.0363 0.0701 -1.0229
v 0.0363 0.0701 -1.0546
v 0.0363 0.0701 -1.0645
v 0.0363 0.0701 -1.0962
v 0.0363 0.0701 -1.0131
v 0.0363 0.0701 -1.1060
v 0.0398 0.0701 -1.0215
v 0.0404 0.0701 -1.0571
v 0.0398 0.0701 -1.0976
v 0.0387 0.0701 -1.0640
v 0.0405 0.0701 -1.0618
v 0.0398 0.0701 -1.1046
v 0.0396 0.0701 -1.0143
v 0.0411 0.0701 -1.0178
v 0.0412 0.0701 -1.1011
v 0.0671 0.0701 -0.9785
v 0.0667 0.0701 -1.0178
v 0.0672 0.0701 -1.0617
v 0.0666 0.0701 -1.1011
v 0.0675 0.0701 -1.0569
v 0.0675 0.0701 -0.9738
v 0.0680 0.0701 -1.0215
v 0.0680 0.0701 -1.0976
v 0.0680 0.0701 -1.1046
v 0.0682 0.0701 -1.0143
v 0.0689 0.0701 -0.9808
v 0.0692 0.0701 -1.0640
v 0.0715 0.0701 -0.9814
v 0.0715 0.0701 -1.0131
v 0.0715 0.0701 -1.0229
v 0.0715 0.0701 -1.0546
v 0.0715 0.0701 -1.0962
v 0.0715 0.0701 -1.0645
v 0.0715 0.0701 -0.9718
v 0.0715 0.0701 -1.1060
v 0.0715 0.0701 -0.9715
v 0.0756 0.0701 -1.0571
v 0.0751 0.0701 -1.0215
v 0.0751 0.0701 -1.0976
v 0.0739 0.0701 -1.0640
v 0.0749 0.0701 -1.0143
v 0.0741 0.0701 -0.9808
v 0.0758 0.0701 -1.0618
v 0.0751 0.0701 -1.1046
v 0.0759 0.0701 -0.9785
v 0.0756 0.0701 -0.9738
v 0.0764 0.0701 -1.0178
v 0.0765 0.0701 -1.1011
v 0.1024 0.0701 -0.9785
v 0.1019 0.0701 -1.0178
v 0.1025 0.0701 -1.0617
v 0.1019 0.0701 -1.1011
v 0.1019 0.0701 -0.9344
v 0.1028 0.0701 -0.9738
v 0.1028 0.0701 -1.0569
v 0.1032 0.0701 -0.9382
v 0.1033 0.0701 -1.0215
v 0.1033 0.0701 -1.1046
v 0.1033 0.0701 -1.0976
v 0.1035 0.0701 -0.9312
v 0.1035 0.0701 -1.0143
v 0.1042 0.0701 -0.9808
v 0.1044 0.0701 -1.0640
v 0.1068 0.0701 -0.9718
v 0.1068 0.0701 -0.9398
v 0.1068 0.0701 -1.0131
v 0.1068 0.0701 -0.9814
v 0.1068 0.0701 -1.0546
v 0.1068 0.0701 -1.0229
v 0.1068 0.0701 -1.0962
v 0.1068 0.0701 -1.0645
v 0.1068 0.0701 -0.9300
v 0.1068 0.0701 -1.1060
v 0.1068 0.0701 -0.9715
v 0.1094 0.0701 -0.9808
v 0.1102 0.0701 -1.0143
v 0.1103 0.0701 -1.0976
v 0.1092 0.0701 -1.0640
v 0.1108 0.0701 -0.9738
v 0.1105 0.0701 -0.9382
v 0.1108 0.0701 -1.0569
v 0.1103 0.0701 -1.0215
v 0.1103 0.0701 -1.1046
v 0.1111 0.0701 -1.0618
v 0.1112 0.0701 -0.9785
v 0.1102 0.0701 -0.9312
v 0.1117 0.0701 -1.0178
v 0.1117 0.0701 -1.1011
v 0.1117 0.0701 -0.9344
v -0.1097 0.0701 -0.9344
v -0.1097 0.0701 -1.0178
v -0.1092 0.0701 -0.9785
v -0.1091 0.0701 -1.0618
v -0.1097 0.0701 -1.1011
v -0.1088 0.0701 -1.0569
v -0.1086 0.0701 -0.9736
v -0.1081 0.0701 -0.9385
v -0.1079 0.0701 -1.0218
v -0.1079 0.0701 -1.0973
v -0.1077 0.0701 -1.0140
v -0.1077 0.0701 -0.9309
v -0.1079 0.0701 -1.1049
v -0.1070 0.0701 -0.9810
v -0.1067 0.0701 -1.0642
v -0.1065 0.0701 -1.0548
v -0.1063 0.0701 -0.9716
v -0.1038 0.0701 -0.9397
v -0.1038 0.0701 -0.9301
v -0.1046 0.0701 -0.9715
v -0.1038 0.0701 -1.0132
v -0.1038 0.0701 -0.9813
v -0.1043 0.0701 -1.0546
v -0.1038 0.0701 -1.0228
v -0.1040 0.0701 -1.0963
v -0.1041 0.0701 -1.0645
v -0.1038 0.0701 -1.1059
v -0.1024 0.0701 -0.9720
v -0.1022 0.0701 -1.0552
v -0.1020 0.0701 -1.0638
v -0.1004 0.0701 -0.9785
v -0.1011 0.0701 -1.0146
v -0.1009 0.0701 -1.0212
v -0.1005 0.0701 -1.0572
v -0.1004 0.0701 -1.0616
v -0.1009 0.0701 -1.0979
v -0.1008 0.0701 -0.9379
v -0.1011 0.0701 -0.9315
v -0.1005 0.0701 -0.9741
v -0.1009 0.0701 -1.1043
v -0.0999 0.0701 -0.9344
v -0.0999 0.0701 -1.0178
v -0.0999 0.0701 -1.1011
v -0.0744 0.0701 -0.9344
v -0.0739 0.0701 -0.9785
v -0.0744 0.0701 -1.0178
v -0.0738 0.0701 -1.0618
v -0.0734 0.0701 -0.9736
v -0.0735 0.0701 -1.0569
v -0.0730 0.0701 -0.9384
v -0.0729 0.0701 -1.0217
v -0.0727 0.0701 -0.9310
v -0.0727 0.0701 -1.0142
v -0.0719 0.0701 -0.9809
v -0.0715 0.0701 -1.0549
v -0.0717 0.0701 -1.0641
v -0.0695 0.0701 -0.9715
v -0.0688 0.0701 -0.9397
v -0.0688 0.0701 -0.9813
v -0.0688 0.0701 -1.0132
v -0.0688 0.0701 -1.0228
v -0.0693 0.0701 -1.0546
v -0.0688 0.0701 -0.9301
v -0.0691 0.0701 -1.0644
v -0.0672 0.0701 -0.9720
v -0.0669 0.0701 -1.0552
v -0.0651 0.0701 -0.9783
v -0.0658 0.0701 -1.0146
v -0.0657 0.0701 -1.0212
v -0.0652 0.0701 -1.0572
v -0.0655 0.0701 -0.9379
v -0.0652 0.0701 -0.9741
v -0.0667 0.0701 -1.0638
v -0.0658 0.0701 -0.9315
v -0.0651 0.0701 -1.0616
v -0.0646 0.0701 -0.9344
v -0.0647 0.0701 -1.0178
v -0.0391 0.0701 -1.0178
v -0.0392 0.0701 -0.9345
v -0.0387 0.0701 -0.9784
v -0.0381 0.0701 -0.9736
v -0.0377 0.0701 -0.9384
v -0.0376 0.0701 -1.0217
v -0.0374 0.0701 -1.0142
v -0.0374 0.0701 -0.9310
v -0.0366 0.0701 -0.9809
v -0.0338 0.0701 -0.9398
v -0.0343 0.0701 -0.9715
v -0.0338 0.0701 -1.0131
v -0.0338 0.0701 -0.9813
v -0.0338 0.0701 -0.9300
v -0.0338 0.0701 -1.0229
v -0.0321 0.0701 -0.9719
v -0.0307 0.0701 -1.0145
v -0.0314 0.0701 -0.9807
v -0.0301 0.0701 -0.9739
v -0.0304 0.0701 -0.9380
v -0.0298 0.0701 -0.9783
v -0.0307 0.0701 -0.9313
v -0.0306 0.0701 -1.0214
v -0.0294 0.0701 -0.9344
v -0.0294 0.0701 -1.0178
v -0.0039 0.0701 -0.9345
v -0.0039 0.0701 -1.0178
v -0.0035 0.0701 -0.9784
v -0.0028 0.0701 -0.9736
v -0.0025 0.0701 -0.9384
v -0.0021 0.0701 -0.9310
v -0.0021 0.0701 -1.0142
v -0.0014 0.0701 -0.9809
v 0.0010 0.0701 -0.9715
v 0.0015 0.0701 -0.9398
v 0.0015 0.0701 -1.0131
v 0.0015 0.0701 -0.9813
v 0.0015 0.0701 -0.9300
v 0.0032 0.0701 -0.9719
v 0.0048 0.0701 -0.9380
v 0.0052 0.0701 -0.9739
v 0.0038 0.0701 -0.9807
v 0.0055 0.0701 -0.9783
v 0.0046 0.0701 -0.9313
v 0.0059 0.0701 -0.9344
v 0.0314 0.0701 -0.9345
v 0.0318 0.0701 -0.9784
v 0.0323 0.0701 -0.9738
v 0.0326 0.0701 -0.9382
v 0.0329 0.0701 -0.9312
v 0.0337 0.0701 -0.9808
v 0.0363 0.0701 -0.9398
v 0.0363 0.0701 -0.9715
v 0.0363 0.0701 -0.9718
v 0.0363 0.0701 -0.9300
v 0.0363 0.0701 -0.9814
v 0.0403 0.0701 -0.9738
v 0.0399 0.0701 -0.9382
v 0.0396 0.0701 -0.9312
v 0.0389 0.0701 -0.9808
v 0.0407 0.0701 -0.9785
v 0.0412 0.0701 -0.9344
v 0.0666 0.0701 -0.9345
v 0.0679 0.0701 -0.9382
v 0.0682 0.0701 -0.9312
v 0.0715 0.0701 -0.9398
v 0.0715 0.0701 -0.9300
v 0.0752 0.0701 -0.9382
v 0.0749 0.0701 -0.9312
v 0.0764 0.0701 -0.9344
vn 0.000 -0.000 1.000
vn 0.000 -0.000 1.000
vn 0.000 -0.000 1.000
vn 0.000 -0.000 1.000
vn 0.000 -0.000 1.000
vn 0.000 -0.000 1.000
vn 1.000 0.000 -0.000
vn 1.000 -0.000 -0.000
vn 1.000 0.000 -0.000
vn 1.000 0.000 -0.000
vn 1.000 0.000 -0.000
vn 1.000 0.000 0.001
vn 0.000 1.000 0.000
vn 0.000 1.000 0.000
vn 0.000 1.000 0.000
vn -0.000 1.000 0.000
vn -0.000 1.000 -0.000
vn -0.000 1.000 0.000
vn -0.000 1.000 0.000
vn -0.000 1.000 0.000
vn -0.000 1.000 -0.000
vn -0.000 1.000 0.000
vn -0.000 1.000 -0.000
vn -0.000 1.000 -0.000
vn -0.000 1.000 0.000
vn -0.000 1.000 -0.000
vn 0.000 1.000 0.000
vn -0.000 1.000 0.000
vn 0.000 1.000 0.000
vn 0.000 1.000 -0.000
vn -0.000 1.000 0.000
vn 0.000 1.000 -0.000
vn 0.000 1.000 0.000
vn -0.000 1.000 0.000
vn 0.000 1.000 0.000
vn -0.000 1.000 0.000
vn -0.000 1.000 0.000
vn -0.000 1.000 0.000
vn 0.000 1.000 0.000
vn 0.000 -1.000 0.000
vn -0.000 -1.000 -0.000
vn 0.000 -1.000 -0.000
vn -0.000 1.000 -0.000
vn -0.000 1.000 0.000
vn 0.000 1.000 0.000
vn -0.000 1.000 -0.000
vn 0.000 1.000 0.000
vn 0.000 1.000 0.000
vn 0.000 -1.000 0.000
vn 0.000 -1.000 0.000
vn 0.000 -1.000 0.000
vn 0.000 -1.000 0.000
vn 0.000 -1.000 0.000
vn 0.000 -1.000 0.000
vn 0.000 0.000 0.000
vn 0.000 0.000 0.000
vn 0.000 0.000 0.000
vn -0.000 1.000 -0.000
vn -0.000 1.000 0.000
vn 0.000 1.000 0.000
vn -0.000 1.000 -0.000
vn 0.000 1.000 0.000
vn 0.000 1.000 0.000
vn 0.000 -1.000 0.000
vn 0.000 -1.000 0.000
vn 0.000 -1.000 0.000
vn 0.000 -1.000 0.000
vn 0.000 -1.000 0.000
vn 0.000 -1.000 0.000
vn 0.000 0.000 0.000
vn 0.000 0.000 0.000
vn 0.000 0.000 0.000
vn -0.000 1.000 -0.000
vn -0.000 1.000 0.000
vn -0.000 1.000 -0.000
vn -0.000 1.000 -0.000
vn -0.000 1.000 -0.000
vn -0.000 1.000 0.000
vn -0.000 1.000 -0.000
vn -0.000 1.000 0.000
vn 0.000 1.000 0.000
vn -0.000 1.000 -0.000
vn 0.000 1.000 0.000
vn -0.000 1.000 -0.000
vn -0.000 1.000 -0.000
vn -0.000 1.000 -0.000
vn -0.000 1.000 -0.000
vn -0.000 1.000 -0.000
vn -0.000 1.000 -0.000
vn -0.000 1.000 -0.000
vn 0.000 -1.000 0.000
vn 0.000 -1.000 0.000
vn 0.000 -1.000 0.000
vn -0.000 1.000 -0.000
vn 0.000 1.000 0.000
vn -0.000 1.000 -0.000
vn -0.000 1.000 -0.000
vn -0.000 1.000 -0.000
vn -0.000 1.000 -0.000
vn -0.000 1.000 -0.000
vn -0.000 1.000 -0.000
vn 0.000 1.000 0.000
vn -0.000 1.000 -0.000
vn 0.000 1.000 0.000
vn 0.000 1.000 0.000
vn 0.000 -1.000 0.000
vn 0.000 -1.000 0.000
vn 0.000 -1.000 -0.000
vn -0.000 1.000 -0.000
vn 0.000 1.000 0.000
vn 0.000 1.000 0.000
vn -0.000 1.000 -0.000
vn 0.000 1.000 0.000
vn -0.000 1.000 -0.000
vn -0.000 1.000 -0.000
vn -0.000 1.000 -0.000
vn -0.000 1.000 -0.000
vn -0.000 1.000 -0.000
vn -0.000 1.000 -0.000
vn 0.000 1.000 -0.000
vn 0.000 -1.000 0.000
vn -0.000 -1.000 -0.000
vn 0.000 -1.000 0.000
vn -0.000 1.000 -0.000
vn 0.000 1.000 0.000
vn -0.000 1.000 0.000
vn 0.000 -1.000 0.000
vn -0.000 -1.000 0.000
vn -0.000 -1.000 -0.000
vn 0.000 -1.000 0.000
vn -0.000 -1.000 -0.000
vn -0.000 -1.000 -0.000
vn 0.000 -1.000 0.000
vn -0.000 -1.000 -0.000
vn -0.000 -1.000 -0.000
vn 0.000 -1.000 0.000
vn -0.000 -1.000 -0.000
vn -0.000 -1.000 0.000
vn -0.000 1.000 -0.000
vn 0.000 1.000 0.000
vn 0.000 1.000 0.000
vn -0.000 1.000 -0.000
vn 0.000 1.000 0.000
vn -0.000 1.000 -0.000
vn -0.000 1.000 -0.000
vn -0.000 1.000 -0.000
vn -0.000 1.000 -0.000
vn -0.000 1.000 -0.000
vn -0.000 1.000 -0.000
vn -0.001 1.000 -0.001
vn -0.000 1.000 -0.000
vn -0.001 1.000 -0.001
vn 0.000 1.000 -0.000
vn -0.000 1.000 -0.000
vn 0.000 1.000 -0.000
vn 0.000 1.000 0.000
vn -0.000 1.000 -0.000
vn 0.000 1.000 0.000
vn 0.000 1.000 0.000
vn 0.000 -1.000 0.000
vn -0.000 -1.000 -0.000
vn 0.000 -1.000 -0.000
vn -0.001 1.000 -0.001
vn -0.000 1.000 -0.000
vn 0.000 1.000 0.000
vn -0.001 1.000 -0.001
vn 0.000 1.000 0.000
vn 0.000 1.000 0.000
vn -0.001 -1.000 0.000
vn -0.000 -1.000 -0.000
vn -0.000 -1.000 -0.000
vn -0.001 1.000 -0.001
vn -0.000 1.000 0.000
vn -0.000 1.000 0.000
vn -0.001 1.000 -0.001
vn -0.000 1.000 0.000
vn -0.000 1.000 -0.000
vn -0.001 1.000 -0.001
vn -0.000 1.000 -0.000
vn 0.000 1.000 0.000
vn -0.001 1.000 -0.001
vn 0.000 1.000 0.000
vn 0.000 1.000 0.000
vn -0.001 1.000 -0.001
vn 0.000 1.000 0.000
vn 0.000 1.000 0.000
vn -0.001 1.000 -0.001
vn 0.000 1.000 0.000
vn 0.000 1.000 0.000
vn -0.001 1.000 -0.001
vn 0.000 1.000 0.000
vn -0.000 1.000 0.000
vn -0.001 1.000 -0.001
vn -0.000 1.000 0.000
vn -0.000 1.000 0.000
vn -0.001 1.000 -0.001
vn -0.000 1.000 0.000
vn 0.000 1.000 -0.000
vn -0.001 1.000 -0.001
vn 0.000 1.000 -0.000
vn 0.000 1.000 -0.000
vn -0.001 1.000 -0.001
vn 0.000 1.000 -0.000
vn -0.000 1.000 0.000
vn -0.001 1.000 -0.001
vn -0.000 1.000 0.000
vn -0.000 1.000 -0.000
vn -0.001 1.000 -0.001
vn -0.000 1.000 -0.000
vn -0.000 1.000 0.000
vn -0.001 1.000 -0.001
vn -0.000 1.000 0.000
vn 0.000 1.000 -0.000
vn -0.001 1.000 -0.001
vn 0.000 1.000 -0.000
vn 0.000 1.000 -0.000
vn -0.001 1.000 -0.001
vn 0.000 1.000 -0.000
vn 0.000 1.000 0.000
vn -0.001 -1.000 0.000
vn -0.000 -1.000 0.000
vn -0.000 -1.000 0.000
vn -0.001 -1.000 0.000
vn -0.000 -1.000 0.000
vn 0.000 -1.000 0.000
vn -0.001 -1.000 0.000
vn 0.000 -1.000 0.000
vn 0.000 -1.000 0.000
vn -0.001 1.000 -0.001
vn -0.000 1.000 -0.000
vn 0.000 1.000 -0.000
vn -0.001 1.000 -0.001
vn 0.000 1.000 -0.000
vn 0.000 1.000 0.000
vn -0.001 1.000 -0.001
vn 0.000 1.000 0.000
vn 0.000 1.000 -0.000
vn -0.001 1.000 -0.001
vn 0.000 1.000 -0.000
vn 0.000 1.000 -0.000
vn -0.001 1.000 -0.001
vn 0.000 1.000 -0.000
vn 0.000 1.000 0.000
vn -0.001 1.000 -0.001
vn 0.000 1.000 0.000
vn -0.000 1.000 -0.000
vn -0.001 -1.000 0.000
vn 0.000 -1.000 0.000
vn -0.000 -1.000 0.000
vn -0.001 -1.000 0.000
vn -0.000 -1.000 0.000
vn 0.000 -1.000 0.000
vn -0.001 1.000 -0.001
vn 0.019 1.000 0.000
vn 0.003 1.000 -0.003
vn -0.001 1.000 -0.001
vn 0.003 1.000 -0.003
vn -0.002 1.000 -0.003
vn -0.001 1.000 -0.001
vn -0.002 1.000 -0.003
vn -0.001 1.000 0.002
vn -0.001 1.000 -0.001
vn -0.001 1.000 0.002
vn 0.001 1.000 0.003
vn -0.001 -1.000 0.000
vn -0.015 -1.000 -0.000
vn -0.011 -1.000 -0.000
vn -0.001 -1.000 0.000
vn -0.011 -1.000 -0.000
vn 0.000 -1.000 -0.000
vn -0.001 -1.000 0.000
vn 0.000 -1.000 -0.000
vn 0.000 -1.000 -0.000
vn -0.001 1.000 -0.001
vn 0.000 1.000 -0.000
vn 0.000 1.000 0.000
vn -0.001 -1.000 0.000
vn 0.000 -1.000 -0.000
vn -0.000 -1.000 -0.000
vn -0.001 -1.000 0.000
vn -0.000 -1.000 -0.000
vn -0.000 -1.000 -0.000
vn -0.001 -1.000 0.000
vn -0.000 -1.000 -0.000
vn 0.000 -1.000 -0.000
vn -0.001 -1.000 0.000
vn 0.000 -1.000 -0.000
vn 0.000 -1.000 -0.000
vn -0.001 -1.000 0.000
vn 0.000 -1.000 -0.000
vn 0.000 -1.000 -0.000
vn -0.001 -1.000 0.000
vn 0.000 -1.000 -0.000
vn -0.000 -1.000 -0.000
vn -0.001 -1.000 0.000
vn -0.000 -1.000 -0.000
vn -0.000 -1.000 -0.000
vn -0.001 -1.000 0.000
vn -0.000 -1.000 -0.000
vn 0.000 -1.000 -0.000
vn -0.001 -1.000 0.000
vn 0.000 -1.000 -0.000
vn 0.000 -1.000 -0.000
vn -0.001 -1.000 0.000
vn 0.000 -1.000 -0.000
vn 0.000 -1.000 -0.000
vn -0.001 -1.000 0.000
vn 0.000 -1.000 -0.000
vn -0.000 -1.000 -0.000
vn -0.001 -1.000 0.000
vn -0.000 -1.000 -0.000
vn -0.000 -1.000 -0.000
vn -0.001 -1.000 0.000
vn -0.000 -1.000 -0.000
vn 0.000 -1.000 0.000
vn -0.001 -1.000 0.000
vn 0.000 -1.000 0.000
vn -0.000 -1.000 -0.000
vn -0.001 -1.000 0.000
vn -0.000 -1.000 -0.000
vn -0.000 -1.000 -0.000
vn -0.001 -1.000 0.000
vn -0.000 -1.000 -0.000
vn 0.000 -1.000 0.000
vn -0.001 1.000 -0.001
vn -0.000 1.000 -0.000
vn 0.000 1.000 0.000
vn -0.001 -1.000 0.000
vn -0.000 -1.000 -0.000
vn 0.000 -1.000 0.000
vn -0.001 -1.000 0.000
vn 0.000 -1.000 0.000
vn -0.000 -1.000 -0.000
vn -0.001 -1.000 0.000
vn -0.000 -1.000 -0.000
vn -0.000 -1.000 -0.000
vn -0.001 -1.000 0.000
vn -0.000 -1.000 -0.000
vn 0.000 -1.000 0.000
vn -0.001 1.000 -0.001
vn 0.000 1.000 0.000
vn 0.000 1.000 0.000
vn -0.001 -1.000 0.000
vn -0.000 -1.000 -0.000
vn 0.000 -1.000 0.000
vn -0.001 -1.000 0.000
vn 0.000 -1.000 0.000
vn 0.000 -1.000 0.000
vn -0.001 -1.000 0.000
vn 0.000 -1.000 0.000
vn -0.000 -1.000 -0.000
vn -0.001 -1.000 0.000
vn -0.000 -1.000 -0.000
vn 0.000 -1.000 0.000
vn -0.001 1.000 -0.001
vn -0.000 1.000 -0.000
vn 0.000 1.000 0.000
vn -0.001 1.000 -0.001
vn 0.000 1.000 0.000
vn -0.000 1.000 0.000
vn -0.001 1.000 -0.001
vn -0.000 1.000 0.000
vn 0.000 1.000 0.000
vn -0.001 1.000 -0.001
vn 0.000 1.000 0.000
vn 0.000 1.000 0.000
vn -0.001 -1.000 0.000
vn -0.000 -1.000 -0.000
vn 0.000 -1.000 0.000
vn -0.001 1.000 -0.001
vn 0.000 1.000 0.000
vn 0.000 1.000 0.000
vn -0.001 1.000 -0.001
vn 0.000 1.000 0.000
vn -0.000 1.000 -0.000
vn -0.001 1.000 -0.001
vn -0.000 1.000 -0.000
vn -0.000 1.000 -0.000
vn -0.001 1.000 -0.001
vn -0.000 1.000 -0.000
vn 0.000 1.000 0.000
vn -0.001 1.000 -0.001
vn 0.000 1.000 0.000
vn 0.000 1.000 0.000
vn -0.001 1.000 -0.001
vn 0.000 1.000 0.000
vn -0.000 1.000 0.000
vn -0.001 -1.000 0.000
vn 0.000 -1.000 0.000
vn -0.000 -1.000 -0.000
vn -0.001 -1.000 0.000
vn -0.000 -1.000 -0.000
vn -0.000 -1.000 -0.000
vn -0.001 -1.000 0.000
vn -0.000 -1.000 -0.000
vn 0.000 -1.000 0.000
vn -0.001 -1.000 0.000
vn 0.000 -1.000 0.000
vn 0.000 -1.000 0.000
vn -0.001 1.000 -0.001
vn -0.000 1.000 -0.000
vn 0.000 1.000 0.000
vn -0.001 -1.000 0.000
vn 0.000 -1.000 0.000
vn 0.000 -1.000 0.000
vn -0.001 -1.000 0.000
vn 0.000 -1.000 0.000
vn -0.000 -1.000 -0.000
vn -0.001 -1.000 0.000
vn -0.000 -1.000 -0.000
vn -0.000 -1.000 -0.000
vn -0.001 -1.000 0.000
vn -0.000 -1.000 -0.000
vn 0.000 -1.000 0.000
vn -0.001 1.000 -0.001
vn 0.000 1.000 0.000
vn 0.000 1.000 0.000
vn -0.001 1.000 -0.001
vn 0.000 1.000 0.000
vn -0.000 1.000 0.000
vn -0.001 1.000 -0.001
vn -0.000 1.000 0.000
vn -0.000 1.000 -0.000
vn -0.001 1.000 -0.001
vn -0.000 1.000 -0.000
vn -0.000 1.000 -0.000
vn -0.001 1.000 -0.001
vn -0.000 1.000 -0.000
vn 0.000 1.000 0.000
vn -0.001 1.000 -0.001
vn 0.000 1.000 0.000
vn 0.000 1.000 0.000
vn -0.001 1.000 -0.001
vn 0.000 1.000 0.000
vn -0.000 1.000 0.000
vn -0.001 1.000 -0.001
vn -0.000 1.000 0.000
vn -0.000 1.000 -0.000
vn -0.001 1.000 -0.001
vn -0.000 1.000 -0.000
vn -0.000 1.000 -0.000
vn -0.001 1.000 -0.001
vn -0.000 1.000 -0.000
vn 0.004 1.000 0.001
vn -0.001 1.000 -0.001
vn 0.004 1.000 0.001
vn 0.000 1.000 0.000
vn -0.001 1.000 -0.001
vn 0.000 1.000 0.000
vn 0.000 1.000 0.000
vn -0.001 1.000 -0.001
vn 0.000 1.000 0.000
vn -0.000 1.000 0.000
vn -0.001 1.000 -0.001
vn -0.000 1.000 0.000
vn -0.000 1.000 0.000
vn -0.001 1.000 -0.001
vn -0.000 1.000 0.000
vn 0.000 1.000 -0.000
vn -0.001 1.000 -0.001
vn 0.000 1.000 -0.000
vn 0.000 1.000 -0.000
vn -0.001 1.000 -0.001
vn 0.000 1.000 -0.000
vn 0.000 1.000 0.000
vn -0.001 1.000 -0.001
vn 0.000 1.000 0.000
vn 0.000 1.000 -0.000
vn -0.001 -1.000 0.000
vn -0.000 -1.000 -0.000
vn 0.000 -1.000 -0.000
vn -0.001 1.000 -0.001
vn -0.000 1.000 0.000
vn 0.000 1.000 -0.000
vn -0.001 -1.000 0.000
vn 0.000 -1.000 0.000
vn 0.000 -1.000 -0.000
vn -0.001 -1.000 0.000
vn 0.000 -1.000 -0.000
vn 0.000 -1.000 -0.000
vn -0.001 -1.000 0.000
vn 0.000 -1.000 -0.000
vn 0.000 -1.000 -0.000
vn -0.001 -1.000 0.000
vn 0.000 -1.000 -0.000
vn -0.000 -1.000 -0.000
vn -0.001 -1.000 0.000
vn -0.000 -1.000 -0.000
vn -0.000 -1.000 -0.000
vn -0.001 -1.000 0.000
vn -0.000 -1.000 -0.000
vn 0.000 -1.000 -0.000
vn -0.001 1.000 -0.001
vn 0.000 1.000 0.000
vn 0.000 1.000 0.000
vn -0.001 -1.000 0.000
vn -0.000 -1.000 -0.000
vn 0.000 -1.000 0.000
vn -0.001 -1.000 0.000
vn 0.000 -1.000 0.000
vn -0.000 -1.000 -0.000
vn -0.001 -1.000 0.000
vn -0.000 -1.000 -0.000
vn -0.000 -1.000 -0.000
vn -0.001 -1.000 0.000
vn -0.000 -1.000 -0.000
vn 0.000 -1.000 0.000
vn -0.001 1.000 -0.001
vn -0.000 1.000 -0.000
vn 0.000 1.000 0.000
vn -0.001 -1.000 0.000
vn -0.000 -1.000 -0.000
vn 0.000 -1.000 0.000
vn -0.001 -1.000 0.000
vn 0.000 -1.000 0.000
vn -0.000 -1.000 -0.000
vn -0.001 -1.000 0.000
vn -0.000 -1.000 -0.000
vn -0.000 -1.000 -0.000
vn -0.001 -1.000 0.000
vn -0.000 -1.000 -0.000
vn 0.000 -1.000 0.000
vn -0.001 1.000 -0.001
vn 0.000 1.000 0.000
vn 0.000 1.000 0.000
vn -0.001 -1.000 0.000
vn -0.000 -1.000 -0.000
vn -0.000 -1.000 -0.000
vn -0.001 1.000 -0.001
vn 0.000 1.000 0.000
vn -0.000 1.000 0.000
vn -0.001 1.000 -0.001
vn -0.000 1.000 0.000
vn 0.000 1.000 0.000
vn -0.001 1.000 -0.001
vn 0.000 1.000 0.000
vn 0.000 1.000 0.000
vn -0.001 1.000 -0.001
vn 0.000 1.000 0.000
vn -0.000 1.000 -0.000
vn -0.001 -1.000 0.000
vn 0.000 -1.000 0.000
vn -0.000 -1.000 -0.000
vn -0.001 -1.000 0.000
vn -0.000 -1.000 -0.000
vn -0.000 -1.000 -0.000
vn -0.001 -1.000 0.000
vn -0.000 -1.000 -0.000
vn 0.000 -1.000 0.000
vn -0.001 -1.000 0.000
vn 0.000 -1.000 0.000
vn 0.000 -1.000 0.000
vn -0.001 1.000 -0.001
vn 0.000 1.000 0.000
vn 0.000 1.000 0.000
vn -0.001 1.000 -0.001
vn 0.000 1.000 0.000
vn -0.000 1.000 -0.000
vn -0.001 -1.000 0.000
vn 0.000 -1.000 0.000
vn 0.000 -1.000 0.000
vn -0.001 1.000 -0.001
vn -0.000 1.000 -0.000
vn -0.000 1.000 -0.000
vn -0.001 1.000 -0.001
vn -0.000 1.000 -0.000
vn 0.000 1.000 0.000
vn -0.001 1.000 -0.001
vn 0.000 1.000 0.000
vn -0.000 1.000 -0.000
vn -0.001 1.000 -0.001
vn -0.000 1.000 -0.000
vn -0.000 1.000 -0.000
vn -0.001 -1.000 0.000
vn -0.000 -1.000 -0.000
vn -0.000 -1.000 -0.000
vn -0.001 -1.000 0.000
vn -0.000 -1.000 -0.000
vn 0.000 -1.000 -0.000
vn -0.001 -1.000 0.000
vn 0.000 -1.000 -0.000
vn -0.000 -1.000 -0.000
vn -0.001 -1.000 0.000
vn -0.000 -1.000 -0.000
vn -0.000 -1.000 -0.000
vn -0.001 1.000 -0.001
vn 0.000 1.000 0.000
vn -0.000 1.000 -0.000
vn -0.001 -1.000 0.000
vn 0.000 -1.000 0.000
vn 0.000 -1.000 0.000
vn -0.001 -1.000 0.000
vn 0.000 -1.000 0.000
vn -0.000 -1.000 -0.000
vn -0.001 -1.000 0.000
vn -0.000 -1.000 -0.000
vn -0.000 -1.000 -0.000
vn -0.001 -1.000 0.000
vn -0.000 -1.000 -0.000
vn 0.000 -1.000 0.000
vn -0.001 -1.000 0.000
vn 0.000 -1.000 0.000
vn 0.000 -1.000 0.000
vn -0.001 1.000 -0.001
vn 0.000 1.000 0.000
vn -0.000 1.000 -0.000
vn -0.001 -1.000 0.000
vn 0.000 -1.000 0.000
vn 0.000 -1.000 -0.000
vn -0.001 -1.000 0.000
vn 0.000 -1.000 -0.000
vn -0.000 -1.000 -0.000
vn -0.001 -1.000 0.000
vn -0.000 -1.000 -0.000
vn 0.000 -1.000 0.000
vn -0.001 -1.000 0.000
vn 0.000 -1.000 0.000
vn 0.000 -1.000 0.000
vn -0.001 1.000 -0.001
vn 0.000 1.000 0.000
vn -0.000 1.000 0.000
vn -0.001 1.000 -0.001
vn -0.000 1.000 0.000
vn -0.000 1.000 -0.000
vn -0.001 1.000 -0.001
vn -0.000 1.000 -0.000
vn -0.000 1.000 -0.000
vn -0.001 1.000 -0.001
vn -0.000 1.000 -0.000
vn -0.000 1.000 0.000
vn -0.001 -1.000 0.000
vn 0.000 -1.000 0.000
vn 0.000 -1.000 0.000
vn -0.001 1.000 -0.001
vn -0.000 1.000 -0.000
vn 0.000 1.000 0.000
vn -0.001 1.000 -0.001
vn 0.000 1.000 0.000
vn -0.000 1.000 0.000
vn -0.001 1.000 -0.001
vn -0.000 1.000 0.000
vn 0.000 1.000 0.000
vn -0.001 1.000 -0.001
vn 0.000 1.000 0.000
vn 0.000 1.000 0.000
vn -0.001 -1.000 0.000
vn -0.000 -1.000 -0.000
vn 0.000 -1.000 0.000
vn -0.001 1.000 -0.001
vn 0.000 1.000 0.000
vn 0.000 1.000 0.000
vn -0.001 -1.000 0.000
vn 0.000 -1.000 -0.000
vn 0.000 -1.000 -0.000
vn -0.001 -1.000 0.000
vn 0.000 -1.000 -0.000
vn -0.000 -1.000 -0.000
vn -0.001 -1.000 0.000
vn -0.000 -1.000 -0.000
vn -0.000 -1.000 -0.000
vn -0.001 -1.000 0.000
vn -0.000 -1.000 -0.000
vn 0.000 -1.000 0.000
vn -0.001 1.000 -0.001
vn -0.000 1.000 -0.000
vn -0.000 1.000 -0.000
vn -0.001 1.000 -0.001
vn -0.000 1.000 -0.000
vn -0.000 1.000 0.000
vn -0.001 1.000 -0.001
vn -0.000 1.000 0.000
vn -0.000 1.000 -0.000
vn -0.001 1.000 -0.001
vn -0.000 1.000 -0.000
vn -0.000 1.000 -0.000
vn -0.001 -1.000 0.000
vn 0.000 -1.000 -0.000
vn -0.000 -1.000 -0.000
vn -0.001 -1.000 0.000
vn -0.000 -1.000 -0.000
vn -0.000 -1.000 -0.000
vn -0.001 -1.000 0.000
vn -0.000 -1.000 -0.000
vn 0.000 -1.000 0.000
vn -0.001 1.000 -0.001
vn 0.000 1.000 0.000
vn -0.000 1.000 0.000
vn -0.001 1.000 -0.001
vn -0.000 1.000 0.000
vn 0.000 1.000 0.000
vn -0.001 1.000 -0.001
vn 0.000 1.000 0.000
vn 0.000 1.000 0.000
vn -0.001 -1.000 0.000
vn -0.000 -1.000 -0.000
vn -0.000 -1.000 -0.000
vn -0.001 -1.000 0.000
vn -0.000 -1.000 -0.000
vn -0.000 -1.000 -0.000
vn -0.001 -1.000 0.000
vn -0.000 -1.000 -0.000
vn -0.000 -1.000 0.000
vn -0.001 -1.000 0.000
vn -0.000 -1.000 0.000
vn 0.000 -1.000 0.000
vn -0.001 -1.000 0.000
vn 0.000 -1.000 0.000
vn 0.000 -1.000 0.000
vn -0.001 1.000 -0.001
vn -0.000 1.000 0.000
vn -0.000 1.000 -0.000
vn -0.001 1.000 -0.001
vn -0.000 1.000 -0.000
vn 0.000 1.000 0.000
vn -0.001 -1.000 0.000
vn 0.000 -1.000 0.000
vn -0.000 -1.000 0.000
vn -0.001 -1.000 0.000
vn -0.000 -1.000 0.000
vn 0.000 -1.000 0.000
vn -0.001 -1.000 0.000
vn 0.000 -1.000 0.000
vn 0.000 -1.000 -0.000
vn -0.001 -1.000 0.000
vn 0.000 -1.000 -0.000
vn 0.000 -1.000 -0.000
vn -0.001 1.000 -0.001
vn -0.000 1.000 0.000
vn -0.000 1.000 0.000
vn -0.001 -1.000 0.000
vn 0.000 -1.000 -0.000
vn 0.000 -1.000 0.000
vn -0.001 1.000 -0.001
vn 0.000 1.000 0.000
vn 0.000 1.000 0.000
vn -0.001 1.000 -0.001
vn 0.000 1.000 0.000
vn -0.000 1.000 0.000
vn -0.001 1.000 -0.001
vn -0.000 1.000 0.000
vn -0.000 1.000 -0.000
vn -0.001 1.000 -0.001
vn -0.000 1.000 -0.000
vn 0.000 1.000 -0.000
vn -0.001 -1.000 0.000
vn 0.000 -1.000 -0.000
vn 0.000 -1.000 0.000
vn -0.001 -1.000 0.000
vn 0.000 -1.000 0.000
vn 0.000 -1.000 0.000
vn -0.001 -1.000 0.000
vn 0.000 -1.000 0.000
vn 0.000 -1.000 0.000
vn -0.001 1.000 -0.001
vn -0.000 1.000 0.000
vn 0.000 1.000 -0.000
vn -0.001 1.000 -0.001
vn 0.000 1.000 -0.000
vn 0.000 1.000 0.000
vn -0.001 -1.000 0.000
vn 0.000 -1.000 0.000
vn 0.000 -1.000 0.000
vn -0.001 -1.000 0.000
vn 0.000 -1.000 0.000
vn 0.000 -1.000 0.000
vn -0.001 -1.000 0.000
vn 0.000 -1.000 0.000
vn 0.000 -1.000 -0.000
vn -0.001 1.000 -0.001
vn -0.000 1.000 0.000
vn -0.000 1.000 0.000
vn -0.001 1.000 -0.001
vn -0.000 1.000 0.000
vn -0.000 1.000 0.000
vn -0.001 -1.000 0.000
vn 0.000 -1.000 0.000
vn 0.000 -1.000 0.000
vn -0.001 -1.000 0.000
vn 0.000 -1.000 0.000
vn 0.000 -1.000 0.000
vn -0.001 -1.000 0.000
vn 0.000 -1.000 0.000
vn -0.000 -1.000 0.000
vn -0.001 -1.000 0.000
vn -0.000 -1.000 0.000
vn -0.000 -1.000 0.000
vn -0.001 1.000 -0.001
vn -0.000 1.000 0.000
vn -0.000 1.000 0.000
vn -0.001 -1.000 0.000
vn 0.000 -1.000 0.000
vn 0.000 -1.000 0.000
vn -0.001 -1.000 0.000
vn 0.000 -1.000 0.000
vn 0.000 -1.000 0.000
vn -0.001 -1.000 0.000
vn 0.000 -1.000 0.000
vn -0.000 -1.000 0.000
vn -0.001 -1.000 0.000
vn -0.000 -1.000 0.000
vn -0.000 -1.000 0.000
vn -0.001 1.000 -0.001
vn -0.000 1.000 0.000
vn -0.000 1.000 0.000
vn -0.001 -1.000 0.000
vn -0.000 -1.000 0.000
vn 0.000 -1.000 0.000
vn -0.001 -1.000 0.000
vn 0.000 -1.000 0.000
vn 0.000 -1.000 0.000
vn -0.001 -1.000 0.000
vn 0.000 -1.000 0.000
vn -0.000 -1.000 0.000
vn -0.001 -1.000 0.000
vn -0.000 -1.000 0.000
vn 0.000 -1.000 0.000
vn -0.001 -1.000 0.000
vn 0.000 -1.000 0.000
vn 0.000 -1.000 0.000
vn -0.001 -1.000 0.000
vn 0.000 -1.000 0.000
vn 0.000 -1.000 0.000
vn -0.001 1.000 -0.001
vn 0.000 1.000 0.000
vn -0.000 1.000 -0.000
vn -0.001 -1.000 0.000
vn 0.000 -1.000 0.000
vn 0.000 -1.000 0.000
vn -0.001 -1.000 0.000
vn 0.000 -1.000 0.000
vn -0.000 -1.000 0.000
vn -0.001 -1.000 0.000
vn -0.000 -1.000 0.000
vn -0.000 -1.000 0.000
vn -0.001 -1.000 0.000
vn -0.000 -1.000 0.000
vn -0.000 -1.000 -0.000
vn -0.001 1.000 -0.001
vn 0.000 1.000 0.000
vn 0.000 1.000 -0.000
vn -0.001 1.000 -0.001
vn 0.000 1.000 -0.000
vn 0.000 1.000 0.000
vn -0.001 1.000 -0.001
vn 0.000 1.000 0.000
vn 0.000 1.000 0.000
vn -0.001 1.000 -0.001
vn 0.000 1.000 0.000
vn -0.000 1.000 -0.000
vn -0.001 1.000 -0.001
vn -0.000 1.000 -0.000
vn -0.000 1.000 -0.000
vn -0.001 1.000 -0.001
vn -0.000 1.000 -0.000
vn 0.000 1.000 0.000
vn -0.001 -1.000 0.000
vn -0.000 -1.000 -0.000
vn -0.000 -1.000 0.000
vn -0.001 -1.000 0.000
vn -0.000 -1.000 0.000
vn -0.000 -1.000 0.000
vn -0.001 -1.000 0.000
vn -0.000 -1.000 0.000
vn 0.000 -1.000 0.000
vn -0.001 -1.000 0.000
vn 0.000 -1.000 0.000
vn 0.000 -1.000 -0.000
vn -0.001 -1.000 0.000
vn 0.000 -1.000 -0.000
vn 0.000 -1.000 -0.000
vn -0.001 -1.000 0.000
vn 0.000 -1.000 -0.000
vn -0.000 -1.000 0.000
vn 0.004 1.000 0.001
vn -0.000 1.000 -0.000
vn 0.000 1.000 0.000
vn 0.004 1.000 0.001
vn 0.000 1.000 0.000
vn 0.000 1.000 0.000
vn 0.001 -1.000 -0.002
vn 0.000 -1.000 0.000
vn -0.000 -1.000 -0.000
vn 0.004 1.000 0.001
vn -0.000 1.000 -0.000
vn -0.000 1.000 0.000
vn 0.004 1.000 0.001
vn -0.000 1.000 0.000
vn -0.000 1.000 0.000
vn 0.004 1.000 0.001
vn -0.000 1.000 0.000
vn -0.000 1.000 0.000
vn 0.004 1.000 0.001
vn -0.000 1.000 0.000
vn 0.000 1.000 0.000
vn 0.004 1.000 0.001
vn 0.000 1.000 0.000
vn 0.000 1.000 0.000
vn 0.004 1.000 0.001
vn 0.000 1.000 0.000
vn 0.000 1.000 0.000
vn 0.004 1.000 0.001
vn 0.000 1.000 0.000
vn -0.000 1.000 0.000
vn 0.004 1.000 0.001
vn -0.000 1.000 0.000
vn -0.000 1.000 0.000
vn 0.004 1.000 0.001
vn -0.000 1.000 0.000
vn 0.000 1.000 0.000
vn 0.004 1.000 0.001
vn 0.000 1.000 0.000
vn 0.000 1.000 0.000
vn 0.004 1.000 0.001
vn 0.000 1.000 0.000
vn 0.000 1.000 0.000
vn 0.004 1.000 0.001
vn 0.000 1.000 0.000
vn -0.000 1.000 0.000
vn 0.001 -1.000 -0.002
vn -0.000 -1.000 0.000
vn -0.000 -1.000 -0.000
vn 0.004 1.000 0.001
vn 0.000 1.000 0.000
vn 0.000 1.000 0.000
vn 0.004 1.000 0.001
vn 0.000 1.000 0.000
vn 0.000 1.000 0.000
vn 0.004 1.000 0.001
vn 0.000 1.000 0.000
vn 0.000 1.000 0.000
vn 0.004 1.000 0.001
vn 0.000 1.000 0.000
vn -0.000 1.000 0.000
vn 0.001 -1.000 -0.002
vn -0.000 -1.000 0.000
vn -0.000 -1.000 -0.000
vn 0.001 -1.000 -0.002
vn -0.000 -1.000 -0.000
vn -0.011 -1.000 -0.000
vn 0.001 -1.000 -0.002
vn -0.011 -1.000 -0.000
vn -0.015 -1.000 -0.000
vn 0.004 1.000 0.001
vn 0.001 1.000 0.003
vn 0.003 1.000 -0.003
vn 0.004 1.000 0.001
vn 0.003 1.000 -0.003
vn 0.019 1.000 0.000
vn 0.001 -1.000 -0.002
vn 0.000 -1.000 0.000
vn -0.000 -1.000 0.000
vn 0.001 -1.000 -0.002
vn -0.000 -1.000 0.000
vn -0.000 -1.000 -0.000
vn 0.004 1.000 0.001
vn 0.000 1.000 0.000
vn 0.000 1.000 -0.000
vn 0.001 -1.000 -0.002
vn -0.000 -1.000 0.000
vn -0.000 -1.000 0.000
vn 0.001 -1.000 -0.002
vn -0.000 -1.000 0.000
vn 0.000 -1.000 0.000
vn 0.001 -1.000 -0.002
vn 0.000 -1.000 0.000
vn 0.000 -1.000 0.000
vn 0.001 -1.000 -0.002
vn 0.000 -1.000 0.000
vn 0.000 -1.000 0.000
vn 0.004 1.000 0.001
vn -0.000 1.000 -0.000
vn 0.000 1.000 -0.000
vn 0.004 1.000 0.001
vn 0.000 1.000 -0.000
vn 0.000 1.000 0.000
vn 0.004 1.000 0.001
vn 0.000 1.000 0.000
vn -0.000 1.000 -0.000
vn 0.004 1.000 0.001
vn -0.000 1.000 -0.000
vn 0.000 1.000 0.000
vn 0.001 -1.000 -0.002
vn 0.000 -1.000 0.000
vn 0.000 -1.000 0.000
vn 0.004 1.000 0.001
vn -0.000 1.000 -0.000
vn -0.000 1.000 -0.000
vn 0.001 -1.000 -0.002
vn -0.000 -1.000 0.000
vn -0.000 -1.000 -0.000
vn 0.001 -1.000 -0.002
vn -0.000 -1.000 -0.000
vn 0.000 -1.000 0.000
vn 0.001 -1.000 -0.002
vn 0.000 -1.000 0.000
vn 0.000 -1.000 0.000
vn 0.001 -1.000 -0.002
vn 0.000 -1.000 0.000
vn 0.000 -1.000 0.000
vn 0.004 1.000 0.001
vn -0.000 1.000 -0.000
vn -0.000 1.000 -0.000
vn 0.001 -1.000 -0.002
vn 0.000 -1.000 0.000
vn 0.000 -1.000 0.000
vn 0.001 -1.000 -0.002
vn 0.000 -1.000 0.000
vn 0.000 -1.000 0.000
vn 0.001 -1.000 -0.002
vn 0.000 -1.000 0.000
vn 0.000 -1.000 0.000
vn 0.001 -1.000 -0.002
vn 0.000 -1.000 0.000
vn -0.000 -1.000 -0.000
vn 0.004 1.000 0.001
vn -0.000 1.000 -0.000
vn 0.000 1.000 -0.000
vn 0.004 1.000 0.001
vn 0.000 1.000 -0.000
vn 0.000 1.000 0.000
vn 0.004 1.000 0.001
vn 0.000 1.000 0.000
vn -0.000 1.000 -0.000
vn 0.004 1.000 0.001
vn -0.000 1.000 -0.000
vn 0.000 1.000 0.000
vn 0.001 -1.000 -0.002
vn 0.000 -1.000 0.000
vn -0.000 -1.000 -0.000
vn 0.004 1.000 0.001
vn -0.000 1.000 -0.000
vn 0.000 1.000 -0.000
vn 0.001 -1.000 -0.002
vn -0.000 -1.000 -0.000
vn -0.000 -1.000 0.000
vn 0.001 -1.000 -0.002
vn -0.000 -1.000 0.000
vn -0.000 -1.000 0.000
vn 0.001 -1.000 -0.002
vn -0.000 -1.000 0.000
vn -0.000 -1.000 0.000
vn 0.004 1.000 0.001
vn 0.000 1.000 0.000
vn 0.000 1.000 -0.000
vn 0.004 1.000 0.001
vn 0.000 1.000 -0.000
vn 0.000 1.000 -0.000
vn 0.004 1.000 0.001
vn 0.000 1.000 -0.000
vn 0.000 1.000 0.000
vn 0.001 -1.000 -0.002
vn -0.000 -1.000 0.000
vn -0.000 -1.000 0.000
vn 0.001 -1.000 -0.002
vn -0.000 -1.000 0.000
vn 0.000 -1.000 0.000
vn 0.001 -1.000 -0.002
vn 0.000 -1.000 0.000
vn 0.000 -1.000 -0.000
vn 0.001 -1.000 -0.002
vn 0.000 -1.000 -0.000
vn 0.000 -1.000 -0.000
vn 0.001 -1.000 -0.002
vn 0.000 -1.000 -0.000
vn 0.000 -1.000 -0.000
vn 0.004 1.000 0.001
vn -0.000 1.000 0.000
vn -0.000 1.000 0.000
vn 0.004 1.000 0.001
vn -0.000 1.000 0.000
vn -0.000 1.000 0.000
vn 0.004 1.000 0.001
vn -0.000 1.000 0.000
vn 0.000 1.000 -0.000
vn 0.001 -1.000 -0.002
vn 0.000 -1.000 0.000
vn -0.000 -1.000 0.000
vn 0.001 -1.000 -0.002
vn -0.000 -1.000 0.000
vn 0.000 -1.000 -0.000
vn 0.001 -1.000 -0.002
vn 0.000 -1.000 -0.000
vn 0.000 -1.000 -0.000
vn 0.001 -1.000 -0.002
vn 0.000 -1.000 -0.000
vn 0.000 -1.000 -0.000
vn 0.004 1.000 0.001
vn -0.000 1.000 0.000
vn -0.000 1.000 0.000
vn 0.004 1.000 0.001
vn -0.000 1.000 0.000
vn -0.000 1.000 0.000
vn 0.004 1.000 0.001
vn -0.000 1.000 0.000
vn 0.000 1.000 -0.000
vn 0.001 -1.000 -0.002
vn 0.000 -1.000 0.000
vn 0.000 -1.000 0.000
vn 0.001 -1.000 -0.002
vn 0.000 -1.000 0.000
vn 0.000 -1.000 -0.000
vn 0.001 -1.000 -0.002
vn 0.000 -1.000 -0.000
vn 0.000 -1.000 -0.000
vn 0.001 -1.000 -0.002
vn 0.000 -1.000 -0.000
vn 0.000 -1.000 -0.000
vn 0.004 1.000 0.001
vn -0.000 1.000 0.000
vn -0.000 1.000 0.000
vn 0.001 -1.000 -0.002
vn 0.000 -1.000 -0.000
vn -0.000 -1.000 0.000
vn -1.000 -0.000 -0.000
vn -1.000 -0.000 0.001
vn -1.000 -0.000 -0.000
vn -1.000 -0.000 -0.000
vn -1.000 -0.000 -0.000
vn -1.000 0.000 -0.000
vn 0.000 0.000 -1.000
vn -0.000 0.000 -1.000
vn 0.000 0.000 -1.000
vn 0.000 0.000 -1.000
vn 0.000 0.000 -1.000
vn 0.000 -0.000 -1.000
vn -0.932 -0.000 0.361
vn -0.932 0.000 0.362
vn -1.000 -0.000 0.001
vn -0.932 -0.000 0.361
vn -1.000 -0.000 0.001
vn -1.000 -0.000 -0.000
vn 0.932 0.000 0.361
vn 0.932 -0.000 0.362
vn 1.000 0.000 0.001
vn 0.932 0.000 0.361
vn 1.000 0.000 0.001
vn 1.000 0.000 -0.000
vn -0.001 -1.000 0.002
vn 0.002 -1.000 0.002
vn 0.000 -0.932 0.361
vn -0.001 -1.000 0.002
vn 0.000 -0.932 0.361
vn -0.000 -0.932 0.362
vn 0.001 1.000 0.003
vn -0.001 1.000 0.002
vn -0.000 0.932 0.362
vn 0.001 1.000 0.003
vn -0.000 0.932 0.362
vn 0.000 0.932 0.362
vn 0.000 -1.000 0.000
vn -0.000 -1.000 0.000
vn -0.000 -1.000 -0.000
vn -0.000 -1.000 0.000
vn -0.000 -1.000 -0.000
vn 0.000 -1.000 0.000
vn 0.006 -1.000 -0.000
vn -0.000 -1.000 0.000
vn 0.000 -1.000 0.000
vn 0.006 -1.000 -0.000
vn 0.000 -1.000 0.000
vn 0.000 -1.000 -0.000
vn 0.006 -1.000 -0.000
vn 0.000 -1.000 -0.000
vn 0.000 -1.000 -0.000
vn 0.006 -1.000 -0.000
vn 0.000 -1.000 -0.000
vn 0.000 -1.000 -0.000
vn 0.006 -1.000 -0.000
vn 0.000 -1.000 -0.000
vn 0.000 -1.000 0.000
vn 0.006 -1.000 -0.000
vn 0.000 -1.000 0.000
vn -0.000 -1.000 -0.000
vn 0.006 -1.000 -0.000
vn -0.000 -1.000 -0.000
vn 0.000 -1.000 0.000
vn 0.006 -1.000 -0.000
vn 0.000 -1.000 0.000
vn 0.000 -1.000 0.000
vn 0.006 -1.000 -0.000
vn 0.000 -1.000 0.000
vn 0.000 -1.000 0.000
vn 0.006 -1.000 -0.000
vn 0.000 -1.000 0.000
vn -0.000 -1.000 -0.000
vn 0.006 -1.000 -0.000
vn -0.000 -1.000 -0.000
vn 0.000 -1.000 0.000
vn 0.006 -1.000 -0.000
vn 0.000 -1.000 0.000
vn 0.000 -1.000 0.000
vn 0.000 1.000 -0.000
vn 0.000 1.000 0.000
vn -0.000 1.000 -0.000
vn 0.000 1.000 -0.000
vn -0.000 1.000 -0.000
vn -0.000 1.000 -0.000
vn 0.000 1.000 -0.000
vn -0.000 1.000 -0.000
vn 0.000 1.000 -0.000
vn 0.000 1.000 -0.000
vn 0.000 1.000 -0.000
vn 0.000 1.000 0.000
vn 0.000 1.000 -0.000
vn 0.000 1.000 0.000
vn 0.000 1.000 0.000
vn 0.000 1.000 -0.000
vn 0.000 1.000 0.000
vn -0.000 1.000 -0.000
vn 0.000 1.000 -0.000
vn -0.000 1.000 -0.000
vn -0.000 1.000 -0.000
vn 0.000 1.000 -0.000
vn -0.000 1.000 -0.000
vn 0.000 1.000 -0.000
vn 0.000 1.000 -0.000
vn 0.000 1.000 -0.000
vn 0.000 1.000 -0.000
vn 0.000 1.000 -0.000
vn 0.000 1.000 -0.000
vn 0.000 1.000 0.000
vn 0.000 1.000 -0.000
vn 0.000 1.000 0.000
vn -0.000 1.000 0.000
vn 0.000 1.000 -0.000
vn -0.000 1.000 0.000
vn -0.000 1.000 0.000
vn 0.000 1.000 -0.000
vn -0.000 1.000 0.000
vn 0.000 1.000 -0.000
vn 0.006 -1.000 -0.000
vn 0.000 -1.000 0.000
vn 0.000 -1.000 0.000
vn 0.006 -1.000 -0.000
vn 0.000 -1.000 0.000
vn 0.000 -1.000 0.000
vn 0.006 -1.000 -0.000
vn 0.000 -1.000 0.000
vn 0.000 -1.000 0.000
vn 0.006 -1.000 -0.000
vn 0.000 -1.000 0.000
vn -0.001 -1.000 -0.000
vn 0.006 -1.000 -0.000
vn -0.001 -1.000 -0.000
vn -0.000 -1.000 0.000
vn 0.006 -1.000 -0.000
vn -0.000 -1.000 0.000
vn 0.000 -1.000 0.000
vn 0.006 -1.000 -0.000
vn 0.000 -1.000 0.000
vn 0.000 -1.000 0.000
vn 0.006 -1.000 -0.000
vn 0.000 -1.000 0.000
vn 0.000 -1.000 0.000
vn 0.006 -1.000 -0.000
vn 0.000 -1.000 0.000
vn -0.000 -1.000 0.000
vn 0.006 -1.000 -0.000
vn -0.000 -1.000 0.000
vn -0.000 -1.000 0.000
vn 0.006 -1.000 -0.000
vn -0.000 -1.000 0.000
vn 0.000 -1.000 0.000
vn 0.006 -1.000 -0.000
vn 0.000 -1.000 0.000
vn 0.000 -1.000 0.000
vn 0.000 1.000 -0.000
vn 0.000 1.000 0.000
vn 0.000 1.000 0.000
vn 0.000 1.000 -0.000
vn 0.000 1.000 0.000
vn 0.000 1.000 -0.000
vn 0.006 -1.000 -0.000
vn 0.019 -1.000 -0.000
vn 0.005 -1.000 -0.005
vn 0.006 -1.000 -0.000
vn 0.005 -1.000 -0.005
vn 0.002 -1.000 0.002
vn 0.006 -1.000 -0.000
vn 0.002 -1.000 0.002
vn 0.042 -0.999 -0.021
vn 0.000 1.000 -0.000
vn -0.017 1.000 0.004
vn 0.000 1.000 0.000
vn 0.000 1.000 -0.000
vn 0.000 1.000 0.000
vn 0.000 1.000 -0.000
vn 0.006 -1.000 -0.000
vn 0.000 -1.000 -0.000
vn 0.000 -1.000 -0.000
vn 0.000 1.000 -0.000
vn 0.000 1.000 0.000
vn 0.000 1.000 -0.000
vn 0.000 1.000 -0.000
vn 0.000 1.000 -0.000
vn 0.000 1.000 0.000
vn 0.000 1.000 -0.000
vn 0.000 1.000 0.000
vn -0.000 1.000 0.000
vn 0.000 1.000 -0.000
vn -0.000 1.000 0.000
vn 0.000 1.000 -0.000
vn 0.000 1.000 -0.000
vn 0.000 1.000 -0.000
vn 0.000 1.000 -0.000
vn 0.006 -1.000 -0.000
vn 0.000 -1.000 -0.000
vn 0.000 -1.000 -0.000
vn 0.006 -1.000 -0.000
vn 0.000 -1.000 -0.000
vn -0.000 -1.000 0.000
vn 0.006 -1.000 -0.000
vn -0.000 -1.000 0.000
vn -0.000 -1.000 0.000
vn 0.006 -1.000 -0.000
vn -0.000 -1.000 0.000
vn 0.000 -1.000 -0.000
vn 0.006 -1.000 -0.000
vn 0.000 -1.000 -0.000
vn 0.000 -1.000 -0.000
vn 0.006 -1.000 -0.000
vn 0.000 -1.000 -0.000
vn 0.000 -1.000 -0.000
vn 0.000 1.000 -0.000
vn 0.000 1.000 0.000
vn 0.000 1.000 0.000
vn 0.000 1.000 -0.000
vn 0.000 1.000 0.000
vn 0.000 1.000 0.000
vn 0.000 1.000 -0.000
vn 0.000 1.000 0.000
vn 0.000 1.000 0.000
vn 0.000 1.000 -0.000
vn 0.000 1.000 0.000
vn 0.000 1.000 0.000
vn 0.006 -1.000 -0.000
vn 0.000 -1.000 0.000
vn -0.000 -1.000 -0.000
vn 0.006 -1.000 -0.000
vn -0.000 -1.000 -0.000
vn -0.000 -1.000 0.000
vn 0.000 1.000 -0.000
vn 0.000 1.000 0.000
vn 0.000 1.000 0.000
vn 0.000 1.000 -0.000
vn 0.000 1.000 0.000
vn 0.000 1.000 0.000
vn 0.000 1.000 -0.000
vn 0.000 1.000 0.000
vn 0.000 1.000 -0.000
vn 0.000 1.000 -0.000
vn 0.000 1.000 -0.000
vn 0.000 1.000 -0.000
vn 0.006 -1.000 -0.000
vn -0.000 -1.000 -0.000
vn -0.000 -1.000 0.000
vn 0.006 -1.000 -0.000
vn -0.000 -1.000 0.000
vn 0.000 -1.000 0.000
vn 0.006 -1.000 -0.000
vn 0.000 -1.000 0.000
vn 0.000 -1.000 0.000
vn 0.000 1.000 -0.000
vn 0.000 1.000 0.000
vn 0.000 1.000 -0.000
vn 0.000 1.000 -0.000
vn 0.000 1.000 -0.000
vn -0.000 1.000 -0.000
vn 0.000 1.000 -0.000
vn -0.000 1.000 -0.000
vn -0.000 1.000 -0.000
vn 0.000 -1.000 0.000
vn 0.000 -1.000 0.000
vn 0.000 -1.000 -0.000
vn -0.001 -1.000 -0.000
vn 0.000 -1.000 0.000
vn 0.000 -1.000 0.000
vn -0.001 -1.000 -0.000
vn 0.000 -1.000 0.000
vn 0.000 -1.000 0.000
vn -0.001 1.000 0.000
vn 0.000 1.000 0.000
vn 0.000 1.000 -0.000
vn -0.001 1.000 0.000
vn 0.000 1.000 -0.000
vn 0.000 1.000 0.000
vn -0.001 1.000 0.000
vn 0.000 1.000 0.000
vn 0.000 1.000 0.000
vn -0.001 -1.000 -0.000
vn -0.000 -1.000 -0.000
vn -0.000 -1.000 0.000
vn -0.001 -1.000 -0.000
vn -0.000 -1.000 0.000
vn 0.000 -1.000 0.000
vn -0.001 1.000 0.000
vn 0.000 1.000 0.000
vn 0.000 1.000 -0.000
vn -0.001 1.000 0.000
vn 0.000 1.000 -0.000
vn 0.000 1.000 0.000
vn -0.001 1.000 0.000
vn 0.000 1.000 0.000
vn 0.000 1.000 0.000
vn -0.001 -1.000 -0.000
vn -0.000 -1.000 -0.000
vn -0.000 -1.000 0.000
vn -0.001 -1.000 -0.000
vn -0.000 -1.000 0.000
vn 0.000 -1.000 0.000
vn -0.001 1.000 0.000
vn 0.000 1.000 0.000
vn 0.000 1.000 -0.000
vn -0.001 1.000 0.000
vn 0.000 1.000 -0.000
vn 0.000 1.000 0.000
vn -0.001 1.000 0.000
vn 0.000 1.000 0.000
vn 0.000 1.000 0.000
vn -0.001 -1.000 -0.000
vn -0.000 -1.000 -0.000
vn 0.000 -1.000 0.000
vn -0.001 -1.000 -0.000
vn 0.000 -1.000 0.000
vn 0.000 -1.000 -0.000
vn -0.001 1.000 0.000
vn -0.000 1.000 0.000
vn -0.000 1.000 0.000
vn -0.001 1.000 0.000
vn -0.000 1.000 0.000
vn 0.000 1.000 0.000
vn -0.001 1.000 0.000
vn 0.000 1.000 0.000
vn -0.000 1.000 -0.000
vn -0.001 1.000 0.000
vn -0.000 1.000 -0.000
vn -0.000 1.000 -0.000
vn -0.001 -1.000 -0.000
vn 0.000 -1.000 0.000
vn 0.000 -1.000 0.000
vn -0.001 -1.000 -0.000
vn 0.000 -1.000 0.000
vn -0.000 -1.000 -0.000
vn -0.001 -1.000 -0.000
vn -0.000 -1.000 -0.000
vn -0.000 -1.000 -0.000
vn -0.001 1.000 0.000
vn 0.000 1.000 0.000
vn 0.000 1.000 0.000
vn -0.001 1.000 0.000
vn 0.000 1.000 0.000
vn 0.000 1.000 0.000
vn -0.001 -1.000 -0.000
vn 0.000 -1.000 0.000
vn -0.000 -1.000 -0.000
vn -0.001 -1.000 -0.000
vn -0.000 -1.000 -0.000
vn -0.000 -1.000 -0.000
vn -0.001 -1.000 -0.000
vn -0.000 -1.000 -0.000
vn -0.000 -1.000 -0.000
vn -0.001 1.000 0.000
vn 0.000 1.000 0.000
vn 0.000 1.000 0.000
vn -0.001 1.000 0.000
vn 0.000 1.000 0.000
vn 0.000 1.000 0.000
vn -0.001 -1.000 -0.000
vn 0.000 -1.000 0.000
vn -0.000 -1.000 -0.000
vn -0.001 -1.000 -0.000
vn -0.000 -1.000 -0.000
vn -0.000 -1.000 -0.000
vn -0.001 -1.000 -0.000
vn -0.000 -1.000 -0.000
vn -0.000 -1.000 -0.000
vn -0.001 1.000 0.000
vn 0.000 1.000 0.000
vn 0.000 1.000 0.000
vn -0.001 1.000 0.000
vn 0.000 1.000 0.000
vn 0.000 1.000 0.000
vn -0.001 1.000 0.000
vn 0.000 1.000 0.000
vn 0.000 1.000 -0.000
vn -0.001 -1.000 -0.000
vn 0.000 -1.000 0.000
vn 0.000 -1.000 0.000
vn -0.001 1.000 0.000
vn -0.000 1.000 -0.000
vn -0.000 1.000 -0.000
vn -0.001 -1.000 -0.000
vn -0.000 -1.000 0.000
vn 0.000 -1.000 0.000
vn -0.001 -1.000 -0.000
vn 0.000 -1.000 0.000
vn 0.000 -1.000 0.000
vn -0.001 -1.000 -0.000
vn 0.000 -1.000 0.000
vn 0.000 -1.000 0.000
vn -0.001 1.000 0.000
vn -0.000 1.000 -0.000
vn -0.000 1.000 -0.000
vn -0.001 -1.000 -0.000
vn -0.000 -1.000 0.000
vn 0.000 -1.000 0.000
vn -0.001 -1.000 -0.000
vn 0.000 -1.000 0.000
vn 0.000 -1.000 0.000
vn -0.001 -1.000 -0.000
vn 0.000 -1.000 0.000
vn 0.000 -1.000 0.000
vn -0.001 1.000 0.000
vn -0.000 1.000 -0.000
vn -0.000 1.000 -0.000
vn -0.001 1.000 0.000
vn -0.000 1.000 -0.000
vn 0.000 1.000 0.000
vn -0.001 1.000 0.000
vn 0.000 1.000 0.000
vn 0.000 1.000 0.000
vn -0.001 1.000 0.000
vn 0.000 1.000 0.000
vn 0.000 1.000 0.000
vn -0.001 1.000 0.000
vn 0.000 1.000 0.000
vn 0.000 1.000 0.000
vn -0.001 -1.000 -0.000
vn -0.000 -1.000 -0.000
vn -0.000 -1.000 -0.000
vn -0.001 1.000 0.000
vn -0.000 1.000 -0.000
vn -0.000 1.000 -0.000
vn -0.001 1.000 0.000
vn -0.000 1.000 -0.000
vn 0.000 1.000 0.000
vn -0.001 1.000 0.000
vn 0.000 1.000 0.000
vn 0.000 1.000 0.000
vn -0.001 1.000 0.000
vn 0.000 1.000 0.000
vn 0.000 1.000 0.000
vn -0.001 1.000 0.000
vn 0.000 1.000 0.000
vn 0.000 1.000 0.000
vn -0.001 -1.000 -0.000
vn -0.000 -1.000 -0.000
vn -0.000 -1.000 -0.000
vn -0.001 1.000 0.000
vn -0.000 1.000 -0.000
vn -0.000 1.000 -0.000
vn -0.001 1.000 0.000
vn -0.000 1.000 -0.000
vn 0.000 1.000 0.000
vn -0.001 1.000 0.000
vn 0.000 1.000 0.000
vn 0.000 1.000 0.000
vn -0.001 1.000 0.000
vn 0.000 1.000 0.000
vn 0.000 1.000 0.000
vn -0.001 -1.000 -0.000
vn 0.000 -1.000 -0.000
vn 0.000 -1.000 0.000
vn -0.001 1.000 0.000
vn -0.000 1.000 -0.000
vn 0.000 1.000 -0.000
vn -0.001 -1.000 -0.000
vn 0.000 -1.000 0.000
vn -0.000 -1.000 0.000
vn -0.001 -1.000 -0.000
vn -0.000 -1.000 0.000
vn 0.000 -1.000 0.000
vn -0.001 -1.000 -0.000
vn 0.000 -1.000 0.000
vn 0.000 -1.000 0.000
vn -0.001 -1.000 -0.000
vn 0.000 -1.000 0.000
vn 0.000 -1.000 0.000
vn -0.001 1.000 0.000
vn -0.000 1.000 -0.000
vn 0.000 1.000 -0.000
vn -0.001 -1.000 -0.000
vn 0.000 -1.000 0.000
vn -0.000 -1.000 0.000
vn -0.001 -1.000 -0.000
vn -0.000 -1.000 0.000
vn 0.000 -1.000 0.000
vn -0.001 -1.000 -0.000
vn 0.000 -1.000 0.000
vn 0.000 -1.000 0.000
vn -0.001 -1.000 -0.000
vn 0.000 -1.000 0.000
vn 0.000 -1.000 0.000
vn -0.001 1.000 0.000
vn -0.000 1.000 -0.000
vn 0.000 1.000 -0.000
vn -0.001 -1.000 -0.000
vn 0.000 -1.000 0.000
vn -0.000 -1.000 0.000
vn -0.001 -1.000 -0.000
vn -0.000 -1.000 0.000
vn 0.000 -1.000 0.000
vn -0.001 -1.000 -0.000
vn 0.000 -1.000 0.000
vn -0.000 -1.000 0.000
vn -0.001 -1.000 -0.000
vn -0.000 -1.000 0.000
vn 0.000 -1.000 0.000
vn -0.001 1.000 0.000
vn 0.000 1.000 0.000
vn 0.000 1.000 0.000
vn -0.001 -1.000 -0.000
vn 0.000 -1.000 0.000
vn -0.000 -1.000 -0.000
vn -0.001 -1.000 -0.000
vn -0.000 -1.000 -0.000
vn -0.000 -1.000 0.000
vn -0.001 -1.000 -0.000
vn -0.000 -1.000 0.000
vn 0.000 -1.000 0.000
vn -0.001 -1.000 -0.000
vn 0.000 -1.000 0.000
vn 0.000 -1.000 0.000
vn -0.001 -1.000 -0.000
vn 0.000 -1.000 0.000
vn 0.000 -1.000 0.000
vn -0.001 1.000 0.000
vn -0.000 1.000 -0.000
vn -0.000 1.000 -0.000
vn -0.001 -1.000 -0.000
vn 0.000 -1.000 0.000
vn 0.000 -1.000 0.000
vn -0.001 -1.000 -0.000
vn 0.000 -1.000 0.000
vn 0.000 -1.000 0.000
vn -0.001 -1.000 -0.000
vn 0.000 -1.000 0.000
vn -0.000 -1.000 -0.000
vn -0.001 -1.000 -0.000
vn -0.000 -1.000 -0.000
vn -0.000 -1.000 -0.000
vn -0.001 -1.000 -0.000
vn -0.000 -1.000 -0.000
vn 0.000 -1.000 0.000
vn -0.001 -1.000 -0.000
vn 0.000 -1.000 0.000
vn 0.000 -1.000 0.000
vn -0.001 -1.000 -0.000
vn 0.000 -1.000 0.000
vn 0.000 -1.000 0.000
vn -0.001 -1.000 -0.000
vn 0.000 -1.000 0.000
vn 0.000 -1.000 0.000
vn -0.001 1.000 0.000
vn 0.000 1.000 0.000
vn 0.000 1.000 0.000
vn -0.001 1.000 0.000
vn 0.000 1.000 0.000
vn 0.000 1.000 0.000
vn -0.001 1.000 0.000
vn 0.000 1.000 0.000
vn -0.000 1.000 -0.000
vn -0.001 1.000 0.000
vn -0.000 1.000 -0.000
vn 0.000 1.000 -0.000
vn -0.001 1.000 0.000
vn 0.000 1.000 -0.000
vn 0.000 1.000 0.000
vn -0.001 -1.000 -0.000
vn -0.000 -1.000 -0.000
vn 0.000 -1.000 0.000
vn -0.001 1.000 0.000
vn -0.000 1.000 -0.000
vn -0.000 1.000 -0.000
vn -0.001 1.000 0.000
vn -0.000 1.000 -0.000
vn 0.000 1.000 0.000
vn -0.001 1.000 0.000
vn 0.000 1.000 0.000
vn 0.000 1.000 0.000
vn -0.001 1.000 0.000
vn 0.000 1.000 0.000
vn 0.000 1.000 0.000
vn -0.001 1.000 0.000
vn 0.000 1.000 0.000
vn 0.000 1.000 -0.000
vn -0.001 -1.000 -0.000
vn 0.000 -1.000 -0.000
vn 0.000 -1.000 0.000
vn -0.001 1.000 0.000
vn -0.000 1.000 -0.000
vn 0.000 1.000 -0.000
vn -0.001 1.000 0.000
vn 0.000 1.000 -0.000
vn 0.000 1.000 0.000
vn -0.001 1.000 0.000
vn 0.000 1.000 0.000
vn 0.000 1.000 0.000
vn -0.001 1.000 0.000
vn 0.000 1.000 0.000
vn 0.000 1.000 0.000
vn -0.001 -1.000 -0.000
vn 0.000 -1.000 0.000
vn 0.000 -1.000 0.000
vn -0.001 1.000 0.000
vn -0.000 1.000 -0.000
vn -0.000 1.000 -0.000
vn -0.001 1.000 0.000
vn -0.000 1.000 -0.000
vn 0.000 1.000 0.000
vn -0.001 1.000 0.000
vn 0.000 1.000 0.000
vn 0.000 1.000 0.000
vn -0.001 1.000 0.000
vn 0.000 1.000 0.000
vn 0.000 1.000 0.000
vn -0.001 1.000 0.000
vn 0.000 1.000 0.000
vn 0.000 1.000 0.000
vn -0.001 -1.000 -0.000
vn -0.000 -1.000 -0.000
vn -0.000 -1.000 -0.000
vn -0.001 1.000 0.000
vn 0.000 1.000 0.000
vn 0.000 1.000 0.000
vn -0.001 1.000 0.000
vn 0.000 1.000 0.000
vn 0.000 1.000 0.000
vn -0.001 1.000 0.000
vn 0.000 1.000 0.000
vn 0.000 1.000 0.000
vn -0.001 1.000 0.000
vn 0.000 1.000 0.000
vn 0.000 1.000 0.000
vn -0.001 -1.000 -0.000
vn 0.000 -1.000 0.000
vn 0.000 -1.000 -0.000
vn -0.001 1.000 0.000
vn 0.000 1.000 0.000
vn 0.000 1.000 0.000
vn -0.001 1.000 0.000
vn 0.000 1.000 0.000
vn -0.000 1.000 -0.000
vn -0.001 1.000 0.000
vn -0.000 1.000 -0.000
vn -0.000 1.000 -0.000
vn -0.001 1.000 0.000
vn -0.000 1.000 -0.000
vn 0.000 1.000 0.000
vn -0.001 -1.000 -0.000
vn -0.000 -1.000 -0.000
vn -0.000 -1.000 0.000
vn -0.001 1.000 0.000
vn -0.000 1.000 -0.000
vn 0.000 1.000 -0.000
vn -0.001 1.000 0.000
vn 0.000 1.000 -0.000
vn 0.000 1.000 0.000
vn -0.001 1.000 0.000
vn 0.000 1.000 0.000
vn 0.000 1.000 0.000
vn -0.001 1.000 0.000
vn 0.000 1.000 0.000
vn 0.000 1.000 0.000
vn -0.001 -1.000 -0.000
vn -0.000 -1.000 -0.000
vn -0.000 -1.000 0.000
vn -0.001 1.000 0.000
vn -0.000 1.000 -0.000
vn 0.000 1.000 -0.000
vn -0.001 1.000 0.000
vn 0.000 1.000 -0.000
vn 0.000 1.000 0.000
vn -0.001 1.000 0.000
vn 0.000 1.000 0.000
vn 0.000 1.000 0.000
vn -0.001 1.000 0.000
vn 0.000 1.000 0.000
vn -0.000 1.000 -0.000
vn -0.001 1.000 0.000
vn -0.000 1.000 -0.000
vn -0.000 1.000 -0.000
vn -0.001 1.000 0.000
vn -0.000 1.000 -0.000
vn 0.000 1.000 0.000
vn -0.001 1.000 0.000
vn 0.000 1.000 0.000
vn 0.000 1.000 0.000
vn -0.001 1.000 0.000
vn 0.000 1.000 0.000
vn 0.000 1.000 0.000
vn -0.001 1.000 0.000
vn 0.000 1.000 0.000
vn -0.000 1.000 -0.000
vn -0.001 1.000 0.000
vn -0.000 1.000 -0.000
vn -0.000 1.000 -0.000
vn -0.001 1.000 0.000
vn -0.000 1.000 -0.000
vn 0.000 1.000 -0.000
vn -0.001 1.000 0.000
vn 0.000 1.000 -0.000
vn 0.000 1.000 -0.000
vn -0.001 1.000 0.000
vn 0.000 1.000 -0.000
vn 0.000 1.000 0.000
vn -0.001 1.000 0.000
vn 0.000 1.000 0.000
vn 0.000 1.000 0.000
vn -0.001 1.000 0.000
vn 0.000 1.000 0.000
vn 0.000 1.000 0.000
vn -0.001 -1.000 -0.000
vn 0.000 -1.000 0.000
vn 0.000 -1.000 0.000
vn -0.001 -1.000 -0.000
vn 0.000 -1.000 0.000
vn 0.000 -1.000 0.000
vn -0.001 -1.000 -0.000
vn 0.000 -1.000 0.000
vn -0.000 -1.000 0.000
vn -0.001 -1.000 -0.000
vn -0.000 -1.000 0.000
vn -0.000 -1.000 0.000
vn -0.001 -1.000 -0.000
vn -0.000 -1.000 0.000
vn 0.000 -1.000 0.000
vn -0.001 -1.000 -0.000
vn 0.000 -1.000 0.000
vn 0.000 -1.000 0.000
vn -0.001 -1.000 -0.000
vn 0.000 -1.000 0.000
vn 0.000 -1.000 0.000
vn -0.001 -1.000 -0.000
vn 0.000 -1.000 0.000
vn -0.000 -1.000 -0.000
vn -0.001 -1.000 -0.000
vn -0.000 -1.000 -0.000
vn -0.000 -1.000 -0.000
vn -0.001 -1.000 -0.000
vn -0.000 -1.000 -0.000
vn 0.000 -1.000 0.000
vn -0.001 -1.000 -0.000
vn 0.000 -1.000 0.000
vn 0.000 -1.000 0.000
vn -0.001 -1.000 -0.000
vn 0.000 -1.000 0.000
vn 0.000 -1.000 0.000
vn -0.001 -1.000 -0.000
vn 0.000 -1.000 0.000
vn 0.000 -1.000 0.000
vn -0.001 1.000 0.000
vn -0.000 1.000 -0.000
vn 0.000 1.000 -0.000
vn -0.001 -1.000 -0.000
vn 0.000 -1.000 0.000
vn -0.000 -1.000 0.000
vn -0.001 -1.000 -0.000
vn -0.000 -1.000 0.000
vn 0.000 -1.000 0.000
vn -0.001 -1.000 -0.000
vn 0.000 -1.000 0.000
vn 0.000 -1.000 0.000
vn -0.001 -1.000 -0.000
vn 0.000 -1.000 0.000
vn 0.000 -1.000 0.000
vn -0.001 1.000 0.000
vn -0.000 1.000 -0.000
vn 0.000 1.000 -0.000
vn -0.001 -1.000 -0.000
vn 0.000 -1.000 0.000
vn -0.000 -1.000 0.000
vn -0.001 -1.000 -0.000
vn -0.000 -1.000 0.000
vn 0.000 -1.000 0.000
vn -0.001 -1.000 -0.000
vn 0.000 -1.000 0.000
vn -0.000 -1.000 0.000
vn -0.001 -1.000 -0.000
vn -0.000 -1.000 0.000
vn 0.000 -1.000 0.000
vn -0.001 1.000 0.000
vn 0.000 1.000 -0.000
vn 0.000 1.000 0.000
vn -0.001 -1.000 -0.000
vn 0.000 -1.000 0.000
vn -0.000 -1.000 -0.000
vn -0.001 -1.000 -0.000
vn -0.000 -1.000 -0.000
vn -0.000 -1.000 -0.000
vn -0.001 1.000 0.000
vn -0.000 1.000 -0.000
vn -0.000 1.000 -0.000
vn -0.001 1.000 0.000
vn -0.000 1.000 -0.000
vn 0.000 1.000 0.000
vn -0.001 1.000 0.000
vn 0.000 1.000 0.000
vn 0.000 1.000 0.000
vn -0.001 1.000 0.000
vn 0.000 1.000 0.000
vn -0.000 1.000 -0.000
vn -0.001 1.000 0.000
vn -0.000 1.000 -0.000
vn -0.000 1.000 -0.000
vn -0.001 -1.000 -0.000
vn -0.000 -1.000 -0.000
vn 0.000 -1.000 0.000
vn -0.001 1.000 0.000
vn -0.000 1.000 -0.000
vn 0.000 1.000 -0.000
vn -0.001 1.000 0.000
vn 0.000 1.000 -0.000
vn 0.000 1.000 0.000
vn -0.001 1.000 0.000
vn 0.000 1.000 0.000
vn 0.000 1.000 0.000
vn -0.001 1.000 0.000
vn 0.000 1.000 0.000
vn -0.000 1.000 -0.000
vn -0.001 1.000 0.000
vn -0.000 1.000 -0.000
vn -0.000 1.000 -0.000
vn -0.001 -1.000 -0.000
vn -0.000 -1.000 -0.000
vn 0.000 -1.000 0.000
vn -0.001 1.000 0.000
vn -0.000 1.000 -0.000
vn 0.000 1.000 -0.000
vn -0.001 1.000 0.000
vn 0.000 1.000 -0.000
vn 0.000 1.000 0.000
vn -0.001 1.000 0.000
vn 0.000 1.000 0.000
vn 0.000 1.000 0.000
vn -0.001 1.000 0.000
vn 0.000 1.000 0.000
vn 0.000 1.000 0.000
vn -0.001 -1.000 -0.000
vn 0.000 -1.000 0.000
vn 0.000 -1.000 0.000
vn -0.001 1.000 0.000
vn 0.000 1.000 0.000
vn -0.000 1.000 -0.000
vn -0.001 -1.000 -0.000
vn -0.000 -1.000 -0.000
vn 0.000 -1.000 0.000
vn -0.001 -1.000 -0.000
vn 0.000 -1.000 0.000
vn 0.000 -1.000 0.000
vn -0.001 -1.000 -0.000
vn 0.000 -1.000 0.000
vn 0.000 -1.000 0.000
vn -0.001 -1.000 -0.000
vn 0.000 -1.000 0.000
vn -0.000 -1.000 -0.000
vn -0.001 -1.000 -0.000
vn -0.000 -1.000 -0.000
vn -0.000 -1.000 -0.000
vn -0.001 -1.000 -0.000
vn -0.000 -1.000 -0.000
vn 0.000 -1.000 0.000
vn -0.001 -1.000 -0.000
vn 0.000 -1.000 0.000
vn 0.000 -1.000 0.000
vn -0.001 -1.000 -0.000
vn 0.000 -1.000 0.000
vn 0.000 -1.000 0.000
vn -0.001 -1.000 -0.000
vn 0.000 -1.000 0.000
vn -0.000 -1.000 -0.000
vn -0.001 -1.000 -0.000
vn -0.000 -1.000 -0.000
vn -0.000 -1.000 -0.000
vn -0.001 -1.000 -0.000
vn -0.000 -1.000 -0.000
vn 0.000 -1.000 0.000
vn -0.001 -1.000 -0.000
vn 0.000 -1.000 0.000
vn 0.000 -1.000 0.000
vn -0.001 -1.000 -0.000
vn 0.000 -1.000 0.000
vn 0.000 -1.000 0.000
vn -0.001 -1.000 -0.000
vn 0.000 -1.000 0.000
vn 0.000 -1.000 0.000
vn -0.001 1.000 0.000
vn -0.000 1.000 -0.000
vn -0.000 1.000 -0.000
vn -0.001 -1.000 -0.000
vn 0.000 -1.000 0.000
vn -0.000 -1.000 -0.000
vn -0.001 -1.000 -0.000
vn -0.000 -1.000 -0.000
vn 0.000 -1.000 -0.000
vn -0.001 -1.000 -0.000
vn 0.000 -1.000 -0.000
vn -0.000 -1.000 0.000
vn -0.001 1.000 0.000
vn 0.000 1.000 0.000
vn 0.000 1.000 0.000
vn -0.001 -1.000 -0.000
vn -0.000 -1.000 -0.000
vn -0.000 -1.000 0.000
vn -0.001 1.000 0.000
vn -0.000 1.000 -0.000
vn 0.000 1.000 -0.000
vn -0.001 1.000 0.000
vn 0.000 1.000 -0.000
vn 0.000 1.000 0.000
vn -0.001 1.000 0.000
vn 0.000 1.000 0.000
vn 0.000 1.000 0.000
vn -0.001 1.000 0.000
vn 0.000 1.000 0.000
vn 0.000 1.000 0.000
vn -0.001 -1.000 -0.000
vn -0.000 -1.000 -0.000
vn -0.000 -1.000 0.000
vn -0.001 1.000 0.000
vn -0.000 1.000 -0.000
vn 0.000 1.000 -0.000
vn -0.001 1.000 0.000
vn 0.000 1.000 -0.000
vn 0.000 1.000 0.000
vn -0.001 1.000 0.000
vn 0.000 1.000 0.000
vn 0.000 1.000 0.000
vn -0.001 1.000 0.000
vn 0.000 1.000 0.000
vn 0.000 1.000 0.000
vn -0.001 -1.000 -0.000
vn -0.000 -1.000 -0.000
vn -0.000 -1.000 0.000
vn -0.001 1.000 0.000
vn -0.000 1.000 -0.000
vn 0.000 1.000 -0.000
vn -0.001 1.000 0.000
vn 0.000 1.000 -0.000
vn 0.000 1.000 0.000
vn -0.001 1.000 0.000
vn 0.000 1.000 0.000
vn 0.000 1.000 0.000
vn -0.001 1.000 0.000
vn 0.000 1.000 0.000
vn -0.000 1.000 -0.000
vn -0.001 1.000 0.000
vn -0.000 1.000 -0.000
vn -0.000 1.000 -0.000
vn -0.001 1.000 0.000
vn -0.000 1.000 -0.000
vn 0.000 1.000 -0.000
vn -0.001 1.000 0.000
vn 0.000 1.000 -0.000
vn 0.000 1.000 -0.000
vn -0.001 1.000 0.000
vn 0.000 1.000 -0.000
vn 0.000 1.000 0.000
vn -0.001 -1.000 -0.000
vn 0.000 -1.000 0.000
vn 0.000 -1.000 -0.000
vn -0.001 -1.000 -0.000
vn 0.000 -1.000 -0.000
vn -0.000 -1.000 0.000
vn -0.001 -1.000 -0.000
vn -0.000 -1.000 0.000
vn -0.000 -1.000 0.000
vn -0.001 1.000 0.000
vn 0.000 1.000 -0.000
vn 0.000 1.000 -0.000
vn -0.001 1.000 0.000
vn 0.000 1.000 -0.000
vn 0.000 1.000 0.000
vn -0.001 -1.000 -0.000
vn 0.000 -1.000 0.000
vn 0.000 -1.000 0.000
vn -0.001 1.000 0.000
vn 0.000 1.000 0.000
vn 0.000 1.000 0.000
vn -0.001 1.000 0.000
vn 0.000 1.000 0.000
vn -0.000 1.000 0.000
vn -0.001 1.000 0.000
vn -0.000 1.000 0.000
vn -0.000 1.000 -0.000
vn -0.001 1.000 0.000
vn -0.000 1.000 -0.000
vn 0.000 1.000 -0.000
vn -0.001 -1.000 -0.000
vn -0.000 -1.000 0.000
vn 0.000 -1.000 -0.000
vn -0.001 1.000 0.000
vn 0.000 1.000 -0.000
vn 0.000 1.000 0.000
vn -0.001 -1.000 -0.000
vn 0.000 -1.000 0.000
vn 0.000 -1.000 0.000
vn -0.001 -1.000 -0.000
vn 0.000 -1.000 0.000
vn 0.000 -1.000 -0.000
vn -0.001 -1.000 -0.000
vn 0.000 -1.000 -0.000
vn 0.000 -1.000 0.000
vn -0.001 -1.000 -0.000
vn 0.000 -1.000 0.000
vn 0.000 -1.000 0.000
vn -0.001 1.000 0.000
vn 0.000 1.000 0.000
vn 0.000 1.000 0.000
vn -0.001 1.000 0.000
vn 0.000 1.000 0.000
vn 0.000 1.000 0.000
vn -0.001 1.000 0.000
vn 0.000 1.000 0.000
vn -0.017 1.000 0.004
vn -0.001 1.000 0.000
vn -0.017 1.000 0.004
vn -0.022 1.000 0.006
vn -0.001 -1.000 -0.000
vn 0.002 -1.000 0.002
vn -0.001 -1.000 0.002
vn -0.001 -1.000 -0.000
vn -0.001 -1.000 0.002
vn -0.002 -1.000 -0.003
vn -0.001 -1.000 -0.000
vn -0.002 -1.000 -0.003
vn 0.005 -1.000 -0.005
vn -0.001 -1.000 -0.000
vn 0.005 -1.000 -0.005
vn 0.019 -1.000 -0.000
vn -0.001 1.000 0.000
vn 0.000 1.000 -0.000
vn 0.000 1.000 0.000
vn -0.001 -1.000 -0.000
vn 0.000 -1.000 0.000
vn 0.000 -1.000 0.000
vn -0.001 -1.000 -0.000
vn 0.000 -1.000 0.000
vn -0.000 -1.000 0.000
vn 0.000 0.000 0.000
vn 0.000 0.000 0.000
vn 0.000 0.000 0.000
vn -0.001 1.000 0.000
vn 0.000 1.000 0.000
vn 0.000 1.000 0.000
vn -0.001 1.000 0.000
vn 0.000 1.000 0.000
vn 0.000 1.000 0.000
vn -0.001 1.000 0.000
vn 0.000 1.000 0.000
vn 0.000 1.000 0.000
vn 0.000 -1.000 0.000
vn 0.000 -1.000 0.000
vn 0.000 -1.000 0.000
vn 0.000 1.000 -0.000
vn 0.000 1.000 -0.000
vn 0.000 1.000 -0.000
vn 0.000 -1.000 -0.000
vn 0.000 -1.000 -0.000
vn 0.000 -1.000 0.000
vn 0.000 -1.000 -0.000
vn 0.000 -1.000 0.000
vn 0.000 -1.000 0.000
vn 0.000 -1.000 -0.000
vn 0.000 -1.000 0.000
vn 0.000 -1.000 0.000
vn 0.000 -1.000 -0.000
vn 0.000 -1.000 0.000
vn 0.000 -1.000 0.000
vn 0.000 -1.000 -0.000
vn 0.000 -1.000 0.000
vn 0.000 -1.000 0.000
vn 0.000 -1.000 -0.000
vn 0.000 -1.000 0.000
vn -0.000 -1.000 -0.000
vn 0.000 -1.000 -0.000
vn -0.000 -1.000 -0.000
vn -0.000 -1.000 -0.000
vn 0.000 -1.000 -0.000
vn -0.000 -1.000 -0.000
vn 0.000 -1.000 0.000
vn 0.000 -1.000 -0.000
vn 0.000 -1.000 0.000
vn -0.000 -1.000 0.000
vn 0.000 -1.000 -0.000
vn -0.000 -1.000 0.000
vn -0.000 -1.000 -0.000
vn 0.000 -1.000 -0.000
vn -0.000 -1.000 -0.000
vn 0.000 -1.000 0.000
vn 0.000 -1.000 -0.000
vn 0.000 -1.000 0.000
vn -0.000 -1.000 0.000
vn 0.000 -1.000 -0.000
vn -0.000 -1.000 0.000
vn -0.000 -1.000 0.000
vn 0.000 -1.000 -0.000
vn -0.000 -1.000 0.000
vn 0.000 -1.000 -0.000
vn 0.000 -1.000 -0.000
vn 0.000 -1.000 -0.000
vn -0.000 -1.000 -0.000
vn 0.000 -1.000 -0.000
vn -0.000 -1.000 -0.000
vn -0.000 -1.000 0.000
vn 0.000 -1.000 -0.000
vn -0.000 -1.000 0.000
vn 0.000 -1.000 0.000
vn 0.000 1.000 -0.000
vn 0.000 1.000 -0.000
vn 0.000 1.000 -0.000
vn 0.000 -1.000 -0.000
vn 0.000 -1.000 0.000
vn -0.000 -1.000 0.000
vn 0.000 -1.000 -0.000
vn -0.000 -1.000 0.000
vn 0.000 -1.000 -0.000
vn 0.000 -1.000 -0.000
vn 0.000 -1.000 -0.000
vn -0.000 -1.000 -0.000
vn 0.000 -1.000 -0.000
vn -0.000 -1.000 -0.000
vn 0.000 -1.000 -0.000
vn 0.000 -1.000 -0.000
vn 0.000 -1.000 -0.000
vn 0.000 -1.000 -0.000
vn 0.000 -1.000 -0.000
vn 0.000 -1.000 -0.000
vn -0.000 -1.000 -0.000
vn 0.000 -1.000 -0.000
vn -0.000 -1.000 -0.000
vn 0.000 -1.000 -0.000
vn 0.000 1.000 -0.000
vn 0.000 1.000 0.000
vn 0.000 1.000 0.000
vn 0.000 1.000 -0.000
vn 0.000 1.000 0.000
vn -0.000 1.000 0.000
vn 0.000 1.000 -0.000
vn -0.000 1.000 0.000
vn -0.000 1.000 -0.000
vn 0.000 -1.000 -0.000
vn 0.000 -1.000 0.000
vn 0.000 -1.000 0.000
vn 0.000 -1.000 -0.000
vn 0.000 -1.000 0.000
vn 0.000 -1.000 0.000
vn 0.000 1.000 -0.000
vn 0.000 1.000 0.000
vn 0.000 1.000 0.000
vn 0.000 -1.000 -0.000
vn -0.000 -1.000 -0.000
vn 0.000 -1.000 0.000
vn 0.000 -1.000 -0.000
vn 0.000 -1.000 0.000
vn -0.000 -1.000 -0.000
vn 0.000 -1.000 -0.000
vn -0.000 -1.000 -0.000
vn -0.000 -1.000 -0.000
vn 0.000 -1.000 -0.000
vn -0.000 -1.000 -0.000
vn 0.000 -1.000 0.000
vn 0.000 -1.000 -0.000
vn 0.000 -1.000 0.000
vn -0.000 -1.000 0.000
vn 0.000 -1.000 -0.000
vn -0.000 -1.000 0.000
vn -0.000 -1.000 0.000
vn -0.487 0.000 0.874
vn -0.487 0.000 0.874
vn -0.487 0.000 0.874
vn -0.487 0.000 0.874
vn -0.487 0.000 0.874
vn -0.487 0.000 0.874
vn -0.994 0.001 0.107
vn -0.950 0.000 0.312
vn -0.951 0.001 0.310
vn -0.994 0.001 0.107
vn -0.951 0.001 0.310
vn -0.994 0.001 -0.108
vn -0.951 0.000 -0.308
vn -0.994 0.001 0.107
vn -0.994 0.001 -0.108
vn -0.951 0.000 -0.308
vn -0.994 0.001 -0.108
vn -0.952 0.000 -0.307
vn -0.482 0.001 -0.876
vn -0.487 0.000 -0.874
vn -0.482 0.001 -0.876
vn -0.482 0.001 -0.876
vn -0.482 0.001 -0.876
vn -0.478 0.002 -0.878
vn 0.249 -0.002 -0.969
vn 0.243 -0.003 -0.970
vn 0.249 -0.002 -0.969
vn 0.249 -0.002 -0.969
vn 0.249 -0.002 -0.969
vn 0.255 0.000 -0.967
vn 0.904 0.000 -0.428
vn 0.904 0.000 -0.428
vn 0.904 0.000 -0.428
vn 0.904 0.000 -0.428
vn 0.904 0.000 -0.428
vn 0.904 0.000 -0.428
vn 0.904 0.000 0.428
vn 0.904 0.000 0.428
vn 0.904 0.000 0.428
vn 0.904 0.000 0.428
vn 0.904 0.000 0.428
vn 0.904 0.000 0.428
vn 0.243 0.000 0.970
vn 0.243 0.000 0.970
vn 0.243 0.000 0.970
vn 0.243 0.000 0.970
vn 0.243 0.000 0.970
vn 0.243 0.000 0.970
vn -0.515 0.000 0.857
vn -0.693 -0.001 0.721
vn -0.164 -0.001 0.986
vn -0.515 0.000 0.857
vn -0.164 -0.001 0.986
vn -0.032 -0.001 1.000
vn -0.974 0.001 0.226
vn -0.974 0.001 0.226
vn -0.693 -0.001 0.721
vn -0.974 0.001 0.226
vn -0.693 -0.001 0.721
vn -0.515 0.000 0.857
vn -0.984 0.002 -0.179
vn -0.974 0.001 0.226
vn -0.974 0.001 0.226
vn -0.984 0.002 -0.179
vn -0.974 0.001 0.226
vn -0.923 0.000 -0.385
vn -0.642 0.000 -0.767
vn -0.984 0.002 -0.179
vn -0.923 0.000 -0.385
vn -0.642 0.000 -0.767
vn -0.923 0.000 -0.385
vn -0.478 0.000 -0.878
vn -0.158 0.000 -0.987
vn -0.642 0.000 -0.767
vn -0.478 0.000 -0.878
vn -0.158 0.000 -0.987
vn -0.478 0.000 -0.878
vn -0.037 0.000 -0.999
vn 0.343 0.000 -0.939
vn -0.158 0.000 -0.987
vn -0.037 0.000 -0.999
vn 0.343 0.000 -0.939
vn -0.037 0.000 -0.999
vn 0.538 0.000 -0.843
vn 0.670 0.000 -0.742
vn 0.343 0.000 -0.939
vn 0.538 0.000 -0.843
vn 0.670 0.000 -0.742
vn 0.538 0.000 -0.843
vn 0.670 0.000 -0.742
vn 0.999 0.000 -0.049
vn 0.999 0.000 -0.049
vn 0.999 0.000 -0.049
vn 0.999 0.000 -0.049
vn 0.999 0.000 -0.049
vn 0.999 0.000 -0.049
vn 0.570 0.000 0.822
vn 0.352 -0.001 0.936
vn 0.717 0.000 0.697
vn 0.570 0.000 0.822
vn 0.717 0.000 0.697
vn 0.717 0.000 0.697
vn -0.032 -0.001 1.000
vn -0.164 -0.001 0.986
vn 0.352 -0.001 0.936
vn -0.032 -0.001 1.000
vn 0.352 -0.001 0.936
vn 0.570 0.000 0.822
vn -0.487 0.000 0.874
vn -0.487 0.000 0.874
vn -0.487 0.000 0.874
vn -0.487 0.000 0.874
vn -0.487 0.000 0.874
vn -0.487 0.000 0.874
vn -0.997 0.000 0.083
vn -0.961 0.000 0.276
vn -0.961 0.000 0.276
vn -0.997 0.000 0.083
vn -0.961 0.000 0.276
vn -0.991 0.000 -0.130
vn -0.941 0.000 -0.338
vn -0.997 0.000 0.083
vn -0.991 0.000 -0.130
vn -0.941 0.000 -0.338
vn -0.991 0.000 -0.130
vn -0.941 0.000 -0.338
vn -0.208 0.000 -0.978
vn -0.458 0.000 -0.889
vn -0.458 0.000 -0.889
vn -0.208 0.000 -0.978
vn -0.458 0.000 -0.889
vn 0.024 0.000 -1.000
vn 0.211 0.000 -0.977
vn -0.208 0.000 -0.978
vn 0.024 0.000 -1.000
vn 0.211 0.000 -0.977
vn 0.024 0.000 -1.000
vn 0.211 0.000 -0.977
vn 0.889 0.000 -0.458
vn 0.889 0.000 -0.458
vn 0.889 0.000 -0.458
vn 0.889 0.000 -0.458
vn 0.889 0.000 -0.458
vn 0.889 0.000 -0.458
vn 0.917 0.000 0.398
vn 0.917 0.000 0.398
vn 0.917 0.000 0.398
vn 0.917 0.000 0.398
vn 0.917 0.000 0.398
vn 0.917 0.000 0.398
vn 0.243 0.000 0.970
vn 0.243 0.000 0.970
vn 0.243 0.000 0.970
vn 0.243 0.000 0.970
vn 0.243 0.000 0.970
vn 0.243 0.000 0.970
vn -0.621 0.000 0.784
vn -0.621 0.000 0.784
vn -0.621 0.000 0.784
vn -0.621 0.000 0.784
vn -0.621 0.000 0.784
vn -0.621 0.000 0.784
vn -0.982 0.000 -0.188
vn -1.000 0.000 -0.017
vn -1.000 0.000 -0.017
vn -0.982 0.000 -0.188
vn -1.000 0.000 -0.017
vn -0.910 0.000 -0.416
vn -0.625 0.000 -0.781
vn -0.982 0.000 -0.188
vn -0.910 0.000 -0.416
vn -0.625 0.000 -0.781
vn -0.910 0.000 -0.416
vn -0.460 0.000 -0.888
vn -0.153 0.000 -0.988
vn -0.625 0.000 -0.781
vn -0.460 0.000 -0.888
vn -0.153 0.000 -0.988
vn -0.460 0.000 -0.888
vn -0.044 0.000 -0.999
vn 0.368 0.000 -0.930
vn -0.153 0.000 -0.988
vn -0.044 0.000 -0.999
vn 0.368 0.000 -0.930
vn -0.044 0.000 -0.999
vn 0.540 0.000 -0.842
vn 0.645 0.000 -0.764
vn 0.368 0.000 -0.930
vn 0.540 0.000 -0.842
vn 0.645 0.000 -0.764
vn 0.540 0.000 -0.842
vn 0.645 0.000 -0.764
vn 0.994 0.000 -0.113
vn 0.994 0.000 -0.113
vn 0.994 0.000 -0.113
vn 0.994 0.000 -0.113
vn 0.994 0.000 -0.113
vn 0.994 0.000 -0.113
vn 0.740 0.000 0.673
vn 0.740 0.000 0.673
vn 0.740 0.000 0.673
vn 0.740 0.000 0.673
vn 0.740 0.000 0.673
vn 0.740 0.000 0.673
vn 0.083 0.000 0.997
vn 0.083 0.000 0.997
vn 0.083 0.000 0.997
vn 0.083 0.000 0.997
vn 0.083 0.000 0.997
vn 0.083 0.000 0.997
vn -0.510 -0.001 0.860
vn -0.506 0.000 0.862
vn -0.510 -0.001 0.860
vn -0.510 -0.001 0.860
vn -0.510 -0.001 0.860
vn -0.515 -0.002 0.857
vn -0.998 0.000 0.060
vn -0.970 0.000 0.244
vn -0.970 0.000 0.244
vn -0.998 0.000 0.060
vn -0.970 0.000 0.244
vn -0.988 0.000 -0.153
vn -0.819 0.000 -0.574
vn -0.998 0.000 0.060
vn -0.988 0.000 -0.153
vn -0.819 0.000 -0.574
vn -0.988 0.000 -0.153
vn -0.652 -0.000 -0.758
vn -0.209 -0.000 -0.978
vn -0.819 0.000 -0.574
vn -0.652 -0.000 -0.758
vn -0.209 -0.000 -0.978
vn -0.652 -0.000 -0.758
vn 0.024 0.000 -1.000
vn 0.212 0.000 -0.977
vn -0.209 -0.000 -0.978
vn 0.024 0.000 -1.000
vn 0.212 0.000 -0.977
vn 0.024 0.000 -1.000
vn 0.212 0.000 -0.977
vn 0.874 0.000 -0.486
vn 0.874 0.000 -0.486
vn 0.874 0.000 -0.486
vn 0.874 0.000 -0.486
vn 0.874 0.000 -0.486
vn 0.874 0.000 -0.486
vn 0.930 0.000 0.367
vn 0.930 0.000 0.367
vn 0.930 0.000 0.367
vn 0.930 0.000 0.367
vn 0.930 0.000 0.367
vn 0.930 0.000 0.367
vn 0.280 0.002 0.960
vn 0.286 0.003 0.958
vn 0.280 0.002 0.960
vn 0.280 0.002 0.960
vn 0.280 0.002 0.960
vn 0.274 0.000 0.962
vn -0.458 -0.000 0.889
vn -0.458 0.000 0.889
vn -0.458 -0.000 0.889
vn -0.458 -0.000 0.889
vn -0.458 -0.000 0.889
vn -0.458 -0.000 0.889
vn -0.994 -0.001 0.108
vn -0.952 0.000 0.307
vn -0.951 -0.000 0.308
vn -0.994 -0.001 0.108
vn -0.951 -0.000 0.308
vn -0.994 -0.001 -0.107
vn -0.951 -0.001 -0.310
vn -0.994 -0.001 0.108
vn -0.994 -0.001 -0.107
vn -0.951 -0.001 -0.310
vn -0.994 -0.001 -0.107
vn -0.950 0.000 -0.312
vn -0.458 0.000 -0.889
vn -0.458 0.000 -0.889
vn -0.458 0.000 -0.889
vn -0.458 0.000 -0.889
vn -0.458 0.000 -0.889
vn -0.458 0.000 -0.889
vn 0.275 0.000 -0.961
vn 0.275 0.000 -0.961
vn 0.275 0.000 -0.961
vn 0.275 0.000 -0.961
vn 0.275 0.000 -0.961
vn 0.275 0.000 -0.961
vn 0.916 0.001 -0.400
vn 0.915 0.001 -0.403
vn 0.916 0.001 -0.400
vn 0.916 0.001 -0.400
vn 0.916 0.001 -0.400
vn 0.917 0.000 -0.398
vn 0.917 0.000 0.399
vn 0.917 0.000 0.400
vn 0.917 0.000 0.399
vn 0.917 0.000 0.399
vn 0.917 0.000 0.399
vn 0.917 0.000 0.398
vn 0.275 0.000 0.961
vn 0.275 0.000 0.961
vn 0.275 0.000 0.961
vn 0.275 0.000 0.961
vn 0.275 0.000 0.961
vn 0.275 0.000 0.961
vn -0.485 0.000 0.874
vn -0.667 0.000 0.745
vn -0.140 0.000 0.990
vn -0.485 0.000 0.874
vn -0.140 0.000 0.990
vn -0.007 0.000 1.000
vn -0.974 0.000 0.226
vn -0.974 0.000 0.226
vn -0.667 0.000 0.745
vn -0.974 0.000 0.226
vn -0.667 0.000 0.745
vn -0.485 0.000 0.874
vn -0.985 -0.000 -0.171
vn -0.974 0.000 0.226
vn -0.974 0.000 0.226
vn -0.985 -0.000 -0.171
vn -0.974 0.000 0.226
vn -0.923 0.000 -0.385
vn -0.625 0.000 -0.781
vn -0.985 -0.000 -0.171
vn -0.923 0.000 -0.385
vn -0.625 0.000 -0.781
vn -0.923 0.000 -0.385
vn -0.446 0.000 -0.895
vn -0.134 0.000 -0.991
vn -0.625 0.000 -0.781
vn -0.446 0.000 -0.895
vn -0.134 0.000 -0.991
vn -0.446 0.000 -0.895
vn -0.013 0.000 -1.000
vn 0.384 0.000 -0.923
vn -0.134 0.000 -0.991
vn -0.013 0.000 -1.000
vn 0.384 0.000 -0.923
vn -0.013 0.000 -1.000
vn 0.571 -0.002 -0.821
vn 0.898 0.001 -0.439
vn 0.384 0.000 -0.923
vn 0.571 -0.002 -0.821
vn 0.705 -0.003 -0.709
vn 0.571 -0.002 -0.821
vn 0.694 -0.006 -0.720
vn 0.999 0.002 -0.041
vn 0.999 -0.000 -0.033
vn 0.999 0.002 -0.041
vn 0.999 0.002 -0.041
vn 0.978 0.002 -0.210
vn 0.999 0.005 -0.049
vn 0.583 0.000 0.812
vn 0.367 -0.000 0.930
vn 0.740 0.000 0.673
vn 0.583 0.000 0.812
vn 0.740 0.000 0.673
vn 0.740 0.000 0.673
vn -0.007 0.000 1.000
vn -0.140 0.000 0.990
vn 0.367 -0.000 0.930
vn -0.007 0.000 1.000
vn 0.367 -0.000 0.930
vn 0.583 0.000 0.812
vn -0.458 0.000 0.889
vn -0.458 0.000 0.889
vn -0.458 0.000 0.889
vn -0.458 0.000 0.889
vn -0.458 0.000 0.889
vn -0.458 0.000 0.889
vn -0.996 -0.000 0.085
vn -0.959 0.000 0.283
vn -0.959 0.000 0.282
vn -0.996 -0.000 0.085
vn -0.959 0.000 0.282
vn -0.991 -0.000 -0.132
vn -0.940 -0.000 -0.341
vn -0.996 -0.000 0.085
vn -0.991 -0.000 -0.132
vn -0.940 -0.000 -0.341
vn -0.991 -0.000 -0.132
vn -0.940 0.000 -0.342
vn -0.188 0.000 -0.982
vn -0.429 0.000 -0.903
vn -0.429 0.000 -0.903
vn -0.188 0.000 -0.982
vn -0.429 0.000 -0.903
vn 0.048 0.000 -0.999
vn 0.244 0.000 -0.970
vn -0.188 0.000 -0.982
vn 0.048 0.000 -0.999
vn 0.244 0.000 -0.970
vn 0.048 0.000 -0.999
vn 0.244 0.000 -0.970
vn 0.903 0.000 -0.429
vn 0.903 0.000 -0.429
vn 0.903 0.000 -0.429
vn 0.903 0.000 -0.429
vn 0.903 0.000 -0.429
vn 0.903 0.000 -0.429
vn 0.930 0.000 0.368
vn 0.930 0.000 0.368
vn 0.930 0.000 0.368
vn 0.930 0.000 0.368
vn 0.930 0.000 0.368
vn 0.930 0.000 0.368
vn 0.275 0.000 0.961
vn 0.275 0.000 0.961
vn 0.275 0.000 0.961
vn 0.275 0.000 0.961
vn 0.275 0.000 0.961
vn 0.275 0.000 0.961
vn -0.607 0.004 0.795
vn -0.596 0.008 0.803
vn -0.607 0.004 0.795
vn -0.607 0.004 0.795
vn -0.607 0.004 0.795
vn -0.617 0.000 0.787
vn -0.980 -0.002 -0.197
vn -1.000 -0.004 -0.017
vn -1.000 -0.002 -0.024
vn -0.980 -0.002 -0.197
vn -1.000 -0.002 -0.024
vn -0.903 0.000 -0.429
vn -0.608 0.000 -0.794
vn -0.980 -0.002 -0.197
vn -0.903 0.000 -0.429
vn -0.608 0.000 -0.794
vn -0.903 0.000 -0.429
vn -0.428 0.000 -0.904
vn 0.126 -0.000 -0.992
vn -0.608 0.000 -0.794
vn -0.428 0.000 -0.904
vn 0.126 -0.000 -0.992
vn -0.428 0.000 -0.904
vn 0.347 -0.000 -0.938
vn 0.484 -0.000 -0.875
vn 0.126 -0.000 -0.992
vn 0.347 -0.000 -0.938
vn 0.484 -0.000 -0.875
vn 0.347 -0.000 -0.938
vn 0.484 0.000 -0.875
vn 0.994 -0.000 -0.113
vn 0.994 -0.000 -0.113
vn 0.994 -0.000 -0.113
vn 0.994 -0.000 -0.113
vn 0.994 -0.000 -0.113
vn 0.994 0.000 -0.113
vn 0.762 0.000 0.648
vn 0.762 0.000 0.648
vn 0.762 0.000 0.648
vn 0.762 0.000 0.648
vn 0.762 0.000 0.648
vn 0.762 0.000 0.648
vn 0.116 0.000 0.993
vn 0.116 0.000 0.993
vn 0.116 0.000 0.993
vn 0.116 0.000 0.993
vn 0.116 0.000 0.993
vn 0.116 0.000 0.993
vn -0.487 -0.000 0.873
vn -0.487 0.000 0.873
vn -0.487 -0.000 0.873
vn -0.487 -0.000 0.873
vn -0.487 -0.000 0.873
vn -0.487 -0.000 0.873
vn -0.998 -0.000 0.062
vn -0.967 0.000 0.253
vn -0.968 0.000 0.252
vn -0.998 -0.000 0.062
vn -0.968 0.000 0.252
vn -0.988 -0.000 -0.154
vn -0.930 -0.000 -0.368
vn -0.998 -0.000 0.062
vn -0.988 -0.000 -0.154
vn -0.930 -0.000 -0.368
vn -0.988 -0.000 -0.154
vn -0.929 0.000 -0.370
vn -0.188 0.000 -0.982
vn -0.429 0.000 -0.903
vn -0.429 0.000 -0.903
vn -0.188 0.000 -0.982
vn -0.429 0.000 -0.903
vn 0.048 0.000 -0.999
vn 0.244 -0.000 -0.970
vn -0.188 0.000 -0.982
vn 0.048 0.000 -0.999
vn 0.244 -0.000 -0.970
vn 0.048 0.000 -0.999
vn 0.244 0.000 -0.970
vn 0.889 0.000 -0.457
vn 0.889 0.000 -0.457
vn 0.889 0.000 -0.457
vn 0.889 0.000 -0.457
vn 0.889 0.000 -0.457
vn 0.889 0.000 -0.457
vn 0.942 0.000 0.337
vn 0.942 0.000 0.337
vn 0.942 0.000 0.337
vn 0.942 0.000 0.337
vn 0.942 0.000 0.337
vn 0.942 0.000 0.337
vn 0.306 -0.000 0.952
vn 0.306 -0.000 0.952
vn 0.306 -0.000 0.952
vn 0.306 -0.000 0.952
vn 0.306 -0.000 0.952
vn 0.306 0.000 0.952
vn -0.428 -0.000 0.904
vn -0.428 0.000 0.904
vn -0.428 -0.000 0.904
vn -0.428 -0.000 0.904
vn -0.428 -0.000 0.904
vn -0.428 -0.000 0.904
vn -0.993 -0.001 0.120
vn -0.941 0.000 0.338
vn -0.941 -0.000 0.339
vn -0.993 -0.001 0.120
vn -0.941 -0.000 0.339
vn -0.993 -0.001 -0.119
vn -0.940 -0.001 -0.340
vn -0.993 -0.001 0.120
vn -0.993 -0.001 -0.119
vn -0.940 -0.001 -0.340
vn -0.993 -0.001 -0.119
vn -0.939 0.000 -0.343
vn -0.428 -0.000 -0.904
vn -0.428 0.000 -0.904
vn -0.428 -0.000 -0.904
vn -0.428 -0.000 -0.904
vn -0.428 -0.000 -0.904
vn -0.428 -0.000 -0.904
vn 0.306 -0.000 -0.952
vn 0.306 -0.000 -0.952
vn 0.306 -0.000 -0.952
vn 0.306 -0.000 -0.952
vn 0.306 -0.000 -0.952
vn 0.306 0.000 -0.952
vn 0.917 -0.000 -0.399
vn 0.917 -0.000 -0.398
vn 0.917 -0.000 -0.399
vn 0.917 -0.000 -0.399
vn 0.917 -0.000 -0.399
vn 0.917 0.000 -0.400
vn 0.916 -0.001 0.400
vn 0.917 0.000 0.398
vn 0.916 -0.001 0.400
vn 0.916 -0.001 0.400
vn 0.916 -0.001 0.400
vn 0.915 -0.001 0.403
vn 0.306 0.000 0.952
vn 0.306 0.000 0.952
vn 0.306 0.000 0.952
vn 0.306 0.000 0.952
vn 0.306 0.000 0.952
vn 0.306 0.000 0.952
vn -0.568 0.000 0.823
vn -0.568 0.000 0.823
vn -0.434 0.000 0.901
vn -0.568 0.000 0.823
vn -0.434 0.000 0.901
vn -0.215 0.000 0.977
vn -0.987 -0.001 -0.163
vn -1.000 0.000 -0.017
vn -1.000 -0.002 -0.009
vn -1.000 -0.002 -0.009
vn -1.000 -0.002 -0.009
vn -0.964 -0.003 -0.267
vn -0.622 0.002 -0.783
vn -0.964 0.002 -0.267
vn -0.750 0.003 -0.661
vn -0.622 0.002 -0.783
vn -0.922 -0.001 -0.387
vn -0.451 -0.000 -0.893
vn -0.104 -0.000 -0.995
vn -0.622 0.002 -0.783
vn -0.451 -0.000 -0.893
vn -0.104 -0.000 -0.995
vn -0.451 -0.000 -0.893
vn 0.006 -0.000 -1.000
vn 0.363 -0.000 -0.932
vn -0.104 -0.000 -0.995
vn 0.006 -0.000 -1.000
vn 0.363 -0.000 -0.932
vn 0.006 -0.000 -1.000
vn 0.558 -0.000 -0.830
vn 0.694 -0.000 -0.720
vn 0.363 -0.000 -0.932
vn 0.558 -0.000 -0.830
vn 0.694 -0.000 -0.720
vn 0.558 -0.000 -0.830
vn 0.694 -0.000 -0.720
vn 0.999 -0.000 -0.049
vn 0.999 0.000 -0.049
vn 0.999 -0.000 -0.049
vn 0.999 -0.000 -0.049
vn 0.999 -0.000 -0.049
vn 0.999 -0.000 -0.049
vn 0.583 0.000 0.812
vn 0.367 0.000 0.930
vn 0.740 0.000 0.673
vn 0.583 0.000 0.812
vn 0.740 0.000 0.673
vn 0.740 0.000 0.673
vn -0.215 0.000 0.977
vn -0.434 0.000 0.901
vn 0.367 0.000 0.930
vn -0.215 0.000 0.977
vn 0.367 0.000 0.930
vn 0.583 0.000 0.812
vn -0.428 -0.000 0.904
vn -0.428 -0.000 0.904
vn -0.428 -0.000 0.904
vn -0.428 -0.000 0.904
vn -0.428 -0.000 0.904
vn -0.428 0.000 0.904
vn -0.995 -0.001 0.097
vn -0.952 -0.000 0.307
vn -0.951 -0.001 0.310
vn -0.995 -0.001 0.097
vn -0.951 -0.001 0.310
vn -0.990 -0.001 -0.142
vn -0.929 -0.000 -0.371
vn -0.995 -0.001 0.097
vn -0.990 -0.001 -0.142
vn -0.929 -0.000 -0.371
vn -0.990 -0.001 -0.142
vn -0.928 0.000 -0.373
vn -0.164 0.000 -0.986
vn -0.399 0.000 -0.917
vn -0.399 0.000 -0.917
vn -0.164 0.000 -0.986
vn -0.399 0.000 -0.917
vn 0.072 -0.000 -0.997
vn 0.275 -0.000 -0.961
vn -0.164 0.000 -0.986
vn 0.072 -0.000 -0.997
vn 0.275 -0.000 -0.961
vn 0.072 -0.000 -0.997
vn 0.275 -0.000 -0.961
vn 0.903 0.000 -0.430
vn 0.902 0.001 -0.432
vn 0.903 0.000 -0.430
vn 0.903 0.000 -0.430
vn 0.903 0.000 -0.430
vn 0.903 -0.000 -0.429
vn 0.928 -0.000 0.374
vn 0.928 0.000 0.373
vn 0.928 -0.000 0.374
vn 0.928 -0.000 0.374
vn 0.928 -0.000 0.374
vn 0.927 -0.001 0.375
vn 0.306 0.000 0.952
vn 0.306 0.000 0.952
vn 0.306 0.000 0.952
vn 0.306 0.000 0.952
vn 0.306 0.000 0.952
vn 0.306 0.000 0.952
vn -0.503 0.000 0.864
vn -0.687 0.000 0.727
vn -0.120 0.000 0.993
vn -0.503 0.000 0.864
vn -0.120 0.000 0.993
vn 0.023 0.000 1.000
vn -0.980 0.000 0.199
vn -0.980 0.000 0.199
vn -0.687 0.000 0.727
vn -0.980 0.000 0.199
vn -0.687 0.000 0.727
vn -0.503 0.000 0.864
vn -0.973 -0.000 -0.231
vn -0.980 0.000 0.199
vn -0.980 0.000 0.199
vn -0.973 -0.000 -0.231
vn -0.980 0.000 0.199
vn -0.893 -0.000 -0.451
vn -0.592 -0.000 -0.806
vn -0.973 -0.000 -0.231
vn -0.893 -0.000 -0.451
vn -0.592 -0.000 -0.806
vn -0.893 -0.000 -0.451
vn -0.411 0.000 -0.911
vn 0.161 0.000 -0.987
vn -0.592 -0.000 -0.806
vn -0.411 0.000 -0.911
vn 0.161 0.000 -0.987
vn -0.411 0.000 -0.911
vn 0.364 0.000 -0.931
vn 0.484 0.000 -0.875
vn 0.161 0.000 -0.987
vn 0.364 0.000 -0.931
vn 0.484 0.000 -0.875
vn 0.364 0.000 -0.931
vn 0.484 0.000 -0.875
vn 0.993 -0.003 -0.121
vn 0.994 -0.005 -0.113
vn 0.993 -0.003 -0.121
vn 0.993 -0.003 -0.121
vn 0.993 -0.003 -0.121
vn 0.992 0.000 -0.129
vn 0.609 0.002 0.793
vn 0.385 0.000 0.923
vn 0.768 0.002 0.640
vn 0.768 0.002 0.640
vn 0.768 0.002 0.640
vn 0.775 0.004 0.632
vn 0.023 0.000 1.000
vn -0.120 0.000 0.993
vn 0.385 0.000 0.923
vn 0.023 0.000 1.000
vn 0.385 0.000 0.923
vn 0.498 0.000 0.867
vn -0.457 0.000 0.889
vn -0.457 0.000 0.889
vn -0.457 0.000 0.889
vn -0.457 0.000 0.889
vn -0.457 0.000 0.889
vn -0.457 0.000 0.889
vn -0.997 -0.000 0.074
vn -0.959 0.000 0.284
vn -0.959 0.000 0.283
vn -0.997 -0.000 0.074
vn -0.959 0.000 0.283
vn -0.986 -0.000 -0.165
vn -0.917 -0.000 -0.398
vn -0.997 -0.000 0.074
vn -0.986 -0.000 -0.165
vn -0.917 -0.000 -0.398
vn -0.986 -0.000 -0.165
vn -0.917 0.000 -0.400
vn -0.164 0.000 -0.986
vn -0.399 0.000 -0.917
vn -0.399 0.000 -0.917
vn -0.164 0.000 -0.986
vn -0.399 0.000 -0.917
vn 0.072 0.000 -0.997
vn 0.275 0.000 -0.961
vn -0.164 0.000 -0.986
vn 0.072 0.000 -0.997
vn 0.275 0.000 -0.961
vn 0.072 0.000 -0.997
vn 0.275 0.000 -0.961
vn 0.890 0.000 -0.456
vn 0.889 0.001 -0.458
vn 0.890 0.000 -0.456
vn 0.890 0.000 -0.456
vn 0.890 0.000 -0.456
vn 0.891 0.000 -0.454
vn 0.939 -0.000 0.344
vn 0.939 0.000 0.343
vn 0.939 -0.000 0.344
vn 0.939 -0.000 0.344
vn 0.939 -0.000 0.344
vn 0.938 -0.001 0.346
vn 0.337 0.000 0.942
vn 0.337 0.000 0.942
vn 0.337 0.000 0.942
vn 0.337 0.000 0.942
vn 0.337 0.000 0.942
vn 0.337 0.000 0.942
vn -0.428 0.000 0.904
vn -0.428 0.000 0.904
vn -0.428 0.000 0.904
vn -0.428 0.000 0.904
vn -0.428 0.000 0.904
vn -0.428 0.000 0.904
vn -0.993 -0.001 0.120
vn -0.941 0.000 0.338
vn -0.941 -0.000 0.339
vn -0.993 -0.001 0.120
vn -0.941 -0.000 0.339
vn -0.993 -0.001 -0.119
vn -0.940 -0.001 -0.340
vn -0.993 -0.001 0.120
vn -0.993 -0.001 -0.119
vn -0.940 -0.001 -0.340
vn -0.993 -0.001 -0.119
vn -0.939 0.000 -0.343
vn -0.428 0.000 -0.904
vn -0.428 0.000 -0.904
vn -0.428 0.000 -0.904
vn -0.428 0.000 -0.904
vn -0.428 0.000 -0.904
vn -0.428 0.000 -0.904
vn 0.306 0.000 -0.952
vn 0.306 0.000 -0.952
vn 0.306 0.000 -0.952
vn 0.306 0.000 -0.952
vn 0.306 0.000 -0.952
vn 0.306 0.000 -0.952
vn 0.917 -0.000 -0.399
vn 0.917 -0.000 -0.398
vn 0.917 -0.000 -0.399
vn 0.917 -0.000 -0.399
vn 0.917 -0.000 -0.399
vn 0.917 0.000 -0.400
vn 0.916 -0.001 0.400
vn 0.917 -0.000 0.398
vn 0.916 -0.001 0.400
vn 0.916 -0.001 0.400
vn 0.916 -0.001 0.400
vn 0.915 -0.001 0.403
vn 0.306 -0.000 0.952
vn 0.306 -0.000 0.952
vn 0.306 -0.000 0.952
vn 0.306 -0.000 0.952
vn 0.306 -0.000 0.952
vn 0.306 -0.000 0.952
vn -0.568 -0.000 0.823
vn -0.568 -0.000 0.823
vn -0.434 -0.000 0.901
vn -0.568 -0.000 0.823
vn -0.434 -0.000 0.901
vn -0.215 0.000 0.977
vn -0.987 -0.001 -0.163
vn -1.000 -0.000 -0.017
vn -1.000 -0.002 -0.009
vn -1.000 -0.002 -0.009
vn -1.000 -0.002 -0.009
vn -0.964 -0.003 -0.267
vn -0.622 0.002 -0.783
vn -0.964 0.002 -0.267
vn -0.750 0.003 -0.661
vn -0.622 0.002 -0.783
vn -0.922 -0.001 -0.387
vn -0.451 0.000 -0.893
vn -0.104 0.000 -0.995
vn -0.622 0.002 -0.783
vn -0.451 0.000 -0.893
vn -0.104 0.000 -0.995
vn -0.451 0.000 -0.893
vn 0.006 0.000 -1.000
vn 0.363 0.000 -0.932
vn -0.104 0.000 -0.995
vn 0.006 0.000 -1.000
vn 0.363 0.000 -0.932
vn 0.006 0.000 -1.000
vn 0.558 0.000 -0.830
vn 0.694 0.000 -0.720
vn 0.363 0.000 -0.932
vn 0.558 0.000 -0.830
vn 0.694 0.000 -0.720
vn 0.558 0.000 -0.830
vn 0.694 0.000 -0.720
vn 0.998 -0.002 -0.057
vn 0.999 -0.005 -0.049
vn 0.998 -0.002 -0.057
vn 0.998 -0.002 -0.057
vn 0.998 -0.002 -0.057
vn 0.998 0.000 -0.065
vn 0.593 0.002 0.805
vn 0.367 0.000 0.930
vn 0.747 0.002 0.665
vn 0.747 0.002 0.665
vn 0.747 0.002 0.665
vn 0.754 0.004 0.657
vn -0.215 0.000 0.977
vn -0.434 -0.000 0.901
vn 0.367 0.000 0.930
vn -0.215 0.000 0.977
vn 0.367 0.000 0.930
vn 0.482 0.000 0.876
vn -0.428 0.000 0.904
vn -0.428 0.000 0.904
vn -0.428 0.000 0.904
vn -0.428 0.000 0.904
vn -0.428 0.000 0.904
vn -0.428 0.000 0.904
vn -0.995 -0.000 0.097
vn -0.949 0.000 0.314
vn -0.950 0.000 0.313
vn -0.995 -0.000 0.097
vn -0.950 0.000 0.313
vn -0.990 -0.000 -0.143
vn -0.929 -0.000 -0.371
vn -0.995 -0.000 0.097
vn -0.990 -0.000 -0.143
vn -0.929 -0.000 -0.371
vn -0.990 -0.000 -0.143
vn -0.928 0.000 -0.373
vn -0.164 0.000 -0.986
vn -0.399 0.000 -0.917
vn -0.399 0.000 -0.917
vn -0.164 0.000 -0.986
vn -0.399 0.000 -0.917
vn 0.072 0.000 -0.997
vn 0.275 0.000 -0.961
vn -0.164 0.000 -0.986
vn 0.072 0.000 -0.997
vn 0.275 0.000 -0.961
vn 0.072 0.000 -0.997
vn 0.275 0.000 -0.961
vn 0.903 -0.000 -0.429
vn 0.903 -0.000 -0.429
vn 0.903 -0.000 -0.429
vn 0.903 -0.000 -0.429
vn 0.903 -0.000 -0.429
vn 0.903 0.000 -0.429
vn 0.928 -0.001 0.372
vn 0.930 -0.000 0.368
vn 0.928 -0.001 0.372
vn 0.928 -0.001 0.372
vn 0.928 -0.001 0.372
vn 0.927 -0.002 0.375
vn 0.306 -0.000 0.952
vn 0.306 0.000 0.952
vn 0.306 -0.000 0.952
vn 0.306 -0.000 0.952
vn 0.306 -0.000 0.952
vn 0.306 -0.000 0.952
vn -0.503 0.000 0.864
vn -0.678 0.002 0.735
vn -0.120 0.000 0.993
vn -0.503 0.000 0.864
vn -0.120 0.000 0.993
vn 0.023 0.000 1.000
vn -0.980 -0.001 0.198
vn -0.980 -0.001 0.198
vn -0.678 0.002 0.735
vn -0.980 -0.001 0.198
vn -0.678 0.002 0.735
vn -0.503 0.000 0.864
vn -0.975 -0.002 -0.223
vn -0.980 -0.001 0.198
vn -0.980 -0.001 0.198
vn -0.975 -0.002 -0.223
vn -0.980 -0.001 0.198
vn -0.893 0.000 -0.451
vn -0.592 0.000 -0.806
vn -0.975 -0.002 -0.223
vn -0.893 0.000 -0.451
vn -0.592 0.000 -0.806
vn -0.893 0.000 -0.451
vn -0.411 0.000 -0.911
vn 0.161 0.000 -0.987
vn -0.592 0.000 -0.806
vn -0.411 0.000 -0.911
vn 0.161 0.000 -0.987
vn -0.411 0.000 -0.911
vn 0.364 0.000 -0.931
vn 0.484 0.000 -0.875
vn 0.161 0.000 -0.987
vn 0.364 0.000 -0.931
vn 0.484 0.000 -0.875
vn 0.364 0.000 -0.931
vn 0.484 0.000 -0.875
vn 0.992 0.000 -0.130
vn 0.991 0.000 -0.130
vn 0.992 0.000 -0.130
vn 0.992 0.000 -0.130
vn 0.992 0.000 -0.130
vn 0.992 0.000 -0.129
vn 0.776 -0.001 0.630
vn 0.778 0.000 0.628
vn 0.776 -0.001 0.630
vn 0.776 -0.001 0.630
vn 0.776 -0.001 0.630
vn 0.775 -0.001 0.632
vn 0.023 0.000 1.000
vn -0.120 0.000 0.993
vn 0.148 0.000 0.989
vn 0.023 0.000 1.000
vn 0.148 0.000 0.989
vn 0.148 0.000 0.989
vn -0.457 0.000 0.889
vn -0.457 0.000 0.889
vn -0.457 0.000 0.889
vn -0.457 0.000 0.889
vn -0.457 0.000 0.889
vn -0.457 0.000 0.889
vn -0.997 -0.001 0.074
vn -0.961 0.000 0.275
vn -0.960 -0.001 0.278
vn -0.997 -0.001 0.074
vn -0.960 -0.001 0.278
vn -0.986 -0.001 -0.164
vn -0.917 -0.000 -0.399
vn -0.997 -0.001 0.074
vn -0.986 -0.001 -0.164
vn -0.917 -0.000 -0.399
vn -0.986 -0.001 -0.164
vn -0.917 0.000 -0.400
vn -0.164 0.000 -0.986
vn -0.399 0.000 -0.917
vn -0.399 -0.000 -0.917
vn -0.164 0.000 -0.986
vn -0.399 -0.000 -0.917
vn 0.072 0.000 -0.997
vn 0.275 0.000 -0.961
vn -0.164 0.000 -0.986
vn 0.072 0.000 -0.997
vn 0.275 0.000 -0.961
vn 0.072 0.000 -0.997
vn 0.275 0.000 -0.961
vn 0.890 0.000 -0.456
vn 0.889 0.001 -0.458
vn 0.890 0.000 -0.456
vn 0.890 0.000 -0.456
vn 0.890 0.000 -0.456
vn 0.891 0.000 -0.454
vn 0.939 -0.000 0.344
vn 0.939 0.000 0.343
vn 0.939 -0.000 0.344
vn 0.939 -0.000 0.344
vn 0.939 -0.000 0.344
vn 0.938 -0.001 0.346
vn 0.337 0.000 0.942
vn 0.337 0.000 0.942
vn 0.337 0.000 0.942
vn 0.337 0.000 0.942
vn 0.337 0.000 0.942
vn 0.337 0.000 0.942
vn -0.368 -0.000 0.930
vn -0.368 0.000 0.930
vn -0.368 -0.000 0.930
vn -0.368 -0.000 0.930
vn -0.368 -0.000 0.930
vn -0.368 -0.000 0.930
vn -0.929 0.001 0.371
vn -0.928 0.000 0.373
vn -0.929 0.001 0.371
vn -0.929 0.001 0.371
vn -0.929 0.001 0.371
vn -0.930 0.001 0.368
vn -0.929 0.000 -0.369
vn -0.929 0.001 -0.370
vn -0.929 0.000 -0.369
vn -0.929 0.000 -0.369
vn -0.929 0.000 -0.369
vn -0.930 0.000 -0.368
vn -0.368 0.000 -0.930
vn -0.368 0.000 -0.930
vn -0.368 0.000 -0.930
vn -0.368 0.000 -0.930
vn -0.368 0.000 -0.930
vn -0.368 0.000 -0.930
vn 0.368 0.000 -0.930
vn 0.368 0.000 -0.930
vn 0.368 0.000 -0.930
vn 0.368 0.000 -0.930
vn 0.368 0.000 -0.930
vn 0.368 0.000 -0.930
vn 0.929 -0.000 -0.369
vn 0.930 -0.001 -0.368
vn 0.929 -0.000 -0.369
vn 0.929 -0.000 -0.369
vn 0.929 -0.000 -0.369
vn 0.929 0.000 -0.370
vn 0.929 -0.001 0.371
vn 0.930 0.000 0.368
vn 0.929 -0.001 0.371
vn 0.929 -0.001 0.371
vn 0.929 -0.001 0.371
vn 0.928 -0.001 0.373
vn 0.368 -0.000 0.930
vn 0.368 -0.000 0.930
vn 0.368 -0.000 0.930
vn 0.368 -0.000 0.930
vn 0.368 -0.000 0.930
vn 0.368 0.000 0.930
vn -0.419 0.000 0.908
vn -0.619 0.000 0.786
vn -0.061 0.000 0.998
vn -0.419 0.000 0.908
vn -0.061 0.000 0.998
vn 0.061 0.000 0.998
vn -0.761 0.000 0.648
vn -0.761 0.000 0.648
vn -0.619 0.000 0.786
vn -0.761 0.000 0.648
vn -0.619 0.000 0.786
vn -0.419 0.000 0.908
vn -0.999 -0.002 -0.041
vn -0.999 0.000 -0.049
vn -0.999 -0.002 -0.041
vn -0.999 -0.002 -0.041
vn -0.999 -0.002 -0.041
vn -0.999 -0.005 -0.033
vn -0.498 0.004 -0.867
vn -0.485 0.009 -0.875
vn -0.498 0.004 -0.867
vn -0.498 0.004 -0.867
vn -0.498 0.004 -0.867
vn -0.511 0.000 -0.860
vn 0.485 0.000 -0.875
vn 0.485 0.000 -0.875
vn 0.485 0.000 -0.875
vn 0.485 0.000 -0.875
vn 0.485 0.000 -0.875
vn 0.485 0.000 -0.875
vn 0.998 -0.002 -0.057
vn 0.999 -0.005 -0.049
vn 0.998 -0.002 -0.057
vn 0.998 -0.002 -0.057
vn 0.998 -0.002 -0.057
vn 0.998 0.000 -0.065
vn 0.628 0.001 0.778
vn 0.419 0.000 0.908
vn 0.768 0.002 0.640
vn 0.628 0.001 0.778
vn 0.768 0.002 0.640
vn 0.775 0.004 0.632
vn 0.061 0.000 0.998
vn -0.061 0.000 0.998
vn 0.419 0.000 0.908
vn 0.061 0.000 0.998
vn 0.419 0.000 0.908
vn 0.628 0.001 0.778
vn -0.368 -0.000 0.930
vn -0.368 0.000 0.930
vn -0.368 -0.000 0.930
vn -0.368 -0.000 0.930
vn -0.368 -0.000 0.930
vn -0.368 -0.000 0.930
vn -0.940 0.001 0.341
vn -0.939 0.000 0.345
vn -0.940 0.001 0.341
vn -0.940 0.001 0.341
vn -0.940 0.001 0.341
vn -0.941 0.002 0.338
vn -0.917 0.000 -0.399
vn -0.917 0.000 -0.399
vn -0.917 0.000 -0.399
vn -0.917 0.000 -0.399
vn -0.917 0.000 -0.399
vn -0.917 0.000 -0.399
vn -0.119 -0.000 -0.993
vn -0.338 0.000 -0.941
vn -0.338 0.000 -0.941
vn -0.119 -0.000 -0.993
vn -0.338 0.000 -0.941
vn 0.119 -0.000 -0.993
vn 0.338 -0.000 -0.941
vn -0.119 -0.000 -0.993
vn 0.119 -0.000 -0.993
vn 0.338 -0.000 -0.941
vn 0.119 -0.000 -0.993
vn 0.338 0.000 -0.941
vn 0.916 0.000 -0.401
vn 0.916 0.001 -0.402
vn 0.916 0.000 -0.401
vn 0.916 0.000 -0.401
vn 0.916 0.000 -0.401
vn 0.917 0.000 -0.400
vn 0.939 -0.000 0.344
vn 0.939 0.000 0.343
vn 0.939 -0.000 0.344
vn 0.939 -0.000 0.344
vn 0.939 -0.000 0.344
vn 0.939 -0.001 0.345
vn 0.368 -0.000 0.930
vn 0.368 -0.000 0.930
vn 0.368 -0.000 0.930
vn 0.368 -0.000 0.930
vn 0.368 -0.000 0.930
vn 0.368 0.000 0.930
vn -0.436 0.000 0.900
vn -0.634 0.000 0.773
vn -0.072 0.000 0.997
vn -0.436 0.000 0.900
vn -0.072 0.000 0.997
vn 0.072 0.000 0.997
vn -0.782 0.000 0.623
vn -0.782 0.000 0.623
vn -0.634 0.000 0.773
vn -0.782 0.000 0.623
vn -0.634 0.000 0.773
vn -0.436 0.000 0.900
vn -0.997 -0.000 -0.081
vn -0.997 0.000 -0.081
vn -0.997 -0.000 -0.081
vn -0.997 -0.000 -0.081
vn -0.997 -0.000 -0.081
vn -0.997 -0.000 -0.081
vn -0.446 -0.000 -0.895
vn -0.446 -0.000 -0.895
vn -0.446 -0.000 -0.895
vn -0.446 -0.000 -0.895
vn -0.446 -0.000 -0.895
vn -0.446 0.000 -0.895
vn -1.000 -0.000 -0.001
vn -1.000 0.000 -0.001
vn -1.000 -0.000 -0.001
vn -1.000 -0.000 -0.001
vn -1.000 -0.000 -0.001
vn -1.000 -0.000 -0.001
vn 1.000 0.000 0.001
vn 1.000 0.000 0.001
vn 1.000 0.000 0.001
vn 1.000 0.000 0.001
vn 1.000 0.000 0.001
vn 1.000 0.000 0.001
vn 0.446 0.000 -0.895
vn 0.446 0.000 -0.895
vn 0.446 0.000 -0.895
vn 0.446 0.000 -0.895
vn 0.446 0.000 -0.895
vn 0.446 0.000 -0.895
vn 0.996 -0.002 -0.089
vn 0.997 -0.005 -0.081
vn 0.996 -0.002 -0.089
vn 0.996 -0.002 -0.089
vn 0.996 -0.002 -0.089
vn 0.995 0.000 -0.097
vn 0.643 0.001 0.766
vn 0.436 0.000 0.900
vn 0.789 0.002 0.615
vn 0.643 0.001 0.766
vn 0.789 0.002 0.615
vn 0.795 0.004 0.607
vn 0.072 0.000 0.997
vn -0.072 0.000 0.997
vn 0.436 0.000 0.900
vn 0.072 0.000 0.997
vn 0.436 0.000 0.900
vn 0.643 0.001 0.766
vn -0.398 0.000 0.917
vn -0.398 0.000 0.917
vn -0.398 0.000 0.917
vn -0.398 0.000 0.917
vn -0.398 0.000 0.917
vn -0.398 0.000 0.917
vn -0.951 -0.001 0.309
vn -0.952 0.000 0.306
vn -0.951 -0.001 0.309
vn -0.951 -0.001 0.309
vn -0.951 -0.001 0.309
vn -0.950 -0.002 0.313
vn -0.904 -0.000 -0.429
vn -0.904 -0.000 -0.428
vn -0.904 -0.000 -0.429
vn -0.904 -0.000 -0.429
vn -0.904 -0.000 -0.429
vn -0.903 0.000 -0.429
vn -0.119 0.000 -0.993
vn -0.338 0.000 -0.941
vn -0.338 0.000 -0.941
vn -0.119 0.000 -0.993
vn -0.338 0.000 -0.941
vn 0.119 0.000 -0.993
vn 0.338 0.000 -0.941
vn -0.119 0.000 -0.993
vn 0.119 0.000 -0.993
vn 0.338 0.000 -0.941
vn 0.119 0.000 -0.993
vn 0.338 0.000 -0.941
vn 0.904 0.000 -0.427
vn 0.904 0.001 -0.428
vn 0.904 0.000 -0.427
vn 0.904 0.000 -0.427
vn 0.904 0.000 -0.427
vn 0.905 0.000 -0.426
vn 0.951 -0.001 0.311
vn 0.952 -0.000 0.306
vn 0.951 -0.001 0.311
vn 0.951 -0.001 0.311
vn 0.951 -0.001 0.311
vn 0.949 -0.002 0.315
vn 0.398 -0.000 0.917
vn 0.398 -0.000 0.917
vn 0.398 -0.000 0.917
vn 0.398 -0.000 0.917
vn 0.398 -0.000 0.917
vn 0.398 -0.000 0.917
vn -0.368 0.000 0.930
vn -0.368 0.000 0.930
vn -0.368 0.000 0.930
vn -0.368 0.000 0.930
vn -0.368 0.000 0.930
vn -0.368 0.000 0.930
vn -0.930 0.000 0.368
vn -0.930 0.000 0.368
vn -0.930 0.000 0.368
vn -0.930 0.000 0.368
vn -0.930 0.000 0.368
vn -0.930 0.000 0.368
vn -0.930 0.000 -0.368
vn -0.930 0.000 -0.368
vn -0.930 0.000 -0.368
vn -0.930 0.000 -0.368
vn -0.930 0.000 -0.368
vn -0.930 0.000 -0.368
vn -0.368 -0.000 -0.930
vn -0.368 0.000 -0.930
vn -0.368 -0.000 -0.930
vn -0.368 -0.000 -0.930
vn -0.368 -0.000 -0.930
vn -0.368 -0.000 -0.930
vn 0.368 0.000 -0.930
vn 0.368 0.000 -0.930
vn 0.368 0.000 -0.930
vn 0.368 0.000 -0.930
vn 0.368 0.000 -0.930
vn 0.368 0.000 -0.930
vn 0.929 0.001 -0.371
vn 0.928 0.001 -0.373
vn 0.929 0.001 -0.371
vn 0.929 0.001 -0.371
vn 0.929 0.001 -0.371
vn 0.930 0.000 -0.368
vn 0.929 0.000 0.369
vn 0.929 0.000 0.370
vn 0.929 0.000 0.369
vn 0.929 0.000 0.369
vn 0.929 0.000 0.369
vn 0.930 0.001 0.368
vn 0.368 0.000 0.930
vn 0.368 0.000 0.930
vn 0.368 0.000 0.930
vn 0.368 0.000 0.930
vn 0.368 0.000 0.930
vn 0.368 0.000 0.930
vn -0.419 -0.000 0.908
vn -0.619 0.000 0.786
vn -0.061 0.000 0.998
vn -0.419 -0.000 0.908
vn -0.061 0.000 0.998
vn 0.061 0.000 0.998
vn -0.761 0.000 0.648
vn -0.761 0.000 0.648
vn -0.619 0.000 0.786
vn -0.761 0.000 0.648
vn -0.619 0.000 0.786
vn -0.419 -0.000 0.908
vn -0.999 -0.002 -0.041
vn -0.999 0.000 -0.049
vn -0.999 -0.002 -0.041
vn -0.999 -0.002 -0.041
vn -0.999 -0.002 -0.041
vn -0.999 -0.005 -0.033
vn -0.498 0.004 -0.867
vn -0.485 0.009 -0.875
vn -0.498 0.004 -0.867
vn -0.498 0.004 -0.867
vn -0.498 0.004 -0.867
vn -0.511 0.000 -0.860
vn 0.485 0.000 -0.875
vn 0.485 0.000 -0.875
vn 0.485 0.000 -0.875
vn 0.485 0.000 -0.875
vn 0.485 0.000 -0.875
vn 0.485 0.000 -0.875
vn 0.998 -0.002 -0.057
vn 0.999 -0.005 -0.049
vn 0.998 -0.002 -0.057
vn 0.998 -0.002 -0.057
vn 0.998 -0.002 -0.057
vn 0.998 0.000 -0.065
vn 0.628 0.001 0.778
vn 0.419 0.000 0.908
vn 0.768 0.002 0.640
vn 0.628 0.001 0.778
vn 0.768 0.002 0.640
vn 0.775 0.004 0.632
vn 0.061 0.000 0.998
vn -0.061 0.000 0.998
vn 0.419 0.000 0.908
vn 0.061 0.000 0.998
vn 0.419 0.000 0.908
vn 0.628 0.001 0.778
vn -0.368 0.000 0.930
vn -0.368 0.000 0.930
vn -0.368 0.000 0.930
vn -0.368 0.000 0.930
vn -0.368 0.000 0.930
vn -0.368 0.000 0.930
vn -0.939 0.000 0.344
vn -0.939 0.000 0.345
vn -0.939 0.000 0.344
vn -0.939 0.000 0.344
vn -0.939 0.000 0.344
vn -0.939 0.001 0.343
vn -0.916 -0.000 -0.401
vn -0.917 -0.001 -0.400
vn -0.916 -0.000 -0.401
vn -0.916 -0.000 -0.401
vn -0.916 -0.000 -0.401
vn -0.916 0.000 -0.402
vn -0.119 0.000 -0.993
vn -0.338 0.000 -0.941
vn -0.338 0.000 -0.941
vn -0.119 0.000 -0.993
vn -0.338 0.000 -0.941
vn 0.119 0.000 -0.993
vn 0.338 0.000 -0.941
vn -0.119 0.000 -0.993
vn 0.119 0.000 -0.993
vn 0.338 0.000 -0.941
vn 0.119 0.000 -0.993
vn 0.338 0.000 -0.941
vn 0.916 0.000 -0.401
vn 0.916 0.001 -0.402
vn 0.916 0.000 -0.401
vn 0.916 0.000 -0.401
vn 0.916 0.000 -0.401
vn 0.917 0.000 -0.399
vn 0.940 0.001 0.340
vn 0.939 0.000 0.343
vn 0.940 0.001 0.340
vn 0.940 0.001 0.340
vn 0.940 0.001 0.340
vn 0.941 0.001 0.338
vn 0.368 0.000 0.930
vn 0.368 0.000 0.930
vn 0.368 0.000 0.930
vn 0.368 0.000 0.930
vn 0.368 0.000 0.930
vn 0.368 0.000 0.930
vn -0.436 0.000 0.900
vn -0.643 -0.001 0.766
vn -0.072 0.000 0.997
vn -0.436 0.000 0.900
vn -0.072 0.000 0.997
vn 0.072 0.000 0.997
vn -0.789 -0.002 0.615
vn -0.795 -0.004 0.607
vn -0.643 -0.001 0.766
vn -0.789 -0.002 0.615
vn -0.643 -0.001 0.766
vn -0.436 0.000 0.900
vn -0.996 0.002 -0.089
vn -0.995 0.005 -0.097
vn -0.996 0.002 -0.089
vn -0.996 0.002 -0.089
vn -0.996 0.002 -0.089
vn -0.997 0.000 -0.081
vn -0.446 0.000 -0.895
vn -0.446 0.000 -0.895
vn -0.446 0.000 -0.895
vn -0.446 0.000 -0.895
vn -0.446 0.000 -0.895
vn -0.446 0.000 -0.895
vn -1.000 0.000 -0.001
vn -1.000 0.000 -0.001
vn -1.000 0.000 -0.001
vn -1.000 0.000 -0.001
vn -1.000 0.000 -0.001
vn -1.000 0.000 -0.001
vn 1.000 0.000 0.001
vn 1.000 0.000 0.001
vn 1.000 0.000 0.001
vn 1.000 0.000 0.001
vn 1.000 0.000 0.001
vn 1.000 0.000 0.001
vn 0.446 0.000 -0.895
vn 0.446 0.000 -0.895
vn 0.446 0.000 -0.895
vn 0.446 0.000 -0.895
vn 0.446 0.000 -0.895
vn 0.446 0.000 -0.895
vn 0.997 0.000 -0.081
vn 0.997 0.000 -0.081
vn 0.997 0.000 -0.081
vn 0.997 0.000 -0.081
vn 0.997 0.000 -0.081
vn 0.997 0.000 -0.081
vn 0.634 0.000 0.773
vn 0.436 0.000 0.900
vn 0.782 0.000 0.623
vn 0.634 0.000 0.773
vn 0.782 0.000 0.623
vn 0.782 0.000 0.623
vn 0.072 0.000 0.997
vn -0.072 0.000 0.997
vn 0.436 0.000 0.900
vn 0.072 0.000 0.997
vn 0.436 0.000 0.900
vn 0.634 0.000 0.773
vn -0.398 0.000 0.917
vn -0.398 0.000 0.917
vn -0.398 0.000 0.917
vn -0.398 0.000 0.917
vn -0.398 0.000 0.917
vn -0.398 0.000 0.917
vn -0.952 0.000 0.306
vn -0.952 0.000 0.306
vn -0.952 0.000 0.306
vn -0.952 0.000 0.306
vn -0.952 0.000 0.306
vn -0.952 0.000 0.306
vn -0.904 0.000 -0.428
vn -0.904 0.000 -0.428
vn -0.904 0.000 -0.428
vn -0.904 0.000 -0.428
vn -0.904 0.000 -0.428
vn -0.904 0.000 -0.428
vn -0.119 0.000 -0.993
vn -0.338 0.000 -0.941
vn -0.338 0.000 -0.941
vn -0.119 0.000 -0.993
vn -0.338 0.000 -0.941
vn 0.119 0.000 -0.993
vn 0.338 0.000 -0.941
vn -0.119 0.000 -0.993
vn 0.119 0.000 -0.993
vn 0.338 0.000 -0.941
vn 0.119 0.000 -0.993
vn 0.338 0.000 -0.941
vn 0.904 0.000 -0.427
vn 0.904 0.001 -0.428
vn 0.904 0.000 -0.427
vn 0.904 0.000 -0.427
vn 0.904 0.000 -0.427
vn 0.905 0.000 -0.426
vn 0.951 -0.001 0.311
vn 0.952 0.000 0.306
vn 0.951 -0.001 0.311
vn 0.951 -0.001 0.311
vn 0.951 -0.001 0.311
vn 0.949 -0.002 0.315
vn 0.398 -0.000 0.917
vn 0.398 -0.000 0.917
vn 0.398 -0.000 0.917
vn 0.398 -0.000 0.917
vn 0.398 -0.000 0.917
vn 0.398 0.000 0.917
vn -0.368 0.000 0.930
vn -0.368 0.000 0.930
vn -0.368 0.000 0.930
vn -0.368 0.000 0.930
vn -0.368 0.000 0.930
vn -0.368 0.000 0.930
vn -0.930 0.000 0.368
vn -0.930 0.000 0.368
vn -0.930 0.000 0.368
vn -0.930 0.000 0.368
vn -0.930 0.000 0.368
vn -0.930 0.000 0.368
vn -0.930 0.000 -0.368
vn -0.930 0.000 -0.368
vn -0.930 0.000 -0.368
vn -0.930 0.000 -0.368
vn -0.930 0.000 -0.368
vn -0.930 0.000 -0.368
vn -0.368 0.000 -0.930
vn -0.368 0.000 -0.930
vn -0.368 0.000 -0.930
vn -0.368 0.000 -0.930
vn -0.368 0.000 -0.930
vn -0.368 0.000 -0.930
vn 0.368 0.000 -0.930
vn 0.368 0.000 -0.930
vn 0.368 0.000 -0.930
vn 0.368 0.000 -0.930
vn 0.368 0.000 -0.930
vn 0.368 0.000 -0.930
vn 0.930 0.000 -0.368
vn 0.930 0.000 -0.368
vn 0.930 0.000 -0.368
vn 0.930 0.000 -0.368
vn 0.930 0.000 -0.368
vn 0.930 0.000 -0.368
vn 0.930 0.000 0.368
vn 0.930 0.000 0.368
vn 0.930 0.000 0.368
vn 0.930 0.000 0.368
vn 0.930 0.000 0.368
vn 0.930 0.000 0.368
vn 0.368 0.000 0.930
vn 0.368 0.000 0.930
vn 0.368 0.000 0.930
vn 0.368 0.000 0.930
vn 0.368 0.000 0.930
vn 0.368 0.000 0.930
vn -0.419 0.000 0.908
vn -0.619 0.000 0.786
vn -0.061 0.000 0.998
vn -0.419 0.000 0.908
vn -0.061 0.000 0.998
vn 0.061 0.000 0.998
vn -0.761 0.000 0.648
vn -0.761 0.000 0.648
vn -0.619 0.000 0.786
vn -0.761 0.000 0.648
vn -0.619 0.000 0.786
vn -0.419 0.000 0.908
vn -0.999 0.000 -0.049
vn -0.999 0.000 -0.049
vn -0.999 0.000 -0.049
vn -0.999 0.000 -0.049
vn -0.999 0.000 -0.049
vn -0.999 0.000 -0.049
vn -0.485 0.000 -0.875
vn -0.485 0.000 -0.875
vn -0.485 0.000 -0.875
vn -0.485 0.000 -0.875
vn -0.485 0.000 -0.875
vn -0.485 0.000 -0.875
vn 0.485 0.000 -0.875
vn 0.485 0.000 -0.875
vn 0.485 0.000 -0.875
vn 0.485 0.000 -0.875
vn 0.485 0.000 -0.875
vn 0.485 0.000 -0.875
vn 0.998 -0.002 -0.057
vn 0.999 -0.005 -0.049
vn 0.998 -0.002 -0.057
vn 0.998 -0.002 -0.057
vn 0.998 -0.002 -0.057
vn 0.998 0.000 -0.065
vn 0.628 0.001 0.778
vn 0.419 0.000 0.908
vn 0.768 0.002 0.640
vn 0.628 0.001 0.778
vn 0.768 0.002 0.640
vn 0.775 0.004 0.632
vn 0.061 0.000 0.998
vn -0.061 0.000 0.998
vn 0.419 0.000 0.908
vn 0.061 0.000 0.998
vn 0.419 0.000 0.908
vn 0.628 0.001 0.778
vn -0.368 -0.000 0.930
vn -0.368 0.000 0.930
vn -0.368 -0.000 0.930
vn -0.368 -0.000 0.930
vn -0.368 -0.000 0.930
vn -0.368 -0.000 0.930
vn -0.941 0.000 0.338
vn -0.941 0.000 0.338
vn -0.941 0.000 0.338
vn -0.941 0.000 0.338
vn -0.941 0.000 0.338
vn -0.941 0.000 0.338
vn -0.917 0.000 -0.399
vn -0.917 0.000 -0.399
vn -0.917 0.000 -0.399
vn -0.917 0.000 -0.399
vn -0.917 0.000 -0.399
vn -0.917 0.000 -0.399
vn -0.119 0.000 -0.993
vn -0.338 0.000 -0.941
vn -0.338 0.000 -0.941
vn -0.119 0.000 -0.993
vn -0.338 0.000 -0.941
vn 0.119 0.000 -0.993
vn 0.338 0.000 -0.941
vn -0.119 0.000 -0.993
vn 0.119 0.000 -0.993
vn 0.338 0.000 -0.941
vn 0.119 0.000 -0.993
vn 0.338 0.000 -0.941
vn 0.916 0.000 -0.401
vn 0.916 0.001 -0.402
vn 0.916 0.000 -0.401
vn 0.916 0.000 -0.401
vn 0.916 0.000 -0.401
vn 0.917 0.000 -0.400
vn 0.939 -0.000 0.344
vn 0.939 -0.000 0.343
vn 0.939 -0.000 0.344
vn 0.939 -0.000 0.344
vn 0.939 -0.000 0.344
vn 0.939 -0.001 0.345
vn 0.368 -0.000 0.930
vn 0.368 -0.000 0.930
vn 0.368 -0.000 0.930
vn 0.368 -0.000 0.930
vn 0.368 -0.000 0.930
vn 0.368 -0.000 0.930
vn -0.436 0.000 0.900
vn -0.634 0.000 0.773
vn -0.072 0.000 0.997
vn -0.436 0.000 0.900
vn -0.072 0.000 0.997
vn 0.072 0.000 0.997
vn -0.782 0.000 0.623
vn -0.782 0.000 0.623
vn -0.634 0.000 0.773
vn -0.782 0.000 0.623
vn -0.634 0.000 0.773
vn -0.436 0.000 0.900
vn -0.997 0.000 -0.081
vn -0.997 0.000 -0.081
vn -0.997 0.000 -0.081
vn -0.997 0.000 -0.081
vn -0.997 0.000 -0.081
vn -0.997 0.000 -0.081
vn -0.446 0.000 -0.895
vn -0.446 0.000 -0.895
vn -0.446 0.000 -0.895
vn -0.446 0.000 -0.895
vn -0.446 0.000 -0.895
vn -0.446 0.000 -0.895
vn -1.000 0.000 0.000
vn -1.000 0.000 0.000
vn -1.000 0.000 0.000
vn -1.000 0.000 0.000
vn -1.000 0.000 0.000
vn -1.000 0.000 0.000
vn 1.000 0.000 -0.000
vn 1.000 0.000 -0.000
vn 1.000 0.000 -0.000
vn 1.000 0.000 -0.000
vn 1.000 0.000 -0.000
vn 1.000 0.000 -0.000
vn 0.446 0.000 -0.895
vn 0.446 0.000 -0.895
vn 0.446 0.000 -0.895
vn 0.446 0.000 -0.895
vn 0.446 0.000 -0.895
vn 0.446 0.000 -0.895
vn 0.996 0.002 -0.089
vn 0.995 0.005 -0.098
vn 0.996 0.002 -0.089
vn 0.996 0.002 -0.089
vn 0.996 0.002 -0.089
vn 0.997 -0.000 -0.081
vn 0.645 -0.002 0.764
vn 0.453 0.000 0.891
vn 0.791 -0.002 0.612
vn 0.645 -0.002 0.764
vn 0.791 -0.002 0.612
vn 0.782 -0.005 0.623
vn 0.072 0.000 0.997
vn -0.072 0.000 0.997
vn 0.453 0.000 0.891
vn 0.072 0.000 0.997
vn 0.453 0.000 0.891
vn 0.645 -0.002 0.764
vn -0.398 0.000 0.917
vn -0.398 0.000 0.917
vn -0.398 0.000 0.917
vn -0.398 0.000 0.917
vn -0.398 0.000 0.917
vn -0.398 0.000 0.917
vn -0.952 0.000 0.306
vn -0.952 0.000 0.306
vn -0.952 0.000 0.306
vn -0.952 0.000 0.306
vn -0.952 0.000 0.306
vn -0.952 0.000 0.306
vn -0.904 0.000 -0.428
vn -0.904 0.000 -0.428
vn -0.904 0.000 -0.428
vn -0.904 0.000 -0.428
vn -0.904 0.000 -0.428
vn -0.904 0.000 -0.428
vn -0.119 0.000 -0.993
vn -0.338 0.000 -0.941
vn -0.338 -0.000 -0.941
vn -0.119 0.000 -0.993
vn -0.338 -0.000 -0.941
vn 0.119 0.000 -0.993
vn 0.338 0.000 -0.941
vn -0.119 0.000 -0.993
vn 0.119 0.000 -0.993
vn 0.338 0.000 -0.941
vn 0.119 0.000 -0.993
vn 0.338 0.000 -0.941
vn 0.904 0.000 -0.428
vn 0.904 0.000 -0.428
vn 0.904 0.000 -0.428
vn 0.904 0.000 -0.428
vn 0.904 0.000 -0.428
vn 0.904 0.000 -0.428
vn 0.952 -0.000 0.306
vn 0.952 -0.000 0.306
vn 0.952 -0.000 0.306
vn 0.952 -0.000 0.306
vn 0.952 -0.000 0.306
vn 0.952 0.000 0.306
vn 0.398 -0.000 0.917
vn 0.398 0.000 0.917
vn 0.398 -0.000 0.917
vn 0.398 -0.000 0.917
vn 0.398 -0.000 0.917
vn 0.398 -0.000 0.917
f 8//1 10//2 3//3
f 8//4 3//5 2//6
f 11//7 12//8 9//9
f 11//10 9//11 7//12
f 43//13 60//14 58//15
f 57//16 54//17 47//18
f 57//19 47//20 34//21
f 57//22 34//23 33//24
f 57//25 33//26 50//27
f 57//28 50//29 56//30
f 57//31 56//32 66//33
f 57//34 66//35 72//36
f 57//37 72//38 71//39
f 57//40 71//41 65//42
f 138//43 136//44 133//45
f 138//46 133//47 128//48
f 138//49 128//50 121//51
f 138//52 121//53 117//54
f 138//55 117//56 114//57
f 138//58 114//59 110//60
f 138//61 110//62 103//63
f 138//64 103//65 96//66
f 138//67 96//68 92//69
f 138//70 92//71 89//72
f 138//73 89//74 86//75
f 138//76 86//77 74//78
f 138//79 74//80 73//81
f 138//82 73//83 79//84
f 138//85 79//86 85//87
f 138//88 85//89 91//90
f 138//91 91//92 98//93
f 138//94 98//95 102//96
f 138//97 102//98 109//99
f 138//100 109//101 107//102
f 138//103 107//104 108//105
f 138//106 108//107 101//108
f 138//109 101//110 100//111
f 138//112 100//113 106//114
f 138//115 106//116 113//117
f 138//118 113//119 115//120
f 138//121 115//122 120//123
f 138//124 120//125 124//126
f 138//127 124//128 125//129
f 138//130 125//131 123//132
f 138//133 123//134 118//135
f 138//136 118//137 116//138
f 138//139 116//140 122//141
f 138//142 122//143 127//144
f 138//145 127//146 134//147
f 138//148 134//149 137//150
f 138//151 137//152 142//153
f 138//154 142//155 143//156
f 138//157 143//158 144//159
f 138//160 144//161 140//162
f 137//163 134//164 132//165
f 137//166 132//167 130//168
f 137//169 130//170 125//171
f 137//172 125//173 124//174
f 137//175 124//176 131//177
f 137//178 131//179 205//180
f 137//181 205//182 208//183
f 137//184 208//185 213//186
f 137//187 213//188 221//189
f 137//190 221//191 227//192
f 137//193 227//194 230//195
f 137//196 230//197 233//198
f 137//199 233//200 238//201
f 137//202 238//203 246//204
f 137//205 246//206 247//207
f 137//208 247//209 236//210
f 137//211 236//212 234//213
f 137//214 234//215 250//216
f 137//217 250//218 248//219
f 137//220 248//221 261//222
f 137//223 261//224 259//225
f 137//226 259//227 267//228
f 137//229 267//230 278//231
f 137//232 278//233 283//234
f 137//235 283//236 284//237
f 137//238 284//239 273//240
f 137//241 273//242 268//243
f 137//244 268//245 274//246
f 137//247 274//248 288//249
f 137//250 288//251 301//252
f 137//253 301//254 12//255
f 137//256 12//257 6//258
f 137//259 6//260 4//261
f 137//262 4//263 9//264
f 137//265 9//266 298//267
f 137//268 298//269 285//270
f 137//271 285//272 275//273
f 137//274 275//275 264//276
f 137//277 264//278 262//279
f 137//280 262//281 258//282
f 137//283 258//284 249//285
f 137//286 249//287 239//288
f 137//289 239//290 231//291
f 137//292 231//293 229//294
f 137//295 229//296 226//297
f 137//298 226//299 219//300
f 137//301 219//302 211//303
f 137//304 211//305 206//306
f 137//307 206//308 204//309
f 137//310 204//311 202//312
f 137//313 202//314 196//315
f 137//316 196//317 190//318
f 137//319 190//320 186//321
f 137//322 186//323 185//324
f 137//325 185//326 182//327
f 137//328 182//329 175//330
f 137//331 175//332 173//333
f 137//334 173//335 169//336
f 137//337 169//338 168//339
f 137//340 168//341 167//342
f 137//343 167//344 164//345
f 137//346 164//347 163//348
f 137//349 163//350 161//351
f 137//352 161//353 162//354
f 137//355 162//356 165//357
f 137//358 165//359 166//360
f 137//361 166//362 168//363
f 137//364 168//365 169//366
f 137//367 169//368 172//369
f 137//370 172//371 176//372
f 137//373 176//374 180//375
f 137//376 180//377 185//378
f 137//379 185//380 186//381
f 137//382 186//383 189//384
f 137//385 189//386 193//387
f 137//388 193//389 192//390
f 137//391 192//392 188//393
f 137//394 188//395 187//396
f 137//397 187//398 184//399
f 137//400 184//401 181//402
f 137//403 181//404 179//405
f 137//406 179//407 177//408
f 137//409 177//410 171//411
f 137//412 171//413 170//414
f 137//415 170//416 174//417
f 137//418 174//419 178//420
f 137//421 178//422 183//423
f 137//424 183//425 184//426
f 137//427 184//428 187//429
f 137//430 187//431 191//432
f 137//433 191//434 194//435
f 137//436 194//437 200//438
f 137//439 200//440 203//441
f 137//442 203//443 207//444
f 137//445 207//446 214//447
f 137//448 214//449 218//450
f 137//451 218//452 224//453
f 137//454 224//455 228//456
f 137//457 228//458 232//459
f 137//460 232//461 241//462
f 137//463 241//464 244//465
f 137//466 244//467 245//468
f 137//469 245//470 240//471
f 137//472 240//473 233//474
f 137//475 233//476 230//477
f 137//478 230//479 225//480
f 137//481 225//482 217//483
f 137//484 217//485 212//486
f 137//487 212//488 208//489
f 137//490 208//491 205//492
f 137//493 205//494 201//495
f 137//496 201//497 195//498
f 137//499 195//500 126//501
f 137//502 126//503 115//504
f 137//505 115//506 113//507
f 137//508 113//509 111//510
f 137//511 111//512 104//513
f 137//514 104//515 97//516
f 137//517 97//518 90//519
f 137//520 90//521 88//522
f 137//523 88//524 82//525
f 137//526 82//527 71//528
f 137//529 71//530 72//531
f 137//532 72//533 81//534
f 137//535 81//536 80//537
f 137//538 80//539 78//540
f 137//541 78//542 75//543
f 137//544 75//545 61//546
f 137//547 61//548 56//549
f 137//550 56//551 50//552
f 137//553 50//554 46//555
f 137//556 46//557 40//558
f 137//559 40//560 31//561
f 137//562 31//563 30//564
f 137//565 30//566 49//567
f 137//568 49//569 53//570
f 137//571 53//572 45//573
f 137//574 45//575 32//576
f 137//577 32//578 24//579
f 137//580 24//581 13//582
f 137//583 13//584 20//585
f 137//586 20//587 30//588
f 137//589 30//590 31//591
f 137//592 31//593 29//594
f 137//595 29//596 19//597
f 137//598 19//599 15//600
f 137//601 15//602 26//603
f 137//604 26//605 33//606
f 137//607 33//608 34//609
f 137//610 34//611 22//612
f 137//613 22//614 14//615
f 137//616 14//617 21//618
f 137//619 21//620 35//621
f 137//622 35//623 51//624
f 137//625 51//626 54//627
f 137//628 54//629 57//630
f 137//631 57//632 63//633
f 137//634 63//635 70//636
f 137//637 70//638 83//639
f 137//640 83//641 88//642
f 137//643 88//644 90//645
f 137//646 90//647 94//648
f 137//649 94//650 100//651
f 137//652 100//653 101//654
f 137//655 101//656 99//657
f 137//658 99//659 93//660
f 137//661 93//662 91//663
f 137//664 91//665 85//666
f 137//667 85//668 84//669
f 137//670 84//671 77//672
f 137//673 77//674 69//675
f 137//676 69//677 68//678
f 137//679 68//680 60//681
f 137//682 60//683 43//684
f 137//685 43//686 52//687
f 137//688 52//689 41//690
f 137//691 41//692 36//693
f 137//694 36//695 28//696
f 137//697 28//698 18//699
f 137//700 18//701 16//702
f 137//703 16//704 27//705
f 137//706 27//707 37//708
f 137//709 37//710 42//711
f 137//712 42//713 43//714
f 137//715 43//716 58//717
f 137//718 58//719 67//720
f 137//721 67//722 73//723
f 137//724 73//725 74//726
f 137//727 74//728 64//729
f 137//730 64//731 59//732
f 137//733 59//734 55//735
f 137//736 55//737 44//738
f 137//739 44//740 38//741
f 137//742 38//743 23//744
f 137//745 23//746 17//747
f 137//748 17//749 25//750
f 137//751 25//752 39//753
f 137//754 39//755 48//756
f 137//757 48//758 55//759
f 137//760 55//761 59//762
f 137//763 59//764 62//765
f 137//766 62//767 76//768
f 137//769 76//770 87//771
f 137//772 87//773 89//774
f 137//775 89//776 92//777
f 137//778 92//779 95//780
f 137//781 95//782 105//783
f 137//784 105//785 112//786
f 137//787 112//788 114//789
f 137//790 114//791 117//792
f 137//793 117//794 119//795
f 137//796 119//797 129//798
f 137//799 129//800 135//801
f 137//802 135//803 136//804
f 137//805 136//806 138//807
f 137//808 138//809 141//810
f 137//811 141//812 146//813
f 137//814 146//815 149//816
f 137//817 149//818 152//819
f 137//820 152//821 153//822
f 137//823 153//824 154//825
f 137//826 154//827 157//828
f 137//829 157//830 159//831
f 137//832 159//833 160//834
f 137//835 160//836 158//837
f 137//838 158//839 156//840
f 137//841 156//842 155//843
f 137//844 155//845 153//846
f 137//847 153//848 152//849
f 137//850 152//851 148//852
f 137//853 148//854 144//855
f 137//856 144//857 143//858
f 137//859 143//860 147//861
f 137//862 147//863 151//864
f 137//865 151//866 150//867
f 137//868 150//869 145//870
f 137//871 145//872 139//873
f 207//874 203//875 199//876
f 207//877 199//878 197//879
f 207//880 197//881 192//882
f 207//883 192//884 193//885
f 207//886 193//887 198//888
f 207//889 198//890 204//891
f 207//892 204//893 206//894
f 207//895 206//896 210//897
f 207//898 210//899 216//900
f 207//901 216//902 222//903
f 207//904 222//905 229//906
f 207//907 229//908 231//909
f 207//910 231//911 237//912
f 207//913 237//914 242//915
f 207//916 242//917 252//918
f 207//919 252//920 262//921
f 207//922 262//923 264//924
f 207//925 264//926 271//927
f 207//928 271//929 286//930
f 207//931 286//932 292//933
f 207//934 292//935 304//936
f 207//937 304//938 298//939
f 207//940 298//941 9//942
f 207//943 9//944 12//945
f 207//946 12//947 301//948
f 207//949 301//950 303//951
f 207//952 303//953 290//954
f 207//955 290//956 284//957
f 207//958 284//959 283//960
f 207//961 283//962 291//963
f 207//964 291//965 299//966
f 207//967 299//968 296//969
f 207//970 296//971 282//972
f 207//973 282//974 270//975
f 207//976 270//977 267//978
f 207//979 267//980 259//981
f 207//982 259//983 256//984
f 207//985 256//986 247//987
f 207//988 247//989 246//990
f 207//991 246//992 257//993
f 207//994 257//995 263//996
f 207//997 263//998 266//999
f 207//1000 266//1001 272//1002
f 207//1003 272//1004 281//1005
f 207//1006 281//1007 297//1008
f 207//1009 297//1010 302//1011
f 207//1012 302//1013 294//1014
f 207//1015 294//1016 280//1017
f 207//1018 280//1019 276//1020
f 207//1021 276//1022 266//1023
f 207//1024 266//1025 263//1026
f 207//1027 263//1028 255//1029
f 207//1030 255//1031 245//1032
f 207//1033 245//1034 244//1035
f 207//1036 244//1037 254//1038
f 207//1039 254//1040 260//1041
f 207//1042 260//1043 265//1044
f 207//1045 265//1046 277//1047
f 207//1048 277//1049 279//1050
f 207//1051 279//1052 295//1053
f 207//1054 295//1055 300//1056
f 207//1057 300//1058 293//1059
f 207//1060 293//1061 287//1062
f 207//1063 287//1064 289//1065
f 207//1066 289//1067 287//1068
f 207//1069 287//1070 269//1071
f 207//1072 269//1073 265//1074
f 207//1075 265//1076 260//1077
f 207//1078 260//1079 253//1080
f 207//1081 253//1082 243//1083
f 207//1084 243//1085 251//1086
f 207//1087 251//1088 243//1089
f 207//1090 243//1091 235//1092
f 207//1093 235//1094 232//1095
f 207//1096 232//1097 228//1098
f 207//1099 228//1100 223//1101
f 207//1102 223//1103 215//1104
f 207//1105 215//1106 220//1107
f 207//1108 220//1109 215//1110
f 207//1111 215//1112 209//1113
f 1//1114 4//1115 6//1116
f 1//1117 6//1118 5//1119
f 5//1120 6//1121 12//1122
f 5//1123 12//1124 11//1125
f 2//1126 3//1127 4//1128
f 2//1129 4//1130 1//1131
f 10//1132 8//1133 7//1134
f 10//1135 7//1136 9//1137
f 1//1138 7//1139 8//1140
f 1//1141 8//1142 2//1143
f 9//1144 4//1145 3//1146
f 9//1147 3//1148 10//1149
f 324//1150 330//1151 326//1152
f 353//1153 345//1154 346//1155
f 377//1156 374//1157 367//1158
f 377//1159 367//1160 361//1161
f 377//1162 361//1163 362//1164
f 377//1165 362//1166 368//1167
f 377//1168 368//1169 378//1170
f 377//1171 378//1172 380//1173
f 377//1174 380//1175 391//1176
f 377//1177 391//1178 397//1179
f 377//1180 397//1181 411//1182
f 377//1183 411//1184 415//1185
f 377//1186 415//1187 428//1188
f 377//1189 428//1190 441//1191
f 377//1192 441//1193 444//1194
f 377//1195 444//1196 438//1197
f 377//1198 438//1199 431//1200
f 377//1201 431//1202 423//1203
f 377//1204 423//1205 411//1206
f 377//1207 411//1208 403//1209
f 377//1210 403//1211 400//1212
f 377//1213 400//1214 393//1215
f 377//1216 393//1217 387//1218
f 377//1219 387//1220 378//1221
f 377//1222 378//1223 371//1224
f 377//1225 371//1226 370//1227
f 377//1228 370//1229 363//1230
f 377//1231 363//1232 364//1233
f 377//1234 364//1235 369//1236
f 377//1237 369//1238 375//1239
f 377//1240 375//1241 379//1242
f 377//1243 379//1244 383//1245
f 377//1246 383//1247 392//1248
f 377//1249 392//1250 399//1251
f 377//1252 399//1253 408//1254
f 377//1255 408//1256 412//1257
f 377//1258 412//1259 419//1260
f 377//1261 419//1262 430//1263
f 377//1264 430//1265 437//1266
f 377//1267 437//1268 448//1269
f 377//1270 448//1271 443//1272
f 377//1273 443//1274 11//1275
f 377//1276 11//1277 7//1278
f 377//1279 7//1280 446//1281
f 377//1282 446//1283 449//1284
f 377//1285 449//1286 440//1287
f 377//1288 440//1289 425//1290
f 377//1291 425//1292 434//1293
f 377//1294 434//1295 424//1296
f 377//1297 424//1298 439//1299
f 377//1300 439//1301 445//1302
f 377//1303 445//1304 435//1305
f 377//1306 435//1307 427//1308
f 377//1309 427//1310 422//1311
f 377//1312 422//1313 409//1314
f 377//1315 409//1316 405//1317
f 377//1318 405//1319 402//1320
f 377//1321 402//1322 388//1323
f 377//1324 388//1325 389//1326
f 377//1327 389//1328 401//1329
f 377//1330 401//1331 407//1332
f 377//1333 407//1334 410//1335
f 377//1336 410//1337 421//1338
f 377//1339 421//1340 426//1341
f 377//1342 426//1343 436//1344
f 377//1345 436//1346 447//1347
f 377//1348 447//1349 442//1350
f 377//1351 442//1352 429//1353
f 377//1354 429//1355 417//1356
f 377//1357 417//1358 410//1359
f 377//1360 410//1361 407//1362
f 377//1363 407//1364 398//1365
f 377//1366 398//1367 390//1368
f 377//1369 390//1370 382//1371
f 371//1372 378//1373 368//1374
f 379//1375 375//1376 372//1377
f 379//1378 372//1379 366//1380
f 379//1381 366//1382 359//1383
f 379//1384 359//1385 354//1386
f 379//1387 354//1388 351//1389
f 379//1390 351//1391 349//1392
f 379//1393 349//1394 342//1395
f 379//1396 342//1397 335//1398
f 379//1399 335//1400 331//1401
f 379//1402 331//1403 329//1404
f 379//1405 329//1406 327//1407
f 379//1408 327//1409 321//1410
f 379//1411 321//1412 317//1413
f 379//1414 317//1415 313//1416
f 379//1417 313//1418 312//1419
f 379//1420 312//1421 311//1422
f 379//1423 311//1424 309//1425
f 379//1426 309//1427 307//1428
f 379//1429 307//1430 305//1431
f 379//1432 305//1433 306//1434
f 379//1435 306//1436 308//1437
f 379//1438 308//1439 310//1440
f 379//1441 310//1442 312//1443
f 379//1444 312//1445 313//1446
f 379//1447 313//1448 316//1449
f 379//1450 316//1451 319//1452
f 379//1453 319//1454 325//1455
f 379//1456 325//1457 329//1458
f 379//1459 329//1460 331//1461
f 379//1462 331//1463 334//1464
f 379//1465 334//1466 341//1467
f 379//1468 341//1469 347//1470
f 379//1471 347//1472 351//1473
f 379//1474 351//1475 354//1476
f 379//1477 354//1478 358//1479
f 379//1480 358//1481 364//1482
f 379//1483 364//1484 363//1485
f 379//1486 363//1487 360//1488
f 379//1489 360//1490 353//1491
f 379//1492 353//1493 346//1494
f 379//1495 346//1496 340//1497
f 379//1498 340//1499 336//1500
f 379//1501 336//1502 330//1503
f 379//1504 330//1505 324//1506
f 379//1507 324//1508 320//1509
f 379//1510 320//1511 318//1512
f 379//1513 318//1514 314//1515
f 379//1516 314//1517 315//1518
f 379//1519 315//1520 323//1521
f 379//1522 323//1523 322//1524
f 379//1525 322//1526 328//1527
f 379//1528 328//1529 326//1530
f 379//1531 326//1532 330//1533
f 379//1534 330//1535 332//1536
f 379//1537 332//1538 337//1539
f 379//1540 337//1541 338//1542
f 379//1543 338//1544 343//1545
f 379//1546 343//1547 345//1548
f 379//1549 345//1550 353//1551
f 379//1552 353//1553 355//1554
f 379//1555 355//1556 362//1557
f 379//1558 362//1559 361//1560
f 379//1561 361//1562 357//1563
f 379//1564 357//1565 352//1566
f 379//1567 352//1568 350//1569
f 379//1570 350//1571 344//1572
f 379//1573 344//1574 339//1575
f 379//1576 339//1577 333//1578
f 379//1579 333//1580 553//1581
f 379//1582 553//1583 551//1584
f 379//1585 551//1586 549//1587
f 379//1588 549//1589 541//1590
f 379//1591 541//1592 532//1593
f 379//1594 532//1595 527//1596
f 379//1597 527//1598 526//1599
f 379//1600 526//1601 518//1602
f 379//1603 518//1604 510//1605
f 379//1606 510//1607 511//1608
f 379//1609 511//1610 515//1611
f 379//1612 515//1613 519//1614
f 379//1615 519//1616 524//1617
f 379//1618 524//1619 522//1620
f 379//1621 522//1622 513//1623
f 379//1624 513//1625 505//1626
f 379//1627 505//1628 496//1629
f 379//1630 496//1631 484//1632
f 379//1633 484//1634 479//1635
f 379//1636 479//1637 475//1638
f 379//1639 475//1640 474//1641
f 379//1642 474//1643 485//1644
f 379//1645 485//1646 492//1647
f 379//1648 492//1649 489//1650
f 379//1651 489//1652 476//1653
f 379//1654 476//1655 462//1656
f 379//1657 462//1658 454//1659
f 379//1660 454//1661 459//1662
f 379//1663 459//1664 474//1665
f 379//1666 474//1667 475//1668
f 379//1669 475//1670 464//1671
f 379//1672 464//1673 453//1674
f 379//1675 453//1676 455//1677
f 379//1678 455//1679 465//1680
f 379//1681 465//1682 472//1683
f 379//1684 472//1685 473//1686
f 379//1687 473//1688 458//1689
f 379//1690 458//1691 451//1692
f 379//1693 451//1694 460//1695
f 379//1696 460//1697 470//1698
f 379//1699 470//1700 471//1701
f 379//1702 471//1703 463//1704
f 379//1705 463//1706 452//1707
f 379//1708 452//1709 456//1710
f 379//1711 456//1712 466//1713
f 379//1714 466//1715 469//1716
f 379//1717 469//1718 467//1719
f 379//1720 467//1721 457//1722
f 379//1723 457//1724 450//1725
f 379//1726 450//1727 461//1728
f 379//1729 461//1730 468//1731
f 379//1732 468//1733 487//1734
f 379//1735 487//1736 490//1737
f 379//1738 490//1739 493//1740
f 379//1741 493//1742 501//1743
f 379//1744 501//1745 512//1746
f 379//1747 512//1748 523//1749
f 379//1750 523//1751 525//1752
f 379//1753 525//1754 528//1755
f 379//1756 528//1757 534//1758
f 379//1759 534//1760 540//1761
f 379//1762 540//1763 548//1764
f 379//1765 548//1766 550//1767
f 379//1768 550//1769 552//1770
f 379//1771 552//1772 557//1773
f 379//1774 557//1775 564//1776
f 379//1777 564//1778 570//1779
f 379//1780 570//1781 571//1782
f 379//1783 571//1784 572//1785
f 379//1786 572//1787 576//1788
f 379//1789 576//1790 581//1791
f 379//1792 581//1793 585//1794
f 379//1795 585//1796 588//1797
f 379//1798 588//1799 589//1800
f 379//1801 589//1802 591//1803
f 379//1804 591//1805 593//1806
f 379//1807 593//1808 595//1809
f 379//1810 595//1811 596//1812
f 379//1813 596//1814 594//1815
f 379//1816 594//1817 592//1818
f 379//1819 592//1820 590//1821
f 379//1822 590//1823 589//1824
f 379//1825 589//1826 588//1827
f 379//1828 588//1829 584//1830
f 379//1831 584//1832 578//1833
f 379//1834 578//1835 575//1836
f 379//1837 575//1838 572//1839
f 379//1840 572//1841 571//1842
f 379//1843 571//1844 566//1845
f 379//1846 566//1847 561//1848
f 379//1849 561//1850 556//1851
f 379//1852 556//1853 552//1854
f 379//1855 552//1856 550//1857
f 379//1858 550//1859 546//1860
f 379//1861 546//1862 536//1863
f 379//1864 536//1865 531//1866
f 379//1867 531//1868 528//1869
f 379//1870 528//1871 525//1872
f 379//1873 525//1874 520//1875
f 379//1876 520//1877 507//1878
f 379//1879 507//1880 506//1881
f 379//1882 506//1883 514//1884
f 379//1885 514//1886 521//1887
f 379//1888 521//1889 516//1890
f 379//1891 516//1892 529//1893
f 379//1894 529//1895 530//1896
f 379//1897 530//1898 537//1899
f 379//1900 537//1901 542//1902
f 379//1903 542//1904 545//1905
f 379//1906 545//1907 547//1908
f 379//1909 547//1910 554//1911
f 379//1912 554//1913 555//1914
f 379//1915 555//1916 560//1917
f 379//1918 560//1919 565//1920
f 379//1921 565//1922 567//1923
f 379//1924 567//1925 569//1926
f 379//1927 569//1928 573//1929
f 379//1930 573//1931 574//1932
f 379//1933 574//1934 580//1935
f 379//1936 580//1937 579//1938
f 379//1939 579//1940 580//1941
f 379//1942 580//1943 583//1944
f 379//1945 583//1946 587//1947
f 379//1948 587//1949 586//1950
f 379//1951 586//1952 582//1953
f 379//1954 582//1955 577//1956
f 379//1957 577//1958 573//1959
f 379//1960 573//1961 569//1962
f 379//1963 569//1964 568//1965
f 379//1966 568//1967 563//1968
f 379//1969 563//1970 559//1971
f 379//1972 559//1973 554//1974
f 379//1975 554//1976 547//1977
f 379//1978 547//1979 544//1980
f 379//1981 544//1982 539//1983
f 379//1984 539//1985 535//1986
f 379//1987 535//1988 529//1989
f 379//1990 529//1991 516//1992
f 379//1993 516//1994 508//1995
f 379//1996 508//1997 509//1998
f 379//1999 509//2000 517//2001
f 379//2002 517//2003 526//2004
f 379//2005 526//2006 527//2007
f 379//2008 527//2009 533//2010
f 379//2011 533//2012 538//2013
f 379//2014 538//2015 543//2016
f 379//2017 543//2018 551//2019
f 379//2020 551//2021 553//2022
f 379//2023 553//2024 558//2025
f 379//2026 558//2027 562//2028
f 379//2029 562//2030 348//2031
f 379//2032 348//2033 350//2034
f 379//2035 350//2036 352//2037
f 379//2038 352//2039 356//2040
f 379//2041 356//2042 365//2043
f 379//2044 365//2045 373//2046
f 379//2047 373//2048 374//2049
f 379//2050 374//2051 377//2052
f 379//2053 377//2054 385//2055
f 379//2056 385//2057 389//2058
f 379//2059 389//2060 388//2061
f 379//2062 388//2063 386//2064
f 379//2065 386//2066 376//2067
f 379//2068 376//2069 381//2070
f 379//2071 381//2072 394//2073
f 379//2074 394//2075 396//2076
f 379//2077 396//2078 394//2079
f 379//2080 394//2081 406//2082
f 379//2083 406//2084 405//2085
f 379//2086 405//2087 409//2088
f 379//2089 409//2090 414//2091
f 379//2092 414//2093 424//2094
f 379//2095 424//2096 434//2097
f 379//2098 434//2099 425//2100
f 379//2101 425//2102 416//2103
f 379//2104 416//2105 413//2106
f 379//2107 413//2108 420//2109
f 379//2110 420//2111 432//2112
f 379//2113 432//2114 446//2115
f 379//2116 446//2117 7//2118
f 379//2119 7//2120 1//2121
f 379//2122 1//2123 5//2124
f 379//2125 5//2126 11//2127
f 379//2128 11//2129 443//2130
f 379//2131 443//2132 433//2133
f 379//2134 433//2135 418//2136
f 379//2137 418//2138 412//2139
f 379//2140 412//2141 408//2142
f 379//2143 408//2144 404//2145
f 379//2146 404//2147 395//2148
f 379//2149 395//2150 384//2151
f 403//2152 411//2153 397//2154
f 491//2155 482//2156 473//2157
f 491//2158 473//2159 472//2160
f 491//2161 472//2162 478//2163
f 491//2164 478//2165 483//2166
f 491//2167 483//2168 484//2169
f 491//2170 484//2171 496//2172
f 491//2173 496//2174 498//2175
f 491//2176 498//2177 504//2178
f 491//2179 504//2180 511//2181
f 491//2182 511//2183 510//2184
f 491//2185 510//2186 500//2187
f 491//2188 500//2189 495//2190
f 491//2191 495//2192 502//2193
f 491//2194 502//2195 509//2196
f 491//2197 509//2198 508//2199
f 491//2200 508//2201 503//2202
f 491//2203 503//2204 494//2205
f 491//2206 494//2207 497//2208
f 491//2209 497//2210 506//2211
f 491//2212 506//2213 507//2214
f 491//2215 507//2216 499//2217
f 491//2218 499//2219 493//2220
f 491//2221 493//2222 490//2223
f 491//2224 490//2225 486//2226
f 491//2227 486//2228 467//2229
f 491//2230 467//2231 469//2232
f 491//2233 469//2234 477//2235
f 491//2236 477//2237 488//2238
f 491//2239 488//2240 480//2241
f 491//2242 480//2243 471//2244
f 491//2245 471//2246 470//2247
f 491//2248 470//2249 481//2250
f 205//2251 201//2252 195//2253
f 205//2254 195//2255 126//2256
f 205//2257 126//2258 115//2259
f 205//2260 115//2261 120//2262
f 205//2263 120//2264 124//2265
f 205//2266 124//2267 131//2268
f 489//2269 48//2270 39//2271
f 489//2272 39//2273 476//2274
f 55//2275 48//2276 489//2277
f 55//2278 489//2279 492//2280
f 44//2281 55//2282 492//2283
f 44//2284 492//2285 485//2286
f 38//2287 44//2288 485//2289
f 38//2290 485//2291 474//2292
f 23//2293 38//2294 474//2295
f 23//2296 474//2297 459//2298
f 454//2299 17//2300 23//2301
f 454//2302 23//2303 459//2304
f 462//2305 25//2306 17//2307
f 462//2308 17//2309 454//2310
f 476//2311 39//2312 25//2313
f 476//2314 25//2315 462//2316
f 479//2317 42//2318 37//2319
f 479//2320 37//2321 475//2322
f 484//2323 43//2324 42//2325
f 484//2326 42//2327 479//2328
f 52//2329 43//2330 484//2331
f 52//2332 484//2333 483//2334
f 41//2335 52//2336 483//2337
f 41//2338 483//2339 478//2340
f 36//2341 41//2342 478//2343
f 36//2344 478//2345 472//2346
f 28//2347 36//2348 472//2349
f 28//2350 472//2351 465//2352
f 18//2353 28//2354 465//2355
f 18//2356 465//2357 455//2358
f 453//2359 16//2360 18//2361
f 453//2362 18//2363 455//2364
f 464//2365 27//2366 16//2367
f 464//2368 16//2369 453//2370
f 475//2371 37//2372 27//2373
f 475//2374 27//2375 464//2376
f 482//2377 51//2378 35//2379
f 482//2380 35//2381 473//2382
f 54//2383 51//2384 482//2385
f 54//2386 482//2387 491//2388
f 47//2389 54//2390 491//2391
f 47//2392 491//2393 481//2394
f 34//2395 47//2396 481//2397
f 34//2398 481//2399 470//2400
f 22//2401 34//2402 470//2403
f 22//2404 470//2405 460//2406
f 451//2407 14//2408 22//2409
f 451//2410 22//2411 460//2412
f 458//2413 21//2414 14//2415
f 458//2416 14//2417 451//2418
f 473//2419 35//2420 21//2421
f 473//2422 21//2423 458//2424
f 480//2425 50//2426 33//2427
f 480//2428 33//2429 471//2430
f 46//2431 50//2432 480//2433
f 46//2434 480//2435 488//2436
f 40//2437 46//2438 488//2439
f 40//2440 488//2441 477//2442
f 31//2443 40//2444 477//2445
f 31//2446 477//2447 469//2448
f 29//2449 31//2450 469//2451
f 29//2452 469//2453 466//2454
f 19//2455 29//2456 466//2457
f 19//2458 466//2459 456//2460
f 452//2461 15//2462 19//2463
f 452//2464 19//2465 456//2466
f 463//2467 26//2468 15//2469
f 463//2470 15//2471 452//2472
f 471//2473 33//2474 26//2475
f 471//2476 26//2477 463//2478
f 486//2479 49//2480 30//2481
f 486//2482 30//2483 467//2484
f 53//2485 49//2486 486//2487
f 53//2488 486//2489 490//2490
f 45//2491 53//2492 490//2493
f 45//2494 490//2495 487//2496
f 32//2497 45//2498 487//2499
f 32//2500 487//2501 468//2502
f 24//2503 32//2504 468//2505
f 24//2506 468//2507 461//2508
f 450//2509 13//2510 24//2511
f 450//2512 24//2513 461//2514
f 457//2515 20//2516 13//2517
f 457//2518 13//2519 450//2520
f 467//2521 30//2522 20//2523
f 467//2524 20//2525 457//2526
f 311//2527 87//2528 76//2529
f 311//2530 76//2531 309//2532
f 89//2533 87//2534 311//2535
f 89//2536 311//2537 312//2538
f 86//2539 89//2540 312//2541
f 86//2542 312//2543 310//2544
f 74//2545 86//2546 310//2547
f 74//2548 310//2549 308//2550
f 64//2551 74//2552 308//2553
f 64//2554 308//2555 306//2556
f 305//2557 59//2558 64//2559
f 305//2560 64//2561 306//2562
f 307//2563 62//2564 59//2565
f 307//2566 59//2567 305//2568
f 309//2569 76//2570 62//2571
f 309//2572 62//2573 307//2574
f 522//2575 79//2576 73//2577
f 522//2578 73//2579 513//2580
f 524//2581 85//2582 79//2583
f 524//2584 79//2585 522//2586
f 84//2587 85//2588 524//2589
f 84//2590 524//2591 519//2592
f 77//2593 84//2594 519//2595
f 77//2596 519//2597 515//2598
f 69//2599 77//2600 515//2601
f 69//2602 515//2603 511//2604
f 68//2605 69//2606 511//2607
f 68//2608 511//2609 504//2610
f 60//2611 68//2612 504//2613
f 60//2614 504//2615 498//2616
f 496//2617 58//2618 60//2619
f 496//2620 60//2621 498//2622
f 505//2623 67//2624 58//2625
f 505//2626 58//2627 496//2628
f 513//2629 73//2630 67//2631
f 513//2632 67//2633 505//2634
f 518//2635 83//2636 70//2637
f 518//2638 70//2639 510//2640
f 88//2641 83//2642 518//2643
f 88//2644 518//2645 526//2646
f 82//2647 88//2648 526//2649
f 82//2650 526//2651 517//2652
f 71//2653 82//2654 517//2655
f 71//2656 517//2657 509//2658
f 65//2659 71//2660 509//2661
f 65//2662 509//2663 502//2664
f 495//2665 57//2666 65//2667
f 495//2668 65//2669 502//2670
f 500//2671 63//2672 57//2673
f 500//2674 57//2675 495//2676
f 510//2677 70//2678 63//2679
f 510//2680 63//2681 500//2682
f 516//2683 81//2684 72//2685
f 516//2686 72//2687 508//2688
f 80//2689 81//2690 516//2691
f 80//2692 516//2693 521//2694
f 78//2695 80//2696 521//2697
f 78//2698 521//2699 514//2700
f 75//2701 78//2702 514//2703
f 75//2704 514//2705 506//2706
f 61//2707 75//2708 506//2709
f 61//2710 506//2711 497//2712
f 494//2713 56//2714 61//2715
f 494//2716 61//2717 497//2718
f 503//2719 66//2720 56//2721
f 503//2722 56//2723 494//2724
f 508//2725 72//2726 66//2727
f 508//2728 66//2729 503//2730
f 520//2731 166//2732 165//2733
f 520//2734 165//2735 507//2736
f 168//2737 166//2738 520//2739
f 168//2740 520//2741 525//2742
f 167//2743 168//2744 525//2745
f 167//2746 525//2747 523//2748
f 164//2749 167//2750 523//2751
f 164//2752 523//2753 512//2754
f 163//2755 164//2756 512//2757
f 163//2758 512//2759 501//2760
f 493//2761 161//2762 163//2763
f 493//2764 163//2765 501//2766
f 499//2767 162//2768 161//2769
f 499//2770 161//2771 493//2772
f 507//2773 165//2774 162//2775
f 507//2776 162//2777 499//2778
f 327//2779 112//2780 105//2781
f 327//2782 105//2783 321//2784
f 114//2785 112//2786 327//2787
f 114//2788 327//2789 329//2790
f 110//2791 114//2792 329//2793
f 110//2794 329//2795 325//2796
f 103//2797 110//2798 325//2799
f 103//2800 325//2801 319//2802
f 96//2803 103//2804 319//2805
f 96//2806 319//2807 316//2808
f 313//2809 92//2810 96//2811
f 313//2812 96//2813 316//2814
f 317//2815 95//2816 92//2817
f 317//2818 92//2819 313//2820
f 321//2821 105//2822 95//2823
f 321//2824 95//2825 317//2826
f 324//2827 109//2828 102//2829
f 324//2830 102//2831 320//2832
f 107//2833 109//2834 324//2835
f 107//2836 324//2837 326//2838
f 108//2839 107//2840 326//2841
f 108//2842 326//2843 328//2844
f 101//2845 108//2846 328//2847
f 101//2848 328//2849 322//2850
f 99//2851 101//2852 322//2853
f 99//2854 322//2855 323//2856
f 93//2857 99//2858 323//2859
f 93//2860 323//2861 315//2862
f 314//2863 91//2864 93//2865
f 314//2866 93//2867 315//2868
f 318//2869 98//2870 91//2871
f 318//2872 91//2873 314//2874
f 320//2875 102//2876 98//2877
f 320//2878 98//2879 318//2880
f 549//2881 106//2882 100//2883
f 549//2884 100//2885 541//2886
f 113//2887 106//2888 549//2889
f 113//2890 549//2891 551//2892
f 111//2893 113//2894 551//2895
f 111//2896 551//2897 543//2898
f 104//2899 111//2900 543//2901
f 104//2902 543//2903 538//2904
f 97//2905 104//2906 538//2907
f 97//2908 538//2909 533//2910
f 527//2911 90//2912 97//2913
f 527//2914 97//2915 533//2916
f 532//2917 94//2918 90//2919
f 532//2920 90//2921 527//2922
f 541//2923 100//2924 94//2925
f 541//2926 94//2927 532//2928
f 544//2929 183//2930 178//2931
f 544//2932 178//2933 539//2934
f 547//2935 184//2936 183//2937
f 547//2938 183//2939 544//2940
f 181//2941 184//2942 547//2943
f 181//2944 547//2945 545//2946
f 179//2947 181//2948 545//2949
f 179//2950 545//2951 542//2952
f 177//2953 179//2954 542//2955
f 177//2956 542//2957 537//2958
f 171//2959 177//2960 537//2961
f 171//2962 537//2963 530//2964
f 529//2965 170//2966 171//2967
f 529//2968 171//2969 530//2970
f 535//2971 174//2972 170//2973
f 535//2974 170//2975 529//2976
f 539//2977 178//2978 174//2979
f 539//2980 174//2981 535//2982
f 546//2983 180//2984 176//2985
f 546//2986 176//2987 536//2988
f 185//2989 180//2990 546//2991
f 185//2992 546//2993 550//2994
f 182//2995 185//2996 550//2997
f 182//2998 550//2999 548//3000
f 175//3001 182//3002 548//3003
f 175//3004 548//3005 540//3006
f 173//3007 175//3008 540//3009
f 173//3010 540//3011 534//3012
f 528//3013 169//3014 173//3015
f 528//3016 173//3017 534//3018
f 531//3019 172//3020 169//3021
f 531//3022 169//3023 528//3024
f 536//3025 176//3026 172//3027
f 536//3028 172//3029 531//3030
f 349//3031 135//3032 129//3033
f 349//3034 129//3035 342//3036
f 136//3037 135//3038 349//3039
f 136//3040 349//3041 351//3042
f 133//3043 136//3044 351//3045
f 133//3046 351//3047 347//3048
f 128//3049 133//3050 347//3051
f 128//3052 347//3053 341//3054
f 121//3055 128//3056 341//3057
f 121//3058 341//3059 334//3060
f 331//3061 117//3062 121//3063
f 331//3064 121//3065 334//3066
f 335//3067 119//3068 117//3069
f 335//3070 117//3071 331//3072
f 342//3073 129//3074 119//3075
f 342//3076 119//3077 335//3078
f 346//3079 134//3080 127//3081
f 346//3082 127//3083 340//3084
f 132//3085 134//3086 346//3087
f 132//3088 346//3089 345//3090
f 130//3091 132//3092 345//3093
f 130//3094 345//3095 343//3096
f 125//3097 130//3098 343//3099
f 125//3100 343//3101 338//3102
f 123//3103 125//3104 338//3105
f 123//3106 338//3107 337//3108
f 118//3109 123//3110 337//3111
f 118//3112 337//3113 332//3114
f 330//3115 116//3116 118//3117
f 330//3118 118//3119 332//3120
f 336//3121 122//3122 116//3123
f 336//3124 116//3125 330//3126
f 340//3127 127//3128 122//3129
f 340//3130 122//3131 336//3132
f 344//3133 131//3134 124//3135
f 344//3136 124//3137 339//3138
f 205//3139 131//3140 344//3141
f 205//3142 344//3143 350//3144
f 201//3145 205//3146 350//3147
f 201//3148 350//3149 348//3150
f 195//3151 201//3152 348//3153
f 195//3154 348//3155 562//3156
f 126//3157 195//3158 562//3159
f 126//3160 562//3161 558//3162
f 553//3163 115//3164 126//3165
f 553//3166 126//3167 558//3168
f 333//3169 120//3170 115//3171
f 333//3172 115//3173 553//3174
f 339//3175 124//3176 120//3177
f 339//3178 120//3179 333//3180
f 568//3181 200//3182 194//3183
f 568//3184 194//3185 563//3186
f 569//3187 203//3188 200//3189
f 569//3190 200//3191 568//3192
f 199//3193 203//3194 569//3195
f 199//3196 569//3197 567//3198
f 197//3199 199//3200 567//3201
f 197//3202 567//3203 565//3204
f 192//3205 197//3206 565//3207
f 192//3208 565//3209 560//3210
f 188//3211 192//3212 560//3213
f 188//3214 560//3215 555//3216
f 554//3217 187//3218 188//3219
f 554//3220 188//3221 555//3222
f 559//3223 191//3224 187//3225
f 559//3226 187//3227 554//3228
f 563//3229 194//3230 191//3231
f 563//3232 191//3233 559//3234
f 566//3235 198//3236 193//3237
f 566//3238 193//3239 561//3240
f 204//3241 198//3242 566//3243
f 204//3244 566//3245 571//3246
f 202//3247 204//3248 571//3249
f 202//3250 571//3251 570//3252
f 196//3253 202//3254 570//3255
f 196//3256 570//3257 564//3258
f 190//3259 196//3260 564//3261
f 190//3262 564//3263 557//3264
f 552//3265 186//3266 190//3267
f 552//3268 190//3269 557//3270
f 556//3271 189//3272 186//3273
f 556//3274 186//3275 552//3276
f 561//3277 193//3278 189//3279
f 561//3280 189//3281 556//3282
f 372//3283 149//3284 146//3285
f 372//3286 146//3287 366//3288
f 152//3289 149//3290 372//3291
f 152//3292 372//3293 375//3294
f 148//3295 152//3296 375//3297
f 148//3298 375//3299 369//3300
f 144//3301 148//3302 369//3303
f 144//3304 369//3305 364//3306
f 140//3307 144//3308 364//3309
f 140//3310 364//3311 358//3312
f 354//3313 138//3314 140//3315
f 354//3316 140//3317 358//3318
f 359//3319 141//3320 138//3321
f 359//3322 138//3323 354//3324
f 366//3325 146//3326 141//3327
f 366//3328 141//3329 359//3330
f 370//3331 147//3332 143//3333
f 370//3334 143//3335 363//3336
f 371//3337 151//3338 147//3339
f 371//3340 147//3341 370//3342
f 150//3343 151//3344 371//3345
f 150//3346 371//3347 368//3348
f 145//3349 150//3350 368//3351
f 145//3352 368//3353 362//3354
f 139//3355 145//3356 362//3357
f 139//3358 362//3359 355//3360
f 353//3361 137//3362 139//3363
f 353//3364 139//3365 355//3366
f 360//3367 142//3368 137//3369
f 360//3370 137//3371 353//3372
f 363//3373 143//3374 142//3375
f 363//3376 142//3377 360//3378
f 367//3379 227//3380 221//3381
f 367//3382 221//3383 361//3384
f 230//3385 227//3386 367//3387
f 230//3388 367//3389 374//3390
f 225//3391 230//3392 374//3393
f 225//3394 374//3395 373//3396
f 217//3397 225//3398 373//3399
f 217//3400 373//3401 365//3402
f 212//3403 217//3404 365//3405
f 212//3406 365//3407 356//3408
f 352//3409 208//3410 212//3411
f 352//3412 212//3413 356//3414
f 357//3415 213//3416 208//3417
f 357//3418 208//3419 352//3420
f 361//3421 221//3422 213//3423
f 361//3424 213//3425 357//3426
f 586//3427 224//3428 218//3429
f 586//3430 218//3431 582//3432
f 587//3433 228//3434 224//3435
f 587//3436 224//3437 586//3438
f 223//3439 228//3440 587//3441
f 223//3442 587//3443 583//3444
f 215//3445 223//3446 583//3447
f 215//3448 583//3449 580//3450
f 220//3451 215//3452 580//3453
f 220//3454 580//3455 579//3456
f 215//3457 220//3458 579//3459
f 215//3460 579//3461 580//3462
f 209//3463 215//3464 580//3465
f 209//3466 580//3467 574//3468
f 573//3469 207//3470 209//3471
f 573//3472 209//3473 574//3474
f 577//3475 214//3476 207//3477
f 577//3478 207//3479 573//3480
f 582//3481 218//3482 214//3483
f 582//3484 214//3485 577//3486
f 584//3487 222//3488 216//3489
f 584//3490 216//3491 578//3492
f 229//3493 222//3494 584//3495
f 229//3496 584//3497 588//3498
f 226//3499 229//3500 588//3501
f 226//3502 588//3503 585//3504
f 219//3505 226//3506 585//3507
f 219//3508 585//3509 581//3510
f 211//3511 219//3512 581//3513
f 211//3514 581//3515 576//3516
f 572//3517 206//3518 211//3519
f 572//3520 211//3521 576//3522
f 575//3523 210//3524 206//3525
f 575//3526 206//3527 572//3528
f 578//3529 216//3530 210//3531
f 578//3532 210//3533 575//3534
f 404//3535 159//3536 157//3537
f 404//3538 157//3539 395//3540
f 160//3541 159//3542 404//3543
f 160//3544 404//3545 408//3546
f 158//3547 160//3548 408//3549
f 158//3550 408//3551 399//3552
f 156//3553 158//3554 399//3555
f 156//3556 399//3557 392//3558
f 155//3559 156//3560 392//3561
f 155//3562 392//3563 383//3564
f 379//3565 153//3566 155//3567
f 379//3568 155//3569 383//3570
f 384//3571 154//3572 153//3573
f 384//3574 153//3575 379//3576
f 395//3577 157//3578 154//3579
f 395//3580 154//3581 384//3582
f 400//3583 261//3584 248//3585
f 400//3586 248//3587 393//3588
f 403//3589 259//3590 261//3591
f 403//3592 261//3593 400//3594
f 256//3595 259//3596 403//3597
f 256//3598 403//3599 397//3600
f 247//3601 256//3602 397//3603
f 247//3604 397//3605 391//3606
f 236//3607 247//3608 391//3609
f 236//3610 391//3611 380//3612
f 378//3613 234//3614 236//3615
f 378//3616 236//3617 380//3618
f 387//3619 250//3620 234//3621
f 387//3622 234//3623 378//3624
f 393//3625 248//3626 250//3627
f 393//3628 250//3629 387//3630
f 398//3631 257//3632 246//3633
f 398//3634 246//3635 390//3636
f 263//3637 257//3638 398//3639
f 263//3640 398//3641 407//3642
f 255//3643 263//3644 407//3645
f 255//3646 407//3647 401//3648
f 245//3649 255//3650 401//3651
f 245//3652 401//3653 389//3654
f 240//3655 245//3656 389//3657
f 240//3658 389//3659 385//3660
f 377//3661 233//3662 240//3663
f 377//3664 240//3665 385//3666
f 382//3667 238//3668 233//3669
f 382//3670 233//3671 377//3672
f 390//3673 246//3674 238//3675
f 390//3676 238//3677 382//3678
f 402//3679 254//3680 244//3681
f 402//3682 244//3683 388//3684
f 405//3685 260//3686 254//3687
f 405//3688 254//3689 402//3690
f 253//3691 260//3692 405//3693
f 253//3694 405//3695 406//3696
f 243//3697 253//3698 406//3699
f 243//3700 406//3701 394//3702
f 251//3703 243//3704 394//3705
f 251//3706 394//3707 396//3708
f 243//3709 251//3710 396//3711
f 243//3712 396//3713 394//3714
f 235//3715 243//3716 394//3717
f 235//3718 394//3719 381//3720
f 376//3721 232//3722 235//3723
f 376//3724 235//3725 381//3726
f 386//3727 241//3728 232//3729
f 386//3730 232//3731 376//3732
f 388//3733 244//3734 241//3735
f 388//3736 241//3737 386//3738
f 594//3739 252//3740 242//3741
f 594//3742 242//3743 592//3744
f 262//3745 252//3746 594//3747
f 262//3748 594//3749 596//3750
f 258//3751 262//3752 596//3753
f 258//3754 596//3755 595//3756
f 249//3757 258//3758 595//3759
f 249//3760 595//3761 593//3762
f 239//3763 249//3764 593//3765
f 239//3766 593//3767 591//3768
f 589//3769 231//3770 239//3771
f 589//3772 239//3773 591//3774
f 590//3775 237//3776 231//3777
f 590//3778 231//3779 589//3780
f 592//3781 242//3782 237//3783
f 592//3784 237//3785 590//3786
f 443//3787 301//3788 288//3789
f 443//3790 288//3791 433//3792
f 303//3793 301//3794 443//3795
f 303//3796 443//3797 448//3798
f 290//3799 303//3800 448//3801
f 290//3802 448//3803 437//3804
f 284//3805 290//3806 437//3807
f 284//3808 437//3809 430//3810
f 273//3811 284//3812 430//3813
f 273//3814 430//3815 419//3816
f 412//3817 268//3818 273//3819
f 412//3820 273//3821 419//3822
f 418//3823 274//3824 268//3825
f 418//3826 268//3827 412//3828
f 433//3829 288//3830 274//3831
f 433//3832 274//3833 418//3834
f 438//3835 291//3836 283//3837
f 438//3838 283//3839 431//3840
f 444//3841 299//3842 291//3843
f 444//3844 291//3845 438//3846
f 296//3847 299//3848 444//3849
f 296//3850 444//3851 441//3852
f 282//3853 296//3854 441//3855
f 282//3856 441//3857 428//3858
f 270//3859 282//3860 428//3861
f 270//3862 428//3863 415//3864
f 411//3865 267//3866 270//3867
f 411//3868 270//3869 415//3870
f 423//3871 278//3872 267//3873
f 423//3874 267//3875 411//3876
f 431//3877 283//3878 278//3879
f 431//3880 278//3881 423//3882
f 442//3883 297//3884 281//3885
f 442//3886 281//3887 429//3888
f 302//3889 297//3890 442//3891
f 302//3892 442//3893 447//3894
f 294//3895 302//3896 447//3897
f 294//3898 447//3899 436//3900
f 280//3901 294//3902 436//3903
f 280//3904 436//3905 426//3906
f 276//3907 280//3908 426//3909
f 276//3910 426//3911 421//3912
f 410//3913 266//3914 276//3915
f 410//3916 276//3917 421//3918
f 417//3919 272//3920 266//3921
f 417//3922 266//3923 410//3924
f 429//3925 281//3926 272//3927
f 429//3928 272//3929 417//3930
f 435//3931 295//3932 279//3933
f 435//3934 279//3935 427//3936
f 445//3937 300//3938 295//3939
f 445//3940 295//3941 435//3942
f 293//3943 300//3944 445//3945
f 293//3946 445//3947 439//3948
f 287//3949 293//3950 439//3951
f 287//3952 439//3953 424//3954
f 289//3955 287//3956 424//3957
f 289//3958 424//3959 434//3960
f 287//3961 289//3962 434//3963
f 287//3964 434//3965 424//3966
f 269//3967 287//3968 424//3969
f 269//3970 424//3971 414//3972
f 409//3973 265//3974 269//3975
f 409//3976 269//3977 414//3978
f 422//3979 277//3980 265//3981
f 422//3982 265//3983 409//3984
f 427//3985 279//3986 277//3987
f 427//3988 277//3989 422//3990
f 440//3991 292//3992 286//3993
f 440//3994 286//3995 425//3996
f 304//3997 292//3998 440//3999
f 304//4000 440//4001 449//4002
f 298//4003 304//4004 449//4005
f 298//4006 449//4007 446//4008
f 285//4009 298//4010 446//4011
f 285//4012 446//4013 432//4014
f 275//4015 285//4016 432//4017
f 275//4018 432//4019 420//4020
f 413//4021 264//4022 275//4023
f 413//4024 275//4025 420//4026
f 416//4027 271//4028 264//4029
f 416//4030 264//4031 413//4032
f 425//4033 286//4034 271//4035
f 425//4036 271//4037 416//4038
o nozzles
v -0.0359 0.0700 -1.0225
v -0.0359 0.0941 -1.0225
v -0.0359 0.0941 -1.0172
v -0.0315 0.0941 -1.0221
v -0.0315 0.0700 -1.0221
v -0.0314 0.0941 -1.0173
v -0.0302 0.0700 -1.0166
v -0.0375 0.0700 -1.0158
v -0.1072 0.0700 -1.1035
v -0.1056 0.0941 -1.1019
v -0.1002 0.0700 -1.1013
v -0.1012 0.0700 -1.0975
v -0.1050 0.0700 -1.0965
v -0.1002 0.0941 -1.1013
v -0.1012 0.0941 -1.0975
v -0.1050 0.0941 -1.0965
v -0.1048 0.0700 -1.0643
v -0.1048 0.0941 -1.0643
v -0.1057 0.0941 -1.0594
v -0.1079 0.0700 -1.0589
v -0.1003 0.0941 -1.0596
v -0.1003 0.0700 -1.0596
v -0.1048 0.0941 -1.0546
v -0.1048 0.0700 -1.0546
v -0.1052 0.0700 -1.0225
v -0.1052 0.0941 -1.0225
v -0.1055 0.0941 -1.0172
v -0.1011 0.0941 -1.0214
v -0.1011 0.0700 -1.0214
v -0.1002 0.0941 -1.0175
v -0.1002 0.0700 -1.0175
v -0.1071 0.0700 -1.0155
v -0.1058 0.0700 -0.9806
v -0.1056 0.0941 -0.9801
v -0.1055 0.0941 -0.9754
v -0.1006 0.0941 -0.9792
v -0.1006 0.0700 -0.9792
v -0.1002 0.0941 -0.9753
v -0.1002 0.0700 -0.9753
v -0.1069 0.0700 -0.9734
v -0.1062 0.0700 -0.9388
v -0.1055 0.0941 -0.9375
v -0.1004 0.0941 -0.9372
v -0.1004 0.0700 -0.9372
v -0.1055 0.0941 -0.9330
v -0.1002 0.0941 -0.9333
v -0.1002 0.0700 -0.9333
v -0.1066 0.0700 -0.9315
v -0.0724 0.0700 -1.1033
v -0.0704 0.0941 -1.1018
v -0.0653 0.0941 -1.1020
v -0.0653 0.0700 -1.1020
v -0.0665 0.0941 -1.0971
v -0.0665 0.0700 -1.0971
v -0.0705 0.0941 -1.0965
v -0.0705 0.0700 -1.0965
v -0.0700 0.0700 -1.0644
v -0.0700 0.0941 -1.0644
v -0.0706 0.0941 -1.0594
v -0.0669 0.0941 -1.0639
v -0.0669 0.0700 -1.0639
v -0.0653 0.0941 -1.0591
v -0.0653 0.0700 -1.0591
v -0.0695 0.0941 -1.0546
v -0.0695 0.0700 -1.0546
v -0.0737 0.0700 -1.0591
v -0.0707 0.0700 -1.0225
v -0.0707 0.0941 -1.0225
v -0.0704 0.0941 -1.0173
v -0.0664 0.0941 -1.0219
v -0.0664 0.0700 -1.0219
v -0.0652 0.0941 -1.0169
v -0.0652 0.0700 -1.0169
v -0.0724 0.0700 -1.0156
v -0.0713 0.0700 -0.9806
v -0.0709 0.0941 -0.9801
v -0.0703 0.0941 -0.9755
v -0.0659 0.0941 -0.9798
v -0.0659 0.0700 -0.9798
v -0.0653 0.0941 -0.9747
v -0.0653 0.0700 -0.9747
v -0.0722 0.0700 -0.9735
v -0.0716 0.0700 -0.9387
v -0.0704 0.0941 -0.9374
v -0.0656 0.0941 -0.9378
v -0.0656 0.0700 -0.9378
v -0.0704 0.0941 -0.9331
v -0.0654 0.0941 -0.9327
v -0.0654 0.0700 -0.9327
v -0.0720 0.0700 -0.9316
v -0.0375 0.0700 -1.1031
v -0.0359 0.0941 -1.1018
v -0.0314 0.0941 -1.1017
v -0.0302 0.0700 -1.1023
v -0.0317 0.0941 -1.0968
v -0.0317 0.0700 -1.0968
v -0.0357 0.0941 -1.0965
v -0.0357 0.0700 -1.0965
v -0.0352 0.0700 -1.0644
v -0.0352 0.0941 -1.0644
v -0.0361 0.0941 -1.0594
v -0.0321 0.0941 -1.0641
v -0.0321 0.0700 -1.0641
v -0.0313 0.0941 -1.0593
v -0.0301 0.0700 -1.0591
v -0.0326 0.0941 -1.0548
v -0.0326 0.0700 -1.0548
v -0.0348 0.0941 -1.0546
v -0.0348 0.0700 -1.0546
v -0.0385 0.0700 -1.0591
v -0.0364 0.0700 -0.9805
v -0.0359 0.0941 -0.9800
v -0.0310 0.0941 -0.9801
v -0.0310 0.0700 -0.9801
v -0.0358 0.0941 -0.9753
v -0.0316 0.0941 -0.9754
v -0.0303 0.0700 -0.9743
v -0.0373 0.0700 -0.9737
v -0.0368 0.0700 -0.9386
v -0.0357 0.0941 -0.9375
v -0.0314 0.0941 -0.9374
v -0.0307 0.0700 -0.9381
v -0.0314 0.0941 -0.9333
v -0.0304 0.0700 -0.9323
v -0.0360 0.0941 -0.9329
v -0.0371 0.0700 -0.9317
v -0.0026 0.0700 -1.1028
v 0.0048 0.0700 -1.1027
v -0.0012 0.0941 -1.1018
v 0.0033 0.0941 -1.1018
v 0.0031 0.0941 -1.0966
v 0.0031 0.0700 -1.0966
v -0.0009 0.0941 -1.0966
v -0.0009 0.0700 -1.0966
v -0.0004 0.0700 -1.0643
v 0.0027 0.0700 -1.0643
v -0.0004 0.0941 -1.0643
v -0.0013 0.0941 -1.0594
v 0.0034 0.0941 -1.0594
v 0.0027 0.0941 -1.0643
v 0.0052 0.0700 -1.0591
v 0.0022 0.0941 -1.0547
v 0.0022 0.0700 -1.0547
v 0.0000 0.0941 -1.0546
v 0.0000 0.0700 -1.0546
v -0.0032 0.0700 -1.0591
v -0.0016 0.0700 -0.9804
v 0.0039 0.0700 -0.9803
v -0.0012 0.0941 -0.9800
v 0.0035 0.0941 -0.9800
v 0.0032 0.0941 -0.9754
v 0.0046 0.0700 -0.9740
v -0.0011 0.0941 -0.9753
v -0.0024 0.0700 -0.9739
v -0.0019 0.0700 -0.9385
v 0.0041 0.0700 -0.9384
v -0.0010 0.0941 -0.9375
v 0.0032 0.0941 -0.9374
v 0.0033 0.0941 -0.9331
v 0.0045 0.0700 -0.9320
v -0.0012 0.0941 -0.9330
v -0.0023 0.0700 -0.9319
v 0.0395 0.0700 -1.1031
v 0.0379 0.0941 -1.1018
v 0.0377 0.0941 -1.0965
v 0.0377 0.0700 -1.0965
v 0.0337 0.0941 -1.0968
v 0.0337 0.0700 -1.0968
v 0.0334 0.0941 -1.1017
v 0.0322 0.0700 -1.1023
v 0.0372 0.0700 -1.0644
v 0.0372 0.0941 -1.0644
v 0.0381 0.0941 -1.0594
v 0.0405 0.0700 -1.0591
v 0.0368 0.0941 -1.0546
v 0.0368 0.0700 -1.0546
v 0.0346 0.0941 -1.0548
v 0.0346 0.0700 -1.0548
v 0.0333 0.0941 -1.0593
v 0.0321 0.0700 -1.0591
v 0.0341 0.0941 -1.0641
v 0.0341 0.0700 -1.0641
v 0.0379 0.0700 -1.0225
v 0.0379 0.0941 -1.0225
v 0.0379 0.0941 -1.0172
v 0.0395 0.0700 -1.0158
v 0.0334 0.0941 -1.0173
v 0.0322 0.0700 -1.0166
v 0.0335 0.0941 -1.0221
v 0.0335 0.0700 -1.0221
v 0.0385 0.0700 -0.9805
v 0.0379 0.0941 -0.9800
v 0.0379 0.0941 -0.9753
v 0.0393 0.0700 -0.9737
v 0.0336 0.0941 -0.9754
v 0.0323 0.0700 -0.9743
v 0.0330 0.0941 -0.9801
v 0.0330 0.0700 -0.9801
v 0.0388 0.0700 -0.9386
v 0.0377 0.0941 -0.9375
v 0.0380 0.0941 -0.9329
v 0.0392 0.0700 -0.9317
v 0.0334 0.0941 -0.9333
v 0.0324 0.0700 -0.9323
v 0.0334 0.0941 -0.9374
v 0.0327 0.0700 -0.9381
v 0.0745 0.0700 -1.1033
v 0.0724 0.0941 -1.1018
v 0.0725 0.0941 -1.0965
v 0.0725 0.0700 -1.0965
v 0.0685 0.0941 -1.0971
v 0.0685 0.0700 -1.0971
v 0.0673 0.0941 -1.1020
v 0.0673 0.0700 -1.1020
v 0.0720 0.0700 -1.0644
v 0.0720 0.0941 -1.0644
v 0.0726 0.0941 -1.0594
v 0.0757 0.0700 -1.0591
v 0.0715 0.0941 -1.0546
v 0.0715 0.0700 -1.0546
v 0.0673 0.0941 -1.0591
v 0.0673 0.0700 -1.0591
v 0.0689 0.0941 -1.0639
v 0.0689 0.0700 -1.0639
v 0.0727 0.0700 -1.0225
v 0.0727 0.0941 -1.0225
v 0.0724 0.0941 -1.0173
v 0.0744 0.0700 -1.0156
v 0.0672 0.0941 -1.0169
v 0.0672 0.0700 -1.0169
v 0.0684 0.0941 -1.0219
v 0.0684 0.0700 -1.0219
v 0.0733 0.0700 -0.9806
v 0.0729 0.0941 -0.9801
v 0.0723 0.0941 -0.9755
v 0.0742 0.0700 -0.9735
v 0.0673 0.0941 -0.9747
v 0.0673 0.0700 -0.9747
v 0.0679 0.0941 -0.9798
v 0.0679 0.0700 -0.9798
v 0.0736 0.0700 -0.9387
v 0.0724 0.0941 -0.9374
v 0.0724 0.0941 -0.9331
v 0.0740 0.0700 -0.9316
v 0.0674 0.0941 -0.9327
v 0.0674 0.0700 -0.9327
v 0.0676 0.0941 -0.9378
v 0.0676 0.0700 -0.9378
v 0.1092 0.0700 -1.1035
v 0.1076 0.0941 -1.1019
v 0.1070 0.0941 -1.0965
v 0.1070 0.0700 -1.0965
v 0.1032 0.0941 -1.0975
v 0.1023 0.0941 -1.1013
v 0.1023 0.0700 -1.1013
v 0.1032 0.0700 -1.0975
v 0.1068 0.0700 -1.0643
v 0.1068 0.0941 -1.0643
v 0.1077 0.0941 -1.0594
v 0.1099 0.0700 -1.0589
v 0.1068 0.0941 -1.0546
v 0.1068 0.0700 -1.0546
v 0.1023 0.0941 -1.0596
v 0.1023 0.0700 -1.0596
v 0.1073 0.0700 -1.0225
v 0.1073 0.0941 -1.0225
v 0.1075 0.0941 -1.0172
v 0.1091 0.0700 -1.0155
v 0.1022 0.0941 -1.0175
v 0.1022 0.0700 -1.0175
v 0.1031 0.0941 -1.0214
v 0.1031 0.0700 -1.0214
v 0.1079 0.0700 -0.9806
v 0.1076 0.0941 -0.9801
v 0.1075 0.0941 -0.9754
v 0.1089 0.0700 -0.9734
v 0.1022 0.0941 -0.9753
v 0.1022 0.0700 -0.9753
v 0.1026 0.0941 -0.9792
v 0.1026 0.0700 -0.9792
v 0.1082 0.0700 -0.9388
v 0.1075 0.0941 -0.9375
v 0.1075 0.0941 -0.9330
v 0.1086 0.0700 -0.9315
v 0.1022 0.0941 -0.9333
v 0.1022 0.0700 -0.9333
v 0.1024 0.0941 -0.9372
v 0.1024 0.0700 -0.9372
vn 0.000 -1.000 -0.000
vn 0.000 -1.000 -0.000
vn 0.000 -1.000 -0.000
vn 0.000 -1.000 -0.000
vn 0.000 -1.000 -0.000
vn 0.000 -1.000 -0.000
vn 0.084 0.000 -0.996
vn 0.084 0.000 -0.996
vn 0.084 0.000 -0.996
vn 0.084 0.000 -0.996
vn 0.084 0.000 -0.996
vn 0.084 0.000 -0.996
vn -0.000 1.000 0.000
vn -0.000 1.000 0.000
vn -0.000 1.000 0.000
vn -0.000 1.000 0.000
vn -0.000 1.000 -0.000
vn -0.000 1.000 0.000
vn 0.991 0.023 -0.130
vn 1.000 0.000 -0.018
vn 0.991 0.023 -0.130
vn 0.991 0.023 -0.130
vn 0.991 0.023 -0.130
vn 0.974 0.042 -0.224
vn 0.063 0.043 0.997
vn 0.007 0.030 1.000
vn 0.063 0.043 0.997
vn 0.063 0.043 0.997
vn 0.063 0.043 0.997
vn 0.098 0.051 0.994
vn -0.991 0.030 -0.133
vn -0.998 0.069 0.005
vn -0.991 0.030 -0.133
vn -0.991 0.030 -0.133
vn -0.991 0.030 -0.133
vn -0.972 -0.000 -0.237
vn 0.213 0.025 -0.977
vn 0.101 0.059 -0.993
vn 0.213 0.025 -0.977
vn 0.213 0.025 -0.977
vn 0.213 0.025 -0.977
vn 0.294 0.000 -0.956
vn 0.969 0.000 0.248
vn 0.969 0.000 0.248
vn 0.969 0.000 0.248
vn 0.969 0.000 0.248
vn 0.969 0.000 0.248
vn 0.969 0.000 0.248
vn 0.248 0.000 0.969
vn 0.248 0.000 0.969
vn 0.248 0.000 0.969
vn 0.248 0.000 0.969
vn 0.248 0.000 0.969
vn 0.248 0.000 0.969
vn -0.977 0.025 0.213
vn -0.995 0.000 0.102
vn -0.977 0.025 0.213
vn -0.977 0.025 0.213
vn -0.977 0.025 0.213
vn -0.955 0.044 0.294
vn 0.000 -1.000 -0.000
vn 0.000 -1.000 -0.000
vn 0.000 -1.000 -0.000
vn 0.000 -1.000 -0.000
vn 0.000 -1.000 -0.000
vn -0.000 -1.000 -0.000
vn -0.000 1.000 -0.000
vn -0.000 1.000 -0.000
vn -0.000 1.000 -0.000
vn -0.000 1.000 -0.000
vn -0.000 1.000 -0.000
vn -0.000 1.000 -0.000
vn 0.000 1.000 0.000
vn 0.000 1.000 0.000
vn 0.000 1.000 0.000
vn 0.000 -1.000 0.000
vn 0.000 -1.000 0.000
vn 0.000 -1.000 0.000
vn 0.000 1.000 0.000
vn 0.000 1.000 0.000
vn 0.000 1.000 0.000
vn 0.000 -1.000 0.000
vn 0.000 -1.000 0.000
vn 0.000 -1.000 0.000
vn 0.934 -0.039 0.354
vn 0.985 -0.000 0.172
vn 0.978 -0.057 0.199
vn 0.934 -0.039 0.354
vn 0.978 -0.057 0.199
vn 0.974 -0.085 0.211
vn -0.069 -0.007 -0.998
vn -0.036 -0.017 -0.999
vn -0.069 -0.007 -0.998
vn -0.069 -0.007 -0.998
vn -0.069 -0.007 -0.998
vn -0.091 -0.000 -0.996
vn 0.069 0.007 0.998
vn 0.036 0.000 0.999
vn 0.069 0.007 0.998
vn 0.069 0.007 0.998
vn 0.069 0.007 0.998
vn 0.091 0.012 0.996
vn 0.996 -0.061 -0.060
vn 0.978 -0.057 0.199
vn 0.915 -0.046 -0.402
vn 0.915 -0.046 -0.402
vn 0.915 -0.046 -0.402
vn 0.809 -0.000 -0.588
vn -0.915 0.046 0.402
vn -0.984 0.000 0.180
vn -0.975 0.062 0.215
vn -0.915 0.046 0.402
vn -0.915 0.046 0.402
vn -0.806 0.086 0.586
vn -0.934 0.039 -0.354
vn -0.999 0.045 0.000
vn -0.934 0.039 -0.354
vn -0.934 0.039 -0.354
vn -0.934 0.039 -0.354
vn -0.871 0.000 -0.491
vn 0.000 -1.000 0.000
vn 0.000 -1.000 0.000
vn 0.000 -1.000 0.000
vn 0.000 -1.000 0.000
vn 0.000 -1.000 0.000
vn 0.000 -1.000 0.000
vn 0.250 0.000 -0.968
vn 0.250 0.000 -0.968
vn 0.250 0.000 -0.968
vn 0.250 0.000 -0.968
vn 0.250 0.000 -0.968
vn 0.250 0.000 -0.968
vn -0.000 1.000 0.000
vn -0.000 1.000 0.000
vn -0.000 1.000 0.000
vn -0.000 1.000 0.000
vn -0.000 1.000 0.000
vn -0.000 1.000 0.000
vn 0.976 0.000 -0.216
vn 0.976 0.000 -0.216
vn 0.976 0.000 -0.216
vn 0.976 0.000 -0.216
vn 0.976 0.000 -0.216
vn 0.976 0.000 -0.216
vn 0.196 0.029 0.980
vn 0.067 -0.000 0.998
vn 0.196 0.029 0.980
vn 0.196 0.029 0.980
vn 0.196 0.029 0.980
vn 0.289 0.050 0.956
vn -0.985 0.026 -0.172
vn -0.997 0.061 -0.055
vn -0.985 0.026 -0.172
vn -0.985 0.026 -0.172
vn -0.985 0.026 -0.172
vn -0.967 -0.000 -0.256
vn 0.000 -1.000 0.000
vn 0.000 -1.000 0.000
vn 0.000 -1.000 0.000
vn 0.000 -1.000 0.000
vn 0.000 -1.000 0.000
vn 0.000 -1.000 0.000
vn 0.218 0.009 -0.976
vn 0.179 0.018 -0.984
vn 0.218 0.009 -0.976
vn 0.218 0.009 -0.976
vn 0.218 0.009 -0.976
vn 0.255 0.000 -0.967
vn -0.000 1.000 0.000
vn -0.000 1.000 0.000
vn -0.000 1.000 0.000
vn -0.000 1.000 0.000
vn -0.000 1.000 0.000
vn -0.000 1.000 0.000
vn 0.993 0.000 -0.117
vn 0.993 0.000 -0.117
vn 0.993 0.000 -0.117
vn 0.993 0.000 -0.117
vn 0.993 0.000 -0.117
vn 0.993 0.000 -0.117
vn 0.151 0.037 0.988
vn -0.016 -0.000 1.000
vn 0.151 0.037 0.988
vn 0.151 0.037 0.988
vn 0.151 0.037 0.988
vn 0.275 0.064 0.959
vn -0.997 0.031 -0.069
vn -0.997 0.062 0.039
vn -0.997 0.031 -0.069
vn -0.997 0.031 -0.069
vn -0.997 0.031 -0.069
vn -0.990 0.011 -0.139
vn 0.000 -1.000 0.000
vn 0.000 -1.000 0.000
vn 0.000 -1.000 0.000
vn 0.000 -1.000 0.000
vn 0.000 -1.000 0.000
vn 0.000 -1.000 0.000
vn 0.163 0.025 -0.986
vn 0.047 0.053 -0.997
vn 0.163 0.025 -0.986
vn 0.163 0.025 -0.986
vn 0.163 0.025 -0.986
vn 0.260 -0.000 -0.966
vn -0.000 1.000 0.000
vn -0.000 1.000 0.000
vn -0.000 1.000 0.000
vn 0.999 0.000 -0.050
vn 0.999 0.000 -0.050
vn 0.999 0.000 -0.050
vn 0.999 0.000 -0.050
vn 0.999 0.000 -0.050
vn 0.999 0.000 -0.050
vn -0.000 1.000 0.000
vn -0.000 1.000 0.000
vn -0.000 1.000 0.000
vn 0.172 0.027 0.985
vn 0.048 0.000 0.999
vn 0.172 0.027 0.985
vn 0.172 0.027 0.985
vn 0.172 0.027 0.985
vn 0.268 0.049 0.962
vn -0.998 0.038 -0.042
vn -0.999 0.045 -0.014
vn -0.998 0.038 -0.042
vn -0.998 0.038 -0.042
vn -0.998 0.038 -0.042
vn -0.998 0.034 -0.060
vn 0.000 -1.000 0.000
vn 0.000 -1.000 0.000
vn 0.000 -1.000 0.000
vn 0.000 -1.000 0.000
vn 0.000 -1.000 0.000
vn -0.000 -1.000 0.000
vn 0.089 0.027 -0.996
vn -0.038 0.065 -0.997
vn 0.089 0.027 -0.996
vn 0.089 0.027 -0.996
vn 0.089 0.027 -0.996
vn 0.178 0.000 -0.984
vn 0.967 -0.000 0.253
vn 0.967 -0.000 0.253
vn 0.967 -0.000 0.253
vn 0.967 -0.000 0.253
vn 0.967 -0.000 0.253
vn 0.967 0.000 0.253
vn -0.000 1.000 -0.000
vn -0.000 1.000 -0.000
vn -0.000 1.000 -0.000
vn 0.150 0.000 0.989
vn 0.150 0.000 0.989
vn 0.150 0.000 0.989
vn 0.150 0.000 0.989
vn 0.150 0.000 0.989
vn 0.150 0.000 0.989
vn -0.000 1.000 -0.000
vn -0.000 1.000 -0.000
vn -0.000 1.000 -0.000
vn -0.987 0.037 0.159
vn -1.000 0.000 -0.007
vn -0.987 0.037 0.159
vn -0.987 0.037 0.159
vn -0.987 0.037 0.159
vn -0.958 0.063 0.279
vn -0.000 -1.000 -0.000
vn -0.000 -1.000 -0.000
vn -0.000 -1.000 -0.000
vn -0.000 -1.000 -0.000
vn -0.000 -1.000 -0.000
vn 0.000 -1.000 0.000
vn -0.000 -1.000 -0.000
vn 0.000 -1.000 0.000
vn 0.000 -1.000 -0.000
vn -0.000 1.000 0.000
vn -0.000 1.000 0.000
vn -0.000 1.000 0.000
vn 0.149 -0.000 -0.989
vn 0.149 -0.000 -0.989
vn 0.149 -0.000 -0.989
vn 0.149 -0.000 -0.989
vn 0.149 -0.000 -0.989
vn 0.149 0.000 -0.989
vn 0.948 0.000 -0.318
vn 0.948 0.000 -0.318
vn 0.948 0.000 -0.318
vn 0.948 0.000 -0.318
vn 0.948 0.000 -0.318
vn 0.948 0.000 -0.318
vn -0.000 1.000 0.000
vn -0.000 1.000 -0.000
vn -0.000 1.000 0.000
vn 0.731 -0.000 0.683
vn 0.731 -0.000 0.683
vn 0.731 -0.000 0.683
vn 0.731 -0.000 0.683
vn 0.731 -0.000 0.683
vn 0.731 0.000 0.683
vn -0.000 1.000 0.000
vn -0.000 1.000 -0.000
vn -0.000 1.000 -0.000
vn -0.870 0.060 0.490
vn -0.977 0.000 0.211
vn -0.946 0.085 0.311
vn -0.870 0.060 0.490
vn -0.870 0.060 0.490
vn -0.727 0.104 0.679
vn -0.919 0.058 -0.389
vn -0.997 0.065 0.049
vn -0.919 0.058 -0.389
vn -0.919 0.058 -0.389
vn -0.919 0.058 -0.389
vn -0.814 0.000 -0.581
vn 0.000 -1.000 -0.000
vn -0.000 -1.000 0.000
vn 0.000 -1.000 -0.000
vn 0.000 -1.000 -0.000
vn 0.000 -1.000 -0.000
vn 0.000 -1.000 -0.000
vn -0.000 1.000 0.000
vn -0.000 1.000 0.000
vn -0.000 1.000 0.000
vn 0.151 -0.000 -0.989
vn 0.151 -0.000 -0.989
vn 0.151 -0.000 -0.989
vn 0.151 -0.000 -0.989
vn 0.151 -0.000 -0.989
vn 0.151 0.000 -0.989
vn -0.000 1.000 0.000
vn -0.000 1.000 0.000
vn -0.000 1.000 0.000
vn 0.975 0.000 -0.220
vn 0.975 0.000 -0.220
vn 0.975 0.000 -0.220
vn 0.975 0.000 -0.220
vn 0.975 0.000 -0.220
vn 0.975 0.000 -0.220
vn 0.073 0.031 0.997
vn -0.073 0.000 0.997
vn 0.073 0.031 0.997
vn 0.073 0.031 0.997
vn 0.073 0.031 0.997
vn 0.175 0.053 0.983
vn -0.992 0.038 -0.118
vn -0.995 0.087 0.054
vn -0.992 0.038 -0.118
vn -0.992 0.038 -0.118
vn -0.992 0.038 -0.118
vn -0.970 -0.000 -0.244
vn 0.000 -1.000 -0.000
vn 0.000 -1.000 0.000
vn 0.000 -1.000 -0.000
vn 0.000 -1.000 -0.000
vn 0.000 -1.000 -0.000
vn 0.000 -1.000 -0.000
vn -0.000 1.000 0.000
vn -0.000 1.000 0.000
vn -0.000 1.000 0.000
vn 0.110 0.010 -0.994
vn 0.062 0.021 -0.998
vn 0.110 0.010 -0.994
vn 0.110 0.010 -0.994
vn 0.110 0.010 -0.994
vn 0.154 0.000 -0.988
vn -0.000 1.000 0.000
vn -0.000 1.000 0.000
vn -0.000 1.000 0.000
vn 0.993 -0.000 -0.119
vn 0.993 0.000 -0.119
vn 0.993 -0.000 -0.119
vn 0.993 -0.000 -0.119
vn 0.993 -0.000 -0.119
vn 0.993 -0.000 -0.119
vn 0.031 0.040 0.999
vn -0.158 -0.000 0.987
vn 0.031 0.040 0.999
vn 0.031 0.040 0.999
vn 0.031 0.040 0.999
vn 0.167 0.068 0.984
vn -0.998 0.047 -0.033
vn -0.989 0.088 0.120
vn -0.998 0.047 -0.033
vn -0.998 0.047 -0.033
vn -0.998 0.047 -0.033
vn -0.991 0.019 -0.132
vn 0.000 -1.000 -0.000
vn 0.000 -1.000 -0.000
vn 0.000 -1.000 -0.000
vn 0.000 -1.000 -0.000
vn 0.000 -1.000 -0.000
vn 0.000 -1.000 -0.000
vn 0.048 0.028 -0.998
vn -0.090 0.061 -0.994
vn 0.048 0.028 -0.998
vn 0.048 0.028 -0.998
vn 0.048 0.028 -0.998
vn 0.157 -0.000 -0.988
vn 0.000 1.000 0.000
vn -0.000 1.000 0.000
vn -0.000 1.000 0.000
vn 0.999 -0.000 -0.051
vn 0.999 -0.000 -0.051
vn 0.999 -0.000 -0.051
vn 0.999 -0.000 -0.051
vn 0.999 -0.000 -0.051
vn 0.999 0.000 -0.051
vn -0.000 1.000 0.000
vn -0.000 1.000 0.000
vn -0.000 1.000 0.000
vn 0.055 0.030 0.998
vn -0.089 0.000 0.996
vn 0.055 0.030 0.998
vn 0.055 0.030 0.998
vn 0.055 0.030 0.998
vn 0.162 0.053 0.985
vn -0.998 0.057 -0.036
vn -0.998 0.065 -0.000
vn -0.998 0.057 -0.036
vn -0.998 0.057 -0.036
vn -0.998 0.057 -0.036
vn -0.997 0.052 -0.057
vn 0.000 -1.000 0.000
vn 0.000 -1.000 0.000
vn 0.000 -1.000 0.000
vn 0.000 -1.000 0.000
vn 0.000 -1.000 0.000
vn 0.000 -1.000 0.000
vn 0.068 0.037 -0.997
vn 0.016 0.050 -0.999
vn 0.068 0.037 -0.997
vn 0.068 0.037 -0.997
vn 0.068 0.037 -0.997
vn 0.099 0.029 -0.995
vn 0.986 0.022 0.167
vn 0.997 0.047 0.062
vn 0.986 0.022 0.167
vn 0.986 0.022 0.167
vn 0.986 0.022 0.167
vn 0.966 0.000 0.257
vn -0.000 1.000 -0.000
vn -0.000 1.000 -0.000
vn -0.000 1.000 -0.000
vn -0.000 1.000 -0.000
vn -0.000 1.000 -0.000
vn -0.000 1.000 -0.000
vn 0.084 0.000 0.996
vn 0.084 0.000 0.996
vn 0.084 0.000 0.996
vn 0.084 0.000 0.996
vn 0.084 0.000 0.996
vn 0.084 0.000 0.996
vn -0.985 0.029 0.172
vn -0.999 0.000 0.041
vn -0.985 0.029 0.172
vn -0.985 0.029 0.172
vn -0.985 0.029 0.172
vn -0.961 0.052 0.272
vn -0.000 -1.000 -0.000
vn -0.000 -1.000 -0.000
vn -0.000 -1.000 -0.000
vn -0.000 -1.000 -0.000
vn -0.000 -1.000 -0.000
vn -0.000 -1.000 0.000
vn -0.000 -1.000 -0.000
vn -0.000 -1.000 0.000
vn 0.000 -1.000 -0.000
vn -0.000 -1.000 -0.000
vn 0.000 -1.000 -0.000
vn 0.000 -1.000 -0.000
vn 0.083 -0.000 -0.997
vn 0.083 -0.000 -0.997
vn 0.083 -0.000 -0.997
vn 0.083 -0.000 -0.997
vn 0.083 -0.000 -0.997
vn 0.083 -0.000 -0.997
vn -0.000 1.000 0.000
vn -0.000 1.000 0.000
vn -0.000 1.000 0.000
vn 0.959 0.024 -0.281
vn 0.986 -0.000 -0.167
vn 0.993 0.034 -0.111
vn 0.959 0.024 -0.281
vn 0.993 0.034 -0.111
vn 0.995 0.051 -0.083
vn -0.000 1.000 0.000
vn -0.000 1.000 -0.000
vn -0.000 1.000 0.000
vn 0.992 0.035 0.122
vn 0.993 0.034 -0.111
vn 0.921 0.025 0.388
vn 0.921 0.025 0.388
vn 0.921 0.025 0.388
vn 0.868 0.000 0.497
vn -0.000 1.000 0.000
vn -0.000 1.000 -0.000
vn -0.000 1.000 -0.000
vn -0.000 1.000 0.000
vn -0.000 1.000 -0.000
vn -0.000 1.000 -0.000
vn 0.082 0.000 0.997
vn 0.082 0.000 0.997
vn 0.082 0.000 0.997
vn 0.082 0.000 0.997
vn 0.082 0.000 0.997
vn 0.082 0.000 0.997
vn -0.880 0.047 0.472
vn -0.965 0.000 0.262
vn -0.958 0.066 0.280
vn -0.880 0.047 0.472
vn -0.880 0.047 0.472
vn -0.771 0.084 0.631
vn -0.927 0.044 -0.372
vn -0.998 0.050 0.048
vn -0.927 0.044 -0.372
vn -0.927 0.044 -0.372
vn -0.927 0.044 -0.372
vn -0.850 0.000 -0.527
vn 0.000 -1.000 -0.000
vn 0.000 -1.000 0.000
vn 0.000 -1.000 -0.000
vn 0.000 -1.000 -0.000
vn 0.000 -1.000 -0.000
vn 0.000 -1.000 -0.000
vn 0.037 0.011 -0.999
vn -0.019 0.024 -1.000
vn 0.037 0.011 -0.999
vn 0.037 0.011 -0.999
vn 0.037 0.011 -0.999
vn 0.086 -0.000 -0.996
vn 0.000 1.000 0.000
vn -0.000 1.000 0.000
vn -0.000 1.000 0.000
vn -0.000 1.000 0.000
vn -0.000 1.000 -0.000
vn -0.000 1.000 0.000
vn 1.000 0.026 -0.014
vn 0.993 0.000 0.120
vn 1.000 0.026 -0.014
vn 1.000 0.026 -0.014
vn 1.000 0.026 -0.014
vn 0.992 0.046 -0.121
vn 0.069 0.057 0.996
vn 0.031 0.048 0.998
vn 0.069 0.057 0.996
vn 0.069 0.057 0.996
vn 0.069 0.057 0.996
vn 0.093 0.062 0.994
vn -0.997 0.041 -0.072
vn -0.998 0.063 0.013
vn -0.997 0.041 -0.072
vn -0.997 0.041 -0.072
vn -0.997 0.041 -0.072
vn -0.991 0.025 -0.128
vn 0.000 -1.000 -0.000
vn 0.000 -1.000 0.000
vn 0.000 -1.000 -0.000
vn 0.000 -1.000 -0.000
vn 0.000 -1.000 -0.000
vn 0.000 -1.000 -0.000
vn 0.058 0.039 -0.998
vn 0.016 0.048 -0.999
vn 0.058 0.039 -0.998
vn 0.058 0.039 -0.998
vn 0.058 0.039 -0.998
vn 0.088 0.032 -0.996
vn 0.999 0.035 -0.028
vn 1.000 0.029 0.006
vn 0.999 0.035 -0.028
vn 0.999 0.035 -0.028
vn 0.999 0.035 -0.028
vn 0.998 0.040 -0.052
vn 0.090 0.044 0.995
vn 0.088 0.043 0.995
vn 0.090 0.044 0.995
vn 0.090 0.044 0.995
vn 0.090 0.044 0.995
vn 0.091 0.044 0.995
vn -0.997 0.046 -0.059
vn -0.997 0.045 -0.064
vn -0.997 0.046 -0.059
vn -0.997 0.046 -0.059
vn -0.997 0.046 -0.059
vn -0.997 0.047 -0.055
vn -0.000 -1.000 0.000
vn -0.000 -1.000 0.000
vn -0.000 -1.000 0.000
vn -0.000 -1.000 0.000
vn -0.000 -1.000 0.000
vn 0.000 -1.000 0.000
vn 0.017 0.039 -0.999
vn 0.012 0.040 -0.999
vn 0.017 0.039 -0.999
vn 0.017 0.039 -0.999
vn 0.017 0.039 -0.999
vn 0.020 0.038 -0.999
vn 0.987 0.027 0.161
vn 0.998 0.059 0.035
vn 0.987 0.027 0.161
vn 0.987 0.027 0.161
vn 0.987 0.027 0.161
vn 0.965 -0.000 0.263
vn 0.017 -0.000 1.000
vn 0.017 -0.000 1.000
vn 0.017 -0.000 1.000
vn 0.017 -0.000 1.000
vn 0.017 -0.000 1.000
vn 0.017 0.000 1.000
vn -0.000 1.000 -0.000
vn -0.000 1.000 -0.000
vn -0.000 1.000 -0.000
vn -0.000 1.000 -0.000
vn -0.000 1.000 -0.000
vn -0.000 1.000 -0.000
vn -0.985 0.026 0.173
vn -0.998 0.000 0.056
vn -0.985 0.026 0.173
vn -0.985 0.026 0.173
vn -0.985 0.026 0.173
vn -0.963 0.046 0.265
vn 0.000 -1.000 -0.000
vn 0.000 -1.000 -0.000
vn -0.000 -1.000 -0.000
vn 0.000 -1.000 -0.000
vn -0.000 -1.000 -0.000
vn -0.000 -1.000 -0.000
vn 0.000 -1.000 -0.000
vn -0.000 -1.000 -0.000
vn 0.000 -1.000 -0.000
vn 0.000 -1.000 -0.000
vn 0.000 -1.000 -0.000
vn 0.000 -1.000 -0.000
vn 0.017 0.000 -1.000
vn 0.017 0.000 -1.000
vn 0.017 0.000 -1.000
vn 0.017 0.000 -1.000
vn 0.017 0.000 -1.000
vn 0.017 0.000 -1.000
vn -0.000 1.000 0.000
vn -0.000 1.000 -0.000
vn -0.000 1.000 0.000
vn -0.000 1.000 0.000
vn -0.000 1.000 0.000
vn -0.000 1.000 0.000
vn 0.950 0.034 -0.309
vn 0.989 0.000 -0.149
vn 0.989 0.048 -0.138
vn 0.950 0.034 -0.309
vn 0.989 0.048 -0.138
vn 0.989 0.072 -0.133
vn 0.992 0.050 0.115
vn 0.989 0.048 -0.138
vn 0.910 0.036 0.413
vn 0.910 0.036 0.413
vn 0.910 0.036 0.413
vn 0.833 0.000 0.554
vn 0.017 0.000 1.000
vn 0.017 0.000 1.000
vn 0.017 0.000 1.000
vn 0.017 0.000 1.000
vn 0.017 0.000 1.000
vn 0.017 0.000 1.000
vn -0.000 1.000 -0.000
vn -0.000 1.000 0.000
vn -0.000 1.000 -0.000
vn -0.000 1.000 -0.000
vn -0.000 1.000 -0.000
vn -0.000 1.000 -0.000
vn -0.896 0.037 0.442
vn -0.962 0.000 0.273
vn -0.967 0.052 0.251
vn -0.896 0.037 0.442
vn -0.896 0.037 0.442
vn -0.812 0.069 0.580
vn -0.940 0.035 -0.339
vn -0.998 0.038 0.048
vn -0.940 0.035 -0.339
vn -0.940 0.035 -0.339
vn -0.940 0.035 -0.339
vn -0.883 0.000 -0.470
vn -0.000 -1.000 -0.000
vn 0.000 -1.000 -0.000
vn -0.000 -1.000 -0.000
vn -0.000 -1.000 -0.000
vn -0.000 -1.000 -0.000
vn -0.000 -1.000 -0.000
vn 0.008 0.014 -1.000
vn -0.003 0.016 -1.000
vn 0.008 0.014 -1.000
vn 0.008 0.014 -1.000
vn 0.008 0.014 -1.000
vn 0.017 0.012 -1.000
vn 0.998 0.036 -0.047
vn 0.998 0.015 0.059
vn 0.998 0.036 -0.047
vn 0.998 0.036 -0.047
vn 0.998 0.036 -0.047
vn 0.991 0.051 -0.124
vn 0.020 0.058 0.998
vn 0.022 0.059 0.998
vn 0.020 0.058 0.998
vn 0.020 0.058 0.998
vn 0.020 0.058 0.998
vn 0.019 0.058 0.998
vn -0.997 0.036 -0.069
vn -0.998 0.056 0.011
vn -0.997 0.036 -0.069
vn -0.997 0.036 -0.069
vn -0.997 0.036 -0.069
vn -0.992 0.021 -0.125
vn 0.000 -1.000 -0.000
vn 0.000 -1.000 0.000
vn 0.000 -1.000 -0.000
vn 0.000 -1.000 -0.000
vn 0.000 -1.000 -0.000
vn 0.000 -1.000 -0.000
vn 0.017 0.040 -0.999
vn 0.016 0.041 -0.999
vn 0.017 0.040 -0.999
vn 0.017 0.040 -0.999
vn 0.017 0.040 -0.999
vn 0.018 0.040 -0.999
vn 0.998 0.044 -0.047
vn 0.998 0.042 -0.039
vn 0.998 0.044 -0.047
vn 0.998 0.044 -0.047
vn 0.998 0.044 -0.047
vn 0.998 0.045 -0.053
vn 0.018 0.044 0.999
vn 0.019 0.044 0.999
vn 0.018 0.044 0.999
vn 0.018 0.044 0.999
vn 0.018 0.044 0.999
vn 0.018 0.044 0.999
vn -0.998 0.041 -0.050
vn -0.998 0.042 -0.045
vn -0.998 0.041 -0.050
vn -0.998 0.041 -0.050
vn -0.998 0.041 -0.050
vn -0.998 0.040 -0.054
vn -0.000 -1.000 0.000
vn -0.000 -1.000 0.000
vn -0.000 -1.000 0.000
vn -0.000 -1.000 0.000
vn -0.000 -1.000 0.000
vn -0.000 -1.000 0.000
vn 0.985 0.029 0.172
vn 0.997 0.066 0.041
vn 0.985 0.029 0.172
vn 0.985 0.029 0.172
vn 0.985 0.029 0.172
vn 0.962 0.000 0.272
vn -0.084 -0.000 0.996
vn -0.084 -0.000 0.996
vn -0.084 -0.000 0.996
vn -0.084 -0.000 0.996
vn -0.084 -0.000 0.996
vn -0.084 0.000 0.996
vn 0.000 1.000 -0.000
vn 0.000 1.000 -0.000
vn 0.000 1.000 -0.000
vn 0.000 1.000 -0.000
vn 0.000 1.000 -0.000
vn 0.000 1.000 -0.000
vn -0.986 0.022 0.168
vn -0.998 0.000 0.062
vn -0.986 0.022 0.168
vn -0.986 0.022 0.168
vn -0.986 0.022 0.168
vn -0.966 0.040 0.257
vn -0.068 0.037 -0.997
vn -0.016 0.025 -1.000
vn -0.068 0.037 -0.997
vn -0.068 0.037 -0.997
vn -0.068 0.037 -0.997
vn -0.099 0.044 -0.994
vn 0.000 -1.000 -0.000
vn -0.000 -1.000 -0.000
vn -0.000 -1.000 -0.000
vn 0.000 -1.000 -0.000
vn -0.000 -1.000 -0.000
vn 0.000 -1.000 0.000
vn 0.000 -1.000 -0.000
vn 0.000 -1.000 0.000
vn 0.000 -1.000 -0.000
vn 0.000 -1.000 -0.000
vn 0.000 -1.000 -0.000
vn 0.000 -1.000 -0.000
vn 0.927 0.044 -0.372
vn 0.986 0.000 -0.167
vn 0.981 0.064 -0.181
vn 0.927 0.044 -0.372
vn 0.927 0.044 -0.372
vn 0.847 0.079 -0.525
vn 0.880 0.047 0.472
vn 0.998 0.051 0.048
vn 0.880 0.047 0.472
vn 0.880 0.047 0.472
vn 0.880 0.047 0.472
vn 0.774 0.000 0.633
vn -0.082 0.000 0.997
vn -0.082 0.000 0.997
vn -0.082 0.000 0.997
vn -0.082 0.000 0.997
vn -0.082 0.000 0.997
vn -0.082 0.000 0.997
vn 0.000 1.000 0.000
vn 0.000 1.000 -0.000
vn 0.000 1.000 -0.000
vn 0.000 1.000 0.000
vn 0.000 1.000 -0.000
vn 0.000 1.000 -0.000
vn -0.921 0.025 0.388
vn -0.964 0.000 0.266
vn -0.977 0.035 0.210
vn -0.921 0.025 0.388
vn -0.977 0.035 0.210
vn -0.982 0.052 0.182
vn 0.000 1.000 -0.000
vn 0.000 1.000 0.000
vn 0.000 1.000 0.000
vn -0.999 0.034 -0.025
vn -0.977 0.035 0.210
vn -0.959 0.024 -0.281
vn -0.959 0.024 -0.281
vn -0.959 0.024 -0.281
vn -0.925 0.000 -0.381
vn 0.000 1.000 0.000
vn 0.000 1.000 0.000
vn 0.000 1.000 0.000
vn -0.083 0.000 -0.997
vn -0.083 0.000 -0.997
vn -0.083 0.000 -0.997
vn -0.083 0.000 -0.997
vn -0.083 0.000 -0.997
vn -0.083 0.000 -0.997
vn -0.000 -1.000 -0.000
vn -0.000 -1.000 -0.000
vn -0.000 -1.000 -0.000
vn -0.000 -1.000 -0.000
vn -0.000 -1.000 -0.000
vn -0.000 -1.000 -0.000
vn 0.991 0.030 -0.133
vn 1.000 0.000 0.005
vn 0.991 0.030 -0.133
vn 0.991 0.030 -0.133
vn 0.991 0.030 -0.133
vn 0.970 0.053 -0.236
vn -0.063 0.043 0.997
vn -0.007 0.057 0.998
vn -0.063 0.043 0.997
vn -0.063 0.043 0.997
vn -0.063 0.043 0.997
vn -0.098 0.034 0.995
vn -0.991 0.023 -0.130
vn -0.999 0.049 -0.018
vn -0.991 0.023 -0.130
vn -0.991 0.023 -0.130
vn -0.991 0.023 -0.130
vn -0.975 0.000 -0.224
vn 0.000 1.000 0.000
vn 0.000 1.000 0.000
vn 0.000 1.000 0.000
vn 0.000 1.000 0.000
vn 0.000 1.000 0.000
vn 0.000 1.000 0.000
vn -0.084 0.000 -0.996
vn -0.084 0.000 -0.996
vn -0.084 0.000 -0.996
vn -0.084 0.000 -0.996
vn -0.084 0.000 -0.996
vn -0.084 0.000 -0.996
vn -0.000 -1.000 -0.000
vn -0.000 -1.000 -0.000
vn -0.000 -1.000 -0.000
vn -0.000 -1.000 -0.000
vn -0.000 -1.000 -0.000
vn 0.000 -1.000 0.000
vn 0.997 0.041 -0.072
vn 1.000 0.022 0.013
vn 0.997 0.041 -0.072
vn 0.997 0.041 -0.072
vn 0.997 0.041 -0.072
vn 0.990 0.053 -0.128
vn -0.069 0.057 0.996
vn -0.031 0.066 0.997
vn -0.069 0.057 0.996
vn -0.069 0.057 0.996
vn -0.069 0.057 0.996
vn -0.093 0.051 0.994
vn -1.000 0.026 -0.014
vn -0.991 0.057 0.119
vn -1.000 0.026 -0.014
vn -1.000 0.026 -0.014
vn -1.000 0.026 -0.014
vn -0.993 0.000 -0.121
vn 0.000 1.000 -0.000
vn 0.000 1.000 0.000
vn 0.000 1.000 0.000
vn 0.000 1.000 0.000
vn -0.000 1.000 0.000
vn 0.000 1.000 0.000
vn -0.037 0.011 -0.999
vn 0.019 0.000 -1.000
vn -0.037 0.011 -0.999
vn -0.037 0.011 -0.999
vn -0.037 0.011 -0.999
vn -0.086 0.021 -0.996
vn -0.000 -1.000 -0.000
vn -0.000 -1.000 -0.000
vn -0.000 -1.000 -0.000
vn -0.000 -1.000 -0.000
vn -0.000 -1.000 -0.000
vn 0.000 -1.000 0.000
vn 0.997 0.046 -0.059
vn 0.997 0.048 -0.064
vn 0.997 0.046 -0.059
vn 0.997 0.046 -0.059
vn 0.997 0.046 -0.059
vn 0.997 0.046 -0.055
vn -0.090 0.044 0.995
vn -0.088 0.044 0.995
vn -0.090 0.044 0.995
vn -0.090 0.044 0.995
vn -0.090 0.044 0.995
vn -0.091 0.044 0.995
vn -0.999 0.035 -0.028
vn -0.999 0.043 0.006
vn -0.999 0.035 -0.028
vn -0.999 0.035 -0.028
vn -0.999 0.035 -0.028
vn -0.998 0.030 -0.052
vn -0.058 0.039 -0.998
vn -0.016 0.030 -0.999
vn -0.058 0.039 -0.998
vn -0.058 0.039 -0.998
vn -0.058 0.039 -0.998
vn -0.088 0.045 -0.995
vn -0.000 -1.000 0.000
vn 0.000 -1.000 0.000
vn -0.000 -1.000 0.000
vn -0.000 -1.000 0.000
vn -0.000 -1.000 0.000
vn -0.000 -1.000 0.000
vn 0.987 0.037 0.159
vn 0.996 0.084 -0.007
vn 0.987 0.037 0.159
vn 0.987 0.037 0.159
vn 0.987 0.037 0.159
vn 0.960 0.000 0.280
vn 0.000 1.000 -0.000
vn 0.000 1.000 -0.000
vn 0.000 1.000 -0.000
vn -0.150 0.000 0.989
vn -0.150 0.000 0.989
vn -0.150 0.000 0.989
vn -0.150 0.000 0.989
vn -0.150 0.000 0.989
vn -0.150 0.000 0.989
vn 0.000 1.000 -0.000
vn 0.000 1.000 -0.000
vn 0.000 1.000 -0.000
vn -0.967 -0.000 0.253
vn -0.967 0.000 0.253
vn -0.967 -0.000 0.253
vn -0.967 -0.000 0.253
vn -0.967 -0.000 0.253
vn -0.967 -0.000 0.253
vn -0.089 0.027 -0.996
vn 0.038 0.000 -0.999
vn -0.089 0.027 -0.996
vn -0.089 0.027 -0.996
vn -0.089 0.027 -0.996
vn -0.178 0.046 -0.983
vn 0.000 -1.000 -0.000
vn -0.000 -1.000 -0.000
vn 0.000 -1.000 0.000
vn 0.000 -1.000 -0.000
vn 0.000 -1.000 0.000
vn 0.000 -1.000 -0.000
vn 0.000 -1.000 -0.000
vn 0.000 -1.000 -0.000
vn 0.000 -1.000 -0.000
vn 0.919 0.058 -0.389
vn 0.993 -0.000 -0.114
vn 0.974 0.084 -0.212
vn 0.919 0.058 -0.389
vn 0.919 0.058 -0.389
vn 0.810 0.099 -0.578
vn 0.870 0.060 0.490
vn 0.997 0.066 0.049
vn 0.870 0.060 0.490
vn 0.870 0.060 0.490
vn 0.870 0.060 0.490
vn 0.731 0.000 0.683
vn 0.000 1.000 0.000
vn 0.000 1.000 -0.000
vn 0.000 1.000 -0.000
vn -0.731 0.000 0.683
vn -0.731 -0.000 0.683
vn -0.731 0.000 0.683
vn -0.731 0.000 0.683
vn -0.731 0.000 0.683
vn -0.731 0.000 0.683
vn 0.000 1.000 0.000
vn 0.000 1.000 0.000
vn 0.000 1.000 -0.000
vn -0.948 -0.000 -0.318
vn -0.948 -0.000 -0.318
vn -0.948 -0.000 -0.318
vn -0.948 -0.000 -0.318
vn -0.948 -0.000 -0.318
vn -0.948 0.000 -0.318
vn -0.149 0.000 -0.989
vn -0.149 0.000 -0.989
vn -0.149 0.000 -0.989
vn -0.149 0.000 -0.989
vn -0.149 0.000 -0.989
vn -0.149 0.000 -0.989
vn 0.000 1.000 0.000
vn 0.000 1.000 0.000
vn 0.000 1.000 0.000
vn -0.000 -1.000 -0.000
vn -0.000 -1.000 -0.000
vn -0.000 -1.000 -0.000
vn -0.000 -1.000 -0.000
vn -0.000 -1.000 -0.000
vn 0.000 -1.000 0.000
vn 0.992 0.038 -0.118
vn 0.999 0.000 0.055
vn 0.992 0.038 -0.118
vn 0.992 0.038 -0.118
vn 0.992 0.038 -0.118
vn 0.968 0.064 -0.243
vn -0.073 0.031 0.997
vn 0.073 0.075 0.995
vn -0.073 0.031 0.997
vn -0.073 0.031 0.997
vn -0.073 0.031 0.997
vn -0.175 0.000 0.985
vn -0.975 0.000 -0.220
vn -0.975 0.000 -0.220
vn -0.975 0.000 -0.220
vn -0.975 0.000 -0.220
vn -0.975 0.000 -0.220
vn -0.975 0.000 -0.220
vn 0.000 1.000 0.000
vn 0.000 1.000 0.000
vn 0.000 1.000 0.000
vn -0.151 0.000 -0.989
vn -0.151 0.000 -0.989
vn -0.151 0.000 -0.989
vn -0.151 0.000 -0.989
vn -0.151 0.000 -0.989
vn -0.151 0.000 -0.989
vn 0.000 1.000 0.000
vn 0.000 1.000 0.000
vn 0.000 1.000 0.000
vn -0.000 -1.000 -0.000
vn -0.000 -1.000 -0.000
vn -0.000 -1.000 -0.000
vn -0.000 -1.000 -0.000
vn -0.000 -1.000 -0.000
vn 0.000 -1.000 0.000
vn 0.998 0.047 -0.033
vn 0.993 0.013 0.121
vn 0.998 0.047 -0.033
vn 0.998 0.047 -0.033
vn 0.998 0.047 -0.033
vn 0.989 0.067 -0.132
vn -0.031 0.040 0.999
vn 0.157 0.093 0.983
vn -0.031 0.040 0.999
vn -0.031 0.040 0.999
vn -0.031 0.040 0.999
vn -0.167 -0.000 0.986
vn -0.993 0.000 -0.119
vn -0.993 0.000 -0.119
vn -0.993 0.000 -0.119
vn -0.993 0.000 -0.119
vn -0.993 0.000 -0.119
vn -0.993 0.000 -0.119
vn 0.000 1.000 0.000
vn 0.000 1.000 0.000
vn 0.000 1.000 0.000
vn -0.110 0.010 -0.994
vn -0.062 0.000 -0.998
vn -0.110 0.010 -0.994
vn -0.110 0.010 -0.994
vn -0.110 0.010 -0.994
vn -0.154 0.019 -0.988
vn 0.000 1.000 0.000
vn 0.000 1.000 0.000
vn 0.000 1.000 0.000
vn -0.000 -1.000 -0.000
vn -0.000 -1.000 -0.000
vn -0.000 -1.000 -0.000
vn -0.000 -1.000 -0.000
vn -0.000 -1.000 -0.000
vn -0.000 -1.000 -0.000
vn 0.998 0.057 -0.036
vn 0.999 0.049 -0.000
vn 0.998 0.057 -0.036
vn 0.998 0.057 -0.036
vn 0.998 0.057 -0.036
vn 0.996 0.062 -0.057
vn -0.055 0.030 0.998
vn 0.088 0.070 0.994
vn -0.055 0.030 0.998
vn -0.055 0.030 0.998
vn -0.055 0.030 0.998
vn -0.163 0.000 0.987
vn 0.000 1.000 0.000
vn 0.000 1.000 0.000
vn 0.000 1.000 0.000
vn -0.999 -0.000 -0.051
vn -0.999 -0.000 -0.051
vn -0.999 -0.000 -0.051
vn -0.999 -0.000 -0.051
vn -0.999 -0.000 -0.051
vn -0.999 -0.000 -0.051
vn 0.000 1.000 0.000
vn -0.000 1.000 0.000
vn 0.000 1.000 0.000
vn -0.048 0.028 -0.998
vn 0.090 -0.000 -0.996
vn -0.048 0.028 -0.998
vn -0.048 0.028 -0.998
vn -0.048 0.028 -0.998
vn -0.157 0.049 -0.986
vn -0.000 -1.000 0.000
vn 0.000 -1.000 0.000
vn -0.000 -1.000 0.000
vn -0.000 -1.000 0.000
vn -0.000 -1.000 0.000
vn -0.000 -1.000 -0.000
vn 0.977 0.025 0.213
vn 0.993 0.059 0.101
vn 0.977 0.025 0.213
vn 0.977 0.025 0.213
vn 0.977 0.025 0.213
vn 0.956 -0.000 0.294
vn -0.248 0.000 0.969
vn -0.248 0.000 0.969
vn -0.248 0.000 0.969
vn -0.248 0.000 0.969
vn -0.248 0.000 0.969
vn -0.248 0.000 0.969
vn 0.000 1.000 -0.000
vn 0.000 1.000 -0.000
vn 0.000 1.000 -0.000
vn 0.000 1.000 -0.000
vn 0.000 1.000 -0.000
vn 0.000 1.000 -0.000
vn -0.969 0.000 0.248
vn -0.969 0.000 0.248
vn -0.969 0.000 0.248
vn -0.969 0.000 0.248
vn -0.969 0.000 0.248
vn -0.969 0.000 0.248
vn -0.213 0.025 -0.977
vn -0.102 0.000 -0.995
vn -0.213 0.025 -0.977
vn -0.213 0.025 -0.977
vn -0.213 0.025 -0.977
vn -0.294 0.044 -0.955
vn -0.000 -1.000 -0.000
vn -0.000 -1.000 -0.000
vn -0.000 -1.000 0.000
vn 0.000 1.000 0.000
vn 0.000 1.000 -0.000
vn 0.000 1.000 0.000
vn -0.000 -1.000 -0.000
vn -0.000 -1.000 -0.000
vn -0.000 -1.000 -0.000
vn 0.000 1.000 0.000
vn 0.000 1.000 0.000
vn 0.000 1.000 0.000
vn 0.934 0.039 -0.354
vn 0.985 0.000 -0.172
vn 0.978 0.057 -0.199
vn 0.934 0.039 -0.354
vn 0.978 0.057 -0.199
vn 0.974 0.085 -0.211
vn 0.996 0.061 0.060
vn 0.978 0.057 -0.199
vn 0.915 0.046 0.402
vn 0.915 0.046 0.402
vn 0.915 0.046 0.402
vn 0.809 0.000 0.588
vn -0.915 -0.046 -0.402
vn -0.984 0.000 -0.180
vn -0.975 -0.062 -0.215
vn -0.915 -0.046 -0.402
vn -0.915 -0.046 -0.402
vn -0.806 -0.086 -0.586
vn -0.069 0.007 0.998
vn -0.036 0.017 0.999
vn -0.069 0.007 0.998
vn -0.069 0.007 0.998
vn -0.069 0.007 0.998
vn -0.091 0.000 0.996
vn 0.069 -0.007 -0.998
vn 0.036 -0.000 -0.999
vn 0.069 -0.007 -0.998
vn 0.069 -0.007 -0.998
vn 0.069 -0.007 -0.998
vn 0.091 -0.012 -0.996
vn -0.934 -0.039 0.354
vn -0.999 -0.045 0.000
vn -0.934 -0.039 0.354
vn -0.934 -0.039 0.354
vn -0.934 -0.039 0.354
vn -0.871 -0.000 0.491
vn -0.000 -1.000 -0.000
vn -0.000 -1.000 -0.000
vn -0.000 -1.000 -0.000
vn -0.000 -1.000 -0.000
vn -0.000 -1.000 -0.000
vn 0.000 -1.000 0.000
vn 0.985 0.026 -0.172
vn 0.998 -0.000 -0.055
vn 0.985 0.026 -0.172
vn 0.985 0.026 -0.172
vn 0.985 0.026 -0.172
vn 0.966 0.045 -0.256
vn -0.196 0.029 0.980
vn -0.067 0.067 0.996
vn -0.196 0.029 0.980
vn -0.196 0.029 0.980
vn -0.196 0.029 0.980
vn -0.289 0.000 0.957
vn -0.976 0.000 -0.216
vn -0.976 0.000 -0.216
vn -0.976 0.000 -0.216
vn -0.976 0.000 -0.216
vn -0.976 0.000 -0.216
vn -0.976 0.000 -0.216
vn 0.000 1.000 0.000
vn 0.000 1.000 0.000
vn 0.000 1.000 0.000
vn 0.000 1.000 0.000
vn 0.000 1.000 0.000
vn 0.000 1.000 0.000
vn -0.250 0.000 -0.968
vn -0.250 0.000 -0.968
vn -0.250 0.000 -0.968
vn -0.250 0.000 -0.968
vn -0.250 0.000 -0.968
vn -0.250 0.000 -0.968
vn -0.000 -1.000 -0.000
vn -0.000 -1.000 -0.000
vn -0.000 -1.000 -0.000
vn -0.000 -1.000 -0.000
vn -0.000 -1.000 -0.000
vn 0.000 -1.000 0.000
vn 0.997 0.031 -0.069
vn 0.999 0.008 0.039
vn 0.997 0.031 -0.069
vn 0.997 0.031 -0.069
vn 0.997 0.031 -0.069
vn 0.989 0.047 -0.139
vn -0.151 0.037 0.988
vn 0.016 0.084 0.996
vn -0.151 0.037 0.988
vn -0.151 0.037 0.988
vn -0.151 0.037 0.988
vn -0.276 0.000 0.961
vn -0.993 0.000 -0.117
vn -0.993 0.000 -0.117
vn -0.993 0.000 -0.117
vn -0.993 0.000 -0.117
vn -0.993 0.000 -0.117
vn -0.993 0.000 -0.117
vn 0.000 1.000 0.000
vn 0.000 1.000 0.000
vn 0.000 1.000 0.000
vn 0.000 1.000 0.000
vn 0.000 1.000 0.000
vn 0.000 1.000 0.000
vn -0.218 0.009 -0.976
vn -0.179 0.000 -0.984
vn -0.218 0.009 -0.976
vn -0.218 0.009 -0.976
vn -0.218 0.009 -0.976
vn -0.255 0.017 -0.967
vn -0.000 -1.000 -0.000
vn -0.000 -1.000 -0.000
vn -0.000 -1.000 -0.000
vn -0.000 -1.000 -0.000
vn -0.000 -1.000 -0.000
vn -0.000 -1.000 -0.000
vn 0.998 0.038 -0.042
vn 0.999 0.032 -0.014
vn 0.998 0.038 -0.042
vn 0.998 0.038 -0.042
vn 0.998 0.038 -0.042
vn 0.997 0.043 -0.060
vn -0.172 0.027 0.985
vn -0.048 0.061 0.997
vn -0.172 0.027 0.985
vn -0.172 0.027 0.985
vn -0.172 0.027 0.985
vn -0.269 0.000 0.963
vn 0.000 1.000 0.000
vn 0.000 1.000 0.000
vn 0.000 1.000 0.000
vn -0.999 0.000 -0.050
vn -0.999 0.000 -0.050
vn -0.999 0.000 -0.050
vn -0.999 0.000 -0.050
vn -0.999 0.000 -0.050
vn -0.999 0.000 -0.050
vn 0.000 1.000 0.000
vn 0.000 1.000 0.000
vn 0.000 1.000 0.000
vn -0.163 0.025 -0.986
vn -0.047 0.000 -0.999
vn -0.163 0.025 -0.986
vn -0.163 0.025 -0.986
vn -0.163 0.025 -0.986
vn -0.260 0.045 -0.965
f 597//4039 601//4040 603//4041
f 597//4042 603//4043 604//4044
f 597//4045 598//4046 600//4047
f 597//4048 600//4049 601//4050
f 599//4051 600//4052 598//4053
f 599//4054 602//4055 600//4056
f 601//4057 600//4058 602//4059
f 601//4060 602//4061 603//4062
f 603//4063 602//4064 599//4065
f 603//4066 599//4067 604//4068
f 604//4069 599//4070 598//4071
f 604//4072 598//4073 597//4074
f 605//4075 606//4076 610//4077
f 605//4078 610//4079 607//4080
f 607//4081 610//4082 611//4083
f 607//4084 611//4085 608//4086
f 608//4087 611//4088 612//4089
f 608//4090 612//4091 609//4092
f 609//4093 612//4094 606//4095
f 609//4096 606//4097 605//4098
f 605//4099 607//4100 608//4101
f 605//4102 608//4103 609//4104
f 606//4105 611//4106 610//4107
f 606//4108 612//4109 611//4110
f 613//4111 616//4112 618//4113
f 613//4114 618//4115 616//4116
f 613//4117 616//4118 620//4119
f 613//4120 620//4121 616//4122
f 613//4123 614//4124 615//4125
f 613//4126 615//4127 616//4128
f 616//4129 615//4130 617//4131
f 616//4132 617//4133 618//4134
f 618//4135 617//4136 615//4137
f 618//4138 615//4139 616//4140
f 616//4141 615//4142 619//4143
f 616//4144 619//4145 620//4146
f 620//4147 619//4148 615//4149
f 620//4150 615//4151 616//4152
f 616//4153 615//4154 614//4155
f 616//4156 614//4157 613//4158
f 621//4159 625//4160 627//4161
f 621//4162 627//4163 628//4164
f 621//4165 622//4166 624//4167
f 621//4168 624//4169 625//4170
f 623//4171 624//4172 622//4173
f 623//4174 626//4175 624//4176
f 625//4177 624//4178 626//4179
f 625//4180 626//4181 627//4182
f 627//4183 626//4184 623//4185
f 627//4186 623//4187 628//4188
f 628//4189 623//4190 622//4191
f 628//4192 622//4193 621//4194
f 629//4195 633//4196 635//4197
f 629//4198 635//4199 636//4200
f 629//4201 630//4202 632//4203
f 629//4204 632//4205 633//4206
f 631//4207 632//4208 630//4209
f 631//4210 634//4211 632//4212
f 633//4213 632//4214 634//4215
f 633//4216 634//4217 635//4218
f 635//4219 634//4220 631//4221
f 635//4222 631//4223 636//4224
f 636//4225 631//4226 630//4227
f 636//4228 630//4229 629//4230
f 637//4231 640//4232 643//4233
f 637//4234 643//4235 644//4236
f 637//4237 638//4238 639//4239
f 637//4240 639//4241 640//4242
f 638//4243 641//4244 639//4245
f 640//4246 639//4247 642//4248
f 640//4249 642//4250 643//4251
f 641//4252 642//4253 639//4254
f 643//4255 642//4256 641//4257
f 643//4258 641//4259 644//4260
f 644//4261 641//4262 638//4263
f 644//4264 638//4265 637//4266
f 645//4267 648//4268 650//4269
f 645//4270 650//4271 652//4272
f 645//4273 646//4274 647//4275
f 645//4276 647//4277 648//4278
f 648//4279 647//4280 649//4281
f 648//4282 649//4283 650//4284
f 646//4285 649//4286 647//4287
f 650//4288 649//4289 651//4290
f 650//4291 651//4292 652//4293
f 646//4294 651//4295 649//4296
f 652//4297 651//4298 646//4299
f 652//4300 646//4301 645//4302
f 653//4303 657//4304 659//4305
f 653//4306 659//4307 661//4308
f 653//4309 661//4310 662//4311
f 655//4312 656//4313 654//4314
f 653//4315 654//4316 656//4317
f 653//4318 656//4319 657//4320
f 657//4321 656//4322 658//4323
f 657//4324 658//4325 659//4326
f 655//4327 658//4328 656//4329
f 659//4330 658//4331 660//4332
f 659//4333 660//4334 661//4335
f 655//4336 660//4337 658//4338
f 661//4339 660//4340 655//4341
f 661//4342 655//4343 662//4344
f 662//4345 655//4346 654//4347
f 662//4348 654//4349 653//4350
f 663//4351 667//4352 669//4353
f 663//4354 669//4355 670//4356
f 665//4357 666//4358 664//4359
f 663//4360 664//4361 666//4362
f 663//4363 666//4364 667//4365
f 665//4366 668//4367 666//4368
f 667//4369 666//4370 668//4371
f 667//4372 668//4373 669//4374
f 669//4375 668//4376 665//4377
f 669//4378 665//4379 670//4380
f 670//4381 665//4382 664//4383
f 670//4384 664//4385 663//4386
f 671//4387 675//4388 677//4389
f 671//4390 677//4391 678//4392
f 673//4393 674//4394 672//4395
f 671//4396 672//4397 674//4398
f 671//4399 674//4400 675//4401
f 673//4402 676//4403 674//4404
f 675//4405 674//4406 676//4407
f 675//4408 676//4409 677//4410
f 677//4411 676//4412 673//4413
f 677//4414 673//4415 678//4416
f 678//4417 673//4418 672//4419
f 678//4420 672//4421 671//4422
f 679//4423 682//4424 685//4425
f 679//4426 685//4427 686//4428
f 679//4429 680//4430 681//4431
f 679//4432 681//4433 682//4434
f 680//4435 683//4436 681//4437
f 682//4438 681//4439 684//4440
f 682//4441 684//4442 685//4443
f 683//4444 684//4445 681//4446
f 685//4447 684//4448 683//4449
f 685//4450 683//4451 686//4452
f 686//4453 683//4454 680//4455
f 686//4456 680//4457 679//4458
f 687//4459 690//4460 692//4461
f 687//4462 692//4463 694//4464
f 687//4465 688//4466 689//4467
f 687//4468 689//4469 690//4470
f 690//4471 689//4472 691//4473
f 690//4474 691//4475 692//4476
f 689//4477 688//4478 691//4479
f 688//4480 693//4481 691//4482
f 692//4483 691//4484 693//4485
f 692//4486 693//4487 694//4488
f 694//4489 693//4490 688//4491
f 694//4492 688//4493 687//4494
f 695//4495 699//4496 701//4497
f 695//4498 701//4499 703//4500
f 695//4501 703//4502 705//4503
f 695//4504 705//4505 706//4506
f 695//4507 696//4508 698//4509
f 695//4510 698//4511 699//4512
f 697//4513 698//4514 696//4515
f 699//4516 698//4517 700//4518
f 699//4519 700//4520 701//4521
f 697//4522 700//4523 698//4524
f 701//4525 700//4526 702//4527
f 701//4528 702//4529 703//4530
f 697//4531 702//4532 700//4533
f 697//4534 704//4535 702//4536
f 703//4537 702//4538 704//4539
f 703//4540 704//4541 705//4542
f 705//4543 704//4544 697//4545
f 705//4546 697//4547 706//4548
f 706//4549 697//4550 696//4551
f 706//4552 696//4553 695//4554
f 707//4555 710//4556 713//4557
f 707//4558 713//4559 714//4560
f 707//4561 708//4562 709//4563
f 707//4564 709//4565 710//4566
f 708//4567 711//4568 709//4569
f 711//4570 712//4571 709//4572
f 710//4573 709//4574 712//4575
f 710//4576 712//4577 713//4578
f 713//4579 712//4580 711//4581
f 713//4582 711//4583 714//4584
f 714//4585 711//4586 708//4587
f 714//4588 708//4589 707//4590
f 715//4591 718//4592 720//4593
f 715//4594 720//4595 722//4596
f 715//4597 716//4598 717//4599
f 715//4600 717//4601 718//4602
f 718//4603 717//4604 719//4605
f 718//4606 719//4607 720//4608
f 720//4609 719//4610 721//4611
f 720//4612 721//4613 722//4614
f 722//4615 721//4616 716//4617
f 722//4618 716//4619 715//4620
f 723//4621 724//4622 728//4623
f 723//4624 728//4625 730//4626
f 723//4627 725//4628 726//4629
f 723//4630 726//4631 724//4632
f 724//4633 726//4634 727//4635
f 724//4636 727//4637 728//4638
f 728//4639 727//4640 729//4641
f 728//4642 729//4643 730//4644
f 726//4645 725//4646 729//4647
f 726//4648 729//4649 727//4650
f 730//4651 729//4652 725//4653
f 730//4654 725//4655 723//4656
f 731//4657 732//4658 737//4659
f 731//4660 737//4661 739//4662
f 731//4663 739//4664 741//4665
f 731//4666 741//4667 742//4668
f 731//4669 733//4670 736//4671
f 731//4672 736//4673 732//4674
f 734//4675 735//4676 736//4677
f 734//4678 736//4679 733//4680
f 732//4681 736//4682 735//4683
f 732//4684 735//4685 737//4686
f 737//4687 735//4688 738//4689
f 737//4690 738//4691 739//4692
f 739//4693 738//4694 740//4695
f 739//4696 740//4697 741//4698
f 735//4699 734//4700 740//4701
f 735//4702 740//4703 738//4704
f 741//4705 740//4706 734//4707
f 741//4708 734//4709 742//4710
f 742//4711 734//4712 733//4713
f 742//4714 733//4715 731//4716
f 743//4717 744//4718 748//4719
f 743//4720 748//4721 750//4722
f 743//4723 745//4724 746//4725
f 743//4726 746//4727 744//4728
f 744//4729 746//4730 747//4731
f 744//4732 747//4733 748//4734
f 748//4735 747//4736 749//4737
f 748//4738 749//4739 750//4740
f 750//4741 749//4742 745//4743
f 750//4744 745//4745 743//4746
f 751//4747 752//4748 756//4749
f 751//4750 756//4751 758//4752
f 751//4753 753//4754 754//4755
f 751//4756 754//4757 752//4758
f 752//4759 754//4760 755//4761
f 752//4762 755//4763 756//4764
f 756//4765 755//4766 757//4767
f 756//4768 757//4769 758//4770
f 758//4771 757//4772 753//4773
f 758//4774 753//4775 751//4776
f 759//4777 762//4778 764//4779
f 759//4780 764//4781 766//4782
f 759//4783 760//4784 761//4785
f 759//4786 761//4787 762//4788
f 762//4789 761//4790 763//4791
f 762//4792 763//4793 764//4794
f 760//4795 763//4796 761//4797
f 760//4798 765//4799 763//4800
f 764//4801 763//4802 765//4803
f 764//4804 765//4805 766//4806
f 766//4807 765//4808 760//4809
f 766//4810 760//4811 759//4812
f 767//4813 770//4814 772//4815
f 767//4816 772//4817 774//4818
f 767//4819 774//4820 776//4821
f 767//4822 776//4823 778//4824
f 767//4825 768//4826 769//4827
f 767//4828 769//4829 770//4830
f 770//4831 769//4832 771//4833
f 770//4834 771//4835 772//4836
f 772//4837 771//4838 773//4839
f 772//4840 773//4841 774//4842
f 769//4843 773//4844 771//4845
f 769//4846 775//4847 773//4848
f 774//4849 773//4850 775//4851
f 774//4852 775//4853 776//4854
f 775//4855 769//4856 777//4857
f 776//4858 775//4859 777//4860
f 776//4861 777//4862 778//4863
f 769//4864 768//4865 777//4866
f 778//4867 777//4868 768//4869
f 778//4870 768//4871 767//4872
f 779//4873 782//4874 784//4875
f 779//4876 784//4877 786//4878
f 779//4879 780//4880 781//4881
f 779//4882 781//4883 782//4884
f 782//4885 781//4886 783//4887
f 782//4888 783//4889 784//4890
f 784//4891 783//4892 785//4893
f 784//4894 785//4895 786//4896
f 783//4897 781//4898 785//4899
f 781//4900 780//4901 785//4902
f 786//4903 785//4904 780//4905
f 786//4906 780//4907 779//4908
f 787//4909 790//4910 792//4911
f 787//4912 792//4913 794//4914
f 787//4915 788//4916 789//4917
f 787//4918 789//4919 790//4920
f 790//4921 789//4922 791//4923
f 790//4924 791//4925 792//4926
f 792//4927 791//4928 793//4929
f 792//4930 793//4931 794//4932
f 791//4933 789//4934 793//4935
f 789//4936 788//4937 793//4938
f 794//4939 793//4940 788//4941
f 794//4942 788//4943 787//4944
f 795//4945 798//4946 800//4947
f 795//4948 800//4949 802//4950
f 795//4951 796//4952 797//4953
f 795//4954 797//4955 798//4956
f 798//4957 797//4958 799//4959
f 798//4960 799//4961 800//4962
f 800//4963 799//4964 801//4965
f 800//4966 801//4967 802//4968
f 802//4969 801//4970 796//4971
f 802//4972 796//4973 795//4974
f 803//4975 806//4976 808//4977
f 803//4978 808//4979 810//4980
f 803//4981 804//4982 805//4983
f 803//4984 805//4985 806//4986
f 804//4987 807//4988 805//4989
f 806//4990 805//4991 807//4992
f 806//4993 807//4994 808//4995
f 804//4996 809//4997 807//4998
f 808//4999 807//5000 809//5001
f 808//5002 809//5003 810//5004
f 810//5005 809//5006 804//5007
f 810//5008 804//5009 803//5010
f 811//5011 814//5012 816//5013
f 811//5014 816//5015 818//5016
f 811//5017 818//5018 820//5019
f 811//5020 812//5021 813//5022
f 811//5023 813//5024 814//5025
f 814//5026 813//5027 815//5028
f 814//5029 815//5030 816//5031
f 813//5032 817//5033 815//5034
f 816//5035 815//5036 817//5037
f 816//5038 817//5039 818//5040
f 813//5041 819//5042 817//5043
f 818//5044 817//5045 819//5046
f 818//5047 819//5048 820//5049
f 820//5050 819//5051 812//5052
f 820//5053 812//5054 811//5055
f 813//5056 812//5057 819//5058
f 821//5059 824//5060 826//5061
f 821//5062 826//5063 828//5064
f 821//5065 822//5066 823//5067
f 821//5068 823//5069 824//5070
f 824//5071 823//5072 825//5073
f 824//5074 825//5075 826//5076
f 826//5077 825//5078 827//5079
f 826//5080 827//5081 828//5082
f 823//5083 827//5084 825//5085
f 828//5086 827//5087 822//5088
f 828//5089 822//5090 821//5091
f 823//5092 822//5093 827//5094
f 829//5095 832//5096 834//5097
f 829//5098 834//5099 836//5100
f 829//5101 830//5102 831//5103
f 829//5104 831//5105 832//5106
f 832//5107 831//5108 833//5109
f 832//5110 833//5111 834//5112
f 834//5113 833//5114 835//5115
f 834//5116 835//5117 836//5118
f 831//5119 835//5120 833//5121
f 836//5122 835//5123 830//5124
f 836//5125 830//5126 829//5127
f 831//5128 830//5129 835//5130
f 837//5131 840//5132 842//5133
f 837//5134 842//5135 844//5136
f 837//5137 838//5138 839//5139
f 837//5140 839//5141 840//5142
f 840//5143 839//5144 841//5145
f 840//5146 841//5147 842//5148
f 839//5149 843//5150 841//5151
f 842//5152 841//5153 843//5154
f 842//5155 843//5156 844//5157
f 839//5158 838//5159 843//5160
f 844//5161 843//5162 838//5163
f 844//5164 838//5165 837//5166
f 845//5167 848//5168 852//5169
f 845//5170 852//5171 851//5172
f 845//5173 846//5174 847//5175
f 845//5176 847//5177 848//5178
f 848//5179 847//5180 849//5181
f 848//5182 849//5183 852//5184
f 846//5185 849//5186 847//5187
f 846//5188 850//5189 849//5190
f 852//5191 849//5192 850//5193
f 852//5194 850//5195 851//5196
f 851//5197 850//5198 846//5199
f 851//5200 846//5201 845//5202
f 853//5203 856//5204 858//5205
f 853//5206 858//5207 856//5208
f 853//5209 856//5210 860//5211
f 853//5212 860//5213 856//5214
f 853//5215 854//5216 855//5217
f 853//5218 855//5219 856//5220
f 856//5221 855//5222 857//5223
f 856//5224 857//5225 858//5226
f 858//5227 857//5228 855//5229
f 858//5230 855//5231 856//5232
f 856//5233 855//5234 859//5235
f 856//5236 859//5237 860//5238
f 860//5239 859//5240 855//5241
f 860//5242 855//5243 856//5244
f 856//5245 855//5246 854//5247
f 856//5248 854//5249 853//5250
f 861//5251 864//5252 866//5253
f 861//5254 866//5255 868//5256
f 861//5257 862//5258 863//5259
f 861//5260 863//5261 864//5262
f 864//5263 863//5264 865//5265
f 864//5266 865//5267 866//5268
f 866//5269 865//5270 867//5271
f 866//5272 867//5273 868//5274
f 863//5275 867//5276 865//5277
f 863//5278 862//5279 867//5280
f 868//5281 867//5282 862//5283
f 868//5284 862//5285 861//5286
f 869//5287 872//5288 874//5289
f 869//5290 874//5291 876//5292
f 869//5293 870//5294 871//5295
f 869//5296 871//5297 872//5298
f 872//5299 871//5300 873//5301
f 872//5302 873//5303 874//5304
f 874//5305 873//5306 875//5307
f 874//5308 875//5309 876//5310
f 871//5311 875//5312 873//5313
f 871//5314 870//5315 875//5316
f 876//5317 875//5318 870//5319
f 876//5320 870//5321 869//5322
f 877//5323 880//5324 882//5325
f 877//5326 882//5327 884//5328
f 877//5329 878//5330 879//5331
f 877//5332 879//5333 880//5334
f 880//5335 879//5336 881//5337
f 880//5338 881//5339 882//5340
f 879//5341 883//5342 881//5343
f 882//5344 881//5345 883//5346
f 882//5347 883//5348 884//5349
f 879//5350 878//5351 883//5352
f 884//5353 883//5354 878//5355
f 884//5356 878//5357 877//5358
o box
v -0.1952 0.0701 -0.8370
v -0.1952 0.0860 -0.8370
v -0.1952 0.0701 -1.1980
v -0.1952 0.0860 -1.1980
v 0.1966 0.0701 -0.8370
v 0.1966 0.0860 -0.8370
v 0.1966 0.0701 -1.1980
v 0.1966 0.0860 -1.1980
v -0.1421 0.0701 -1.1511
v -0.1400 0.0701 -1.1523
v -0.1352 0.0701 -1.1536
v -0.1327 0.0701 -1.1538
v -0.1376 0.0701 -1.1531
v 0.1366 0.0701 -1.1536
v 0.1391 0.0701 -1.1531
v 0.1436 0.0701 -1.1511
v 0.1414 0.0701 -1.1523
v 0.1473 0.0701 -0.8871
v 0.1473 0.0701 -1.1479
v 0.1500 0.0701 -1.1438
v 0.1488 0.0701 -0.8890
v 0.1488 0.0701 -1.1460
v 0.1508 0.0701 -0.8934
v 0.1516 0.0701 -1.1367
v 0.1516 0.0701 -0.8982
v 0.1514 0.0701 -0.8958
v 0.1514 0.0701 -1.1392
v 0.1508 0.0701 -1.1415
v 0.1500 0.0701 -0.8911
v 0.1455 0.0701 -0.8853
v 0.1341 0.0701 -1.1538
v 0.1455 0.0701 -1.1496
v -0.1501 0.0701 -0.8982
v -0.1501 0.0701 -1.1367
v -0.1500 0.0701 -0.8958
v -0.1494 0.0701 -0.8934
v -0.1500 0.0701 -1.1392
v -0.1494 0.0701 -1.1415
v -0.1486 0.0701 -0.8911
v -0.1486 0.0701 -1.1438
v -0.1459 0.0701 -1.1479
v -0.1474 0.0701 -0.8890
v -0.1474 0.0701 -1.1460
v -0.1459 0.0701 -0.8871
v -0.1441 0.0701 -0.8853
v -0.1376 0.0701 -0.8819
v -0.1411 0.0701 -0.8833
v 0.1366 0.0701 -0.8813
v 0.1436 0.0701 -0.8839
v 0.1391 0.0701 -0.8819
v 0.1414 0.0701 -0.8827
v 0.1341 0.0701 -0.8812
v -0.1352 0.0701 -0.8813
v -0.1327 0.0701 -0.8812
v -0.1441 0.0701 -1.1496
v -0.1501 0.0860 -0.8982
v -0.1501 0.0860 -1.1367
v -0.1500 0.0860 -1.1392
v -0.1494 0.0860 -0.8934
v -0.1500 0.0860 -0.8958
v -0.1494 0.0860 -1.1415
v -0.1486 0.0860 -0.8911
v -0.1486 0.0860 -1.1438
v -0.1459 0.0860 -0.8871
v -0.1474 0.0860 -0.8890
v -0.1474 0.0860 -1.1460
v -0.1459 0.0860 -1.1479
v -0.1441 0.0860 -1.1496
v -0.1376 0.0860 -1.1531
v -0.1400 0.0860 -1.1523
v -0.1421 0.0860 -1.1511
v 0.1366 0.0860 -1.1536
v 0.1436 0.0860 -1.1511
v 0.1414 0.0860 -1.1523
v 0.1391 0.0860 -1.1531
v 0.1341 0.0860 -1.1538
v -0.1352 0.0860 -1.1536
v -0.1441 0.0860 -0.8853
v -0.1327 0.0860 -1.1538
v -0.1411 0.0860 -0.8833
v -0.1352 0.0860 -0.8813
v -0.1327 0.0860 -0.8812
v -0.1376 0.0860 -0.8819
v 0.1366 0.0860 -0.8813
v 0.1391 0.0860 -0.8819
v 0.1436 0.0860 -0.8839
v 0.1414 0.0860 -0.8827
v 0.1473 0.0860 -0.8871
v 0.1473 0.0860 -1.1479
v 0.1500 0.0860 -0.8911
v 0.1488 0.0860 -0.8890
v 0.1488 0.0860 -1.1460
v 0.1508 0.0860 -1.1415
v 0.1516 0.0860 -1.1367
v 0.1516 0.0860 -0.8982
v 0.1508 0.0860 -0.8934
v 0.1514 0.0860 -0.8958
v 0.1514 0.0860 -1.1392
v 0.1500 0.0860 -1.1438
v 0.1341 0.0860 -0.8812
v 0.1455 0.0860 -0.8853
v 0.1455 0.0860 -1.1496
v -0.1421 -0.1214 -1.1510
v -0.1365 -0.1320 -1.1416
v -0.1419 -0.1238 -1.1507
v -0.1416 -0.1253 -1.1502
v -0.1412 -0.1268 -1.1495
v -0.1403 -0.1286 -1.1482
v -0.1389 -0.1306 -1.1460
v -0.1388 -0.1314 -1.1440
v -0.1344 -0.1320 -1.1420
v -0.1400 -0.1205 -1.1523
v -0.1363 -0.1317 -1.1440
v -0.1361 -0.1312 -1.1460
v -0.1378 -0.1302 -1.1474
v -0.1383 -0.1292 -1.1486
v -0.1388 -0.1281 -1.1497
v -0.1394 -0.1260 -1.1509
v -0.1398 -0.1238 -1.1518
v -0.1388 -0.1214 -1.1526
v -0.1352 -0.1214 -1.1536
v -0.1351 -0.1238 -1.1532
v -0.1351 -0.1253 -1.1526
v -0.1350 -0.1268 -1.1518
v -0.1347 -0.1286 -1.1503
v -0.1345 -0.1302 -1.1484
v -0.1342 -0.1313 -1.1462
v -0.1344 -0.1319 -1.1437
v -0.1323 -0.1320 -1.1423
v -0.1327 -0.1214 -1.1537
v -0.1324 -0.1319 -1.1439
v -0.1325 -0.1313 -1.1463
v -0.1326 -0.1302 -1.1485
v -0.1326 -0.1286 -1.1504
v -0.1327 -0.1260 -1.1524
v -0.1327 -0.1238 -1.1533
v -0.1376 -0.1222 -1.1530
v -0.1375 -0.1238 -1.1527
v -0.1373 -0.1253 -1.1521
v -0.1371 -0.1268 -1.1513
v -0.1369 -0.1281 -1.1504
v -0.1365 -0.1292 -1.1493
v -0.1362 -0.1302 -1.1480
v 0.1366 -0.1214 -1.1536
v 0.1354 -0.1320 -1.1421
v 0.1366 -0.1238 -1.1532
v 0.1365 -0.1253 -1.1526
v 0.1364 -0.1268 -1.1518
v 0.1361 -0.1286 -1.1503
v 0.1359 -0.1302 -1.1484
v 0.1356 -0.1313 -1.1462
v 0.1358 -0.1319 -1.1437
v 0.1390 -0.1214 -1.1530
v 0.1389 -0.1238 -1.1527
v 0.1388 -0.1253 -1.1521
v 0.1385 -0.1268 -1.1513
v 0.1383 -0.1281 -1.1504
v 0.1379 -0.1292 -1.1493
v 0.1376 -0.1302 -1.1480
v 0.1375 -0.1312 -1.1460
v 0.1376 -0.1320 -1.1417
v 0.1435 -0.1214 -1.1510
v 0.1397 -0.1316 -1.1437
v 0.1403 -0.1306 -1.1460
v 0.1417 -0.1286 -1.1482
v 0.1426 -0.1268 -1.1495
v 0.1430 -0.1253 -1.1502
v 0.1433 -0.1238 -1.1507
v 0.1414 -0.1214 -1.1522
v 0.1377 -0.1317 -1.1440
v 0.1392 -0.1302 -1.1474
v 0.1398 -0.1292 -1.1486
v 0.1402 -0.1281 -1.1497
v 0.1408 -0.1260 -1.1509
v 0.1412 -0.1238 -1.1518
v 0.1384 -0.1320 -0.8944
v 0.1473 -0.1205 -0.8871
v 0.1395 -0.1319 -0.8932
v 0.1420 -0.1314 -0.8929
v 0.1417 -0.1310 -0.8910
v 0.1433 -0.1302 -0.8906
v 0.1449 -0.1292 -0.8904
v 0.1445 -0.1281 -0.8882
v 0.1462 -0.1260 -0.8880
v 0.1470 -0.1238 -0.8874
v 0.1472 -0.1222 -0.8871
v 0.1473 -0.1214 -1.1479
v 0.1387 -0.1320 -1.1403
v 0.1470 -0.1238 -1.1476
v 0.1462 -0.1260 -1.1470
v 0.1448 -0.1286 -1.1457
v 0.1438 -0.1302 -1.1437
v 0.1417 -0.1310 -1.1440
v 0.1420 -0.1314 -1.1420
v 0.1398 -0.1319 -1.1413
v 0.1395 -0.1320 -1.1389
v 0.1499 -0.1214 -1.1438
v 0.1419 -0.1317 -1.1395
v 0.1445 -0.1306 -1.1413
v 0.1469 -0.1286 -1.1424
v 0.1487 -0.1260 -1.1432
v 0.1496 -0.1238 -1.1436
v 0.1397 -0.1320 -0.8953
v 0.1487 -0.1214 -0.8890
v 0.1445 -0.1305 -0.8931
v 0.1464 -0.1281 -0.8906
v 0.1473 -0.1268 -0.8900
v 0.1485 -0.1253 -0.8906
v 0.1484 -0.1238 -0.8893
v 0.1487 -0.1214 -1.1459
v 0.1455 -0.1292 -1.1438
v 0.1464 -0.1281 -1.1444
v 0.1473 -0.1268 -1.1450
v 0.1479 -0.1253 -1.1454
v 0.1484 -0.1238 -1.1457
v 0.1399 -0.1320 -0.8971
v 0.1508 -0.1214 -0.8934
v 0.1419 -0.1317 -0.8955
v 0.1444 -0.1310 -0.8954
v 0.1458 -0.1302 -0.8950
v 0.1470 -0.1292 -0.8946
v 0.1484 -0.1281 -0.8952
v 0.1491 -0.1263 -0.8932
v 0.1504 -0.1238 -0.8936
v 0.1515 -0.1214 -1.1367
v 0.1400 -0.1320 -1.1369
v 0.1511 -0.1238 -1.1367
v 0.1505 -0.1253 -1.1367
v 0.1497 -0.1268 -1.1367
v 0.1487 -0.1281 -1.1366
v 0.1476 -0.1292 -1.1366
v 0.1463 -0.1302 -1.1365
v 0.1441 -0.1313 -1.1365
v 0.1422 -0.1318 -1.1373
v 0.1401 -0.1320 -0.8987
v 0.1515 -0.1214 -0.8982
v 0.1422 -0.1318 -0.8976
v 0.1443 -0.1312 -0.8979
v 0.1462 -0.1302 -0.8975
v 0.1475 -0.1292 -0.8974
v 0.1487 -0.1281 -0.8983
v 0.1497 -0.1268 -0.8983
v 0.1505 -0.1253 -0.8983
v 0.1511 -0.1238 -0.8983
v 0.1513 -0.1214 -0.8958
v 0.1509 -0.1238 -0.8959
v 0.1503 -0.1253 -0.8960
v 0.1496 -0.1268 -0.8961
v 0.1513 -0.1214 -1.1391
v 0.1445 -0.1310 -1.1389
v 0.1460 -0.1302 -1.1392
v 0.1472 -0.1292 -1.1395
v 0.1486 -0.1281 -1.1387
v 0.1496 -0.1268 -1.1389
v 0.1503 -0.1253 -1.1390
v 0.1509 -0.1238 -1.1391
v 0.1508 -0.1214 -1.1415
v 0.1504 -0.1238 -1.1414
v 0.1495 -0.1260 -1.1411
v 0.1481 -0.1281 -1.1407
v 0.1499 -0.1214 -0.8912
v 0.1496 -0.1238 -0.8913
v 0.1469 -0.1286 -0.8926
v 0.1455 -0.1214 -0.8854
v 0.1398 -0.1314 -0.8907
v 0.1421 -0.1302 -0.8894
v 0.1422 -0.1292 -0.8878
v 0.1446 -0.1260 -0.8864
v 0.1452 -0.1238 -0.8857
v 0.1341 -0.1214 -1.1537
v 0.1337 -0.1320 -1.1423
v 0.1341 -0.1238 -1.1533
v 0.1341 -0.1260 -1.1524
v 0.1340 -0.1286 -1.1504
v 0.1340 -0.1302 -1.1485
v 0.1339 -0.1313 -1.1463
v 0.1338 -0.1319 -1.1439
v 0.1455 -0.1214 -1.1496
v 0.1452 -0.1238 -1.1493
v 0.1446 -0.1260 -1.1485
v 0.1437 -0.1281 -1.1475
v 0.1430 -0.1292 -1.1466
v 0.1421 -0.1302 -1.1456
v -0.1501 -0.1214 -0.8982
v -0.1386 -0.1320 -0.8987
v -0.1497 -0.1238 -0.8983
v -0.1487 -0.1260 -0.8983
v -0.1473 -0.1281 -0.8983
v -0.1461 -0.1292 -0.8974
v -0.1448 -0.1302 -0.8975
v -0.1434 -0.1310 -0.8976
v -0.1410 -0.1317 -0.8979
v -0.1386 -0.1320 -1.1369
v -0.1501 -0.1214 -1.1367
v -0.1410 -0.1317 -1.1371
v -0.1434 -0.1310 -1.1365
v -0.1449 -0.1302 -1.1365
v -0.1462 -0.1292 -1.1366
v -0.1473 -0.1281 -1.1366
v -0.1487 -0.1260 -1.1367
v -0.1497 -0.1238 -1.1367
v -0.1499 -0.1214 -0.8958
v -0.1385 -0.1320 -0.8971
v -0.1495 -0.1238 -0.8959
v -0.1485 -0.1260 -0.8960
v -0.1472 -0.1281 -0.8962
v -0.1494 -0.1214 -0.8934
v -0.1490 -0.1238 -0.8936
v -0.1477 -0.1263 -0.8932
v -0.1462 -0.1286 -0.8944
v -0.1437 -0.1306 -0.8952
v -0.1408 -0.1317 -0.8956
v -0.1499 -0.1214 -1.1391
v -0.1495 -0.1238 -1.1391
v -0.1485 -0.1260 -1.1389
v -0.1472 -0.1281 -1.1387
v -0.1458 -0.1292 -1.1395
v -0.1447 -0.1302 -1.1384
v -0.1435 -0.1307 -1.1393
v -0.1385 -0.1320 -1.1391
v -0.1494 -0.1214 -1.1415
v -0.1408 -0.1317 -1.1394
v -0.1459 -0.1285 -1.1418
v -0.1481 -0.1260 -1.1411
v -0.1490 -0.1238 -1.1414
v -0.1386 -0.1320 -0.8953
v -0.1485 -0.1214 -0.8912
v -0.1431 -0.1305 -0.8931
v -0.1455 -0.1286 -0.8926
v -0.1476 -0.1253 -0.8916
v -0.1481 -0.1238 -0.8913
v -0.1485 -0.1214 -1.1438
v -0.1431 -0.1306 -1.1413
v -0.1473 -0.1260 -1.1432
v -0.1481 -0.1238 -1.1436
v -0.1372 -0.1320 -1.1403
v -0.1458 -0.1214 -1.1479
v -0.1387 -0.1318 -1.1416
v -0.1414 -0.1306 -1.1439
v -0.1433 -0.1286 -1.1457
v -0.1445 -0.1268 -1.1467
v -0.1458 -0.1253 -1.1463
v -0.1455 -0.1238 -1.1476
v -0.1473 -0.1214 -0.8890
v -0.1470 -0.1238 -0.8893
v -0.1462 -0.1260 -0.8898
v -0.1450 -0.1281 -0.8906
v -0.1435 -0.1292 -0.8904
v -0.1411 -0.1313 -0.8931
v -0.1473 -0.1214 -1.1459
v -0.1470 -0.1238 -1.1457
v -0.1458 -0.1268 -1.1450
v -0.1450 -0.1281 -1.1444
v -0.1440 -0.1292 -1.1438
v -0.1429 -0.1302 -1.1431
v -0.1411 -0.1313 -1.1418
v -0.1459 -0.1205 -0.8871
v -0.1370 -0.1320 -0.8944
v -0.1458 -0.1222 -0.8871
v -0.1455 -0.1238 -0.8874
v -0.1451 -0.1253 -0.8878
v -0.1445 -0.1268 -0.8883
v -0.1430 -0.1281 -0.8882
v -0.1414 -0.1306 -0.8910
v -0.1386 -0.1318 -0.8930
v -0.1441 -0.1214 -0.8854
v -0.1387 -0.1313 -0.8906
v -0.1407 -0.1302 -0.8894
v -0.1408 -0.1292 -0.8878
v -0.1432 -0.1260 -0.8864
v -0.1438 -0.1238 -0.8857
v -0.1376 -0.1205 -0.8819
v -0.1344 -0.1320 -0.8930
v -0.1376 -0.1222 -0.8820
v -0.1375 -0.1238 -0.8823
v -0.1372 -0.1260 -0.8832
v -0.1369 -0.1281 -0.8846
v -0.1365 -0.1292 -0.8857
v -0.1362 -0.1302 -0.8870
v -0.1365 -0.1310 -0.8886
v -0.1360 -0.1316 -0.8900
v -0.1343 -0.1318 -0.8907
v -0.1414 -0.1211 -0.8835
v -0.1399 -0.1222 -0.8828
v -0.1398 -0.1238 -0.8831
v -0.1394 -0.1260 -0.8840
v -0.1386 -0.1286 -0.8858
v -0.1386 -0.1302 -0.8880
v -0.1363 -0.1320 -0.8925
v -0.1419 -0.1238 -0.8843
v -0.1416 -0.1253 -0.8848
v -0.1412 -0.1268 -0.8854
v -0.1406 -0.1281 -0.8863
v 0.1354 -0.1320 -0.8928
v 0.1366 -0.1214 -0.8814
v 0.1357 -0.1318 -0.8907
v 0.1357 -0.1310 -0.8880
v 0.1359 -0.1302 -0.8866
v 0.1361 -0.1292 -0.8853
v 0.1362 -0.1281 -0.8841
v 0.1352 -0.1268 -0.8831
v 0.1365 -0.1253 -0.8824
v 0.1366 -0.1238 -0.8818
v 0.1374 -0.1320 -0.8927
v 0.1435 -0.1214 -0.8839
v 0.1400 -0.1302 -0.8880
v 0.1421 -0.1281 -0.8863
v 0.1426 -0.1268 -0.8854
v 0.1430 -0.1253 -0.8848
v 0.1433 -0.1238 -0.8843
v 0.1390 -0.1214 -0.8819
v 0.1389 -0.1238 -0.8823
v 0.1401 -0.1258 -0.8836
v 0.1385 -0.1268 -0.8836
v 0.1383 -0.1281 -0.8846
v 0.1379 -0.1292 -0.8857
v 0.1376 -0.1302 -0.8870
v 0.1379 -0.1310 -0.8886
v 0.1374 -0.1316 -0.8900
v 0.1414 -0.1214 -0.8828
v 0.1412 -0.1238 -0.8831
v 0.1400 -0.1286 -0.8858
v 0.1337 -0.1320 -0.8927
v 0.1341 -0.1214 -0.8812
v 0.1338 -0.1317 -0.8902
v 0.1339 -0.1310 -0.8879
v 0.1340 -0.1302 -0.8865
v 0.1340 -0.1292 -0.8851
v 0.1340 -0.1281 -0.8840
v 0.1341 -0.1253 -0.8822
v 0.1341 -0.1238 -0.8816
v -0.1352 -0.1214 -0.8814
v -0.1351 -0.1238 -0.8818
v -0.1351 -0.1253 -0.8824
v -0.1350 -0.1268 -0.8832
v -0.1348 -0.1281 -0.8841
v -0.1347 -0.1292 -0.8853
v -0.1345 -0.1302 -0.8866
v -0.1343 -0.1310 -0.8880
v -0.1323 -0.1320 -0.8927
v -0.1327 -0.1214 -0.8812
v -0.1324 -0.1317 -0.8902
v -0.1325 -0.1310 -0.8879
v -0.1326 -0.1302 -0.8865
v -0.1326 -0.1292 -0.8851
v -0.1326 -0.1281 -0.8840
v -0.1327 -0.1268 -0.8830
v -0.1327 -0.1253 -0.8822
v -0.1327 -0.1238 -0.8816
v -0.1441 -0.1214 -1.1496
v -0.1438 -0.1238 -1.1493
v -0.1432 -0.1260 -1.1485
v -0.1423 -0.1281 -1.1475
v -0.1416 -0.1292 -1.1466
v -0.1407 -0.1302 -1.1456
vn -1.000 0.000 0.000
vn -1.000 0.000 0.000
vn -1.000 0.000 0.000
vn -1.000 0.000 0.000
vn -1.000 0.000 0.000
vn -1.000 0.000 0.000
vn 0.000 0.000 -1.000
vn 0.000 0.000 -1.000
vn 0.000 0.000 -1.000
vn 0.000 0.000 -1.000
vn 0.000 0.000 -1.000
vn 0.000 0.000 -1.000
vn 1.000 0.000 0.000
vn 1.000 0.000 0.000
vn 1.000 0.000 0.000
vn 1.000 0.000 0.000
vn 1.000 0.000 0.000
vn 1.000 0.000 0.000
vn 0.000 0.000 1.000
vn 0.000 0.000 1.000
vn 0.000 0.000 1.000
vn 0.000 0.000 1.000
vn 0.000 0.000 1.000
vn 0.000 0.000 1.000
vn 0.000 -1.000 0.000
vn 0.000 -1.000 0.000
vn 0.000 -1.000 0.000
vn 0.000 -1.000 0.000
vn 0.000 -1.000 0.000
vn 0.000 -1.000 0.000
vn 0.000 1.000 0.000
vn 0.000 1.000 0.000
vn 0.000 1.000 0.000
vn 0.000 1.000 0.000
vn 0.000 1.000 0.000
vn 0.000 1.000 0.000
vn 0.000 1.000 0.000
vn 0.000 1.000 0.000
vn 0.000 1.000 0.000
vn 0.000 1.000 0.000
vn 0.000 1.000 0.000
vn 0.000 1.000 0.000
vn 0.000 1.000 0.000
vn 0.000 1.000 0.000
vn 0.000 1.000 0.000
vn 0.000 1.000 0.000
vn 0.000 1.000 0.000
vn 0.000 1.000 0.000
vn 0.000 1.000 0.000
vn 0.000 1.000 0.000
vn 0.000 1.000 0.000
vn 0.000 1.000 0.000
vn 0.000 1.000 0.000
vn 0.000 1.000 0.000
vn 0.000 1.000 0.000
vn 0.000 1.000 0.000
vn 0.000 1.000 0.000
vn 0.000 1.000 0.000
vn 0.000 1.000 0.000
vn 0.000 1.000 0.000
vn 0.000 1.000 0.000
vn 0.000 1.000 0.000
vn 0.000 1.000 0.000
vn 0.000 -1.000 0.000
vn 0.000 -1.000 0.000
vn 0.000 -1.000 0.000
vn 0.000 -1.000 0.000
vn 0.000 -1.000 0.000
vn 0.000 -1.000 0.000
vn 0.000 -1.000 0.000
vn 0.000 -1.000 0.000
vn 0.000 -1.000 0.000
vn 0.000 1.000 0.000
vn 0.000 1.000 0.000
vn 0.000 1.000 0.000
vn 0.000 1.000 0.000
vn 0.000 1.000 0.000
vn 0.000 1.000 0.000
vn 0.000 1.000 0.000
vn 0.000 1.000 0.000
vn 0.000 1.000 0.000
vn 0.000 1.000 0.000
vn 0.000 1.000 0.000
vn 0.000 1.000 0.000
vn 0.000 1.000 0.000
vn 0.000 1.000 0.000
vn 0.000 1.000 0.000
vn 0.000 1.000 0.000
vn 0.000 1.000 0.000
vn 0.000 1.000 0.000
vn 0.000 1.000 0.000
vn 0.000 1.000 0.000
vn 0.000 1.000 0.000
vn 0.000 1.000 0.000
vn 0.000 1.000 0.000
vn 0.000 1.000 0.000
vn 0.000 1.000 0.000
vn 0.000 1.000 0.000
vn 0.000 1.000 0.000
vn 0.000 1.000 0.000
vn 0.000 1.000 0.000
vn 0.000 1.000 0.000
vn 0.000 1.000 0.000
vn 0.000 1.000 0.000
vn 0.000 1.000 0.000
vn 0.000 1.000 0.000
vn 0.000 1.000 0.000
vn 0.000 1.000 0.000
vn 0.000 1.000 0.000
vn 0.000 1.000 0.000
vn 0.000 1.000 0.000
vn 0.000 1.000 0.000
vn 0.000 1.000 0.000
vn 0.000 1.000 0.000
vn 0.000 1.000 0.000
vn 0.000 1.000 0.000
vn 0.000 1.000 0.000
vn 0.000 1.000 0.000
vn 0.000 1.000 0.000
vn 0.000 1.000 0.000
vn 0.000 1.000 0.000
vn 0.000 1.000 0.000
vn 0.000 1.000 0.000
vn 0.000 1.000 0.000
vn 0.000 1.000 0.000
vn 0.000 1.000 0.000
vn 0.000 1.000 0.000
vn 0.000 1.000 0.000
vn 0.000 1.000 0.000
vn 0.000 1.000 0.000
vn 0.000 1.000 0.000
vn 0.000 1.000 0.000
vn 0.000 1.000 0.000
vn 0.000 1.000 0.000
vn 0.000 1.000 0.000
vn 0.000 1.000 0.000
vn 0.000 1.000 0.000
vn 0.000 1.000 0.000
vn 0.000 1.000 0.000
vn 0.000 1.000 0.000
vn 0.000 1.000 0.000
vn 0.000 1.000 0.000
vn 0.000 1.000 0.000
vn 0.000 1.000 0.000
vn 0.000 1.000 0.000
vn 0.000 1.000 0.000
vn 0.000 1.000 0.000
vn 0.000 1.000 0.000
vn 0.000 1.000 0.000
vn 0.000 1.000 0.000
vn 0.000 1.000 0.000
vn 0.000 1.000 0.000
vn 0.000 1.000 0.000
vn 0.000 1.000 0.000
vn 0.000 1.000 0.000
vn 0.000 1.000 0.000
vn 0.000 1.000 0.000
vn 0.000 1.000 0.000
vn 0.000 1.000 0.000
vn 0.000 1.000 0.000
vn 0.000 1.000 0.000
vn 0.000 1.000 0.000
vn 0.000 1.000 0.000
vn 0.000 1.000 0.000
vn 0.000 1.000 0.000
vn 0.000 1.000 0.000
vn 0.000 1.000 0.000
vn 0.000 1.000 0.000
vn 0.000 1.000 0.000
vn 0.000 1.000 0.000
vn 0.000 1.000 0.000
vn 0.000 1.000 0.000
vn 0.000 1.000 0.000
vn 0.000 1.000 0.000
vn 0.000 1.000 0.000
vn 0.000 1.000 0.000
vn 0.000 1.000 0.000
vn 0.000 1.000 0.000
vn 0.000 1.000 0.000
vn 0.000 1.000 0.000
vn 0.000 1.000 0.000
vn 0.000 1.000 0.000
vn 0.000 1.000 0.000
vn 0.000 -1.000 0.000
vn 0.000 -1.000 0.000
vn 0.000 -1.000 0.000
vn 0.000 -1.000 0.000
vn 0.000 -1.000 0.000
vn 0.000 -1.000 0.000
vn 0.000 -1.000 0.000
vn 0.000 -1.000 0.000
vn 0.000 -1.000 0.000
vn 0.000 -1.000 0.000
vn 0.000 -1.000 0.000
vn 0.000 -1.000 0.000
vn 0.000 -1.000 0.000
vn 0.000 -1.000 0.000
vn 0.000 -1.000 0.000
vn 0.000 -1.000 0.000
vn 0.000 -1.000 0.000
vn 0.000 -1.000 0.000
vn 0.000 -1.000 0.000
vn 0.000 -1.000 0.000
vn 0.000 -1.000 0.000
vn 0.000 -1.000 0.000
vn 0.000 -1.000 0.000
vn 0.000 -1.000 0.000
vn 0.000 -1.000 0.000
vn 0.000 -1.000 0.000
vn 0.000 -1.000 0.000
vn 0.000 -1.000 0.000
vn 0.000 -1.000 0.000
vn 0.000 -1.000 0.000
vn 0.000 1.000 0.000
vn 0.000 1.000 0.000
vn 0.000 1.000 0.000
vn 0.000 1.000 0.000
vn 0.000 1.000 0.000
vn 0.000 1.000 0.000
vn 0.000 1.000 0.000
vn 0.000 1.000 0.000
vn 0.000 1.000 0.000
vn 0.000 -1.000 0.000
vn 0.000 -1.000 0.000
vn 0.000 -1.000 0.000
vn 0.000 -1.000 0.000
vn 0.000 -1.000 0.000
vn 0.000 -1.000 0.000
vn 0.000 -1.000 0.000
vn 0.000 -1.000 0.000
vn 0.000 -1.000 0.000
vn 0.000 -1.000 0.000
vn 0.000 -1.000 0.000
vn 0.000 -1.000 0.000
vn 0.000 -1.000 0.000
vn 0.000 -1.000 0.000
vn 0.000 -1.000 0.000
vn 0.000 -1.000 0.000
vn 0.000 -1.000 0.000
vn 0.000 -1.000 0.000
vn 0.000 -1.000 0.000
vn 0.000 -1.000 0.000
vn 0.000 -1.000 0.000
vn 0.000 -1.000 0.000
vn 0.000 -1.000 0.000
vn 0.000 -1.000 0.000
vn 0.000 -1.000 0.000
vn 0.000 -1.000 0.000
vn 0.000 -1.000 0.000
vn 0.000 -1.000 0.000
vn 0.000 -1.000 0.000
vn 0.000 -1.000 0.000
vn 0.000 -1.000 0.000
vn 0.000 -1.000 0.000
vn 0.000 -1.000 0.000
vn 0.000 -1.000 0.000
vn 0.000 -1.000 0.000
vn 0.000 -1.000 0.000
vn 0.000 -1.000 0.000
vn 0.000 -1.000 0.000
vn 0.000 -1.000 0.000
vn 0.000 -1.000 0.000
vn 0.000 -1.000 0.000
vn 0.000 -1.000 0.000
vn 0.000 -1.000 0.000
vn 0.000 -1.000 0.000
vn 0.000 -1.000 0.000
vn 0.000 -1.000 0.000
vn 0.000 -1.000 0.000
vn 0.000 -1.000 0.000
vn 0.000 -1.000 0.000
vn 0.000 -1.000 0.000
vn 0.000 -1.000 0.000
vn 0.000 -1.000 0.000
vn 0.000 -1.000 0.000
vn 0.000 -1.000 0.000
vn 0.000 -1.000 0.000
vn 0.000 -1.000 0.000
vn 0.000 -1.000 0.000
vn 0.000 -1.000 0.000
vn 0.000 -1.000 0.000
vn 0.000 -1.000 0.000
vn 0.000 -1.000 0.000
vn 0.000 -1.000 0.000
vn 0.000 -1.000 0.000
vn 0.000 -1.000 0.000
vn 0.000 -1.000 0.000
vn 0.000 -1.000 0.000
vn 0.000 -1.000 0.000
vn 0.000 -1.000 0.000
vn 0.000 -1.000 0.000
vn 0.000 -1.000 0.000
vn 0.000 -1.000 0.000
vn 0.000 -1.000 0.000
vn 0.000 -1.000 0.000
vn 0.000 -1.000 0.000
vn 0.000 -1.000 0.000
vn 0.000 -1.000 0.000
vn 0.000 -1.000 0.000
vn 0.000 -1.000 0.000
vn 0.000 -1.000 0.000
vn 0.000 -1.000 0.000
vn 0.000 -1.000 0.000
vn 0.000 -1.000 0.000
vn 0.000 -1.000 0.000
vn 0.000 -1.000 0.000
vn 0.000 -1.000 0.000
vn 0.000 -1.000 0.000
vn 0.000 -1.000 0.000
vn 0.000 -1.000 0.000
vn 0.000 -1.000 0.000
vn 0.000 -1.000 0.000
vn 0.000 -1.000 0.000
vn 0.000 -1.000 0.000
vn 0.000 -1.000 0.000
vn 0.000 -1.000 0.000
vn 0.000 -1.000 0.000
vn 0.000 -1.000 0.000
vn 0.000 -1.000 0.000
vn 0.000 -1.000 0.000
vn 0.000 -1.000 0.000
vn 0.000 -1.000 0.000
vn 0.000 -1.000 0.000
vn 0.000 -1.000 0.000
vn 0.000 -1.000 0.000
vn 0.000 -1.000 0.000
vn 0.000 -1.000 0.000
vn 0.000 -1.000 0.000
vn 0.000 -1.000 0.000
vn 0.000 -1.000 0.000
vn 0.285 0.000 -0.958
vn 0.120 0.000 -0.993
vn 0.155 0.002 -0.988
vn 0.285 0.000 -0.958
vn 0.155 0.002 -0.988
vn 0.347 0.001 -0.938
vn -1.000 0.000 0.001
vn -0.986 0.000 0.165
vn -0.993 0.002 0.121
vn -1.000 0.000 0.001
vn -0.993 0.002 0.121
vn -1.000 0.001 0.000
vn 0.993 0.000 0.121
vn 1.000 0.000 0.000
vn 1.000 0.004 0.001
vn 0.993 0.000 0.121
vn 1.000 0.004 0.001
vn 0.986 0.002 0.169
vn 0.283 0.001 0.959
vn 0.437 0.000 0.900
vn 0.396 0.001 0.918
vn 0.283 0.001 0.959
vn 0.396 0.001 0.918
vn 0.250 0.003 0.968
vn 1.000 0.000 0.000
vn 1.000 0.000 -0.001
vn 1.000 0.001 -0.000
vn 1.000 0.000 0.000
vn 1.000 0.001 -0.000
vn 1.000 0.004 0.001
vn -0.159 0.000 -0.987
vn -0.296 0.000 -0.955
vn -0.255 0.002 -0.967
vn -0.159 0.000 -0.987
vn -0.255 0.002 -0.967
vn -0.117 0.002 -0.993
vn -0.992 0.000 -0.125
vn -1.000 0.000 -0.000
vn -1.000 0.004 -0.001
vn -0.992 0.000 -0.125
vn -1.000 0.004 -0.001
vn -0.986 0.002 -0.168
vn 0.951 0.000 -0.310
vn 0.896 0.000 -0.444
vn 0.916 0.002 -0.401
vn 0.951 0.000 -0.310
vn 0.916 0.002 -0.401
vn 0.965 0.002 -0.264
vn 0.187 0.001 0.982
vn 0.283 0.001 0.959
vn 0.250 0.003 0.968
vn 0.187 0.001 0.982
vn 0.250 0.003 0.968
vn 0.149 0.002 0.989
vn -0.296 0.000 -0.955
vn -0.427 0.000 -0.904
vn -0.388 0.002 -0.922
vn -0.296 0.000 -0.955
vn -0.388 0.002 -0.922
vn -0.255 0.002 -0.967
vn -0.847 0.000 -0.531
vn -0.915 0.000 -0.404
vn -0.896 0.002 -0.443
vn -0.847 0.000 -0.531
vn -0.896 0.002 -0.443
vn -0.828 0.002 -0.561
vn 0.916 0.000 0.400
vn 0.965 0.000 0.264
vn 0.951 0.002 0.309
vn 0.916 0.000 0.400
vn 0.951 0.002 0.309
vn 0.896 0.002 0.443
vn -0.000 0.000 1.000
vn 0.001 0.000 1.000
vn 0.000 0.001 1.000
vn -0.000 0.000 1.000
vn 0.000 0.001 1.000
vn -0.001 0.004 1.000
vn -0.825 0.000 0.565
vn -0.735 0.000 0.678
vn -0.765 0.002 0.644
vn -0.825 0.000 0.565
vn -0.765 0.002 0.644
vn -0.849 0.002 0.528
vn 0.849 0.000 0.528
vn 0.916 0.000 0.400
vn 0.896 0.002 0.443
vn 0.849 0.000 0.528
vn 0.896 0.002 0.443
vn 0.823 0.002 0.568
vn -0.254 0.000 0.967
vn -0.117 0.000 0.993
vn -0.162 0.002 0.987
vn -0.254 0.000 0.967
vn -0.162 0.002 0.987
vn -0.299 0.002 0.954
vn -0.387 0.000 0.922
vn -0.254 0.000 0.967
vn -0.299 0.002 0.954
vn -0.387 0.000 0.922
vn -0.299 0.002 0.954
vn -0.430 0.002 0.903
vn 0.665 0.000 0.746
vn 0.765 0.000 0.644
vn 0.734 0.002 0.679
vn 0.665 0.000 0.746
vn 0.734 0.002 0.679
vn 0.630 0.002 0.777
vn -0.767 0.000 -0.641
vn -0.847 0.000 -0.531
vn -0.828 0.002 -0.561
vn -0.767 0.000 -0.641
vn -0.828 0.002 -0.561
vn -0.733 0.001 -0.680
vn 0.986 0.000 -0.169
vn 0.951 0.000 -0.310
vn 0.965 0.002 -0.264
vn 0.986 0.000 -0.169
vn 0.965 0.002 -0.264
vn 0.993 0.002 -0.122
vn 0.452 0.000 -0.892
vn 0.285 0.000 -0.958
vn 0.347 0.001 -0.938
vn 0.452 0.000 -0.892
vn 0.347 0.001 -0.938
vn 0.504 0.002 -0.864
vn -0.735 0.000 0.678
vn -0.629 0.000 0.777
vn -0.665 0.002 0.747
vn -0.735 0.000 0.678
vn -0.665 0.002 0.747
vn -0.765 0.002 0.644
vn 0.965 0.000 0.264
vn 0.993 0.000 0.121
vn 0.986 0.002 0.169
vn 0.965 0.000 0.264
vn 0.986 0.002 0.169
vn 0.951 0.002 0.309
vn -0.001 0.000 -1.000
vn -0.159 0.000 -0.987
vn -0.117 0.002 -0.993
vn -0.001 0.000 -1.000
vn -0.117 0.002 -0.993
vn -0.000 0.001 -1.000
vn 0.827 0.000 -0.562
vn 0.729 0.000 -0.684
vn 0.765 0.001 -0.644
vn 0.827 0.000 -0.562
vn 0.765 0.001 -0.644
vn 0.853 0.002 -0.522
vn 0.001 0.000 1.000
vn 0.187 0.001 0.982
vn 0.149 0.002 0.989
vn 0.001 0.000 1.000
vn 0.149 0.002 0.989
vn 0.000 0.001 1.000
vn 0.896 0.000 -0.444
vn 0.827 0.000 -0.562
vn 0.853 0.002 -0.522
vn 0.896 0.000 -0.444
vn 0.853 0.002 -0.522
vn 0.916 0.002 -0.401
vn 0.000 0.000 -1.000
vn -0.001 0.000 -1.000
vn -0.000 0.001 -1.000
vn 0.000 0.000 -1.000
vn -0.000 0.001 -1.000
vn 0.001 0.004 -1.000
vn -0.117 0.000 0.993
vn -0.000 0.000 1.000
vn -0.001 0.004 1.000
vn -0.117 0.000 0.993
vn -0.001 0.004 1.000
vn -0.162 0.002 0.987
vn -0.915 0.000 -0.404
vn -0.964 0.000 -0.267
vn -0.951 0.002 -0.309
vn -0.915 0.000 -0.404
vn -0.951 0.002 -0.309
vn -0.896 0.002 -0.443
vn -1.000 0.000 -0.000
vn -1.000 0.000 0.001
vn -1.000 0.001 0.000
vn -1.000 0.000 -0.000
vn -1.000 0.001 0.000
vn -1.000 0.004 -0.001
vn 0.765 0.000 0.644
vn 0.849 0.000 0.528
vn 0.823 0.002 0.568
vn 0.765 0.000 0.644
vn 0.823 0.002 0.568
vn 0.734 0.002 0.679
vn -0.427 0.000 -0.904
vn -0.550 0.000 -0.835
vn -0.513 0.002 -0.858
vn -0.427 0.000 -0.904
vn -0.513 0.002 -0.858
vn -0.388 0.002 -0.922
vn -0.550 0.000 -0.835
vn -0.657 0.000 -0.754
vn -0.624 0.002 -0.782
vn -0.550 0.000 -0.835
vn -0.624 0.002 -0.782
vn -0.513 0.002 -0.858
vn -0.986 0.000 0.165
vn -0.952 0.000 0.306
vn -0.965 0.002 0.264
vn -0.986 0.000 0.165
vn -0.965 0.002 0.264
vn -0.993 0.002 0.121
vn 0.729 0.000 -0.684
vn 0.601 0.000 -0.799
vn 0.644 0.002 -0.765
vn 0.729 0.000 -0.684
vn 0.644 0.002 -0.765
vn 0.765 0.001 -0.644
vn 0.120 0.000 -0.993
vn 0.000 0.000 -1.000
vn 0.001 0.004 -1.000
vn 0.120 0.000 -0.993
vn 0.001 0.004 -1.000
vn 0.155 0.002 -0.988
vn -0.629 0.000 0.777
vn -0.513 0.000 0.858
vn -0.553 0.002 0.833
vn -0.629 0.000 0.777
vn -0.553 0.002 0.833
vn -0.665 0.002 0.747
vn -0.964 0.000 -0.267
vn -0.992 0.000 -0.125
vn -0.986 0.002 -0.168
vn -0.964 0.000 -0.267
vn -0.986 0.002 -0.168
vn -0.951 0.002 -0.309
vn 0.601 0.000 -0.799
vn 0.452 0.000 -0.892
vn 0.504 0.002 -0.864
vn 0.601 0.000 -0.799
vn 0.504 0.002 -0.864
vn 0.644 0.002 -0.765
vn 0.437 0.000 0.900
vn 0.553 0.000 0.833
vn 0.520 0.003 0.854
vn 0.437 0.000 0.900
vn 0.520 0.003 0.854
vn 0.396 0.001 0.918
vn -0.657 0.000 -0.754
vn -0.767 0.000 -0.641
vn -0.733 0.001 -0.680
vn -0.657 0.000 -0.754
vn -0.733 0.001 -0.680
vn -0.624 0.002 -0.782
vn -0.898 0.000 0.441
vn -0.825 0.000 0.565
vn -0.849 0.002 0.528
vn -0.898 0.000 0.441
vn -0.849 0.002 0.528
vn -0.916 0.002 0.401
vn -0.952 0.000 0.306
vn -0.898 0.000 0.441
vn -0.916 0.002 0.401
vn -0.952 0.000 0.306
vn -0.916 0.002 0.401
vn -0.965 0.002 0.264
vn 1.000 0.000 -0.001
vn 0.986 0.000 -0.169
vn 0.993 0.002 -0.122
vn 1.000 0.000 -0.001
vn 0.993 0.002 -0.122
vn 1.000 0.001 -0.000
vn -0.513 0.000 0.858
vn -0.387 0.000 0.922
vn -0.430 0.002 0.903
vn -0.513 0.000 0.858
vn -0.430 0.002 0.903
vn -0.553 0.002 0.833
vn 0.553 0.000 0.833
vn 0.665 0.000 0.746
vn 0.630 0.002 0.777
vn 0.553 0.000 0.833
vn 0.630 0.002 0.777
vn 0.520 0.003 0.854
vn 0.000 1.000 0.000
vn 0.034 0.996 0.083
vn 0.097 0.980 0.174
vn 0.000 1.000 0.000
vn 0.097 0.980 0.174
vn 0.195 0.950 0.245
vn 0.195 0.950 0.245
vn 0.097 0.980 0.174
vn 0.126 0.929 0.348
vn 0.195 0.950 0.245
vn 0.126 0.929 0.348
vn 0.267 0.863 0.430
vn 0.267 0.863 0.430
vn 0.126 0.929 0.348
vn 0.211 0.853 0.478
vn 0.267 0.863 0.430
vn 0.211 0.853 0.478
vn 0.292 0.762 0.578
vn 0.267 0.863 0.430
vn 0.292 0.762 0.578
vn 0.361 0.711 0.603
vn 0.361 0.711 0.603
vn 0.292 0.762 0.578
vn 0.337 0.618 0.710
vn 0.361 0.711 0.603
vn 0.337 0.618 0.710
vn 0.362 0.488 0.794
vn 0.361 0.711 0.603
vn 0.362 0.488 0.794
vn 0.434 0.573 0.696
vn 0.434 0.573 0.696
vn 0.362 0.488 0.794
vn 0.470 0.410 0.781
vn 0.470 0.410 0.781
vn 0.362 0.488 0.794
vn 0.396 0.273 0.877
vn 0.470 0.410 0.781
vn 0.396 0.273 0.877
vn 0.506 0.236 0.830
vn 0.506 0.236 0.830
vn 0.396 0.273 0.877
vn 0.250 0.003 0.968
vn 0.506 0.236 0.830
vn 0.250 0.003 0.968
vn 0.520 0.003 0.854
vn 0.520 0.003 0.854
vn 0.250 0.003 0.968
vn 0.396 0.001 0.918
vn 0.033 0.996 0.077
vn 0.000 0.999 0.049
vn 0.000 0.977 0.212
vn 0.033 0.996 0.077
vn 0.000 0.977 0.212
vn 0.045 0.977 0.208
vn 0.045 0.977 0.208
vn 0.000 0.977 0.212
vn 0.000 0.926 0.379
vn 0.045 0.977 0.208
vn 0.000 0.926 0.379
vn 0.052 0.931 0.362
vn 0.052 0.931 0.362
vn 0.000 0.926 0.379
vn 0.000 0.819 0.573
vn 0.052 0.931 0.362
vn 0.000 0.819 0.573
vn 0.071 0.840 0.537
vn 0.071 0.840 0.537
vn 0.000 0.819 0.573
vn 0.000 0.650 0.760
vn 0.071 0.840 0.537
vn 0.000 0.650 0.760
vn 0.073 0.694 0.717
vn 0.073 0.694 0.717
vn 0.000 0.650 0.760
vn 0.000 0.480 0.877
vn 0.073 0.694 0.717
vn 0.000 0.480 0.877
vn 0.095 0.580 0.809
vn 0.095 0.580 0.809
vn 0.000 0.480 0.877
vn 0.113 0.420 0.900
vn 0.113 0.420 0.900
vn 0.000 0.480 0.877
vn 0.000 0.244 0.970
vn 0.113 0.420 0.900
vn 0.000 0.244 0.970
vn 0.130 0.240 0.962
vn 0.130 0.240 0.962
vn 0.000 0.244 0.970
vn 0.000 0.001 1.000
vn 0.130 0.240 0.962
vn 0.000 0.001 1.000
vn 0.149 0.002 0.989
vn 0.149 0.002 0.989
vn 0.250 0.003 0.968
vn 0.287 0.139 0.948
vn 0.149 0.002 0.989
vn 0.287 0.139 0.948
vn 0.264 0.282 0.923
vn 0.149 0.002 0.989
vn 0.264 0.282 0.923
vn 0.130 0.240 0.962
vn 0.130 0.240 0.962
vn 0.264 0.282 0.923
vn 0.249 0.403 0.881
vn 0.130 0.240 0.962
vn 0.249 0.403 0.881
vn 0.113 0.420 0.900
vn 0.113 0.420 0.900
vn 0.249 0.403 0.881
vn 0.244 0.536 0.808
vn 0.113 0.420 0.900
vn 0.244 0.536 0.808
vn 0.095 0.580 0.809
vn 0.095 0.580 0.809
vn 0.244 0.536 0.808
vn 0.194 0.659 0.727
vn 0.095 0.580 0.809
vn 0.194 0.659 0.727
vn 0.073 0.694 0.717
vn 0.073 0.694 0.717
vn 0.194 0.659 0.727
vn 0.173 0.765 0.620
vn 0.073 0.694 0.717
vn 0.173 0.765 0.620
vn 0.129 0.840 0.528
vn 0.073 0.694 0.717
vn 0.129 0.840 0.528
vn 0.071 0.840 0.537
vn 0.071 0.840 0.537
vn 0.129 0.840 0.528
vn 0.126 0.929 0.348
vn 0.071 0.840 0.537
vn 0.126 0.929 0.348
vn 0.052 0.931 0.362
vn 0.052 0.931 0.362
vn 0.126 0.929 0.348
vn 0.045 0.977 0.208
vn -0.000 1.000 0.011
vn -0.002 1.000 0.001
vn -0.124 0.987 0.104
vn -0.289 0.911 0.295
vn -0.281 0.942 0.182
vn -0.441 0.843 0.308
vn -0.441 0.843 0.308
vn -0.539 0.764 0.353
vn -0.540 0.692 0.479
vn -0.540 0.692 0.479
vn -0.539 0.764 0.353
vn -0.666 0.637 0.389
vn -0.540 0.692 0.479
vn -0.666 0.637 0.389
vn -0.672 0.561 0.483
vn -0.540 0.692 0.479
vn -0.672 0.561 0.483
vn -0.649 0.500 0.573
vn -0.649 0.500 0.573
vn -0.672 0.561 0.483
vn -0.773 0.410 0.484
vn -0.649 0.500 0.573
vn -0.773 0.410 0.484
vn -0.806 0.255 0.534
vn -0.649 0.500 0.573
vn -0.806 0.255 0.534
vn -0.720 0.281 0.634
vn -0.720 0.281 0.634
vn -0.806 0.255 0.534
vn -0.849 0.002 0.528
vn -0.720 0.281 0.634
vn -0.849 0.002 0.528
vn -0.765 0.002 0.644
vn -0.951 0.002 -0.309
vn -0.986 0.002 -0.168
vn -0.960 0.240 -0.146
vn -0.951 0.002 -0.309
vn -0.960 0.240 -0.146
vn -0.914 0.286 -0.289
vn -0.914 0.286 -0.289
vn -0.960 0.240 -0.146
vn -0.888 0.429 -0.163
vn -0.914 0.286 -0.289
vn -0.888 0.429 -0.163
vn -0.806 0.511 -0.299
vn -0.806 0.511 -0.299
vn -0.888 0.429 -0.163
vn -0.816 0.560 -0.141
vn -0.806 0.511 -0.299
vn -0.816 0.560 -0.141
vn -0.740 0.648 -0.181
vn -0.740 0.648 -0.181
vn -0.631 0.776 -0.001
vn -0.629 0.761 -0.157
vn -0.629 0.761 -0.157
vn -0.631 0.776 -0.001
vn -0.487 0.873 -0.001
vn -0.629 0.761 -0.157
vn -0.487 0.873 -0.001
vn -0.510 0.846 -0.159
vn -0.510 0.846 -0.159
vn -0.487 0.873 -0.001
vn -0.335 0.942 -0.001
vn -0.510 0.846 -0.159
vn -0.335 0.942 -0.001
vn -0.341 0.934 -0.110
vn -0.341 0.934 -0.110
vn -0.335 0.942 -0.001
vn -0.168 0.986 -0.001
vn -0.341 0.934 -0.110
vn -0.168 0.986 -0.001
vn -0.225 0.969 -0.105
vn -0.225 0.969 -0.105
vn -0.168 0.986 -0.001
vn 0.008 1.000 -0.011
vn -0.993 0.002 0.121
vn -0.965 0.002 0.264
vn -0.920 0.281 0.274
vn -0.993 0.002 0.121
vn -0.920 0.281 0.274
vn -0.956 0.255 0.144
vn -0.956 0.255 0.144
vn -0.920 0.281 0.274
vn -0.830 0.490 0.267
vn -0.956 0.255 0.144
vn -0.830 0.490 0.267
vn -0.906 0.403 0.128
vn -0.906 0.403 0.128
vn -0.830 0.490 0.267
vn -0.834 0.536 0.133
vn -0.834 0.536 0.133
vn -0.830 0.490 0.267
vn -0.740 0.629 0.237
vn -0.834 0.536 0.133
vn -0.740 0.629 0.237
vn -0.750 0.654 0.097
vn -0.750 0.654 0.097
vn -0.740 0.629 0.237
vn -0.621 0.768 0.158
vn -0.367 0.927 0.082
vn -0.231 0.969 0.093
vn -0.216 0.976 0.001
vn -0.216 0.976 0.001
vn -0.231 0.969 0.093
vn -0.002 1.000 0.001
vn -0.216 0.976 0.001
vn -0.002 1.000 0.001
vn -0.002 1.000 0.000
vn -0.828 0.002 -0.561
vn -0.896 0.002 -0.443
vn -0.870 0.277 -0.407
vn -0.828 0.002 -0.561
vn -0.870 0.277 -0.407
vn -0.807 0.252 -0.534
vn -0.807 0.252 -0.534
vn -0.870 0.277 -0.407
vn -0.776 0.423 -0.469
vn -0.776 0.423 -0.469
vn -0.806 0.511 -0.299
vn -0.731 0.550 -0.403
vn -0.731 0.550 -0.403
vn -0.806 0.511 -0.299
vn -0.651 0.698 -0.299
vn -0.731 0.550 -0.403
vn -0.651 0.698 -0.299
vn -0.615 0.642 -0.457
vn -0.615 0.642 -0.457
vn -0.651 0.698 -0.299
vn -0.512 0.766 -0.389
vn -0.512 0.766 -0.389
vn -0.651 0.698 -0.299
vn -0.433 0.870 -0.236
vn -0.260 0.950 -0.171
vn -0.433 0.870 -0.236
vn -0.225 0.969 -0.105
vn -0.260 0.950 -0.171
vn -0.225 0.969 -0.105
vn -0.002 1.000 -0.001
vn -0.765 0.002 0.644
vn -0.665 0.002 0.747
vn -0.632 0.269 0.727
vn -0.765 0.002 0.644
vn -0.632 0.269 0.727
vn -0.720 0.281 0.634
vn -0.720 0.281 0.634
vn -0.632 0.269 0.727
vn -0.566 0.489 0.663
vn -0.720 0.281 0.634
vn -0.566 0.489 0.663
vn -0.649 0.500 0.573
vn -0.649 0.500 0.573
vn -0.566 0.489 0.663
vn -0.524 0.616 0.589
vn -0.649 0.500 0.573
vn -0.524 0.616 0.589
vn -0.540 0.692 0.479
vn -0.540 0.692 0.479
vn -0.524 0.616 0.589
vn -0.386 0.772 0.506
vn -0.540 0.692 0.479
vn -0.386 0.772 0.506
vn -0.387 0.829 0.404
vn -0.540 0.692 0.479
vn -0.387 0.829 0.404
vn -0.441 0.843 0.308
vn -0.441 0.843 0.308
vn -0.387 0.829 0.404
vn -0.289 0.911 0.295
vn -0.289 0.911 0.295
vn -0.153 0.963 0.221
vn -0.281 0.942 0.182
vn -0.281 0.942 0.182
vn -0.153 0.963 0.221
vn -0.124 0.987 0.104
vn -0.124 0.987 0.104
vn -0.002 1.000 0.004
vn -0.000 1.000 0.011
vn 0.077 0.997 -0.000
vn 0.056 0.998 0.000
vn 0.183 0.983 0.001
vn 0.077 0.997 -0.000
vn 0.183 0.983 0.001
vn 0.243 0.970 -0.000
vn 0.243 0.970 -0.000
vn 0.183 0.983 0.001
vn 0.348 0.938 0.000
vn 0.243 0.970 -0.000
vn 0.348 0.938 0.000
vn 0.407 0.914 -0.001
vn 0.407 0.914 -0.001
vn 0.348 0.938 0.000
vn 0.521 0.853 0.000
vn 0.407 0.914 -0.001
vn 0.521 0.853 0.000
vn 0.561 0.828 -0.001
vn 0.561 0.828 -0.001
vn 0.521 0.853 0.000
vn 0.637 0.771 0.001
vn 0.561 0.828 -0.001
vn 0.637 0.771 0.001
vn 0.665 0.747 -0.002
vn 0.665 0.747 -0.002
vn 0.637 0.771 0.001
vn 0.756 0.654 0.001
vn 0.665 0.747 -0.002
vn 0.756 0.654 0.001
vn 0.795 0.606 -0.000
vn 0.795 0.606 -0.000
vn 0.756 0.654 0.001
vn 0.862 0.506 0.001
vn 0.795 0.606 -0.000
vn 0.862 0.506 0.001
vn 0.892 0.452 -0.001
vn 0.892 0.452 -0.001
vn 0.862 0.506 0.001
vn 0.948 0.319 0.001
vn 0.892 0.452 -0.001
vn 0.948 0.319 0.001
vn 0.970 0.244 -0.001
vn 0.970 0.244 -0.001
vn 0.948 0.319 0.001
vn 1.000 0.004 0.001
vn 0.970 0.244 -0.001
vn 1.000 0.004 0.001
vn 1.000 0.001 -0.000
vn 1.000 0.001 -0.000
vn 0.993 0.002 -0.122
vn 0.944 0.296 -0.149
vn 1.000 0.001 -0.000
vn 0.944 0.296 -0.149
vn 0.970 0.244 -0.001
vn 0.970 0.244 -0.001
vn 0.944 0.296 -0.149
vn 0.859 0.489 -0.153
vn 0.970 0.244 -0.001
vn 0.859 0.489 -0.153
vn 0.892 0.452 -0.001
vn 0.892 0.452 -0.001
vn 0.859 0.489 -0.153
vn 0.777 0.619 -0.112
vn 0.892 0.452 -0.001
vn 0.777 0.619 -0.112
vn 0.795 0.606 -0.000
vn 0.795 0.606 -0.000
vn 0.777 0.619 -0.112
vn 0.665 0.747 -0.002
vn 0.243 0.970 -0.000
vn 0.029 1.000 -0.006
vn 0.077 0.997 -0.000
vn 0.993 0.002 -0.122
vn 0.965 0.002 -0.264
vn 0.924 0.282 -0.260
vn 0.993 0.002 -0.122
vn 0.924 0.282 -0.260
vn 0.944 0.296 -0.149
vn 0.944 0.296 -0.149
vn 0.924 0.282 -0.260
vn 0.802 0.527 -0.280
vn 0.944 0.296 -0.149
vn 0.802 0.527 -0.280
vn 0.859 0.489 -0.153
vn 0.859 0.489 -0.153
vn 0.802 0.527 -0.280
vn 0.671 0.713 -0.202
vn 0.859 0.489 -0.153
vn 0.671 0.713 -0.202
vn 0.777 0.619 -0.112
vn 0.777 0.619 -0.112
vn 0.671 0.713 -0.202
vn 0.665 0.747 -0.002
vn 0.665 0.747 -0.002
vn 0.671 0.713 -0.202
vn 0.482 0.864 -0.146
vn 0.665 0.747 -0.002
vn 0.482 0.864 -0.146
vn 0.561 0.828 -0.001
vn 0.561 0.828 -0.001
vn 0.482 0.864 -0.146
vn 0.407 0.914 -0.001
vn 0.407 0.914 -0.001
vn 0.482 0.864 -0.146
vn 0.262 0.960 -0.094
vn 0.407 0.914 -0.001
vn 0.262 0.960 -0.094
vn 0.243 0.970 -0.000
vn 0.243 0.970 -0.000
vn 0.262 0.960 -0.094
vn 0.029 1.000 -0.006
vn 0.056 0.998 0.000
vn 0.124 0.990 0.062
vn 0.234 0.969 0.085
vn 0.056 0.998 0.000
vn 0.234 0.969 0.085
vn 0.183 0.983 0.001
vn 0.183 0.983 0.001
vn 0.234 0.969 0.085
vn 0.434 0.891 0.137
vn 0.518 0.851 0.086
vn 0.434 0.891 0.137
vn 0.611 0.777 0.153
vn 0.611 0.777 0.153
vn 0.668 0.697 0.262
vn 0.756 0.637 0.153
vn 0.756 0.637 0.153
vn 0.668 0.697 0.262
vn 0.821 0.508 0.261
vn 0.756 0.637 0.153
vn 0.821 0.508 0.261
vn 0.868 0.479 0.129
vn 0.868 0.479 0.129
vn 0.821 0.508 0.261
vn 0.919 0.281 0.277
vn 0.868 0.479 0.129
vn 0.919 0.281 0.277
vn 0.949 0.281 0.141
vn 0.949 0.281 0.141
vn 0.919 0.281 0.277
vn 0.951 0.002 0.309
vn 0.949 0.281 0.141
vn 0.951 0.002 0.309
vn 0.986 0.002 0.169
vn 0.916 0.002 -0.401
vn 0.853 0.002 -0.522
vn 0.812 0.269 -0.519
vn 0.916 0.002 -0.401
vn 0.812 0.269 -0.519
vn 0.875 0.255 -0.412
vn 0.875 0.255 -0.412
vn 0.812 0.269 -0.519
vn 0.731 0.504 -0.459
vn 0.875 0.255 -0.412
vn 0.731 0.504 -0.459
vn 0.829 0.426 -0.363
vn 0.829 0.426 -0.363
vn 0.731 0.504 -0.459
vn 0.802 0.527 -0.280
vn 0.802 0.527 -0.280
vn 0.731 0.504 -0.459
vn 0.673 0.613 -0.414
vn 0.802 0.527 -0.280
vn 0.673 0.613 -0.414
vn 0.636 0.713 -0.294
vn 0.636 0.713 -0.294
vn 0.673 0.613 -0.414
vn 0.496 0.777 -0.386
vn 0.636 0.713 -0.294
vn 0.496 0.777 -0.386
vn 0.467 0.855 -0.227
vn 0.467 0.855 -0.227
vn 0.259 0.951 -0.169
vn 0.262 0.960 -0.094
vn 0.262 0.960 -0.094
vn 0.259 0.951 -0.169
vn 0.040 0.999 -0.004
vn 0.734 0.002 0.679
vn 0.823 0.002 0.568
vn 0.803 0.277 0.528
vn 0.734 0.002 0.679
vn 0.803 0.277 0.528
vn 0.717 0.238 0.655
vn 0.717 0.238 0.655
vn 0.803 0.277 0.528
vn 0.710 0.413 0.570
vn 0.710 0.413 0.570
vn 0.723 0.549 0.419
vn 0.608 0.564 0.558
vn 0.608 0.564 0.558
vn 0.723 0.549 0.419
vn 0.635 0.651 0.416
vn 0.608 0.564 0.558
vn 0.635 0.651 0.416
vn 0.516 0.711 0.478
vn 0.516 0.711 0.478
vn 0.635 0.651 0.416
vn 0.563 0.768 0.305
vn 0.516 0.711 0.478
vn 0.563 0.768 0.305
vn 0.427 0.846 0.320
vn 0.516 0.711 0.478
vn 0.427 0.846 0.320
vn 0.350 0.883 0.314
vn 0.350 0.883 0.314
vn 0.427 0.846 0.320
vn 0.258 0.951 0.170
vn 0.350 0.883 0.314
vn 0.258 0.951 0.170
vn 0.173 0.974 0.147
vn 0.173 0.974 0.147
vn 0.124 0.990 0.062
vn 0.078 0.995 0.064
vn 0.644 0.002 -0.765
vn 0.504 0.002 -0.864
vn 0.510 0.236 -0.827
vn 0.644 0.002 -0.765
vn 0.510 0.236 -0.827
vn 0.622 0.281 -0.731
vn 0.622 0.281 -0.731
vn 0.510 0.236 -0.827
vn 0.502 0.410 -0.762
vn 0.622 0.281 -0.731
vn 0.502 0.410 -0.762
vn 0.568 0.489 -0.662
vn 0.568 0.489 -0.662
vn 0.502 0.410 -0.762
vn 0.411 0.561 -0.719
vn 0.568 0.489 -0.662
vn 0.411 0.561 -0.719
vn 0.446 0.642 -0.623
vn 0.568 0.489 -0.662
vn 0.446 0.642 -0.623
vn 0.542 0.646 -0.538
vn 0.542 0.646 -0.538
vn 0.446 0.642 -0.623
vn 0.395 0.757 -0.521
vn 0.395 0.757 -0.521
vn 0.256 0.843 -0.472
vn 0.347 0.846 -0.404
vn 0.347 0.846 -0.404
vn 0.256 0.843 -0.472
vn 0.205 0.939 -0.276
vn 0.205 0.939 -0.276
vn 0.004 1.000 -0.006
vn 0.171 0.972 -0.162
vn 0.171 0.972 -0.162
vn 0.004 1.000 -0.006
vn -0.007 1.000 -0.001
vn -0.117 0.002 -0.993
vn -0.255 0.002 -0.967
vn -0.253 0.265 -0.931
vn -0.117 0.002 -0.993
vn -0.253 0.265 -0.931
vn -0.150 0.272 -0.950
vn -0.150 0.272 -0.950
vn -0.253 0.265 -0.931
vn -0.315 0.477 -0.821
vn -0.150 0.272 -0.950
vn -0.315 0.477 -0.821
vn -0.156 0.413 -0.897
vn -0.156 0.413 -0.897
vn -0.315 0.477 -0.821
vn -0.237 0.543 -0.805
vn -0.156 0.413 -0.897
vn -0.237 0.543 -0.805
vn -0.002 0.521 -0.853
vn -0.002 0.521 -0.853
vn -0.237 0.543 -0.805
vn -0.197 0.629 -0.752
vn -0.002 0.521 -0.853
vn -0.197 0.629 -0.752
vn -0.114 0.655 -0.747
vn -0.114 0.655 -0.747
vn -0.197 0.629 -0.752
vn -0.202 0.758 -0.620
vn -0.114 0.655 -0.747
vn -0.202 0.758 -0.620
vn -0.088 0.755 -0.650
vn -0.088 0.755 -0.650
vn -0.202 0.758 -0.620
vn -0.162 0.836 -0.524
vn -0.088 0.755 -0.650
vn -0.162 0.836 -0.524
vn -0.077 0.845 -0.528
vn -0.077 0.845 -0.528
vn -0.162 0.836 -0.524
vn -0.158 0.906 -0.393
vn -0.077 0.845 -0.528
vn -0.158 0.906 -0.393
vn -0.052 0.925 -0.377
vn -0.052 0.925 -0.377
vn -0.158 0.906 -0.393
vn -0.095 0.967 -0.238
vn -0.052 0.925 -0.377
vn -0.095 0.967 -0.238
vn -0.031 0.977 -0.213
vn -0.255 0.002 -0.967
vn -0.388 0.002 -0.922
vn -0.383 0.271 -0.883
vn -0.255 0.002 -0.967
vn -0.383 0.271 -0.883
vn -0.253 0.265 -0.931
vn -0.253 0.265 -0.931
vn -0.383 0.271 -0.883
vn -0.315 0.477 -0.821
vn -0.237 0.543 -0.805
vn -0.315 0.477 -0.821
vn -0.313 0.680 -0.663
vn -0.237 0.543 -0.805
vn -0.313 0.680 -0.663
vn -0.197 0.629 -0.752
vn -0.197 0.629 -0.752
vn -0.313 0.680 -0.663
vn -0.202 0.758 -0.620
vn -0.202 0.758 -0.620
vn -0.313 0.680 -0.663
vn -0.254 0.847 -0.467
vn -0.202 0.758 -0.620
vn -0.254 0.847 -0.467
vn -0.162 0.836 -0.524
vn -0.162 0.836 -0.524
vn -0.254 0.847 -0.467
vn -0.158 0.906 -0.393
vn -0.095 0.967 -0.238
vn -0.002 1.000 -0.003
vn -0.031 0.977 -0.213
vn -0.031 0.977 -0.213
vn -0.002 1.000 -0.003
vn -0.016 1.000 0.016
vn -0.016 1.000 0.016
vn -0.000 1.000 -0.002
vn -0.000 0.970 -0.243
vn -0.016 1.000 0.016
vn -0.000 0.970 -0.243
vn -0.031 0.977 -0.213
vn -0.031 0.977 -0.213
vn -0.000 0.970 -0.243
vn -0.000 0.914 -0.406
vn -0.031 0.977 -0.213
vn -0.000 0.914 -0.406
vn -0.052 0.925 -0.377
vn -0.052 0.925 -0.377
vn -0.000 0.914 -0.406
vn -0.000 0.828 -0.560
vn -0.052 0.925 -0.377
vn -0.000 0.828 -0.560
vn -0.077 0.845 -0.528
vn -0.077 0.845 -0.528
vn -0.000 0.828 -0.560
vn -0.000 0.740 -0.672
vn -0.077 0.845 -0.528
vn -0.000 0.740 -0.672
vn -0.088 0.755 -0.650
vn -0.088 0.755 -0.650
vn -0.000 0.740 -0.672
vn -0.000 0.627 -0.779
vn -0.088 0.755 -0.650
vn -0.000 0.627 -0.779
vn -0.114 0.655 -0.747
vn -0.114 0.655 -0.747
vn -0.000 0.627 -0.779
vn -0.002 0.521 -0.853
vn -0.002 0.521 -0.853
vn -0.000 0.407 -0.913
vn -0.156 0.413 -0.897
vn -0.156 0.413 -0.897
vn -0.000 0.407 -0.913
vn -0.001 0.213 -0.977
vn -0.156 0.413 -0.897
vn -0.001 0.213 -0.977
vn -0.150 0.272 -0.950
vn -0.150 0.272 -0.950
vn -0.001 0.213 -0.977
vn -0.000 0.001 -1.000
vn -0.150 0.272 -0.950
vn -0.000 0.001 -1.000
vn -0.117 0.002 -0.993
vn -0.000 1.000 -0.002
vn -0.000 1.000 -0.001
vn 0.000 0.983 -0.182
vn -0.000 1.000 -0.002
vn 0.000 0.983 -0.182
vn -0.000 0.970 -0.243
vn -0.000 0.970 -0.243
vn 0.000 0.983 -0.182
vn 0.000 0.937 -0.350
vn -0.000 0.970 -0.243
vn 0.000 0.937 -0.350
vn -0.000 0.914 -0.406
vn -0.000 0.914 -0.406
vn 0.000 0.937 -0.350
vn 0.000 0.854 -0.521
vn -0.000 0.914 -0.406
vn 0.000 0.854 -0.521
vn -0.000 0.828 -0.560
vn -0.000 0.828 -0.560
vn 0.000 0.854 -0.521
vn 0.000 0.771 -0.637
vn -0.000 0.828 -0.560
vn 0.000 0.771 -0.637
vn -0.000 0.740 -0.672
vn -0.000 0.740 -0.672
vn 0.000 0.771 -0.637
vn 0.000 0.672 -0.740
vn -0.000 0.740 -0.672
vn 0.000 0.672 -0.740
vn -0.000 0.627 -0.779
vn -0.000 0.627 -0.779
vn 0.000 0.672 -0.740
vn 0.000 0.549 -0.836
vn -0.000 0.627 -0.779
vn 0.000 0.549 -0.836
vn -0.002 0.521 -0.853
vn -0.002 0.521 -0.853
vn 0.000 0.549 -0.836
vn 0.000 0.450 -0.893
vn -0.002 0.521 -0.853
vn 0.000 0.450 -0.893
vn -0.000 0.407 -0.913
vn -0.000 0.407 -0.913
vn 0.000 0.450 -0.893
vn 0.001 0.271 -0.962
vn -0.000 0.407 -0.913
vn 0.001 0.271 -0.962
vn -0.001 0.213 -0.977
vn -0.001 0.213 -0.977
vn 0.001 0.271 -0.962
vn 0.001 0.004 -1.000
vn -0.001 0.213 -0.977
vn 0.001 0.004 -1.000
vn -0.000 0.001 -1.000
vn 0.520 0.003 0.854
vn 0.630 0.002 0.777
vn 0.624 0.289 0.726
vn 0.520 0.003 0.854
vn 0.624 0.289 0.726
vn 0.506 0.236 0.830
vn 0.506 0.236 0.830
vn 0.624 0.289 0.726
vn 0.587 0.475 0.656
vn 0.506 0.236 0.830
vn 0.587 0.475 0.656
vn 0.470 0.410 0.781
vn 0.470 0.410 0.781
vn 0.587 0.475 0.656
vn 0.434 0.573 0.696
vn 0.434 0.573 0.696
vn 0.587 0.475 0.656
vn 0.508 0.625 0.592
vn 0.434 0.573 0.696
vn 0.508 0.625 0.592
vn 0.361 0.711 0.603
vn 0.361 0.711 0.603
vn 0.508 0.625 0.592
vn 0.437 0.772 0.463
vn 0.361 0.711 0.603
vn 0.437 0.772 0.463
vn 0.314 0.852 0.419
vn 0.361 0.711 0.603
vn 0.314 0.852 0.419
vn 0.267 0.863 0.430
vn 0.267 0.863 0.430
vn 0.314 0.852 0.419
vn 0.195 0.950 0.245
vn 0.195 0.950 0.245
vn 0.173 0.974 0.147
vn 0.000 1.000 0.000
vn 0.078 0.995 0.064
vn 0.000 1.000 0.000
vn 0.173 0.974 0.147
vn 0.173 0.974 0.147
vn 0.195 0.950 0.245
vn 0.350 0.883 0.314
vn 0.350 0.883 0.314
vn 0.195 0.950 0.245
vn 0.314 0.852 0.419
vn 0.350 0.883 0.314
vn 0.314 0.852 0.419
vn 0.437 0.772 0.463
vn 0.350 0.883 0.314
vn 0.437 0.772 0.463
vn 0.516 0.711 0.478
vn 0.516 0.711 0.478
vn 0.437 0.772 0.463
vn 0.508 0.625 0.592
vn 0.516 0.711 0.478
vn 0.508 0.625 0.592
vn 0.587 0.475 0.656
vn 0.516 0.711 0.478
vn 0.587 0.475 0.656
vn 0.608 0.564 0.558
vn 0.608 0.564 0.558
vn 0.587 0.475 0.656
vn 0.710 0.413 0.570
vn 0.710 0.413 0.570
vn 0.587 0.475 0.656
vn 0.624 0.289 0.726
vn 0.710 0.413 0.570
vn 0.624 0.289 0.726
vn 0.717 0.238 0.655
vn 0.717 0.238 0.655
vn 0.624 0.289 0.726
vn 0.630 0.002 0.777
vn 0.717 0.238 0.655
vn 0.630 0.002 0.777
vn 0.734 0.002 0.679
vn 0.004 1.000 -0.006
vn 0.205 0.939 -0.276
vn 0.111 0.967 -0.230
vn 0.111 0.967 -0.230
vn 0.205 0.939 -0.276
vn 0.142 0.919 -0.367
vn 0.142 0.919 -0.367
vn 0.205 0.939 -0.276
vn 0.256 0.843 -0.472
vn 0.256 0.843 -0.472
vn 0.395 0.757 -0.521
vn 0.301 0.699 -0.648
vn 0.301 0.699 -0.648
vn 0.395 0.757 -0.521
vn 0.446 0.642 -0.623
vn 0.301 0.699 -0.648
vn 0.446 0.642 -0.623
vn 0.411 0.561 -0.719
vn 0.301 0.699 -0.648
vn 0.411 0.561 -0.719
vn 0.354 0.500 -0.790
vn 0.354 0.500 -0.790
vn 0.411 0.561 -0.719
vn 0.502 0.410 -0.762
vn 0.354 0.500 -0.790
vn 0.502 0.410 -0.762
vn 0.510 0.236 -0.827
vn 0.354 0.500 -0.790
vn 0.510 0.236 -0.827
vn 0.397 0.306 -0.865
vn 0.397 0.306 -0.865
vn 0.510 0.236 -0.827
vn 0.504 0.002 -0.864
vn 0.397 0.306 -0.865
vn 0.504 0.002 -0.864
vn 0.384 0.143 -0.912
vn -0.002 0.999 -0.039
vn -0.002 1.000 0.004
vn -0.106 0.972 0.210
vn -0.002 0.999 -0.039
vn -0.106 0.972 0.210
vn -0.045 0.982 0.183
vn -0.045 0.982 0.183
vn -0.106 0.972 0.210
vn -0.129 0.933 0.336
vn -0.129 0.933 0.336
vn -0.251 0.846 0.471
vn -0.140 0.862 0.487
vn -0.140 0.862 0.487
vn -0.251 0.846 0.471
vn -0.268 0.765 0.586
vn -0.140 0.862 0.487
vn -0.268 0.765 0.586
vn -0.172 0.752 0.636
vn -0.172 0.752 0.636
vn -0.268 0.765 0.586
vn -0.320 0.636 0.702
vn -0.172 0.752 0.636
vn -0.320 0.636 0.702
vn -0.232 0.630 0.741
vn -0.232 0.630 0.741
vn -0.320 0.636 0.702
vn -0.361 0.477 0.801
vn -0.232 0.630 0.741
vn -0.361 0.477 0.801
vn -0.215 0.568 0.795
vn -0.215 0.568 0.795
vn -0.361 0.477 0.801
vn -0.264 0.421 0.868
vn -0.264 0.421 0.868
vn -0.361 0.477 0.801
vn -0.404 0.269 0.874
vn -0.264 0.421 0.868
vn -0.404 0.269 0.874
vn -0.274 0.240 0.931
vn -0.274 0.240 0.931
vn -0.404 0.269 0.874
vn -0.430 0.002 0.903
vn -0.274 0.240 0.931
vn -0.430 0.002 0.903
vn -0.299 0.002 0.954
vn 0.033 0.996 0.077
vn 0.045 0.977 0.208
vn 0.097 0.980 0.174
vn 0.097 0.980 0.174
vn 0.045 0.977 0.208
vn 0.126 0.929 0.348
vn 0.126 0.929 0.348
vn 0.129 0.840 0.528
vn 0.211 0.853 0.478
vn 0.211 0.853 0.478
vn 0.129 0.840 0.528
vn 0.173 0.765 0.620
vn 0.211 0.853 0.478
vn 0.173 0.765 0.620
vn 0.292 0.762 0.578
vn 0.292 0.762 0.578
vn 0.173 0.765 0.620
vn 0.194 0.659 0.727
vn 0.292 0.762 0.578
vn 0.194 0.659 0.727
vn 0.337 0.618 0.710
vn 0.337 0.618 0.710
vn 0.194 0.659 0.727
vn 0.244 0.536 0.808
vn 0.337 0.618 0.710
vn 0.244 0.536 0.808
vn 0.362 0.488 0.794
vn 0.362 0.488 0.794
vn 0.244 0.536 0.808
vn 0.249 0.403 0.881
vn 0.362 0.488 0.794
vn 0.249 0.403 0.881
vn 0.264 0.282 0.923
vn 0.362 0.488 0.794
vn 0.264 0.282 0.923
vn 0.396 0.273 0.877
vn 0.396 0.273 0.877
vn 0.264 0.282 0.923
vn 0.287 0.139 0.948
vn 0.396 0.273 0.877
vn 0.287 0.139 0.948
vn 0.250 0.003 0.968
vn -0.045 0.982 0.183
vn -0.129 0.933 0.336
vn -0.057 0.939 0.340
vn -0.057 0.939 0.340
vn -0.129 0.933 0.336
vn -0.140 0.862 0.487
vn -0.057 0.939 0.340
vn -0.140 0.862 0.487
vn -0.066 0.847 0.528
vn -0.066 0.847 0.528
vn -0.140 0.862 0.487
vn -0.172 0.752 0.636
vn -0.066 0.847 0.528
vn -0.172 0.752 0.636
vn -0.091 0.706 0.703
vn -0.091 0.706 0.703
vn -0.172 0.752 0.636
vn -0.232 0.630 0.741
vn -0.091 0.706 0.703
vn -0.232 0.630 0.741
vn -0.215 0.568 0.795
vn -0.091 0.706 0.703
vn -0.215 0.568 0.795
vn -0.096 0.570 0.816
vn -0.096 0.570 0.816
vn -0.215 0.568 0.795
vn -0.264 0.421 0.868
vn -0.096 0.570 0.816
vn -0.264 0.421 0.868
vn -0.131 0.403 0.906
vn -0.131 0.403 0.906
vn -0.264 0.421 0.868
vn -0.274 0.240 0.931
vn -0.131 0.403 0.906
vn -0.274 0.240 0.931
vn -0.130 0.256 0.958
vn -0.130 0.256 0.958
vn -0.274 0.240 0.931
vn -0.299 0.002 0.954
vn -0.130 0.256 0.958
vn -0.299 0.002 0.954
vn -0.162 0.002 0.987
vn -0.553 0.002 0.833
vn -0.430 0.002 0.903
vn -0.404 0.269 0.874
vn -0.553 0.002 0.833
vn -0.404 0.269 0.874
vn -0.512 0.256 0.820
vn -0.512 0.256 0.820
vn -0.404 0.269 0.874
vn -0.361 0.477 0.801
vn -0.512 0.256 0.820
vn -0.361 0.477 0.801
vn -0.502 0.410 0.762
vn -0.502 0.410 0.762
vn -0.361 0.477 0.801
vn -0.440 0.573 0.691
vn -0.440 0.573 0.691
vn -0.361 0.477 0.801
vn -0.320 0.636 0.702
vn -0.440 0.573 0.691
vn -0.320 0.636 0.702
vn -0.388 0.711 0.586
vn -0.388 0.711 0.586
vn -0.320 0.636 0.702
vn -0.268 0.765 0.586
vn -0.388 0.711 0.586
vn -0.268 0.765 0.586
vn -0.251 0.846 0.471
vn -0.388 0.711 0.586
vn -0.251 0.846 0.471
vn -0.242 0.882 0.405
vn -0.242 0.882 0.405
vn -0.251 0.846 0.471
vn -0.129 0.933 0.336
vn -0.242 0.882 0.405
vn -0.129 0.933 0.336
vn -0.106 0.972 0.210
vn -0.242 0.882 0.405
vn -0.106 0.972 0.210
vn -0.153 0.963 0.221
vn -0.153 0.963 0.221
vn -0.106 0.972 0.210
vn -0.002 1.000 0.004
vn -0.733 0.001 -0.680
vn -0.828 0.002 -0.561
vn -0.754 0.149 -0.640
vn -0.754 0.149 -0.640
vn -0.828 0.002 -0.561
vn -0.807 0.252 -0.534
vn -0.754 0.149 -0.640
vn -0.807 0.252 -0.534
vn -0.711 0.315 -0.628
vn -0.711 0.315 -0.628
vn -0.807 0.252 -0.534
vn -0.776 0.423 -0.469
vn -0.711 0.315 -0.628
vn -0.776 0.423 -0.469
vn -0.663 0.476 -0.578
vn -0.663 0.476 -0.578
vn -0.776 0.423 -0.469
vn -0.731 0.550 -0.403
vn -0.663 0.476 -0.578
vn -0.731 0.550 -0.403
vn -0.615 0.642 -0.457
vn -0.663 0.476 -0.578
vn -0.615 0.642 -0.457
vn -0.535 0.638 -0.554
vn -0.535 0.638 -0.554
vn -0.615 0.642 -0.457
vn -0.512 0.766 -0.389
vn -0.512 0.766 -0.389
vn -0.433 0.870 -0.236
vn -0.413 0.846 -0.337
vn -0.413 0.846 -0.337
vn -0.433 0.870 -0.236
vn -0.260 0.950 -0.171
vn -0.413 0.846 -0.337
vn -0.260 0.950 -0.171
vn -0.272 0.909 -0.317
vn -0.260 0.950 -0.171
vn -0.002 1.000 -0.001
vn -0.130 0.983 -0.129
vn -0.130 0.983 -0.129
vn -0.002 1.000 -0.001
vn 0.004 1.000 -0.004
vn -0.916 0.002 0.401
vn -0.849 0.002 0.528
vn -0.806 0.255 0.534
vn -0.916 0.002 0.401
vn -0.806 0.255 0.534
vn -0.878 0.269 0.396
vn -0.878 0.269 0.396
vn -0.806 0.255 0.534
vn -0.773 0.410 0.484
vn -0.878 0.269 0.396
vn -0.773 0.410 0.484
vn -0.793 0.500 0.348
vn -0.793 0.500 0.348
vn -0.773 0.410 0.484
vn -0.672 0.561 0.483
vn -0.793 0.500 0.348
vn -0.672 0.561 0.483
vn -0.666 0.637 0.389
vn -0.793 0.500 0.348
vn -0.666 0.637 0.389
vn -0.642 0.713 0.283
vn -0.642 0.713 0.283
vn -0.666 0.637 0.389
vn -0.539 0.764 0.353
vn -0.642 0.713 0.283
vn -0.539 0.764 0.353
vn -0.441 0.843 0.308
vn -0.642 0.713 0.283
vn -0.441 0.843 0.308
vn -0.447 0.870 0.207
vn -0.447 0.870 0.207
vn -0.441 0.843 0.308
vn -0.281 0.942 0.182
vn -0.447 0.870 0.207
vn -0.281 0.942 0.182
vn -0.231 0.969 0.093
vn -0.231 0.969 0.093
vn -0.281 0.942 0.182
vn -0.124 0.987 0.104
vn -0.231 0.969 0.093
vn -0.124 0.987 0.104
vn -0.002 1.000 0.001
vn -0.002 1.000 0.000
vn -0.001 1.000 -0.000
vn -0.168 0.986 -0.001
vn -0.002 1.000 0.000
vn -0.168 0.986 -0.001
vn -0.216 0.976 0.001
vn -0.216 0.976 0.001
vn -0.168 0.986 -0.001
vn -0.335 0.942 -0.001
vn -0.216 0.976 0.001
vn -0.335 0.942 -0.001
vn -0.391 0.920 0.000
vn -0.391 0.920 0.000
vn -0.335 0.942 -0.001
vn -0.487 0.873 -0.001
vn -0.391 0.920 0.000
vn -0.487 0.873 -0.001
vn -0.532 0.847 0.000
vn -0.532 0.847 0.000
vn -0.487 0.873 -0.001
vn -0.631 0.776 -0.001
vn -0.532 0.847 0.000
vn -0.631 0.776 -0.001
vn -0.665 0.747 0.001
vn -0.665 0.747 0.001
vn -0.631 0.776 -0.001
vn -0.733 0.680 -0.001
vn -0.665 0.747 0.001
vn -0.733 0.680 -0.001
vn -0.771 0.637 0.001
vn -0.771 0.637 0.001
vn -0.733 0.680 -0.001
vn -0.828 0.560 -0.001
vn -0.771 0.637 0.001
vn -0.828 0.560 -0.001
vn -0.854 0.521 0.001
vn -0.854 0.521 0.001
vn -0.828 0.560 -0.001
vn -0.900 0.436 -0.001
vn -0.854 0.521 0.001
vn -0.900 0.436 -0.001
vn -0.919 0.394 0.001
vn -0.919 0.394 0.001
vn -0.900 0.436 -0.001
vn -0.962 0.271 -0.001
vn -0.919 0.394 0.001
vn -0.962 0.271 -0.001
vn -0.977 0.213 0.001
vn -0.977 0.213 0.001
vn -0.962 0.271 -0.001
vn -1.000 0.004 -0.001
vn -0.977 0.213 0.001
vn -1.000 0.004 -0.001
vn -1.000 0.001 0.000
vn -1.000 0.001 0.000
vn -0.993 0.002 0.121
vn -0.956 0.255 0.144
vn -1.000 0.001 0.000
vn -0.956 0.255 0.144
vn -0.977 0.213 0.001
vn -0.977 0.213 0.001
vn -0.956 0.255 0.144
vn -0.906 0.403 0.128
vn -0.977 0.213 0.001
vn -0.906 0.403 0.128
vn -0.919 0.394 0.001
vn -0.919 0.394 0.001
vn -0.906 0.403 0.128
vn -0.834 0.536 0.133
vn -0.919 0.394 0.001
vn -0.834 0.536 0.133
vn -0.854 0.521 0.001
vn -0.854 0.521 0.001
vn -0.834 0.536 0.133
vn -0.750 0.654 0.097
vn -0.854 0.521 0.001
vn -0.750 0.654 0.097
vn -0.771 0.637 0.001
vn -0.771 0.637 0.001
vn -0.750 0.654 0.097
vn -0.621 0.768 0.158
vn -0.771 0.637 0.001
vn -0.621 0.768 0.158
vn -0.665 0.747 0.001
vn -0.665 0.747 0.001
vn -0.621 0.768 0.158
vn -0.542 0.833 0.112
vn -0.665 0.747 0.001
vn -0.542 0.833 0.112
vn -0.532 0.847 0.000
vn -0.532 0.847 0.000
vn -0.542 0.833 0.112
vn -0.367 0.927 0.082
vn -0.532 0.847 0.000
vn -0.367 0.927 0.082
vn -0.391 0.920 0.000
vn -0.391 0.920 0.000
vn -0.367 0.927 0.082
vn -0.216 0.976 0.001
vn -0.231 0.969 0.093
vn -0.367 0.927 0.082
vn -0.447 0.870 0.207
vn -0.447 0.870 0.207
vn -0.367 0.927 0.082
vn -0.542 0.833 0.112
vn -0.447 0.870 0.207
vn -0.542 0.833 0.112
vn -0.621 0.768 0.158
vn -0.447 0.870 0.207
vn -0.621 0.768 0.158
vn -0.642 0.713 0.283
vn -0.642 0.713 0.283
vn -0.621 0.768 0.158
vn -0.740 0.629 0.237
vn -0.642 0.713 0.283
vn -0.740 0.629 0.237
vn -0.830 0.490 0.267
vn -0.642 0.713 0.283
vn -0.830 0.490 0.267
vn -0.793 0.500 0.348
vn -0.793 0.500 0.348
vn -0.830 0.490 0.267
vn -0.920 0.281 0.274
vn -0.793 0.500 0.348
vn -0.920 0.281 0.274
vn -0.878 0.269 0.396
vn -0.878 0.269 0.396
vn -0.920 0.281 0.274
vn -0.965 0.002 0.264
vn -0.878 0.269 0.396
vn -0.965 0.002 0.264
vn -0.916 0.002 0.401
vn -0.130 0.983 -0.129
vn -0.175 0.950 -0.258
vn -0.260 0.950 -0.171
vn -0.260 0.950 -0.171
vn -0.175 0.950 -0.258
vn -0.272 0.909 -0.317
vn -0.272 0.909 -0.317
vn -0.327 0.847 -0.420
vn -0.413 0.846 -0.337
vn -0.413 0.846 -0.337
vn -0.327 0.847 -0.420
vn -0.399 0.758 -0.516
vn -0.413 0.846 -0.337
vn -0.399 0.758 -0.516
vn -0.512 0.766 -0.389
vn -0.512 0.766 -0.389
vn -0.399 0.758 -0.516
vn -0.535 0.638 -0.554
vn -0.535 0.638 -0.554
vn -0.570 0.471 -0.673
vn -0.663 0.476 -0.578
vn -0.663 0.476 -0.578
vn -0.570 0.471 -0.673
vn -0.620 0.281 -0.732
vn -0.663 0.476 -0.578
vn -0.620 0.281 -0.732
vn -0.711 0.315 -0.628
vn -0.711 0.315 -0.628
vn -0.620 0.281 -0.732
vn -0.624 0.002 -0.782
vn -0.711 0.315 -0.628
vn -0.624 0.002 -0.782
vn -0.754 0.149 -0.640
vn -0.754 0.149 -0.640
vn -0.624 0.002 -0.782
vn -0.733 0.001 -0.680
vn -0.162 0.002 0.987
vn -0.001 0.004 1.000
vn -0.001 0.319 0.948
vn -0.162 0.002 0.987
vn -0.001 0.319 0.948
vn -0.130 0.256 0.958
vn -0.130 0.256 0.958
vn -0.001 0.319 0.948
vn -0.000 0.545 0.838
vn -0.130 0.256 0.958
vn -0.000 0.545 0.838
vn -0.131 0.403 0.906
vn -0.131 0.403 0.906
vn -0.000 0.545 0.838
vn -0.096 0.570 0.816
vn -0.096 0.570 0.816
vn -0.000 0.545 0.838
vn -0.000 0.707 0.707
vn -0.096 0.570 0.816
vn -0.000 0.707 0.707
vn -0.091 0.706 0.703
vn -0.091 0.706 0.703
vn -0.000 0.707 0.707
vn -0.000 0.862 0.507
vn -0.091 0.706 0.703
vn -0.000 0.862 0.507
vn -0.066 0.847 0.528
vn -0.066 0.847 0.528
vn -0.000 0.862 0.507
vn -0.000 0.947 0.320
vn -0.066 0.847 0.528
vn -0.000 0.947 0.320
vn -0.057 0.939 0.340
vn -0.057 0.939 0.340
vn -0.000 0.947 0.320
vn -0.000 0.988 0.153
vn -0.057 0.939 0.340
vn -0.000 0.988 0.153
vn -0.045 0.982 0.183
vn -0.045 0.982 0.183
vn -0.000 0.988 0.153
vn -0.000 1.000 0.032
vn -0.045 0.982 0.183
vn -0.000 1.000 0.032
vn -0.002 0.999 -0.039
vn -0.002 1.000 0.004
vn -0.124 0.987 0.104
vn -0.153 0.963 0.221
vn -0.153 0.963 0.221
vn -0.289 0.911 0.295
vn -0.242 0.882 0.405
vn -0.242 0.882 0.405
vn -0.289 0.911 0.295
vn -0.387 0.829 0.404
vn -0.242 0.882 0.405
vn -0.387 0.829 0.404
vn -0.386 0.772 0.506
vn -0.242 0.882 0.405
vn -0.386 0.772 0.506
vn -0.388 0.711 0.586
vn -0.388 0.711 0.586
vn -0.386 0.772 0.506
vn -0.524 0.616 0.589
vn -0.388 0.711 0.586
vn -0.524 0.616 0.589
vn -0.566 0.489 0.663
vn -0.388 0.711 0.586
vn -0.566 0.489 0.663
vn -0.440 0.573 0.691
vn -0.440 0.573 0.691
vn -0.566 0.489 0.663
vn -0.502 0.410 0.762
vn -0.502 0.410 0.762
vn -0.566 0.489 0.663
vn -0.632 0.269 0.727
vn -0.502 0.410 0.762
vn -0.632 0.269 0.727
vn -0.512 0.256 0.820
vn -0.512 0.256 0.820
vn -0.632 0.269 0.727
vn -0.665 0.002 0.747
vn -0.512 0.256 0.820
vn -0.665 0.002 0.747
vn -0.553 0.002 0.833
vn 0.183 0.983 0.001
vn 0.434 0.891 0.137
vn 0.348 0.938 0.000
vn 0.348 0.938 0.000
vn 0.434 0.891 0.137
vn 0.518 0.851 0.086
vn 0.348 0.938 0.000
vn 0.518 0.851 0.086
vn 0.521 0.853 0.000
vn 0.521 0.853 0.000
vn 0.518 0.851 0.086
vn 0.611 0.777 0.153
vn 0.521 0.853 0.000
vn 0.611 0.777 0.153
vn 0.637 0.771 0.001
vn 0.637 0.771 0.001
vn 0.611 0.777 0.153
vn 0.756 0.637 0.153
vn 0.637 0.771 0.001
vn 0.756 0.637 0.153
vn 0.756 0.654 0.001
vn 0.756 0.654 0.001
vn 0.756 0.637 0.153
vn 0.868 0.479 0.129
vn 0.756 0.654 0.001
vn 0.868 0.479 0.129
vn 0.862 0.506 0.001
vn 0.862 0.506 0.001
vn 0.868 0.479 0.129
vn 0.949 0.281 0.141
vn 0.862 0.506 0.001
vn 0.949 0.281 0.141
vn 0.948 0.319 0.001
vn 0.948 0.319 0.001
vn 0.949 0.281 0.141
vn 0.986 0.002 0.169
vn 0.948 0.319 0.001
vn 0.986 0.002 0.169
vn 1.000 0.004 0.001
vn 0.965 0.002 -0.264
vn 0.916 0.002 -0.401
vn 0.875 0.255 -0.412
vn 0.965 0.002 -0.264
vn 0.875 0.255 -0.412
vn 0.924 0.282 -0.260
vn 0.924 0.282 -0.260
vn 0.875 0.255 -0.412
vn 0.829 0.426 -0.363
vn 0.924 0.282 -0.260
vn 0.829 0.426 -0.363
vn 0.802 0.527 -0.280
vn 0.802 0.527 -0.280
vn 0.636 0.713 -0.294
vn 0.671 0.713 -0.202
vn 0.671 0.713 -0.202
vn 0.636 0.713 -0.294
vn 0.467 0.855 -0.227
vn 0.671 0.713 -0.202
vn 0.467 0.855 -0.227
vn 0.482 0.864 -0.146
vn 0.482 0.864 -0.146
vn 0.467 0.855 -0.227
vn 0.262 0.960 -0.094
vn 0.262 0.960 -0.094
vn 0.040 0.999 -0.004
vn 0.029 1.000 -0.006
vn 0.234 0.969 0.085
vn 0.473 0.862 0.183
vn 0.434 0.891 0.137
vn 0.434 0.891 0.137
vn 0.473 0.862 0.183
vn 0.668 0.697 0.262
vn 0.434 0.891 0.137
vn 0.668 0.697 0.262
vn 0.611 0.777 0.153
vn 0.668 0.697 0.262
vn 0.786 0.481 0.387
vn 0.821 0.508 0.261
vn 0.821 0.508 0.261
vn 0.786 0.481 0.387
vn 0.869 0.281 0.407
vn 0.821 0.508 0.261
vn 0.869 0.281 0.407
vn 0.919 0.281 0.277
vn 0.919 0.281 0.277
vn 0.869 0.281 0.407
vn 0.896 0.002 0.443
vn 0.919 0.281 0.277
vn 0.896 0.002 0.443
vn 0.951 0.002 0.309
vn 0.124 0.990 0.062
vn 0.173 0.974 0.147
vn 0.258 0.951 0.170
vn 0.124 0.990 0.062
vn 0.258 0.951 0.170
vn 0.234 0.969 0.085
vn 0.234 0.969 0.085
vn 0.258 0.951 0.170
vn 0.473 0.862 0.183
vn 0.473 0.862 0.183
vn 0.258 0.951 0.170
vn 0.427 0.846 0.320
vn 0.473 0.862 0.183
vn 0.427 0.846 0.320
vn 0.563 0.768 0.305
vn 0.473 0.862 0.183
vn 0.563 0.768 0.305
vn 0.668 0.697 0.262
vn 0.668 0.697 0.262
vn 0.563 0.768 0.305
vn 0.635 0.651 0.416
vn 0.668 0.697 0.262
vn 0.635 0.651 0.416
vn 0.723 0.549 0.419
vn 0.668 0.697 0.262
vn 0.723 0.549 0.419
vn 0.786 0.481 0.387
vn 0.786 0.481 0.387
vn 0.723 0.549 0.419
vn 0.710 0.413 0.570
vn 0.786 0.481 0.387
vn 0.710 0.413 0.570
vn 0.803 0.277 0.528
vn 0.786 0.481 0.387
vn 0.803 0.277 0.528
vn 0.869 0.281 0.407
vn 0.869 0.281 0.407
vn 0.803 0.277 0.528
vn 0.823 0.002 0.568
vn 0.869 0.281 0.407
vn 0.823 0.002 0.568
vn 0.896 0.002 0.443
vn 0.853 0.002 -0.522
vn 0.765 0.001 -0.644
vn 0.728 0.149 -0.669
vn 0.853 0.002 -0.522
vn 0.728 0.149 -0.669
vn 0.720 0.282 -0.634
vn 0.853 0.002 -0.522
vn 0.720 0.282 -0.634
vn 0.812 0.269 -0.519
vn 0.812 0.269 -0.519
vn 0.720 0.282 -0.634
vn 0.696 0.410 -0.590
vn 0.812 0.269 -0.519
vn 0.696 0.410 -0.590
vn 0.731 0.504 -0.459
vn 0.731 0.504 -0.459
vn 0.696 0.410 -0.590
vn 0.622 0.557 -0.550
vn 0.731 0.504 -0.459
vn 0.622 0.557 -0.550
vn 0.542 0.646 -0.538
vn 0.731 0.504 -0.459
vn 0.542 0.646 -0.538
vn 0.673 0.613 -0.414
vn 0.673 0.613 -0.414
vn 0.542 0.646 -0.538
vn 0.496 0.777 -0.386
vn 0.496 0.777 -0.386
vn 0.337 0.897 -0.287
vn 0.467 0.855 -0.227
vn 0.467 0.855 -0.227
vn 0.337 0.897 -0.287
vn 0.259 0.951 -0.169
vn 0.259 0.951 -0.169
vn 0.337 0.897 -0.287
vn 0.171 0.972 -0.162
vn 0.259 0.951 -0.169
vn 0.171 0.972 -0.162
vn 0.040 0.999 -0.004
vn 0.040 0.999 -0.004
vn 0.171 0.972 -0.162
vn -0.007 1.000 -0.001
vn 0.765 0.001 -0.644
vn 0.644 0.002 -0.765
vn 0.728 0.149 -0.669
vn 0.728 0.149 -0.669
vn 0.644 0.002 -0.765
vn 0.622 0.281 -0.731
vn 0.728 0.149 -0.669
vn 0.622 0.281 -0.731
vn 0.720 0.282 -0.634
vn 0.720 0.282 -0.634
vn 0.622 0.281 -0.731
vn 0.568 0.489 -0.662
vn 0.720 0.282 -0.634
vn 0.568 0.489 -0.662
vn 0.696 0.410 -0.590
vn 0.696 0.410 -0.590
vn 0.568 0.489 -0.662
vn 0.622 0.557 -0.550
vn 0.622 0.557 -0.550
vn 0.568 0.489 -0.662
vn 0.542 0.646 -0.538
vn 0.542 0.646 -0.538
vn 0.395 0.757 -0.521
vn 0.496 0.777 -0.386
vn 0.496 0.777 -0.386
vn 0.395 0.757 -0.521
vn 0.347 0.846 -0.404
vn 0.496 0.777 -0.386
vn 0.347 0.846 -0.404
vn 0.337 0.897 -0.287
vn 0.337 0.897 -0.287
vn 0.347 0.846 -0.404
vn 0.205 0.939 -0.276
vn 0.337 0.897 -0.287
vn 0.205 0.939 -0.276
vn 0.171 0.972 -0.162
vn 0.020 1.000 -0.001
vn 0.004 1.000 -0.006
vn 0.035 0.979 -0.200
vn 0.035 0.979 -0.200
vn 0.004 1.000 -0.006
vn 0.111 0.967 -0.230
vn 0.142 0.919 -0.367
vn 0.256 0.843 -0.472
vn 0.184 0.836 -0.517
vn 0.184 0.836 -0.517
vn 0.256 0.843 -0.472
vn 0.301 0.699 -0.648
vn 0.184 0.836 -0.517
vn 0.301 0.699 -0.648
vn 0.183 0.765 -0.617
vn 0.183 0.765 -0.617
vn 0.301 0.699 -0.648
vn 0.238 0.627 -0.742
vn 0.238 0.627 -0.742
vn 0.301 0.699 -0.648
vn 0.354 0.500 -0.790
vn 0.238 0.627 -0.742
vn 0.354 0.500 -0.790
vn 0.252 0.477 -0.842
vn 0.252 0.477 -0.842
vn 0.354 0.500 -0.790
vn 0.397 0.306 -0.865
vn 0.252 0.477 -0.842
vn 0.397 0.306 -0.865
vn 0.271 0.311 -0.911
vn 0.271 0.311 -0.911
vn 0.397 0.306 -0.865
vn 0.384 0.143 -0.912
vn 0.271 0.311 -0.911
vn 0.384 0.143 -0.912
vn 0.280 0.113 -0.953
vn 0.280 0.113 -0.953
vn 0.384 0.143 -0.912
vn 0.504 0.002 -0.864
vn 0.280 0.113 -0.953
vn 0.504 0.002 -0.864
vn 0.347 0.001 -0.938
vn 0.004 1.000 -0.004
vn -0.002 1.000 -0.003
vn -0.130 0.983 -0.129
vn -0.130 0.983 -0.129
vn -0.002 1.000 -0.003
vn -0.175 0.950 -0.258
vn -0.272 0.909 -0.317
vn -0.175 0.950 -0.258
vn -0.254 0.847 -0.467
vn -0.272 0.909 -0.317
vn -0.254 0.847 -0.467
vn -0.327 0.847 -0.420
vn -0.327 0.847 -0.420
vn -0.254 0.847 -0.467
vn -0.399 0.758 -0.516
vn -0.399 0.758 -0.516
vn -0.384 0.637 -0.669
vn -0.535 0.638 -0.554
vn -0.535 0.638 -0.554
vn -0.384 0.637 -0.669
vn -0.450 0.557 -0.698
vn -0.535 0.638 -0.554
vn -0.450 0.557 -0.698
vn -0.570 0.471 -0.673
vn -0.570 0.471 -0.673
vn -0.450 0.557 -0.698
vn -0.455 0.418 -0.786
vn -0.570 0.471 -0.673
vn -0.455 0.418 -0.786
vn -0.519 0.255 -0.816
vn -0.570 0.471 -0.673
vn -0.519 0.255 -0.816
vn -0.620 0.281 -0.732
vn -0.620 0.281 -0.732
vn -0.519 0.255 -0.816
vn -0.513 0.002 -0.858
vn -0.620 0.281 -0.732
vn -0.513 0.002 -0.858
vn -0.624 0.002 -0.782
vn -0.002 1.000 -0.003
vn -0.095 0.967 -0.238
vn -0.175 0.950 -0.258
vn -0.175 0.950 -0.258
vn -0.095 0.967 -0.238
vn -0.158 0.906 -0.393
vn -0.175 0.950 -0.258
vn -0.158 0.906 -0.393
vn -0.254 0.847 -0.467
vn -0.254 0.847 -0.467
vn -0.313 0.680 -0.663
vn -0.399 0.758 -0.516
vn -0.399 0.758 -0.516
vn -0.313 0.680 -0.663
vn -0.384 0.637 -0.669
vn -0.384 0.637 -0.669
vn -0.313 0.680 -0.663
vn -0.315 0.477 -0.821
vn -0.384 0.637 -0.669
vn -0.315 0.477 -0.821
vn -0.450 0.557 -0.698
vn -0.450 0.557 -0.698
vn -0.315 0.477 -0.821
vn -0.455 0.418 -0.786
vn -0.455 0.418 -0.786
vn -0.315 0.477 -0.821
vn -0.383 0.271 -0.883
vn -0.455 0.418 -0.786
vn -0.383 0.271 -0.883
vn -0.519 0.255 -0.816
vn -0.519 0.255 -0.816
vn -0.383 0.271 -0.883
vn -0.388 0.002 -0.922
vn -0.519 0.255 -0.816
vn -0.388 0.002 -0.922
vn -0.513 0.002 -0.858
vn 0.347 0.001 -0.938
vn 0.155 0.002 -0.988
vn 0.280 0.113 -0.953
vn 0.280 0.113 -0.953
vn 0.155 0.002 -0.988
vn 0.129 0.252 -0.959
vn 0.280 0.113 -0.953
vn 0.129 0.252 -0.959
vn 0.271 0.311 -0.911
vn 0.271 0.311 -0.911
vn 0.129 0.252 -0.959
vn 0.140 0.421 -0.896
vn 0.271 0.311 -0.911
vn 0.140 0.421 -0.896
vn 0.252 0.477 -0.842
vn 0.252 0.477 -0.842
vn 0.140 0.421 -0.896
vn 0.116 0.553 -0.825
vn 0.252 0.477 -0.842
vn 0.116 0.553 -0.825
vn 0.121 0.643 -0.757
vn 0.252 0.477 -0.842
vn 0.121 0.643 -0.757
vn 0.238 0.627 -0.742
vn 0.238 0.627 -0.742
vn 0.121 0.643 -0.757
vn 0.092 0.756 -0.648
vn 0.238 0.627 -0.742
vn 0.092 0.756 -0.648
vn 0.183 0.765 -0.617
vn 0.183 0.765 -0.617
vn 0.092 0.756 -0.648
vn 0.076 0.841 -0.535
vn 0.183 0.765 -0.617
vn 0.076 0.841 -0.535
vn 0.184 0.836 -0.517
vn 0.184 0.836 -0.517
vn 0.076 0.841 -0.535
vn 0.064 0.931 -0.359
vn 0.184 0.836 -0.517
vn 0.064 0.931 -0.359
vn 0.142 0.919 -0.367
vn 0.142 0.919 -0.367
vn 0.064 0.931 -0.359
vn 0.035 0.979 -0.200
vn 0.142 0.919 -0.367
vn 0.035 0.979 -0.200
vn 0.111 0.967 -0.230
vn 0.155 0.002 -0.988
vn 0.001 0.004 -1.000
vn 0.001 0.271 -0.962
vn 0.155 0.002 -0.988
vn 0.001 0.271 -0.962
vn 0.129 0.252 -0.959
vn 0.129 0.252 -0.959
vn 0.001 0.271 -0.962
vn 0.000 0.450 -0.893
vn 0.129 0.252 -0.959
vn 0.000 0.450 -0.893
vn 0.140 0.421 -0.896
vn 0.140 0.421 -0.896
vn 0.000 0.450 -0.893
vn 0.000 0.549 -0.836
vn 0.140 0.421 -0.896
vn 0.000 0.549 -0.836
vn 0.116 0.553 -0.825
vn 0.116 0.553 -0.825
vn 0.000 0.549 -0.836
vn 0.000 0.672 -0.740
vn 0.116 0.553 -0.825
vn 0.000 0.672 -0.740
vn 0.121 0.643 -0.757
vn 0.121 0.643 -0.757
vn 0.000 0.672 -0.740
vn 0.000 0.771 -0.637
vn 0.121 0.643 -0.757
vn 0.000 0.771 -0.637
vn 0.092 0.756 -0.648
vn 0.092 0.756 -0.648
vn 0.000 0.771 -0.637
vn 0.000 0.854 -0.521
vn 0.092 0.756 -0.648
vn 0.000 0.854 -0.521
vn 0.076 0.841 -0.535
vn 0.076 0.841 -0.535
vn 0.000 0.854 -0.521
vn 0.000 0.937 -0.350
vn 0.076 0.841 -0.535
vn 0.000 0.937 -0.350
vn 0.064 0.931 -0.359
vn 0.064 0.931 -0.359
vn 0.000 0.937 -0.350
vn 0.000 0.983 -0.182
vn 0.064 0.931 -0.359
vn 0.000 0.983 -0.182
vn 0.035 0.979 -0.200
vn 0.035 0.979 -0.200
vn 0.000 0.983 -0.182
vn -0.000 1.000 -0.001
vn 0.035 0.979 -0.200
vn -0.000 1.000 -0.001
vn 0.020 1.000 -0.001
vn 0.008 1.000 -0.011
vn -0.002 1.000 -0.001
vn -0.225 0.969 -0.105
vn -0.225 0.969 -0.105
vn -0.433 0.870 -0.236
vn -0.341 0.934 -0.110
vn -0.341 0.934 -0.110
vn -0.433 0.870 -0.236
vn -0.510 0.846 -0.159
vn -0.510 0.846 -0.159
vn -0.433 0.870 -0.236
vn -0.651 0.698 -0.299
vn -0.510 0.846 -0.159
vn -0.651 0.698 -0.299
vn -0.629 0.761 -0.157
vn -0.629 0.761 -0.157
vn -0.651 0.698 -0.299
vn -0.740 0.648 -0.181
vn -0.740 0.648 -0.181
vn -0.651 0.698 -0.299
vn -0.806 0.511 -0.299
vn -0.806 0.511 -0.299
vn -0.776 0.423 -0.469
vn -0.870 0.277 -0.407
vn -0.806 0.511 -0.299
vn -0.870 0.277 -0.407
vn -0.914 0.286 -0.289
vn -0.914 0.286 -0.289
vn -0.870 0.277 -0.407
vn -0.896 0.002 -0.443
vn -0.914 0.286 -0.289
vn -0.896 0.002 -0.443
vn -0.951 0.002 -0.309
vn -0.001 1.000 -0.000
vn 0.008 1.000 -0.011
vn -0.168 0.986 -0.001
vn -0.631 0.776 -0.001
vn -0.740 0.648 -0.181
vn -0.733 0.680 -0.001
vn -0.733 0.680 -0.001
vn -0.740 0.648 -0.181
vn -0.816 0.560 -0.141
vn -0.733 0.680 -0.001
vn -0.816 0.560 -0.141
vn -0.828 0.560 -0.001
vn -0.828 0.560 -0.001
vn -0.816 0.560 -0.141
vn -0.888 0.429 -0.163
vn -0.828 0.560 -0.001
vn -0.888 0.429 -0.163
vn -0.900 0.436 -0.001
vn -0.900 0.436 -0.001
vn -0.888 0.429 -0.163
vn -0.960 0.240 -0.146
vn -0.900 0.436 -0.001
vn -0.960 0.240 -0.146
vn -0.962 0.271 -0.001
vn -0.962 0.271 -0.001
vn -0.960 0.240 -0.146
vn -0.986 0.002 -0.168
vn -0.962 0.271 -0.001
vn -0.986 0.002 -0.168
vn -1.000 0.004 -0.001
vn 0.000 0.999 0.049
vn -0.000 1.000 0.032
vn -0.000 0.988 0.153
vn 0.000 0.999 0.049
vn -0.000 0.988 0.153
vn 0.000 0.977 0.212
vn 0.000 0.977 0.212
vn -0.000 0.988 0.153
vn -0.000 0.947 0.320
vn 0.000 0.977 0.212
vn -0.000 0.947 0.320
vn 0.000 0.926 0.379
vn 0.000 0.926 0.379
vn -0.000 0.947 0.320
vn -0.000 0.862 0.507
vn 0.000 0.926 0.379
vn -0.000 0.862 0.507
vn 0.000 0.819 0.573
vn 0.000 0.819 0.573
vn -0.000 0.862 0.507
vn -0.000 0.707 0.707
vn 0.000 0.819 0.573
vn -0.000 0.707 0.707
vn 0.000 0.650 0.760
vn 0.000 0.650 0.760
vn -0.000 0.707 0.707
vn -0.000 0.545 0.838
vn 0.000 0.650 0.760
vn -0.000 0.545 0.838
vn 0.000 0.480 0.877
vn 0.000 0.480 0.877
vn -0.000 0.545 0.838
vn -0.001 0.319 0.948
vn 0.000 0.480 0.877
vn -0.001 0.319 0.948
vn 0.000 0.244 0.970
vn 0.000 0.244 0.970
vn -0.001 0.319 0.948
vn -0.001 0.004 1.000
vn 0.000 0.244 0.970
vn -0.001 0.004 1.000
vn 0.000 0.001 1.000
vn -0.359 -0.933 -0.005
vn -0.106 -0.991 -0.086
vn -0.106 -0.991 -0.086
vn 0.000 1.000 0.000
vn 0.124 0.990 0.062
vn 0.056 0.998 0.000
vn 0.000 1.000 0.000
vn 0.056 0.998 0.000
vn 0.077 0.997 -0.000
vn 0.000 1.000 0.000
vn 0.077 0.997 -0.000
vn 0.029 1.000 -0.006
vn -0.359 -0.933 -0.005
vn -0.364 -0.931 -0.003
vn -0.364 -0.931 -0.003
vn 0.000 1.000 0.000
vn 0.040 0.999 -0.004
vn -0.007 1.000 -0.001
vn 0.000 1.000 0.000
vn -0.007 1.000 -0.001
vn 0.004 1.000 -0.006
vn 0.000 1.000 0.000
vn 0.004 1.000 -0.006
vn 0.020 1.000 -0.001
vn 0.000 1.000 0.000
vn 0.020 1.000 -0.001
vn -0.000 1.000 -0.001
vn 0.000 1.000 0.000
vn -0.000 1.000 -0.001
vn -0.000 1.000 -0.002
vn 0.000 1.000 0.000
vn -0.000 1.000 -0.002
vn -0.016 1.000 0.016
vn 0.000 1.000 0.000
vn -0.016 1.000 0.016
vn -0.002 1.000 -0.003
vn 0.000 1.000 0.000
vn -0.002 1.000 -0.003
vn 0.004 1.000 -0.004
vn 0.000 1.000 0.000
vn 0.004 1.000 -0.004
vn -0.002 1.000 -0.001
vn 0.000 1.000 0.000
vn -0.002 1.000 -0.001
vn 0.008 1.000 -0.011
vn 0.000 1.000 0.000
vn 0.008 1.000 -0.011
vn -0.001 1.000 -0.000
vn 0.000 1.000 0.000
vn -0.001 1.000 -0.000
vn -0.002 1.000 0.000
vn 0.000 1.000 0.000
vn -0.002 1.000 0.000
vn -0.002 1.000 0.001
vn 0.000 1.000 0.000
vn -0.002 1.000 0.001
vn -0.000 1.000 0.011
vn 0.000 1.000 0.000
vn -0.000 1.000 0.011
vn -0.002 1.000 0.004
vn 0.000 1.000 0.000
vn -0.002 1.000 0.004
vn -0.002 0.999 -0.039
vn 0.000 1.000 0.000
vn -0.002 0.999 -0.039
vn -0.000 1.000 0.032
vn 0.000 1.000 0.000
vn -0.000 1.000 0.032
vn 0.000 0.999 0.049
vn 0.000 1.000 0.000
vn 0.000 0.999 0.049
vn 0.031 0.998 0.061
vn -0.001 0.000 -1.000
vn 0.000 0.000 -1.000
vn 0.000 0.000 -1.000
vn -0.001 0.000 -1.000
vn 0.000 0.000 -1.000
vn -0.001 0.000 -1.000
vn -1.000 0.000 0.001
vn -1.000 0.000 -0.000
vn -1.000 0.000 -0.000
vn -1.000 0.000 0.001
vn -1.000 0.000 -0.000
vn -1.000 0.000 0.001
vn 1.000 0.000 -0.000
vn 1.000 0.000 -0.001
vn 1.000 0.000 0.000
vn 1.000 0.000 -0.000
vn 1.000 0.000 0.000
vn 1.000 0.000 0.001
vn 0.000 0.000 1.000
vn 0.001 0.000 1.000
vn -0.000 0.000 1.000
vn 0.000 0.000 1.000
vn -0.000 0.000 1.000
vn -0.001 0.000 1.000
vn 0.000 0.000 -1.000
vn 0.120 0.000 -0.993
vn 0.117 0.000 -0.993
vn 0.000 0.000 -1.000
vn 0.117 0.000 -0.993
vn 0.000 0.000 -1.000
vn 0.120 0.000 -0.993
vn 0.285 0.000 -0.958
vn 0.286 0.000 -0.958
vn 0.120 0.000 -0.993
vn 0.286 0.000 -0.958
vn 0.117 0.000 -0.993
vn 0.285 0.000 -0.958
vn 0.452 0.000 -0.892
vn 0.444 0.000 -0.896
vn 0.285 0.000 -0.958
vn 0.444 0.000 -0.896
vn 0.286 0.000 -0.958
vn 0.452 0.000 -0.892
vn 0.601 0.000 -0.799
vn 0.592 0.000 -0.806
vn 0.452 0.000 -0.892
vn 0.592 0.000 -0.806
vn 0.444 0.000 -0.896
vn 0.601 0.000 -0.799
vn 0.729 0.000 -0.684
vn 0.749 0.000 -0.662
vn 0.601 0.000 -0.799
vn 0.749 0.000 -0.662
vn 0.592 0.000 -0.806
vn 0.749 0.000 -0.662
vn 0.729 0.000 -0.684
vn 0.827 0.000 -0.562
vn 0.749 0.000 -0.662
vn 0.827 0.000 -0.562
vn 0.849 0.000 -0.528
vn 0.849 0.000 -0.528
vn 0.827 0.000 -0.562
vn 0.896 0.000 -0.444
vn 0.849 0.000 -0.528
vn 0.896 0.000 -0.444
vn 0.916 0.000 -0.400
vn 0.916 0.000 -0.400
vn 0.896 0.000 -0.444
vn 0.951 0.000 -0.310
vn 0.916 0.000 -0.400
vn 0.951 0.000 -0.310
vn 0.965 0.000 -0.264
vn 0.965 0.000 -0.264
vn 0.951 0.000 -0.310
vn 0.986 0.000 -0.169
vn 0.965 0.000 -0.264
vn 0.986 0.000 -0.169
vn 0.993 0.000 -0.121
vn 0.993 0.000 -0.121
vn 0.986 0.000 -0.169
vn 1.000 0.000 -0.001
vn 0.993 0.000 -0.121
vn 1.000 0.000 -0.001
vn 1.000 0.000 -0.000
vn 0.117 0.000 0.993
vn 0.187 0.001 0.982
vn 0.001 0.000 1.000
vn 0.117 0.000 0.993
vn 0.001 0.000 1.000
vn 0.000 0.000 1.000
vn 0.254 0.000 0.967
vn 0.283 0.001 0.959
vn 0.187 0.001 0.982
vn 0.254 0.000 0.967
vn 0.187 0.001 0.982
vn 0.117 0.000 0.993
vn 0.387 0.000 0.922
vn 0.437 0.000 0.900
vn 0.283 0.001 0.959
vn 0.387 0.000 0.922
vn 0.283 0.001 0.959
vn 0.254 0.000 0.967
vn 0.513 0.000 0.858
vn 0.553 0.000 0.833
vn 0.437 0.000 0.900
vn 0.513 0.000 0.858
vn 0.437 0.000 0.900
vn 0.387 0.000 0.922
vn 0.629 0.000 0.777
vn 0.665 0.000 0.746
vn 0.553 0.000 0.833
vn 0.629 0.000 0.777
vn 0.553 0.000 0.833
vn 0.513 0.000 0.858
vn 0.733 0.000 0.680
vn 0.765 0.000 0.644
vn 0.665 0.000 0.746
vn 0.733 0.000 0.680
vn 0.665 0.000 0.746
vn 0.629 0.000 0.777
vn 0.823 0.000 0.568
vn 0.849 0.000 0.528
vn 0.765 0.000 0.644
vn 0.823 0.000 0.568
vn 0.765 0.000 0.644
vn 0.733 0.000 0.680
vn 0.896 0.000 0.444
vn 0.916 0.000 0.400
vn 0.849 0.000 0.528
vn 0.896 0.000 0.444
vn 0.849 0.000 0.528
vn 0.823 0.000 0.568
vn 0.951 0.000 0.310
vn 0.965 0.000 0.264
vn 0.916 0.000 0.400
vn 0.951 0.000 0.310
vn 0.916 0.000 0.400
vn 0.896 0.000 0.444
vn 0.986 0.000 0.169
vn 0.993 0.000 0.121
vn 0.965 0.000 0.264
vn 0.986 0.000 0.169
vn 0.965 0.000 0.264
vn 0.951 0.000 0.310
vn 1.000 0.000 0.001
vn 1.000 0.000 0.000
vn 0.993 0.000 0.121
vn 1.000 0.000 0.001
vn 0.993 0.000 0.121
vn 0.986 0.000 0.169
vn -0.986 0.000 0.165
vn -1.000 0.000 0.001
vn -1.000 0.000 0.001
vn -0.986 0.000 0.165
vn -1.000 0.000 0.001
vn -0.986 0.000 0.169
vn -0.952 0.000 0.306
vn -0.986 0.000 0.165
vn -0.986 0.000 0.169
vn -0.952 0.000 0.306
vn -0.986 0.000 0.169
vn -0.951 0.000 0.310
vn -0.898 0.000 0.441
vn -0.952 0.000 0.306
vn -0.951 0.000 0.310
vn -0.898 0.000 0.441
vn -0.951 0.000 0.310
vn -0.896 0.000 0.444
vn -0.825 0.000 0.565
vn -0.898 0.000 0.441
vn -0.896 0.000 0.444
vn -0.825 0.000 0.565
vn -0.896 0.000 0.444
vn -0.823 0.000 0.568
vn -0.735 0.000 0.678
vn -0.825 0.000 0.565
vn -0.823 0.000 0.568
vn -0.735 0.000 0.678
vn -0.823 0.000 0.568
vn -0.749 0.000 0.662
vn -0.666 0.000 0.746
vn -0.629 0.000 0.777
vn -0.735 0.000 0.678
vn -0.666 0.000 0.746
vn -0.735 0.000 0.678
vn -0.749 0.000 0.662
vn -0.553 0.000 0.833
vn -0.513 0.000 0.858
vn -0.629 0.000 0.777
vn -0.553 0.000 0.833
vn -0.629 0.000 0.777
vn -0.666 0.000 0.746
vn -0.430 0.000 0.903
vn -0.387 0.000 0.922
vn -0.513 0.000 0.858
vn -0.430 0.000 0.903
vn -0.513 0.000 0.858
vn -0.553 0.000 0.833
vn -0.299 0.000 0.954
vn -0.254 0.000 0.967
vn -0.387 0.000 0.922
vn -0.299 0.000 0.954
vn -0.387 0.000 0.922
vn -0.430 0.000 0.903
vn -0.163 0.000 0.987
vn -0.117 0.000 0.993
vn -0.254 0.000 0.967
vn -0.163 0.000 0.987
vn -0.254 0.000 0.967
vn -0.299 0.000 0.954
vn -0.001 0.000 1.000
vn -0.000 0.000 1.000
vn -0.117 0.000 0.993
vn -0.001 0.000 1.000
vn -0.117 0.000 0.993
vn -0.163 0.000 0.987
vn -0.159 0.000 -0.987
vn -0.001 0.000 -1.000
vn -0.001 0.000 -1.000
vn -0.159 0.000 -0.987
vn -0.001 0.000 -1.000
vn -0.163 0.000 -0.987
vn -0.296 0.000 -0.955
vn -0.159 0.000 -0.987
vn -0.163 0.000 -0.987
vn -0.296 0.000 -0.955
vn -0.163 0.000 -0.987
vn -0.299 0.000 -0.954
vn -0.427 0.000 -0.904
vn -0.296 0.000 -0.955
vn -0.299 0.000 -0.954
vn -0.427 0.000 -0.904
vn -0.299 0.000 -0.954
vn -0.430 0.000 -0.903
vn -0.550 0.000 -0.835
vn -0.427 0.000 -0.904
vn -0.430 0.000 -0.903
vn -0.550 0.000 -0.835
vn -0.430 0.000 -0.903
vn -0.553 0.000 -0.833
vn -0.657 0.000 -0.754
vn -0.550 0.000 -0.835
vn -0.553 0.000 -0.833
vn -0.657 0.000 -0.754
vn -0.553 0.000 -0.833
vn -0.666 0.000 -0.746
vn -0.767 0.000 -0.641
vn -0.657 0.000 -0.754
vn -0.666 0.000 -0.746
vn -0.767 0.000 -0.641
vn -0.666 0.000 -0.746
vn -0.765 0.000 -0.644
vn -0.847 0.000 -0.531
vn -0.767 0.000 -0.641
vn -0.765 0.000 -0.644
vn -0.847 0.000 -0.531
vn -0.765 0.000 -0.644
vn -0.849 0.000 -0.528
vn -0.915 0.000 -0.404
vn -0.847 0.000 -0.531
vn -0.849 0.000 -0.528
vn -0.915 0.000 -0.404
vn -0.849 0.000 -0.528
vn -0.916 0.000 -0.400
vn -0.964 0.000 -0.267
vn -0.915 0.000 -0.404
vn -0.916 0.000 -0.400
vn -0.964 0.000 -0.267
vn -0.916 0.000 -0.400
vn -0.965 0.000 -0.264
vn -0.992 0.000 -0.125
vn -0.964 0.000 -0.267
vn -0.965 0.000 -0.264
vn -0.992 0.000 -0.125
vn -0.965 0.000 -0.264
vn -0.993 0.000 -0.121
vn -1.000 0.000 -0.000
vn -0.992 0.000 -0.125
vn -0.993 0.000 -0.121
vn -1.000 0.000 -0.000
vn -0.993 0.000 -0.121
vn -1.000 0.000 -0.000
f 885//5359 886//5360 888//5361
f 885//5362 888//5363 887//5364
f 887//5365 888//5366 892//5367
f 887//5368 892//5369 891//5370
f 891//5371 892//5372 890//5373
f 891//5374 890//5375 889//5376
f 889//5377 890//5378 886//5379
f 889//5380 886//5381 885//5382
f 902//5383 889//5384 885//5385
f 902//5386 885//5387 928//5388
f 902//5389 928//5390 929//5391
f 902//5392 929//5393 931//5394
f 902//5395 931//5396 930//5397
f 902//5398 930//5399 937//5400
f 902//5401 937//5402 938//5403
f 902//5404 938//5405 936//5406
f 902//5407 936//5408 932//5409
f 902//5410 932//5411 934//5412
f 902//5413 934//5414 935//5415
f 902//5416 935//5417 933//5418
f 902//5419 933//5420 914//5421
f 928//5422 885//5423 887//5424
f 928//5425 887//5426 891//5427
f 928//5428 891//5429 889//5430
f 928//5431 889//5432 902//5433
f 928//5434 902//5435 905//5436
f 928//5437 905//5438 913//5439
f 928//5440 913//5441 907//5442
f 928//5443 907//5444 910//5445
f 928//5446 910//5447 909//5448
f 928//5449 909//5450 908//5451
f 928//5452 908//5453 911//5454
f 928//5455 911//5456 912//5457
f 928//5458 912//5459 904//5460
f 928//5461 904//5462 906//5463
f 928//5464 906//5465 903//5466
f 928//5467 903//5468 916//5469
f 928//5470 916//5471 900//5472
f 928//5473 900//5474 901//5475
f 928//5476 901//5477 899//5478
f 928//5479 899//5480 898//5481
f 928//5482 898//5483 915//5484
f 928//5485 915//5486 896//5487
f 928//5488 896//5489 895//5490
f 928//5491 895//5492 897//5493
f 928//5494 897//5495 894//5496
f 928//5497 894//5498 893//5499
f 928//5500 893//5501 939//5502
f 928//5503 939//5504 925//5505
f 928//5506 925//5507 927//5508
f 928//5509 927//5510 924//5511
f 928//5512 924//5513 922//5514
f 928//5515 922//5516 921//5517
f 928//5518 921//5519 918//5520
f 928//5521 918//5522 917//5523
f 928//5524 917//5525 919//5526
f 928//5527 919//5528 920//5529
f 928//5530 920//5531 923//5532
f 928//5533 923//5534 926//5535
f 972//5536 890//5537 892//5538
f 972//5539 892//5540 973//5541
f 972//5542 973//5543 976//5544
f 972//5545 976//5546 983//5547
f 972//5548 983//5549 977//5550
f 972//5551 977//5552 982//5553
f 972//5554 982//5555 978//5556
f 972//5557 978//5558 979//5559
f 972//5560 979//5561 981//5562
f 972//5563 981//5564 980//5565
f 972//5566 980//5567 974//5568
f 972//5569 974//5570 975//5571
f 973//5572 892//5573 888//5574
f 973//5575 888//5576 886//5577
f 973//5578 886//5579 890//5580
f 973//5581 890//5582 972//5583
f 973//5584 972//5585 985//5586
f 973//5587 985//5588 970//5589
f 973//5590 970//5591 971//5592
f 973//5593 971//5594 969//5595
f 973//5596 969//5597 968//5598
f 973//5599 968//5600 984//5601
f 973//5602 984//5603 966//5604
f 973//5605 966//5606 965//5607
f 973//5608 965//5609 967//5610
f 973//5611 967//5612 964//5613
f 973//5614 964//5615 962//5616
f 973//5617 962//5618 948//5619
f 973//5620 948//5621 949//5622
f 973//5623 949//5624 946//5625
f 973//5626 946//5627 943//5628
f 973//5629 943//5630 944//5631
f 973//5632 944//5633 940//5634
f 973//5635 940//5636 941//5637
f 973//5638 941//5639 942//5640
f 973//5641 942//5642 945//5643
f 973//5644 945//5645 947//5646
f 973//5647 947//5648 950//5649
f 973//5650 950//5651 951//5652
f 973//5653 951//5654 952//5655
f 973//5656 952//5657 955//5658
f 973//5659 955//5660 954//5661
f 973//5662 954//5663 953//5664
f 973//5665 953//5666 961//5667
f 973//5668 961//5669 963//5670
f 973//5671 963//5672 960//5673
f 973//5674 960//5675 956//5676
f 973//5677 956//5678 959//5679
f 973//5680 959//5681 958//5682
f 973//5683 958//5684 957//5685
f 973//5686 957//5687 986//5688
f 930//5689 937//5690 1316//5691
f 930//5692 1316//5693 1256//5694
f 908//5695 911//5696 1133//5697
f 908//5698 1133//5699 1109//5700
f 921//5701 918//5702 1178//5703
f 921//5704 1178//5705 1197//5706
f 897//5707 894//5708 996//5709
f 897//5710 996//5711 1004//5712
f 918//5713 917//5714 1168//5715
f 918//5716 1168//5717 1178//5718
f 932//5719 934//5720 1295//5721
f 932//5722 1295//5723 1279//5724
f 910//5725 909//5726 1120//5727
f 910//5728 1120//5729 1129//5730
f 920//5731 923//5732 1211//5733
f 920//5734 1211//5735 1191//5736
f 895//5737 897//5738 1004//5739
f 895//5740 1004//5741 1005//5742
f 934//5743 935//5744 1304//5745
f 934//5746 1304//5747 1295//5748
f 905//5749 913//5750 1145//5751
f 905//5752 1145//5753 1088//5754
f 924//5755 922//5756 1205//5757
f 924//5758 1205//5759 1216//5760
f 915//5761 896//5762 1014//5763
f 915//5764 1014//5765 1154//5766
f 906//5767 903//5768 1071//5769
f 906//5770 1071//5771 1094//5772
f 927//5773 924//5774 1216//5775
f 927//5776 1216//5777 1234//5778
f 899//5779 898//5780 1028//5781
f 899//5782 1028//5783 1037//5784
f 901//5785 899//5786 1037//5787
f 901//5788 1037//5789 1053//5790
f 939//5791 925//5792 1221//5793
f 939//5794 1221//5795 1334//5796
f 902//5797 905//5798 1088//5799
f 902//5800 1088//5801 1061//5802
f 919//5803 920//5804 1191//5805
f 919//5806 1191//5807 1186//5808
f 931//5809 930//5810 1256//5811
f 931//5812 1256//5813 1267//5814
f 903//5815 916//5816 1162//5817
f 903//5818 1162//5819 1071//5820
f 922//5821 921//5822 1197//5823
f 922//5824 1197//5825 1205//5826
f 936//5827 932//5828 1279//5829
f 936//5830 1279//5831 1308//5832
f 926//5833 928//5834 1241//5835
f 926//5836 1241//5837 1228//5838
f 896//5839 895//5840 1005//5841
f 896//5842 1005//5843 1014//5844
f 923//5845 926//5846 1228//5847
f 923//5848 1228//5849 1211//5850
f 938//5851 936//5852 1308//5853
f 938//5854 1308//5855 1325//5856
f 898//5857 915//5858 1154//5859
f 898//5860 1154//5861 1028//5862
f 913//5863 907//5864 1101//5865
f 913//5866 1101//5867 1145//5868
f 909//5869 908//5870 1109//5871
f 909//5872 1109//5873 1120//5874
f 925//5875 927//5876 1234//5877
f 925//5878 1234//5879 1221//5880
f 935//5881 933//5882 1289//5883
f 935//5884 1289//5885 1304//5886
f 933//5887 914//5888 1148//5889
f 933//5890 1148//5891 1289//5892
f 911//5893 912//5894 1141//5895
f 911//5896 1141//5897 1133//5898
f 928//5899 929//5900 1250//5901
f 928//5902 1250//5903 1241//5904
f 937//5905 938//5906 1325//5907
f 937//5908 1325//5909 1316//5910
f 916//5911 900//5912 1046//5913
f 916//5914 1046//5915 1162//5916
f 907//5917 910//5918 1129//5919
f 907//5920 1129//5921 1101//5922
f 929//5923 931//5924 1267//5925
f 929//5926 1267//5927 1250//5928
f 894//5929 893//5930 987//5931
f 894//5932 987//5933 996//5934
f 914//5935 902//5936 1061//5937
f 914//5938 1061//5939 1148//5940
f 904//5941 906//5942 1094//5943
f 904//5944 1094//5945 1081//5946
f 912//5947 904//5948 1081//5949
f 912//5950 1081//5951 1141//5952
f 917//5953 919//5954 1186//5955
f 917//5956 1186//5957 1168//5958
f 900//5959 901//5960 1053//5961
f 900//5962 1053//5963 1046//5964
f 893//5965 939//5966 1334//5967
f 893//5968 1334//5969 987//5970
f 988//5971 995//5972 997//5973
f 988//5974 997//5975 994//5976
f 994//5977 997//5978 998//5979
f 994//5980 998//5981 993//5982
f 993//5983 998//5984 999//5985
f 993//5986 999//5987 1000//5988
f 993//5989 1000//5990 992//5991
f 992//5992 1000//5993 1001//5994
f 992//5995 1001//5996 1002//5997
f 992//5998 1002//5999 991//6000
f 991//6001 1002//6002 990//6003
f 990//6004 1002//6005 1003//6006
f 990//6007 1003//6008 989//6009
f 989//6010 1003//6011 1004//6012
f 989//6013 1004//6014 987//6015
f 987//6016 1004//6017 996//6018
f 995//6019 1013//6020 1015//6021
f 995//6022 1015//6023 1012//6024
f 1012//6025 1015//6026 1016//6027
f 1012//6028 1016//6029 1011//6030
f 1011//6031 1016//6032 1017//6033
f 1011//6034 1017//6035 1010//6036
f 1010//6037 1017//6038 1018//6039
f 1010//6040 1018//6041 1009//6042
f 1009//6043 1018//6044 1019//6045
f 1009//6046 1019//6047 1008//6048
f 1008//6049 1019//6050 1007//6051
f 1007//6052 1019//6053 1020//6054
f 1007//6055 1020//6056 1006//6057
f 1006//6058 1020//6059 1014//6060
f 1006//6061 1014//6062 1005//6063
f 1005//6064 1004//6065 1021//6066
f 1005//6067 1021//6068 1022//6069
f 1005//6070 1022//6071 1006//6072
f 1006//6073 1022//6074 1023//6075
f 1006//6076 1023//6077 1007//6078
f 1007//6079 1023//6080 1024//6081
f 1007//6082 1024//6083 1008//6084
f 1008//6085 1024//6086 1025//6087
f 1008//6088 1025//6089 1009//6090
f 1009//6091 1025//6092 1026//6093
f 1009//6094 1026//6095 1027//6096
f 1009//6097 1027//6098 1010//6099
f 1010//6100 1027//6101 998//6102
f 1010//6103 998//6104 1011//6105
f 1011//6106 998//6107 1012//6108
f 1072//6109 1080//6110 1079//6111
f 1077//6112 1078//6113 1076//6114
f 1076//6115 1095//6116 1075//6117
f 1075//6118 1095//6119 1096//6120
f 1075//6121 1096//6122 1097//6123
f 1075//6124 1097//6125 1074//6126
f 1074//6127 1097//6128 1098//6129
f 1074//6130 1098//6131 1099//6132
f 1074//6133 1099//6134 1073//6135
f 1073//6136 1099//6137 1094//6138
f 1073//6139 1094//6140 1071//6141
f 1101//6142 1129//6143 1130//6144
f 1101//6145 1130//6146 1108//6147
f 1108//6148 1130//6149 1131//6150
f 1108//6151 1131//6152 1107//6153
f 1107//6154 1131//6155 1132//6156
f 1107//6157 1132//6158 1106//6159
f 1106//6160 1124//6161 1105//6162
f 1105//6163 1124//6164 1123//6165
f 1105//6166 1123//6167 1104//6168
f 1104//6169 1123//6170 1122//6171
f 1104//6172 1122//6173 1103//6174
f 1103//6175 1122//6176 1121//6177
f 1103//6178 1121//6179 1102//6180
f 1102//6181 1121//6182 1100//6183
f 1133//6184 1141//6185 1142//6186
f 1133//6187 1142//6188 1140//6189
f 1140//6190 1142//6191 1143//6192
f 1140//6193 1143//6194 1139//6195
f 1139//6196 1143//6197 1138//6198
f 1138//6199 1143//6200 1144//6201
f 1138//6202 1144//6203 1137//6204
f 1137//6205 1144//6206 1136//6207
f 1134//6208 1082//6209 1118//6210
f 1118//6211 1082//6212 1080//6213
f 1118//6214 1080//6215 1110//6216
f 1088//6217 1145//6218 1146//6219
f 1088//6220 1146//6221 1093//6222
f 1093//6223 1146//6224 1092//6225
f 1092//6226 1107//6227 1091//6228
f 1091//6229 1107//6230 1147//6231
f 1091//6232 1147//6233 1090//6234
f 1090//6235 1147//6236 1066//6237
f 1066//6238 1147//6239 1089//6240
f 1063//6241 1089//6242 1102//6243
f 1063//6244 1102//6245 1087//6246
f 1071//6247 1162//6248 1163//6249
f 1071//6250 1163//6251 1073//6252
f 1073//6253 1163//6254 1164//6255
f 1073//6256 1164//6257 1074//6258
f 1074//6259 1164//6260 1165//6261
f 1074//6262 1165//6263 1075//6264
f 1075//6265 1165//6266 1166//6267
f 1075//6268 1166//6269 1167//6270
f 1075//6271 1167//6272 1076//6273
f 1076//6274 1167//6275 1077//6276
f 1077//6277 1047//6278 1078//6279
f 1078//6280 1047//6281 1079//6282
f 1079//6283 1045//6284 1072//6285
f 1169//6286 1177//6287 1179//6288
f 1169//6289 1179//6290 1176//6291
f 1176//6292 1179//6293 1180//6294
f 1176//6295 1180//6296 1175//6297
f 1175//6298 1180//6299 1181//6300
f 1175//6301 1181//6302 1174//6303
f 1174//6304 1181//6305 1182//6306
f 1174//6307 1182//6308 1173//6309
f 1173//6310 1182//6311 1183//6312
f 1173//6313 1183//6314 1172//6315
f 1172//6316 1183//6317 1184//6318
f 1172//6319 1184//6320 1171//6321
f 1171//6322 1184//6323 1185//6324
f 1171//6325 1185//6326 1170//6327
f 1170//6328 1185//6329 1178//6330
f 1170//6331 1178//6332 1168//6333
f 1168//6334 1186//6335 1188//6336
f 1168//6337 1188//6338 1170//6339
f 1170//6340 1188//6341 1189//6342
f 1170//6343 1189//6344 1171//6345
f 1171//6346 1189//6347 1190//6348
f 1171//6349 1190//6350 1172//6351
f 1172//6352 1190//6353 1173//6354
f 1176//6355 1187//6356 1169//6357
f 1186//6358 1191//6359 1192//6360
f 1186//6361 1192//6362 1188//6363
f 1188//6364 1192//6365 1193//6366
f 1188//6367 1193//6368 1189//6369
f 1189//6370 1193//6371 1194//6372
f 1189//6373 1194//6374 1190//6375
f 1190//6376 1194//6377 1173//6378
f 1173//6379 1194//6380 1195//6381
f 1173//6382 1195//6383 1174//6384
f 1174//6385 1195//6386 1175//6387
f 1175//6388 1195//6389 1196//6390
f 1175//6391 1196//6392 1176//6393
f 1176//6394 1196//6395 1187//6396
f 1177//6397 1204//6398 1206//6399
f 1177//6400 1206//6401 1179//6402
f 1179//6403 1206//6404 1203//6405
f 1202//6406 1203//6407 1201//6408
f 1201//6409 1207//6410 1200//6411
f 1200//6412 1207//6413 1208//6414
f 1200//6415 1208//6416 1199//6417
f 1199//6418 1208//6419 1209//6420
f 1199//6421 1209//6422 1198//6423
f 1198//6424 1209//6425 1205//6426
f 1198//6427 1205//6428 1197//6429
f 1211//6430 1228//6431 1229//6432
f 1211//6433 1229//6434 1215//6435
f 1215//6436 1229//6437 1230//6438
f 1215//6439 1230//6440 1214//6441
f 1214//6442 1230//6443 1193//6444
f 1193//6445 1230//6446 1231//6447
f 1193//6448 1231//6449 1213//6450
f 1213//6451 1231//6452 1232//6453
f 1213//6454 1232//6455 1212//6456
f 1212//6457 1233//6458 1196//6459
f 1196//6460 1233//6461 1210//6462
f 1221//6463 1234//6464 1235//6465
f 1221//6466 1235//6467 1227//6468
f 1227//6469 1235//6470 1226//6471
f 1226//6472 1236//6473 1225//6474
f 1225//6475 1236//6476 1237//6477
f 1225//6478 1237//6479 1224//6480
f 1224//6481 1237//6482 1238//6483
f 1224//6484 1238//6485 1239//6486
f 1224//6487 1239//6488 1223//6489
f 1223//6490 1239//6491 1240//6492
f 1223//6493 1240//6494 1222//6495
f 1222//6496 1204//6497 1220//6498
f 1250//6499 1267//6500 1274//6501
f 1250//6502 1274//6503 1255//6504
f 1255//6505 1274//6506 1275//6507
f 1255//6508 1275//6509 1254//6510
f 1254//6511 1275//6512 1276//6513
f 1254//6514 1276//6515 1277//6516
f 1254//6517 1277//6518 1247//6519
f 1247//6520 1277//6521 1253//6522
f 1253//6523 1272//6524 1252//6525
f 1252//6526 1272//6527 1251//6528
f 1251//6529 1273//6530 1249//6531
f 1249//6532 1273//6533 1242//6534
f 1279//6535 1295//6536 1296//6537
f 1279//6538 1296//6539 1287//6540
f 1287//6541 1296//6542 1297//6543
f 1287//6544 1297//6545 1286//6546
f 1286//6547 1297//6548 1298//6549
f 1286//6550 1298//6551 1285//6552
f 1285//6553 1298//6554 1299//6555
f 1285//6556 1299//6557 1284//6558
f 1284//6559 1299//6560 1300//6561
f 1284//6562 1300//6563 1283//6564
f 1283//6565 1300//6566 1301//6567
f 1283//6568 1301//6569 1282//6570
f 1282//6571 1301//6572 1302//6573
f 1282//6574 1302//6575 1281//6576
f 1281//6577 1302//6578 1303//6579
f 1281//6580 1303//6581 1280//6582
f 1295//6583 1304//6584 1305//6585
f 1295//6586 1305//6587 1296//6588
f 1296//6589 1305//6590 1297//6591
f 1298//6592 1297//6593 1306//6594
f 1298//6595 1306//6596 1299//6597
f 1299//6598 1306//6599 1300//6600
f 1300//6601 1306//6602 1290//6603
f 1300//6604 1290//6605 1301//6606
f 1301//6607 1290//6608 1302//6609
f 1303//6610 1288//6611 1280//6612
f 1280//6613 1288//6614 1278//6615
f 1278//6616 1307//6617 1309//6618
f 1278//6619 1309//6620 1280//6621
f 1280//6622 1309//6623 1310//6624
f 1280//6625 1310//6626 1281//6627
f 1281//6628 1310//6629 1311//6630
f 1281//6631 1311//6632 1282//6633
f 1282//6634 1311//6635 1312//6636
f 1282//6637 1312//6638 1283//6639
f 1283//6640 1312//6641 1313//6642
f 1283//6643 1313//6644 1284//6645
f 1284//6646 1313//6647 1285//6648
f 1285//6649 1314//6650 1286//6651
f 1286//6652 1314//6653 1315//6654
f 1286//6655 1315//6656 1287//6657
f 1287//6658 1315//6659 1308//6660
f 1287//6661 1308//6662 1279//6663
f 1307//6664 1324//6665 1326//6666
f 1307//6667 1326//6668 1309//6669
f 1309//6670 1326//6671 1327//6672
f 1309//6673 1327//6674 1310//6675
f 1310//6676 1327//6677 1328//6678
f 1310//6679 1328//6680 1311//6681
f 1311//6682 1328//6683 1329//6684
f 1311//6685 1329//6686 1312//6687
f 1312//6688 1329//6689 1330//6690
f 1312//6691 1330//6692 1313//6693
f 1313//6694 1330//6695 1331//6696
f 1313//6697 1331//6698 1285//6699
f 1285//6700 1331//6701 1332//6702
f 1285//6703 1332//6704 1314//6705
f 1314//6706 1332//6707 1333//6708
f 1314//6709 1333//6710 1315//6711
f 1315//6712 1333//6713 1325//6714
f 1315//6715 1325//6716 1308//6717
f 987//6718 1334//6719 1335//6720
f 987//6721 1335//6722 989//6723
f 989//6724 1335//6725 1336//6726
f 989//6727 1336//6728 990//6729
f 990//6730 1336//6731 991//6732
f 991//6733 1336//6734 1337//6735
f 991//6736 1337//6737 992//6738
f 992//6739 1337//6740 1338//6741
f 992//6742 1338//6743 1339//6744
f 992//6745 1339//6746 993//6747
f 993//6748 1339//6749 994//6750
f 994//6751 1222//6752 988//6753
f 1220//6754 988//6755 1222//6756
f 1222//6757 994//6758 1223//6759
f 1223//6760 994//6761 1339//6762
f 1223//6763 1339//6764 1338//6765
f 1223//6766 1338//6767 1224//6768
f 1224//6769 1338//6770 1337//6771
f 1224//6772 1337//6773 1336//6774
f 1224//6775 1336//6776 1225//6777
f 1225//6778 1336//6779 1226//6780
f 1226//6781 1336//6782 1335//6783
f 1226//6784 1335//6785 1227//6786
f 1227//6787 1335//6788 1334//6789
f 1227//6790 1334//6791 1221//6792
f 1273//6793 1251//6794 1265//6795
f 1265//6796 1251//6797 1264//6798
f 1264//6799 1251//6800 1272//6801
f 1272//6802 1253//6803 1271//6804
f 1271//6805 1253//6806 1277//6807
f 1271//6808 1277//6809 1276//6810
f 1271//6811 1276//6812 1270//6813
f 1270//6814 1276//6815 1275//6816
f 1270//6817 1275//6818 1274//6819
f 1270//6820 1274//6821 1269//6822
f 1269//6823 1274//6824 1267//6825
f 1269//6826 1267//6827 1268//6828
f 1029//6829 1045//6830 1054//6831
f 1029//6832 1054//6833 1036//6834
f 1036//6835 1054//6836 1044//6837
f 1044//6838 1055//6839 1043//6840
f 1043//6841 1055//6842 1056//6843
f 1043//6844 1056//6845 1042//6846
f 1042//6847 1056//6848 1057//6849
f 1042//6850 1057//6851 1041//6852
f 1041//6853 1057//6854 1058//6855
f 1041//6856 1058//6857 1040//6858
f 1040//6859 1058//6860 1039//6861
f 1039//6862 1058//6863 1059//6864
f 1039//6865 1059//6866 1038//6867
f 1038//6868 1059//6869 1053//6870
f 1038//6871 1053//6872 1037//6873
f 995//6874 1012//6875 997//6876
f 997//6877 1012//6878 998//6879
f 998//6880 1027//6881 999//6882
f 999//6883 1027//6884 1026//6885
f 999//6886 1026//6887 1000//6888
f 1000//6889 1026//6890 1025//6891
f 1000//6892 1025//6893 1001//6894
f 1001//6895 1025//6896 1024//6897
f 1001//6898 1024//6899 1002//6900
f 1002//6901 1024//6902 1023//6903
f 1002//6904 1023//6905 1022//6906
f 1002//6907 1022//6908 1003//6909
f 1003//6910 1022//6911 1021//6912
f 1003//6913 1021//6914 1004//6915
f 1036//6916 1044//6917 1035//6918
f 1035//6919 1044//6920 1043//6921
f 1035//6922 1043//6923 1034//6924
f 1034//6925 1043//6926 1042//6927
f 1034//6928 1042//6929 1033//6930
f 1033//6931 1042//6932 1041//6933
f 1033//6934 1041//6935 1040//6936
f 1033//6937 1040//6938 1032//6939
f 1032//6940 1040//6941 1039//6942
f 1032//6943 1039//6944 1031//6945
f 1031//6946 1039//6947 1038//6948
f 1031//6949 1038//6950 1030//6951
f 1030//6952 1038//6953 1037//6954
f 1030//6955 1037//6956 1028//6957
f 1046//6958 1053//6959 1059//6960
f 1046//6961 1059//6962 1052//6963
f 1052//6964 1059//6965 1058//6966
f 1052//6967 1058//6968 1051//6969
f 1051//6970 1058//6971 1050//6972
f 1050//6973 1058//6974 1057//6975
f 1050//6976 1057//6977 1049//6978
f 1049//6979 1057//6980 1056//6981
f 1049//6982 1056//6983 1055//6984
f 1049//6985 1055//6986 1048//6987
f 1048//6988 1055//6989 1044//6990
f 1048//6991 1044//6992 1054//6993
f 1048//6994 1054//6995 1047//6996
f 1047//6997 1054//6998 1045//6999
f 1061//7000 1088//7001 1070//7002
f 1070//7003 1088//7004 1093//7005
f 1070//7006 1093//7007 1069//7008
f 1069//7009 1093//7010 1092//7011
f 1069//7012 1092//7013 1068//7014
f 1068//7015 1092//7016 1091//7017
f 1068//7018 1091//7019 1090//7020
f 1068//7021 1090//7022 1067//7023
f 1067//7024 1090//7025 1066//7026
f 1066//7027 1089//7028 1065//7029
f 1065//7030 1089//7031 1063//7032
f 1065//7033 1063//7034 1064//7035
f 1063//7036 1087//7037 1062//7038
f 1062//7039 1087//7040 1060//7041
f 1081//7042 1094//7043 1099//7044
f 1081//7045 1099//7046 1086//7047
f 1086//7048 1099//7049 1098//7050
f 1086//7051 1098//7052 1085//7053
f 1085//7054 1098//7055 1097//7056
f 1085//7057 1097//7058 1096//7059
f 1085//7060 1096//7061 1084//7062
f 1084//7063 1096//7064 1095//7065
f 1084//7066 1095//7067 1076//7068
f 1084//7069 1076//7070 1083//7071
f 1083//7072 1076//7073 1078//7074
f 1083//7075 1078//7076 1082//7077
f 1082//7078 1078//7079 1079//7080
f 1082//7081 1079//7082 1080//7083
f 1110//7084 1119//7085 1121//7086
f 1110//7087 1121//7088 1118//7089
f 1118//7090 1121//7091 1122//7092
f 1118//7093 1122//7094 1117//7095
f 1117//7096 1122//7097 1123//7098
f 1117//7099 1123//7100 1116//7101
f 1116//7102 1123//7103 1124//7104
f 1116//7105 1124//7106 1115//7107
f 1115//7108 1124//7109 1125//7110
f 1115//7111 1125//7112 1114//7113
f 1114//7114 1125//7115 1126//7116
f 1114//7117 1126//7118 1113//7119
f 1113//7120 1126//7121 1127//7122
f 1113//7123 1127//7124 1112//7125
f 1112//7126 1127//7127 1128//7128
f 1112//7129 1128//7130 1111//7131
f 1111//7132 1128//7133 1120//7134
f 1111//7135 1120//7136 1109//7137
f 1109//7138 1133//7139 1140//7140
f 1109//7141 1140//7142 1111//7143
f 1111//7144 1140//7145 1139//7146
f 1111//7147 1139//7148 1112//7149
f 1112//7150 1139//7151 1138//7152
f 1112//7153 1138//7154 1113//7155
f 1113//7156 1138//7157 1137//7158
f 1113//7159 1137//7160 1114//7161
f 1114//7162 1137//7163 1136//7164
f 1114//7165 1136//7166 1115//7167
f 1115//7168 1136//7169 1135//7170
f 1115//7171 1135//7172 1116//7173
f 1116//7174 1135//7175 1134//7176
f 1116//7177 1134//7178 1117//7179
f 1117//7180 1134//7181 1118//7182
f 1082//7183 1134//7184 1083//7185
f 1083//7186 1134//7187 1135//7188
f 1083//7189 1135//7190 1136//7191
f 1083//7192 1136//7193 1084//7194
f 1084//7195 1136//7196 1144//7197
f 1084//7198 1144//7199 1143//7200
f 1084//7201 1143//7202 1085//7203
f 1085//7204 1143//7205 1142//7206
f 1085//7207 1142//7208 1086//7209
f 1086//7210 1142//7211 1141//7212
f 1086//7213 1141//7214 1081//7215
f 1062//7216 1149//7217 1063//7218
f 1063//7219 1149//7220 1064//7221
f 1064//7222 1150//7223 1065//7224
f 1065//7225 1150//7226 1151//7227
f 1065//7228 1151//7229 1066//7230
f 1066//7231 1151//7232 1067//7233
f 1067//7234 1152//7235 1068//7236
f 1068//7237 1152//7238 1153//7239
f 1068//7240 1153//7241 1069//7242
f 1069//7243 1153//7244 1148//7245
f 1069//7246 1148//7247 1070//7248
f 1070//7249 1148//7250 1061//7251
f 1028//7252 1154//7253 1156//7254
f 1028//7255 1156//7256 1030//7257
f 1030//7258 1156//7259 1157//7260
f 1030//7261 1157//7262 1031//7263
f 1031//7264 1157//7265 1032//7266
f 1032//7267 1157//7268 1158//7269
f 1032//7270 1158//7271 1033//7272
f 1033//7273 1158//7274 1159//7275
f 1033//7276 1159//7277 1034//7278
f 1034//7279 1159//7280 1160//7281
f 1034//7282 1160//7283 1035//7284
f 1035//7285 1160//7286 1161//7287
f 1035//7288 1161//7289 1036//7290
f 1036//7291 1161//7292 1155//7293
f 1036//7294 1155//7295 1029//7296
f 1045//7297 1079//7298 1047//7299
f 1047//7300 1077//7301 1048//7302
f 1048//7303 1077//7304 1167//7305
f 1048//7306 1167//7307 1166//7308
f 1048//7309 1166//7310 1049//7311
f 1049//7312 1166//7313 1165//7314
f 1049//7315 1165//7316 1164//7317
f 1049//7318 1164//7319 1050//7320
f 1050//7321 1164//7322 1051//7323
f 1051//7324 1164//7325 1163//7326
f 1051//7327 1163//7328 1052//7329
f 1052//7330 1163//7331 1162//7332
f 1052//7333 1162//7334 1046//7335
f 1179//7336 1203//7337 1180//7338
f 1180//7339 1203//7340 1202//7341
f 1180//7342 1202//7343 1181//7344
f 1181//7345 1202//7346 1201//7347
f 1181//7348 1201//7349 1182//7350
f 1182//7351 1201//7352 1200//7353
f 1182//7354 1200//7355 1183//7356
f 1183//7357 1200//7358 1199//7359
f 1183//7360 1199//7361 1184//7362
f 1184//7363 1199//7364 1198//7365
f 1184//7366 1198//7367 1185//7368
f 1185//7369 1198//7370 1197//7371
f 1185//7372 1197//7373 1178//7374
f 1191//7375 1211//7376 1215//7377
f 1191//7378 1215//7379 1192//7380
f 1192//7381 1215//7382 1214//7383
f 1192//7384 1214//7385 1193//7386
f 1193//7387 1213//7388 1194//7389
f 1194//7390 1213//7391 1212//7392
f 1194//7393 1212//7394 1195//7395
f 1195//7396 1212//7397 1196//7398
f 1196//7399 1210//7400 1187//7401
f 1206//7402 1217//7403 1203//7404
f 1203//7405 1217//7406 1207//7407
f 1203//7408 1207//7409 1201//7410
f 1207//7411 1218//7412 1208//7413
f 1208//7414 1218//7415 1219//7416
f 1208//7417 1219//7418 1209//7419
f 1209//7420 1219//7421 1216//7422
f 1209//7423 1216//7424 1205//7425
f 1204//7426 1222//7427 1240//7428
f 1204//7429 1240//7430 1206//7431
f 1206//7432 1240//7433 1217//7434
f 1217//7435 1240//7436 1239//7437
f 1217//7438 1239//7439 1238//7440
f 1217//7441 1238//7442 1207//7443
f 1207//7444 1238//7445 1237//7446
f 1207//7447 1237//7448 1236//7449
f 1207//7450 1236//7451 1218//7452
f 1218//7453 1236//7454 1226//7455
f 1218//7456 1226//7457 1235//7458
f 1218//7459 1235//7460 1219//7461
f 1219//7462 1235//7463 1234//7464
f 1219//7465 1234//7466 1216//7467
f 1228//7468 1241//7469 1243//7470
f 1228//7471 1243//7472 1244//7473
f 1228//7474 1244//7475 1229//7476
f 1229//7477 1244//7478 1245//7479
f 1229//7480 1245//7481 1230//7482
f 1230//7483 1245//7484 1246//7485
f 1230//7486 1246//7487 1247//7488
f 1230//7489 1247//7490 1231//7491
f 1231//7492 1247//7493 1232//7494
f 1232//7495 1248//7496 1212//7497
f 1212//7498 1248//7499 1233//7500
f 1233//7501 1248//7502 1249//7503
f 1233//7504 1249//7505 1210//7506
f 1210//7507 1249//7508 1242//7509
f 1241//7510 1250//7511 1243//7512
f 1243//7513 1250//7514 1255//7515
f 1243//7516 1255//7517 1244//7518
f 1244//7519 1255//7520 1254//7521
f 1244//7522 1254//7523 1245//7524
f 1245//7525 1254//7526 1246//7527
f 1246//7528 1254//7529 1247//7530
f 1247//7531 1253//7532 1232//7533
f 1232//7534 1253//7535 1252//7536
f 1232//7537 1252//7538 1248//7539
f 1248//7540 1252//7541 1251//7542
f 1248//7543 1251//7544 1249//7545
f 1257//7546 1273//7547 1266//7548
f 1266//7549 1273//7550 1265//7551
f 1264//7552 1272//7553 1263//7554
f 1263//7555 1272//7556 1271//7557
f 1263//7558 1271//7559 1262//7560
f 1262//7561 1271//7562 1261//7563
f 1261//7564 1271//7565 1270//7566
f 1261//7567 1270//7568 1260//7569
f 1260//7570 1270//7571 1269//7572
f 1260//7573 1269//7574 1259//7575
f 1259//7576 1269//7577 1268//7578
f 1259//7579 1268//7580 1258//7581
f 1258//7582 1268//7583 1267//7584
f 1258//7585 1267//7586 1256//7587
f 1060//7588 1288//7589 1062//7590
f 1062//7591 1288//7592 1149//7593
f 1064//7594 1149//7595 1290//7596
f 1064//7597 1290//7598 1150//7599
f 1150//7600 1290//7601 1151//7602
f 1151//7603 1291//7604 1067//7605
f 1067//7606 1291//7607 1292//7608
f 1067//7609 1292//7610 1152//7611
f 1152//7612 1292//7613 1293//7614
f 1152//7615 1293//7616 1294//7617
f 1152//7618 1294//7619 1153//7620
f 1153//7621 1294//7622 1289//7623
f 1153//7624 1289//7625 1148//7626
f 1288//7627 1303//7628 1149//7629
f 1149//7630 1303//7631 1302//7632
f 1149//7633 1302//7634 1290//7635
f 1290//7636 1306//7637 1151//7638
f 1151//7639 1306//7640 1291//7641
f 1291//7642 1306//7643 1297//7644
f 1291//7645 1297//7646 1292//7647
f 1292//7648 1297//7649 1293//7650
f 1293//7651 1297//7652 1305//7653
f 1293//7654 1305//7655 1294//7656
f 1294//7657 1305//7658 1304//7659
f 1294//7660 1304//7661 1289//7662
f 1256//7663 1316//7664 1258//7665
f 1258//7666 1316//7667 1317//7668
f 1258//7669 1317//7670 1259//7671
f 1259//7672 1317//7673 1318//7674
f 1259//7675 1318//7676 1260//7677
f 1260//7678 1318//7679 1319//7680
f 1260//7681 1319//7682 1320//7683
f 1260//7684 1320//7685 1261//7686
f 1261//7687 1320//7688 1321//7689
f 1261//7690 1321//7691 1262//7692
f 1262//7693 1321//7694 1322//7695
f 1262//7696 1322//7697 1263//7698
f 1263//7699 1322//7700 1323//7701
f 1263//7702 1323//7703 1264//7704
f 1264//7705 1323//7706 1266//7707
f 1264//7708 1266//7709 1265//7710
f 1316//7711 1325//7712 1333//7713
f 1316//7714 1333//7715 1317//7716
f 1317//7717 1333//7718 1332//7719
f 1317//7720 1332//7721 1318//7722
f 1318//7723 1332//7724 1331//7725
f 1318//7726 1331//7727 1319//7728
f 1319//7729 1331//7730 1330//7731
f 1319//7732 1330//7733 1320//7734
f 1320//7735 1330//7736 1329//7737
f 1320//7738 1329//7739 1321//7740
f 1321//7741 1329//7742 1328//7743
f 1321//7744 1328//7745 1322//7746
f 1322//7747 1328//7748 1327//7749
f 1322//7750 1327//7751 1323//7752
f 1323//7753 1327//7754 1326//7755
f 1323//7756 1326//7757 1266//7758
f 1266//7759 1326//7760 1324//7761
f 1266//7762 1324//7763 1257//7764
f 1100//7765 1087//7766 1102//7767
f 1102//7768 1089//7769 1103//7770
f 1103//7771 1089//7772 1104//7773
f 1104//7774 1089//7775 1147//7776
f 1104//7777 1147//7778 1105//7779
f 1105//7780 1147//7781 1106//7782
f 1106//7783 1147//7784 1107//7785
f 1107//7786 1092//7787 1146//7788
f 1107//7789 1146//7790 1108//7791
f 1108//7792 1146//7793 1145//7794
f 1108//7795 1145//7796 1101//7797
f 1119//7798 1100//7799 1121//7800
f 1124//7801 1106//7802 1125//7803
f 1125//7804 1106//7805 1132//7806
f 1125//7807 1132//7808 1126//7809
f 1126//7810 1132//7811 1131//7812
f 1126//7813 1131//7814 1127//7815
f 1127//7816 1131//7817 1130//7818
f 1127//7819 1130//7820 1128//7821
f 1128//7822 1130//7823 1129//7824
f 1128//7825 1129//7826 1120//7827
f 1013//7828 1155//7829 1161//7830
f 1013//7831 1161//7832 1015//7833
f 1015//7834 1161//7835 1160//7836
f 1015//7837 1160//7838 1016//7839
f 1016//7840 1160//7841 1159//7842
f 1016//7843 1159//7844 1017//7845
f 1017//7846 1159//7847 1158//7848
f 1017//7849 1158//7850 1018//7851
f 1018//7852 1158//7853 1157//7854
f 1018//7855 1157//7856 1019//7857
f 1019//7858 1157//7859 1156//7860
f 1019//7861 1156//7862 1020//7863
f 1020//7864 1156//7865 1154//7866
f 1020//7867 1154//7868 1014//7869
f 988//7870 1220//7871 1204//7872
f 988//7873 1204//7874 1177//7875
f 988//7876 1177//7877 1169//7878
f 988//7879 1169//7880 1187//7881
f 988//7882 1187//7883 1210//7884
f 988//7885 1210//7886 1242//7887
f 988//7888 1242//7889 1273//7890
f 988//7891 1273//7892 1257//7893
f 988//7894 1257//7895 1324//7896
f 988//7897 1324//7898 1307//7899
f 988//7900 1307//7901 1278//7902
f 988//7903 1278//7904 1288//7905
f 988//7906 1288//7907 1060//7908
f 988//7909 1060//7910 1087//7911
f 988//7912 1087//7913 1100//7914
f 988//7915 1100//7916 1119//7917
f 988//7918 1119//7919 1110//7920
f 988//7921 1110//7922 1080//7923
f 988//7924 1080//7925 1072//7926
f 988//7927 1072//7928 1045//7929
f 988//7930 1045//7931 1029//7932
f 988//7933 1029//7934 1155//7935
f 988//7936 1155//7937 1013//7938
f 988//7939 1013//7940 995//7941
f 936//7942 938//7943 966//7944
f 936//7945 966//7946 984//7947
f 908//7948 909//7949 979//7950
f 908//7951 979//7952 978//7953
f 940//7954 917//7955 918//7956
f 940//7957 918//7958 941//7959
f 963//7960 896//7961 915//7962
f 963//7963 915//7964 960//7965
f 938//7966 937//7967 965//7968
f 938//7969 965//7970 966//7971
f 937//7972 930//7973 967//7974
f 937//7975 967//7976 965//7977
f 930//7978 931//7979 964//7980
f 930//7981 964//7982 967//7983
f 931//7984 929//7985 962//7986
f 931//7987 962//7988 964//7989
f 929//7990 928//7991 948//7992
f 929//7993 948//7994 962//7995
f 948//7996 928//7997 926//7998
f 948//7999 926//8000 949//8001
f 949//8002 926//8003 923//8004
f 949//8005 923//8006 946//8007
f 946//8008 923//8009 920//8010
f 946//8011 920//8012 943//8013
f 943//8014 920//8015 919//8016
f 943//8017 919//8018 944//8019
f 944//8020 919//8021 917//8022
f 944//8023 917//8024 940//8025
f 961//8026 895//8027 896//8028
f 961//8029 896//8030 963//8031
f 953//8032 897//8033 895//8034
f 953//8035 895//8036 961//8037
f 954//8038 894//8039 897//8040
f 954//8041 897//8042 953//8043
f 955//8044 893//8045 894//8046
f 955//8047 894//8048 954//8049
f 952//8050 939//8051 893//8052
f 952//8053 893//8054 955//8055
f 951//8056 925//8057 939//8058
f 951//8059 939//8060 952//8061
f 950//8062 927//8063 925//8064
f 950//8065 925//8066 951//8067
f 947//8068 924//8069 927//8070
f 947//8071 927//8072 950//8073
f 945//8074 922//8075 924//8076
f 945//8077 924//8078 947//8079
f 942//8080 921//8081 922//8082
f 942//8083 922//8084 945//8085
f 941//8086 918//8087 921//8088
f 941//8089 921//8090 942//8091
f 911//8092 908//8093 978//8094
f 911//8095 978//8096 982//8097
f 912//8098 911//8099 982//8100
f 912//8101 982//8102 977//8103
f 904//8104 912//8105 977//8106
f 904//8107 977//8108 983//8109
f 906//8110 904//8111 983//8112
f 906//8113 983//8114 976//8115
f 903//8116 906//8117 976//8118
f 903//8119 976//8120 973//8121
f 986//8122 916//8123 903//8124
f 986//8125 903//8126 973//8127
f 957//8128 900//8129 916//8130
f 957//8131 916//8132 986//8133
f 958//8134 901//8135 900//8136
f 958//8137 900//8138 957//8139
f 959//8140 899//8141 901//8142
f 959//8143 901//8144 958//8145
f 956//8146 898//8147 899//8148
f 956//8149 899//8150 959//8151
f 960//8152 915//8153 898//8154
f 960//8155 898//8156 956//8157
f 932//8158 936//8159 984//8160
f 932//8161 984//8162 968//8163
f 934//8164 932//8165 968//8166
f 934//8167 968//8168 969//8169
f 935//8170 934//8171 969//8172
f 935//8173 969//8174 971//8175
f 933//8176 935//8177 971//8178
f 933//8179 971//8180 970//8181
f 914//8182 933//8183 970//8184
f 914//8185 970//8186 985//8187
f 902//8188 914//8189 985//8190
f 902//8191 985//8192 972//8193
f 905//8194 902//8195 972//8196
f 905//8197 972//8198 975//8199
f 913//8200 905//8201 975//8202
f 913//8203 975//8204 974//8205
f 907//8206 913//8207 974//8208
f 907//8209 974//8210 980//8211
f 910//8212 907//8213 980//8214
f 910//8215 980//8216 981//8217
f 909//8218 910//8219 981//8220
f 909//8221 981//8222 979//8223
