# Blender 4.0.0
# www.blender.org
mtllib Stout Model.mtl
o Cube.068
v -0.017139 7.405629 -0.148010
v -0.044762 7.405629 -0.145836
v -0.071705 7.405629 -0.139367
v -0.097305 7.405629 -0.128764
v -0.120930 7.405629 -0.114286
v -0.142000 7.405629 -0.096291
v -0.159996 7.405629 -0.075221
v -0.174473 7.405629 -0.051595
v -0.185077 7.405629 -0.025996
v -0.191545 7.405629 0.000947
v -0.193719 7.405629 0.028570
v 0.226073 7.405629 0.028570
v 0.223899 7.405629 0.000947
v 0.217431 7.405629 -0.025996
v 0.206827 7.405629 -0.051595
v 0.192349 7.405629 -0.075221
v 0.174354 7.405629 -0.096291
v 0.153284 7.405629 -0.114286
v 0.129659 7.405629 -0.128764
v 0.104059 7.405629 -0.139367
v 0.077116 7.405629 -0.145836
v 0.049493 7.405629 -0.148010
v -0.193719 7.594274 0.271783
v -0.180782 7.611808 0.271783
v -0.191986 7.603041 0.271783
v -0.187251 7.609458 0.271783
v 0.213135 7.611808 0.271783
v 0.226073 7.594274 0.271783
v 0.219604 7.609458 0.271783
v 0.224340 7.603041 0.271783
v -0.193719 5.358113 0.028570
v -0.191987 5.349346 0.028638
v -0.016631 5.340579 -0.135081
v -0.017139 5.358113 -0.148010
v -0.017071 5.349346 -0.146278
v -0.178737 5.340579 0.002976
v -0.191545 5.358113 0.000947
v -0.189829 5.349346 0.001219
v -0.172743 5.340579 -0.021989
v -0.185077 5.358113 -0.025996
v -0.183425 5.349346 -0.025459
v -0.162918 5.340579 -0.045708
v -0.174473 5.358113 -0.051595
v -0.172925 5.349346 -0.050807
v -0.149504 5.340579 -0.067598
v -0.159996 5.358113 -0.075221
v -0.158590 5.349346 -0.074200
v -0.132830 5.340579 -0.087121
v -0.142000 5.358113 -0.096291
v -0.140772 5.349346 -0.095062
v -0.113308 5.340579 -0.103794
v -0.120930 5.358113 -0.114286
v -0.119909 5.349346 -0.112880
v -0.091417 5.340579 -0.117209
v -0.097305 5.358113 -0.128764
v -0.096516 5.349346 -0.127216
v -0.067698 5.340579 -0.127034
v -0.071705 5.358113 -0.139367
v -0.071169 5.349346 -0.137715
v -0.042734 5.340579 -0.133027
v -0.044762 5.358113 -0.145836
v -0.044491 5.349346 -0.144120
v -0.016631 7.611808 -0.135081
v -0.017139 7.594274 -0.148010
v -0.016885 7.609459 -0.141546
v -0.017071 7.603041 -0.146278
v -0.180782 7.611808 0.028966
v -0.193719 7.594274 0.028570
v -0.187251 7.609458 0.028768
v -0.191986 7.603041 0.028623
v -0.042734 7.611808 -0.133027
v -0.044762 7.594274 -0.145836
v -0.043748 7.609459 -0.139431
v -0.044491 7.603041 -0.144120
v -0.067698 7.611808 -0.127034
v -0.071705 7.594274 -0.139367
v -0.069702 7.609459 -0.133201
v -0.071169 7.603041 -0.137715
v -0.091417 7.611808 -0.117209
v -0.097305 7.594274 -0.128764
v -0.094361 7.609459 -0.122986
v -0.096516 7.603041 -0.127216
v -0.113308 7.611808 -0.103794
v -0.120930 7.594274 -0.114286
v -0.117119 7.609459 -0.109040
v -0.119909 7.603041 -0.112880
v -0.132830 7.611808 -0.087121
v -0.142000 7.594274 -0.096291
v -0.137415 7.609459 -0.091706
v -0.140772 7.603041 -0.095062
v -0.149504 7.611808 -0.067598
v -0.159996 7.594274 -0.075221
v -0.154750 7.609459 -0.071410
v -0.158590 7.603041 -0.074200
v -0.162918 7.611808 -0.045708
v -0.174473 7.594274 -0.051595
v -0.168696 7.609459 -0.048652
v -0.172925 7.603041 -0.050807
v -0.172743 7.611808 -0.021988
v -0.185077 7.594274 -0.025996
v -0.178910 7.609459 -0.023992
v -0.183425 7.603041 -0.025459
v -0.178737 7.611808 0.002976
v -0.191545 7.594274 0.000947
v -0.185141 7.609459 0.001961
v -0.189829 7.603041 0.001219
v 0.048985 5.340579 -0.135081
v 0.049493 5.358113 -0.148010
v 0.049425 5.349346 -0.146278
v 0.226073 5.358113 0.028570
v 0.224341 5.349346 0.028638
v 0.075087 5.340579 -0.133027
v 0.077116 5.358113 -0.145836
v 0.076844 5.349346 -0.144120
v 0.100052 5.340579 -0.127034
v 0.104059 5.358113 -0.139367
v 0.103522 5.349346 -0.137715
v 0.123771 5.340579 -0.117209
v 0.129659 5.358113 -0.128764
v 0.128870 5.349346 -0.127216
v 0.145662 5.340579 -0.103794
v 0.153284 5.358113 -0.114286
v 0.152263 5.349346 -0.112880
v 0.165184 5.340579 -0.087121
v 0.174354 5.358113 -0.096291
v 0.173125 5.349346 -0.095062
v 0.181858 5.340579 -0.067598
v 0.192349 5.358113 -0.075221
v 0.190944 5.349346 -0.074200
v 0.195272 5.340579 -0.045708
v 0.206827 5.358113 -0.051595
v 0.205279 5.349346 -0.050807
v 0.205097 5.340579 -0.021988
v 0.217431 5.358113 -0.025996
v 0.215778 5.349346 -0.025459
v 0.211090 5.340579 0.002976
v 0.223899 5.358113 0.000947
v 0.222183 5.349346 0.001219
v 0.213136 7.611808 0.028966
v 0.226073 7.594274 0.028570
v 0.219604 7.609458 0.028768
v 0.224340 7.603041 0.028623
v 0.048985 7.611808 -0.135081
v 0.049493 7.594274 -0.148010
v 0.049239 7.609459 -0.141546
v 0.049425 7.603041 -0.146278
v 0.211090 7.611808 0.002976
v 0.223899 7.594274 0.000947
v 0.217495 7.609459 0.001961
v 0.222183 7.603041 0.001219
v 0.205097 7.611808 -0.021989
v 0.217431 7.594274 -0.025996
v 0.211264 7.609459 -0.023992
v 0.215778 7.603041 -0.025459
v 0.195272 7.611808 -0.045708
v 0.206827 7.594274 -0.051595
v 0.201050 7.609459 -0.048652
v 0.205279 7.603041 -0.050807
v 0.181858 7.611808 -0.067598
v 0.192349 7.594274 -0.075221
v 0.187104 7.609459 -0.071410
v 0.190944 7.603041 -0.074200
v 0.165184 7.611808 -0.087121
v 0.174354 7.594274 -0.096291
v 0.169769 7.609459 -0.091706
v 0.173125 7.603041 -0.095062
v 0.145662 7.611808 -0.103794
v 0.153284 7.594274 -0.114286
v 0.149473 7.609459 -0.109040
v 0.152263 7.603041 -0.112880
v 0.123771 7.611808 -0.117209
v 0.129659 7.594274 -0.128764
v 0.126715 7.609459 -0.122986
v 0.128870 7.603041 -0.127216
v 0.100052 7.611808 -0.127034
v 0.104059 7.594274 -0.139367
v 0.102056 7.609459 -0.133201
v 0.103522 7.603041 -0.137715
v 0.075087 7.611808 -0.133027
v 0.077116 7.594274 -0.145836
v 0.076102 7.609459 -0.139431
v 0.076844 7.603041 -0.144120
v -0.193719 6.527393 0.028570
v 0.226073 6.527393 0.028570
v -0.191545 6.527393 0.000947
v -0.017139 6.527393 -0.148010
v 0.049493 6.527393 -0.148010
v -0.044762 6.527393 -0.145836
v -0.185077 6.527393 -0.025996
v -0.174473 6.527393 -0.051595
v -0.159996 6.527393 -0.075221
v -0.142000 6.527393 -0.096291
v -0.120930 6.527393 -0.114286
v -0.097305 6.527393 -0.128764
v -0.071705 6.527393 -0.139367
v 0.077116 6.527393 -0.145836
v 0.223899 6.527393 0.000947
v 0.104059 6.527393 -0.139367
v 0.129659 6.527393 -0.128764
v 0.153284 6.527393 -0.114286
v 0.174354 6.527393 -0.096291
v 0.192349 6.527393 -0.075221
v 0.206827 6.527393 -0.051595
v 0.217431 6.527393 -0.025996
v -0.290289 7.581614 1.831486
v -0.303227 7.564292 1.818714
v -0.296758 7.579293 1.829775
v -0.301494 7.572953 1.825100
v 0.335581 7.564292 1.818714
v 0.322643 7.581614 1.831486
v 0.333847 7.572953 1.825100
v 0.329112 7.579293 1.829775
v -0.155062 5.358113 0.258854
v -0.193719 5.358113 0.221357
v -0.165068 5.358113 0.257576
v -0.174391 5.358113 0.253830
v -0.182397 5.358113 0.247871
v -0.188540 5.358113 0.240106
v -0.192402 5.358113 0.231062
v -0.153121 5.349493 0.258854
v -0.191831 5.349481 0.221357
v -0.163133 5.349496 0.257576
v -0.172465 5.349496 0.253830
v -0.180481 5.349495 0.247871
v -0.186634 5.349492 0.240106
v -0.190506 5.349487 0.231062
v 0.226073 5.358113 0.221357
v 0.187503 5.358113 0.258854
v 0.224759 5.358113 0.231062
v 0.220906 5.358113 0.240106
v 0.214776 5.358113 0.247871
v 0.206788 5.358113 0.253830
v 0.197485 5.358113 0.257576
v 0.224347 5.349356 0.221357
v 0.185771 5.349371 0.258854
v 0.223033 5.349357 0.231062
v 0.219179 5.349359 0.240105
v 0.213049 5.349361 0.247871
v 0.205059 5.349364 0.253830
v 0.195755 5.349368 0.257576
v 0.187226 6.527393 0.258868
v 0.225863 6.527393 0.221371
v 0.197217 6.527393 0.257591
v 0.206530 6.527393 0.253845
v 0.214530 6.527393 0.247886
v 0.220672 6.527393 0.240120
v 0.224537 6.527393 0.231076
v -0.154802 6.527393 0.258868
v -0.193509 6.527393 0.221371
v -0.164811 6.527393 0.257591
v -0.174141 6.527393 0.253845
v -0.182155 6.527393 0.247886
v -0.188308 6.527393 0.240120
v -0.192181 6.527393 0.231076
v 0.335581 7.453532 1.737045
v 0.335581 7.564292 1.818714
v -0.301494 7.572953 1.825100
v -0.296758 7.579293 1.829775
v -0.303227 7.564292 1.818714
v -0.290289 7.581614 1.831486
v -0.193353 6.619442 0.221383
v -0.238421 7.480543 0.868656
v -0.193719 7.594220 0.271762
v -0.193719 7.405643 0.028614
v -0.193519 6.721738 0.226114
v -0.194361 6.822735 0.240214
v -0.195866 6.920961 0.263476
v -0.198013 7.014982 0.295561
v -0.200770 7.103429 0.336002
v -0.204097 7.185011 0.384209
v -0.207945 7.258539 0.439478
v -0.212259 7.322940 0.501005
v -0.216975 7.377275 0.567890
v -0.222024 7.420753 0.639161
v -0.227334 7.452739 0.713776
v -0.232826 7.472767 0.790648
v -0.154776 6.635218 0.258869
v -0.198059 7.435080 0.844808
v -0.155070 6.730258 0.263142
v -0.155994 6.824090 0.275896
v -0.157534 6.915344 0.296947
v -0.159667 7.002689 0.325987
v -0.162364 7.084853 0.362592
v -0.165583 7.160637 0.406229
v -0.169279 7.228936 0.456261
v -0.173397 7.288754 0.511959
v -0.177878 7.339218 0.572511
v -0.182656 7.379593 0.637033
v -0.187661 7.409290 0.704585
v -0.192820 7.427876 0.774182
v -0.192071 6.611989 0.231084
v -0.237488 7.468995 0.873055
v -0.192277 6.713799 0.235774
v -0.193159 6.814316 0.249756
v -0.194703 6.912075 0.272825
v -0.196887 7.005650 0.304646
v -0.199680 7.093676 0.344755
v -0.203039 7.174870 0.392566
v -0.206917 7.248049 0.447383
v -0.211257 7.312144 0.508406
v -0.215996 7.366220 0.574745
v -0.221064 7.409492 0.645432
v -0.226387 7.441324 0.719438
v -0.231889 7.461255 0.795683
v -0.188228 6.612255 0.240125
v -0.233388 7.458069 0.869148
v -0.188469 6.712742 0.244718
v -0.189375 6.811952 0.258415
v -0.190936 6.908439 0.281018
v -0.193126 7.000795 0.312196
v -0.195915 7.087675 0.351494
v -0.199262 7.167810 0.398341
v -0.203118 7.240032 0.452052
v -0.207427 7.303289 0.511844
v -0.212126 7.356657 0.576846
v -0.217147 7.399359 0.646110
v -0.222415 7.430772 0.718625
v -0.227855 7.450438 0.793334
v -0.182098 6.617723 0.247889
v -0.226701 7.448597 0.861460
v -0.182364 6.716442 0.252367
v -0.183285 6.813906 0.265726
v -0.184846 6.908693 0.287772
v -0.187025 6.999422 0.318182
v -0.189791 7.084768 0.356515
v -0.193102 7.163489 0.402210
v -0.196910 7.234436 0.454602
v -0.201161 7.296574 0.512926
v -0.205791 7.348997 0.576332
v -0.210734 7.390942 0.643895
v -0.215918 7.421794 0.714630
v -0.221266 7.441107 0.787506
v -0.174101 6.624958 0.253847
v -0.218124 7.441292 0.853802
v -0.174386 6.721953 0.258223
v -0.175313 6.817715 0.271284
v -0.176869 6.910846 0.292840
v -0.179031 6.999990 0.322575
v -0.181768 7.083844 0.360056
v -0.185040 7.161189 0.404737
v -0.188799 7.230894 0.455966
v -0.192990 7.291944 0.512996
v -0.197553 7.343448 0.574996
v -0.202420 7.384656 0.641061
v -0.207521 7.414967 0.710228
v -0.212781 7.433937 0.781488
v -0.164783 6.631216 0.257592
v -0.208355 7.436682 0.848144
v -0.165077 6.726922 0.261898
v -0.166005 6.821410 0.274754
v -0.167553 6.913302 0.295971
v -0.169700 7.001260 0.325239
v -0.172413 7.083999 0.362132
v -0.175654 7.160314 0.406113
v -0.179374 7.229091 0.456539
v -0.183521 7.289328 0.512675
v -0.188032 7.340146 0.573704
v -0.192843 7.380804 0.638734
v -0.197883 7.410709 0.706817
v -0.203079 7.429426 0.776961
v 0.270779 7.480545 0.868725
v 0.225707 6.619381 0.221383
v 0.226073 7.405643 0.028614
v 0.226072 7.594220 0.271762
v 0.265184 7.472767 0.790708
v 0.259691 7.452739 0.713828
v 0.254381 7.420751 0.639205
v 0.249331 7.377270 0.567927
v 0.244614 7.322930 0.501034
v 0.240300 7.258524 0.439501
v 0.236452 7.184991 0.384226
v 0.233124 7.103403 0.336014
v 0.230367 7.014950 0.295569
v 0.228220 6.920921 0.263480
v 0.226715 6.822689 0.240215
v 0.225873 6.721684 0.226114
v 0.230471 7.435081 0.844816
v 0.187199 6.635210 0.258869
v 0.225233 7.427876 0.774188
v 0.220074 7.409289 0.704591
v 0.215069 7.379592 0.637038
v 0.210292 7.339217 0.572515
v 0.205812 7.288752 0.511962
v 0.201695 7.228933 0.456264
v 0.198000 7.160634 0.406231
v 0.194781 7.084849 0.362593
v 0.192086 7.002685 0.325988
v 0.189954 6.915338 0.296948
v 0.188415 6.824083 0.275897
v 0.187492 6.730251 0.263142
v 0.269849 7.468997 0.873126
v 0.224427 6.611925 0.231084
v 0.264249 7.461257 0.795745
v 0.258747 7.441324 0.719492
v 0.253423 7.409488 0.645478
v 0.248354 7.366215 0.574782
v 0.243615 7.312134 0.508436
v 0.239275 7.248034 0.447407
v 0.235397 7.174850 0.392584
v 0.232037 7.093649 0.344767
v 0.229244 7.005617 0.304654
v 0.227060 6.912035 0.272830
v 0.225515 6.814268 0.249758
v 0.224633 6.713743 0.235774
v 0.265754 7.458071 0.869218
v 0.220592 6.612190 0.240125
v 0.260222 7.450438 0.793395
v 0.254781 7.430771 0.718678
v 0.249512 7.399356 0.646155
v 0.244491 7.356651 0.576884
v 0.239791 7.303278 0.511874
v 0.235482 7.240016 0.452075
v 0.231626 7.167789 0.398358
v 0.228278 7.087647 0.351507
v 0.225489 7.000761 0.312204
v 0.223299 6.908397 0.281022
v 0.221739 6.811903 0.258417
v 0.220832 6.712685 0.244718
v 0.259076 7.448598 0.861518
v 0.214472 6.617665 0.247889
v 0.253640 7.441108 0.787557
v 0.248292 7.421794 0.714675
v 0.243108 7.390939 0.643933
v 0.238165 7.348992 0.576363
v 0.233534 7.296565 0.512951
v 0.229284 7.234422 0.454621
v 0.225475 7.163470 0.402225
v 0.222164 7.084744 0.356525
v 0.219399 6.999391 0.318189
v 0.217220 6.908656 0.287775
v 0.215659 6.813862 0.265728
v 0.214738 6.716392 0.252367
v 0.250510 7.441293 0.853843
v 0.206490 6.624915 0.253847
v 0.245167 7.433937 0.781524
v 0.239907 7.414966 0.710259
v 0.234806 7.384654 0.641087
v 0.229938 7.343443 0.575018
v 0.225376 7.291937 0.513014
v 0.221185 7.230883 0.455980
v 0.217426 7.161174 0.404747
v 0.214154 7.083826 0.360063
v 0.211418 6.999967 0.322580
v 0.209256 6.910819 0.292842
v 0.207700 6.817683 0.271286
v 0.206774 6.721916 0.258224
v 0.240754 7.436682 0.848167
v 0.197189 6.631191 0.257592
v 0.235478 7.429427 0.776982
v 0.230282 7.410709 0.706835
v 0.225242 7.380803 0.638749
v 0.220431 7.340143 0.573716
v 0.215920 7.289323 0.512685
v 0.211775 7.229084 0.456547
v 0.208055 7.160306 0.406119
v 0.204815 7.083988 0.362137
v 0.202102 7.001246 0.325242
v 0.199956 6.913286 0.295972
v 0.198409 6.821391 0.274755
v 0.197481 6.726900 0.261899
v 0.322643 7.581614 1.831486
v 0.333847 7.572953 1.825100
v 0.329112 7.579293 1.829775
v 0.335581 7.453532 1.737045
v -0.288439 7.577328 1.812824
v -0.289462 7.589563 1.807227
v -0.289082 7.581959 1.814224
v -0.289501 7.585910 1.813651
v -0.289635 7.588580 1.811195
v -0.292514 7.568903 1.808665
v -0.302377 7.570302 1.797421
v -0.296547 7.569382 1.807992
v -0.299837 7.569816 1.805619
v -0.301885 7.570139 1.801907
v -0.290147 7.576646 1.812487
v -0.295926 7.586984 1.805885
v -0.292611 7.580550 1.813522
v -0.294574 7.583885 1.812631
v -0.295739 7.586144 1.809949
v -0.291477 7.574664 1.811511
v -0.300653 7.579934 1.802286
v -0.295244 7.576627 1.811577
v -0.298310 7.578317 1.809848
v -0.300210 7.579478 1.806585
v 0.324881 7.568797 1.808812
v 0.334744 7.570190 1.797570
v 0.328914 7.569273 1.808140
v 0.332204 7.569705 1.805767
v 0.334252 7.570027 1.802055
v 0.320811 7.577220 1.812966
v 0.321834 7.589456 1.807370
v 0.321453 7.581851 1.814366
v 0.321873 7.585803 1.813794
v 0.322007 7.588473 1.811337
v 0.323846 7.574559 1.811654
v 0.333022 7.579823 1.802434
v 0.327613 7.576519 1.811723
v 0.330679 7.578207 1.809995
v 0.332579 7.579368 1.806733
v 0.322518 7.576538 1.812631
v 0.328297 7.586874 1.806031
v 0.324982 7.580441 1.813666
v 0.326945 7.583776 1.812776
v 0.328110 7.586035 1.810094
v -0.263418 7.446669 1.736890
v -0.263084 7.458886 1.754392
v -0.263652 7.447645 1.741762
v -0.263670 7.450309 1.746799
v -0.263471 7.454257 1.751234
v -0.292522 7.498066 1.773715
v -0.302362 7.497194 1.761298
v -0.296553 7.497802 1.772671
v -0.299839 7.497543 1.769945
v -0.301879 7.497330 1.765951
v -0.273653 7.449232 1.738097
v -0.270798 7.460828 1.755347
v -0.273697 7.450165 1.742968
v -0.273170 7.452697 1.747958
v -0.272152 7.456440 1.752304
v -0.283142 7.454809 1.740742
v -0.277844 7.464976 1.757393
v -0.283002 7.455638 1.745602
v -0.281946 7.457861 1.750473
v -0.280135 7.461140 1.754613
v -0.291238 7.463018 1.744661
v -0.283962 7.471186 1.760454
v -0.290950 7.463699 1.749498
v -0.289466 7.465491 1.754198
v -0.287012 7.468120 1.758045
v -0.297392 7.473301 1.749610
v -0.288658 7.479038 1.764326
v -0.296994 7.473802 1.754405
v -0.295195 7.475067 1.758885
v -0.292267 7.476906 1.762369
v -0.301185 7.484958 1.755278
v -0.291553 7.487938 1.768719
v -0.300719 7.485252 1.760003
v -0.298725 7.485921 1.764216
v -0.295506 7.486865 1.767277
v 0.334713 7.497083 1.761447
v 0.324873 7.497959 1.773859
v 0.334229 7.497219 1.766099
v 0.332190 7.497433 1.770092
v 0.328904 7.497693 1.772817
v 0.295477 7.458788 1.754522
v 0.295812 7.446571 1.737020
v 0.295865 7.454158 1.751365
v 0.296064 7.450211 1.746930
v 0.296046 7.447546 1.741893
v 0.323903 7.487826 1.768861
v 0.333536 7.484846 1.755425
v 0.327857 7.486753 1.767421
v 0.331076 7.485809 1.764362
v 0.333070 7.485140 1.760150
v 0.321010 7.478924 1.764465
v 0.329746 7.473190 1.749754
v 0.324620 7.476792 1.762510
v 0.327548 7.474955 1.759028
v 0.329348 7.473690 1.754549
v 0.316319 7.471074 1.760591
v 0.323598 7.462909 1.744802
v 0.319370 7.468008 1.758184
v 0.321825 7.465380 1.754338
v 0.323310 7.463590 1.749639
v 0.310209 7.464867 1.757527
v 0.315512 7.454702 1.740880
v 0.312501 7.461031 1.754749
v 0.314314 7.457753 1.750610
v 0.315371 7.455530 1.745740
v 0.303176 7.460724 1.755480
v 0.306035 7.449130 1.738231
v 0.304531 7.456337 1.752438
v 0.305550 7.452593 1.748092
v 0.306078 7.450062 1.743103
vn -0.9831 0.0963 -0.1557
vn -0.9877 -0.0000 -0.1564
vn -0.9992 -0.0000 -0.0387
vn -0.9946 0.0964 -0.0390
vn -0.9979 -0.0630 0.0173
vn -0.9971 -0.0357 -0.0669
vn -0.9775 -0.2018 -0.0607
vn -0.9751 -0.2211 0.0195
vn 0.3773 0.9220 0.0863
vn 0.6168 0.7870 -0.0161
vn 0.1754 0.9845 0.0010
vn 0.1977 0.9727 0.1215
vn -0.9934 0.1074 -0.0402
vn -0.9971 0.0737 0.0207
vn -0.9367 0.3477 0.0399
vn -0.9187 0.3939 -0.0298
vn -0.9511 -0.0000 -0.3090
vn -0.9466 -0.0963 -0.3076
vn -0.9831 -0.0963 -0.1557
vn -0.0391 0.0964 -0.9946
vn -0.0393 -0.0000 -0.9992
vn -0.1564 -0.0000 -0.9877
vn -0.1557 0.0963 -0.9831
vn -0.1557 -0.0963 -0.9831
vn -0.3076 -0.0963 -0.9466
vn -0.3090 -0.0000 -0.9511
vn -0.4519 -0.0963 -0.8869
vn -0.4540 -0.0000 -0.8910
vn -0.5851 -0.0963 -0.8053
vn -0.5878 -0.0000 -0.8090
vn -0.7038 -0.0963 -0.7038
vn -0.7071 -0.0000 -0.7071
vn -0.8053 -0.0963 -0.5851
vn -0.8090 -0.0000 -0.5878
vn -0.8869 -0.0963 -0.4519
vn -0.8910 -0.0000 -0.4540
vn 0.0393 -0.0000 -0.9992
vn 0.3090 -0.0000 -0.9511
vn 0.3076 -0.0963 -0.9466
vn 0.1557 -0.0963 -0.9831
vn 0.1564 -0.0000 -0.9877
vn 0.9946 0.0964 -0.0390
vn 0.9992 -0.0000 -0.0387
vn 0.9877 -0.0000 -0.1564
vn 0.9831 0.0963 -0.1557
vn 0.9831 -0.0963 -0.1557
vn 0.9466 -0.0963 -0.3076
vn 0.9511 -0.0000 -0.3090
vn 0.8869 -0.0963 -0.4519
vn 0.8910 -0.0000 -0.4540
vn 0.8053 -0.0963 -0.5851
vn 0.8090 -0.0000 -0.5878
vn 0.7038 -0.0963 -0.7038
vn 0.7071 -0.0000 -0.7071
vn 0.5851 -0.0963 -0.8053
vn 0.5878 -0.0000 -0.8090
vn 0.4519 -0.0963 -0.8869
vn 0.4540 -0.0000 -0.8910
vn 0.9993 0.0001 -0.0387
vn 0.9946 -0.0963 -0.0389
vn -0.9977 0.0005 0.0680
vn -0.9982 -0.0019 0.0607
vn -0.9999 0.0008 -0.0113
vn -0.9993 0.0001 -0.0387
vn 0.9466 0.0963 -0.3076
vn 0.3076 0.0963 -0.9466
vn 0.1557 0.0963 -0.9831
vn 0.4519 0.0963 -0.8869
vn 0.5851 0.0963 -0.8053
vn 0.7038 0.0963 -0.7038
vn 0.8053 0.0963 -0.5851
vn 0.8869 0.0963 -0.4519
vn 0.0391 0.0964 -0.9946
vn -0.3076 0.0963 -0.9466
vn 0.0391 -0.0964 -0.9946
vn -0.9466 0.0963 -0.3076
vn -0.8869 0.0963 -0.4519
vn -0.8053 0.0963 -0.5851
vn -0.7038 0.0963 -0.7038
vn -0.5851 0.0963 -0.8053
vn -0.4519 0.0963 -0.8869
vn 0.9999 0.0008 -0.0113
vn 0.9982 -0.0019 0.0605
vn 0.9977 0.0005 0.0678
vn -0.8428 0.5333 0.0729
vn -0.6167 0.7870 -0.0161
vn 0.0242 -0.7876 -0.6157
vn -0.0242 -0.7876 -0.6157
vn -0.0391 -0.0964 -0.9946
vn 0.1797 0.9837 -0.0071
vn 0.1815 0.9830 -0.0287
vn 0.1747 0.9830 -0.0568
vn 0.1637 0.9830 -0.0834
vn 0.1486 0.9830 -0.1080
vn 0.1299 0.9830 -0.1299
vn 0.1080 0.9830 -0.1486
vn 0.0834 0.9830 -0.1637
vn 0.0568 0.9830 -0.1747
vn 0.0287 0.9830 -0.1815
vn 0.0071 0.9837 -0.1798
vn -0.0071 0.9837 -0.1798
vn -0.0287 0.9830 -0.1815
vn -0.0568 0.9830 -0.1747
vn -0.0834 0.9830 -0.1637
vn -0.1080 0.9830 -0.1486
vn -0.1299 0.9830 -0.1299
vn -0.1486 0.9830 -0.1080
vn -0.1637 0.9830 -0.0834
vn -0.1747 0.9830 -0.0568
vn -0.1815 0.9830 -0.0287
vn -0.1797 0.9837 -0.0071
vn -0.1753 0.9845 0.0010
vn -0.9943 -0.0988 -0.0388
vn -0.0634 -0.0000 0.9980
vn -0.0694 -0.0085 0.9976
vn 0.0689 -0.0073 0.9976
vn 0.0636 -0.0000 0.9980
vn -0.0001 -0.9997 0.0241
vn -0.0244 0.7837 -0.6207
vn -0.0978 0.7805 -0.6175
vn -0.0316 0.5938 -0.8040
vn -0.1258 0.5947 -0.7941
vn -0.1534 0.1944 -0.9688
vn -0.0385 0.1940 -0.9803
vn -0.1901 -0.7883 -0.5852
vn -0.0963 -0.7883 -0.6077
vn -0.0385 -0.1940 -0.9803
vn -0.1534 -0.1944 -0.9688
vn -0.1932 0.7805 -0.5946
vn -0.2484 0.5947 -0.7646
vn -0.3031 0.1944 -0.9329
vn -0.2794 -0.7883 -0.5483
vn -0.3031 -0.1944 -0.9329
vn -0.2838 0.7805 -0.5571
vn -0.3650 0.5947 -0.7164
vn -0.4453 0.1944 -0.8740
vn -0.3617 -0.7883 -0.4978
vn -0.4453 -0.1944 -0.8740
vn -0.3675 0.7805 -0.5058
vn -0.4726 0.5947 -0.6504
vn -0.5766 0.1944 -0.7936
vn -0.4351 -0.7883 -0.4351
vn -0.5766 -0.1944 -0.7936
vn -0.4421 0.7805 -0.4421
vn -0.5685 0.5947 -0.5685
vn -0.6936 0.1944 -0.6936
vn -0.4978 -0.7883 -0.3617
vn -0.6936 -0.1944 -0.6936
vn -0.5058 0.7805 -0.3675
vn -0.6504 0.5947 -0.4726
vn -0.7936 0.1944 -0.5766
vn -0.5483 -0.7883 -0.2794
vn -0.7936 -0.1944 -0.5766
vn -0.5571 0.7805 -0.2838
vn -0.7164 0.5947 -0.3650
vn -0.8740 0.1944 -0.4453
vn -0.5852 -0.7883 -0.1901
vn -0.8740 -0.1944 -0.4453
vn -0.5946 0.7805 -0.1932
vn -0.8767 0.3877 -0.2848
vn -0.6065 -0.7883 -0.1039
vn -0.6077 -0.7883 -0.0963
vn -0.9329 -0.1944 -0.3031
vn -0.6175 0.7805 -0.0978
vn -0.9104 0.3877 -0.1442
vn -0.6146 -0.7874 -0.0484
vn -0.9688 -0.1944 -0.1535
vn -0.6206 0.7838 -0.0244
vn -0.9203 0.3896 -0.0361
vn 0.6065 -0.7883 -0.1039
vn 0.6077 -0.7883 -0.0963
vn 0.6146 -0.7874 -0.0484
vn -0.9793 -0.1989 -0.0383
vn 0.6206 0.7838 -0.0244
vn 0.6175 0.7805 -0.0978
vn 0.9203 0.3896 -0.0361
vn 0.9104 0.3877 -0.1442
vn 0.5852 -0.7883 -0.1901
vn 0.9803 -0.1939 -0.0385
vn 0.9688 -0.1944 -0.1534
vn 0.5946 0.7805 -0.1932
vn 0.8767 0.3877 -0.2848
vn 0.5483 -0.7883 -0.2794
vn 0.9329 -0.1944 -0.3031
vn 0.5571 0.7805 -0.2838
vn 0.8213 0.3877 -0.4185
vn 0.4978 -0.7883 -0.3617
vn 0.8740 -0.1944 -0.4453
vn 0.5058 0.7805 -0.3675
vn 0.7457 0.3877 -0.5418
vn 0.4351 -0.7883 -0.4351
vn 0.7936 -0.1944 -0.5766
vn 0.4421 0.7805 -0.4421
vn 0.6518 0.3877 -0.6518
vn 0.3617 -0.7883 -0.4978
vn 0.6936 -0.1944 -0.6936
vn 0.3675 0.7805 -0.5058
vn 0.4726 0.5947 -0.6504
vn 0.5766 0.1944 -0.7936
vn 0.2794 -0.7883 -0.5483
vn 0.5766 -0.1944 -0.7936
vn 0.2838 0.7805 -0.5571
vn 0.3650 0.5947 -0.7164
vn 0.4453 0.1944 -0.8740
vn 0.1901 -0.7883 -0.5852
vn 0.4453 -0.1944 -0.8740
vn 0.1932 0.7805 -0.5946
vn 0.2484 0.5947 -0.7646
vn 0.3031 0.1944 -0.9329
vn 0.0963 -0.7883 -0.6077
vn 0.3031 -0.1944 -0.9329
vn 0.0978 0.7805 -0.6175
vn 0.1258 0.5947 -0.7941
vn 0.1535 0.1944 -0.9688
vn 0.1534 -0.1944 -0.9688
vn 0.0244 0.7837 -0.6207
vn 0.0316 0.5938 -0.8040
vn 0.0385 0.1940 -0.9803
vn 0.0385 -0.1940 -0.9803
vn -0.9924 -0.1031 0.0671
vn 0.9932 -0.0957 0.0669
vn 0.9789 -0.1931 0.0667
vn 0.9934 0.1074 -0.0402
vn 0.9187 0.3939 -0.0297
vn 0.9776 -0.2016 -0.0607
vn 0.9751 -0.2210 0.0195
vn 0.9015 -0.4320 0.0273
vn 0.9023 -0.4291 -0.0428
vn -0.9995 0.0060 -0.0304
vn 0.9971 0.0735 0.0207
vn 0.9368 0.3476 0.0399
vn -0.1975 0.9728 0.1214
vn 0.9971 -0.0357 -0.0669
vn 0.9995 0.0060 -0.0304
vn 0.9979 -0.0630 0.0174
vn -0.3494 -0.9339 0.0765
vn -0.3019 -0.9527 0.0354
vn -0.0769 -0.9955 0.0561
vn -0.1059 -0.9898 0.0949
vn 0.8429 0.5331 0.0729
vn -0.2401 -0.0232 0.9705
vn -0.2517 0.0001 0.9678
vn -0.0581 -0.0246 0.9980
vn -0.0515 -0.0116 0.9986
vn 0.0530 -0.0105 0.9985
vn -0.9757 -0.2085 0.0671
vn -0.9412 -0.2070 0.2670
vn -0.9596 -0.1022 0.2622
vn -0.8379 -0.1853 0.5134
vn -0.8586 -0.0926 0.5042
vn -0.6758 -0.1502 0.7216
vn -0.7002 -0.0769 0.7098
vn -0.4676 -0.1045 0.8778
vn -0.4969 -0.0558 0.8660
vn -0.2287 -0.0513 0.9721
vn -0.2626 -0.0305 0.9644
vn 0.9607 -0.0922 0.2620
vn 0.9456 -0.1865 0.2665
vn 0.8596 -0.0831 0.5042
vn 0.8422 -0.1661 0.5129
vn 0.7009 -0.0685 0.7100
vn 0.6797 -0.1342 0.7211
vn 0.4970 -0.0494 0.8664
vn 0.4711 -0.0931 0.8771
vn 0.2620 -0.0268 0.9647
vn 0.2320 -0.0459 0.9716
vn 0.3021 -0.9526 0.0354
vn 0.3495 -0.9338 0.0764
vn 0.1057 -0.9899 0.0949
vn 0.0769 -0.9955 0.0561
vn 0.7749 -0.6308 0.0399
vn 0.7623 -0.6470 -0.0184
vn 0.5906 -0.8049 0.0567
vn 0.5587 -0.8293 0.0087
vn 0.9641 0.0007 0.2655
vn 0.9655 -0.0054 0.2604
vn 0.8599 -0.0104 0.5104
vn 0.8599 0.0005 0.5104
vn -0.9640 0.0007 0.2660
vn -0.8595 0.0005 0.5111
vn -0.6966 0.0003 0.7175
vn -0.4889 0.0001 0.8723
vn 0.6914 -0.0161 0.7223
vn 0.6972 0.0003 0.7168
vn 0.4780 -0.0206 0.8781
vn 0.4896 0.0001 0.8719
vn 0.2404 -0.0232 0.9704
vn 0.2522 0.0001 0.9677
vn 0.0581 -0.0246 0.9980
vn -0.9654 -0.0054 0.2609
vn -0.8595 -0.0105 0.5111
vn -0.6907 -0.0161 0.7229
vn -0.4774 -0.0206 0.8784
vn -0.9020 -0.4295 -0.0427
vn -0.9013 -0.4323 0.0273
vn -0.7619 -0.6475 -0.0183
vn -0.7746 -0.6312 0.0400
vn -0.5582 -0.8297 0.0088
vn -0.5903 -0.8052 0.0568
vn -0.9993 -0.0074 0.0355
vn -0.9995 -0.0144 0.0276
vn -0.9996 -0.0205 0.0200
vn -0.9996 -0.0258 0.0127
vn -0.9995 -0.0305 0.0055
vn -0.9994 -0.0346 -0.0017
vn -0.9992 -0.0383 -0.0089
vn -0.9990 -0.0415 -0.0161
vn -0.9987 -0.0442 -0.0234
vn -0.9984 -0.0466 -0.0309
vn -0.9981 -0.0487 -0.0385
vn -0.9977 -0.0503 -0.0464
vn 0.9977 -0.0503 -0.0464
vn 0.9981 -0.0486 -0.0385
vn 0.9984 -0.0466 -0.0309
vn 0.9987 -0.0442 -0.0235
vn 0.9990 -0.0414 -0.0161
vn 0.9992 -0.0382 -0.0089
vn 0.9994 -0.0346 -0.0018
vn 0.9995 -0.0305 0.0054
vn 0.9996 -0.0258 0.0126
vn 0.9996 -0.0205 0.0199
vn 0.9995 -0.0144 0.0275
vn 0.9993 -0.0074 0.0354
vn 0.9749 -0.2198 -0.0351
vn 0.9750 -0.2223 0.0026
vn 0.9749 -0.2191 0.0406
vn 0.9746 -0.2101 0.0772
vn 0.9743 -0.1960 0.1109
vn 0.9740 -0.1776 0.1408
vn 0.9735 -0.1563 0.1667
vn 0.9730 -0.1328 0.1887
vn 0.9723 -0.1079 0.2075
vn 0.9713 -0.0818 0.2235
vn 0.9699 -0.0548 0.2373
vn 0.9680 -0.0266 0.2496
vn 0.8857 -0.4640 0.0143
vn 0.8695 -0.4838 0.0989
vn 0.8535 -0.4865 0.1867
vn 0.8396 -0.4707 0.2710
vn 0.8297 -0.4382 0.3458
vn 0.8245 -0.3927 0.4074
vn 0.8240 -0.3387 0.4543
vn 0.8272 -0.2802 0.4871
vn 0.8330 -0.2204 0.5075
vn 0.8402 -0.1613 0.5177
vn 0.8481 -0.1040 0.5196
vn 0.8559 -0.0487 0.5149
vn 0.7150 -0.6952 0.0737
vn 0.6637 -0.7201 0.2023
vn 0.6154 -0.7154 0.3310
vn 0.5766 -0.6826 0.4491
vn 0.5514 -0.6275 0.5498
vn 0.5411 -0.5572 0.6299
vn 0.5444 -0.4778 0.6894
vn 0.5586 -0.3942 0.7298
vn 0.5808 -0.3096 0.7528
vn 0.6082 -0.2264 0.7608
vn 0.6384 -0.1461 0.7557
vn 0.6697 -0.0698 0.7393
vn 0.4875 -0.8640 0.1254
vn 0.4188 -0.8652 0.2758
vn 0.3595 -0.8345 0.4176
vn 0.3151 -0.7786 0.5427
vn 0.2879 -0.7056 0.6475
vn 0.2774 -0.6224 0.7319
vn 0.2817 -0.5339 0.7973
vn 0.2985 -0.4429 0.8454
vn 0.3252 -0.3514 0.8779
vn 0.3596 -0.2605 0.8960
vn 0.3997 -0.1712 0.9005
vn 0.4438 -0.0843 0.8922
vn 0.2329 -0.9587 0.1633
vn 0.1779 -0.9312 0.3183
vn 0.1339 -0.8783 0.4589
vn 0.1028 -0.8075 0.5808
vn 0.0844 -0.7256 0.6829
vn 0.0778 -0.6376 0.7665
vn 0.0815 -0.5467 0.8333
vn 0.0939 -0.4550 0.8855
vn 0.1139 -0.3632 0.9247
vn 0.1403 -0.2719 0.9520
vn 0.1724 -0.1812 0.9682
vn 0.2093 -0.0912 0.9736
vn 0.0483 -0.9817 0.1840
vn 0.0279 -0.9417 0.3354
vn 0.0123 -0.8817 0.4716
vn 0.0017 -0.8075 0.5898
vn -0.0043 -0.7243 0.6895
vn -0.0061 -0.6359 0.7717
vn -0.0042 -0.5453 0.8382
vn 0.0007 -0.4541 0.8909
vn 0.0084 -0.3632 0.9317
vn 0.0185 -0.2729 0.9619
vn 0.0308 -0.1831 0.9826
vn 0.0453 -0.0936 0.9946
vn -0.9679 -0.0266 0.2500
vn -0.9698 -0.0549 0.2378
vn -0.9712 -0.0820 0.2239
vn -0.9722 -0.1080 0.2078
vn -0.9729 -0.1330 0.1891
vn -0.9735 -0.1565 0.1670
vn -0.9739 -0.1779 0.1411
vn -0.9742 -0.1962 0.1112
vn -0.9745 -0.2104 0.0774
vn -0.9748 -0.2194 0.0408
vn -0.9749 -0.2227 0.0027
vn -0.9748 -0.2202 -0.0351
vn -0.8555 -0.0488 0.5155
vn -0.8477 -0.1041 0.5202
vn -0.8399 -0.1615 0.5182
vn -0.8326 -0.2206 0.5080
vn -0.8268 -0.2804 0.4875
vn -0.8236 -0.3389 0.4547
vn -0.8242 -0.3930 0.4078
vn -0.8294 -0.4385 0.3462
vn -0.8394 -0.4711 0.2713
vn -0.8532 -0.4869 0.1870
vn -0.8693 -0.4843 0.0991
vn -0.8855 -0.4645 0.0144
vn -0.6692 -0.0698 0.7398
vn -0.6379 -0.1462 0.7561
vn -0.6078 -0.2265 0.7611
vn -0.5805 -0.3097 0.7531
vn -0.5584 -0.3942 0.7299
vn -0.5442 -0.4779 0.6895
vn -0.5410 -0.5572 0.6300
vn -0.5513 -0.6275 0.5498
vn -0.5764 -0.6826 0.4492
vn -0.6151 -0.7155 0.3311
vn -0.6634 -0.7204 0.2024
vn -0.7146 -0.6956 0.0739
vn -0.4433 -0.0843 0.8924
vn -0.3994 -0.1713 0.9006
vn -0.3594 -0.2606 0.8960
vn -0.3252 -0.3514 0.8779
vn -0.2986 -0.4429 0.8454
vn -0.2820 -0.5338 0.7972
vn -0.2777 -0.6224 0.7318
vn -0.2882 -0.7055 0.6474
vn -0.3154 -0.7785 0.5427
vn -0.3596 -0.8344 0.4176
vn -0.4187 -0.8652 0.2758
vn -0.4872 -0.8642 0.1255
vn -0.2092 -0.0912 0.9736
vn -0.1724 -0.1812 0.9682
vn -0.1405 -0.2719 0.9520
vn -0.1142 -0.3632 0.9247
vn -0.0944 -0.4549 0.8855
vn -0.0820 -0.5467 0.8333
vn -0.0784 -0.6375 0.7664
vn -0.0850 -0.7256 0.6829
vn -0.1033 -0.8075 0.5807
vn -0.1343 -0.8783 0.4589
vn -0.1780 -0.9311 0.3182
vn -0.2329 -0.9587 0.1633
vn -0.0453 -0.0936 0.9946
vn -0.0309 -0.1831 0.9826
vn -0.0187 -0.2729 0.9619
vn -0.0086 -0.3632 0.9317
vn -0.0010 -0.4541 0.8909
vn 0.0039 -0.5453 0.8382
vn 0.0057 -0.6359 0.7717
vn 0.0039 -0.7243 0.6895
vn -0.0020 -0.8075 0.5898
vn -0.0126 -0.8817 0.4716
vn -0.0281 -0.9417 0.3353
vn -0.0484 -0.9817 0.1840
vn -0.3771 0.9221 0.0863
vn -0.1060 -0.4320 0.8956
vn -0.1036 -0.4054 0.9083
vn -0.4015 -0.2573 0.8790
vn -0.4132 -0.3688 0.8326
vn -0.7335 -0.0189 0.6795
vn -0.7544 -0.2288 0.6152
vn -0.9192 0.2063 0.3355
vn -0.9554 -0.0543 0.2901
vn -0.0695 -0.3713 0.9259
vn -0.2724 -0.1179 0.9549
vn -0.4068 0.0055 0.9135
vn -0.7928 0.2533 0.5543
vn -0.8395 0.3571 0.4094
vn -0.0200 -0.3596 0.9329
vn -0.0354 -0.2935 0.9553
vn -0.1193 0.1305 0.9842
vn -0.1224 0.1302 0.9839
vn -0.3851 0.6155 0.6877
vn -0.1953 0.6593 0.7261
vn -0.2119 0.8285 0.5183
vn -0.4088 0.8035 0.4328
vn 0.1031 -0.4054 0.9083
vn 0.1054 -0.4320 0.8957
vn 0.4128 -0.3689 0.8328
vn 0.4012 -0.2573 0.8791
vn 0.7542 -0.2290 0.6154
vn 0.7333 -0.0190 0.6796
vn 0.9554 -0.0546 0.2902
vn 0.9192 0.2061 0.3355
vn 0.0690 -0.3714 0.9259
vn 0.2720 -0.1180 0.9550
vn 0.4065 0.0054 0.9136
vn 0.7928 0.2532 0.5544
vn 0.8396 0.3570 0.4094
vn 0.0194 -0.3596 0.9329
vn 0.0348 -0.2934 0.9554
vn 0.1190 0.1305 0.9843
vn 0.1219 0.1302 0.9840
vn 0.1952 0.6593 0.7261
vn 0.3850 0.6155 0.6877
vn 0.4089 0.8034 0.4329
vn 0.2119 0.8285 0.5183
vn 0.1023 -0.4437 0.8903
vn 0.1017 -0.4562 0.8840
vn 0.3859 -0.4653 0.7966
vn 0.4004 -0.4183 0.8153
vn 0.7010 -0.4181 0.5777
vn 0.7347 -0.3246 0.5957
vn 0.9098 -0.3129 0.2728
vn 0.9431 -0.1801 0.2795
vn 0.0906 -0.4725 0.8767
vn 0.3387 -0.5297 0.7776
vn 0.6183 -0.5464 0.5649
vn 0.8236 -0.4962 0.2747
vn 0.0748 -0.4861 0.8707
vn 0.2766 -0.5827 0.7642
vn 0.5080 -0.6548 0.5596
vn 0.6946 -0.6610 0.2839
vn 0.0553 -0.4968 0.8661
vn 0.2026 -0.6235 0.7551
vn 0.3741 -0.7399 0.5592
vn 0.5233 -0.7985 0.2974
vn 0.0327 -0.5041 0.8630
vn 0.1191 -0.6508 0.7499
vn 0.2205 -0.7974 0.5617
vn 0.3136 -0.8966 0.3127
vn 0.0101 -0.5066 0.8621
vn 0.0373 -0.6613 0.7492
vn 0.0693 -0.8212 0.5664
vn 0.0993 -0.9397 0.3272
vn -0.1022 -0.4562 0.8840
vn -0.1028 -0.4437 0.8903
vn -0.4008 -0.4182 0.8152
vn -0.3862 -0.4653 0.7964
vn -0.7349 -0.3244 0.5955
vn -0.7011 -0.4181 0.5776
vn -0.9432 -0.1800 0.2794
vn -0.9098 -0.3129 0.2727
vn -0.0911 -0.4725 0.8766
vn -0.3390 -0.5297 0.7775
vn -0.6184 -0.5465 0.5648
vn -0.8235 -0.4963 0.2747
vn -0.0753 -0.4861 0.8706
vn -0.2769 -0.5827 0.7641
vn -0.5081 -0.6548 0.5595
vn -0.6945 -0.6612 0.2839
vn -0.0558 -0.4968 0.8660
vn -0.2030 -0.6235 0.7550
vn -0.3742 -0.7399 0.5591
vn -0.5232 -0.7986 0.2974
vn -0.0332 -0.5042 0.8630
vn -0.1196 -0.6508 0.7498
vn -0.2208 -0.7973 0.5617
vn -0.3137 -0.8966 0.3127
vn -0.0106 -0.5066 0.8621
vn -0.0378 -0.6613 0.7491
vn -0.0697 -0.8211 0.5664
vn -0.0996 -0.9397 0.3272
vt 0.624221 0.161291
vt 0.615837 0.161291
vt 0.615837 0.144841
vt 0.624221 0.144841
vt 0.619797 0.000000
vt 0.619086 0.000000
vt 0.488859 0.000000
vt 0.311951 0.000000
vt 0.627532 0.750000
vt 0.628852 0.750000
vt 0.632705 0.750000
vt 0.630083 0.750000
vt 0.624221 0.000000
vt 0.623914 0.000000
vt 0.624460 0.000000
vt 0.624613 0.000000
vt 0.541702 0.177337
vt 0.376478 0.177337
vt 0.376478 0.161291
vt 0.541702 0.161291
vt 0.624221 0.355159
vt 0.615837 0.355159
vt 0.615837 0.338709
vt 0.624221 0.338709
vt 0.541702 0.338709
vt 0.376478 0.338709
vt 0.376478 0.322663
vt 0.541702 0.322663
vt 0.376478 0.322663
vt 0.376478 0.307418
vt 0.541702 0.307418
vt 0.376478 0.307418
vt 0.376478 0.293348
vt 0.541702 0.293348
vt 0.376478 0.293348
vt 0.376478 0.250000
vt 0.541702 0.250000
vt 0.376478 0.250000
vt 0.376478 0.206652
vt 0.541702 0.206652
vt 0.376478 0.206652
vt 0.376478 0.192582
vt 0.541702 0.192582
vt 0.376478 0.177337
vt 0.541702 0.355159
vt 0.615837 0.394841
vt 0.541702 0.394841
vt 0.541702 0.427337
vt 0.376478 0.427337
vt 0.376478 0.411291
vt 0.541702 0.411291
vt 0.624221 0.605159
vt 0.615837 0.605159
vt 0.615837 0.588709
vt 0.624221 0.588709
vt 0.541702 0.588709
vt 0.376478 0.588709
vt 0.376478 0.572663
vt 0.541702 0.572663
vt 0.376478 0.572663
vt 0.376478 0.557418
vt 0.541702 0.557418
vt 0.376478 0.557418
vt 0.376478 0.543348
vt 0.541702 0.543348
vt 0.376478 0.543348
vt 0.376478 0.500000
vt 0.541702 0.500000
vt 0.376478 0.500000
vt 0.376478 0.456652
vt 0.541702 0.456652
vt 0.376478 0.456652
vt 0.376478 0.442582
vt 0.541702 0.442582
vt 0.376478 0.442582
vt 0.541702 0.605159
vt 0.376478 0.605159
vt 0.376478 0.588709
vt 0.542546 0.030022
vt 0.550231 0.030015
vt 0.615838 0.144815
vt 0.541702 0.144841
vt 0.615837 0.572663
vt 0.624221 0.572663
vt 0.624221 0.427337
vt 0.615837 0.427337
vt 0.615837 0.411291
vt 0.624221 0.411291
vt 0.624221 0.442582
vt 0.615837 0.442582
vt 0.624221 0.427337
vt 0.624221 0.456652
vt 0.615837 0.456652
vt 0.624221 0.442582
vt 0.624221 0.500000
vt 0.615837 0.500000
vt 0.624221 0.456652
vt 0.624221 0.543348
vt 0.615837 0.543348
vt 0.624221 0.500000
vt 0.624221 0.557418
vt 0.615837 0.557418
vt 0.624221 0.572663
vt 0.624221 0.411291
vt 0.624221 0.394841
vt 0.615837 0.322663
vt 0.624221 0.322663
vt 0.376478 0.411291
vt 0.376478 0.394841
vt 0.624221 0.177337
vt 0.615837 0.177337
vt 0.624221 0.161291
vt 0.624221 0.192582
vt 0.615837 0.192582
vt 0.624221 0.177337
vt 0.624221 0.206652
vt 0.615837 0.206652
vt 0.624221 0.192582
vt 0.624221 0.250000
vt 0.615837 0.250000
vt 0.624221 0.293348
vt 0.615837 0.293348
vt 0.624221 0.250000
vt 0.624221 0.307418
vt 0.615837 0.307418
vt 0.624221 0.322663
vt 0.624221 0.394841
vt 0.615838 0.605185
vt 0.550226 0.719985
vt 0.542547 0.719978
vt 0.625000 0.000000
vt 0.625000 0.000000
vt 0.269538 0.507699
vt 0.230462 0.507699
vt 0.230200 0.500000
vt 0.269800 0.500000
vt 0.376478 0.355159
vt 0.632705 0.605394
vt 0.633923 0.589917
vt 0.637492 0.575050
vt 0.643343 0.560924
vt 0.651332 0.547888
vt 0.661261 0.536261
vt 0.672888 0.526332
vt 0.685924 0.518343
vt 0.700050 0.512492
vt 0.714917 0.508923
vt 0.730462 0.507699
vt 0.769538 0.507699
vt 0.785083 0.508923
vt 0.799950 0.512492
vt 0.814076 0.518343
vt 0.827112 0.526332
vt 0.838739 0.536261
vt 0.848668 0.547888
vt 0.856657 0.560924
vt 0.862508 0.575050
vt 0.866077 0.589917
vt 0.867295 0.605395
vt 0.867295 0.750000
vt 0.632705 0.750000
vt 0.376478 0.144841
vt 0.542711 0.075436
vt 0.376478 0.075346
vt 0.376478 0.674806
vt 0.542711 0.674687
vt 0.375740 0.719963
vt 0.374947 0.725745
vt 0.372624 0.731133
vt 0.368929 0.735759
vt 0.364116 0.739309
vt 0.358512 0.741540
vt 0.352496 0.742301
vt 0.148306 0.742301
vt 0.142273 0.741540
vt 0.136650 0.739309
vt 0.131822 0.735760
vt 0.128120 0.731135
vt 0.125793 0.725750
vt 0.125000 0.719970
vt 0.125000 0.605200
vt 0.133923 0.589917
vt 0.137492 0.575050
vt 0.143343 0.560924
vt 0.151332 0.547888
vt 0.161261 0.536261
vt 0.172888 0.526332
vt 0.185924 0.518343
vt 0.200050 0.512492
vt 0.214917 0.508923
vt 0.285083 0.508923
vt 0.299950 0.512492
vt 0.314076 0.518343
vt 0.327112 0.526332
vt 0.338739 0.536261
vt 0.348668 0.547888
vt 0.356657 0.560924
vt 0.362508 0.575050
vt 0.366077 0.589917
vt 0.375739 0.605159
vt 0.769992 0.500012
vt 0.785989 0.501271
vt 0.625000 0.339011
vt 0.625000 0.355008
vt 0.624610 0.355119
vt 0.624610 0.338790
vt 0.197742 0.505128
vt 0.213630 0.501314
vt 0.375000 0.355119
vt 0.375000 0.338790
vt 0.786586 0.501365
vt 0.802042 0.505076
vt 0.625000 0.322958
vt 0.625000 0.338414
vt 0.624610 0.338630
vt 0.624610 0.322742
vt 0.182493 0.511431
vt 0.197588 0.505178
vt 0.375000 0.338630
vt 0.375000 0.322742
vt 0.802617 0.505263
vt 0.817302 0.511346
vt 0.625000 0.307698
vt 0.625000 0.322383
vt 0.624610 0.322588
vt 0.624610 0.307493
vt 0.168417 0.520041
vt 0.182349 0.511504
vt 0.375000 0.322588
vt 0.375000 0.307493
vt 0.817840 0.511620
vt 0.831394 0.519925
vt 0.625000 0.293607
vt 0.625000 0.307160
vt 0.624610 0.307349
vt 0.624610 0.293417
vt 0.155862 0.530748
vt 0.168286 0.520136
vt 0.375000 0.307349
vt 0.375000 0.293417
vt 0.831882 0.520280
vt 0.843969 0.530604
vt 0.625000 0.250796
vt 0.625000 0.292552
vt 0.624610 0.293135
vt 0.624610 0.250213
vt 0.145136 0.543286
vt 0.155748 0.530862
vt 0.375000 0.293135
vt 0.375000 0.250213
vt 0.844396 0.531031
vt 0.854720 0.543118
vt 0.625000 0.207448
vt 0.625000 0.249204
vt 0.624610 0.249787
vt 0.624610 0.206865
vt 0.136504 0.557349
vt 0.145041 0.543417
vt 0.375000 0.249787
vt 0.375000 0.206865
vt 0.855075 0.543606
vt 0.863380 0.557160
vt 0.625000 0.192840
vt 0.625000 0.206393
vt 0.624610 0.206583
vt 0.624610 0.192651
vt 0.130178 0.572588
vt 0.136431 0.557493
vt 0.375000 0.206583
vt 0.375000 0.192651
vt 0.863654 0.557698
vt 0.869737 0.572383
vt 0.625000 0.177617
vt 0.625000 0.192302
vt 0.624610 0.192507
vt 0.624610 0.177412
vt 0.126314 0.588630
vt 0.130128 0.572742
vt 0.375000 0.192507
vt 0.375000 0.177412
vt 0.869924 0.572958
vt 0.873635 0.588414
vt 0.625000 0.161586
vt 0.625000 0.177042
vt 0.624610 0.177258
vt 0.624610 0.161370
vt 0.125003 0.605119
vt 0.126288 0.588790
vt 0.375000 0.177258
vt 0.375000 0.161370
vt 0.873729 0.589011
vt 0.874986 0.604975
vt 0.625000 0.145025
vt 0.625000 0.160989
vt 0.624610 0.161210
vt 0.624610 0.144890
vt 0.375739 0.588790
vt 0.375000 0.161210
vt 0.375000 0.144881
vt 0.628852 0.605277
vt 0.630109 0.589313
vt 0.624610 0.605150
vt 0.624610 0.588790
vt 0.369872 0.572742
vt 0.373686 0.588630
vt 0.626365 0.588414
vt 0.630076 0.572958
vt 0.625000 0.572958
vt 0.625000 0.588414
vt 0.624610 0.588630
vt 0.624610 0.572742
vt 0.363569 0.557493
vt 0.369822 0.572588
vt 0.375000 0.588630
vt 0.375000 0.572742
vt 0.630263 0.572383
vt 0.636346 0.557698
vt 0.625000 0.557698
vt 0.625000 0.572383
vt 0.624610 0.572588
vt 0.624610 0.557493
vt 0.354959 0.543417
vt 0.363496 0.557349
vt 0.375000 0.572588
vt 0.375000 0.557493
vt 0.636620 0.557160
vt 0.644925 0.543607
vt 0.625000 0.543607
vt 0.625000 0.557160
vt 0.624610 0.557349
vt 0.624610 0.543417
vt 0.344252 0.530862
vt 0.354864 0.543286
vt 0.375000 0.557349
vt 0.375000 0.543417
vt 0.645280 0.543118
vt 0.655604 0.531031
vt 0.625000 0.500796
vt 0.625000 0.542552
vt 0.624610 0.543135
vt 0.624610 0.500213
vt 0.331714 0.520136
vt 0.344138 0.530748
vt 0.375000 0.543135
vt 0.375000 0.500213
vt 0.656031 0.530604
vt 0.668118 0.520280
vt 0.625000 0.457448
vt 0.625000 0.499204
vt 0.624610 0.499787
vt 0.624610 0.456865
vt 0.317651 0.511504
vt 0.331583 0.520041
vt 0.375000 0.499787
vt 0.375000 0.456865
vt 0.668607 0.519925
vt 0.682160 0.511620
vt 0.625000 0.442840
vt 0.625000 0.456393
vt 0.624610 0.456583
vt 0.624610 0.442651
vt 0.302412 0.505178
vt 0.317507 0.511431
vt 0.375000 0.456583
vt 0.375000 0.442651
vt 0.682698 0.511346
vt 0.697383 0.505263
vt 0.625000 0.427617
vt 0.625000 0.442302
vt 0.624610 0.442507
vt 0.624610 0.427412
vt 0.286370 0.501314
vt 0.302258 0.505128
vt 0.375000 0.442507
vt 0.375000 0.427412
vt 0.697958 0.505076
vt 0.713414 0.501365
vt 0.625000 0.411586
vt 0.625000 0.427042
vt 0.624610 0.427258
vt 0.624610 0.411370
vt 0.269881 0.500003
vt 0.286210 0.501288
vt 0.375000 0.427258
vt 0.375000 0.411370
vt 0.714011 0.501271
vt 0.730008 0.500012
vt 0.625000 0.394992
vt 0.625000 0.410989
vt 0.624610 0.411210
vt 0.624610 0.394881
vt 0.375000 0.411210
vt 0.375000 0.394881
vt 0.376478 0.030030
vt 0.542546 0.030022
vt 0.376478 0.144841
vt 0.376478 0.355159
vt 0.376478 0.394841
vt 0.375000 0.394800
vt 0.375000 0.355200
vt 0.376478 0.719970
vt 0.375740 0.719963
vt 0.875000 0.605277
vt 0.875000 0.750000
vt 0.625000 0.144723
vt 0.624610 0.144809
vt 0.624610 0.000000
vt 0.624221 0.144841
vt 0.730310 0.500000
vt 0.769690 0.500000
vt 0.625000 0.355310
vt 0.625000 0.394690
vt 0.624610 0.394800
vt 0.624610 0.355200
vt 0.624221 0.750000
vt 0.624221 0.605159
vt 0.624611 0.750000
vt 0.488746 0.593047
vt 0.311716 0.378184
vt 0.311624 0.377948
vt 0.489718 0.594506
vt 0.624218 0.000000
vt 0.623914 0.750000
vt 0.624221 0.750000
vt 0.624460 0.750000
vt 0.867295 0.750000
vt 0.869917 0.750000
vt 0.619086 0.750000
vt 0.624218 0.750000
vt 0.623914 0.750000
vt 0.619797 0.750000
vt 0.310863 0.017153
vt 0.493878 0.037711
vt 0.616741 0.060018
vt 0.616947 0.045936
vt 0.627532 0.750000
vt 0.551358 0.057928
vt 0.542711 0.057900
vt 0.542711 0.075436
vt 0.551691 0.075462
vt 0.213790 0.501288
vt 0.230119 0.500003
vt 0.376478 0.075346
vt 0.375069 0.075979
vt 0.375671 0.674203
vt 0.311716 0.378184
vt 0.488746 0.593047
vt 0.376478 0.030030
vt 0.375000 0.030030
vt 0.374919 0.024250
vt 0.376438 0.024250
vt 0.374683 0.018863
vt 0.376320 0.018863
vt 0.375000 0.007699
vt 0.376113 0.007699
vt 0.375034 0.041831
vt 0.376478 0.041523
vt 0.375051 0.058305
vt 0.376478 0.057838
vt 0.376459 0.725750
vt 0.375702 0.725744
vt 0.376404 0.731136
vt 0.375592 0.731131
vt 0.376317 0.742301
vt 0.375740 0.742301
vt 0.376478 0.708553
vt 0.375706 0.708251
vt 0.376478 0.692275
vt 0.375689 0.691828
vt 0.493871 0.562980
vt 0.310857 0.360776
vt 0.616947 0.704129
vt 0.616741 0.690073
vt 0.489718 0.594506
vt 0.616947 0.750000
vt 0.616745 0.750000
vt 0.616745 0.750000
vt 0.616947 0.750000
vt 0.310879 0.366453
vt 0.492620 0.573672
vt 0.492620 0.573672
vt 0.310879 0.366453
vt 0.493871 0.562980
vt 0.542589 0.725759
vt 0.549642 0.725764
vt 0.549700 0.731150
vt 0.542629 0.731147
vt 0.542589 0.024241
vt 0.542629 0.018853
vt 0.542711 0.007691
vt 0.542711 0.041554
vt 0.624218 0.749987
vt 0.615838 0.605185
vt 0.549700 0.731150
vt 0.550122 0.742310
vt 0.542711 0.742309
vt 0.550833 0.708458
vt 0.542711 0.708508
vt 0.550833 0.708458
vt 0.551355 0.692162
vt 0.542711 0.692192
vt 0.551356 0.692162
vt 0.551690 0.674660
vt 0.542711 0.674687
vt 0.549647 0.024236
vt 0.549647 0.024236
vt 0.549705 0.018850
vt 0.549705 0.018850
vt 0.550126 0.007691
vt 0.550836 0.041603
vt 0.551691 0.075462
vt 0.551690 0.674659
vt 0.615838 0.144815
vt 0.624218 0.000013
vt 0.311951 0.000000
vt 0.489733 0.000000
vt 0.311624 0.000000
vt 0.489733 0.000000
vt 0.616745 0.000000
vt 0.616947 0.000000
vt 0.616745 0.000000
vt 0.492628 0.025475
vt 0.310877 0.011486
vt 0.550226 0.719985
vt 0.549642 0.725764
vt 0.616741 0.690073
vt 0.616947 0.045936
vt 0.375000 0.144800
vt 0.558787 0.027198
vt 0.567257 0.018804
vt 0.575506 0.004956
vt 0.583409 -0.014144
vt 0.590850 -0.038219
vt 0.597450 0.029972
vt 0.603588 0.029966
vt 0.608965 0.029961
vt 0.613501 0.029957
vt 0.617131 0.029954
vt 0.619802 0.029952
vt 0.621018 0.029950
vt 0.620055 0.725813
vt 0.622213 1.051748
vt 0.620398 1.006972
vt 0.617596 0.963504
vt 0.613855 0.921982
vt 0.609230 0.882999
vt 0.603587 0.720034
vt 0.597448 0.720028
vt 0.590636 0.720022
vt 0.583252 0.720015
vt 0.575401 0.720008
vt 0.567200 0.720001
vt 0.558767 0.719993
vt 0.615865 0.720045
vt 0.621018 0.720049
vt 0.444961 0.540512
vt 0.559871 0.678813
vt 0.315084 0.384537
vt 0.415732 0.505600
vt 0.145548 0.181235
vt 0.234286 0.287910
vt -0.026642 -0.024681
vt 0.054155 0.072405
vt -0.186017 -0.214541
vt -0.107287 -0.119943
vt 0.618062 0.750000
vt 0.596796 0.819881
vt 0.597623 0.814899
vt 0.589997 0.791998
vt 0.590792 0.786782
vt 0.582623 0.768612
vt 0.583382 0.763198
vt 0.574777 0.750067
vt 0.575495 0.744496
vt 0.566577 0.736630
vt 0.567251 0.730946
vt 0.558153 0.728492
vt 0.558783 0.722738
vt 0.505258 0.613545
vt 0.504458 0.612262
vt 0.521072 0.633260
vt 0.520450 0.632165
vt 0.537275 0.653870
vt 0.536848 0.652992
vt 0.553904 0.675469
vt 0.553703 0.674862
vt 0.570831 0.697916
vt 0.570906 0.697655
vt 0.617595 0.750000
vt 0.619158 0.731185
vt 0.596169 0.809627
vt 0.596746 0.805894
vt 0.589474 0.786349
vt 0.589961 0.782123
vt 0.582209 0.766834
vt 0.582598 0.762197
vt 0.574477 0.751372
vt 0.574760 0.746412
vt 0.566396 0.740184
vt 0.566568 0.734988
vt 0.558092 0.733416
vt 0.558150 0.728078
vt 0.656260 0.798447
vt 0.545858 0.663153
vt 0.752693 0.916880
vt 0.660051 0.803181
vt 0.874555 1.067025
vt 0.799000 0.974117
vt 0.995730 1.217125
vt 0.934606 1.141797
vt 1.101287 1.349000
vt 1.049818 1.285463
vt 0.616604 0.750000
vt 0.617298 0.742313
vt 0.586553 0.873480
vt 0.587317 0.865715
vt 0.583238 0.834536
vt 0.583937 0.825761
vt 0.578629 0.801904
vt 0.579189 0.792285
vt 0.572758 0.776066
vt 0.573119 0.765781
vt 0.565836 0.757379
vt 0.565956 0.746612
vt 0.558171 0.746084
vt 0.558025 0.735025
vt 0.480384 0.551046
vt 0.588709 0.709226
vt 0.428848 0.466452
vt 0.520557 0.605256
vt 0.359647 0.345028
vt 0.435155 0.464640
vt 0.291275 0.208554
vt 0.352327 0.310693
vt 0.236192 0.072144
vt 0.286021 0.160241
vt 0.616603 0.715036
vt 0.617793 0.708047
vt 0.601622 0.424607
vt 0.601257 0.452085
vt 0.592892 0.509090
vt 0.592411 0.538532
vt 0.584189 0.579771
vt 0.583626 0.610829
vt 0.575620 0.635637
vt 0.575002 0.667953
vt 0.567217 0.675967
vt 0.566560 0.709170
vt 0.558967 0.700308
vt 0.558281 0.734023
vt 0.508679 0.577518
vt 0.507578 0.588886
vt 0.523349 0.587999
vt 0.522395 0.599988
vt 0.537732 0.593942
vt 0.536924 0.606479
vt 0.551677 0.594980
vt 0.551013 0.607969
vt 0.565023 0.590887
vt 0.564502 0.604213
vt 0.616604 0.698583
vt 0.617424 0.691933
vt 0.595420 0.618172
vt 0.595493 0.633121
vt 0.589065 0.640055
vt 0.589051 0.655385
vt 0.582174 0.658420
vt 0.582068 0.674072
vt 0.574849 0.672997
vt 0.574644 0.688911
vt 0.567196 0.683573
vt 0.566887 0.699683
vt 0.559327 0.689992
vt 0.558911 0.706231
vt 0.621722 0.694011
vt 0.513743 0.584481
vt 0.633923 0.704836
vt 0.540743 0.612746
vt 0.649327 0.717857
vt 0.570571 0.642757
vt 0.664325 0.728894
vt 0.599347 0.670011
vt 0.675994 0.734594
vt 0.623869 0.690825
vt 0.616604 0.680723
vt 0.617298 0.674456
vt 0.595450 0.660894
vt 0.595422 0.678258
vt 0.589138 0.664950
vt 0.589066 0.682353
vt 0.582295 0.668357
vt 0.582175 0.685793
vt 0.575020 0.671066
vt 0.574850 0.688528
vt 0.567420 0.673036
vt 0.567196 0.690518
vt 0.559606 0.674240
vt 0.559327 0.691735
vt 0.558157 0.021509
vt 0.558787 0.027262
vt 0.566581 0.013372
vt 0.567255 0.019056
vt 0.574781 -0.000063
vt 0.575498 0.005508
vt 0.582626 -0.018605
vt 0.583385 -0.013191
vt 0.589999 -0.041987
vt 0.590794 -0.036769
vt 0.596797 -0.069864
vt 0.597623 -0.064882
vt 0.620055 0.024187
vt 0.618061 0.000000
vt -0.185233 0.000000
vt -0.106573 0.000000
vt -0.026018 0.000000
vt 0.054708 0.000000
vt 0.146001 0.000000
vt 0.234662 0.000000
vt 0.315366 0.000000
vt 0.415929 0.000000
vt 0.445109 0.000000
vt 0.559929 0.000000
vt 0.558097 0.016586
vt 0.558155 0.021924
vt 0.566400 0.009823
vt 0.566572 0.015018
vt 0.574480 -0.001359
vt 0.574763 0.003602
vt 0.582211 -0.016809
vt 0.582600 -0.012173
vt 0.589475 -0.036312
vt 0.589962 -0.032086
vt 0.596171 -0.059576
vt 0.596747 -0.055840
vt 0.619158 0.018815
vt 0.617595 0.000000
vt 0.570337 0.000000
vt 0.570457 0.000000
vt 0.553525 0.000000
vt 0.553376 0.000000
vt 0.537024 0.000000
vt 0.536658 0.000000
vt 0.520947 0.000000
vt 0.520397 0.000000
vt 0.505231 0.000000
vt 0.504517 0.000000
vt 0.558175 0.003922
vt 0.558030 0.014981
vt 0.565840 -0.007356
vt 0.565960 0.003412
vt 0.572763 -0.026015
vt 0.573125 -0.015728
vt 0.578636 -0.051815
vt 0.579196 -0.042193
vt 0.583248 -0.084399
vt 0.583947 -0.075619
vt 0.586566 -0.123286
vt 0.587333 -0.115515
vt 0.617298 0.007687
vt 0.616604 0.000000
vt 1.100535 0.000000
vt 1.049052 0.000000
vt 0.995156 0.000000
vt 0.934019 0.000000
vt 0.874167 0.000000
vt 0.798605 0.000000
vt 0.752491 0.000000
vt 0.659848 0.000000
vt 0.656205 0.000000
vt 0.545807 0.000000
vt 0.558970 0.049746
vt 0.558285 0.015971
vt 0.567219 0.074068
vt 0.566563 0.040805
vt 0.575620 0.114367
vt 0.575002 0.081990
vt 0.584185 0.170189
vt 0.583624 0.139067
vt 0.592884 0.240813
vt 0.592404 0.211306
vt 0.601609 0.325227
vt 0.601244 0.297682
vt 0.617793 0.042006
vt 0.616603 0.035018
vt 0.236938 0.215275
vt 0.286788 0.187698
vt 0.291860 0.145845
vt 0.352931 0.117874
vt 0.360047 0.092498
vt 0.435567 0.064630
vt 0.429065 0.055198
vt 0.520774 0.027836
vt 0.480455 0.033245
vt 0.588771 0.006708
vt 0.559328 0.060093
vt 0.558914 0.043825
vt 0.567197 0.066501
vt 0.566890 0.050361
vt 0.574850 0.077058
vt 0.574646 0.061114
vt 0.582176 0.091609
vt 0.582070 0.075927
vt 0.589066 0.109941
vt 0.589053 0.094582
vt 0.595421 0.131787
vt 0.595494 0.116808
vt 0.617424 0.058145
vt 0.616604 0.051497
vt 0.565027 0.096358
vt 0.564506 0.082370
vt 0.551682 0.076040
vt 0.551018 0.062217
vt 0.537738 0.060120
vt 0.536931 0.046576
vt 0.523355 0.048566
vt 0.522403 0.035393
vt 0.508686 0.041197
vt 0.507586 0.028466
vt 0.492628 0.025475
vt 0.559606 0.075878
vt 0.559328 0.058351
vt 0.567421 0.077075
vt 0.567198 0.059563
vt 0.575021 0.079036
vt 0.574851 0.061544
vt 0.582295 0.081732
vt 0.582176 0.064267
vt 0.589138 0.085124
vt 0.589067 0.067692
vt 0.595450 0.089163
vt 0.595423 0.071769
vt 0.617298 0.075650
vt 0.616604 0.069385
vt 0.675825 0.087602
vt 0.623697 0.067975
vt 0.664190 0.079108
vt 0.599211 0.058970
vt 0.649234 0.071900
vt 0.570480 0.051230
vt 0.633874 0.066181
vt 0.540698 0.044965
vt 0.621707 0.062155
vt 0.513736 0.040390
vt 0.559606 0.675191
vt 0.559606 0.074929
vt 0.567421 0.676825
vt 0.567421 0.073293
vt 0.575021 0.679538
vt 0.575021 0.070578
vt 0.582295 0.683292
vt 0.582296 0.066822
vt 0.589139 0.688031
vt 0.589139 0.062081
vt 0.595450 0.693686
vt 0.595451 0.056424
vt 0.616663 0.684978
vt 0.616663 0.065125
vt 0.616677 0.685866
vt 0.616677 0.064235
vt 0.616693 0.686834
vt 0.616693 0.063264
vt 0.616708 0.687869
vt 0.616708 0.062226
vt 0.616725 0.688954
vt 0.616725 0.061139
vt 0.310878 0.011486
vt 0.310863 0.017153
vt 0.670423 0.161282
vt 0.691481 0.222165
vt 0.663198 0.129401
vt 0.649156 0.089561
vt 0.624380 0.000000
vt 0.623841 0.000000
vt 0.624469 0.000000
vt 0.623917 0.000000
vt 0.710902 0.281242
vt 0.699411 0.239496
vt 0.624843 0.000000
vt 0.624994 0.000000
vt 0.729951 0.340859
vt 0.754549 0.410306
vt 0.836658 0.648099
vt 0.644457 0.059578
vt 0.874598 0.750000
vt 0.870625 0.750000
vt 0.869983 0.750000
vt 0.874775 0.750000
vt 0.624394 0.742529
vt 0.622908 0.741332
vt 0.623004 0.744197
vt 0.624331 0.744978
vt 0.623841 0.750000
vt 0.624380 0.750000
vt 0.623917 0.750000
vt 0.624524 0.750000
vt 0.625167 0.742696
vt 0.625781 0.745098
vt 0.627179 0.750000
vt 0.627568 0.750000
vt 0.625702 0.742345
vt 0.627031 0.744606
vt 0.630044 0.750000
vt 0.630084 0.750000
vt 0.869632 0.750000
vt 0.869879 0.750000
vt 0.533161 0.637115
vt 0.443769 0.529801
vt 0.400090 0.480231
vt 0.542757 0.651888
vt 0.309283 0.375218
vt 0.588622 0.712364
vt 0.311852 0.378340
vt 0.618862 0.748864
vt 0.432140 0.515558
vt 0.402745 0.483694
vt 0.339574 0.412012
vt 0.314460 0.381407
vt 0.465843 0.554206
vt 0.490756 0.588883
vt 0.590191 0.716491
vt 0.613889 0.746132
vt 0.433545 0.509062
vt 0.394037 0.464307
vt 0.308477 0.363319
vt 0.308663 0.363718
vt 0.446227 0.515560
vt 0.405924 0.469360
vt 0.324303 0.375906
vt 0.313065 0.363255
vt 0.525832 0.599674
vt 0.547411 0.624227
vt 0.616950 0.703962
vt 0.617270 0.704490
vt 0.451830 0.038985
vt 0.542777 0.044593
vt 0.548804 0.027859
vt 0.405126 0.023895
vt 0.588643 0.000000
vt 0.309494 0.000000
vt 0.618855 0.000000
vt 0.312082 0.000000
vt 0.439366 0.037240
vt 0.407139 0.022469
vt 0.339550 0.000000
vt 0.314464 0.000000
vt 0.472606 0.038770
vt 0.494844 0.023831
vt 0.590229 0.000979
vt 0.613893 0.000152
vt 0.440026 0.044545
vt 0.397865 0.030622
vt 0.308476 0.011696
vt 0.308657 0.011525
vt 0.452717 0.054129
vt 0.409682 0.040227
vt 0.324259 0.018362
vt 0.313064 0.017357
vt 0.532841 0.068819
vt 0.551504 0.058450
vt 0.616950 0.046102
vt 0.617269 0.045965
s 1
usemtl MI_MetalSteelStainless01.001
f 104/1/1 10/2/2 11/3/3 68/4/4
f 511/5/5 262/6/6 292/7/7 535/8/8
f 501/9/9 29/10/10 27/11/11 491/12/12
f 23/13/13 471/14/14 481/15/15 25/16/16
f 189/17/17 40/18/18 37/19/19 185/20/2
f 64/21/20 1/22/21 2/23/22 72/24/23
f 188/25/22 61/26/24 58/27/25 195/28/26
f 195/28/26 58/29/25 55/30/27 194/31/28
f 194/31/28 55/32/27 52/33/29 193/34/30
f 193/34/30 52/35/29 49/36/31 192/37/32
f 192/37/32 49/38/31 46/39/33 191/40/34
f 191/40/34 46/41/33 43/42/35 190/43/36
f 190/43/36 43/42/35 40/44/18 189/17/17
f 186/45/21 1/22/21 22/46/37 187/47/37
f 198/48/38 116/49/39 113/50/40 196/51/41
f 140/52/42 12/53/43 13/54/44 148/55/45
f 197/56/44 137/57/46 134/58/47 204/59/48
f 204/59/48 134/60/47 131/61/49 203/62/50
f 203/62/50 131/63/49 128/64/51 202/65/52
f 202/65/52 128/66/51 125/67/53 201/68/54
f 201/68/54 125/69/53 122/70/55 200/71/56
f 200/71/56 122/72/55 119/73/57 199/74/58
f 199/74/58 119/75/57 116/49/39 198/48/38
f 184/76/59 110/77/60 137/78/46 197/56/44
f 249/79/61 261/80/62 264/81/63 11/3/3 183/82/64
f 148/55/45 13/54/44 14/83/48 152/84/65
f 176/85/66 20/86/38 21/87/41 180/88/67
f 172/89/68 19/90/58 20/86/38 176/91/66
f 168/92/69 18/93/56 19/90/58 172/94/68
f 164/95/70 17/96/54 18/93/56 168/97/69
f 160/98/71 16/99/52 17/96/54 164/100/70
f 156/101/72 15/102/50 16/99/52 160/98/71
f 152/103/65 14/83/48 15/102/50 156/101/72
f 180/104/67 21/87/41 22/46/37 144/105/73
f 72/24/23 2/23/22 3/106/26 76/107/74
f 196/51/41 113/108/40 108/109/75 187/47/37
f 100/110/76 9/111/17 10/2/2 104/112/1
f 96/113/77 8/114/36 9/111/17 100/115/76
f 92/116/78 7/117/34 8/114/36 96/118/77
f 88/119/79 6/120/32 7/117/34 92/116/78
f 84/121/80 5/122/30 6/120/32 88/123/79
f 80/124/81 4/125/28 5/122/30 84/121/80
f 76/126/74 3/106/26 4/125/28 80/124/81
f 1/22/21 64/21/20 144/127/73 22/46/37
f 184/76/59 12/53/43 363/128/82 362/129/83 242/130/84
f 25/16/16 481/15/15 476/131/85 26/132/86
f 107/133/87 33/134/88 35/135/88 109/136/87
f 186/45/21 34/137/89 61/26/24 188/25/22
f 139/138/90 147/139/91 151/140/92 155/141/93 159/142/94 163/143/95 167/144/96 171/145/97 175/146/98 179/147/99 143/148/100 63/149/101 71/150/102 75/151/103 79/152/104 83/153/105 87/154/106 91/155/107 95/156/108 99/157/109 103/158/110 67/159/111 24/160/112 27/161/11
f 185/20/2 37/19/19 31/162/113 183/82/64
f 248/163/114 213/164/115 228/165/116 241/166/117
f 234/167/118 236/168/118 237/169/118 238/170/118 239/171/118 240/172/118 235/173/118 220/174/118 222/175/118 223/176/118 224/177/118 225/178/118 226/179/118 221/180/118 32/181/118 36/182/118 39/183/118 42/184/118 45/185/118 48/186/118 51/187/118 54/188/118 57/189/118 60/190/118 33/134/118 107/133/118 112/191/118 115/192/118 118/193/118 121/194/118 124/195/118 127/196/118 130/197/118 133/198/118 136/199/118 111/200/118
f 71/150/102 63/149/101 65/201/119 73/202/120
f 73/203/120 65/204/119 66/205/121 74/206/122
f 74/206/123 66/205/124 64/21/20 72/24/23
f 57/189/125 59/207/125 62/208/126 60/190/126
f 35/209/127 62/210/128 61/26/24 34/137/89
f 75/151/103 71/150/102 73/211/120 77/212/129
f 77/213/129 73/214/120 74/215/122 78/216/130
f 78/216/131 74/215/123 72/24/23 76/107/74
f 54/188/132 56/217/132 59/218/125 57/189/125
f 62/219/128 59/220/133 58/27/25 61/26/24
f 79/152/104 75/151/103 77/221/129 81/222/134
f 81/223/134 77/224/129 78/225/130 82/226/135
f 82/226/136 78/225/131 76/126/74 80/124/81
f 51/187/137 53/227/137 56/228/132 54/188/132
f 59/229/133 56/230/138 55/30/27 58/29/25
f 83/153/105 79/152/104 81/231/134 85/232/139
f 85/233/139 81/234/134 82/235/135 86/236/140
f 86/236/141 82/235/136 80/124/81 84/121/80
f 48/186/142 50/237/142 53/238/137 51/187/137
f 56/239/138 53/240/143 52/33/29 55/32/27
f 87/154/106 83/153/105 85/241/139 89/242/144
f 89/243/144 85/244/139 86/245/140 90/246/145
f 90/246/146 86/245/141 84/121/80 88/123/79
f 45/185/147 47/247/147 50/248/142 48/186/142
f 53/249/143 50/250/148 49/36/31 52/35/29
f 91/155/107 87/154/106 89/251/144 93/252/149
f 93/253/149 89/254/144 90/255/145 94/256/150
f 94/256/151 90/255/146 88/119/79 92/116/78
f 42/184/152 44/257/152 47/258/147 45/185/147
f 50/259/148 47/260/153 46/39/33 49/38/31
f 95/156/108 91/155/107 93/261/149 97/262/154
f 97/263/154 93/264/149 94/265/150 98/266/155
f 98/266/156 94/265/151 92/116/78 96/118/77
f 39/183/157 41/267/157 44/268/152 42/184/152
f 47/269/153 44/270/158 43/42/35 46/41/33
f 99/157/109 95/156/108 97/271/154 101/272/159
f 101/273/159 97/274/154 98/275/155 102/276/160
f 102/276/160 98/275/156 96/113/77 100/115/76
f 36/182/161 38/277/162 41/278/157 39/183/157
f 44/279/158 41/280/163 40/44/18 43/42/35
f 103/158/110 99/157/109 101/281/159 105/282/164
f 105/283/164 101/284/159 102/285/160 106/286/165
f 106/286/165 102/285/160 100/110/76 104/112/1
f 36/182/161 32/287/166 38/288/162
f 41/289/163 38/290/167 37/19/19 40/18/18
f 67/159/111 103/158/110 105/291/164 69/292/168
f 69/293/168 105/294/164 106/295/165 70/296/169
f 70/296/169 106/295/165 104/1/1 68/4/4
f 136/199/170 138/297/171 111/200/172
f 38/298/167 32/299/173 31/162/113 37/19/19
f 147/139/91 139/138/90 141/300/174 149/301/175
f 149/301/175 141/300/174 142/302/176 150/303/177
f 150/303/177 142/302/176 140/52/42 148/55/45
f 133/198/178 135/304/178 138/305/171 136/199/170
f 111/200/179 138/297/180 137/78/46 110/77/60
f 151/140/92 147/139/91 149/306/175 153/307/181
f 153/308/181 149/309/175 150/310/177 154/311/182
f 154/311/182 150/310/177 148/55/45 152/84/65
f 130/197/183 132/312/183 135/313/178 133/198/178
f 138/314/180 135/315/184 134/58/47 137/57/46
f 155/141/93 151/140/92 153/316/181 157/317/185
f 157/318/185 153/319/181 154/320/182 158/321/186
f 158/321/186 154/320/182 152/103/65 156/101/72
f 127/196/187 129/322/187 132/323/183 130/197/183
f 135/324/184 132/325/188 131/61/49 134/60/47
f 159/142/94 155/141/93 157/326/185 161/327/189
f 161/328/189 157/329/185 158/330/186 162/331/190
f 162/331/190 158/330/186 156/101/72 160/98/71
f 124/195/191 126/332/191 129/333/187 127/196/187
f 132/334/188 129/335/192 128/64/51 131/63/49
f 163/143/95 159/142/94 161/336/189 165/337/193
f 165/338/193 161/339/189 162/340/190 166/341/194
f 166/341/194 162/340/190 160/98/71 164/100/70
f 121/194/195 123/342/195 126/343/191 124/195/191
f 129/344/192 126/345/196 125/67/53 128/66/51
f 167/144/96 163/143/95 165/346/193 169/347/197
f 169/348/197 165/349/193 166/350/194 170/351/198
f 170/351/199 166/350/194 164/95/70 168/97/69
f 118/193/200 120/352/200 123/353/195 121/194/195
f 126/354/196 123/355/201 122/70/55 125/69/53
f 171/145/97 167/144/96 169/356/197 173/357/202
f 173/358/202 169/359/197 170/360/198 174/361/203
f 174/361/204 170/360/199 168/92/69 172/94/68
f 115/192/205 117/362/205 120/363/200 118/193/200
f 123/364/201 120/365/206 119/73/57 122/72/55
f 175/146/98 171/145/97 173/366/202 177/367/207
f 177/368/207 173/369/202 174/370/203 178/371/208
f 178/371/209 174/370/204 172/89/68 176/91/66
f 112/191/210 114/372/210 117/373/205 115/192/205
f 120/374/206 117/375/211 116/49/39 119/75/57
f 179/147/99 175/146/98 177/376/207 181/377/212
f 181/378/212 177/379/207 178/380/208 182/381/213
f 182/381/214 178/380/209 176/85/66 180/88/67
f 107/133/87 109/382/87 114/383/210 112/191/210
f 117/384/211 114/385/215 113/50/40 116/49/39
f 143/148/100 179/147/99 181/386/212 145/387/216
f 145/388/216 181/389/212 182/390/213 146/391/217
f 146/391/218 182/390/214 180/104/67 144/105/73
f 114/392/215 109/393/219 108/109/75 113/108/40
f 214/394/220 249/395/61 183/82/64 31/396/113
f 34/397/89 108/398/75 109/399/219 35/400/127
f 110/77/60 184/76/59 242/130/84 227/401/221
f 110/77/60 227/401/221 234/402/222 111/200/179
f 24/160/112 67/159/111 69/403/168 26/404/86
f 26/132/86 69/405/168 70/406/169 25/407/16
f 25/407/16 70/406/169 68/408/4 23/13/13
f 63/149/101 143/148/100 145/409/216 65/410/119
f 65/411/119 145/412/216 146/413/217 66/414/121
f 66/414/124 146/413/218 144/127/73 64/21/20
f 28/415/223 140/416/42 142/302/176 30/417/224
f 30/417/224 142/302/176 141/300/174 29/10/10
f 29/10/10 141/300/174 139/138/90 27/161/11
f 391/418/225 551/419/226 556/420/227 405/421/228
f 23/13/13 263/422/229 262/6/6 511/5/5 471/14/14
f 486/423/230 28/424/223 30/417/224 496/425/231
f 27/11/11 24/426/112 466/427/232 491/12/12
f 361/428/233 364/429/234 28/424/223 486/430/230 540/431/235
f 515/432/236 348/433/237 278/434/238 505/435/239
f 496/425/231 30/417/224 29/10/10 501/436/240
f 347/437/241 250/438/242 248/439/114 277/440/243
f 60/190/126 62/441/126 35/442/88 33/134/88
f 10/2/2 185/20/2 183/82/64 11/3/3
f 1/22/21 186/45/21 188/25/22 2/23/22
f 21/87/41 196/51/41 187/47/37 22/46/37
f 228/165/116 213/443/115 220/444/244 235/445/245
f 12/53/43 184/76/59 197/56/44 13/54/44
f 19/90/58 199/74/58 198/48/38 20/86/38
f 18/93/56 200/71/56 199/74/58 19/90/58
f 17/96/54 201/68/54 200/71/56 18/93/56
f 16/99/52 202/65/52 201/68/54 17/96/54
f 15/102/50 203/62/50 202/65/52 16/99/52
f 14/83/48 204/59/48 203/62/50 15/102/50
f 13/54/44 197/56/44 204/59/48 14/83/48
f 20/86/38 198/48/38 196/51/41 21/87/41
f 34/397/89 186/45/21 187/47/37 108/398/75
f 8/114/36 190/43/36 189/17/17 9/111/17
f 7/117/34 191/40/34 190/43/36 8/114/36
f 6/120/32 192/37/32 191/40/34 7/117/34
f 5/122/30 193/34/30 192/37/32 6/120/32
f 4/125/28 194/31/28 193/34/30 5/122/30
f 3/106/26 195/28/26 194/31/28 4/125/28
f 2/23/22 188/25/22 195/28/26 3/106/26
f 9/111/17 189/17/17 185/20/2 10/2/2
f 361/428/233 540/431/235 551/446/226 391/447/225
f 214/448/220 221/449/246 226/450/247 219/451/248
f 219/451/248 226/450/247 225/452/249 218/453/250
f 218/453/250 225/452/249 224/454/251 217/455/252
f 217/455/252 224/454/251 223/456/253 216/457/254
f 216/457/254 223/456/253 222/458/255 215/459/256
f 215/459/256 222/458/255 220/444/244 213/443/115
f 234/402/222 227/401/221 229/460/257 236/461/258
f 236/461/258 229/460/257 230/462/259 237/463/260
f 237/463/260 230/462/259 231/464/261 238/465/262
f 238/465/262 231/464/261 232/466/263 239/467/264
f 239/467/264 232/466/263 233/468/265 240/469/266
f 240/469/266 233/468/265 228/165/116 235/445/245
f 447/470/267 571/471/268 546/472/269 377/473/270
f 405/474/228 556/420/227 561/475/271 419/476/272
f 419/477/272 561/478/271 566/479/273 433/480/274
f 433/481/274 566/482/273 571/471/268 447/483/267
f 247/484/275 392/485/276 406/486/277 246/487/278
f 249/395/61 214/394/220 219/451/248 254/488/279
f 254/488/279 219/451/248 218/453/250 253/489/280
f 253/489/280 218/453/250 217/455/252 252/490/281
f 252/490/281 217/455/252 216/457/254 251/491/282
f 251/491/282 216/457/254 215/459/256 250/438/242
f 250/438/242 215/459/256 213/164/115 248/163/114
f 12/53/43 140/416/42 28/415/223 364/492/234 363/493/82
f 246/487/278 406/494/277 420/495/283 245/496/284
f 245/496/284 420/495/283 434/497/285 244/498/286
f 244/498/286 434/499/285 448/500/287 243/501/288
f 243/501/288 448/502/287 378/503/289 241/504/117
f 261/80/62 249/79/61 254/488/279 291/505/290
f 291/506/290 254/488/279 253/489/280 305/507/291
f 305/508/291 253/489/280 252/490/281 319/509/292
f 319/509/292 252/490/281 251/491/282 333/510/293
f 333/510/293 251/491/282 250/438/242 347/437/241
f 277/511/243 248/439/114 241/504/117 378/512/289
f 227/401/221 242/130/84 247/484/275 229/460/257
f 229/460/257 247/484/275 246/487/278 230/462/259
f 230/462/259 246/487/278 245/496/284 231/464/261
f 231/464/261 245/496/284 244/498/286 232/466/263
f 232/466/263 244/498/286 243/501/288 233/468/265
f 233/468/265 243/501/288 241/166/117 228/165/116
f 264/513/63 263/514/229 23/13/13 68/408/4 11/3/3
f 535/515/8 292/7/7 306/516/294 530/517/295
f 530/517/295 306/518/294 320/519/296 525/520/297
f 525/520/297 320/521/296 334/522/298 520/523/299
f 242/130/84 362/524/83 392/525/276 247/484/275
f 278/434/238 377/526/270 546/472/269 505/527/239
f 214/448/220 31/396/113 32/528/173 221/449/246
f 261/80/62 265/529/300 266/530/301 267/531/302 268/532/303 269/533/304 270/534/305 271/535/306 272/536/307 273/537/308 274/538/309 275/539/310 276/540/311 262/540/6 263/540/229 264/81/63
f 361/541/233 365/542/312 366/543/313 367/544/314 368/545/315 369/546/316 370/547/317 371/548/318 372/549/319 373/550/320 374/551/321 375/552/322 376/553/323 362/524/83 363/554/82 364/555/234
f 361/428/233 391/447/225 393/556/324 365/557/312
f 365/557/312 393/556/324 394/558/325 366/559/313
f 366/559/313 394/558/325 395/560/326 367/561/314
f 367/561/314 395/560/326 396/562/327 368/563/315
f 368/563/315 396/562/327 397/564/328 369/565/316
f 369/565/316 397/564/328 398/566/329 370/566/317
f 370/541/317 398/541/329 399/567/330 371/568/318
f 371/568/318 399/567/330 400/569/331 372/570/319
f 372/570/319 400/569/331 401/571/332 373/572/320
f 373/572/320 401/571/332 402/573/333 374/574/321
f 374/574/321 402/573/333 403/575/334 375/576/322
f 375/576/322 403/575/334 404/577/335 376/578/323
f 376/578/323 404/577/335 392/525/276 362/524/83
f 391/418/225 405/421/228 407/579/336 393/580/324
f 393/580/324 407/579/336 408/581/337 394/582/325
f 394/582/325 408/581/337 409/583/338 395/584/326
f 395/584/326 409/583/338 410/585/339 396/586/327
f 396/586/327 410/585/339 411/587/340 397/588/328
f 397/588/328 411/587/340 412/589/341 398/589/329
f 398/590/329 412/590/341 413/591/342 399/592/330
f 399/592/330 413/591/342 414/593/343 400/594/331
f 400/594/331 414/593/343 415/595/344 401/596/332
f 401/596/332 415/595/344 416/597/345 402/598/333
f 402/598/333 416/597/345 417/599/346 403/600/334
f 403/600/334 417/599/346 418/601/347 404/602/335
f 404/602/335 418/601/347 406/486/277 392/485/276
f 405/474/228 419/476/272 421/603/348 407/604/336
f 407/604/336 421/603/348 422/605/349 408/606/337
f 408/606/337 422/605/349 423/607/350 409/608/338
f 409/608/338 423/607/350 424/609/351 410/610/339
f 410/610/339 424/609/351 425/611/352 411/612/340
f 411/612/340 425/611/352 426/613/353 412/613/341
f 412/614/341 426/614/353 427/615/354 413/616/342
f 413/616/342 427/615/354 428/617/355 414/618/343
f 414/618/343 428/617/355 429/619/356 415/620/344
f 415/620/344 429/619/356 430/621/357 416/622/345
f 416/622/345 430/621/357 431/623/358 417/624/346
f 417/624/346 431/623/358 432/625/359 418/626/347
f 418/626/347 432/625/359 420/495/283 406/494/277
f 419/477/272 433/480/274 435/627/360 421/628/348
f 421/628/348 435/627/360 436/629/361 422/630/349
f 422/630/349 436/629/361 437/631/362 423/632/350
f 423/632/350 437/631/362 438/633/363 424/634/351
f 424/634/351 438/633/363 439/635/364 425/636/352
f 425/636/352 439/635/364 440/637/365 426/637/353
f 426/638/353 440/638/365 441/639/366 427/640/354
f 427/640/354 441/639/366 442/641/367 428/642/355
f 428/642/355 442/641/367 443/643/368 429/644/356
f 429/644/356 443/643/368 444/645/369 430/646/357
f 430/646/357 444/645/369 445/647/370 431/648/358
f 431/648/358 445/647/370 446/649/371 432/650/359
f 432/650/359 446/649/371 434/497/285 420/495/283
f 433/481/274 447/483/267 449/651/372 435/652/360
f 435/652/360 449/651/372 450/653/373 436/654/361
f 436/654/361 450/653/373 451/655/374 437/656/362
f 437/656/362 451/655/374 452/657/375 438/658/363
f 438/658/363 452/657/375 453/659/376 439/660/364
f 439/660/364 453/659/376 454/661/377 440/661/365
f 440/662/365 454/662/377 455/663/378 441/664/366
f 441/664/366 455/663/378 456/665/379 442/666/367
f 442/666/367 456/665/379 457/667/380 443/668/368
f 443/668/368 457/667/380 458/669/381 444/670/369
f 444/670/369 458/669/381 459/671/382 445/672/370
f 445/672/370 459/671/382 460/673/383 446/674/371
f 446/674/371 460/673/383 448/500/287 434/499/285
f 447/470/267 377/473/270 379/675/384 449/676/372
f 449/676/372 379/675/384 380/677/385 450/678/373
f 450/678/373 380/677/385 381/679/386 451/680/374
f 451/680/374 381/679/386 382/681/387 452/682/375
f 452/682/375 382/681/387 383/683/388 453/684/376
f 453/684/376 383/683/388 384/685/389 454/685/377
f 454/686/377 384/686/389 385/687/390 455/688/378
f 455/688/378 385/687/390 386/689/391 456/690/379
f 456/690/379 386/689/391 387/691/392 457/692/380
f 457/692/380 387/691/392 388/693/393 458/694/381
f 458/694/381 388/693/393 389/695/394 459/696/382
f 459/696/382 389/695/394 390/697/395 460/698/383
f 460/698/383 390/697/395 378/503/289 448/502/287
f 261/80/62 291/505/290 293/699/396 265/700/300
f 265/700/300 293/699/396 294/701/397 266/702/301
f 266/702/301 294/701/397 295/703/398 267/704/302
f 267/704/302 295/703/398 296/705/399 268/706/303
f 268/706/303 296/705/399 297/707/400 269/708/304
f 269/708/304 297/707/400 298/709/401 270/710/305
f 270/710/305 298/709/401 299/711/402 271/711/306
f 271/712/306 299/712/402 300/713/403 272/714/307
f 272/714/307 300/713/403 301/715/404 273/716/308
f 273/716/308 301/715/404 302/717/405 274/718/309
f 274/718/309 302/717/405 303/719/406 275/720/310
f 275/720/310 303/719/406 304/721/407 276/722/311
f 276/722/311 304/721/407 292/7/7 262/6/6
f 291/506/290 305/507/291 307/723/408 293/724/396
f 293/724/396 307/723/408 308/725/409 294/726/397
f 294/726/397 308/725/409 309/727/410 295/728/398
f 295/728/398 309/727/410 310/729/411 296/730/399
f 296/730/399 310/729/411 311/731/412 297/732/400
f 297/732/400 311/731/412 312/733/413 298/734/401
f 298/734/401 312/733/413 313/735/414 299/735/402
f 299/736/402 313/736/414 314/737/415 300/738/403
f 300/738/403 314/737/415 315/739/416 301/740/404
f 301/740/404 315/739/416 316/741/417 302/742/405
f 302/742/405 316/741/417 317/743/418 303/744/406
f 303/744/406 317/743/418 318/745/419 304/746/407
f 304/746/407 318/745/419 306/516/294 292/7/7
f 305/508/291 319/509/292 321/747/420 307/748/408
f 307/748/408 321/747/420 322/749/421 308/750/409
f 308/750/409 322/749/421 323/751/422 309/752/410
f 309/752/410 323/751/422 324/753/423 310/754/411
f 310/754/411 324/753/423 325/755/424 311/756/412
f 311/756/412 325/755/424 326/757/425 312/758/413
f 312/758/413 326/757/425 327/759/426 313/759/414
f 313/760/414 327/760/426 328/761/427 314/762/415
f 314/762/415 328/761/427 329/763/428 315/764/416
f 315/764/416 329/763/428 330/765/429 316/766/417
f 316/766/417 330/765/429 331/767/430 317/768/418
f 317/768/418 331/767/430 332/769/431 318/770/419
f 318/770/419 332/769/431 320/519/296 306/518/294
f 319/509/292 333/510/293 335/771/432 321/772/420
f 321/772/420 335/771/432 336/773/433 322/774/421
f 322/774/421 336/773/433 337/775/434 323/776/422
f 323/776/422 337/775/434 338/777/435 324/778/423
f 324/778/423 338/777/435 339/779/436 325/780/424
f 325/780/424 339/779/436 340/781/437 326/782/425
f 326/782/425 340/781/437 341/783/438 327/783/426
f 327/784/426 341/784/438 342/785/439 328/786/427
f 328/786/427 342/785/439 343/787/440 329/788/428
f 329/788/428 343/787/440 344/789/441 330/790/429
f 330/790/429 344/789/441 345/791/442 331/792/430
f 331/792/430 345/791/442 346/793/443 332/794/431
f 332/794/431 346/793/443 334/522/298 320/521/296
f 333/510/293 347/437/241 349/795/444 335/796/432
f 335/796/432 349/795/444 350/797/445 336/798/433
f 336/798/433 350/797/445 351/799/446 337/800/434
f 337/800/434 351/799/446 352/801/447 338/802/435
f 338/802/435 352/801/447 353/803/448 339/804/436
f 339/804/436 353/803/448 354/805/449 340/806/437
f 340/806/437 354/805/449 355/807/450 341/807/438
f 341/808/438 355/808/450 356/809/451 342/810/439
f 342/810/439 356/809/451 357/811/452 343/812/440
f 343/812/440 357/811/452 358/813/453 344/814/441
f 344/814/441 358/813/453 359/815/454 345/816/442
f 345/816/442 359/815/454 360/817/455 346/818/443
f 346/818/443 360/817/455 348/433/237 334/819/298
f 347/437/241 277/440/243 279/820/456 349/821/444
f 349/821/444 279/820/456 280/822/457 350/823/445
f 350/823/445 280/822/457 281/824/458 351/825/446
f 351/825/446 281/824/458 282/826/459 352/827/447
f 352/827/447 282/826/459 283/828/460 353/829/448
f 353/829/448 283/828/460 284/830/461 354/831/449
f 354/831/449 284/830/461 285/832/462 355/832/450
f 355/833/450 285/833/462 286/834/463 356/835/451
f 356/835/451 286/834/463 287/836/464 357/837/452
f 357/837/452 287/836/464 288/838/465 358/839/453
f 358/839/453 288/838/465 289/840/466 359/841/454
f 359/841/454 289/840/466 290/842/467 360/843/455
f 360/843/455 290/842/467 278/434/238 348/433/237
f 277/511/243 378/512/289 390/844/395 279/845/456
f 279/845/456 390/844/395 389/846/394 280/847/457
f 280/847/457 389/846/394 388/848/393 281/849/458
f 281/849/458 388/848/393 387/850/392 282/851/459
f 282/851/459 387/850/392 386/852/391 283/853/460
f 283/853/460 386/852/391 385/854/390 284/855/461
f 284/855/461 385/854/390 384/686/389 285/832/462
f 285/833/462 384/685/389 383/856/388 286/857/463
f 286/857/463 383/856/388 382/858/387 287/859/464
f 287/859/464 382/858/387 381/860/386 288/861/465
f 288/861/465 381/860/386 380/862/385 289/863/466
f 289/863/466 380/862/385 379/864/384 290/865/467
f 290/865/467 379/864/384 377/526/270 278/434/238
f 520/866/299 334/819/298 348/433/237 515/867/236
f 26/404/86 476/404/468 466/427/232 24/426/112
f 470/868/469 480/869/470 482/870/471 472/871/472
f 472/871/472 482/870/471 483/872/473 473/873/474
f 473/873/474 483/872/473 484/874/475 474/875/476
f 474/875/476 484/874/475 481/15/15 471/14/14
f 480/869/470 475/876/477 477/877/478 482/870/471
f 482/870/471 477/877/478 478/878/479 483/872/473
f 483/872/473 478/878/480 479/879/481 484/874/475
f 484/874/475 479/879/481 476/131/85 481/15/15
f 475/876/477 465/880/482 467/881/483 477/877/478
f 477/877/478 467/881/484 468/882/485 478/883/479
f 478/884/486 468/885/487 469/886/488 479/887/489
f 479/887/489 469/886/488 466/427/232 476/404/468
f 495/888/490 485/889/491 487/890/492 497/891/493
f 497/891/493 487/890/492 488/892/494 498/893/495
f 498/893/495 488/892/494 489/894/496 499/895/497
f 499/895/497 489/894/496 486/423/230 496/425/231
f 500/896/498 495/888/490 497/891/493 502/897/499
f 502/897/499 497/891/493 498/893/495 503/898/500
f 503/898/501 498/893/495 499/895/497 504/899/502
f 504/899/502 499/895/497 496/425/231 501/436/240
f 490/900/503 500/896/498 502/897/499 492/901/504
f 492/901/505 502/897/499 503/898/500 493/902/506
f 493/902/507 503/898/508 504/899/509 494/903/510
f 494/903/510 504/899/509 501/9/9 491/12/12
f 465/880/482 490/900/503 492/901/504 467/881/483
f 467/881/484 492/901/505 493/902/506 468/904/485
f 468/904/487 493/902/507 494/903/510 469/905/488
f 469/905/488 494/903/510 491/12/12 466/427/232
f 541/906/511 550/907/512 552/908/513 544/909/514
f 544/909/514 552/908/513 553/910/515 543/911/516
f 543/911/516 553/910/515 554/912/517 542/913/518
f 542/913/518 554/912/517 551/446/226 540/431/235
f 550/907/512 555/914/519 557/915/520 552/908/513
f 552/908/513 557/915/520 558/916/521 553/910/515
f 553/910/515 558/916/521 559/917/522 554/912/517
f 554/912/517 559/917/522 556/420/227 551/419/226
f 555/914/519 560/918/523 562/919/524 557/915/520
f 557/915/520 562/919/524 563/920/525 558/916/521
f 558/916/521 563/920/525 564/921/526 559/917/522
f 559/917/522 564/921/526 561/475/271 556/420/227
f 560/918/523 565/922/527 567/923/528 562/919/524
f 562/919/524 567/923/528 568/924/529 563/920/525
f 563/920/525 568/924/529 569/925/530 564/921/526
f 564/921/526 569/925/530 566/479/273 561/478/271
f 565/922/527 570/926/531 572/927/532 567/923/528
f 567/923/528 572/927/532 573/928/533 568/924/529
f 568/924/529 573/928/533 574/929/534 569/925/530
f 569/925/530 574/929/534 571/471/268 566/482/273
f 570/926/531 545/930/535 547/931/536 572/927/532
f 572/927/532 547/931/536 548/932/537 573/928/533
f 573/928/533 548/932/537 549/933/538 574/929/534
f 574/929/534 549/933/538 546/472/269 571/471/268
f 536/934/539 510/935/540 512/936/541 539/937/542
f 539/937/542 512/936/541 513/938/543 538/939/544
f 538/939/544 513/938/543 514/940/545 537/941/546
f 537/941/546 514/940/545 511/5/5 535/8/8
f 531/942/547 536/934/539 539/937/542 534/943/548
f 534/943/548 539/937/542 538/939/544 533/944/549
f 533/944/549 538/939/544 537/941/546 532/945/550
f 532/945/550 537/941/546 535/515/8 530/517/295
f 526/946/551 531/942/547 534/943/548 529/947/552
f 529/947/552 534/943/548 533/944/549 528/948/553
f 528/948/553 533/944/549 532/945/550 527/949/554
f 527/949/554 532/945/550 530/517/295 525/520/297
f 521/950/555 526/946/551 529/947/552 524/951/556
f 524/951/556 529/947/552 528/948/553 523/952/557
f 523/952/557 528/948/553 527/949/554 522/953/558
f 522/953/558 527/949/554 525/520/297 520/523/299
f 516/954/559 521/950/555 524/951/556 519/955/560
f 519/955/560 524/951/556 523/952/557 518/956/561
f 518/956/561 523/952/557 522/953/558 517/957/562
f 517/957/562 522/953/558 520/866/299 515/867/236
f 506/958/563 516/954/559 519/955/560 509/959/564
f 509/959/564 519/955/560 518/956/561 508/960/565
f 508/960/565 518/956/561 517/957/562 507/961/566
f 507/961/566 517/957/562 515/432/236 505/435/239
f 545/930/535 506/958/563 509/959/564 547/931/536
f 547/931/536 509/959/564 508/960/565 548/932/537
f 548/932/537 508/960/565 507/961/566 549/933/538
f 549/933/538 507/961/566 505/527/239 546/472/269
f 510/935/540 470/868/469 472/871/472 512/936/541
f 512/936/541 472/871/472 473/873/474 513/938/543
f 513/938/543 473/873/474 474/875/476 514/940/545
f 514/940/545 474/875/476 471/14/14 511/5/5
f 485/889/491 541/906/511 544/909/514 487/890/492
f 487/890/492 544/909/514 543/911/516 488/892/494
f 488/892/494 543/911/516 542/913/518 489/894/496
f 489/894/496 542/913/518 540/431/235 486/430/230
f 510/935/540 536/934/539 531/942/547 526/946/551 521/950/555 516/954/559 506/958/563 545/930/535 570/926/531 565/922/527 560/918/523 555/914/519 550/907/512 541/906/511 485/889/491 495/888/490 500/896/498 490/900/503 465/880/482 475/876/477 480/869/470 470/868/469
l 461 210
l 205 260
l 256 209
l 211 462
l 257 208
l 206 259
l 212 463
l 464 255
l 258 207
o Cube.056
v 0.211610 5.429265 0.272599
v 0.218053 5.429265 0.270908
v 0.222728 5.429265 0.266204
v 0.224373 5.429265 0.259759
v -0.182298 5.429265 0.270304
v -0.188687 5.429265 0.268479
v -0.193282 5.429265 0.263746
v -0.194910 5.429265 0.257316
v -0.193819 5.429265 0.027020
v 0.225966 5.429265 0.029467
v -0.191484 5.429265 -0.000590
v -0.016213 5.429265 -0.148528
v 0.050418 5.429265 -0.148140
v -0.043848 5.429265 -0.146515
v -0.184859 5.429265 -0.027495
v -0.174106 5.429265 -0.053032
v -0.159491 5.429265 -0.076573
v -0.141373 5.429265 -0.097538
v -0.120199 5.429265 -0.115410
v -0.096490 5.429265 -0.129750
v -0.070829 5.429265 -0.140204
v 0.078028 5.429265 -0.145805
v 0.223953 5.429265 0.001831
v 0.104933 5.429265 -0.139179
v 0.130470 5.429265 -0.128427
v 0.154011 5.429265 -0.113812
v 0.174976 5.429265 -0.095694
v 0.192848 5.429265 -0.074520
v 0.207188 5.429265 -0.050810
v 0.217642 5.429265 -0.025149
v -0.174106 5.429265 -0.053032
v -0.159491 5.429265 -0.076573
v 0.050418 5.429265 -0.148140
v 0.078028 5.429265 -0.145805
v -0.141373 5.429265 -0.097538
v -0.193819 5.429265 0.027020
v -0.194910 5.429265 0.257316
v -0.120199 5.429265 -0.115410
v 0.223953 5.429265 0.001831
v 0.225966 5.429265 0.029466
v -0.096490 5.429265 -0.129750
v 0.104933 5.429265 -0.139179
v 0.130470 5.429265 -0.128427
v -0.070829 5.429265 -0.140204
v 0.154011 5.429265 -0.113812
v -0.182298 5.429265 0.270304
v 0.211610 5.429265 0.272599
v -0.043848 5.429265 -0.146515
v 0.174976 5.429265 -0.095694
v -0.193282 5.429265 0.263746
v -0.191484 5.429265 -0.000590
v -0.184859 5.429265 -0.027495
v 0.192848 5.429265 -0.074520
v -0.188687 5.429265 0.268479
v 0.224373 5.429265 0.259759
v 0.207188 5.429265 -0.050810
v 0.217642 5.429265 -0.025149
v 0.222728 5.429265 0.266204
v 0.218053 5.429265 0.270908
v -0.016213 5.429265 -0.148528
v -0.257369 5.381883 -0.070953
v -0.186878 5.416007 -0.075000
v -0.233872 5.393258 -0.072302
v -0.210375 5.404632 -0.073651
v 0.087617 5.415449 -0.168510
v 0.110525 5.382442 -0.222753
v 0.095253 5.404446 -0.186591
v 0.102889 5.393444 -0.204672
v -0.233017 5.382071 -0.115480
v -0.167482 5.415819 -0.102649
v -0.211172 5.393320 -0.111203
v -0.189327 5.404570 -0.106926
v -0.248258 5.375292 0.317410
v -0.201500 5.421375 0.264739
v -0.232672 5.391061 0.299853
v -0.217086 5.406829 0.282296
v -0.200740 5.382198 -0.154716
v -0.143426 5.415691 -0.126745
v -0.181635 5.393363 -0.145392
v -0.162530 5.404527 -0.136069
v 0.283007 5.378859 0.144783
v 0.237547 5.419031 0.052878
v 0.267853 5.392250 0.114148
v 0.252700 5.405640 0.083513
v -0.161597 5.382305 -0.187234
v -0.115457 5.415585 -0.146496
v -0.146217 5.393398 -0.173655
v -0.130837 5.404491 -0.160075
v 0.150585 5.415778 -0.142281
v 0.200798 5.382112 -0.176866
v 0.167322 5.404556 -0.153810
v 0.184060 5.393334 -0.165338
v -0.116956 5.382420 -0.211807
v -0.084412 5.415471 -0.161288
v -0.106108 5.393436 -0.194968
v -0.095260 5.404453 -0.178128
v 0.237687 5.381980 -0.142045
v 0.177645 5.415909 -0.121786
v 0.217673 5.393290 -0.135292
v 0.197659 5.404600 -0.128539
v 0.203971 5.420904 0.285943
v 0.151671 5.375480 0.377299
v 0.186538 5.406766 0.316395
v 0.169105 5.391123 0.346847
v -0.051185 5.415331 -0.170671
v -0.068440 5.382558 -0.227488
v -0.056936 5.404407 -0.189610
v -0.062688 5.393483 -0.208549
v 0.267270 5.381838 -0.100989
v 0.200689 5.416051 -0.097169
v 0.245076 5.393243 -0.099716
v 0.222883 5.404647 -0.098442
v -0.196274 5.421697 0.273234
v -0.218880 5.374970 0.344931
v -0.203809 5.406936 0.297133
v -0.211345 5.390954 0.321032
v -0.279643 5.381105 0.027851
v -0.209422 5.416784 -0.013152
v -0.256236 5.392999 0.014183
v -0.232829 5.404891 0.000516
v 0.288591 5.381643 -0.055203
v 0.219020 5.416246 -0.069239
v 0.265400 5.393178 -0.059882
v 0.242210 5.404712 -0.064560
v -0.183097 5.374991 0.364491
v -0.188031 5.421676 0.279741
v -0.184742 5.390960 0.336241
v -0.186386 5.406929 0.307991
v 0.301028 5.381337 -0.006258
v 0.232077 5.416553 -0.038993
v 0.278044 5.393075 -0.017170
v 0.255061 5.404814 -0.028082
v 0.304267 5.380844 0.044306
v 0.239501 5.417046 -0.007623
v 0.282678 5.392911 0.026996
v 0.261090 5.404979 0.009686
v 0.223427 5.421501 0.276423
v 0.228800 5.374883 0.355012
v 0.225218 5.406966 0.302619
v 0.227009 5.390924 0.328816
v 0.191595 5.375092 0.371043
v 0.214895 5.421292 0.282860
v 0.199362 5.390994 0.341649
v 0.207128 5.406896 0.312254
v -0.017855 5.382733 -0.233674
v -0.016711 5.415157 -0.174343
v -0.017474 5.393541 -0.213897
v -0.017092 5.404349 -0.194120
v -0.200998 5.416306 -0.044779
v -0.273055 5.381584 -0.022663
v -0.225017 5.404732 -0.037407
v -0.249036 5.393158 -0.030035
v 0.053450 5.415228 -0.173409
v 0.060483 5.382661 -0.232037
v 0.055794 5.404373 -0.192952
v 0.058139 5.393517 -0.212494
v -0.208918 5.418656 0.048822
v -0.265027 5.379233 0.129840
v -0.227621 5.405515 0.075828
v -0.246324 5.392375 0.102834
v 0.298238 5.380061 0.095068
v 0.241219 5.417829 0.023502
v 0.279231 5.392651 0.071212
v 0.260225 5.405240 0.047357
v 0.157888 5.382260 -0.204123
v 0.120294 5.415630 -0.158018
v 0.145357 5.393383 -0.188755
v 0.132825 5.404507 -0.173386
v -0.143632 5.375265 0.374479
v -0.177544 5.421402 0.283113
v -0.154936 5.391051 0.344024
v -0.166240 5.406838 0.313568
v -0.276963 5.380361 0.079127
v -0.211997 5.417529 0.018540
v -0.255308 5.392750 0.058931
v -0.233652 5.405139 0.038735
v 0.228601 5.421411 0.268031
v 0.260542 5.374972 0.330511
v 0.239248 5.406936 0.288857
v 0.249895 5.390954 0.309684
v 0.205299 5.281392 -0.333287
v 0.206206 5.278504 -0.334345
v 0.205752 5.280651 -0.333816
v 0.206084 5.279594 -0.334203
v 0.115036 5.278504 -0.366570
v 0.114516 5.281400 -0.365286
v 0.114966 5.279595 -0.366398
v 0.114776 5.280655 -0.365928
v 0.019159 5.278504 -0.379135
v 0.018808 5.281394 -0.377757
v 0.019112 5.279594 -0.378950
v 0.018983 5.280652 -0.378446
v -0.077236 5.278504 -0.371491
v -0.077151 5.281405 -0.370109
v -0.077225 5.279596 -0.371306
v -0.077194 5.280658 -0.370800
v -0.169935 5.278504 -0.343973
v -0.169423 5.281409 -0.342697
v -0.169866 5.279597 -0.343802
v -0.169679 5.280660 -0.343335
v -0.254887 5.278504 -0.297783
v -0.253987 5.281407 -0.296717
v -0.254766 5.279596 -0.297640
v -0.254437 5.280659 -0.297250
v -0.328379 5.278504 -0.234940
v -0.327156 5.281400 -0.234172
v -0.328215 5.279595 -0.234837
v -0.327768 5.280655 -0.234556
v -0.387199 5.278504 -0.158190
v -0.385739 5.281387 -0.157786
v -0.387004 5.279593 -0.158136
v -0.386469 5.280649 -0.157988
v -0.428777 5.278504 -0.070889
v -0.427175 5.281373 -0.070889
v -0.428563 5.279592 -0.070889
v -0.427976 5.280642 -0.070889
v -0.451295 5.278504 0.023150
v -0.449650 5.281359 0.022727
v -0.451075 5.279590 0.023094
v -0.450473 5.280634 0.022939
v -0.453770 5.278504 0.119816
v -0.452175 5.281347 0.118973
v -0.453556 5.279588 0.119703
v -0.452972 5.280629 0.119395
v -0.436092 5.278504 0.214883
v -0.434635 5.281340 0.213640
v -0.435897 5.279587 0.214717
v -0.435363 5.280625 0.214262
v -0.399035 5.278504 0.304198
v -0.397793 5.281341 0.302582
v -0.398869 5.279587 0.303982
v -0.398414 5.280625 0.303390
v -0.344218 5.278504 0.383856
v -0.342872 5.281755 0.382924
v -0.344038 5.279643 0.383732
v -0.343545 5.280833 0.383390
v -0.274037 5.278504 0.450377
v -0.273271 5.281738 0.448912
v -0.273935 5.279641 0.450181
v -0.273654 5.280824 0.449645
v -0.191560 5.278504 0.500853
v -0.191444 5.281721 0.498984
v -0.191544 5.279638 0.500602
v -0.191502 5.280816 0.499919
v -0.100390 5.278504 0.533077
v -0.100974 5.281706 0.530935
v -0.100468 5.279636 0.532790
v -0.100682 5.280808 0.532006
v -0.004513 5.278504 0.545642
v -0.002684 5.281538 0.543671
v -0.004268 5.279614 0.545378
v -0.003598 5.280724 0.544657
v 0.091882 5.278504 0.537999
v 0.093079 5.281561 0.535995
v 0.092042 5.279617 0.537731
v 0.092480 5.280735 0.536997
v 0.184581 5.278504 0.510481
v 0.185128 5.281594 0.508556
v 0.184654 5.279621 0.510223
v 0.184855 5.280752 0.509519
v 0.269533 5.278504 0.464291
v 0.269418 5.281632 0.462582
v 0.269518 5.279626 0.464062
v 0.269476 5.280771 0.463436
v 0.343025 5.278504 0.401448
v 0.342562 5.281185 0.399467
v 0.342963 5.279566 0.401182
v 0.342793 5.280548 0.400457
v 0.401845 5.278504 0.324698
v 0.401041 5.281199 0.322915
v 0.401738 5.279568 0.324459
v 0.401443 5.280554 0.323807
v 0.443423 5.278504 0.237396
v 0.442323 5.281219 0.235870
v 0.443276 5.279571 0.237192
v 0.442873 5.280564 0.236633
v 0.465941 5.278504 0.143358
v 0.464604 5.281243 0.142144
v 0.465762 5.279574 0.143195
v 0.465273 5.280577 0.142751
v 0.468416 5.278504 0.046692
v 0.466912 5.281271 0.045840
v 0.468214 5.279578 0.046578
v 0.467664 5.280591 0.046266
v 0.450738 5.278504 -0.048376
v 0.449153 5.281301 -0.048830
v 0.450526 5.279582 -0.048436
v 0.449946 5.280606 -0.048603
v 0.413681 5.278504 -0.137690
v 0.412113 5.281330 -0.137729
v 0.413471 5.279586 -0.137696
v 0.412897 5.280620 -0.137710
v 0.358864 5.278504 -0.217349
v 0.357417 5.281356 -0.216978
v 0.358670 5.279590 -0.217299
v 0.358141 5.280633 -0.217163
v 0.288684 5.278504 -0.283869
v 0.287460 5.281377 -0.283124
v 0.288520 5.279593 -0.283770
v 0.288072 5.280643 -0.283497
v 0.206206 5.237857 -0.334345
v 0.205376 5.235937 -0.332602
v 0.206095 5.236897 -0.334112
v 0.205791 5.236194 -0.333473
v 0.114587 5.235937 -0.364692
v 0.115036 5.237857 -0.366570
v 0.114811 5.236194 -0.365631
v 0.114976 5.236897 -0.366318
v 0.019109 5.235937 -0.377205
v 0.019159 5.237857 -0.379135
v 0.019134 5.236194 -0.378170
v 0.019152 5.236897 -0.378876
v -0.076883 5.235937 -0.369593
v -0.077236 5.237857 -0.371491
v -0.077059 5.236194 -0.370542
v -0.077189 5.236897 -0.371237
v -0.169195 5.235937 -0.342190
v -0.169935 5.237857 -0.343973
v -0.169565 5.236194 -0.343081
v -0.169836 5.236897 -0.343734
v -0.253792 5.235937 -0.296193
v -0.254887 5.237857 -0.297783
v -0.254340 5.236194 -0.296988
v -0.254740 5.236897 -0.297570
v -0.326978 5.235937 -0.233612
v -0.328379 5.237857 -0.234940
v -0.327678 5.236194 -0.234276
v -0.328191 5.236897 -0.234762
v -0.385552 5.235937 -0.157183
v -0.387199 5.237857 -0.158190
v -0.386376 5.236194 -0.157687
v -0.386979 5.236897 -0.158055
v -0.426957 5.235937 -0.070245
v -0.428777 5.237857 -0.070889
v -0.427867 5.236194 -0.070567
v -0.428533 5.236897 -0.070802
v -0.449381 5.235937 0.023401
v -0.451295 5.237857 0.023150
v -0.450338 5.236194 0.023276
v -0.451039 5.236897 0.023184
v -0.451845 5.235937 0.119663
v -0.453770 5.237857 0.119816
v -0.452807 5.236194 0.119739
v -0.453512 5.236897 0.119795
v -0.434241 5.235937 0.214334
v -0.436092 5.237857 0.214883
v -0.435167 5.236194 0.214609
v -0.435844 5.236897 0.214810
v -0.397339 5.235937 0.303276
v -0.399035 5.237857 0.304198
v -0.398187 5.236194 0.303737
v -0.398808 5.236897 0.304074
v -0.342751 5.235937 0.382602
v -0.344218 5.237857 0.383856
v -0.343485 5.236194 0.383229
v -0.344022 5.236897 0.383688
v -0.272863 5.235937 0.448845
v -0.274037 5.237857 0.450377
v -0.273450 5.236194 0.449611
v -0.273880 5.236897 0.450172
v -0.190730 5.235937 0.499110
v -0.191560 5.237857 0.500853
v -0.191145 5.236194 0.499981
v -0.191449 5.236897 0.500619
v -0.099940 5.235937 0.531200
v -0.100390 5.237857 0.533077
v -0.100165 5.236194 0.532139
v -0.100330 5.236897 0.532826
v -0.004463 5.235937 0.543712
v -0.004513 5.237857 0.545642
v -0.004488 5.236194 0.544677
v -0.004506 5.236897 0.545384
v 0.091529 5.235937 0.536101
v 0.091882 5.237857 0.537999
v 0.091705 5.236194 0.537050
v 0.091835 5.236897 0.537745
v 0.183841 5.235937 0.508698
v 0.184581 5.237857 0.510481
v 0.184211 5.236194 0.509589
v 0.184482 5.236897 0.510242
v 0.268438 5.235937 0.462700
v 0.269533 5.237857 0.464291
v 0.268986 5.236194 0.463496
v 0.269386 5.236897 0.464078
v 0.341624 5.235937 0.400120
v 0.343025 5.237857 0.401448
v 0.342324 5.236194 0.400784
v 0.342837 5.236897 0.401270
v 0.400199 5.235937 0.323690
v 0.401845 5.237857 0.324698
v 0.401022 5.236194 0.324194
v 0.401625 5.236897 0.324563
v 0.441603 5.235937 0.236753
v 0.443423 5.237857 0.237396
v 0.442513 5.236194 0.237075
v 0.443179 5.236897 0.237310
v 0.464027 5.235937 0.143107
v 0.465941 5.237857 0.143358
v 0.464984 5.236194 0.143232
v 0.465685 5.236897 0.143324
v 0.466491 5.235937 0.046845
v 0.468416 5.237857 0.046692
v 0.467453 5.236194 0.046768
v 0.468158 5.236897 0.046712
v 0.448887 5.235937 -0.047826
v 0.450738 5.237857 -0.048376
v 0.449813 5.236194 -0.048101
v 0.450490 5.236897 -0.048302
v 0.411985 5.235937 -0.136768
v 0.413681 5.237857 -0.137690
v 0.412833 5.236194 -0.137229
v 0.413454 5.236897 -0.137567
v 0.357397 5.235937 -0.216094
v 0.358864 5.237857 -0.217349
v 0.358131 5.236194 -0.216721
v 0.358668 5.236897 -0.217181
v 0.287509 5.235937 -0.282337
v 0.288684 5.237857 -0.283869
v 0.288096 5.236194 -0.283103
v 0.288526 5.236897 -0.283664
vn -0.3819 0.0827 -0.9205
vn -0.1815 0.0827 -0.9799
vn -0.1813 -0.1301 -0.9748
vn -0.3800 -0.1301 -0.9158
vn -0.5653 0.0836 -0.8206
vn -0.5621 -0.1301 -0.8168
vn 0.3983 0.8380 -0.3730
vn 0.4174 0.8437 -0.3374
vn 0.3492 0.8491 -0.3964
vn 0.3273 0.8453 -0.4223
vn 0.4615 0.8306 -0.3115
vn 0.4745 0.8390 -0.2662
vn 0.5146 0.8234 -0.2393
vn 0.5184 0.8347 -0.1856
vn 0.5561 0.8159 -0.1584
vn 0.5480 0.8307 -0.0984
vn 0.5851 0.8078 -0.0714
vn 0.5633 0.8262 -0.0080
vn -0.9396 0.0913 -0.3299
vn -0.8505 0.0879 -0.5186
vn -0.8457 -0.1301 -0.5176
vn -0.9348 -0.1301 -0.3304
vn 0.2725 0.8549 -0.4415
vn 0.2508 0.8527 -0.4582
vn 0.0267 0.0833 -0.9962
vn 0.0254 -0.1301 -0.9912
vn 0.0932 0.8211 0.5631
vn -0.1008 0.8302 0.5483
vn -0.0701 0.8675 0.4925
vn 0.0516 0.8683 0.4934
vn -0.6516 0.7521 0.0986
vn -0.5632 0.8263 -0.0064
vn -0.5738 0.8187 0.0204
vn -0.6010 0.7830 0.1605
vn 0.3555 0.7443 0.5654
vn 0.2254 0.8255 0.5174
vn 0.4630 0.7644 0.4487
vn 0.6489 0.6487 0.3977
vn -0.3376 0.7809 0.5255
vn -0.2465 0.8333 0.4948
vn -0.5812 0.7304 0.3588
vn -0.4512 0.7971 0.4012
vn 0.7421 0.6617 0.1068
vn 0.6821 0.7070 0.1866
vn -0.0190 0.8753 -0.4833
vn -0.0205 0.8754 -0.4830
vn -0.0877 0.8733 -0.4792
vn -0.0791 0.8731 -0.4811
vn 0.6276 0.7785 0.0031
vn 0.6451 0.7632 0.0362
vn -0.3668 0.8596 -0.3559
vn -0.3826 0.8632 -0.3294
vn -0.4348 0.8617 -0.2617
vn -0.4229 0.8564 -0.2961
vn -0.4745 0.8604 -0.1860
vn -0.4692 0.8533 -0.2275
vn -0.3024 0.8628 -0.4052
vn -0.3195 0.8651 -0.3867
vn -0.2315 0.8661 -0.4430
vn -0.2476 0.8674 -0.4316
vn -0.1564 0.8696 -0.4684
vn -0.1694 0.8702 -0.4627
vn -0.5010 0.8590 -0.1050
vn -0.5044 0.8500 -0.1522
vn 0.1711 0.8601 -0.4806
vn 0.1902 0.8611 -0.4714
vn 0.1056 0.8676 -0.4859
vn 0.0907 0.8672 -0.4896
vn -0.5143 0.8573 -0.0214
vn -0.5281 0.8461 -0.0722
vn 0.0283 0.8732 -0.4865
vn 0.0341 0.8734 -0.4858
vn -0.0058 -0.0000 1.0000
vn -0.0000 1.0000 -0.0000
vn 0.9212 0.0314 0.3879
vn 0.9434 -0.1076 0.3138
vn -0.0000 -1.0000 -0.0000
vn 0.9386 -0.2719 0.2122
vn 0.8990 -0.4278 0.0931
vn 0.0681 -0.9161 0.3952
vn 0.0578 -0.7667 0.6395
vn 0.0983 -0.9420 0.3208
vn 0.1168 -0.9353 0.3340
vn 0.1700 -0.9167 0.3616
vn 0.2059 -0.9046 0.3732
vn 0.1183 -0.9735 0.1956
vn 0.1810 -0.9770 0.1124
vn 0.2563 -0.9534 0.1591
vn 0.4196 -0.8695 0.2605
vn -0.5220 -0.8529 -0.0004
vn -0.5671 -0.8237 -0.0039
vn -0.3093 -0.9509 0.0148
vn 0.0525 -0.6916 0.7204
vn -0.2834 -0.9576 0.0522
vn -0.2686 -0.9626 0.0354
vn 0.0751 -0.0000 -0.9972
vn 0.2747 -0.0000 -0.9615
vn 0.2051 -0.0000 -0.9788
vn -0.9690 -0.0000 -0.2472
vn 0.8902 -0.4493 0.0753
vn -0.7092 -0.0000 -0.7050
vn -0.2988 -0.9517 0.0699
vn -0.4122 0.8955 0.1679
vn -0.3217 -0.9266 0.1946
vn -0.7642 -0.0000 0.6450
vn 0.6539 -0.0000 -0.7566
vn 0.5887 0.1277 -0.7982
vn 0.5104 0.2526 -0.8220
vn 0.0058 -0.0000 -1.0000
vn -0.7239 0.0853 -0.6846
vn -0.7196 -0.1301 -0.6821
vn 0.9562 0.0850 -0.2802
vn 0.9933 0.0878 -0.0749
vn 0.9884 -0.1301 -0.0784
vn 0.9505 -0.1301 -0.2822
vn 0.2329 0.0826 -0.9690
vn 0.2309 -0.1301 -0.9642
vn -0.8719 0.1072 0.4778
vn -0.9524 0.1060 0.2859
vn -0.9505 -0.1301 0.2822
vn -0.8711 -0.1301 0.4736
vn 0.7592 0.0813 -0.6458
vn 0.8770 0.0828 -0.4733
vn 0.8711 -0.1301 -0.4736
vn 0.7536 -0.1301 -0.6444
vn 0.0322 -0.9904 -0.1345
vn 0.0595 -0.9904 -0.1249
vn 0.0841 -0.9904 -0.1098
vn 0.1051 -0.9904 -0.0899
vn 0.1215 -0.9904 -0.0661
vn 0.1326 -0.9904 -0.0394
vn 0.1379 -0.9904 -0.0109
vn 0.1372 -0.9904 0.0180
vn 0.1304 -0.9904 0.0461
vn 0.1180 -0.9904 0.0722
vn 0.1004 -0.9904 0.0952
vn 0.0784 -0.9904 0.1140
vn 0.0530 -0.9904 0.1278
vn 0.0253 -0.9904 0.1360
vn -0.0035 -0.9904 0.1383
vn -0.0322 -0.9904 0.1345
vn -0.0595 -0.9904 0.1249
vn -0.0841 -0.9904 0.1098
vn -0.1051 -0.9904 0.0899
vn -0.1215 -0.9904 0.0661
vn -0.1326 -0.9904 0.0394
vn -0.1379 -0.9904 0.0109
vn -0.1372 -0.9904 -0.0180
vn -0.1304 -0.9904 -0.0461
vn -0.1180 -0.9904 -0.0722
vn -0.1004 -0.9904 -0.0952
vn -0.0784 -0.9904 -0.1140
vn -0.0530 -0.9904 -0.1278
vn -0.0253 -0.9904 -0.1360
vn 0.0035 -0.9904 -0.1383
vn 0.5188 0.7811 0.3474
vn 0.5330 0.8297 0.1660
vn 0.5809 0.8079 0.0993
vn 0.5473 0.7921 0.2702
vn -0.6047 0.0944 0.7908
vn -0.7566 0.0994 0.6462
vn -0.7536 -0.1301 0.6444
vn -0.6031 -0.1301 0.7870
vn 0.4299 0.0812 -0.8992
vn 0.6079 0.0808 -0.7899
vn 0.6031 -0.1301 -0.7870
vn 0.4263 -0.1301 -0.8952
vn -0.9916 0.1003 0.0814
vn -0.9873 0.0954 -0.1269
vn -0.9831 -0.1301 -0.1288
vn -0.9884 -0.1301 0.0784
vn 0.8464 0.0999 0.5231
vn 0.7191 0.0988 0.6878
vn 0.7196 -0.1301 0.6821
vn 0.8457 -0.1301 0.5176
vn 0.9868 0.0913 0.1334
vn 0.9831 -0.1301 0.1288
vn 0.5617 0.0919 0.8222
vn 0.3772 0.0929 0.9214
vn 0.3800 -0.1301 0.9158
vn 0.5621 -0.1301 0.8168
vn -0.4255 0.1009 0.8993
vn -0.4263 -0.1301 0.8952
vn 0.1762 0.1041 0.9788
vn -0.0319 0.1176 0.9925
vn -0.0254 -0.1301 0.9912
vn 0.1813 -0.1301 0.9748
vn 0.9371 0.0954 0.3357
vn 0.9348 -0.1301 0.3304
vn -0.2276 0.1151 0.9669
vn -0.2309 -0.1301 0.9642
vn 0.0759 0.8435 -0.5318
vn -0.0180 0.8454 -0.5338
vn -0.0244 0.8757 -0.4822
vn 0.0476 0.8743 -0.4831
vn -0.0229 0.8756 -0.4825
vn 0.0420 0.8739 -0.4842
vn -0.5121 0.8513 0.1139
vn -0.4888 0.8204 0.2966
vn -0.5135 0.8258 0.2332
vn -0.5298 0.8450 0.0732
vn -0.5324 0.8218 0.2030
vn -0.5436 0.8379 0.0492
vn -0.4862 0.8688 -0.0938
vn -0.4796 0.8775 0.0026
vn -0.4682 0.8831 -0.0297
vn -0.4615 0.8793 -0.1173
vn -0.4820 0.8741 -0.0601
vn -0.4671 0.8722 -0.1451
vn 0.1777 0.8384 -0.5153
vn 0.1311 0.8698 -0.4757
vn 0.1207 0.8690 -0.4799
vn -0.4540 0.8861 0.0932
vn -0.4577 0.8873 0.0564
vn -0.4816 0.8760 0.0251
vn -0.1134 0.8434 -0.5252
vn -0.2132 0.8423 -0.4951
vn -0.1892 0.8724 -0.4507
vn -0.1026 0.8742 -0.4747
vn -0.1811 0.8715 -0.4557
vn -0.0965 0.8738 -0.4766
vn -0.3035 0.8437 -0.4428
vn -0.2694 0.8717 -0.4093
vn -0.2605 0.8701 -0.4185
vn -0.3790 0.8474 -0.3718
vn -0.3395 0.8721 -0.3523
vn -0.3314 0.8694 -0.3664
vn -0.4359 0.8532 -0.2863
vn -0.3962 0.8737 -0.2824
vn -0.3908 0.8697 -0.3015
vn -0.4719 0.8605 -0.1919
vn -0.4374 0.8761 -0.2028
vn -0.4366 0.8706 -0.2267
vn 0.6031 0.7945 0.0706
vn 0.5780 0.7812 0.2360
vn 0.4434 0.8838 0.1492
vn 0.4754 0.8755 0.0863
vn 0.5121 0.8575 0.0492
vn -0.3522 0.8048 0.4778
vn -0.2230 0.8263 0.5172
vn -0.2031 0.8488 0.4882
vn -0.3384 0.8295 0.4443
vn -0.2088 0.8557 0.4734
vn -0.3596 0.8339 0.4188
vn -0.0846 0.8604 0.5026
vn -0.0680 0.8762 0.4772
vn -0.0666 0.8839 0.4629
vn 0.2837 0.8050 0.5210
vn 0.3073 0.8223 0.4790
vn 0.3378 0.8243 0.4543
vn 0.0303 0.8686 0.4946
vn 0.1436 0.8385 0.5256
vn 0.1619 0.8509 0.4998
vn 0.0420 0.8782 0.4764
vn 0.1730 0.8577 0.4841
vn 0.0438 0.8861 0.4613
vn 0.3615 0.8366 -0.4116
vn 0.2756 0.8360 -0.4745
vn 0.2194 0.8657 -0.4500
vn 0.3012 0.8629 -0.4059
vn 0.2075 0.8640 -0.4588
vn 0.2896 0.8598 -0.4205
vn 0.4824 0.8738 0.0618
vn 0.4921 0.8706 -0.0033
vn 0.5154 0.8560 -0.0411
vn 0.5027 0.8638 -0.0347
vn 0.4901 0.8664 -0.0955
vn 0.5021 0.8548 -0.1315
vn 0.5016 0.8544 -0.1359
vn 0.4690 0.8634 -0.1861
vn 0.4716 0.8543 -0.2183
vn 0.4774 0.8463 -0.2366
vn 0.4292 0.8617 -0.2707
vn 0.4247 0.8550 -0.2977
vn 0.4300 0.8401 -0.3305
vn 0.3723 0.8615 -0.3452
vn 0.3631 0.8568 -0.3661
vn 0.5490 0.8192 0.1660
vn 0.5948 0.8022 0.0518
vn -0.5807 0.8134 0.0357
vn -0.5392 0.8290 0.1481
vn 0.6148 0.7852 -0.0740
vn -0.5390 0.8101 0.2308
vn 0.6053 0.7693 -0.2047
vn -0.5223 0.7563 0.3939
vn 0.5645 0.7555 -0.3325
vn -0.4186 0.7230 0.5496
vn 0.2748 0.7394 -0.6147
vn 0.1417 0.7447 -0.6521
vn 0.4930 0.7453 -0.4488
vn -0.2818 0.7488 0.5998
vn 0.0069 0.7475 -0.6642
vn 0.3944 0.7397 -0.5452
vn -0.1294 0.7967 0.5904
vn -0.1259 0.7451 -0.6550
vn 0.0061 0.8124 0.5831
vn -0.2576 0.7442 -0.6163
vn 0.1266 0.7798 0.6131
vn -0.3757 0.7480 -0.5471
vn 0.2725 0.7370 0.6185
vn -0.4729 0.7561 -0.4523
vn 0.4315 0.7387 0.5178
vn -0.5438 0.7678 -0.3388
vn 0.5167 0.7839 0.3442
vn -0.5854 0.7819 -0.2145
vn 0.4822 0.8354 0.2639
vn -0.5971 0.7974 -0.0872
vn 0.3603 0.5480 -0.7549
vn 0.1945 0.5536 -0.8097
vn 0.4129 0.2922 -0.8626
vn 0.2235 0.2966 -0.9285
vn 0.0217 0.5566 -0.8305
vn 0.0260 0.2988 -0.9540
vn -0.1520 0.5533 -0.8190
vn -0.1737 0.2967 -0.9390
vn -0.3194 0.5525 -0.7699
vn -0.3659 0.2965 -0.8822
vn -0.4710 0.5566 -0.6843
vn -0.5414 0.2993 -0.7857
vn -0.5988 0.5654 -0.5672
vn -0.6921 0.3051 -0.6541
vn -0.6960 0.5782 -0.4257
vn -0.8109 0.3138 -0.4940
vn -0.7583 0.5943 -0.2679
vn -0.8925 0.3250 -0.3129
vn -0.7835 0.6128 -0.1028
vn -0.9334 0.3384 -0.1195
vn -0.7719 0.6329 0.0608
vn -0.9322 0.3537 0.0769
vn -0.7255 0.6539 0.2147
vn -0.8894 0.3709 0.2672
vn -0.6725 0.6430 0.3665
vn -0.8148 0.3689 0.4471
vn -0.6126 0.5903 0.5256
vn -0.7151 0.3389 0.6113
vn -0.5041 0.5595 0.6579
vn -0.5754 0.3205 0.7525
vn -0.3486 0.5864 0.7312
vn -0.4021 0.3404 0.8500
vn -0.1802 0.6420 0.7452
vn -0.2123 0.3834 0.8988
vn -0.0171 0.6580 0.7529
vn -0.0286 0.3929 0.9191
vn 0.1452 0.6168 0.7736
vn 0.1657 0.3564 0.9195
vn 0.3147 0.5705 0.7586
vn 0.3584 0.3215 0.8765
vn 0.4616 0.5762 0.6745
vn 0.5336 0.3205 0.7827
vn 0.5620 0.6314 0.5343
vn 0.6763 0.3496 0.6484
vn 0.6460 0.6536 0.3943
vn 0.7934 0.3596 0.4911
vn 0.7294 0.6338 0.2573
vn 0.8834 0.3448 0.3174
vn 0.7824 0.6143 0.1025
vn 0.9350 0.3311 0.1274
vn 0.8008 0.5957 -0.0631
vn 0.9452 0.3188 -0.0703
vn 0.7820 0.5788 -0.2314
vn 0.9132 0.3083 -0.2665
vn 0.7255 0.5646 -0.3935
vn 0.8400 0.3000 -0.4522
vn 0.6332 0.5543 -0.5402
vn 0.7286 0.2943 -0.6186
vn 0.5093 0.5485 -0.6631
vn 0.5840 0.2916 -0.7576
vn 0.3737 -0.4944 -0.7848
vn 0.2024 -0.4944 -0.8453
vn 0.3032 -0.7090 -0.6367
vn 0.1642 -0.7090 -0.6858
vn 0.0600 -0.9663 -0.2504
vn 0.1107 -0.9663 -0.2325
vn 0.0222 -0.4944 -0.8689
vn 0.0180 -0.7090 -0.7049
vn 0.0066 -0.9663 -0.2574
vn -0.1765 -0.2601 -0.9493
vn -0.1289 -0.7091 -0.6933
vn -0.0934 -0.8596 -0.5023
vn -0.3331 -0.4944 -0.8029
vn -0.1958 -0.8596 -0.4719
vn -0.4927 -0.4944 -0.7161
vn -0.3997 -0.7090 -0.5809
vn -0.1460 -0.9663 -0.2121
vn -0.6309 -0.4944 -0.5980
vn -0.5118 -0.7090 -0.4851
vn -0.1869 -0.9663 -0.1771
vn -0.7414 -0.4944 -0.4537
vn -0.6015 -0.7090 -0.3681
vn -0.2196 -0.9663 -0.1344
vn -0.8195 -0.4944 -0.2897
vn -0.6649 -0.7090 -0.2350
vn -0.2428 -0.9663 -0.0858
vn -0.8618 -0.4944 -0.1129
vn -0.6992 -0.7090 -0.0916
vn -0.2553 -0.9663 -0.0335
vn -0.8665 -0.4944 0.0687
vn -0.7030 -0.7090 0.0557
vn -0.2567 -0.9663 0.0204
vn -0.8333 -0.4944 0.2474
vn -0.4898 -0.8596 0.1454
vn -0.8483 -0.2601 0.4612
vn -0.6195 -0.7091 0.3368
vn -0.4489 -0.8596 0.2441
vn -0.7339 -0.2601 0.6275
vn -0.5359 -0.7091 0.4583
vn -0.3883 -0.8596 0.3320
vn -0.5874 -0.2601 0.7664
vn -0.4289 -0.7091 0.5597
vn -0.3108 -0.8596 0.4055
vn -0.3737 -0.4944 0.7848
vn -0.2197 -0.8596 0.4613
vn -0.2024 -0.4945 0.8453
vn -0.1642 -0.7090 0.6858
vn -0.0600 -0.9663 0.2504
vn -0.0222 -0.4944 0.8689
vn -0.0180 -0.7090 0.7049
vn -0.0066 -0.9663 0.2574
vn 0.1765 -0.2601 0.9493
vn 0.1289 -0.7090 0.6933
vn 0.0471 -0.9663 0.2531
vn 0.3331 -0.4944 0.8029
vn 0.2702 -0.7090 0.6513
vn 0.0987 -0.9663 0.2378
vn 0.4928 -0.4944 0.7161
vn 0.3998 -0.7090 0.5809
vn 0.1460 -0.9663 0.2121
vn 0.6309 -0.4944 0.5980
vn 0.3708 -0.8596 0.3515
vn 0.7414 -0.4944 0.4537
vn 0.4358 -0.8596 0.2667
vn 0.8195 -0.4944 0.2897
vn 0.6649 -0.7090 0.2350
vn 0.2428 -0.9663 0.0858
vn 0.8618 -0.4944 0.1129
vn 0.6992 -0.7090 0.0916
vn 0.2553 -0.9663 0.0335
vn 0.9626 -0.2601 -0.0763
vn 0.7030 -0.7090 -0.0557
vn 0.2567 -0.9663 -0.0204
vn 0.9256 -0.2601 -0.2748
vn 0.6760 -0.7091 -0.2007
vn 0.4898 -0.8596 -0.1454
vn 0.7636 -0.4944 -0.4152
vn 0.4489 -0.8596 -0.2441
vn 0.6606 -0.4944 -0.5649
vn 0.5359 -0.7090 -0.4583
vn 0.1957 -0.9663 -0.1673
vn 0.5287 -0.4944 -0.6899
vn 0.4290 -0.7090 -0.5597
vn 0.1566 -0.9663 -0.2044
vt 0.000000 0.000000
s 1
usemtl MI_MetalSteelStainless01.001
f 771/962/567 767/962/568 888/962/569 892/962/570
f 775/962/571 771/962/567 892/962/570 896/962/572
f 623/962/573 684/962/574 672/962/575 619/962/576
f 627/962/577 696/962/578 684/962/574 623/962/573
f 630/962/579 704/962/580 696/962/578 627/962/577
f 631/962/581 708/962/582 704/962/580 630/962/579
f 613/962/583 736/962/584 708/962/582 631/962/581
f 787/962/585 783/962/586 904/962/587 908/962/588
f 619/962/576 672/962/575 663/962/589 617/962/590
f 767/962/568 763/962/591 884/962/592 888/962/569
f 621/962/593 620/962/594 744/962/595 675/962/596
f 611/962/597 610/962/598 731/962/599 648/962/600
f 633/962/601 716/962/602 711/962/603 632/962/604
f 620/962/594 628/962/605 700/962/606 744/962/595
f 628/962/605 624/962/607 687/962/608 700/962/606
f 629/962/609 632/962/604 711/962/603 751/962/610
f 634/962/611 720/962/612 679/962/613 622/962/614
f 614/962/615 656/962/616 736/962/584 613/962/583
f 609/962/617 644/962/618 636/962/619 606/962/620
f 606/962/620 636/962/619 723/962/621 605/962/622
f 612/962/623 652/962/624 644/962/618 609/962/617
f 615/962/625 660/962/626 652/962/624 612/962/623
f 618/962/627 668/962/628 660/962/626 615/962/625
f 622/962/614 679/962/613 668/962/628 618/962/627
f 605/962/622 723/962/621 692/962/629 626/962/630
f 616/962/631 740/962/632 639/962/633 608/962/634
f 626/962/630 692/962/629 748/962/635 625/962/636
f 624/962/607 611/962/597 648/962/600 687/962/608
f 634/962/611 607/962/637 727/962/638 720/962/612
f 586/962/639 587/962/639 607/962/639 634/962/639
f 582/962/640 583/962/640 610/962/640 611/962/640
f 590/962/641 605/962/641 626/962/642 589/962/642
f 596/962/643 608/962/643 607/962/643 587/962/643
f 589/962/642 626/962/642 625/962/644 585/962/645
f 588/962/646 622/962/647 618/962/648 595/962/649
f 595/962/649 618/962/648 615/962/650 594/962/651
f 594/962/651 615/962/650 612/962/652 593/962/652
f 593/962/652 612/962/652 609/962/643 592/962/643
f 592/962/643 609/962/643 606/962/653 591/962/654
f 591/962/654 606/962/653 605/962/655 590/962/655
f 584/962/656 578/962/657 629/962/657 614/962/658
f 586/962/659 634/962/659 622/962/647 588/962/646
f 584/962/656 614/962/658 613/962/660 597/962/661
f 580/962/640 581/962/640 624/962/640 628/962/640
f 579/962/662 580/962/663 628/962/663 620/962/664
f 577/962/665 632/962/665 629/962/665 578/962/665
f 581/962/640 582/962/640 611/962/640 624/962/640
f 585/962/645 625/962/644 610/962/666 583/962/666
f 575/962/640 621/962/640 633/962/640 576/962/640
f 576/962/667 633/962/667 632/962/667 577/962/667
f 599/962/640 617/962/640 616/962/640 598/962/640
f 598/962/643 616/962/643 608/962/643 596/962/643
f 597/962/661 613/962/660 631/962/668 604/962/668
f 604/962/669 631/962/669 630/962/669 603/962/669
f 603/962/670 630/962/670 627/962/670 602/962/670
f 602/962/671 627/962/671 623/962/671 601/962/671
f 601/962/672 623/962/672 619/962/673 600/962/673
f 600/962/673 619/962/673 617/962/674 599/962/674
f 575/962/675 579/962/662 620/962/664 621/962/675
f 625/962/636 748/962/635 731/962/599 610/962/598
f 783/962/586 779/962/676 900/962/677 904/962/587
f 859/962/678 855/962/679 976/962/680 980/962/681
f 763/962/591 759/962/682 880/962/683 884/962/592
f 803/962/684 799/962/685 920/962/686 924/962/687
f 867/962/688 863/962/689 984/962/690 988/962/691
f 879/962/692 876/962/693 991/962/694 987/962/695 983/962/696 979/962/697 975/962/698 971/962/699 967/962/700 963/962/701 959/962/702 955/962/703 951/962/704 947/962/705 943/962/706 939/962/707 935/962/708 931/962/709 927/962/710 923/962/711 919/962/712 915/962/713 911/962/714 907/962/715 903/962/716 899/962/717 895/962/718 891/962/719 887/962/720 883/962/721
f 752/962/722 655/962/723 657/962/724 754/962/725
f 811/962/726 807/962/727 928/962/728 932/962/729
f 756/962/730 871/962/731 992/962/732 875/962/733
f 795/962/734 791/962/735 912/962/736 916/962/737
f 779/962/676 775/962/571 896/962/572 900/962/677
f 863/962/689 859/962/678 980/962/681 984/962/690
f 843/962/738 839/962/739 960/962/740 964/962/741
f 799/962/685 795/962/734 916/962/737 920/962/686
f 855/962/679 851/962/742 972/962/743 976/962/680
f 835/962/744 831/962/745 952/962/746 956/962/747
f 815/962/748 811/962/726 932/962/729 936/962/749
f 807/962/727 803/962/684 924/962/687 928/962/728
f 827/962/750 823/962/751 944/962/752 948/962/753
f 851/962/742 847/962/754 968/962/755 972/962/743
f 871/962/731 867/962/688 988/962/691 992/962/732
f 608/962/634 639/962/633 727/962/638 607/962/637
f 839/962/739 835/962/744 956/962/747 960/962/740
f 823/962/751 819/962/756 940/962/757 944/962/752
f 819/962/756 815/962/748 936/962/749 940/962/757
f 831/962/745 827/962/750 948/962/753 952/962/746
f 617/962/590 663/962/589 740/962/632 616/962/631
f 621/962/593 675/962/596 716/962/602 633/962/601
f 728/962/758 719/962/759 721/962/760 730/962/761
f 730/962/761 721/962/760 722/962/762 729/962/763
f 729/962/763 722/962/762 720/962/612 727/962/638
f 732/962/764 647/962/765 649/962/766 734/962/767
f 734/962/767 649/962/766 650/962/768 733/962/769
f 733/962/769 650/962/768 648/962/600 731/962/599
f 724/962/770 691/962/771 693/962/772 726/962/773
f 726/962/773 693/962/772 694/962/774 725/962/775
f 725/962/775 694/962/774 692/962/629 723/962/621
f 640/962/776 728/962/758 730/962/761 642/962/777
f 642/962/777 730/962/761 729/962/763 641/962/778
f 641/962/778 729/962/763 727/962/638 639/962/633
f 691/962/771 747/962/779 749/962/780 693/962/772
f 693/962/772 749/962/780 750/962/781 694/962/774
f 694/962/774 750/962/781 748/962/635 692/962/629
f 680/962/782 667/962/783 669/962/784 682/962/785
f 682/962/785 669/962/784 670/962/786 681/962/787
f 681/962/787 670/962/786 668/962/628 679/962/613
f 667/962/783 659/962/788 661/962/789 669/962/784
f 669/962/784 661/962/789 662/962/790 670/962/786
f 670/962/786 662/962/790 660/962/626 668/962/628
f 659/962/788 651/962/791 653/962/792 661/962/789
f 661/962/789 653/962/792 654/962/793 662/962/790
f 662/962/790 654/962/793 652/962/624 660/962/626
f 651/962/791 643/962/794 645/962/795 653/962/792
f 653/962/792 645/962/795 646/962/796 654/962/793
f 654/962/793 646/962/796 644/962/618 652/962/624
f 643/962/794 635/962/797 637/962/798 645/962/795
f 645/962/795 637/962/798 638/962/799 646/962/796
f 646/962/796 638/962/799 636/962/619 644/962/618
f 635/962/797 724/962/770 726/962/773 637/962/798
f 637/962/798 726/962/773 725/962/775 638/962/799
f 638/962/799 725/962/775 723/962/621 636/962/619
f 754/962/725 657/962/724 658/962/800 753/962/801
f 753/962/801 658/962/800 656/962/616 751/962/610
f 614/962/615 629/962/609 751/962/610 656/962/616
f 719/962/759 680/962/782 682/962/785 721/962/760
f 721/962/760 682/962/785 681/962/787 722/962/762
f 722/962/762 681/962/787 679/962/613 720/962/612
f 655/962/723 735/962/802 737/962/803 657/962/724
f 657/962/724 737/962/803 738/962/804 658/962/800
f 658/962/800 738/962/804 736/962/584 656/962/616
f 688/962/805 699/962/806 701/962/807 690/962/808
f 690/962/808 701/962/807 702/962/809 689/962/810
f 689/962/810 702/962/809 700/962/606 687/962/608
f 699/962/806 743/962/811 745/962/812 701/962/807
f 701/962/807 745/962/812 746/962/813 702/962/809
f 702/962/809 746/962/813 744/962/595 700/962/606
f 712/962/814 752/962/722 754/962/725 714/962/815
f 714/962/815 754/962/725 753/962/801 713/962/816
f 713/962/816 753/962/801 751/962/610 711/962/603
f 647/962/765 688/962/805 690/962/808 649/962/766
f 649/962/766 690/962/808 689/962/810 650/962/768
f 650/962/768 689/962/810 687/962/608 648/962/600
f 747/962/779 732/962/764 734/962/767 749/962/780
f 749/962/780 734/962/767 733/962/769 750/962/781
f 750/962/781 733/962/769 731/962/599 748/962/635
f 676/962/817 715/962/818 717/962/819 678/962/820
f 678/962/820 717/962/819 718/962/821 677/962/822
f 677/962/822 718/962/821 716/962/602 675/962/596
f 715/962/818 712/962/814 714/962/815 717/962/819
f 717/962/819 714/962/815 713/962/816 718/962/821
f 718/962/821 713/962/816 711/962/603 716/962/602
f 664/962/823 739/962/824 741/962/825 666/962/826
f 666/962/826 741/962/825 742/962/827 665/962/828
f 665/962/828 742/962/827 740/962/632 663/962/589
f 739/962/824 640/962/776 642/962/777 741/962/825
f 741/962/825 642/962/777 641/962/778 742/962/827
f 742/962/827 641/962/778 639/962/633 740/962/632
f 735/962/802 707/962/829 709/962/830 737/962/803
f 737/962/803 709/962/830 710/962/831 738/962/804
f 738/962/804 710/962/831 708/962/582 736/962/584
f 707/962/829 703/962/832 705/962/833 709/962/830
f 709/962/830 705/962/833 706/962/834 710/962/831
f 710/962/831 706/962/834 704/962/580 708/962/582
f 703/962/832 695/962/835 697/962/836 705/962/833
f 705/962/833 697/962/836 698/962/837 706/962/834
f 706/962/834 698/962/837 696/962/578 704/962/580
f 695/962/835 683/962/838 685/962/839 697/962/836
f 697/962/836 685/962/839 686/962/840 698/962/837
f 698/962/837 686/962/840 684/962/574 696/962/578
f 683/962/838 671/962/841 673/962/842 685/962/839
f 685/962/839 673/962/842 674/962/843 686/962/840
f 686/962/840 674/962/843 672/962/575 684/962/574
f 671/962/841 664/962/823 666/962/826 673/962/842
f 673/962/842 666/962/826 665/962/828 674/962/843
f 674/962/843 665/962/828 663/962/589 672/962/575
f 743/962/811 676/962/817 678/962/820 745/962/812
f 745/962/812 678/962/820 677/962/822 746/962/813
f 746/962/813 677/962/822 675/962/596 744/962/595
f 791/962/735 787/962/585 908/962/588 912/962/736
f 847/962/754 843/962/738 964/962/741 968/962/755
f 707/962/829 848/962/844 852/962/845 703/962/832
f 691/962/771 796/962/846 800/962/847 747/962/779
f 703/962/832 852/962/845 856/962/848 695/962/835
f 747/962/779 800/962/847 804/962/849 732/962/764
f 695/962/835 856/962/848 860/962/850 683/962/838
f 647/962/765 732/962/764 804/962/849 808/962/851
f 683/962/838 860/962/850 864/962/852 671/962/841
f 688/962/805 647/962/765 808/962/851 812/962/853
f 640/962/776 755/962/854 760/962/855 728/962/758
f 671/962/841 864/962/852 868/962/856 664/962/823
f 699/962/806 688/962/805 812/962/853 816/962/857
f 719/962/759 728/962/758 760/962/855 764/962/858
f 664/962/823 868/962/856 872/962/859 739/962/824
f 743/962/811 699/962/806 816/962/857 820/962/860
f 719/962/759 764/962/858 768/962/861 680/962/782
f 739/962/824 872/962/859 755/962/854 640/962/776
f 676/962/817 743/962/811 820/962/860 824/962/862
f 680/962/782 768/962/861 772/962/863 667/962/783
f 676/962/817 824/962/862 828/962/864 715/962/818
f 667/962/783 772/962/863 776/962/865 659/962/788
f 715/962/818 828/962/864 832/962/866 712/962/814
f 659/962/788 776/962/865 780/962/867 651/962/791
f 712/962/814 832/962/866 836/962/868 752/962/722
f 651/962/791 780/962/867 784/962/869 643/962/794
f 655/962/723 752/962/722 836/962/868 840/962/870
f 643/962/794 784/962/869 788/962/871 635/962/797
f 655/962/723 840/962/870 844/962/872 735/962/802
f 635/962/797 788/962/871 792/962/873 724/962/770
f 735/962/802 844/962/872 848/962/844 707/962/829
f 724/962/770 792/962/873 796/962/846 691/962/771
f 760/962/855 755/962/854 757/962/874 762/962/875
f 762/962/875 757/962/874 758/962/876 761/962/877
f 761/962/877 758/962/876 756/962/730 759/962/682
f 764/962/858 760/962/855 762/962/875 766/962/878
f 766/962/878 762/962/875 761/962/877 765/962/879
f 765/962/879 761/962/877 759/962/682 763/962/591
f 768/962/861 764/962/858 766/962/878 770/962/880
f 770/962/880 766/962/878 765/962/879 769/962/881
f 769/962/881 765/962/879 763/962/591 767/962/568
f 772/962/863 768/962/861 770/962/880 774/962/882
f 774/962/882 770/962/880 769/962/881 773/962/883
f 773/962/883 769/962/881 767/962/568 771/962/567
f 776/962/865 772/962/863 774/962/882 778/962/884
f 778/962/884 774/962/882 773/962/883 777/962/885
f 777/962/885 773/962/883 771/962/567 775/962/571
f 780/962/867 776/962/865 778/962/884 782/962/886
f 782/962/886 778/962/884 777/962/885 781/962/887
f 781/962/887 777/962/885 775/962/571 779/962/676
f 784/962/869 780/962/867 782/962/886 786/962/888
f 786/962/888 782/962/886 781/962/887 785/962/889
f 785/962/889 781/962/887 779/962/676 783/962/586
f 788/962/871 784/962/869 786/962/888 790/962/890
f 790/962/890 786/962/888 785/962/889 789/962/891
f 789/962/891 785/962/889 783/962/586 787/962/585
f 792/962/873 788/962/871 790/962/890 794/962/892
f 794/962/892 790/962/890 789/962/891 793/962/893
f 793/962/893 789/962/891 787/962/585 791/962/735
f 796/962/846 792/962/873 794/962/892 798/962/894
f 798/962/894 794/962/892 793/962/893 797/962/895
f 797/962/895 793/962/893 791/962/735 795/962/734
f 800/962/847 796/962/846 798/962/894 802/962/896
f 802/962/896 798/962/894 797/962/895 801/962/897
f 801/962/897 797/962/895 795/962/734 799/962/685
f 804/962/849 800/962/847 802/962/896 806/962/898
f 806/962/898 802/962/896 801/962/897 805/962/899
f 805/962/899 801/962/897 799/962/685 803/962/684
f 808/962/851 804/962/849 806/962/898 810/962/900
f 810/962/900 806/962/898 805/962/899 809/962/901
f 809/962/901 805/962/899 803/962/684 807/962/727
f 812/962/853 808/962/851 810/962/900 814/962/902
f 814/962/902 810/962/900 809/962/901 813/962/903
f 813/962/903 809/962/901 807/962/727 811/962/726
f 816/962/857 812/962/853 814/962/902 818/962/904
f 818/962/904 814/962/902 813/962/903 817/962/905
f 817/962/905 813/962/903 811/962/726 815/962/748
f 820/962/860 816/962/857 818/962/904 822/962/906
f 822/962/906 818/962/904 817/962/905 821/962/907
f 821/962/907 817/962/905 815/962/748 819/962/756
f 824/962/862 820/962/860 822/962/906 826/962/908
f 826/962/908 822/962/906 821/962/907 825/962/909
f 825/962/909 821/962/907 819/962/756 823/962/751
f 828/962/864 824/962/862 826/962/908 830/962/910
f 830/962/910 826/962/908 825/962/909 829/962/911
f 829/962/911 825/962/909 823/962/751 827/962/750
f 832/962/866 828/962/864 830/962/910 834/962/912
f 834/962/912 830/962/910 829/962/911 833/962/913
f 833/962/913 829/962/911 827/962/750 831/962/745
f 836/962/868 832/962/866 834/962/912 838/962/914
f 838/962/914 834/962/912 833/962/913 837/962/915
f 837/962/915 833/962/913 831/962/745 835/962/744
f 840/962/870 836/962/868 838/962/914 842/962/916
f 842/962/916 838/962/914 837/962/915 841/962/917
f 841/962/917 837/962/915 835/962/744 839/962/739
f 844/962/872 840/962/870 842/962/916 846/962/918
f 846/962/918 842/962/916 841/962/917 845/962/919
f 845/962/919 841/962/917 839/962/739 843/962/738
f 848/962/844 844/962/872 846/962/918 850/962/920
f 850/962/920 846/962/918 845/962/919 849/962/921
f 849/962/921 845/962/919 843/962/738 847/962/754
f 852/962/845 848/962/844 850/962/920 854/962/922
f 854/962/922 850/962/920 849/962/921 853/962/923
f 853/962/923 849/962/921 847/962/754 851/962/742
f 856/962/848 852/962/845 854/962/922 858/962/924
f 858/962/924 854/962/922 853/962/923 857/962/925
f 857/962/925 853/962/923 851/962/742 855/962/679
f 860/962/850 856/962/848 858/962/924 862/962/926
f 862/962/926 858/962/924 857/962/925 861/962/927
f 861/962/927 857/962/925 855/962/679 859/962/678
f 864/962/852 860/962/850 862/962/926 866/962/928
f 866/962/928 862/962/926 861/962/927 865/962/929
f 865/962/929 861/962/927 859/962/678 863/962/689
f 868/962/856 864/962/852 866/962/928 870/962/930
f 870/962/930 866/962/928 865/962/929 869/962/931
f 869/962/931 865/962/929 863/962/689 867/962/688
f 872/962/859 868/962/856 870/962/930 874/962/932
f 874/962/932 870/962/930 869/962/931 873/962/933
f 873/962/933 869/962/931 867/962/688 871/962/731
f 755/962/854 872/962/859 874/962/932 757/962/874
f 757/962/874 874/962/932 873/962/933 758/962/876
f 758/962/876 873/962/933 871/962/731 756/962/730
f 880/962/683 875/962/733 877/962/934 882/962/935
f 882/962/935 877/962/934 878/962/936 881/962/937
f 881/962/938 878/962/939 876/962/693 879/962/692
f 884/962/592 880/962/683 882/962/935 886/962/940
f 886/962/940 882/962/935 881/962/937 885/962/941
f 885/962/942 881/962/938 879/962/692 883/962/721
f 888/962/569 884/962/592 886/962/940 890/962/943
f 890/962/944 886/962/940 885/962/941 889/962/945
f 889/962/945 885/962/942 883/962/721 887/962/720
f 892/962/570 888/962/569 890/962/943 894/962/946
f 894/962/946 890/962/944 889/962/945 893/962/947
f 893/962/947 889/962/945 887/962/720 891/962/719
f 896/962/572 892/962/570 894/962/946 898/962/948
f 898/962/948 894/962/946 893/962/947 897/962/949
f 897/962/950 893/962/947 891/962/719 895/962/718
f 900/962/677 896/962/572 898/962/948 902/962/951
f 902/962/951 898/962/948 897/962/949 901/962/952
f 901/962/953 897/962/950 895/962/718 899/962/717
f 904/962/587 900/962/677 902/962/951 906/962/954
f 906/962/954 902/962/951 901/962/952 905/962/955
f 905/962/956 901/962/953 899/962/717 903/962/716
f 908/962/588 904/962/587 906/962/954 910/962/957
f 910/962/957 906/962/954 905/962/955 909/962/958
f 909/962/959 905/962/956 903/962/716 907/962/715
f 912/962/736 908/962/588 910/962/957 914/962/960
f 914/962/960 910/962/957 909/962/958 913/962/961
f 913/962/962 909/962/959 907/962/715 911/962/714
f 916/962/737 912/962/736 914/962/960 918/962/963
f 918/962/963 914/962/960 913/962/961 917/962/964
f 917/962/965 913/962/962 911/962/714 915/962/713
f 920/962/686 916/962/737 918/962/963 922/962/966
f 922/962/966 918/962/963 917/962/964 921/962/967
f 921/962/967 917/962/965 915/962/713 919/962/712
f 924/962/687 920/962/686 922/962/966 926/962/968
f 926/962/969 922/962/966 921/962/967 925/962/970
f 925/962/970 921/962/967 919/962/712 923/962/711
f 928/962/728 924/962/687 926/962/968 930/962/971
f 930/962/972 926/962/969 925/962/970 929/962/973
f 929/962/973 925/962/970 923/962/711 927/962/710
f 932/962/729 928/962/728 930/962/971 934/962/974
f 934/962/975 930/962/972 929/962/973 933/962/976
f 933/962/976 929/962/973 927/962/710 931/962/709
f 936/962/749 932/962/729 934/962/974 938/962/977
f 938/962/977 934/962/975 933/962/976 937/962/978
f 937/962/978 933/962/976 931/962/709 935/962/708
f 940/962/757 936/962/749 938/962/977 942/962/979
f 942/962/979 938/962/977 937/962/978 941/962/980
f 941/962/981 937/962/978 935/962/708 939/962/707
f 944/962/752 940/962/757 942/962/979 946/962/982
f 946/962/982 942/962/979 941/962/980 945/962/983
f 945/962/984 941/962/981 939/962/707 943/962/706
f 948/962/753 944/962/752 946/962/982 950/962/985
f 950/962/986 946/962/982 945/962/983 949/962/986
f 949/962/987 945/962/984 943/962/706 947/962/705
f 952/962/746 948/962/753 950/962/985 954/962/988
f 954/962/988 950/962/986 949/962/986 953/962/989
f 953/962/990 949/962/987 947/962/705 951/962/704
f 956/962/747 952/962/746 954/962/988 958/962/991
f 958/962/991 954/962/988 953/962/989 957/962/992
f 957/962/993 953/962/990 951/962/704 955/962/703
f 960/962/740 956/962/747 958/962/991 962/962/994
f 962/962/994 958/962/991 957/962/992 961/962/995
f 961/962/995 957/962/993 955/962/703 959/962/702
f 964/962/741 960/962/740 962/962/994 966/962/996
f 966/962/996 962/962/994 961/962/995 965/962/997
f 965/962/997 961/962/995 959/962/702 963/962/701
f 968/962/755 964/962/741 966/962/996 970/962/998
f 970/962/998 966/962/996 965/962/997 969/962/999
f 969/962/1000 965/962/997 963/962/701 967/962/700
f 972/962/743 968/962/755 970/962/998 974/962/1001
f 974/962/1001 970/962/998 969/962/999 973/962/1002
f 973/962/1003 969/962/1000 967/962/700 971/962/699
f 976/962/680 972/962/743 974/962/1001 978/962/1004
f 978/962/1005 974/962/1001 973/962/1002 977/962/1005
f 977/962/1006 973/962/1003 971/962/699 975/962/698
f 980/962/681 976/962/680 978/962/1004 982/962/1007
f 982/962/1008 978/962/1005 977/962/1005 981/962/1009
f 981/962/1009 977/962/1006 975/962/698 979/962/697
f 984/962/690 980/962/681 982/962/1007 986/962/1010
f 986/962/1010 982/962/1008 981/962/1009 985/962/1011
f 985/962/1011 981/962/1009 979/962/697 983/962/696
f 988/962/691 984/962/690 986/962/1010 990/962/1012
f 990/962/1012 986/962/1010 985/962/1011 989/962/1013
f 989/962/1014 985/962/1011 983/962/696 987/962/695
f 992/962/732 988/962/691 990/962/1012 994/962/1015
f 994/962/1015 990/962/1012 989/962/1013 993/962/1016
f 993/962/1017 989/962/1014 987/962/695 991/962/694
f 875/962/733 992/962/732 994/962/1015 877/962/934
f 877/962/934 994/962/1015 993/962/1016 878/962/936
f 878/962/939 993/962/1017 991/962/694 876/962/693
f 759/962/682 756/962/730 875/962/733 880/962/683
o Circle
v 0.016202 7.440850 1.423205
v -0.004075 7.440850 1.425202
v -0.023572 7.440850 1.431116
v -0.041540 7.440850 1.440721
v -0.057290 7.440850 1.453646
v -0.070215 7.440850 1.469396
v -0.079820 7.440850 1.487365
v -0.085734 7.440850 1.506862
v -0.087731 7.440850 1.527138
v -0.085734 7.440850 1.547414
v -0.079820 7.440850 1.566911
v -0.070215 7.440850 1.584880
v -0.057290 7.440850 1.600630
v -0.041540 7.440850 1.613555
v -0.023572 7.440850 1.623160
v -0.004075 7.440850 1.629074
v 0.016202 7.440850 1.631071
v 0.036478 7.440850 1.629074
v 0.055975 7.440850 1.623160
v 0.073944 7.440850 1.613555
v 0.089694 7.440850 1.600630
v 0.102619 7.440850 1.584880
v 0.112223 7.440850 1.566911
v 0.118138 7.440850 1.547414
v 0.120135 7.440850 1.527138
v 0.118138 7.440850 1.506862
v 0.112223 7.440850 1.487365
v 0.102619 7.440850 1.469396
v 0.089694 7.440850 1.453646
v 0.073944 7.440850 1.440721
v 0.055975 7.440850 1.431116
v 0.036478 7.440850 1.425202
v 0.016202 7.416383 1.423205
v -0.004075 7.416383 1.425202
v -0.023572 7.416383 1.431116
v -0.041540 7.416383 1.440721
v -0.057290 7.416383 1.453646
v -0.070215 7.416383 1.469396
v -0.079820 7.416383 1.487365
v -0.085734 7.416383 1.506862
v -0.087731 7.416383 1.527138
v -0.085734 7.416383 1.547414
v -0.079820 7.416383 1.566911
v -0.070215 7.416383 1.584880
v -0.057290 7.416383 1.600630
v -0.041540 7.416383 1.613555
v -0.023572 7.416383 1.623160
v -0.004075 7.416383 1.629074
v 0.016202 7.416383 1.631071
v 0.036478 7.416383 1.629074
v 0.055975 7.416383 1.623160
v 0.073944 7.416383 1.613555
v 0.089694 7.416383 1.600630
v 0.102619 7.416383 1.584880
v 0.112223 7.416383 1.566911
v 0.118138 7.416383 1.547414
v 0.120135 7.416383 1.527138
v 0.118138 7.416383 1.506862
v 0.112223 7.416383 1.487365
v 0.102619 7.416383 1.469396
v 0.089694 7.416383 1.453646
v 0.073944 7.416383 1.440721
v 0.055975 7.416383 1.431116
v 0.036478 7.416383 1.425202
v 0.016202 7.416382 1.436014
v -0.001576 7.416382 1.437765
v -0.018670 7.416382 1.442950
v -0.034424 7.416382 1.451371
v -0.048233 7.416382 1.462704
v -0.059565 7.416382 1.476512
v -0.067986 7.416382 1.492266
v -0.073171 7.416382 1.509361
v -0.074922 7.416382 1.527138
v -0.073171 7.416382 1.544915
v -0.067986 7.416382 1.562010
v -0.059565 7.416382 1.577764
v -0.048233 7.416382 1.591572
v -0.034424 7.416382 1.602905
v -0.018670 7.416382 1.611326
v -0.001576 7.416382 1.616511
v 0.016202 7.416382 1.618262
v 0.033979 7.416382 1.616511
v 0.051073 7.416382 1.611326
v 0.066827 7.416382 1.602905
v 0.080636 7.416382 1.591572
v 0.091968 7.416382 1.577764
v 0.100389 7.416382 1.562010
v 0.105575 7.416382 1.544915
v 0.107326 7.416382 1.527138
v 0.105575 7.416382 1.509361
v 0.100389 7.416382 1.492266
v 0.091968 7.416382 1.476512
v 0.080636 7.416382 1.462704
v 0.066827 7.416382 1.451371
v 0.051073 7.416382 1.442950
v 0.033979 7.416382 1.437765
v 0.016202 7.432541 1.436014
v -0.001576 7.432541 1.437765
v -0.018670 7.432541 1.442950
v -0.034424 7.432541 1.451371
v -0.048233 7.432541 1.462704
v -0.059565 7.432541 1.476512
v -0.067986 7.432541 1.492266
v -0.073171 7.432541 1.509361
v -0.074922 7.432541 1.527138
v -0.073171 7.432541 1.544915
v -0.067986 7.432541 1.562010
v -0.059565 7.432541 1.577764
v -0.048233 7.432541 1.591572
v -0.034424 7.432541 1.602905
v -0.018670 7.432541 1.611326
v -0.001576 7.432541 1.616511
v 0.016202 7.432541 1.618262
v 0.033979 7.432541 1.616511
v 0.051073 7.432541 1.611326
v 0.066827 7.432541 1.602905
v 0.080636 7.432541 1.591572
v 0.091968 7.432541 1.577764
v 0.100389 7.432541 1.562010
v 0.105575 7.432541 1.544915
v 0.107326 7.432541 1.527138
v 0.105575 7.432541 1.509361
v 0.100389 7.432541 1.492266
v 0.091968 7.432541 1.476512
v 0.080636 7.432541 1.462704
v 0.066827 7.432541 1.451371
v 0.051073 7.432541 1.442950
v 0.033979 7.432541 1.437765
v 0.016202 7.432540 1.452878
v 0.001714 7.432540 1.454305
v -0.012216 7.432540 1.458531
v -0.025055 7.432540 1.465393
v -0.036308 7.432540 1.474628
v -0.045543 7.432540 1.485881
v -0.052406 7.432540 1.498720
v -0.056631 7.432540 1.512650
v -0.058058 7.432540 1.527138
v -0.056631 7.432540 1.541625
v -0.052406 7.432540 1.555556
v -0.045543 7.432540 1.568395
v -0.036308 7.432540 1.579648
v -0.025055 7.432540 1.588883
v -0.012216 7.432540 1.595745
v 0.001714 7.432540 1.599971
v 0.016202 7.432540 1.601398
v 0.030689 7.432540 1.599971
v 0.044620 7.432540 1.595745
v 0.057458 7.432540 1.588883
v 0.068712 7.432540 1.579648
v 0.077947 7.432540 1.568395
v 0.084809 7.432540 1.555556
v 0.089035 7.432540 1.541625
v 0.090462 7.432540 1.527138
v 0.089035 7.432540 1.512650
v 0.084809 7.432540 1.498720
v 0.077947 7.432540 1.485881
v 0.068712 7.432540 1.474628
v 0.057458 7.432540 1.465393
v 0.044620 7.432540 1.458531
v 0.030689 7.432540 1.454305
v 0.016202 7.417087 1.452878
v 0.001714 7.417087 1.454305
v -0.012216 7.417087 1.458531
v -0.025055 7.417087 1.465393
v -0.036308 7.417087 1.474628
v -0.045543 7.417087 1.485881
v -0.052406 7.417087 1.498720
v -0.056631 7.417087 1.512650
v -0.058058 7.417087 1.527138
v -0.056631 7.417087 1.541625
v -0.052406 7.417087 1.555556
v -0.045543 7.417087 1.568395
v -0.036308 7.417087 1.579648
v -0.025055 7.417087 1.588883
v -0.012216 7.417087 1.595745
v 0.001714 7.417087 1.599971
v 0.016202 7.417087 1.601398
v 0.030689 7.417087 1.599971
v 0.044620 7.417087 1.595745
v 0.057458 7.417087 1.588883
v 0.068712 7.417087 1.579648
v 0.077947 7.417087 1.568395
v 0.084809 7.417087 1.555556
v 0.089035 7.417087 1.541625
v 0.090462 7.417087 1.527138
v 0.089035 7.417087 1.512650
v 0.084809 7.417087 1.498720
v 0.077947 7.417087 1.485881
v 0.068712 7.417087 1.474628
v 0.057458 7.417087 1.465393
v 0.044620 7.417087 1.458531
v 0.030689 7.417087 1.454305
vn -0.1951 -0.0000 -0.9808
vn -0.3827 -0.0000 -0.9239
vn 0.7071 -0.0000 0.7071
vn 0.8315 -0.0000 0.5556
vn -0.1951 -0.0000 0.9808
vn -0.0000 -0.0000 1.0000
vn -0.5556 -0.0000 -0.8315
vn 0.9239 -0.0000 0.3827
vn -0.7071 -0.0000 -0.7071
vn 0.9808 -0.0000 0.1951
vn -0.8315 -0.0000 -0.5556
vn 1.0000 -0.0000 -0.0000
vn -0.9239 -0.0000 -0.3827
vn 0.9808 -0.0000 -0.1951
vn -0.9808 -0.0000 -0.1951
vn 0.9239 -0.0000 -0.3827
vn -1.0000 -0.0000 -0.0000
vn 0.8315 -0.0000 -0.5556
vn -0.9808 -0.0000 0.1951
vn 0.7071 -0.0000 -0.7071
vn -0.9239 -0.0000 0.3827
vn 0.5556 -0.0000 -0.8315
vn -0.8315 -0.0000 0.5556
vn 0.3827 -0.0000 -0.9239
vn 0.1951 -0.0000 0.9808
vn -0.7071 -0.0000 0.7071
vn 0.1951 -0.0000 -0.9808
vn 0.3827 -0.0000 0.9239
vn -0.5556 -0.0000 0.8315
vn -0.0000 -0.0000 -1.0000
vn 0.5556 -0.0000 0.8315
vn -0.3827 -0.0000 0.9239
vn -0.0000 1.0000 -0.0000
vt 0.000000 0.000000
s 1
f 1012/963/1018 1013/963/1019 1045/963/1019 1044/963/1018
f 999/963/1020 1000/963/1021 1032/963/1021 1031/963/1020
f 1026/963/1022 995/963/1023 1027/963/1023 1058/963/1022
f 1013/963/1019 1014/963/1024 1046/963/1024 1045/963/1019
f 1000/963/1021 1001/963/1025 1033/963/1025 1032/963/1021
f 1014/963/1024 1015/963/1026 1047/963/1026 1046/963/1024
f 1001/963/1025 1002/963/1027 1034/963/1027 1033/963/1025
f 1015/963/1026 1016/963/1028 1048/963/1028 1047/963/1026
f 1002/963/1027 1003/963/1029 1035/963/1029 1034/963/1027
f 1016/963/1028 1017/963/1030 1049/963/1030 1048/963/1028
f 1003/963/1029 1004/963/1031 1036/963/1031 1035/963/1029
f 1017/963/1030 1018/963/1032 1050/963/1032 1049/963/1030
f 1004/963/1031 1005/963/1033 1037/963/1033 1036/963/1031
f 1018/963/1032 1019/963/1034 1051/963/1034 1050/963/1032
f 1005/963/1033 1006/963/1035 1038/963/1035 1037/963/1033
f 1019/963/1034 1020/963/1036 1052/963/1036 1051/963/1034
f 1006/963/1035 1007/963/1037 1039/963/1037 1038/963/1035
f 1020/963/1036 1021/963/1038 1053/963/1038 1052/963/1036
f 1007/963/1037 1008/963/1039 1040/963/1039 1039/963/1037
f 1021/963/1038 1022/963/1040 1054/963/1040 1053/963/1038
f 1008/963/1039 1009/963/1041 1041/963/1041 1040/963/1039
f 995/963/1023 996/963/1042 1028/963/1042 1027/963/1023
f 1022/963/1040 1023/963/1043 1055/963/1043 1054/963/1040
f 1009/963/1041 1010/963/1044 1042/963/1044 1041/963/1041
f 996/963/1042 997/963/1045 1029/963/1045 1028/963/1042
f 1023/963/1043 1024/963/1046 1056/963/1046 1055/963/1043
f 1010/963/1044 1011/963/1047 1043/963/1047 1042/963/1044
f 997/963/1045 998/963/1048 1030/963/1048 1029/963/1045
f 1024/963/1046 1025/963/1049 1057/963/1049 1056/963/1046
f 1011/963/1047 1012/963/1018 1044/963/1018 1043/963/1047
f 998/963/1048 999/963/1020 1031/963/1020 1030/963/1048
f 1025/963/1049 1026/963/1022 1058/963/1022 1057/963/1049
f 1052/963/1050 1053/963/1050 1085/963/1050 1084/963/1050
f 1039/963/1050 1040/963/1050 1072/963/1050 1071/963/1050
f 1053/963/1050 1054/963/1050 1086/963/1050 1085/963/1050
f 1040/963/1050 1041/963/1050 1073/963/1050 1072/963/1050
f 1027/963/1050 1028/963/1050 1060/963/1050 1059/963/1050
f 1054/963/1050 1055/963/1050 1087/963/1050 1086/963/1050
f 1041/963/1050 1042/963/1050 1074/963/1050 1073/963/1050
f 1028/963/1050 1029/963/1050 1061/963/1050 1060/963/1050
f 1055/963/1050 1056/963/1050 1088/963/1050 1087/963/1050
f 1042/963/1050 1043/963/1050 1075/963/1050 1074/963/1050
f 1029/963/1050 1030/963/1050 1062/963/1050 1061/963/1050
f 1056/963/1050 1057/963/1050 1089/963/1050 1088/963/1050
f 1043/963/1050 1044/963/1050 1076/963/1050 1075/963/1050
f 1030/963/1050 1031/963/1050 1063/963/1050 1062/963/1050
f 1057/963/1050 1058/963/1050 1090/963/1050 1089/963/1050
f 1044/963/1050 1045/963/1050 1077/963/1050 1076/963/1050
f 1031/963/1050 1032/963/1050 1064/963/1050 1063/963/1050
f 1058/963/1050 1027/963/1050 1059/963/1050 1090/963/1050
f 1045/963/1050 1046/963/1050 1078/963/1050 1077/963/1050
f 1032/963/1050 1033/963/1050 1065/963/1050 1064/963/1050
f 1046/963/1050 1047/963/1050 1079/963/1050 1078/963/1050
f 1033/963/1050 1034/963/1050 1066/963/1050 1065/963/1050
f 1047/963/1050 1048/963/1050 1080/963/1050 1079/963/1050
f 1034/963/1050 1035/963/1050 1067/963/1050 1066/963/1050
f 1048/963/1050 1049/963/1050 1081/963/1050 1080/963/1050
f 1035/963/1050 1036/963/1050 1068/963/1050 1067/963/1050
f 1049/963/1050 1050/963/1050 1082/963/1050 1081/963/1050
f 1036/963/1050 1037/963/1050 1069/963/1050 1068/963/1050
f 1050/963/1050 1051/963/1050 1083/963/1050 1082/963/1050
f 1037/963/1050 1038/963/1050 1070/963/1050 1069/963/1050
f 1051/963/1050 1052/963/1050 1084/963/1050 1083/963/1050
f 1038/963/1050 1039/963/1050 1071/963/1050 1070/963/1050
f 1087/963/1037 1088/963/1039 1120/963/1039 1119/963/1037
f 1074/963/1022 1075/963/1023 1107/963/1023 1106/963/1022
f 1061/963/1019 1062/963/1024 1094/963/1024 1093/963/1019
f 1088/963/1039 1089/963/1041 1121/963/1041 1120/963/1039
f 1075/963/1023 1076/963/1042 1108/963/1042 1107/963/1023
f 1062/963/1024 1063/963/1026 1095/963/1026 1094/963/1024
f 1089/963/1041 1090/963/1044 1122/963/1044 1121/963/1041
f 1076/963/1042 1077/963/1045 1109/963/1045 1108/963/1042
f 1063/963/1026 1064/963/1028 1096/963/1028 1095/963/1026
f 1090/963/1044 1059/963/1047 1091/963/1047 1122/963/1044
f 1077/963/1045 1078/963/1048 1110/963/1048 1109/963/1045
f 1064/963/1028 1065/963/1030 1097/963/1030 1096/963/1028
f 1078/963/1048 1079/963/1020 1111/963/1020 1110/963/1048
f 1065/963/1030 1066/963/1032 1098/963/1032 1097/963/1030
f 1079/963/1020 1080/963/1021 1112/963/1021 1111/963/1020
f 1066/963/1032 1067/963/1034 1099/963/1034 1098/963/1032
f 1080/963/1021 1081/963/1025 1113/963/1025 1112/963/1021
f 1067/963/1034 1068/963/1036 1100/963/1036 1099/963/1034
f 1081/963/1025 1082/963/1027 1114/963/1027 1113/963/1025
f 1068/963/1036 1069/963/1038 1101/963/1038 1100/963/1036
f 1082/963/1027 1083/963/1029 1115/963/1029 1114/963/1027
f 1069/963/1038 1070/963/1040 1102/963/1040 1101/963/1038
f 1083/963/1029 1084/963/1031 1116/963/1031 1115/963/1029
f 1070/963/1040 1071/963/1043 1103/963/1043 1102/963/1040
f 1084/963/1031 1085/963/1033 1117/963/1033 1116/963/1031
f 1071/963/1043 1072/963/1046 1104/963/1046 1103/963/1043
f 1085/963/1033 1086/963/1035 1118/963/1035 1117/963/1033
f 1072/963/1046 1073/963/1049 1105/963/1049 1104/963/1046
f 1059/963/1047 1060/963/1018 1092/963/1018 1091/963/1047
f 1086/963/1035 1087/963/1037 1119/963/1037 1118/963/1035
f 1073/963/1049 1074/963/1022 1106/963/1022 1105/963/1049
f 1060/963/1018 1061/963/1019 1093/963/1019 1092/963/1018
f 1122/963/1050 1091/963/1050 1123/963/1050 1154/963/1050
f 1109/963/1050 1110/963/1050 1142/963/1050 1141/963/1050
f 1096/963/1050 1097/963/1050 1129/963/1050 1128/963/1050
f 1110/963/1050 1111/963/1050 1143/963/1050 1142/963/1050
f 1097/963/1050 1098/963/1050 1130/963/1050 1129/963/1050
f 1111/963/1050 1112/963/1050 1144/963/1050 1143/963/1050
f 1098/963/1050 1099/963/1050 1131/963/1050 1130/963/1050
f 1112/963/1050 1113/963/1050 1145/963/1050 1144/963/1050
f 1099/963/1050 1100/963/1050 1132/963/1050 1131/963/1050
f 1113/963/1050 1114/963/1050 1146/963/1050 1145/963/1050
f 1100/963/1050 1101/963/1050 1133/963/1050 1132/963/1050
f 1114/963/1050 1115/963/1050 1147/963/1050 1146/963/1050
f 1101/963/1050 1102/963/1050 1134/963/1050 1133/963/1050
f 1115/963/1050 1116/963/1050 1148/963/1050 1147/963/1050
f 1102/963/1050 1103/963/1050 1135/963/1050 1134/963/1050
f 1116/963/1050 1117/963/1050 1149/963/1050 1148/963/1050
f 1103/963/1050 1104/963/1050 1136/963/1050 1135/963/1050
f 1117/963/1050 1118/963/1050 1150/963/1050 1149/963/1050
f 1104/963/1050 1105/963/1050 1137/963/1050 1136/963/1050
f 1091/963/1050 1092/963/1050 1124/963/1050 1123/963/1050
f 1118/963/1050 1119/963/1050 1151/963/1050 1150/963/1050
f 1105/963/1050 1106/963/1050 1138/963/1050 1137/963/1050
f 1092/963/1050 1093/963/1050 1125/963/1050 1124/963/1050
f 1119/963/1050 1120/963/1050 1152/963/1050 1151/963/1050
f 1106/963/1050 1107/963/1050 1139/963/1050 1138/963/1050
f 1093/963/1050 1094/963/1050 1126/963/1050 1125/963/1050
f 1120/963/1050 1121/963/1050 1153/963/1050 1152/963/1050
f 1107/963/1050 1108/963/1050 1140/963/1050 1139/963/1050
f 1094/963/1050 1095/963/1050 1127/963/1050 1126/963/1050
f 1121/963/1050 1122/963/1050 1154/963/1050 1153/963/1050
f 1108/963/1050 1109/963/1050 1141/963/1050 1140/963/1050
f 1095/963/1050 1096/963/1050 1128/963/1050 1127/963/1050
f 1144/963/1028 1145/963/1030 1177/963/1030 1176/963/1028
f 1131/963/1029 1132/963/1031 1164/963/1031 1163/963/1029
f 1145/963/1030 1146/963/1032 1178/963/1032 1177/963/1030
f 1132/963/1031 1133/963/1033 1165/963/1033 1164/963/1031
f 1146/963/1032 1147/963/1034 1179/963/1034 1178/963/1032
f 1133/963/1033 1134/963/1035 1166/963/1035 1165/963/1033
f 1147/963/1034 1148/963/1036 1180/963/1036 1179/963/1034
f 1134/963/1035 1135/963/1037 1167/963/1037 1166/963/1035
f 1148/963/1036 1149/963/1038 1181/963/1038 1180/963/1036
f 1135/963/1037 1136/963/1039 1168/963/1039 1167/963/1037
f 1149/963/1038 1150/963/1040 1182/963/1040 1181/963/1038
f 1136/963/1039 1137/963/1041 1169/963/1041 1168/963/1039
f 1123/963/1023 1124/963/1042 1156/963/1042 1155/963/1023
f 1150/963/1040 1151/963/1043 1183/963/1043 1182/963/1040
f 1137/963/1041 1138/963/1044 1170/963/1044 1169/963/1041
f 1124/963/1042 1125/963/1045 1157/963/1045 1156/963/1042
f 1151/963/1043 1152/963/1046 1184/963/1046 1183/963/1043
f 1138/963/1044 1139/963/1047 1171/963/1047 1170/963/1044
f 1125/963/1045 1126/963/1048 1158/963/1048 1157/963/1045
f 1152/963/1046 1153/963/1049 1185/963/1049 1184/963/1046
f 1139/963/1047 1140/963/1018 1172/963/1018 1171/963/1047
f 1126/963/1048 1127/963/1020 1159/963/1020 1158/963/1048
f 1153/963/1049 1154/963/1022 1186/963/1022 1185/963/1049
f 1140/963/1018 1141/963/1019 1173/963/1019 1172/963/1018
f 1127/963/1020 1128/963/1021 1160/963/1021 1159/963/1020
f 1154/963/1022 1123/963/1023 1155/963/1023 1186/963/1022
f 1141/963/1019 1142/963/1024 1174/963/1024 1173/963/1019
f 1128/963/1021 1129/963/1025 1161/963/1025 1160/963/1021
f 1142/963/1024 1143/963/1026 1175/963/1026 1174/963/1024
f 1129/963/1025 1130/963/1027 1162/963/1027 1161/963/1025
f 1143/963/1026 1144/963/1028 1176/963/1028 1175/963/1026
f 1130/963/1027 1131/963/1029 1163/963/1029 1162/963/1027
f 1156/963/1050 1157/963/1050 1158/963/1050 1159/963/1050 1160/963/1050 1161/963/1050 1162/963/1050 1163/963/1050 1164/963/1050 1165/963/1050 1166/963/1050 1167/963/1050 1168/963/1050 1169/963/1050 1170/963/1050 1171/963/1050 1172/963/1050 1173/963/1050 1174/963/1050 1175/963/1050 1176/963/1050 1177/963/1050 1178/963/1050 1179/963/1050 1180/963/1050 1181/963/1050 1182/963/1050 1183/963/1050 1184/963/1050 1185/963/1050 1186/963/1050 1155/963/1050
o 8A545B1DF4E15BC5C564858356A12A8DEF005354___B8A4396250C5687B.019
v -0.170952 7.621905 0.220300
v -0.177441 7.621905 0.220300
v -0.174362 7.621905 0.135545
v -0.179383 7.621905 0.171848
v -0.181135 7.621905 0.127801
v -0.177749 7.621905 0.050790
v -0.182722 7.621905 0.087827
v -0.184214 7.621905 0.050908
v 0.216568 7.621905 0.050908
v 0.215076 7.621905 0.088206
v 0.210103 7.621905 0.050790
v 0.213442 7.621905 0.128772
v 0.206716 7.621905 0.135545
v 0.211689 7.621905 0.172772
v 0.209795 7.621905 0.220300
v 0.203306 7.621905 0.220300
v -0.181893 7.625196 0.220466
v -0.182106 7.626665 0.220490
v -0.182698 7.625883 0.204079
v -0.184048 7.626665 0.171967
v -0.185872 7.625883 0.125007
v -0.185801 7.626688 0.127849
v -0.187387 7.626688 0.087804
v -0.188879 7.626736 0.050837
v -0.188832 7.626049 0.051003
v -0.188666 7.625220 0.051050
v -0.185635 7.624983 0.125007
v -0.182485 7.624983 0.204079
v -0.182059 7.624107 0.204055
v -0.181254 7.623870 0.220442
v -0.181443 7.623326 0.204031
v -0.180212 7.622828 0.220395
v -0.180685 7.622686 0.204008
v -0.179833 7.622236 0.203960
v -0.183006 7.622236 0.124912
v -0.182106 7.621976 0.124865
v -0.185208 7.622023 0.050908
v -0.188287 7.624321 0.051027
v -0.185208 7.624107 0.124983
v -0.187719 7.623515 0.051003
v -0.184593 7.623326 0.124960
v -0.187008 7.622828 0.050956
v -0.183835 7.622686 0.124936
v -0.186132 7.622331 0.050932
v -0.178957 7.621976 0.203937
v -0.178909 7.622142 0.220348
v -0.187411 7.643857 0.049345
v -0.185066 7.648546 0.093653
v -0.184095 7.659203 0.046030
v -0.180306 7.667681 0.086904
v -0.179075 7.672891 0.040962
v -0.172965 7.684186 0.077550
v -0.172444 7.685110 0.034284
v -0.163280 7.698466 0.065827
v -0.154920 7.706068 0.016689
v -0.152694 7.709928 0.053347
v -0.140664 7.720395 0.039352
v -0.140333 7.722645 0.076768
v -0.113596 7.742514 0.042691
v -0.114331 7.744834 0.079397
v -0.098227 7.756770 0.057302
v -0.099814 7.759375 0.095240
v -0.083711 7.772802 0.071629
v -0.085960 7.775643 0.106772
v -0.062682 7.799396 0.070374
v -0.066115 7.803185 0.107649
v -0.041037 7.829329 0.043875
v -0.045915 7.834278 0.085151
v -0.069833 7.807234 0.147149
v -0.048781 7.837191 0.109448
v -0.052001 7.840436 0.136634
v -0.073812 7.811544 0.188615
v -0.055601 7.844106 0.167112
v -0.078714 7.816802 0.239103
v -0.059650 7.848227 0.201379
v -0.064197 7.852892 0.240027
v -0.083853 7.822296 0.291486
v -0.069383 7.858173 0.283932
v -0.089181 7.828003 0.345385
v -0.075209 7.864141 0.333331
v -0.094628 7.833852 0.400301
v -0.087452 7.876644 0.437007
v -0.092970 7.882304 0.483873
v -0.114993 7.855757 0.604363
v -0.097990 7.887443 0.526380
v -0.102584 7.892155 0.565312
v -0.106800 7.896489 0.601166
v -0.110683 7.900491 0.634272
v -0.124087 7.865632 0.695938
v -0.114283 7.904161 0.664703
v -0.117551 7.907525 0.692457
v -0.123211 7.913350 0.740672
v -0.132754 7.875105 0.783985
v -0.125721 7.915907 0.762009
v -0.132896 7.923296 0.823106
v -0.138296 7.884814 0.843686
v -0.142298 7.893908 0.886975
v -0.183361 7.649352 0.137653
v -0.178767 7.669007 0.129483
v -0.177299 7.669954 0.171517
v -0.170455 7.687147 0.159747
v -0.169318 7.687975 0.200645
v -0.160627 7.703084 0.185986
v -0.160012 7.703771 0.221768
v -0.150847 7.716156 0.206589
v -0.150657 7.716890 0.242703
v -0.140640 7.728612 0.226244
v -0.141019 7.729583 0.263163
v -0.119090 7.752933 0.227641
v -0.139930 7.732543 0.300177
v -0.120630 7.754899 0.266455
v -0.128160 7.749736 0.317228
v -0.122595 7.757267 0.312776
v -0.117788 7.768610 0.342732
v -0.110399 7.772612 0.292789
v -0.113336 7.775951 0.341548
v -0.101566 7.793405 0.321988
v -0.112649 7.782653 0.370392
v -0.111654 7.787129 0.382540
v -0.181704 7.649896 0.180824
v -0.175878 7.670499 0.213125
v -0.168347 7.688402 0.236688
v -0.159443 7.704174 0.257788
v -0.156862 7.708057 0.282369
v -0.150586 7.717459 0.279243
v -0.145755 7.724397 0.293546
v -0.180070 7.650180 0.223260
v -0.177370 7.657805 0.260772
v -0.174647 7.670712 0.249523
v -0.169034 7.684992 0.270433
v -0.181798 7.627304 0.227689
v -0.181135 7.631804 0.240406
v -0.180306 7.639097 0.250020
v -0.179691 7.643952 0.254117
v -0.178980 7.648783 0.257148
v -0.114544 7.776567 0.357036
v -0.105545 7.797809 0.373376
v -0.111276 7.792931 0.404090
v -0.109618 7.802332 0.425593
v -0.111844 7.798875 0.432721
v -0.112767 7.805387 0.464028
v -0.114117 7.812728 0.499289
v -0.097754 7.789165 0.271736
v -0.094107 7.785116 0.223024
v -0.091194 7.781801 0.182647
v -0.088471 7.778627 0.143833
v -0.116012 7.821112 0.539547
v -0.118427 7.830229 0.583239
v -0.121080 7.839109 0.625629
v -0.123732 7.847232 0.664442
v -0.126360 7.854763 0.700367
v -0.128942 7.861725 0.733591
v -0.133844 7.874157 0.792913
v -0.140972 7.931608 0.891901
v -0.145850 7.901651 0.923752
v -0.143387 7.934095 0.912456
v -0.145447 7.936226 0.930169
v -0.147105 7.937931 0.944260
v -0.038953 7.827221 0.026327
v -0.059532 7.795891 0.035563
v -0.081485 7.769794 0.034284
v -0.096925 7.754236 0.021638
v -0.113123 7.740145 0.007832
v -0.132731 7.724161 -0.005477
v -0.035401 7.823646 -0.003724
v -0.033885 7.822106 -0.016607
v -0.056382 7.792292 -0.000717
v -0.031257 7.819454 -0.038891
v -0.053659 7.789118 -0.033373
v -0.028131 7.816351 -0.065225
v -0.025834 7.814054 -0.084643
v -0.051433 7.786395 -0.062241
v -0.023963 7.812231 -0.100368
v -0.050888 7.783056 -0.086064
v -0.022400 7.810692 -0.113534
v -0.078169 7.764513 -0.031858
v -0.079472 7.760535 -0.058144
v -0.095978 7.751797 -0.011658
v -0.107155 7.741566 -0.030839
v -0.171663 7.685892 0.118731
v -0.162285 7.700432 0.105659
v -0.152031 7.712059 0.091948
v -0.079637 7.767024 -0.000243
v -0.161409 7.701971 0.145681
v -0.151510 7.713835 0.131164
v -0.140190 7.724610 0.115132
v -0.151107 7.715209 0.170972
v -0.140238 7.726268 0.154490
v -0.115349 7.747108 0.117879
v -0.140380 7.727523 0.190012
v -0.116414 7.749050 0.153259
v -0.101472 7.761766 0.130525
v -0.117670 7.750991 0.189870
v -0.103342 7.764229 0.167373
v -0.105403 7.766787 0.205689
v -0.107629 7.769415 0.245260
v -0.004071 7.661831 -0.152940
v 0.000689 7.667941 -0.153272
v 0.016177 7.661997 -0.153982
v 0.001826 7.681534 -0.153082
v 0.003697 7.703179 -0.152561
v -0.009233 7.703297 -0.150998
v -0.005113 7.725747 -0.150453
v -0.016053 7.725913 -0.148156
v -0.011980 7.740051 -0.147991
v -0.021453 7.740287 -0.145054
v -0.015603 7.755207 -0.145267
v -0.023347 7.755467 -0.142047
v -0.017332 7.767663 -0.142710
v -0.023584 7.767923 -0.139418
v -0.016101 7.780735 -0.140815
v -0.020837 7.780972 -0.137760
v -0.003384 7.809058 -0.142189
v -0.025313 7.781209 -0.134303
v -0.029078 7.781469 -0.130869
v -0.035117 7.768587 -0.131153
v -0.039806 7.768942 -0.126749
v -0.044708 7.756746 -0.128098
v -0.050320 7.757243 -0.122770
v -0.056714 7.742466 -0.124309
v -0.063534 7.743176 -0.117797
v -0.068199 7.729086 -0.120686
v -0.076180 7.730010 -0.113013
v -0.086055 7.707773 -0.114813
v -0.095859 7.709052 -0.105388
v -0.101732 7.686649 -0.109106
v -0.112981 7.688070 -0.098165
v -0.110234 7.672843 -0.105530
v -0.122145 7.674193 -0.093761
v -0.117622 7.658185 -0.101907
v -0.129936 7.659345 -0.089451
v -0.124111 7.652572 -0.096673
v -0.142014 7.649281 -0.077397
v -0.015367 7.668060 -0.151282
v -0.025478 7.661287 -0.149483
v -0.031754 7.668320 -0.147777
v -0.049918 7.660174 -0.142520
v -0.048236 7.668746 -0.142686
v -0.064600 7.669409 -0.135913
v -0.058869 7.683074 -0.137192
v -0.073812 7.684021 -0.129401
v -0.061829 7.705429 -0.132243
v -0.074286 7.706494 -0.124191
v -0.058585 7.728139 -0.128311
v -0.076038 7.658303 -0.131106
v -0.080537 7.670310 -0.127435
v -0.088163 7.685228 -0.119999
v -0.101637 7.655698 -0.115310
v -0.095859 7.671470 -0.117276
v -0.102656 7.657048 -0.114411
v -0.141067 7.660553 -0.075976
v -0.155749 7.646036 -0.058618
v -0.159301 7.663039 -0.046777
v -0.165458 7.645610 -0.041472
v -0.169129 7.664768 -0.024043
v -0.175097 7.646747 -0.018525
v -0.175783 7.666260 -0.001498
v -0.181562 7.647717 0.004114
v -0.179714 7.667610 0.021804
v -0.185374 7.648593 0.027464
v -0.187648 7.630454 0.030069
v -0.166121 7.642910 -0.040762
v -0.173865 7.639997 -0.024067
v -0.183432 7.634764 0.005653
v -0.171094 7.684068 0.013658
v -0.167163 7.682458 -0.009029
v -0.160556 7.680634 -0.030958
v -0.150847 7.678598 -0.052934
v -0.132968 7.675638 -0.080949
v -0.123258 7.689586 -0.086183
v -0.159870 7.698419 0.003309
v -0.156033 7.696714 -0.018288
v -0.149616 7.694819 -0.039104
v -0.140285 7.692665 -0.059849
v -0.104834 7.710402 -0.095087
v -0.137467 7.718453 -0.016986
v -0.133891 7.716843 -0.036049
v -0.128113 7.715114 -0.054260
v -0.119825 7.713172 -0.072282
v -0.083521 7.731028 -0.104654
v -0.110826 7.737209 -0.040809
v -0.107652 7.735907 -0.056605
v -0.102727 7.734557 -0.071500
v -0.095835 7.733088 -0.086159
v -0.069786 7.743934 -0.110669
v -0.093633 7.748837 -0.056060
v -0.090720 7.747771 -0.069748
v -0.086363 7.746681 -0.082512
v -0.080372 7.745544 -0.094992
v -0.055483 7.757788 -0.116944
v -0.075801 7.761482 -0.071808
v -0.073149 7.760630 -0.083341
v -0.069360 7.759777 -0.093903
v -0.064292 7.758924 -0.104133
v -0.044116 7.769344 -0.121965
v -0.061758 7.772281 -0.084170
v -0.047644 7.784122 -0.096555
v -0.021287 7.810976 -0.117300
v -0.020008 7.811141 -0.120852
v -0.018611 7.811118 -0.124191
v -0.045371 7.783482 -0.104796
v -0.017143 7.810881 -0.127317
v -0.042411 7.782914 -0.112042
v -0.011317 7.809839 -0.135700
v -0.038693 7.782393 -0.118815
v -0.032559 7.781753 -0.127127
v -0.051552 7.770197 -0.111403
v -0.011104 7.780569 -0.143396
v 0.006018 7.808537 -0.146286
v -0.005918 7.780404 -0.145551
v -0.000542 7.780309 -0.147233
v -0.004189 7.767308 -0.147493
v 0.002584 7.767237 -0.148985
v 0.000310 7.754922 -0.149459
v 0.008291 7.754851 -0.150477
v 0.006941 7.739814 -0.151188
v 0.016177 7.764490 -0.150311
v 0.016177 7.727215 -0.152135
v 0.004952 7.780214 -0.148441
v 0.016177 7.808371 -0.147683
v 0.010541 7.780167 -0.149175
v 0.009380 7.767166 -0.149861
v 0.005686 7.725652 -0.151780
v -0.002484 7.739909 -0.150004
v -0.007694 7.755017 -0.147730
v -0.010843 7.767450 -0.145409
v -0.013070 7.681653 -0.151259
v -0.028297 7.681913 -0.148085
v -0.043618 7.682387 -0.143420
v -0.022424 7.703534 -0.148275
v -0.027018 7.726244 -0.144817
v -0.030783 7.740666 -0.141241
v -0.030830 7.755822 -0.138116
v -0.029528 7.768231 -0.135558
v -0.035709 7.703937 -0.144273
v -0.048899 7.704576 -0.138921
v -0.037864 7.726695 -0.140413
v -0.039853 7.741140 -0.136482
v -0.037982 7.756248 -0.133450
v -0.048426 7.727334 -0.134895
v -0.048520 7.741755 -0.130822
v -0.055933 7.770860 -0.102925
v -0.059295 7.771523 -0.094045
v -0.183859 7.633556 0.007548
v -0.183622 7.632680 0.007453
v -0.183219 7.631804 0.007406
v -0.182627 7.631022 0.007382
v -0.181893 7.630359 0.007453
v -0.181064 7.629885 0.007548
v -0.180212 7.629601 0.007690
v -0.183125 7.625481 0.030590
v -0.179099 7.629696 0.006766
v -0.169910 7.634811 -0.022290
v -0.165932 7.636871 -0.033468
v -0.162427 7.637700 -0.038654
v -0.152339 7.640779 -0.056155
v -0.143103 7.643431 -0.070742
v -0.138983 7.644023 -0.074579
v -0.121530 7.647362 -0.093524
v -0.112886 7.649044 -0.102475
v -0.099601 7.650607 -0.111853
v -0.091360 7.651862 -0.118555
v -0.074475 7.653354 -0.127483
v -0.067892 7.654182 -0.131722
v -0.048781 7.655366 -0.138802
v -0.042837 7.655935 -0.141691
v -0.024768 7.656574 -0.145694
v -0.016645 7.657072 -0.148133
v -0.003668 7.657166 -0.149104
v 0.016177 7.657356 -0.150122
v 0.016177 7.657924 -0.151661
v -0.016787 7.657498 -0.148938
v -0.016953 7.658066 -0.149696
v -0.043382 7.656929 -0.143183
v -0.043618 7.657687 -0.143799
v -0.068981 7.655888 -0.133711
v -0.069241 7.656764 -0.134113
v -0.093065 7.654396 -0.120733
v -0.093302 7.655295 -0.120923
v -0.115183 7.652430 -0.104583
v -0.115325 7.653330 -0.104607
v -0.146087 7.647646 -0.072282
v -0.169318 7.640944 -0.034368
v -0.093420 7.656219 -0.120970
v -0.069431 7.657663 -0.134327
v -0.043808 7.658540 -0.144225
v -0.017072 7.658824 -0.150311
v 0.016177 7.658966 -0.152916
v -0.069526 7.658587 -0.134374
v -0.043926 7.659463 -0.144462
v -0.017190 7.659700 -0.150761
v -0.043997 7.660363 -0.144533
v -0.017261 7.660624 -0.151022
v -0.017285 7.661523 -0.151093
v 0.016177 7.660387 -0.153721
v -0.169105 7.640045 -0.034415
v -0.145898 7.646723 -0.072305
v -0.168726 7.639168 -0.034392
v -0.145566 7.645846 -0.072211
v -0.114899 7.651530 -0.104417
v -0.168182 7.638363 -0.034273
v -0.145092 7.645018 -0.071974
v -0.114520 7.650678 -0.104109
v -0.092733 7.653543 -0.120378
v -0.167495 7.637700 -0.034060
v -0.144477 7.644307 -0.071642
v -0.114023 7.649967 -0.103659
v -0.092307 7.652809 -0.119857
v -0.068649 7.655153 -0.133142
v -0.166737 7.637179 -0.033800
v -0.143814 7.643786 -0.071216
v -0.113454 7.649399 -0.103091
v -0.091833 7.652240 -0.119242
v -0.068271 7.654585 -0.132479
v -0.043121 7.656337 -0.142473
v -0.177299 7.624202 0.037813
v -0.175404 7.627138 0.021259
v -0.171189 7.630572 0.001746
v -0.164582 7.634100 -0.018288
v -0.145471 7.640542 -0.054805
v -0.119327 7.646131 -0.086443
v -0.087144 7.650654 -0.112161
v -0.050202 7.653945 -0.130751
v -0.030594 7.655035 -0.136931
v -0.012525 7.655674 -0.140649
v 0.003223 7.655982 -0.142426
v 0.016177 7.656077 -0.142852
v 0.029178 7.655982 -0.142402
v 0.051059 7.656787 -0.146925
v 0.044926 7.655674 -0.140649
v 0.063042 7.655011 -0.136908
v 0.068323 7.656077 -0.142899
v 0.087126 7.654964 -0.136529
v 0.082697 7.653922 -0.130703
v 0.107350 7.653306 -0.127222
v 0.119664 7.650654 -0.112066
v 0.128497 7.651033 -0.114316
v 0.149502 7.648097 -0.097597
v 0.151847 7.646083 -0.086277
v 0.168803 7.644568 -0.077634
v 0.177991 7.640495 -0.054568
v 0.184598 7.640802 -0.056297
v 0.196178 7.637203 -0.035860
v 0.197031 7.634053 -0.018004
v 0.204253 7.633911 -0.017175
v 0.209676 7.630928 -0.000267
v 0.215242 7.625860 0.028529
v 0.207782 7.627115 0.021401
v 0.203614 7.630525 0.001983
v 0.209653 7.624202 0.037883
v -0.176991 7.637084 0.049890
v -0.174670 7.639334 0.022230
v -0.174741 7.650772 0.047451
v -0.171402 7.654585 0.018607
v -0.171000 7.663157 0.043330
v -0.166240 7.667941 0.013302
v -0.165719 7.674525 0.037528
v -0.159301 7.679805 0.006482
v -0.150397 7.694843 0.021046
v -0.148455 7.692877 -0.003866
v -0.141706 7.702966 0.011526
v -0.135241 7.704931 -0.016015
v -0.130836 7.711704 0.000633
v -0.117788 7.718050 -0.031431
v -0.117551 7.721272 -0.011752
v -0.098156 7.731549 -0.048221
v -0.087689 7.741140 -0.043154
v -0.062208 7.757267 -0.077918
v -0.071610 7.752578 -0.057339
v -0.054464 7.765650 -0.073821
v -0.037864 7.777633 -0.097407
v -0.035732 7.781753 -0.091416
v -0.015698 7.801764 -0.109769
v -0.014135 7.800911 -0.116566
v -0.035306 7.777657 -0.103991
v -0.010962 7.800154 -0.122888
v -0.032062 7.777775 -0.110148
v -0.028273 7.777988 -0.115737
v -0.054796 7.757030 -0.096342
v -0.049491 7.757054 -0.104843
v -0.088376 7.730389 -0.075479
v -0.080822 7.729867 -0.088480
v -0.106800 7.716322 -0.063638
v -0.098038 7.715422 -0.079173
v -0.123353 7.702753 -0.052579
v -0.113596 7.701498 -0.070411
v -0.136094 7.690462 -0.043604
v -0.125721 7.689017 -0.063164
v -0.146798 7.677342 -0.035623
v -0.136070 7.675803 -0.056534
v -0.153855 7.665644 -0.029987
v -0.143032 7.664199 -0.051632
v -0.159325 7.652690 -0.025156
v -0.148574 7.651483 -0.047227
v -0.163090 7.638174 -0.021225
v -0.170337 7.638813 0.000893
v -0.134744 7.650251 -0.068208
v -0.118025 7.649067 -0.087390
v -0.093870 7.660008 -0.106548
v -0.083782 7.659487 -0.113511
v -0.078572 7.670854 -0.115405
v -0.068578 7.670404 -0.121254
v -0.062137 7.683973 -0.122936
v -0.052665 7.683618 -0.127601
v -0.046484 7.697116 -0.128714
v -0.037745 7.696927 -0.132314
v -0.031304 7.712438 -0.132953
v -0.019203 7.712391 -0.136837
v -0.014135 7.728660 -0.136813
v -0.003858 7.728731 -0.139110
v 0.002134 7.758475 -0.138139
v 0.009191 7.758546 -0.139110
v 0.011275 7.780119 -0.137973
v 0.016177 7.756201 -0.139536
v 0.016177 7.798401 -0.137097
v -0.062682 7.658682 -0.125233
v -0.073362 7.659037 -0.119763
v -0.034501 7.658113 -0.135795
v -0.051788 7.658398 -0.129945
v -0.048023 7.669741 -0.130751
v -0.058372 7.670025 -0.126370
v -0.043050 7.683382 -0.131603
v -0.017237 7.657971 -0.139821
v -0.015272 7.669315 -0.139892
v -0.031612 7.669457 -0.136174
v -0.000234 7.657924 -0.142118
v 0.000737 7.669267 -0.142023
v 0.001968 7.683002 -0.141810
v -0.012809 7.683026 -0.139915
v 0.003223 7.696714 -0.141526
v -0.010204 7.696714 -0.139797
v 0.004715 7.712415 -0.141052
v -0.007149 7.712391 -0.139513
v 0.006302 7.728778 -0.140436
v 0.016177 7.720324 -0.141241
v 0.006396 7.780025 -0.137310
v 0.006468 7.798567 -0.135724
v 0.001613 7.779882 -0.136221
v -0.003052 7.779693 -0.134682
v -0.011862 7.758143 -0.134232
v -0.016195 7.758025 -0.132432
v -0.030878 7.728612 -0.130822
v -0.037272 7.728636 -0.127719
v -0.046531 7.712675 -0.126133
v -0.053967 7.712864 -0.121941
v -0.063605 7.697709 -0.119668
v -0.071870 7.698111 -0.114245
v -0.080490 7.684873 -0.111593
v -0.097517 7.686105 -0.097644
v -0.106397 7.672701 -0.093689
v -0.122477 7.674217 -0.076094
v -0.129179 7.662684 -0.072045
v -0.005941 7.779551 -0.133498
v -0.002934 7.799135 -0.131177
v -0.008760 7.779385 -0.132148
v -0.011483 7.779196 -0.130632
v -0.024579 7.757764 -0.128027
v -0.028628 7.757646 -0.125422
v -0.049633 7.728778 -0.120236
v -0.061190 7.729039 -0.111095
v -0.074925 7.713741 -0.106312
v -0.087310 7.714522 -0.093524
v -0.101519 7.700243 -0.086940
v -0.007007 7.799538 -0.127743
v -0.019250 7.778651 -0.125162
v -0.014159 7.779030 -0.128975
v -0.023963 7.778296 -0.120757
v -0.043287 7.757196 -0.112587
v -0.036277 7.757385 -0.119478
v -0.071681 7.729394 -0.100439
v -0.166856 7.653732 -0.002919
v -0.161551 7.666899 -0.008011
v -0.154518 7.678692 -0.014286
v -0.143672 7.691764 -0.023522
v -0.130552 7.703913 -0.034155
v -0.113407 7.717222 -0.047464
v -0.094201 7.730981 -0.061886
v -0.059059 7.757101 -0.087296
v -0.112744 7.687502 -0.081375
v -0.112649 7.661239 -0.090516
v -0.088234 7.671399 -0.108845
v -0.071444 7.684376 -0.117608
v -0.055127 7.697377 -0.124499
v -0.038977 7.712533 -0.129803
v -0.024413 7.728612 -0.133474
v -0.004923 7.758333 -0.136529
v -0.087476 7.699082 -0.101670
v -0.061190 7.713125 -0.117229
v -0.043524 7.728683 -0.124191
v -0.020434 7.757906 -0.130372
v -0.023939 7.696761 -0.136742
v -0.027894 7.683145 -0.136529
v -0.167211 7.654632 0.243295
v -0.169910 7.628512 0.244218
v -0.168537 7.649281 0.232614
v -0.170455 7.623586 0.232709
v -0.169697 7.649067 0.202397
v -0.174007 7.647220 0.091332
v -0.172421 7.648096 0.131922
v -0.171639 7.648451 0.151956
v -0.166927 7.669386 0.121810
v -0.166240 7.670002 0.141134
v -0.158188 7.686839 0.108004
v -0.157644 7.687644 0.126688
v -0.146371 7.701711 0.090930
v -0.145992 7.702658 0.108975
v -0.133370 7.713693 0.073334
v -0.133181 7.714712 0.090835
v -0.118262 7.725250 0.053868
v -0.118309 7.726363 0.070848
v -0.083355 7.749926 0.010816
v -0.083853 7.751204 0.026659
v -0.051859 7.775194 -0.027169
v -0.052807 7.776686 -0.012463
v -0.035946 7.790397 -0.046445
v -0.037130 7.792007 -0.032402
v -0.021216 7.807992 -0.058996
v -0.023939 7.810999 -0.034486
v -0.174860 7.646676 0.069451
v -0.169153 7.666923 0.062038
v -0.160035 7.683760 0.050837
v -0.147674 7.698348 0.036297
v -0.134128 7.710212 0.020951
v -0.118404 7.721698 0.003806
v -0.082219 7.746255 -0.034250
v -0.049562 7.771215 -0.067451
v -0.033033 7.786158 -0.084028
v -0.018445 7.804890 -0.084193
v -0.033933 7.787508 -0.071926
v -0.050273 7.772494 -0.054284
v -0.082527 7.747487 -0.019188
v -0.118333 7.722976 0.020833
v -0.133820 7.711467 0.038902
v -0.147200 7.699603 0.055147
v -0.159372 7.684921 0.070682
v -0.168371 7.667870 0.082878
v -0.026663 7.813983 -0.010095
v -0.032441 7.804842 -0.008603
v -0.038030 7.797359 -0.004814
v -0.038408 7.793712 -0.017531
v -0.040303 7.794731 -0.002185
v -0.042221 7.792765 0.001130
v -0.053849 7.778272 0.002954
v -0.043571 7.791818 0.005061
v -0.055648 7.780877 0.028435
v -0.043950 7.791794 0.007169
v -0.044068 7.792102 0.009277
v -0.057661 7.783719 0.055573
v -0.044423 7.802143 0.051477
v -0.059864 7.786726 0.084322
v -0.045750 7.803019 0.062630
v -0.062279 7.789923 0.114587
v -0.048662 7.806571 0.092919
v -0.066139 7.794896 0.161405
v -0.053280 7.812113 0.140163
v -0.070354 7.800201 0.210851
v -0.058277 7.818009 0.190414
v -0.073646 7.801362 0.238180
v -0.061498 7.821751 0.222171
v -0.064055 7.821254 0.237469
v -0.054725 7.844296 0.236664
v -0.049325 7.838517 0.189633
v -0.044400 7.833213 0.146486
v -0.039900 7.828358 0.106962
v -0.043381 7.819004 0.101112
v -0.044423 7.815783 0.097584
v -0.044731 7.814552 0.095524
v -0.044826 7.813652 0.093274
v -0.093278 7.769202 0.239293
v -0.091739 7.765460 0.202042
v -0.112791 7.744218 0.240169
v -0.089370 7.761719 0.156195
v -0.119564 7.733727 0.202445
v -0.087902 7.759280 0.126191
v -0.119138 7.732212 0.172843
v -0.086600 7.756935 0.097276
v -0.118806 7.730649 0.143905
v -0.085439 7.754685 0.069522
v -0.118546 7.729063 0.115653
v -0.084421 7.752531 0.043022
v -0.118380 7.727428 0.088135
v -0.131357 7.722811 0.240927
v -0.132612 7.720703 0.223402
v -0.132636 7.719566 0.193990
v -0.132707 7.718382 0.165028
v -0.132826 7.717103 0.136540
v -0.133039 7.715683 0.108572
v -0.147461 7.702255 0.241637
v -0.144216 7.706589 0.213338
v -0.154754 7.690604 0.232709
v -0.159869 7.679592 0.242419
v -0.155488 7.690036 0.203534
v -0.163540 7.671659 0.219756
v -0.156270 7.689301 0.174430
v -0.164535 7.671185 0.190154
v -0.157099 7.688378 0.145349
v -0.165577 7.670546 0.160387
v -0.170858 7.648736 0.171825
v -0.144642 7.705713 0.184328
v -0.145116 7.704694 0.155603
v -0.145637 7.703510 0.127138
v -0.172799 7.655627 0.265081
v -0.174362 7.645894 0.261032
v 0.205153 7.655627 0.265081
v 0.206929 7.644307 0.260132
v -0.175049 7.640660 0.257669
v 0.208114 7.634551 0.252222
v -0.175665 7.635403 0.253099
v -0.176494 7.627493 0.242419
v -0.176967 7.623562 0.232662
v 0.202264 7.628512 0.244218
v 0.209013 7.625907 0.239221
v 0.202809 7.623586 0.232709
v 0.209416 7.623042 0.230483
v -0.177654 7.624321 0.234888
v -0.176944 7.631093 0.247960
v -0.175996 7.639974 0.257054
v -0.174457 7.650891 0.263353
v -0.174220 7.655959 0.264939
v -0.175523 7.656385 0.264371
v -0.176186 7.651412 0.262832
v -0.175333 7.651127 0.263187
v -0.176920 7.651767 0.262287
v -0.176541 7.656882 0.263400
v -0.177536 7.652146 0.261624
v -0.177938 7.652548 0.260843
v -0.179075 7.641537 0.255585
v -0.179501 7.642105 0.254922
v -0.180046 7.632916 0.246894
v -0.180472 7.633627 0.246421
v -0.180780 7.626333 0.234391
v -0.181206 7.627138 0.234130
v -0.181467 7.627991 0.233870
v -0.180709 7.634337 0.245900
v -0.179738 7.642673 0.254236
v -0.178175 7.652927 0.260037
v -0.177180 7.657356 0.262169
v -0.180164 7.625599 0.234604
v -0.179407 7.624983 0.234746
v -0.178554 7.624557 0.234841
v -0.177820 7.631354 0.247865
v -0.176896 7.640211 0.256888
v -0.178672 7.631732 0.247652
v -0.177725 7.640566 0.256604
v -0.179430 7.632277 0.247321
v -0.178483 7.641016 0.256154
v -0.165577 7.682126 0.274791
v -0.164724 7.681297 0.274554
v -0.152907 7.703108 0.286300
v -0.152836 7.705239 0.287484
v -0.141990 7.718785 0.297288
v -0.138272 7.725676 0.302758
v -0.136188 7.726695 0.303800
v -0.125153 7.744337 0.321230
v -0.124371 7.743579 0.320567
v -0.113809 7.762240 0.345550
v -0.113667 7.765224 0.350239
v -0.110494 7.770173 0.359546
v -0.108529 7.776212 0.372618
v -0.108623 7.780688 0.384056
v -0.107487 7.780664 0.384482
v -0.108576 7.786703 0.405440
v -0.107037 7.786442 0.405511
v -0.109926 7.787437 0.405274
v -0.109665 7.781066 0.384009
v -0.114686 7.765674 0.350239
v -0.126124 7.744882 0.321253
v -0.139196 7.726315 0.302782
v -0.153760 7.705879 0.287437
v -0.166548 7.682623 0.274601
v -0.167495 7.683263 0.274080
v -0.168205 7.683878 0.273394
v -0.168655 7.684471 0.272517
v -0.155749 7.708200 0.285779
v -0.155962 7.708957 0.284808
v -0.141374 7.729725 0.300627
v -0.141303 7.730531 0.299609
v -0.128326 7.749357 0.318554
v -0.117030 7.770386 0.348084
v -0.112057 7.785992 0.382469
v -0.112175 7.784784 0.382896
v -0.111678 7.791462 0.404398
v -0.111939 7.783624 0.383275
v -0.111583 7.789947 0.404706
v -0.111441 7.782629 0.383559
v -0.110968 7.788550 0.405014
v -0.110707 7.781777 0.383819
v -0.155867 7.709597 0.283719
v -0.168868 7.685063 0.271452
v -0.154660 7.706660 0.287081
v -0.140096 7.727144 0.302545
v -0.127071 7.745687 0.321088
v -0.115680 7.766431 0.350050
v -0.155323 7.707465 0.286513
v -0.140759 7.728021 0.302095
v -0.127758 7.746563 0.320709
v -0.116414 7.767284 0.349742
v -0.141185 7.728849 0.301480
v -0.128421 7.748434 0.319430
v -0.128208 7.747463 0.320164
v -0.116888 7.768208 0.349316
v -0.117125 7.769273 0.348747
v 0.139391 7.786442 0.405511
v 0.139746 7.781303 0.386329
v 0.140575 7.777396 0.375531
v 0.144624 7.765721 0.351352
v 0.154357 7.747297 0.324900
v 0.016177 7.740785 0.317488
v 0.010707 7.740193 0.316849
v 0.005591 7.738488 0.315049
v 0.001163 7.735930 0.312444
v -0.002365 7.732852 0.309436
v -0.007410 7.725155 0.302498
v -0.009422 7.716346 0.295417
v -0.008191 7.707157 0.288905
v -0.006154 7.702563 0.285968
v -0.003218 7.698371 0.283434
v 0.000524 7.694843 0.281398
v 0.005236 7.691954 0.279835
v 0.010612 7.690107 0.278864
v 0.016177 7.689491 0.278532
v 0.193976 7.687928 0.277751
v 0.021742 7.690107 0.278864
v 0.027118 7.691954 0.279835
v 0.031830 7.694843 0.281398
v 0.185072 7.703416 0.286489
v 0.035572 7.698371 0.283434
v 0.038508 7.702563 0.285968
v 0.040545 7.707157 0.288905
v 0.041776 7.716346 0.295417
v 0.167666 7.727879 0.304866
v 0.039763 7.725155 0.302498
v 0.034719 7.732852 0.309436
v 0.161059 7.737138 0.313675
v 0.031191 7.735930 0.312444
v 0.026762 7.738488 0.315049
v 0.021647 7.740193 0.316849
v 0.200062 7.673767 0.271333
v -0.137680 7.889101 0.888443
v -0.137775 7.898313 0.931780
v -0.141209 7.896915 0.925196
v -0.138485 7.898242 0.931472
v -0.139172 7.898147 0.930998
v -0.110376 7.900017 0.939784
v -0.133678 7.879889 0.845154
v -0.061284 7.902196 0.950109
v -0.129226 7.869113 0.794381
v -0.035566 7.902930 0.953495
v -0.124348 7.856491 0.735083
v 0.020724 7.903499 0.956195
v -0.121790 7.849434 0.701858
v 0.153978 7.848961 0.699656
v -0.119185 7.841809 0.665910
v 0.151137 7.840601 0.660298
v -0.116556 7.833544 0.627097
v 0.148271 7.831460 0.617293
v -0.113928 7.824545 0.584707
v 0.145571 7.821893 0.572275
v -0.111560 7.815262 0.541015
v 0.143393 7.812918 0.530027
v -0.109736 7.806690 0.500757
v 0.141759 7.805032 0.492919
v -0.108434 7.799206 0.465496
v 0.140622 7.798141 0.460475
v -0.107558 7.792552 0.434166
v 0.139864 7.792007 0.431703
v 0.049828 7.903262 0.955058
v 0.156749 7.856657 0.735770
v 0.159449 7.863714 0.768947
v 0.104082 7.901841 0.948333
v 0.162006 7.870179 0.799378
v 0.164445 7.876100 0.827322
v 0.149408 7.899639 0.937984
v 0.173563 7.896915 0.925196
v 0.170129 7.898313 0.931780
v 0.170910 7.898242 0.931424
v 0.171645 7.898123 0.930903
v 0.172805 7.897791 0.929364
v 0.173468 7.897389 0.927375
v -0.140356 7.897839 0.929554
v -0.141066 7.897436 0.927635
v -0.111560 7.813178 0.531093
v -0.118546 7.839820 0.656580
v -0.119611 7.839914 0.656485
v -0.139859 7.893055 0.907009
v -0.142700 7.897128 0.925007
v -0.144027 7.897791 0.924746
v -0.142061 7.893789 0.906630
v -0.141066 7.893316 0.906843
v -0.142914 7.894500 0.906393
v -0.145045 7.898833 0.924415
v -0.143600 7.895471 0.906133
v -0.145684 7.900183 0.924060
v -0.144003 7.896607 0.905849
v -0.123163 7.844059 0.655349
v -0.115728 7.817843 0.529909
v -0.115633 7.816636 0.530169
v -0.115207 7.815523 0.530430
v -0.114567 7.814647 0.530643
v -0.113691 7.813912 0.530832
v -0.121672 7.840980 0.656106
v -0.120748 7.840341 0.656319
v -0.112602 7.813391 0.530998
v -0.122406 7.841809 0.655893
v -0.122927 7.842875 0.655633
v -0.142179 7.897436 0.927138
v -0.141658 7.897862 0.929151
v -0.140616 7.898242 0.930951
v -0.139882 7.898407 0.931709
v -0.139006 7.898549 0.932301
v -0.139551 7.899094 0.933130
v -0.138201 7.898762 0.932988
v -0.138580 7.899544 0.933982
v -0.140048 7.899923 0.933840
v -0.138888 7.900609 0.934740
v -0.141706 7.900704 0.933414
v -0.144074 7.900941 0.930975
v -0.142866 7.900562 0.932277
v -0.142227 7.899544 0.931969
v -0.141232 7.899757 0.932988
v -0.141445 7.898762 0.931519
v -0.140569 7.898952 0.932395
v -0.144334 7.900017 0.929767
v -0.145542 7.901249 0.927778
v -0.145021 7.899449 0.927115
v -0.145637 7.900846 0.926901
v -0.145874 7.901414 0.925883
v -0.144216 7.898526 0.927186
v -0.143577 7.899046 0.929672
v -0.143221 7.897839 0.927209
v -0.142629 7.898313 0.929459
v -0.145992 7.912829 0.933816
v -0.146205 7.919057 0.937321
v -0.147034 7.937434 0.947244
v -0.145637 7.918252 0.938742
v -0.146229 7.937031 0.949849
v -0.144784 7.917542 0.940092
v -0.144832 7.936700 0.952027
v -0.143648 7.916902 0.941276
v -0.142322 7.916405 0.942223
v -0.142085 7.910177 0.938695
v -0.140214 7.936321 0.954987
v -0.143150 7.901225 0.932372
v -0.144571 7.911314 0.936563
v -0.144287 7.901865 0.931188
v -0.145424 7.912047 0.935237
v -0.145163 7.902599 0.929862
v -0.145708 7.903380 0.928441
v -0.142819 7.936463 0.953803
v -0.143435 7.910674 0.937747
v -0.147081 7.937671 0.947125
v -0.147034 7.938807 0.946983
v -0.146845 7.939305 0.944118
v -0.146750 7.939849 0.946817
v -0.146158 7.940560 0.944047
v -0.146111 7.940938 0.946604
v -0.145140 7.941555 0.944047
v -0.145092 7.941886 0.946367
v -0.143884 7.942217 0.944118
v -0.143837 7.942478 0.946131
v -0.142464 7.942454 0.944260
v -0.142464 7.942667 0.945988
v -0.143387 7.942691 0.947930
v -0.142085 7.942857 0.947528
v -0.142511 7.942904 0.949588
v -0.141398 7.942999 0.948783
v -0.140403 7.943141 0.949825
v -0.141209 7.943070 0.950938
v -0.139788 7.943188 0.950204
v -0.139527 7.943165 0.951885
v -0.139101 7.943212 0.950488
v -0.146466 7.937978 0.949659
v -0.145187 7.938262 0.952051
v -0.144974 7.937055 0.952051
v -0.143198 7.938523 0.954111
v -0.143032 7.937315 0.954040
v -0.140427 7.937695 0.955437
v -0.140474 7.939139 0.955485
v -0.143174 7.939660 0.953945
v -0.145163 7.939423 0.951885
v -0.146418 7.939115 0.949493
v -0.140427 7.940536 0.955082
v -0.143008 7.940678 0.953590
v -0.144926 7.940418 0.951601
v -0.146158 7.940134 0.949280
v -0.140214 7.941744 0.954301
v -0.142606 7.941720 0.952927
v -0.144405 7.941507 0.951080
v -0.145542 7.941223 0.948925
v -0.139906 7.942644 0.953188
v -0.141990 7.942573 0.952027
v -0.143577 7.942359 0.950393
v -0.144595 7.942122 0.948451
v -0.141161 7.941057 0.932988
v -0.139551 7.939376 0.919252
v -0.135643 7.935279 0.885862
v -0.131120 7.930566 0.847403
v -0.126929 7.926162 0.811597
v -0.119067 7.917921 0.744508
v -0.114591 7.913231 0.706311
v -0.109357 7.907761 0.661790
v -0.092615 7.889290 0.511958
v -0.103295 7.901414 0.610094
v -0.096356 7.894168 0.551080
v -0.092520 7.890166 0.518423
v -0.088399 7.885832 0.483280
v -0.069076 7.865159 0.314930
v -0.083924 7.881167 0.445201
v -0.079093 7.876123 0.404090
v -0.069052 7.865609 0.318506
v -0.064410 7.860754 0.278935
v -0.049775 7.845385 0.153780
v -0.060195 7.856349 0.243129
v -0.056406 7.852395 0.210828
v -0.052996 7.848795 0.181605
v -0.047052 7.842590 0.130975
v -0.036372 7.830702 0.034544
v -0.042150 7.837428 0.088988
v -0.038053 7.833118 0.053939
v -0.034643 7.829518 0.024551
v -0.028012 7.822225 -0.034865
v -0.028936 7.822059 -0.034936
v -0.023868 7.816967 -0.076899
v -0.022945 7.817086 -0.076805
v -0.018232 7.812089 -0.117489
v -0.019748 7.813699 -0.104251
v -0.021642 7.815736 -0.087698
v -0.023987 7.818246 -0.067285
v -0.027255 7.821703 -0.039033
v -0.029315 7.823906 -0.021154
v -0.031754 7.826487 -0.000196
v -0.024744 7.816659 -0.076971
v -0.029812 7.821703 -0.035007
v -0.030570 7.821206 -0.035031
v -0.038124 7.830087 0.034402
v -0.038882 7.829542 0.034379
v -0.052380 7.844532 0.153566
v -0.053067 7.843916 0.153566
v -0.071586 7.864069 0.314765
v -0.072225 7.863406 0.314788
v -0.095030 7.887987 0.511816
v -0.095622 7.887277 0.511840
v -0.096025 7.886496 0.511887
v -0.025550 7.816186 -0.076994
v -0.026213 7.815618 -0.076994
v -0.031209 7.820614 -0.035031
v -0.039474 7.828903 0.034402
v -0.053612 7.843230 0.153590
v -0.072722 7.862672 0.314812
v -0.094320 7.888579 0.511840
v -0.093491 7.889030 0.511887
v -0.069952 7.864969 0.314859
v -0.050675 7.845266 0.153685
v -0.070828 7.864590 0.314788
v -0.051575 7.844982 0.153614
v -0.037295 7.830489 0.034450
v -0.090649 7.944751 0.962944
v -0.065949 7.945296 0.967467
v -0.015058 7.945983 0.973032
v 0.010707 7.946101 0.973932
v 0.062166 7.945841 0.971919
v 0.126792 7.892155 0.534763
v 0.121961 7.887111 0.493558
v 0.116657 7.881570 0.448540
v 0.087600 7.945486 0.969054
v 0.135104 7.900870 0.605594
v 0.131150 7.896726 0.571848
v 0.113460 7.944964 0.964839
v 0.148082 7.914439 0.716067
v 0.142090 7.908164 0.665081
v 0.141048 7.944231 0.958871
v 0.157388 7.924149 0.795305
v 0.153126 7.919697 0.758954
v 0.171455 7.943212 0.950488
v 0.169655 7.937007 0.899976
v 0.165227 7.932390 0.862323
v 0.174818 7.942454 0.944260
v 0.172237 7.943165 0.950180
v 0.172923 7.943117 0.949683
v 0.174060 7.942952 0.948285
v 0.174747 7.942715 0.946391
v 0.106118 7.870534 0.358646
v 0.101406 7.865632 0.318601
v 0.097143 7.861156 0.282203
v 0.093236 7.857083 0.248978
v 0.089684 7.853342 0.218595
v 0.083432 7.846806 0.165241
v 0.078174 7.841288 0.120389
v 0.073746 7.836623 0.082499
v 0.070004 7.832692 0.050364
v 0.066807 7.829329 0.023012
v 0.064084 7.826464 -0.000338
v 0.061763 7.824001 -0.020396
v 0.058045 7.820046 -0.052532
v 0.055322 7.817157 -0.076142
v 0.026336 7.808537 -0.146286
v 0.035738 7.809058 -0.142189
v 0.053238 7.814931 -0.094305
v 0.051628 7.813202 -0.108348
v 0.049496 7.810881 -0.127317
v 0.043671 7.809839 -0.135700
v 0.171881 7.943165 0.951885
v 0.114360 7.944941 0.965928
v 0.114573 7.944609 0.967088
v 0.063374 7.945486 0.974264
v 0.063469 7.944798 0.975377
v 0.011701 7.945059 0.977484
v 0.011678 7.944160 0.978313
v -0.040113 7.943804 0.975306
v -0.040161 7.942762 0.975851
v -0.065902 7.942359 0.972440
v -0.065902 7.941104 0.972748
v -0.091596 7.940512 0.968059
v -0.091549 7.939115 0.967965
v 0.063255 7.945817 0.973080
v 0.011701 7.946077 0.975187
v -0.039805 7.945722 0.972204
v -0.065381 7.945296 0.968817
v -0.090910 7.944727 0.964152
v -0.091146 7.944396 0.965312
v -0.091336 7.943686 0.966402
v -0.091502 7.942810 0.967207
v -0.091573 7.941768 0.967775
v -0.091431 7.937813 0.967491
v -0.066542 7.938357 0.972038
v -0.065878 7.939683 0.972654
v -0.040137 7.940110 0.976064
v -0.040161 7.941507 0.976158
v 0.011678 7.941886 0.979142
v 0.011678 7.943141 0.978858
v 0.063563 7.942881 0.976750
v 0.063516 7.943923 0.976182
v 0.114904 7.943023 0.969007
v 0.114762 7.943923 0.968178
v 0.172568 7.941744 0.954300
v 0.172260 7.942644 0.953187
v -0.015295 7.939021 0.977627
v 0.011678 7.940465 0.979071
v 0.063587 7.941626 0.977035
v 0.114975 7.941981 0.969551
v 0.172781 7.940536 0.955082
v 0.010659 7.939139 0.978526
v 0.062498 7.938902 0.976514
v 0.063563 7.940205 0.976940
v 0.088097 7.938547 0.973624
v 0.114952 7.939328 0.969741
v 0.114170 7.938050 0.969386
v 0.141948 7.937315 0.963394
v 0.172568 7.936321 0.954987
v 0.172781 7.937695 0.955437
v 0.114999 7.940749 0.969835
v 0.172829 7.939139 0.955485
v 0.011701 7.945746 0.976371
v -0.040019 7.944680 0.974477
v -0.065831 7.943378 0.971896
v -0.039924 7.945367 0.973364
v -0.065713 7.944278 0.971091
v -0.065547 7.944964 0.969978
v 0.174392 7.937387 0.954703
v 0.174107 7.936392 0.954419
v 0.175505 7.936487 0.953566
v 0.177849 7.936842 0.951151
v 0.177565 7.937031 0.951672
v 0.175789 7.937268 0.953708
v 0.175978 7.938476 0.953779
v 0.174510 7.938594 0.954798
v 0.175955 7.939612 0.953614
v 0.174510 7.939754 0.954632
v 0.175765 7.940631 0.953259
v 0.174368 7.940749 0.954253
v 0.175339 7.941697 0.952643
v 0.174036 7.941791 0.953543
v 0.174676 7.942525 0.951767
v 0.173539 7.942644 0.952548
v 0.173847 7.943023 0.950725
v 0.172923 7.943117 0.951364
v 0.179246 7.937339 0.947907
v 0.178938 7.937931 0.949327
v 0.177802 7.938215 0.951696
v 0.179459 7.937624 0.946841
v 0.179459 7.937931 0.944260
v 0.179436 7.938760 0.946699
v 0.179199 7.939305 0.944118
v 0.179128 7.939802 0.946533
v 0.178512 7.940560 0.944046
v 0.178488 7.940915 0.946344
v 0.177494 7.941555 0.944046
v 0.177470 7.941839 0.946130
v 0.176239 7.942217 0.944118
v 0.176215 7.942454 0.945917
v 0.175836 7.942667 0.947693
v 0.175055 7.942857 0.949327
v 0.177778 7.939376 0.951530
v 0.177517 7.940371 0.951246
v 0.176973 7.941460 0.950748
v 0.176120 7.942336 0.950085
v 0.177044 7.942099 0.948167
v 0.178015 7.941199 0.948593
v 0.178631 7.940110 0.948949
v 0.178891 7.939068 0.949162
v 0.174013 7.900704 0.933437
v 0.174463 7.910556 0.938908
v 0.171242 7.900609 0.934740
v 0.174534 7.912971 0.940281
v 0.175315 7.931963 0.951033
v 0.176641 7.932461 0.950062
v 0.177778 7.933076 0.948877
v 0.178631 7.933811 0.947528
v 0.177873 7.914818 0.936800
v 0.178441 7.915600 0.935379
v 0.178370 7.913208 0.934029
v 0.178749 7.920620 0.934503
v 0.178133 7.901344 0.926664
v 0.178204 7.901651 0.923752
v 0.175007 7.900775 0.932632
v 0.175789 7.911053 0.937960
v 0.175883 7.913468 0.939310
v 0.176476 7.900941 0.930903
v 0.176925 7.911692 0.936776
v 0.177020 7.914084 0.938150
v 0.177802 7.912426 0.935450
v 0.177849 7.901225 0.927920
v 0.179175 7.934592 0.946107
v 0.170555 7.898762 0.932987
v 0.171431 7.898526 0.932277
v 0.172284 7.898407 0.931661
v 0.173586 7.898052 0.930051
v 0.174344 7.897649 0.928133
v 0.174605 7.897223 0.926096
v 0.175055 7.897129 0.925007
v 0.175670 7.897578 0.926025
v 0.176381 7.897791 0.924746
v 0.176665 7.898242 0.925907
v 0.177399 7.898833 0.924415
v 0.177470 7.899141 0.925717
v 0.178038 7.900183 0.924060
v 0.178110 7.900515 0.925433
v 0.177115 7.899734 0.928393
v 0.176333 7.898762 0.928393
v 0.175362 7.898076 0.928298
v 0.177731 7.901131 0.928251
v 0.176073 7.900278 0.930998
v 0.175362 7.899283 0.930809
v 0.173657 7.899734 0.932940
v 0.172473 7.899923 0.933793
v 0.170934 7.899544 0.933982
v 0.171952 7.899094 0.933082
v 0.172971 7.898928 0.932348
v 0.174486 7.898526 0.930477
v -0.087192 7.901509 0.946249
v -0.087405 7.902007 0.947101
v -0.035211 7.903759 0.955366
v -0.035306 7.904446 0.956100
v 0.005663 7.904991 0.958658
v -0.035945 7.905156 0.956550
v 0.020748 7.905725 0.959250
v 0.046702 7.904825 0.957829
v 0.050089 7.905488 0.958137
v 0.087529 7.903925 0.953614
v 0.104721 7.904091 0.951364
v 0.127834 7.902338 0.946083
v 0.128639 7.903049 0.946462
v 0.127645 7.901628 0.945373
v 0.127432 7.901131 0.944520
v 0.087245 7.902717 0.952027
v 0.046584 7.903617 0.956219
v 0.005686 7.903783 0.957048
v -0.035116 7.903238 0.954490
v -0.061829 7.904446 0.953140
v -0.087594 7.902693 0.947836
v -0.111275 7.902291 0.942792
v 0.005663 7.904304 0.957924
v 0.046631 7.904138 0.957095
v 0.087387 7.903238 0.952880
v 0.156133 7.852560 0.716138
v 0.157317 7.852963 0.716114
v 0.158288 7.853602 0.716043
v 0.159046 7.854431 0.715949
v 0.148295 7.820685 0.559534
v 0.148958 7.821538 0.559131
v 0.144222 7.799230 0.456994
v 0.144790 7.800154 0.456639
v 0.143322 7.788550 0.405014
v 0.143937 7.789947 0.404706
v 0.146329 7.819549 0.560221
v 0.145287 7.819407 0.560458
v 0.141332 7.797644 0.457847
v 0.140930 7.786703 0.405440
v 0.142351 7.797904 0.457634
v 0.142280 7.787437 0.405274
v 0.143416 7.798472 0.457326
v 0.145121 7.801267 0.456236
v 0.144032 7.791462 0.404398
v 0.145145 7.802427 0.455834
v 0.143630 7.792931 0.404090
v 0.144837 7.803587 0.455455
v 0.145903 7.809839 0.485412
v 0.147371 7.816896 0.519347
v 0.149526 7.823764 0.558279
v 0.149337 7.824948 0.557876
v 0.151800 7.833734 0.599958
v 0.154499 7.842448 0.641566
v 0.159922 7.856681 0.715688
v 0.159614 7.855497 0.715830
v 0.157199 7.850500 0.680072
v 0.159875 7.857936 0.715570
v 0.162480 7.864803 0.748321
v 0.167358 7.876999 0.806387
v 0.171763 7.887348 0.855668
v 0.173776 7.891942 0.877526
v 0.147442 7.820022 0.559889
v 0.149408 7.822604 0.558705
v 0.170674 7.928861 0.869237
v 0.176239 7.934592 0.916718
v 0.163522 7.921520 0.808400
v 0.165108 7.875105 0.783985
v 0.156441 7.865632 0.695938
v 0.147347 7.855757 0.604363
v 0.126982 7.833852 0.400301
v 0.125134 7.882114 0.482191
v 0.118646 7.875460 0.427109
v 0.112228 7.868900 0.372878
v 0.106426 7.862957 0.323574
v 0.121535 7.828003 0.345385
v 0.101240 7.857652 0.279598
v 0.116207 7.822296 0.291486
v 0.096575 7.852915 0.240240
v 0.111020 7.816754 0.238700
v 0.092407 7.848653 0.204836
v 0.088642 7.844817 0.172985
v 0.106166 7.811544 0.188615
v 0.085255 7.841359 0.144307
v 0.102187 7.807234 0.147149
v 0.082200 7.838257 0.118423
v 0.079430 7.835463 0.095026
v 0.098469 7.803185 0.107648
v 0.074670 7.830631 0.054697
v 0.095035 7.799396 0.070374
v 0.072609 7.828547 0.037315
v 0.069033 7.824948 0.007122
v 0.091886 7.795891 0.035563
v 0.064794 7.820662 -0.028827
v 0.088736 7.792292 -0.000717
v 0.062521 7.818388 -0.047985
v 0.086013 7.789118 -0.033373
v 0.059821 7.815712 -0.070742
v 0.057737 7.813628 -0.088361
v 0.083787 7.786395 -0.062241
v 0.056056 7.811971 -0.102594
v 0.054754 7.810692 -0.113534
v 0.083242 7.783056 -0.086064
v 0.110523 7.764513 -0.031858
v 0.111825 7.760535 -0.058144
v 0.128331 7.751797 -0.011658
v 0.139509 7.741566 -0.030840
v 0.145477 7.740145 0.007832
v 0.165085 7.724161 -0.005477
v 0.173018 7.720395 0.039352
v 0.187274 7.706068 0.016689
v 0.185048 7.709928 0.053347
v 0.195633 7.698466 0.065827
v 0.194639 7.700432 0.105659
v 0.204017 7.685892 0.118731
v 0.202809 7.687147 0.159747
v 0.209653 7.669954 0.171517
v 0.208232 7.670499 0.213125
v 0.212424 7.650180 0.223260
v 0.209724 7.657805 0.260771
v 0.211547 7.647315 0.256319
v 0.141972 7.802332 0.425593
v 0.137899 7.797809 0.373376
v 0.143914 7.787768 0.384435
v 0.144695 7.783837 0.373376
v 0.148626 7.772091 0.348653
v 0.145690 7.775951 0.341548
v 0.133920 7.793405 0.321987
v 0.142753 7.772613 0.292646
v 0.158193 7.753525 0.321632
v 0.154925 7.757267 0.312752
v 0.152984 7.754899 0.266455
v 0.139983 7.769415 0.245260
v 0.130084 7.789165 0.271523
v 0.126461 7.785116 0.223024
v 0.164801 7.743224 0.310218
v 0.171408 7.733751 0.301243
v 0.173373 7.729584 0.263163
v 0.182940 7.717459 0.279243
v 0.172994 7.728612 0.226244
v 0.183011 7.716890 0.242703
v 0.172734 7.727523 0.190012
v 0.183201 7.716156 0.206589
v 0.172592 7.726268 0.154490
v 0.183461 7.715209 0.170972
v 0.172544 7.724610 0.115132
v 0.183864 7.713836 0.131164
v 0.172686 7.722645 0.076768
v 0.184385 7.712059 0.091948
v 0.189003 7.708365 0.282558
v 0.191797 7.704174 0.257788
v 0.198167 7.692049 0.273678
v 0.192365 7.703771 0.221768
v 0.200701 7.688402 0.236688
v 0.192981 7.703084 0.185986
v 0.201672 7.687975 0.200645
v 0.193763 7.701971 0.145681
v 0.204467 7.677011 0.267142
v 0.207001 7.670712 0.249523
v 0.212755 7.638316 0.249215
v 0.213679 7.630359 0.237516
v 0.214058 7.627707 0.229654
v 0.214460 7.626665 0.220490
v 0.214058 7.649896 0.180823
v 0.211121 7.669007 0.129483
v 0.205319 7.684186 0.077550
v 0.204798 7.685110 0.034284
v 0.216970 7.626665 0.157782
v 0.215715 7.649352 0.137653
v 0.212660 7.667681 0.086904
v 0.211429 7.672891 0.040962
v 0.219220 7.626688 0.101349
v 0.217420 7.648546 0.093653
v 0.216449 7.659203 0.046030
v 0.221233 7.626736 0.050837
v 0.219765 7.643857 0.049345
v 0.131078 7.888201 0.532585
v 0.136312 7.893576 0.577058
v 0.140977 7.898360 0.616772
v 0.145216 7.902693 0.652649
v 0.149053 7.906648 0.685376
v 0.152581 7.910272 0.715191
v 0.155731 7.913516 0.742045
v 0.158549 7.916405 0.766106
v 0.137756 7.766787 0.205689
v 0.151444 7.752933 0.227641
v 0.135696 7.764229 0.167373
v 0.150023 7.750991 0.189870
v 0.133825 7.761766 0.130525
v 0.148768 7.749050 0.153259
v 0.132168 7.759375 0.095239
v 0.147703 7.747108 0.117879
v 0.130581 7.756770 0.057302
v 0.146684 7.744834 0.079397
v 0.129279 7.754236 0.021638
v 0.145950 7.742514 0.042691
v 0.123548 7.781801 0.182647
v 0.120824 7.778627 0.143833
v 0.118314 7.775643 0.106772
v 0.116064 7.772802 0.071629
v 0.113838 7.769794 0.034284
v 0.111991 7.767024 -0.000243
v 0.050965 7.811118 -0.124191
v 0.056009 7.816754 -0.078628
v 0.055085 7.816873 -0.078534
v 0.060840 7.822675 -0.031076
v 0.068702 7.830679 0.034308
v 0.081442 7.843656 0.140329
v 0.082319 7.843372 0.140281
v 0.130273 7.892274 0.542152
v 0.130984 7.891658 0.542128
v 0.131552 7.890947 0.542152
v 0.131978 7.890166 0.542199
v 0.128592 7.892984 0.542247
v 0.129468 7.892724 0.542176
v 0.127716 7.893103 0.542341
v 0.084379 7.841619 0.140234
v 0.083834 7.842306 0.140234
v 0.071188 7.829518 0.034166
v 0.070454 7.830063 0.034189
v 0.062616 7.822177 -0.031218
v 0.061763 7.822509 -0.031147
v 0.071804 7.828879 0.034166
v 0.064013 7.821064 -0.031242
v 0.058353 7.815404 -0.078747
v 0.053641 7.810976 -0.117300
v 0.057690 7.815996 -0.078723
v 0.052362 7.811141 -0.120852
v 0.063397 7.821656 -0.031242
v 0.056909 7.816446 -0.078699
v 0.069625 7.830466 0.034237
v 0.083147 7.842898 0.140234
v 0.220215 7.630146 0.031892
v 0.217728 7.648593 0.027345
v 0.212045 7.667610 0.021709
v 0.203448 7.684044 0.013563
v 0.192223 7.698419 0.003214
v 0.169821 7.718430 -0.017057
v 0.143179 7.737209 -0.040833
v 0.125987 7.748837 -0.056084
v 0.108155 7.761482 -0.071832
v 0.094112 7.772281 -0.084170
v 0.091649 7.771523 -0.094045
v 0.077724 7.783482 -0.104796
v 0.074764 7.782914 -0.112042
v 0.071046 7.782393 -0.118815
v 0.064913 7.781754 -0.127127
v 0.061432 7.781469 -0.130869
v 0.076469 7.769344 -0.121965
v 0.072159 7.768942 -0.126749
v 0.087836 7.757788 -0.116945
v 0.082674 7.757243 -0.122770
v 0.102140 7.743934 -0.110669
v 0.095888 7.743176 -0.117797
v 0.115875 7.731028 -0.104654
v 0.108534 7.730010 -0.113013
v 0.137188 7.710402 -0.095087
v 0.128213 7.709052 -0.105388
v 0.155612 7.689586 -0.086183
v 0.145334 7.688070 -0.098165
v 0.165321 7.675638 -0.080949
v 0.154499 7.674193 -0.093761
v 0.173420 7.660553 -0.075976
v 0.162290 7.659345 -0.089451
v 0.163616 7.651340 -0.089522
v 0.149976 7.658185 -0.101907
v 0.146329 7.654088 -0.105720
v 0.135009 7.657048 -0.114411
v 0.128189 7.656385 -0.119336
v 0.128213 7.671470 -0.117276
v 0.112891 7.670310 -0.127435
v 0.106166 7.684021 -0.129401
v 0.091223 7.683074 -0.137192
v 0.081253 7.704576 -0.138921
v 0.068062 7.703937 -0.144273
v 0.059371 7.726244 -0.144817
v 0.048407 7.725913 -0.148156
v 0.044334 7.740051 -0.147991
v 0.034838 7.739909 -0.150004
v 0.032043 7.754922 -0.149459
v 0.024063 7.754851 -0.150477
v 0.022973 7.767166 -0.149861
v 0.021813 7.780167 -0.149175
v 0.027402 7.780214 -0.148441
v 0.032896 7.780309 -0.147233
v 0.038271 7.780404 -0.145551
v 0.043197 7.767450 -0.145409
v 0.049686 7.767663 -0.142710
v 0.055701 7.755467 -0.142047
v 0.063184 7.755822 -0.138116
v 0.072207 7.741140 -0.136482
v 0.080874 7.741755 -0.130822
v 0.090939 7.728139 -0.128312
v 0.100553 7.729086 -0.120686
v 0.118409 7.707773 -0.114813
v 0.218770 7.632112 0.020715
v 0.213915 7.647717 0.004114
v 0.208137 7.666260 -0.001498
v 0.201483 7.664768 -0.024043
v 0.192910 7.680634 -0.030958
v 0.183248 7.678598 -0.052839
v 0.172686 7.692665 -0.059778
v 0.212873 7.636682 -0.005193
v 0.207450 7.646747 -0.018525
v 0.191702 7.663039 -0.046682
v 0.200867 7.642105 -0.036026
v 0.197859 7.645610 -0.041354
v 0.191418 7.645113 -0.053360
v 0.178962 7.648262 -0.071571
v 0.110073 7.658161 -0.130230
v 0.096954 7.669409 -0.135913
v 0.075972 7.682387 -0.143420
v 0.054777 7.703534 -0.148275
v 0.037466 7.725747 -0.150453
v 0.025413 7.739814 -0.151188
v 0.076161 7.660505 -0.144581
v 0.080590 7.668746 -0.142686
v 0.060650 7.681913 -0.148085
v 0.041587 7.703297 -0.150998
v 0.026668 7.725652 -0.151780
v 0.064108 7.668320 -0.147777
v 0.046323 7.661618 -0.151638
v 0.047720 7.668060 -0.151282
v 0.031664 7.667941 -0.153272
v 0.030528 7.681534 -0.153082
v 0.043458 7.780569 -0.143396
v 0.055938 7.767923 -0.139418
v 0.070336 7.756248 -0.133450
v 0.089068 7.742466 -0.124309
v 0.057666 7.781209 -0.134303
v 0.053191 7.780972 -0.137760
v 0.048454 7.780735 -0.140815
v 0.061882 7.768231 -0.135558
v 0.079998 7.784122 -0.096555
v 0.199517 7.682458 -0.009029
v 0.188387 7.696714 -0.018288
v 0.166245 7.716843 -0.036049
v 0.140006 7.735907 -0.056605
v 0.123074 7.747771 -0.069748
v 0.105503 7.760630 -0.083341
v 0.181969 7.694819 -0.039104
v 0.160467 7.715114 -0.054260
v 0.135080 7.734557 -0.071500
v 0.118717 7.746681 -0.082512
v 0.101714 7.759777 -0.093903
v 0.088286 7.770860 -0.102925
v 0.152202 7.713172 -0.072234
v 0.128213 7.733088 -0.086135
v 0.112725 7.745544 -0.094968
v 0.096646 7.758924 -0.104109
v 0.083929 7.770197 -0.111403
v 0.067470 7.768587 -0.131153
v 0.077061 7.756746 -0.128098
v 0.134086 7.686649 -0.109106
v 0.142587 7.672843 -0.105530
v 0.120516 7.685228 -0.119999
v 0.106639 7.706494 -0.124191
v 0.080779 7.727334 -0.134895
v 0.063137 7.740666 -0.141241
v 0.047957 7.755207 -0.145267
v 0.036543 7.767308 -0.147493
v 0.094183 7.705429 -0.132243
v 0.070217 7.726695 -0.140413
v 0.053806 7.740287 -0.145054
v 0.040048 7.755017 -0.147730
v 0.029770 7.767237 -0.148985
v 0.045423 7.681653 -0.151259
v 0.028657 7.703179 -0.152561
v 0.040190 7.660861 -0.152419
v 0.063847 7.660079 -0.148014
v 0.063895 7.661003 -0.148085
v 0.086842 7.659724 -0.140839
v 0.086747 7.658800 -0.140792
v 0.086605 7.657900 -0.140555
v 0.063729 7.659155 -0.147754
v 0.086392 7.657024 -0.140128
v 0.063587 7.658303 -0.147328
v 0.086108 7.656290 -0.139536
v 0.063397 7.657545 -0.146712
v 0.085800 7.655698 -0.138850
v 0.063184 7.656953 -0.145978
v 0.085468 7.655319 -0.138068
v 0.062971 7.656550 -0.145173
v 0.129279 7.655817 -0.118626
v 0.108723 7.657971 -0.130940
v 0.108605 7.657072 -0.130916
v 0.108415 7.656148 -0.130680
v 0.108131 7.655295 -0.130301
v 0.107776 7.654562 -0.129756
v 0.107373 7.653993 -0.129093
v 0.106971 7.653590 -0.128359
v 0.148295 7.653235 -0.104086
v 0.148129 7.652335 -0.104062
v 0.165345 7.649423 -0.087556
v 0.165037 7.648522 -0.087414
v 0.180241 7.645302 -0.069132
v 0.179743 7.644473 -0.068919
v 0.194828 7.640329 -0.045427
v 0.194165 7.639642 -0.045190
v 0.205864 7.635214 -0.020017
v 0.205082 7.634717 -0.019804
v 0.213205 7.630075 0.006577
v 0.212329 7.629767 0.006719
v 0.216639 7.625007 0.033834
v 0.217491 7.622000 0.050908
v 0.217539 7.625268 0.033810
v 0.218391 7.622284 0.050932
v 0.218367 7.625718 0.033810
v 0.219196 7.622734 0.050956
v 0.219125 7.626357 0.033858
v 0.219907 7.623326 0.051003
v 0.219741 7.627115 0.033929
v 0.220499 7.624060 0.051050
v 0.220901 7.624889 0.051050
v 0.220144 7.627991 0.034047
v 0.221162 7.625813 0.050932
v 0.220380 7.628867 0.034189
v 0.215976 7.633722 0.006577
v 0.207758 7.638458 -0.020183
v 0.195918 7.642934 -0.045593
v 0.180762 7.647102 -0.069203
v 0.165511 7.650322 -0.087556
v 0.204253 7.634408 -0.019544
v 0.193407 7.639145 -0.044883
v 0.179151 7.643786 -0.068587
v 0.164587 7.647694 -0.087154
v 0.147868 7.651435 -0.103920
v 0.129160 7.654893 -0.118602
v 0.192626 7.638813 -0.044504
v 0.177730 7.642910 -0.067711
v 0.162764 7.646083 -0.085733
v 0.145832 7.648949 -0.101978
v 0.127147 7.651459 -0.116258
v 0.039763 7.657332 -0.149506
v 0.039977 7.658327 -0.151069
v 0.039858 7.657734 -0.150311
v 0.040071 7.659061 -0.151709
v 0.040142 7.659937 -0.152159
v 0.128900 7.653993 -0.118413
v 0.128568 7.653141 -0.118058
v 0.147466 7.650583 -0.103588
v 0.128142 7.652406 -0.117537
v 0.146968 7.649872 -0.103138
v 0.164043 7.646983 -0.086751
v 0.127645 7.651838 -0.116945
v 0.146400 7.649304 -0.102594
v 0.163403 7.646439 -0.086277
v 0.178465 7.643242 -0.068185
v 0.180572 7.646202 -0.069227
v 0.195349 7.641134 -0.045593
v 0.206574 7.635877 -0.020183
v 0.214034 7.630548 0.006458
v 0.195728 7.642034 -0.045640
v 0.207143 7.636682 -0.020254
v 0.214768 7.631188 0.006411
v 0.207545 7.637558 -0.020254
v 0.215336 7.631969 0.006411
v 0.215763 7.632845 0.006458
v 0.211263 7.622142 0.220347
v 0.214863 7.621976 0.114966
v 0.215384 7.621976 0.101681
v 0.216284 7.622236 0.101728
v 0.217728 7.622236 0.065306
v 0.218581 7.622686 0.065330
v 0.216852 7.621976 0.065259
v 0.219338 7.623326 0.065354
v 0.219930 7.624107 0.065377
v 0.220357 7.624983 0.065401
v 0.220593 7.625883 0.065401
v 0.219149 7.625883 0.101847
v 0.218604 7.625883 0.115108
v 0.214247 7.625196 0.220466
v 0.218391 7.624983 0.115108
v 0.217965 7.624107 0.115084
v 0.218912 7.624983 0.101823
v 0.218486 7.624107 0.101823
v 0.213608 7.623870 0.220442
v 0.217349 7.623326 0.115061
v 0.217870 7.623326 0.101799
v 0.212566 7.622828 0.220395
v 0.216591 7.622686 0.115037
v 0.217112 7.622686 0.101752
v 0.215739 7.622236 0.114990
v 0.206574 7.655959 0.264939
v 0.206977 7.649872 0.262926
v 0.208066 7.642342 0.258758
v 0.208848 7.635664 0.253241
v 0.209392 7.630099 0.246563
v 0.210292 7.630335 0.246468
v 0.210718 7.626120 0.238890
v 0.211571 7.626546 0.238748
v 0.212234 7.622757 0.223189
v 0.212992 7.623373 0.223189
v 0.209819 7.625883 0.238937
v 0.211382 7.622307 0.223166
v 0.210505 7.622071 0.223166
v 0.214058 7.625007 0.223118
v 0.213608 7.624131 0.223166
v 0.212329 7.627115 0.238535
v 0.211145 7.630738 0.246255
v 0.209724 7.635900 0.253122
v 0.214294 7.625883 0.223071
v 0.213608 7.629459 0.237611
v 0.213158 7.633414 0.244597
v 0.212589 7.638624 0.250731
v 0.211784 7.644876 0.255822
v 0.211571 7.644355 0.256532
v 0.210458 7.651577 0.260440
v 0.210055 7.651175 0.261198
v 0.208895 7.656882 0.263400
v 0.209440 7.650772 0.261884
v 0.207877 7.656385 0.264371
v 0.208706 7.650417 0.262405
v 0.207853 7.650109 0.262761
v 0.208942 7.642579 0.258616
v 0.210695 7.651957 0.259635
v 0.209534 7.657356 0.262169
v 0.209795 7.642910 0.258285
v 0.210576 7.636256 0.252838
v 0.210553 7.643336 0.257811
v 0.211334 7.636753 0.252459
v 0.211903 7.631283 0.245947
v 0.211145 7.643834 0.257219
v 0.211926 7.637345 0.251938
v 0.212495 7.631946 0.245544
v 0.212945 7.627825 0.238274
v 0.212352 7.637961 0.251346
v 0.212921 7.632656 0.245094
v 0.213371 7.628630 0.237943
v 0.140527 7.784311 0.395991
v 0.141617 7.777775 0.376123
v 0.144411 7.769131 0.357249
v 0.149147 7.758617 0.339748
v 0.156015 7.746658 0.323929
v 0.174983 7.719756 0.297880
v 0.194876 7.688615 0.277940
v 0.201577 7.672843 0.270812
v 0.202572 7.673270 0.270575
v 0.195823 7.689160 0.277775
v 0.175907 7.720395 0.297880
v 0.156986 7.747202 0.323977
v 0.150165 7.759114 0.339748
v 0.145429 7.769557 0.357225
v 0.142659 7.778177 0.376075
v 0.141569 7.784690 0.395897
v 0.142588 7.785400 0.395731
v 0.143345 7.786253 0.395518
v 0.143819 7.787247 0.395257
v 0.144056 7.788432 0.394949
v 0.143961 7.789663 0.394618
v 0.145050 7.783032 0.374394
v 0.147797 7.774294 0.355189
v 0.152463 7.763732 0.337404
v 0.159212 7.751702 0.321324
v 0.177991 7.724492 0.294565
v 0.178086 7.723734 0.295607
v 0.198120 7.691812 0.274791
v 0.177873 7.722906 0.296483
v 0.197907 7.691173 0.275833
v 0.177446 7.722076 0.297146
v 0.197457 7.690533 0.276662
v 0.176807 7.721248 0.297619
v 0.196770 7.689870 0.277325
v 0.203543 7.673838 0.270007
v 0.204253 7.674383 0.269249
v 0.204727 7.674880 0.268349
v 0.204940 7.675401 0.267260
v 0.143677 7.778888 0.375886
v 0.146448 7.770292 0.357059
v 0.151160 7.759872 0.339583
v 0.157957 7.748008 0.323787
v 0.144411 7.779740 0.375625
v 0.147182 7.771144 0.356752
v 0.151871 7.760725 0.339251
v 0.158643 7.748860 0.323408
v 0.144908 7.780711 0.375294
v 0.147655 7.772091 0.356349
v 0.152344 7.761648 0.338777
v 0.159093 7.749760 0.322887
v 0.145145 7.781848 0.374868
v 0.147892 7.773180 0.355804
v 0.152557 7.762690 0.338138
v 0.159306 7.750754 0.322177
v 0.016177 7.689491 0.242087
v 0.007415 7.691054 0.242016
v -0.000305 7.695506 0.241874
v -0.006036 7.702326 0.241637
v -0.009067 7.710686 0.241329
v -0.009067 7.719590 0.241021
v -0.006036 7.727950 0.240737
v -0.000305 7.734770 0.240500
v 0.007415 7.739222 0.240335
v 0.016177 7.740785 0.240287
v 0.024939 7.691054 0.242016
v 0.199565 7.654656 0.243295
v 0.032659 7.695506 0.241874
v 0.192223 7.679616 0.242418
v 0.179814 7.702255 0.241637
v 0.038390 7.702326 0.241637
v 0.163711 7.722835 0.240903
v 0.041421 7.710686 0.241329
v 0.041421 7.719590 0.241021
v 0.106000 7.801362 0.238180
v 0.024939 7.739222 0.240335
v 0.125608 7.769226 0.239293
v 0.032659 7.734770 0.240500
v 0.038390 7.727950 0.240737
v 0.145121 7.744218 0.240169
v 0.096385 7.821254 0.237469
v 0.087079 7.844296 0.236664
v 0.202051 7.649067 0.202397
v 0.203211 7.648736 0.171825
v 0.203993 7.648452 0.151956
v 0.204774 7.648097 0.131922
v 0.198594 7.670002 0.141134
v 0.199280 7.669386 0.121810
v 0.189997 7.687644 0.126688
v 0.190542 7.686839 0.108004
v 0.178346 7.702658 0.108975
v 0.178725 7.701711 0.090929
v 0.165535 7.714712 0.090835
v 0.165724 7.713694 0.073334
v 0.150663 7.726363 0.070848
v 0.150615 7.725250 0.053868
v 0.116206 7.751204 0.026659
v 0.115709 7.749926 0.010816
v 0.085160 7.776686 -0.012463
v 0.084213 7.775194 -0.027169
v 0.069483 7.792007 -0.032402
v 0.068299 7.790397 -0.046445
v 0.053570 7.807992 -0.058996
v 0.050799 7.804890 -0.084193
v 0.200891 7.649281 0.232614
v 0.195894 7.671659 0.219755
v 0.187842 7.690036 0.203534
v 0.187108 7.690604 0.232709
v 0.176570 7.706589 0.213338
v 0.164966 7.720703 0.223402
v 0.151918 7.733728 0.202444
v 0.121724 7.761719 0.156195
v 0.124092 7.765460 0.202042
v 0.098493 7.794897 0.161405
v 0.102708 7.800201 0.210851
v 0.090631 7.818009 0.190414
v 0.093851 7.821751 0.222171
v 0.081679 7.838517 0.189633
v 0.076754 7.833213 0.146486
v 0.085634 7.812113 0.140163
v 0.072254 7.828358 0.106962
v 0.075735 7.819004 0.101112
v 0.076777 7.815784 0.097584
v 0.081016 7.806571 0.092919
v 0.094633 7.789923 0.114587
v 0.092217 7.786726 0.084322
v 0.120256 7.759280 0.126191
v 0.118954 7.756935 0.097276
v 0.151160 7.730649 0.143904
v 0.150900 7.729063 0.115653
v 0.165179 7.717103 0.136540
v 0.165393 7.715683 0.108572
v 0.177991 7.703510 0.127138
v 0.077085 7.814552 0.095524
v 0.077180 7.813652 0.093274
v 0.076777 7.802143 0.051477
v 0.078103 7.803019 0.062630
v 0.076422 7.792102 0.009277
v 0.090015 7.783719 0.055573
v 0.088002 7.780877 0.028435
v 0.117793 7.754685 0.069522
v 0.116775 7.752531 0.043022
v 0.150734 7.727428 0.088135
v 0.076304 7.791794 0.007240
v 0.075948 7.791794 0.005180
v 0.086202 7.778272 0.002954
v 0.074670 7.792694 0.001320
v 0.070762 7.793712 -0.017531
v 0.072822 7.794541 -0.001948
v 0.070620 7.797051 -0.004553
v 0.056293 7.811000 -0.034486
v 0.065221 7.804203 -0.008413
v 0.059016 7.813983 -0.010095
v 0.066286 7.787508 -0.071926
v 0.048052 7.801764 -0.109769
v 0.065386 7.786158 -0.084028
v 0.068086 7.781777 -0.091416
v 0.081916 7.771215 -0.067451
v 0.086818 7.765650 -0.073821
v 0.103940 7.752554 -0.057339
v 0.114572 7.746255 -0.034250
v 0.120043 7.741140 -0.043154
v 0.150757 7.721698 0.003806
v 0.149905 7.721272 -0.011752
v 0.163190 7.711704 0.000633
v 0.166482 7.710212 0.020951
v 0.174060 7.702966 0.011526
v 0.180027 7.698348 0.036297
v 0.182751 7.694843 0.021046
v 0.192389 7.683760 0.050837
v 0.198073 7.674525 0.037528
v 0.201506 7.666923 0.062038
v 0.203354 7.663157 0.043330
v 0.207095 7.650772 0.047451
v 0.207214 7.646676 0.069451
v 0.209345 7.637084 0.049890
v 0.206361 7.647220 0.091332
v 0.177470 7.704695 0.155603
v 0.165061 7.718382 0.165028
v 0.176996 7.705713 0.184328
v 0.164990 7.719566 0.193990
v 0.188624 7.689301 0.174430
v 0.189453 7.688378 0.145349
v 0.197931 7.670546 0.160387
v 0.196889 7.671185 0.190154
v 0.151492 7.732212 0.172843
v 0.082626 7.772494 -0.054284
v 0.114880 7.747487 -0.019188
v 0.150686 7.722977 0.020833
v 0.166174 7.711467 0.038902
v 0.179554 7.699603 0.055147
v 0.191726 7.684921 0.070682
v 0.200725 7.667870 0.082878
v 0.031617 7.669267 -0.142023
v 0.030386 7.683002 -0.141810
v 0.029130 7.696714 -0.141526
v 0.027639 7.712415 -0.141052
v 0.039503 7.712391 -0.139513
v 0.036211 7.728731 -0.139110
v 0.046489 7.728660 -0.136813
v 0.037277 7.758333 -0.136529
v 0.044215 7.758143 -0.134232
v 0.035406 7.779693 -0.134682
v 0.038295 7.779551 -0.133498
v 0.025886 7.798567 -0.135724
v 0.041113 7.779385 -0.132148
v 0.035288 7.799135 -0.131177
v 0.043837 7.779196 -0.130632
v 0.046513 7.779030 -0.128975
v 0.060982 7.757646 -0.125422
v 0.051604 7.778651 -0.125162
v 0.068631 7.757385 -0.119478
v 0.056317 7.778296 -0.120757
v 0.075640 7.757196 -0.112587
v 0.060627 7.777988 -0.115737
v 0.081845 7.757054 -0.104843
v 0.064416 7.777775 -0.110148
v 0.087150 7.757030 -0.096342
v 0.067660 7.777657 -0.103991
v 0.091412 7.757101 -0.087296
v 0.070217 7.777633 -0.097407
v 0.094562 7.757267 -0.077918
v 0.130510 7.731549 -0.048222
v 0.150142 7.718051 -0.031432
v 0.145761 7.717222 -0.047464
v 0.162906 7.703913 -0.034155
v 0.155707 7.702753 -0.052579
v 0.168447 7.690462 -0.043604
v 0.158075 7.689018 -0.063164
v 0.168424 7.675803 -0.056534
v 0.154831 7.674217 -0.076094
v 0.161532 7.662684 -0.072045
v 0.145003 7.661240 -0.090516
v 0.150379 7.649067 -0.087390
v 0.126224 7.660008 -0.106548
v 0.116088 7.659487 -0.113558
v 0.105716 7.659037 -0.119763
v 0.100932 7.670404 -0.121255
v 0.095035 7.658682 -0.125233
v 0.090725 7.670025 -0.126370
v 0.084142 7.658398 -0.129946
v 0.080377 7.669741 -0.130751
v 0.066855 7.658113 -0.135795
v 0.063966 7.669457 -0.136174
v 0.049591 7.657971 -0.139821
v 0.047626 7.669315 -0.139892
v 0.032588 7.657924 -0.142118
v 0.167098 7.650251 -0.068209
v 0.175386 7.664200 -0.051632
v 0.179151 7.677343 -0.035623
v 0.176025 7.691764 -0.023522
v 0.167595 7.704931 -0.016015
v 0.180927 7.651483 -0.047227
v 0.186208 7.665644 -0.029987
v 0.186871 7.678692 -0.014286
v 0.180809 7.692878 -0.003867
v 0.195444 7.638174 -0.021225
v 0.202690 7.638813 0.000893
v 0.207024 7.639334 0.022206
v 0.203756 7.654585 0.018607
v 0.199209 7.653732 -0.002919
v 0.191679 7.652690 -0.025156
v 0.198594 7.667941 0.013302
v 0.193905 7.666899 -0.008011
v 0.191655 7.679806 0.006482
v 0.046489 7.800911 -0.116566
v 0.043316 7.800154 -0.122889
v 0.039361 7.799538 -0.127743
v 0.025957 7.780025 -0.137310
v 0.030741 7.779882 -0.136221
v 0.021079 7.780119 -0.137973
v 0.023163 7.758546 -0.139110
v 0.026052 7.728778 -0.140436
v 0.030220 7.758475 -0.138139
v 0.045163 7.683026 -0.139915
v 0.042558 7.696714 -0.139797
v 0.060248 7.683145 -0.136529
v 0.075404 7.683382 -0.131603
v 0.085018 7.683618 -0.127601
v 0.094491 7.683973 -0.122936
v 0.110878 7.670854 -0.115429
v 0.120588 7.671399 -0.108846
v 0.138751 7.672701 -0.093690
v 0.056293 7.696761 -0.136742
v 0.070099 7.696927 -0.132314
v 0.078837 7.697116 -0.128714
v 0.087481 7.697377 -0.124499
v 0.103750 7.684376 -0.117608
v 0.112844 7.684873 -0.111593
v 0.129871 7.686105 -0.097644
v 0.145098 7.687502 -0.081375
v 0.051557 7.712391 -0.136837
v 0.063658 7.712438 -0.132953
v 0.071330 7.712533 -0.129803
v 0.078885 7.712675 -0.126133
v 0.095935 7.697709 -0.119692
v 0.104224 7.698111 -0.114245
v 0.119830 7.699082 -0.101670
v 0.133873 7.700243 -0.086940
v 0.145950 7.701498 -0.070411
v 0.056767 7.728612 -0.133474
v 0.048549 7.758025 -0.132432
v 0.063231 7.728612 -0.130822
v 0.069625 7.728636 -0.127719
v 0.086297 7.712864 -0.121941
v 0.093544 7.713125 -0.117229
v 0.107279 7.713741 -0.106312
v 0.119664 7.714522 -0.093524
v 0.130392 7.715422 -0.079173
v 0.139154 7.716322 -0.063638
v 0.081987 7.728778 -0.120236
v 0.075877 7.728683 -0.124191
v 0.056932 7.757764 -0.128027
v 0.052788 7.757906 -0.130372
v 0.093543 7.729039 -0.111095
v 0.104034 7.729394 -0.100439
v 0.113175 7.729868 -0.088480
v 0.120730 7.730389 -0.075479
v 0.126555 7.730981 -0.061886
v 0.068394 7.828737 0.109946
v 0.063918 7.828974 0.111816
v 0.051959 7.829731 0.118068
v 0.059087 7.829045 0.112456
v 0.054422 7.829045 0.112456
v 0.036424 7.830773 0.126499
v 0.042463 7.830631 0.125480
v 0.047839 7.830276 0.122568
v -0.004071 7.830773 0.126499
v -0.010109 7.830631 0.125480
v -0.015485 7.830276 0.122568
v -0.019605 7.829731 0.118068
v -0.031565 7.828974 0.111816
v -0.026734 7.829045 0.112456
v -0.036040 7.828737 0.109946
v -0.022068 7.829045 0.112456
v 0.058566 7.813983 -0.010118
v -0.026213 7.813983 -0.010118
v -0.026355 7.813983 -0.010118
v -0.026497 7.813983 -0.010118
v 0.058708 7.813983 -0.010118
v 0.058850 7.813983 -0.010118
v 0.041918 7.826795 0.094150
v 0.041824 7.826866 0.094719
v -0.009470 7.826866 0.094719
v 0.041824 7.827198 0.097537
v -0.009470 7.827198 0.097537
v -0.009565 7.826795 0.094150
v -0.009825 7.826724 0.093629
v 0.042179 7.826724 0.093629
v -0.010228 7.826677 0.093227
v 0.042581 7.826677 0.093227
v 0.058140 7.816328 0.008945
v 0.043102 7.826653 0.092966
v 0.043671 7.826629 0.092871
v 0.058140 7.826629 0.092871
v -0.025786 7.816328 0.008945
v -0.010749 7.826653 0.092966
v -0.011317 7.826629 0.092871
v -0.025786 7.826629 0.092871
v 0.072112 7.668533 0.088206
v 0.071212 7.668533 0.093984
v 0.068560 7.668533 0.099171
v 0.064439 7.668533 0.103291
v 0.059253 7.668533 0.105943
v 0.053475 7.668533 0.106843
v 0.072112 7.668533 0.013610
v 0.053475 7.668533 -0.005027
v 0.059253 7.668533 -0.004127
v 0.064439 7.668533 -0.001475
v 0.068560 7.668533 0.002646
v 0.071212 7.668533 0.007832
v -0.021121 7.668533 -0.005027
v -0.039758 7.668533 0.013610
v -0.038858 7.668533 0.007832
v -0.036206 7.668533 0.002646
v -0.032086 7.668533 -0.001475
v -0.026899 7.668533 -0.004127
v -0.039758 7.668533 0.088206
v -0.021121 7.668533 0.106843
v -0.026899 7.668533 0.105943
v -0.032085 7.668533 0.103291
v -0.036206 7.668533 0.099171
v -0.038858 7.668533 0.093984
v -0.016456 7.668533 0.106843
v 0.000666 7.694725 0.121739
v -0.003100 7.698253 0.121502
v 0.001589 7.668533 0.120839
v -0.004449 7.668533 0.119821
v -0.006155 7.702516 0.120839
v -0.008452 7.722290 0.120839
v -0.005420 7.728944 0.122284
v -0.009825 7.668533 0.116932
v -0.013969 7.668533 0.112432
v -0.000708 7.734438 0.123136
v 0.038508 7.702516 0.120839
v 0.035477 7.698277 0.120839
v 0.035453 7.698229 0.121502
v 0.031688 7.694725 0.120839
v 0.031688 7.694725 0.121739
v 0.024347 7.690841 0.121620
v 0.024347 7.690841 0.120839
v 0.016177 7.689491 0.121573
v 0.016177 7.689491 0.120839
v 0.008007 7.690841 0.120839
v 0.008007 7.690841 0.121620
v 0.000666 7.694725 0.120839
v -0.003123 7.698277 0.120839
v 0.026905 7.738417 0.123278
v 0.031570 7.735646 0.120839
v 0.033062 7.734438 0.123136
v 0.037277 7.729725 0.120839
v 0.037774 7.728968 0.122283
v 0.040805 7.722290 0.120839
v 0.024300 7.739459 0.120839
v 0.019848 7.740524 0.123349
v 0.016177 7.740785 0.120839
v 0.012506 7.740524 0.123349
v 0.008054 7.739459 0.120839
v 0.005449 7.738417 0.123278
v 0.000784 7.735646 0.120839
v -0.004923 7.729725 0.120839
v 0.035453 7.711728 0.120839
v 0.033133 7.705358 0.120839
v 0.028752 7.700148 0.120839
v 0.022879 7.696738 0.120839
v 0.016177 7.695553 0.120839
v 0.009475 7.696738 0.120839
v 0.003602 7.700148 0.120839
v -0.000779 7.705358 0.120839
v -0.003100 7.711728 0.120839
v -0.003100 7.718548 0.120839
v -0.000779 7.724918 0.120839
v 0.033133 7.724918 0.120839
v 0.035453 7.718548 0.120839
v 0.028752 7.730128 0.120839
v 0.022879 7.733538 0.120839
v 0.016177 7.734722 0.120839
v 0.009475 7.733538 0.120839
v 0.003602 7.730128 0.120839
v 0.016177 7.734722 0.097537
v 0.022879 7.733538 0.097537
v 0.028752 7.730128 0.097537
v 0.033133 7.724918 0.097537
v 0.035453 7.718548 0.097537
v 0.035453 7.711728 0.097537
v 0.033133 7.705358 0.097537
v 0.028752 7.700148 0.097537
v 0.022879 7.696738 0.097537
v 0.016177 7.695553 0.097537
v -0.009470 7.671328 0.097537
v 0.041824 7.671328 0.097537
v -0.003100 7.718548 0.097537
v -0.003100 7.711728 0.097537
v -0.000779 7.705358 0.097537
v 0.009475 7.733538 0.097537
v 0.003602 7.730128 0.097537
v -0.000779 7.724918 0.097537
v 0.003602 7.700148 0.097537
v 0.009475 7.696738 0.097537
v 0.041824 7.668533 0.100331
v -0.012264 7.668533 0.100331
v -0.009778 7.670996 0.093700
v -0.009470 7.671328 0.094719
v -0.010015 7.670783 0.093416
v -0.012264 7.668533 0.095666
v -0.009612 7.671185 0.094008
v -0.009494 7.671280 0.094363
v -0.011317 7.671328 0.092871
v -0.010962 7.671280 0.092895
v -0.010607 7.671185 0.093013
v -0.010299 7.670996 0.093179
v -0.025786 7.671328 0.092871
v -0.025786 7.671328 0.008945
v -0.028581 7.668533 0.006151
v -0.028581 7.668533 0.095666
v 0.058140 7.671328 0.008945
v 0.060934 7.668533 0.006151
v 0.058140 7.671328 0.092871
v 0.060934 7.668533 0.095666
v 0.041824 7.668533 0.095666
v 0.048810 7.668533 0.106843
v 0.046323 7.668533 0.112432
v 0.042179 7.668533 0.116932
v 0.036803 7.668533 0.119821
v 0.030765 7.668533 0.120839
v 0.041824 7.669457 0.094719
v 0.041966 7.670167 0.094008
v 0.042368 7.670783 0.093416
v 0.042653 7.670996 0.093179
v 0.043671 7.671328 0.092871
v 0.042960 7.671185 0.093013
v 0.043316 7.671280 0.092895
v 0.016177 7.500187 -0.042890
v 0.016177 7.743622 -0.042890
v 0.039923 7.500187 -0.040551
v 0.039923 7.743622 -0.040551
v 0.062756 7.500187 -0.033625
v 0.062756 7.743622 -0.033625
v 0.083800 7.500187 -0.022377
v 0.083800 7.743622 -0.022377
v 0.102244 7.500187 -0.007240
v 0.102244 7.743622 -0.007240
v 0.117381 7.500187 0.011205
v 0.117381 7.743622 0.011205
v 0.128629 7.500187 0.032248
v 0.128629 7.743622 0.032248
v 0.135556 7.500187 0.055082
v 0.135556 7.743622 0.055082
v 0.137895 7.500187 0.078828
v 0.137895 7.743622 0.078828
v 0.135556 7.500187 0.102574
v 0.135556 7.743622 0.102574
v 0.128629 7.500187 0.125407
v 0.128629 7.743622 0.125407
v 0.117381 7.500187 0.146450
v 0.117381 7.743622 0.146450
v 0.102244 7.500187 0.164895
v 0.102244 7.743622 0.164895
v 0.083800 7.500187 0.180032
v 0.083800 7.743622 0.180032
v 0.062756 7.500187 0.191280
v 0.062756 7.743622 0.191280
v 0.039923 7.500187 0.198206
v 0.039923 7.743622 0.198206
v 0.016177 7.500187 0.200545
v 0.016177 7.743622 0.200545
v -0.007569 7.500187 0.198206
v -0.007569 7.743622 0.198206
v -0.030402 7.500187 0.191280
v -0.030402 7.743622 0.191280
v -0.051446 7.500187 0.180032
v -0.051446 7.743622 0.180032
v -0.069890 7.500187 0.164895
v -0.069890 7.743622 0.164895
v -0.085028 7.500187 0.146450
v -0.085028 7.743622 0.146450
v -0.096276 7.500187 0.125407
v -0.096276 7.743622 0.125407
v -0.103202 7.500187 0.102574
v -0.103202 7.743622 0.102574
v -0.105541 7.500187 0.078828
v -0.105541 7.743622 0.078828
v -0.103202 7.500187 0.055082
v -0.103202 7.743622 0.055082
v -0.096276 7.500187 0.032248
v -0.096276 7.743622 0.032248
v -0.085028 7.500187 0.011205
v -0.085028 7.743622 0.011205
v -0.069890 7.500187 -0.007240
v -0.069890 7.743622 -0.007240
v -0.051446 7.500187 -0.022377
v -0.051446 7.743622 -0.022377
v -0.030402 7.500187 -0.033625
v -0.030402 7.743622 -0.033625
v -0.007569 7.500187 -0.040551
v -0.007569 7.743622 -0.040551
vn -0.0000 -1.0000 -0.0000
vn -0.9554 -0.2927 0.0381
vn -0.9990 0.0213 0.0399
vn -0.9880 -0.1491 0.0394
vn -0.9880 -0.1490 0.0395
vn -0.9990 0.0214 0.0399
vn -0.9989 0.0228 0.0399
vn -0.9880 -0.1491 0.0395
vn -0.9989 0.0246 0.0398
vn -0.9880 -0.1490 0.0394
vn -0.9988 0.0268 0.0398
vn -0.9985 0.0379 0.0398
vn -0.9931 -0.1101 0.0396
vn -0.9573 -0.2865 0.0381
vn -0.9389 -0.3421 0.0374
vn -0.9389 -0.3421 0.0375
vn -0.9554 -0.2927 0.0382
vn -0.8479 -0.5291 0.0339
vn -0.8479 -0.5292 0.0339
vn -0.8158 -0.5774 0.0326
vn -0.8478 -0.5292 0.0339
vn -0.7168 -0.6967 0.0286
vn -0.5942 -0.8040 0.0237
vn -0.5554 -0.8313 0.0222
vn -0.3737 -0.9274 0.0149
vn -0.1847 -0.9828 0.0074
vn -0.2130 -0.9770 0.0085
vn -0.0007 -1.0000 -0.0000
vn -0.8765 -0.4801 0.0349
vn -0.8766 -0.4800 0.0349
vn -0.8479 -0.5292 0.0338
vn -0.7552 -0.6548 0.0301
vn -0.8479 -0.5291 0.0338
vn -0.5991 -0.8003 0.0239
vn -0.5991 -0.8004 0.0239
vn -0.4157 -0.9093 0.0166
vn -0.3738 -0.9274 0.0149
vn -0.4158 -0.9093 0.0166
vn -0.1846 -0.9828 0.0074
vn -0.3128 -0.9497 0.0125
vn -0.9988 0.0295 0.0398
vn -0.9988 0.0267 0.0398
vn -0.9878 0.1515 0.0355
vn -0.9878 0.1514 0.0355
vn -0.9847 0.1710 0.0347
vn -0.9583 0.2845 0.0258
vn -0.9425 0.3335 0.0224
vn -0.9087 0.4172 0.0119
vn -0.8713 0.4907 0.0050
vn -0.8438 0.5367 -0.0041
vn -0.7846 0.6198 -0.0137
vn -0.7846 0.6199 -0.0137
vn -0.7074 0.7060 -0.0333
vn -0.7075 0.7060 -0.0333
vn -0.7099 0.7037 -0.0292
vn -0.6521 0.7570 -0.0421
vn -0.6655 0.7454 -0.0374
vn -0.6656 0.7454 -0.0374
vn -0.6234 0.7794 -0.0618
vn -0.6451 0.7616 -0.0614
vn -0.6450 0.7617 -0.0613
vn -0.6649 0.7428 -0.0782
vn -0.6450 0.7617 -0.0614
vn -0.6926 0.7168 -0.0800
vn -0.6927 0.7168 -0.0800
vn -0.7331 0.6728 -0.0997
vn -0.7331 0.6728 -0.0996
vn -0.7582 0.6440 -0.1019
vn -0.8250 0.5497 -0.1311
vn -0.8251 0.5496 -0.1311
vn -0.8440 0.5199 -0.1320
vn -0.8854 0.4376 -0.1570
vn -0.8984 0.4108 -0.1554
vn -0.8440 0.5198 -0.1320
vn -0.8619 0.4895 -0.1324
vn -0.8984 0.4107 -0.1554
vn -0.8618 0.4896 -0.1324
vn -0.9051 0.3960 -0.1545
vn -0.9052 0.3960 -0.1545
vn -0.9120 0.3803 -0.1534
vn -0.8619 0.4896 -0.1324
vn -0.8785 0.4590 -0.1324
vn -0.9191 0.3635 -0.1522
vn -0.8963 0.4235 -0.1318
vn -0.9262 0.3454 -0.1509
vn -0.9335 0.3259 -0.1495
vn -0.9122 0.3884 -0.1308
vn -0.9121 0.3884 -0.1308
vn -0.9409 0.3047 -0.1478
vn -0.9263 0.3540 -0.1294
vn -0.9483 0.2818 -0.1459
vn -0.9386 0.3204 -0.1277
vn -0.9387 0.3204 -0.1276
vn -0.9613 0.2362 -0.1419
vn -0.9662 0.2164 -0.1400
vn -0.9714 0.2055 -0.1189
vn -0.9703 0.1986 -0.1383
vn -0.9737 0.1825 -0.1368
vn -0.9736 0.1825 -0.1368
vn -0.9765 0.1677 -0.1353
vn -0.9765 0.1677 -0.1352
vn -0.9789 0.1542 -0.1339
vn -0.9789 0.1541 -0.1339
vn -0.9810 0.1570 -0.1140
vn -0.9810 0.1416 -0.1325
vn -0.9810 0.1416 -0.1326
vn -0.9828 0.1302 -0.1313
vn -0.9855 0.1101 -0.1292
vn -0.9879 0.1108 -0.1086
vn -0.9865 0.1016 -0.1281
vn -0.9866 0.1011 -0.1281
vn -0.9893 0.0753 -0.1252
vn -0.9912 0.0785 -0.1062
vn -0.9893 0.0753 -0.1253
vn -0.9929 0.0551 -0.1054
vn -0.9861 0.1624 0.0356
vn -0.9474 0.3191 0.0251
vn -0.9861 0.1623 0.0356
vn -0.9518 0.3056 0.0276
vn -0.8893 0.4572 0.0139
vn -0.8892 0.4572 0.0139
vn -0.8981 0.4395 0.0176
vn -0.8234 0.5675 0.0022
vn -0.8368 0.5475 0.0055
vn -0.8233 0.5675 0.0022
vn -0.7745 0.6325 -0.0100
vn -0.7945 0.6072 -0.0078
vn -0.7510 0.6598 -0.0249
vn -0.7510 0.6598 -0.0250
vn -0.7771 0.6288 -0.0243
vn -0.7771 0.6289 -0.0243
vn -0.7567 0.6508 -0.0624
vn -0.7772 0.6288 -0.0243
vn -0.8015 0.5974 -0.0275
vn -0.8014 0.5974 -0.0275
vn -0.7868 0.6140 -0.0634
vn -0.8151 0.5768 -0.0533
vn -0.8151 0.5768 -0.0534
vn -0.8204 0.5681 -0.0645
vn -0.8205 0.5680 -0.0646
vn -0.8151 0.5769 -0.0533
vn -0.8531 0.5158 -0.0782
vn -0.8348 0.5437 -0.0865
vn -0.8630 0.4976 -0.0872
vn -0.8348 0.5436 -0.0865
vn -0.8817 0.4595 -0.1067
vn -0.8837 0.4588 -0.0923
vn -0.8934 0.4390 -0.0958
vn -0.9989 0.0229 0.0399
vn -0.9873 0.1547 0.0364
vn -0.9518 0.3055 0.0276
vn -0.9558 0.2925 0.0297
vn -0.8980 0.4396 0.0176
vn -0.9059 0.4229 0.0202
vn -0.9060 0.4229 0.0202
vn -0.8511 0.5249 0.0078
vn -0.8481 0.5299 0.0049
vn -0.8157 0.5784 -0.0066
vn -0.8082 0.5887 -0.0157
vn -0.9883 0.1478 0.0371
vn -0.9883 0.1479 0.0371
vn -0.9814 0.1887 0.0359
vn -0.9592 0.2810 0.0312
vn -0.9592 0.2811 0.0312
vn -0.9248 0.3796 0.0244
vn -0.9989 0.0241 0.0399
vn -0.9982 0.0449 0.0397
vn -0.9959 0.0809 0.0391
vn -0.9935 0.1066 0.0386
vn -0.9903 0.1338 0.0378
vn -0.8706 0.4843 -0.0867
vn -0.9025 0.4174 -0.1062
vn -0.9063 0.4107 -0.0993
vn -0.9206 0.3761 -0.1052
vn -0.9196 0.3794 -0.1018
vn -0.9205 0.3762 -0.1052
vn -0.9319 0.3475 -0.1039
vn -0.9435 0.3142 -0.1057
vn -0.9435 0.3141 -0.1057
vn -0.8582 0.5020 -0.1067
vn -0.8583 0.5020 -0.1067
vn -0.8963 0.4234 -0.1315
vn -0.8323 0.5440 -0.1061
vn -0.8084 0.5791 -0.1051
vn -0.8085 0.5791 -0.1051
vn -0.7835 0.6126 -0.1037
vn -0.9543 0.2792 -0.1070
vn -0.9386 0.3204 -0.1276
vn -0.9543 0.2791 -0.1070
vn -0.9637 0.2443 -0.1079
vn -0.9637 0.2442 -0.1079
vn -0.9710 0.2129 -0.1083
vn -0.9710 0.2130 -0.1083
vn -0.9765 0.1862 -0.1083
vn -0.9807 0.1627 -0.1081
vn -0.9807 0.1628 -0.1082
vn -0.9840 0.1420 -0.1079
vn -0.9840 0.1420 -0.1078
vn -0.9840 0.1421 -0.1079
vn -0.9885 0.1070 -0.1071
vn -0.9915 0.0455 -0.1217
vn -0.9939 0.0358 -0.1046
vn -0.9920 0.0364 -0.1206
vn -0.9924 0.0285 -0.1197
vn -0.9927 0.0222 -0.1189
vn -0.8791 0.4498 -0.1576
vn -0.8053 0.5786 -0.1294
vn -0.8052 0.5786 -0.1294
vn -0.7057 0.7019 -0.0964
vn -0.6649 0.7428 -0.0781
vn -0.6409 0.7638 -0.0760
vn -0.6234 0.7795 -0.0618
vn -0.6409 0.7639 -0.0760
vn -0.6068 0.7924 -0.0622
vn -0.6176 0.7847 -0.0525
vn -0.6176 0.7847 -0.0526
vn -0.8670 0.4723 -0.1588
vn -0.8612 0.4826 -0.1593
vn -0.7821 0.6102 -0.1266
vn -0.8612 0.4827 -0.1593
vn -0.8501 0.5018 -0.1601
vn -0.7585 0.6401 -0.1224
vn -0.7585 0.6401 -0.1225
vn -0.8344 0.5271 -0.1610
vn -0.8204 0.5485 -0.1615
vn -0.7349 0.6681 -0.1165
vn -0.8067 0.5684 -0.1618
vn -0.7084 0.6978 -0.1063
vn -0.7927 0.5877 -0.1619
vn -0.6578 0.7481 -0.0872
vn -0.6578 0.7482 -0.0872
vn -0.6334 0.7698 -0.0789
vn -0.6211 0.7803 -0.0734
vn -0.5960 0.8004 -0.0648
vn -0.6068 0.7925 -0.0622
vn -0.9425 0.3336 0.0224
vn -0.8804 0.4741 0.0096
vn -0.7965 0.6046 -0.0080
vn -0.8713 0.4906 0.0050
vn -0.7228 0.6907 -0.0235
vn -0.7098 0.7038 -0.0292
vn -0.6804 0.7270 -0.0924
vn -0.6211 0.7802 -0.0734
vn -0.8093 0.5874 -0.0026
vn -0.8093 0.5873 -0.0026
vn -0.7382 0.6744 -0.0180
vn -0.6829 0.7297 -0.0329
vn -0.6829 0.7298 -0.0330
vn -0.7563 0.6541 -0.0133
vn -0.7043 0.7093 -0.0291
vn -0.6713 0.7386 -0.0610
vn -0.6829 0.7298 -0.0329
vn -0.6714 0.7386 -0.0610
vn -0.7265 0.6867 -0.0266
vn -0.7264 0.6867 -0.0266
vn -0.6979 0.7136 -0.0612
vn -0.7044 0.7093 -0.0291
vn -0.6979 0.7136 -0.0611
vn -0.7194 0.6898 -0.0814
vn -0.7194 0.6898 -0.0815
vn -0.7195 0.6897 -0.0815
vn -0.7267 0.6842 -0.0616
vn -0.7474 0.6591 -0.0832
vn -0.7476 0.6590 -0.0829
vn -0.7267 0.6841 -0.0616
vn -0.7567 0.6507 -0.0624
vn -0.7761 0.6250 -0.0842
vn -0.7266 0.6843 -0.0619
vn -0.7761 0.6250 -0.0843
vn -0.8040 0.5885 -0.0854
vn -0.7867 0.6140 -0.0634
vn -0.1038 0.0155 -0.9945
vn -0.0811 0.0174 -0.9966
vn -0.0000 0.0127 -0.9999
vn -0.0810 0.0174 -0.9966
vn -0.0794 0.0244 -0.9965
vn -0.0788 0.0360 -0.9962
vn -0.0794 0.0245 -0.9965
vn -0.1600 0.0472 -0.9860
vn -0.1624 0.0589 -0.9850
vn -0.2457 0.0804 -0.9660
vn -0.1623 0.0589 -0.9850
vn -0.2488 0.0859 -0.9648
vn -0.2487 0.0859 -0.9648
vn -0.3315 0.1167 -0.9362
vn -0.3349 0.1191 -0.9347
vn -0.3350 0.1191 -0.9347
vn -0.4143 0.1573 -0.8965
vn -0.4143 0.1573 -0.8964
vn -0.4156 0.1548 -0.8963
vn -0.4890 0.1977 -0.8496
vn -0.4862 0.1879 -0.8534
vn -0.5519 0.2315 -0.8011
vn -0.5519 0.2314 -0.8011
vn -0.5053 0.1659 -0.8468
vn -0.6095 0.2789 -0.7421
vn -0.6534 0.3234 -0.6845
vn -0.6534 0.3233 -0.6845
vn -0.6120 0.3000 -0.7318
vn -0.6542 0.3503 -0.6704
vn -0.6102 0.3137 -0.7275
vn -0.6542 0.3503 -0.6703
vn -0.6101 0.3137 -0.7275
vn -0.6511 0.3682 -0.6638
vn -0.6067 0.3221 -0.7268
vn -0.6466 0.3802 -0.6614
vn -0.6066 0.3220 -0.7268
vn -0.6051 0.3197 -0.7291
vn -0.6051 0.3198 -0.7291
vn -0.6453 0.3793 -0.6631
vn -0.6052 0.3198 -0.7291
vn -0.6122 0.2898 -0.7357
vn -0.6562 0.3464 -0.6704
vn -0.6322 0.2279 -0.7405
vn -0.6832 0.2741 -0.6768
vn -0.6322 0.2280 -0.7405
vn -0.6493 0.1769 -0.7396
vn -0.7049 0.2132 -0.6765
vn -0.6680 0.1212 -0.7342
vn -0.7269 0.1460 -0.6710
vn -0.6945 0.1054 -0.7117
vn -0.7779 0.1116 -0.6183
vn -0.1647 0.0241 -0.9860
vn -0.2130 0.0244 -0.9767
vn -0.2505 0.0360 -0.9674
vn -0.2505 0.0360 -0.9675
vn -0.3369 0.0417 -0.9406
vn -0.3368 0.0417 -0.9406
vn -0.3368 0.0537 -0.9400
vn -0.3368 0.0416 -0.9406
vn -0.4218 0.0771 -0.9034
vn -0.4138 0.1009 -0.9048
vn -0.4930 0.1375 -0.8591
vn -0.4835 0.1778 -0.8571
vn -0.5525 0.2308 -0.8009
vn -0.5525 0.2308 -0.8010
vn -0.5489 0.2571 -0.7954
vn -0.4664 0.0656 -0.8822
vn -0.4664 0.0655 -0.8822
vn -0.5033 0.1059 -0.8576
vn -0.5664 0.1802 -0.8042
vn -0.5891 0.0893 -0.8031
vn -0.5892 0.0893 -0.8031
vn -0.5796 0.1394 -0.8029
vn -0.5953 0.0953 -0.7978
vn -0.5953 0.0954 -0.7979
vn -0.5953 0.0954 -0.7978
vn -0.6946 0.1054 -0.7117
vn -0.7779 0.1117 -0.6183
vn -0.7792 0.1719 -0.6028
vn -0.7780 0.1117 -0.6183
vn -0.8419 0.1101 -0.5282
vn -0.7792 0.1719 -0.6027
vn -0.8419 0.1100 -0.5282
vn -0.8610 0.2249 -0.4562
vn -0.8877 0.1185 -0.4450
vn -0.8877 0.1184 -0.4450
vn -0.9014 0.2633 -0.3437
vn -0.9327 0.1381 -0.3331
vn -0.9255 0.2992 -0.2324
vn -0.9625 0.1563 -0.2219
vn -0.9255 0.2992 -0.2323
vn -0.9351 0.3340 -0.1185
vn -0.9351 0.3339 -0.1185
vn -0.9789 0.1737 -0.1076
vn -0.9615 0.2745 -0.0116
vn -0.9615 0.2745 -0.0117
vn -0.9893 0.1458 -0.0039
vn -0.9937 0.0490 -0.1005
vn -0.9996 0.0284 -0.0002
vn -0.8906 0.1034 -0.4430
vn -0.8876 0.1185 -0.4450
vn -0.9270 0.0939 -0.3631
vn -0.9731 0.0715 -0.2192
vn -0.9731 0.0714 -0.2192
vn -0.9937 0.0491 -0.1005
vn -0.9144 0.4043 -0.0220
vn -0.8650 0.4851 -0.1286
vn -0.9351 0.3339 -0.1184
vn -0.8675 0.4362 -0.2390
vn -0.8676 0.4362 -0.2390
vn -0.8547 0.3846 -0.3487
vn -0.8242 0.3289 -0.4610
vn -0.8242 0.3288 -0.4610
vn -0.7530 0.2512 -0.6081
vn -0.7530 0.2512 -0.6082
vn -0.7258 0.3223 -0.6077
vn -0.9144 0.4043 -0.0221
vn -0.8517 0.5229 -0.0333
vn -0.8517 0.5229 -0.0334
vn -0.7836 0.6063 -0.1357
vn -0.7998 0.5499 -0.2408
vn -0.7997 0.5499 -0.2408
vn -0.8003 0.4884 -0.3478
vn -0.7826 0.4200 -0.4595
vn -0.6901 0.4049 -0.5998
vn -0.6902 0.4049 -0.5998
vn -0.7169 0.6952 -0.0530
vn -0.7169 0.6952 -0.0529
vn -0.6784 0.7209 -0.1416
vn -0.7093 0.6634 -0.2383
vn -0.7263 0.5972 -0.3404
vn -0.7826 0.4199 -0.4595
vn -0.7263 0.5972 -0.3403
vn -0.7259 0.5200 -0.4501
vn -0.7259 0.5200 -0.4502
vn -0.6749 0.4402 -0.5922
vn -0.6749 0.4403 -0.5922
vn -0.7168 0.6952 -0.0530
vn -0.6251 0.7778 -0.0651
vn -0.6393 0.7548 -0.1471
vn -0.6393 0.7548 -0.1470
vn -0.6735 0.6995 -0.2388
vn -0.6953 0.6349 -0.3368
vn -0.7012 0.5580 -0.4437
vn -0.6761 0.4394 -0.5914
vn -0.6762 0.4394 -0.5914
vn -0.6252 0.7778 -0.0651
vn -0.6011 0.7958 -0.0731
vn -0.6482 0.7457 -0.1538
vn -0.6482 0.7458 -0.1538
vn -0.6800 0.6911 -0.2449
vn -0.6994 0.6281 -0.3410
vn -0.7012 0.5580 -0.4438
vn -0.7035 0.5536 -0.4457
vn -0.6822 0.4237 -0.5959
vn -0.6466 0.3801 -0.6614
vn -0.6511 0.3682 -0.6637
vn -0.6363 0.7668 -0.0842
vn -0.6363 0.7668 -0.0841
vn -0.6763 0.7176 -0.1664
vn -0.7028 0.6628 -0.2584
vn -0.7164 0.6018 -0.3531
vn -0.7150 0.5310 -0.4548
vn -0.7150 0.5309 -0.4549
vn -0.7150 0.5309 -0.4548
vn -0.6875 0.4014 -0.6052
vn -0.7074 0.6828 -0.1826
vn -0.7094 0.6964 -0.1085
vn -0.7430 0.6363 -0.2073
vn -0.8048 0.5472 -0.2298
vn -0.8048 0.5473 -0.2298
vn -0.8098 0.5024 -0.3030
vn -0.8058 0.4563 -0.3774
vn -0.7560 0.5785 -0.3062
vn -0.7923 0.4101 -0.4518
vn -0.7542 0.5209 -0.3998
vn -0.6896 0.2733 -0.6706
vn -0.7379 0.4585 -0.4953
vn -0.6895 0.3687 -0.6234
vn -0.7270 0.5010 -0.4695
vn -0.6895 0.3688 -0.6234
vn -0.6875 0.4014 -0.6051
vn -0.5053 0.1659 -0.8469
vn -0.4137 0.1495 -0.8981
vn -0.2665 0.0923 -0.9594
vn -0.4137 0.1494 -0.8981
vn -0.2665 0.0924 -0.9594
vn -0.3359 0.1170 -0.9346
vn -0.2544 0.0914 -0.9628
vn -0.2541 0.0909 -0.9629
vn -0.2542 0.0909 -0.9629
vn -0.1697 0.0710 -0.9829
vn -0.2542 0.0910 -0.9629
vn -0.1678 0.0685 -0.9834
vn -0.0836 0.0562 -0.9949
vn -0.0835 0.0562 -0.9949
vn -0.0818 0.0517 -0.9953
vn -0.0000 0.0547 -0.9985
vn -0.0000 0.0431 -0.9991
vn -0.1705 0.0729 -0.9827
vn -0.0000 0.0633 -0.9980
vn -0.0855 0.0618 -0.9944
vn -0.0847 0.0592 -0.9946
vn -0.0000 0.0432 -0.9991
vn -0.0803 0.0465 -0.9957
vn -0.1649 0.0643 -0.9842
vn -0.1650 0.0643 -0.9842
vn -0.2521 0.0894 -0.9636
vn -0.3367 0.1190 -0.9341
vn -0.1615 0.0332 -0.9863
vn -0.1614 0.0331 -0.9863
vn -0.2458 0.0485 -0.9681
vn -0.2457 0.0485 -0.9681
vn -0.3306 0.0711 -0.9411
vn -0.3369 0.0537 -0.9400
vn -0.1706 0.0729 -0.9826
vn -0.1615 0.0331 -0.9863
vn -0.2432 0.0667 -0.9677
vn -0.1601 0.0472 -0.9860
vn -0.3284 0.1113 -0.9379
vn -0.3316 0.1167 -0.9362
vn -0.3284 0.1113 -0.9380
vn -0.4111 0.1566 -0.8981
vn -0.4880 0.2032 -0.8489
vn -0.5550 0.2466 -0.7945
vn -0.5550 0.2466 -0.7944
vn -0.3264 0.0951 -0.9404
vn -0.3265 0.0951 -0.9404
vn -0.4074 0.1323 -0.9036
vn -0.4082 0.1515 -0.9002
vn -0.4111 0.1566 -0.8980
vn -0.4850 0.2050 -0.8502
vn -0.5539 0.2559 -0.7923
vn -0.4156 0.1549 -0.8963
vn -0.4825 0.2005 -0.8527
vn -0.4825 0.2005 -0.8526
vn -0.4849 0.2050 -0.8502
vn -0.5509 0.2607 -0.7929
vn -0.5509 0.2607 -0.7928
vn -0.5508 0.2607 -0.7929
vn -0.6493 0.1769 -0.7397
vn -0.6067 0.3220 -0.7268
vn -0.7349 0.5680 -0.3707
vn -0.7279 0.6272 -0.2769
vn -0.7279 0.6273 -0.2769
vn -0.7542 0.5208 -0.3998
vn -0.7560 0.5786 -0.3062
vn -0.7280 0.6272 -0.2769
vn -0.9998 0.0202 -0.0016
vn -0.9937 0.0488 -0.1005
vn -0.9928 -0.1176 -0.0244
vn -0.9928 -0.1176 -0.0245
vn -0.9644 -0.1135 -0.2389
vn -0.9564 -0.2872 -0.0532
vn -0.9162 -0.3037 -0.2615
vn -0.8755 -0.4755 -0.0855
vn -0.8278 -0.4894 -0.2742
vn -0.7542 -0.6465 -0.1150
vn -0.7012 -0.6578 -0.2751
vn -0.5981 -0.7891 -0.1397
vn -0.5982 -0.7891 -0.1397
vn -0.5432 -0.7970 -0.2639
vn -0.4148 -0.8960 -0.1582
vn -0.4149 -0.8960 -0.1582
vn -0.3653 -0.8990 -0.2414
vn -0.3653 -0.8990 -0.2415
vn -0.2120 -0.9624 -0.1698
vn -0.2119 -0.9624 -0.1698
vn -0.1801 -0.9609 -0.2103
vn -0.0000 -0.9848 -0.1737
vn -0.0001 -0.9848 -0.1737
vn -0.1673 -0.9543 -0.2476
vn -0.0000 -0.9848 -0.1736
vn -0.1672 -0.9543 -0.2476
vn -0.1472 -0.9485 -0.2804
vn -0.1471 -0.9485 -0.2804
vn -0.1206 -0.9437 -0.3081
vn 0.0001 -0.9848 -0.1736
vn -0.1207 -0.9437 -0.3081
vn 0.0002 -0.9849 -0.1733
vn -0.1207 -0.9436 -0.3081
vn -0.1018 -0.9411 -0.3223
vn 0.0001 -0.9848 -0.1735
vn -0.0000 -0.9848 -0.1735
vn -0.1018 -0.9412 -0.3223
vn -0.0806 -0.9391 -0.3342
vn -0.0000 -0.9848 -0.1738
vn -0.0572 -0.9374 -0.3435
vn 0.0002 -0.9849 -0.1730
vn -0.0320 -0.9363 -0.3497
vn -0.0001 -0.9846 -0.1748
vn -0.0319 -0.9363 -0.3497
vn -0.0000 -0.8644 -0.5027
vn -0.0000 -0.8644 -0.5028
vn -0.0648 -0.8492 -0.5241
vn -0.0964 -0.7230 -0.6841
vn -0.0964 -0.7229 -0.6841
vn -0.1724 -0.7262 -0.6655
vn -0.2225 -0.5664 -0.7936
vn -0.3137 -0.5727 -0.7574
vn -0.3704 -0.3891 -0.8435
vn -0.3704 -0.3890 -0.8435
vn -0.4676 -0.3987 -0.7889
vn -0.3703 -0.3890 -0.8435
vn -0.4676 -0.3986 -0.7889
vn -0.5176 -0.2032 -0.8312
vn -0.5176 -0.2032 -0.8311
vn -0.6140 -0.2159 -0.7592
vn -0.6463 -0.0211 -0.7628
vn -0.7878 -0.0473 -0.6142
vn -0.7878 -0.0473 -0.6141
vn -0.7877 -0.0473 -0.6142
vn -0.8954 -0.0783 -0.4384
vn -0.8420 0.1100 -0.5282
vn -0.8954 -0.0783 -0.4383
vn -0.5448 -0.0078 -0.8385
vn -0.4099 -0.1926 -0.8916
vn -0.3703 -0.3891 -0.8435
vn -0.2627 -0.3815 -0.8863
vn -0.2225 -0.5663 -0.7936
vn -0.1245 -0.5621 -0.8176
vn -0.1245 -0.5621 -0.8177
vn -0.0000 -0.6379 -0.7701
vn -0.4663 0.0655 -0.8822
vn -0.5448 -0.0077 -0.8386
vn -0.5447 -0.0077 -0.8386
vn -0.4663 0.0656 -0.8822
vn -0.4314 0.0034 -0.9021
vn -0.5448 -0.0077 -0.8385
vn -0.4315 0.0035 -0.9021
vn -0.4315 0.0034 -0.9021
vn -0.2907 -0.1843 -0.9389
vn -0.2907 -0.1842 -0.9389
vn -0.1470 -0.3765 -0.9147
vn -0.4314 0.0035 -0.9022
vn -0.3060 0.0123 -0.9519
vn -0.3061 0.0123 -0.9519
vn -0.1626 -0.1787 -0.9704
vn -0.2130 0.0243 -0.9767
vn -0.1712 0.0181 -0.9851
vn -0.1038 0.0157 -0.9945
vn -0.1037 0.0157 -0.9945
vn -0.1713 0.0181 -0.9851
vn -0.2129 0.0243 -0.9768
vn -0.3369 0.0418 -0.9406
vn -0.2130 0.0243 -0.9768
vn -0.3061 0.0122 -0.9519
vn -0.0000 -0.3331 -0.9429
vn -0.1627 -0.1787 -0.9704
vn 0.0007 -0.9848 -0.1737
vn -0.8506 -0.2703 -0.4509
vn -0.8507 -0.2703 -0.4509
vn -0.7484 -0.2408 -0.6180
vn -0.7686 -0.4592 -0.4453
vn -0.7686 -0.4592 -0.4454
vn -0.6762 -0.4326 -0.5963
vn -0.8506 -0.2703 -0.4510
vn -0.6762 -0.4327 -0.5963
vn -0.5548 -0.4101 -0.7239
vn -0.6510 -0.6322 -0.4201
vn -0.7686 -0.4593 -0.4453
vn -0.5728 -0.6096 -0.5480
vn -0.5727 -0.6097 -0.5480
vn -0.4699 -0.5906 -0.6561
vn -0.3961 -0.5809 -0.7111
vn -0.5547 -0.4101 -0.7239
vn -0.5044 -0.7772 -0.3762
vn -0.7012 -0.6577 -0.2751
vn -0.4437 -0.7598 -0.4752
vn -0.4437 -0.7598 -0.4753
vn -0.3641 -0.7450 -0.5589
vn -0.3069 -0.7375 -0.6016
vn -0.2430 -0.7312 -0.6374
vn -0.3392 -0.8857 -0.3170
vn -0.5432 -0.7970 -0.2638
vn -0.3392 -0.8857 -0.3169
vn -0.2984 -0.8740 -0.3836
vn -0.4438 -0.7598 -0.4752
vn -0.2448 -0.8640 -0.4399
vn -0.3641 -0.7450 -0.5590
vn -0.2064 -0.8590 -0.4686
vn -0.1634 -0.8547 -0.4927
vn -0.2430 -0.7312 -0.6375
vn -0.1160 -0.8514 -0.5115
vn -0.1159 -0.8514 -0.5115
vn -0.1207 -0.9436 -0.3082
vn -0.2448 -0.8641 -0.4399
vn -0.2908 -0.1843 -0.9389
vn 0.0001 -0.9849 -0.1732
vn 0.0001 -0.9848 -0.1737
vn -0.0001 -0.9848 -0.1738
vn -0.0001 -0.9848 -0.1736
vn 1.0000 -0.0000 0.0006
vn 0.9976 -0.0137 0.0676
vn 0.9945 -0.1044 0.0032
vn 0.9830 -0.1127 0.1449
vn 0.9830 -0.1127 0.1448
vn 0.9751 -0.2215 0.0092
vn 0.9593 -0.2370 0.1536
vn 0.9592 -0.2372 0.1537
vn 0.9377 -0.3470 0.0187
vn 0.9377 -0.3470 0.0186
vn 0.9168 -0.3650 0.1622
vn 0.9168 -0.3650 0.1621
vn 0.8809 -0.4723 0.0296
vn 0.8592 -0.4830 0.1686
vn 0.7411 -0.6696 0.0494
vn 0.8592 -0.4831 0.1686
vn 0.7814 -0.5996 0.1731
vn 0.6869 -0.7245 0.0581
vn 0.7133 -0.6787 0.1748
vn 0.6390 -0.7667 0.0624
vn 0.7134 -0.6786 0.1748
vn 0.6656 -0.7253 0.1760
vn 0.6059 -0.7932 0.0618
vn 0.6532 -0.7354 0.1801
vn 0.6532 -0.7354 0.1802
vn 0.6139 -0.7851 0.0819
vn 0.6140 -0.7851 0.0819
vn 0.6966 -0.6879 0.2039
vn 0.6965 -0.6879 0.2039
vn 0.6353 -0.7681 0.0799
vn 0.6767 -0.7303 0.0935
vn 0.7511 -0.6132 0.2445
vn 0.7295 -0.6740 0.1168
vn 0.7295 -0.6740 0.1167
vn 0.7867 -0.5972 0.1563
vn 0.8002 -0.4863 0.3511
vn 0.7581 -0.5568 0.3394
vn 0.7581 -0.5568 0.3395
vn 0.7539 -0.3735 0.5406
vn 0.7539 -0.3734 0.5406
vn 0.7506 -0.4958 0.4368
vn 0.7539 -0.3735 0.5405
vn 0.7270 -0.4301 0.5353
vn 0.7269 -0.4301 0.5353
vn 0.7232 -0.5661 0.3956
vn 0.7126 -0.4914 0.5007
vn 0.6995 -0.6074 0.3765
vn 0.6976 -0.5250 0.4876
vn 0.7103 -0.5941 0.3775
vn 0.7061 -0.5106 0.4905
vn 0.7062 -0.5106 0.4905
vn 0.7441 -0.5470 0.3835
vn 0.7315 -0.4662 0.4975
vn 0.7897 -0.4744 0.3890
vn 0.7652 -0.4013 0.5034
vn 0.8401 -0.3761 0.3909
vn 0.8028 -0.3164 0.5053
vn 0.8028 -0.3164 0.5054
vn 0.8772 -0.2827 0.3879
vn 0.8772 -0.2827 0.3880
vn 0.8314 -0.2376 0.5024
vn 0.9062 -0.1844 0.3806
vn 0.8550 -0.1554 0.4948
vn 0.9249 -0.0886 0.3698
vn 0.8550 -0.1554 0.4949
vn 0.8364 -0.0853 0.5414
vn 0.8364 -0.0853 0.5415
vn 0.9322 -0.0654 0.3560
vn 0.9322 -0.0653 0.3560
vn 0.9616 -0.1016 0.2548
vn 0.9616 -0.1016 0.2549
vn 0.9663 -0.0492 0.2527
vn 0.9663 -0.0492 0.2528
vn 0.9878 -0.0305 0.1525
vn 0.9878 -0.0305 0.1524
vn 0.9976 -0.0136 0.0675
vn 0.7862 -0.1257 0.6051
vn 0.7061 -0.0856 0.7030
vn 0.7061 -0.0856 0.7029
vn 0.7013 -0.0970 0.7063
vn 0.5446 -0.0661 0.8361
vn 0.5890 -0.1074 0.8010
vn 0.5363 -0.0892 0.8393
vn 0.5253 -0.1194 0.8425
vn 0.5252 -0.1194 0.8425
vn 0.4715 -0.0976 0.8765
vn 0.4715 -0.0975 0.8765
vn 0.4624 -0.1262 0.8777
vn 0.4082 -0.1018 0.9072
vn 0.4624 -0.1264 0.8776
vn 0.4083 -0.1018 0.9072
vn 0.4038 -0.1223 0.9066
vn 0.4038 -0.1223 0.9067
vn 0.3487 -0.0976 0.9322
vn 0.3482 -0.1127 0.9306
vn 0.3486 -0.0976 0.9322
vn 0.2602 -0.0785 0.9624
vn 0.3481 -0.1127 0.9306
vn 0.2629 -0.0873 0.9609
vn 0.1739 -0.0627 0.9828
vn 0.2628 -0.0873 0.9609
vn 0.1796 -0.0717 0.9811
vn 0.0895 -0.0579 0.9943
vn 0.0911 -0.0624 0.9939
vn 0.0912 -0.0624 0.9939
vn -0.0000 -0.0528 0.9986
vn -0.0000 -0.0617 0.9981
vn 0.3536 -0.0365 0.9347
vn 0.4246 -0.0581 0.9035
vn 0.4812 -0.0726 0.8736
vn 0.5362 -0.0892 0.8393
vn 0.4812 -0.0727 0.8736
vn 0.2498 -0.0236 0.9680
vn 0.2727 -0.0294 0.9616
vn 0.3536 -0.0364 0.9347
vn 0.2728 -0.0294 0.9616
vn 0.3661 -0.0453 0.9295
vn 0.3585 -0.0615 0.9315
vn 0.4245 -0.0581 0.9035
vn 0.4159 -0.0783 0.9060
vn 0.3521 -0.0806 0.9325
vn 0.4160 -0.0783 0.9060
vn 0.1533 -0.0154 0.9881
vn 0.1797 -0.0188 0.9836
vn 0.2499 -0.0236 0.9680
vn 0.2499 -0.0235 0.9680
vn 0.1796 -0.0188 0.9836
vn 0.1754 -0.0264 0.9841
vn 0.2498 -0.0235 0.9680
vn 0.2668 -0.0405 0.9629
vn 0.0696 -0.0113 0.9975
vn 0.0884 -0.0129 0.9960
vn 0.1533 -0.0153 0.9881
vn 0.0862 -0.0184 0.9961
vn 0.0846 -0.0258 0.9961
vn 0.1721 -0.0360 0.9844
vn 0.1722 -0.0360 0.9844
vn 0.0845 -0.0258 0.9961
vn 0.0840 -0.0333 0.9959
vn 0.0840 -0.0328 0.9959
vn 0.1709 -0.0454 0.9842
vn 0.0845 -0.0414 0.9956
vn 0.1715 -0.0549 0.9837
vn 0.1715 -0.0549 0.9836
vn 0.0860 -0.0485 0.9951
vn -0.0000 -0.0103 0.9999
vn -0.0000 -0.0405 0.9992
vn -0.0000 -0.0406 0.9992
vn 0.1815 -0.0750 0.9805
vn 0.2785 -0.0967 0.9556
vn 0.1816 -0.0750 0.9805
vn 0.2706 -0.0958 0.9579
vn 0.3565 -0.1247 0.9259
vn 0.3569 -0.1283 0.9253
vn 0.4105 -0.1543 0.8987
vn 0.4044 -0.1507 0.9021
vn 0.4104 -0.1543 0.8987
vn 0.4555 -0.1826 0.8713
vn 0.4542 -0.1710 0.8743
vn 0.5031 -0.2059 0.8393
vn 0.5070 -0.1825 0.8424
vn 0.5539 -0.2176 0.8036
vn 0.5634 -0.1840 0.8054
vn 0.6498 -0.2511 0.7175
vn 0.6498 -0.2511 0.7174
vn 0.6685 -0.1965 0.7172
vn 0.7450 -0.2551 0.6163
vn 0.7666 -0.1915 0.6129
vn 0.7450 -0.2551 0.6164
vn 0.7667 -0.1914 0.6129
vn 0.8314 -0.2375 0.5024
vn 0.4090 -0.1471 0.9006
vn 0.4089 -0.1470 0.9006
vn 0.5536 -0.2057 0.8070
vn 0.4590 -0.1722 0.8716
vn 0.5061 -0.1998 0.8390
vn 0.5062 -0.1998 0.8390
vn 0.5091 -0.2164 0.8331
vn 0.5531 -0.2519 0.7941
vn 0.5478 -0.2575 0.7960
vn 0.6213 -0.3431 0.7045
vn 0.5478 -0.2574 0.7960
vn 0.6241 -0.3287 0.7089
vn 0.6776 -0.4195 0.6040
vn 0.6241 -0.3287 0.7088
vn 0.6949 -0.3799 0.6106
vn 0.6952 -0.3791 0.6107
vn 0.6630 -0.2784 0.6950
vn 0.6265 -0.2941 0.7218
vn 0.5500 -0.2296 0.8030
vn 0.6857 -0.3621 0.6314
vn 0.6811 -0.4107 0.6062
vn 0.6275 -0.3291 0.7057
vn 0.6274 -0.3291 0.7057
vn 0.6719 -0.4345 0.5998
vn 0.9407 -0.2123 0.2645
vn 0.9053 -0.3262 0.2720
vn 0.9062 -0.1843 0.3806
vn 0.9166 -0.3655 0.1619
vn 0.8581 -0.4330 0.2759
vn 0.9053 -0.3262 0.2721
vn 0.7937 -0.5421 0.2760
vn 0.7937 -0.5421 0.2761
vn 0.7897 -0.4745 0.3890
vn 0.7361 -0.6193 0.2731
vn 0.6945 -0.6669 0.2701
vn 0.7365 -0.6189 0.2732
vn 0.7442 -0.5470 0.3835
vn 0.6825 -0.6785 0.2718
vn 0.6825 -0.6785 0.2719
vn 0.6995 -0.6074 0.3766
vn 0.7164 -0.6322 0.2953
vn 0.7164 -0.6321 0.2953
vn 0.7232 -0.5662 0.3955
vn 0.7232 -0.5661 0.3955
vn 0.6777 -0.4195 0.6040
vn 0.7181 -0.3249 0.6154
vn 0.6849 -0.1475 0.7136
vn 0.6849 -0.1475 0.7135
vn 0.5765 -0.1434 0.8044
vn 0.6685 -0.1965 0.7173
vn 0.5144 -0.1537 0.8437
vn 0.4566 -0.1508 0.8768
vn 0.5069 -0.1825 0.8424
vn 0.4566 -0.1506 0.8768
vn 0.4024 -0.1399 0.9047
vn 0.4025 -0.1399 0.9047
vn 0.3505 -0.1227 0.9285
vn 0.2694 -0.0952 0.9583
vn 0.2695 -0.0952 0.9583
vn 0.6346 -0.2953 0.7142
vn 0.5483 -0.2442 0.7998
vn 0.5483 -0.2442 0.7999
vn 0.5483 -0.2443 0.7998
vn 0.5036 -0.2184 0.8359
vn 0.5036 -0.2183 0.8359
vn 0.4613 -0.1837 0.8680
vn 0.4089 -0.1471 0.9006
vn 0.7013 -0.0971 0.7063
vn 0.5890 -0.1075 0.8010
vn 0.4624 -0.1262 0.8776
vn 0.6274 -0.3290 0.7057
vn 0.2598 -0.0666 0.9634
vn 0.2599 -0.0666 0.9634
vn 0.2620 -0.0541 0.9635
vn 0.2599 -0.0666 0.9633
vn 0.2620 -0.0541 0.9636
vn 0.3586 -0.0615 0.9315
vn 0.3585 -0.0609 0.9315
vn 0.2601 -0.0785 0.9624
vn 0.1797 -0.0188 0.9835
vn 0.9821 -0.1850 -0.0359
vn 0.9987 -0.0309 -0.0398
vn 0.9879 -0.1508 -0.0371
vn 0.9992 -0.0077 -0.0400
vn 0.9879 -0.1508 -0.0373
vn 0.9871 -0.1557 -0.0366
vn 0.9992 -0.0000 -0.0400
vn 0.9837 -0.1766 -0.0344
vn 0.9851 -0.1683 -0.0353
vn 0.9857 -0.1646 -0.0357
vn 0.9321 -0.3617 -0.0212
vn 0.9347 -0.3548 -0.0226
vn 0.8401 -0.5425 -0.0007
vn 0.8451 -0.5346 -0.0030
vn 0.8451 -0.5347 -0.0030
vn 0.8401 -0.5424 -0.0007
vn 0.7369 -0.6756 0.0208
vn 0.7369 -0.6756 0.0207
vn 0.7434 -0.6686 0.0181
vn 0.6657 -0.7453 0.0375
vn 0.6729 -0.7389 0.0354
vn 0.6656 -0.7453 0.0375
vn 0.6270 -0.7772 0.0521
vn 0.6729 -0.7389 0.0353
vn 0.6352 -0.7706 0.0510
vn 0.6502 -0.7554 0.0812
vn 0.6353 -0.7706 0.0510
vn 0.6503 -0.7553 0.0812
vn 0.6610 -0.7458 0.0826
vn 0.7347 -0.6689 0.1133
vn 0.7346 -0.6689 0.1133
vn 0.7459 -0.6560 0.1157
vn 0.7825 -0.6080 0.1338
vn 0.7826 -0.6080 0.1339
vn 0.7929 -0.5941 0.1355
vn 0.7825 -0.6080 0.1339
vn 0.8296 -0.5357 0.1573
vn 0.8442 -0.5125 0.1570
vn 0.9828 -0.1815 -0.0339
vn 0.9992 -0.0001 -0.0400
vn 0.9934 -0.1088 -0.0376
vn 0.9725 -0.2309 -0.0303
vn 0.9232 -0.3838 -0.0165
vn 0.9232 -0.3839 -0.0165
vn 0.9725 -0.2308 -0.0303
vn 0.9325 -0.3606 -0.0183
vn 0.8730 -0.4877 -0.0030
vn 0.8730 -0.4877 -0.0029
vn 0.8249 -0.5652 0.0069
vn 0.7309 -0.6818 0.0285
vn 0.7309 -0.6819 0.0285
vn 0.7199 -0.6935 0.0290
vn 0.6764 -0.7355 0.0396
vn 0.6483 -0.7601 0.0442
vn 0.6318 -0.7736 0.0491
vn 0.6083 -0.7918 0.0556
vn 0.6083 -0.7918 0.0555
vn 0.6031 -0.7956 0.0570
vn 0.6067 -0.7918 0.0704
vn 0.6226 -0.7788 0.0757
vn 0.6226 -0.7789 0.0757
vn 0.6355 -0.7679 0.0796
vn 0.6355 -0.7680 0.0796
vn 0.6768 -0.7302 0.0934
vn 0.7016 -0.7050 0.1035
vn 0.7295 -0.6739 0.1167
vn 0.7503 -0.6490 0.1261
vn 0.7867 -0.5972 0.1564
vn 0.8113 -0.5631 0.1574
vn 0.7616 -0.6351 0.1293
vn 0.8113 -0.5630 0.1574
vn 0.7128 -0.6931 0.1074
vn 0.6313 -0.7716 0.0778
vn 0.6313 -0.7717 0.0778
vn 0.6137 -0.7877 0.0544
vn 0.6082 -0.7918 0.0556
vn 0.6137 -0.7876 0.0544
vn 0.6535 -0.7558 0.0419
vn 0.6535 -0.7558 0.0418
vn 0.7254 -0.6879 0.0261
vn 0.7253 -0.6879 0.0261
vn 0.8302 -0.5575 0.0042
vn 0.8302 -0.5575 0.0043
vn 0.9265 -0.3759 -0.0182
vn 0.9233 -0.3838 -0.0165
vn 0.9837 -0.1767 -0.0344
vn 0.8566 -0.4917 0.1564
vn 0.8361 -0.5283 0.1480
vn 0.8173 -0.5589 0.1402
vn 0.8030 -0.5800 0.1369
vn 0.8105 -0.5694 0.1372
vn 0.8057 -0.5768 0.1349
vn 0.7572 -0.6425 0.1177
vn 0.8038 -0.5796 0.1337
vn 0.8039 -0.5796 0.1337
vn 0.7749 -0.6205 0.1203
vn 0.7749 -0.6205 0.1204
vn 0.8044 -0.5789 0.1335
vn 0.7749 -0.6206 0.1204
vn 0.8059 -0.5767 0.1337
vn 0.7925 -0.5975 0.1224
vn 0.8431 -0.5191 0.1404
vn 0.8098 -0.5735 0.1239
vn 0.8474 -0.5120 0.1403
vn 0.8267 -0.5486 0.1250
vn 0.8474 -0.5121 0.1402
vn 0.8610 -0.4888 0.1405
vn 0.8266 -0.5487 0.1250
vn 0.8610 -0.4889 0.1405
vn 0.8501 -0.5113 0.1259
vn 0.8502 -0.5112 0.1259
vn 0.8795 -0.4547 0.1404
vn 0.8795 -0.4548 0.1403
vn 0.8719 -0.4732 0.1261
vn 0.8795 -0.4548 0.1404
vn 0.8963 -0.4208 0.1396
vn 0.8963 -0.4208 0.1397
vn 0.8799 -0.4586 0.1247
vn 0.8799 -0.4585 0.1247
vn 0.9057 -0.4004 0.1390
vn 0.9074 -0.3973 0.1374
vn 0.9074 -0.3972 0.1374
vn 0.9293 -0.3383 0.1481
vn 0.9197 -0.3630 0.1498
vn 0.9197 -0.3629 0.1498
vn 0.9096 -0.3869 0.1513
vn 0.8991 -0.4103 0.1527
vn 0.8847 -0.4420 0.1481
vn 0.8789 -0.4539 0.1465
vn 0.8765 -0.4589 0.1458
vn 0.8745 -0.4627 0.1454
vn 0.8475 -0.5120 0.1403
vn 0.8152 -0.5715 0.0939
vn 0.8502 -0.5113 0.1259
vn 0.7888 -0.6077 0.0921
vn 0.7626 -0.6441 0.0595
vn 0.7626 -0.6441 0.0594
vn 0.7563 -0.6480 0.0904
vn 0.7236 -0.6886 0.0460
vn 0.7236 -0.6886 0.0461
vn 0.7341 -0.6732 0.0890
vn 0.7010 -0.7117 0.0464
vn 0.7124 -0.6963 0.0875
vn 0.6799 -0.7318 0.0471
vn 0.6918 -0.7170 0.0858
vn 0.6609 -0.7489 0.0483
vn 0.6610 -0.7489 0.0483
vn 0.6725 -0.7353 0.0840
vn 0.6445 -0.7630 0.0498
vn 0.6611 -0.7457 0.0828
vn 0.7596 -0.6499 0.0262
vn 0.7596 -0.6499 0.0263
vn 0.7499 -0.6611 0.0246
vn 0.7499 -0.6611 0.0245
vn 0.7300 -0.6829 0.0259
vn 0.7010 -0.7116 0.0464
vn 0.7117 -0.7019 0.0277
vn 0.6953 -0.7181 0.0302
vn 0.6445 -0.7630 0.0499
vn 0.6810 -0.7315 0.0332
vn 0.8257 -0.5641 -0.0020
vn 0.7894 -0.6138 0.0062
vn 0.8750 -0.4839 -0.0137
vn 0.9227 -0.3847 -0.0237
vn 0.8664 -0.4993 -0.0115
vn 0.9445 -0.3274 -0.0276
vn 0.8581 -0.5135 -0.0087
vn 0.9445 -0.3273 -0.0276
vn 0.9409 -0.3378 -0.0259
vn 0.8501 -0.5266 -0.0053
vn 0.8501 -0.5266 -0.0054
vn 0.9409 -0.3377 -0.0259
vn 0.9372 -0.3481 -0.0240
vn 0.9821 -0.1851 -0.0359
vn 0.9863 -0.1610 -0.0361
vn 0.9857 -0.1645 -0.0357
vn 0.7929 -0.5941 0.1356
vn 0.7751 -0.6317 0.0087
vn 0.7751 -0.6318 0.0087
vn 0.7620 -0.6474 0.0118
vn 0.8664 -0.4992 -0.0115
vn 0.7503 -0.6609 0.0155
vn 0.8581 -0.5134 -0.0087
vn 0.7562 -0.6480 0.0904
vn 0.6810 -0.7316 0.0332
vn 0.6271 -0.7772 0.0521
vn 0.7369 -0.6757 0.0207
vn 0.9265 -0.3760 -0.0182
vn -0.0000 -0.2766 0.9610
vn -0.0000 -0.4856 0.8742
vn -0.0000 -0.5193 0.8546
vn -0.0000 -0.5976 0.8018
vn -0.0000 -0.7286 0.6850
vn -0.0000 -0.7102 0.7040
vn -0.0000 -0.7286 0.6849
vn -0.0000 -0.8584 0.5130
vn -0.0000 -0.8801 0.4748
vn -0.0000 -0.9639 0.2662
vn -0.0000 -0.9642 0.2652
vn -0.0000 -0.9139 0.4059
vn -0.0000 -0.9758 0.2187
vn -0.1694 -0.9335 0.3159
vn -0.1694 -0.9336 0.3159
vn -0.0000 -0.8801 0.4749
vn -0.1774 -0.7847 0.5940
vn -0.0000 -0.7103 0.7039
vn -0.1840 -0.5890 0.7869
vn -0.1771 -0.3484 0.9204
vn -0.1771 -0.3485 0.9204
vn -0.3066 -0.2053 0.9294
vn -0.5825 -0.1135 0.8048
vn -0.5449 -0.2352 0.8048
vn -0.3646 -0.2991 0.8818
vn -0.7052 -0.1596 0.6908
vn -0.5825 -0.1135 0.8049
vn -0.8001 -0.0103 0.5997
vn -0.8002 -0.0103 0.5997
vn -0.8342 -0.0769 0.5461
vn -0.9245 0.0073 0.3810
vn -0.9245 0.0073 0.3811
vn -0.8437 -0.2555 0.4721
vn -0.9337 -0.1341 0.3319
vn -0.8425 -0.3970 0.3641
vn -0.8425 -0.3971 0.3640
vn -0.9342 -0.2449 0.2595
vn -0.8425 -0.3971 0.3641
vn -0.8390 -0.5029 0.2076
vn -0.9323 -0.3270 0.1544
vn -0.9846 -0.1453 0.0972
vn -0.9848 -0.0892 0.1489
vn -0.9960 0.0809 0.0391
vn -0.9959 0.0810 0.0391
vn -0.9848 -0.0893 0.1490
vn -0.9828 -0.0124 0.1843
vn -0.9828 -0.0125 0.1843
vn -0.9935 0.1067 0.0386
vn -0.9743 0.0877 0.2077
vn -0.9743 0.0878 0.2077
vn -0.9377 0.0939 0.3346
vn -0.9377 0.0938 0.3346
vn -0.7068 -0.6606 0.2529
vn -0.5432 -0.7890 0.2870
vn -0.3597 -0.8808 0.3080
vn -0.3670 -0.7335 0.5722
vn -0.1773 -0.7847 0.5940
vn -0.3669 -0.7335 0.5722
vn -0.3726 -0.5392 0.7553
vn -0.3597 -0.8808 0.3081
vn -0.5495 -0.6494 0.5256
vn -0.5495 -0.6495 0.5256
vn -0.5538 -0.4648 0.6909
vn -0.5538 -0.4647 0.6909
vn -0.5432 -0.7891 0.2870
vn -0.7118 -0.5351 0.4549
vn -0.7147 -0.3683 0.5947
vn -0.9848 -0.0893 0.1489
vn -0.7147 -0.3682 0.5947
vn -0.2227 -0.3258 0.9188
vn -0.0000 -0.4142 0.9102
vn -0.0000 -0.5312 0.8472
vn -0.2102 -0.4287 0.8787
vn -0.2102 -0.4287 0.8786
vn -0.0000 -0.5312 0.8473
vn -0.0000 -0.6153 0.7883
vn -0.2102 -0.4288 0.8786
vn -0.2097 -0.5438 0.8126
vn -0.2097 -0.5439 0.8126
vn -0.0000 -0.6576 0.7533
vn -0.2096 -0.5439 0.8126
vn -0.2204 -0.6677 0.7111
vn -0.0000 -0.7482 0.6635
vn -0.0000 -0.8483 0.5294
vn -0.0000 -0.8483 0.5295
vn -0.2335 -0.8128 0.5337
vn -0.2335 -0.8128 0.5338
vn -0.0000 -0.8908 0.4544
vn -0.0000 -0.9232 0.3843
vn -0.2384 -0.9145 0.3267
vn -0.2384 -0.9146 0.3267
vn -0.0000 -0.9472 0.3208
vn -0.3282 -0.9248 0.1922
vn -0.3282 -0.9248 0.1923
vn -0.0000 -0.9472 0.3207
vn -0.0000 -0.9781 0.2079
vn -0.6201 -0.7690 0.1552
vn -0.6201 -0.7690 0.1553
vn -0.4614 -0.8307 0.3116
vn -0.4519 -0.7163 0.5318
vn -0.4519 -0.7163 0.5317
vn -0.4518 -0.7163 0.5317
vn -0.4265 -0.5476 0.7199
vn -0.4058 -0.4077 0.8180
vn -0.4057 -0.4078 0.8180
vn -0.2101 -0.4287 0.8787
vn -0.4058 -0.4078 0.8180
vn -0.4067 -0.2939 0.8650
vn -0.2101 -0.4288 0.8786
vn -0.4310 -0.2173 0.8758
vn -0.4309 -0.2173 0.8758
vn -0.6364 -0.0800 0.7672
vn -0.7857 0.0527 0.6164
vn -0.7857 0.0528 0.6164
vn -0.8839 0.1790 0.4321
vn -0.8839 0.1791 0.4320
vn -0.8343 0.2072 0.5109
vn -0.8343 0.2072 0.5110
vn -0.8785 0.3678 0.3048
vn -0.8764 0.3258 0.3546
vn -0.8570 0.4964 0.1386
vn -0.9009 0.4113 0.1385
vn -0.8570 0.4963 0.1386
vn -0.9009 0.4114 0.1385
vn -0.8151 0.5769 -0.0534
vn -0.8531 0.5159 -0.0782
vn -0.9543 0.2910 0.0676
vn -0.9746 0.2235 -0.0169
vn -0.9746 0.2235 -0.0170
vn -0.9967 -0.0363 0.0731
vn -0.9948 0.0965 -0.0337
vn -0.9464 -0.2836 0.1544
vn -0.9729 -0.2284 0.0356
vn -0.8412 -0.4939 0.2198
vn -0.8413 -0.4939 0.2198
vn -0.8432 -0.5280 0.1010
vn -0.8412 -0.4940 0.2198
vn -0.6815 -0.6789 0.2732
vn -0.8432 -0.5279 0.1010
vn -0.8433 -0.5279 0.1010
vn -0.8591 0.5074 0.0676
vn -0.8786 0.3678 0.3047
vn -0.8590 0.5074 0.0676
vn -0.8786 0.3678 0.3048
vn -0.9308 0.3039 0.2030
vn -0.8481 0.5298 0.0049
vn -0.6007 -0.1216 0.7902
vn -0.4068 -0.2939 0.8650
vn -0.5992 -0.2262 0.7680
vn -0.4057 -0.4077 0.8180
vn -0.5992 -0.2262 0.7679
vn -0.6300 -0.3744 0.6804
vn -0.6299 -0.3745 0.6804
vn -0.6673 -0.5583 0.4930
vn -0.7415 0.0462 0.6693
vn -0.7416 0.0462 0.6693
vn -0.7397 -0.0430 0.6715
vn -0.7398 -0.0430 0.6715
vn -0.5993 -0.2262 0.7679
vn -0.7777 -0.1894 0.5995
vn -0.7777 -0.1894 0.5994
vn -0.6300 -0.3745 0.6804
vn -0.6299 -0.3744 0.6804
vn -0.8238 -0.3752 0.4249
vn -0.8323 0.1384 0.5368
vn -0.9213 0.2107 0.3267
vn -0.8749 0.0026 0.4843
vn -0.9268 -0.1740 0.3328
vn -0.8749 0.0027 0.4843
vn -0.9213 0.2106 0.3267
vn -0.9760 0.0560 0.2106
vn -0.9543 0.2910 0.0677
vn -0.9760 0.0560 0.2105
vn -0.9967 -0.0364 0.0731
vn -0.0000 -0.9505 0.3107
vn -0.0000 -0.9505 0.3108
vn -0.0007 -0.9781 0.2079
vn -0.0000 -0.9295 0.3687
vn -0.0000 -0.9296 0.3687
vn -0.0000 -0.8669 0.4984
vn -0.0000 -0.8670 0.4984
vn -0.0000 -0.8484 0.5294
vn -0.0000 -0.7682 0.6403
vn -0.0003 -0.7481 0.6636
vn -0.0000 -0.7332 0.6800
vn -0.0000 -0.7300 0.6834
vn -0.0000 -0.7209 0.6930
vn -0.0000 -0.7071 0.7071
vn -0.0000 -0.6906 0.7232
vn -0.0000 -0.6907 0.7232
vn -0.0000 -0.6495 0.7604
vn -0.0000 -0.6021 0.7984
vn -0.0000 -0.6022 0.7984
vn -0.0000 -0.5528 0.8333
vn -0.0000 -0.5529 0.8333
vn -0.0000 -0.5283 0.8491
vn -0.0000 -0.5058 0.8626
vn -0.0000 -0.4868 0.8735
vn -0.0000 -0.4714 0.8819
vn -0.0000 -0.4615 0.8871
vn -0.0000 -0.4582 0.8889
vn -0.0000 -0.4582 0.8888
vn -0.0000 -0.4498 0.8931
vn -0.0000 -0.5328 0.8463
vn -0.0000 -0.5328 0.8462
vn -0.0000 -0.6640 0.7477
vn -0.0000 -0.7137 0.7004
vn -0.0000 -0.7139 0.7003
vn -0.0000 -0.7301 0.6834
vn -0.0000 -0.7682 0.6402
vn -0.0000 -0.3738 0.9275
vn 0.0001 -0.9781 0.2079
vn -0.0003 -0.9782 0.2079
vn -0.0000 -0.9782 0.2079
vn -0.0001 -0.9781 0.2080
vn -0.0001 -0.9781 0.2079
vn -0.0003 -0.9781 0.2080
vn -0.0000 -0.9781 0.2082
vn 0.0001 -0.9781 0.2081
vn -0.0000 -0.9782 0.2076
vn -0.0000 -0.9781 0.2081
vn -0.0000 -0.9782 0.2078
vn -0.0001 -0.9782 0.2078
vn -0.0001 -0.9782 0.2079
vn 0.0002 -0.9781 0.2080
vn -0.0000 -0.9782 0.2077
vn 0.0001 -0.9781 0.2080
vn -0.1017 -0.9741 0.2022
vn -0.1016 -0.9741 0.2022
vn -0.0061 -0.9782 0.2075
vn -0.2315 -0.9547 0.1869
vn -0.2314 -0.9547 0.1869
vn -0.0874 -0.9761 0.1991
vn -0.3184 -0.9331 0.1673
vn -0.6033 -0.7900 0.1091
vn -0.5623 -0.8182 0.1200
vn -0.3183 -0.9331 0.1673
vn -0.3446 -0.9244 0.1634
vn -0.7420 -0.6666 0.0705
vn -0.6033 -0.7901 0.1091
vn -0.8248 -0.5640 0.0394
vn -0.7420 -0.6667 0.0705
vn -0.8881 -0.4594 0.0124
vn -0.8881 -0.4595 0.0124
vn -0.9597 -0.2788 -0.0344
vn -0.9751 -0.2166 -0.0476
vn -0.9751 -0.2166 -0.0475
vn -0.9961 -0.0698 -0.0540
vn -0.9961 -0.0698 -0.0541
vn -0.9765 0.1862 -0.1084
vn -0.9982 0.0281 -0.0539
vn -0.9982 0.0282 -0.0538
vn -0.9982 0.0282 -0.0539
vn -0.9982 0.0281 -0.0538
vn -0.9733 -0.2296 0.0021
vn -0.9733 -0.2295 0.0021
vn -0.8824 -0.4670 0.0570
vn -0.7453 -0.6585 0.1042
vn -0.5603 -0.8152 0.1464
vn -0.7453 -0.6586 0.1043
vn -0.5603 -0.8153 0.1464
vn -0.6774 -0.7276 0.1078
vn -0.4780 -0.8653 0.1509
vn -0.3237 -0.9285 0.1818
vn -0.4781 -0.8653 0.1509
vn -0.3236 -0.9285 0.1818
vn -0.7453 -0.6586 0.1042
vn -0.8326 -0.5507 0.0595
vn -0.9462 -0.3236 0.0034
vn -0.9462 -0.3235 0.0033
vn -0.9462 -0.3235 0.0034
vn -0.2165 -0.9486 0.2310
vn -0.2165 -0.9485 0.2310
vn -0.2030 -0.9378 0.2817
vn -0.1710 -0.9263 0.3358
vn -0.1447 -0.9205 0.3629
vn -0.1447 -0.9205 0.3630
vn -0.1095 -0.9152 0.3877
vn -0.2233 -0.7957 0.5631
vn -0.2233 -0.7956 0.5631
vn -0.0887 -0.8819 0.4630
vn -0.1702 -0.7131 0.6801
vn -0.3304 -0.6171 0.7142
vn -0.2376 -0.4857 0.8412
vn -0.5409 -0.4271 0.7246
vn -0.7976 -0.3141 0.5150
vn -0.6532 -0.4314 0.6223
vn -0.5408 -0.4271 0.7246
vn -0.6532 -0.4315 0.6223
vn -0.5160 -0.6504 0.5574
vn -0.5160 -0.6504 0.5575
vn -0.4366 -0.6329 0.6394
vn -0.4366 -0.6330 0.6394
vn -0.3487 -0.8182 0.4572
vn -0.2950 -0.8064 0.5126
vn -0.2950 -0.8064 0.5125
vn -0.7754 -0.4754 0.4156
vn -0.7754 -0.4754 0.4155
vn -0.9570 -0.1614 0.2410
vn -0.9570 -0.1613 0.2410
vn -0.8270 -0.5165 0.2221
vn -0.9592 -0.2204 0.1771
vn -0.9592 -0.2203 0.1771
vn -0.9597 -0.2787 -0.0344
vn -0.9945 -0.0694 0.0790
vn -0.9945 -0.0695 0.0790
vn -0.9598 -0.2787 -0.0344
vn -0.8269 -0.5165 0.2221
vn -0.6534 -0.7176 0.2413
vn -0.6533 -0.7176 0.2413
vn -0.6127 -0.6851 0.3941
vn -0.6126 -0.6851 0.3941
vn -0.6531 -0.4315 0.6223
vn -0.6033 -0.7900 0.1090
vn -0.4415 -0.8636 0.2435
vn -0.4140 -0.8416 0.3468
vn -0.3305 -0.6170 0.7142
vn -0.9944 -0.0695 0.0790
vn -0.9715 -0.1399 0.1916
vn -0.9716 -0.1419 0.1893
vn -0.9813 -0.1266 0.1447
vn -0.9119 -0.2265 0.3422
vn -0.8904 -0.2542 0.3776
vn -0.8193 -0.3047 0.4858
vn -0.7375 -0.3575 0.5730
vn -0.6977 -0.3721 0.6122
vn -0.5542 -0.4255 0.7154
vn -0.5534 -0.4248 0.7164
vn -0.2396 -0.4854 0.8408
vn -0.2397 -0.4854 0.8408
vn -0.6960 -0.3692 0.6158
vn -0.5409 -0.4271 0.7245
vn -0.6960 -0.3692 0.6159
vn -0.8188 -0.3032 0.4875
vn -0.8187 -0.3032 0.4875
vn -0.8180 -0.3009 0.4903
vn -0.8180 -0.3008 0.4903
vn -0.9116 -0.2247 0.3443
vn -0.9111 -0.2218 0.3475
vn -0.9111 -0.2219 0.3475
vn -0.9712 -0.1366 0.1951
vn -0.5199 -0.4380 0.7334
vn -0.7375 -0.3575 0.5729
vn -0.6970 -0.3710 0.6136
vn -0.8193 -0.3047 0.4857
vn -0.9116 -0.2247 0.3442
vn -0.9814 -0.1265 0.1446
vn -0.9881 -0.0784 0.1323
vn -0.9927 0.0222 -0.1188
vn -0.9806 0.1679 0.1011
vn -0.9353 0.3209 -0.1489
vn -0.9353 0.3209 -0.1488
vn -0.9189 0.3889 0.0663
vn -0.9354 0.3209 -0.1489
vn -0.7906 0.5897 -0.1649
vn -0.7791 0.6266 0.0198
vn -0.5721 0.8033 -0.1656
vn -0.5720 0.8033 -0.1656
vn -0.5633 0.8257 -0.0315
vn -0.5720 0.8034 -0.1655
vn -0.5633 0.8257 -0.0314
vn -0.3000 0.9419 -0.1508
vn -0.2914 0.9532 -0.0809
vn -0.3000 0.9419 -0.1507
vn -0.0000 0.9925 -0.1219
vn -0.0000 0.9925 -0.1218
vn -0.0000 0.9926 -0.1218
vn -0.2753 0.9612 -0.0154
vn -0.2399 0.9694 0.0515
vn -0.1779 0.9773 0.1153
vn -0.1779 0.9773 0.1154
vn -0.0001 0.9926 -0.1216
vn -0.0002 0.9926 -0.1216
vn -0.0911 0.9801 0.1765
vn -0.9337 -0.0511 0.3545
vn -0.9336 -0.0511 0.3545
vn -0.8903 -0.2542 0.3778
vn -0.8134 -0.0233 0.5812
vn -0.7657 -0.2805 0.5789
vn -0.7657 -0.2805 0.5788
vn -0.6029 0.0033 0.7978
vn -0.7657 -0.2806 0.5788
vn -0.5675 -0.2555 0.7827
vn -0.2811 -0.1923 0.9402
vn -0.5190 -0.4380 0.7340
vn -0.7376 -0.3575 0.5729
vn -0.2810 -0.1923 0.9402
vn -0.2951 0.1195 0.9480
vn -0.2952 0.1195 0.9479
vn -0.5983 0.2490 0.7616
vn -0.8072 0.2226 0.5466
vn -0.9266 0.1950 0.3216
vn -0.9266 0.1950 0.3217
vn -0.2805 0.4197 0.8632
vn -0.5607 0.4649 0.6852
vn -0.8073 0.2226 0.5466
vn -0.7564 0.4402 0.4838
vn -0.8683 0.4143 0.2730
vn -0.8682 0.4143 0.2730
vn -0.2805 0.4197 0.8633
vn -0.2385 0.6790 0.6944
vn -0.5606 0.4649 0.6852
vn -0.4754 0.6910 0.5445
vn -0.6413 0.6701 0.3737
vn -0.6414 0.6701 0.3737
vn -0.7362 0.6481 0.1950
vn -0.7361 0.6481 0.1950
vn -0.1732 0.8720 0.4577
vn -0.1732 0.8720 0.4578
vn -0.3438 0.8722 0.3479
vn -0.4637 0.8571 0.2244
vn -0.4637 0.8571 0.2245
vn -0.5323 0.8412 0.0952
vn -0.5322 0.8412 0.0952
vn -0.3438 0.8723 0.3479
vn -0.0910 0.9801 0.1765
vn -0.2399 0.9694 0.0516
vn -0.2754 0.9612 -0.0153
vn -0.2754 0.9612 -0.0154
vn -0.3001 0.9419 -0.1508
vn -0.1814 0.9733 -0.1408
vn -0.0937 0.9868 -0.1322
vn -0.0938 0.9868 -0.1322
vn -0.0084 0.9924 -0.1228
vn -0.0084 0.9924 -0.1229
vn -0.0083 0.9924 -0.1228
vn -0.1235 0.9831 -0.1351
vn -0.1234 0.9831 -0.1351
vn -0.0622 0.9897 -0.1287
vn -0.2590 0.9546 -0.1472
vn -0.2119 0.9668 -0.1431
vn -0.2413 0.9596 -0.1449
vn -0.0137 0.9923 -0.1234
vn -0.0138 0.9923 -0.1234
vn -0.4015 0.9023 -0.1570
vn -0.4578 0.8748 -0.1589
vn -0.4453 0.8810 -0.1598
vn -0.4454 0.8810 -0.1598
vn -0.6107 0.7743 -0.1659
vn -0.4994 0.8509 -0.1627
vn -0.6106 0.7743 -0.1659
vn -0.6579 0.7344 -0.1668
vn -0.6579 0.7343 -0.1668
vn -0.5672 0.8068 -0.1655
vn -0.6582 0.7341 -0.1669
vn -0.7159 0.6779 -0.1670
vn -0.7159 0.6779 -0.1671
vn -0.6352 0.7541 -0.1671
vn -0.7725 0.6130 -0.1659
vn -0.7724 0.6130 -0.1659
vn -0.7006 0.6936 -0.1674
vn -0.8249 0.5411 -0.1634
vn -0.8249 0.5411 -0.1633
vn -0.7906 0.5897 -0.1650
vn -0.9144 0.3746 -0.1534
vn -0.9866 0.1012 -0.1281
vn -0.6106 0.7744 -0.1659
vn -0.5717 0.8038 -0.1644
vn -0.4577 0.8748 -0.1589
vn -0.6434 0.7477 -0.1644
vn -0.7146 0.6797 -0.1657
vn -0.7146 0.6796 -0.1657
vn -0.8067 0.5684 -0.1619
vn -0.7474 0.6434 -0.1656
vn -0.7864 0.5953 -0.1648
vn -0.8329 0.5291 -0.1625
vn -0.9335 0.3258 -0.1495
vn -0.8763 0.4549 -0.1587
vn -0.9789 0.1541 -0.1338
vn -0.5459 0.8215 -0.1650
vn -0.5458 0.8215 -0.1650
vn -0.3691 0.9162 -0.1559
vn -0.2856 0.9466 -0.1497
vn -0.2028 0.9688 -0.1427
vn -0.2027 0.9688 -0.1427
vn -0.4699 0.8678 -0.1617
vn -0.4698 0.8678 -0.1617
vn -0.3929 0.9060 -0.1572
vn -0.3929 0.9060 -0.1573
vn -0.2857 0.9466 -0.1497
vn -0.3179 0.9359 -0.1520
vn -0.6352 0.7540 -0.1671
vn -0.7724 0.6131 -0.1659
vn -0.4995 0.8509 -0.1627
vn -0.2118 0.9668 -0.1431
vn -0.5717 0.8038 -0.1645
vn -0.0002 0.9925 -0.1219
vn 0.0004 0.9925 -0.1220
vn 0.0001 0.9925 -0.1219
vn -0.0001 0.9925 -0.1219
vn 0.0003 0.9925 -0.1219
vn -0.0003 0.9926 -0.1218
vn 0.0002 0.9926 -0.1218
vn 0.0001 0.9926 -0.1218
vn 0.0005 0.9926 -0.1217
vn -0.0004 0.9925 -0.1219
vn -0.0000 0.9926 -0.1217
vn -0.0001 0.9926 -0.1218
vn -0.0001 0.9926 -0.1215
vn -0.0001 0.9925 -0.1220
vn -0.0001 0.9925 -0.1221
vn -0.0000 0.9926 -0.1215
vn 0.0001 0.9925 -0.1222
vn 0.0001 0.9925 -0.1220
vn -0.0001 0.9926 -0.1214
vn -0.0000 0.9925 -0.1220
vn -0.0000 0.9926 -0.1216
vn -0.0000 0.9925 -0.1221
vn -0.0000 0.9925 -0.1223
vn -0.0000 0.9925 -0.1222
vn -0.0003 0.9925 -0.1221
vn -0.0001 0.9925 -0.1218
vn 0.0911 0.9801 0.1765
vn 0.0495 0.9890 0.1390
vn 0.0495 0.9890 0.1391
vn 0.0952 0.9165 0.3885
vn 0.0459 0.9173 0.3954
vn 0.0459 0.9174 0.3954
vn 0.0659 0.7701 0.6345
vn 0.0659 0.7701 0.6346
vn -0.0063 0.7704 0.6375
vn -0.0062 0.7704 0.6375
vn -0.0076 0.5807 0.8141
vn -0.0946 0.5800 0.8091
vn -0.1045 0.3577 0.9280
vn -0.1519 0.3570 0.9217
vn -0.1565 0.0881 0.9837
vn -0.1519 0.3569 0.9217
vn -0.2048 0.0870 0.9749
vn -0.1933 -0.2155 0.9572
vn -0.2812 -0.1924 0.9402
vn 0.0239 0.9895 0.1426
vn 0.0239 0.9895 0.1427
vn -0.0023 0.9896 0.1437
vn -0.0284 0.9894 0.1422
vn -0.0283 0.9894 0.1422
vn -0.0412 0.9892 0.1405
vn -0.0539 0.9889 0.1382
vn -0.1037 0.9163 0.3868
vn -0.1733 0.8720 0.4578
vn -0.1733 0.8720 0.4577
vn -0.1488 0.7685 0.6222
vn -0.1489 0.7685 0.6222
vn -0.2386 0.6790 0.6943
vn -0.1489 0.7686 0.6222
vn -0.1800 0.5784 0.7957
vn -0.1800 0.5784 0.7956
vn -0.2806 0.4197 0.8632
vn -0.1988 0.3559 0.9131
vn -0.2953 0.1195 0.9479
vn -0.2812 -0.1923 0.9402
vn -0.1649 -0.4931 0.8542
vn -0.1934 -0.2155 0.9572
vn -0.1649 -0.4932 0.8542
vn -0.1267 -0.4960 0.8590
vn -0.1477 -0.2145 0.9655
vn -0.1016 -0.2137 0.9716
vn -0.1016 -0.2138 0.9716
vn -0.1076 0.0889 0.9902
vn -0.0086 0.0896 0.9959
vn -0.0083 0.3584 0.9335
vn 0.0879 0.3579 0.9296
vn 0.0796 0.5802 0.8106
vn 0.0797 0.5802 0.8106
vn 0.0880 0.3579 0.9296
vn 0.1653 0.5788 0.7986
vn 0.0797 0.5802 0.8105
vn 0.1367 0.7689 0.6246
vn 0.2386 0.6790 0.6943
vn 0.1366 0.7689 0.6247
vn 0.1733 0.8720 0.4577
vn -0.0482 -0.4994 0.8650
vn -0.0081 -0.2131 0.9770
vn 0.0906 0.0891 0.9919
vn 0.1825 0.3563 0.9164
vn 0.2806 0.4197 0.8632
vn -0.0085 -0.5000 0.8660
vn 0.0710 -0.4988 0.8638
vn 0.0710 -0.4987 0.8639
vn 0.0855 -0.2136 0.9732
vn 0.0856 -0.2136 0.9732
vn 0.0710 -0.4987 0.8638
vn 0.1102 -0.4970 0.8607
vn 0.0856 -0.2135 0.9732
vn 0.1775 -0.2151 0.9603
vn 0.1502 -0.4943 0.8562
vn 0.1927 -0.4906 0.8498
vn 0.2396 -0.4854 0.8408
vn 0.2812 -0.1924 0.9402
vn 0.2811 -0.1924 0.9402
vn 0.1879 0.0874 0.9783
vn 0.1880 0.0874 0.9783
vn 0.2812 -0.1923 0.9402
vn 0.2953 0.1195 0.9479
vn 0.1367 0.7689 0.6247
vn 0.1733 0.8720 0.4578
vn 0.0796 0.5802 0.8105
vn 0.1366 0.7689 0.6246
vn 0.1880 0.0875 0.9783
vn -0.0044 0.9176 0.3975
vn -0.0783 0.7699 0.6333
vn -0.0946 0.5801 0.8091
vn -0.0783 0.7699 0.6334
vn -0.1376 0.5794 0.8034
vn -0.0084 0.3584 0.9335
vn -0.0545 0.9173 0.3946
vn -0.0545 0.9172 0.3946
vn -0.1138 0.7693 0.6286
vn -0.1137 0.7694 0.6286
vn -0.0075 0.5807 0.8141
vn -0.0545 0.9173 0.3945
vn -0.0793 0.9168 0.3913
vn -0.0793 0.9169 0.3913
vn -0.1137 0.7693 0.6286
vn -0.1801 0.5784 0.7956
vn -0.1077 0.0889 0.9902
vn -0.1488 0.7686 0.6222
vn -0.1564 0.0881 0.9837
vn 0.2809 -0.1923 0.9403
vn 0.2395 -0.4854 0.8408
vn 0.4602 -0.2469 0.8528
vn 0.4039 -0.4635 0.7887
vn 0.4040 -0.4635 0.7887
vn 0.5548 -0.4280 0.7135
vn 0.8098 -0.3163 0.4941
vn 0.7890 -0.2850 0.5442
vn 0.6103 -0.2599 0.7483
vn 0.6103 -0.2599 0.7484
vn 0.6484 -0.0014 0.7613
vn 0.4601 -0.2469 0.8528
vn 0.6483 -0.0014 0.7613
vn 0.4889 0.0123 0.8723
vn 0.4888 0.0122 0.8723
vn 0.6435 0.2443 0.7255
vn 0.4852 0.2577 0.8356
vn 0.6434 0.2443 0.7255
vn 0.6031 0.4603 0.6514
vn 0.6031 0.4603 0.6515
vn 0.4547 0.4729 0.7547
vn 0.5114 0.6872 0.5159
vn 0.3856 0.6979 0.6036
vn 0.3699 0.8696 0.3272
vn 0.3856 0.6978 0.6036
vn 0.3699 0.8695 0.3272
vn 0.2788 0.8773 0.3907
vn 0.1914 0.9759 0.1046
vn 0.1442 0.9799 0.1376
vn 0.1915 0.9759 0.1046
vn 0.1443 0.9799 0.1376
vn 0.0002 0.9926 -0.1215
vn 0.9658 -0.1597 0.2043
vn 0.9447 -0.0552 0.3233
vn 0.8383 -0.0280 0.5445
vn 0.7891 -0.2850 0.5442
vn 0.9908 -0.0817 0.1076
vn 0.9927 0.0222 -0.1187
vn 0.9927 0.0222 -0.1188
vn 0.9834 0.1646 0.0766
vn 0.9354 0.3209 -0.1487
vn 0.9353 0.3209 -0.1488
vn 0.9216 0.3857 0.0433
vn 0.9216 0.3857 0.0434
vn 0.9353 0.3209 -0.1487
vn 0.7906 0.5897 -0.1648
vn 0.7815 0.6239 0.0003
vn 0.5721 0.8033 -0.1655
vn 0.5650 0.8238 -0.0456
vn 0.3001 0.9419 -0.1507
vn 0.5651 0.8238 -0.0456
vn 0.3000 0.9419 -0.1507
vn 0.2923 0.9522 -0.0882
vn 0.2787 0.9601 -0.0244
vn 0.2472 0.9681 0.0409
vn 0.2473 0.9681 0.0409
vn 0.1915 0.9759 0.1047
vn 0.0002 0.9926 -0.1214
vn 0.1732 0.8720 0.4578
vn 0.2384 0.6790 0.6944
vn 0.2804 0.4197 0.8633
vn 0.2950 0.1195 0.9480
vn 0.4889 0.0122 0.8723
vn 0.8320 0.2179 0.5102
vn 0.7797 0.4356 0.4498
vn 0.6434 0.2442 0.7255
vn 0.6031 0.4604 0.6514
vn 0.6611 0.6663 0.3450
vn 0.6611 0.6663 0.3449
vn 0.5115 0.6872 0.5159
vn 0.4780 0.8544 0.2037
vn 0.4780 0.8544 0.2038
vn 0.2787 0.9601 -0.0245
vn 0.5387 0.8389 0.0775
vn 0.5387 0.8390 0.0775
vn 0.6611 0.6662 0.3450
vn 0.7450 0.6449 0.1705
vn 0.7451 0.6448 0.1705
vn 0.8787 0.4103 0.2441
vn 0.8787 0.4104 0.2441
vn 0.8787 0.4104 0.2440
vn 0.8320 0.2178 0.5102
vn 0.9376 0.1909 0.2907
vn 0.9376 0.1909 0.2908
vn 0.5348 -0.4289 0.7280
vn 0.5534 -0.4249 0.7164
vn 0.2376 -0.4857 0.8412
vn 0.5538 -0.4251 0.7159
vn 0.5538 -0.4252 0.7159
vn 0.2397 -0.4854 0.8408
vn 0.4034 -0.4638 0.7888
vn 0.5561 -0.4272 0.7129
vn 0.5562 -0.4272 0.7129
vn 0.5562 -0.4279 0.7125
vn 0.5562 -0.4278 0.7125
vn 0.6993 -0.3748 0.6087
vn 0.8205 -0.3082 0.4814
vn 0.9127 -0.2309 0.3372
vn 0.8205 -0.3082 0.4815
vn 0.9117 -0.2256 0.3433
vn 0.9117 -0.2255 0.3433
vn 0.9715 -0.1408 0.1905
vn 0.9715 -0.1400 0.1914
vn 0.9933 0.0284 -0.1123
vn 0.9834 -0.1075 0.1459
vn 0.9939 0.0358 -0.1046
vn 0.6427 -0.3919 0.6583
vn 0.5535 -0.4249 0.7164
vn 0.6971 -0.3711 0.6135
vn 0.6971 -0.3710 0.6135
vn 0.6973 -0.3715 0.6130
vn 0.8025 -0.3109 0.5092
vn 0.8188 -0.3033 0.4874
vn 0.8188 -0.3033 0.4875
vn 0.8190 -0.3039 0.4867
vn 0.8190 -0.3039 0.4868
vn 0.9116 -0.2248 0.3441
vn 0.9530 -0.1678 0.2524
vn 0.9530 -0.1678 0.2525
vn 0.9719 -0.1468 0.1838
vn 0.9719 -0.1469 0.1838
vn 0.9927 0.0222 -0.1189
vn 0.9657 -0.1597 0.2046
vn 0.0887 -0.8819 0.4630
vn 0.1114 -0.9157 0.3860
vn 0.1115 -0.9157 0.3860
vn 0.1459 -0.9210 0.3612
vn 0.1902 -0.9325 0.3069
vn 0.2113 -0.9436 0.2549
vn 0.2178 -0.9540 0.2060
vn 0.2179 -0.9540 0.2060
vn 0.3183 -0.9331 0.1673
vn 0.4443 -0.8749 0.1926
vn 0.6033 -0.7900 0.1090
vn 0.6033 -0.7900 0.1091
vn 0.6576 -0.7348 0.1659
vn 0.6033 -0.7901 0.1091
vn 0.8248 -0.5640 0.0394
vn 0.8327 -0.5389 0.1269
vn 0.9597 -0.2788 -0.0344
vn 0.9672 -0.2451 0.0664
vn 0.8077 -0.4992 0.3138
vn 0.6378 -0.7035 0.3135
vn 0.6577 -0.7348 0.1659
vn 0.6378 -0.7035 0.3136
vn 0.4309 -0.8537 0.2923
vn 0.4443 -0.8750 0.1926
vn 0.4443 -0.8749 0.1925
vn 0.4309 -0.8538 0.2923
vn 0.9381 -0.1990 0.2835
vn 0.8025 -0.3109 0.5093
vn 0.7269 -0.4569 0.5127
vn 0.5740 -0.6701 0.4706
vn 0.4405 -0.6353 0.6344
vn 0.3364 -0.6193 0.7094
vn 0.1702 -0.7131 0.6801
vn 0.2273 -0.7969 0.5597
vn 0.3364 -0.6194 0.7094
vn 0.2976 -0.8077 0.5090
vn 0.3878 -0.8312 0.3984
vn -0.0449 -0.9130 0.4055
vn -0.0887 -0.8035 0.5887
vn -0.0444 -0.8020 0.5957
vn -0.0642 -0.6536 0.7541
vn -0.0131 -0.6529 0.7573
vn -0.0799 -0.4984 0.8633
vn -0.0132 -0.6529 0.7573
vn 0.0070 -0.5000 0.8660
vn 0.0381 -0.6531 0.7563
vn 0.0381 -0.6532 0.7563
vn 0.0519 -0.4993 0.8649
vn 0.0519 -0.4993 0.8648
vn 0.0887 -0.6542 0.7511
vn 0.0520 -0.4993 0.8649
vn 0.1357 -0.4954 0.8580
vn 0.1379 -0.6562 0.7419
vn 0.1723 -0.4925 0.8531
vn 0.0953 -0.8038 0.5873
vn 0.0953 -0.8038 0.5872
vn 0.0482 -0.9131 0.4048
vn 0.0482 -0.9132 0.4048
vn 0.0310 -0.9125 0.4079
vn 0.0310 -0.9125 0.4080
vn 0.0133 -0.9121 0.4098
vn -0.0046 -0.9120 0.4101
vn -0.0046 -0.9120 0.4102
vn -0.0224 -0.9122 0.4090
vn -0.1195 -0.4964 0.8598
vn -0.1283 -0.6557 0.7440
vn -0.1283 -0.6558 0.7440
vn -0.1284 -0.6558 0.7440
vn -0.1953 -0.4904 0.8493
vn -0.1953 -0.4903 0.8494
vn -0.0224 -0.9122 0.4091
vn -0.0091 -0.8015 0.5979
vn 0.0263 -0.8017 0.5972
vn 0.0613 -0.8024 0.5936
vn 0.0482 -0.9132 0.4047
vn 0.0887 -0.6543 0.7510
vn 0.0613 -0.8025 0.5936
vn 0.0887 -0.6543 0.7511
vn -0.1953 -0.4904 0.8494
vn 0.1356 -0.4954 0.8580
vn 0.1501 -0.4943 0.8562
vn 0.1936 -0.9626 0.1897
vn 0.4434 -0.8830 0.1536
vn 0.4434 -0.8831 0.1536
vn 0.3184 -0.9331 0.1673
vn 0.6481 -0.7535 0.1104
vn 0.8101 -0.5830 0.0617
vn 0.7287 -0.6767 0.1047
vn 0.8706 -0.4886 0.0572
vn 0.7288 -0.6767 0.1047
vn 0.7904 -0.6035 0.1046
vn 0.7904 -0.6036 0.1046
vn 0.9136 -0.4024 0.0582
vn 0.8432 -0.5280 0.1010
vn 0.9729 -0.2284 0.0356
vn 0.3003 -0.9362 0.1828
vn 0.0771 -0.9761 0.2033
vn 0.1705 -0.9649 0.2000
vn 0.0002 -0.9781 0.2079
vn 0.3282 -0.9248 0.1922
vn 0.3888 -0.9035 0.1803
vn 0.3888 -0.9035 0.1804
vn 0.6201 -0.7690 0.1552
vn 0.6170 -0.7734 0.1459
vn 0.8432 -0.5279 0.1010
vn 0.6169 -0.7734 0.1459
vn 0.9873 -0.1587 0.0042
vn 0.9948 0.0965 -0.0337
vn 0.9936 0.1004 -0.0510
vn 0.9063 0.4107 -0.0993
vn 0.9287 0.3560 -0.1034
vn 0.9288 0.3560 -0.1034
vn 0.9392 0.3270 -0.1050
vn 0.9491 0.2963 -0.1064
vn 0.9985 0.0037 -0.0543
vn 0.9491 0.2964 -0.1064
vn 0.9585 0.2641 -0.1075
vn 0.9585 0.2642 -0.1075
vn 0.9668 0.2316 -0.1081
vn 0.9734 0.2018 -0.1083
vn 0.9734 0.2018 -0.1084
vn 0.9926 -0.1095 -0.0530
vn 0.9326 -0.3608 0.0050
vn 0.9326 -0.3608 0.0051
vn 0.9784 0.1758 -0.1083
vn 0.9823 0.1532 -0.1081
vn 0.9852 0.1331 -0.1077
vn 0.9852 0.1332 -0.1077
vn 0.9893 0.0993 -0.1068
vn 0.9918 0.0720 -0.1060
vn 0.9918 0.0719 -0.1060
vn 0.9926 0.0602 -0.1056
vn 0.4435 -0.8830 0.1536
vn 0.5398 -0.8288 0.1472
vn 0.9674 -0.2534 0.0020
vn 0.1705 -0.9648 0.2000
vn 0.9926 0.0602 -0.1055
vn 0.9909 0.0554 -0.1229
vn 0.9921 0.0344 -0.1204
vn 0.9921 0.0345 -0.1204
vn 0.9887 0.0816 -0.1259
vn 0.9887 0.0816 -0.1260
vn 0.9893 0.0993 -0.1069
vn 0.9879 0.1108 -0.1086
vn 0.9810 0.1570 -0.1140
vn 0.9714 0.2055 -0.1189
vn 0.9387 0.3204 -0.1276
vn 0.9660 0.2171 -0.1401
vn 0.9602 0.2405 -0.1423
vn 0.9536 0.2641 -0.1444
vn 0.9469 0.2863 -0.1463
vn 0.9387 0.3203 -0.1276
vn 0.9263 0.3540 -0.1294
vn 0.9402 0.3067 -0.1480
vn 0.9262 0.3540 -0.1294
vn 0.9122 0.3884 -0.1308
vn 0.9402 0.3068 -0.1480
vn 0.9121 0.3884 -0.1308
vn 0.9335 0.3258 -0.1495
vn 0.9336 0.3258 -0.1495
vn 0.8961 0.4238 -0.1318
vn 0.9269 0.3436 -0.1508
vn 0.9203 0.3603 -0.1520
vn 0.9204 0.3603 -0.1520
vn 0.8785 0.4590 -0.1324
vn 0.9139 0.3760 -0.1531
vn 0.9139 0.3760 -0.1532
vn 0.8618 0.4896 -0.1324
vn 0.9075 0.3907 -0.1541
vn 0.9075 0.3908 -0.1541
vn 0.9012 0.4047 -0.1550
vn 0.8619 0.4896 -0.1324
vn 0.8440 0.5198 -0.1320
vn 0.8890 0.4303 -0.1566
vn 0.8251 0.5496 -0.1311
vn 0.8831 0.4421 -0.1572
vn 0.8250 0.5497 -0.1311
vn 0.8716 0.4640 -0.1584
vn 0.8716 0.4639 -0.1584
vn 0.8053 0.5786 -0.1294
vn 0.8052 0.5786 -0.1294
vn 0.8553 0.4929 -0.1597
vn 0.7821 0.6102 -0.1266
vn 0.8450 0.5101 -0.1604
vn 0.7585 0.6401 -0.1224
vn 0.8307 0.5329 -0.1611
vn 0.8174 0.5529 -0.1616
vn 0.7349 0.6681 -0.1165
vn 0.7349 0.6681 -0.1164
vn 0.8045 0.5714 -0.1619
vn 0.7927 0.5877 -0.1619
vn 0.7084 0.6977 -0.1063
vn 0.7084 0.6978 -0.1063
vn 0.6578 0.7481 -0.0872
vn 0.6578 0.7482 -0.0872
vn 0.6334 0.7698 -0.0789
vn 0.6211 0.7803 -0.0734
vn 0.5960 0.8004 -0.0648
vn 0.6068 0.7925 -0.0622
vn 0.6068 0.7924 -0.0622
vn 0.6176 0.7847 -0.0525
vn 0.6521 0.7570 -0.0421
vn 0.6176 0.7847 -0.0526
vn 0.7074 0.7060 -0.0333
vn 0.7075 0.7060 -0.0333
vn 0.7099 0.7037 -0.0292
vn 0.7846 0.6199 -0.0137
vn 0.7846 0.6198 -0.0137
vn 0.7965 0.6046 -0.0080
vn 0.8804 0.4741 0.0096
vn 0.8893 0.4572 0.0139
vn 0.9518 0.3055 0.0276
vn 0.9518 0.3056 0.0276
vn 0.8892 0.4572 0.0139
vn 0.9558 0.2925 0.0297
vn 0.9883 0.1478 0.0371
vn 0.9814 0.1887 0.0359
vn 0.9883 0.1479 0.0371
vn 0.9914 0.1255 0.0381
vn 0.9392 0.3269 -0.1050
vn 0.9386 0.3204 -0.1276
vn 0.9206 0.3761 -0.1052
vn 0.9025 0.4174 -0.1062
vn 0.8947 0.4361 -0.0962
vn 0.8947 0.4361 -0.0963
vn 0.8863 0.4536 -0.0933
vn 0.8608 0.5023 -0.0821
vn 0.8630 0.4976 -0.0872
vn 0.8817 0.4595 -0.1067
vn 0.8348 0.5438 -0.0865
vn 0.8217 0.5669 -0.0588
vn 0.8204 0.5681 -0.0646
vn 0.7868 0.6140 -0.0634
vn 0.7867 0.6140 -0.0634
vn 0.8040 0.5885 -0.0854
vn 0.8581 0.5022 -0.1067
vn 0.8323 0.5440 -0.1061
vn 0.8062 0.5900 -0.0436
vn 0.8012 0.5976 -0.0293
vn 0.7771 0.6289 -0.0243
vn 0.7772 0.6288 -0.0243
vn 0.8012 0.5976 -0.0294
vn 0.8157 0.5784 -0.0066
vn 0.7510 0.6598 -0.0250
vn 0.7945 0.6072 -0.0078
vn 0.7510 0.6599 -0.0250
vn 0.7265 0.6867 -0.0266
vn 0.7745 0.6325 -0.0100
vn 0.7043 0.7093 -0.0291
vn 0.7044 0.7093 -0.0291
vn 0.7563 0.6541 -0.0133
vn 0.6829 0.7298 -0.0329
vn 0.6829 0.7298 -0.0330
vn 0.7382 0.6744 -0.0180
vn 0.6829 0.7297 -0.0330
vn 0.6656 0.7454 -0.0374
vn 0.7382 0.6743 -0.0180
vn 0.7228 0.6907 -0.0235
vn 0.8470 0.5315 0.0045
vn 0.8471 0.5315 0.0045
vn 0.8511 0.5249 0.0078
vn 0.9025 0.4302 0.0196
vn 0.8368 0.5475 0.0055
vn 0.9059 0.4229 0.0202
vn 0.8234 0.5675 0.0022
vn 0.8233 0.5675 0.0022
vn 0.8980 0.4396 0.0176
vn 0.8093 0.5874 -0.0026
vn 0.8981 0.4395 0.0176
vn 0.9466 0.3212 0.0289
vn 0.9592 0.2811 0.0312
vn 0.9060 0.4229 0.0202
vn 0.9592 0.2810 0.0312
vn 0.9914 0.1254 0.0381
vn 0.9963 0.0769 0.0392
vn 0.9985 0.0381 0.0398
vn 0.9989 0.0259 0.0399
vn 0.9990 0.0213 0.0399
vn 0.9873 0.1547 0.0364
vn 0.9474 0.3191 0.0251
vn 0.8713 0.4907 0.0050
vn 0.8804 0.4741 0.0097
vn 0.8438 0.5367 -0.0041
vn 0.9990 0.0214 0.0399
vn 0.9989 0.0234 0.0399
vn 0.9861 0.1624 0.0356
vn 0.9425 0.3335 0.0224
vn 0.8713 0.4906 0.0050
vn 0.9087 0.4172 0.0119
vn 0.9989 0.0233 0.0399
vn 0.9989 0.0260 0.0398
vn 0.9847 0.1710 0.0347
vn 0.9583 0.2845 0.0258
vn 0.9988 0.0295 0.0398
vn 0.9878 0.1514 0.0355
vn 0.9878 0.1515 0.0355
vn 0.9708 0.1960 -0.1381
vn 0.9746 0.1777 -0.1363
vn 0.9777 0.1613 -0.1346
vn 0.9802 0.1466 -0.1331
vn 0.9714 0.2055 -0.1190
vn 0.9823 0.1331 -0.1317
vn 0.9841 0.1207 -0.1303
vn 0.9856 0.1096 -0.1291
vn 0.9868 0.0996 -0.1279
vn 0.9868 0.0995 -0.1280
vn 0.7761 0.6250 -0.0843
vn 0.7567 0.6507 -0.0624
vn 0.7567 0.6508 -0.0624
vn 0.7476 0.6590 -0.0829
vn 0.7267 0.6842 -0.0616
vn 0.7194 0.6898 -0.0815
vn 0.6979 0.7136 -0.0611
vn 0.7195 0.6897 -0.0815
vn 0.6926 0.7168 -0.0800
vn 0.6927 0.7168 -0.0800
vn 0.6713 0.7386 -0.0610
vn 0.6649 0.7428 -0.0782
vn 0.6649 0.7428 -0.0781
vn 0.6450 0.7617 -0.0613
vn 0.6409 0.7639 -0.0760
vn 0.6234 0.7794 -0.0618
vn 0.6211 0.7802 -0.0734
vn 0.8085 0.5791 -0.1051
vn 0.7761 0.6250 -0.0842
vn 0.7835 0.6126 -0.1037
vn 0.7582 0.6440 -0.1019
vn 0.7331 0.6728 -0.0996
vn 0.7330 0.6728 -0.0996
vn 0.7057 0.7019 -0.0964
vn 0.6804 0.7270 -0.0924
vn 0.6409 0.7638 -0.0760
vn 0.7771 0.6288 -0.0243
vn 0.6450 0.7617 -0.0614
vn 0.8084 0.5791 -0.1051
vn 0.8440 0.5199 -0.1320
vn 0.8250 0.5496 -0.1311
vn 0.7835 0.6126 -0.1038
vn 0.8052 0.5787 -0.1294
vn 0.7331 0.6728 -0.0997
vn 0.7098 0.7038 -0.0292
vn 0.2413 0.9596 -0.1449
vn 0.2096 0.9673 -0.1429
vn 0.0114 0.9923 -0.1231
vn 0.0114 0.9923 -0.1232
vn 0.0660 0.9894 -0.1291
vn 0.1233 0.9831 -0.1351
vn 0.1949 0.9705 -0.1420
vn 0.3855 0.9093 -0.1568
vn 0.5565 0.8142 -0.1654
vn 0.7097 0.6844 -0.1674
vn 0.7097 0.6843 -0.1674
vn 0.7906 0.5896 -0.1650
vn 0.8321 0.5303 -0.1628
vn 0.8320 0.5303 -0.1628
vn 0.7906 0.5897 -0.1650
vn 0.9353 0.3209 -0.1489
vn 0.9194 0.3626 -0.1525
vn 0.1940 0.9707 -0.1420
vn 0.3810 0.9112 -0.1566
vn 0.0069 0.9924 -0.1227
vn 0.0070 0.9924 -0.1227
vn 0.3001 0.9419 -0.1508
vn 0.3000 0.9419 -0.1508
vn 0.5720 0.8033 -0.1656
vn 0.5721 0.8033 -0.1656
vn 0.5565 0.8142 -0.1653
vn 0.9868 0.0995 -0.1279
vn 0.9841 0.1208 -0.1303
vn 0.9823 0.1331 -0.1316
vn 0.9823 0.1330 -0.1316
vn 0.9194 0.3627 -0.1525
vn 0.9203 0.3603 -0.1521
vn 0.8285 0.5359 -0.1628
vn 0.7103 0.6837 -0.1671
vn 0.7104 0.6837 -0.1671
vn 0.6578 0.7345 -0.1669
vn 0.4993 0.8510 -0.1627
vn 0.6578 0.7345 -0.1668
vn 0.4488 0.8792 -0.1600
vn 0.2627 0.9535 -0.1475
vn 0.7863 0.5955 -0.1648
vn 0.7499 0.6405 -0.1656
vn 0.7130 0.6813 -0.1656
vn 0.8174 0.5530 -0.1616
vn 0.6434 0.7477 -0.1644
vn 0.5698 0.8052 -0.1644
vn 0.4577 0.8748 -0.1589
vn 0.4578 0.8748 -0.1589
vn 0.6137 0.7719 -0.1659
vn 0.3994 0.9033 -0.1569
vn 0.3994 0.9033 -0.1568
vn 0.3177 0.9359 -0.1520
vn 0.5606 0.8114 -0.1652
vn 0.6136 0.7719 -0.1659
vn 0.3177 0.9360 -0.1520
vn 0.9996 0.0284 -0.0002
vn 0.9946 0.0473 -0.0919
vn 0.9893 0.1458 -0.0039
vn 0.9946 0.0473 -0.0918
vn 0.9789 0.1736 -0.1081
vn 0.9789 0.1736 -0.1082
vn 0.9615 0.2745 -0.0116
vn 0.9351 0.3338 -0.1190
vn 0.9615 0.2745 -0.0117
vn 0.9144 0.4043 -0.0220
vn 0.9144 0.4043 -0.0221
vn 0.8650 0.4849 -0.1290
vn 0.8517 0.5229 -0.0333
vn 0.7837 0.6061 -0.1361
vn 0.7169 0.6952 -0.0529
vn 0.6785 0.7207 -0.1419
vn 0.7169 0.6952 -0.0530
vn 0.6785 0.7208 -0.1419
vn 0.6251 0.7778 -0.0651
vn 0.6394 0.7547 -0.1473
vn 0.6252 0.7778 -0.0651
vn 0.6394 0.7547 -0.1472
vn 0.6011 0.7958 -0.0731
vn 0.6483 0.7457 -0.1540
vn 0.6012 0.7958 -0.0731
vn 0.6363 0.7668 -0.0841
vn 0.6763 0.7175 -0.1665
vn 0.6763 0.7175 -0.1666
vn 0.7074 0.6828 -0.1827
vn 0.7279 0.6272 -0.2769
vn 0.7560 0.5785 -0.3062
vn 0.7542 0.5208 -0.3998
vn 0.7542 0.5209 -0.3998
vn 0.7923 0.4101 -0.4518
vn 0.7379 0.4585 -0.4952
vn 0.7379 0.4586 -0.4952
vn 0.6896 0.2733 -0.6706
vn 0.6895 0.3687 -0.6234
vn 0.6534 0.3234 -0.6845
vn 0.6875 0.4014 -0.6052
vn 0.6534 0.3233 -0.6845
vn 0.6875 0.4014 -0.6051
vn 0.6542 0.3503 -0.6703
vn 0.6822 0.4237 -0.5959
vn 0.6511 0.3682 -0.6637
vn 0.6761 0.4394 -0.5914
vn 0.6466 0.3801 -0.6614
vn 0.6466 0.3802 -0.6614
vn 0.6762 0.4394 -0.5914
vn 0.6749 0.4402 -0.5922
vn 0.6454 0.3793 -0.6630
vn 0.6453 0.3793 -0.6631
vn 0.6902 0.4049 -0.5998
vn 0.6562 0.3464 -0.6704
vn 0.7258 0.3223 -0.6077
vn 0.6832 0.2741 -0.6768
vn 0.7530 0.2512 -0.6082
vn 0.7049 0.2132 -0.6765
vn 0.7792 0.1719 -0.6028
vn 0.7269 0.1460 -0.6710
vn 0.7792 0.1719 -0.6027
vn 0.7279 0.1088 -0.6770
vn 0.6680 0.1212 -0.7342
vn 0.6472 0.0990 -0.7559
vn 0.5953 0.0953 -0.7978
vn 0.5953 0.0954 -0.7978
vn 0.5616 0.0842 -0.8231
vn 0.5953 0.0954 -0.7979
vn 0.5796 0.1394 -0.8029
vn 0.5033 0.1059 -0.8576
vn 0.4930 0.1375 -0.8591
vn 0.4138 0.1009 -0.9048
vn 0.4074 0.1323 -0.9036
vn 0.3264 0.0951 -0.9404
vn 0.3265 0.0951 -0.9404
vn 0.3284 0.1113 -0.9380
vn 0.3284 0.1113 -0.9379
vn 0.2456 0.0804 -0.9660
vn 0.2457 0.0804 -0.9660
vn 0.2487 0.0859 -0.9648
vn 0.1650 0.0643 -0.9842
vn 0.1678 0.0685 -0.9834
vn 0.0835 0.0562 -0.9949
vn 0.0847 0.0592 -0.9946
vn 0.0836 0.0562 -0.9949
vn 0.0855 0.0618 -0.9944
vn 0.1705 0.0729 -0.9827
vn 0.2665 0.0924 -0.9594
vn 0.2544 0.0914 -0.9628
vn 0.3359 0.1170 -0.9346
vn 0.3366 0.1190 -0.9341
vn 0.3367 0.1190 -0.9341
vn 0.4156 0.1548 -0.8963
vn 0.4156 0.1549 -0.8963
vn 0.4143 0.1573 -0.8964
vn 0.4143 0.1573 -0.8965
vn 0.4880 0.2032 -0.8489
vn 0.4850 0.2050 -0.8502
vn 0.4880 0.2032 -0.8488
vn 0.5509 0.2607 -0.7929
vn 0.5508 0.2607 -0.7929
vn 0.5489 0.2571 -0.7954
vn 0.6051 0.3197 -0.7291
vn 0.6052 0.3198 -0.7291
vn 0.6121 0.2898 -0.7357
vn 0.6122 0.2898 -0.7357
vn 0.6051 0.3198 -0.7291
vn 0.9877 0.0580 -0.1454
vn 0.9877 0.0579 -0.1454
vn 0.9625 0.1563 -0.2219
vn 0.9255 0.2992 -0.2324
vn 0.9625 0.1562 -0.2219
vn 0.9014 0.2633 -0.3437
vn 0.8547 0.3846 -0.3487
vn 0.8547 0.3847 -0.3487
vn 0.8244 0.3291 -0.4605
vn 0.8244 0.3291 -0.4606
vn 0.7827 0.4202 -0.4591
vn 0.9589 0.0804 -0.2721
vn 0.9589 0.0803 -0.2721
vn 0.9327 0.1381 -0.3331
vn 0.8612 0.2251 -0.4558
vn 0.8612 0.2251 -0.4557
vn 0.7530 0.2512 -0.6081
vn 0.9017 0.1010 -0.4203
vn 0.8879 0.1186 -0.4445
vn 0.8574 0.1085 -0.5030
vn 0.8574 0.1086 -0.5031
vn 0.7993 0.1119 -0.5904
vn 0.7993 0.1118 -0.5904
vn 0.8574 0.1086 -0.5030
vn 0.4745 0.0672 -0.8777
vn 0.4218 0.0771 -0.9034
vn 0.3306 0.0711 -0.9411
vn 0.2432 0.0667 -0.9677
vn 0.1623 0.0589 -0.9850
vn 0.1624 0.0589 -0.9850
vn 0.0818 0.0517 -0.9953
vn 0.3061 0.0368 -0.9513
vn 0.3368 0.0537 -0.9400
vn 0.3369 0.0537 -0.9400
vn 0.2457 0.0485 -0.9681
vn 0.2458 0.0485 -0.9681
vn 0.1600 0.0472 -0.9860
vn 0.0803 0.0465 -0.9957
vn 0.2505 0.0360 -0.9675
vn 0.1542 0.0189 -0.9879
vn 0.1647 0.0241 -0.9860
vn 0.0811 0.0174 -0.9966
vn 0.0794 0.0244 -0.9965
vn 0.0810 0.0174 -0.9966
vn 0.5053 0.1659 -0.8469
vn 0.5053 0.1659 -0.8468
vn 0.4137 0.1495 -0.8981
vn 0.4890 0.1977 -0.8496
vn 0.5539 0.2559 -0.7923
vn 0.5508 0.2606 -0.7929
vn 0.6067 0.3220 -0.7268
vn 0.5509 0.2607 -0.7928
vn 0.6067 0.3221 -0.7268
vn 0.6066 0.3220 -0.7268
vn 0.6095 0.2789 -0.7421
vn 0.5519 0.2315 -0.8011
vn 0.5519 0.2314 -0.8011
vn 0.4862 0.1879 -0.8534
vn 0.5550 0.2466 -0.7945
vn 0.5550 0.2466 -0.7944
vn 0.8058 0.4563 -0.3774
vn 0.7430 0.6363 -0.2074
vn 0.7094 0.6964 -0.1085
vn 0.8098 0.5024 -0.3030
vn 0.8048 0.5473 -0.2298
vn 0.8048 0.5472 -0.2298
vn 0.8675 0.4362 -0.2390
vn 0.8676 0.4362 -0.2390
vn 0.7998 0.5499 -0.2408
vn 0.7997 0.5499 -0.2408
vn 0.7836 0.6061 -0.1361
vn 0.7093 0.6634 -0.2383
vn 0.6735 0.6995 -0.2388
vn 0.6800 0.6911 -0.2449
vn 0.7028 0.6628 -0.2584
vn 0.6483 0.7456 -0.1540
vn 0.7279 0.6273 -0.2769
vn 0.9255 0.2992 -0.2323
vn 0.8003 0.4884 -0.3479
vn 0.8003 0.4884 -0.3478
vn 0.7263 0.5972 -0.3404
vn 0.7263 0.5972 -0.3403
vn 0.6953 0.6349 -0.3368
vn 0.6994 0.6281 -0.3410
vn 0.7164 0.6018 -0.3531
vn 0.7349 0.5680 -0.3707
vn 0.7259 0.5203 -0.4499
vn 0.7259 0.5203 -0.4498
vn 0.7012 0.5582 -0.4435
vn 0.7035 0.5537 -0.4455
vn 0.7150 0.5311 -0.4547
vn 0.7270 0.5011 -0.4694
vn 0.6749 0.4403 -0.5922
vn 0.7013 0.5582 -0.4435
vn 0.6822 0.4236 -0.5959
vn 0.6895 0.3688 -0.6234
vn 0.6895 0.3687 -0.6235
vn 0.6542 0.3503 -0.6704
vn 0.6120 0.3000 -0.7318
vn 0.6102 0.3137 -0.7275
vn 0.6511 0.3682 -0.6638
vn 0.6101 0.3137 -0.7275
vn 0.6453 0.3793 -0.6630
vn 0.6322 0.2280 -0.7405
vn 0.6493 0.1769 -0.7396
vn 0.6322 0.2279 -0.7405
vn 0.5664 0.1802 -0.8042
vn 0.5664 0.1801 -0.8042
vn 0.6493 0.1769 -0.7397
vn 0.5797 0.1394 -0.8029
vn 0.5525 0.2308 -0.8009
vn 0.4825 0.2005 -0.8527
vn 0.4111 0.1566 -0.8981
vn 0.4849 0.2049 -0.8502
vn 0.4111 0.1566 -0.8980
vn 0.3349 0.1191 -0.9347
vn 0.3350 0.1191 -0.9347
vn 0.2541 0.0909 -0.9629
vn 0.2543 0.0914 -0.9628
vn 0.1706 0.0729 -0.9826
vn 0.4835 0.1778 -0.8571
vn 0.4136 0.1494 -0.8981
vn 0.5525 0.2308 -0.8010
vn 0.4082 0.1515 -0.9002
vn 0.3315 0.1167 -0.9362
vn 0.3316 0.1167 -0.9362
vn 0.2521 0.0894 -0.9636
vn 0.2521 0.0894 -0.9635
vn 0.1697 0.0710 -0.9829
vn 0.2488 0.0859 -0.9648
vn 0.2505 0.0360 -0.9674
vn 0.1614 0.0331 -0.9863
vn 0.1601 0.0472 -0.9860
vn 0.1615 0.0331 -0.9863
vn 0.0788 0.0360 -0.9962
vn 0.1614 0.0332 -0.9863
vn 0.0794 0.0245 -0.9965
vn 0.1170 -0.1777 -0.9771
vn 0.1171 -0.1777 -0.9771
vn 0.2312 -0.1814 -0.9558
vn 0.2313 -0.1815 -0.9558
vn 0.2434 0.0151 -0.9698
vn 0.2435 0.0150 -0.9698
vn 0.3580 0.0087 -0.9337
vn 0.3062 0.0368 -0.9513
vn 0.3061 0.0367 -0.9513
vn 0.3581 0.0087 -0.9337
vn 0.3402 -0.1875 -0.9215
vn 0.3401 -0.1875 -0.9215
vn 0.3074 -0.3844 -0.8705
vn 0.2089 -0.3789 -0.9015
vn 0.2603 -0.5687 -0.7803
vn 0.2603 -0.5687 -0.7802
vn 0.1770 -0.5641 -0.8065
vn 0.1770 -0.5640 -0.8065
vn 0.2017 -0.7280 -0.6552
vn 0.1371 -0.7245 -0.6755
vn 0.1356 -0.8526 -0.5046
vn 0.1371 -0.7244 -0.6756
vn 0.0922 -0.8502 -0.5183
vn 0.0669 -0.9380 -0.3401
vn 0.0455 -0.9368 -0.3468
vn -0.0001 -0.9849 -0.1733
vn 0.0002 -0.9846 -0.1746
vn 0.5611 -0.0100 -0.8277
vn 0.4642 0.0002 -0.8857
vn 0.4643 0.0002 -0.8857
vn 0.4411 -0.1956 -0.8759
vn 0.4411 -0.1955 -0.8759
vn 0.3985 -0.3916 -0.8293
vn 0.3073 -0.3844 -0.8705
vn 0.3376 -0.5748 -0.7454
vn 0.2604 -0.5687 -0.7803
vn 0.2615 -0.7328 -0.6282
vn 0.2017 -0.7281 -0.6552
vn 0.1759 -0.8558 -0.4864
vn 0.0867 -0.9396 -0.3311
vn 0.6490 -0.0219 -0.7605
vn 0.6166 -0.2165 -0.7569
vn 0.6918 -0.2292 -0.6847
vn 0.6251 -0.4221 -0.6566
vn 0.6853 -0.4349 -0.5841
vn 0.5805 -0.6114 -0.5377
vn 0.5806 -0.6114 -0.5377
vn 0.6316 -0.6255 -0.4581
vn 0.6316 -0.6255 -0.4582
vn 0.4893 -0.7721 -0.4056
vn 0.4893 -0.7720 -0.4056
vn 0.5205 -0.7839 -0.3387
vn 0.5205 -0.7838 -0.3387
vn 0.3500 -0.8901 -0.2918
vn 0.3500 -0.8902 -0.2918
vn 0.3649 -0.8987 -0.2433
vn 0.1799 -0.9607 -0.2112
vn 0.1839 -0.9651 -0.1865
vn -0.0007 -0.9848 -0.1737
vn 0.1838 -0.9651 -0.1865
vn 0.2001 -0.9649 -0.1702
vn 0.3729 -0.9075 -0.1931
vn 0.3917 -0.9061 -0.1600
vn 0.3918 -0.9061 -0.1600
vn 0.3729 -0.9076 -0.1931
vn 0.5545 -0.8097 -0.1920
vn 0.5671 -0.8110 -0.1435
vn 0.7158 -0.6741 -0.1823
vn 0.7157 -0.6741 -0.1823
vn 0.7193 -0.6840 -0.1214
vn 0.8450 -0.5088 -0.1646
vn 0.8426 -0.5302 -0.0947
vn 0.9320 -0.3567 -0.0650
vn 0.9320 -0.3566 -0.0650
vn 0.8450 -0.5088 -0.1647
vn 0.9352 -0.3253 -0.1403
vn 0.9846 -0.1714 -0.0339
vn 0.9844 -0.1363 -0.1113
vn 0.9998 0.0202 -0.0016
vn 0.9947 0.0473 -0.0918
vn 0.9632 -0.1130 -0.2437
vn 0.9877 0.0579 -0.1455
vn 0.9632 -0.1130 -0.2438
vn 0.9239 -0.0904 -0.3718
vn 0.9589 0.0803 -0.2720
vn 0.8686 -0.0694 -0.4906
vn 0.8686 -0.0694 -0.4907
vn 0.7984 -0.0501 -0.6000
vn 0.8574 0.1085 -0.5031
vn 0.7282 -0.0352 -0.6844
vn 0.6490 -0.0218 -0.7605
vn 0.1726 -0.9565 -0.2351
vn 0.1725 -0.9565 -0.2351
vn 0.3290 -0.8822 -0.3368
vn 0.4498 -0.7612 -0.4672
vn 0.5295 -0.6006 -0.5991
vn 0.5806 -0.6115 -0.5377
vn 0.5571 -0.4106 -0.7219
vn 0.5571 -0.4106 -0.7218
vn 0.5331 -0.2053 -0.8208
vn 0.4642 0.0003 -0.8857
vn 0.1623 -0.9526 -0.2573
vn -0.0002 -0.9848 -0.1735
vn 0.1491 -0.9490 -0.2778
vn -0.0001 -0.9848 -0.1735
vn -0.0005 -0.9849 -0.1732
vn 0.1360 -0.9462 -0.2936
vn 0.1212 -0.9437 -0.3077
vn 0.1048 -0.9415 -0.3203
vn 0.0230 -0.9361 -0.3510
vn 0.0694 -0.7223 -0.6881
vn 0.0694 -0.7222 -0.6882
vn 0.0467 -0.8487 -0.5268
vn 0.0896 -0.5612 -0.8228
vn -0.0000 -0.3330 -0.9429
vn 0.1058 -0.3755 -0.9208
vn 0.2312 -0.1815 -0.9558
vn 0.3985 -0.3916 -0.8294
vn 0.4817 -0.4004 -0.7795
vn 0.4816 -0.4004 -0.7795
vn 0.4080 -0.5823 -0.7032
vn 0.4719 -0.5909 -0.6543
vn 0.3376 -0.5749 -0.7454
vn 0.3161 -0.7386 -0.5955
vn 0.3656 -0.7452 -0.5577
vn 0.3656 -0.7452 -0.5576
vn 0.3656 -0.7453 -0.5576
vn 0.4102 -0.7528 -0.5148
vn 0.2126 -0.8597 -0.4645
vn 0.2459 -0.8642 -0.4390
vn 0.2759 -0.8693 -0.4102
vn 0.3024 -0.8749 -0.3782
vn 0.4498 -0.7612 -0.4673
vn 0.2126 -0.8597 -0.4644
vn 0.1360 -0.9462 -0.2935
vn 0.2758 -0.8693 -0.4102
vn 0.1491 -0.9490 -0.2777
vn 0.1622 -0.9526 -0.2573
vn 0.6918 -0.2293 -0.6847
vn 0.7585 -0.2434 -0.6045
vn 0.7456 -0.4514 -0.4902
vn 0.6718 -0.6407 -0.3717
vn 0.5426 -0.7966 -0.2665
vn 0.8251 -0.2617 -0.5006
vn 0.8252 -0.2617 -0.5006
vn 0.7930 -0.4694 -0.3882
vn 0.7004 -0.6571 -0.2786
vn 0.8777 -0.2817 -0.3877
vn 0.7931 -0.4694 -0.3882
vn 0.8268 -0.4888 -0.2783
vn 0.9151 -0.3031 -0.2661
vn 0.9151 -0.3030 -0.2661
vn 0.9632 -0.1129 -0.2437
vn 0.3128 -0.9497 0.0125
vn 0.1846 -0.9828 0.0074
vn -0.0001 -1.0000 -0.0000
vn 0.0002 -1.0000 -0.0000
vn 0.3737 -0.9274 0.0149
vn 0.5554 -0.8313 0.0221
vn 0.3927 -0.9195 0.0156
vn 0.5681 -0.8226 0.0226
vn 0.0007 -1.0000 -0.0000
vn 0.2012 -0.9795 0.0080
vn 0.7168 -0.6967 0.0285
vn 0.7203 -0.6931 0.0287
vn 0.8432 -0.5365 0.0336
vn 0.7168 -0.6967 0.0286
vn 0.8479 -0.5291 0.0338
vn 0.9330 -0.3580 0.0372
vn 0.9389 -0.3421 0.0374
vn 0.9858 -0.1630 0.0393
vn 0.9389 -0.3422 0.0374
vn 0.9858 -0.1631 0.0392
vn 0.9880 -0.1490 0.0394
vn 0.9880 -0.1491 0.0394
vn 0.9985 0.0380 0.0398
vn 0.9554 -0.2927 0.0381
vn 0.9554 -0.2927 0.0382
vn 0.8158 -0.5774 0.0326
vn 0.5942 -0.8040 0.0237
vn 0.5554 -0.8313 0.0222
vn 0.3066 -0.2053 0.9294
vn 0.1788 -0.3706 0.9114
vn -0.0000 -0.5194 0.8546
vn 0.1843 -0.5369 0.8233
vn 0.1842 -0.5369 0.8233
vn 0.1820 -0.6843 0.7061
vn 0.1763 -0.8068 0.5640
vn 0.3660 -0.7553 0.5436
vn 0.3660 -0.7553 0.5437
vn 0.3612 -0.8470 0.3900
vn 0.5444 -0.7571 0.3611
vn 0.5452 -0.8350 0.0735
vn 0.7086 -0.7019 0.0721
vn 0.5452 -0.8351 0.0735
vn 0.5942 -0.8040 0.0238
vn -0.0000 -0.9139 0.4060
vn 0.1710 -0.8994 0.4022
vn 0.1763 -0.8067 0.5640
vn 0.1710 -0.8995 0.4021
vn 0.3620 -0.9294 0.0717
vn 0.3129 -0.9497 0.0126
vn 0.5453 -0.8350 0.0735
vn 0.3128 -0.9497 0.0126
vn -0.0000 -0.9758 0.2186
vn 0.1711 -0.8994 0.4022
vn 0.1718 -0.9828 0.0672
vn 0.1718 -0.9829 0.0671
vn 0.1718 -0.9828 0.0671
vn 0.9334 -0.3538 0.0601
vn 0.8405 -0.5376 0.0675
vn 0.8158 -0.5773 0.0326
vn 0.7078 -0.6320 0.3156
vn 0.5486 -0.6702 0.4998
vn 0.3711 -0.6339 0.6786
vn 0.9853 -0.1634 0.0506
vn 0.9847 -0.1326 0.1133
vn 0.9848 -0.0977 0.1433
vn 0.9848 -0.0977 0.1434
vn 0.9842 -0.0503 0.1696
vn 0.9816 0.0087 0.1908
vn 0.9326 -0.1040 0.3455
vn 0.9259 -0.0060 0.3778
vn 0.8357 -0.0936 0.5412
vn 0.8001 -0.0103 0.5997
vn 0.8002 -0.0103 0.5997
vn 0.7068 -0.1790 0.6843
vn 0.7069 -0.1790 0.6843
vn 0.5825 -0.1135 0.8048
vn 0.5825 -0.1135 0.8049
vn 0.5466 -0.2565 0.7972
vn 0.3663 -0.3213 0.8733
vn 0.3726 -0.4873 0.7898
vn 0.9754 0.0782 0.2062
vn 0.9377 0.0939 0.3346
vn 0.5535 -0.4153 0.7220
vn 0.5528 -0.5549 0.6217
vn 0.7140 -0.3234 0.6210
vn 0.7142 -0.4499 0.5362
vn 0.5535 -0.4153 0.7219
vn 0.7111 -0.5538 0.4331
vn 0.5486 -0.6702 0.4999
vn 0.8428 -0.2172 0.4924
vn 0.7068 -0.1790 0.6844
vn 0.8428 -0.2173 0.4924
vn 0.8439 -0.3248 0.4269
vn 0.7142 -0.4498 0.5362
vn 0.8421 -0.4128 0.3472
vn 0.8420 -0.4128 0.3472
vn 0.8397 -0.4788 0.2562
vn 0.8405 -0.5377 0.0675
vn 0.9346 -0.1885 0.3017
vn 0.9327 -0.1040 0.3455
vn 0.9340 -0.2572 0.2482
vn 0.9327 -0.3083 0.1870
vn 0.9327 -0.3084 0.1871
vn 0.9339 -0.2572 0.2482
vn 0.9327 -0.3084 0.1870
vn 0.2387 -0.9370 0.2551
vn 0.2387 -0.9370 0.2552
vn 0.2388 -0.9370 0.2551
vn 0.2379 -0.8961 0.3748
vn 0.2351 -0.8391 0.4905
vn 0.2299 -0.7673 0.5987
vn -0.0000 -0.8670 0.4983
vn 0.2220 -0.6838 0.6951
vn 0.2220 -0.6838 0.6950
vn 0.2082 -0.5079 0.8359
vn 0.2188 -0.3526 0.9098
vn 0.2277 -0.2893 0.9298
vn 0.4406 -0.1957 0.8761
vn 0.4406 -0.1958 0.8761
vn 0.4235 -0.2348 0.8750
vn 0.4030 -0.3698 0.8372
vn 0.4029 -0.3698 0.8372
vn 0.4296 -0.5663 0.7033
vn 0.4297 -0.5663 0.7033
vn 0.2299 -0.7672 0.5987
vn 0.4449 -0.6636 0.6014
vn 0.4450 -0.6636 0.6013
vn 0.2352 -0.8391 0.4905
vn 0.4551 -0.7465 0.4854
vn 0.4604 -0.8104 0.3623
vn 0.2388 -0.9370 0.2552
vn 0.4621 -0.8546 0.2369
vn 0.3282 -0.9248 0.1923
vn 0.4621 -0.8546 0.2368
vn 0.6824 -0.7031 0.1999
vn 0.8425 -0.5166 0.1526
vn 0.8433 -0.5279 0.1010
vn 0.9478 -0.3035 0.0973
vn 0.9479 -0.3035 0.0973
vn 0.9982 -0.0519 0.0307
vn 0.9764 0.2122 -0.0405
vn 0.9727 0.2320 0.0015
vn 0.8947 0.4362 -0.0962
vn 0.9617 0.2698 0.0493
vn 0.9402 0.3264 0.0974
vn 0.9402 0.3264 0.0973
vn 0.8216 0.5670 -0.0587
vn 0.9402 0.3265 0.0974
vn 0.9079 0.3969 0.1350
vn 0.8062 0.5900 -0.0437
vn 0.8515 0.5091 0.1259
vn 0.8013 0.5976 -0.0293
vn 0.8013 0.5976 -0.0294
vn 0.8514 0.5091 0.1259
vn 0.8470 0.5315 0.0046
vn 0.8705 0.3485 0.3476
vn 0.9147 0.3307 0.2322
vn 0.8265 0.1684 0.5371
vn 0.8686 0.1953 0.4554
vn 0.7347 -0.0082 0.6784
vn 0.7721 0.0583 0.6328
vn 0.5951 -0.1886 0.7812
vn 0.6254 -0.0856 0.7756
vn 0.6508 -0.0767 0.7554
vn 0.6507 -0.0767 0.7554
vn 0.8034 0.0388 0.5942
vn 0.9038 0.1491 0.4011
vn 0.9518 0.2587 0.1645
vn 0.9038 0.1492 0.4011
vn 0.9518 0.2588 0.1646
vn 0.9518 0.2588 0.1645
vn 0.9518 0.2587 0.1646
vn 0.6799 -0.6582 0.3234
vn 0.6722 -0.5907 0.4464
vn 0.6571 -0.5012 0.5630
vn 0.4449 -0.6636 0.6013
vn 0.6571 -0.5011 0.5630
vn 0.6346 -0.3949 0.6644
vn 0.6345 -0.3949 0.6644
vn 0.4296 -0.5664 0.7033
vn 0.8393 -0.4740 0.2662
vn 0.8298 -0.4077 0.3811
vn 0.8113 -0.3177 0.4908
vn 0.6571 -0.5012 0.5631
vn 0.7834 -0.2101 0.5850
vn 0.7347 -0.0082 0.6783
vn 0.9443 -0.2657 0.1943
vn 0.9336 -0.2045 0.2944
vn 0.9127 -0.1195 0.3907
vn 0.9127 -0.1196 0.3908
vn 0.8813 -0.0170 0.4722
vn 0.8813 -0.0171 0.4722
vn 0.9727 0.2321 0.0014
vn 0.9944 -0.0219 0.1033
vn 0.9944 -0.0218 0.1033
vn 0.9831 0.0297 0.1805
vn 0.9612 0.1034 0.2559
vn 0.9612 0.1034 0.2558
vn 0.9127 -0.1196 0.3907
vn 0.9281 0.1935 0.3181
vn 0.9127 -0.1195 0.3908
vn 0.8266 0.1684 0.5371
vn 0.9727 0.2321 0.0015
vn 0.9079 0.3969 0.1351
vn 0.8704 0.3485 0.3476
vn 0.9038 0.1491 0.4010
vn -0.0000 1.0000 -0.0000
vn 0.2173 0.9761 -0.0000
vn 0.2172 0.9761 -0.0000
vn 0.3420 0.9397 -0.0000
vn 0.4270 0.9043 -0.0000
vn 0.4269 0.9043 -0.0000
vn 0.6428 0.7660 -0.0000
vn 0.6105 0.7920 -0.0000
vn 0.7568 0.6536 -0.0000
vn 0.8660 0.5000 -0.0000
vn 0.8714 0.4905 -0.0000
vn 0.9502 0.3116 -0.0000
vn 0.8660 0.5001 0.0018
vn 0.9848 0.1737 -0.0000
vn 0.9502 0.3117 -0.0000
vn 0.9848 0.1736 -0.0000
vn 0.9989 -0.0468 -0.0000
vn 0.9848 0.1737 0.0004
vn 0.9848 -0.1736 -0.0000
vn 0.9848 -0.1737 -0.0000
vn 0.9204 -0.3911 -0.0000
vn 0.9204 -0.3910 -0.0000
vn 0.9848 -0.1737 -0.0001
vn 0.8660 -0.5000 -0.0000
vn 0.7233 -0.6906 -0.0000
vn 0.7232 -0.6906 -0.0000
vn 0.8660 -0.5000 0.0003
vn 0.6428 -0.7661 -0.0000
vn 0.6428 -0.7660 -0.0000
vn 0.5856 -0.8106 -0.0000
vn 0.6428 -0.7661 0.0005
vn 0.3420 -0.9397 -0.0000
vn 0.4132 -0.9107 -0.0000
vn 0.4132 -0.9106 -0.0000
vn 0.2132 -0.9770 -0.0000
vn -0.0000 -0.0349 -0.9994
vn -0.0000 -0.0348 -0.9994
vn 0.0001 -0.0347 -0.9994
vn -0.0000 -0.0350 -0.9994
vn 0.0001 -0.0351 -0.9994
vn -0.0000 -0.0351 -0.9994
vn -0.0000 -0.0347 -0.9994
vn 0.0001 -0.0348 -0.9994
vn 0.0001 -0.0350 -0.9994
vn -0.9992 -0.0077 -0.0400
vn -0.9871 -0.1557 -0.0366
vn -0.9992 -0.0000 -0.0400
vn -0.9863 -0.1610 -0.0361
vn -0.9857 -0.1646 -0.0357
vn -0.9851 -0.1683 -0.0353
vn -0.9347 -0.3548 -0.0226
vn -0.9851 -0.1684 -0.0353
vn -0.9321 -0.3617 -0.0212
vn -0.8451 -0.5346 -0.0030
vn -0.8451 -0.5347 -0.0030
vn -0.8401 -0.5424 -0.0007
vn -0.7434 -0.6686 0.0181
vn -0.7369 -0.6756 0.0208
vn -0.7370 -0.6756 0.0207
vn -0.6729 -0.7389 0.0354
vn -0.7369 -0.6757 0.0208
vn -0.6657 -0.7453 0.0375
vn -0.6353 -0.7706 0.0510
vn -0.6352 -0.7706 0.0510
vn -0.6270 -0.7773 0.0521
vn -0.6610 -0.7458 0.0826
vn -0.6270 -0.7772 0.0521
vn -0.6502 -0.7554 0.0812
vn -0.7459 -0.6560 0.1157
vn -0.7347 -0.6689 0.1133
vn -0.7929 -0.5941 0.1356
vn -0.7929 -0.5941 0.1355
vn -0.7826 -0.6080 0.1339
vn -0.7825 -0.6080 0.1339
vn -0.8296 -0.5357 0.1573
vn -0.8113 -0.5631 0.1574
vn -0.9879 -0.1508 -0.0371
vn -0.9987 -0.0308 -0.0396
vn -0.9987 -0.0309 -0.0399
vn -0.9821 -0.1851 -0.0359
vn -0.9445 -0.3274 -0.0276
vn -0.9445 -0.3273 -0.0276
vn -0.9227 -0.3849 -0.0237
vn -0.9227 -0.3848 -0.0237
vn -0.8664 -0.4992 -0.0115
vn -0.8750 -0.4839 -0.0137
vn -0.8664 -0.4993 -0.0115
vn -0.7894 -0.6138 0.0062
vn -0.8256 -0.5642 -0.0019
vn -0.7499 -0.6611 0.0246
vn -0.7596 -0.6499 0.0263
vn -0.7236 -0.6886 0.0461
vn -0.7596 -0.6499 0.0262
vn -0.7626 -0.6441 0.0595
vn -0.7563 -0.6480 0.0904
vn -0.7626 -0.6441 0.0594
vn -0.7888 -0.6077 0.0921
vn -0.8502 -0.5112 0.1260
vn -0.8501 -0.5113 0.1259
vn -0.8152 -0.5715 0.0939
vn -0.8501 -0.5113 0.1260
vn -0.8152 -0.5714 0.0939
vn -0.8719 -0.4732 0.1261
vn -0.8152 -0.5714 0.0940
vn -0.8799 -0.4585 0.1247
vn -0.8799 -0.4586 0.1247
vn -0.8963 -0.4208 0.1397
vn -0.8963 -0.4208 0.1396
vn -0.9074 -0.3972 0.1374
vn -0.9057 -0.4004 0.1390
vn -0.9074 -0.3973 0.1374
vn -0.9293 -0.3383 0.1481
vn -0.9197 -0.3630 0.1498
vn -0.8750 -0.4839 -0.0138
vn -0.9197 -0.3629 0.1498
vn -0.9096 -0.3869 0.1513
vn -0.8795 -0.4548 0.1404
vn -0.8795 -0.4548 0.1403
vn -0.8991 -0.4103 0.1527
vn -0.8847 -0.4420 0.1481
vn -0.8789 -0.4539 0.1465
vn -0.8610 -0.4889 0.1405
vn -0.8266 -0.5487 0.1250
vn -0.8098 -0.5735 0.1239
vn -0.8267 -0.5486 0.1250
vn -0.7341 -0.6732 0.0890
vn -0.7124 -0.6963 0.0875
vn -0.7124 -0.6962 0.0875
vn -0.6799 -0.7318 0.0471
vn -0.6609 -0.7489 0.0483
vn -0.6610 -0.7489 0.0483
vn -0.6953 -0.7181 0.0302
vn -0.6810 -0.7316 0.0332
vn -0.6810 -0.7315 0.0332
vn -0.7503 -0.6609 0.0155
vn -0.7503 -0.6610 0.0155
vn -0.8765 -0.4589 0.1458
vn -0.8610 -0.4888 0.1405
vn -0.8745 -0.4627 0.1454
vn -0.8431 -0.5191 0.1404
vn -0.8474 -0.5120 0.1403
vn -0.8059 -0.5767 0.1337
vn -0.8475 -0.5120 0.1403
vn -0.7925 -0.5975 0.1224
vn -0.7749 -0.6205 0.1204
vn -0.6918 -0.7170 0.0858
vn -0.6725 -0.7353 0.0840
vn -0.6917 -0.7170 0.0858
vn -0.6445 -0.7630 0.0499
vn -0.6445 -0.7630 0.0498
vn -0.8044 -0.5789 0.1335
vn -0.7749 -0.6206 0.1203
vn -0.8039 -0.5796 0.1337
vn -0.7749 -0.6205 0.1203
vn -0.7572 -0.6425 0.1177
vn -0.8055 -0.5770 0.1348
vn -0.8030 -0.5800 0.1369
vn -0.8101 -0.5701 0.1370
vn -0.8165 -0.5601 0.1398
vn -0.8442 -0.5125 0.1570
vn -0.8346 -0.5308 0.1474
vn -0.8566 -0.4917 0.1564
vn -0.8031 -0.5800 0.1369
vn -0.7616 -0.6351 0.1293
vn -0.7867 -0.5972 0.1564
vn -0.7502 -0.6490 0.1261
vn -0.7503 -0.6490 0.1261
vn -0.7295 -0.6739 0.1167
vn -0.7016 -0.7050 0.1035
vn -0.7016 -0.7050 0.1034
vn -0.6768 -0.7302 0.0934
vn -0.6355 -0.7679 0.0796
vn -0.6356 -0.7679 0.0796
vn -0.6226 -0.7788 0.0757
vn -0.6356 -0.7679 0.0797
vn -0.6067 -0.7918 0.0704
vn -0.6083 -0.7918 0.0555
vn -0.6083 -0.7918 0.0556
vn -0.6031 -0.7956 0.0571
vn -0.6031 -0.7956 0.0570
vn -0.6318 -0.7736 0.0491
vn -0.6483 -0.7601 0.0442
vn -0.6764 -0.7355 0.0396
vn -0.7199 -0.6935 0.0290
vn -0.7309 -0.6819 0.0285
vn -0.8249 -0.5652 0.0069
vn -0.7309 -0.6818 0.0285
vn -0.8730 -0.4877 -0.0030
vn -0.8730 -0.4877 -0.0029
vn -0.9232 -0.3839 -0.0165
vn -0.9325 -0.3606 -0.0183
vn -0.9725 -0.2308 -0.0303
vn -0.9232 -0.3838 -0.0165
vn -0.9725 -0.2309 -0.0303
vn -0.9828 -0.1815 -0.0339
vn -0.9934 -0.1088 -0.0376
vn -0.9992 0.0002 -0.0404
vn -0.9992 -0.0001 -0.0400
vn -0.9837 -0.1766 -0.0344
vn -0.7125 -0.6962 0.0875
vn -0.7620 -0.6474 0.0118
vn -0.7117 -0.7019 0.0277
vn -0.7751 -0.6317 0.0087
vn -0.7300 -0.6829 0.0259
vn -0.7301 -0.6829 0.0259
vn -0.7751 -0.6318 0.0087
vn -0.8581 -0.5135 -0.0087
vn -0.8581 -0.5134 -0.0087
vn -0.8501 -0.5266 -0.0054
vn -0.9372 -0.3481 -0.0240
vn -0.9409 -0.3378 -0.0260
vn -0.9409 -0.3378 -0.0259
vn -0.9871 -0.1558 -0.0366
vn -0.9409 -0.3377 -0.0259
vn -0.7010 -0.7117 0.0464
vn -0.7562 -0.6480 0.0904
vn -0.8267 -0.5487 0.1250
vn -0.8502 -0.5112 0.1259
vn -0.8795 -0.4547 0.1404
vn -0.8502 -0.5113 0.1259
vn -0.7236 -0.6886 0.0460
vn -0.7236 -0.6887 0.0461
vn -0.7010 -0.7116 0.0464
vn -0.7128 -0.6931 0.1074
vn -0.7615 -0.6351 0.1293
vn -0.7346 -0.6689 0.1133
vn -0.6313 -0.7717 0.0778
vn -0.6226 -0.7789 0.0757
vn -0.6271 -0.7772 0.0521
vn -0.6137 -0.7877 0.0544
vn -0.6313 -0.7716 0.0778
vn -0.6535 -0.7558 0.0418
vn -0.6137 -0.7876 0.0544
vn -0.7369 -0.6756 0.0207
vn -0.7254 -0.6879 0.0261
vn -0.6535 -0.7558 0.0419
vn -0.7253 -0.6879 0.0261
vn -0.8401 -0.5425 -0.0007
vn -0.8302 -0.5575 0.0042
vn -0.8302 -0.5575 0.0043
vn -0.9837 -0.1767 -0.0344
vn -0.9265 -0.3759 -0.0182
vn -0.9265 -0.3760 -0.0182
vn -0.0697 -0.0113 0.9975
vn -0.0862 -0.0184 0.9961
vn -0.0846 -0.0258 0.9961
vn -0.0840 -0.0333 0.9959
vn -0.0845 -0.0414 0.9956
vn -0.1715 -0.0549 0.9836
vn -0.1739 -0.0627 0.9828
vn -0.1715 -0.0549 0.9837
vn -0.2628 -0.0873 0.9609
vn -0.2629 -0.0873 0.9609
vn -0.2694 -0.0952 0.9583
vn -0.3569 -0.1283 0.9253
vn -0.3569 -0.1284 0.9253
vn -0.3565 -0.1247 0.9259
vn -0.4089 -0.1470 0.9006
vn -0.4090 -0.1471 0.9006
vn -0.2785 -0.0967 0.9556
vn -0.4590 -0.1722 0.8716
vn -0.5536 -0.2057 0.8070
vn -0.5061 -0.1998 0.8390
vn -0.5500 -0.2296 0.8030
vn -0.5531 -0.2519 0.7941
vn -0.6265 -0.2941 0.7218
vn -0.6274 -0.3290 0.7057
vn -0.6274 -0.3291 0.7057
vn -0.6857 -0.3621 0.6314
vn -0.6275 -0.3291 0.7057
vn -0.6811 -0.4107 0.6062
vn -0.7270 -0.4301 0.5353
vn -0.7126 -0.4914 0.5007
vn -0.7506 -0.4958 0.4368
vn -0.7232 -0.5662 0.3955
vn -0.7506 -0.4957 0.4368
vn -0.7232 -0.5661 0.3955
vn -0.7584 -0.5564 0.3396
vn -0.7581 -0.5568 0.3394
vn -0.7164 -0.6321 0.2953
vn -0.7511 -0.6132 0.2445
vn -0.7164 -0.6322 0.2953
vn -0.6966 -0.6879 0.2039
vn -0.6965 -0.6879 0.2039
vn -0.6767 -0.7303 0.0935
vn -0.6353 -0.7681 0.0799
vn -0.6139 -0.7851 0.0819
vn -0.6140 -0.7851 0.0819
vn -0.6532 -0.7354 0.1802
vn -0.6656 -0.7253 0.1760
vn -0.6945 -0.6669 0.2701
vn -0.7361 -0.6193 0.2731
vn -0.7441 -0.5470 0.3835
vn -0.7897 -0.4745 0.3890
vn -0.7897 -0.4744 0.3890
vn -0.7652 -0.4013 0.5034
vn -0.8028 -0.3164 0.5053
vn -0.8028 -0.3164 0.5054
vn -0.7450 -0.2551 0.6163
vn -0.7450 -0.2551 0.6164
vn -0.7666 -0.1915 0.6129
vn -0.6849 -0.1475 0.7136
vn -0.7667 -0.1915 0.6129
vn -0.7013 -0.0970 0.7063
vn -0.5890 -0.1074 0.8010
vn -0.7013 -0.0971 0.7062
vn -0.5890 -0.1075 0.8010
vn -0.5454 -0.0662 0.8356
vn -0.5360 -0.0891 0.8395
vn -0.5453 -0.0662 0.8356
vn -0.4812 -0.0726 0.8736
vn -0.4715 -0.0976 0.8765
vn -0.4246 -0.0581 0.9035
vn -0.4160 -0.0783 0.9060
vn -0.4159 -0.0783 0.9060
vn -0.3661 -0.0453 0.9295
vn -0.3586 -0.0615 0.9315
vn -0.3585 -0.0615 0.9315
vn -0.2728 -0.0294 0.9616
vn -0.2727 -0.0294 0.9616
vn -0.2668 -0.0405 0.9629
vn -0.1796 -0.0188 0.9836
vn -0.1754 -0.0264 0.9841
vn -0.1537 -0.0154 0.9880
vn -0.1537 -0.0153 0.9880
vn -0.0884 -0.0129 0.9960
vn -0.2504 -0.0236 0.9679
vn -0.3543 -0.0365 0.9344
vn -0.7069 -0.0857 0.7021
vn -0.7862 -0.1257 0.6051
vn -0.7666 -0.1914 0.6129
vn -0.8314 -0.2376 0.5024
vn -0.8401 -0.3761 0.3909
vn -0.7937 -0.5421 0.2761
vn -0.7937 -0.5421 0.2760
vn -0.7366 -0.6190 0.2724
vn -0.7134 -0.6787 0.1748
vn -0.7133 -0.6787 0.1748
vn -0.7134 -0.6786 0.1748
vn -0.6390 -0.7667 0.0624
vn -0.6059 -0.7932 0.0618
vn -0.8372 -0.0852 0.5402
vn -0.8372 -0.0853 0.5402
vn -0.8550 -0.1554 0.4948
vn -0.8550 -0.1554 0.4949
vn -0.8314 -0.2375 0.5024
vn -0.8772 -0.2827 0.3880
vn -0.8773 -0.2827 0.3879
vn -0.8581 -0.4330 0.2759
vn -0.7814 -0.5996 0.1731
vn -0.6869 -0.7245 0.0581
vn -0.9249 -0.0886 0.3698
vn -0.9327 -0.0652 0.3546
vn -0.9616 -0.1016 0.2549
vn -0.9616 -0.1016 0.2548
vn -0.9666 -0.0490 0.2516
vn -0.9880 -0.0304 0.1517
vn -0.9830 -0.1127 0.1449
vn -0.9830 -0.1127 0.1448
vn -0.9976 -0.0136 0.0673
vn -0.9945 -0.1044 0.0032
vn -1.0000 -0.0001 0.0006
vn -0.9751 -0.2215 0.0092
vn -0.9593 -0.2370 0.1536
vn -0.9407 -0.2123 0.2645
vn -0.9062 -0.1844 0.3806
vn -0.8772 -0.2827 0.3879
vn -0.9377 -0.3470 0.0187
vn -0.9377 -0.3470 0.0186
vn -0.9168 -0.3650 0.1622
vn -0.9053 -0.3262 0.2720
vn -0.9061 -0.1844 0.3806
vn -0.9053 -0.3262 0.2721
vn -0.8809 -0.4723 0.0296
vn -0.9168 -0.3650 0.1621
vn -0.8592 -0.4830 0.1686
vn -0.8592 -0.4831 0.1686
vn -0.7411 -0.6696 0.0494
vn -0.6059 -0.7931 0.0618
vn -0.7295 -0.6740 0.1167
vn -0.7867 -0.5972 0.1563
vn -0.8002 -0.4863 0.3511
vn -0.7581 -0.5568 0.3395
vn -0.7539 -0.3735 0.5406
vn -0.7539 -0.3734 0.5406
vn -0.7539 -0.3735 0.5405
vn -0.6630 -0.2784 0.6950
vn -0.7269 -0.4301 0.5353
vn -0.1815 -0.0750 0.9805
vn -0.2706 -0.0958 0.9579
vn -0.2784 -0.0967 0.9556
vn -0.0911 -0.0624 0.9939
vn -0.0912 -0.0624 0.9939
vn -0.0895 -0.0579 0.9943
vn -0.0860 -0.0485 0.9951
vn -0.1796 -0.0717 0.9811
vn -0.2695 -0.0952 0.9583
vn -0.1755 -0.0264 0.9841
vn -0.1722 -0.0360 0.9844
vn -0.1721 -0.0360 0.9844
vn -0.1709 -0.0454 0.9842
vn -0.2620 -0.0541 0.9636
vn -0.3521 -0.0806 0.9325
vn -0.4083 -0.1018 0.9072
vn -0.4624 -0.1262 0.8777
vn -0.4715 -0.0976 0.8764
vn -0.5250 -0.1193 0.8427
vn -0.5764 -0.1434 0.8045
vn -0.5765 -0.1434 0.8044
vn -0.6685 -0.1965 0.7172
vn -0.6849 -0.1475 0.7135
vn -0.6686 -0.1965 0.7172
vn -0.2598 -0.0666 0.9634
vn -0.2599 -0.0666 0.9633
vn -0.3487 -0.0976 0.9322
vn -0.4038 -0.1223 0.9066
vn -0.4566 -0.1506 0.8768
vn -0.4624 -0.1262 0.8776
vn -0.5142 -0.1536 0.8438
vn -0.5634 -0.1840 0.8054
vn -0.6498 -0.2511 0.7174
vn -0.7181 -0.3249 0.6154
vn -0.2602 -0.0785 0.9624
vn -0.2599 -0.0666 0.9634
vn -0.2601 -0.0785 0.9624
vn -0.3481 -0.1127 0.9306
vn -0.4024 -0.1399 0.9047
vn -0.4038 -0.1223 0.9067
vn -0.4542 -0.1710 0.8743
vn -0.5068 -0.1824 0.8425
vn -0.5539 -0.2176 0.8036
vn -0.6346 -0.2953 0.7142
vn -0.6349 -0.2950 0.7140
vn -0.6949 -0.3799 0.6106
vn -0.7315 -0.4662 0.4975
vn -0.3505 -0.1227 0.9285
vn -0.4105 -0.1543 0.8987
vn -0.4104 -0.1543 0.8987
vn -0.2602 -0.0786 0.9624
vn -0.4044 -0.1507 0.9021
vn -0.4025 -0.1399 0.9047
vn -0.4555 -0.1826 0.8713
vn -0.5030 -0.2058 0.8394
vn -0.5483 -0.2442 0.7998
vn -0.5483 -0.2443 0.7998
vn -0.6241 -0.3287 0.7088
vn -0.6241 -0.3287 0.7089
vn -0.6776 -0.4195 0.6040
vn -0.7061 -0.5106 0.4905
vn -0.7062 -0.5106 0.4905
vn -0.7103 -0.5941 0.3775
vn -0.5478 -0.2575 0.7960
vn -0.5036 -0.2183 0.8359
vn -0.5035 -0.2183 0.8359
vn -0.5478 -0.2574 0.7960
vn -0.5090 -0.2163 0.8331
vn -0.5035 -0.2183 0.8360
vn -0.4613 -0.1837 0.8680
vn -0.5090 -0.2164 0.8331
vn -0.6213 -0.3431 0.7045
vn -0.6719 -0.4345 0.5998
vn -0.6976 -0.5250 0.4876
vn -0.6976 -0.5251 0.4876
vn -0.6995 -0.6074 0.3765
vn -0.6995 -0.6074 0.3766
vn -0.6825 -0.6785 0.2719
vn -0.6825 -0.6785 0.2718
vn -0.6532 -0.7355 0.1801
vn -0.7232 -0.5661 0.3956
vn -0.0000 -0.9925 0.1219
vn -0.0001 -0.9925 0.1219
vn 0.0001 -0.9926 0.1217
vn -0.0000 -0.9926 0.1215
vn 0.0003 -0.9926 0.1215
vn -0.0000 -0.9926 0.1217
vn -0.0000 -0.9925 0.1218
vn -0.0003 -0.9926 0.1215
vn -0.0001 -0.9926 0.1218
vn -0.0001 -0.9926 0.1217
vn 0.0001 -0.9925 0.1219
vn 0.0001 -0.9926 0.1218
vn -0.0000 -0.9926 0.1218
vn -0.0000 -0.9926 0.1216
vn -0.0000 -0.9925 0.1222
vn 0.0002 -0.9925 0.1219
vn -0.0001 -0.9925 0.1220
vn 0.0003 -0.9925 0.1219
vn 0.9994 -0.0349 -0.0000
vn 0.9922 -0.0388 0.1184
vn 0.9502 -0.0440 0.3086
vn 0.9732 -0.0419 0.2262
vn 0.9114 -0.0461 0.4090
vn 0.8081 -0.0487 0.5870
vn 0.7068 -0.0493 0.7057
vn 0.5870 -0.0487 0.8081
vn 0.4998 -0.0476 0.8648
vn 0.3086 -0.0440 0.9502
vn 0.2587 -0.0427 0.9650
vn -0.0000 -0.0349 0.9994
vn 0.9994 -0.0349 -0.0001
vn -0.0000 -0.0346 -0.9994
vn 0.0080 -0.0352 -0.9993
vn 0.0160 -0.0355 -0.9992
vn 0.0240 -0.0357 -0.9991
vn 0.3086 -0.0440 -0.9502
vn 0.3756 -0.0454 -0.9257
vn 0.5870 -0.0487 -0.8081
vn 0.6784 -0.0493 -0.7330
vn 0.8081 -0.0487 -0.5870
vn 0.8081 -0.0487 -0.5871
vn 0.8003 -0.0488 -0.5976
vn 0.9035 -0.0464 -0.4262
vn 0.9034 -0.0464 -0.4262
vn 0.9502 -0.0440 -0.3086
vn 0.9743 -0.0417 -0.2211
vn 0.9744 -0.0417 -0.2211
vn 0.9931 -0.0385 -0.1109
vn -0.9994 -0.0349 -0.0000
vn -0.9927 -0.0387 -0.1138
vn -0.9502 -0.0440 -0.3086
vn -0.9730 -0.0419 -0.2270
vn -0.8985 -0.0466 -0.4364
vn -0.8986 -0.0466 -0.4364
vn -0.8081 -0.0487 -0.5870
vn -0.7910 -0.0489 -0.6098
vn -0.7910 -0.0489 -0.6099
vn -0.6643 -0.0492 -0.7458
vn -0.6643 -0.0493 -0.7458
vn -0.5870 -0.0487 -0.8081
vn -0.6643 -0.0492 -0.7459
vn -0.3509 -0.0449 -0.9353
vn -0.3086 -0.0440 -0.9502
vn -0.0240 -0.0357 -0.9991
vn -0.0160 -0.0355 -0.9992
vn -0.0080 -0.0352 -0.9993
vn -0.9994 -0.0349 -0.0001
vn -0.2587 -0.0427 0.9650
vn -0.3086 -0.0440 0.9502
vn -0.4998 -0.0476 0.8648
vn -0.5870 -0.0487 0.8081
vn -0.7068 -0.0493 0.7057
vn -0.8081 -0.0487 0.5870
vn -0.9114 -0.0461 0.4090
vn -0.9502 -0.0440 0.3086
vn -0.9732 -0.0419 0.2262
vn -0.9922 -0.0388 0.1184
vn -0.1961 -0.0411 0.9797
vn -0.3233 -0.0443 0.9453
vn -0.3508 -0.0449 0.9354
vn -0.4369 -0.0466 0.8983
vn -0.2631 -0.0428 0.9638
vn -0.4370 -0.0466 0.8983
vn -0.6118 -0.0489 0.7895
vn -0.8345 -0.0483 0.5488
vn -0.9675 -0.0425 0.2491
vn -0.8706 0.4920 -0.0000
vn -0.7531 0.6579 -0.0000
vn -0.7519 0.6592 -0.0000
vn -0.6045 0.7966 -0.0000
vn -0.7520 0.6592 -0.0000
vn -0.3189 0.9478 -0.0000
vn -0.3190 0.9478 -0.0000
vn -0.0000 1.0000 0.0009
vn 0.3189 0.9478 -0.0000
vn 0.3189 0.9478 -0.0009
vn 0.3190 0.9478 -0.0000
vn 0.6045 0.7966 -0.0000
vn 0.7523 0.6588 -0.0000
vn 0.7531 0.6579 -0.0000
vn 0.8706 0.4920 -0.0000
vn -0.4181 -0.9084 -0.0000
vn -0.6003 -0.7998 -0.0000
vn -0.6586 -0.7525 -0.0000
vn -0.8225 -0.5687 -0.0000
vn -0.8422 -0.5391 -0.0000
vn -0.9602 -0.2793 -0.0000
vn -0.4182 -0.9084 -0.0000
vn -0.3164 -0.9486 -0.0000
vn -0.1433 -0.9897 -0.0000
vn 0.1433 -0.9897 -0.0000
vn 0.3164 -0.9486 -0.0000
vn 0.4181 -0.9084 -0.0000
vn 0.4182 -0.9084 -0.0000
vn 0.6003 -0.7998 -0.0000
vn 0.6586 -0.7525 -0.0000
vn 0.8225 -0.5687 -0.0000
vn 0.8428 -0.5383 -0.0000
vn 0.9602 -0.2793 -0.0000
vn -0.2132 -0.9770 -0.0000
vn -0.3420 -0.9397 -0.0000
vn -0.4132 -0.9106 -0.0000
vn -0.4132 -0.9107 -0.0000
vn -0.6428 -0.7661 -0.0000
vn -0.5856 -0.8106 -0.0000
vn -0.6428 -0.7660 -0.0000
vn -0.7232 -0.6906 -0.0000
vn -0.8660 -0.5000 -0.0000
vn -0.7233 -0.6906 -0.0000
vn -0.9204 -0.3911 -0.0000
vn -0.9204 -0.3910 -0.0000
vn -0.9848 -0.1737 -0.0000
vn -0.9989 -0.0468 -0.0000
vn -0.9848 -0.1736 -0.0000
vn -0.9848 0.1737 -0.0000
vn -0.9848 0.1736 -0.0000
vn -0.9502 0.3117 -0.0000
vn -0.9502 0.3116 -0.0000
vn -0.8660 0.5000 -0.0000
vn -0.8714 0.4905 -0.0000
vn -0.7568 0.6536 -0.0000
vn -0.6428 0.7660 -0.0000
vn -0.6105 0.7920 -0.0000
vn -0.4270 0.9043 -0.0000
vn -0.4269 0.9043 -0.0000
vn -0.3420 0.9397 -0.0000
vn -0.2172 0.9761 -0.0000
vn -0.2173 0.9761 -0.0000
vn -0.0000 -0.0000 1.0000
vn -0.6428 0.7661 -0.0000
vn -0.0000 -0.0000 -1.0000
vn 0.6428 0.7661 -0.0000
vn -0.0000 -0.7071 -0.7071
vn 0.7071 -0.7071 -0.0000
vn 0.1951 -0.0000 -0.9808
vn 0.3090 -0.0000 -0.9511
vn 0.3827 -0.0000 -0.9239
vn 0.5878 -0.0000 -0.8090
vn 0.5556 -0.0000 -0.8315
vn 0.7071 -0.0000 -0.7071
vn 0.7071 -0.0002 -0.7071
vn 0.8090 -0.0000 -0.5878
vn 0.8315 -0.0000 -0.5556
vn 0.9239 -0.0000 -0.3827
vn 0.9511 -0.0000 -0.3090
vn 0.9808 -0.0000 -0.1951
vn 1.0000 -0.0000 -0.0000
vn -1.0000 -0.0000 -0.0000
vn -0.7071 -0.7071 -0.0000
vn 0.0002 -0.0349 0.9994
vn -0.0000 -0.0345 0.9994
vn -0.0000 -0.0350 0.9994
vn 0.3508 -0.0449 0.9354
vn 0.3233 -0.0443 0.9453
vn 0.4369 -0.0466 0.8983
vn 0.4370 -0.0466 0.8983
vn 0.6118 -0.0489 0.7895
vn 0.8345 -0.0483 0.5488
vn 0.9675 -0.0425 0.2491
vn 0.1957 -0.0411 0.9798
vn 0.2623 -0.0428 0.9640
vn 0.0001 -0.7071 -0.7071
vn -0.9511 -0.0000 -0.3090
vn -0.9239 -0.0000 -0.3826
vn -0.9239 -0.0000 -0.3827
vn -0.8090 -0.0000 -0.5878
vn -0.7071 -0.0000 -0.7071
vn -0.7071 -0.0002 -0.7071
vn -0.5878 -0.0000 -0.8090
vn -0.5556 -0.0000 -0.8315
vn -0.3827 -0.0000 -0.9239
vn -0.3090 -0.0000 -0.9511
vn -0.1951 -0.0000 -0.9808
vn -0.0000 -0.6857 -0.7279
vn -0.0000 0.6857 -0.7279
vn 0.1420 0.6857 -0.7139
vn 0.1420 -0.6857 -0.7139
vn 0.2786 0.6857 -0.6725
vn 0.2786 -0.6857 -0.6725
vn 0.4044 0.6857 -0.6052
vn 0.4044 -0.6857 -0.6052
vn 0.5147 0.6857 -0.5147
vn 0.5147 -0.6857 -0.5147
vn 0.6052 0.6857 -0.4044
vn 0.6052 -0.6857 -0.4044
vn 0.6725 0.6857 -0.2786
vn 0.6725 -0.6857 -0.2786
vn 0.7139 0.6857 -0.1420
vn 0.7139 -0.6857 -0.1420
vn 0.7279 0.6857 -0.0000
vn 0.7279 -0.6857 -0.0000
vn 0.7139 0.6857 0.1420
vn 0.7139 -0.6857 0.1420
vn 0.6725 0.6857 0.2786
vn 0.6725 -0.6857 0.2786
vn 0.6052 0.6857 0.4044
vn 0.6052 -0.6857 0.4044
vn 0.5147 0.6857 0.5147
vn 0.5147 -0.6857 0.5147
vn 0.4044 0.6857 0.6052
vn 0.4044 -0.6857 0.6052
vn 0.2786 0.6857 0.6725
vn 0.2786 -0.6857 0.6725
vn 0.1420 0.6857 0.7139
vn 0.1420 -0.6857 0.7139
vn -0.0000 0.6857 0.7279
vn -0.0000 -0.6857 0.7279
vn -0.1420 0.6857 0.7139
vn -0.1420 -0.6857 0.7139
vn -0.2786 0.6857 0.6725
vn -0.2786 -0.6857 0.6725
vn -0.4044 0.6857 0.6052
vn -0.4044 -0.6857 0.6052
vn -0.5147 0.6857 0.5147
vn -0.5147 -0.6857 0.5147
vn -0.6052 0.6857 0.4044
vn -0.6052 -0.6857 0.4044
vn -0.6725 0.6857 0.2786
vn -0.6725 -0.6857 0.2786
vn -0.7139 0.6857 0.1420
vn -0.7139 -0.6857 0.1420
vn -0.7279 0.6857 -0.0000
vn -0.7279 -0.6857 -0.0000
vn -0.7139 0.6857 -0.1420
vn -0.7139 -0.6857 -0.1420
vn -0.6725 0.6857 -0.2786
vn -0.6725 -0.6857 -0.2786
vn -0.6052 0.6857 -0.4044
vn -0.6052 -0.6857 -0.4044
vn -0.5147 0.6857 -0.5147
vn -0.5147 -0.6857 -0.5147
vn -0.4044 0.6857 -0.6052
vn -0.4044 -0.6857 -0.6052
vn -0.2786 0.6857 -0.6725
vn -0.2786 -0.6857 -0.6725
vn -0.1420 0.6857 -0.7139
vn -0.1420 -0.6857 -0.7139
vt -0.383200 2.007200
vt -0.383200 2.076800
vt -1.292200 2.043600
vt -0.902800 2.097500
vt -1.375300 2.116400
vt -2.201200 2.080000
vt -1.804000 2.133500
vt -2.200000 2.149300
vt -2.200000 -2.149300
vt -1.800100 -2.133300
vt -2.201200 -2.080000
vt -1.364900 -2.115900
vt -1.292200 -2.043600
vt -0.893000 -2.097100
vt -0.383200 -2.076800
vt -0.383200 -2.007200
vt 0.115500 0.000000
vt 0.133200 0.000000
vt 0.123500 0.176000
vt 0.133300 0.520800
vt 0.123500 1.024700
vt 0.133400 0.994400
vt 0.133500 1.424100
vt 0.134200 1.821000
vt 0.125600 1.819200
vt 0.115800 1.818600
vt 0.112800 1.024700
vt 0.112800 0.176000
vt 0.102100 0.176000
vt 0.099100 0.000000
vt 0.091400 0.176000
vt 0.083200 0.000000
vt 0.080800 0.176000
vt 0.070200 0.176000
vt 0.070200 1.024700
vt 0.059600 1.024700
vt 0.061200 1.818600
vt 0.049100 1.818200
vt 0.104900 1.818600
vt 0.102100 1.024700
vt 0.094200 1.818700
vt 0.091400 1.024700
vt 0.083500 1.818800
vt 0.080800 1.024700
vt 0.072600 1.818800
vt 0.049100 1.421900
vt 0.049100 0.992800
vt 0.049100 0.519900
vt 0.059600 0.176000
vt 0.049100 0.000000
vt 0.066800 0.000000
vt -0.051500 2.034500
vt -0.049100 2.419700
vt -0.246100 2.034500
vt -0.290200 2.521800
vt -0.440900 2.034500
vt -0.534600 2.521800
vt -0.635500 2.034600
vt -0.779100 2.521800
vt -0.829900 2.034500
vt -1.023600 2.521800
vt -1.218800 2.034300
vt -1.245800 2.521800
vt -1.467900 2.521800
vt -1.467900 3.009400
vt -1.912300 3.009400
vt -1.912300 3.496900
vt -2.165400 3.496900
vt -2.165400 3.984500
vt -2.418500 3.984500
vt -2.418500 4.414800
vt -2.791200 4.414800
vt -2.791200 4.845000
vt -3.159400 4.540400
vt -3.158700 5.004300
vt -2.791200 5.275300
vt -3.158300 5.262200
vt -3.157900 5.540300
vt -2.791200 5.705600
vt -3.157500 5.841500
vt -2.791200 6.206800
vt -3.157000 6.169000
vt -3.156600 6.527400
vt -2.791200 6.708000
vt -3.156100 6.923300
vt -2.791200 7.209200
vt -3.155600 7.358700
vt -2.791200 7.710400
vt -3.154700 8.252600
vt -3.154300 8.653500
vt -2.791200 9.555100
vt -3.154000 9.018200
vt -3.153700 9.354100
vt -3.153500 9.666300
vt -3.153300 9.957800
vt -2.791200 10.406500
vt -3.153100 10.229100
vt -3.152900 10.479600
vt -3.152600 10.923400
vt -2.791200 11.257900
vt -3.152500 11.123800
vt -3.152100 11.712900
vt -2.819600 11.863500
vt -2.856600 12.316900
vt -0.047600 2.845500
vt -0.290200 3.009400
vt -0.534600 3.009400
vt -0.534600 3.496900
vt -0.779100 3.496900
vt -0.779100 3.984500
vt -1.023600 3.984500
vt -1.023600 4.414800
vt -1.245800 4.414800
vt -1.245800 4.845000
vt -1.467900 4.845000
vt -1.467900 5.275300
vt -1.912300 5.275300
vt -1.503900 5.729500
vt -1.912300 5.705600
vt -1.787400 6.152400
vt -1.912300 6.206800
vt -2.059200 6.638400
vt -2.165400 6.206800
vt -2.165400 6.708000
vt -2.418500 6.708000
vt -2.228400 7.044900
vt -2.275100 7.198200
vt -0.046400 3.325800
vt -0.290200 3.496900
vt -0.534600 3.984500
vt -0.779100 4.414800
vt -1.023600 4.845000
vt -1.084500 5.183800
vt -1.245800 5.275300
vt -1.363700 5.538100
vt -0.045700 3.867100
vt -0.290200 3.984500
vt -0.376100 4.463100
vt -0.534600 4.414800
vt -0.727500 4.783100
vt -0.051800 3.950400
vt -0.096100 4.109300
vt -0.170200 4.246400
vt -0.221300 4.314300
vt -0.273700 4.372100
vt -2.159100 6.860100
vt -2.418500 7.209200
vt -2.326700 7.444200
vt -2.418500 7.710400
vt -2.370000 7.748600
vt -2.414500 8.074200
vt -2.461500 8.433600
vt -2.418500 6.206800
vt -2.418500 5.705600
vt -2.418500 5.275300
vt -2.418500 4.845000
vt -2.511800 8.837000
vt -2.562900 9.269100
vt -2.609800 9.685600
vt -2.650500 10.066300
vt -2.686800 10.419800
vt -2.719100 10.748600
vt -2.774400 11.343300
vt -3.151800 12.407200
vt -2.887000 12.710200
vt -3.151700 12.621600
vt -3.151600 12.808700
vt -3.151500 12.959300
vt -3.159700 4.330900
vt -2.791200 3.984500
vt -2.418500 3.496900
vt -2.165400 3.009400
vt -1.912300 2.521800
vt -1.607900 2.034500
vt -3.160400 3.949700
vt -3.160600 3.775700
vt -2.791200 3.496900
vt -3.161200 3.455200
vt -2.791200 3.009400
vt -3.162000 3.034100
vt -3.162600 2.680100
vt -2.791200 2.521800
vt -3.163300 2.352400
vt -2.774900 2.034500
vt -3.163900 2.034700
vt -2.418500 2.521800
vt -2.385900 2.034500
vt -2.165400 2.521800
vt -1.997000 2.034800
vt -0.779100 3.009400
vt -1.023600 3.009400
vt -1.245800 3.009400
vt -2.418500 3.009400
vt -1.023600 3.496900
vt -1.245800 3.496900
vt -1.467900 3.496900
vt -1.245800 3.984500
vt -1.467900 3.984500
vt -1.912300 3.984500
vt -1.467900 4.414800
vt -1.912300 4.414800
vt -2.165400 4.414800
vt -1.912300 4.845000
vt -2.165400 4.845000
vt -2.165400 5.275300
vt -2.165400 5.705600
vt -0.531200 0.196700
vt -0.617200 0.156300
vt -0.534300 0.000000
vt -0.810200 0.156300
vt -1.117800 0.156300
vt -1.117800 0.312600
vt -1.425400 0.312600
vt -1.425400 0.468900
vt -1.608400 0.468900
vt -1.608400 0.625100
vt -1.791400 0.625100
vt -1.791400 0.781400
vt -1.933100 0.781400
vt -1.933100 0.937700
vt -2.074800 0.937700
vt -2.074800 1.094000
vt -2.358100 1.127300
vt -2.074800 1.250300
vt -2.074800 1.390200
vt -1.933100 1.250300
vt -1.933100 1.390200
vt -1.791400 1.250300
vt -1.791400 1.390200
vt -1.608400 1.250300
vt -1.608400 1.390200
vt -1.425400 1.250300
vt -1.425400 1.390200
vt -1.117800 1.250300
vt -1.117800 1.390200
vt -0.810200 1.250300
vt -0.810200 1.390200
vt -0.617200 1.250300
vt -0.617200 1.390200
vt -0.424200 1.250300
vt -0.424200 1.390200
vt -0.349600 1.293700
vt -0.294200 1.484500
vt -0.617200 0.312600
vt -0.520900 0.395700
vt -0.617200 0.468900
vt -0.498500 0.615600
vt -0.617200 0.625100
vt -0.617200 0.781400
vt -0.810200 0.781400
vt -0.810200 0.937700
vt -1.117800 0.937700
vt -1.117800 1.094000
vt -1.425400 1.094000
vt -0.460400 0.847700
vt -0.617200 0.937700
vt -0.810200 1.094000
vt -0.408100 1.078700
vt -0.617200 1.094000
vt -0.424200 1.094000
vt -0.424200 1.530000
vt -0.245300 1.654300
vt -0.424200 1.808900
vt -0.231100 1.808800
vt -0.424200 2.015200
vt -0.231100 2.015200
vt -0.424200 2.220600
vt -0.231100 2.220600
vt -0.424200 2.443900
vt -0.231100 2.444000
vt -0.326400 2.664700
vt -0.182200 2.664700
vt -0.070000 2.444100
vt -0.038100 2.664700
vt -0.203200 1.808800
vt -0.167300 1.951700
vt -0.110800 2.212300
vt -0.470500 2.664700
vt -0.617200 2.443800
vt -0.617200 2.220600
vt -0.617200 2.015200
vt -0.617200 1.809000
vt -0.617200 1.530000
vt -0.810200 1.530000
vt -0.614400 2.664700
vt -0.810200 2.443700
vt -0.810200 2.220600
vt -0.810200 2.015200
vt -0.810200 1.809100
vt -1.117800 1.530000
vt -0.902300 2.664500
vt -1.117800 2.443500
vt -1.117800 2.220600
vt -1.117800 2.015200
vt -1.117800 1.809200
vt -1.425400 1.530000
vt -1.190400 2.664700
vt -1.425400 2.443300
vt -1.425400 2.220600
vt -1.425400 2.015200
vt -1.425400 1.809300
vt -1.608400 1.530000
vt -1.478400 2.665000
vt -1.608400 2.443200
vt -1.608400 2.220600
vt -1.608400 2.015200
vt -1.608400 1.809400
vt -1.791400 1.530000
vt -1.766400 2.664700
vt -1.791400 2.443100
vt -1.791400 2.220600
vt -1.791400 2.015200
vt -1.791400 1.809500
vt -1.933100 1.530000
vt -1.933100 2.443000
vt -2.054400 2.664700
vt -2.074800 2.442900
vt -2.342300 2.664900
vt -2.348600 2.552200
vt -2.353600 2.433800
vt -2.356900 2.307200
vt -2.074800 2.220600
vt -2.358100 2.169900
vt -2.074800 2.015200
vt -2.358100 1.691100
vt -2.074800 1.809700
vt -2.074800 1.530000
vt -1.933100 1.809600
vt -2.074800 0.781400
vt -2.358100 0.538600
vt -2.074800 0.625100
vt -2.074800 0.468900
vt -1.933100 0.468900
vt -1.933100 0.312600
vt -1.791400 0.312600
vt -1.791400 0.156300
vt -1.608400 0.156300
vt -1.903200 -0.000000
vt -1.446300 -0.000000
vt -2.074800 0.312600
vt -2.358100 0.000000
vt -2.074800 0.156300
vt -1.933100 0.156300
vt -1.425400 0.156300
vt -1.608400 0.312600
vt -1.791400 0.468900
vt -1.933100 0.625100
vt -0.810200 0.312600
vt -0.810200 0.468900
vt -0.810200 0.625100
vt -1.117800 0.468900
vt -1.425400 0.625100
vt -1.608400 0.781400
vt -1.791400 0.937700
vt -1.933100 1.094000
vt -1.117800 0.625100
vt -1.117800 0.781400
vt -1.425400 0.781400
vt -1.608400 0.937700
vt -1.791400 1.094000
vt -1.425400 0.937700
vt -1.608400 1.094000
vt -1.933100 2.015200
vt -1.933100 2.220600
vt 0.049900 3.443800
vt 0.049200 3.218500
vt 0.057900 3.446800
vt 0.059700 2.972900
vt 0.067400 3.448700
vt 0.070300 2.972900
vt 0.078200 3.450300
vt 0.080900 2.972900
vt 0.088900 3.451400
vt 0.091500 2.972900
vt 0.099500 3.452300
vt 0.102100 2.972900
vt 0.110400 3.452900
vt 0.112700 2.972900
vt 0.121800 3.453200
vt 0.123300 2.972900
vt 0.133900 3.228000
vt 0.133900 2.960400
vt 0.133900 2.623200
vt 0.123300 2.492500
vt 0.133900 2.424500
vt 0.133900 2.201800
vt 0.123300 2.012000
vt 0.133900 1.951200
vt 0.133900 1.668000
vt 0.123300 1.531500
vt 0.133900 1.354100
vt 0.123300 1.238200
vt 0.133900 1.030100
vt 0.123300 0.944800
vt 0.133900 0.722900
vt 0.123300 0.651500
vt 0.133900 0.450100
vt 0.123300 0.358200
vt 0.133800 0.216900
vt 0.133900 0.000000
vt 0.114300 0.000000
vt 0.112700 0.358200
vt 0.102100 0.358200
vt 0.102100 0.651500
vt 0.091500 0.651500
vt 0.091500 0.944800
vt 0.080900 0.944800
vt 0.080900 1.238200
vt 0.070300 1.238200
vt 0.070300 1.531500
vt 0.059700 1.531500
vt 0.059700 2.012000
vt 0.052200 1.657800
vt 0.050900 1.940700
vt 0.050000 2.191100
vt 0.059700 2.492500
vt 0.049600 2.413800
vt 0.049300 2.612500
vt 0.049100 2.950200
vt 0.054000 1.344700
vt 0.059700 1.238200
vt 0.070300 0.944800
vt 0.080900 0.651500
vt 0.091500 0.358200
vt 0.096400 0.000000
vt 0.056100 1.022600
vt 0.059700 0.944800
vt 0.070300 0.651500
vt 0.080900 0.358200
vt 0.058000 0.717900
vt 0.059700 0.651500
vt 0.059300 0.447100
vt 0.070300 0.358200
vt 0.059700 0.358200
vt 0.059900 0.215900
vt 0.060200 0.000000
vt 0.078700 0.000000
vt 0.133900 3.453400
vt 0.070300 2.492500
vt 0.070300 2.012000
vt 0.080900 2.492500
vt 0.080900 2.012000
vt 0.080900 1.531500
vt 0.091500 2.492500
vt 0.091500 2.012000
vt 0.091500 1.531500
vt 0.091500 1.238200
vt 0.102100 2.492500
vt 0.102100 2.012000
vt 0.102100 1.531500
vt 0.102100 1.238200
vt 0.102100 0.944800
vt 0.112700 2.492500
vt 0.112700 2.012000
vt 0.112700 1.531500
vt 0.112700 1.238200
vt 0.112700 0.944800
vt 0.112700 0.651500
vt -0.001200 -2.735000
vt -0.000000 -2.665700
vt -0.142600 -2.739800
vt -0.221300 -2.677400
vt -0.322900 -2.760200
vt -0.480800 -2.720400
vt -0.535400 -2.805200
vt -0.797200 -2.819200
vt -0.753600 -2.876300
vt -0.975400 -2.899400
vt -1.151500 -3.081200
vt -1.166000 -3.007500
vt -1.366600 -3.150700
vt -1.495900 -3.361600
vt -1.573000 -3.337900
vt -1.776100 -3.706800
vt -1.772800 -3.573200
vt -1.942900 -3.842600
vt -1.978400 -4.102900
vt -2.066100 -4.118400
vt -2.045800 -4.313300
vt -2.141200 -4.375800
vt -2.086300 -4.507200
vt -2.178300 -4.602100
vt -2.105500 -4.676000
vt -2.189500 -4.815000
vt -2.110400 -4.815000
vt -2.105500 -4.954300
vt -2.154600 -5.189100
vt -2.086200 -5.123400
vt -2.045500 -5.317800
vt -2.110700 -5.374200
vt -2.041500 -5.576100
vt -1.977900 -5.528400
vt -1.940000 -5.792800
vt -1.775000 -5.924900
vt -1.799500 -6.019700
vt -1.617500 -6.245100
vt -1.494100 -6.270200
vt -1.399900 -6.452100
vt -1.148900 -6.550500
vt -1.167500 -6.621500
vt -0.945100 -6.745600
vt -0.750700 -6.754800
vt -0.741400 -6.832100
vt -0.557300 -6.890500
vt -0.243800 -6.950100
vt -0.321400 -6.870000
vt -0.532900 -6.825400
vt -0.142000 -6.890200
vt -0.000000 -6.964300
vt -0.001200 -6.895000
vt 0.000100 2.542700
vt 0.019200 2.398700
vt 0.130500 2.541700
vt 0.156400 2.255500
vt 0.263100 2.541600
vt 0.312800 2.255500
vt 0.398700 2.541200
vt 0.469100 2.255500
vt 0.538900 2.541200
vt 0.625500 2.255500
vt 0.829300 2.544100
vt 0.818000 2.255500
vt 0.959000 2.540300
vt 1.010400 2.255500
vt 1.103300 2.545800
vt 1.227000 2.255500
vt 1.262300 2.563400
vt 1.443500 2.255500
vt 1.577800 2.530500
vt 1.804300 2.255500
vt 1.737900 2.557200
vt 1.902600 2.551900
vt 2.038700 2.255500
vt 2.080900 2.547200
vt 2.273000 2.544500
vt 2.263900 2.207100
vt 2.038700 2.053100
vt 2.253900 1.822100
vt 2.038700 1.850700
vt 2.038700 1.648200
vt 1.804300 1.850700
vt 1.804300 1.648200
vt 1.443500 1.850700
vt 1.443500 1.648200
vt 1.227000 1.850700
vt 1.227000 1.648200
vt 1.010400 1.850700
vt 1.010400 1.648200
vt 0.818000 1.850700
vt 0.818000 1.648200
vt 0.625500 1.850700
vt 0.625500 1.648200
vt 0.469100 1.850700
vt 0.469100 1.648200
vt 0.312800 1.850700
vt 0.312800 1.648200
vt 0.156400 1.850700
vt 0.194400 1.548800
vt 0.115200 1.869300
vt 0.156400 2.053100
vt 0.077900 2.047800
vt 0.045000 2.231000
vt 0.312800 1.445800
vt 0.276500 1.245700
vt 0.312800 1.243300
vt 0.352400 0.937700
vt 0.469100 1.040900
vt 0.469100 0.939700
vt 0.625500 0.939700
vt 0.625500 0.838400
vt 0.818000 0.838400
vt 0.818000 0.737200
vt 1.010400 0.737200
vt 1.010400 0.636000
vt 1.227000 0.636000
vt 1.227000 0.477000
vt 1.443500 0.477000
vt 1.443500 0.318000
vt 1.804300 0.318000
vt 1.804300 0.159000
vt 2.038700 0.159000
vt 1.777200 0.000000
vt 2.221500 0.000000
vt 0.409500 0.609100
vt 0.469100 0.737200
vt 0.469100 0.838400
vt 0.427800 0.434900
vt 0.469100 0.477000
vt 0.469100 0.636000
vt 0.625500 0.636000
vt 0.625500 0.737200
vt 0.818000 0.636000
vt 0.438300 0.271300
vt 0.469100 0.318000
vt 0.625500 0.318000
vt 0.625500 0.477000
vt 0.443100 0.124900
vt 0.469100 0.159000
vt 0.625500 0.159000
vt 0.818000 0.159000
vt 0.818000 0.318000
vt 1.010400 0.159000
vt 1.010400 0.318000
vt 1.227000 0.159000
vt 1.227000 0.318000
vt 1.443500 0.159000
vt 0.444200 0.000000
vt 1.332800 0.000000
vt 2.038700 0.318000
vt 2.225400 0.509400
vt 2.038700 0.477000
vt 2.038700 0.636000
vt 1.804300 0.636000
vt 1.804300 0.737200
vt 1.443500 0.737200
vt 1.443500 0.838400
vt 1.227000 0.838400
vt 1.227000 0.939700
vt 1.010400 0.939700
vt 1.010400 1.040900
vt 0.818000 1.040900
vt 0.818000 1.243300
vt 0.625500 1.243300
vt 0.625500 1.445800
vt 0.469100 1.445800
vt 2.038700 0.737200
vt 2.237200 1.122200
vt 2.038700 0.838400
vt 2.038700 0.939700
vt 1.804300 0.939700
vt 1.804300 1.040900
vt 1.443500 1.040900
vt 1.443500 1.243300
vt 1.227000 1.243300
vt 1.227000 1.445800
vt 1.010400 1.445800
vt 2.244700 1.449200
vt 2.038700 1.243300
vt 2.038700 1.040900
vt 2.038700 1.445800
vt 1.804300 1.445800
vt 1.804300 1.243300
vt 1.443500 1.445800
vt 0.312800 2.053100
vt 0.469100 2.053100
vt 0.625500 2.053100
vt 0.818000 2.053100
vt 1.010400 2.053100
vt 1.227000 2.053100
vt 1.443500 2.053100
vt 1.804300 2.053100
vt 0.818000 1.445800
vt 0.469100 1.243300
vt 0.625500 1.040900
vt 0.818000 0.939700
vt 1.010400 0.838400
vt 1.227000 0.737200
vt 1.443500 0.636000
vt 1.804300 0.477000
vt 1.010400 1.243300
vt 1.227000 1.040900
vt 1.443500 0.939700
vt 1.804300 0.838400
vt 1.010400 0.477000
vt 0.818000 0.477000
vt 0.410400 3.774400
vt 0.075400 3.679100
vt 0.336800 3.637500
vt 0.018900 3.549500
vt 0.336800 3.327400
vt 0.000000 3.421300
vt -0.000000 2.595300
vt 0.000100 1.807400
vt 0.336800 2.219600
vt 0.336800 2.618400
vt 0.336800 2.817800
vt 0.673700 2.618400
vt 0.673700 2.817800
vt 1.010500 2.618400
vt 1.010500 2.817800
vt 1.347400 2.618400
vt 1.347400 2.817800
vt 1.646800 2.618400
vt 1.646800 2.817800
vt 1.946200 2.618400
vt 1.946200 2.817800
vt 2.545100 2.618400
vt 2.545100 2.817800
vt 3.040600 2.618400
vt 3.040600 2.817800
vt 3.288400 2.618400
vt 3.288400 2.817800
vt 3.530800 2.714500
vt 3.528900 3.057700
vt 0.336800 2.007600
vt 0.203600 1.806600
vt 0.410600 1.806600
vt 0.673700 2.007600
vt 0.622400 1.806300
vt 0.841100 1.806300
vt 1.010500 2.007600
vt 1.293000 1.808400
vt 1.347400 2.007600
vt 1.494500 1.804600
vt 1.646800 2.007600
vt 1.717800 1.808800
vt 1.946200 2.007600
vt 1.963700 1.823000
vt 2.456100 1.795700
vt 2.545100 2.007600
vt 2.703700 1.815400
vt 2.959900 1.810600
vt 3.040600 2.007600
vt 3.237400 1.806700
vt 3.288400 2.007600
vt 3.536200 1.804600
vt 3.533200 2.309500
vt 3.288400 2.219600
vt 3.040600 2.219600
vt 2.545100 2.219600
vt 1.946200 2.219600
vt 1.646800 2.219600
vt 1.347400 2.219600
vt 1.010500 2.219600
vt 0.673700 2.219600
vt 3.527200 3.365800
vt 3.416200 3.267000
vt 3.316600 3.208800
vt 3.288400 3.017200
vt 3.278500 3.201300
vt 3.247800 3.210000
vt 3.040600 3.017200
vt 3.229000 3.238800
vt 3.040600 3.327400
vt 3.225500 3.260900
vt 3.226400 3.287400
vt 3.040600 3.637500
vt 3.293800 3.833900
vt 3.040600 3.947600
vt 3.288400 3.947600
vt 3.040600 4.257800
vt 3.288400 4.257800
vt 3.040600 4.712200
vt 3.288400 4.712200
vt 3.040600 5.166700
vt 3.288400 5.166700
vt 3.018000 5.393500
vt 3.288400 5.442600
vt 3.261900 5.555200
vt 3.516100 5.718600
vt 3.517700 5.326900
vt 3.519400 4.952600
vt 3.521000 4.592900
vt 3.424300 4.455600
vt 3.392200 4.394000
vt 3.380500 4.363800
vt 3.373100 4.335400
vt 2.556000 5.075900
vt 2.545100 4.712200
vt 2.115600 4.765600
vt 2.545100 4.257800
vt 1.946200 4.257800
vt 2.545100 3.947600
vt 1.946200 3.947600
vt 2.545100 3.637500
vt 1.946200 3.637500
vt 2.545100 3.327400
vt 1.946200 3.327400
vt 2.545100 3.017200
vt 1.946200 3.017200
vt 1.678400 4.461900
vt 1.646800 4.257800
vt 1.646800 3.947600
vt 1.646800 3.637500
vt 1.646800 3.327400
vt 1.646800 3.017200
vt 1.240800 4.179600
vt 1.347400 3.947600
vt 1.010500 3.947600
vt 0.804600 3.939900
vt 1.010500 3.637500
vt 0.673700 3.637500
vt 1.010500 3.327400
vt 0.673700 3.327400
vt 1.010500 3.017200
vt 0.673700 3.017200
vt 0.336800 3.017200
vt 1.347400 3.637500
vt 1.347400 3.327400
vt 1.347400 3.017200
vt 3.303100 -0.140100
vt 3.286300 -0.253500
vt 7.356900 -0.140100
vt 7.376000 -0.273000
vt 3.278900 -0.320300
vt 7.388600 -0.408100
vt 3.272400 -0.394900
vt 3.334100 -0.516000
vt 3.263500 -0.538000
vt 3.328200 -0.650700
vt 3.258400 -0.651200
vt 3.322800 -0.785400
vt 3.253200 -0.785400
vt 7.325900 -0.516000
vt 7.398300 -0.576400
vt 7.331800 -0.650700
vt 7.402600 -0.675100
vt 7.337200 -0.785400
vt 7.406800 -0.785400
vt 0.067500 0.633800
vt 0.049800 0.633800
vt 0.059700 0.478600
vt 0.050100 0.502800
vt 0.049900 0.392300
vt 0.059700 0.323300
vt 0.049300 0.252100
vt 0.059700 0.189400
vt 0.049100 0.178700
vt 0.049200 0.112800
vt 0.059700 0.055500
vt 0.050000 0.000000
vt 0.067600 0.000000
vt 0.084000 0.000000
vt 0.080900 0.055500
vt 0.070300 0.055500
vt 0.091500 0.055500
vt 0.099900 0.000000
vt 0.102100 0.055500
vt 0.112700 0.055500
vt 0.102100 0.189400
vt 0.112700 0.189400
vt 0.102100 0.323300
vt 0.112700 0.323300
vt 0.102100 0.478600
vt 0.112700 0.478600
vt 0.099800 0.633800
vt 0.116200 0.633800
vt 0.123300 0.478600
vt 0.133900 0.549600
vt 0.133900 0.392300
vt 0.123300 0.323300
vt 0.133900 0.252100
vt 0.123300 0.189400
vt 0.133900 0.178700
vt 0.133900 0.112800
vt 0.123300 0.055500
vt 0.116200 0.000000
vt 0.133900 0.633800
vt 0.091500 0.478600
vt 0.083800 0.633800
vt 0.080900 0.478600
vt 0.070300 0.478600
vt 0.070300 0.323300
vt 0.070300 0.189400
vt 0.080900 0.323300
vt 0.080900 0.189400
vt 0.091500 0.323300
vt 0.091500 0.189400
vt 0.043600 2.303800
vt 0.030500 2.303800
vt 0.040500 1.989500
vt 0.030500 1.994700
vt 0.030500 1.698600
vt 0.040500 1.675200
vt 0.030500 1.462200
vt 0.040500 1.360900
vt 0.030500 1.336600
vt 0.040500 1.046500
vt 0.030500 1.053100
vt 0.030500 0.701000
vt 0.040500 0.642700
vt 0.030500 0.525500
vt 0.030500 0.370100
vt 0.040500 0.238800
vt 0.030500 0.234000
vt 0.044300 -0.000000
vt 0.030500 -0.000000
vt 0.058600 -0.000000
vt 0.050500 0.238800
vt 0.050500 0.642700
vt 0.050500 1.046500
vt 0.050500 1.360900
vt 0.050500 1.675200
vt 0.050500 1.989500
vt 0.057100 2.303800
vt 0.062200 1.989500
vt 0.071600 2.303800
vt 0.074000 1.989500
vt 0.085800 1.989500
vt 0.085800 1.675200
vt 0.097600 1.675200
vt 0.097600 1.360900
vt 0.109200 1.360900
vt 0.109200 1.046500
vt 0.117800 1.336600
vt 0.120300 1.053100
vt 0.120800 0.701000
vt 0.109200 0.642700
vt 0.120400 0.525500
vt 0.109200 0.238800
vt 0.119900 0.370100
vt 0.119300 0.234000
vt 0.118200 -0.000000
vt 0.097600 0.238800
vt 0.104300 -0.000000
vt 0.085800 0.238800
vt 0.089900 -0.000000
vt 0.074000 0.238800
vt 0.074100 -0.000000
vt 0.062200 0.238800
vt 0.116000 1.462200
vt 0.109200 1.675200
vt 0.105700 1.994700
vt 0.097600 1.989500
vt 0.100800 2.303800
vt 0.086900 2.303800
vt 0.111800 1.698600
vt 0.062200 1.675200
vt 0.062200 1.360900
vt 0.062200 1.046500
vt 0.062200 0.642700
vt 0.074000 1.675200
vt 0.074000 1.360900
vt 0.074000 1.046500
vt 0.074000 0.642700
vt 0.085800 1.360900
vt 0.097600 1.046500
vt 0.085800 1.046500
vt 0.085800 0.642700
vt 0.097600 0.642700
vt 6.689300 0.000000
vt 9.332500 -0.000000
vt 6.685600 0.213100
vt 9.337400 0.234200
vt 6.676800 0.336300
vt 9.348400 0.370100
vt 9.369500 0.524500
vt 6.633400 0.624600
vt 9.405200 0.697000
vt 6.528800 0.970800
vt 9.518400 1.032100
vt 8.010900 1.076700
vt 8.069600 1.086000
vt 8.124500 1.112500
vt 8.171900 1.151800
vt 9.645300 1.287400
vt 8.209800 1.197900
vt 8.264000 1.308900
vt 9.707400 1.397100
vt 8.285600 1.430400
vt 8.272200 1.551100
vt 9.824500 1.602700
vt 8.250500 1.609600
vt 8.219000 1.662000
vt 8.178800 1.705800
vt 9.951100 1.868600
vt 8.128300 1.741000
vt 8.070700 1.763300
vt 8.010900 1.770800
vt 6.104000 1.789600
vt 7.951200 1.763300
vt 7.893500 1.741000
vt 7.843100 1.705800
vt 6.199500 1.598900
vt 7.802800 1.662000
vt 7.771300 1.609600
vt 7.749700 1.551100
vt 7.736200 1.430400
vt 6.386000 1.270300
vt 7.757800 1.308900
vt 7.812000 1.197900
vt 6.457100 1.133100
vt 7.849900 1.151800
vt 7.897300 1.112500
vt 7.952300 1.086000
vt 6.038700 1.956500
vt 10.037900 2.162300
vt 5.984000 2.162300
vt -1.089400 1.650200
vt -0.614000 1.651300
vt -0.686300 1.688100
vt -0.617400 1.658900
vt -0.622700 1.666300
vt -0.526300 1.357300
vt -1.564000 1.607400
vt -0.413200 0.830800
vt -2.120900 1.559500
vt -0.376100 0.555100
vt -2.771100 1.507300
vt -0.346400 -0.048800
vt -3.135400 1.479800
vt -3.159500 -1.478000
vt -3.529400 1.451800
vt -3.590900 -1.447500
vt -3.955000 1.423600
vt -4.062700 -1.416800
vt -4.419900 1.395600
vt -4.556400 -1.388000
vt -4.898900 1.370200
vt -5.019600 -1.364400
vt -5.340500 1.350400
vt -5.426500 -1.347100
vt -5.727200 1.336500
vt -5.782300 -1.334800
vt -6.070600 1.327200
vt -6.097800 -1.326600
vt -6.384800 1.321600
vt -6.384800 -1.321600
vt -0.358800 -0.361000
vt -2.763400 -1.507900
vt -2.399600 -1.536600
vt -0.432700 -0.942900
vt -2.065900 -1.564100
vt -1.759700 -1.590300
vt -0.546000 -1.429000
vt -0.686300 -1.688100
vt -0.614000 -1.651300
vt -0.617900 -1.659700
vt -0.623800 -1.667500
vt -0.640600 -1.680000
vt -0.662400 -1.687100
vt -0.638700 1.678900
vt -0.659700 1.686600
vt 0.044500 5.709200
vt 0.030600 5.709200
vt 0.040100 4.331900
vt 0.031900 5.395100
vt 0.033300 5.051800
vt 0.034800 4.665100
vt 0.036300 4.223300
vt 0.037700 3.743800
vt 0.040100 2.954500
vt 0.039000 3.278300
vt 0.040200 2.851900
vt 0.049700 2.954500
vt 0.041100 2.457100
vt 0.042000 2.091900
vt 0.049700 0.199900
vt 0.043400 1.439800
vt 0.044600 0.881100
vt 0.045600 0.404700
vt 0.046400 0.000000
vt 0.060500 0.000000
vt 0.075900 0.000000
vt 0.072900 0.199900
vt 0.061300 0.199900
vt 0.084500 0.199900
vt 0.091100 0.000000
vt 0.096100 0.199900
vt 0.105000 0.000000
vt 0.107400 0.199900
vt 0.118600 -0.000000
vt 0.118600 0.404700
vt 0.118600 0.881100
vt 0.118600 1.439800
vt 0.107400 2.954500
vt 0.118600 2.091900
vt 0.118600 2.457100
vt 0.118600 2.851900
vt 0.118600 3.278300
vt 0.118600 3.743800
vt 0.107400 4.331900
vt 0.118600 4.223300
vt 0.118600 4.665100
vt 0.118600 5.051800
vt 0.104700 5.709200
vt 0.096100 4.331900
vt 0.090300 5.709200
vt 0.074600 5.709200
vt 0.118600 5.395100
vt 0.118600 5.709200
vt 0.084500 4.331900
vt 0.058900 5.709200
vt 0.072900 4.331900
vt 0.061300 4.331900
vt 0.072900 2.954500
vt 0.061300 2.954500
vt 0.049700 4.331900
vt 0.084500 2.954500
vt 0.096100 2.954500
vt 0.043300 0.131600
vt 0.024100 0.131600
vt 0.037400 0.102200
vt 0.024100 0.092600
vt 0.037400 0.072700
vt 0.024100 0.059400
vt 0.037400 0.043300
vt 0.024100 0.028000
vt 0.037400 0.028600
vt 0.037400 0.013800
vt 0.050700 0.013800
vt 0.041200 0.000000
vt 0.056700 0.000000
vt 0.024100 0.013500
vt 0.024100 0.000000
vt 0.064000 0.013800
vt 0.071200 0.000000
vt 0.076300 0.028000
vt 0.085100 0.059400
vt 0.077300 0.043300
vt 0.064000 0.043300
vt 0.064000 0.028600
vt 0.050700 0.043300
vt 0.050700 0.028600
vt 0.077300 0.072700
vt 0.096100 0.092600
vt 0.077300 0.102200
vt 0.093700 0.102200
vt 0.093000 0.131600
vt 0.102600 0.111000
vt 0.110200 0.131600
vt 0.076800 0.131600
vt 0.064000 0.102200
vt 0.064000 0.072700
vt 0.060500 0.131600
vt 0.050700 0.102200
vt 0.050700 0.072700
vt 0.065400 5.292200
vt 0.079700 5.440700
vt 0.042000 5.282700
vt 0.079700 5.517400
vt 0.042000 5.730700
vt 0.075100 5.741900
vt 0.098600 5.517400
vt 0.103900 5.751500
vt 0.117500 5.517400
vt 0.130900 5.759300
vt 0.136300 5.517400
vt 0.155200 5.517400
vt 0.155200 5.440700
vt 0.193000 5.769200
vt 0.192600 5.329900
vt 0.156600 5.324500
vt 0.136300 5.324000
vt 0.120900 5.314200
vt 0.117500 5.440700
vt 0.117500 5.324000
vt 0.098600 5.440700
vt 0.098600 5.324000
vt 0.079700 5.324000
vt 0.085300 5.300400
vt 0.159800 5.765500
vt 0.136300 5.440700
vt 0.098300 0.031400
vt 0.096000 0.030500
vt 0.089800 -0.000000
vt 0.083900 0.030500
vt 0.074200 -0.000000
vt 0.071900 0.030500
vt 0.059000 -0.000000
vt 0.058200 0.030500
vt 0.044900 -0.000000
vt 0.044400 0.030500
vt 0.031100 -0.000000
vt 0.030700 0.030500
vt 0.017000 -0.000000
vt 0.017000 0.031400
vt 0.030700 0.058400
vt 0.017000 0.060100
vt 0.030700 0.086400
vt 0.017000 0.086800
vt 0.017000 0.113900
vt 0.030700 0.114300
vt 0.017000 0.127800
vt 0.031400 0.142300
vt 0.017000 0.142300
vt 0.096000 0.058400
vt 0.105600 0.060100
vt 0.096000 0.086400
vt 0.108000 0.086400
vt 0.096000 0.114300
vt 0.108000 0.114300
vt 0.105900 0.142300
vt 0.120000 0.142300
vt 0.116800 0.113900
vt 0.111700 0.086800
vt 0.091400 0.142300
vt 0.083900 0.114300
vt 0.083900 0.086400
vt 0.083900 0.058400
vt 0.075600 0.142300
vt 0.071900 0.114300
vt 0.071900 0.086400
vt 0.071900 0.058400
vt 0.060000 0.142300
vt 0.058200 0.114300
vt 0.058200 0.086400
vt 0.058200 0.058400
vt 0.045500 0.142300
vt 0.044400 0.114300
vt 0.044400 0.086400
vt 0.044400 0.058400
vt 0.048000 11.856500
vt 0.048300 11.734000
vt 0.065000 11.856500
vt 0.048700 11.584600
vt 0.049500 11.221200
vt 0.050500 10.803000
vt 0.051400 10.413300
vt 0.053000 9.683400
vt 0.053900 9.267800
vt 0.055000 8.783500
vt 0.068200 7.154300
vt 0.056200 8.221100
vt 0.057500 7.579000
vt 0.058300 7.223700
vt 0.059100 6.841300
vt 0.068200 5.010500
vt 0.060000 6.427200
vt 0.061000 5.979900
vt 0.063100 5.048800
vt 0.064200 4.618200
vt 0.068200 3.256700
vt 0.065200 4.228600
vt 0.066100 3.877400
vt 0.066900 3.559500
vt 0.068500 3.008600
vt 0.078300 1.960100
vt 0.069900 2.551700
vt 0.071200 2.170500
vt 0.072400 1.850800
vt 0.078300 1.205000
vt 0.088400 1.205000
vt 0.088400 0.748400
vt 0.094000 0.234200
vt 0.082100 0.199100
vt 0.078300 0.748400
vt 0.081000 0.305900
vt 0.079700 0.449900
vt 0.078400 0.629800
vt 0.077000 0.851900
vt 0.075300 1.159300
vt 0.074400 1.353700
vt 0.073400 1.581600
vt 0.098500 0.748400
vt 0.105400 0.271200
vt 0.098500 1.205000
vt 0.108600 1.205000
vt 0.098500 1.960100
vt 0.108600 1.960100
vt 0.098500 3.256700
vt 0.108600 3.256700
vt 0.098500 5.010500
vt 0.108600 5.010500
vt 0.098500 7.154300
vt 0.108600 7.154300
vt 0.096100 11.856500
vt 0.118700 7.154300
vt 0.111800 11.856500
vt 0.128700 9.642000
vt 0.128700 9.874100
vt 0.108600 0.748400
vt 0.116900 0.310100
vt 0.118700 0.748400
vt 0.128700 0.350900
vt 0.128700 0.494000
vt 0.128700 0.665100
vt 0.128700 0.876400
vt 0.118700 1.205000
vt 0.128700 1.162700
vt 0.128700 1.405000
vt 0.128700 1.545000
vt 0.118700 1.960100
vt 0.128700 1.871900
vt 0.128700 2.062800
vt 0.128700 2.511800
vt 0.118700 3.256700
vt 0.128700 2.776000
vt 0.128700 3.071700
vt 0.128700 3.403200
vt 0.128700 3.775900
vt 0.128700 4.196500
vt 0.118700 5.010500
vt 0.128700 4.673900
vt 0.128700 5.211300
vt 0.128700 6.339000
vt 0.128700 6.848700
vt 0.128700 7.311300
vt 0.128700 7.734700
vt 0.128700 8.124700
vt 0.128700 8.484800
vt 0.128700 8.815900
vt 0.128700 9.117700
vt 0.128700 10.538600
vt 0.128700 11.287000
vt 0.128700 11.510700
vt 0.128700 11.703200
vt 0.128700 11.856500
vt 0.088400 7.154300
vt 0.080700 11.856500
vt 0.078300 7.154300
vt 0.078300 5.010500
vt 0.078300 3.256700
vt 0.088400 5.010500
vt 0.088400 3.256700
vt 0.088400 1.960100
vt -12.001900 1.145800
vt -11.529800 1.670300
vt -11.867400 1.665600
vt -11.678200 1.687500
vt -11.864300 1.672900
vt -11.860100 1.679400
vt -11.849000 1.690000
vt -11.799900 1.701700
vt -11.835300 1.697400
vt -11.818700 1.701500
vt -12.050800 0.880800
vt -9.641300 1.450600
vt -10.366300 1.535000
vt -10.753400 1.580000
vt -12.110800 0.335100
vt -8.188900 1.281300
vt -8.747500 1.346400
vt -9.228600 1.402500
vt -12.120700 0.058700
vt -7.198200 1.165800
vt -7.551100 1.207000
vt -12.099000 -0.493200
vt -7.374800 -1.186400
vt -6.929500 -1.134500
vt -6.443200 -1.077800
vt -12.068000 -0.766000
vt -8.140200 -1.275700
vt -7.775600 -1.233200
vt -12.022300 -1.043500
vt -9.334100 -1.414800
vt -8.783000 -1.350600
vt -11.957800 -1.339300
vt -10.190500 -1.514500
vt -9.797600 -1.468800
vt -11.867400 -1.665600
vt -11.321500 -1.646100
vt -10.914600 -1.598700
vt -11.799900 -1.701700
vt -11.863900 -1.673800
vt -11.858700 -1.681200
vt -11.843500 -1.693500
vt -11.823000 -1.700900
vt -5.471600 -0.964600
vt -5.962700 1.021800
vt -6.407000 1.073600
vt -6.818400 1.121600
vt -5.037900 0.914100
vt -5.038800 -0.914200
vt -4.645500 -0.868400
vt -4.610200 0.864300
vt -4.286700 -0.826600
vt -4.223300 0.819200
vt -3.958300 -0.788400
vt -3.874400 0.778600
vt -3.558600 0.741900
vt -3.381800 -0.721300
vt -3.011400 0.678300
vt -2.896900 -0.665000
vt -2.557500 0.625600
vt -2.487400 -0.617500
vt -2.178800 0.581700
vt -2.140300 -0.577300
vt -1.861300 0.545000
vt -1.844700 -0.543100
vt -1.593800 0.514100
vt -1.592300 -0.513900
vt -1.375700 -0.488900
vt -1.028300 -0.449000
vt -1.174300 0.465800
vt -1.367400 0.488000
vt -0.773300 -0.419800
vt -0.015100 -0.109000
vt -0.000000 0.000000
vt -0.868900 0.430700
vt -0.015100 0.109000
vt -0.648300 0.405500
vt -0.059400 0.209800
vt -0.469500 0.385200
vt -0.129700 0.294900
vt -0.326400 0.369100
vt -0.220200 0.357300
vt -0.059400 -0.209800
vt -0.577000 -0.397400
vt -0.425300 -0.380200
vt -0.220200 -0.357300
vt -0.129700 -0.294900
vt -11.168800 1.628300
vt 0.030300 3.409400
vt 0.030300 3.068100
vt 0.043000 3.409400
vt 0.041100 2.770100
vt 0.052000 2.770100
vt 0.052000 2.213300
vt 0.064100 2.213300
vt 0.064100 1.656500
vt 0.076300 1.656500
vt 0.076300 1.099700
vt 0.088400 1.099700
vt 0.088400 0.821400
vt 0.100500 0.821400
vt 0.100500 0.541400
vt 0.113100 0.541400
vt 0.112000 0.000000
vt 0.124800 -0.000000
vt 0.030300 2.762800
vt 0.030300 2.479300
vt 0.041100 2.213300
vt 0.030300 2.202600
vt 0.041100 1.656500
vt 0.030300 1.645500
vt 0.030300 1.366700
vt 0.041100 1.099700
vt 0.030300 0.813000
vt 0.041100 0.821400
vt 0.041100 0.541400
vt 0.052000 0.541400
vt 0.043000 0.000000
vt 0.056000 0.000000
vt 0.030300 0.541400
vt 0.030300 0.000000
vt 0.064100 0.541400
vt 0.069900 0.000000
vt 0.076300 0.541400
vt 0.085000 0.000000
vt 0.088400 0.541400
vt 0.099000 0.000000
vt 0.125300 0.541400
vt 0.125500 0.813000
vt 0.113100 0.821400
vt 0.113100 1.099700
vt 0.100500 1.099700
vt 0.100500 1.656500
vt 0.088400 1.656500
vt 0.088400 2.213300
vt 0.076300 2.213300
vt 0.076300 2.770100
vt 0.064100 2.770100
vt 0.069900 3.409400
vt 0.056000 3.409400
vt 0.125700 1.366700
vt 0.113100 1.656500
vt 0.100500 2.213300
vt 0.088400 2.770100
vt 0.085000 3.409400
vt 0.125700 1.645500
vt 0.125600 2.202600
vt 0.113100 2.213300
vt 0.125500 2.479300
vt 0.113100 2.770100
vt 0.125400 2.762800
vt 0.125100 3.068100
vt 0.124800 3.409400
vt 0.112000 3.409400
vt 0.100500 2.770100
vt 0.099000 3.409400
vt 0.052000 1.656500
vt 0.064100 1.099700
vt 0.076300 0.821400
vt 0.052000 1.099700
vt 0.064100 0.821400
vt 0.052000 0.821400
vt 0.105900 -0.000000
vt 0.120000 0.000000
vt 0.108000 0.016500
vt 0.118500 0.016100
vt 0.116100 0.032400
vt 0.109200 0.066800
vt 0.108000 0.060400
vt 0.108000 0.033100
vt 0.096000 0.033100
vt 0.096000 0.016500
vt 0.083900 0.033100
vt 0.083900 0.016500
vt 0.071900 0.033100
vt 0.071900 0.016500
vt 0.058200 0.033100
vt 0.058200 0.016500
vt 0.044400 0.033100
vt 0.044400 0.016500
vt 0.030700 0.033100
vt 0.030700 0.016500
vt 0.017000 0.032400
vt 0.017000 0.016300
vt 0.100100 0.103700
vt 0.096000 0.087700
vt 0.096000 0.060400
vt 0.096000 0.115000
vt 0.089800 0.142300
vt 0.083900 0.115000
vt 0.074200 0.142300
vt 0.071900 0.115000
vt 0.059000 0.142300
vt 0.058200 0.115000
vt 0.044900 0.142300
vt 0.044400 0.115000
vt 0.031100 0.142300
vt 0.030700 0.115000
vt 0.017000 0.103700
vt 0.030700 0.087700
vt 0.017000 0.066800
vt 0.030700 0.060400
vt 0.031400 -0.000000
vt 0.045500 -0.000000
vt 0.060000 -0.000000
vt 0.075600 -0.000000
vt 0.091400 -0.000000
vt 0.083900 0.060400
vt 0.071900 0.060400
vt 0.058200 0.060400
vt 0.044400 0.060400
vt 0.044400 0.087700
vt 0.058200 0.087700
vt 0.071900 0.087700
vt 0.083900 0.087700
vt 0.157400 2.696400
vt 0.155200 2.575600
vt 0.192600 2.691100
vt 0.155200 2.546000
vt 0.193000 2.251800
vt 0.173700 2.253500
vt 0.155200 2.311900
vt 0.155300 2.256300
vt 0.136300 2.311900
vt 0.119400 2.264800
vt 0.117500 2.311900
vt 0.098600 2.311900
vt 0.098600 2.546000
vt 0.079700 2.546000
vt 0.079700 2.575600
vt 0.042000 2.504000
vt 0.073600 2.725400
vt 0.042000 2.738300
vt 0.143600 2.699800
vt 0.136300 2.575600
vt 0.136300 2.546000
vt 0.120100 2.707100
vt 0.117500 2.575600
vt 0.117500 2.546000
vt 0.098600 2.575600
vt 0.086700 2.720000
vt 0.079700 2.311900
vt 0.042000 2.290300
vt 0.082400 2.276700
vt 0.041200 0.131600
vt 0.037400 0.116900
vt 0.024100 0.116500
vt 0.037400 0.102300
vt 0.024100 0.101100
vt 0.037400 0.072900
vt 0.024100 0.068900
vt 0.037400 0.043600
vt 0.024100 0.034900
vt 0.037400 0.014300
vt 0.043300 -0.000000
vt 0.050600 0.014300
vt 0.063900 0.014300
vt 0.076800 -0.000000
vt 0.077200 0.014300
vt 0.093000 -0.000000
vt 0.093700 0.014300
vt 0.110200 -0.000000
vt 0.099900 0.028100
vt 0.095600 0.040300
vt 0.077200 0.043600
vt 0.063900 0.043600
vt 0.050600 0.043600
vt 0.093700 0.043600
vt 0.085300 0.071400
vt 0.077200 0.072900
vt 0.063900 0.072900
vt 0.079100 0.092500
vt 0.063900 0.102300
vt 0.076100 0.104200
vt 0.063900 0.116900
vt 0.071200 0.131600
vt 0.056700 0.131600
vt 0.050600 0.116900
vt 0.050600 0.102300
vt 0.050600 0.072900
vt 0.040200 3.373500
vt 0.040200 3.065500
vt 0.054900 3.373500
vt 0.051200 2.806300
vt 0.062100 2.806300
vt 0.062100 2.239100
vt 0.073100 2.239100
vt 0.073100 1.799500
vt 0.082900 2.245200
vt 0.082700 1.637800
vt 0.073100 1.359800
vt 0.082800 1.324000
vt 0.073100 0.920200
vt 0.083200 0.734800
vt 0.073100 0.480500
vt 0.083400 0.473300
vt 0.084100 -0.000000
vt 0.069400 0.000000
vt 0.062100 0.480500
vt 0.054900 0.000000
vt 0.051200 0.480500
vt 0.040200 0.233400
vt 0.040200 0.734800
vt 0.051200 0.920200
vt 0.040200 1.324000
vt 0.051200 1.359800
vt 0.040200 1.637800
vt 0.051200 1.799500
vt 0.040200 2.245200
vt 0.051200 2.239100
vt 0.040200 2.524600
vt 0.040200 0.000000
vt 0.083100 2.524600
vt 0.073100 2.806300
vt 0.069400 3.373500
vt 0.083600 3.065500
vt 0.084100 3.373500
vt 0.062100 1.799500
vt 0.062100 1.359800
vt 0.062100 0.920200
vt -1.515900 -20.311899
vt -1.457200 -20.615200
vt -1.075700 -20.297100
vt -0.994700 -20.831800
vt -1.381600 -21.152399
vt -0.965300 -21.101601
vt -1.356700 -21.431499
vt -0.929100 -21.653500
vt -1.336900 -22.040300
vt -0.923200 -21.931999
vt -0.936300 -22.488400
vt -1.345200 -22.354900
vt -0.955000 -22.764200
vt -1.394600 -22.943800
vt -0.982400 -23.046101
vt -1.430300 -23.203501
vt -1.021200 -23.348600
vt -1.515900 -23.670401
vt -1.075700 -23.685200
vt 0.044200 4.631700
vt 0.049700 3.410100
vt 0.046400 5.709200
vt 0.061300 3.411600
vt 0.060500 5.709200
vt 0.072900 3.413100
vt 0.084500 3.414600
vt 0.072900 1.694200
vt 0.084500 1.692300
vt 0.072900 0.569500
vt 0.084500 0.567900
vt 0.074600 -0.000000
vt 0.090300 -0.000000
vt 0.043600 4.324500
vt 0.042800 3.989800
vt 0.042000 3.625000
vt 0.041100 3.227900
vt 0.040000 2.795600
vt 0.049700 1.697900
vt 0.040100 1.699500
vt 0.040100 0.573900
vt 0.035900 1.365200
vt 0.034500 0.958000
vt 0.038700 2.323100
vt 0.037300 1.828800
vt 0.033100 0.602300
vt 0.031800 0.286900
vt 0.044500 -0.000000
vt 0.030600 -0.000000
vt 0.049700 0.572600
vt 0.058900 -0.000000
vt 0.061300 0.571000
vt 0.096100 0.566400
vt 0.104700 -0.000000
vt 0.107400 0.564900
vt 0.118600 0.563400
vt 0.118600 0.891800
vt 0.118600 1.264300
vt 0.107400 1.688700
vt 0.118600 1.686900
vt 0.118600 2.148900
vt 0.118600 2.606000
vt 0.107400 3.417500
vt 0.096100 3.416100
vt 0.091100 5.709200
vt 0.075900 5.709200
vt 0.118600 3.029100
vt 0.118600 3.419000
vt 0.118600 3.779000
vt 0.118600 4.417600
vt 0.105000 5.709200
vt 0.118600 4.960000
vt 0.118600 5.200500
vt 0.061300 1.696100
vt 0.096100 1.690500
vt 2.848600 12.217100
vt 3.151900 12.174700
vt 2.887000 12.710200
vt 3.151700 12.666300
vt 3.028300 12.840400
vt 3.151500 12.959300
vt 2.830000 11.988000
vt 3.152200 11.569000
vt 2.786600 11.480200
vt 2.791200 11.257900
vt 2.733100 10.895100
vt 2.791200 10.406500
vt 2.701700 10.569700
vt 2.666500 10.219900
vt 2.791200 9.555100
vt 2.626700 9.841900
vt 2.581700 9.433500
vt 2.533600 9.018700
vt 2.791200 7.710400
vt 3.154300 8.639200
vt 3.154800 8.168000
vt 3.155300 7.701900
vt 3.155700 7.273400
vt 2.791200 7.209200
vt 3.156200 6.884800
vt 2.791200 6.708000
vt 3.156600 6.529300
vt 2.791200 6.203000
vt 3.157000 6.201600
vt 3.157400 5.898400
vt 2.791200 5.705600
vt 3.157800 5.617100
vt 2.791200 5.275300
vt 3.158200 5.355100
vt 3.158500 5.110300
vt 2.791200 4.845000
vt 3.159200 4.665700
vt 2.791200 4.414800
vt 3.159500 4.463000
vt 3.160100 4.091200
vt 2.791200 3.984500
vt 3.160900 3.603300
vt 2.791200 3.496900
vt 3.161500 3.315900
vt 2.791200 3.009400
vt 3.162200 2.938100
vt 3.162800 2.606800
vt 2.791200 2.521800
vt 3.163400 2.302400
vt 3.163900 2.034700
vt 2.774900 2.034500
vt 2.418500 2.521800
vt 2.385900 2.034500
vt 2.165400 2.521800
vt 1.997000 2.034800
vt 1.912300 2.521800
vt 1.607900 2.034500
vt 1.467900 2.521800
vt 1.218800 2.034300
vt 1.245800 2.521800
vt 1.023600 2.521800
vt 1.023600 3.009400
vt 0.779100 3.009400
vt 0.779100 3.496900
vt 0.534600 3.496900
vt 0.534600 3.984500
vt 0.290200 3.984500
vt 0.376100 4.463100
vt 0.257700 4.355500
vt 2.487000 8.635400
vt 2.443400 8.292900
vt 2.402600 7.985700
vt 2.418500 7.710400
vt 2.326700 7.444200
vt 2.418500 7.209200
vt 2.281200 7.221300
vt 2.241200 7.083800
vt 2.104200 6.733700
vt 2.165400 6.708000
vt 2.418500 6.708000
vt 2.165400 6.205400
vt 1.845500 6.247300
vt 1.912300 6.206400
vt 1.912300 5.705600
vt 2.165400 5.705600
vt 2.418500 6.204500
vt 2.418500 5.705600
vt 1.683100 5.990000
vt 1.524800 5.758900
vt 1.467900 5.275300
vt 1.245800 5.275300
vt 1.467900 4.845000
vt 1.245800 4.845000
vt 1.467900 4.414800
vt 1.245800 4.414800
vt 1.467900 3.984500
vt 1.245800 3.984500
vt 1.467900 3.496900
vt 1.245800 3.496900
vt 1.467900 3.009400
vt 1.245800 3.009400
vt 1.089800 5.190200
vt 1.023600 4.845000
vt 0.830800 4.892200
vt 1.023600 4.414800
vt 0.779100 4.414800
vt 1.023600 3.984500
vt 0.779100 3.984500
vt 1.023600 3.496900
vt 0.616900 4.673100
vt 0.534600 4.414800
vt 0.162100 4.234100
vt 0.081700 4.071500
vt 0.055700 3.974000
vt 0.045700 3.867100
vt 0.290200 3.496900
vt 0.534600 3.009400
vt 0.779100 2.521800
vt 0.829900 2.034500
vt 0.046700 3.170300
vt 0.290200 3.009400
vt 0.534600 2.521800
vt 0.635500 2.034600
vt 0.048600 2.562700
vt 0.290200 2.521800
vt 0.440900 2.034500
vt 0.051500 2.034500
vt 0.246100 2.034500
vt 3.154000 9.071600
vt 3.153600 9.456000
vt 3.153400 9.803300
vt 3.153100 10.121200
vt 3.152900 10.415200
vt 3.152800 10.687400
vt 3.152600 10.936200
vt 3.152500 11.162500
vt 2.165400 5.275300
vt 1.912300 5.275300
vt 2.165400 4.845000
vt 1.912300 4.845000
vt 2.165400 4.414800
vt 1.912300 4.414800
vt 2.165400 3.984500
vt 1.912300 3.984500
vt 2.165400 3.496900
vt 1.912300 3.496900
vt 2.165400 3.009400
vt 1.912300 3.009400
vt 2.418500 5.275300
vt 2.418500 4.845000
vt 2.418500 4.414800
vt 2.418500 3.984500
vt 2.418500 3.496900
vt 2.418500 3.009400
vt 0.094000 11.622300
vt 0.082100 11.657400
vt 0.088400 11.127000
vt 0.080100 11.451200
vt 0.078300 11.127000
vt 0.078900 11.298400
vt 0.077600 11.100900
vt 0.078300 10.610300
vt 0.076100 10.844300
vt 0.074400 10.494500
vt 0.078300 9.898900
vt 0.073400 10.276500
vt 0.072400 10.022400
vt 0.071300 9.724900
vt 0.078300 8.745000
vt 0.088400 8.745000
vt 0.088400 4.372500
vt 0.098500 4.372500
vt 0.096100 0.000000
vt 0.108600 4.372500
vt 0.111800 0.000000
vt 0.118700 4.372500
vt 0.128700 3.171900
vt 0.128700 3.562100
vt 0.070100 9.375400
vt 0.068800 8.963200
vt 0.067400 8.475100
vt 0.065800 7.894700
vt 0.068200 4.372500
vt 0.078300 4.372500
vt 0.065000 7.564100
vt 0.064100 7.202800
vt 0.063100 6.806800
vt 0.062100 6.371100
vt 0.059900 5.393000
vt 0.058900 4.903400
vt 0.058100 4.372500
vt 0.057900 4.455100
vt 0.057100 4.051500
vt 0.056300 3.684500
vt 0.054900 3.037300
vt 0.065000 0.000000
vt 0.053700 2.482500
vt 0.052700 2.015800
vt 0.051800 1.620300
vt 0.050100 0.891300
vt 0.049200 0.481700
vt 0.048000 0.000000
vt 0.080700 0.000000
vt 0.128700 0.000000
vt 0.128700 0.299700
vt 0.128700 0.816000
vt 0.128700 1.477700
vt 0.128700 1.937900
vt 0.128700 2.199600
vt 0.128700 2.491600
vt 0.128700 2.816000
vt 0.128700 3.994200
vt 0.128700 4.477800
vt 0.128700 5.026100
vt 0.128700 5.625100
vt 0.128700 6.215100
vt 0.128700 6.751400
vt 0.128700 7.229600
vt 0.128700 7.657800
vt 0.128700 8.042900
vt 0.128700 8.389400
vt 0.118700 8.745000
vt 0.108600 8.745000
vt 0.108600 9.898900
vt 0.098500 9.898900
vt 0.098500 10.610300
vt 0.088400 10.610300
vt 0.128700 8.701400
vt 0.128700 8.983000
vt 0.128700 9.237400
vt 0.128700 9.676000
vt 0.128700 9.865200
vt 0.118700 9.898900
vt 0.128700 10.193300
vt 0.128700 10.584500
vt 0.118700 10.610300
vt 0.128700 10.792700
vt 0.128700 11.040100
vt 0.118700 11.127000
vt 0.128700 11.231800
vt 0.128700 11.386600
vt 0.128700 11.505700
vt 0.116900 11.546400
vt 0.108600 11.127000
vt 0.105400 11.585300
vt 0.108600 10.610300
vt 0.098500 11.127000
vt 0.088400 9.898900
vt 0.098500 8.745000
vt 0.038100 2.664700
vt 0.067100 2.462400
vt 0.182200 2.664700
vt 0.231100 2.442800
vt 0.326400 2.664700
vt 0.424200 2.442800
vt 0.470500 2.664700
vt 0.617200 2.442800
vt 0.614400 2.664700
vt 0.810200 2.442800
vt 0.902300 2.664500
vt 1.117800 2.442800
vt 1.190400 2.664700
vt 1.425400 2.442800
vt 1.478500 2.665000
vt 1.608400 2.442800
vt 1.766400 2.664700
vt 1.791400 2.442800
vt 1.933100 2.442800
vt 1.933100 2.220600
vt 2.074800 2.220600
vt 2.074800 2.015200
vt 2.358100 2.169900
vt 2.074800 1.809800
vt 2.358100 1.691100
vt 2.074800 1.530000
vt 2.074800 1.390200
vt 1.933100 1.530000
vt 1.933100 1.390200
vt 1.791400 1.530000
vt 1.791400 1.390200
vt 1.608400 1.530000
vt 1.608400 1.390200
vt 1.425400 1.530000
vt 1.425400 1.390200
vt 1.117800 1.530000
vt 1.117800 1.390200
vt 0.810200 1.530000
vt 0.810200 1.390200
vt 0.617200 1.530000
vt 0.617200 1.390200
vt 0.424200 1.530000
vt 0.424200 1.390200
vt 0.328500 1.367000
vt 0.424200 1.250300
vt 0.377400 1.194400
vt 0.424200 1.094000
vt 0.421300 1.025400
vt 0.617200 1.094000
vt 0.617200 0.937700
vt 0.810200 0.937700
vt 0.810200 0.781400
vt 1.117800 0.781400
vt 1.117800 0.625100
vt 1.425400 0.625100
vt 1.425400 0.468900
vt 1.608400 0.468900
vt 1.608400 0.312600
vt 1.791400 0.312600
vt 1.791400 0.156300
vt 1.933100 0.156300
vt 1.903200 0.000000
vt 2.074800 0.156300
vt 2.358100 0.000000
vt 2.074800 0.312600
vt 2.358100 0.538600
vt 2.074800 0.468900
vt 2.074800 0.625100
vt 1.933100 0.625100
vt 1.933100 0.781400
vt 1.791400 0.781400
vt 1.791400 0.937700
vt 1.608400 0.937700
vt 1.608400 1.094000
vt 1.425400 1.094000
vt 1.425400 1.250300
vt 1.117800 1.250300
vt 0.085100 2.352500
vt 0.231100 2.220600
vt 0.424200 2.220600
vt 0.424200 2.015200
vt 0.617200 2.015200
vt 0.617200 1.809800
vt 0.810200 1.809800
vt 0.130400 2.115500
vt 0.231100 2.015200
vt 0.424200 1.809800
vt 0.192700 1.849300
vt 0.231100 1.809800
vt 0.232500 1.700300
vt 0.278500 1.538200
vt 0.457500 0.862700
vt 0.617200 0.781400
vt 0.810200 0.625100
vt 1.117800 0.468900
vt 1.425400 0.312600
vt 1.608400 0.156300
vt 0.505300 0.561100
vt 0.617200 0.625100
vt 0.810200 0.468900
vt 1.117800 0.312600
vt 1.425400 0.156300
vt 1.446300 0.000000
vt 0.617200 0.468900
vt 0.527400 0.289500
vt 0.617200 0.312600
vt 0.617200 0.156300
vt 0.810200 0.156300
vt 0.534300 -0.000000
vt 2.358100 1.127300
vt 2.074800 0.781400
vt 1.933100 0.937700
vt 1.791400 1.094000
vt 1.608400 1.250300
vt 2.074800 1.250300
vt 2.074800 1.094000
vt 2.074800 0.937700
vt 1.933100 1.094000
vt 2.356900 2.307200
vt 2.074800 2.442800
vt 2.054400 2.664700
vt 2.353600 2.433800
vt 2.348600 2.552200
vt 2.342300 2.664900
vt 0.617200 2.220600
vt 0.810200 2.220600
vt 1.117800 2.220600
vt 1.425400 2.220600
vt 1.608400 2.220600
vt 1.791400 2.220600
vt 0.810200 2.015200
vt 1.117800 2.015200
vt 1.425400 2.015200
vt 1.608400 2.015200
vt 1.791400 2.015200
vt 1.933100 2.015200
vt 1.117800 1.809800
vt 1.425400 1.809800
vt 1.608400 1.809800
vt 1.791400 1.809800
vt 1.933100 1.809800
vt 1.933100 1.250300
vt 1.791400 1.250300
vt 0.810200 1.250300
vt 0.617200 1.250300
vt 0.810200 1.094000
vt 1.117800 1.094000
vt 1.425400 0.937700
vt 1.608400 0.781400
vt 1.791400 0.625100
vt 1.933100 0.468900
vt 1.117800 0.937700
vt 1.425400 0.781400
vt 1.608400 0.625100
vt 1.791400 0.468900
vt 1.933100 0.312600
vt 0.810200 0.312600
vt 1.117800 0.156300
vt 0.078700 4.196800
vt 0.060200 4.196800
vt 0.070300 3.940000
vt 0.059700 3.874600
vt 0.070300 3.683300
vt 0.059700 3.683300
vt 0.058400 3.547400
vt 0.056000 3.153700
vt 0.059700 3.426600
vt 0.070300 3.426600
vt 0.080900 3.426600
vt 0.080900 3.683300
vt 0.091500 3.426600
vt 0.091500 3.683300
vt 0.102100 3.426600
vt 0.102100 3.683300
vt 0.112700 3.426600
vt 0.112700 3.683300
vt 0.123300 3.426600
vt 0.123300 3.683300
vt 0.133900 3.620600
vt 0.133800 3.814100
vt 0.054500 2.927600
vt 0.059700 2.913100
vt 0.059700 3.169900
vt 0.070300 3.169900
vt 0.080900 3.169900
vt 0.091500 3.169900
vt 0.102100 3.169900
vt 0.112700 3.169900
vt 0.123300 3.169900
vt 0.133900 3.403500
vt 0.053000 2.684400
vt 0.059700 2.656400
vt 0.070300 2.656400
vt 0.070300 2.399700
vt 0.080900 2.399700
vt 0.080900 2.143000
vt 0.091500 2.143000
vt 0.091500 1.840200
vt 0.102100 1.840200
vt 0.102100 1.537300
vt 0.112700 1.537300
vt 0.112700 1.234500
vt 0.123300 1.234500
vt 0.123300 0.931700
vt 0.133900 0.991400
vt 0.133900 0.743000
vt 0.122400 0.743200
vt 0.112700 0.931700
vt 0.111700 0.743500
vt 0.102100 0.931700
vt 0.101500 0.744100
vt 0.091500 0.931700
vt 0.091400 0.744800
vt 0.080900 0.931700
vt 0.081400 0.745500
vt 0.071300 0.747100
vt 0.070300 0.931700
vt 0.060900 0.750000
vt 0.059700 0.931700
vt 0.049900 0.752700
vt 0.049200 0.958200
vt 0.049200 1.080200
vt 0.059700 1.234500
vt 0.049200 1.367500
vt 0.059700 1.537300
vt 0.049500 1.725500
vt 0.059700 1.840200
vt 0.049900 1.938400
vt 0.059700 2.143000
vt 0.050600 2.176100
vt 0.059700 2.399700
vt 0.051600 2.430100
vt 0.133900 1.316200
vt 0.123300 1.537300
vt 0.112700 1.840200
vt 0.102100 2.143000
vt 0.091500 2.399700
vt 0.080900 2.656400
vt 0.070300 2.913100
vt 0.133900 1.512600
vt 0.133900 1.737500
vt 0.123300 1.840200
vt 0.133900 1.996600
vt 0.123300 2.143000
vt 0.133900 2.288900
vt 0.123300 2.399700
vt 0.133900 2.594200
vt 0.123300 2.656400
vt 0.133900 2.888800
vt 0.123300 2.913100
vt 0.133900 3.160100
vt 0.123300 3.940000
vt 0.133900 4.196800
vt 0.114300 4.196800
vt 0.096400 4.196800
vt 0.102100 3.940000
vt 0.112700 3.940000
vt 0.091500 3.940000
vt 0.080900 3.940000
vt 0.080900 2.913100
vt 0.091500 2.913100
vt 0.091500 2.656400
vt 0.102100 2.913100
vt 0.102100 2.656400
vt 0.102100 2.399700
vt 0.112700 2.913100
vt 0.112700 2.656400
vt 0.112700 2.399700
vt 0.112700 2.143000
vt 0.070300 2.143000
vt 0.080900 1.840200
vt 0.091500 1.537300
vt 0.102100 1.234500
vt 0.070300 1.840200
vt 0.080900 1.537300
vt 0.091500 1.234500
vt 0.070300 1.537300
vt 0.080900 1.234500
vt 0.070300 1.234500
vt 0.066800 3.195900
vt 0.049100 3.195900
vt 0.059600 2.064900
vt 0.049100 2.685700
vt 0.049100 2.213500
vt 0.049100 1.777900
vt 0.059600 1.922400
vt 0.070200 1.922400
vt 0.070200 1.531400
vt 0.080800 1.531400
vt 0.071300 1.377100
vt 0.081600 1.377000
vt 0.059600 1.531400
vt 0.049100 1.377700
vt 0.060600 1.377300
vt 0.091400 1.531400
vt 0.091600 1.377100
vt 0.101600 1.377500
vt 0.102100 1.531400
vt 0.111900 1.377300
vt 0.112800 1.531400
vt 0.122700 1.375900
vt 0.123500 1.531400
vt 0.134200 1.374900
vt 0.133400 1.917100
vt 0.123500 1.922400
vt 0.133300 2.522900
vt 0.123500 2.064900
vt 0.115500 3.195900
vt 0.112800 2.064900
vt 0.102100 2.064900
vt 0.112800 1.922400
vt 0.102100 1.922400
vt 0.133200 3.195900
vt 0.099100 3.195900
vt 0.091400 2.064900
vt 0.091400 1.922400
vt 0.083200 3.195900
vt 0.080800 2.064900
vt 0.080800 1.922400
vt 0.070200 2.064900
vt 0.067700 0.633600
vt 0.050000 0.633600
vt 0.059800 0.566400
vt 0.049200 0.501500
vt 0.059800 0.474900
vt 0.049400 0.368500
vt 0.059800 0.383500
vt 0.059800 0.292100
vt 0.070400 0.292100
vt 0.070400 0.200600
vt 0.081000 0.200600
vt 0.081000 0.029700
vt 0.091600 0.029700
vt 0.083900 0.000000
vt 0.099800 0.000000
vt 0.050000 0.203800
vt 0.059800 0.200600
vt 0.070400 0.029700
vt 0.067500 0.000000
vt 0.050100 0.107500
vt 0.059800 0.029700
vt 0.049800 0.000000
vt 0.112700 0.029700
vt 0.102100 0.029700
vt 0.091600 0.200600
vt 0.081000 0.292100
vt 0.070400 0.383500
vt 0.123300 0.029700
vt 0.133900 0.107500
vt 0.123300 0.200600
vt 0.133900 0.203800
vt 0.123300 0.292100
vt 0.133900 0.368500
vt 0.123300 0.383500
vt 0.123300 0.474900
vt 0.112700 0.474900
vt 0.112700 0.566400
vt 0.102100 0.566400
vt 0.099900 0.633600
vt 0.091600 0.566400
vt 0.084000 0.633600
vt 0.081000 0.566400
vt 0.070400 0.566400
vt 0.070400 0.474900
vt 0.133900 0.501500
vt 0.123300 0.566400
vt 0.116200 0.633600
vt 0.133900 0.633600
vt 0.081000 0.474900
vt 0.081000 0.383500
vt 0.091600 0.474900
vt 0.091600 0.383500
vt 0.091600 0.292100
vt 0.102100 0.474900
vt 0.102100 0.383500
vt 0.102100 0.292100
vt 0.102100 0.200600
vt 0.112700 0.383500
vt 0.112700 0.292100
vt 0.112700 0.200600
vt 0.044400 2.304000
vt 0.030500 2.304000
vt 0.040500 2.199200
vt 0.030500 2.091100
vt 0.040500 1.974100
vt 0.030500 1.967800
vt 0.040500 1.749000
vt 0.030500 1.677000
vt 0.040500 1.523900
vt 0.030500 1.316800
vt 0.040500 1.298800
vt 0.030500 1.140300
vt 0.040500 0.848600
vt 0.030500 0.986700
vt 0.030500 0.609600
vt 0.040500 0.398500
vt 0.030500 0.395500
vt 0.030500 0.214900
vt 0.040500 0.199200
vt 0.043700 0.000000
vt 0.057100 0.000000
vt 0.050500 0.199200
vt 0.050500 0.398500
vt 0.050500 0.848600
vt 0.050500 1.298800
vt 0.050500 1.523900
vt 0.050500 1.749000
vt 0.050500 1.974100
vt 0.050500 2.199200
vt 0.062300 2.199200
vt 0.058600 2.304000
vt 0.074100 2.199200
vt 0.074100 2.304000
vt 0.085800 2.199200
vt 0.090000 2.304000
vt 0.097600 2.199200
vt 0.104400 2.304000
vt 0.109200 2.199200
vt 0.118300 2.304000
vt 0.119300 2.091100
vt 0.109200 1.974100
vt 0.119800 1.967800
vt 0.109200 1.749000
vt 0.120800 1.677000
vt 0.109200 1.523900
vt 0.120600 1.316800
vt 0.109200 1.298800
vt 0.119600 1.140300
vt 0.109200 0.848600
vt 0.118100 0.986700
vt 0.111900 0.609600
vt 0.097600 0.848600
vt 0.097600 0.398500
vt 0.085800 0.848600
vt 0.085800 0.398500
vt 0.074100 0.848600
vt 0.074100 0.398500
vt 0.062300 0.848600
vt 0.062300 0.398500
vt 0.062300 0.199200
vt 0.071700 0.000000
vt 0.074100 0.199200
vt 0.086900 0.000000
vt 0.085800 0.199200
vt 0.097600 0.199200
vt 0.100800 0.000000
vt 0.104000 0.214900
vt 0.107500 0.395500
vt 0.062300 1.974100
vt 0.062300 1.749000
vt 0.062300 1.523900
vt 0.062300 1.298800
vt 0.074100 1.974100
vt 0.074100 1.749000
vt 0.074100 1.523900
vt 0.074100 1.298800
vt 0.085800 1.974100
vt 0.085800 1.749000
vt 0.085800 1.523900
vt 0.085800 1.298800
vt 0.097600 1.974100
vt 0.097600 1.749000
vt 0.097600 1.523900
vt 0.097600 1.298800
vt 2.600100 0.000000
vt 2.209000 0.000000
vt 2.603500 -0.060200
vt 2.208400 -0.096000
vt 2.613900 -0.121300
vt 2.206700 -0.192000
vt 2.630800 -0.180600
vt 2.652500 -0.236100
vt 2.204200 -0.288000
vt 2.679600 -0.291000
vt 2.711200 -0.344800
vt 2.201000 -0.384000
vt 2.781000 -0.444800
vt 2.197700 -0.480000
vt 2.857000 -0.542500
vt 2.194600 -0.576000
vt 2.931400 -0.641600
vt 2.192000 -0.672000
vt 2.963600 -0.691900
vt 2.190300 -0.767900
vt 2.991700 -0.746800
vt 3.011000 -0.804900
vt 2.189800 -0.863900
vt 3.017700 -0.863900
vt -0.070900 4.200900
vt -0.725400 2.205000
vt -0.070900 0.209100
vt -0.742000 2.110900
vt -0.351400 0.238000
vt -0.789800 2.028200
vt -0.619300 0.316700
vt -0.862400 0.449900
vt -0.863000 1.966800
vt -1.083200 0.622700
vt -0.952800 1.934200
vt -1.048400 1.934200
vt -0.742000 2.299100
vt -0.351300 4.172000
vt -0.789800 2.381800
vt -0.619100 4.093300
vt -0.862200 3.960200
vt -0.863000 2.443200
vt -1.083000 3.787500
vt -0.952800 2.475800
vt -1.048400 2.475800
vt -1.312700 3.588300
vt -1.138200 2.443200
vt -1.580900 3.378900
vt -1.211400 2.381800
vt -1.259200 2.299100
vt -1.926000 3.168400
vt -1.275800 2.205000
vt -1.926100 1.241600
vt -1.259200 2.110900
vt -1.581000 1.031200
vt -1.211400 2.028200
vt -1.138200 1.966800
vt -1.312800 0.821900
vt -2.139600 1.344600
vt -2.139500 3.065400
vt -2.386700 1.444600
vt -2.386700 2.965400
vt -0.018900 3.549500
vt -0.336800 3.327400
vt -0.336800 3.017200
vt -0.336800 2.817800
vt -0.336800 2.618400
vt -0.673700 2.817800
vt -0.673700 2.618400
vt -1.010500 2.817800
vt -1.010500 2.618400
vt -1.347400 2.817800
vt -1.347400 2.618400
vt -1.646800 2.817800
vt -1.646800 2.618400
vt -1.946200 2.817800
vt -1.946200 2.618400
vt -2.545100 2.817800
vt -2.545100 2.618400
vt -3.040600 2.817800
vt -3.040600 2.618400
vt -3.288400 2.817800
vt -3.288400 2.618400
vt -3.530800 2.714500
vt -3.533200 2.309500
vt -0.336800 3.637500
vt -0.075400 3.679100
vt -0.410500 3.774500
vt -0.673700 3.637500
vt -0.804800 3.940000
vt -1.010500 3.637500
vt -1.010500 3.947600
vt -1.347400 3.947600
vt -1.241100 4.179800
vt -1.646800 4.257800
vt -1.678800 4.462200
vt -1.946200 4.257800
vt -2.115900 4.765800
vt -2.545100 4.257800
vt -2.545100 4.712200
vt -3.040600 4.712200
vt -2.556100 5.076000
vt -3.040600 5.166700
vt -3.018100 5.393500
vt -3.288400 5.166700
vt -3.261900 5.555200
vt -3.288400 5.442600
vt -3.516100 5.718600
vt -3.517700 5.326900
vt -3.519400 4.952600
vt -3.288400 4.712200
vt -3.521000 4.592900
vt -3.424300 4.455600
vt -3.392200 4.394000
vt -3.288400 4.257800
vt -3.040600 4.257800
vt -3.040600 3.947600
vt -2.545100 3.947600
vt -2.545100 3.637500
vt -1.946200 3.637500
vt -1.946200 3.327400
vt -1.646800 3.327400
vt -1.646800 3.017200
vt -1.347400 3.017200
vt -3.380500 4.363800
vt -3.373100 4.335400
vt -3.293800 3.833900
vt -3.288400 3.947600
vt -3.226400 3.287400
vt -3.040600 3.637500
vt -3.040600 3.327400
vt -2.545100 3.327400
vt -2.545100 3.017200
vt -1.946200 3.017200
vt -3.225500 3.261600
vt -3.228700 3.239800
vt -3.040600 3.017200
vt -3.246500 3.211000
vt -3.288400 3.017200
vt -3.275800 3.201400
vt -3.312300 3.207400
vt -3.528900 3.057700
vt -3.408100 3.261000
vt -3.527200 3.365800
vt -3.288400 2.219600
vt -3.536200 1.804600
vt -3.288400 2.007600
vt -3.237400 1.806700
vt -3.040600 2.007600
vt -2.959900 1.810600
vt -2.703700 1.815400
vt -2.545100 2.007600
vt -2.456100 1.795700
vt -1.946200 2.007600
vt -1.963700 1.823000
vt -1.717800 1.808800
vt -1.646800 2.007600
vt -1.494500 1.804600
vt -1.347400 2.007600
vt -1.293000 1.808400
vt -1.010500 2.007600
vt -0.841100 1.806300
vt -0.673700 2.007600
vt -0.622400 1.806300
vt -0.410600 1.806600
vt -0.336800 2.007600
vt -0.203600 1.806600
vt -0.000100 1.807400
vt -0.336800 2.219600
vt -1.347400 3.327400
vt -1.646800 3.637500
vt -1.347400 3.637500
vt -1.646800 3.947600
vt -1.010500 3.327400
vt -1.010500 3.017200
vt -0.673700 3.017200
vt -0.673700 3.327400
vt -1.946200 3.947600
vt -3.040600 2.219600
vt -2.545100 2.219600
vt -1.946200 2.219600
vt -1.646800 2.219600
vt -1.347400 2.219600
vt -1.010500 2.219600
vt -0.673700 2.219600
vt -0.443000 0.125200
vt -0.625500 0.159000
vt -0.444200 -0.000000
vt -0.818000 0.159000
vt -1.332900 -0.000000
vt -1.010400 0.159000
vt -1.227000 0.159000
vt -1.227000 0.318000
vt -1.443500 0.318000
vt -1.443500 0.477000
vt -1.804300 0.477000
vt -1.804300 0.636000
vt -2.038700 0.636000
vt -2.038700 0.737200
vt -2.225400 0.509400
vt -2.038700 0.838400
vt -2.237200 1.122200
vt -2.038700 0.939600
vt -2.038700 1.040900
vt -1.804300 1.040900
vt -2.038700 1.243300
vt -1.804300 1.243300
vt -2.038700 1.445800
vt -1.804300 1.445800
vt -2.038700 1.648200
vt -1.804300 1.648200
vt -2.038700 1.850700
vt -1.804300 1.850700
vt -2.038700 2.053100
vt -1.804300 2.053100
vt -2.038700 2.255500
vt -1.804300 2.255500
vt -1.902600 2.551900
vt -1.737900 2.557200
vt -1.577800 2.530500
vt -1.443500 2.255500
vt -1.227000 2.255500
vt -1.227000 2.053100
vt -1.010400 2.053100
vt -1.010400 1.850700
vt -0.818000 1.850700
vt -0.818000 1.648200
vt -0.625500 1.648200
vt -0.625500 1.445800
vt -0.469200 1.445800
vt -0.469200 1.243300
vt -0.312800 1.243300
vt -0.469200 1.040900
vt -0.352100 0.939100
vt -0.469200 0.939200
vt -0.469200 0.838400
vt -0.625500 0.838400
vt -0.469200 0.737200
vt -0.625500 0.737200
vt -0.469200 0.636000
vt -0.625500 0.636000
vt -0.469200 0.477000
vt -0.625500 0.477000
vt -0.469200 0.318000
vt -0.625500 0.318000
vt -0.438300 0.271800
vt -0.469200 0.159000
vt -0.427800 0.435800
vt -0.409400 0.610200
vt -0.276100 1.247400
vt -0.312800 1.445800
vt -0.469200 1.648200
vt -0.625500 1.850700
vt -0.818000 2.053100
vt -1.010400 2.255500
vt -1.103300 2.545800
vt -1.262300 2.563400
vt -0.193800 1.551000
vt -0.312800 1.648200
vt -0.469200 1.850700
vt -0.625500 2.053100
vt -0.818000 2.255500
vt -0.959000 2.540300
vt -0.156400 1.850700
vt -0.114700 1.871700
vt -0.156400 2.053100
vt -0.077500 2.049900
vt -0.044800 2.232300
vt -0.156400 2.255500
vt -0.019100 2.399300
vt -0.130500 2.541700
vt -0.000100 2.542700
vt -0.263100 2.541600
vt -0.312800 2.255500
vt -0.312800 2.053100
vt -0.312800 1.850700
vt -0.398700 2.541200
vt -0.469200 2.255500
vt -0.469200 2.053100
vt -0.538900 2.541200
vt -0.625500 2.255500
vt -0.829300 2.544100
vt -2.080900 2.547200
vt -2.273000 2.544400
vt -2.263900 2.207100
vt -2.253900 1.822100
vt -2.244700 1.449200
vt -2.221500 0.000000
vt -2.038700 0.318000
vt -2.038700 0.477000
vt -2.038700 0.159000
vt -1.777200 -0.000000
vt -1.804300 0.159000
vt -1.443500 0.159000
vt -1.804300 0.318000
vt -0.818000 0.318000
vt -1.010400 0.318000
vt -0.818000 0.477000
vt -0.818000 0.636000
vt -0.818000 0.737200
vt -0.818000 0.838400
vt -0.625500 0.939200
vt -0.625500 1.040900
vt -0.625500 1.243300
vt -1.010400 0.477000
vt -1.010400 0.636000
vt -1.010400 0.737200
vt -1.010400 0.838400
vt -0.818000 0.939300
vt -0.818000 1.040900
vt -0.818000 1.243300
vt -0.818000 1.445800
vt -1.227000 0.477000
vt -1.227000 0.636000
vt -1.227000 0.737200
vt -1.227000 0.838400
vt -1.010400 0.939300
vt -1.010400 1.040900
vt -1.010400 1.243300
vt -1.010400 1.445800
vt -1.010400 1.648200
vt -1.443500 0.636000
vt -1.804300 0.737200
vt -1.443500 0.737200
vt -1.443500 0.838400
vt -1.227000 0.939400
vt -1.227000 1.040900
vt -1.227000 1.243300
vt -1.227000 1.445800
vt -1.227000 1.648200
vt -1.227000 1.850700
vt -1.443500 1.040900
vt -1.443500 0.939400
vt -1.804300 0.939500
vt -1.804300 0.838400
vt -1.443500 1.243300
vt -1.443500 1.445800
vt -1.443500 1.648200
vt -1.443500 1.850700
vt -1.443500 2.053100
vt 2.737200 -0.601400
vt 3.164200 -0.649800
vt 2.769400 -0.560200
vt 2.789600 -0.512000
vt 2.857200 -0.383800
vt 2.796500 -0.460200
vt 2.796500 -0.410100
vt 3.630500 -0.702700
vt 2.948300 -0.217200
vt 2.937400 -0.281900
vt 2.905900 -0.339500
vt 3.630500 0.702700
vt 4.138900 -0.760400
vt 4.138900 0.760400
vt 2.948300 0.217200
vt 3.164200 0.649800
vt 2.937400 0.281900
vt 2.905900 0.339500
vt 2.857200 0.383800
vt 2.789600 0.512000
vt 2.796500 0.460200
vt 2.737200 0.601400
vt 2.769400 0.560200
vt 2.796500 0.410100
vt 1.472000 -0.454600
vt 1.472000 0.454600
vt 1.208600 0.430200
vt 1.472000 0.456200
vt 1.472000 0.457800
vt 1.472100 0.459400
vt 0.943800 0.401000
vt 0.943800 -0.401000
vt 1.208600 -0.430200
vt 1.472000 -0.456200
vt 1.472000 -0.457800
vt 1.472100 -0.459400
vt 0.671600 -0.371400
vt 0.671600 0.371400
vt 0.395100 -0.342000
vt 0.099700 0.000000
vt 0.114700 -0.104300
vt 0.395100 0.342000
vt 0.163600 0.205000
vt 0.114700 0.104300
vt 0.321700 0.325100
vt 0.253400 0.291100
vt 0.200900 0.248700
vt 0.163600 -0.205000
vt 0.200900 -0.248700
vt 0.253400 -0.291100
vt 0.321700 -0.325100
vt 2.598700 -0.276000
vt 2.605000 -0.275000
vt 2.605000 0.275000
vt 2.635200 -0.275000
vt 2.635200 0.275000
vt 2.598700 0.276000
vt 2.593100 0.278800
vt 2.593100 -0.278800
vt 2.588600 0.283200
vt 2.588600 -0.283200
vt 1.678000 -0.450000
vt 2.585800 -0.288800
vt 2.584800 -0.295000
vt 2.584800 -0.450000
vt 1.678000 0.450000
vt 2.585800 0.288800
vt 2.584800 0.295000
vt 2.584800 0.450000
vt -11.486800 0.313900
vt -11.497200 0.290200
vt -9.928400 0.313900
vt -9.930200 0.251100
vt -11.511300 0.268300
vt -11.546600 0.229600
vt -9.931200 0.188300
vt -11.647800 0.157100
vt -9.931200 0.125600
vt -11.651400 0.104700
vt -9.930200 0.062800
vt -11.652900 0.052400
vt -9.928400 0.000000
vt -11.652200 0.000000
vt 0.593800 -1.326200
vt 1.046300 -1.434100
vt 0.640100 0.000000
vt 1.440400 0.000000
vt 1.494700 -1.557500
vt -11.490600 0.313900
vt -11.490600 0.312300
vt -11.490700 0.310700
vt -11.490700 0.309100
vt -11.387600 0.236800
vt -11.311400 0.164700
vt -11.284500 0.128200
vt -11.264200 0.088100
vt -11.253600 0.044600
vt -11.252900 0.022200
vt -11.255400 0.000000
vt 0.585600 -1.561200
vt 1.494900 -1.561200
vt -11.255400 0.313900
vt -11.252900 0.291100
vt -11.253800 0.268100
vt -11.265100 0.223500
vt -11.286400 0.182700
vt -11.314700 0.145400
vt -11.394300 0.071800
vt -11.490700 0.004800
vt -11.490700 0.003200
vt -11.490600 0.001600
vt -11.490600 0.000000
vt 1.486700 -1.326200
vt 1.034200 -1.434100
vt 0.585800 -1.557500
vt -11.652200 0.313900
vt -11.652900 0.261500
vt -11.651400 0.209200
vt -11.647800 0.156800
vt -11.546600 0.084300
vt -11.511300 0.045700
vt -11.497200 0.023700
vt -11.486800 0.000000
vt 0.550500 -1.722800
vt 0.490400 0.000000
vt 0.500400 -1.722800
vt 0.440200 0.000000
vt -10.209700 0.263500
vt -10.248900 0.224000
vt -9.928400 0.263500
vt -9.930300 0.197600
vt -10.295500 0.191800
vt -10.508200 0.173000
vt -10.578800 0.210300
vt -11.671300 0.197600
vt -11.668300 0.131800
vt -9.931200 0.131800
vt -11.662300 0.065900
vt -9.931100 0.065900
vt -11.653700 0.000000
vt -9.929900 0.000000
vt -10.636200 0.263500
vt -11.670700 0.263500
vt 0.908500 0.290500
vt 0.908500 0.234500
vt 0.915700 0.234000
vt 0.908500 0.178500
vt 0.918300 0.178500
vt 0.916900 0.089300
vt 0.908500 0.089300
vt 0.916400 0.000000
vt 0.908500 -0.000000
vt 0.908500 -0.089300
vt 0.916900 -0.089300
vt 0.908500 -0.178500
vt 0.918300 -0.178500
vt 0.915700 -0.234200
vt 0.908500 -0.234500
vt 0.908500 -0.290500
vt 0.934700 0.745300
vt 0.908500 0.686900
vt 0.933200 0.666200
vt 0.908500 0.598300
vt 0.924100 0.588500
vt 0.908500 0.509800
vt 0.908500 0.775400
vt 0.935500 0.824400
vt 0.908500 0.863900
vt 0.935500 0.903500
vt 0.908500 0.952500
vt 0.934700 0.982600
vt 0.908500 1.041000
vt 0.933200 1.061700
vt 0.908500 1.129500
vt 0.924100 1.139600
vt 0.908500 1.218100
vt 3.011000 -0.923000
vt 2.190300 -0.959900
vt 2.991700 -0.981100
vt 2.192000 -1.055900
vt 2.963600 -1.036000
vt 2.931400 -1.086300
vt 2.194600 -1.151900
vt 2.857000 -1.185400
vt 2.197700 -1.247900
vt 2.781000 -1.283000
vt 2.201000 -1.343900
vt 2.711200 -1.383100
vt 2.204200 -1.439900
vt 2.679600 -1.436900
vt 2.652500 -1.491800
vt 2.206700 -1.535900
vt 2.630800 -1.547300
vt 2.613900 -1.606600
vt 2.208400 -1.631900
vt 2.603500 -1.667700
vt 2.209000 -1.727900
vt 2.600100 -1.727900
vt -0.076800 0.264100
vt 0.036500 0.206800
vt 0.135300 0.239400
vt 0.105000 0.181900
vt 0.180900 0.207100
vt 0.160900 0.135000
vt 0.219100 0.166300
vt 0.197300 0.071800
vt 0.260600 0.087700
vt 0.210000 0.000000
vt 0.275000 -0.000000
vt 0.260600 -0.087700
vt 0.197300 -0.071800
vt 0.219100 -0.166300
vt 0.160900 -0.135000
vt 0.180900 -0.207100
vt 0.105000 -0.181900
vt 0.135300 -0.239400
vt 0.036500 -0.206800
vt -0.076800 -0.264100
vt -0.036500 -0.206800
vt -0.105000 -0.181900
vt -0.156400 0.226200
vt -0.105000 0.181900
vt -0.036500 0.206800
vt -0.160900 0.135000
vt -0.219900 0.165100
vt -0.197300 0.071800
vt -0.260900 0.087000
vt -0.210000 0.000000
vt -0.275000 0.000000
vt -0.260900 -0.087000
vt -0.197300 -0.071800
vt -0.219900 -0.165100
vt -0.160900 -0.135000
vt -0.156400 -0.226200
vt 0.908500 -0.659700
vt 0.658500 -0.659700
vt 0.908500 -0.733000
vt 0.658500 -0.733000
vt 0.908500 -0.806300
vt 0.658500 -0.806300
vt 0.908500 -0.879600
vt 0.658500 -0.879600
vt 0.908500 -0.952900
vt 0.658500 -0.952900
vt 0.908500 -1.026300
vt 0.658500 -1.026300
vt 0.908500 -1.099600
vt 0.658500 -1.099600
vt 0.908500 -1.172900
vt 0.658500 -1.172900
vt 0.908500 -1.246200
vt 0.658500 -1.246200
vt 0.908500 -1.319500
vt 0.658500 -1.319500
vt 0.000000 -0.030000
vt 0.275000 -0.290000
vt 0.550000 -0.030000
vt 0.346800 -0.302700
vt 0.410000 -0.339100
vt 0.000000 -1.702000
vt 0.068200 -0.536500
vt 0.068200 -0.463500
vt 0.093100 -0.395000
vt 0.550000 -1.702000
vt 0.275000 -0.710000
vt 0.203200 -0.697300
vt 0.140000 -0.660900
vt 0.481800 -0.536500
vt 0.456900 -0.605000
vt 0.410000 -0.660900
vt 0.093100 -0.605000
vt 0.140000 -0.339100
vt 0.203200 -0.302700
vt 0.456900 -0.395000
vt 0.481800 -0.463500
vt 0.346800 -0.697300
vt 0.658500 0.000000
vt 0.908500 -0.073300
vt 0.658500 -0.073300
vt 0.908500 -0.146600
vt 0.658500 -0.146600
vt 0.908500 -0.219900
vt 0.658500 -0.219900
vt 0.908500 -0.293200
vt 0.658500 -0.293200
vt 0.908500 -0.366500
vt 0.658500 -0.366500
vt 0.908500 -0.439800
vt 0.658500 -0.439800
vt 0.908500 -0.513100
vt 0.658500 -0.513100
vt 0.908500 -0.586400
vt 0.658500 -0.586400
vt 0.021200 0.275000
vt -0.021200 0.275000
vt 0.021200 -0.275000
vt -0.021200 -0.305000
vt 0.016400 -0.016100
vt 0.021200 -0.005000
vt 0.012900 -0.019100
vt 0.021200 0.025000
vt -0.021200 0.005000
vt -0.021200 0.055000
vt 0.019100 -0.012700
vt 0.020700 -0.008900
vt -9.939300 0.031400
vt -11.605200 0.031400
vt -9.938900 0.027500
vt -11.605300 0.025100
vt -9.937800 0.023600
vt -11.605700 0.018800
vt -9.936000 0.019600
vt -9.933500 0.015700
vt -11.606200 0.012600
vt -9.936000 0.011800
vt -9.937800 0.007900
vt -11.606900 0.006300
vt -9.938900 0.003900
vt -11.607700 0.000000
vt -9.939300 0.000000
vt 0.155000 -0.030000
vt 0.155000 -1.695900
vt 0.000000 -1.695900
vt 0.000000 -1.585400
vt 0.900000 -0.030000
vt 0.900000 -1.695900
vt 0.021200 -0.450000
vt 0.021200 0.450000
vt -0.021200 -0.480000
vt -0.021200 0.480000
vt 0.900000 -1.585400
vt -0.461900 0.590200
vt -0.480000 0.480000
vt -0.400100 0.600000
vt 0.480000 0.480000
vt 0.400100 0.600000
vt 0.461900 0.590200
vt 0.517600 0.561800
vt 0.561800 0.517600
vt 0.590200 0.461900
vt 0.600000 0.400100
vt 0.480000 0.305000
vt 0.530000 0.305000
vt -0.517600 0.561800
vt -0.561800 0.517600
vt -0.590200 0.461900
vt -0.600000 0.400100
vt -0.480000 -0.480000
vt -0.600000 -0.400100
vt -0.590200 -0.461900
vt -0.561800 -0.517600
vt -0.517600 -0.561800
vt -0.461900 -0.590200
vt -0.400100 -0.600000
vt 0.400100 -0.600000
vt 0.480000 -0.480000
vt 0.461900 -0.590200
vt 0.517600 -0.561800
vt 0.561800 -0.517600
vt 0.590200 -0.461900
vt 0.600000 -0.400100
vt 0.480000 -0.275000
vt 0.600000 -0.350000
vt 0.530000 -0.275000
vt 0.660000 -0.323400
vt 0.708100 -0.278900
vt 0.739200 -0.221200
vt 0.750000 -0.156400
vt 0.750000 0.156400
vt 0.739200 0.221200
vt 0.708100 0.278900
vt 0.660000 0.323400
vt 0.600000 0.350000
vt 0.971400 -0.707400
vt 0.905200 -0.750300
vt 1.007500 -1.741300
vt 0.829700 -0.772600
vt 0.750800 -0.772600
vt 0.573000 -1.741300
vt 0.675300 -0.750300
vt 0.609100 -0.707400
vt 0.624000 -0.281100
vt 0.702500 -0.239500
vt 0.633800 0.000000
vt 0.790200 -0.225100
vt 0.946700 0.000000
vt 0.878000 -0.239500
vt 0.956500 -0.281100
vt -10.295500 0.071700
vt -9.930300 0.065900
vt -10.508200 0.090500
vt -11.662300 0.197600
vt -9.931100 0.197600
vt -11.653700 0.263500
vt -9.929900 0.263500
vt -10.248800 0.039400
vt -10.209700 -0.000000
vt -11.671300 0.065900
vt -10.579000 0.053100
vt -11.670700 0.000000
vt -10.636200 0.000000
vt 0.580000 -1.722800
vt 0.630100 -1.722800
vt 0.690200 0.000000
vt 0.020700 0.071400
vt 0.019100 0.075200
vt 0.021200 0.067500
vt 0.016400 0.078600
vt 0.021200 -0.087500
vt 0.012900 0.081600
vt -0.021200 0.057500
vt -0.021200 -0.117500
vt -0.021200 -0.087500
vt -0.007100 -0.087500
vt -0.021200 0.117500
vt 0.003800 -0.086000
vt 0.021200 0.087500
vt 0.012900 -0.081600
vt 0.016400 -0.078600
vt 0.021200 -0.067500
vt 0.019100 -0.075200
vt 0.020700 -0.071400
vt -11.607700 0.031400
vt -11.606900 0.025100
vt -9.919300 0.031400
vt -9.927000 0.023600
vt -11.606200 0.018800
vt -11.605700 0.012600
vt -11.605300 0.006300
vt -11.605200 0.000000
vt 0.030000 -0.010000
vt 0.020000 0.000000
vt 0.030000 -1.698400
vt -0.030000 0.000000
vt 0.020000 -1.695900
vt 0.175000 -1.695900
vt 0.020000 -0.030000
vt 0.175000 -0.030000
vt 0.020000 -1.698400
vt 0.050000 -0.030000
vt 0.050000 -1.702000
vt 1.000000 0.500000
vt 1.000000 1.000000
vt 0.968750 1.000000
vt 0.968750 0.500000
vt 0.937500 1.000000
vt 0.937500 0.500000
vt 0.906250 1.000000
vt 0.906250 0.500000
vt 0.875000 1.000000
vt 0.875000 0.500000
vt 0.843750 1.000000
vt 0.843750 0.500000
vt 0.812500 1.000000
vt 0.812500 0.500000
vt 0.781250 1.000000
vt 0.781250 0.500000
vt 0.750000 1.000000
vt 0.750000 0.500000
vt 0.718750 1.000000
vt 0.718750 0.500000
vt 0.687500 1.000000
vt 0.687500 0.500000
vt 0.656250 1.000000
vt 0.656250 0.500000
vt 0.625000 1.000000
vt 0.625000 0.500000
vt 0.593750 1.000000
vt 0.593750 0.500000
vt 0.562500 1.000000
vt 0.562500 0.500000
vt 0.531250 1.000000
vt 0.531250 0.500000
vt 0.500000 1.000000
vt 0.500000 0.500000
vt 0.468750 1.000000
vt 0.468750 0.500000
vt 0.437500 1.000000
vt 0.437500 0.500000
vt 0.406250 1.000000
vt 0.406250 0.500000
vt 0.375000 1.000000
vt 0.375000 0.500000
vt 0.343750 1.000000
vt 0.343750 0.500000
vt 0.312500 1.000000
vt 0.312500 0.500000
vt 0.281250 1.000000
vt 0.281250 0.500000
vt 0.250000 1.000000
vt 0.250000 0.500000
vt 0.218750 1.000000
vt 0.218750 0.500000
vt 0.187500 1.000000
vt 0.187500 0.500000
vt 0.156250 1.000000
vt 0.156250 0.500000
vt 0.125000 1.000000
vt 0.125000 0.500000
vt 0.093750 1.000000
vt 0.093750 0.500000
vt 0.062500 1.000000
vt 0.062500 0.500000
vt 0.296822 0.485388
vt 0.250000 0.490000
vt 0.203178 0.485388
vt 0.158156 0.471731
vt 0.116663 0.449553
vt 0.080294 0.419706
vt 0.050447 0.383337
vt 0.028269 0.341844
vt 0.014612 0.296822
vt 0.010000 0.250000
vt 0.014612 0.203178
vt 0.028269 0.158156
vt 0.050447 0.116663
vt 0.080294 0.080294
vt 0.116663 0.050447
vt 0.158156 0.028269
vt 0.203178 0.014612
vt 0.250000 0.010000
vt 0.296822 0.014612
vt 0.341844 0.028269
vt 0.383337 0.050447
vt 0.419706 0.080294
vt 0.449553 0.116663
vt 0.471731 0.158156
vt 0.485388 0.203178
vt 0.490000 0.250000
vt 0.485388 0.296822
vt 0.471731 0.341844
vt 0.449553 0.383337
vt 0.419706 0.419706
vt 0.383337 0.449553
vt 0.341844 0.471731
vt 0.031250 1.000000
vt 0.031250 0.500000
vt 0.000000 1.000000
vt 0.000000 0.500000
vt 0.750000 0.490000
vt 0.796822 0.485388
vt 0.841844 0.471731
vt 0.883337 0.449553
vt 0.919706 0.419706
vt 0.949553 0.383337
vt 0.971731 0.341844
vt 0.985388 0.296822
vt 0.990000 0.250000
vt 0.985388 0.203178
vt 0.971731 0.158156
vt 0.949553 0.116663
vt 0.919706 0.080294
vt 0.883337 0.050447
vt 0.841844 0.028269
vt 0.796822 0.014612
vt 0.750000 0.010000
vt 0.703178 0.014612
vt 0.658156 0.028269
vt 0.616663 0.050447
vt 0.580294 0.080294
vt 0.550447 0.116663
vt 0.528269 0.158156
vt 0.514612 0.203178
vt 0.510000 0.250000
vt 0.514612 0.296822
vt 0.528269 0.341844
vt 0.550447 0.383337
vt 0.580294 0.419706
vt 0.616663 0.449553
vt 0.658156 0.471731
vt 0.703178 0.485388
s 0
usemtl MI_MetalSteelStainless01.001
f 1187/964/1051 1188/965/1051 1189/966/1051
f 1189/966/1051 1188/965/1051 1190/967/1051
f 1189/966/1051 1190/967/1051 1191/968/1051
f 1189/966/1051 1191/968/1051 1192/969/1051
f 1192/969/1051 1191/968/1051 1193/970/1051
f 1192/969/1051 1193/970/1051 1194/971/1051
f 1195/972/1051 1196/973/1051 1197/974/1051
f 1197/974/1051 1196/973/1051 1198/975/1051
f 1197/974/1051 1198/975/1051 1199/976/1051
f 1199/976/1051 1198/975/1051 1200/977/1051
f 1199/976/1051 1200/977/1051 1201/978/1051
f 1201/978/1051 1202/979/1051 1199/976/1051
f 1203/980/1052 1204/981/1053 1205/982/1054
f 1205/982/1055 1204/981/1056 1206/983/1057
f 1205/982/1058 1206/983/1057 1207/984/1054
f 1207/984/1054 1206/983/1057 1208/985/1059
f 1207/984/1060 1208/985/1059 1209/986/1061
f 1210/987/1062 1211/988/1063 1209/986/1061
f 1209/986/1061 1211/988/1063 1207/984/1060
f 1211/988/1063 1212/989/1064 1207/984/1054
f 1207/984/1054 1212/989/1064 1213/990/1065
f 1207/984/1054 1213/990/1065 1205/982/1058
f 1205/982/1058 1213/990/1065 1214/991/1066
f 1205/982/1060 1214/991/1066 1203/980/1067
f 1203/980/1067 1214/991/1066 1215/992/1068
f 1203/980/1067 1215/992/1069 1216/993/1070
f 1216/993/1070 1215/992/1071 1217/994/1072
f 1216/993/1070 1217/994/1072 1218/995/1073
f 1218/995/1073 1217/994/1072 1219/996/1074
f 1218/995/1073 1219/996/1074 1220/997/1075
f 1220/997/1075 1219/996/1074 1221/998/1075
f 1220/997/1075 1221/998/1075 1222/999/1076
f 1222/999/1076 1221/998/1075 1223/1000/1077
f 1222/999/1076 1223/1000/1077 1194/1001/1078
f 1212/989/1064 1224/1002/1079 1213/990/1065
f 1213/990/1065 1224/1002/1080 1225/1003/1081
f 1213/990/1065 1225/1003/1081 1214/991/1066
f 1214/991/1066 1225/1003/1081 1215/992/1069
f 1224/1002/1080 1226/1004/1082 1225/1003/1083
f 1225/1003/1083 1226/1004/1082 1227/1005/1072
f 1225/1003/1083 1227/1005/1072 1215/992/1068
f 1215/992/1069 1227/1005/1072 1217/994/1072
f 1226/1004/1082 1228/1006/1084 1227/1005/1072
f 1227/1005/1072 1228/1006/1084 1229/1007/1074
f 1227/1005/1072 1229/1007/1074 1217/994/1072
f 1217/994/1072 1229/1007/1074 1219/996/1074
f 1228/1006/1085 1230/1008/1086 1229/1007/1074
f 1229/1007/1074 1230/1008/1086 1221/998/1075
f 1229/1007/1074 1221/998/1087 1219/996/1074
f 1230/1008/1088 1223/1000/1077 1221/998/1075
f 1194/1001/1078 1193/1009/1051 1222/999/1089
f 1222/999/1089 1193/1009/1051 1191/1010/1051
f 1222/999/1076 1191/1010/1051 1190/1011/1051
f 1222/999/1089 1190/1011/1051 1231/1012/1089
f 1231/1012/1089 1190/1011/1051 1188/1013/1051
f 1231/1012/1089 1188/1013/1051 1232/1014/1090
f 1231/1012/1076 1232/1014/1090 1220/997/1075
f 1220/997/1075 1232/1014/1090 1218/995/1073
f 1222/999/1076 1231/1012/1076 1220/997/1087
f 1210/1015/1091 1209/1016/1092 1233/1017/1093
f 1233/1017/1094 1209/1016/1061 1234/1018/1095
f 1233/1017/1093 1234/1018/1095 1235/1019/1096
f 1235/1019/1096 1234/1018/1095 1236/1020/1097
f 1235/1019/1096 1236/1020/1097 1237/1021/1098
f 1237/1021/1098 1236/1020/1097 1238/1022/1099
f 1237/1021/1098 1238/1022/1099 1239/1023/1100
f 1239/1023/1100 1238/1022/1099 1240/1024/1101
f 1239/1023/1100 1240/1024/1102 1241/1025/1103
f 1241/1025/1104 1240/1024/1102 1242/1026/1105
f 1241/1025/1104 1242/1026/1105 1243/1027/1106
f 1243/1027/1106 1242/1026/1105 1244/1028/1107
f 1243/1027/1106 1244/1028/1108 1245/1029/1109
f 1245/1029/1109 1244/1028/1108 1246/1030/1110
f 1245/1029/1109 1246/1030/1111 1247/1031/1112
f 1247/1031/1112 1246/1030/1113 1248/1032/1114
f 1247/1031/1112 1248/1032/1115 1249/1033/1116
f 1249/1033/1117 1248/1032/1114 1250/1034/1118
f 1249/1033/1117 1250/1034/1118 1251/1035/1119
f 1251/1035/1120 1250/1034/1118 1252/1036/1121
f 1251/1035/1120 1252/1036/1121 1253/1037/1122
f 1253/1037/1122 1252/1036/1121 1254/1038/1123
f 1254/1038/1123 1252/1036/1124 1255/1039/1125
f 1254/1038/1126 1255/1039/1127 1256/1040/1128
f 1256/1040/1129 1255/1039/1127 1257/1041/1130
f 1257/1041/1130 1255/1039/1131 1258/1042/1132
f 1257/1041/1130 1258/1042/1132 1259/1043/1133
f 1259/1043/1133 1258/1042/1132 1260/1044/1134
f 1259/1043/1133 1260/1044/1134 1261/1045/1135
f 1261/1045/1135 1260/1044/1134 1262/1046/1136
f 1262/1046/1136 1260/1044/1134 1263/1047/1137
f 1262/1046/1136 1263/1047/1138 1264/1048/1139
f 1264/1048/1139 1263/1047/1138 1265/1049/1140
f 1264/1048/1139 1265/1049/1140 1266/1050/1141
f 1266/1050/1141 1265/1049/1140 1267/1051/1142
f 1266/1050/1141 1267/1051/1143 1268/1052/1144
f 1268/1052/1144 1267/1051/1143 1269/1053/1145
f 1269/1053/1145 1267/1051/1143 1270/1054/1146
f 1269/1053/1145 1270/1054/1146 1271/1055/1147
f 1271/1055/1147 1270/1054/1146 1272/1056/1148
f 1272/1056/1149 1270/1054/1146 1273/1057/1150
f 1273/1057/1151 1270/1054/1146 1274/1058/1152
f 1274/1058/1153 1270/1054/1146 1275/1059/1154
f 1274/1058/1152 1275/1059/1154 1276/1060/1155
f 1276/1060/1156 1275/1059/1154 1277/1061/1157
f 1277/1061/1157 1275/1059/1154 1278/1062/1158
f 1278/1062/1158 1275/1059/1154 1279/1063/1159
f 1278/1062/1158 1279/1063/1159 1280/1064/1160
f 1280/1064/1161 1279/1063/1159 1281/1065/1162
f 1281/1065/1162 1279/1063/1159 1282/1066/1163
f 1281/1065/1164 1282/1066/1163 1283/1067/1165
f 1209/1016/1061 1208/1068/1059 1234/1018/1095
f 1234/1018/1095 1208/1068/1059 1284/1069/1166
f 1234/1018/1095 1284/1069/1166 1285/1070/1167
f 1285/1070/1167 1284/1069/1168 1286/1071/1169
f 1285/1070/1167 1286/1071/1169 1287/1072/1170
f 1287/1072/1171 1286/1071/1169 1288/1073/1172
f 1287/1072/1170 1288/1073/1172 1289/1074/1173
f 1289/1074/1173 1288/1073/1172 1290/1075/1174
f 1289/1074/1175 1290/1075/1174 1291/1076/1176
f 1291/1076/1176 1290/1075/1174 1292/1077/1177
f 1291/1076/1176 1292/1077/1177 1293/1078/1178
f 1293/1078/1179 1292/1077/1177 1294/1079/1180
f 1293/1078/1179 1294/1079/1181 1295/1080/1182
f 1295/1080/1182 1294/1079/1183 1296/1081/1184
f 1295/1080/1182 1296/1081/1185 1297/1082/1186
f 1297/1082/1186 1296/1081/1185 1298/1083/1187
f 1297/1082/1186 1298/1083/1188 1299/1084/1189
f 1299/1084/1190 1298/1083/1191 1300/1085/1192
f 1299/1084/1190 1300/1085/1192 1301/1086/1193
f 1301/1086/1193 1300/1085/1192 1302/1087/1194
f 1301/1086/1195 1302/1087/1194 1303/1088/1196
f 1303/1088/1196 1302/1087/1194 1304/1089/1197
f 1303/1088/1196 1304/1089/1197 1305/1090/1198
f 1208/1068/1059 1206/1091/1057 1284/1069/1166
f 1284/1069/1168 1206/1091/1199 1306/1092/1200
f 1284/1069/1166 1306/1092/1200 1286/1071/1201
f 1286/1071/1169 1306/1092/1200 1307/1093/1202
f 1286/1071/1169 1307/1093/1202 1288/1073/1172
f 1288/1073/1203 1307/1093/1202 1308/1094/1204
f 1288/1073/1172 1308/1094/1205 1290/1075/1174
f 1290/1075/1174 1308/1094/1204 1309/1095/1206
f 1290/1075/1174 1309/1095/1206 1292/1077/1177
f 1292/1077/1177 1309/1095/1206 1310/1096/1207
f 1292/1077/1177 1310/1096/1207 1311/1097/1208
f 1311/1097/1208 1310/1096/1207 1312/1098/1209
f 1311/1097/1208 1312/1098/1209 1294/1079/1180
f 1294/1079/1183 1312/1098/1209 1296/1081/1185
f 1206/1091/1057 1204/1099/1053 1306/1092/1200
f 1306/1092/1200 1204/1099/1053 1313/1100/1210
f 1306/1092/1200 1313/1100/1211 1307/1093/1202
f 1307/1093/1202 1313/1100/1210 1314/1101/1212
f 1307/1093/1202 1314/1101/1212 1315/1102/1213
f 1315/1102/1214 1314/1101/1212 1316/1103/1215
f 1315/1102/1214 1316/1103/1215 1308/1094/1204
f 1308/1094/1204 1316/1103/1215 1309/1095/1206
f 1204/1099/1053 1317/1104/1216 1313/1100/1210
f 1313/1100/1210 1317/1104/1216 1318/1105/1217
f 1313/1100/1211 1318/1105/1217 1319/1106/1218
f 1319/1106/1218 1320/1107/1219 1313/1100/1210
f 1313/1100/1210 1320/1107/1219 1321/1108/1220
f 1313/1100/1211 1321/1108/1220 1314/1101/1212
f 1316/1103/1215 1310/1096/1207 1309/1095/1206
f 1300/1085/1192 1322/1109/1221 1302/1087/1194
f 1302/1087/1194 1322/1109/1221 1304/1089/1197
f 1303/1088/1196 1305/1090/1198 1323/1110/1222
f 1323/1110/1222 1305/1090/1198 1324/1111/1223
f 1323/1110/1222 1324/1111/1223 1325/1112/1224
f 1325/1112/1224 1324/1111/1223 1326/1113/1225
f 1325/1112/1226 1326/1113/1225 1327/1114/1227
f 1327/1114/1227 1328/1115/1228 1325/1112/1224
f 1325/1112/1224 1328/1115/1229 1267/1051/1143
f 1325/1112/1224 1267/1051/1143 1323/1110/1222
f 1323/1110/1222 1267/1051/1143 1265/1049/1140
f 1323/1110/1222 1265/1049/1140 1303/1088/1196
f 1303/1088/1196 1265/1049/1140 1263/1047/1137
f 1303/1088/1196 1263/1047/1137 1329/1116/1230
f 1329/1116/1231 1263/1047/1138 1260/1044/1134
f 1329/1116/1231 1260/1044/1232 1330/1117/1233
f 1330/1117/1233 1260/1044/1134 1258/1042/1132
f 1330/1117/1233 1258/1042/1132 1331/1118/1234
f 1331/1118/1234 1258/1042/1132 1255/1039/1125
f 1331/1118/1235 1255/1039/1127 1332/1119/1236
f 1332/1119/1236 1255/1039/1125 1252/1036/1121
f 1332/1119/1236 1252/1036/1121 1250/1034/1118
f 1328/1115/1228 1333/1120/1237 1267/1051/1143
f 1267/1051/1238 1333/1120/1237 1270/1054/1146
f 1333/1120/1239 1334/1121/1240 1270/1054/1146
f 1270/1054/1146 1334/1121/1241 1335/1122/1242
f 1270/1054/1146 1335/1122/1243 1336/1123/1244
f 1270/1054/1146 1336/1123/1244 1275/1059/1154
f 1275/1059/1154 1336/1123/1244 1337/1124/1245
f 1275/1059/1154 1337/1124/1246 1338/1125/1247
f 1275/1059/1154 1338/1125/1248 1279/1063/1159
f 1279/1063/1159 1338/1125/1249 1339/1126/1250
f 1279/1063/1159 1339/1126/1250 1282/1066/1163
f 1281/1065/1162 1283/1067/1165 1340/1127/1251
f 1340/1127/1251 1283/1067/1165 1341/1128/1252
f 1340/1127/1251 1341/1128/1252 1342/1129/1253
f 1342/1129/1253 1341/1128/1252 1343/1130/1254
f 1343/1130/1254 1341/1128/1252 1344/1131/1255
f 1253/1037/1122 1345/1132/1256 1251/1035/1120
f 1251/1035/1119 1345/1132/1256 1346/1133/1257
f 1251/1035/1119 1346/1133/1257 1249/1033/1117
f 1249/1033/1117 1346/1133/1258 1347/1134/1259
f 1249/1033/1117 1347/1134/1259 1247/1031/1260
f 1247/1031/1260 1347/1134/1259 1348/1135/1261
f 1247/1031/1112 1348/1135/1261 1245/1029/1109
f 1245/1029/1262 1348/1135/1263 1349/1136/1264
f 1245/1029/1109 1349/1136/1264 1243/1027/1106
f 1243/1027/1106 1349/1136/1264 1350/1137/1265
f 1243/1027/1106 1350/1137/1266 1241/1025/1103
f 1345/1132/1256 1351/1138/1267 1346/1133/1258
f 1346/1133/1258 1351/1138/1267 1352/1139/1268
f 1346/1133/1257 1352/1139/1268 1353/1140/1269
f 1353/1140/1269 1352/1139/1270 1354/1141/1271
f 1353/1140/1269 1354/1141/1271 1355/1142/1272
f 1355/1142/1273 1354/1141/1271 1356/1143/1274
f 1355/1142/1272 1356/1143/1274 1357/1144/1275
f 1355/1142/1272 1357/1144/1275 1358/1145/1276
f 1358/1145/1276 1357/1144/1275 1359/1146/1277
f 1358/1145/1276 1359/1146/1277 1360/1147/1278
f 1360/1147/1278 1359/1146/1277 1361/1148/1279
f 1358/1145/1276 1360/1147/1278 1362/1149/1280
f 1362/1149/1281 1360/1147/1278 1363/1150/1282
f 1362/1149/1281 1363/1150/1282 1364/1151/1283
f 1364/1151/1283 1363/1150/1282 1365/1152/1284
f 1364/1151/1283 1365/1152/1284 1349/1136/1285
f 1349/1136/1264 1365/1152/1284 1350/1137/1265
f 1234/1018/1095 1285/1070/1167 1236/1020/1097
f 1236/1020/1286 1285/1070/1167 1366/1153/1287
f 1236/1020/1097 1366/1153/1287 1238/1022/1099
f 1238/1022/1099 1366/1153/1287 1367/1154/1288
f 1238/1022/1289 1367/1154/1288 1240/1024/1102
f 1240/1024/1102 1367/1154/1288 1368/1155/1290
f 1240/1024/1102 1368/1155/1290 1242/1026/1291
f 1242/1026/1291 1368/1155/1290 1244/1028/1108
f 1349/1136/1264 1348/1135/1263 1364/1151/1283
f 1364/1151/1283 1348/1135/1261 1369/1156/1292
f 1364/1151/1293 1369/1156/1292 1362/1149/1281
f 1362/1149/1281 1369/1156/1292 1355/1142/1272
f 1362/1149/1281 1355/1142/1272 1358/1145/1276
f 1285/1070/1167 1287/1072/1171 1366/1153/1287
f 1366/1153/1287 1287/1072/1171 1370/1157/1294
f 1366/1153/1287 1370/1157/1294 1367/1154/1288
f 1367/1154/1288 1370/1157/1295 1371/1158/1296
f 1367/1154/1288 1371/1158/1296 1368/1155/1290
f 1368/1155/1290 1371/1158/1296 1372/1159/1297
f 1368/1155/1290 1372/1159/1298 1244/1028/1108
f 1244/1028/1107 1372/1159/1298 1246/1030/1111
f 1353/1140/1269 1355/1142/1272 1369/1156/1292
f 1353/1140/1269 1369/1156/1292 1347/1134/1259
f 1347/1134/1259 1369/1156/1292 1348/1135/1263
f 1287/1072/1170 1289/1074/1173 1370/1157/1294
f 1370/1157/1294 1289/1074/1175 1373/1160/1299
f 1370/1157/1295 1373/1160/1299 1371/1158/1296
f 1371/1158/1296 1373/1160/1299 1374/1161/1300
f 1371/1158/1296 1374/1161/1300 1372/1159/1298
f 1372/1159/1298 1374/1161/1300 1375/1162/1301
f 1372/1159/1302 1375/1162/1301 1246/1030/1111
f 1246/1030/1111 1375/1162/1303 1248/1032/1115
f 1346/1133/1257 1353/1140/1269 1347/1134/1259
f 1315/1102/1214 1308/1094/1204 1307/1093/1202
f 1289/1074/1173 1291/1076/1176 1373/1160/1299
f 1373/1160/1299 1291/1076/1176 1376/1163/1304
f 1373/1160/1299 1376/1163/1304 1374/1161/1300
f 1374/1161/1300 1376/1163/1305 1377/1164/1306
f 1374/1161/1307 1377/1164/1308 1375/1162/1301
f 1375/1162/1301 1377/1164/1308 1378/1165/1309
f 1375/1162/1301 1378/1165/1310 1248/1032/1115
f 1248/1032/1115 1378/1165/1311 1250/1034/1118
f 1291/1076/1176 1293/1078/1179 1376/1163/1304
f 1376/1163/1305 1293/1078/1179 1379/1166/1312
f 1376/1163/1304 1379/1166/1312 1377/1164/1308
f 1377/1164/1308 1379/1166/1312 1380/1167/1313
f 1377/1164/1306 1380/1167/1314 1378/1165/1310
f 1378/1165/1310 1380/1167/1314 1332/1119/1236
f 1378/1165/1311 1332/1119/1236 1250/1034/1118
f 1311/1097/1208 1294/1079/1181 1292/1077/1177
f 1293/1078/1179 1295/1080/1182 1379/1166/1312
f 1379/1166/1315 1295/1080/1316 1381/1168/1317
f 1379/1166/1318 1381/1168/1319 1380/1167/1314
f 1380/1167/1314 1381/1168/1317 1331/1118/1235
f 1380/1167/1314 1331/1118/1235 1332/1119/1236
f 1330/1117/1233 1331/1118/1235 1381/1168/1317
f 1381/1168/1319 1295/1080/1182 1382/1169/1320
f 1382/1169/1320 1295/1080/1182 1297/1082/1321
f 1382/1169/1320 1297/1082/1186 1301/1086/1195
f 1301/1086/1193 1297/1082/1186 1299/1084/1190
f 1329/1116/1231 1330/1117/1233 1382/1169/1320
f 1382/1169/1320 1330/1117/1233 1381/1168/1319
f 1329/1116/1231 1382/1169/1320 1301/1086/1193
f 1303/1088/1196 1329/1116/1231 1301/1086/1193
f 1383/1170/1322 1384/1171/1323 1385/1172/1324
f 1385/1172/1324 1384/1171/1325 1386/1173/1326
f 1385/1172/1324 1386/1173/1326 1387/1174/1327
f 1387/1174/1327 1386/1173/1328 1388/1175/1329
f 1387/1174/1327 1388/1175/1329 1389/1176/1330
f 1389/1176/1330 1388/1175/1329 1390/1177/1331
f 1389/1176/1332 1390/1177/1331 1391/1178/1333
f 1391/1178/1334 1390/1177/1331 1392/1179/1335
f 1391/1178/1334 1392/1179/1335 1393/1180/1336
f 1393/1180/1337 1392/1179/1335 1394/1181/1338
f 1393/1180/1337 1394/1181/1339 1395/1182/1340
f 1395/1182/1340 1394/1181/1339 1396/1183/1341
f 1395/1182/1340 1396/1183/1341 1397/1184/1342
f 1397/1184/1342 1396/1183/1341 1398/1185/1343
f 1397/1184/1342 1398/1185/1344 1399/1186/1345
f 1399/1186/1345 1398/1185/1343 1400/1187/1346
f 1399/1186/1345 1400/1187/1346 1401/1188/1347
f 1401/1188/1348 1400/1187/1346 1402/1189/1349
f 1401/1188/1347 1402/1189/1349 1403/1190/1350
f 1403/1190/1350 1402/1189/1349 1404/1191/1351
f 1403/1190/1352 1404/1191/1353 1405/1192/1354
f 1405/1192/1354 1404/1191/1351 1406/1193/1355
f 1405/1192/1354 1406/1193/1355 1407/1194/1356
f 1407/1194/1356 1406/1193/1357 1408/1195/1358
f 1407/1194/1356 1408/1195/1359 1409/1196/1360
f 1409/1196/1360 1408/1195/1361 1410/1197/1362
f 1409/1196/1360 1410/1197/1362 1411/1198/1363
f 1411/1198/1363 1410/1197/1362 1412/1199/1364
f 1411/1198/1363 1412/1199/1364 1413/1200/1365
f 1413/1200/1365 1412/1199/1366 1414/1201/1367
f 1413/1200/1365 1414/1201/1367 1415/1202/1368
f 1415/1202/1368 1414/1201/1367 1416/1203/1369
f 1415/1202/1368 1416/1203/1369 1417/1204/1370
f 1417/1204/1370 1416/1203/1369 1418/1205/1371
f 1417/1204/1370 1418/1205/1371 1419/1206/1372
f 1384/1171/1323 1383/1170/1322 1420/1207/1373
f 1420/1207/1373 1383/1170/1322 1421/1208/1374
f 1420/1207/1373 1421/1208/1374 1422/1209/1375
f 1422/1209/1376 1421/1208/1374 1423/1210/1377
f 1422/1209/1376 1423/1210/1378 1424/1211/1379
f 1424/1211/1379 1423/1210/1380 1425/1212/1381
f 1424/1211/1379 1425/1212/1381 1426/1213/1382
f 1426/1213/1382 1425/1212/1381 1427/1214/1383
f 1426/1213/1382 1427/1214/1383 1428/1215/1384
f 1428/1215/1384 1427/1214/1383 1429/1216/1385
f 1428/1215/1384 1429/1216/1386 1430/1217/1387
f 1430/1217/1387 1429/1216/1385 1408/1195/1358
f 1430/1217/1387 1408/1195/1358 1406/1193/1357
f 1423/1210/1377 1431/1218/1388 1425/1212/1381
f 1425/1212/1381 1431/1218/1389 1432/1219/1390
f 1425/1212/1381 1432/1219/1390 1427/1214/1383
f 1427/1214/1383 1432/1219/1390 1433/1220/1391
f 1427/1214/1383 1433/1220/1391 1429/1216/1385
f 1429/1216/1385 1433/1220/1391 1410/1197/1362
f 1429/1216/1386 1410/1197/1362 1408/1195/1359
f 1431/1218/1389 1434/1221/1392 1432/1219/1390
f 1432/1219/1390 1434/1221/1393 1435/1222/1394
f 1432/1219/1390 1435/1222/1394 1433/1220/1391
f 1433/1220/1391 1435/1222/1394 1412/1199/1366
f 1433/1220/1391 1412/1199/1366 1410/1197/1362
f 1435/1222/1394 1434/1221/1392 1436/1223/1395
f 1436/1223/1396 1434/1221/1392 1418/1205/1371
f 1436/1223/1397 1418/1205/1398 1416/1203/1369
f 1417/1204/1370 1419/1206/1399 1437/1224/1400
f 1437/1224/1400 1419/1206/1401 1438/1225/1402
f 1437/1224/1403 1438/1225/1404 1439/1226/1405
f 1439/1226/1405 1438/1225/1404 1440/1227/1406
f 1439/1226/1405 1440/1227/1407 1441/1228/1408
f 1441/1228/1408 1440/1227/1407 1442/1229/1409
f 1441/1228/1408 1442/1229/1409 1443/1230/1410
f 1443/1230/1410 1442/1229/1409 1444/1231/1411
f 1443/1230/1412 1444/1231/1411 1445/1232/1413
f 1445/1232/1414 1444/1231/1411 1446/1233/1415
f 1445/1232/1414 1446/1233/1415 1235/1234/1416
f 1235/1234/1417 1446/1233/1415 1233/1235/1418
f 1233/1235/1418 1446/1233/1415 1447/1236/1419
f 1233/1235/1418 1447/1236/1419 1210/1237/1420
f 1438/1225/1404 1448/1238/1421 1440/1227/1406
f 1440/1227/1422 1448/1238/1421 1449/1239/1423
f 1440/1227/1406 1449/1239/1423 1442/1229/1409
f 1442/1229/1409 1449/1239/1423 1450/1240/1424
f 1442/1229/1409 1450/1240/1425 1444/1231/1411
f 1444/1231/1411 1450/1240/1424 1446/1233/1415
f 1450/1240/1424 1447/1236/1426 1446/1233/1415
f 1235/1234/1417 1237/1241/1427 1445/1232/1414
f 1445/1232/1414 1237/1241/1427 1451/1242/1428
f 1445/1232/1429 1451/1242/1428 1443/1230/1410
f 1443/1230/1410 1451/1242/1428 1452/1243/1430
f 1443/1230/1410 1452/1243/1431 1441/1228/1408
f 1441/1228/1408 1452/1243/1431 1453/1244/1432
f 1441/1228/1408 1453/1244/1432 1439/1226/1405
f 1439/1226/1405 1453/1244/1432 1454/1245/1433
f 1439/1226/1405 1454/1245/1434 1455/1246/1435
f 1455/1246/1436 1454/1245/1433 1456/1247/1437
f 1455/1246/1436 1456/1247/1437 1415/1202/1368
f 1415/1202/1368 1456/1247/1437 1413/1200/1365
f 1237/1241/1438 1239/1248/1439 1451/1242/1428
f 1451/1242/1428 1239/1248/1440 1457/1249/1441
f 1451/1242/1428 1457/1249/1441 1452/1243/1431
f 1452/1243/1431 1457/1249/1441 1458/1250/1442
f 1452/1243/1430 1458/1250/1443 1453/1244/1432
f 1453/1244/1432 1458/1250/1442 1459/1251/1444
f 1453/1244/1432 1459/1251/1444 1454/1245/1434
f 1454/1245/1433 1459/1251/1444 1460/1252/1445
f 1454/1245/1433 1460/1252/1445 1456/1247/1437
f 1456/1247/1437 1460/1252/1445 1461/1253/1446
f 1456/1247/1437 1461/1253/1447 1413/1200/1365
f 1413/1200/1365 1461/1253/1447 1411/1198/1363
f 1239/1248/1439 1241/1254/1448 1457/1249/1441
f 1457/1249/1441 1241/1254/1449 1462/1255/1450
f 1457/1249/1441 1462/1255/1450 1458/1250/1442
f 1458/1250/1443 1462/1255/1450 1463/1256/1451
f 1458/1250/1443 1463/1256/1451 1459/1251/1444
f 1459/1251/1444 1463/1256/1451 1464/1257/1452
f 1459/1251/1444 1464/1257/1452 1460/1252/1445
f 1460/1252/1453 1464/1257/1454 1465/1258/1455
f 1460/1252/1445 1465/1258/1456 1461/1253/1447
f 1461/1253/1446 1465/1258/1455 1466/1259/1457
f 1461/1253/1447 1466/1259/1458 1411/1198/1363
f 1411/1198/1363 1466/1259/1457 1409/1196/1360
f 1241/1254/1459 1350/1260/1460 1462/1255/1450
f 1462/1255/1450 1350/1260/1460 1467/1261/1461
f 1462/1255/1450 1467/1261/1461 1463/1256/1451
f 1463/1256/1451 1467/1261/1462 1468/1262/1463
f 1463/1256/1451 1468/1262/1463 1464/1257/1454
f 1464/1257/1452 1468/1262/1463 1469/1263/1464
f 1464/1257/1454 1469/1263/1464 1465/1258/1456
f 1465/1258/1455 1469/1263/1464 1470/1264/1465
f 1465/1258/1455 1470/1264/1465 1466/1259/1457
f 1466/1259/1457 1470/1264/1465 1471/1265/1466
f 1466/1259/1457 1471/1265/1466 1409/1196/1360
f 1409/1196/1360 1471/1265/1467 1407/1194/1356
f 1350/1260/1468 1365/1266/1469 1467/1261/1462
f 1467/1261/1462 1365/1266/1469 1472/1267/1470
f 1467/1261/1462 1472/1267/1471 1468/1262/1463
f 1468/1262/1463 1472/1267/1470 1473/1268/1472
f 1468/1262/1463 1473/1268/1472 1469/1263/1464
f 1469/1263/1464 1473/1268/1472 1474/1269/1473
f 1469/1263/1464 1474/1269/1473 1470/1264/1474
f 1470/1264/1465 1474/1269/1473 1475/1270/1475
f 1470/1264/1465 1475/1270/1475 1471/1265/1466
f 1471/1265/1467 1475/1270/1475 1476/1271/1476
f 1471/1265/1466 1476/1271/1476 1407/1194/1356
f 1407/1194/1477 1476/1271/1476 1405/1192/1478
f 1365/1266/1469 1363/1272/1479 1472/1267/1471
f 1472/1267/1470 1363/1272/1480 1477/1273/1481
f 1472/1267/1471 1477/1273/1481 1473/1268/1472
f 1473/1268/1472 1477/1273/1481 1478/1274/1482
f 1473/1268/1472 1478/1274/1482 1474/1269/1473
f 1474/1269/1473 1478/1274/1482 1479/1275/1483
f 1474/1269/1473 1479/1275/1483 1475/1270/1475
f 1475/1270/1475 1479/1275/1483 1480/1276/1484
f 1475/1270/1475 1480/1276/1485 1476/1271/1476
f 1476/1271/1476 1480/1276/1486 1481/1277/1487
f 1476/1271/1476 1481/1277/1487 1405/1192/1478
f 1405/1192/1354 1481/1277/1487 1403/1190/1352
f 1477/1273/1481 1363/1272/1480 1482/1278/1488
f 1482/1278/1488 1363/1272/1480 1360/1279/1489
f 1482/1278/1488 1360/1279/1489 1483/1280/1490
f 1483/1280/1490 1360/1279/1489 1361/1281/1279
f 1483/1280/1490 1361/1281/1279 1484/1282/1491
f 1484/1282/1492 1485/1283/1493 1483/1280/1490
f 1483/1280/1490 1485/1283/1493 1486/1284/1494
f 1483/1280/1490 1486/1284/1494 1487/1285/1495
f 1487/1285/1495 1486/1284/1494 1488/1286/1496
f 1487/1285/1495 1488/1286/1496 1489/1287/1497
f 1489/1287/1497 1488/1286/1496 1490/1288/1498
f 1489/1287/1497 1490/1288/1498 1491/1289/1499
f 1491/1289/1499 1490/1288/1498 1492/1290/1500
f 1491/1289/1499 1492/1290/1500 1493/1291/1501
f 1493/1291/1501 1492/1290/1502 1481/1277/1487
f 1493/1291/1501 1481/1277/1503 1480/1276/1484
f 1492/1290/1500 1490/1288/1498 1401/1188/1347
f 1401/1188/1347 1490/1288/1498 1399/1186/1345
f 1397/1184/1342 1399/1186/1504 1494/1292/1505
f 1494/1292/1505 1399/1186/1345 1495/1293/1506
f 1494/1292/1507 1495/1293/1508 1496/1294/1509
f 1496/1294/1509 1495/1293/1508 1497/1295/1510
f 1496/1294/1509 1497/1295/1510 1498/1296/1511
f 1498/1296/1512 1497/1295/1510 1499/1297/1513
f 1498/1296/1514 1499/1297/1513 1500/1298/1515
f 1500/1298/1515 1499/1297/1513 1501/1299/1516
f 1500/1298/1515 1501/1299/1517 1502/1300/1518
f 1502/1300/1518 1501/1299/1517 1503/1301/1519
f 1502/1300/1518 1503/1301/1519 1504/1302/1520
f 1497/1295/1510 1495/1293/1508 1505/1303/1521
f 1505/1303/1521 1495/1293/1508 1506/1304/1522
f 1505/1303/1521 1506/1304/1522 1507/1305/1523
f 1507/1305/1523 1506/1304/1522 1503/1301/1519
f 1507/1305/1523 1503/1301/1519 1508/1306/1524
f 1508/1306/1524 1503/1301/1519 1501/1299/1516
f 1508/1306/1524 1501/1299/1516 1499/1297/1513
f 1385/1172/1324 1387/1174/1327 1504/1302/1520
f 1504/1302/1525 1387/1174/1327 1509/1307/1526
f 1504/1302/1525 1509/1307/1526 1502/1300/1518
f 1502/1300/1518 1509/1307/1526 1510/1308/1527
f 1502/1300/1518 1510/1308/1528 1500/1298/1515
f 1500/1298/1515 1510/1308/1528 1511/1309/1529
f 1500/1298/1515 1511/1309/1529 1498/1296/1511
f 1498/1296/1511 1511/1309/1529 1512/1310/1530
f 1498/1296/1511 1512/1310/1530 1496/1294/1509
f 1496/1294/1509 1512/1310/1530 1494/1292/1505
f 1386/1173/1326 1384/1171/1323 1513/1311/1531
f 1513/1311/1532 1384/1171/1323 1420/1207/1373
f 1513/1311/1531 1420/1207/1373 1514/1312/1533
f 1514/1312/1534 1420/1207/1373 1422/1209/1376
f 1514/1312/1533 1422/1209/1376 1515/1313/1535
f 1515/1313/1535 1422/1209/1375 1424/1211/1379
f 1515/1313/1535 1424/1211/1536 1426/1213/1382
f 1510/1308/1528 1509/1307/1526 1389/1176/1332
f 1389/1176/1330 1509/1307/1526 1387/1174/1327
f 1505/1303/1537 1507/1305/1523 1508/1306/1524
f 1505/1303/1537 1508/1306/1524 1499/1297/1513
f 1386/1173/1328 1513/1311/1538 1388/1175/1329
f 1388/1175/1329 1513/1311/1531 1516/1314/1539
f 1388/1175/1540 1516/1314/1539 1390/1177/1331
f 1390/1177/1331 1516/1314/1539 1517/1315/1541
f 1390/1177/1331 1517/1315/1541 1392/1179/1335
f 1392/1179/1542 1517/1315/1543 1518/1316/1544
f 1392/1179/1335 1518/1316/1544 1394/1181/1339
f 1394/1181/1338 1518/1316/1544 1519/1317/1545
f 1394/1181/1338 1519/1317/1545 1396/1183/1341
f 1396/1183/1341 1519/1317/1545 1520/1318/1546
f 1396/1183/1341 1520/1318/1547 1398/1185/1343
f 1398/1185/1344 1520/1318/1547 1400/1187/1346
f 1516/1314/1539 1513/1311/1532 1514/1312/1533
f 1511/1309/1529 1510/1308/1528 1391/1178/1334
f 1391/1178/1334 1510/1308/1528 1389/1176/1330
f 1497/1295/1510 1505/1303/1537 1499/1297/1513
f 1516/1314/1539 1514/1312/1533 1521/1319/1548
f 1521/1319/1549 1514/1312/1533 1515/1313/1535
f 1521/1319/1548 1515/1313/1535 1522/1320/1550
f 1522/1320/1550 1515/1313/1535 1426/1213/1382
f 1522/1320/1550 1426/1213/1382 1428/1215/1384
f 1512/1310/1530 1511/1309/1529 1393/1180/1337
f 1393/1180/1336 1511/1309/1529 1391/1178/1333
f 1516/1314/1539 1521/1319/1549 1517/1315/1541
f 1517/1315/1543 1521/1319/1549 1523/1321/1551
f 1517/1315/1543 1523/1321/1551 1518/1316/1552
f 1518/1316/1552 1523/1321/1551 1524/1322/1553
f 1518/1316/1552 1524/1322/1553 1519/1317/1545
f 1519/1317/1545 1524/1322/1553 1525/1323/1554
f 1519/1317/1545 1525/1323/1554 1520/1318/1547
f 1520/1318/1546 1525/1323/1554 1402/1189/1349
f 1520/1318/1546 1402/1189/1349 1400/1187/1346
f 1523/1321/1551 1521/1319/1548 1522/1320/1550
f 1494/1292/1507 1512/1310/1530 1395/1182/1555
f 1395/1182/1340 1512/1310/1530 1393/1180/1336
f 1523/1321/1551 1522/1320/1550 1526/1324/1556
f 1526/1324/1557 1522/1320/1550 1428/1215/1384
f 1526/1324/1556 1428/1215/1384 1430/1217/1387
f 1523/1321/1551 1526/1324/1556 1524/1322/1558
f 1524/1322/1553 1526/1324/1556 1527/1325/1559
f 1524/1322/1553 1527/1325/1560 1525/1323/1554
f 1525/1323/1554 1527/1325/1561 1404/1191/1351
f 1525/1323/1554 1404/1191/1351 1402/1189/1349
f 1527/1325/1561 1526/1324/1556 1430/1217/1387
f 1494/1292/1507 1395/1182/1340 1397/1184/1342
f 1416/1203/1369 1414/1201/1367 1436/1223/1395
f 1436/1223/1395 1414/1201/1367 1435/1222/1394
f 1414/1201/1562 1412/1199/1366 1435/1222/1394
f 1404/1191/1351 1527/1325/1560 1406/1193/1355
f 1406/1193/1563 1527/1325/1561 1430/1217/1387
f 1455/1246/1436 1415/1202/1368 1417/1204/1370
f 1492/1290/1500 1401/1188/1348 1403/1190/1350
f 1492/1290/1500 1403/1190/1350 1481/1277/1487
f 1439/1226/1405 1455/1246/1435 1437/1224/1400
f 1437/1224/1400 1455/1246/1436 1417/1204/1370
f 1489/1287/1497 1491/1289/1499 1493/1291/1501
f 1493/1291/1501 1480/1276/1485 1528/1326/1564
f 1528/1326/1564 1480/1276/1485 1479/1275/1483
f 1528/1326/1564 1479/1275/1483 1529/1327/1565
f 1529/1327/1565 1479/1275/1483 1478/1274/1482
f 1529/1327/1566 1478/1274/1482 1482/1278/1488
f 1482/1278/1488 1478/1274/1482 1477/1273/1481
f 1487/1285/1495 1489/1287/1567 1528/1326/1564
f 1528/1326/1564 1489/1287/1497 1493/1291/1501
f 1487/1285/1495 1528/1326/1564 1529/1327/1565
f 1483/1280/1490 1487/1285/1568 1529/1327/1565
f 1483/1280/1490 1529/1327/1569 1482/1278/1488
f 1210/1328/1570 1447/1329/1571 1211/1330/1572
f 1211/1330/1573 1447/1329/1571 1530/1331/1574
f 1211/1330/1572 1530/1331/1574 1212/1332/1575
f 1212/1332/1575 1530/1331/1574 1531/1333/1576
f 1212/1332/1575 1531/1333/1576 1224/1334/1577
f 1224/1334/1577 1531/1333/1576 1532/1335/1578
f 1224/1334/1577 1532/1335/1578 1226/1336/1579
f 1226/1336/1579 1532/1335/1578 1533/1337/1580
f 1226/1336/1579 1533/1337/1580 1228/1338/1581
f 1228/1338/1582 1533/1337/1580 1534/1339/1583
f 1228/1338/1582 1534/1339/1583 1230/1340/1584
f 1230/1340/1585 1534/1339/1583 1535/1341/1586
f 1230/1340/1585 1535/1341/1587 1223/1342/1588
f 1223/1342/1589 1535/1341/1587 1536/1343/1590
f 1223/1342/1588 1536/1343/1590 1537/1344/1591
f 1537/1344/1592 1536/1343/1590 1538/1345/1591
f 1538/1345/1591 1536/1343/1590 1539/1346/1591
f 1539/1346/1591 1536/1343/1590 1540/1347/1593
f 1539/1346/1594 1540/1347/1595 1541/1348/1591
f 1541/1348/1591 1540/1347/1595 1542/1349/1592
f 1542/1349/1591 1540/1347/1593 1543/1350/1596
f 1542/1349/1592 1543/1350/1597 1544/1351/1592
f 1544/1351/1591 1543/1350/1597 1545/1352/1594
f 1545/1352/1594 1543/1350/1596 1546/1353/1598
f 1545/1352/1599 1546/1353/1600 1547/1354/1601
f 1547/1354/1601 1546/1353/1602 1548/1355/1603
f 1547/1354/1601 1548/1355/1603 1549/1356/1604
f 1549/1356/1605 1548/1355/1606 1550/1357/1607
f 1549/1356/1605 1550/1357/1607 1551/1358/1608
f 1551/1358/1591 1550/1357/1607 1552/1359/1609
f 1551/1358/1591 1552/1359/1609 1553/1360/1610
f 1553/1360/1610 1552/1359/1609 1554/1361/1611
f 1553/1360/1610 1554/1361/1611 1555/1362/1612
f 1555/1362/1612 1554/1361/1613 1556/1363/1591
f 1556/1363/1594 1554/1361/1611 1557/1364/1614
f 1557/1364/1615 1554/1361/1611 1558/1365/1616
f 1557/1364/1614 1558/1365/1616 1559/1366/1617
f 1559/1366/1618 1558/1365/1616 1560/1367/1619
f 1559/1366/1618 1560/1367/1619 1561/1368/1620
f 1561/1368/1620 1560/1367/1619 1562/1369/1621
f 1561/1368/1620 1562/1369/1621 1563/1370/1622
f 1563/1370/1623 1562/1369/1621 1564/1371/1624
f 1563/1370/1625 1564/1371/1626 1565/1372/1627
f 1565/1372/1628 1564/1371/1624 1566/1373/1629
f 1565/1372/1627 1566/1373/1629 1567/1374/1630
f 1567/1374/1630 1566/1373/1629 1568/1375/1631
f 1567/1374/1630 1568/1375/1632 1418/1376/1371
f 1418/1376/1371 1568/1375/1631 1419/1377/1399
f 1419/1377/1401 1568/1375/1633 1438/1378/1404
f 1438/1378/1404 1568/1375/1632 1569/1379/1634
f 1438/1378/1635 1569/1379/1636 1448/1380/1421
f 1448/1380/1421 1569/1379/1636 1449/1381/1423
f 1449/1381/1423 1569/1379/1636 1530/1331/1574
f 1449/1381/1423 1530/1331/1574 1450/1382/1425
f 1450/1382/1424 1530/1331/1574 1447/1329/1571
f 1418/1376/1371 1434/1383/1393 1567/1374/1630
f 1567/1374/1630 1434/1383/1392 1570/1384/1637
f 1567/1374/1630 1570/1384/1637 1565/1372/1627
f 1565/1372/1627 1570/1384/1637 1571/1385/1638
f 1565/1372/1627 1571/1385/1638 1563/1370/1639
f 1563/1370/1622 1571/1385/1638 1572/1386/1640
f 1563/1370/1639 1572/1386/1640 1561/1368/1641
f 1561/1368/1620 1572/1386/1640 1573/1387/1642
f 1561/1368/1641 1573/1387/1642 1559/1366/1617
f 1559/1366/1617 1573/1387/1643 1574/1388/1644
f 1559/1366/1618 1574/1388/1644 1557/1364/1614
f 1434/1383/1392 1431/1389/1645 1570/1384/1646
f 1570/1384/1647 1431/1389/1648 1575/1390/1649
f 1570/1384/1650 1575/1390/1651 1571/1385/1638
f 1571/1385/1638 1575/1390/1652 1576/1391/1653
f 1571/1385/1638 1576/1391/1654 1572/1386/1640
f 1572/1386/1640 1576/1391/1654 1577/1392/1655
f 1572/1386/1640 1577/1392/1655 1573/1387/1643
f 1573/1387/1642 1577/1392/1655 1574/1388/1644
f 1431/1389/1645 1423/1393/1378 1575/1390/1652
f 1575/1390/1656 1423/1393/1377 1578/1394/1657
f 1575/1390/1649 1578/1394/1658 1576/1391/1653
f 1576/1391/1654 1578/1394/1658 1421/1395/1374
f 1576/1391/1654 1421/1395/1374 1579/1396/1659
f 1579/1396/1659 1421/1395/1660 1580/1397/1661
f 1579/1396/1659 1580/1397/1661 1383/1398/1662
f 1383/1398/1663 1580/1397/1664 1421/1395/1665
f 1423/1393/1666 1421/1395/1667 1578/1394/1668
f 1385/1399/1324 1581/1400/1669 1383/1398/1662
f 1383/1398/1662 1581/1400/1669 1579/1396/1670
f 1579/1396/1659 1581/1400/1669 1577/1392/1655
f 1577/1392/1655 1581/1400/1669 1574/1388/1644
f 1537/1344/1591 1194/1401/1671 1223/1342/1588
f 1531/1333/1576 1530/1331/1574 1582/1402/1672
f 1582/1402/1673 1530/1331/1574 1569/1379/1636
f 1582/1402/1672 1569/1379/1636 1583/1403/1674
f 1583/1403/1674 1569/1379/1636 1568/1375/1631
f 1583/1403/1674 1568/1375/1633 1566/1373/1629
f 1532/1335/1578 1531/1333/1576 1584/1404/1675
f 1584/1404/1675 1531/1333/1576 1582/1402/1672
f 1584/1404/1676 1582/1402/1673 1585/1405/1677
f 1585/1405/1677 1582/1402/1678 1583/1403/1674
f 1585/1405/1679 1583/1403/1674 1586/1406/1680
f 1586/1406/1680 1583/1403/1674 1566/1373/1629
f 1586/1406/1680 1566/1373/1629 1564/1371/1624
f 1533/1337/1580 1532/1335/1578 1587/1407/1681
f 1587/1407/1681 1532/1335/1578 1584/1404/1682
f 1587/1407/1681 1584/1404/1675 1588/1408/1683
f 1588/1408/1684 1584/1404/1675 1585/1405/1677
f 1588/1408/1684 1585/1405/1677 1589/1409/1685
f 1589/1409/1685 1585/1405/1679 1586/1406/1680
f 1589/1409/1685 1586/1406/1680 1590/1410/1686
f 1590/1410/1686 1586/1406/1687 1564/1371/1624
f 1590/1410/1686 1564/1371/1624 1562/1369/1621
f 1534/1339/1583 1533/1337/1580 1591/1411/1688
f 1591/1411/1688 1533/1337/1689 1587/1407/1681
f 1591/1411/1688 1587/1407/1681 1592/1412/1690
f 1592/1412/1690 1587/1407/1681 1588/1408/1684
f 1592/1412/1691 1588/1408/1683 1593/1413/1692
f 1593/1413/1692 1588/1408/1683 1589/1409/1685
f 1593/1413/1692 1589/1409/1685 1594/1414/1693
f 1594/1414/1693 1589/1409/1685 1590/1410/1686
f 1594/1414/1693 1590/1410/1686 1595/1415/1694
f 1595/1415/1694 1590/1410/1686 1562/1369/1621
f 1595/1415/1694 1562/1369/1621 1560/1367/1619
f 1540/1347/1595 1536/1343/1590 1535/1341/1587
f 1535/1341/1587 1534/1339/1583 1596/1416/1695
f 1596/1416/1695 1534/1339/1696 1591/1411/1688
f 1596/1416/1697 1591/1411/1688 1597/1417/1698
f 1597/1417/1698 1591/1411/1688 1592/1412/1690
f 1597/1417/1698 1592/1412/1699 1598/1418/1700
f 1598/1418/1700 1592/1412/1699 1593/1413/1692
f 1598/1418/1700 1593/1413/1701 1599/1419/1702
f 1599/1419/1702 1593/1413/1701 1594/1414/1693
f 1599/1419/1702 1594/1414/1693 1600/1420/1703
f 1600/1420/1703 1594/1414/1693 1595/1415/1704
f 1600/1420/1703 1595/1415/1694 1601/1421/1705
f 1601/1421/1706 1595/1415/1694 1560/1367/1619
f 1601/1421/1705 1560/1367/1619 1558/1365/1616
f 1543/1350/1597 1540/1347/1593 1596/1416/1695
f 1596/1416/1695 1540/1347/1595 1535/1341/1587
f 1543/1350/1597 1596/1416/1695 1597/1417/1698
f 1546/1353/1707 1543/1350/1597 1597/1417/1698
f 1546/1353/1707 1597/1417/1698 1598/1418/1708
f 1548/1355/1603 1546/1353/1600 1598/1418/1708
f 1548/1355/1603 1598/1418/1700 1599/1419/1702
f 1550/1357/1607 1548/1355/1603 1599/1419/1702
f 1550/1357/1607 1599/1419/1702 1600/1420/1703
f 1552/1359/1609 1550/1357/1607 1600/1420/1703
f 1552/1359/1609 1600/1420/1703 1601/1421/1706
f 1579/1396/1659 1577/1392/1655 1576/1391/1709
f 1554/1361/1611 1552/1359/1609 1601/1421/1706
f 1554/1361/1611 1601/1421/1706 1558/1365/1616
f 1192/1422/1591 1194/1423/1591 1602/1424/1591
f 1602/1424/1591 1194/1423/1591 1537/1425/1591
f 1602/1424/1594 1537/1425/1594 1603/1426/1594
f 1603/1426/1594 1537/1425/1594 1538/1427/1594
f 1603/1426/1591 1538/1427/1591 1604/1428/1591
f 1604/1428/1591 1538/1427/1591 1539/1429/1591
f 1604/1428/1591 1539/1429/1591 1605/1430/1591
f 1605/1430/1591 1539/1429/1591 1541/1431/1591
f 1605/1430/1591 1541/1431/1591 1606/1432/1591
f 1606/1432/1710 1541/1431/1710 1542/1433/1710
f 1606/1432/1591 1542/1433/1591 1544/1434/1591
f 1606/1432/1591 1544/1434/1591 1607/1435/1591
f 1607/1435/1594 1544/1434/1594 1545/1436/1594
f 1607/1435/1594 1545/1436/1594 1608/1437/1594
f 1608/1437/1591 1545/1436/1591 1547/1438/1591
f 1608/1437/1594 1547/1438/1594 1549/1439/1594
f 1608/1437/1591 1549/1439/1591 1609/1440/1591
f 1609/1440/1711 1549/1439/1711 1551/1441/1711
f 1609/1440/1712 1551/1441/1712 1610/1442/1712
f 1610/1442/1591 1551/1441/1591 1553/1443/1591
f 1610/1442/1591 1553/1443/1591 1611/1444/1591
f 1611/1444/1594 1553/1443/1594 1555/1445/1594
f 1611/1444/1592 1555/1445/1592 1612/1446/1592
f 1612/1446/1594 1555/1445/1594 1556/1447/1594
f 1612/1446/1591 1556/1447/1591 1613/1448/1591
f 1613/1448/1591 1556/1447/1591 1614/1449/1591
f 1614/1449/1591 1556/1447/1591 1615/1450/1591
f 1614/1449/1594 1615/1450/1594 1616/1451/1594
f 1616/1451/1591 1615/1450/1591 1617/1452/1591
f 1617/1452/1591 1615/1450/1591 1618/1453/1591
f 1617/1452/1594 1618/1453/1594 1619/1454/1594
f 1617/1452/1591 1619/1454/1591 1620/1455/1591
f 1620/1455/1591 1619/1454/1591 1621/1456/1591
f 1620/1455/1594 1621/1456/1594 1622/1457/1594
f 1622/1457/1591 1621/1456/1591 1623/1458/1591
f 1622/1457/1591 1623/1458/1591 1624/1459/1591
f 1622/1457/1594 1624/1459/1594 1625/1460/1594
f 1625/1460/1594 1624/1459/1594 1626/1461/1594
f 1625/1460/1591 1626/1461/1591 1627/1462/1591
f 1627/1462/1591 1626/1461/1591 1628/1463/1591
f 1627/1462/1591 1628/1463/1591 1629/1464/1591
f 1627/1462/1711 1629/1464/1711 1630/1465/1711
f 1630/1465/1591 1629/1464/1591 1631/1466/1591
f 1630/1465/1591 1631/1466/1591 1632/1467/1591
f 1633/1468/1608 1634/1469/1608 1632/1467/1608
f 1632/1467/1599 1634/1469/1599 1635/1470/1599
f 1632/1467/1591 1635/1470/1591 1630/1465/1591
f 1634/1469/1594 1633/1468/1594 1636/1471/1594
f 1636/1471/1713 1633/1468/1713 1195/1472/1713
f 1636/1471/1591 1195/1472/1591 1197/1473/1591
f 1192/1474/1714 1602/1475/1715 1637/1476/1716
f 1637/1476/1716 1602/1475/1715 1638/1477/1717
f 1637/1476/1716 1638/1477/1718 1639/1478/1719
f 1639/1478/1719 1638/1477/1718 1640/1479/1720
f 1639/1478/1719 1640/1479/1721 1641/1480/1722
f 1641/1480/1723 1640/1479/1720 1642/1481/1724
f 1641/1480/1722 1642/1481/1725 1643/1482/1726
f 1643/1482/1726 1642/1481/1724 1644/1483/1727
f 1643/1482/1726 1644/1483/1727 1645/1484/1728
f 1645/1484/1728 1644/1483/1729 1646/1485/1730
f 1645/1484/1728 1646/1485/1730 1647/1486/1731
f 1647/1486/1731 1646/1485/1730 1648/1487/1732
f 1647/1486/1731 1648/1487/1732 1649/1488/1733
f 1649/1488/1733 1648/1487/1734 1650/1489/1735
f 1649/1488/1733 1650/1489/1735 1651/1490/1736
f 1651/1490/1736 1650/1489/1735 1652/1491/1737
f 1651/1490/1736 1652/1491/1738 1653/1492/1739
f 1653/1492/1740 1652/1491/1738 1654/1493/1741
f 1653/1492/1739 1654/1493/1742 1655/1494/1743
f 1655/1494/1743 1654/1493/1742 1656/1495/1744
f 1656/1495/1744 1654/1493/1742 1657/1496/1745
f 1656/1495/1744 1657/1496/1745 1658/1497/1746
f 1658/1497/1747 1657/1496/1745 1659/1498/1748
f 1659/1498/1748 1657/1496/1745 1660/1499/1749
f 1660/1499/1749 1657/1496/1745 1661/1500/1750
f 1660/1499/1749 1661/1500/1751 1662/1501/1752
f 1662/1501/1753 1661/1500/1751 1663/1502/1754
f 1662/1501/1755 1663/1502/1754 1664/1503/1756
f 1664/1503/1757 1663/1502/1754 1665/1504/1758
f 1664/1503/1756 1665/1504/1758 1666/1505/1759
f 1666/1505/1759 1665/1504/1758 1667/1506/1760
f 1666/1505/1759 1667/1506/1760 1668/1507/1761
f 1668/1507/1761 1667/1506/1760 1669/1508/1762
f 1668/1507/1761 1669/1508/1762 1670/1509/1763
f 1670/1509/1764 1669/1508/1762 1671/1510/1765
f 1670/1509/1764 1671/1510/1765 1672/1511/1766
f 1672/1511/1766 1671/1510/1765 1673/1512/1767
f 1672/1511/1766 1673/1512/1767 1674/1513/1768
f 1674/1513/1768 1673/1512/1767 1675/1514/1769
f 1674/1513/1768 1675/1514/1769 1676/1515/1770
f 1676/1515/1771 1675/1514/1769 1677/1516/1772
f 1676/1515/1771 1677/1516/1773 1678/1517/1774
f 1678/1517/1774 1677/1516/1772 1679/1518/1775
f 1678/1517/1774 1679/1518/1775 1680/1519/1776
f 1680/1519/1776 1679/1518/1775 1681/1520/1777
f 1680/1519/1778 1681/1520/1777 1606/1521/1779
f 1606/1521/1780 1681/1520/1777 1605/1522/1781
f 1605/1522/1782 1681/1520/1777 1682/1523/1783
f 1605/1522/1781 1682/1523/1784 1604/1524/1785
f 1604/1524/1786 1682/1523/1784 1603/1525/1787
f 1603/1525/1788 1682/1523/1783 1638/1477/1718
f 1603/1525/1788 1638/1477/1718 1602/1475/1789
f 1680/1519/1776 1606/1521/1780 1683/1526/1790
f 1683/1526/1790 1606/1521/1779 1607/1527/1791
f 1683/1526/1790 1607/1527/1792 1684/1528/1793
f 1684/1528/1793 1607/1527/1792 1608/1529/1794
f 1684/1528/1793 1608/1529/1794 1685/1530/1795
f 1685/1530/1795 1608/1529/1794 1686/1531/1796
f 1685/1530/1795 1686/1531/1796 1687/1532/1797
f 1687/1532/1798 1686/1531/1796 1688/1533/1799
f 1687/1532/1798 1688/1533/1800 1689/1534/1801
f 1689/1534/1801 1688/1533/1799 1690/1535/1802
f 1689/1534/1803 1690/1535/1804 1691/1536/1805
f 1691/1536/1806 1690/1535/1804 1692/1537/1807
f 1691/1536/1805 1692/1537/1807 1693/1538/1808
f 1693/1538/1808 1692/1537/1809 1694/1539/1810
f 1693/1538/1811 1694/1539/1810 1695/1540/1812
f 1695/1540/1812 1694/1539/1810 1696/1541/1813
f 1695/1540/1814 1696/1541/1813 1697/1542/1815
f 1697/1542/1815 1696/1541/1813 1698/1543/1816
f 1697/1542/1815 1698/1543/1816 1699/1544/1817
f 1699/1544/1818 1698/1543/1816 1700/1545/1819
f 1699/1544/1817 1700/1545/1819 1701/1546/1820
f 1609/1547/1821 1702/1548/1822 1608/1529/1794
f 1608/1529/1794 1702/1548/1822 1703/1549/1823
f 1608/1529/1794 1703/1549/1823 1686/1531/1796
f 1686/1531/1824 1703/1549/1825 1688/1533/1799
f 1610/1550/1826 1704/1551/1827 1609/1547/1821
f 1609/1547/1828 1704/1551/1829 1705/1552/1830
f 1609/1547/1821 1705/1552/1830 1702/1548/1822
f 1702/1548/1822 1705/1552/1830 1706/1553/1831
f 1702/1548/1832 1706/1553/1831 1707/1554/1833
f 1707/1554/1833 1706/1553/1831 1708/1555/1834
f 1707/1554/1835 1708/1555/1834 1690/1535/1804
f 1690/1535/1804 1708/1555/1834 1692/1537/1807
f 1611/1556/1836 1709/1557/1837 1610/1550/1838
f 1610/1550/1839 1709/1557/1840 1710/1558/1841
f 1610/1550/1842 1710/1558/1841 1704/1551/1829
f 1704/1551/1827 1710/1558/1841 1711/1559/1843
f 1704/1551/1829 1711/1559/1843 1705/1552/1830
f 1705/1552/1830 1711/1559/1843 1706/1553/1831
f 1612/1560/1844 1712/1561/1845 1611/1556/1846
f 1611/1556/1836 1712/1561/1845 1713/1562/1847
f 1611/1556/1836 1713/1562/1847 1710/1558/1841
f 1710/1558/1841 1713/1562/1847 1714/1563/1848
f 1710/1558/1841 1714/1563/1848 1715/1564/1849
f 1715/1564/1850 1714/1563/1851 1716/1565/1852
f 1715/1564/1849 1716/1565/1853 1717/1566/1854
f 1717/1566/1854 1716/1565/1852 1718/1567/1855
f 1717/1566/1854 1718/1567/1855 1719/1568/1856
f 1719/1568/1857 1718/1567/1855 1720/1569/1858
f 1719/1568/1856 1720/1569/1858 1696/1541/1813
f 1696/1541/1813 1720/1569/1858 1698/1543/1816
f 1712/1561/1845 1612/1560/1844 1713/1562/1847
f 1713/1562/1847 1612/1560/1844 1613/1570/1859
f 1713/1562/1847 1613/1570/1859 1714/1563/1848
f 1714/1563/1848 1613/1570/1859 1721/1571/1860
f 1714/1563/1848 1721/1571/1860 1716/1565/1852
f 1716/1565/1852 1721/1571/1860 1718/1567/1855
f 1718/1567/1855 1721/1571/1861 1720/1569/1858
f 1720/1569/1858 1721/1571/1861 1700/1545/1819
f 1720/1569/1858 1700/1545/1819 1698/1543/1816
f 1699/1544/1817 1701/1546/1820 1722/1572/1862
f 1722/1572/1862 1701/1546/1820 1723/1573/1863
f 1722/1572/1864 1723/1573/1863 1724/1574/1865
f 1724/1574/1865 1723/1573/1863 1725/1575/1866
f 1724/1574/1865 1725/1575/1866 1726/1576/1867
f 1726/1576/1867 1725/1575/1866 1727/1577/1868
f 1726/1576/1867 1727/1577/1868 1728/1578/1869
f 1728/1578/1869 1727/1577/1870 1729/1579/1871
f 1728/1578/1869 1729/1579/1871 1730/1580/1872
f 1730/1580/1872 1729/1579/1871 1731/1581/1873
f 1730/1580/1872 1731/1581/1873 1732/1582/1874
f 1732/1582/1874 1731/1581/1873 1733/1583/1875
f 1732/1582/1874 1733/1583/1875 1734/1584/1876
f 1734/1584/1876 1733/1583/1875 1735/1585/1877
f 1734/1584/1876 1735/1585/1878 1736/1586/1879
f 1736/1586/1879 1735/1585/1878 1737/1587/1880
f 1736/1586/1879 1737/1587/1880 1738/1588/1881
f 1738/1588/1881 1737/1587/1882 1678/1517/1774
f 1738/1588/1883 1678/1517/1884 1680/1519/1776
f 1725/1575/1866 1723/1573/1863 1739/1589/1885
f 1739/1589/1886 1723/1573/1863 1740/1590/1887
f 1739/1589/1886 1740/1590/1887 1741/1591/1888
f 1741/1591/1888 1740/1590/1887 1742/1592/1889
f 1741/1591/1888 1742/1592/1890 1743/1593/1891
f 1743/1593/1891 1742/1592/1890 1744/1594/1892
f 1743/1593/1891 1744/1594/1892 1745/1595/1893
f 1745/1595/1893 1744/1594/1892 1746/1596/1894
f 1745/1595/1895 1746/1596/1894 1747/1597/1896
f 1747/1597/1896 1746/1596/1894 1748/1598/1897
f 1747/1597/1898 1748/1598/1897 1749/1599/1899
f 1749/1599/1899 1748/1598/1897 1672/1511/1766
f 1749/1599/1900 1672/1511/1766 1674/1513/1768
f 1750/1600/1901 1751/1601/1902 1740/1590/1887
f 1740/1590/1887 1751/1601/1902 1752/1602/1903
f 1740/1590/1887 1752/1602/1903 1742/1592/1890
f 1742/1592/1889 1752/1602/1903 1744/1594/1892
f 1662/1501/1755 1664/1503/1757 1750/1600/1901
f 1750/1600/1901 1664/1503/1756 1753/1603/1904
f 1750/1600/1901 1753/1603/1904 1751/1601/1902
f 1751/1601/1902 1753/1603/1904 1754/1604/1905
f 1751/1601/1902 1754/1604/1905 1755/1605/1906
f 1755/1605/1907 1754/1604/1905 1756/1606/1908
f 1755/1605/1906 1756/1606/1908 1746/1596/1894
f 1746/1596/1894 1756/1606/1908 1748/1598/1897
f 1640/1479/1720 1638/1477/1718 1757/1607/1909
f 1757/1607/1909 1638/1477/1718 1682/1523/1783
f 1757/1607/1909 1682/1523/1783 1679/1518/1775
f 1679/1518/1775 1682/1523/1783 1681/1520/1777
f 1642/1481/1724 1640/1479/1720 1758/1608/1910
f 1758/1608/1910 1640/1479/1720 1757/1607/1909
f 1758/1608/1910 1757/1607/1909 1677/1516/1773
f 1677/1516/1773 1757/1607/1909 1679/1518/1911
f 1644/1483/1727 1642/1481/1912 1759/1609/1913
f 1759/1609/1913 1642/1481/1724 1758/1608/1910
f 1759/1609/1913 1758/1608/1914 1675/1514/1769
f 1675/1514/1769 1758/1608/1910 1677/1516/1773
f 1646/1485/1730 1644/1483/1727 1760/1610/1915
f 1760/1610/1916 1644/1483/1727 1759/1609/1913
f 1760/1610/1916 1759/1609/1913 1673/1512/1917
f 1673/1512/1767 1759/1609/1913 1675/1514/1769
f 1648/1487/1732 1646/1485/1730 1761/1611/1918
f 1761/1611/1918 1646/1485/1730 1760/1610/1916
f 1761/1611/1918 1760/1610/1916 1671/1510/1765
f 1671/1510/1765 1760/1610/1916 1673/1512/1917
f 1650/1489/1735 1648/1487/1732 1762/1612/1919
f 1762/1612/1919 1648/1487/1732 1761/1611/1918
f 1762/1612/1919 1761/1611/1918 1669/1508/1762
f 1669/1508/1762 1761/1611/1920 1671/1510/1921
f 1652/1491/1738 1650/1489/1735 1763/1613/1922
f 1763/1613/1923 1650/1489/1735 1762/1612/1919
f 1763/1613/1923 1762/1612/1919 1667/1506/1760
f 1667/1506/1924 1762/1612/1919 1669/1508/1762
f 1661/1500/1750 1657/1496/1745 1654/1493/1742
f 1654/1493/1741 1652/1491/1738 1764/1614/1925
f 1764/1614/1925 1652/1491/1738 1763/1613/1923
f 1764/1614/1926 1763/1613/1923 1665/1504/1927
f 1665/1504/1928 1763/1613/1922 1667/1506/1760
f 1663/1502/1754 1661/1500/1751 1764/1614/1926
f 1764/1614/1925 1661/1500/1750 1654/1493/1741
f 1663/1502/1754 1764/1614/1926 1665/1504/1758
f 1754/1604/1905 1753/1603/1904 1666/1505/1759
f 1666/1505/1759 1753/1603/1904 1664/1503/1756
f 1756/1606/1908 1754/1604/1905 1668/1507/1761
f 1668/1507/1761 1754/1604/1905 1666/1505/1759
f 1748/1598/1897 1756/1606/1908 1670/1509/1763
f 1670/1509/1764 1756/1606/1908 1668/1507/1761
f 1670/1509/1763 1672/1511/1766 1748/1598/1929
f 1674/1513/1768 1676/1515/1771 1765/1615/1930
f 1765/1615/1930 1676/1515/1771 1737/1587/1880
f 1765/1615/1930 1737/1587/1880 1735/1585/1878
f 1676/1515/1771 1678/1517/1774 1737/1587/1882
f 1680/1519/1778 1683/1526/1790 1738/1588/1881
f 1738/1588/1881 1683/1526/1790 1766/1616/1931
f 1738/1588/1881 1766/1616/1931 1736/1586/1879
f 1736/1586/1879 1766/1616/1932 1767/1617/1933
f 1736/1586/1934 1767/1617/1933 1734/1584/1876
f 1734/1584/1876 1767/1617/1933 1768/1618/1935
f 1734/1584/1876 1768/1618/1935 1732/1582/1874
f 1732/1582/1874 1768/1618/1935 1769/1619/1936
f 1732/1582/1937 1769/1619/1938 1730/1580/1872
f 1730/1580/1872 1769/1619/1938 1770/1620/1939
f 1730/1580/1872 1770/1620/1940 1728/1578/1869
f 1728/1578/1869 1770/1620/1939 1771/1621/1941
f 1728/1578/1869 1771/1621/1941 1726/1576/1867
f 1726/1576/1867 1771/1621/1941 1772/1622/1942
f 1726/1576/1867 1772/1622/1943 1724/1574/1865
f 1724/1574/1865 1772/1622/1942 1722/1572/1862
f 1674/1513/1768 1765/1615/1930 1749/1599/1899
f 1749/1599/1899 1765/1615/1930 1773/1623/1944
f 1749/1599/1899 1773/1623/1944 1747/1597/1896
f 1747/1597/1896 1773/1623/1944 1774/1624/1945
f 1747/1597/1896 1774/1624/1946 1745/1595/1895
f 1745/1595/1893 1774/1624/1947 1775/1625/1948
f 1745/1595/1895 1775/1625/1948 1743/1593/1891
f 1743/1593/1891 1775/1625/1949 1776/1626/1950
f 1743/1593/1891 1776/1626/1950 1741/1591/1888
f 1741/1591/1888 1776/1626/1950 1739/1589/1951
f 1773/1623/1944 1765/1615/1930 1735/1585/1878
f 1683/1526/1790 1684/1528/1952 1766/1616/1932
f 1766/1616/1931 1684/1528/1793 1685/1530/1795
f 1766/1616/1931 1685/1530/1953 1767/1617/1933
f 1767/1617/1933 1685/1530/1795 1687/1532/1798
f 1767/1617/1933 1687/1532/1797 1768/1618/1935
f 1768/1618/1935 1687/1532/1797 1689/1534/1801
f 1768/1618/1935 1689/1534/1954 1769/1619/1938
f 1769/1619/1938 1689/1534/1954 1691/1536/1806
f 1769/1619/1938 1691/1536/1805 1770/1620/1939
f 1770/1620/1939 1691/1536/1806 1693/1538/1808
f 1770/1620/1939 1693/1538/1808 1771/1621/1941
f 1771/1621/1941 1693/1538/1811 1695/1540/1814
f 1771/1621/1941 1695/1540/1814 1772/1622/1943
f 1772/1622/1942 1695/1540/1814 1697/1542/1815
f 1772/1622/1942 1697/1542/1815 1722/1572/1864
f 1722/1572/1862 1697/1542/1815 1699/1544/1817
f 1774/1624/1945 1773/1623/1944 1733/1583/1875
f 1733/1583/1875 1773/1623/1944 1735/1585/1878
f 1752/1602/1903 1751/1601/1902 1755/1605/1906
f 1752/1602/1903 1755/1605/1907 1744/1594/1892
f 1744/1594/1892 1755/1605/1955 1746/1596/1894
f 1776/1626/1950 1775/1625/1949 1729/1579/1871
f 1729/1579/1871 1775/1625/1949 1731/1581/1873
f 1733/1583/1875 1731/1581/1873 1774/1624/1946
f 1774/1624/1945 1731/1581/1873 1775/1625/1948
f 1702/1548/1822 1707/1554/1833 1703/1549/1823
f 1703/1549/1823 1707/1554/1833 1688/1533/1799
f 1707/1554/1833 1690/1535/1804 1688/1533/1799
f 1739/1589/1951 1776/1626/1950 1727/1577/1868
f 1727/1577/1868 1776/1626/1950 1729/1579/1871
f 1739/1589/1886 1727/1577/1870 1725/1575/1866
f 1692/1537/1807 1708/1555/1834 1777/1627/1956
f 1777/1627/1957 1708/1555/1834 1778/1628/1958
f 1777/1627/1959 1778/1628/1960 1717/1566/1854
f 1717/1566/1854 1778/1628/1960 1715/1564/1850
f 1708/1555/1834 1706/1553/1961 1778/1628/1960
f 1778/1628/1958 1706/1553/1962 1711/1559/1843
f 1778/1628/1960 1711/1559/1843 1715/1564/1849
f 1715/1564/1850 1711/1559/1843 1710/1558/1841
f 1692/1537/1807 1777/1627/1956 1694/1539/1963
f 1694/1539/1810 1777/1627/1956 1719/1568/1857
f 1694/1539/1963 1719/1568/1857 1696/1541/1813
f 1719/1568/1856 1777/1627/1956 1717/1566/1854
f 1611/1556/1846 1710/1558/1841 1709/1557/1964
f 1779/1629/1965 1780/1630/1966 1781/1631/1967
f 1781/1631/1967 1780/1630/1966 1782/1632/1968
f 1781/1631/1969 1782/1632/1968 1783/1633/1970
f 1783/1633/1970 1782/1632/1968 1187/1634/1971
f 1783/1633/1970 1187/1634/1971 1189/1635/1971
f 1192/1636/1971 1784/1637/1972 1189/1635/1971
f 1189/1635/1971 1784/1637/1972 1785/1638/1973
f 1189/1635/1971 1785/1638/1973 1786/1639/1974
f 1786/1639/1974 1785/1638/1973 1787/1640/1975
f 1786/1639/1974 1787/1640/1975 1788/1641/1976
f 1788/1641/1976 1787/1640/1975 1789/1642/1977
f 1788/1641/1976 1789/1642/1977 1790/1643/1978
f 1790/1643/1979 1789/1642/1980 1791/1644/1981
f 1790/1643/1979 1791/1644/1982 1792/1645/1983
f 1792/1645/1983 1791/1644/1982 1793/1646/1984
f 1792/1645/1983 1793/1646/1984 1794/1647/1985
f 1794/1647/1985 1793/1646/1986 1795/1648/1987
f 1794/1647/1988 1795/1648/1987 1796/1649/1989
f 1796/1649/1989 1795/1648/1987 1797/1650/1990
f 1796/1649/1991 1797/1650/1992 1798/1651/1993
f 1798/1651/1993 1797/1650/1990 1799/1652/1994
f 1798/1651/1993 1799/1652/1995 1800/1653/1996
f 1800/1653/1996 1799/1652/1994 1801/1654/1997
f 1800/1653/1996 1801/1654/1998 1802/1655/1999
f 1802/1655/1999 1801/1654/2000 1803/1656/2001
f 1802/1655/1999 1803/1656/2001 1804/1657/2002
f 1784/1637/1972 1192/1636/1971 1805/1658/2003
f 1805/1658/2003 1192/1636/2004 1637/1659/2005
f 1805/1658/2003 1637/1659/2005 1639/1660/2006
f 1805/1658/2003 1639/1660/2006 1806/1661/2007
f 1806/1661/2008 1639/1660/2009 1641/1662/2010
f 1806/1661/2008 1641/1662/2010 1643/1663/2011
f 1806/1661/2008 1643/1663/2012 1807/1664/2013
f 1807/1664/2013 1643/1663/2011 1645/1665/2014
f 1807/1664/2013 1645/1665/2015 1808/1666/2016
f 1808/1666/2016 1645/1665/2015 1647/1667/2017
f 1808/1666/2016 1647/1667/2017 1809/1668/2018
f 1809/1668/2018 1647/1667/2017 1649/1669/2019
f 1809/1668/2018 1649/1669/2019 1810/1670/2020
f 1810/1670/2021 1649/1669/2019 1651/1671/2022
f 1810/1670/2020 1651/1671/2022 1653/1672/2023
f 1810/1670/2021 1653/1672/2023 1811/1673/2024
f 1811/1673/2025 1653/1672/2023 1655/1674/2026
f 1811/1673/2024 1655/1674/2027 1656/1675/2028
f 1811/1673/2024 1656/1675/2028 1812/1676/2029
f 1812/1676/2029 1656/1675/2028 1658/1677/2030
f 1812/1676/2029 1658/1677/2030 1813/1678/2031
f 1813/1678/2031 1658/1677/2030 1659/1679/2032
f 1813/1678/2031 1659/1679/2032 1814/1680/2033
f 1803/1656/2001 1801/1654/1998 1814/1680/2033
f 1814/1680/2033 1801/1654/2000 1815/1681/2034
f 1814/1680/2035 1815/1681/2034 1813/1678/2031
f 1813/1678/2031 1815/1681/2034 1816/1682/2036
f 1813/1678/2031 1816/1682/2036 1812/1676/2029
f 1812/1676/2029 1816/1682/2036 1817/1683/2037
f 1812/1676/2029 1817/1683/2038 1811/1673/2024
f 1811/1673/2025 1817/1683/2038 1818/1684/2039
f 1811/1673/2025 1818/1684/2039 1810/1670/2040
f 1810/1670/2020 1818/1684/2041 1819/1685/2042
f 1810/1670/2021 1819/1685/2042 1809/1668/2018
f 1809/1668/2018 1819/1685/2043 1820/1686/2044
f 1809/1668/2018 1820/1686/2045 1808/1666/2016
f 1808/1666/2016 1820/1686/2045 1821/1687/2046
f 1808/1666/2016 1821/1687/2047 1807/1664/2013
f 1807/1664/2013 1821/1687/2047 1822/1688/2048
f 1807/1664/2013 1822/1688/2048 1806/1661/2049
f 1806/1661/2008 1822/1688/2048 1784/1637/2050
f 1806/1661/2008 1784/1637/2050 1805/1658/2003
f 1823/1689/2051 1824/1690/2052 1804/1657/2002
f 1804/1657/2002 1824/1690/2052 1825/1691/2053
f 1804/1657/2002 1825/1691/2053 1826/1692/2054
f 1826/1692/2054 1825/1691/2053 1827/1693/2055
f 1826/1692/2054 1827/1693/2055 1828/1694/2056
f 1826/1692/2054 1828/1694/2056 1829/1695/2057
f 1829/1695/2057 1828/1694/2056 1830/1696/2058
f 1829/1695/2057 1830/1696/2059 1831/1697/2060
f 1831/1697/2061 1830/1696/2059 1832/1698/2062
f 1831/1697/2063 1832/1698/2062 1833/1699/2064
f 1831/1697/2061 1833/1699/2064 1834/1700/2065
f 1834/1700/2065 1833/1699/2064 1835/1701/2066
f 1834/1700/2065 1835/1701/2066 1836/1702/2067
f 1836/1702/2067 1835/1701/2066 1837/1703/2068
f 1836/1702/2067 1837/1703/2068 1838/1704/2069
f 1838/1704/2069 1837/1703/2070 1839/1705/2071
f 1838/1704/2072 1839/1705/2073 1840/1706/2074
f 1840/1706/2075 1839/1705/2073 1841/1707/2076
f 1840/1706/2074 1841/1707/2077 1842/1708/2078
f 1842/1708/2078 1841/1707/2079 1843/1709/2080
f 1842/1708/2078 1843/1709/2081 1844/1710/2082
f 1844/1710/2083 1843/1709/2081 1845/1711/2084
f 1844/1710/2082 1845/1711/2084 1846/1712/2085
f 1846/1712/2086 1845/1711/2084 1847/1713/2087
f 1847/1713/2087 1845/1711/2084 1848/1714/2088
f 1848/1714/2089 1845/1711/2084 1843/1709/2080
f 1848/1714/2089 1843/1709/2080 1849/1715/2090
f 1849/1715/2090 1843/1709/2081 1841/1707/2079
f 1849/1715/2090 1841/1707/2077 1850/1716/2091
f 1850/1716/2091 1841/1707/2077 1851/1717/2092
f 1851/1717/2092 1841/1707/2077 1852/1718/2093
f 1852/1718/2093 1841/1707/2079 1839/1705/2073
f 1852/1718/2093 1839/1705/2071 1853/1719/2094
f 1853/1719/2094 1839/1705/2071 1854/1720/2095
f 1854/1720/2095 1839/1705/2071 1837/1703/2068
f 1854/1720/2095 1837/1703/2096 1835/1701/2066
f 1844/1710/2083 1855/1721/2097 1842/1708/2078
f 1842/1708/2078 1855/1721/2097 1840/1706/2098
f 1840/1706/2074 1855/1721/2097 1856/1722/2099
f 1856/1722/2099 1855/1721/2097 1857/1723/2100
f 1856/1722/2099 1857/1723/2101 1858/1724/2102
f 1858/1724/2102 1857/1723/2100 1859/1725/2103
f 1858/1724/2102 1859/1725/2104 1860/1726/2105
f 1860/1726/2105 1859/1725/2104 1861/1727/2106
f 1860/1726/2105 1861/1727/2106 1862/1728/2107
f 1862/1728/2107 1861/1727/2106 1863/1729/2108
f 1862/1728/2107 1863/1729/2108 1864/1730/2109
f 1864/1730/2109 1863/1729/2108 1865/1731/2110
f 1864/1730/2109 1865/1731/2111 1866/1732/2112
f 1866/1732/2112 1865/1731/2111 1867/1733/2113
f 1866/1732/2112 1867/1733/2113 1798/1651/2114
f 1798/1651/1993 1867/1733/2113 1796/1649/1991
f 1857/1723/2101 1868/1734/2115 1859/1725/2104
f 1859/1725/2104 1868/1734/2116 1869/1735/2117
f 1859/1725/2104 1869/1735/2118 1861/1727/2106
f 1861/1727/2106 1869/1735/2117 1870/1736/2119
f 1861/1727/2120 1870/1736/2119 1863/1729/2108
f 1863/1729/2108 1870/1736/2119 1871/1737/2121
f 1863/1729/2108 1871/1737/2121 1865/1731/2111
f 1865/1731/2111 1871/1737/2121 1872/1738/2122
f 1865/1731/2111 1872/1738/2122 1867/1733/2113
f 1867/1733/2123 1872/1738/2122 1873/1739/2124
f 1867/1733/2113 1873/1739/2124 1796/1649/1991
f 1796/1649/1991 1873/1739/2124 1794/1647/1985
f 1868/1734/2116 1874/1740/2125 1869/1735/2117
f 1869/1735/2117 1874/1740/2125 1875/1741/2126
f 1869/1735/2117 1875/1741/2126 1870/1736/2119
f 1870/1736/2119 1875/1741/2126 1871/1737/2121
f 1875/1741/2126 1874/1740/2125 1876/1742/2127
f 1876/1742/2127 1874/1740/2125 1877/1743/2128
f 1876/1742/2127 1877/1743/2128 1878/1744/2129
f 1878/1744/2129 1877/1743/2128 1879/1745/2130
f 1878/1744/2129 1879/1745/2130 1880/1746/2131
f 1880/1746/2131 1879/1745/2132 1881/1747/2133
f 1880/1746/2131 1881/1747/2133 1882/1748/2134
f 1882/1748/2135 1881/1747/2136 1883/1749/2137
f 1882/1748/2135 1883/1749/2137 1790/1643/1978
f 1790/1643/1978 1883/1749/2137 1788/1641/1976
f 1877/1743/2128 1779/1629/1965 1879/1745/2132
f 1879/1745/2130 1779/1629/2138 1781/1631/1967
f 1879/1745/2132 1781/1631/1967 1881/1747/2133
f 1881/1747/2133 1781/1631/1967 1783/1633/1970
f 1881/1747/2133 1783/1633/1970 1883/1749/2137
f 1883/1749/2137 1783/1633/1970 1884/1750/2139
f 1883/1749/2137 1884/1750/2139 1788/1641/1976
f 1788/1641/1976 1884/1750/2139 1786/1639/2140
f 1804/1657/2002 1826/1692/2054 1802/1655/2141
f 1802/1655/2141 1826/1692/2054 1829/1695/2057
f 1802/1655/1999 1829/1695/2057 1800/1653/1996
f 1800/1653/1996 1829/1695/2057 1866/1732/2112
f 1800/1653/1996 1866/1732/2112 1798/1651/1993
f 1875/1741/2126 1876/1742/2127 1885/1751/2142
f 1885/1751/2143 1876/1742/2127 1878/1744/2129
f 1885/1751/2142 1878/1744/2129 1886/1752/2144
f 1886/1752/2144 1878/1744/2145 1880/1746/2131
f 1886/1752/2144 1880/1746/2131 1887/1753/2146
f 1887/1753/2146 1880/1746/2147 1882/1748/2135
f 1887/1753/2146 1882/1748/2135 1792/1645/1983
f 1792/1645/1983 1882/1748/2135 1790/1643/1978
f 1872/1738/2122 1871/1737/2121 1885/1751/2142
f 1885/1751/2142 1871/1737/2121 1875/1741/2126
f 1872/1738/2122 1885/1751/2142 1886/1752/2144
f 1862/1728/2107 1834/1700/2065 1860/1726/2105
f 1860/1726/2105 1834/1700/2065 1836/1702/2067
f 1860/1726/2105 1836/1702/2067 1858/1724/2102
f 1858/1724/2102 1836/1702/2067 1838/1704/2072
f 1858/1724/2148 1838/1704/2069 1856/1722/2099
f 1856/1722/2099 1838/1704/2072 1840/1706/2074
f 1834/1700/2065 1862/1728/2107 1831/1697/2063
f 1831/1697/2063 1862/1728/2107 1864/1730/2109
f 1831/1697/2063 1864/1730/2109 1829/1695/2057
f 1829/1695/2057 1864/1730/2109 1866/1732/2112
f 1873/1739/2149 1872/1738/2122 1886/1752/2144
f 1873/1739/2149 1886/1752/2144 1887/1753/2146
f 1816/1682/2036 1815/1681/2034 1799/1652/1994
f 1799/1652/1994 1815/1681/2034 1801/1654/1998
f 1817/1683/2038 1816/1682/2036 1797/1650/1990
f 1797/1650/1990 1816/1682/2036 1799/1652/1994
f 1818/1684/2039 1817/1683/2037 1795/1648/1987
f 1795/1648/1987 1817/1683/2037 1797/1650/1990
f 1819/1685/2043 1818/1684/2039 1793/1646/1984
f 1793/1646/1984 1818/1684/2041 1795/1648/2150
f 1820/1686/2045 1819/1685/2042 1791/1644/2151
f 1791/1644/1981 1819/1685/2042 1793/1646/1984
f 1821/1687/2046 1820/1686/2045 1789/1642/1977
f 1789/1642/1977 1820/1686/2044 1791/1644/2151
f 1822/1688/2152 1821/1687/2047 1787/1640/1975
f 1787/1640/1975 1821/1687/2046 1789/1642/1980
f 1784/1637/1972 1822/1688/2048 1785/1638/1973
f 1785/1638/1973 1822/1688/2048 1787/1640/1975
f 1783/1633/1970 1189/1635/1971 1884/1750/2139
f 1884/1750/2139 1189/1635/1971 1786/1639/1974
f 1887/1753/2146 1792/1645/1983 1794/1647/1985
f 1887/1753/2146 1794/1647/1988 1873/1739/2149
f 1888/1754/2153 1889/1755/2154 1890/1756/2153
f 1890/1756/2153 1889/1755/2154 1891/1757/2155
f 1891/1757/2155 1889/1755/2154 1892/1758/2156
f 1891/1757/2155 1892/1758/2156 1893/1759/2157
f 1893/1759/2157 1892/1758/2156 1894/1760/2158
f 1893/1759/2159 1894/1760/2158 1780/1761/2160
f 1780/1761/2160 1894/1760/2158 1895/1762/2161
f 1780/1761/2160 1895/1762/2161 1782/1763/2162
f 1782/1763/2162 1895/1762/2161 1896/1764/2163
f 1782/1763/2162 1896/1764/2163 1187/1765/1051
f 1187/1765/1051 1896/1764/2163 1188/1766/1051
f 1780/1761/2160 1897/1767/2160 1893/1759/2159
f 1893/1759/2157 1897/1767/2160 1898/1768/2164
f 1898/1768/2164 1897/1767/2160 1899/1769/2162
f 1898/1768/2164 1899/1769/2162 1900/1770/2165
f 1900/1770/2165 1899/1769/2162 1202/1771/1051
f 1900/1770/2165 1202/1771/1051 1201/1772/1051
f 1232/1773/1090 1188/1774/1051 1901/1775/2166
f 1901/1775/2167 1188/1774/1051 1896/1776/2163
f 1901/1775/2167 1896/1776/2163 1895/1777/2161
f 1901/1775/2166 1895/1777/2168 1902/1778/2169
f 1902/1778/2169 1895/1777/2168 1894/1779/2170
f 1902/1778/2169 1894/1779/2158 1903/1780/2171
f 1903/1780/2171 1894/1779/2158 1892/1781/2156
f 1903/1780/2171 1892/1781/2156 1889/1782/2154
f 1903/1780/2171 1889/1782/2154 1904/1783/2172
f 1904/1783/2173 1889/1782/2154 1888/1784/2153
f 1904/1783/2173 1888/1784/2153 1905/1785/2174
f 1906/1786/2175 1907/1787/2176 1905/1785/2174
f 1905/1785/2174 1907/1787/2176 1908/1788/2177
f 1905/1785/2174 1908/1788/2177 1904/1783/2172
f 1904/1783/2173 1908/1788/2177 1903/1780/2171
f 1907/1787/2176 1906/1786/2175 1909/1789/2178
f 1909/1789/2178 1906/1786/2179 1910/1790/2180
f 1909/1789/2178 1910/1790/2181 1911/1791/2182
f 1911/1791/2182 1910/1790/2181 1912/1792/2183
f 1911/1791/2182 1912/1792/2184 1913/1793/2185
f 1913/1793/2185 1912/1792/2184 1914/1794/2186
f 1913/1793/2185 1914/1794/2186 1915/1795/2187
f 1915/1795/2188 1914/1794/2186 1916/1796/2189
f 1915/1795/2190 1916/1796/2189 1917/1797/2191
f 1917/1797/2191 1916/1796/2189 1918/1798/2192
f 1917/1797/2191 1918/1798/2192 1216/1799/1070
f 1216/1799/1070 1918/1798/2192 1203/1800/1052
f 1203/1800/1052 1918/1798/2192 1919/1801/2193
f 1203/1800/1067 1919/1801/2193 1317/1802/1216
f 1317/1802/1216 1919/1801/2193 1318/1803/1217
f 1318/1803/1217 1919/1801/2193 1920/1804/2194
f 1318/1803/1217 1920/1804/2194 1319/1805/2195
f 1319/1805/2196 1920/1804/2197 1921/1806/2198
f 1319/1805/2195 1921/1806/2199 1320/1807/2200
f 1320/1807/2200 1921/1806/2198 1321/1808/1220
f 1321/1808/1220 1921/1806/2198 1922/1809/2201
f 1321/1808/1220 1922/1809/2202 1314/1363/1212
f 1314/1363/1212 1922/1809/2202 1923/1810/2203
f 1923/1810/2204 1922/1809/2201 1912/1792/2184
f 1923/1810/2203 1912/1792/2183 1910/1790/2180
f 1317/1802/1216 1204/1811/1056 1203/1800/1067
f 1917/1797/2191 1216/1799/1070 1924/1812/2205
f 1924/1812/2205 1216/1799/1070 1218/1813/1073
f 1924/1812/2205 1218/1813/1073 1925/1814/2206
f 1925/1814/2206 1218/1813/1073 1232/1773/1090
f 1925/1814/2206 1232/1773/1090 1926/1815/2207
f 1926/1815/2207 1232/1773/1090 1901/1775/2167
f 1926/1815/2207 1901/1775/2167 1927/1816/2208
f 1927/1816/2208 1901/1775/2166 1902/1778/2209
f 1927/1816/2210 1902/1778/2169 1928/1817/2211
f 1928/1817/2211 1902/1778/2169 1903/1780/2171
f 1928/1817/2211 1903/1780/2171 1908/1788/2177
f 1925/1814/2206 1926/1815/2212 1929/1818/2213
f 1929/1818/2213 1926/1815/2207 1927/1816/2208
f 1929/1818/2214 1927/1816/2208 1930/1819/2215
f 1930/1819/2215 1927/1816/2208 1928/1817/2211
f 1930/1819/2216 1928/1817/2211 1907/1787/2176
f 1907/1787/2176 1928/1817/2211 1908/1788/2177
f 1915/1795/2188 1917/1797/2191 1924/1812/2205
f 1924/1812/2205 1925/1814/2217 1931/1820/2218
f 1931/1820/2218 1925/1814/2206 1929/1818/2214
f 1931/1820/2218 1929/1818/2213 1932/1821/2219
f 1932/1821/2219 1929/1818/2213 1930/1819/2215
f 1932/1821/2219 1930/1819/2215 1909/1789/2178
f 1909/1789/2178 1930/1819/2215 1907/1787/2176
f 1920/1804/2220 1919/1801/2193 1918/1798/2192
f 1920/1804/2194 1918/1798/2192 1916/1796/2189
f 1913/1793/2185 1915/1795/2187 1931/1820/2218
f 1931/1820/2218 1915/1795/2188 1924/1812/2205
f 1913/1793/2185 1931/1820/2218 1932/1821/2219
f 1921/1806/2199 1920/1804/2220 1916/1796/2189
f 1921/1806/2198 1916/1796/2189 1914/1794/2186
f 1911/1791/2182 1913/1793/2185 1932/1821/2221
f 1911/1791/2182 1932/1821/2219 1909/1789/2178
f 1922/1809/2202 1921/1806/2199 1914/1794/2186
f 1922/1809/2202 1914/1794/2186 1912/1792/2184
f 1905/1822/2174 1888/1823/2153 1933/1824/2222
f 1933/1824/2222 1888/1823/2153 1934/1825/2223
f 1933/1824/2222 1934/1825/2223 1935/1826/2224
f 1933/1824/2222 1935/1826/2224 1936/1827/2225
f 1936/1827/2226 1935/1826/2227 1937/1828/2228
f 1936/1827/2229 1937/1828/2228 1938/1829/2230
f 1938/1829/2231 1937/1828/2228 1939/1830/2232
f 1938/1829/2233 1939/1830/2232 1940/1831/2234
f 1940/1831/2234 1939/1830/2232 1941/1832/2235
f 1940/1831/2234 1941/1832/2235 1942/1833/2236
f 1940/1831/2234 1942/1833/2237 1943/1834/2238
f 1943/1834/2239 1942/1833/2237 1944/1835/2240
f 1943/1834/2238 1944/1835/2240 1945/1836/2241
f 1943/1834/2238 1945/1836/2241 1946/1837/2242
f 1946/1837/2243 1945/1836/2241 1947/1838/2244
f 1946/1837/2243 1947/1838/2244 1948/1839/2245
f 1948/1839/2246 1947/1838/2247 1949/1840/2248
f 1948/1839/2245 1950/1841/2249 1946/1837/2243
f 1946/1837/2243 1950/1841/2250 1951/1842/2251
f 1946/1837/2243 1951/1842/2251 1943/1834/2238
f 1943/1834/2239 1951/1842/2251 1952/1843/2252
f 1943/1834/2238 1952/1843/2253 1940/1831/2234
f 1940/1831/2234 1952/1843/2254 1953/1844/2255
f 1940/1831/2234 1953/1844/2255 1938/1829/2233
f 1938/1829/2231 1953/1844/2255 1954/1845/2256
f 1938/1829/2230 1954/1845/2257 1936/1827/2258
f 1936/1827/2226 1954/1845/2259 1955/1846/2260
f 1936/1827/2261 1955/1846/2260 1933/1824/2222
f 1933/1824/2222 1955/1846/2260 1956/1847/2262
f 1933/1824/2222 1956/1847/2262 1905/1822/2174
f 1905/1822/2174 1956/1847/2262 1906/1848/2179
f 1906/1848/2175 1956/1847/2263 1957/1849/2264
f 1906/1848/2179 1957/1849/2264 1910/1850/2181
f 1910/1850/2181 1957/1849/2264 1958/1851/2265
f 1910/1850/2180 1958/1851/2266 1959/1852/2267
f 1959/1852/2268 1958/1851/2265 1960/1853/2269
f 1959/1852/2268 1960/1853/2270 1961/1854/2271
f 1961/1854/2271 1960/1853/2270 1962/1855/2272
f 1961/1854/2271 1962/1855/2272 1963/1856/2273
f 1963/1856/2273 1962/1855/2272 1964/1857/2274
f 1963/1856/2275 1964/1857/2274 1296/1858/1185
f 1296/1858/1185 1964/1857/2276 1298/1859/2277
f 1298/1859/2277 1964/1857/2274 1300/1860/2278
f 1300/1860/1192 1964/1857/2274 1965/1861/2279
f 1300/1860/2278 1965/1861/2279 1322/1862/1221
f 1322/1862/1221 1965/1861/2279 1966/1863/2280
f 1322/1862/1221 1966/1863/2281 1304/1864/1197
f 1304/1864/1197 1966/1863/2281 1305/1865/1198
f 1305/1865/1198 1966/1863/2281 1324/1866/1223
f 1324/1866/1223 1966/1863/2281 1967/1867/2282
f 1324/1866/1223 1967/1867/2282 1968/1868/2283
f 1968/1868/2283 1967/1867/2282 1969/1869/2284
f 1968/1868/2283 1969/1869/2284 1970/1870/2285
f 1970/1870/2285 1969/1869/2284 1971/1871/2286
f 1970/1870/2285 1971/1871/2287 1972/1872/2288
f 1972/1872/2288 1971/1871/2289 1973/1873/2290
f 1972/1872/2291 1973/1873/2290 1951/1842/2251
f 1951/1842/2251 1973/1873/2290 1952/1843/2253
f 1950/1841/2249 1972/1872/2292 1951/1842/2251
f 1296/1858/1185 1312/1874/1209 1963/1856/2275
f 1963/1856/2275 1312/1874/1209 1974/1875/2293
f 1963/1856/2275 1974/1875/2293 1961/1854/2271
f 1961/1854/2294 1974/1875/2295 1316/1876/1215
f 1961/1854/2296 1316/1876/1215 1975/1877/2297
f 1975/1877/2297 1316/1876/1215 1314/1878/1212
f 1975/1877/2297 1314/1878/1212 1923/1879/2203
f 1312/1874/1209 1310/1880/2298 1974/1875/2293
f 1974/1875/2295 1310/1880/1207 1316/1876/1215
f 1975/1877/2297 1923/1879/2203 1959/1852/2267
f 1959/1852/2267 1923/1879/2203 1910/1850/2180
f 1957/1849/2264 1956/1847/2263 1976/1881/2299
f 1976/1881/2299 1956/1847/2262 1955/1846/2300
f 1976/1881/2299 1955/1846/2260 1977/1882/2301
f 1977/1882/2301 1955/1846/2260 1954/1845/2302
f 1977/1882/2303 1954/1845/2257 1978/1883/2304
f 1978/1883/2305 1954/1845/2302 1953/1844/2255
f 1978/1883/2304 1953/1844/2255 1979/1884/2306
f 1979/1884/2306 1953/1844/2255 1952/1843/2254
f 1979/1884/2306 1952/1843/2253 1973/1873/2290
f 1958/1851/2266 1957/1849/2264 1980/1885/2307
f 1980/1885/2308 1957/1849/2264 1976/1881/2299
f 1980/1885/2307 1976/1881/2299 1981/1886/2309
f 1981/1886/2310 1976/1881/2299 1977/1882/2303
f 1981/1886/2310 1977/1882/2311 1982/1887/2312
f 1982/1887/2313 1977/1882/2311 1978/1883/2314
f 1982/1887/2312 1978/1883/2315 1983/1888/2316
f 1983/1888/2316 1978/1883/2304 1979/1884/2306
f 1983/1888/2316 1979/1884/2306 1971/1871/2287
f 1971/1871/2287 1979/1884/2306 1973/1873/2290
f 1961/1854/2296 1975/1877/2297 1959/1852/2268
f 1958/1851/2266 1980/1885/2307 1960/1853/2270
f 1960/1853/2269 1980/1885/2307 1984/1889/2317
f 1960/1853/2270 1984/1889/2317 1962/1855/2272
f 1962/1855/2272 1984/1889/2317 1985/1890/2318
f 1962/1855/2272 1985/1890/2318 1964/1857/2276
f 1964/1857/2276 1985/1890/2318 1965/1861/2279
f 1984/1889/2317 1980/1885/2307 1981/1886/2310
f 1984/1889/2317 1981/1886/2310 1986/1891/2319
f 1986/1891/2319 1981/1886/2310 1982/1887/2312
f 1986/1891/2319 1982/1887/2312 1987/1892/2320
f 1987/1892/2320 1982/1887/2312 1983/1888/2316
f 1987/1892/2320 1983/1888/2316 1969/1869/2284
f 1969/1869/2284 1983/1888/2316 1971/1871/2289
f 1984/1889/2317 1986/1891/2321 1985/1890/2318
f 1985/1890/2322 1986/1891/2319 1988/1893/2323
f 1985/1890/2318 1988/1893/2323 1965/1861/2324
f 1965/1861/2279 1988/1893/2323 1966/1863/2281
f 1988/1893/2325 1986/1891/2319 1987/1892/2320
f 1969/1869/2284 1967/1867/2282 1987/1892/2320
f 1987/1892/2320 1967/1867/2326 1988/1893/2325
f 1967/1867/2282 1966/1863/2281 1988/1893/2325
f 1989/1894/2248 1949/1895/2248 1990/1896/2327
f 1990/1896/2328 1949/1895/2329 1947/1897/2244
f 1990/1896/2327 1947/1897/2247 1991/1898/2330
f 1991/1898/2330 1947/1897/2247 1945/1899/2241
f 1991/1898/2330 1945/1899/2241 1944/1900/2240
f 1991/1898/2331 1944/1900/2240 1992/1901/2332
f 1992/1901/2333 1944/1900/2240 1942/1902/2237
f 1992/1901/2333 1942/1902/2334 1993/1903/2335
f 1993/1903/2335 1942/1902/2236 1941/1904/2235
f 1993/1903/2335 1941/1904/2336 1994/1905/2337
f 1994/1905/2337 1941/1904/2235 1995/1906/2338
f 1995/1906/2338 1941/1904/2235 1996/1907/2339
f 1996/1907/2339 1941/1904/2235 1997/1908/2340
f 1997/1908/2340 1941/1904/2235 1939/1909/2232
f 1997/1908/2340 1939/1909/2232 1998/1910/2341
f 1998/1910/2342 1939/1909/2232 1999/1911/2343
f 1999/1911/2343 1939/1909/2232 1937/1912/2228
f 1999/1911/2343 1937/1912/2228 2000/1913/2344
f 2000/1913/2345 1937/1912/2228 2001/1914/2346
f 2001/1914/2346 1937/1912/2228 1935/1915/2224
f 2001/1914/2347 1935/1915/2227 2002/1916/2348
f 2002/1916/2348 1935/1915/2224 2003/1917/2349
f 2003/1917/2349 1935/1915/2227 2004/1918/2350
f 2004/1918/2350 1935/1915/2224 1934/1919/2223
f 2004/1918/2350 1934/1919/2223 2005/1920/2351
f 2005/1920/2351 1934/1919/2223 2006/1921/2352
f 2006/1921/2352 1934/1919/2223 2007/1922/2353
f 2007/1922/2354 1934/1919/2223 2008/1923/2355
f 2007/1922/2353 2008/1923/2355 2009/1924/2352
f 2009/1924/2352 2008/1923/2355 2010/1925/2351
f 2010/1925/2351 2008/1923/2355 2011/1926/2350
f 2011/1926/2350 2008/1923/2355 2012/1927/2356
f 2011/1926/2350 2012/1927/2356 2013/1928/2349
f 2013/1928/2349 2012/1927/2356 2014/1929/2348
f 2014/1929/2348 2012/1927/2356 2015/1930/2347
f 2015/1930/2347 2012/1927/2357 2016/1931/2344
f 2016/1931/2344 2012/1927/2356 2017/1932/2358
f 2016/1931/2344 2017/1932/2358 2018/1933/2343
f 2018/1933/2343 2017/1932/2358 2019/1934/2342
f 2019/1934/2342 2017/1932/2358 2020/1935/2359
f 2019/1934/2342 2020/1935/2359 2021/1936/2340
f 2021/1936/2340 2020/1935/2360 2022/1937/2339
f 2022/1937/2339 2020/1935/2359 2023/1938/2361
f 2023/1938/2338 2020/1935/2359 1993/1903/2362
f 2023/1938/2338 1993/1903/2362 1994/1905/2337
f 2008/1923/2355 1934/1919/2223 2024/1939/2363
f 2024/1939/2363 1934/1919/2223 1888/1940/2153
f 2024/1939/2363 1888/1940/2153 1890/1941/2153
f 2025/1942/2364 2026/1943/2364 2027/1944/2364
f 2027/1944/2248 2026/1943/2248 2028/1945/2248
f 2027/1944/2248 2028/1945/2248 2029/1946/2248
f 2026/1943/2365 2025/1942/2365 2030/1947/2365
f 2030/1947/2248 2025/1942/2248 2031/1948/2248
f 2030/1947/2366 2031/1948/2366 2032/1949/2366
f 2032/1949/2367 2031/1948/2367 2033/1950/2367
f 2032/1949/2368 2033/1950/2368 2034/1951/2368
f 2034/1951/2366 2033/1950/2366 2035/1952/2366
f 2034/1951/2367 2035/1952/2367 2036/1953/2367
f 2036/1953/2369 2035/1952/2369 2037/1954/2369
f 2036/1953/2248 2037/1954/2248 2038/1955/2248
f 2038/1955/2370 2037/1954/2370 2039/1956/2370
f 2038/1955/2371 2039/1956/2371 2040/1957/2371
f 2040/1957/2372 2039/1956/2372 2041/1958/2372
f 2040/1957/2248 2041/1958/2248 2042/1959/2248
f 2042/1959/2373 2041/1958/2373 2043/1960/2373
f 2042/1959/2366 2043/1960/2366 2044/1961/2366
f 2044/1961/2374 2043/1960/2374 2045/1962/2374
f 2044/1961/2374 2045/1962/2374 2046/1963/2374
f 2046/1963/2374 2045/1962/2374 2047/1964/2374
f 2046/1963/2366 2047/1964/2366 2048/1965/2366
f 2048/1965/2373 2047/1964/2373 2049/1966/2373
f 2048/1965/2373 2049/1966/2373 2050/1967/2373
f 2050/1967/2373 2049/1966/2373 2051/1968/2373
f 2050/1967/2248 2051/1968/2248 2052/1969/2248
f 2052/1969/2374 2051/1968/2374 1949/1970/2374
f 2052/1969/2374 1949/1970/2374 1989/1971/2374
f 2036/1953/2375 2038/1955/2375 2053/1972/2375
f 2053/1972/2376 2038/1955/2376 2054/1973/2376
f 2053/1972/2376 2054/1973/2376 2055/1974/2376
f 2053/1972/2365 2055/1974/2365 2056/1975/2365
f 2056/1975/2377 2055/1974/2377 2057/1976/2377
f 2056/1975/2248 2057/1976/2248 2058/1977/2248
f 2056/1975/2378 2058/1977/2378 2059/1978/2378
f 2059/1978/2367 2058/1977/2367 2060/1979/2367
f 2059/1978/2379 2060/1979/2379 2061/1980/2379
f 2061/1980/2248 2060/1979/2248 2062/1981/2248
f 2062/1981/2248 2060/1979/2248 2063/1982/2248
f 2063/1982/2248 2060/1979/2248 2064/1983/2248
f 2064/1983/2248 2060/1979/2248 2065/1984/2248
f 2029/1946/2368 2066/1985/2368 2027/1944/2368
f 2027/1944/2248 2066/1985/2248 2067/1986/2248
f 1948/1987/2245 1949/1988/2248 2068/1989/2380
f 2068/1989/2381 1949/1988/2248 2051/1990/2248
f 2068/1989/2381 2051/1990/2248 2049/1991/2248
f 2049/1991/2248 2047/1992/2248 2068/1989/2381
f 2068/1989/2381 2047/1992/2248 2045/1993/2248
f 2068/1989/2381 2045/1993/2248 2043/1994/2248
f 2068/1989/2380 2043/1994/2248 2069/1995/2382
f 2069/1995/2382 2043/1994/2248 2041/1996/2248
f 2069/1995/2382 2041/1996/2248 2039/1997/2366
f 2069/1995/2382 2039/1997/2248 2070/1998/2383
f 2070/1998/2384 2039/1997/2248 2037/1999/2248
f 2070/1998/2383 2037/1999/2248 2035/2000/2248
f 2070/1998/2383 2035/2000/2248 2071/2001/2385
f 2071/2001/2385 2035/2000/2248 2033/2002/2248
f 2071/2001/2385 2033/2002/2248 2031/2003/2248
f 2031/2003/2248 2025/2004/2248 2071/2001/2385
f 2071/2001/2385 2025/2004/2248 2027/2005/2248
f 2071/2001/2385 2027/2005/2248 2072/2006/2386
f 2073/2007/2387 2074/2008/2388 2072/2006/2389
f 2072/2006/2389 2074/2008/2388 2075/2009/2390
f 2072/2006/2389 2075/2009/2390 2071/2001/2385
f 2071/2001/2385 2075/2009/2390 2070/1998/2383
f 2074/2008/2388 2073/2007/2387 2076/2010/2391
f 2076/2010/2391 2073/2007/2392 2077/2011/2393
f 2076/2010/2394 2077/2011/2393 2078/2012/2395
f 2078/2012/2396 2077/2011/2393 2079/2013/2397
f 2078/2012/2396 2079/2013/2397 2080/2014/2398
f 2080/2014/2398 2079/2013/2397 1341/2015/1252
f 2080/2014/2398 1341/2015/1252 1283/2016/1165
f 1283/2016/1165 1282/2017/1163 2080/2014/2398
f 2080/2014/2399 1282/2017/1163 1339/2018/1250
f 2080/2014/2399 1339/2018/1250 2081/2019/2400
f 2081/2019/2401 1339/2018/1250 1338/2020/1247
f 2081/2019/2400 1338/2020/1247 1337/2021/1246
f 1337/2021/1246 1336/2022/1244 2081/2019/2401
f 2081/2019/2401 1336/2022/2402 1335/2023/1243
f 2081/2019/2401 1335/2023/1242 1334/2024/1240
f 2081/2019/2401 1334/2024/1240 2082/2025/2403
f 2082/2025/2404 1334/2024/1241 1333/2026/1239
f 2082/2025/2405 1333/2026/1239 1328/2027/1228
f 1328/2027/1228 1327/2028/1227 2082/2025/2403
f 2082/2025/2406 1327/2028/1227 1968/2029/2283
f 2082/2025/2403 1968/2029/2283 2083/2030/2407
f 2083/2030/2407 1968/2029/2283 1970/2031/2285
f 2083/2030/2408 1970/2031/2285 1972/2032/2288
f 1327/2028/1227 1326/2033/1225 1968/2029/2283
f 1968/2029/2283 1326/2033/1225 1324/2034/1223
f 2083/2030/2408 1972/2032/2288 2084/2035/2409
f 2084/2035/2409 1972/2032/2288 1950/2036/2249
f 2084/2035/2409 1950/2036/2249 2085/2037/2410
f 2085/2037/2410 1950/2036/2249 2086/2038/2411
f 2085/2037/2412 2086/2038/2413 2087/2039/2414
f 2087/2039/2414 2086/2038/2413 2088/2040/2415
f 2087/2039/2414 2088/2040/2415 2074/2008/2388
f 2074/2008/2388 2088/2040/2415 2075/2009/2390
f 1950/2036/2249 1948/1987/2245 2086/2038/2413
f 2086/2038/2411 1948/1987/2245 2089/2041/2416
f 2086/2038/2413 2089/2041/2416 2088/2040/2417
f 2088/2040/2415 2089/2041/2416 2070/1998/2384
f 2088/2040/2415 2070/1998/2384 2075/2009/2390
f 2089/2041/2416 1948/1987/2245 2068/1989/2380
f 2070/1998/2384 2089/2041/2418 2068/1989/2381
f 2069/1995/2382 2070/1998/2384 2068/1989/2381
f 2084/2035/2409 2085/2037/2419 2090/2042/2420
f 2090/2042/2420 2085/2037/2410 2087/2039/2414
f 2090/2042/2420 2087/2039/2414 2076/2010/2391
f 2076/2010/2391 2087/2039/2414 2074/2008/2388
f 2081/2019/2401 2082/2025/2405 2083/2030/2407
f 2083/2030/2408 2084/2035/2409 2091/2043/2421
f 2091/2043/2422 2084/2035/2409 2090/2042/2420
f 2091/2043/2421 2090/2042/2420 2078/2012/2395
f 2078/2012/2396 2090/2042/2420 2076/2010/2394
f 2080/2014/2399 2081/2019/2400 2091/2043/2422
f 2091/2043/2422 2081/2019/2400 2083/2030/2407
f 2080/2014/2399 2091/2043/2423 2078/2012/2396
f 2072/2044/2386 2027/2045/2248 2092/2046/2424
f 2092/2046/2424 2027/2045/2248 2067/2047/2248
f 2092/2046/2425 2067/2047/2248 2093/2048/2426
f 2093/2048/2426 2067/2047/2248 2066/2049/2248
f 2093/2048/2426 2066/2049/2248 2094/2050/2427
f 2094/2050/2427 2066/2049/2248 2029/2051/2248
f 2094/2050/2427 2029/2051/2366 2095/2052/2428
f 2095/2052/2429 2029/2051/2248 2096/2053/2430
f 2095/2052/2429 2096/2053/2430 2097/2054/2431
f 2097/2054/2432 2096/2053/2430 2098/2055/2433
f 2097/2054/2432 2098/2055/2433 2099/2056/2434
f 2029/2051/2248 2028/2057/2248 2096/2053/2430
f 2096/2053/2430 2028/2057/2248 2026/2058/2248
f 2096/2053/2430 2026/2058/2366 2098/2055/2433
f 2097/2054/2432 2099/2056/2434 2100/2059/2435
f 2100/2059/2435 2099/2056/2434 2101/2060/2436
f 2100/2059/2435 2101/2060/2436 2102/2061/2437
f 2103/2062/2438 2104/2063/2439 2102/2061/2440
f 2102/2061/2437 2104/2063/2441 2105/2064/2442
f 2102/2061/2437 2105/2064/2443 2106/2065/2444
f 2106/2065/2445 2105/2064/2442 2107/2066/2446
f 2106/2065/2444 2107/2066/2446 2108/2067/2447
f 2108/2067/2447 2107/2066/2446 2094/2050/2427
f 2108/2067/2448 2094/2050/2427 2095/2052/2428
f 2104/2063/2439 2103/2062/2438 2109/2068/2449
f 2109/2068/2450 2103/2062/2438 2110/2069/2451
f 2109/2068/2450 2110/2069/2452 2111/2070/2453
f 2111/2070/2453 2110/2069/2452 2112/2071/2454
f 2111/2070/2453 2112/2071/2455 2079/2072/2456
f 2079/2072/2456 2112/2071/2455 2113/2073/2457
f 2079/2072/2397 2113/2073/2457 1341/2074/1252
f 2110/2069/2452 2113/2073/2458 2112/2071/2455
f 2079/2072/2459 2077/2075/2393 2111/2070/2460
f 2111/2070/2460 2077/2075/2393 2114/2076/2461
f 2111/2070/2453 2114/2076/2462 2109/2068/2450
f 2109/2068/2450 2114/2076/2461 2115/2077/2463
f 2109/2068/2450 2115/2077/2464 2104/2063/2465
f 2104/2063/2439 2115/2077/2464 2105/2064/2443
f 2077/2075/2393 2073/2078/2466 2114/2076/2461
f 2114/2076/2461 2073/2078/2392 2116/2079/2467
f 2114/2076/2461 2116/2079/2467 2115/2077/2464
f 2115/2077/2464 2116/2079/2467 2117/2080/2468
f 2115/2077/2463 2117/2080/2468 2105/2064/2442
f 2105/2064/2443 2117/2080/2468 2107/2066/2446
f 2073/2078/2387 2072/2044/2386 2116/2079/2467
f 2116/2079/2467 2072/2044/2389 2092/2046/2425
f 2116/2079/2467 2092/2046/2424 2117/2080/2468
f 2117/2080/2468 2092/2046/2424 2093/2048/2426
f 2117/2080/2468 2093/2048/2426 2107/2066/2446
f 2107/2066/2446 2093/2048/2426 2094/2050/2427
f 2108/2067/2447 2095/2052/2428 2097/2054/2432
f 2106/2065/2444 2108/2067/2447 2100/2059/2435
f 2100/2059/2435 2108/2067/2447 2097/2054/2432
f 2102/2061/2437 2106/2065/2444 2100/2059/2469
f 2113/2081/2470 2118/2082/2471 1341/2083/1252
f 1341/2083/1252 2118/2082/2471 2119/2084/2472
f 1341/2083/1252 2119/2084/2472 1344/2085/1255
f 1344/2085/1255 2119/2084/2472 2120/2086/2473
f 2120/2086/2473 2119/2084/2472 2121/2087/2474
f 2120/2086/2473 2121/2087/2474 2122/2088/2475
f 2122/2088/2475 2121/2087/2474 2123/2089/2476
f 2122/2088/2475 2123/2089/2476 2124/2090/2477
f 2124/2090/2477 2123/2089/2476 2125/2091/2478
f 2124/2090/2477 2125/2091/2478 2126/2092/2479
f 2126/2092/2479 2125/2091/2478 2127/2093/2480
f 2126/2092/2479 2127/2093/2480 2128/2094/2481
f 2128/2094/2482 2127/2093/2480 2101/2095/2436
f 2101/2095/2436 2127/2093/2480 2102/2096/2437
f 2102/2096/2437 2127/2093/2480 2129/2097/2483
f 2102/2096/2484 2129/2097/2485 2103/2098/2438
f 2103/2098/2438 2129/2097/2485 2130/2099/2486
f 2103/2098/2438 2130/2099/2487 2131/2100/2488
f 2131/2100/2489 2130/2099/2486 2132/2101/2490
f 2131/2100/2488 2132/2101/2490 2133/2102/2491
f 2133/2102/2491 2132/2101/2490 2118/2082/2471
f 2133/2102/2492 2118/2082/2471 2134/2103/2493
f 2134/2103/2493 2118/2082/2471 2113/2081/2470
f 2134/2103/2493 2113/2081/2470 2110/2104/2452
f 2134/2103/2493 2110/2104/2452 2133/2102/2492
f 2133/2102/2491 2110/2104/2452 2103/2098/2438
f 2133/2102/2491 2103/2098/2438 2131/2100/2488
f 2128/2094/2482 2135/2105/2494 2126/2092/2479
f 2126/2092/2479 2135/2105/2494 2124/2090/2495
f 2130/2099/2486 2129/2097/2485 2136/2106/2496
f 2136/2106/2496 2129/2097/2485 2127/2093/2480
f 2136/2106/2496 2127/2093/2480 2125/2091/2478
f 2125/2091/2478 2123/2089/2497 2136/2106/2496
f 2136/2106/2496 2123/2089/2476 2130/2099/2486
f 2119/2084/2472 2118/2082/2471 2132/2101/2490
f 2123/2089/2476 2121/2087/2474 2130/2099/2486
f 2130/2099/2486 2121/2087/2474 2132/2101/2498
f 2121/2087/2474 2119/2084/2472 2132/2101/2498
f 2120/2107/2499 2137/2108/2500 1344/2109/1255
f 1344/2109/2501 2137/2108/2500 2138/2110/2502
f 1344/2109/1255 2138/2110/2502 2139/2111/2503
f 2139/2111/2504 2138/2110/2502 2140/2112/2505
f 2139/2111/2506 2140/2112/2505 2141/2113/2507
f 2141/2113/2507 2140/2112/2505 2142/2114/2508
f 2141/2113/2507 2142/2114/2508 2143/2115/2509
f 2143/2115/2510 2142/2114/2508 2144/2116/2511
f 2143/2115/2512 2144/2116/2513 2145/2117/2514
f 2145/2117/2514 2144/2116/2511 2146/2118/2515
f 2145/2117/2516 2146/2118/2515 2147/2119/2517
f 2147/2119/2518 2146/2118/2515 2148/2120/2518
f 2148/2120/2519 2146/2118/2515 2149/2121/2520
f 2148/2120/2517 2149/2121/2520 2150/2122/2519
f 2150/2122/2517 2149/2121/2520 2151/2123/2521
f 2150/2122/2519 2151/2123/2521 2152/2124/2518
f 2152/2124/2517 2151/2123/2521 2153/2125/2518
f 2153/2125/2517 2151/2123/2521 2154/2126/2522
f 2153/2125/2517 2154/2126/2523 2155/2127/2524
f 2155/2127/2525 2154/2126/2523 2156/2128/2526
f 2155/2127/2525 2156/2128/2526 2157/2129/2519
f 2137/2108/2500 2120/2107/2499 2158/2130/2527
f 2158/2130/2528 2120/2107/2499 2122/2131/2529
f 2158/2130/2528 2122/2131/2529 2159/2132/2530
f 2159/2132/2530 2122/2131/2529 2160/2133/2531
f 2159/2132/2530 2160/2133/2532 2161/2134/2533
f 2161/2134/2533 2160/2133/2534 2162/2135/2535
f 2161/2134/2533 2162/2135/2535 2163/2136/2536
f 2163/2136/2536 2162/2135/2535 2128/2137/2481
f 2128/2137/2481 2162/2135/2535 2135/2138/2537
f 2135/2138/2537 2162/2135/2535 2124/2139/2538
f 2124/2139/2538 2162/2135/2535 2160/2133/2532
f 2124/2139/2538 2160/2133/2532 2122/2131/2529
f 2163/2136/2539 2164/2140/2540 2161/2134/2533
f 2161/2134/2533 2164/2140/2541 2165/2141/2542
f 2161/2134/2533 2165/2141/2542 2159/2132/2530
f 2159/2132/2530 2165/2141/2542 2166/2142/2543
f 2159/2132/2530 2166/2142/2543 2158/2130/2528
f 2158/2130/2527 2166/2142/2543 2167/2143/2544
f 2158/2130/2528 2167/2143/2545 2137/2108/2500
f 2137/2108/2500 2167/2143/2544 2138/2110/2502
f 2164/2140/2540 2168/2144/2546 2165/2141/2542
f 2165/2141/2542 2168/2144/2546 2169/2145/2547
f 2165/2141/2542 2169/2145/2547 2166/2142/2543
f 2166/2142/2548 2169/2145/2547 2170/2146/2549
f 2166/2142/2543 2170/2146/2549 2167/2143/2544
f 2167/2143/2544 2170/2146/2549 2171/2147/2550
f 2167/2143/2544 2171/2147/2551 2138/2110/2502
f 2138/2110/2502 2171/2147/2551 2140/2112/2505
f 2168/2144/2552 2172/2148/2553 2169/2145/2554
f 2169/2145/2547 2172/2148/2553 2173/2149/2555
f 2169/2145/2547 2173/2149/2555 2170/2146/2549
f 2170/2146/2549 2173/2149/2555 2174/2150/2556
f 2170/2146/2549 2174/2150/2557 2171/2147/2551
f 2171/2147/2551 2174/2150/2556 2175/2151/2558
f 2171/2147/2551 2175/2151/2559 2140/2112/2505
f 2140/2112/2505 2175/2151/2558 2142/2114/2508
f 2172/2148/2553 2176/2152/2560 2173/2149/2555
f 2173/2149/2555 2176/2152/2561 2177/2153/2562
f 2173/2149/2555 2177/2153/2562 2174/2150/2556
f 2174/2150/2556 2177/2153/2562 2178/2154/2563
f 2174/2150/2556 2178/2154/2564 2175/2151/2558
f 2175/2151/2558 2178/2154/2563 2179/2155/2565
f 2175/2151/2558 2179/2155/2566 2142/2114/2508
f 2142/2114/2508 2179/2155/2566 2144/2116/2511
f 2176/2152/2561 2156/2128/2526 2177/2153/2562
f 2177/2153/2567 2156/2128/2568 2154/2126/2523
f 2177/2153/2562 2154/2126/2522 2178/2154/2564
f 2178/2154/2564 2154/2126/2522 2151/2123/2521
f 2178/2154/2563 2151/2123/2569 2179/2155/2566
f 2179/2155/2566 2151/2123/2521 2149/2121/2570
f 2179/2155/2565 2149/2121/2570 2144/2116/2511
f 2144/2116/2511 2149/2121/2571 2146/2118/2515
f 2147/2156/2517 2180/2157/2517 2145/2158/2514
f 2145/2158/2514 2180/2157/2517 2181/2159/2517
f 2145/2158/2572 2181/2159/2518 2182/2160/2517
f 2182/2160/2517 2183/2161/2518 2145/2158/2514
f 2145/2158/2514 2183/2161/2518 2184/2162/2519
f 2145/2158/2514 2184/2162/2517 2185/2163/2518
f 2185/2163/2518 2186/2164/2517 2145/2158/2572
f 2145/2158/2514 2186/2164/2518 2187/2165/2518
f 2145/2158/2514 2187/2165/2518 2188/2166/2573
f 2188/2166/2573 2187/2165/2517 2189/2167/2517
f 2188/2166/2573 2189/2167/2518 2190/2168/2518
f 2190/2168/2518 2191/2169/2517 2188/2166/2573
f 2188/2166/2573 2191/2169/2517 2192/2170/2518
f 2188/2166/2573 2192/2170/2518 2193/2171/2574
f 2193/2171/2574 2192/2170/2518 2194/2172/2518
f 2193/2171/2574 2194/2172/2518 2195/2173/2517
f 2195/2173/2518 2196/2174/2518 2193/2171/2575
f 2193/2171/2575 2196/2174/2517 2197/2175/2517
f 2193/2171/2574 2197/2175/2517 2198/2176/2576
f 2198/2176/2576 2197/2175/2518 2199/2177/2518
f 2198/2176/2577 2199/2177/2517 2200/2178/2518
f 2200/2178/2518 2201/2179/2517 2198/2176/2577
f 2198/2176/2578 2201/2179/2518 2202/2180/2518
f 2198/2176/2576 2202/2180/2517 2203/2181/2579
f 2203/2181/2579 2202/2180/2517 2204/2182/2517
f 2203/2181/2580 2204/2182/2517 2205/2183/2518
f 2205/2183/2518 2206/2184/2517 2203/2181/2579
f 2203/2181/2579 2206/2184/2517 2207/2185/2581
f 2203/2181/2580 2207/2185/2581 2208/2186/2582
f 2208/2186/2582 2207/2185/2581 2209/2187/2583
f 2208/2186/2582 2209/2187/2583 1486/2188/2584
f 1486/2188/2584 2209/2187/2583 1488/2189/2518
f 1488/2189/2519 2209/2187/2583 2210/2190/2585
f 1488/2189/2518 2210/2190/2586 2211/2191/2517
f 2211/2191/2517 2210/2190/2585 2212/2192/2519
f 2212/2192/2517 2210/2190/2585 2213/2193/2518
f 2213/2193/2517 2210/2190/2585 2214/2194/2518
f 2214/2194/2518 2210/2190/2585 2215/2195/2517
f 2215/2195/2518 2210/2190/2585 2207/2185/2581
f 2215/2195/2518 2207/2185/2581 2216/2196/2518
f 2216/2196/2518 2207/2185/2581 2217/2197/2518
f 2217/2197/2518 2207/2185/2581 2206/2184/2517
f 2208/2186/2582 1486/2188/2584 2218/2198/2587
f 2218/2198/2587 1486/2188/2584 1485/2199/2588
f 2218/2198/2587 1485/2199/2588 2219/2200/2589
f 2219/2200/2590 1485/2199/2588 2220/2201/2591
f 2219/2200/2590 2220/2201/2591 2221/2202/2592
f 2221/2202/2592 2220/2201/2593 2222/2203/2594
f 2221/2202/2592 2222/2203/2595 2223/2204/2596
f 2223/2204/2596 2222/2203/2597 2224/2205/2598
f 2223/2204/2596 2224/2205/2599 2225/2206/2600
f 2225/2206/2600 2224/2205/2598 2226/2207/2601
f 2225/2206/2600 2226/2207/2602 2227/2208/2603
f 2227/2208/2603 2226/2207/2602 2228/2209/2604
f 2227/2208/2603 2228/2209/2605 2141/2210/2606
f 2141/2210/2606 2228/2209/2605 2229/2211/2607
f 2141/2210/2606 2229/2211/2607 2139/2212/2503
f 2139/2212/2503 2229/2211/2607 1278/2213/1158
f 2139/2212/2503 1278/2213/1158 1280/2214/2608
f 2220/2201/2609 1485/2199/2588 2230/2215/2610
f 2230/2215/2610 1485/2199/2611 1484/2216/2612
f 2230/2215/2610 1484/2216/2612 2231/2217/2613
f 2231/2217/2614 1484/2216/2612 1361/2218/1279
f 2231/2217/2613 1361/2218/1279 1359/2219/2615
f 1359/2219/2615 1357/2220/1275 2231/2217/2614
f 2231/2217/2614 1357/2220/1275 1356/2221/1274
f 2231/2217/2613 1356/2221/1274 2232/2222/2616
f 2232/2222/2616 1356/2221/1274 1354/2223/1271
f 2232/2222/2616 1354/2223/1271 1352/2224/1268
f 1352/2224/1268 1351/2225/1267 2232/2222/2616
f 2232/2222/2616 1351/2225/1267 2233/2226/2617
f 2232/2222/2616 2233/2226/2617 2222/2203/2594
f 2222/2203/2594 2233/2226/2617 2224/2205/2598
f 1351/2225/1267 1345/2227/1256 2233/2226/2617
f 2233/2226/2617 1345/2227/1256 1253/2228/1122
f 2233/2226/2617 1253/2228/1122 1254/2229/1123
f 2233/2226/2617 1254/2229/1123 2234/2230/2618
f 2234/2230/2618 1254/2229/1123 1256/2231/1128
f 2234/2230/2618 1256/2231/1129 1257/2232/1130
f 1257/2232/1130 1259/2233/1133 2234/2230/2618
f 2234/2230/2618 1259/2233/1133 1261/2234/1135
f 2234/2230/2618 1261/2234/1135 1262/2235/2619
f 2234/2230/2618 1262/2235/1136 2235/2236/2620
f 2235/2236/2620 1262/2235/1136 1264/2237/1139
f 2235/2236/2620 1264/2237/1139 1266/2238/1141
f 1266/2238/1141 1268/2239/1144 2235/2236/2620
f 2235/2236/2620 1268/2239/1144 2229/2211/2607
f 2235/2236/2620 2229/2211/2607 2228/2209/2605
f 1268/2239/1144 1269/2240/1145 2229/2211/2607
f 2229/2211/2607 1269/2240/1145 1271/2241/1147
f 2229/2211/2607 1271/2241/1147 1272/2242/1149
f 1272/2242/1149 1273/2243/1150 2229/2211/2607
f 2229/2211/2607 1273/2243/1150 1274/2244/2621
f 2229/2211/2607 1274/2244/1152 1276/2245/1156
f 1276/2245/1156 1277/2246/1157 2229/2211/2607
f 2229/2211/2607 1277/2246/1157 1278/2213/1158
f 1280/2214/2608 1281/2247/1162 2139/2212/2503
f 2139/2212/2503 1281/2247/1162 1340/2248/1251
f 2139/2212/2503 1340/2248/1251 1342/2249/1253
f 1342/2249/1253 1343/2250/1254 2139/2212/2503
f 2139/2212/2503 1343/2250/1254 1344/2251/1255
f 2227/2208/2603 2141/2210/2606 2236/2252/2622
f 2236/2252/2623 2141/2210/2606 2143/2253/2509
f 2236/2252/2622 2143/2253/2509 2237/2254/2624
f 2237/2254/2624 2143/2253/2510 2145/2158/2514
f 2237/2254/2624 2145/2158/2514 2188/2166/2573
f 2237/2254/2624 2188/2166/2573 2238/2255/2625
f 2238/2255/2625 2188/2166/2573 2193/2171/2574
f 2238/2255/2625 2193/2171/2574 2239/2256/2626
f 2239/2256/2627 2193/2171/2575 2198/2176/2576
f 2239/2256/2626 2198/2176/2576 2203/2181/2579
f 2225/2206/2600 2227/2208/2603 2236/2252/2622
f 2236/2252/2622 2237/2254/2624 2240/2257/2628
f 2240/2257/2628 2237/2254/2624 2238/2255/2625
f 2240/2257/2629 2238/2255/2625 2241/2258/2630
f 2241/2258/2631 2238/2255/2632 2239/2256/2627
f 2241/2258/2630 2239/2256/2627 2242/2259/2633
f 2242/2259/2633 2239/2256/2627 2203/2181/2579
f 2242/2259/2633 2203/2181/2579 2208/2186/2582
f 2235/2236/2620 2228/2209/2605 2226/2207/2601
f 2223/2204/2596 2225/2206/2634 2240/2257/2628
f 2240/2257/2629 2225/2206/2600 2236/2252/2622
f 2223/2204/2596 2240/2257/2629 2241/2258/2630
f 2234/2230/2618 2235/2236/2620 2226/2207/2602
f 2234/2230/2618 2226/2207/2635 2224/2205/2598
f 2221/2202/2592 2223/2204/2596 2241/2258/2630
f 2221/2202/2592 2241/2258/2630 2242/2259/2633
f 2233/2226/2617 2234/2230/2618 2224/2205/2598
f 2219/2200/2589 2221/2202/2636 2242/2259/2633
f 2219/2200/2590 2242/2259/2633 2208/2186/2582
f 2232/2222/2616 2222/2203/2594 2220/2201/2593
f 2218/2198/2587 2219/2200/2590 2208/2186/2582
f 2210/2190/2585 2209/2187/2637 2207/2185/2581
f 2231/2217/2613 2232/2222/2616 2220/2201/2593
f 2230/2215/2638 2231/2217/2613 2220/2201/2593
f 2243/2260/2639 2181/2261/2639 2157/2262/2639
f 2157/2262/2518 2181/2261/2518 2180/2263/2518
f 2157/2262/2518 2180/2263/2518 2155/2264/2518
f 2155/2264/2517 2180/2263/2517 2153/2265/2517
f 2153/2265/2517 2180/2263/2517 2152/2266/2518
f 2152/2266/2518 2180/2263/2518 2147/2267/2518
f 2152/2266/2518 2147/2267/2518 2150/2268/2518
f 2150/2268/2518 2147/2267/2518 2148/2269/2518
f 2244/2270/2640 2185/2271/2640 2243/2260/2640
f 2243/2260/2517 2185/2271/2517 2184/2272/2517
f 2243/2260/2641 2184/2272/2641 2183/2273/2641
f 2245/2274/2642 2189/2275/2642 2244/2270/2642
f 2244/2270/2642 2189/2275/2642 2187/2276/2642
f 2244/2270/2643 2187/2276/2643 2186/2277/2643
f 2246/2278/2644 2191/2279/2644 2245/2274/2644
f 2245/2274/2644 2191/2279/2644 2190/2280/2644
f 2245/2274/2517 2190/2280/2517 2189/2275/2517
f 2247/2281/2643 2248/2282/2643 2246/2278/2643
f 2246/2278/2645 2248/2282/2645 2249/2283/2645
f 2246/2278/2518 2249/2283/2518 2250/2284/2518
f 2251/2285/2646 2252/2286/2646 2247/2281/2646
f 2247/2281/2642 2252/2286/2642 2253/2287/2642
f 2247/2281/2517 2253/2287/2517 2248/2282/2517
f 2254/2288/2642 2255/2289/2642 2251/2285/2642
f 2251/2285/2642 2255/2289/2642 2256/2290/2642
f 2251/2285/2645 2256/2290/2645 2252/2286/2645
f 2257/2291/2641 2258/2292/2641 2254/2288/2641
f 2254/2288/2645 2258/2292/2645 2259/2293/2645
f 2254/2288/2647 2259/2293/2647 2255/2289/2647
f 2260/2294/2648 2261/2295/2648 2257/2291/2648
f 2257/2291/2649 2261/2295/2649 2262/2296/2649
f 2257/2291/2642 2262/2296/2642 2258/2292/2642
f 2261/2295/2518 2260/2294/2518 2263/2297/2518
f 2263/2297/2518 2260/2294/2518 2264/2298/2518
f 2263/2297/2518 2264/2298/2517 2265/2299/2518
f 2265/2299/2518 2266/2300/2518 2263/2297/2518
f 2263/2297/2518 2266/2300/2518 2267/2301/2518
f 2268/2302/2641 2195/2303/2641 2250/2284/2641
f 2250/2284/2519 2195/2303/2519 2194/2304/2519
f 2250/2284/2517 2194/2304/2517 2246/2278/2517
f 2246/2278/2650 2194/2304/2650 2192/2305/2650
f 2246/2278/2641 2192/2305/2641 2191/2279/2641
f 2195/2303/2517 2268/2302/2517 2196/2306/2517
f 2196/2306/2651 2268/2302/2651 2269/2307/2651
f 2196/2306/2652 2269/2307/2652 2270/2308/2652
f 2196/2306/2519 2270/2308/2519 2197/2309/2519
f 2197/2309/2649 2270/2308/2649 2271/2310/2649
f 2197/2309/2653 2271/2310/2653 2199/2311/2653
f 2199/2311/2517 2271/2310/2517 2272/2312/2517
f 2199/2311/2654 2272/2312/2654 2200/2313/2654
f 2200/2313/2655 2272/2312/2655 2201/2314/2655
f 2201/2314/2517 2272/2312/2517 2273/2315/2517
f 2201/2314/2524 2273/2315/2524 2202/2316/2524
f 2202/2316/2519 2273/2315/2519 2274/2317/2519
f 2202/2316/2649 2274/2317/2649 2204/2318/2649
f 2204/2318/2655 2274/2317/2655 2275/2319/2655
f 2204/2318/2656 2275/2319/2656 2205/2320/2656
f 2205/2320/2657 2275/2319/2657 2276/2321/2657
f 2205/2320/2524 2276/2321/2524 2206/2322/2524
f 2206/2322/2658 2276/2321/2658 2277/2323/2658
f 2206/2322/2659 2277/2323/2659 2217/2324/2659
f 2217/2324/2646 2277/2323/2646 2278/2325/2646
f 2217/2324/2641 2278/2325/2641 2279/2326/2641
f 2280/2327/2660 2215/2328/2660 2279/2326/2660
f 2279/2326/2661 2215/2328/2661 2216/2329/2661
f 2279/2326/2662 2216/2329/2662 2217/2324/2662
f 2281/2330/2518 2282/2331/2518 2280/2327/2518
f 2280/2327/2641 2282/2331/2641 1506/2332/2641
f 2280/2327/2519 1506/2332/2519 2215/2328/2519
f 2215/2328/2646 1506/2332/2646 2214/2333/2646
f 2214/2333/2517 1506/2332/2517 1495/2334/2517
f 2214/2333/2663 1495/2334/2663 2213/2335/2663
f 2213/2335/2519 1495/2334/2519 1399/2336/2519
f 2213/2335/2517 1399/2336/2517 2212/2337/2517
f 2212/2337/2517 1399/2336/2517 1490/2338/2517
f 2212/2337/2517 1490/2338/2517 2211/2339/2517
f 2211/2339/2518 1490/2338/2518 1488/2340/2518
f 2282/2331/2519 2281/2330/2519 2283/2341/2519
f 2283/2341/2517 2281/2330/2517 2284/2342/2517
f 2283/2341/2517 2284/2342/2517 2285/2343/2517
f 2286/2344/2518 2287/2345/2518 2285/2343/2518
f 2285/2343/2518 2287/2345/2518 2283/2341/2518
f 2186/2277/2664 2185/2271/2664 2244/2270/2664
f 2183/2273/2519 2182/2346/2519 2243/2260/2519
f 2243/2260/2644 2182/2346/2644 2181/2261/2644
f 2260/2347/2519 2257/2348/2519 2288/2349/2665
f 2288/2349/2665 2257/2348/2517 2289/2350/2666
f 2288/2349/2665 2289/2350/2667 2290/2351/2668
f 2290/2351/2668 2289/2350/2667 2291/2352/2669
f 2290/2351/2668 2291/2352/2670 2292/2353/2671
f 2292/2353/2672 2291/2352/2669 2293/2354/2673
f 2292/2353/2671 2293/2354/2674 2294/2355/2675
f 2294/2355/2675 2293/2354/2673 2295/2356/2676
f 2294/2355/2675 2295/2356/2676 2296/2357/2677
f 2296/2357/2677 2295/2356/2676 2297/2358/2678
f 2296/2357/2677 2297/2358/2678 2298/2359/2679
f 2298/2359/2679 2297/2358/2680 2299/2360/2681
f 2298/2359/2679 2299/2360/2681 2300/2361/2682
f 2300/2361/2682 2299/2360/2681 2163/2362/2683
f 2300/2361/2682 2163/2362/2683 2128/2363/2482
f 2257/2348/2518 2254/2364/2518 2289/2350/2667
f 2289/2350/2667 2254/2364/2519 2251/2365/2519
f 2289/2350/2667 2251/2365/2518 2301/2366/2684
f 2301/2366/2685 2251/2365/2518 2247/2367/2519
f 2301/2366/2684 2247/2367/2518 2302/2368/2686
f 2302/2368/2686 2247/2367/2518 2246/2369/2518
f 2302/2368/2686 2246/2369/2518 2245/2370/2518
f 2302/2368/2686 2245/2370/2519 2303/2371/2687
f 2303/2371/2688 2245/2370/2517 2244/2372/2517
f 2303/2371/2688 2244/2372/2517 2304/2373/2689
f 2304/2373/2689 2244/2372/2518 2305/2374/2690
f 2304/2373/2689 2305/2374/2690 2306/2375/2691
f 2306/2375/2691 2305/2374/2690 2156/2376/2526
f 2306/2375/2691 2156/2376/2526 2176/2377/2692
f 2244/2372/2517 2243/2378/2518 2305/2374/2690
f 2305/2374/2690 2243/2378/2517 2157/2379/2517
f 2305/2374/2690 2157/2379/2517 2156/2376/2526
f 2306/2375/2691 2176/2377/2693 2307/2380/2694
f 2307/2380/2695 2176/2377/2692 2172/2381/2696
f 2307/2380/2697 2172/2381/2696 2308/2382/2698
f 2308/2382/2699 2172/2381/2696 2168/2383/2700
f 2308/2382/2699 2168/2383/2700 2309/2384/2701
f 2309/2384/2701 2168/2383/2700 2164/2385/2702
f 2309/2384/2701 2164/2385/2702 2299/2360/2681
f 2299/2360/2681 2164/2385/2702 2163/2362/2703
f 2128/2363/2482 2310/2386/2704 2300/2361/2682
f 2300/2361/2705 2310/2386/2706 2311/2387/2707
f 2300/2361/2682 2311/2387/2707 2312/2388/2708
f 2312/2388/2708 2311/2387/2707 2313/2389/2709
f 2312/2388/2708 2313/2389/2710 2314/2390/2711
f 2314/2390/2711 2313/2389/2710 2315/2391/2712
f 2314/2390/2711 2315/2391/2712 2316/2392/2713
f 2316/2392/2713 2315/2391/2712 2317/2393/2714
f 2316/2392/2713 2317/2393/2714 2318/2394/2715
f 2318/2394/2716 2317/2393/2717 2319/2395/2718
f 2318/2394/2719 2319/2395/2718 2320/2396/2720
f 2320/2396/2720 2319/2395/2718 2321/2397/2721
f 2320/2396/2722 2321/2397/2721 2322/2398/2723
f 2311/2387/2707 2323/2399/2724 2313/2389/2710
f 2313/2389/2709 2323/2399/2724 2324/2400/2725
f 2313/2389/2710 2324/2400/2725 2315/2391/2712
f 2315/2391/2712 2324/2400/2725 2325/2401/2726
f 2315/2391/2712 2325/2401/2726 2317/2393/2717
f 2317/2393/2717 2325/2401/2726 2326/2402/2727
f 2317/2393/2717 2326/2402/2727 2319/2395/2718
f 2319/2395/2718 2326/2402/2727 2327/2403/2728
f 2319/2395/2718 2327/2403/2728 2321/2397/2721
f 2323/2399/2724 2328/2404/2729 2324/2400/2725
f 2324/2400/2725 2328/2404/2729 2329/2405/2730
f 2324/2400/2725 2329/2405/2731 2330/2406/2732
f 2330/2406/2733 2329/2405/2734 2331/2407/2735
f 2330/2406/2736 2331/2407/2735 2332/2408/2737
f 2332/2408/2737 2331/2407/2735 2333/2409/2738
f 2332/2408/2737 2333/2409/2738 2334/2410/2739
f 2335/2411/2740 2336/2412/2741 2334/2410/2739
f 2334/2410/2739 2336/2412/2742 2332/2408/2737
f 2332/2408/2737 2336/2412/2741 2337/2413/2743
f 2337/2413/2744 2336/2412/2745 2338/2414/2746
f 2337/2413/2744 2338/2414/2746 2326/2402/2727
f 2326/2402/2727 2338/2414/2746 2327/2403/2728
f 2320/2396/2747 2322/2398/2723 2290/2351/2668
f 2290/2351/2668 2322/2398/2748 2288/2349/2665
f 2318/2394/2749 2320/2396/2720 2292/2353/2671
f 2292/2353/2672 2320/2396/2750 2290/2351/2668
f 2330/2406/2736 2332/2408/2737 2337/2413/2744
f 2330/2406/2733 2337/2413/2751 2325/2401/2726
f 2325/2401/2726 2337/2413/2744 2326/2402/2727
f 2289/2350/2667 2301/2366/2684 2291/2352/2669
f 2291/2352/2670 2301/2366/2685 2339/2415/2752
f 2291/2352/2669 2339/2415/2752 2293/2354/2673
f 2293/2354/2673 2339/2415/2752 2340/2416/2753
f 2293/2354/2673 2340/2416/2753 2295/2356/2754
f 2295/2356/2754 2340/2416/2755 2341/2417/2756
f 2295/2356/2676 2341/2417/2756 2297/2358/2678
f 2297/2358/2678 2341/2417/2756 2309/2384/2701
f 2297/2358/2678 2309/2384/2701 2299/2360/2681
f 2316/2392/2757 2318/2394/2715 2294/2355/2675
f 2294/2355/2675 2318/2394/2715 2292/2353/2672
f 2324/2400/2725 2330/2406/2733 2325/2401/2726
f 2301/2366/2684 2302/2368/2686 2339/2415/2752
f 2339/2415/2752 2302/2368/2686 2342/2418/2758
f 2339/2415/2752 2342/2418/2759 2340/2416/2753
f 2340/2416/2753 2342/2418/2758 2343/2419/2760
f 2340/2416/2753 2343/2419/2761 2341/2417/2756
f 2341/2417/2756 2343/2419/2761 2308/2382/2699
f 2341/2417/2756 2308/2382/2699 2309/2384/2701
f 2314/2390/2711 2316/2392/2757 2296/2357/2677
f 2296/2357/2677 2316/2392/2757 2294/2355/2762
f 2302/2368/2686 2303/2371/2688 2342/2418/2763
f 2342/2418/2758 2303/2371/2688 2344/2420/2764
f 2342/2418/2763 2344/2420/2765 2343/2419/2766
f 2343/2419/2766 2344/2420/2764 2307/2380/2695
f 2343/2419/2760 2307/2380/2697 2308/2382/2767
f 2312/2388/2708 2314/2390/2768 2298/2359/2679
f 2298/2359/2679 2314/2390/2711 2296/2357/2677
f 2304/2373/2689 2306/2375/2691 2344/2420/2764
f 2344/2420/2764 2306/2375/2691 2307/2380/2769
f 2312/2388/2708 2298/2359/2770 2300/2361/2705
f 2303/2371/2688 2304/2373/2689 2344/2420/2764
f 2336/2421/2771 2335/2422/2772 2345/2423/2773
f 2345/2423/2773 2335/2422/2772 2346/2424/2774
f 2345/2423/2773 2346/2424/2775 2347/2425/2776
f 2348/2426/2777 2349/2427/2778 2347/2425/2776
f 2347/2425/2776 2349/2427/2778 2350/2428/2779
f 2347/2425/2776 2350/2428/2780 2345/2423/2773
f 2345/2423/2773 2350/2428/2780 2351/2429/2781
f 2345/2423/2782 2351/2429/2783 2352/2430/2784
f 2352/2430/2785 2351/2429/2783 2353/2431/2786
f 2352/2430/2785 2353/2431/2786 2354/2432/2787
f 2354/2432/2787 2353/2431/2788 2355/2433/2789
f 2354/2432/2787 2355/2433/2790 2356/2434/2791
f 2356/2434/2791 2355/2433/2790 2357/2435/2792
f 2356/2434/2791 2357/2435/2792 2358/2436/2793
f 2358/2436/2793 2357/2435/2792 2359/2437/2794
f 2358/2436/2795 2359/2437/2796 2360/2438/2797
f 2360/2438/2797 2359/2437/2794 2361/2439/2798
f 2360/2438/2797 2361/2439/2798 2362/2440/2799
f 2362/2440/2799 2361/2439/2800 2265/2441/2517
f 2362/2440/2801 2265/2441/2518 2264/2442/2802
f 2363/2443/2803 2364/2444/2804 2348/2426/2777
f 2348/2426/2777 2364/2444/2804 2365/2445/2805
f 2348/2426/2777 2365/2445/2805 2349/2427/2806
f 2349/2427/2806 2365/2445/2805 2350/2428/2780
f 2364/2444/2804 2363/2443/2803 2366/2446/2807
f 2366/2446/2807 2363/2443/2803 2367/2447/2808
f 2366/2446/2807 2367/2447/2809 2368/2448/2810
f 2368/2448/2810 2367/2447/2809 2369/2449/2811
f 2368/2448/2810 2369/2449/2812 2370/2450/2813
f 2370/2450/2814 2369/2449/2815 2371/2451/2816
f 2370/2450/2814 2371/2451/2816 2372/2452/2817
f 2372/2452/2817 2371/2451/2816 2373/2453/2818
f 2372/2452/2817 2373/2453/2818 2374/2454/2819
f 2374/2454/2819 2373/2453/2818 2375/2455/2820
f 2374/2454/2821 2375/2455/2822 2376/2456/2823
f 2376/2456/2823 2375/2455/2820 2263/2129/2517
f 2376/2456/2823 2263/2129/2517 2267/2457/2517
f 2376/2456/2823 2267/2457/2518 2377/2458/2824
f 2377/2458/2824 2267/2457/2518 2266/2459/2518
f 2377/2458/2824 2266/2459/2517 2378/2460/2825
f 2378/2460/2826 2266/2459/2519 2265/2441/2519
f 2378/2460/2826 2265/2441/2517 2361/2439/2827
f 2264/2442/2828 2260/2119/2517 2362/2440/2799
f 2362/2440/2799 2260/2119/2518 2288/2461/2665
f 2362/2440/2799 2288/2461/2665 2360/2438/2797
f 2360/2438/2797 2288/2461/2665 2322/2462/2829
f 2360/2438/2797 2322/2462/2829 2358/2436/2793
f 2358/2436/2793 2322/2462/2829 2321/2463/2830
f 2358/2436/2793 2321/2463/2830 2356/2434/2791
f 2356/2434/2791 2321/2463/2830 2327/2464/2831
f 2356/2434/2791 2327/2464/2831 2354/2432/2787
f 2354/2432/2787 2327/2464/2831 2338/2465/2832
f 2354/2432/2787 2338/2465/2832 2352/2430/2833
f 2352/2430/2784 2338/2465/2832 2336/2421/2771
f 2352/2430/2833 2336/2421/2771 2345/2423/2773
f 2350/2428/2779 2365/2445/2805 2351/2429/2781
f 2351/2429/2783 2365/2445/2805 2379/2466/2834
f 2351/2429/2783 2379/2466/2834 2353/2431/2788
f 2353/2431/2786 2379/2466/2834 2380/2467/2835
f 2353/2431/2836 2380/2467/2835 2355/2433/2790
f 2355/2433/2837 2380/2467/2835 2381/2468/2838
f 2355/2433/2790 2381/2468/2839 2357/2435/2840
f 2357/2435/2792 2381/2468/2838 2382/2469/2841
f 2357/2435/2792 2382/2469/2842 2359/2437/2794
f 2359/2437/2794 2382/2469/2842 2378/2460/2825
f 2359/2437/2794 2378/2460/2825 2361/2439/2827
f 2378/2460/2825 2382/2469/2841 2377/2458/2824
f 2377/2458/2843 2382/2469/2841 2383/2470/2844
f 2377/2458/2824 2383/2470/2844 2376/2456/2823
f 2376/2456/2823 2383/2470/2845 2374/2454/2821
f 2382/2469/2841 2381/2468/2846 2383/2470/2845
f 2383/2470/2844 2381/2468/2838 2384/2471/2847
f 2383/2470/2845 2384/2471/2848 2374/2454/2821
f 2374/2454/2821 2384/2471/2848 2372/2452/2817
f 2381/2468/2838 2380/2467/2835 2384/2471/2848
f 2384/2471/2847 2380/2467/2835 2385/2472/2849
f 2384/2471/2847 2385/2472/2850 2372/2452/2817
f 2372/2452/2817 2385/2472/2851 2370/2450/2813
f 2380/2467/2835 2379/2466/2834 2385/2472/2849
f 2385/2472/2849 2379/2466/2852 2386/2473/2853
f 2385/2472/2850 2386/2473/2854 2370/2450/2813
f 2370/2450/2813 2386/2473/2853 2368/2448/2810
f 2379/2466/2834 2365/2445/2805 2386/2473/2854
f 2386/2473/2853 2365/2445/2805 2364/2444/2804
f 2386/2473/2854 2364/2444/2804 2368/2448/2810
f 2368/2448/2810 2364/2444/2804 2366/2446/2807
f 2387/2474/2855 2388/2475/2856 2389/2476/2857
f 2389/2476/2857 2388/2475/2856 2390/2477/2858
f 2389/2476/2857 2390/2477/2859 2335/2478/2740
f 2335/2478/2860 2390/2477/2859 2346/2479/2861
f 2346/2479/2861 2390/2477/2858 2391/2480/2862
f 2346/2479/2861 2391/2480/2863 2347/2481/2864
f 2347/2481/2865 2391/2480/2862 2392/2482/2866
f 2347/2481/2865 2392/2482/2866 2348/2483/2777
f 2348/2483/2777 2392/2482/2866 2393/2484/2867
f 2348/2483/2777 2393/2484/2867 2394/2485/2868
f 2394/2485/2868 2393/2484/2869 2395/2486/2870
f 2394/2485/2868 2395/2486/2871 2396/2487/2872
f 2396/2487/2872 2395/2486/2871 2397/2488/2873
f 2396/2487/2872 2397/2488/2873 2398/2489/2874
f 2398/2489/2874 2397/2488/2873 2399/2490/2875
f 2398/2489/2874 2399/2490/2875 2400/2491/2876
f 2387/2474/2855 2401/2492/2877 2388/2475/2878
f 2388/2475/2856 2401/2492/2877 2402/2493/2879
f 2388/2475/2878 2402/2493/2880 2390/2477/2859
f 2390/2477/2858 2402/2493/2879 2403/2494/2881
f 2390/2477/2859 2403/2494/2881 2391/2480/2862
f 2391/2480/2862 2403/2494/2881 2392/2482/2866
f 2401/2492/2877 2404/2495/2882 2402/2493/2879
f 2402/2493/2880 2404/2495/2882 2405/2496/2883
f 2402/2493/2879 2405/2496/2884 2403/2494/2881
f 2403/2494/2881 2405/2496/2884 2406/2497/2885
f 2403/2494/2881 2406/2497/2886 2392/2482/2866
f 2392/2482/2866 2406/2497/2885 2393/2484/2869
f 2405/2496/2883 2404/2495/2882 2407/2498/2887
f 2407/2498/2887 2404/2495/2882 2408/2499/2888
f 2407/2498/2887 2408/2499/2889 2397/2488/2873
f 2397/2488/2873 2408/2499/2888 2399/2490/2875
f 2396/2487/2872 2398/2489/2874 2409/2500/2890
f 2409/2500/2891 2398/2489/2874 2367/2501/2892
f 2409/2500/2890 2367/2501/2892 2363/2502/2893
f 2409/2500/2891 2363/2502/2893 2394/2485/2868
f 2394/2485/2868 2363/2502/2893 2348/2483/2777
f 2406/2497/2885 2405/2496/2883 2407/2498/2887
f 2406/2497/2885 2407/2498/2887 2395/2486/2870
f 2395/2486/2871 2407/2498/2887 2397/2488/2873
f 2406/2497/2885 2395/2486/2870 2393/2484/2867
f 2409/2500/2890 2394/2485/2868 2396/2487/2872
f 2410/2503/2894 2061/2045/2248 2411/2504/2895
f 2411/2504/2896 2061/2045/2248 2062/2505/2248
f 2411/2504/2896 2062/2505/2366 2412/2506/2897
f 2412/2506/2897 2062/2505/2248 2063/2507/2248
f 2412/2506/2897 2063/2507/2366 2413/2508/2898
f 2413/2508/2898 2063/2507/2248 2064/2509/2248
f 2413/2508/2898 2064/2509/2248 2414/2510/2899
f 2414/2510/2899 2064/2509/2248 2065/2511/2248
f 2414/2510/2899 2065/2511/2248 2415/2512/2900
f 2415/2512/2901 2065/2511/2248 2060/2058/2248
f 2415/2512/2900 2060/2058/2248 2416/2513/2902
f 2415/2512/2900 2416/2513/2902 2417/2514/2903
f 2417/2514/2903 2416/2513/2902 2418/2006/2904
f 2417/2514/2903 2418/2006/2905 2419/2515/2906
f 2419/2515/2906 2418/2006/2907 2420/2516/2908
f 2419/2515/2906 2420/2516/2908 2421/2517/2909
f 2421/2517/2909 2420/2516/2908 2422/2518/2910
f 2421/2517/2909 2422/2518/2910 2423/2519/2911
f 2423/2519/2911 2422/2518/2910 2400/2520/2876
f 2423/2519/2911 2400/2520/2876 2399/2521/2875
f 2399/2521/2875 2408/2522/2888 2423/2519/2911
f 2423/2519/2911 2408/2522/2888 2424/2523/2912
f 2423/2519/2911 2424/2523/2912 2421/2517/2909
f 2421/2517/2909 2424/2523/2912 2425/2524/2913
f 2421/2517/2909 2425/2524/2913 2419/2515/2906
f 2419/2515/2914 2425/2524/2915 2426/2525/2916
f 2419/2515/2906 2426/2525/2916 2417/2514/2917
f 2417/2514/2918 2426/2525/2919 2414/2510/2899
f 2417/2514/2917 2414/2510/2899 2415/2512/2900
f 2424/2523/2912 2408/2522/2888 2427/2526/2920
f 2427/2526/2920 2408/2522/2888 2404/2527/2921
f 2427/2526/2920 2404/2527/2882 2424/2523/2912
f 2424/2523/2912 2404/2527/2882 2428/2528/2922
f 2424/2523/2912 2428/2528/2922 2429/2529/2923
f 2429/2529/2923 2428/2528/2922 2401/2530/2877
f 2429/2529/2923 2401/2530/2877 2430/2531/2924
f 2430/2531/2924 2401/2530/2877 2387/2532/2855
f 2430/2531/2924 2387/2532/2855 2431/2533/2925
f 2431/2533/2925 2387/2532/2855 2389/2534/2857
f 2431/2533/2925 2389/2534/2857 2432/2535/2926
f 2404/2527/2882 2401/2530/2877 2428/2528/2922
f 2431/2533/2925 2432/2535/2926 2433/2536/2927
f 2433/2536/2927 2432/2535/2926 2410/2503/2894
f 2433/2536/2927 2410/2503/2894 2411/2504/2896
f 2430/2531/2924 2431/2533/2928 2433/2536/2927
f 2433/2536/2927 2411/2504/2896 2434/2537/2929
f 2434/2537/2929 2411/2504/2896 2412/2506/2897
f 2434/2537/2929 2412/2506/2897 2435/2538/2930
f 2435/2538/2930 2412/2506/2897 2413/2508/2898
f 2435/2538/2930 2413/2508/2898 2426/2525/2916
f 2426/2525/2916 2413/2508/2898 2414/2510/2899
f 2429/2529/2923 2430/2531/2924 2434/2537/2929
f 2434/2537/2929 2430/2531/2924 2433/2536/2927
f 2429/2529/2923 2434/2537/2929 2435/2538/2930
f 2426/2525/2916 2425/2524/2915 2435/2538/2930
f 2435/2538/2930 2425/2524/2913 2429/2529/2923
f 2425/2524/2913 2424/2523/2912 2429/2529/2923
f 2026/2539/2248 2030/2540/2248 2098/2541/2433
f 2098/2541/2433 2030/2540/2248 2436/2542/2931
f 2098/2541/2433 2436/2542/2931 2437/2543/2932
f 2437/2543/2932 2436/2542/2931 2438/2544/2933
f 2437/2543/2932 2438/2544/2933 2439/2545/2934
f 2439/2545/2934 2438/2544/2933 2440/2546/2935
f 2439/2545/2934 2440/2546/2935 2441/2547/2936
f 2441/2547/2936 2440/2546/2937 2442/2548/2938
f 2442/2548/2938 2440/2546/2937 2443/2549/2939
f 2442/2548/2938 2443/2549/2940 2444/2550/2941
f 2444/2550/2942 2443/2549/2940 2445/2551/2943
f 2444/2550/2944 2445/2551/2943 2446/2552/2945
f 2446/2552/2945 2445/2551/2943 2447/2553/2946
f 2446/2552/2945 2447/2553/2946 2448/2554/2947
f 2448/2554/2947 2447/2553/2946 2389/2555/2857
f 2389/2555/2857 2447/2553/2946 2432/2556/2926
f 2432/2556/2926 2447/2553/2946 2449/2557/2948
f 2432/2556/2926 2449/2557/2949 2410/2558/2894
f 2410/2558/2894 2449/2557/2949 2450/2559/2950
f 2410/2558/2894 2450/2559/2951 2059/2560/2366
f 2059/2560/2366 2450/2559/2950 2056/2561/2366
f 2056/2561/2248 2450/2559/2950 2451/2562/2952
f 2056/2561/2366 2451/2562/2952 2053/2563/2366
f 2053/2563/2366 2451/2562/2953 2452/2564/2954
f 2053/2563/2248 2452/2564/2954 2036/2565/2248
f 2036/2565/2366 2452/2564/2954 2453/2566/2955
f 2036/2565/2248 2453/2566/2955 2034/2567/2248
f 2034/2567/2248 2453/2566/2956 2454/2568/2957
f 2034/2567/2248 2454/2568/2957 2032/2569/2248
f 2032/2569/2366 2454/2568/2957 2436/2542/2931
f 2032/2569/2366 2436/2542/2931 2030/2540/2366
f 2059/2560/2366 2061/2570/2366 2410/2558/2894
f 2441/2547/2936 2455/2571/2958 2439/2545/2934
f 2439/2545/2934 2455/2571/2958 2456/2572/2959
f 2439/2545/2934 2456/2572/2960 2437/2543/2932
f 2437/2543/2932 2456/2572/2961 2099/2573/2434
f 2437/2543/2932 2099/2573/2434 2098/2541/2433
f 2455/2571/2958 2457/2574/2962 2456/2572/2961
f 2456/2572/2960 2457/2574/2963 2099/2573/2434
f 2457/2574/2962 2101/2575/2436 2099/2573/2434
f 2436/2542/2931 2454/2568/2957 2438/2544/2933
f 2438/2544/2933 2454/2568/2964 2458/2576/2965
f 2438/2544/2933 2458/2576/2965 2440/2546/2935
f 2440/2546/2935 2458/2576/2965 2443/2549/2940
f 2452/2564/2954 2459/2577/2966 2453/2566/2956
f 2453/2566/2955 2459/2577/2966 2458/2576/2965
f 2453/2566/2956 2458/2576/2965 2454/2568/2957
f 2445/2551/2943 2443/2549/2940 2459/2577/2966
f 2459/2577/2966 2443/2549/2939 2458/2576/2965
f 2459/2577/2966 2452/2564/2954 2460/2578/2967
f 2460/2578/2967 2452/2564/2954 2451/2562/2952
f 2460/2578/2967 2451/2562/2953 2449/2557/2949
f 2449/2557/2949 2451/2562/2953 2450/2559/2968
f 2447/2553/2946 2445/2551/2969 2460/2578/2967
f 2460/2578/2970 2445/2551/2971 2459/2577/2966
f 2447/2553/2946 2460/2578/2967 2449/2557/2949
f 2101/2579/2436 2457/2580/2972 2128/2581/2481
f 2128/2581/2481 2457/2580/2962 2310/2582/2706
f 2310/2582/2704 2457/2580/2962 2455/2583/2958
f 2310/2582/2704 2455/2583/2958 2311/2584/2707
f 2311/2584/2707 2455/2583/2958 2441/2585/2936
f 2311/2584/2707 2441/2585/2936 2323/2586/2724
f 2323/2586/2724 2441/2585/2936 2442/2587/2938
f 2323/2586/2724 2442/2587/2938 2328/2588/2729
f 2328/2588/2729 2442/2587/2938 2329/2589/2734
f 2329/2589/2734 2442/2587/2938 2444/2590/2941
f 2329/2589/2734 2444/2590/2941 2331/2591/2735
f 2331/2591/2735 2444/2590/2941 2446/2592/2945
f 2331/2591/2735 2446/2592/2973 2333/2593/2738
f 2333/2593/2974 2446/2592/2945 2448/2594/2947
f 2333/2593/2738 2448/2594/2947 2334/2595/2739
f 2334/2595/2739 2448/2594/2947 2389/2596/2857
f 2334/2595/2739 2389/2596/2857 2335/2597/2740
f 2058/2598/2248 2461/2599/2975 2060/2600/2248
f 2060/2600/2248 2461/2599/2975 2462/2601/2976
f 2060/2600/2248 2462/2601/2977 2416/2602/2902
f 2416/2602/2978 2462/2601/2976 2463/2603/2979
f 2416/2602/2902 2463/2603/2979 2464/2604/2980
f 2464/2604/2980 2463/2603/2979 2465/2605/2981
f 2464/2604/2980 2465/2605/2981 2466/2606/2982
f 2466/2606/2982 2465/2605/2983 2467/2607/2984
f 2466/2606/2982 2467/2607/2985 2468/2608/2986
f 2468/2608/2986 2467/2607/2984 2469/2609/2987
f 2468/2608/2986 2469/2609/2987 2470/2610/2988
f 2058/2598/2248 2057/2611/2248 2461/2599/2975
f 2461/2599/2975 2057/2611/2248 2055/2612/2248
f 2461/2599/2975 2055/2612/2248 2054/2613/2248
f 2054/2613/2248 2038/2614/2248 2461/2599/2975
f 2461/2599/2975 2038/2614/2248 2040/2615/2368
f 2461/2599/2975 2040/2615/2248 2471/2616/2989
f 2471/2616/2989 2040/2615/2368 2472/2617/2990
f 2471/2616/2989 2472/2617/2990 2473/2618/2991
f 2473/2618/2991 2472/2617/2990 2046/2619/2248
f 2473/2618/2991 2046/2619/2248 2048/2620/2248
f 2040/2615/2368 2042/2621/2248 2472/2617/2990
f 2472/2617/2990 2042/2621/2248 2044/2622/2364
f 2472/2617/2990 2044/2622/2992 2046/2619/2248
f 2048/2620/2248 2050/2623/2248 2473/2618/2991
f 2473/2618/2991 2050/2623/2248 2052/2624/2248
f 2473/2618/2991 2052/2624/2248 2474/2625/2993
f 2474/2625/2993 2052/2624/2248 1989/2626/2248
f 2473/2618/2991 2474/2625/2993 2475/2627/2994
f 2475/2627/2995 2474/2625/2993 2476/2628/2996
f 2475/2627/2995 2476/2628/2996 2477/2629/2997
f 2477/2629/2997 2476/2628/2996 2469/2609/2998
f 2477/2629/2999 2469/2609/2987 2467/2607/2984
f 2468/2608/2986 2470/2610/2988 2478/2630/3000
f 2478/2630/3000 2470/2610/2988 2479/2631/3001
f 2478/2630/3000 2479/2631/3001 2480/2632/3002
f 2480/2632/3002 2479/2631/3001 2481/2015/3003
f 2480/2632/3002 2481/2015/3003 2482/2633/3004
f 2482/2633/3005 2483/2634/3006 2480/2632/3002
f 2480/2632/3002 2483/2634/3006 2484/2635/3007
f 2480/2632/3002 2484/2635/3007 2485/2636/3008
f 2485/2636/3008 2484/2635/3009 2486/2637/3010
f 2485/2636/3008 2486/2637/3011 2487/2638/3012
f 2487/2638/3012 2488/2639/3013 2485/2636/3008
f 2485/2636/3008 2488/2639/3014 2489/2640/3015
f 2485/2636/3008 2489/2640/3015 2490/2641/3016
f 2490/2641/3016 2489/2640/3015 2420/2642/2908
f 2490/2641/3017 2420/2642/2908 2418/2643/2905
f 2488/2639/3013 2491/2644/3018 2489/2640/3015
f 2489/2640/3015 2491/2644/3018 2492/2645/3019
f 2489/2640/3015 2492/2645/3019 2493/2646/3020
f 2493/2646/3021 2494/2647/3022 2489/2640/3015
f 2489/2640/3015 2494/2647/3022 2422/2648/2910
f 2489/2640/3015 2422/2648/2910 2420/2642/2908
f 2494/2647/3022 2495/2649/3023 2422/2648/2910
f 2422/2648/2910 2495/2649/3024 2496/2650/3025
f 2422/2648/2910 2496/2650/3025 2400/2034/2876
f 2490/2641/3016 2418/2643/2905 2464/2604/2980
f 2464/2604/2980 2418/2643/2905 2416/2602/2902
f 2461/2599/2975 2471/2616/2989 2462/2601/3026
f 2462/2601/2976 2471/2616/2989 2497/2651/3027
f 2462/2601/2976 2497/2651/3027 2463/2603/2979
f 2463/2603/2979 2497/2651/3027 2465/2605/2981
f 2490/2641/3016 2464/2604/2980 2498/2652/3028
f 2498/2652/3028 2464/2604/2980 2466/2606/2982
f 2498/2652/3028 2466/2606/2982 2468/2608/2986
f 2473/2618/3029 2475/2627/2994 2471/2616/2989
f 2471/2616/2989 2475/2627/2995 2497/2651/3027
f 2475/2627/2995 2477/2629/2999 2497/2651/3027
f 2497/2651/3027 2477/2629/2999 2465/2605/2981
f 2477/2629/2997 2467/2607/2985 2465/2605/2981
f 2490/2641/3016 2498/2652/3028 2485/2636/3008
f 2485/2636/3008 2498/2652/3028 2478/2630/3000
f 2485/2636/3008 2478/2630/3000 2480/2632/3002
f 2478/2630/3000 2498/2652/3028 2468/2608/2986
f 2496/2653/3030 2499/2654/3031 2400/2655/2876
f 2400/2655/2876 2499/2654/3031 2500/2656/3032
f 2400/2655/2876 2500/2656/3033 2398/2657/2874
f 2398/2657/2874 2500/2656/3033 2367/2658/2892
f 2496/2653/3030 2495/2659/3024 2499/2654/3031
f 2499/2654/3031 2495/2659/3023 2501/2660/3034
f 2501/2660/3035 2495/2659/3024 2494/2661/3036
f 2501/2660/3035 2494/2661/3036 2502/2662/3037
f 2502/2662/3037 2494/2661/3036 2493/2663/3021
f 2502/2662/3037 2493/2663/3021 2503/2664/3038
f 2503/2664/3038 2493/2663/3021 2492/2665/3019
f 2503/2664/3038 2492/2665/3019 2491/2666/3018
f 2503/2664/3038 2491/2666/3018 2504/2667/3039
f 2504/2667/3039 2491/2666/3018 2488/2668/3014
f 2504/2667/3039 2488/2668/3013 2487/2669/3012
f 2487/2669/3012 2486/2670/3011 2504/2667/3039
f 2504/2667/3039 2486/2670/3010 2505/2671/3040
f 2504/2667/3039 2505/2671/3040 2506/2672/3041
f 2506/2672/3041 2505/2671/3040 2507/2673/3042
f 2507/2673/3042 2505/2671/3040 2508/2674/3043
f 2508/2674/3043 2505/2671/3040 2509/2675/3044
f 2509/2675/3044 2505/2671/3045 2510/2676/3046
f 2509/2675/3044 2510/2676/3046 2511/2677/3047
f 2511/2677/3047 2510/2676/3048 2512/2678/3049
f 2511/2677/3050 2512/2678/3051 2513/2679/3052
f 2513/2679/3053 2512/2678/3049 2514/2680/3054
f 2513/2679/3052 2514/2680/3054 2515/2681/3055
f 2515/2681/3055 2514/2680/3054 2516/2682/3056
f 2516/2682/3057 2514/2680/3054 2517/2683/3058
f 2516/2682/3057 2517/2683/3058 2518/2684/3059
f 2518/2684/3060 2517/2683/3058 2519/2685/3061
f 2518/2684/3059 2519/2685/3061 2520/2686/3062
f 2520/2686/3063 2519/2685/3061 2521/2687/3064
f 2521/2687/3064 2519/2685/3065 2522/2688/3066
f 2521/2687/3064 2522/2688/3066 2523/2689/3067
f 2523/2689/3067 2522/2688/3066 2524/2690/3068
f 2523/2689/3067 2524/2690/3068 2525/2691/3069
f 2525/2691/3069 2524/2690/3070 2526/2692/3071
f 2526/2692/3072 2524/2690/3070 2527/2693/3073
f 2526/2692/3072 2527/2693/3074 2528/2694/3075
f 2528/2694/3075 2527/2693/3073 2529/2695/3076
f 2528/2694/3075 2529/2695/3076 2530/2696/3077
f 2530/2696/3077 2529/2695/3076 2531/2697/3078
f 2530/2696/3077 2531/2697/3078 2532/2698/3079
f 2532/2698/3079 2531/2697/3078 2533/2699/3080
f 2533/2699/3080 2531/2697/3078 2534/2700/3081
f 2533/2699/3080 2534/2700/3082 2535/2701/3083
f 2535/2701/3083 2534/2700/3081 2536/2702/3084
f 2536/2702/3084 2534/2700/3082 2537/2703/3085
f 2537/2703/3086 2534/2700/3081 2538/2704/3087
f 2537/2703/3086 2538/2704/3088 2539/2705/3089
f 2539/2705/3089 2538/2704/3088 2540/2706/3090
f 2539/2705/3089 2540/2706/3090 2541/2707/3091
f 2541/2707/3091 2540/2706/3090 2542/2708/3092
f 2541/2707/3091 2542/2708/3093 2543/2709/3094
f 2543/2709/3094 2542/2708/3093 2544/2710/3095
f 2543/2709/3096 2544/2710/3095 2545/2711/3097
f 2545/2711/3098 2544/2710/3095 2546/2712/3099
f 2545/2711/3098 2546/2712/3099 2547/2713/3100
f 2547/2713/3101 2546/2712/3099 2548/2714/3102
f 2547/2713/3100 2548/2714/3102 2549/2715/3103
f 2549/2715/3103 2548/2714/3102 2550/2716/3104
f 2549/2715/3103 2550/2716/3104 2551/2717/3105
f 2551/2717/3106 2550/2716/3107 2552/2718/3108
f 2551/2717/3105 2552/2718/3108 2553/2719/3109
f 2553/2719/3109 2552/2718/3108 2554/2720/3110
f 2553/2719/3111 2554/2720/3110 2555/2721/3112
f 2486/2670/3011 2484/2722/3007 2505/2671/3040
f 2505/2671/3040 2484/2722/3009 2483/2723/3113
f 2505/2671/3114 2483/2723/3006 2482/2724/3005
f 2505/2671/3040 2482/2724/3004 2556/2725/3115
f 2556/2725/3115 2482/2724/3004 2481/2726/3003
f 2556/2725/3115 2481/2726/3003 2557/2727/3116
f 2557/2727/3116 2481/2726/3003 2558/2728/3117
f 2557/2727/3116 2558/2728/3118 2559/2729/3119
f 2560/2730/3120 2561/2731/3121 2559/2729/3119
f 2559/2729/3119 2561/2731/3121 2562/2732/3122
f 2559/2729/3119 2562/2732/3122 2557/2727/3116
f 2557/2727/3116 2562/2732/3122 2512/2678/3049
f 2557/2727/3116 2512/2678/3051 2510/2676/3046
f 2561/2731/3121 2560/2730/3120 2563/2733/3123
f 2563/2733/3123 2560/2730/3120 2564/2734/3124
f 2563/2733/3123 2564/2734/3124 2565/2735/3125
f 2565/2735/3125 2564/2734/3124 2566/2736/3126
f 2565/2735/3125 2566/2736/3127 2563/2733/3123
f 2563/2733/3123 2566/2736/3126 2567/2737/3128
f 2563/2733/3123 2567/2737/3128 2568/2738/3129
f 2568/2738/3129 2567/2737/3128 2569/2739/3130
f 2568/2738/3129 2569/2739/3130 2514/2680/3054
f 2514/2680/3054 2569/2739/3130 2517/2683/3058
f 2564/2734/3124 2570/2740/3131 2566/2736/3126
f 2566/2736/3127 2570/2740/3131 2571/2741/3132
f 2566/2736/3126 2571/2741/3132 2572/2742/3133
f 2572/2742/3134 2571/2741/3135 2573/2743/3136
f 2572/2742/3133 2573/2743/3136 2574/2744/3137
f 2574/2744/3137 2573/2743/3136 2575/2745/3138
f 2574/2744/3139 2575/2745/3138 2576/2746/3140
f 2576/2746/3140 2575/2745/3138 2577/2747/3141
f 2576/2746/3140 2577/2747/3141 2578/2748/3142
f 2578/2748/3143 2577/2747/3141 2579/2749/3144
f 2578/2748/3142 2579/2749/3144 2580/2750/3145
f 2580/2750/3146 2579/2749/3144 2581/2751/3147
f 2580/2750/3148 2581/2751/3147 2582/2752/3149
f 2582/2752/3149 2581/2751/3150 2583/2753/3151
f 2582/2752/3149 2583/2753/3151 2544/2710/3095
f 2544/2710/3095 2583/2753/3151 2546/2712/3099
f 2571/2741/3132 2584/2754/3152 2573/2743/3136
f 2573/2743/3136 2584/2754/3153 2575/2745/3138
f 2575/2745/3138 2584/2754/3152 2585/2755/3154
f 2585/2755/3154 2584/2754/3153 2586/2756/3155
f 2585/2755/3154 2586/2756/3155 2587/2757/3156
f 2587/2757/3156 2586/2756/3155 2588/2758/3157
f 2587/2757/3156 2588/2758/3157 2589/2759/3158
f 2589/2759/3159 2588/2758/3157 2590/2760/3160
f 2589/2759/3158 2590/2760/3160 2591/2761/3161
f 2591/2761/3161 2590/2760/3162 2550/2716/3104
f 2591/2761/3161 2550/2716/3107 2548/2714/3102
f 2586/2756/3155 2592/2762/3163 2588/2758/3157
f 2588/2758/3157 2592/2762/3163 2593/2763/3164
f 2588/2758/3165 2593/2763/3164 2590/2760/3162
f 2590/2760/3162 2593/2763/3164 2552/2718/3108
f 2590/2760/3160 2552/2718/3108 2550/2716/3107
f 2592/2762/3163 2554/2720/3110 2593/2763/3164
f 2593/2763/3166 2554/2720/3110 2552/2718/3108
f 2555/2721/3167 2594/2764/3168 2553/2719/3109
f 2553/2719/3109 2594/2764/3168 2595/2765/3169
f 2553/2719/3109 2595/2765/3169 2596/2766/3170
f 2596/2766/3170 2597/2767/3171 2553/2719/3109
f 2553/2719/3109 2597/2767/3171 2598/2768/3172
f 2553/2719/3109 2598/2768/3172 2551/2717/3105
f 2551/2717/3105 2598/2768/3172 2599/2769/3173
f 2551/2717/3106 2599/2769/3173 2549/2715/3103
f 2549/2715/3103 2599/2769/3173 2600/2770/3174
f 2549/2715/3175 2600/2770/3174 2547/2713/3100
f 2547/2713/3101 2600/2770/3174 2601/2771/3176
f 2547/2713/3100 2601/2771/3176 2545/2711/3097
f 2597/2767/3177 2602/2772/3178 2598/2768/3172
f 2598/2768/3172 2602/2772/3178 2603/2773/3179
f 2598/2768/3172 2603/2773/3179 2599/2769/3173
f 2599/2769/3173 2603/2773/3179 2604/2774/3180
f 2599/2769/3173 2604/2774/3180 2600/2770/3181
f 2600/2770/3174 2604/2774/3180 2605/2775/3182
f 2600/2770/3174 2605/2775/3182 2601/2771/3176
f 2602/2772/3183 2606/2776/3184 2603/2773/3179
f 2603/2773/3179 2606/2776/3184 2607/2777/3185
f 2603/2773/3179 2607/2777/3185 2604/2774/3180
f 2604/2774/3180 2607/2777/3185 2608/2778/3186
f 2604/2774/3180 2608/2778/3186 2605/2775/3182
f 2609/2779/3187 2610/2780/3188 2606/2776/3184
f 2606/2776/3184 2610/2780/3188 2607/2777/3185
f 2610/2780/3189 2608/2778/3186 2607/2777/3185
f 2506/2672/3041 2611/2781/3190 2504/2667/3039
f 2504/2667/3039 2611/2781/3190 2612/2782/3191
f 2504/2667/3039 2612/2782/3191 2613/2783/3192
f 2613/2783/3192 2614/2784/3193 2504/2667/3194
f 2504/2667/3039 2614/2784/3193 2503/2664/3038
f 2614/2784/3193 2615/2785/3195 2503/2664/3038
f 2503/2664/3038 2615/2785/3195 2616/2786/3196
f 2503/2664/3038 2616/2786/3196 2617/2787/3197
f 2503/2664/3038 2617/2787/3197 2502/2662/3037
f 2502/2662/3037 2617/2787/3197 2618/2788/3198
f 2502/2662/3037 2618/2788/3199 2501/2660/3034
f 2510/2676/3046 2505/2671/3040 2556/2725/3115
f 2557/2727/3116 2510/2676/3046 2556/2725/3115
f 2514/2680/3054 2512/2678/3049 2562/2732/3122
f 2563/2733/3123 2568/2738/3129 2561/2731/3121
f 2561/2731/3121 2568/2738/3129 2562/2732/3122
f 2568/2738/3129 2514/2680/3054 2562/2732/3122
f 2567/2737/3128 2566/2736/3127 2619/2789/3200
f 2619/2789/3200 2566/2736/3127 2620/2790/3201
f 2619/2789/3200 2620/2790/3202 2621/2791/3203
f 2621/2791/3203 2620/2790/3202 2622/2792/3204
f 2621/2791/3203 2622/2792/3204 2623/2793/3205
f 2623/2793/3205 2622/2792/3204 2624/2794/3206
f 2623/2793/3207 2624/2794/3206 2625/2795/3208
f 2625/2795/3209 2624/2794/3206 2626/2796/3210
f 2625/2795/3208 2626/2796/3210 2627/2797/3211
f 2627/2797/3212 2626/2796/3210 2628/2798/3213
f 2627/2797/3211 2628/2798/3213 2629/2799/3214
f 2629/2799/3214 2628/2798/3213 2630/2800/3215
f 2629/2799/3214 2630/2800/3215 2540/2706/3216
f 2540/2706/3216 2630/2800/3215 2542/2708/3093
f 2519/2685/3061 2517/2683/3058 2569/2739/3130
f 2569/2739/3130 2567/2737/3128 2631/2801/3217
f 2631/2801/3217 2567/2737/3128 2619/2789/3200
f 2631/2801/3217 2619/2789/3218 2632/2802/3219
f 2632/2802/3219 2619/2789/3200 2621/2791/3203
f 2632/2802/3219 2621/2791/3203 2633/2803/3220
f 2633/2803/3220 2621/2791/3203 2623/2793/3205
f 2633/2803/3220 2623/2793/3205 2634/2804/3221
f 2634/2804/3221 2623/2793/3205 2625/2795/3209
f 2634/2804/3222 2625/2795/3208 2635/2805/3223
f 2635/2805/3223 2625/2795/3209 2627/2797/3211
f 2635/2805/3223 2627/2797/3212 2636/2806/3224
f 2636/2806/3224 2627/2797/3211 2629/2799/3214
f 2636/2806/3224 2629/2799/3214 2538/2704/3088
f 2538/2704/3088 2629/2799/3225 2540/2706/3090
f 2577/2747/3141 2575/2745/3138 2585/2755/3154
f 2574/2744/3139 2622/2792/3204 2572/2742/3134
f 2572/2742/3226 2622/2792/3204 2620/2790/3202
f 2572/2742/3134 2620/2790/3202 2566/2736/3126
f 2622/2792/3204 2574/2744/3137 2624/2794/3206
f 2624/2794/3206 2574/2744/3137 2576/2746/3140
f 2624/2794/3206 2576/2746/3140 2626/2796/3210
f 2626/2796/3210 2576/2746/3140 2578/2748/3142
f 2626/2796/3210 2578/2748/3142 2628/2798/3213
f 2628/2798/3227 2578/2748/3143 2580/2750/3146
f 2628/2798/3213 2580/2750/3146 2630/2800/3215
f 2630/2800/3215 2580/2750/3146 2582/2752/3149
f 2630/2800/3215 2582/2752/3149 2542/2708/3093
f 2542/2708/3093 2582/2752/3149 2544/2710/3095
f 2632/2802/3219 2522/2688/3066 2631/2801/3217
f 2631/2801/3228 2522/2688/3229 2519/2685/3061
f 2631/2801/3217 2519/2685/3061 2569/2739/3130
f 2522/2688/3229 2632/2802/3219 2524/2690/3068
f 2524/2690/3230 2632/2802/3231 2633/2803/3220
f 2524/2690/3068 2633/2803/3220 2527/2693/3074
f 2527/2693/3074 2633/2803/3220 2634/2804/3221
f 2527/2693/3232 2634/2804/3233 2529/2695/3076
f 2529/2695/3076 2634/2804/3221 2635/2805/3223
f 2529/2695/3076 2635/2805/3223 2531/2697/3078
f 2531/2697/3078 2635/2805/3223 2636/2806/3224
f 2531/2697/3078 2636/2806/3224 2534/2700/3081
f 2534/2700/3081 2636/2806/3224 2538/2704/3088
f 2579/2749/3144 2577/2747/3141 2587/2757/3156
f 2587/2757/3156 2577/2747/3141 2585/2755/3154
f 2579/2749/3144 2587/2757/3156 2589/2759/3159
f 2581/2751/3147 2579/2749/3144 2589/2759/3159
f 2581/2751/3147 2589/2759/3158 2591/2761/3161
f 2583/2753/3151 2581/2751/3147 2591/2761/3161
f 2583/2753/3151 2591/2761/3161 2548/2714/3102
f 2546/2712/3234 2583/2753/3151 2548/2714/3102
f 2637/2807/3235 2286/2808/2518 2638/2809/3236
f 2638/2809/3236 2286/2808/2518 2285/2810/2517
f 2638/2809/3236 2285/2810/2518 2639/2811/3237
f 2639/2811/3237 2285/2810/2518 2284/2812/2518
f 2639/2811/3238 2284/2812/2518 2281/2813/2517
f 2639/2811/3238 2281/2813/2518 2640/2814/3239
f 2640/2814/3239 2281/2813/2517 2280/2815/2517
f 2640/2814/3239 2280/2815/2518 2279/2816/2517
f 2640/2814/3239 2279/2816/2517 2641/2817/3240
f 2641/2817/3240 2279/2816/2518 2278/2818/2518
f 2641/2817/3240 2278/2818/2517 2277/2819/2518
f 2277/2819/2518 2276/2820/2517 2641/2817/3240
f 2641/2817/3240 2276/2820/2518 2642/2821/3241
f 2641/2817/3240 2642/2821/3241 2643/2822/3242
f 2643/2822/3242 2642/2821/3241 2644/2823/3243
f 2643/2822/3242 2644/2823/3243 2645/2824/3244
f 2645/2824/3245 2644/2823/3243 2371/2825/3246
f 2645/2824/3244 2371/2825/3246 2646/2826/3247
f 2646/2826/3248 2371/2825/3249 2369/2827/3250
f 2646/2826/3248 2369/2827/3250 2647/2828/3251
f 2647/2828/3251 2369/2827/3250 2614/2829/3193
f 2647/2828/3251 2614/2829/3193 2613/2830/3192
f 2276/2820/2517 2275/2831/2518 2642/2821/3241
f 2642/2821/3241 2275/2831/2518 2274/2832/2518
f 2642/2821/3241 2274/2832/2517 2273/2833/2517
f 2272/2834/2518 2648/2835/3252 2273/2833/2518
f 2273/2833/2517 2648/2835/3252 2649/2836/3253
f 2273/2833/2518 2649/2836/3253 2642/2821/3241
f 2642/2821/3241 2649/2836/3253 2644/2823/3243
f 2272/2834/2517 2271/2837/2518 2648/2835/3252
f 2648/2835/3252 2271/2837/2517 2270/2838/2517
f 2648/2835/3252 2270/2838/2517 2269/2839/2518
f 2269/2839/2518 2268/2840/2518 2648/2835/3252
f 2648/2835/3252 2268/2840/2517 2250/2841/2517
f 2648/2835/3252 2250/2841/2517 2249/2842/2517
f 2648/2835/3252 2249/2842/2517 2650/2843/3254
f 2650/2843/3255 2249/2842/2519 2248/2844/2517
f 2650/2843/3254 2248/2844/2519 2253/2845/2517
f 2650/2843/3255 2253/2845/2518 2648/2835/3252
f 2648/2835/3252 2253/2845/2517 2252/2846/2518
f 2648/2835/3252 2252/2846/2517 2256/2847/2518
f 2648/2835/3252 2256/2847/2518 2375/2848/3256
f 2375/2848/3257 2256/2847/2517 2255/2849/2518
f 2375/2848/3257 2255/2849/2517 2259/2850/2518
f 2259/2850/2517 2258/2851/2518 2375/2848/3256
f 2375/2848/3257 2258/2851/2518 2262/2852/2518
f 2375/2848/3257 2262/2852/2517 2261/2853/2518
f 2261/2853/2518 2263/2854/2518 2375/2848/3257
f 2375/2848/3257 2373/2855/3258 2648/2835/3252
f 2648/2835/3252 2373/2855/3259 2649/2836/3253
f 2649/2836/3253 2373/2855/3259 2644/2823/3243
f 2644/2823/3260 2373/2855/3258 2371/2825/3246
f 2367/2856/2892 2500/2857/3033 2369/2827/3250
f 2369/2827/3250 2500/2857/3033 2499/2858/3031
f 2369/2827/3250 2499/2858/3031 2501/2859/3034
f 2501/2859/3034 2618/2860/3261 2369/2827/3250
f 2369/2827/3250 2618/2860/3199 2617/2861/3197
f 2369/2827/3250 2617/2861/3197 2616/2862/3262
f 2616/2862/3196 2615/2863/3263 2369/2827/3250
f 2369/2827/3250 2615/2863/3264 2614/2829/3193
f 2613/2830/3192 2612/2864/3191 2647/2828/3251
f 2647/2828/3251 2612/2864/3191 2611/2865/3190
f 2647/2828/3251 2611/2865/3190 2506/2866/3041
f 2506/2866/3041 2507/2867/3042 2647/2828/3251
f 2647/2828/3251 2507/2867/3042 2508/2868/3043
f 2647/2828/3251 2508/2868/3043 2509/2869/3044
f 2509/2869/3044 2511/2870/3047 2647/2828/3251
f 2647/2828/3251 2511/2870/3047 2513/2871/3053
f 2647/2828/3265 2513/2871/3052 2515/2872/3055
f 2515/2872/3055 2516/2873/3057 2647/2828/3251
f 2647/2828/3251 2516/2873/3266 2651/2874/3267
f 2647/2828/3251 2651/2874/3267 2652/2875/3268
f 2652/2875/3269 2651/2874/3267 2653/2876/3270
f 2652/2875/3268 2653/2876/3270 2654/2877/3271
f 2654/2877/3271 2653/2876/3272 2655/2878/3273
f 2654/2877/3271 2655/2878/3273 2656/2879/3274
f 2656/2879/3274 2655/2878/3273 2637/2807/3235
f 2656/2879/3274 2637/2807/3235 2638/2809/3236
f 2516/2873/3057 2518/2880/3059 2651/2874/3267
f 2651/2874/3267 2518/2880/3059 2520/2881/3063
f 2651/2874/3267 2520/2881/3063 2521/2882/3064
f 2521/2882/3064 2523/2883/3067 2651/2874/3267
f 2651/2874/3267 2523/2883/3067 2525/2884/3069
f 2651/2874/3267 2525/2884/3069 2657/2885/3275
f 2657/2885/3275 2525/2884/3069 2526/2886/3072
f 2657/2885/3275 2526/2886/3072 2528/2887/3075
f 2657/2885/3275 2528/2887/3075 2658/2888/3276
f 2658/2888/3276 2528/2887/3075 2530/2889/3077
f 2658/2888/3276 2530/2889/3077 2532/2890/3079
f 2658/2888/3276 2532/2890/3079 2659/2891/3277
f 2659/2891/3277 2532/2890/3079 2533/2892/3080
f 2659/2891/3277 2533/2892/3278 2535/2893/3083
f 2535/2893/3083 2536/2894/3084 2659/2891/3277
f 2659/2891/3277 2536/2894/3084 2660/2895/3279
f 2659/2891/3277 2660/2895/3279 2661/2896/3280
f 2661/2896/3280 2660/2895/3279 2662/2897/3281
f 2661/2896/3280 2662/2897/3282 2663/2898/3283
f 2663/2898/3283 2662/2897/3282 2655/2878/3273
f 2663/2898/3283 2655/2878/3273 2653/2876/3272
f 2655/2878/3273 2662/2897/3281 2664/2899/3284
f 2664/2899/3285 2662/2897/3282 2637/2807/3235
f 2664/2899/3284 2637/2807/3235 2655/2878/3273
f 2656/2879/3274 2638/2809/3236 2639/2811/3238
f 2658/2888/3276 2659/2891/3277 2661/2896/3280
f 2639/2811/3237 2640/2814/3239 2656/2879/3274
f 2656/2879/3274 2640/2814/3239 2665/2900/3286
f 2656/2879/3274 2665/2900/3286 2654/2877/3271
f 2654/2877/3271 2665/2900/3286 2666/2901/3287
f 2654/2877/3271 2666/2901/3287 2652/2875/3269
f 2652/2875/3268 2666/2901/3287 2646/2826/3248
f 2652/2875/3268 2646/2826/3248 2647/2828/3251
f 2657/2885/3275 2658/2888/3276 2663/2898/3283
f 2663/2898/3288 2658/2888/3276 2661/2896/3280
f 2657/2885/3275 2663/2898/3283 2653/2876/3270
f 2640/2814/3239 2641/2817/3240 2665/2900/3286
f 2665/2900/3289 2641/2817/3240 2643/2822/3242
f 2665/2900/3286 2643/2822/3242 2666/2901/3287
f 2666/2901/3287 2643/2822/3242 2645/2824/3244
f 2666/2901/3287 2645/2824/3244 2646/2826/3248
f 2651/2874/3267 2657/2885/3275 2653/2876/3270
f 2609/2902/3290 2667/2903/3291 2610/2904/3292
f 2610/2904/3292 2667/2903/3293 2668/2905/3294
f 2610/2904/3292 2668/2905/3295 2608/2906/3296
f 2608/2906/3296 2668/2905/3295 2669/2907/3297
f 2608/2906/3298 2669/2907/3297 2605/2908/3299
f 2605/2908/3300 2669/2907/3297 2670/2909/3301
f 2605/2908/3299 2670/2909/3301 2601/2910/3302
f 2601/2910/3302 2670/2909/3301 2671/2911/3303
f 2601/2910/3302 2671/2911/3303 2545/2912/3304
f 2545/2912/3304 2671/2911/3303 2672/2913/3305
f 2545/2912/3306 2672/2913/3307 2543/2914/3308
f 2543/2914/3308 2672/2913/3307 2673/2915/3309
f 2543/2914/3310 2673/2915/3311 2541/2916/3312
f 2541/2916/3312 2673/2915/3311 2674/2917/3313
f 2541/2916/3314 2674/2917/3313 2539/2918/3315
f 2539/2918/3315 2674/2917/3313 2675/2919/3316
f 2539/2918/3315 2675/2919/3317 2676/2920/3318
f 2676/2920/3318 2675/2919/3316 2677/2921/3319
f 2676/2920/3318 2677/2921/3319 2678/2922/3320
f 2678/2922/3320 2677/2921/3319 2679/2923/3321
f 2678/2922/3320 2679/2923/3322 2286/2924/3323
f 2286/2924/3323 2679/2923/3322 2680/2925/3324
f 2286/2924/3323 2680/2925/3325 2287/2926/3326
f 2287/2926/3326 2680/2925/3324 2681/2927/3327
f 2287/2926/3326 2681/2927/3327 2682/2928/3328
f 2682/2928/3328 2681/2927/3327 2683/2929/3329
f 2682/2928/3330 2683/2929/3331 2684/2930/3332
f 2684/2930/3332 2683/2929/3329 2685/2931/3333
f 2684/2930/3332 2685/2931/3333 2686/2932/3334
f 2686/2932/3334 2685/2931/3333 2687/2933/3335
f 2686/2932/3334 2687/2933/3335 2688/2934/3336
f 2688/2934/3337 2687/2933/3338 2689/2935/3339
f 2688/2934/3337 2689/2935/3339 2690/2936/3340
f 2690/2936/3341 2689/2935/3339 2691/2937/3342
f 2690/2936/3341 2691/2937/3342 2692/2938/3343
f 2692/2938/3343 2691/2937/3342 2693/2939/3344
f 2692/2938/3343 2693/2939/3344 2694/2940/3345
f 2694/2940/3345 2693/2939/3344 2695/2941/3346
f 2694/2940/3345 2695/2941/3346 2696/2942/3347
f 2696/2942/3347 2695/2941/3346 2697/2943/3348
f 2696/2942/3347 2697/2943/3348 2698/2944/3349
f 2698/2944/3349 2697/2943/3350 2699/2945/3351
f 2698/2944/3349 2699/2945/3351 2700/2946/3352
f 2700/2946/3352 2699/2945/3351 2701/2947/3353
f 2700/2946/3352 2701/2947/3353 2702/2948/3354
f 2702/2948/3355 2701/2947/3353 2703/2949/3356
f 2702/2948/3357 2703/2949/3356 2704/2950/3358
f 2704/2950/3358 2703/2949/3356 2705/2951/3359
f 2704/2950/3358 2705/2951/3359 2706/2952/3360
f 2706/2952/3360 2705/2951/3359 2707/2953/3361
f 2706/2952/3360 2707/2953/3361 2708/2954/3362
f 2708/2954/3362 2707/2953/3361 2709/2955/3363
f 2708/2954/3362 2709/2955/3364 2710/2956/3365
f 2710/2956/3366 2709/2955/3364 2711/2957/3367
f 2710/2956/3365 2711/2957/3368 2712/2958/3369
f 2712/2958/3369 2711/2957/3368 2713/2959/3370
f 2712/2958/3369 2713/2959/3370 2714/2960/3371
f 2714/2960/3371 2713/2959/3370 2715/2961/3372
f 2714/2960/3371 2715/2961/3372 2716/2962/3373
f 2716/2962/3373 2715/2961/3374 1503/2963/1519
f 2716/2962/3373 1503/2963/1519 2717/2964/3375
f 2717/2964/3375 1503/2963/1519 1506/2965/1522
f 2717/2964/3375 1506/2965/1522 2718/2966/3376
f 2718/2966/3376 1506/2965/1522 2282/2967/3377
f 2718/2966/3376 2282/2967/3377 2719/2968/3378
f 2719/2968/3378 2282/2967/3377 2720/2969/3379
f 2719/2968/3378 2720/2969/3379 2721/2970/3380
f 2721/2970/3381 2720/2969/3379 2722/2971/3382
f 2721/2970/3381 2722/2971/3383 2723/2972/3384
f 2723/2972/3385 2722/2971/3382 2724/2973/3386
f 2723/2972/3384 2724/2973/3386 2725/2974/3387
f 2725/2974/3387 2724/2973/3388 2726/2975/3389
f 2725/2974/3387 2726/2975/3390 2727/2976/3391
f 2727/2976/3391 2726/2975/3389 2728/2977/3392
f 2727/2976/3391 2728/2977/3393 2729/2978/3394
f 2729/2978/3395 2728/2977/3396 2692/2938/3343
f 2729/2978/3394 2692/2938/3343 2694/2940/3345
f 2667/2903/3291 2730/2979/3397 2668/2905/3295
f 2668/2905/3294 2730/2979/3398 2731/2980/3399
f 2668/2905/3294 2731/2980/3399 2732/2981/3400
f 2732/2981/3400 2731/2980/3401 2733/2982/3402
f 2732/2981/3400 2733/2982/3402 2734/2983/3403
f 2734/2983/3404 2733/2982/3402 2735/2984/3405
f 2734/2983/3403 2735/2984/3406 2736/2985/3407
f 2736/2985/3407 2735/2984/3406 2693/2939/3344
f 2736/2985/3407 2693/2939/3344 2691/2937/3342
f 2730/2979/3398 2737/2986/3408 2731/2980/3399
f 2731/2980/3399 2737/2986/3409 2738/2987/3410
f 2731/2980/3399 2738/2987/3410 2733/2982/3402
f 2733/2982/3402 2738/2987/3410 2739/2988/3411
f 2733/2982/3402 2739/2988/3411 2735/2984/3406
f 2735/2984/3406 2739/2988/3412 2695/2941/3413
f 2735/2984/3405 2695/2941/3413 2693/2939/3344
f 2737/2986/3408 2740/2989/3414 2738/2987/3410
f 2738/2987/3410 2740/2989/3414 2741/2990/3415
f 2738/2987/3410 2741/2990/3415 2739/2988/3412
f 2739/2988/3412 2741/2990/3415 2742/2991/3416
f 2739/2988/3411 2742/2991/3416 2697/2943/3350
f 2697/2943/3350 2742/2991/3417 2743/2992/3418
f 2697/2943/3348 2743/2992/3419 2699/2945/3351
f 2740/2989/3414 2742/2991/3420 2741/2990/3415
f 2703/2949/3356 2744/2993/3421 2705/2951/3359
f 2705/2951/3359 2744/2993/3421 2745/2994/3422
f 2705/2951/3359 2745/2994/3422 2707/2953/3361
f 2707/2953/3361 2745/2994/3422 2746/2995/3423
f 2707/2953/3361 2746/2995/3423 2709/2955/3363
f 2709/2955/3364 2746/2995/3423 2747/2996/3424
f 2709/2955/3364 2747/2996/3424 2711/2957/3368
f 2711/2957/3368 2747/2996/3424 2748/2997/3425
f 2711/2957/3368 2748/2997/3426 2713/2959/3370
f 2713/2959/3370 2748/2997/3426 2749/2998/3427
f 2713/2959/3370 2749/2998/3427 2715/2961/3372
f 2715/2961/3372 2749/2998/3427 1503/2963/1519
f 2744/2993/3421 2750/2999/3428 2745/2994/3422
f 2745/2994/3422 2750/2999/3428 2751/3000/3429
f 2745/2994/3422 2751/3000/3430 2746/2995/3423
f 2746/2995/3423 2751/3000/3429 2752/3001/3431
f 2746/2995/3423 2752/3001/3432 2747/2996/3424
f 2747/2996/3424 2752/3001/3432 2753/3002/3433
f 2747/2996/3424 2753/3002/3433 2748/2997/3426
f 2748/2997/3426 2753/3002/3433 2754/3003/3434
f 2748/2997/3426 2754/3003/3434 2749/2998/3427
f 2749/2998/3427 2754/3003/3434 1504/3004/1525
f 2749/2998/3427 1504/3004/1520 1503/2963/1519
f 2751/3000/3429 2750/2999/3428 2755/3005/3435
f 2755/3005/3435 2750/2999/3428 2756/3006/3436
f 2755/3005/3435 2756/3006/3436 2757/3007/3437
f 2757/3007/3437 2756/3006/3436 2758/3008/3438
f 2757/3007/3437 2758/3008/3438 2759/3009/3439
f 2759/3009/3439 2758/3008/3440 1385/3010/1324
f 2759/3009/3439 1385/3010/1324 1504/3004/1520
f 2756/3006/3436 1385/3010/1324 2758/3008/3438
f 2282/2967/3377 2283/3011/3441 2720/2969/3379
f 2720/2969/3379 2283/3011/3442 2760/3012/3443
f 2720/2969/3379 2760/3012/3443 2722/2971/3382
f 2722/2971/3382 2760/3012/3443 2761/3013/3444
f 2722/2971/3383 2761/3013/3444 2724/2973/3386
f 2724/2973/3386 2761/3013/3444 2762/3014/3445
f 2724/2973/3386 2762/3014/3445 2726/2975/3446
f 2726/2975/3390 2762/3014/3445 2763/3015/3447
f 2726/2975/3448 2763/3015/3449 2728/2977/3396
f 2728/2977/3396 2763/3015/3450 2690/2936/3341
f 2728/2977/3396 2690/2936/3341 2692/2938/3343
f 2287/2926/3326 2764/3016/3451 2283/3011/3441
f 2283/3011/3442 2764/3016/3451 2765/3017/3452
f 2283/3011/3442 2765/3017/3453 2766/3018/3454
f 2766/3018/3454 2765/3017/3453 2767/3019/3455
f 2766/3018/3454 2767/3019/3455 2761/3013/3444
f 2761/3013/3444 2767/3019/3456 2762/3014/3445
f 2286/2924/3323 2637/3020/3457 2678/2922/3320
f 2678/2922/3320 2637/3020/3457 2768/3021/3458
f 2678/2922/3320 2768/3021/3458 2676/2920/3318
f 2676/2920/3318 2768/3021/3458 2537/3022/3459
f 2676/2920/3318 2537/3022/3459 2539/2918/3315
f 2637/3020/3457 2662/3023/3460 2768/3021/3458
f 2768/3021/3458 2662/3023/3460 2660/3024/3461
f 2768/3021/3458 2660/3024/3462 2537/3022/3459
f 2537/3022/3459 2660/3024/3461 2536/3025/3084
f 2760/3012/3443 2283/3011/3441 2766/3018/3454
f 2764/3016/3451 2287/2926/3326 2682/2928/3330
f 2668/2905/3294 2732/2981/3400 2669/2907/3297
f 2669/2907/3297 2732/2981/3400 2769/3026/3463
f 2669/2907/3297 2769/3026/3464 2670/2909/3301
f 2670/2909/3301 2769/3026/3464 2770/3027/3465
f 2670/2909/3301 2770/3027/3466 2671/2911/3303
f 2671/2911/3467 2770/3027/3466 2771/3028/3468
f 2671/2911/3303 2771/3028/3468 2672/2913/3307
f 2672/2913/3307 2771/3028/3468 2772/3029/3469
f 2672/2913/3307 2772/3029/3469 2673/2915/3311
f 2673/2915/3309 2772/3029/3469 2773/3030/3470
f 2673/2915/3311 2773/3030/3470 2674/2917/3313
f 2674/2917/3313 2773/3030/3470 2774/3031/3471
f 2674/2917/3472 2774/3031/3471 2675/2919/3316
f 2675/2919/3316 2774/3031/3471 2677/2921/3473
f 2732/2981/3474 2734/2983/3403 2769/3026/3464
f 2769/3026/3463 2734/2983/3403 2775/3032/3475
f 2769/3026/3464 2775/3032/3476 2770/3027/3465
f 2770/3027/3465 2775/3032/3476 2776/3033/3477
f 2770/3027/3465 2776/3033/3478 2771/3028/3468
f 2771/3028/3468 2776/3033/3478 2777/3034/3479
f 2771/3028/3468 2777/3034/3479 2772/3029/3469
f 2772/3029/3469 2777/3034/3479 2778/3035/3480
f 2772/3029/3469 2778/3035/3480 2773/3030/3470
f 2773/3030/3470 2778/3035/3480 2779/3036/3481
f 2773/3030/3470 2779/3036/3481 2774/3031/3471
f 2774/3031/3471 2779/3036/3481 2780/3037/3482
f 2774/3031/3471 2780/3037/3482 2677/2921/3319
f 2677/2921/3319 2780/3037/3482 2679/2923/3322
f 2734/2983/3403 2736/2985/3407 2775/3032/3476
f 2775/3032/3476 2736/2985/3407 2781/3038/3483
f 2775/3032/3476 2781/3038/3484 2776/3033/3477
f 2776/3033/3477 2781/3038/3484 2782/3039/3485
f 2776/3033/3477 2782/3039/3485 2777/3034/3479
f 2777/3034/3479 2782/3039/3485 2783/3040/3486
f 2777/3034/3479 2783/3040/3486 2778/3035/3480
f 2778/3035/3480 2783/3040/3486 2784/3041/3487
f 2778/3035/3480 2784/3041/3487 2779/3036/3481
f 2779/3036/3481 2784/3041/3487 2785/3042/3488
f 2779/3036/3481 2785/3042/3488 2780/3037/3482
f 2780/3037/3482 2785/3042/3488 2680/2925/3324
f 2780/3037/3482 2680/2925/3324 2679/2923/3322
f 2697/2943/3350 2695/2941/3413 2739/2988/3412
f 2736/2985/3407 2691/2937/3342 2781/3038/3484
f 2781/3038/3483 2691/2937/3342 2689/2935/3339
f 2781/3038/3483 2689/2935/3489 2782/3039/3490
f 2782/3039/3485 2689/2935/3339 2687/2933/3335
f 2782/3039/3485 2687/2933/3335 2783/3040/3486
f 2783/3040/3486 2687/2933/3335 2685/2931/3333
f 2783/3040/3486 2685/2931/3491 2784/3041/3487
f 2784/3041/3487 2685/2931/3333 2683/2929/3329
f 2784/3041/3487 2683/2929/3329 2785/3042/3488
f 2785/3042/3488 2683/2929/3329 2681/2927/3492
f 2785/3042/3488 2681/2927/3493 2680/2925/3325
f 2682/2928/3330 2684/2930/3332 2764/3016/3451
f 2764/3016/3451 2684/2930/3494 2786/3043/3495
f 2764/3016/3451 2786/3043/3495 2765/3017/3452
f 2765/3017/3453 2786/3043/3495 2767/3019/3455
f 2684/2930/3494 2686/2932/3334 2786/3043/3495
f 2786/3043/3495 2686/2932/3334 2787/3044/3496
f 2786/3043/3495 2787/3044/3496 2767/3019/3456
f 2767/3019/3455 2787/3044/3496 2762/3014/3445
f 2686/2932/3497 2688/2934/3337 2787/3044/3496
f 2787/3044/3496 2688/2934/3337 2763/3015/3447
f 2787/3044/3498 2763/3015/3449 2762/3014/3445
f 2688/2934/3336 2690/2936/3499 2763/3015/3449
f 2694/2940/3345 2696/2942/3347 2788/3045/3500
f 2788/3045/3500 2696/2942/3347 2789/3046/3501
f 2788/3045/3502 2789/3046/3501 2790/3047/3503
f 2790/3047/3503 2789/3046/3501 2704/2950/3358
f 2790/3047/3504 2704/2950/3358 2706/2952/3360
f 2696/2942/3347 2698/2944/3349 2789/3046/3501
f 2789/3046/3505 2698/2944/3349 2700/2946/3352
f 2789/3046/3501 2700/2946/3352 2704/2950/3506
f 2704/2950/3358 2700/2946/3352 2702/2948/3355
f 2694/2940/3345 2788/3045/3500 2729/2978/3394
f 2729/2978/3395 2788/3045/3500 2791/3048/3507
f 2729/2978/3395 2791/3048/3507 2727/2976/3391
f 2727/2976/3391 2791/3048/3507 2792/3049/3508
f 2727/2976/3391 2792/3049/3508 2725/2974/3387
f 2725/2974/3387 2792/3049/3508 2793/3050/3509
f 2725/2974/3510 2793/3050/3509 2723/2972/3385
f 2723/2972/3385 2793/3050/3511 2794/3051/3512
f 2723/2972/3385 2794/3051/3512 2721/2970/3381
f 2721/2970/3381 2794/3051/3513 2795/3052/3514
f 2721/2970/3381 2795/3052/3514 2719/2968/3378
f 2719/2968/3515 2795/3052/3514 2718/2966/3516
f 2791/3048/3507 2788/3045/3500 2790/3047/3503
f 2791/3048/3507 2790/3047/3503 2796/3053/3517
f 2796/3053/3517 2790/3047/3503 2706/2952/3360
f 2796/3053/3517 2706/2952/3360 2708/2954/3362
f 2761/3013/3444 2760/3012/3518 2766/3018/3454
f 2791/3048/3519 2796/3053/3517 2792/3049/3508
f 2792/3049/3508 2796/3053/3517 2797/3054/3520
f 2792/3049/3508 2797/3054/3520 2793/3050/3509
f 2793/3050/3509 2797/3054/3520 2798/3055/3521
f 2793/3050/3511 2798/3055/3522 2794/3051/3512
f 2794/3051/3513 2798/3055/3521 2799/3056/3523
f 2794/3051/3513 2799/3056/3523 2795/3052/3514
f 2795/3052/3514 2799/3056/3524 2800/3057/3525
f 2795/3052/3514 2800/3057/3525 2718/2966/3376
f 2718/2966/3516 2800/3057/3525 2717/2964/3375
f 2797/3054/3520 2796/3053/3517 2708/2954/3362
f 2798/3055/3521 2797/3054/3520 2710/2956/3366
f 2710/2956/3365 2797/3054/3520 2708/2954/3362
f 2799/3056/3523 2798/3055/3522 2712/2958/3526
f 2712/2958/3369 2798/3055/3521 2710/2956/3365
f 2751/3000/3430 2755/3005/3435 2752/3001/3431
f 2752/3001/3432 2755/3005/3527 2801/3058/3528
f 2752/3001/3432 2801/3058/3528 2753/3002/3433
f 2753/3002/3529 2801/3058/3530 2802/3059/3531
f 2753/3002/3433 2802/3059/3531 2754/3003/3434
f 2754/3003/3434 2802/3059/3531 1504/3004/1525
f 2800/3057/3525 2799/3056/3523 2714/2960/3371
f 2714/2960/3371 2799/3056/3523 2712/2958/3526
f 2716/2962/3373 2717/2964/3375 2800/3057/3525
f 2800/3057/3525 2714/2960/3371 2716/2962/3373
f 2802/3059/3531 2801/3058/3532 2759/3009/3439
f 2759/3009/3533 2801/3058/3528 2757/3007/3437
f 2757/3007/3437 2801/3058/3530 2755/3005/3435
f 1504/3004/1520 2802/3059/3531 2759/3009/3439
f 1581/3060/1669 1385/3061/1324 2803/3062/3534
f 2803/3062/3535 1385/3061/1324 2756/3063/3436
f 2803/3062/3535 2756/3063/3436 2804/3064/3536
f 2804/3064/3537 2756/3063/3436 2805/3065/3538
f 2804/3064/3537 2805/3065/3538 2750/3066/3428
f 2750/3066/3428 2805/3065/3539 2756/3063/3436
f 2744/3067/3421 2806/3068/3540 2750/3066/3541
f 2750/3066/3542 2806/3068/3543 2807/3069/3544
f 2750/3066/3428 2807/3069/3544 2804/3064/3537
f 2804/3064/3537 2807/3069/3545 2808/3070/3546
f 2804/3064/3537 2808/3070/3546 2809/3071/3547
f 2809/3071/3547 2808/3070/3546 2810/3072/3548
f 2809/3071/3547 2810/3072/3549 2811/3073/3550
f 2811/3073/3551 2810/3072/3548 2812/3074/3552
f 2811/3073/3551 2812/3074/3552 2813/3075/3553
f 2813/3075/3553 2812/3074/3552 2814/3076/3554
f 2813/3075/3555 2814/3076/3554 2815/3077/3556
f 2815/3077/3556 2814/3076/3554 2816/3078/3557
f 2815/3077/3556 2816/3078/3557 2817/3079/3558
f 2817/3079/3558 2816/3078/3557 1618/3080/3559
f 2817/3079/3558 1618/3080/3559 1615/3081/3560
f 2703/3082/3356 2818/3083/3561 2744/3067/3421
f 2744/3067/3421 2818/3083/3561 2819/3084/3562
f 2744/3067/3421 2819/3084/3563 2806/3068/3543
f 2806/3068/3543 2819/3084/3563 2820/3085/3564
f 2806/3068/3543 2820/3085/3565 2807/3069/3544
f 2807/3069/3544 2820/3085/3564 2821/3086/3566
f 2807/3069/3544 2821/3086/3566 2808/3070/3567
f 2808/3070/3546 2821/3086/3566 2822/3087/3568
f 2808/3070/3546 2822/3087/3568 2810/3072/3569
f 2810/3072/3569 2822/3087/3568 2823/3088/3570
f 2810/3072/3548 2823/3088/3570 2812/3074/3552
f 2812/3074/3571 2823/3088/3570 2824/3089/3572
f 2812/3074/3552 2824/3089/3572 2814/3076/3554
f 2814/3076/3554 2824/3089/3572 2825/3090/3573
f 2814/3076/3554 2825/3090/3573 2816/3078/3557
f 2816/3078/3557 2825/3090/3573 1619/3091/1608
f 2816/3078/3557 1619/3091/1591 1618/3080/3559
f 2703/3082/3356 2701/3092/3353 2818/3083/3561
f 2818/3083/3561 2701/3092/3353 2826/3093/3574
f 2818/3083/3561 2826/3093/3574 2827/3094/3575
f 2827/3094/3575 2826/3093/3574 2828/3095/3576
f 2827/3094/3575 2828/3095/3576 2829/3096/3577
f 2829/3096/3577 2828/3095/3576 2830/3097/3578
f 2829/3096/3577 2830/3097/3578 2831/3098/3579
f 2831/3098/3580 2830/3097/3578 2832/3099/3581
f 2831/3098/3580 2832/3099/3582 2833/3100/3583
f 2833/3100/3584 2832/3099/3581 2834/3101/3585
f 2833/3100/3584 2834/3101/3586 2835/3102/3587
f 2835/3102/3588 2834/3101/3585 2836/3103/3589
f 2835/3102/3588 2836/3103/3589 2837/3104/3590
f 2837/3104/3590 2836/3103/3589 2838/3105/3591
f 2837/3104/3590 2838/3105/3591 1633/3106/1591
f 1633/3106/1591 2838/3105/3591 1195/3107/3592
f 1195/3107/3592 2838/3105/3593 2839/3108/3594
f 2839/3108/3594 2838/3105/3591 2840/3109/3595
f 2839/3108/3594 2840/3109/3595 2841/3110/3596
f 2841/3110/3597 2840/3109/3598 2842/3111/3599
f 2841/3110/3596 2842/3111/3599 2843/3112/3600
f 2843/3112/3600 2842/3111/3599 2844/3113/3601
f 2843/3112/3600 2844/3113/3602 2845/3114/3603
f 2845/3114/3603 2844/3113/3602 2846/3115/3604
f 2845/3114/3603 2846/3115/3604 2847/3116/3605
f 2847/3116/3605 2846/3115/3604 2848/3117/3606
f 2848/3117/3607 2846/3115/3608 2849/3118/3609
f 2848/3117/3607 2849/3118/3609 2850/3119/3610
f 2850/3119/3610 2849/3118/3609 2851/3120/3611
f 2850/3119/3610 2851/3120/3611 2609/3121/3612
f 2609/3121/3612 2851/3120/3611 2667/3122/3613
f 2667/3122/3613 2851/3120/3611 2730/3123/3398
f 2730/3123/3398 2851/3120/3611 2852/3124/3614
f 2730/3123/3615 2852/3124/3616 2737/3125/3409
f 2737/3125/3409 2852/3124/3614 2853/3126/3617
f 2737/3125/3618 2853/3126/3617 2740/3127/3414
f 2740/3127/3414 2853/3126/3617 2854/3128/3619
f 2740/3127/3414 2854/3128/3619 2742/3129/3417
f 2742/3129/3417 2854/3128/3620 2855/3130/3621
f 2742/3129/3622 2855/3130/3621 2743/3131/3418
f 2743/3131/3419 2855/3130/3621 2856/3132/3623
f 2743/3131/3419 2856/3132/3623 2699/3133/3351
f 2699/3133/3351 2856/3132/3623 2826/3093/3624
f 2699/3133/3351 2826/3093/3574 2701/3092/3353
f 1633/3106/1592 1632/3134/1591 2837/3104/3590
f 2837/3104/3590 1632/3134/1591 2857/3135/3625
f 2837/3104/3590 2857/3135/3625 2835/3102/3588
f 2835/3102/3587 2857/3135/3626 2858/3136/3627
f 2835/3102/3587 2858/3136/3627 2833/3100/3584
f 2833/3100/3584 2858/3136/3627 2859/3137/3628
f 2833/3100/3584 2859/3137/3628 2831/3098/3580
f 2831/3098/3580 2859/3137/3628 2860/3138/3629
f 2831/3098/3630 2860/3138/3629 2829/3096/3577
f 2829/3096/3577 2860/3138/3629 2861/3139/3631
f 2829/3096/3577 2861/3139/3632 2827/3094/3575
f 2827/3094/3575 2861/3139/3631 2862/3140/3633
f 2827/3094/3575 2862/3140/3633 2818/3083/3561
f 2818/3083/3561 2862/3140/3633 2819/3084/3634
f 1632/3134/1591 1631/3141/1591 2857/3135/3626
f 2857/3135/3625 1631/3141/1591 1629/3142/1711
f 2857/3135/3625 1629/3142/1591 2863/3143/3635
f 2863/3143/3635 1629/3142/1591 1628/3144/3636
f 2863/3143/3635 1628/3144/3636 2864/3145/3637
f 2864/3145/3637 1628/3144/3638 1626/3146/3639
f 2864/3145/3637 1626/3146/3639 2865/3147/3640
f 2865/3147/3640 1626/3146/3639 1624/3148/3638
f 2865/3147/3640 1624/3148/3638 2866/3149/3641
f 2866/3149/3641 1624/3148/3638 1623/3150/1594
f 2866/3149/3641 1623/3150/1594 2867/3151/3642
f 2867/3151/3642 1623/3150/1594 1621/3152/1591
f 2867/3151/3642 1621/3152/1591 2825/3090/3573
f 2825/3090/3573 1621/3152/1591 1619/3091/1608
f 2817/3079/3558 1615/3081/3560 2868/3153/3643
f 2868/3153/3643 1615/3081/3560 1556/3154/1591
f 2868/3153/3643 1556/3154/1591 1557/3155/1614
f 1574/3156/1644 2869/3157/3644 1557/3155/1614
f 1557/3155/1614 2869/3157/3645 2870/3158/3646
f 1557/3155/1614 2870/3158/3646 2868/3153/3643
f 2868/3153/3643 2870/3158/3646 2817/3079/3558
f 2869/3157/3645 1574/3156/1644 2871/3159/3647
f 2871/3159/3647 1574/3156/1644 1581/3060/3648
f 2871/3159/3647 1581/3060/1669 2872/3160/3649
f 2872/3160/3649 1581/3060/1669 2803/3062/3535
f 2872/3160/3649 2803/3062/3535 2809/3071/3547
f 2809/3071/3547 2803/3062/3534 2804/3064/3650
f 2809/3071/3547 2811/3073/3550 2872/3160/3649
f 2872/3160/3649 2811/3073/3551 2871/3159/3647
f 2811/3073/3550 2813/3075/3553 2871/3159/3647
f 2871/3159/3647 2813/3075/3555 2869/3157/3644
f 2813/3075/3555 2815/3077/3556 2869/3157/3644
f 2869/3157/3645 2815/3077/3556 2870/3158/3646
f 2815/3077/3556 2817/3079/3558 2870/3158/3646
f 2820/3085/3565 2819/3084/3563 2862/3140/3633
f 2821/3086/3651 2820/3085/3565 2873/3161/3652
f 2873/3161/3652 2820/3085/3565 2862/3140/3633
f 2873/3161/3653 2862/3140/3633 2861/3139/3631
f 2822/3087/3568 2821/3086/3651 2874/3162/3654
f 2874/3162/3654 2821/3086/3566 2873/3161/3653
f 2874/3162/3654 2873/3161/3652 2875/3163/3655
f 2875/3163/3655 2873/3161/3652 2861/3139/3631
f 2875/3163/3655 2861/3139/3632 2860/3138/3629
f 2823/3088/3570 2822/3087/3656 2876/3164/3657
f 2876/3164/3657 2822/3087/3568 2874/3162/3654
f 2876/3164/3657 2874/3162/3654 2877/3165/3658
f 2877/3165/3659 2874/3162/3654 2875/3163/3655
f 2877/3165/3660 2875/3163/3655 2878/3166/3661
f 2878/3166/3661 2875/3163/3655 2860/3138/3629
f 2878/3166/3661 2860/3138/3629 2859/3137/3628
f 2824/3089/3572 2823/3088/3570 2879/3167/3662
f 2879/3167/3662 2823/3088/3570 2876/3164/3657
f 2879/3167/3662 2876/3164/3657 2880/3168/3663
f 2880/3168/3663 2876/3164/3657 2877/3165/3659
f 2880/3168/3663 2877/3165/3659 2881/3169/3664
f 2881/3169/3664 2877/3165/3659 2878/3166/3661
f 2881/3169/3664 2878/3166/3661 2882/3170/3665
f 2882/3170/3665 2878/3166/3661 2859/3137/3628
f 2882/3170/3665 2859/3137/3666 2858/3136/3627
f 2825/3090/3573 2824/3089/3572 2867/3151/3642
f 2867/3151/3642 2824/3089/3572 2879/3167/3662
f 2867/3151/3642 2879/3167/3667 2866/3149/3641
f 2866/3149/3641 2879/3167/3662 2880/3168/3663
f 2866/3149/3641 2880/3168/3663 2865/3147/3640
f 2865/3147/3668 2880/3168/3663 2881/3169/3669
f 2865/3147/3668 2881/3169/3664 2864/3145/3637
f 2864/3145/3670 2881/3169/3664 2882/3170/3665
f 2864/3145/3637 2882/3170/3665 2863/3143/3635
f 2863/3143/3671 2882/3170/3665 2858/3136/3627
f 2863/3143/3635 2858/3136/3627 2857/3135/3625
f 2826/3093/3624 2856/3132/3623 2828/3095/3672
f 2828/3095/3672 2856/3132/3623 2883/3171/3673
f 2828/3095/3672 2883/3171/3673 2830/3097/3578
f 2830/3097/3578 2883/3171/3673 2884/3172/3674
f 2830/3097/3578 2884/3172/3674 2832/3099/3581
f 2832/3099/3582 2884/3172/3674 2885/3173/3675
f 2832/3099/3582 2885/3173/3675 2834/3101/3586
f 2834/3101/3586 2885/3173/3675 2886/3174/3676
f 2834/3101/3586 2886/3174/3676 2836/3103/3589
f 2836/3103/3589 2886/3174/3676 2840/3109/3598
f 2836/3103/3589 2840/3109/3598 2838/3105/3591
f 2856/3132/3623 2855/3130/3621 2883/3171/3673
f 2883/3171/3673 2855/3130/3621 2887/3175/3677
f 2883/3171/3673 2887/3175/3678 2884/3172/3674
f 2884/3172/3674 2887/3175/3678 2888/3176/3679
f 2884/3172/3674 2888/3176/3679 2885/3173/3675
f 2885/3173/3675 2888/3176/3679 2889/3177/3680
f 2885/3173/3675 2889/3177/3680 2886/3174/3676
f 2886/3174/3676 2889/3177/3680 2842/3111/3599
f 2886/3174/3676 2842/3111/3599 2840/3109/3598
f 2855/3130/3621 2854/3128/3619 2887/3175/3677
f 2887/3175/3678 2854/3128/3619 2890/3178/3681
f 2887/3175/3678 2890/3178/3681 2888/3176/3682
f 2888/3176/3679 2890/3178/3681 2891/3179/3683
f 2888/3176/3682 2891/3179/3683 2889/3177/3680
f 2889/3177/3680 2891/3179/3683 2844/3113/3602
f 2889/3177/3680 2844/3113/3602 2842/3111/3599
f 2854/3128/3619 2853/3126/3617 2890/3178/3681
f 2890/3178/3681 2853/3126/3617 2892/3180/3684
f 2890/3178/3681 2892/3180/3685 2891/3179/3683
f 2891/3179/3683 2892/3180/3685 2846/3115/3608
f 2891/3179/3683 2846/3115/3604 2844/3113/3602
f 2853/3126/3617 2852/3124/3614 2892/3180/3684
f 2892/3180/3684 2852/3124/3686 2849/3118/3609
f 2892/3180/3684 2849/3118/3609 2846/3115/3608
f 2851/3120/3611 2849/3118/3609 2852/3124/3614
f 2893/3181/3687 1201/3182/1051 2894/3183/3688
f 2894/3183/3688 1201/3182/1051 1200/3184/1051
f 2894/3183/3688 1200/3184/1051 1198/3185/3689
f 1198/3185/3689 1196/3186/3690 2894/3183/3688
f 2894/3183/3688 1196/3186/3690 2895/3187/3688
f 2894/3183/3688 2895/3187/3688 2896/3188/3691
f 2896/3188/3691 2895/3187/3688 2897/3189/3691
f 2896/3188/3691 2897/3189/3691 2898/3190/3692
f 2898/3190/3692 2897/3189/3691 2841/3191/3693
f 2898/3190/3692 2841/3191/3693 2843/3192/3694
f 2895/3187/3688 1196/3186/3690 2899/3193/3688
f 2899/3193/3688 1196/3186/3690 1195/3194/3695
f 2899/3193/3688 1195/3194/3695 2839/3195/3696
f 2899/3193/3688 2839/3195/3696 2897/3189/3691
f 2897/3189/3691 2839/3195/3696 2841/3191/3693
f 2898/3190/3692 2843/3192/3694 2900/3196/3697
f 2900/3196/3697 2843/3192/3694 2845/3197/3698
f 2900/3196/3697 2845/3197/3698 2847/3198/3699
f 2900/3196/3700 2847/3198/3699 2901/3199/3701
f 2901/3199/3701 2847/3198/3699 2848/3200/3702
f 2901/3199/3701 2848/3200/3702 2902/3201/3703
f 2902/3201/3703 2848/3200/3702 2850/3202/3704
f 2902/3201/3705 2850/3202/3706 2903/3203/3707
f 2903/3203/3708 2850/3202/3704 2609/3204/3709
f 2903/3203/3708 2609/3204/3709 2606/3205/3184
f 2903/3203/3708 2606/3205/3184 2904/3206/3708
f 2904/3206/3708 2606/3205/3184 2602/3207/3183
f 2904/3206/3707 2602/3207/3183 2905/3208/3707
f 2905/3208/3708 2602/3207/3183 2906/3209/3710
f 2905/3208/3708 2906/3209/3711 2907/3210/3703
f 2907/3210/3703 2906/3209/3710 2908/3211/3701
f 2907/3210/3703 2908/3211/3701 2909/3212/3703
f 2909/3212/3703 2908/3211/3701 2910/3213/3701
f 2909/3212/3703 2910/3213/3701 2902/3201/3703
f 2902/3201/3703 2910/3213/3701 2901/3199/3701
f 2602/3207/3183 2597/3214/3171 2906/3209/3711
f 2906/3209/3711 2911/3215/3712 2908/3211/3701
f 2908/3211/3701 2911/3215/3712 2912/3216/3700
f 2908/3211/3701 2912/3216/3700 2910/3213/3701
f 2910/3213/3701 2912/3216/3700 2913/3217/3700
f 2910/3213/3701 2913/3217/3700 2901/3199/3701
f 2901/3199/3701 2913/3217/3700 2900/3196/3697
f 2911/3215/3712 2914/3218/3713 2912/3216/3700
f 2912/3216/3700 2914/3218/3713 2915/3219/3714
f 2912/3216/3700 2915/3219/3714 2913/3217/3700
f 2913/3217/3700 2915/3219/3714 2916/3220/3714
f 2913/3217/3700 2916/3220/3714 2900/3196/3697
f 2900/3196/3697 2916/3220/3714 2898/3190/3692
f 2915/3219/3714 2914/3218/3713 2917/3221/3691
f 2917/3221/3691 2914/3218/3713 2893/3181/3687
f 2917/3221/3691 2893/3181/3687 2894/3183/3688
f 2916/3220/3714 2915/3219/3714 2917/3221/3691
f 2916/3220/3714 2917/3221/3691 2896/3188/3691
f 2896/3188/3691 2917/3221/3691 2894/3183/3688
f 2904/3206/3708 2905/3208/3708 2907/3210/3703
f 2904/3206/3708 2907/3210/3703 2909/3212/3703
f 2902/3201/3703 2903/3203/3707 2909/3212/3703
f 2909/3212/3703 2903/3203/3708 2904/3206/3708
f 2916/3220/3714 2896/3188/3691 2898/3190/3692
f 2899/3193/3688 2897/3189/3691 2895/3187/3688
f 2918/3222/3715 1890/3223/2153 2919/3224/3716
f 2919/3224/3716 1890/3223/2153 1891/3225/3717
f 2919/3224/3716 1891/3225/2155 2920/3226/3718
f 2920/3226/3719 1891/3225/2155 1893/3227/2157
f 2920/3226/3718 1893/3227/2157 2921/3228/3720
f 2921/3228/3720 1893/3227/2157 2922/3229/3721
f 2921/3228/3720 2922/3229/3721 2923/3230/3722
f 2923/3230/3723 2922/3229/3721 2924/3231/3724
f 2923/3230/3723 2924/3231/3724 2925/3232/3725
f 2925/3232/3725 2924/3231/3724 2926/3233/3726
f 2925/3232/3725 2926/3233/3726 2927/3234/3727
f 2927/3234/3727 2926/3233/3728 2914/3235/3729
f 2927/3234/3727 2914/3235/3729 2911/3236/3712
f 1893/3227/2159 1898/3237/3730 2922/3229/3721
f 2922/3229/3721 1898/3237/3730 2928/3238/3731
f 2922/3229/3732 2928/3238/3733 2924/3231/3724
f 2924/3231/3724 2928/3238/3731 2929/3239/3734
f 2924/3231/3724 2929/3239/3734 2926/3233/3728
f 2926/3233/3728 2929/3239/3734 2893/3240/3735
f 2926/3233/3736 2893/3240/3737 2914/3235/3729
f 1898/3237/3730 1900/3241/3738 2928/3238/3731
f 2928/3238/3739 1900/3241/3738 2930/3242/3740
f 2928/3238/3731 2930/3242/3741 2929/3239/3734
f 2929/3239/3734 2930/3242/3742 2893/3240/3737
f 1900/3241/3738 1201/3243/1051 2930/3242/3741
f 2930/3242/3742 1201/3243/1051 2893/3240/3737
f 2906/1810/3711 2931/3244/3743 2911/3236/3712
f 2911/3236/3712 2931/3244/3743 2932/3245/3744
f 2911/3236/3745 2932/3245/3744 2927/3234/3727
f 2927/3234/3727 2932/3245/3744 2933/3246/3746
f 2927/3234/3727 2933/3246/3746 2925/3232/3725
f 2925/3232/3725 2933/3246/3746 2934/3247/3747
f 2925/3232/3725 2934/3247/3747 2923/3230/3723
f 2923/3230/3723 2934/3247/3747 2935/3248/3748
f 2923/3230/3722 2935/3248/3748 2921/3228/3720
f 2921/3228/3720 2935/3248/3748 2920/3226/3718
f 2931/3244/3743 2906/1810/3711 2936/3249/3749
f 2936/3249/3749 2906/1810/3711 2597/1363/3177
f 2936/3249/3749 2597/1363/3171 2596/3250/3170
f 2936/3249/3749 2596/3250/3170 2937/3251/3750
f 2937/3251/3750 2596/3250/3170 2595/3252/3169
f 2937/3251/3750 2595/3252/3169 2938/3253/3751
f 2938/3253/3752 2595/3252/3169 2594/3254/3168
f 2938/3253/3752 2594/3254/3168 2939/3255/3753
f 2939/3255/3753 2594/3254/3168 2940/3256/3754
f 2939/3255/3753 2940/3256/3754 2941/3257/3755
f 2941/3257/3755 2940/3256/3754 2942/3258/3756
f 2941/3257/3755 2942/3258/3756 2943/3259/3757
f 2943/3259/3757 2942/3258/3756 2944/3260/3758
f 2943/3259/3757 2944/3260/3759 2945/3261/3760
f 2945/3261/3761 2944/3260/3758 2946/3262/3762
f 2945/3261/3761 2946/3262/3763 2947/3263/3764
f 2947/3263/3764 2946/3262/3762 2918/3222/3715
f 2947/3263/3764 2918/3222/3715 2948/3264/3765
f 2948/3264/3765 2918/3222/3715 2919/3224/3716
f 2948/3264/3765 2919/3224/3716 2949/3265/3766
f 2949/3265/3766 2919/3224/3716 2920/3226/3719
f 2949/3265/3766 2920/3226/3718 2935/3248/3748
f 2594/3254/3168 2555/3266/3167 2940/3256/3754
f 2940/3256/3754 2555/3266/3167 2950/3267/3767
f 2940/3256/3754 2950/3267/3767 2942/3258/3756
f 2942/3258/3756 2950/3267/3767 2951/3268/3768
f 2942/3258/3756 2951/3268/3768 2944/3260/3758
f 2555/3266/3167 2554/3269/3110 2950/3267/3767
f 2950/3267/3767 2554/3269/3110 2951/3268/3768
f 2947/3263/3764 2948/3264/3765 2952/3270/3769
f 2952/3270/3769 2948/3264/3765 2949/3265/3766
f 2952/3270/3769 2949/3265/3766 2953/3271/3770
f 2953/3271/3770 2949/3265/3766 2935/3248/3748
f 2953/3271/3770 2935/3248/3748 2934/3247/3747
f 2945/3261/3760 2947/3263/3764 2954/3272/3771
f 2954/3272/3771 2947/3263/3764 2952/3270/3769
f 2954/3272/3771 2952/3270/3769 2955/3273/3772
f 2955/3273/3772 2952/3270/3773 2953/3271/3770
f 2955/3273/3772 2953/3271/3770 2956/3274/3774
f 2956/3274/3774 2953/3271/3770 2934/3247/3775
f 2956/3274/3774 2934/3247/3775 2933/3246/3746
f 2943/3259/3757 2945/3261/3760 2957/3275/3776
f 2957/3275/3776 2945/3261/3777 2954/3272/3771
f 2957/3275/3778 2954/3272/3771 2958/3276/3779
f 2958/3276/3779 2954/3272/3771 2955/3273/3780
f 2958/3276/3779 2955/3273/3772 2959/3277/3781
f 2959/3277/3782 2955/3273/3780 2956/3274/3774
f 2959/3277/3782 2956/3274/3774 2960/3278/3783
f 2960/3278/3783 2956/3274/3774 2933/3246/3746
f 2960/3278/3783 2933/3246/3746 2932/3245/3784
f 2943/3259/3757 2957/3275/3776 2941/3257/3755
f 2941/3257/3755 2957/3275/3776 2961/3279/3785
f 2941/3257/3786 2961/3279/3785 2939/3255/3753
f 2939/3255/3753 2961/3279/3785 2938/3253/3751
f 2961/3279/3785 2957/3275/3776 2958/3276/3779
f 2961/3279/3785 2958/3276/3779 2962/3280/3787
f 2962/3280/3787 2958/3276/3779 2959/3277/3781
f 2962/3280/3787 2959/3277/3782 2963/3281/3788
f 2963/3281/3789 2959/3277/3782 2960/3278/3783
f 2963/3281/3788 2960/3278/3783 2931/3244/3743
f 2931/3244/3743 2960/3278/3783 2932/3245/3744
f 2937/3251/3750 2938/3253/3751 2962/3280/3787
f 2962/3280/3790 2938/3253/3751 2961/3279/3785
f 2937/3251/3750 2962/3280/3790 2963/3281/3791
f 2936/3249/3749 2937/3251/3750 2963/3281/3791
f 2936/3249/3749 2963/3281/3788 2931/3244/3743
f 2474/3282/2993 1989/3283/2248 2964/3284/3792
f 2964/3284/3793 1989/3283/2248 1990/3285/2328
f 2964/3284/3794 1990/3285/2328 2965/3286/3795
f 2965/3286/3795 1990/3285/2328 1991/3287/2331
f 2965/3286/3795 1991/3287/2331 2966/3288/3796
f 2966/3288/3796 1991/3287/2330 1992/3289/2333
f 2966/3288/3796 1992/3289/2333 2967/3290/3797
f 2967/3290/3797 1992/3289/3798 1993/3291/2362
f 2967/3290/3797 1993/3291/2362 2968/3292/3799
f 2968/3292/3799 1993/3291/2362 2020/3293/2359
f 2968/3292/3800 2020/3293/2359 2969/3294/3801
f 2969/3294/3801 2020/3293/2359 2017/3295/2358
f 2969/3294/3801 2017/3295/2358 2012/3296/2357
f 2969/3294/3801 2012/3296/2356 2970/3297/3802
f 2970/3297/3802 2012/3296/2357 2008/3298/2355
f 2970/3297/3802 2008/3298/2355 2024/3299/2363
f 2970/3297/3802 2024/3299/2363 2971/3300/3803
f 2971/3300/3803 2024/3299/2363 1890/1840/2153
f 2971/3300/3803 1890/1840/2153 2918/3301/3715
f 2918/3301/3715 2946/3302/3762 2971/3300/3803
f 2971/3300/3803 2946/3302/3763 2972/3303/3804
f 2971/3300/3803 2972/3303/3804 2970/3297/3802
f 2970/3297/3802 2972/3303/3805 2973/3304/3806
f 2970/3297/3802 2973/3304/3806 2969/3294/3801
f 2969/3294/3801 2973/3304/3806 2974/3305/3807
f 2969/3294/3801 2974/3305/3807 2968/3292/3800
f 2968/3292/3800 2974/3305/3808 2975/3306/3809
f 2968/3292/3800 2975/3306/3810 2967/3290/3811
f 2967/3290/3811 2975/3306/3810 2976/3307/3812
f 2967/3290/3797 2976/3307/3813 2966/3288/3814
f 2966/3288/3796 2976/3307/3813 2977/3308/3815
f 2966/3288/3814 2977/3308/3815 2965/3286/3795
f 2965/3286/3795 2977/3308/3815 2978/3309/3816
f 2965/3286/3795 2978/3309/3816 2964/3284/3817
f 2964/3284/3817 2978/3309/3816 2979/3310/3818
f 2964/3284/3793 2979/3310/3818 2474/3282/2993
f 2474/3282/3819 2979/3310/3820 2980/3311/3821
f 2474/3282/2993 2980/3311/3821 2476/3312/2996
f 2476/3312/2996 2980/3311/3821 2981/3313/3822
f 2476/3312/2996 2981/3313/3822 2469/3314/3823
f 2469/3314/2987 2981/3313/3822 2982/3315/3824
f 2469/3314/2987 2982/3315/3825 2470/3316/2988
f 2470/3316/2988 2982/3315/3824 2983/3317/3826
f 2470/3316/2988 2983/3317/3826 2479/3318/3001
f 2479/3318/3001 2983/3317/3826 2984/3319/3827
f 2479/3318/3001 2984/3319/3827 2481/3320/3003
f 2481/3320/3003 2984/3319/3827 2558/3321/3117
f 2558/3321/3117 2984/3319/3827 2985/3322/3828
f 2558/3321/3829 2985/3322/3828 2559/3323/3119
f 2559/3323/3119 2985/3322/3828 2986/3324/3830
f 2559/3323/3119 2986/3324/3830 2560/3325/3120
f 2560/3325/3120 2986/3324/3830 2987/3326/3831
f 2560/3325/3120 2987/3326/3832 2564/3327/3124
f 2564/3327/3833 2987/3326/3834 2988/3328/3835
f 2564/3327/3833 2988/3328/3835 2570/3329/3836
f 2570/3329/3836 2988/3328/3835 2989/3330/3837
f 2570/3329/3836 2989/3330/3837 2571/3331/3838
f 2571/3331/3839 2989/3330/3840 2584/3332/3841
f 2584/3332/3153 2989/3330/3840 2990/3333/3842
f 2584/3332/3152 2990/3333/3842 2991/3334/3843
f 2991/3334/3843 2990/3333/3842 2992/3335/3844
f 2991/3334/3843 2992/3335/3844 2993/3336/3845
f 2993/3336/3845 2992/3335/3844 2994/3337/3846
f 2993/3336/3845 2994/3337/3846 2995/3338/3847
f 2995/3338/3847 2994/3337/3846 2996/3339/3848
f 2995/3338/3847 2996/3339/3848 2997/3340/3849
f 2997/3340/3849 2996/3339/3848 2974/3305/3808
f 2997/3340/3849 2974/3305/3808 2973/3304/3806
f 2972/3303/3804 2946/3302/3763 2998/3341/3850
f 2998/3341/3851 2946/3302/3762 2944/3342/3758
f 2998/3341/3851 2944/3342/3758 2999/3343/3852
f 2999/3343/3852 2944/3342/3758 2951/3344/3768
f 2999/3343/3852 2951/3344/3768 3000/3345/3853
f 3000/3345/3853 2951/3344/3768 3001/3346/3854
f 3000/3345/3855 3001/3346/3856 2993/3336/3845
f 2993/3336/3845 3001/3346/3857 2991/3334/3843
f 2951/3344/3768 2554/3347/3110 3001/3346/3857
f 3001/3346/3858 2554/3347/3110 2592/3348/3163
f 3001/3346/3857 2592/3348/3163 2991/3334/3843
f 2991/3334/3843 2592/3348/3163 2586/3349/3155
f 2991/3334/3843 2586/3349/3155 2584/3332/3152
f 2980/3311/3821 2979/3310/3818 3002/3350/3859
f 3002/3350/3859 2979/3310/3818 2978/3309/3816
f 3002/3350/3859 2978/3309/3816 3003/3351/3860
f 3003/3351/3860 2978/3309/3816 2977/3308/3815
f 3003/3351/3860 2977/3308/3815 3004/3352/3861
f 3004/3352/3861 2977/3308/3815 2976/3307/3862
f 3004/3352/3863 2976/3307/3813 3005/3353/3864
f 3005/3353/3864 2976/3307/3813 2975/3306/3809
f 3005/3353/3865 2975/3306/3810 2996/3339/3848
f 2996/3339/3848 2975/3306/3866 2974/3305/3808
f 2981/3313/3822 2980/3311/3821 3006/3354/3867
f 3006/3354/3867 2980/3311/3821 3002/3350/3859
f 3006/3354/3867 3002/3350/3859 3007/3355/3868
f 3007/3355/3868 3002/3350/3859 3003/3351/3860
f 3007/3355/3868 3003/3351/3860 3008/3356/3869
f 3008/3356/3869 3003/3351/3860 3004/3352/3870
f 3008/3356/3869 3004/3352/3861 3009/3357/3871
f 3009/3357/3871 3004/3352/3861 3005/3353/3864
f 3009/3357/3871 3005/3353/3865 2994/3337/3846
f 2994/3337/3872 3005/3353/3864 2996/3339/3848
f 2982/3315/3824 2981/3313/3822 3010/3358/3873
f 3010/3358/3873 2981/3313/3822 3006/3354/3867
f 3010/3358/3873 3006/3354/3867 3011/3359/3874
f 3011/3359/3874 3006/3354/3867 3007/3355/3868
f 3011/3359/3874 3007/3355/3868 3012/3360/3875
f 3012/3360/3875 3007/3355/3868 3008/3356/3869
f 3012/3360/3876 3008/3356/3869 3013/3361/3877
f 3013/3361/3877 3008/3356/3869 3009/3357/3871
f 3013/3361/3878 3009/3357/3871 2992/3335/3844
f 2992/3335/3844 3009/3357/3871 2994/3337/3846
f 2985/3322/3879 2984/3319/3827 2983/3317/3826
f 2983/3317/3826 2982/3315/3824 3014/3362/3880
f 3014/3362/3881 2982/3315/3825 3010/3358/3873
f 3014/3362/3880 3010/3358/3873 3015/3363/3882
f 3015/3363/3882 3010/3358/3873 3011/3359/3874
f 3015/3363/3882 3011/3359/3874 3016/3364/3883
f 3016/3364/3883 3011/3359/3874 3012/3360/3876
f 3016/3364/3884 3012/3360/3885 3017/3365/3886
f 3017/3365/3886 3012/3360/3887 3013/3361/3878
f 3017/3365/3886 3013/3361/3878 2990/3333/3842
f 2990/3333/3842 3013/3361/3878 2992/3335/3888
f 2986/3324/3830 2985/3322/3828 3014/3362/3880
f 3014/3362/3881 2985/3322/3889 2983/3317/3826
f 2986/3324/3830 3014/3362/3880 3015/3363/3882
f 2987/3326/3834 2986/3324/3830 3015/3363/3882
f 2987/3326/3834 3015/3363/3882 3016/3364/3883
f 2988/3328/3835 2987/3326/3831 3016/3364/3883
f 2988/3328/3890 3016/3364/3883 3017/3365/3886
f 2989/3330/3837 2988/3328/3890 3017/3365/3886
f 2989/3330/3840 3017/3365/3886 2990/3333/3891
f 2972/3303/3805 2998/3341/3850 2973/3304/3806
f 2973/3304/3806 2998/3341/3850 2997/3340/3849
f 3000/3345/3853 2993/3336/3845 2995/3338/3847
f 2998/3341/3850 2999/3343/3852 2997/3340/3849
f 2997/3340/3849 2999/3343/3852 2995/3338/3847
f 2999/3343/3852 3000/3345/3892 2995/3338/3847
f 2007/3366/3893 3018/3367/3893 2006/3368/3894
f 2006/3368/3895 3018/3367/3893 3019/3369/3896
f 2006/3368/3895 3019/3369/3896 2005/3370/3897
f 2005/3370/3898 3019/3369/3896 3020/3371/3899
f 2005/3370/3897 3020/3371/3899 2004/3372/3900
f 2004/3372/3900 3020/3371/3899 2003/3373/3901
f 2003/3373/3901 3020/3371/3899 3021/3374/3902
f 2003/3373/3901 3021/3374/3902 2002/3375/3903
f 2002/3375/3903 3021/3374/3902 2001/3376/3904
f 2001/3376/3904 3021/3374/3905 3022/3377/3906
f 2001/3376/3907 3022/3377/3908 2000/3378/3909
f 2000/3378/3909 3022/3377/3910 3023/3379/3911
f 2000/3378/3909 3023/3379/3912 1999/3380/3913
f 1999/3380/3914 3023/3379/3915 3024/3381/3916
f 1999/3380/3913 3024/3381/3916 1998/3382/3917
f 1998/3382/3918 3024/3381/3919 3025/3383/3920
f 1998/3382/3918 3025/3383/3921 1997/3384/3922
f 1997/3384/3922 3025/3383/3923 3026/3385/3924
f 1997/3384/3922 3026/3385/3924 1996/3386/3925
f 1996/3386/3926 3026/3385/3924 1995/3387/3927
f 1995/3387/3927 3026/3385/3924 3027/3388/1051
f 1995/3387/3927 3027/3388/1051 1994/3389/1051
f 1780/3390/3928 3018/3391/3928 1897/3392/3928
f 1897/3392/3929 3018/3391/3929 3028/3393/3929
f 1897/3392/3929 3028/3393/3929 3029/3394/3929
f 3029/3394/3928 3028/3393/3928 3030/3395/3928
f 3029/3394/3930 3030/3395/3930 3031/3396/3930
f 3031/3396/3931 3030/3395/3931 3032/3397/3931
f 3032/3397/3931 3030/3395/3931 3033/3398/3931
f 3032/3397/3928 3033/3398/3928 3034/3399/3928
f 3034/3399/3928 3033/3398/3928 3035/3400/3928
f 3034/3399/3931 3035/3400/3931 3036/3401/3931
f 3018/3391/3928 1780/3390/3928 3019/3402/3928
f 3019/3402/3929 1780/3390/3929 1779/3403/3929
f 3019/3402/3928 1779/3403/3928 3020/3404/3928
f 3020/3404/3932 1779/3403/3932 1877/3405/3932
f 3020/3404/3933 1877/3405/3933 1874/3406/3933
f 3020/3404/3931 1874/3406/3931 3021/3407/3931
f 3021/3407/3931 1874/3406/3931 1868/3408/3931
f 3021/3407/3928 1868/3408/3928 3022/3409/3928
f 3022/3409/3931 1868/3408/3931 3023/3410/3931
f 3023/3410/3929 1868/3408/3929 1857/3411/3929
f 3023/3410/3928 1857/3411/3928 3024/3412/3928
f 3024/3412/3934 1857/3411/3934 1855/3413/3934
f 3024/3412/3935 1855/3413/3935 3025/3414/3935
f 3025/3414/3928 1855/3413/3928 3026/3415/3928
f 3026/3415/3928 1855/3413/3928 1844/3416/3928
f 3026/3415/3928 1844/3416/3928 3027/3417/3928
f 3027/3417/3929 1844/3416/3929 3037/3418/3929
f 3027/3417/3928 3037/3418/3928 3038/3419/3928
f 3038/3419/3933 3037/3418/3933 3039/3420/3933
f 3038/3419/3928 3039/3420/3928 3040/3421/3928
f 3040/3421/3936 3039/3420/3936 3041/3422/3936
f 3041/3422/3934 3039/3420/3934 3042/3423/3934
f 3041/3422/3929 3042/3423/3929 3036/3401/3929
f 3036/3401/3928 3042/3423/3928 3034/3399/3928
f 3037/3418/3928 1844/3416/3928 3043/3424/3928
f 3043/3424/3929 1844/3416/3929 1846/3425/3929
f 3043/3424/3928 1846/3425/3928 3044/3426/3928
f 3044/3426/3928 1846/3425/3928 1847/3427/3928
f 1899/3428/3937 3045/3429/3938 1202/1634/3939
f 1202/1634/3939 3045/3429/3938 3046/3430/3940
f 1202/1634/3939 3046/3430/3940 1199/1635/3939
f 1199/1635/3939 3046/3430/3940 3047/3431/3941
f 1199/1635/3939 3047/3431/3941 3048/3432/3942
f 3048/3432/3942 3047/3431/3941 3049/3433/3943
f 3048/3432/3944 3049/3433/3943 3050/3434/3945
f 3050/3434/3945 3049/3433/3943 3051/3435/3946
f 3050/3434/3945 3051/3435/3947 3052/3436/3948
f 3052/3436/3948 3051/3435/3947 3053/3437/3949
f 3052/3436/3948 3053/3437/3949 3054/3438/3950
f 3054/3438/3951 3053/3437/3949 3055/3439/3952
f 3054/3438/3953 3055/3439/3952 3056/3440/3954
f 3056/3440/3954 3055/3439/3952 3057/3441/3955
f 3056/3440/3954 3057/3441/3956 3058/3442/3957
f 3058/3442/3957 3057/3441/3955 3059/3443/3958
f 3058/3442/3959 3059/3443/3958 3060/3444/3960
f 3060/3444/3960 3059/3443/3958 3061/3445/3961
f 3060/3444/3960 3061/3445/3961 3062/3446/3962
f 3062/3446/3962 3061/3445/3961 3063/3447/3963
f 3062/3446/3962 3063/3447/3964 3064/3448/3965
f 3064/3448/3966 3063/3447/3964 3065/3449/3967
f 3064/3448/3965 3065/3449/3967 3066/3450/3968
f 3045/3429/3938 1899/3428/3937 3067/3451/3969
f 3067/3451/3969 1899/3428/3937 1897/3452/3970
f 3067/3451/3969 1897/3452/3971 3029/3453/3972
f 3067/3451/3969 3029/3453/3972 3068/3454/3973
f 3068/3454/3974 3029/3453/3972 3031/3455/3975
f 3068/3454/3973 3031/3455/3976 3069/3456/3977
f 3069/3456/3977 3031/3455/3975 3070/3457/3978
f 3069/3456/3979 3070/3457/3978 3071/3458/3980
f 3071/3458/3980 3070/3457/3978 3032/3459/3981
f 3071/3458/3980 3032/3459/3981 3072/3460/3982
f 3072/3460/3982 3032/3459/3981 3034/3461/3983
f 3072/3460/3982 3034/3461/3983 3073/3462/3984
f 3073/3462/3984 3034/3461/3985 3042/3463/3986
f 3073/3462/3984 3042/3463/3986 3074/3464/3987
f 3074/3464/3987 3042/3463/3988 3075/3465/3989
f 3074/3464/3987 3075/3465/3989 3076/3466/3990
f 3076/3466/3991 3075/3465/3989 3039/3467/3992
f 3076/3466/3993 3039/3467/3994 3077/3468/3995
f 3077/3468/3995 3039/3467/3996 3037/3469/3997
f 3077/3468/3995 3037/3469/3998 3078/3470/3999
f 3078/3470/4000 3037/3469/3998 3043/3471/4001
f 3078/3470/4000 3043/3471/4001 3079/3472/4002
f 3079/3472/4002 3043/3471/4003 3044/3473/4004
f 3079/3472/4002 3044/3473/4004 3080/3474/4005
f 3031/3455/3975 3032/3459/3981 3070/3457/4006
f 3042/3463/3988 3039/3467/3992 3075/3465/3989
f 3079/3472/4002 3080/3474/4007 3078/3470/4000
f 3078/3470/4000 3080/3474/4007 3081/3475/4008
f 3078/3470/4000 3081/3475/4008 3082/3476/4009
f 3082/3476/4010 3081/3475/4008 3083/3477/4011
f 3082/3476/4010 3083/3477/4011 3084/3478/4012
f 3084/3478/4012 3085/3479/4013 3082/3476/4010
f 3082/3476/4009 3085/3479/4013 3086/3480/4014
f 3082/3476/4009 3086/3480/4014 3087/3481/4015
f 3087/3481/4015 3086/3480/4014 3088/3482/4016
f 3087/3481/4017 3088/3482/4016 3089/3483/4018
f 3089/3483/4018 3088/3482/4016 3090/3484/4019
f 3089/3483/4018 3090/3484/4020 3091/3485/4021
f 3091/3485/4021 3090/3484/4020 3092/3486/4022
f 3091/3485/4021 3092/3486/4023 3093/3487/4024
f 3093/3487/4024 3092/3486/4023 3094/3488/4025
f 3093/3487/4024 3094/3488/4026 3095/3489/4027
f 3095/3489/4027 3094/3488/4025 3053/3437/3949
f 3095/3489/4028 3053/3437/3949 3051/3435/3946
f 3085/3479/4013 3096/3490/4029 3086/3480/4030
f 3086/3480/4030 3096/3490/4029 3097/3491/4031
f 3086/3480/4030 3097/3491/4031 3098/3492/4032
f 3086/3480/4030 3098/3492/4032 3099/3493/4033
f 3099/3493/4033 3098/3492/4032 3100/3494/4034
f 3099/3493/4035 3100/3494/4034 3101/3495/4036
f 3101/3495/4036 3100/3494/4034 3102/3496/4037
f 3101/3495/4036 3102/3496/4037 3103/3497/4038
f 3103/3497/4038 3102/3496/4037 3104/3498/4039
f 3103/3497/4040 3104/3498/4039 3105/3499/4041
f 3105/3499/4042 3104/3498/4039 3057/3441/3956
f 3105/3499/4042 3057/3441/3955 3055/3439/3952
f 3100/3494/4034 3106/3500/4043 3102/3496/4044
f 3102/3496/4044 3106/3500/4043 3107/3501/4045
f 3102/3496/4046 3107/3501/4045 3108/3502/4047
f 3108/3502/4047 3107/3501/4045 3109/3503/4048
f 3108/3502/4047 3109/3503/4048 3110/3504/4049
f 3110/3504/4049 3109/3503/4048 3111/3505/4050
f 3110/3504/4049 3111/3505/4050 3112/3506/4051
f 3110/3504/4049 3112/3506/4051 3113/3507/4052
f 3113/3507/4052 3112/3506/4051 3114/3508/4053
f 3113/3507/4052 3114/3508/4053 3115/3509/4054
f 3113/3507/4052 3065/3449/3967 3110/3504/4049
f 3110/3504/4055 3065/3449/3967 3063/3447/3964
f 3110/3504/4049 3063/3447/3963 3061/3445/3961
f 3064/3448/3966 3066/3450/3968 3116/3510/4056
f 3116/3510/4056 3066/3450/3968 3117/3511/4057
f 3116/3510/4056 3117/3511/4057 3118/3512/4058
f 3118/3512/4059 3117/3511/4057 3119/3513/4060
f 3118/3512/4059 3119/3513/4060 3120/3514/4061
f 3120/3514/4062 3119/3513/4060 3121/3515/4063
f 3120/3514/4061 3121/3515/4063 3122/3516/4064
f 3120/3514/4061 3122/3516/4065 3123/3517/4066
f 3123/3517/4066 3122/3516/4067 3124/3518/4068
f 3123/3517/4066 3124/3518/4068 3125/3519/4069
f 3125/3519/4070 3124/3518/4068 3126/3520/4071
f 3125/3519/4069 3126/3520/4072 3127/3521/4073
f 3125/3519/4070 3127/3521/4073 3128/3522/4074
f 3128/3522/4074 3127/3521/4073 3129/3523/4075
f 3128/3522/4074 3129/3523/4075 3130/3524/4076
f 3130/3524/4076 3129/3523/4075 3131/3525/4077
f 3130/3524/4076 3131/3525/4077 3132/3526/4078
f 3132/3526/4078 3131/3525/4079 3133/3527/4080
f 3132/3526/4078 3133/3527/4081 3134/3528/4082
f 3134/3528/4082 3133/3527/4080 3135/3529/4083
f 3134/3528/4082 3135/3529/4083 3136/3530/4084
f 3134/3528/4085 3136/3530/4086 3137/3531/4087
f 3137/3531/4087 3136/3530/4086 3138/3532/4088
f 3137/3531/4087 3138/3532/4088 1197/3533/4089
f 3137/3531/4087 1197/3533/4090 3139/3534/4091
f 3139/3534/4091 1197/3533/4090 1199/1635/3939
f 3139/3534/4091 1199/1635/3939 3048/3432/3942
f 3088/3482/4016 3086/3480/4014 3099/3493/4033
f 3088/3482/4016 3099/3493/4033 3101/3495/4036
f 3101/3495/4036 3103/3497/4038 3090/3484/4019
f 3090/3484/4092 3103/3497/4038 3092/3486/4023
f 3094/3488/4025 3092/3486/4023 3105/3499/4042
f 3105/3499/4042 3092/3486/4023 3103/3497/4038
f 3093/3487/4024 3140/3535/4093 3141/3536/4094
f 3141/3536/4094 3140/3535/4093 3142/3537/4095
f 3141/3536/4094 3142/3537/4095 3143/3538/4096
f 3143/3538/4097 3142/3537/4098 3071/3458/3980
f 3143/3538/4096 3071/3458/3980 3072/3460/3982
f 3140/3535/4093 3144/3539/4099 3142/3537/4095
f 3142/3537/4095 3144/3539/4100 3069/3456/3977
f 3142/3537/4095 3069/3456/3979 3071/3458/3980
f 3093/3487/4024 3095/3489/4027 3140/3535/4093
f 3140/3535/4093 3095/3489/4027 3145/3540/4101
f 3140/3535/4093 3145/3540/4101 3144/3539/4099
f 3144/3539/4100 3145/3540/4101 3146/3541/4102
f 3144/3539/4099 3146/3541/4102 3147/3542/4103
f 3147/3542/4104 3146/3541/4102 3046/3430/3940
f 3147/3542/4104 3046/3430/3940 3045/3429/4105
f 3068/3454/3973 3069/3456/3977 3147/3542/4104
f 3147/3542/4104 3069/3456/3977 3144/3539/4099
f 3067/3451/3969 3068/3454/3973 3045/3429/3938
f 3045/3429/4105 3068/3454/3973 3147/3542/4106
f 3093/3487/4024 3141/3536/4094 3091/3485/4021
f 3091/3485/4021 3141/3536/4094 3148/3543/4107
f 3091/3485/4021 3148/3543/4107 3089/3483/4018
f 3089/3483/4018 3148/3543/4107 3074/3464/3987
f 3089/3483/4018 3074/3464/4108 3087/3481/4015
f 3087/3481/4017 3074/3464/4108 3076/3466/3991
f 3087/3481/4109 3076/3466/4110 3082/3476/4009
f 3082/3476/4111 3076/3466/4112 3078/3470/4000
f 3148/3543/4107 3141/3536/4094 3143/3538/4096
f 3088/3482/4016 3101/3495/4036 3090/3484/4019
f 3072/3460/3982 3073/3462/4113 3143/3538/4096
f 3143/3538/4096 3073/3462/4114 3148/3543/4115
f 3073/3462/3984 3074/3464/3987 3148/3543/4107
f 3077/3468/3995 3078/3470/4000 3076/3466/4112
f 3102/3496/4037 3108/3502/4047 3104/3498/4039
f 3104/3498/4039 3108/3502/4047 3059/3443/3958
f 3104/3498/4039 3059/3443/3958 3057/3441/3955
f 3059/3443/3958 3108/3502/4047 3061/3445/3961
f 3061/3445/3961 3108/3502/4047 3110/3504/4049
f 3053/3437/3949 3094/3488/4026 3055/3439/3952
f 3055/3439/3952 3094/3488/4025 3105/3499/4042
f 3095/3489/4027 3051/3435/3946 3145/3540/4101
f 3145/3540/4101 3051/3435/3947 3049/3433/3943
f 3145/3540/4101 3049/3433/3943 3146/3541/4102
f 3146/3541/4102 3049/3433/3943 3047/3431/3941
f 3146/3541/4102 3047/3431/3941 3046/3430/3940
f 3062/3446/3962 3064/3448/3965 3149/3544/4116
f 3149/3544/4116 3064/3448/3965 3116/3510/4117
f 3149/3544/4116 3116/3510/4056 3120/3514/4061
f 3120/3514/4061 3116/3510/4056 3118/3512/4059
f 3060/3444/3960 3062/3446/4118 3150/3545/4119
f 3150/3545/4119 3062/3446/3962 3149/3544/4116
f 3150/3545/4119 3149/3544/4116 3123/3517/4120
f 3123/3517/4120 3149/3544/4116 3120/3514/4061
f 3058/3442/4121 3060/3444/3960 3151/3546/4122
f 3151/3546/4122 3060/3444/3960 3150/3545/4123
f 3151/3546/4122 3150/3545/4119 3125/3519/4070
f 3125/3519/4070 3150/3545/4119 3123/3517/4120
f 3056/3440/3954 3058/3442/3959 3152/3547/4124
f 3152/3547/4124 3058/3442/3959 3151/3546/4122
f 3152/3547/4124 3151/3546/4122 3128/3522/4074
f 3128/3522/4074 3151/3546/4125 3125/3519/4069
f 3054/3438/4126 3056/3440/3954 3153/3548/4127
f 3153/3548/4127 3056/3440/3954 3152/3547/4128
f 3153/3548/4129 3152/3547/4128 3130/3524/4076
f 3130/3524/4076 3152/3547/4128 3128/3522/4074
f 3052/3436/4130 3054/3438/3950 3154/3549/4131
f 3154/3549/4132 3054/3438/3950 3153/3548/4127
f 3154/3549/4132 3153/3548/4127 3132/3526/4078
f 3132/3526/4078 3153/3548/4129 3130/3524/4076
f 3139/3534/4133 3048/3432/3942 3050/3434/3945
f 3050/3434/3945 3052/3436/3948 3155/3550/4134
f 3155/3550/4135 3052/3436/4130 3154/3549/4132
f 3155/3550/4134 3154/3549/4131 3134/3528/4082
f 3134/3528/4082 3154/3549/4131 3132/3526/4078
f 3137/3531/4087 3139/3534/4133 3155/3550/4134
f 3155/3550/4135 3139/3534/4133 3050/3434/3945
f 3137/3531/4087 3155/3550/4135 3134/3528/4082
f 1614/3551/4136 3156/3552/4137 1613/3553/1859
f 1613/3553/1859 3156/3552/4137 3157/3554/4138
f 1613/3553/1859 3157/3554/4138 1721/3555/1860
f 1721/3555/1860 3157/3554/4138 3158/3556/4139
f 1721/3555/1861 3158/3556/4139 3159/3557/4140
f 3159/3557/4140 3158/3556/4139 3160/3558/4141
f 3159/3557/4140 3160/3558/4141 3161/3559/4142
f 3161/3559/4142 3160/3558/4143 3162/3560/4144
f 3161/3559/4142 3162/3560/4145 3163/3561/4146
f 3163/3561/4146 3162/3560/4145 3164/3562/4147
f 3163/3561/4146 3164/3562/4148 3165/3563/4149
f 3165/3563/4149 3164/3562/4147 3166/3564/4150
f 3165/3563/4149 3166/3564/4151 3167/3565/4152
f 3167/3565/4152 3166/3564/4150 3168/3566/4153
f 3167/3565/4152 3168/3566/4153 3169/3567/4154
f 3169/3567/4154 3168/3566/4153 3170/3568/4155
f 3169/3567/4154 3170/3568/4155 3171/3569/4156
f 3171/3569/4156 3170/3568/4155 3172/3570/4157
f 3171/3569/4156 3172/3570/4157 3173/3571/4158
f 3173/3571/4158 3172/3570/4157 3174/3572/4159
f 3173/3571/4158 3174/3572/4160 3175/3573/4161
f 3175/3573/4161 3174/3572/4162 3176/3574/4163
f 3175/3573/4161 3176/3574/4163 3177/3575/4164
f 3177/3575/4164 3176/3574/4163 3178/3576/4165
f 3177/3575/4164 3178/3576/4165 3179/3577/4166
f 3179/3577/4166 3178/3576/4165 3180/3578/4167
f 3179/3577/4168 3180/3578/4169 3181/3579/4170
f 3181/3579/4171 3180/3578/4169 3182/3580/4172
f 3181/3579/4171 3182/3580/4172 3183/3581/4173
f 3183/3581/4173 3182/3580/4174 3184/3582/4175
f 3183/3581/4173 3184/3582/4176 3121/3583/4177
f 3121/3583/4177 3184/3582/4175 3122/3584/4178
f 3122/3584/4178 3184/3582/4175 3124/3585/4179
f 3124/3585/4180 3184/3582/4175 3185/3586/4181
f 3124/3585/4180 3185/3586/4181 3186/3587/4182
f 3186/3587/4182 3185/3586/4181 3187/3588/4183
f 3186/3587/4182 3187/3588/4183 3188/3589/4184
f 3188/3589/4184 3187/3588/4183 3189/3590/4185
f 3188/3589/4184 3189/3590/4185 3190/3591/4186
f 3190/3591/4187 3189/3590/4185 3191/3592/4188
f 3190/3591/4187 3191/3592/4188 3192/3593/4189
f 3192/3593/4190 3191/3592/4188 3193/3594/4191
f 3192/3593/4190 3193/3594/4192 3194/3595/4193
f 3194/3595/4193 3193/3594/4192 3195/3596/4194
f 3194/3595/4195 3195/3596/4194 3196/3597/4196
f 3196/3597/4196 3195/3596/4194 3197/3598/4197
f 3196/3597/4198 3197/3598/4199 1622/3599/4200
f 1622/3599/4200 3197/3598/4197 3198/3600/4201
f 1622/3599/4202 3198/3600/4201 3199/3601/4203
f 3199/3601/4203 3198/3600/4201 3200/3602/4204
f 3199/3601/4203 3200/3602/4204 3201/3603/4205
f 3201/3603/4205 3200/3602/4204 3202/3604/4206
f 3201/3603/4205 3202/3604/4207 3203/3605/4208
f 3203/3605/4208 3202/3604/4206 3204/3606/4209
f 3203/3605/4208 3204/3606/4210 3205/3607/4211
f 3205/3607/4212 3204/3606/4209 3206/3608/4213
f 3205/3607/4211 3206/3608/4213 3207/3609/4214
f 3207/3609/4214 3206/3608/4213 3208/3610/4215
f 3207/3609/4214 3208/3610/4215 1616/3611/4216
f 1616/3611/4217 3208/3610/4215 3209/3612/4218
f 1616/3611/4216 3209/3612/4218 1614/3551/4136
f 1614/3551/4136 3209/3612/4218 3156/3552/4137
f 1616/3611/4216 1617/3613/4219 3207/3609/4214
f 3207/3609/4214 1617/3613/4219 3205/3607/4211
f 1617/3613/4219 1620/3614/4220 3205/3607/4211
f 3205/3607/4211 1620/3614/4220 3203/3605/4208
f 3203/3605/4208 1620/3614/4220 3201/3603/4205
f 3201/3603/4205 1620/3614/4220 1622/3599/4202
f 3201/3603/4205 1622/3599/4200 3199/3601/4203
f 1622/3599/4202 1625/3615/4221 3196/3597/4196
f 3196/3597/4196 1625/3615/4221 3210/3616/4222
f 3196/3597/4196 3210/3616/4222 3194/3595/4223
f 3194/3595/4193 3210/3616/4222 3211/3617/4224
f 3194/3595/4193 3211/3617/4224 3192/3593/4189
f 3192/3593/4189 3211/3617/4224 3212/3618/4225
f 3192/3593/4189 3212/3618/4225 3190/3591/4186
f 3190/3591/4187 3212/3618/4225 3213/3619/4226
f 3190/3591/4187 3213/3619/4227 3188/3589/4228
f 3188/3589/4184 3213/3619/4226 3214/3620/4229
f 3188/3589/4184 3214/3620/4230 3186/3587/4182
f 3186/3587/4182 3214/3620/4231 3127/3621/4232
f 3186/3587/4182 3127/3621/4232 3126/3622/4233
f 1625/3615/4221 1627/3623/4234 3210/3616/4222
f 3210/3616/4222 1627/3623/4235 3215/3624/4236
f 3210/3616/4222 3215/3624/4237 3211/3617/4238
f 3211/3617/4224 3215/3624/4237 3216/3625/4239
f 3211/3617/4224 3216/3625/4240 3212/3618/4225
f 3212/3618/4225 3216/3625/4239 3217/3626/4241
f 3212/3618/4225 3217/3626/4241 3213/3619/4227
f 3213/3619/4226 3217/3626/4241 3218/3627/4242
f 3213/3619/4226 3218/3627/4242 3214/3620/4230
f 3214/3620/4229 3218/3627/4242 3129/3628/4243
f 3214/3620/4230 3129/3628/4243 3127/3621/4232
f 3215/3624/4236 1627/3623/4234 3219/3629/4244
f 3219/3629/4244 1627/3623/4234 1630/3630/4245
f 3219/3629/4244 1630/3630/4245 3220/3631/4246
f 3220/3631/4247 1630/3630/4245 1635/3632/4248
f 3220/3631/4246 1635/3632/4248 1634/3633/4249
f 3220/3631/4247 1634/3633/4249 3221/3634/4250
f 3221/3634/4251 1634/3633/4249 1636/3635/4252
f 3221/3634/4250 1636/3635/4252 3138/3636/4253
f 3138/3636/4253 1636/3635/4252 1197/3637/4254
f 3138/3636/4253 3136/3638/4255 3221/3634/4251
f 3221/3634/4251 3136/3638/4255 3222/3639/4256
f 3221/3634/4251 3222/3639/4256 3220/3631/4247
f 3220/3631/4246 3222/3639/4256 3223/3640/4257
f 3220/3631/4247 3223/3640/4257 3219/3629/4244
f 3219/3629/4244 3223/3640/4257 3224/3641/4258
f 3219/3629/4244 3224/3641/4258 3215/3624/4236
f 3215/3624/4236 3224/3641/4258 3216/3625/4259
f 3136/3638/4255 3135/3642/4260 3222/3639/4256
f 3222/3639/4256 3135/3642/4261 3225/3643/4262
f 3222/3639/4256 3225/3643/4262 3223/3640/4257
f 3223/3640/4257 3225/3643/4262 3226/3644/4263
f 3223/3640/4257 3226/3644/4263 3224/3641/4264
f 3224/3641/4258 3226/3644/4265 3216/3625/4239
f 3135/3642/4260 3133/3645/4266 3225/3643/4267
f 3225/3643/4262 3133/3645/4266 3227/3646/4268
f 3225/3643/4262 3227/3646/4268 3226/3644/4263
f 3226/3644/4265 3227/3646/4269 3217/3626/4241
f 3226/3644/4265 3217/3626/4241 3216/3625/4239
f 3133/3645/4266 3131/3647/4270 3227/3646/4268
f 3227/3646/4269 3131/3647/4270 3218/3627/4242
f 3227/3646/4268 3218/3627/4242 3217/3626/4241
f 3131/3647/4270 3129/3628/4243 3218/3627/4242
f 3126/3622/4271 3124/3585/4179 3186/3587/4182
f 3121/3583/4177 3119/3648/4272 3183/3581/4173
f 3183/3581/4173 3119/3648/4272 3117/3649/4273
f 3183/3581/4173 3117/3649/4057 3228/3650/4274
f 3183/3581/4173 3228/3650/4274 3181/3579/4171
f 3181/3579/4275 3228/3650/4274 3229/3651/4276
f 3181/3579/4275 3229/3651/4277 3179/3577/4166
f 3179/3577/4166 3229/3651/4278 3177/3575/4164
f 3229/3651/4278 3230/3652/4279 3177/3575/4280
f 3177/3575/4164 3230/3652/4279 3175/3573/4161
f 3175/3573/4161 3230/3652/4279 3173/3571/4158
f 3173/3571/4158 3230/3652/4279 3169/3567/4154
f 3173/3571/4158 3169/3567/4154 3171/3569/4156
f 1701/3653/1820 3231/3654/4281 3167/3565/4152
f 3167/3565/4152 3231/3654/4281 3232/3655/4282
f 3167/3565/4283 3232/3655/4282 3165/3563/4149
f 3165/3563/4149 3232/3655/4282 3163/3561/4146
f 3231/3654/4281 1701/3653/1820 3233/3656/4284
f 3233/3656/4284 1701/3653/1820 1700/3657/1819
f 3233/3656/4285 1700/3657/1819 3234/3658/4286
f 3234/3658/4286 1700/3657/1819 3235/3659/4287
f 3234/3658/4286 3235/3659/4287 3236/3660/4288
f 3236/3660/4288 3235/3659/4287 3161/3559/4142
f 3236/3660/4288 3161/3559/4142 3163/3561/4289
f 1700/3657/1819 1721/3555/1861 3235/3659/4287
f 3235/3659/4287 1721/3555/1861 3159/3557/4140
f 3235/3659/4287 3159/3557/4140 3161/3559/4142
f 3209/3612/4218 3208/3610/4215 3156/3552/4137
f 3156/3552/4137 3208/3610/4290 3237/3661/4291
f 3156/3552/4137 3237/3661/4292 3157/3554/4138
f 3157/3554/4138 3237/3661/4291 3238/3662/4293
f 3157/3554/4138 3238/3662/4293 3158/3556/4139
f 3158/3556/4139 3238/3662/4293 3160/3558/4141
f 3231/3654/4281 3233/3656/4284 3234/3658/4286
f 3231/3654/4281 3234/3658/4286 3236/3660/4288
f 3237/3661/4292 3208/3610/4290 3239/3663/4294
f 3239/3663/4294 3208/3610/4215 3206/3608/4213
f 3239/3663/4294 3206/3608/4213 3240/3664/4295
f 3240/3664/4295 3206/3608/4213 3204/3606/4210
f 3240/3664/4295 3204/3606/4210 3241/3665/4296
f 3241/3665/4296 3204/3606/4210 3202/3604/4207
f 3241/3665/4296 3202/3604/4207 3242/3666/4297
f 3242/3666/4297 3202/3604/4207 3200/3602/4204
f 3242/3666/4297 3200/3602/4298 3243/3667/4299
f 3243/3667/4299 3200/3602/4298 3198/3600/4201
f 3243/3667/4299 3198/3600/4201 3244/3668/4300
f 3244/3668/4301 3198/3600/4201 3197/3598/4197
f 3244/3668/4301 3197/3598/4197 3245/3669/4302
f 3245/3669/4302 3197/3598/4197 3195/3596/4303
f 3245/3669/4304 3195/3596/4194 3193/3594/4192
f 3238/3662/4293 3237/3661/4291 3246/3670/4305
f 3246/3670/4305 3237/3661/4292 3239/3663/4294
f 3246/3670/4306 3239/3663/4294 3247/3671/4307
f 3247/3671/4307 3239/3663/4294 3240/3664/4295
f 3247/3671/4307 3240/3664/4295 3248/3672/4308
f 3248/3672/4308 3240/3664/4295 3241/3665/4296
f 3248/3672/4308 3241/3665/4296 3249/3673/4309
f 3249/3673/4309 3241/3665/4296 3242/3666/4310
f 3249/3673/4309 3242/3666/4297 3250/3674/4311
f 3250/3674/4311 3242/3666/4297 3243/3667/4299
f 3250/3674/4311 3243/3667/4299 3251/3675/4312
f 3251/3675/4312 3243/3667/4299 3244/3668/4300
f 3251/3675/4312 3244/3668/4301 3252/3676/4313
f 3252/3676/4313 3244/3668/4301 3245/3669/4302
f 3252/3676/4313 3245/3669/4302 3253/3677/4314
f 3253/3677/4314 3245/3669/4302 3193/3594/4191
f 3253/3677/4314 3193/3594/4191 3191/3592/4188
f 3160/3558/4143 3238/3662/4293 3254/3678/4315
f 3254/3678/4315 3238/3662/4293 3246/3670/4316
f 3254/3678/4317 3246/3670/4305 3255/3679/4318
f 3255/3679/4318 3246/3670/4316 3247/3671/4307
f 3255/3679/4318 3247/3671/4307 3256/3680/4319
f 3256/3680/4319 3247/3671/4307 3248/3672/4308
f 3256/3680/4319 3248/3672/4320 3257/3681/4321
f 3257/3681/4321 3248/3672/4320 3249/3673/4309
f 3257/3681/4321 3249/3673/4309 3258/3682/4322
f 3258/3682/4322 3249/3673/4309 3250/3674/4311
f 3258/3682/4322 3250/3674/4311 3259/3683/4323
f 3259/3683/4323 3250/3674/4311 3251/3675/4312
f 3259/3683/4323 3251/3675/4312 3260/3684/4324
f 3260/3684/4325 3251/3675/4312 3252/3676/4313
f 3260/3684/4324 3252/3676/4313 3261/3685/4326
f 3261/3685/4326 3252/3676/4313 3253/3677/4314
f 3261/3685/4326 3253/3677/4314 3262/3686/4327
f 3262/3686/4327 3253/3677/4314 3191/3592/4188
f 3262/3686/4327 3191/3592/4188 3189/3590/4185
f 3232/3655/4282 3231/3654/4281 3236/3660/4288
f 3232/3655/4282 3236/3660/4288 3163/3561/4146
f 3160/3558/4141 3254/3678/4315 3162/3560/4145
f 3162/3560/4144 3254/3678/4315 3263/3687/4328
f 3162/3560/4144 3263/3687/4328 3164/3562/4147
f 3164/3562/4147 3263/3687/4328 3264/3688/4329
f 3164/3562/4148 3264/3688/4330 3166/3564/4150
f 3166/3564/4150 3264/3688/4329 3168/3566/4153
f 3263/3687/4328 3254/3678/4331 3255/3679/4318
f 3263/3687/4328 3255/3679/4318 3265/3689/4332
f 3265/3689/4332 3255/3679/4318 3256/3680/4333
f 3265/3689/4332 3256/3680/4319 3266/3690/4334
f 3266/3690/4334 3256/3680/4319 3257/3681/4321
f 3266/3690/4334 3257/3681/4321 3267/3691/4335
f 3267/3691/4335 3257/3681/4321 3258/3682/4322
f 3267/3691/4335 3258/3682/4322 3268/3692/4336
f 3268/3692/4337 3258/3682/4322 3259/3683/4323
f 3268/3692/4336 3259/3683/4323 3269/3693/4338
f 3269/3693/4339 3259/3683/4323 3260/3684/4324
f 3269/3693/4339 3260/3684/4324 3270/3694/4340
f 3270/3694/4340 3260/3684/4324 3261/3685/4326
f 3270/3694/4340 3261/3685/4326 3271/3695/4341
f 3271/3695/4342 3261/3685/4326 3262/3686/4327
f 3271/3695/4342 3262/3686/4327 3272/3696/4343
f 3272/3696/4343 3262/3686/4327 3189/3590/4185
f 3272/3696/4343 3189/3590/4185 3187/3588/4183
f 3268/3692/4337 3273/3697/4344 3274/3698/4345
f 3274/3698/4346 3273/3697/4347 3275/3699/4348
f 3274/3698/4349 3275/3699/4348 3276/3700/4350
f 3276/3700/4350 3275/3699/4348 3168/3566/4153
f 3276/3700/4350 3168/3566/4153 3264/3688/4329
f 3273/3697/4344 3172/3570/4157 3275/3699/4351
f 3275/3699/4348 3172/3570/4157 3170/3568/4155
f 3275/3699/4348 3170/3568/4155 3168/3566/4153
f 3273/3697/4347 3268/3692/4336 3277/3701/4352
f 3277/3701/4352 3268/3692/4337 3269/3693/4339
f 3277/3701/4352 3269/3693/4339 3278/3702/4353
f 3278/3702/4353 3269/3693/4339 3270/3694/4340
f 3278/3702/4353 3270/3694/4340 3279/3703/4354
f 3279/3703/4355 3270/3694/4340 3271/3695/4342
f 3279/3703/4354 3271/3695/4341 3280/3704/4356
f 3280/3704/4356 3271/3695/4341 3272/3696/4343
f 3280/3704/4357 3272/3696/4343 3281/3705/4358
f 3281/3705/4358 3272/3696/4343 3187/3588/4183
f 3281/3705/4359 3187/3588/4183 3185/3586/4360
f 3172/3570/4157 3273/3697/4347 3174/3572/4160
f 3174/3572/4159 3273/3697/4344 3277/3701/4352
f 3174/3572/4162 3277/3701/4352 3176/3574/4163
f 3176/3574/4163 3277/3701/4352 3278/3702/4353
f 3176/3574/4163 3278/3702/4353 3178/3576/4165
f 3178/3576/4165 3278/3702/4353 3279/3703/4354
f 3178/3576/4165 3279/3703/4354 3180/3578/4361
f 3180/3578/4169 3279/3703/4354 3280/3704/4356
f 3180/3578/4361 3280/3704/4356 3182/3580/4174
f 3182/3580/4174 3280/3704/4356 3281/3705/4358
f 3182/3580/4174 3281/3705/4358 3184/3582/4176
f 3184/3582/4176 3281/3705/4358 3185/3586/4181
f 3266/3690/4334 3267/3691/4335 3274/3698/4349
f 3274/3698/4346 3267/3691/4335 3268/3692/4336
f 3266/3690/4334 3274/3698/4349 3276/3700/4350
f 3265/3689/4332 3266/3690/4334 3276/3700/4350
f 3265/3689/4332 3276/3700/4350 3264/3688/4329
f 3263/3687/4328 3265/3689/4332 3264/3688/4329
f 3083/3706/4362 3081/3707/4362 3282/3708/4362
f 3282/3708/4363 3081/3707/4363 3283/3709/4363
f 3283/3709/4364 3081/3707/4364 3284/3710/4364
f 3283/3709/4362 3284/3710/4362 3285/3711/4362
f 3285/3711/4365 3284/3710/4365 3286/3712/4365
f 3080/3713/4362 3287/3714/4362 3081/3707/4362
f 3081/3707/4362 3287/3714/4362 3288/3715/4362
f 3081/3707/4366 3288/3715/4366 3289/3716/4366
f 3287/3714/4367 3080/3713/4367 1848/3717/4367
f 1848/3717/4362 3080/3713/4362 3044/3718/4362
f 1848/3717/4362 3044/3718/4362 1847/3719/4362
f 3287/3714/4367 1848/3717/4367 3290/3720/4367
f 3290/3720/4362 1848/3717/4362 1849/3721/4362
f 3290/3720/4368 1849/3721/4368 3291/3722/4368
f 3291/3722/4369 1849/3721/4369 3292/3723/4369
f 3292/3723/4370 1849/3721/4370 3293/3724/4370
f 3293/3724/4371 1849/3721/4371 3294/3725/4371
f 3293/3724/4362 3294/3725/4362 3295/3726/4362
f 1850/3727/4362 3296/3728/4362 1849/3721/4362
f 1849/3721/4372 3296/3728/4372 3294/3725/4372
f 3295/3726/4365 3297/3729/4365 3293/3724/4365
f 3289/3716/4373 3284/3710/4373 3081/3707/4373
f 3298/3730/4365 3299/3731/4365 1804/3732/4365
f 1804/3732/4365 3299/3731/4365 3300/3733/4365
f 1804/3732/4365 3300/3733/4365 3301/3734/4365
f 3301/3734/4362 1823/3735/4362 1804/3732/4362
f 1803/3736/4374 3065/3737/4374 1804/3732/4374
f 1804/3732/4374 3065/3737/4374 3113/3738/4374
f 1804/3732/4365 3113/3738/4365 3298/3730/4365
f 3298/3730/4365 3113/3738/4365 3302/3739/4365
f 3302/3739/4375 3113/3738/4375 3303/3740/4375
f 3303/3740/4362 3113/3738/4362 3115/3741/4362
f 3065/3737/4376 1803/3736/4376 3066/3742/4376
f 3066/3742/4376 1803/3736/4376 1814/3743/4376
f 3066/3742/4367 1814/3743/4367 3117/3744/4367
f 3117/3744/4377 1814/3743/4377 1701/3745/4377
f 3117/3744/4378 1701/3745/4378 3167/3746/4378
f 1659/3747/4370 1740/3748/4370 1814/3743/4370
f 1814/3743/4374 1740/3748/4374 1723/3749/4374
f 1814/3743/4379 1723/3749/4379 1701/3745/4379
f 1660/3750/4368 1662/3751/4368 1659/3747/4368
f 1659/3747/4368 1662/3751/4368 1750/3752/4368
f 1659/3747/4368 1750/3752/4368 1740/3748/4368
f 3167/3746/4373 3169/3753/4373 3117/3744/4373
f 3117/3744/4368 3169/3753/4368 3230/3754/4368
f 3117/3744/4368 3230/3754/4368 3229/3755/4368
f 3229/3755/4362 3228/3756/4362 3117/3744/4362
f 3304/3757/4368 3305/3758/4368 3306/3759/4368
f 3306/3759/4368 3305/3758/4368 3307/3760/4368
f 3306/3759/4368 3307/3760/4368 3308/3761/4368
f 3306/3759/4362 3309/3762/4362 3304/3757/4362
f 3304/3757/4368 3309/3762/4368 3310/3763/4368
f 3304/3757/4368 3310/3763/4368 3311/3764/4368
f 3311/3764/4374 3310/3763/4374 3312/3765/4374
f 3311/3764/4374 3312/3765/4374 3313/3766/4374
f 3313/3766/4362 3312/3765/4362 3314/3767/4362
f 3313/3766/4362 3314/3767/4362 3315/3768/4362
f 3315/3768/4368 3314/3767/4368 3316/3769/4368
f 3316/3769/4374 3314/3767/4374 3317/3770/4374
f 3314/3767/4362 3312/3765/4362 3318/3771/4362
f 3318/3771/4368 3312/3765/4368 3319/3772/4368
f 3318/3771/4368 3319/3772/4368 3320/3773/4368
f 3320/3773/4374 3321/3774/4374 3318/3771/4374
f 3097/3775/4380 3096/3776/4381 3322/3777/4380
f 3322/3777/4380 3096/3776/4381 3323/3778/4382
f 3323/3778/4382 3096/3776/4381 3085/3779/4383
f 3323/3778/4382 3085/3779/4383 3084/3780/4384
f 3323/3778/4382 3084/3780/4384 3324/3781/4385
f 3324/3781/4385 3084/3780/4384 3083/3782/4386
f 3324/3781/4385 3083/3782/4386 3325/3783/4387
f 3325/3783/4387 3083/3782/4386 3282/3784/4388
f 3325/3783/4387 3282/3784/4388 3326/3785/4389
f 3326/3785/4389 3282/3784/4388 3283/3786/4390
f 3326/3785/4389 3283/3786/4390 3327/3787/4391
f 3327/3787/4391 3283/3786/4390 3285/3788/4391
f 3100/3789/4392 3098/3790/4392 3328/3791/4392
f 3328/3791/4380 3098/3790/4380 3322/3792/4380
f 3322/3792/4380 3098/3790/4380 3097/3793/4380
f 3298/3794/4393 3302/3795/4394 3329/3777/4393
f 3329/3777/3931 3302/3795/4394 3303/3796/4395
f 3329/3777/3928 3303/3796/4395 3115/3797/4396
f 3329/3777/3928 3115/3797/4396 3330/3778/4397
f 3330/3778/4397 3115/3797/4396 3114/3798/4398
f 3330/3778/4397 3114/3798/4398 3331/3781/4399
f 3331/3781/4399 3114/3798/4398 3112/3799/4400
f 3331/3781/4399 3112/3799/4400 3332/3783/4401
f 3332/3783/4402 3112/3799/4400 3111/3800/4403
f 3332/3783/4401 3111/3800/4403 3109/3801/4404
f 3332/3783/4401 3109/3801/4405 3333/3785/4406
f 3333/3785/4406 3109/3801/4405 3107/3802/4407
f 3333/3785/4406 3107/3802/4408 3106/3803/4409
f 3100/3804/4380 3328/3787/4380 3106/3803/4409
f 3106/3803/4409 3328/3787/4380 3333/3785/4406
f 3299/3805/3931 3298/3806/3931 3334/3791/3931
f 3334/3791/3931 3298/3806/3931 3329/3792/3931
f 1833/3807/4410 1832/3808/4411 3335/3777/4410
f 3335/3777/4410 1832/3808/4411 3336/3778/4412
f 3336/3778/4412 1832/3808/4411 1830/3809/4413
f 3336/3778/4412 1830/3809/4413 1828/3810/4414
f 3336/3778/4412 1828/3810/4415 3337/3781/4416
f 3337/3781/4416 1828/3810/4415 1827/3811/4417
f 3337/3781/4416 1827/3811/4418 1825/3812/4419
f 3337/3781/4416 1825/3812/4420 3338/3783/4421
f 3338/3783/4421 1825/3812/4422 1824/3813/4423
f 3338/3783/4421 1824/3813/4423 3339/3785/4424
f 3339/3785/4424 1824/3813/4423 1823/3814/4425
f 3339/3785/4424 1823/3814/4425 3334/3787/3928
f 3334/3787/3928 1823/3814/4425 3301/3815/4426
f 3334/3787/3931 3301/3815/4426 3300/3816/4427
f 3300/3816/4427 3299/3817/4393 3334/3787/4393
f 1833/3818/4428 3335/3792/4428 1835/3819/4428
f 1835/3819/4410 3335/3792/4410 3340/3791/4410
f 1835/3819/4410 3340/3791/4410 1854/3820/4410
f 3295/3821/4391 3294/3822/4429 3341/3777/4391
f 3341/3777/4391 3294/3822/4429 3342/3778/4430
f 3342/3778/4430 3294/3822/4429 3296/3823/4431
f 3342/3778/4430 3296/3823/4431 3343/3781/4432
f 3343/3781/4432 3296/3823/4431 1850/3824/4433
f 3343/3781/4432 1850/3824/4433 3344/3783/4434
f 3344/3783/4434 1850/3824/4433 1851/3825/4435
f 3344/3783/4434 1851/3825/4435 3345/3785/4436
f 3345/3785/4436 1851/3825/4435 1852/3826/4437
f 3345/3785/4436 1852/3826/4437 1853/3827/4438
f 1854/3828/4410 3340/3787/4410 1853/3827/4438
f 1853/3827/4438 3340/3787/4410 3345/3785/4436
f 3295/3829/4391 3341/3830/4391 3297/3831/4391
f 3297/3831/4391 3341/3830/4391 3346/3832/4391
f 3347/3833/4391 3348/3834/4439 3349/3835/4391
f 3349/3835/4391 3348/3834/4439 3350/3836/4440
f 3350/3836/4440 3348/3834/4439 3351/3837/4441
f 3350/3836/4440 3351/3837/4441 3352/3838/4442
f 3353/3839/4443 3291/3840/4440 3352/3838/4444
f 3352/3838/4444 3291/3840/4440 3292/3841/4445
f 3352/3838/4444 3292/3841/4445 3354/3842/4445
f 3354/3842/4445 3292/3841/4445 3293/3843/4446
f 3354/3842/4445 3293/3843/4446 3355/3844/4446
f 3355/3844/4446 3293/3843/4446 3297/3845/4447
f 3355/3844/4446 3297/3845/4447 3346/3846/4447
f 3356/3847/4391 3290/3848/4391 3353/3839/4443
f 3353/3839/4443 3290/3848/4391 3291/3840/4440
f 3354/3842/4445 3350/3836/4440 3352/3838/4444
f 3357/3849/4448 3358/3850/4449 3359/3851/4450
f 3359/3851/4450 3358/3850/4449 3360/3852/4451
f 3359/3851/4452 3360/3852/4451 3361/3853/4451
f 3361/3853/4451 3360/3852/4451 3362/3854/4453
f 3362/3854/4454 3360/3852/4451 3363/3855/4454
f 3362/3854/4453 3363/3855/4453 3364/3856/4455
f 3364/3856/3893 3363/3855/4453 3365/3857/3893
f 3364/3856/3893 3365/3857/3893 3366/3858/4456
f 3364/3856/3893 3366/3858/4456 3367/3859/4457
f 3367/3859/4458 3366/3858/4458 3368/3860/4459
f 3367/3859/4456 3368/3860/4459 3347/3861/4459
f 3347/3861/4459 3368/3860/4459 3348/3862/4460
f 3348/3862/4460 3368/3860/4459 3369/3863/4461
f 3348/3862/4460 3369/3863/4461 3351/3864/4462
f 3370/3865/4463 3371/3866/4464 3372/3867/4465
f 3372/3867/4465 3371/3866/4464 3373/3868/4466
f 3372/3867/4465 3373/3868/4466 3374/3869/4467
f 3374/3869/4467 3373/3868/4466 3375/3870/4468
f 3371/3866/4464 3370/3865/4469 3376/3871/4470
f 3376/3871/4470 3370/3865/4463 3377/3872/4471
f 3376/3871/4470 3377/3872/4471 3378/3873/1051
f 3378/3873/1051 3377/3872/4471 3379/3874/4472
f 3378/3873/1051 3379/3874/4472 3380/3875/4473
f 3380/3875/4473 3379/3874/4472 3381/3876/4474
f 3380/3875/4473 3381/3876/4475 3382/3877/4476
f 3382/3877/4476 3381/3876/4474 3356/3878/4477
f 3382/3877/4476 3356/3878/4477 3383/3879/4478
f 3383/3879/4478 3356/3878/4477 3353/3880/4479
f 3383/3879/4478 3353/3880/4479 3352/3881/4480
f 1994/3389/1051 3027/3388/1051 2023/3882/4481
f 2023/3882/4481 3027/3388/1051 3038/3883/4482
f 2023/3882/4481 3038/3883/4482 2022/3884/4483
f 2022/3884/4484 3038/3883/4482 3040/3885/4485
f 2022/3884/4483 3040/3885/4485 2021/3886/4486
f 2021/3886/4486 3040/3885/4487 2019/3887/4488
f 2019/3887/4488 3040/3885/4485 3041/3888/4489
f 2019/3887/4490 3041/3888/4489 2018/3889/4491
f 2018/3889/4492 3041/3888/4489 3036/3890/4493
f 2018/3889/4491 3036/3890/4493 2016/3891/4494
f 2016/3891/4494 3036/3890/4495 3035/3892/4496
f 2016/3891/4494 3035/3892/4497 2015/3893/4498
f 2015/3893/4499 3035/3892/4496 3033/3894/4500
f 2015/3893/4499 3033/3894/4500 2014/3895/4501
f 2014/3895/4501 3033/3894/4500 2013/3896/4502
f 2013/3896/4502 3033/3894/4500 3030/3897/4503
f 2013/3896/4502 3030/3897/4503 2011/3898/4504
f 2011/3898/4504 3030/3897/4503 2010/3899/4505
f 2010/3899/4506 3030/3897/4503 3028/3900/4507
f 2010/3899/4505 3028/3900/4507 2009/3901/4508
f 2009/3901/4508 3028/3900/4507 3018/3902/3893
f 2009/3901/4509 3018/3902/3893 2007/3903/3893
f 3375/3904/4510 3384/3905/4510 3357/3906/4510
f 3357/3906/4510 3384/3905/4510 3385/3907/4510
f 3357/3906/4510 3385/3907/4510 3358/3908/4510
f 3358/3908/4510 3385/3907/4510 3386/3909/4510
f 3358/3908/4510 3386/3909/4510 3360/3910/4510
f 3360/3910/4510 3386/3909/4510 3387/3911/4510
f 3360/3910/4510 3387/3911/4510 3363/3912/4510
f 3363/3912/4510 3387/3911/4510 3388/3913/4510
f 3363/3912/4510 3388/3913/4510 3365/3914/4510
f 3365/3914/4510 3388/3913/4510 3366/3915/4510
f 3366/3915/4510 3388/3913/4510 3389/3916/4510
f 3366/3915/4510 3389/3916/4510 3368/3917/4510
f 3368/3917/4510 3389/3916/4510 3390/3918/4510
f 3368/3917/4510 3390/3918/4510 3369/3919/4510
f 3369/3919/4510 3390/3918/4510 3391/3920/4510
f 3369/3919/4510 3391/3920/4510 3351/3921/4510
f 3351/3921/4510 3391/3920/4510 3392/3922/4510
f 3351/3921/4510 3392/3922/4510 3352/3923/4510
f 3352/3923/4510 3392/3922/4510 3393/3924/4510
f 3352/3923/4510 3393/3924/4510 3394/3925/4510
f 3373/3926/4510 3395/3927/4510 3375/3904/4510
f 3375/3904/4510 3395/3927/4510 3396/3928/4510
f 3375/3904/4510 3396/3928/4510 3384/3905/4510
f 3395/3927/4510 3373/3926/4510 3397/3929/4510
f 3397/3929/4510 3373/3926/4510 3371/3930/4510
f 3397/3929/4510 3371/3930/4510 3398/3931/4510
f 3398/3931/4510 3371/3930/4510 3376/3932/4510
f 3398/3931/4510 3376/3932/4510 3399/3933/4510
f 3399/3933/4510 3376/3932/4510 3378/3934/4510
f 3399/3933/4510 3378/3934/4510 3380/3935/4510
f 3399/3933/4510 3380/3935/4510 3400/3936/4510
f 3400/3936/4510 3380/3935/4510 3382/3937/4510
f 3400/3936/4510 3382/3937/4510 3401/3938/4510
f 3401/3938/4510 3382/3937/4510 3383/3939/4510
f 3401/3938/4510 3383/3939/4510 3394/3925/4510
f 3394/3925/4510 3383/3939/4510 3352/3923/4510
f 3399/3940/1051 3402/3941/1051 3398/3942/4482
f 3398/3942/4482 3402/3941/1051 3403/3943/4482
f 3398/3942/4482 3403/3943/4482 3397/3944/4485
f 3397/3944/4485 3403/3943/4482 3404/3945/4485
f 3397/3944/4485 3404/3945/4485 3395/3946/4489
f 3395/3946/4489 3404/3945/4485 3405/3947/4489
f 3395/3946/4489 3405/3947/4489 3396/3948/4493
f 3396/3948/4493 3405/3947/4489 3406/3949/4493
f 3396/3948/4493 3406/3949/4493 3384/3950/4496
f 3384/3950/4496 3406/3949/4493 3407/3951/4496
f 3384/3950/4496 3407/3951/4496 3385/3952/4500
f 3385/3952/4500 3407/3951/4496 3408/3953/4500
f 3385/3952/4500 3408/3953/4500 3386/3954/4511
f 3386/3954/4511 3408/3953/4500 3409/3955/4511
f 3386/3954/4511 3409/3955/4511 3387/3956/4507
f 3387/3956/4507 3409/3955/4511 3410/3957/4507
f 3387/3956/4507 3410/3957/4507 3388/3958/3893
f 3388/3958/3893 3410/3957/4507 3411/3959/3893
f 3412/3960/4512 3411/3961/4512 3413/3962/4512
f 3413/3962/4512 3411/3961/4512 3410/3963/4512
f 3413/3962/4512 3410/3963/4512 3409/3964/4512
f 3308/3965/4512 3414/3966/4512 3412/3960/4512
f 3412/3960/4512 3414/3966/4512 3415/3967/4512
f 3412/3960/4512 3415/3967/4512 3416/3968/4512
f 3307/3969/4512 3402/3970/4512 3308/3965/4512
f 3308/3965/4512 3402/3970/4512 3417/3971/4512
f 3308/3965/4512 3417/3971/4512 3418/3972/4512
f 3413/3962/4512 3406/3973/4512 3307/3969/4512
f 3307/3969/4512 3406/3973/4512 3405/3974/4512
f 3307/3969/4512 3405/3974/4512 3404/3975/4512
f 3418/3972/4512 3419/3976/4512 3308/3965/4512
f 3308/3965/4512 3419/3976/4512 3414/3966/4512
f 3416/3968/4512 3420/3977/4512 3412/3960/4512
f 3412/3960/4512 3420/3977/4512 3421/3978/4512
f 3412/3960/4512 3421/3978/4512 3411/3961/4512
f 3409/3964/4512 3408/3979/4512 3413/3962/4512
f 3413/3962/4512 3408/3979/4512 3407/3980/4512
f 3413/3962/4512 3407/3980/4512 3406/3973/4512
f 3404/3975/4512 3403/3981/4512 3307/3969/4512
f 3307/3969/4512 3403/3981/4512 3402/3970/4512
f 3388/3857/3893 3411/3982/3893 3389/3983/3896
f 3389/3983/3896 3411/3982/3893 3421/3984/3896
f 3389/3983/3896 3421/3984/3896 3390/3985/4513
f 3390/3985/4513 3421/3984/3896 3420/3986/4513
f 3390/3985/4513 3420/3986/4513 3391/3987/3902
f 3391/3987/3902 3420/3986/4513 3416/3988/3902
f 3391/3987/3902 3416/3988/3902 3392/3989/3906
f 3392/3989/3906 3416/3988/3902 3415/3990/3906
f 3392/3989/3906 3415/3990/3906 3393/3991/3912
f 3393/3991/3912 3415/3990/3906 3414/3992/3912
f 3393/3991/3912 3414/3992/3912 3394/3993/3916
f 3394/3993/3916 3414/3992/3912 3419/3994/3916
f 3394/3993/3916 3419/3994/3916 3401/3995/3920
f 3401/3995/3920 3419/3994/3916 3418/3996/3920
f 3401/3995/3920 3418/3996/3920 3400/3997/3924
f 3400/3997/3924 3418/3996/3920 3417/3998/3924
f 3400/3997/3924 3417/3998/3924 3399/3940/1051
f 3399/3940/1051 3417/3998/3924 3402/3941/1051
f 3413/3999/4514 3422/4000/4514 3412/4001/4514
f 3412/4001/4514 3422/4000/4514 3423/4002/4514
f 3424/4003/4515 3425/4004/4515 3426/4005/4515
f 3426/4005/4515 3425/4004/4515 3412/4006/4515
f 3426/4005/4515 3412/4006/4515 3427/4007/4515
f 3427/4007/4515 3412/4006/4515 3423/4008/4515
f 3424/4003/4515 3428/4009/4515 3425/4004/4515
f 3425/4004/4515 3428/4009/4515 3429/4010/4515
f 3430/4011/4512 3320/4012/4512 3431/4013/4516
f 3431/4013/4516 3320/4012/4512 3319/4014/4517
f 3431/4013/4516 3319/4014/4517 3432/4015/4518
f 3432/4015/4518 3319/4014/4517 3312/4016/4519
f 3432/4015/4518 3312/4016/4519 3433/4017/4520
f 3433/4017/4520 3312/4016/4519 3426/4018/4521
f 3426/4018/4522 3312/4016/4519 3310/4019/4523
f 3426/4018/4521 3310/4019/4523 3424/4020/4524
f 3424/4020/4524 3310/4019/4523 3428/4021/4525
f 3428/4021/4525 3310/4019/4523 3309/4022/4526
f 3428/4021/4525 3309/4022/4526 3429/4023/4527
f 3429/4023/4527 3309/4022/4526 3306/4024/4528
f 3429/4023/4527 3306/4024/4528 3425/4025/4528
f 3430/4026/4512 3434/3960/4512 3320/4027/4512
f 3320/4027/4512 3434/3960/4512 3321/4028/4512
f 3435/3960/4528 3318/4029/4528 3434/4030/4528
f 3434/4030/4528 3318/4029/4528 3321/4031/4528
f 3435/4032/4515 3434/4033/4515 3436/4034/4515
f 3436/4034/4515 3434/4033/4515 3437/4035/4515
f 3438/4032/2340 3435/4033/2340 3439/4034/2340
f 3439/4034/2340 3435/4033/2340 3436/4035/2340
f 3435/4030/4510 3438/3960/4510 3318/4036/4510
f 3318/4036/4510 3438/3960/4510 3314/4029/4510
f 3438/4030/4529 3440/3960/4529 3314/4036/4529
f 3314/4036/4529 3440/3960/4529 3317/4028/4529
f 3439/4035/4530 3441/4034/4530 3438/4033/4530
f 3438/4033/4530 3441/4034/4530 3440/4032/4530
f 3336/4037/1051 3436/4038/1051 3335/4039/1051
f 3335/4039/1051 3436/4038/1051 3437/4040/1051
f 3335/4039/1051 3437/4040/1051 3340/4041/1051
f 3340/4041/1051 3437/4040/1051 3345/4042/1051
f 3345/4042/1051 3437/4040/1051 3344/4043/1051
f 3344/4043/1051 3437/4040/1051 3343/4044/1051
f 3343/4044/1051 3437/4040/1051 3342/4045/1051
f 3342/4045/1051 3437/4040/1051 3341/4046/1051
f 3341/4046/1051 3437/4040/1051 3427/4047/1051
f 3341/4046/1051 3427/4047/1051 3423/4048/1051
f 3336/4037/1051 3337/4049/1051 3436/4038/1051
f 3436/4038/1051 3337/4049/1051 3338/4050/1051
f 3436/4038/1051 3338/4050/1051 3339/4051/1051
f 3339/4051/1051 3334/4052/1051 3436/4038/1051
f 3436/4038/1051 3334/4052/1051 3439/4053/1051
f 3439/4053/1051 3334/4052/1051 3329/4054/1051
f 3439/4053/1051 3329/4054/1051 3330/4055/1051
f 3330/4055/1051 3331/4056/1051 3439/4053/1051
f 3439/4053/1051 3331/4056/1051 3332/4057/1051
f 3439/4053/1051 3332/4057/1051 3333/4058/1051
f 3333/4058/1051 3328/4059/1051 3439/4053/1051
f 3439/4053/1051 3328/4059/1051 3322/4060/1051
f 3439/4053/1051 3322/4060/1051 3441/4061/1051
f 3441/4061/1051 3322/4060/1051 3323/4062/1051
f 3441/4061/1051 3323/4062/1051 3324/4063/1051
f 3324/4063/1051 3325/4064/1051 3441/4061/1051
f 3441/4061/1051 3325/4064/1051 3326/4065/1051
f 3441/4061/1051 3326/4065/1051 3327/4066/1051
f 3441/4061/1051 3327/4066/1051 3442/4067/1051
f 3442/4067/1051 3327/4066/1051 3443/4068/1051
f 3442/4067/1051 3443/4068/1051 3422/4069/1051
f 3422/4069/1051 3443/4068/1051 3444/4070/1051
f 3422/4069/1051 3444/4070/1051 3445/4071/1051
f 3445/4071/1051 3446/4072/1051 3422/4069/1051
f 3422/4069/1051 3446/4072/1051 3447/4073/1051
f 3422/4069/1051 3447/4073/1051 3349/4074/1051
f 3422/4069/1051 3349/4074/1051 3423/4048/1051
f 3423/4048/1051 3349/4074/1051 3350/4075/1051
f 3423/4048/1051 3350/4075/1051 3354/4076/1051
f 3354/4076/1051 3355/4077/1051 3423/4048/1051
f 3423/4048/1051 3355/4077/1051 3346/4078/1051
f 3423/4048/1051 3346/4078/1051 3341/4046/1051
f 3356/4079/4391 3381/4080/4391 3290/4081/4391
f 3290/4081/4391 3381/4080/4391 3379/4082/4391
f 3290/4081/4391 3379/4082/4391 3377/4083/4391
f 3290/4081/4391 3377/4083/4391 3287/4084/4391
f 3287/4084/4391 3377/4083/4391 3370/4085/4391
f 3287/4084/4531 3370/4085/4531 3372/4086/4531
f 3361/4087/4391 3362/4088/4391 3447/4089/4391
f 3447/4089/4532 3362/4088/4532 3364/4090/4532
f 3447/4089/4533 3364/4090/4533 3349/4091/4533
f 3349/4091/4532 3364/4090/4532 3367/4092/4532
f 3349/4091/4391 3367/4092/4391 3347/4093/4391
f 3357/4094/4534 3446/4095/4535 3375/4096/4536
f 3375/4096/4537 3446/4095/4535 3445/3842/4538
f 3375/4096/4537 3445/3842/4538 3289/3841/4538
f 3289/3841/4538 3445/3842/4538 3284/4097/4539
f 3284/4097/4539 3445/3842/4538 3444/4098/4539
f 3284/4097/4539 3444/4098/4539 3286/4099/4540
f 3286/4099/4540 3444/4098/4539 3443/4100/4540
f 3357/4094/4534 3359/4101/4541 3446/4095/4535
f 3446/4095/4535 3359/4101/4541 3447/3787/4391
f 3447/3787/4391 3359/4101/4541 3361/4102/4391
f 3289/3841/4538 3288/4103/4535 3375/4096/4537
f 3375/4096/4537 3288/4103/4535 3374/4104/4542
f 3374/4104/4542 3288/4103/4535 3287/4105/4391
f 3374/4104/4542 3287/4105/4391 3372/4106/4391
f 3285/4107/4391 3286/4108/4391 3327/3791/4391
f 3327/3791/4391 3286/4108/4391 3443/4109/4391
f 3431/4110/4514 3432/4111/4514 3430/4112/4514
f 3430/4112/4514 3432/4111/4514 3433/4113/4514
f 3430/4112/4514 3433/4113/4514 3434/4114/4514
f 3434/4114/4514 3433/4113/4514 3426/4115/4514
f 3434/4114/4514 3426/4115/4514 3427/4116/4514
f 3427/4116/4514 3437/4117/4514 3434/4114/4514
f 3442/4118/4514 3448/4119/4514 3441/4120/4514
f 3441/4120/4514 3448/4119/4514 3449/4121/4514
f 3441/4120/4543 3449/4121/4543 3440/4122/4543
f 3440/4122/4514 3449/4121/4514 3450/4123/4514
f 3440/4122/4514 3450/4123/4514 3451/4124/4514
f 3440/4122/4514 3451/4124/4514 3452/4125/4514
f 3452/4125/4514 3451/4124/4514 3453/4126/4514
f 3452/4125/4514 3453/4126/4514 3454/4127/4514
f 3305/4128/4529 3304/4129/4544 3448/4130/4529
f 3448/4130/4529 3304/4129/4544 3449/4131/4545
f 3449/4131/4546 3304/4129/4544 3311/4132/4547
f 3449/4131/4546 3311/4132/4547 3450/4018/4548
f 3450/4018/4549 3311/4132/4547 3313/4133/4550
f 3450/4018/4548 3313/4133/4550 3451/4020/4551
f 3451/4020/4551 3313/4133/4550 3453/4021/4552
f 3453/4021/4552 3313/4133/4550 3315/4134/4553
f 3453/4021/4552 3315/4134/4553 3454/4023/4554
f 3454/4023/4554 3315/4134/4553 3316/4135/4512
f 3454/4023/4554 3316/4135/4512 3452/4025/4512
f 3448/4136/4529 3442/4137/4529 3305/4138/4529
f 3305/4138/4529 3442/4137/4529 3307/3965/4529
f 3307/3965/4529 3442/4137/4529 3413/3960/4529
f 3413/3960/4529 3442/4137/4529 3422/4139/4529
f 3316/4140/4512 3317/4141/4512 3452/4142/4512
f 3452/4142/4512 3317/4141/4512 3440/4143/4512
f 3425/4142/4528 3306/4144/4528 3412/4145/4528
f 3412/4145/4528 3306/4144/4528 3308/4146/4528
s 1
f 3455/4147/4555 3456/4148/4556 3458/4149/4557 3457/4150/4558
f 3457/4150/4558 3458/4149/4557 3460/4151/4559 3459/4152/4560
f 3459/4152/4560 3460/4151/4559 3462/4153/4561 3461/4154/4562
f 3461/4154/4562 3462/4153/4561 3464/4155/4563 3463/4156/4564
f 3463/4156/4564 3464/4155/4563 3466/4157/4565 3465/4158/4566
f 3465/4158/4566 3466/4157/4565 3468/4159/4567 3467/4160/4568
f 3467/4160/4568 3468/4159/4567 3470/4161/4569 3469/4162/4570
f 3469/4162/4570 3470/4161/4569 3472/4163/4571 3471/4164/4572
f 3471/4164/4572 3472/4163/4571 3474/4165/4573 3473/4166/4574
f 3473/4166/4574 3474/4165/4573 3476/4167/4575 3475/4168/4576
f 3475/4168/4576 3476/4167/4575 3478/4169/4577 3477/4170/4578
f 3477/4170/4578 3478/4169/4577 3480/4171/4579 3479/4172/4580
f 3479/4172/4580 3480/4171/4579 3482/4173/4581 3481/4174/4582
f 3481/4174/4582 3482/4173/4581 3484/4175/4583 3483/4176/4584
f 3483/4176/4584 3484/4175/4583 3486/4177/4585 3485/4178/4586
f 3485/4178/4586 3486/4177/4585 3488/4179/4587 3487/4180/4588
f 3487/4180/4588 3488/4179/4587 3490/4181/4589 3489/4182/4590
f 3489/4182/4590 3490/4181/4589 3492/4183/4591 3491/4184/4592
f 3491/4184/4592 3492/4183/4591 3494/4185/4593 3493/4186/4594
f 3493/4186/4594 3494/4185/4593 3496/4187/4595 3495/4188/4596
f 3495/4188/4596 3496/4187/4595 3498/4189/4597 3497/4190/4598
f 3497/4190/4598 3498/4189/4597 3500/4191/4599 3499/4192/4600
f 3499/4192/4600 3500/4191/4599 3502/4193/4601 3501/4194/4602
f 3501/4194/4602 3502/4193/4601 3504/4195/4603 3503/4196/4604
f 3503/4196/4604 3504/4195/4603 3506/4197/4605 3505/4198/4606
f 3505/4198/4606 3506/4197/4605 3508/4199/4607 3507/4200/4608
f 3507/4200/4608 3508/4199/4607 3510/4201/4609 3509/4202/4610
f 3509/4202/4610 3510/4201/4609 3512/4203/4611 3511/4204/4612
f 3511/4204/4612 3512/4203/4611 3514/4205/4613 3513/4206/4614
f 3513/4206/4614 3514/4205/4613 3516/4207/4615 3515/4208/4616
f 3458/4209/4557 3456/4210/4556 3518/4211/4617 3516/4212/4615 3514/4213/4613 3512/4214/4611 3510/4215/4609 3508/4216/4607 3506/4217/4605 3504/4218/4603 3502/4219/4601 3500/4220/4599 3498/4221/4597 3496/4222/4595 3494/4223/4593 3492/4224/4591 3490/4225/4589 3488/4226/4587 3486/4227/4585 3484/4228/4583 3482/4229/4581 3480/4230/4579 3478/4231/4577 3476/4232/4575 3474/4233/4573 3472/4234/4571 3470/4235/4569 3468/4236/4567 3466/4237/4565 3464/4238/4563 3462/4239/4561 3460/4240/4559
f 3515/4208/4616 3516/4207/4615 3518/4241/4617 3517/4242/4618
f 3517/4242/4618 3518/4241/4617 3456/4243/4556 3455/4244/4555
f 3455/4245/4555 3457/4246/4558 3459/4247/4560 3461/4248/4562 3463/4249/4564 3465/4250/4566 3467/4251/4568 3469/4252/4570 3471/4253/4572 3473/4254/4574 3475/4255/4576 3477/4256/4578 3479/4257/4580 3481/4258/4582 3483/4259/4584 3485/4260/4586 3487/4261/4588 3489/4262/4590 3491/4263/4592 3493/4264/4594 3495/4265/4596 3497/4266/4598 3499/4267/4600 3501/4268/4602 3503/4269/4604 3505/4270/4606 3507/4271/4608 3509/4272/4610 3511/4273/4612 3513/4274/4614 3515/4275/4616 3517/4276/4618
