v 52.42182 4.39762 0.18926
v 52.44580 4.47878 0.18981
v 52.40104 4.38488 0.18999
v 52.34672 4.31126 0.18948
v 52.26784 4.26264 0.18963
v 52.18092 4.23435 0.18953
v 52.06022 4.23693 0.18944
v 51.97243 4.27239 0.18957
v 51.88239 4.34896 0.18970
v 51.97277 4.27716 0.16643
v 51.88467 4.35094 0.16595
v 52.06194 4.24263 0.16667
v 52.18199 4.23940 0.16653
v 52.26737 4.26642 0.16595
v 52.34346 4.31497 0.16674
v 52.41592 4.40376 0.16697
v 52.44386 4.48063 0.16524
v 52.45572 4.59625 0.16745
v 52.46241 4.59951 0.18934
v 52.43630 4.69014 0.18956
v 52.39472 4.59715 0.19014
v 52.39128 4.51783 0.19014
v 52.35107 4.43370 0.19014
v 52.31335 4.35493 0.19014
v 52.22975 4.31321 0.19014
v 52.14379 4.30698 0.19014
v 52.05819 4.30598 0.19014
v 52.01107 4.31057 0.19014
v 51.92909 4.39249 0.19014
v 51.83403 4.43052 0.18982
v 51.80317 4.51835 0.18943
v 51.83563 4.43319 0.16524
v 51.80925 4.51890 0.16614
v 51.88984 4.43751 0.15781
v 51.92861 4.39223 0.15781
v 52.01071 4.31008 0.15781
v 52.05799 4.30552 0.15781
v 52.14382 4.30656 0.15781
v 52.22717 4.31483 0.15781
v 52.31384 4.35456 0.15781
v 52.34823 4.43689 0.15781
v 52.39160 4.51778 0.15781
v 52.39507 4.59719 0.15781
v 52.39078 4.68523 0.15781
v 52.43105 4.68993 0.16595
v 52.38627 4.76783 0.16633
v 52.30589 4.84181 0.16682
v 52.39050 4.77065 0.18951
v 52.30688 4.84847 0.18938
v 52.34772 4.73250 0.19014
v 52.26639 4.81500 0.19014
v 52.39207 4.68536 0.19014
v 52.18555 4.81620 0.19014
v 52.18089 4.89326 0.18956
v 52.09973 4.81856 0.19014
v 52.09907 4.89627 0.18949
v 52.01399 4.81531 0.19014
v 52.01104 4.86915 0.18986
v 51.96930 4.77245 0.19014
v 51.92551 4.81957 0.18981
v 51.88770 4.69183 0.19014
v 51.84475 4.73021 0.18945
v 51.88340 4.60957 0.19014
v 51.81003 4.64711 0.18942
v 51.84518 4.52346 0.19014
v 51.89041 4.43771 0.19014
v 51.81625 4.64675 0.16640
v 51.85104 4.72966 0.16589
v 51.88295 4.60963 0.15781
v 51.88709 4.69204 0.15781
v 51.84464 4.52340 0.15781
v 51.96890 4.77279 0.15781
v 51.92657 4.81747 0.16514
v 52.01366 4.81577 0.15781
v 52.01284 4.86742 0.16524
v 52.09776 4.85599 0.15781
v 52.09917 4.89107 0.16614
v 52.18568 4.81661 0.15781
v 52.18187 4.88848 0.16613
v 52.26831 4.81356 0.15781
v 52.34827 4.73278 0.15781
v 52.43620 4.43700 0.18950
v 52.38924 4.35438 0.18941
v 52.36202 4.34028 0.19000
v 52.30537 4.27720 0.18927
v 52.31667 4.29914 0.19003
v 52.22075 4.23753 0.18909
v 52.23035 4.25457 0.18999
v 52.13784 4.22978 0.18946
v 52.09866 4.23113 0.18946
v 52.04305 4.25406 0.19001
v 52.01025 4.25744 0.18971
v 51.89787 4.31975 0.18914
v 51.92837 4.30432 0.18970
v 51.93023 4.30689 0.16595
v 51.90550 4.32652 0.16697
v 52.04438 4.25586 0.16320
v 52.01297 4.25983 0.16555
v 52.09963 4.23677 0.16653
v 52.13794 4.23578 0.16613
v 52.21388 4.24539 0.16745
v 52.22967 4.25578 0.16447
v 52.31525 4.30024 0.16290
v 52.30159 4.28353 0.16674
v 52.39977 4.38550 0.16447
v 52.38293 4.35605 0.16626
v 52.36050 4.34138 0.16354
v 52.43126 4.43822 0.16633
v 52.44590 4.51270 0.16290
v 52.45522 4.52586 0.16771
v 52.45710 4.55795 0.16697
v 52.44767 4.51157 0.19002
v 52.46265 4.52169 0.18925
v 52.46359 4.55902 0.18939
v 52.44836 4.61435 0.19003
v 52.44543 4.64876 0.18986
v 52.34916 4.56152 0.19014
v 52.39022 4.56369 0.19014
v 52.34785 4.47115 0.19014
v 52.39211 4.47867 0.19014
v 52.38872 4.43413 0.19014
v 52.30586 4.39448 0.19014
v 52.30843 4.43417 0.19014
v 52.26719 4.35227 0.19014
v 52.26660 4.30796 0.19014
v 52.17920 4.30659 0.19014
v 52.18064 4.35147 0.19014
v 52.21846 4.34633 0.19014
v 52.18203 4.26314 0.19014
v 52.14198 4.26841 0.19014
v 52.09852 4.30931 0.19014
v 52.01397 4.34914 0.19014
v 52.05757 4.35433 0.19014
v 51.97293 4.39270 0.19014
v 51.97255 4.35092 0.19014
v 51.97354 4.30650 0.19014
v 51.92741 4.35139 0.19014
v 51.84881 4.39198 0.18955
v 51.81619 4.44127 0.18908
v 51.80970 4.47947 0.18941
v 51.82320 4.45595 0.16745
v 51.81646 4.48108 0.16640
v 51.85385 4.39268 0.16643
v 51.92676 4.35094 0.15782
v 51.92946 4.43292 0.15781
v 52.01371 4.34883 0.15781
v 51.97440 4.35378 0.15781
v 51.97260 4.39247 0.15781
v 51.97195 4.30771 0.15782
v 52.05741 4.35404 0.15781
v 52.09843 4.30888 0.15781
v 52.18104 4.30976 0.15781
v 52.14367 4.26978 0.15781
v 52.18223 4.26237 0.15782
v 52.26704 4.30743 0.15781
v 52.26752 4.35194 0.15781
v 52.30875 4.43401 0.15781
v 52.30223 4.39550 0.15781
v 52.39255 4.47855 0.15781
v 52.35468 4.47571 0.15781
v 52.38934 4.43390 0.15781
v 52.39052 4.56369 0.15781
v 52.34938 4.56152 0.15781
v 52.39356 4.64973 0.15781
v 52.34904 4.64571 0.15781
v 52.35244 4.60439 0.15781
v 52.44684 4.61301 0.16263
v 52.44392 4.64706 0.16555
v 52.41576 4.72485 0.16720
v 52.40111 4.73616 0.16305
v 52.32011 4.82369 0.16320
v 52.35106 4.80586 0.16633
v 52.35236 4.81055 0.18957
v 52.32139 4.82518 0.19002
v 52.42342 4.72848 0.18923
v 52.40276 4.73687 0.19002
v 52.35582 4.77728 0.19014
v 52.30889 4.73357 0.19014
v 52.26678 4.73201 0.19014
v 52.26665 4.77446 0.19014
v 52.35081 4.68677 0.19014
v 52.30906 4.68927 0.19014
v 52.35218 4.60434 0.19014
v 52.34869 4.64562 0.19014
v 52.39302 4.64959 0.19014
v 52.22548 4.77320 0.19014
v 52.22213 4.81718 0.19014
v 52.18377 4.85583 0.19014
v 52.14370 4.81668 0.19014
v 52.09729 4.85713 0.19014
v 52.05812 4.81320 0.19014
v 52.02042 4.77773 0.19014
v 51.92887 4.77317 0.19014
v 51.97063 4.73236 0.19014
v 51.92891 4.72967 0.19014
v 51.92672 4.69049 0.19014
v 51.88632 4.73225 0.19014
v 51.92790 4.64748 0.19014
v 51.88429 4.64247 0.19014
v 51.84330 4.64443 0.19014
v 51.88920 4.55845 0.19014
v 51.88588 4.52028 0.19014
v 51.88421 4.47728 0.19014
v 51.92986 4.43309 0.19014
v 51.80067 4.55840 0.18945
v 51.80341 4.60303 0.18948
v 51.81603 4.68452 0.18910
v 51.83422 4.69442 0.18997
v 51.82316 4.67184 0.16697
v 51.83465 4.69411 0.16544
v 51.80646 4.55781 0.16601
v 51.80848 4.60274 0.16623
v 51.84392 4.64348 0.15782
v 51.88376 4.64259 0.15781
v 51.92753 4.64758 0.15781
v 51.88886 4.55845 0.15781
v 51.88374 4.47716 0.15781
v 51.88552 4.52023 0.15781
v 51.88553 4.73260 0.15782
v 51.92630 4.69065 0.15781
v 51.92842 4.72994 0.15781
v 51.97030 4.73258 0.15781
v 51.92825 4.77358 0.15781
v 52.02017 4.77804 0.15781
v 52.05793 4.81362 0.15781
v 52.09861 4.81589 0.15781
v 52.14374 4.81710 0.15781
v 52.18262 4.85474 0.15782
v 52.21981 4.81433 0.15781
v 52.22191 4.77017 0.15781
v 52.26330 4.77098 0.15781
v 52.30851 4.73019 0.15781
v 52.35243 4.77244 0.15782
v 52.31074 4.68466 0.15781
v 52.35126 4.68695 0.15781
v 52.21932 4.88112 0.16674
v 52.23206 4.86838 0.16336
v 52.26697 4.86170 0.16586
v 52.13740 4.89250 0.16614
v 52.05553 4.88385 0.16653
v 51.94452 4.83441 0.16858
v 51.97239 4.85053 0.16623
v 51.90111 4.79731 0.16745
v 51.88183 4.77323 0.16534
v 51.86366 4.75230 0.16697
v 51.85710 4.76161 0.18919
v 51.88025 4.77668 0.18969
v 51.89755 4.80484 0.18927
v 51.97210 4.85520 0.18958
v 51.93851 4.84274 0.18906
v 52.05693 4.88902 0.18954
v 52.13792 4.89789 0.18948
v 52.26832 4.86385 0.18975
v 52.23348 4.87083 0.19000
v 52.22123 4.88828 0.18929
v 52.43705 4.55939 0.19014
v 52.13129 4.56416 0.19014
v 52.26459 4.68459 0.19014
v 52.22932 4.69828 0.19014
v 52.22747 4.65105 0.19014
v 52.18306 4.65398 0.19014
v 52.21876 4.72691 0.19014
v 52.18366 4.72239 0.19014
v 52.19626 4.67690 0.19014
v 52.18121 4.77347 0.19014
v 52.14324 4.77286 0.19014
v 52.14092 4.73234 0.19014
v 52.14803 4.68051 0.19014
v 52.10050 4.77487 0.19014
v 52.09735 4.72747 0.19014
v 52.09911 4.68893 0.19014
v 52.10501 4.66605 0.19014
v 52.01540 4.73325 0.19014
v 52.05751 4.76983 0.19014
v 52.05971 4.72994 0.19014
v 52.04540 4.70012 0.19014
v 52.05730 4.64853 0.19014
v 51.96817 4.69084 0.19014
v 52.01490 4.68421 0.19014
v 51.97718 4.65566 0.19014
v 51.97098 4.60834 0.19014
v 52.02010 4.63018 0.19014
v 52.01991 4.59730 0.19014
v 51.92260 4.60548 0.19014
v 51.92932 4.56107 0.19014
v 51.96647 4.56583 0.19014
v 52.01523 4.56076 0.19014
v 51.92374 4.52311 0.19014
v 51.97037 4.52142 0.19014
v 52.02198 4.52455 0.19014
v 51.92906 4.47422 0.19014
v 51.96714 4.43600 0.19014
v 51.96603 4.48461 0.19014
v 51.99712 4.46730 0.19014
v 52.04382 4.50724 0.19014
v 52.01526 4.39681 0.19014
v 52.02099 4.44019 0.19014
v 52.05029 4.47995 0.19014
v 52.06418 4.41174 0.19014
v 52.05120 4.43614 0.19014
v 52.09354 4.46603 0.19014
v 52.09573 4.35541 0.19014
v 52.13695 4.35431 0.19014
v 52.09503 4.39575 0.19014
v 52.13939 4.39609 0.19014
v 52.10383 4.43660 0.19014
v 52.14141 4.46064 0.19014
v 52.18051 4.40489 0.19014
v 52.14399 4.43423 0.19014
v 52.22290 4.39091 0.19014
v 52.22664 4.42807 0.19014
v 52.18293 4.44454 0.19014
v 52.18732 4.47546 0.19014
v 52.27141 4.39465 0.19014
v 52.26572 4.42608 0.19014
v 52.27022 4.47191 0.19014
v 52.22367 4.48734 0.19014
v 52.31347 4.47591 0.19014
v 52.26850 4.52079 0.19014
v 52.22813 4.52579 0.19014
v 52.34716 4.51630 0.19014
v 52.30589 4.52544 0.19014
v 52.29614 4.56248 0.19014
v 52.23513 4.55803 0.19014
v 52.31113 4.60389 0.19014
v 52.26740 4.61088 0.19014
v 52.25961 4.57708 0.19014
v 52.22532 4.60597 0.19014
v 52.31038 4.64381 0.19014
v 52.27403 4.64751 0.19014
v 52.35183 4.39622 0.19014
v 52.09615 4.26432 0.19014
v 51.88470 4.39060 0.19014
v 51.84102 4.47549 0.15782
v 51.88387 4.39021 0.15782
v 52.13128 4.56416 0.15781
v 52.26482 4.68472 0.15781
v 52.27424 4.64759 0.15781
v 52.26216 4.72619 0.15781
v 52.22762 4.65114 0.15781
v 52.22543 4.60601 0.15781
v 52.31133 4.60393 0.15781
v 52.31065 4.64390 0.15781
v 52.26756 4.61092 0.15781
v 52.29629 4.56248 0.15781
v 52.25972 4.57709 0.15781
v 52.23521 4.55802 0.15781
v 52.34739 4.51626 0.15781
v 52.31372 4.47582 0.15781
v 52.30606 4.52541 0.15781
v 52.26864 4.52075 0.15781
v 52.22824 4.52576 0.15781
v 52.27042 4.47181 0.15781
v 52.22380 4.48727 0.15781
v 52.26440 4.39139 0.15781
v 52.22307 4.39069 0.15781
v 52.26596 4.42593 0.15781
v 52.22680 4.42792 0.15781
v 52.18740 4.47536 0.15781
v 52.22341 4.35093 0.15781
v 52.17810 4.35611 0.15781
v 52.18060 4.40470 0.15781
v 52.18301 4.44441 0.15781
v 52.14142 4.46053 0.15781
v 52.13696 4.35403 0.15781
v 52.13940 4.39588 0.15781
v 52.14401 4.43408 0.15781
v 52.09566 4.35513 0.15781
v 52.09497 4.39555 0.15781
v 52.06406 4.41156 0.15781
v 52.10378 4.43645 0.15781
v 52.09348 4.46592 0.15781
v 52.01505 4.39661 0.15781
v 52.05106 4.43600 0.15781
v 52.02081 4.44005 0.15781
v 52.05016 4.47987 0.15781
v 51.96685 4.43585 0.15781
v 51.99690 4.46720 0.15781
v 52.04369 4.50718 0.15781
v 51.92873 4.47412 0.15781
v 51.92348 4.52307 0.15781
v 51.96578 4.48452 0.15781
v 51.97017 4.52138 0.15781
v 52.02184 4.52452 0.15781
v 51.92907 4.56107 0.15781
v 51.96628 4.56584 0.15781
v 52.01510 4.56076 0.15781
v 51.92228 4.60553 0.15781
v 51.97075 4.60838 0.15781
v 52.01976 4.59733 0.15781
v 51.96787 4.69099 0.15781
v 51.97693 4.65575 0.15781
v 52.01471 4.68434 0.15781
v 52.01993 4.63024 0.15781
v 52.05718 4.64862 0.15781
v 52.01518 4.73346 0.15781
v 52.04526 4.70028 0.15781
v 52.05736 4.77011 0.15781
v 52.10044 4.77515 0.15781
v 52.05958 4.73014 0.15781
v 52.09728 4.72767 0.15781
v 52.09906 4.68907 0.15781
v 52.10497 4.66617 0.15781
v 52.14327 4.77314 0.15781
v 52.14094 4.73254 0.15781
v 52.14805 4.68064 0.15781
v 52.18131 4.77375 0.15781
v 52.18375 4.72258 0.15781
v 52.18314 4.65408 0.15781
v 52.21892 4.72710 0.15781
v 52.22948 4.69843 0.15781
v 52.19637 4.67703 0.15781
v 52.09601 4.26358 0.15782
v 52.34982 4.39580 0.15781
v 52.43634 4.56048 0.15782
v 52.30899 4.77473 0.19014
v 52.13732 4.85579 0.19014
v 52.05212 4.85775 0.19014
v 51.96763 4.81553 0.19014
v 51.84557 4.60517 0.19014
v 51.84397 4.56296 0.19014
v 51.83938 4.47682 0.19014
v 51.84489 4.60526 0.15782
v 51.84340 4.56297 0.15782
v 51.96705 4.81611 0.15782
v 52.05351 4.86017 0.15782
v 52.13734 4.85644 0.15782
v 52.30948 4.77510 0.15781
v 52.43043 3.72587 0.18950
v 52.38461 3.80130 0.18925
v 52.46561 3.59771 0.18940
v 52.44854 3.50432 0.19000
v 52.42982 3.42923 0.18951
v 52.35883 3.33938 0.18979
v 52.26450 3.27030 0.18946
v 52.18255 3.25311 0.18994
v 52.26241 3.27549 0.16639
v 52.18216 3.25370 0.16569
v 52.35710 3.34141 0.16534
v 52.42397 3.42842 0.16643
v 52.44760 3.50469 0.16435
v 52.45950 3.59676 0.16667
v 52.42414 3.72668 0.16643
v 52.38086 3.79281 0.16797
v 52.30375 3.85651 0.16595
v 52.30815 3.85788 0.18969
v 52.18330 3.90286 0.18989
v 52.09922 3.90388 0.18997
v 52.18263 3.90157 0.16569
v 52.09917 3.90312 0.16534
v 52.01193 3.88462 0.16626
v 51.91858 3.81833 0.16336
v 52.01262 3.89101 0.18942
v 51.91750 3.82003 0.19001
v 51.83978 3.72717 0.16586
v 51.83748 3.72861 0.18973
v 51.80958 3.64204 0.16614
v 51.80451 3.55844 0.16577
v 51.83993 3.42870 0.16577
v 51.79857 3.55726 0.18946
v 51.83773 3.42728 0.18977
v 51.89091 3.35349 0.16664
v 51.88783 3.34957 0.18950
v 51.96684 3.29554 0.16514
v 52.05481 3.25841 0.16577
v 52.05398 3.25525 0.18969
v 51.96609 3.29465 0.18997
v 52.14381 3.30385 0.19014
v 52.22526 3.34326 0.19014
v 52.30777 3.38271 0.19014
v 52.35615 3.43251 0.19014
v 52.39464 3.51495 0.19014
v 52.39438 3.60151 0.19014
v 52.39358 3.68311 0.19014
v 52.34921 3.76604 0.19014
v 52.26403 3.80957 0.19014
v 52.18618 3.85366 0.19014
v 52.09936 3.85306 0.19014
v 52.01741 3.81227 0.19014
v 51.96785 3.76966 0.19014
v 51.88729 3.72277 0.19014
v 51.84381 3.63912 0.19014
v 51.80439 3.64067 0.18952
v 51.84680 3.55418 0.19014
v 51.88680 3.47215 0.19014
v 51.92599 3.39236 0.19014
v 52.01112 3.34325 0.19014
v 52.05836 3.30437 0.19014
v 52.05815 3.30383 0.15781
v 52.14385 3.30334 0.15781
v 52.22548 3.34289 0.15781
v 52.30819 3.38241 0.15781
v 52.35668 3.43229 0.15781
v 52.39243 3.51597 0.15781
v 52.39495 3.60155 0.15781
v 52.39425 3.68329 0.15781
v 52.35131 3.76477 0.15781
v 52.26436 3.80995 0.15781
v 52.18397 3.85389 0.15781
v 52.09927 3.85358 0.15781
v 52.01714 3.81265 0.15781
v 51.96748 3.76994 0.15781
v 51.88664 3.72302 0.15781
v 51.84501 3.64063 0.15782
v 51.84608 3.55414 0.15781
v 51.88625 3.47199 0.15781
v 51.92800 3.39043 0.15781
v 52.01082 3.34287 0.15781
v 52.40009 3.77062 0.18971
v 52.44266 3.68774 0.18971
v 52.44867 3.65061 0.18999
v 52.46374 3.63542 0.18925
v 52.46319 3.51989 0.18925
v 52.46545 3.55781 0.18940
v 52.44292 3.46751 0.18968
v 52.40030 3.38522 0.18968
v 52.38432 3.35523 0.18929
v 52.34160 3.31484 0.18934
v 52.30845 3.29745 0.18966
v 52.22521 3.25696 0.18945
v 52.22602 3.26316 0.16589
v 52.33492 3.31848 0.16674
v 52.30421 3.29868 0.16633
v 52.38101 3.36280 0.16720
v 52.39838 3.38878 0.16534
v 52.43991 3.47032 0.16566
v 52.45955 3.55832 0.16682
v 52.45635 3.52604 0.16720
v 52.44011 3.68544 0.16566
v 52.44774 3.65015 0.16447
v 52.45639 3.62904 0.16720
v 52.39833 3.76749 0.16514
v 52.35735 3.81395 0.16534
v 52.33508 3.83688 0.16697
v 52.35914 3.81563 0.18980
v 52.34194 3.84073 0.18933
v 52.22523 3.89813 0.18948
v 52.26448 3.88526 0.18946
v 52.13771 3.90594 0.18997
v 52.13763 3.90541 0.16566
v 52.22628 3.89225 0.16589
v 52.26268 3.87982 0.16653
v 52.05487 3.89694 0.16586
v 51.98779 3.87487 0.16697
v 51.96688 3.86033 0.16534
v 51.93342 3.84055 0.16626
v 51.85813 3.76083 0.16633
v 51.87629 3.77431 0.16305
v 51.89093 3.80214 0.16674
v 51.82038 3.68531 0.16712
v 51.80380 3.59719 0.16614
v 51.80959 3.51403 0.16614
v 51.82029 3.47028 0.16712
v 51.87674 3.38064 0.16290
v 51.85806 3.39477 0.16633
v 51.93334 3.31477 0.16640
v 51.91883 3.33614 0.16354
v 51.98755 3.28060 0.16697
v 52.01173 3.27091 0.16626
v 52.09878 3.25146 0.16566
v 52.13809 3.25065 0.16544
v 52.01228 3.26461 0.18943
v 51.97595 3.27536 0.18914
v 52.13791 3.24989 0.18997
v 52.09906 3.25062 0.18997
v 51.93204 3.30844 0.18941
v 51.91738 3.33489 0.19000
v 52.27382 3.29724 0.19014
v 52.18099 3.30425 0.19014
v 52.17599 3.34065 0.19014
v 52.25914 3.34869 0.19014
v 52.26577 3.39060 0.19014
v 52.30687 3.34737 0.19014
v 52.30602 3.42604 0.19014
v 52.39456 3.42810 0.19014
v 52.34685 3.47041 0.19014
v 52.35331 3.51475 0.19014
v 52.38732 3.55622 0.19014
v 52.43793 3.59844 0.19014
v 52.34952 3.64201 0.19014
v 52.35416 3.68314 0.19014
v 52.34730 3.72534 0.19014
v 52.31050 3.76886 0.19014
v 52.26622 3.76441 0.19014
v 52.27518 3.85945 0.19014
v 52.22540 3.81304 0.19014
v 52.18263 3.81316 0.19014
v 52.14484 3.80774 0.19014
v 52.14148 3.85373 0.19014
v 52.10013 3.81484 0.19014
v 52.05560 3.80659 0.19014
v 52.01269 3.85323 0.19014
v 52.01870 3.76516 0.19014
v 51.96957 3.72891 0.19014
v 51.92995 3.72818 0.19014
v 51.89082 3.68138 0.19014
v 51.92905 3.68679 0.19014
v 51.88330 3.64283 0.19014
v 51.89231 3.60236 0.19014
v 51.88625 3.55346 0.19014
v 51.88452 3.51290 0.19014
v 51.83712 3.46687 0.19014
v 51.93164 3.47024 0.19014
v 51.93142 3.42788 0.19014
v 51.87490 3.37871 0.19003
v 51.96679 3.38556 0.19014
v 51.97532 3.34434 0.19014
v 52.05906 3.34763 0.19014
v 52.09511 3.29869 0.19014
v 52.09813 3.34311 0.19014
v 52.14048 3.34583 0.19014
v 51.85082 3.39101 0.18926
v 51.81200 3.47144 0.18932
v 51.80376 3.51437 0.18950
v 51.79842 3.59681 0.18945
v 51.81271 3.68338 0.18935
v 51.85178 3.76484 0.18928
v 51.87512 3.77616 0.19003
v 51.88769 3.80585 0.18948
v 51.93242 3.84729 0.18941
v 51.96610 3.86060 0.18997
v 51.97605 3.87971 0.18916
v 52.05505 3.90062 0.18967
v 51.83837 3.68786 0.19014
v 52.14050 3.34549 0.15781
v 52.09805 3.34276 0.15781
v 52.09708 3.29988 0.15781
v 52.17609 3.34029 0.15781
v 52.18113 3.30372 0.15781
v 52.27126 3.30061 0.15782
v 52.26604 3.39035 0.15781
v 52.25947 3.34831 0.15781
v 52.30637 3.42584 0.15781
v 52.30740 3.34691 0.15781
v 52.34829 3.51128 0.15781
v 52.34728 3.47027 0.15781
v 52.39541 3.42778 0.15782
v 52.38787 3.55619 0.15781
v 52.35461 3.68328 0.15781
v 52.34993 3.64208 0.15781
v 52.43637 3.59983 0.15782
v 52.34426 3.72228 0.15781
v 52.26650 3.76466 0.15781
v 52.31092 3.76916 0.15781
v 52.27120 3.85655 0.15782
v 52.18275 3.81351 0.15781
v 52.22562 3.81342 0.15781
v 52.13878 3.85229 0.15781
v 52.14487 3.80808 0.15781
v 52.05543 3.80693 0.15781
v 52.10005 3.81520 0.15781
v 52.01377 3.85297 0.15782
v 52.01847 3.76540 0.15781
v 51.92951 3.72839 0.15781
v 51.96927 3.72910 0.15781
v 51.88591 3.64032 0.15781
v 51.89028 3.68153 0.15781
v 51.92867 3.68692 0.15781
v 51.88577 3.55343 0.15781
v 51.89185 3.60239 0.15781
v 51.88734 3.51114 0.15781
v 51.83973 3.46965 0.15782
v 51.93099 3.42767 0.15781
v 51.93127 3.47011 0.15781
v 51.97528 3.34646 0.15781
v 51.96953 3.38716 0.15781
v 52.05890 3.34728 0.15781
v 52.22571 3.30270 0.19014
v 52.13129 3.57767 0.19014
v 52.30347 3.72528 0.19014
v 52.27165 3.72630 0.19014
v 52.26199 3.68334 0.19014
v 52.23088 3.68375 0.19014
v 52.19781 3.65932 0.19014
v 52.22381 3.76643 0.19014
v 52.21807 3.72680 0.19014
v 52.18435 3.73625 0.19014
v 52.18326 3.68332 0.19014
v 52.14208 3.76087 0.19014
v 52.18430 3.77570 0.19014
v 52.14998 3.72238 0.19014
v 52.13749 3.68307 0.19014
v 52.09681 3.77165 0.19014
v 52.10472 3.72113 0.19014
v 52.09209 3.68876 0.19014
v 52.05873 3.76932 0.19014
v 52.05668 3.72875 0.19014
v 52.05991 3.67115 0.19014
v 52.01299 3.72034 0.19014
v 52.00810 3.69008 0.19014
v 52.05025 3.64476 0.19014
v 51.93071 3.63754 0.19014
v 51.97001 3.68482 0.19014
v 51.97502 3.63938 0.19014
v 52.01912 3.64399 0.19014
v 52.02145 3.60200 0.19014
v 51.92466 3.59701 0.19014
v 51.96592 3.59564 0.19014
v 51.92656 3.55744 0.19014
v 51.93411 3.50730 0.19014
v 51.96543 3.55279 0.19014
v 52.01577 3.55794 0.19014
v 51.95910 3.46668 0.19014
v 51.97392 3.50838 0.19014
v 52.01303 3.47184 0.19014
v 52.01210 3.52519 0.19014
v 52.05384 3.50837 0.19014
v 51.97170 3.43485 0.19014
v 52.00165 3.41857 0.19014
v 52.01875 3.39386 0.19014
v 52.05542 3.38247 0.19014
v 52.05391 3.42801 0.19014
v 52.06556 3.46471 0.19014
v 52.09307 3.47934 0.19014
v 52.14143 3.39092 0.19014
v 52.09711 3.39509 0.19014
v 52.13287 3.43176 0.19014
v 52.09357 3.43053 0.19014
v 52.14138 3.47388 0.19014
v 52.18370 3.37482 0.19014
v 52.18080 3.41794 0.19014
v 52.22837 3.39125 0.19014
v 52.22160 3.43531 0.19014
v 52.18551 3.47318 0.19014
v 52.27354 3.43078 0.19014
v 52.26091 3.47036 0.19014
v 52.21757 3.47971 0.19014
v 52.22789 3.51097 0.19014
v 52.31180 3.46844 0.19014
v 52.31414 3.52237 0.19014
v 52.28300 3.50911 0.19014
v 52.23251 3.55525 0.19014
v 52.34305 3.55134 0.19014
v 52.29665 3.55971 0.19014
v 52.25835 3.54952 0.19014
v 52.34791 3.59908 0.19014
v 52.30480 3.60119 0.19014
v 52.26077 3.59047 0.19014
v 52.23283 3.60433 0.19014
v 52.30963 3.68437 0.19014
v 52.30261 3.64705 0.19014
v 52.26735 3.64364 0.19014
v 52.21965 3.63463 0.19014
v 52.34973 3.38897 0.19014
v 52.39371 3.47261 0.19014
v 52.43684 3.55753 0.19014
v 52.39705 3.64244 0.19014
v 52.39566 3.72662 0.19014
v 52.30539 3.81033 0.19014
v 52.22265 3.85412 0.19014
v 52.05615 3.85032 0.19014
v 51.96797 3.80644 0.19014
v 51.92785 3.76931 0.19014
v 51.84563 3.59917 0.19014
v 51.83965 3.51661 0.19014
v 51.88585 3.42917 0.19014
v 52.01115 3.29888 0.19014
v 52.01296 3.29910 0.15782
v 52.22602 3.30212 0.15781
v 52.13129 3.57767 0.15781
v 52.30380 3.72546 0.15781
v 52.30994 3.68449 0.15781
v 52.27191 3.72648 0.15781
v 52.26220 3.68346 0.15781
v 52.23104 3.68386 0.15781
v 52.21978 3.63468 0.15781
v 52.30289 3.64712 0.15781
v 52.29740 3.60258 0.15781
v 52.26756 3.64371 0.15781
v 52.23298 3.60435 0.15781
v 52.34424 3.59871 0.15781
v 52.34341 3.55131 0.15781
v 52.29690 3.55969 0.15781
v 52.26096 3.59048 0.15781
v 52.23266 3.55523 0.15781
v 52.31444 3.52231 0.15781
v 52.28324 3.50904 0.15781
v 52.25853 3.54950 0.15781
v 52.31212 3.46832 0.15781
v 52.26112 3.47024 0.15781
v 52.22803 3.51090 0.15781
v 52.22856 3.39101 0.15781
v 52.27379 3.43061 0.15781
v 52.22175 3.43515 0.15781
v 52.21771 3.47961 0.15781
v 52.18560 3.47307 0.15781
v 52.18380 3.37455 0.15781
v 52.18089 3.41775 0.15781
v 52.14140 3.47376 0.15781
v 52.14145 3.39068 0.15781
v 52.13287 3.43159 0.15781
v 52.05527 3.38222 0.15781
v 52.09705 3.39486 0.15781
v 52.09351 3.43036 0.15781
v 52.06324 3.42477 0.15781
v 52.09301 3.47923 0.15781
v 52.01853 3.39363 0.15781
v 52.01813 3.42618 0.15781
v 52.01284 3.47173 0.15781
v 52.06545 3.46459 0.15781
v 52.05372 3.50830 0.15781
v 51.97140 3.43468 0.15781
v 51.95880 3.46656 0.15781
v 51.93377 3.50722 0.15781
v 51.97368 3.50831 0.15781
v 51.96517 3.55276 0.15781
v 52.01192 3.52514 0.15781
v 52.01560 3.55793 0.15781
v 51.92622 3.55742 0.15781
v 51.92432 3.59703 0.15781
v 51.96567 3.59565 0.15781
v 52.02129 3.60203 0.15781
v 51.93036 3.63760 0.15781
v 51.97478 3.63945 0.15781
v 51.96974 3.68494 0.15781
v 52.00790 3.69020 0.15781
v 52.01895 3.64406 0.15781
v 52.05013 3.64482 0.15781
v 52.01279 3.72050 0.15781
v 52.05655 3.72892 0.15781
v 52.05980 3.67125 0.15781
v 52.05859 3.76956 0.15781
v 52.09674 3.77190 0.15781
v 52.10467 3.72129 0.15781
v 52.09202 3.68888 0.15781
v 52.14210 3.76110 0.15781
v 52.15001 3.72255 0.15781
v 52.13750 3.68319 0.15781
v 52.18440 3.77595 0.15781
v 52.22399 3.76667 0.15781
v 52.18444 3.73643 0.15781
v 52.18335 3.68343 0.15781
v 52.21821 3.72697 0.15781
v 52.19792 3.65941 0.15781
v 52.35038 3.38861 0.15782
v 52.39216 3.46987 0.15781
v 52.43652 3.55634 0.15782
v 52.39769 3.64254 0.15781
v 52.39518 3.72557 0.15782
v 52.30786 3.80849 0.15782
v 52.22295 3.85472 0.15782
v 52.05784 3.84791 0.15781
v 51.96750 3.80687 0.15781
v 51.92731 3.76965 0.15781
v 51.84136 3.68479 0.15782
v 51.84486 3.59920 0.15782
v 51.84346 3.51488 0.15782
v 51.88650 3.43248 0.15781
v 52.44829 5.43942 0.17659
v 52.44880 5.53302 0.17683
v 52.41606 5.32963 0.17770
v 52.34036 5.23809 0.17747
v 52.22896 5.17857 0.17703
v 52.14635 5.16166 0.17772
v 52.01399 5.18456 0.17726
v 51.92976 5.23262 0.17747
v 51.85480 5.31715 0.17751
v 51.81067 5.44238 0.17747
v 51.81043 5.52698 0.17747
v 52.41582 5.64141 0.17804
v 52.40232 5.65602 0.17601
v 52.34525 5.72885 0.17780
v 52.23241 5.79020 0.17663
v 52.14437 5.80934 0.17742
v 52.01331 5.78605 0.17724
v 51.92831 5.73727 0.17732
v 51.85413 5.65234 0.17749
v 51.88154 5.52911 0.17069
v 51.88180 5.44066 0.17069
v 51.88774 5.35566 0.17069
v 51.96757 5.27230 0.17069
v 52.05242 5.23299 0.16973
v 52.14132 5.23038 0.17069
v 52.22615 5.22983 0.17069
v 52.30804 5.27429 0.17146
v 52.35320 5.35606 0.17069
v 52.39253 5.44250 0.17069
v 52.39228 5.53026 0.17069
v 52.34864 5.61172 0.16944
v 52.30764 5.69621 0.17069
v 52.22349 5.73720 0.17069
v 52.13791 5.73828 0.17069
v 52.05232 5.73675 0.17069
v 51.96922 5.69528 0.17176
v 51.88802 5.60860 0.17154
v 52.39985 5.30879 0.17692
v 52.45465 5.51488 0.17764
v 52.45561 5.48646 0.17792
v 52.45479 5.45823 0.17785
v 52.44290 5.40221 0.17717
v 52.42942 5.36014 0.17749
v 52.35849 5.26230 0.17600
v 52.38042 5.27832 0.17758
v 52.26850 5.19269 0.17726
v 52.29410 5.20508 0.17772
v 52.31149 5.21942 0.17679
v 52.18224 5.16502 0.17764
v 52.10417 5.16239 0.17781
v 52.06950 5.16681 0.17792
v 52.04940 5.17671 0.17635
v 52.20250 5.16845 0.17851
v 51.96119 5.21650 0.17599
v 51.97654 5.20088 0.17759
v 51.88887 5.27151 0.17753
v 51.83411 5.36013 0.17710
v 51.81856 5.40108 0.17761
v 51.80788 5.48467 0.17747
v 52.42953 5.61021 0.17740
v 52.44251 5.56992 0.17717
v 52.38432 5.68791 0.17778
v 52.31650 5.74646 0.17589
v 52.29848 5.76360 0.17785
v 52.26696 5.77896 0.17724
v 52.18651 5.80517 0.17766
v 52.21432 5.79956 0.17782
v 52.06059 5.80224 0.17799
v 52.10232 5.80841 0.17750
v 51.96894 5.76602 0.17758
v 51.90120 5.71466 0.17810
v 51.88392 5.69342 0.17717
v 51.81812 5.56840 0.17766
v 51.83327 5.60868 0.17699
v 51.84535 5.52566 0.17069
v 51.84564 5.44192 0.17069
v 51.88681 5.48490 0.17069
v 51.92809 5.39813 0.17069
v 51.88394 5.40293 0.17069
v 51.96724 5.31373 0.17248
v 51.92824 5.31340 0.16889
v 51.92864 5.35324 0.17069
v 51.92791 5.27222 0.17069
v 52.01427 5.26959 0.17069
v 52.09941 5.23421 0.17193
v 52.18339 5.23581 0.16922
v 52.13726 5.18739 0.17069
v 52.19045 5.18037 0.17375
v 52.26622 5.27394 0.17069
v 52.22548 5.26680 0.17069
v 52.31429 5.35762 0.17069
v 52.30921 5.31461 0.16889
v 52.34862 5.39901 0.17069
v 52.39226 5.35575 0.17069
v 52.38582 5.48636 0.17069
v 52.34414 5.48624 0.17069
v 52.35483 5.56812 0.17069
v 52.31346 5.65077 0.17069
v 52.38890 5.61118 0.17069
v 52.22180 5.69477 0.17069
v 52.26572 5.69386 0.17069
v 52.18107 5.73430 0.17069
v 52.14081 5.77612 0.17146
v 52.09788 5.73464 0.17069
v 52.01178 5.69232 0.17069
v 52.01344 5.73059 0.17069
v 51.92949 5.69647 0.17069
v 51.92890 5.61207 0.17069
v 51.92956 5.65471 0.17069
v 51.97101 5.65324 0.17069
v 51.88617 5.65191 0.17139
v 51.88569 5.56192 0.16889
v 51.92838 5.56802 0.17299
v 52.35911 5.70031 0.17360
v 52.44079 5.48691 0.17338
v 52.18134 5.27714 0.17299
v 51.88266 5.31103 0.17368
v 51.84236 5.56748 0.17216
v 51.84536 5.48478 0.17069
v 51.84205 5.39867 0.17216
v 52.13129 5.48561 0.17069
v 52.31332 5.57024 0.17069
v 52.31261 5.60352 0.17392
v 52.27727 5.57090 0.17069
v 52.26843 5.52436 0.17069
v 52.22157 5.56221 0.17069
v 52.22792 5.52128 0.17069
v 52.34965 5.53034 0.17069
v 52.30902 5.52380 0.17069
v 52.29633 5.48610 0.17069
v 52.23425 5.48592 0.17069
v 52.34991 5.44216 0.17069
v 52.31380 5.40206 0.17069
v 52.30924 5.44847 0.17069
v 52.28010 5.43167 0.17069
v 52.25721 5.46368 0.17069
v 52.23512 5.43612 0.17069
v 52.26967 5.35110 0.17299
v 52.26941 5.39539 0.17069
v 52.21197 5.40345 0.17069
v 52.26709 5.31568 0.17069
v 52.22723 5.30457 0.17069
v 52.22080 5.34824 0.17069
v 52.18296 5.39624 0.17069
v 52.19234 5.31846 0.17069
v 52.14091 5.32050 0.17069
v 52.17528 5.36519 0.17069
v 52.14943 5.38390 0.17069
v 52.13716 5.27363 0.17069
v 52.09633 5.28278 0.17069
v 52.09486 5.32559 0.17069
v 52.13166 5.35735 0.17069
v 52.09694 5.38987 0.17069
v 52.05400 5.27015 0.17069
v 52.05659 5.31004 0.17069
v 52.01248 5.31678 0.17069
v 52.05270 5.34782 0.17069
v 52.08800 5.36494 0.17069
v 51.97465 5.35271 0.17069
v 52.02321 5.35535 0.17069
v 52.01048 5.38310 0.17069
v 52.05109 5.40298 0.17069
v 51.97798 5.39604 0.17069
v 51.97498 5.43727 0.17069
v 52.02775 5.43552 0.17069
v 51.92427 5.44293 0.17069
v 51.92614 5.48501 0.17069
v 51.96625 5.48513 0.17069
v 52.01691 5.47413 0.17069
v 51.92403 5.52709 0.17069
v 51.97470 5.53305 0.17069
v 52.01991 5.51413 0.17069
v 51.96975 5.61118 0.17069
v 51.97746 5.57429 0.17069
v 52.01518 5.56846 0.17069
v 52.05061 5.56778 0.17069
v 52.01150 5.65375 0.17069
v 52.02245 5.61525 0.17069
v 52.05190 5.62295 0.17069
v 52.09638 5.58116 0.17069
v 52.04968 5.69369 0.17069
v 52.09515 5.68824 0.17069
v 52.06313 5.65469 0.17069
v 52.09394 5.64542 0.17069
v 52.08731 5.60604 0.17069
v 52.13593 5.69763 0.17069
v 52.18158 5.69033 0.17069
v 52.13995 5.65078 0.17069
v 52.13092 5.61388 0.17069
v 52.14884 5.58744 0.17069
v 52.23133 5.66102 0.17069
v 52.19137 5.65312 0.17069
v 52.22000 5.62351 0.17069
v 52.17458 5.60629 0.17069
v 52.18244 5.57529 0.17069
v 52.26907 5.65166 0.17069
v 52.26194 5.60412 0.17069
v 52.01237 5.22828 0.17069
v 52.09182 5.18463 0.17069
v 52.26680 5.23040 0.17300
v 52.35157 5.31828 0.17069
v 52.39266 5.40097 0.17069
v 52.39491 5.56873 0.17069
v 52.35477 5.65364 0.17069
v 52.26664 5.73620 0.17069
v 52.18312 5.78172 0.17154
v 52.09943 5.77938 0.17146
v 52.05403 5.78231 0.17069
v 51.96972 5.73818 0.17216
v 51.09025 5.82054 0.18943
v 50.99669 5.79042 0.19000
v 51.21529 5.80672 0.18927
v 51.31038 5.74487 0.18983
v 51.20912 5.80017 0.16697
v 51.30821 5.74335 0.16472
v 51.08978 5.81448 0.16601
v 50.99806 5.78902 0.16354
v 50.88421 5.72593 0.16640
v 50.88234 5.73192 0.18942
v 50.83144 5.65766 0.16555
v 50.83029 5.65825 0.18989
v 50.78619 5.52401 0.16534
v 50.78697 5.43809 0.16544
v 50.83343 5.31228 0.16447
v 50.78632 5.43800 0.18997
v 50.83073 5.30968 0.18975
v 50.89062 5.23917 0.16653
v 50.88583 5.23578 0.18944
v 51.00454 5.17807 0.16264
v 51.09904 5.15607 0.16614
v 51.22413 5.17894 0.16555
v 51.09808 5.14991 0.18942
v 51.32917 5.24142 0.16770
v 51.22434 5.17844 0.18997
v 51.33716 5.23808 0.18927
v 51.30931 5.22386 0.18978
v 51.00413 5.17655 0.19003
v 50.78539 5.52398 0.18997
v 50.92460 5.69534 0.19014
v 50.88504 5.61185 0.19014
v 50.84170 5.52436 0.19014
v 50.84293 5.43906 0.19014
v 50.87890 5.35454 0.19014
v 50.92386 5.26853 0.19014
v 51.01058 5.22970 0.19014
v 51.09816 5.22762 0.19014
v 51.21708 5.22765 0.19014
v 51.29939 5.27407 0.19014
v 51.34612 5.35691 0.19014
v 51.39084 5.31242 0.18963
v 51.38378 5.43850 0.19014
v 51.43786 5.44562 0.18950
v 51.38614 5.52977 0.19014
v 51.43246 5.56318 0.18945
v 51.34272 5.61337 0.19014
v 51.39381 5.65139 0.18972
v 51.27019 5.69271 0.19014
v 51.17876 5.73654 0.19014
v 51.22490 5.79020 0.19002
v 51.09371 5.77872 0.19014
v 51.01003 5.73583 0.19014
v 51.38664 5.31298 0.16589
v 51.43255 5.44622 0.16577
v 51.42628 5.56253 0.16589
v 51.39168 5.64960 0.16643
v 51.34326 5.61356 0.15781
v 51.27058 5.69303 0.15781
v 51.17893 5.73696 0.15781
v 51.09250 5.77737 0.15782
v 51.00977 5.73626 0.15781
v 50.92629 5.69700 0.15781
v 50.88456 5.61203 0.15781
v 50.84110 5.52441 0.15781
v 50.84233 5.43899 0.15781
v 50.88016 5.35191 0.15781
v 50.92548 5.26985 0.15781
v 51.01040 5.22939 0.15781
v 51.09816 5.22724 0.15781
v 51.21738 5.22717 0.15781
v 51.29993 5.27367 0.15781
v 51.30607 5.22545 0.16413
v 51.34667 5.35672 0.15781
v 51.38446 5.43843 0.15781
v 51.38683 5.52984 0.15781
v 51.00917 5.80804 0.18934
v 51.04686 5.81556 0.18943
v 51.13329 5.81991 0.18945
v 51.17593 5.81472 0.18943
v 51.29828 5.76742 0.18914
v 51.26219 5.78054 0.18962
v 51.22479 5.78650 0.16320
v 51.26166 5.77650 0.16614
v 51.29284 5.75917 0.16697
v 51.13231 5.81437 0.16614
v 51.17453 5.80858 0.16626
v 51.04728 5.80951 0.16626
v 51.01241 5.80150 0.16674
v 50.96621 5.78120 0.16566
v 50.93450 5.76544 0.16653
v 50.91342 5.74644 0.16499
v 50.85014 5.68828 0.16633
v 50.86996 5.70230 0.16372
v 50.79225 5.56606 0.16577
v 50.80461 5.60734 0.16614
v 50.81556 5.63392 0.16653
v 50.78408 5.48087 0.16544
v 50.79470 5.39596 0.16577
v 50.80799 5.35519 0.16626
v 50.81955 5.32863 0.16798
v 50.87468 5.26239 0.16392
v 50.85156 5.28087 0.16667
v 50.96775 5.18865 0.16623
v 50.93645 5.20447 0.16653
v 50.91992 5.21972 0.16486
v 51.02207 5.16666 0.16798
v 51.05636 5.15972 0.16653
v 51.13512 5.15704 0.16595
v 51.17015 5.16120 0.16682
v 51.19810 5.16743 0.16745
v 51.28892 5.20928 0.16745
v 51.26330 5.19541 0.16614
v 51.26111 5.18853 0.18950
v 51.29457 5.20127 0.18912
v 51.21172 5.16091 0.18910
v 51.17154 5.15526 0.18940
v 51.13517 5.15071 0.18943
v 51.05432 5.15364 0.18942
v 51.01471 5.16005 0.18925
v 50.96655 5.18501 0.18965
v 50.93059 5.19632 0.18915
v 50.91709 5.21748 0.18976
v 50.84668 5.27787 0.18946
v 50.87291 5.26172 0.19000
v 50.79094 5.39534 0.18963
v 50.80098 5.35605 0.18943
v 50.81084 5.32130 0.18911
v 50.78290 5.48085 0.18997
v 50.78921 5.56934 0.18964
v 50.79910 5.60937 0.18946
v 50.80987 5.64569 0.18916
v 50.86841 5.70300 0.19000
v 50.84374 5.69179 0.18930
v 50.96293 5.78387 0.18965
v 50.92787 5.76991 0.18933
v 50.91279 5.74718 0.18998
v 50.84092 5.61318 0.19014
v 50.92397 5.65567 0.19014
v 50.91864 5.60721 0.19014
v 50.88128 5.56555 0.19014
v 50.87661 5.52772 0.19014
v 50.88050 5.48227 0.19014
v 50.87792 5.43672 0.19014
v 50.88368 5.39904 0.19014
v 50.92328 5.31451 0.19014
v 50.96195 5.26959 0.19014
v 51.01411 5.27240 0.19014
v 51.05443 5.23234 0.19014
v 51.09418 5.18788 0.19014
v 51.13731 5.23271 0.19014
v 51.17683 5.23200 0.19014
v 51.22122 5.26738 0.19014
v 51.25850 5.27083 0.19014
v 51.29744 5.31559 0.19014
v 51.31110 5.35553 0.19014
v 51.39857 5.34359 0.19002
v 51.34490 5.39959 0.19014
v 51.34413 5.44714 0.19014
v 51.34920 5.48915 0.19014
v 51.34543 5.52945 0.19014
v 51.43819 5.52018 0.18951
v 51.34548 5.56946 0.19014
v 51.34763 5.64918 0.19014
v 51.30272 5.64632 0.19014
v 51.30395 5.69555 0.19014
v 51.22565 5.69797 0.19014
v 51.21827 5.73839 0.19014
v 51.13794 5.73944 0.19014
v 51.09600 5.73943 0.19014
v 51.05073 5.73951 0.19014
v 51.01052 5.69063 0.19014
v 50.96459 5.69767 0.19014
v 51.37808 5.68740 0.18927
v 51.35301 5.70403 0.18986
v 51.33857 5.73092 0.18932
v 51.42079 5.60546 0.18942
v 51.43879 5.48283 0.18957
v 51.41962 5.36135 0.18939
v 51.43128 5.40291 0.18945
v 51.37948 5.28194 0.18914
v 51.35336 5.26565 0.18979
v 51.37150 5.28833 0.16653
v 51.35171 5.26743 0.16566
v 51.42563 5.40429 0.16614
v 51.41333 5.36385 0.16697
v 51.39655 5.34415 0.16336
v 51.43364 5.48277 0.16529
v 51.43288 5.52002 0.16566
v 51.41494 5.60308 0.16682
v 51.33188 5.72717 0.16653
v 51.35065 5.70362 0.16499
v 51.37028 5.68428 0.16674
v 51.34831 5.64949 0.15781
v 51.39154 5.61585 0.15783
v 51.30452 5.69595 0.15781
v 51.21984 5.73410 0.15781
v 51.22591 5.69828 0.15781
v 51.30316 5.64655 0.15781
v 51.09597 5.73983 0.15781
v 51.13804 5.73595 0.15781
v 51.05058 5.73995 0.15781
v 50.96496 5.69061 0.15781
v 51.01031 5.69091 0.15781
v 50.91828 5.60736 0.15781
v 50.92356 5.65592 0.15781
v 50.84209 5.61312 0.15782
v 50.87617 5.52777 0.15781
v 50.88083 5.56566 0.15781
v 50.88008 5.48226 0.15781
v 50.88323 5.39893 0.15781
v 50.87749 5.43666 0.15781
v 50.92287 5.31427 0.15781
v 51.01396 5.27219 0.15781
v 50.96162 5.26931 0.15781
v 51.05435 5.23203 0.15781
v 51.09418 5.18729 0.15782
v 51.17701 5.23157 0.15781
v 51.13739 5.23231 0.15781
v 51.25887 5.27049 0.15781
v 51.22147 5.26706 0.15781
v 51.31150 5.35536 0.15781
v 51.29787 5.31534 0.15781
v 51.34457 5.44710 0.15781
v 51.34540 5.39947 0.15781
v 51.34588 5.52950 0.15781
v 51.34966 5.48915 0.15781
v 51.34598 5.56958 0.15781
v 51.39445 5.61915 0.19014
v 51.18407 5.18223 0.19014
v 50.87994 5.65250 0.19014
v 50.96789 5.73543 0.19014
v 50.84094 5.57080 0.19014
v 51.10856 5.48561 0.19014
v 50.96206 5.65062 0.19014
v 50.96937 5.61189 0.19014
v 50.96793 5.57577 0.19014
v 50.99641 5.66076 0.19014
v 51.01651 5.62431 0.19014
v 51.01599 5.56193 0.19014
v 50.92316 5.56846 0.19014
v 50.96930 5.52259 0.19014
v 51.01028 5.52018 0.19014
v 50.92724 5.48295 0.19014
v 50.92086 5.52770 0.19014
v 50.94867 5.48327 0.19014
v 51.00451 5.48409 0.19014
v 50.92215 5.43804 0.19014
v 50.92562 5.39737 0.19014
v 50.97042 5.44457 0.19014
v 51.01132 5.44818 0.19014
v 50.92409 5.36584 0.19014
v 50.95468 5.35104 0.19014
v 50.97058 5.39137 0.19014
v 51.01821 5.40661 0.19014
v 50.96685 5.31636 0.19014
v 51.00146 5.30721 0.19014
v 51.00085 5.35179 0.19014
v 51.04847 5.35338 0.19014
v 51.05790 5.39376 0.19014
v 51.05206 5.27378 0.19014
v 51.09504 5.27575 0.19014
v 51.04977 5.31445 0.19014
v 51.09099 5.31953 0.19014
v 51.09199 5.38180 0.19014
v 51.13359 5.27262 0.19014
v 51.13085 5.32014 0.19014
v 51.11042 5.35512 0.19014
v 51.12807 5.38234 0.19014
v 51.18348 5.27111 0.19014
v 51.22018 5.31312 0.19014
v 51.17219 5.31629 0.19014
v 51.19037 5.34684 0.19014
v 51.15440 5.36362 0.19014
v 51.18129 5.40042 0.19014
v 51.25915 5.30922 0.19014
v 51.26914 5.35321 0.19014
v 51.22004 5.35503 0.19014
v 51.23242 5.38348 0.19014
v 51.30364 5.40096 0.19014
v 51.26503 5.39723 0.19014
v 51.26734 5.43921 0.19014
v 51.21405 5.43649 0.19014
v 51.31501 5.48092 0.19014
v 51.30680 5.44233 0.19014
v 51.27373 5.47911 0.19014
v 51.22433 5.47597 0.19014
v 51.30226 5.56019 0.19014
v 51.30949 5.51355 0.19014
v 51.27013 5.52643 0.19014
v 51.22060 5.51661 0.19014
v 51.30648 5.60516 0.19014
v 51.26956 5.61622 0.19014
v 51.26243 5.57855 0.19014
v 51.22064 5.61005 0.19014
v 51.21941 5.55257 0.19014
v 51.17882 5.57290 0.19014
v 51.25232 5.65287 0.19014
v 51.22124 5.65583 0.19014
v 51.18636 5.62672 0.19014
v 51.17820 5.68844 0.19014
v 51.12749 5.69924 0.19014
v 51.13507 5.65196 0.19014
v 51.17598 5.64452 0.19014
v 51.13800 5.59915 0.19014
v 51.09528 5.69742 0.19014
v 51.05417 5.69294 0.19014
v 51.08625 5.65108 0.19014
v 51.09786 5.60249 0.19014
v 51.04492 5.65493 0.19014
v 51.06271 5.60760 0.19014
v 51.05530 5.57593 0.19014
v 50.83622 5.48162 0.19014
v 50.84016 5.40079 0.19014
v 50.83662 5.35548 0.19014
v 50.88160 5.31243 0.19014
v 50.96666 5.22837 0.19014
v 51.04700 5.18649 0.19014
v 51.13785 5.18693 0.19014
v 51.26550 5.22845 0.19014
v 51.34637 5.31487 0.19014
v 51.39089 5.39899 0.19014
v 51.38727 5.48298 0.19014
v 51.39097 5.56737 0.19014
v 51.26249 5.73670 0.19014
v 51.13013 5.77984 0.19014
v 51.17984 5.77990 0.19014
v 51.05056 5.78304 0.19014
v 51.38950 5.56495 0.15782
v 51.26299 5.73724 0.15782
v 51.10856 5.48561 0.15781
v 50.96484 5.64560 0.15781
v 50.99620 5.66097 0.15781
v 51.01636 5.62447 0.15781
v 50.97425 5.60397 0.15781
v 51.01585 5.56201 0.15781
v 51.05522 5.57602 0.15781
v 51.05406 5.69321 0.15781
v 51.04481 5.65513 0.15781
v 51.08621 5.65127 0.15781
v 51.06263 5.60774 0.15781
v 51.09784 5.60262 0.15781
v 51.12752 5.69953 0.15781
v 51.09525 5.69770 0.15781
v 51.13512 5.65216 0.15781
v 51.13804 5.59928 0.15781
v 51.17834 5.68870 0.15781
v 51.22144 5.65604 0.15781
v 51.17610 5.64470 0.15781
v 51.18649 5.62688 0.15781
v 51.17893 5.57300 0.15781
v 51.25259 5.65308 0.15781
v 51.26984 5.61637 0.15781
v 51.22083 5.61019 0.15781
v 51.30685 5.60531 0.15781
v 51.30259 5.56028 0.15781
v 51.26267 5.57865 0.15781
v 51.27038 5.52647 0.15781
v 51.21957 5.55264 0.15781
v 51.22076 5.51664 0.15781
v 51.30982 5.51357 0.15781
v 51.31535 5.48092 0.15781
v 51.27398 5.47910 0.15781
v 51.22450 5.47596 0.15781
v 51.30713 5.44228 0.15781
v 51.30398 5.40087 0.15781
v 51.26759 5.43917 0.15781
v 51.21421 5.43644 0.15781
v 51.26943 5.35305 0.15781
v 51.26529 5.39713 0.15781
v 51.23262 5.38337 0.15781
v 51.18141 5.40033 0.15781
v 51.25945 5.30898 0.15781
v 51.22038 5.31291 0.15781
v 51.22022 5.35488 0.15781
v 51.19051 5.34669 0.15781
v 51.18364 5.27082 0.15781
v 51.13365 5.27235 0.15781
v 51.17230 5.31609 0.15781
v 51.13089 5.31995 0.15781
v 51.15448 5.36349 0.15781
v 51.12810 5.38224 0.15781
v 51.09504 5.27551 0.15781
v 51.09097 5.31937 0.15781
v 51.11043 5.35499 0.15781
v 51.09198 5.38171 0.15781
v 51.00128 5.30704 0.15781
v 51.05199 5.27358 0.15781
v 51.04969 5.31430 0.15781
v 51.04839 5.35327 0.15781
v 51.05783 5.39368 0.15781
v 50.96659 5.31617 0.15781
v 50.95441 5.35089 0.15781
v 51.00068 5.35167 0.15781
v 50.97037 5.39128 0.15781
v 51.01808 5.40654 0.15781
v 50.92376 5.36570 0.15781
v 50.92531 5.39727 0.15781
v 50.97021 5.44453 0.15781
v 51.01118 5.44814 0.15781
v 50.92695 5.48295 0.15781
v 50.92185 5.43798 0.15781
v 50.94843 5.48327 0.15781
v 51.00436 5.48409 0.15781
v 50.92056 5.52775 0.15781
v 50.92285 5.56855 0.15781
v 50.96909 5.52262 0.15781
v 51.01014 5.52021 0.15781
v 50.95932 5.56986 0.15781
v 51.13098 5.77801 0.15782
v 51.18095 5.77878 0.15782
v 51.05046 5.78179 0.15782
v 50.96746 5.73594 0.15782
v 50.87930 5.65280 0.15782
v 50.84023 5.57095 0.15782
v 50.84060 5.48169 0.15782
v 50.83946 5.40064 0.15781
v 50.83870 5.35754 0.15782
v 50.88096 5.31212 0.15781
v 50.96527 5.23087 0.15782
v 51.04687 5.18594 0.15782
v 51.13770 5.18824 0.15782
v 51.18216 5.18358 0.15782
v 51.26408 5.22885 0.15782
v 51.34709 5.31452 0.15782
v 51.39175 5.39882 0.15782
v 51.38798 5.48298 0.15781
v 51.09323 4.89656 0.18952
v 50.96600 4.86326 0.18960
v 51.17714 4.89059 0.18946
v 51.26048 4.85866 0.18948
v 51.17621 4.88501 0.16639
v 51.26004 4.85283 0.16566
v 51.09393 4.89176 0.16613
v 50.96955 4.86067 0.16623
v 50.88714 4.80593 0.16674
v 50.88340 4.80959 0.18947
v 50.83220 4.73387 0.16447
v 50.82971 4.73627 0.18978
v 50.79366 4.64684 0.16566
v 50.78710 4.51998 0.16544
v 50.80742 4.43756 0.16718
v 50.78643 4.51992 0.18997
v 50.80094 4.43613 0.18940
v 50.87100 4.34437 0.16472
v 50.87028 4.34379 0.18998
v 50.93727 4.28496 0.16697
v 51.05018 4.24216 0.16667
v 51.13909 4.23881 0.16653
v 51.04930 4.23606 0.18944
v 51.13799 4.23290 0.18944
v 51.21932 4.25948 0.16569
v 51.32858 4.32436 0.16745
v 51.22060 4.25771 0.18983
v 51.38407 4.39451 0.16613
v 51.41977 4.47658 0.16623
v 51.38851 4.39339 0.18958
v 51.42886 4.60338 0.16586
v 51.42513 4.47717 0.18953
v 51.43392 4.60388 0.18950
v 51.33622 4.32091 0.18928
v 51.30677 4.30377 0.18969
v 50.93038 4.28007 0.18931
v 50.78954 4.64912 0.18959
v 50.92339 4.77193 0.19014
v 50.87782 4.69372 0.19014
v 50.84165 4.60708 0.19014
v 50.83801 4.52291 0.19014
v 50.84064 4.43723 0.19014
v 50.92409 4.39463 0.19014
v 50.96796 4.34674 0.19014
v 51.05035 4.30778 0.19014
v 51.13500 4.30742 0.19014
v 51.21786 4.30894 0.19014
v 51.29978 4.35336 0.19014
v 51.34370 4.43355 0.19014
v 51.38367 4.51794 0.19014
v 51.38411 4.60009 0.19014
v 51.35081 4.68421 0.19014
v 51.40050 4.69667 0.19003
v 51.30295 4.73665 0.19014
v 51.35288 4.77956 0.18978
v 51.26219 4.81487 0.19014
v 51.17244 4.81578 0.19014
v 51.08863 4.81970 0.19014
v 51.00854 4.81493 0.19014
v 51.39868 4.69436 0.16264
v 51.35131 4.77610 0.16424
v 51.30340 4.73691 0.15781
v 51.26253 4.81362 0.15782
v 51.34966 4.68630 0.15781
v 51.38481 4.60014 0.15781
v 51.38439 4.51786 0.15781
v 51.34185 4.43671 0.15781
v 51.30035 4.35295 0.15781
v 51.21852 4.31037 0.15781
v 51.13251 4.30458 0.15781
v 51.05025 4.30748 0.15781
v 50.96457 4.31033 0.15782
v 50.92372 4.39440 0.15781
v 50.84009 4.43706 0.15782
v 50.83748 4.52286 0.15781
v 50.84123 4.60712 0.15781
v 50.87902 4.69336 0.15781
v 50.92501 4.77154 0.15781
v 51.00828 4.81536 0.15781
v 51.09333 4.85566 0.15781
v 51.17261 4.81620 0.15781
v 51.00035 4.86940 0.19003
v 51.01327 4.88648 0.18933
v 51.04887 4.89277 0.18947
v 51.13755 4.89609 0.18947
v 51.22412 4.86895 0.18997
v 51.21268 4.88529 0.18915
v 51.20128 4.87903 0.16697
v 51.22363 4.86842 0.16544
v 51.13854 4.89054 0.16614
v 51.04976 4.88722 0.16626
v 51.01848 4.88053 0.16674
v 51.00138 4.86763 0.16277
v 50.93217 4.84151 0.16728
v 50.91675 4.82265 0.16277
v 50.84758 4.76263 0.16653
v 50.87085 4.78086 0.16290
v 50.80670 4.68971 0.16623
v 50.81935 4.71947 0.16745
v 50.78588 4.60347 0.16569
v 50.78472 4.55857 0.16534
v 50.79469 4.47904 0.16487
v 50.85162 4.36203 0.16633
v 50.83388 4.38979 0.16544
v 50.81954 4.40995 0.16798
v 50.91834 4.30199 0.16460
v 50.89103 4.31982 0.16667
v 50.96584 4.27092 0.16589
v 51.00280 4.25676 0.16524
v 51.02488 4.24721 0.16798
v 51.09444 4.23765 0.16653
v 51.17612 4.24450 0.16728
v 51.30366 4.30559 0.16534
v 51.28289 4.28862 0.16745
v 51.25990 4.27640 0.16613
v 51.34895 4.34860 0.16534
v 51.36700 4.36702 0.16745
v 51.39868 4.43001 0.16472
v 51.41046 4.44558 0.16697
v 51.43076 4.55882 0.16577
v 51.42790 4.52045 0.16577
v 51.43364 4.51941 0.18947
v 51.43640 4.55918 0.18947
v 51.41892 4.43793 0.18907
v 51.40001 4.42950 0.18998
v 51.37477 4.36104 0.18913
v 51.35091 4.34698 0.18979
v 51.29277 4.28191 0.18916
v 51.26014 4.26997 0.18943
v 51.17727 4.23792 0.18939
v 51.09373 4.23243 0.18949
v 51.01256 4.23972 0.18908
v 51.00310 4.25598 0.18998
v 50.96559 4.26482 0.18947
v 50.91705 4.30064 0.18990
v 50.88621 4.31562 0.18937
v 50.81170 4.39981 0.18913
v 50.83198 4.38835 0.18980
v 50.84521 4.35746 0.18928
v 50.79061 4.47771 0.18963
v 50.78383 4.55847 0.18998
v 50.78530 4.60337 0.18997
v 50.80118 4.68964 0.18953
v 50.80998 4.72478 0.18909
v 50.86899 4.78232 0.19002
v 50.84428 4.76795 0.18941
v 50.92905 4.84682 0.18941
v 50.91588 4.82437 0.19003
v 50.92106 4.72855 0.19014
v 50.87965 4.64806 0.19014
v 50.83945 4.64532 0.19014
v 50.88316 4.60524 0.19014
v 50.87964 4.56496 0.19014
v 50.83926 4.56198 0.19014
v 50.88058 4.52395 0.19014
v 50.88025 4.47648 0.19014
v 50.88003 4.43936 0.19014
v 50.92586 4.43483 0.19014
v 50.88167 4.39096 0.19014
v 50.97464 4.39311 0.19014
v 50.96437 4.30891 0.19014
v 51.00617 4.34785 0.19014
v 51.05189 4.35191 0.19014
v 51.04920 4.26728 0.19014
v 51.09229 4.31040 0.19014
v 51.13455 4.26647 0.19014
v 51.17322 4.35082 0.19014
v 51.17888 4.31121 0.19014
v 51.21775 4.35220 0.19014
v 51.25812 4.35196 0.19014
v 51.29919 4.39756 0.19014
v 51.30642 4.43271 0.19014
v 51.34932 4.39393 0.19014
v 51.34150 4.47892 0.19014
v 51.34491 4.51825 0.19014
v 51.38963 4.47930 0.19014
v 51.34438 4.56706 0.19014
v 51.34292 4.60095 0.19014
v 51.34701 4.64748 0.19014
v 51.30354 4.68836 0.19014
v 51.30385 4.77090 0.19014
v 51.26442 4.72874 0.19014
v 51.25639 4.77803 0.19014
v 51.22294 4.81661 0.19014
v 51.21867 4.77417 0.19014
v 51.18024 4.76962 0.19014
v 51.17595 4.85679 0.19014
v 51.13128 4.81764 0.19014
v 51.09444 4.85679 0.19014
v 51.04979 4.81018 0.19014
v 51.00970 4.78016 0.19014
v 50.96738 4.77377 0.19014
v 51.30965 4.82183 0.18980
v 51.33726 4.80588 0.18938
v 51.29487 4.84270 0.18926
v 51.37525 4.76453 0.18930
v 51.39176 4.73011 0.18956
v 51.42715 4.64816 0.18943
v 51.41845 4.68466 0.18929
v 51.41243 4.67857 0.16674
v 51.42139 4.64766 0.16626
v 51.37049 4.75790 0.16720
v 51.38896 4.72628 0.16643
v 51.33269 4.80111 0.16762
v 51.30744 4.82005 0.16424
v 51.28766 4.83809 0.16771
v 51.30442 4.77129 0.15781
v 51.25622 4.77141 0.15781
v 51.26660 4.72360 0.15781
v 51.30393 4.68852 0.15781
v 51.34753 4.64760 0.15781
v 51.34337 4.60099 0.15781
v 51.34484 4.56706 0.15781
v 51.34538 4.51819 0.15781
v 51.38895 4.47964 0.15782
v 51.34200 4.47880 0.15781
v 51.34944 4.39537 0.15782
v 51.30683 4.43254 0.15781
v 51.29964 4.39731 0.15781
v 51.26146 4.35497 0.15781
v 51.21799 4.35189 0.15781
v 51.17439 4.31393 0.15781
v 51.17336 4.35052 0.15781
v 51.13467 4.26582 0.15782
v 51.09228 4.31007 0.15781
v 51.04906 4.26678 0.15782
v 51.05180 4.35170 0.15781
v 51.00596 4.34759 0.15781
v 50.96705 4.34858 0.15781
v 50.97439 4.39290 0.15781
v 50.88114 4.39067 0.15781
v 50.92558 4.43469 0.15781
v 50.87967 4.43921 0.15781
v 50.87994 4.47641 0.15781
v 50.88025 4.52392 0.15781
v 50.83876 4.56197 0.15781
v 50.87931 4.56495 0.15781
v 50.88287 4.60527 0.15781
v 50.83897 4.64543 0.15781
v 50.87931 4.64815 0.15781
v 50.92066 4.72879 0.15781
v 50.96705 4.77410 0.15781
v 51.00949 4.78047 0.15781
v 51.04964 4.81058 0.15781
v 51.09020 4.81730 0.15781
v 51.13134 4.81806 0.15781
v 51.17456 4.85668 0.15782
v 51.18039 4.76990 0.15781
v 51.21892 4.77447 0.15781
v 51.22328 4.81709 0.15781
v 51.17866 4.26392 0.15782
v 51.18030 4.25925 0.19014
v 50.88122 4.73266 0.19014
v 50.97046 4.81615 0.19014
v 50.83535 4.68958 0.19014
v 51.10695 4.56494 0.19014
v 50.96320 4.72835 0.19014
v 50.97340 4.68254 0.19014
v 51.01165 4.70051 0.19014
v 51.01462 4.64146 0.19014
v 50.92202 4.68182 0.19014
v 50.92066 4.64680 0.19014
v 50.96022 4.65177 0.19014
v 50.96983 4.60815 0.19014
v 51.01017 4.60316 0.19014
v 50.91791 4.56040 0.19014
v 50.93248 4.60351 0.19014
v 50.96332 4.56319 0.19014
v 51.00319 4.57105 0.19014
v 50.92489 4.52502 0.19014
v 50.94981 4.51507 0.19014
v 51.00497 4.51974 0.19014
v 50.91677 4.47830 0.19014
v 50.96708 4.47423 0.19014
v 50.97417 4.43802 0.19014
v 51.00897 4.43133 0.19014
v 51.01080 4.47838 0.19014
v 51.05520 4.47545 0.19014
v 51.01353 4.38429 0.19014
v 51.04331 4.40001 0.19014
v 51.04200 4.45261 0.19014
v 51.09498 4.35698 0.19014
v 51.09730 4.39737 0.19014
v 51.07949 4.43784 0.19014
v 51.10092 4.46019 0.19014
v 51.13260 4.35199 0.19014
v 51.14086 4.40225 0.19014
v 51.11964 4.43550 0.19014
v 51.13320 4.46343 0.19014
v 51.21811 4.38954 0.19014
v 51.17848 4.39980 0.19014
v 51.17567 4.43765 0.19014
v 51.18089 4.48089 0.19014
v 51.25922 4.39186 0.19014
v 51.26636 4.43281 0.19014
v 51.22549 4.43019 0.19014
v 51.23003 4.46292 0.19014
v 51.29837 4.47479 0.19014
v 51.26096 4.47380 0.19014
v 51.26713 4.52093 0.19014
v 51.21818 4.52101 0.19014
v 51.30588 4.52097 0.19014
v 51.31232 4.55978 0.19014
v 51.27159 4.56327 0.19014
v 51.22289 4.56833 0.19014
v 51.30534 4.60206 0.19014
v 51.26771 4.60751 0.19014
v 51.21616 4.60440 0.19014
v 51.30334 4.64676 0.19014
v 51.26147 4.68322 0.19014
v 51.24959 4.64797 0.19014
v 51.19436 4.62164 0.19014
v 51.22290 4.73164 0.19014
v 51.21214 4.69485 0.19014
v 51.20307 4.65150 0.19014
v 51.17271 4.64615 0.19014
v 51.17401 4.71678 0.19014
v 51.17188 4.67726 0.19014
v 51.14467 4.66269 0.19014
v 51.13653 4.77192 0.19014
v 51.13418 4.73030 0.19014
v 51.13439 4.69202 0.19014
v 51.10361 4.68203 0.19014
v 51.09074 4.77883 0.19014
v 51.05483 4.76644 0.19014
v 51.09019 4.73582 0.19014
v 51.05775 4.72360 0.19014
v 51.08069 4.66645 0.19014
v 51.01539 4.73753 0.19014
v 51.05534 4.68410 0.19014
v 51.05095 4.65331 0.19014
v 50.84284 4.47920 0.19014
v 50.92016 4.35320 0.19014
v 51.00675 4.30532 0.19014
v 51.09389 4.26120 0.19014
v 51.26516 4.30602 0.19014
v 51.38423 4.56073 0.19014
v 51.39168 4.64733 0.19014
v 51.34561 4.72777 0.19014
v 51.13748 4.85727 0.19014
v 51.05187 4.85720 0.19014
v 51.34633 4.72809 0.15782
v 51.10695 4.56495 0.15781
v 50.96293 4.72856 0.15781
v 51.01522 4.73774 0.15781
v 51.01149 4.70066 0.15781
v 50.97318 4.68267 0.15781
v 51.01449 4.64154 0.15781
v 51.05086 4.65340 0.15781
v 51.05473 4.76670 0.15781
v 51.05766 4.72378 0.15781
v 51.05525 4.68423 0.15781
v 51.09595 4.67696 0.15781
v 51.09071 4.77912 0.15781
v 51.13659 4.77220 0.15781
v 51.09016 4.73602 0.15781
v 51.13423 4.73050 0.15781
v 51.17413 4.71695 0.15781
v 51.13444 4.69216 0.15781
v 51.14473 4.66280 0.15781
v 51.22311 4.73185 0.15781
v 51.21232 4.69499 0.15781
v 51.17199 4.67738 0.15781
v 51.17281 4.64624 0.15781
v 51.26174 4.68336 0.15781
v 51.24982 4.64806 0.15781
v 51.20322 4.65159 0.15781
v 51.19449 4.62170 0.15781
v 51.30369 4.64685 0.15781
v 51.30567 4.60210 0.15781
v 51.26796 4.60756 0.15781
v 51.21632 4.60443 0.15781
v 51.31266 4.55978 0.15781
v 51.27185 4.56327 0.15781
v 51.22306 4.56833 0.15781
v 51.30622 4.52092 0.15781
v 51.29871 4.47469 0.15781
v 51.26738 4.52089 0.15781
v 51.21834 4.52097 0.15781
v 51.26665 4.43265 0.15781
v 51.26120 4.47370 0.15781
v 51.23023 4.46281 0.15781
v 51.18100 4.48081 0.15781
v 51.25952 4.39163 0.15781
v 51.21832 4.38932 0.15781
v 51.22569 4.43003 0.15781
v 51.17578 4.43751 0.15781
v 51.17861 4.39961 0.15781
v 51.14093 4.40207 0.15781
v 51.13325 4.46333 0.15781
v 51.13267 4.35172 0.15781
v 51.09497 4.35676 0.15781
v 51.09730 4.39721 0.15781
v 51.11967 4.43537 0.15781
v 51.10092 4.46009 0.15781
v 51.04321 4.39986 0.15781
v 51.07946 4.43773 0.15781
v 51.05512 4.47537 0.15781
v 51.01337 4.38410 0.15781
v 51.00881 4.43119 0.15781
v 51.04191 4.45251 0.15781
v 50.97397 4.43788 0.15781
v 50.96690 4.47415 0.15781
v 51.01067 4.47830 0.15781
v 51.00486 4.51970 0.15781
v 50.91654 4.47823 0.15781
v 50.92466 4.52499 0.15781
v 50.94964 4.51503 0.15781
v 50.91767 4.56039 0.15781
v 50.96316 4.56319 0.15781
v 51.00308 4.57106 0.15781
v 50.92041 4.64689 0.15781
v 50.93228 4.60354 0.15781
v 50.96968 4.60819 0.15781
v 51.01006 4.60320 0.15781
v 50.92171 4.68195 0.15781
v 50.96001 4.65186 0.15781
v 51.39257 4.64750 0.15782
v 51.38494 4.56073 0.15781
v 51.26237 4.30877 0.15782
v 51.09390 4.26059 0.15782
v 51.00650 4.30494 0.15781
v 50.91964 4.35281 0.15781
v 50.84235 4.47911 0.15781
v 50.83935 4.69062 0.15782
v 50.88061 4.73297 0.15781
v 50.97004 4.81666 0.15781
v 51.05165 4.85619 0.15782
v 51.13759 4.85794 0.15782
v 51.01109 3.89329 0.18949
v 50.92378 3.85065 0.18956
v 51.13842 3.90217 0.18979
v 51.21842 3.88839 0.18950
v 51.13769 3.89971 0.16560
v 51.21663 3.88366 0.16623
v 51.01222 3.88843 0.16623
v 50.92477 3.84617 0.16621
v 50.88032 3.80903 0.16599
v 50.87784 3.81175 0.18965
v 50.81286 3.71578 0.16667
v 50.80806 3.72094 0.18936
v 50.79107 3.63984 0.16504
v 50.78685 3.55733 0.16504
v 50.80123 3.47376 0.16604
v 50.78598 3.55767 0.18998
v 50.79621 3.47228 0.18948
v 50.84426 3.39074 0.16569
v 50.84002 3.38831 0.18952
v 50.92549 3.31127 0.16614
v 51.00817 3.27082 0.16623
v 51.09279 3.25676 0.16566
v 51.00853 3.26599 0.18955
v 51.09271 3.25229 0.18957
v 51.17875 3.26421 0.16586
v 51.17810 3.25952 0.18958
v 51.26429 3.29799 0.16560
v 51.33851 3.35264 0.16643
v 51.39158 3.42760 0.16569
v 51.34185 3.34910 0.18950
v 51.42349 3.51398 0.16595
v 51.39406 3.42603 0.18973
v 51.42830 3.51422 0.18956
v 51.26591 3.29660 0.18983
v 50.92534 3.30529 0.18948
v 50.78906 3.64237 0.18981
v 50.92469 3.76980 0.19014
v 50.87960 3.68863 0.19014
v 50.83921 3.63918 0.19014
v 50.84309 3.55448 0.19014
v 50.84031 3.47192 0.19014
v 50.88570 3.42522 0.19014
v 50.96470 3.34728 0.19014
v 51.01077 3.30257 0.19014
v 51.09345 3.30190 0.19014
v 51.17637 3.30508 0.19014
v 51.25883 3.34514 0.19014
v 51.30548 3.38941 0.19014
v 51.34529 3.47291 0.19014
v 51.38798 3.51702 0.19014
v 51.38416 3.60064 0.19014
v 51.43427 3.59986 0.18953
v 51.34811 3.68029 0.19014
v 51.39386 3.68759 0.19014
v 51.30739 3.76771 0.19014
v 51.35608 3.77662 0.19001
v 51.26331 3.80649 0.19014
v 51.30044 3.84544 0.18947
v 51.18194 3.85060 0.19014
v 51.13406 3.85290 0.19014
v 51.04915 3.84948 0.19014
v 50.96901 3.80820 0.19014
v 51.41861 3.68343 0.18955
v 51.42914 3.59983 0.16577
v 51.41362 3.68384 0.16685
v 51.35386 3.77507 0.16290
v 51.29776 3.84058 0.16643
v 51.26375 3.80691 0.15782
v 51.17822 3.84794 0.15782
v 51.30517 3.76702 0.15782
v 51.34865 3.68044 0.15782
v 51.38486 3.60068 0.15782
v 51.38708 3.51640 0.15782
v 51.34584 3.47275 0.15782
v 51.30600 3.38908 0.15782
v 51.25928 3.34469 0.15782
v 51.17658 3.30451 0.15782
v 51.09341 3.30134 0.15782
v 51.01044 3.30193 0.15782
v 50.96431 3.34686 0.15782
v 50.88514 3.42496 0.15782
v 50.84075 3.47241 0.15782
v 50.84250 3.55444 0.15782
v 50.83855 3.63928 0.15782
v 50.87912 3.68879 0.15782
v 50.92424 3.77011 0.15782
v 50.96864 3.80860 0.15782
v 51.04898 3.85001 0.15782
v 51.13208 3.85300 0.15782
v 50.96006 3.86464 0.18999
v 50.97091 3.88190 0.18926
v 51.05050 3.90150 0.18955
v 51.09062 3.90235 0.18987
v 51.17703 3.90000 0.18945
v 51.17804 3.89357 0.16566
v 51.05107 3.89657 0.16544
v 51.09221 3.90105 0.16569
v 50.97976 3.87748 0.16674
v 50.96067 3.86377 0.16460
v 50.83055 3.73104 0.16276
v 50.84277 3.76564 0.16629
v 50.79943 3.67895 0.16633
v 50.78574 3.59866 0.16560
v 50.79014 3.51759 0.16595
v 50.82777 3.42402 0.16447
v 50.81322 3.44133 0.16674
v 50.88472 3.34456 0.16614
v 50.85989 3.36819 0.16925
v 50.96012 3.29412 0.16371
v 50.97676 3.28173 0.16945
v 51.05285 3.26090 0.16586
v 51.13334 3.25763 0.16577
v 51.23971 3.28275 0.16798
v 51.21809 3.27481 0.16626
v 51.29882 3.31791 0.16667
v 51.31161 3.33785 0.16290
v 51.35303 3.37948 0.16290
v 51.37223 3.39295 0.16682
v 51.41390 3.47465 0.16667
v 51.39947 3.46042 0.16320
v 51.40089 3.45854 0.19001
v 51.42024 3.47475 0.18941
v 51.37906 3.39166 0.18937
v 51.35489 3.37854 0.19003
v 51.31284 3.33667 0.19001
v 51.30036 3.31143 0.18939
v 51.25266 3.27668 0.18906
v 51.21819 3.26850 0.18941
v 51.13400 3.25288 0.18954
v 51.05190 3.25578 0.18951
v 50.97239 3.27432 0.18916
v 50.95955 3.29336 0.19001
v 50.88233 3.34195 0.18964
v 50.85360 3.35803 0.18910
v 50.80881 3.43297 0.18926
v 50.82662 3.42268 0.18998
v 50.78785 3.51484 0.18972
v 50.78494 3.59882 0.18997
v 50.79465 3.68076 0.18948
v 50.83985 3.76772 0.18963
v 50.82876 3.73302 0.19002
v 50.88543 3.77097 0.19014
v 50.92430 3.72471 0.19014
v 50.88052 3.72623 0.19014
v 50.87697 3.63832 0.19014
v 50.83643 3.59624 0.19014
v 50.87849 3.59628 0.19014
v 50.87913 3.51292 0.19014
v 50.88171 3.47269 0.19014
v 50.92176 3.42800 0.19014
v 50.87890 3.38705 0.19014
v 50.92312 3.38890 0.19014
v 50.96389 3.38739 0.19014
v 50.92520 3.34561 0.19014
v 51.01143 3.38522 0.19014
v 51.01238 3.34468 0.19014
v 51.04928 3.34894 0.19014
v 51.09299 3.34194 0.19014
v 51.13968 3.34365 0.19014
v 51.18064 3.34543 0.19014
v 51.22143 3.34463 0.19014
v 51.26254 3.38477 0.19014
v 51.30331 3.42823 0.19014
v 51.30752 3.46952 0.19014
v 51.34849 3.43250 0.19014
v 51.34382 3.51837 0.19014
v 51.34644 3.55086 0.19014
v 51.34612 3.60065 0.19014
v 51.34703 3.64448 0.19014
v 51.30289 3.68282 0.19014
v 51.30164 3.72877 0.19014
v 51.26290 3.76403 0.19014
v 51.31489 3.81974 0.19002
v 51.22056 3.80309 0.19014
v 51.17984 3.81007 0.19014
v 51.21912 3.85141 0.19014
v 51.13252 3.81569 0.19014
v 51.09555 3.85354 0.19014
v 51.09789 3.81047 0.19014
v 51.05380 3.81061 0.19014
v 51.00849 3.80810 0.19014
v 50.96602 3.76237 0.19014
v 51.25518 3.87913 0.18913
v 51.26544 3.86136 0.18984
v 51.34478 3.80571 0.18951
v 51.39498 3.72791 0.18983
v 51.38065 3.76353 0.18939
v 51.42953 3.64070 0.18951
v 51.43418 3.55897 0.18953
v 51.42887 3.55949 0.16577
v 51.42451 3.63969 0.16604
v 51.39357 3.72634 0.16569
v 51.37449 3.76162 0.16640
v 51.34144 3.80242 0.16643
v 51.31463 3.81815 0.16320
v 51.24388 3.87334 0.16697
v 51.26339 3.86022 0.16534
v 51.18001 3.81043 0.15782
v 51.22084 3.80345 0.15782
v 51.26020 3.76158 0.15782
v 51.30127 3.72627 0.15782
v 51.30326 3.68295 0.15782
v 51.39126 3.68608 0.15782
v 51.34754 3.64457 0.15782
v 51.34659 3.60068 0.15782
v 51.34691 3.55082 0.15782
v 51.34430 3.51829 0.15782
v 51.34916 3.43223 0.15782
v 51.30791 3.46939 0.15782
v 51.30374 3.42801 0.15782
v 51.26290 3.38447 0.15782
v 51.22173 3.34423 0.15782
v 51.18081 3.34505 0.15782
v 51.13975 3.34328 0.15782
v 51.09296 3.34158 0.15782
v 51.04915 3.34859 0.15782
v 51.01215 3.34430 0.15782
v 50.96705 3.38464 0.15782
v 50.92457 3.34508 0.15782
v 50.92264 3.38858 0.15782
v 50.92138 3.42779 0.15782
v 50.88082 3.38712 0.15782
v 50.88360 3.47400 0.15782
v 50.87868 3.51283 0.15782
v 50.87806 3.59630 0.15782
v 50.83796 3.59852 0.15782
v 50.87652 3.63840 0.15782
v 50.88263 3.72449 0.15782
v 50.92722 3.72763 0.15782
v 50.88336 3.77003 0.15782
v 50.97018 3.76376 0.15782
v 51.00825 3.80848 0.15782
v 51.05368 3.81096 0.15782
v 51.09787 3.81082 0.15782
v 51.09552 3.85409 0.15782
v 51.13258 3.81605 0.15782
v 51.21952 3.85205 0.15782
v 50.92152 3.81189 0.19014
v 50.84296 3.68495 0.19014
v 51.10693 3.57910 0.19014
v 51.00440 3.43300 0.19014
v 51.04646 3.42430 0.19014
v 50.96579 3.42900 0.19014
v 51.05273 3.47225 0.19014
v 51.05680 3.38364 0.19014
v 51.08953 3.43631 0.19014
v 51.08778 3.47670 0.19014
v 51.13397 3.37772 0.19014
v 51.09468 3.39351 0.19014
v 51.13040 3.41598 0.19014
v 51.13366 3.47060 0.19014
v 51.18414 3.38790 0.19014
v 51.16922 3.42486 0.19014
v 51.21944 3.39230 0.19014
v 51.21663 3.42872 0.19014
v 51.22067 3.47118 0.19014
v 51.17170 3.46760 0.19014
v 51.18163 3.50822 0.19014
v 51.26015 3.43372 0.19014
v 51.26870 3.48178 0.19014
v 51.30167 3.51243 0.19014
v 51.26004 3.51907 0.19014
v 51.22156 3.52042 0.19014
v 51.21648 3.55843 0.19014
v 51.30706 3.55701 0.19014
v 51.27113 3.55582 0.19014
v 51.30915 3.59944 0.19014
v 51.30302 3.64445 0.19014
v 51.27101 3.60322 0.19014
v 51.22140 3.59808 0.19014
v 51.25755 3.64865 0.19014
v 51.21691 3.64355 0.19014
v 51.18742 3.64328 0.19014
v 51.25514 3.72790 0.19014
v 51.26182 3.69100 0.19014
v 51.22481 3.69395 0.19014
v 51.21309 3.76153 0.19014
v 51.21592 3.72577 0.19014
v 51.18216 3.72741 0.19014
v 51.18099 3.68462 0.19014
v 51.14283 3.68490 0.19014
v 51.17236 3.77196 0.19014
v 51.12913 3.77180 0.19014
v 51.14423 3.73960 0.19014
v 51.08524 3.76546 0.19014
v 51.09321 3.71669 0.19014
v 51.09659 3.68276 0.19014
v 51.04394 3.77077 0.19014
v 51.04464 3.73333 0.19014
v 51.05505 3.68312 0.19014
v 51.00405 3.76481 0.19014
v 50.96641 3.73096 0.19014
v 51.01057 3.71261 0.19014
v 51.04240 3.66074 0.19014
v 50.92455 3.68281 0.19014
v 50.97136 3.67510 0.19014
v 51.00194 3.68555 0.19014
v 51.00718 3.63848 0.19014
v 50.91962 3.63941 0.19014
v 50.95383 3.63913 0.19014
v 51.00585 3.59817 0.19014
v 50.91956 3.60129 0.19014
v 50.96425 3.59445 0.19014
v 50.88788 3.55705 0.19014
v 50.92286 3.51924 0.19014
v 50.92962 3.56125 0.19014
v 50.96573 3.55347 0.19014
v 51.00607 3.55402 0.19014
v 50.92929 3.47498 0.19014
v 50.97025 3.51165 0.19014
v 51.01172 3.51264 0.19014
v 50.96749 3.46789 0.19014
v 50.99787 3.46312 0.19014
v 51.03565 3.50330 0.19014
v 50.83776 3.51777 0.19014
v 51.04969 3.30569 0.19014
v 51.13437 3.30388 0.19014
v 51.22295 3.29807 0.19014
v 51.38800 3.55730 0.19014
v 51.38757 3.63882 0.19014
v 51.34287 3.72725 0.19014
v 51.00842 3.85177 0.19014
v 51.10693 3.57910 0.15782
v 50.96553 3.42882 0.15782
v 51.00422 3.43283 0.15782
v 50.99769 3.46299 0.15782
v 51.01707 3.38875 0.15782
v 51.05264 3.47213 0.15782
v 51.03554 3.50322 0.15782
v 50.92898 3.47486 0.15782
v 50.96725 3.46776 0.15782
v 50.97003 3.51158 0.15782
v 51.01158 3.51258 0.15782
v 50.92255 3.51917 0.15782
v 50.96552 3.55344 0.15782
v 51.00592 3.55400 0.15782
v 50.88749 3.55703 0.15782
v 50.91926 3.60131 0.15782
v 50.92934 3.56123 0.15782
v 50.96404 3.59447 0.15782
v 51.00571 3.59818 0.15782
v 50.91930 3.63947 0.15782
v 50.95359 3.63919 0.15782
v 50.92422 3.68293 0.15782
v 50.97115 3.67520 0.15782
v 51.00703 3.63854 0.15782
v 50.96615 3.73115 0.15782
v 51.01024 3.71508 0.15782
v 51.01331 3.66788 0.15782
v 51.04230 3.66083 0.15782
v 51.00911 3.76398 0.15782
v 51.04381 3.77102 0.15782
v 51.05185 3.73459 0.15782
v 51.05496 3.68324 0.15782
v 51.08520 3.76570 0.15782
v 51.09319 3.71685 0.15782
v 51.09658 3.68287 0.15782
v 51.12917 3.77205 0.15782
v 51.14430 3.73979 0.15782
v 51.14289 3.68502 0.15782
v 51.17249 3.77222 0.15782
v 51.21330 3.76177 0.15782
v 51.18229 3.72759 0.15782
v 51.25542 3.72809 0.15782
v 51.21612 3.72595 0.15782
v 51.22501 3.69408 0.15782
v 51.18111 3.68473 0.15782
v 51.18754 3.64335 0.15782
v 51.26208 3.69113 0.15782
v 51.25779 3.64872 0.15782
v 51.21707 3.64362 0.15782
v 51.30336 3.64452 0.15782
v 51.27126 3.60324 0.15782
v 51.22156 3.59809 0.15782
v 51.30949 3.59947 0.15782
v 51.30739 3.55699 0.15782
v 51.27139 3.55580 0.15782
v 51.21664 3.55841 0.15782
v 51.30201 3.51236 0.15782
v 51.26027 3.51900 0.15782
v 51.26897 3.48167 0.15782
v 51.22086 3.47106 0.15782
v 51.22173 3.52036 0.15782
v 51.18175 3.50815 0.15782
v 51.26043 3.43354 0.15782
v 51.21683 3.42854 0.15782
v 51.21966 3.39205 0.15782
v 51.18430 3.38765 0.15782
v 51.16933 3.42468 0.15782
v 51.17180 3.46747 0.15782
v 51.13371 3.47048 0.15782
v 51.13402 3.37745 0.15782
v 51.13044 3.41578 0.15782
v 51.09466 3.39328 0.15782
v 51.05670 3.38338 0.15782
v 51.08950 3.43614 0.15782
v 51.08775 3.47659 0.15782
v 51.04636 3.42412 0.15782
v 51.34513 3.72554 0.15782
v 51.38837 3.63893 0.15782
v 51.38409 3.55643 0.15782
v 51.22199 3.29939 0.15782
v 51.13445 3.30332 0.15782
v 51.05063 3.30769 0.15782
v 50.83706 3.51767 0.15782
v 50.84224 3.68331 0.15782
v 50.92086 3.81244 0.15782
v 51.00808 3.85239 0.15782
v 49.62636 4.26271 0.24900
v 49.07309 3.68142 0.24900
v 49.20807 3.30318 0.24900
v 50.20860 3.77185 0.24900
v 50.11858 3.35403 0.24900
v 49.66909 3.09678 0.24900
v 49.97678 3.20497 0.24900
v 49.87962 3.14806 0.24900
v 49.78641 3.11443 0.24900
v 49.59000 3.09889 0.24900
v 49.46123 3.12704 0.24900
v 49.37065 3.16751 0.24900
v 49.49608 4.24315 0.24900
v 49.41523 4.21409 0.24900
v 49.29630 4.14216 0.24900
v 49.17405 4.01083 0.24900
v 49.11229 3.89206 0.24900
v 49.08725 3.80837 0.24900
v 49.07833 3.60080 0.24900
v 49.11105 3.47055 0.24900
v 49.15428 3.37975 0.24900
v 49.91814 4.19168 0.24900
v 49.79607 4.24207 0.24900
v 49.71199 4.25900 0.24900
v 50.17781 3.88878 0.24900
v 50.13789 3.97374 0.24900
v 50.08079 4.05614 0.24900
v 50.17885 3.47358 0.24900
v 50.20311 3.55752 0.24900
v 50.21577 3.67790 0.24900
v 50.00053 4.13591 0.24900
v 49.25126 4.10269 0.24900
v 49.29357 3.21932 0.24900
v 50.04244 3.26121 0.24900
v 50.00228 4.13869 0.19155
v 50.21214 3.77114 0.19151
v 50.12187 3.35052 0.19099
v 49.62616 4.26562 0.19138
v 49.24949 4.10351 0.19251
v 49.07114 3.68243 0.19164
v 49.20623 3.30231 0.19200
v 50.08356 4.05723 0.19170
v 50.13944 3.97441 0.19192
v 50.17988 3.88921 0.19177
v 50.21836 3.67859 0.19160
v 50.20681 3.55683 0.19151
v 50.18039 3.47314 0.19204
v 49.17166 4.01391 0.19151
v 49.11135 3.89358 0.19203
v 49.08381 3.80733 0.19181
v 49.07571 3.60105 0.19155
v 49.10994 3.46922 0.19214
v 49.15292 3.37892 0.19200
v 49.29447 4.14389 0.19213
v 49.41617 4.21930 0.19177
v 49.49650 4.24397 0.19270
v 49.71199 4.26328 0.19096
v 49.79641 4.24302 0.19289
v 49.83702 4.23120 0.19120
v 49.92029 4.19263 0.19184
v 49.29191 3.21788 0.19200
v 50.04507 3.26070 0.19196
v 49.97794 3.20416 0.19227
v 49.87945 3.14475 0.19188
v 49.78885 3.10795 0.18985
v 49.58833 3.09578 0.19144
v 49.45953 3.12587 0.19187
v 49.36926 3.16662 0.19208
v 49.66952 3.09327 0.19140
v 50.02085 4.11870 0.24900
v 50.04491 4.09565 0.24900
v 50.10149 4.02991 0.24900
v 50.11676 4.00792 0.24900
v 50.15945 3.93204 0.24900
v 50.18880 3.85701 0.24900
v 50.19453 3.83766 0.24900
v 50.20099 3.81152 0.24900
v 50.21396 3.72502 0.24900
v 50.21428 3.63751 0.24900
v 50.21005 3.59731 0.24900
v 50.19534 3.52477 0.24900
v 50.18979 3.50537 0.24900
v 50.16089 3.43014 0.24900
v 50.13939 3.38841 0.24900
v 49.21031 4.05883 0.24900
v 49.18945 4.03272 0.24900
v 49.15272 3.97678 0.24900
v 49.13091 3.93522 0.24900
v 49.09917 3.85393 0.24900
v 49.07881 3.76201 0.24900
v 49.07458 3.72182 0.24900
v 49.07434 3.64102 0.24900
v 49.08504 3.56096 0.24900
v 49.09634 3.51524 0.24900
v 49.12651 3.43333 0.24900
v 49.14124 3.40319 0.24900
v 49.17592 3.34590 0.24900
v 49.32291 4.16207 0.24900
v 49.33949 4.17312 0.24900
v 49.37376 4.19336 0.24900
v 49.45828 4.23116 0.24900
v 49.51528 4.24810 0.24900
v 49.54114 4.25348 0.24900
v 49.58194 4.25960 0.24900
v 49.67254 4.26238 0.24900
v 49.75111 4.25283 0.24900
v 49.84009 4.22782 0.24900
v 49.87679 4.21267 0.24900
v 49.95228 4.17123 0.24900
v 49.97419 4.15619 0.24900
v 49.26801 3.24062 0.24900
v 49.24395 3.26368 0.24900
v 50.10334 3.33201 0.24900
v 50.08288 3.30559 0.24900
v 50.06557 3.28524 0.24900
v 49.95490 3.18989 0.24900
v 49.92094 3.16911 0.24900
v 49.83684 3.13031 0.24900
v 49.80548 3.11983 0.24900
v 49.70856 3.09992 0.24900
v 49.75418 3.10719 0.24900
v 50.00293 3.22550 0.24900
v 49.54426 3.10536 0.24900
v 49.50552 3.11367 0.24900
v 49.48639 3.11889 0.24900
v 49.41815 3.14404 0.24900
v 49.38817 3.15809 0.24900
v 49.33666 3.18823 0.24900
v 49.62951 3.09643 0.24900
v 50.02176 4.11903 0.19247
v 50.04652 4.09761 0.19174
v 50.10285 4.03024 0.19208
v 50.12021 4.00995 0.19148
v 50.16319 3.93259 0.19154
v 50.18941 3.85817 0.19270
v 50.20099 3.84397 0.19037
v 50.20504 3.81120 0.19148
v 50.21619 3.72509 0.19174
v 50.21688 3.63767 0.19164
v 50.21312 3.59688 0.19155
v 50.20067 3.52012 0.19103
v 50.19050 3.50495 0.19270
v 50.16504 3.43020 0.19148
v 50.14011 3.38647 0.19231
v 50.16366 3.39468 0.18881
v 49.21254 4.09732 0.18881
v 49.18893 4.03321 0.19270
v 49.20837 4.06030 0.19204
v 49.12768 3.93526 0.19192
v 49.13444 3.97001 0.18881
v 49.15343 3.98071 0.19278
v 49.09377 3.85161 0.19114
v 49.07265 3.72311 0.19164
v 49.07647 3.76364 0.19155
v 49.07235 3.64171 0.19164
v 49.08842 3.47624 0.18881
v 49.09216 3.51554 0.19149
v 49.08176 3.56077 0.19148
v 49.13605 3.39915 0.19120
v 49.12367 3.43202 0.19160
v 49.17302 3.34520 0.19181
v 49.32258 4.16244 0.19359
v 49.33648 4.17756 0.19125
v 49.37331 4.19491 0.19289
v 49.45863 4.23324 0.19252
v 49.51038 4.25662 0.19045
v 49.54278 4.25741 0.19117
v 49.58402 4.26264 0.19161
v 49.67027 4.26556 0.19093
v 49.75289 4.25809 0.19098
v 49.79226 4.26145 0.18881
v 49.87777 4.21722 0.19123
v 49.95563 4.17495 0.19135
v 49.97520 4.15703 0.19217
v 49.26095 3.23276 0.19082
v 49.21809 3.26952 0.18881
v 49.24491 3.26033 0.19258
v 50.10541 3.33420 0.19571
v 50.08872 3.30808 0.19124
v 50.06584 3.28505 0.19502
v 50.07823 3.27212 0.18881
v 49.95740 3.18681 0.19164
v 49.92259 3.16822 0.19208
v 49.83824 3.12856 0.19173
v 49.80767 3.11973 0.19310
v 49.75127 3.10214 0.19196
v 49.70973 3.09671 0.19148
v 50.00464 3.22362 0.19196
v 49.54409 3.10184 0.19154
v 49.50351 3.10783 0.19082
v 49.48570 3.11837 0.19270
v 49.41748 3.14107 0.19177
v 49.38307 3.14922 0.19054
v 49.33521 3.18526 0.19177
v 49.62849 3.09295 0.19140
v 49.08725 3.80837 0.41202
v 49.08725 3.80837 0.37888
v 49.08725 3.80837 0.32735
v 49.08725 3.80837 0.29117
v 49.07309 3.68142 0.29117
v 49.07309 3.68142 0.32735
v 49.07309 3.68142 0.37888
v 49.07309 3.68142 0.41202
v 49.11229 3.89206 0.41202
v 49.11229 3.89206 0.37888
v 49.11229 3.89206 0.32735
v 49.11229 3.89206 0.29117
v 49.17405 4.01083 0.41202
v 49.17405 4.01083 0.37888
v 49.17405 4.01083 0.32735
v 49.17405 4.01083 0.29117
v 49.25146 4.10282 0.41186
v 49.25138 4.10277 0.37745
v 49.25128 4.10271 0.32679
v 49.25126 4.10269 0.29110
v 49.29653 4.14232 0.41171
v 49.29644 4.14225 0.37610
v 49.29633 4.14218 0.32625
v 49.29630 4.14216 0.29103
v 49.41523 4.21401 0.41170
v 49.41523 4.21404 0.37603
v 49.41523 4.21408 0.32623
v 49.41523 4.21409 0.29103
v 49.49609 4.24308 0.41170
v 49.49609 4.24311 0.37603
v 49.49608 4.24314 0.32623
v 49.49608 4.24315 0.29103
v 49.62593 4.26207 0.40188
v 49.62638 4.26267 0.37603
v 49.62637 4.26270 0.32623
v 49.62636 4.26271 0.29103
v 49.29357 3.21932 0.41202
v 49.29357 3.21932 0.37888
v 49.29357 3.21932 0.32735
v 49.29357 3.21932 0.29117
v 49.37065 3.16751 0.29117
v 49.37065 3.16751 0.32735
v 49.37065 3.16751 0.37888
v 49.37065 3.16751 0.41202
v 49.46123 3.12704 0.29117
v 49.46123 3.12704 0.32735
v 49.46123 3.12704 0.37888
v 49.46123 3.12704 0.41202
v 49.59000 3.09889 0.29117
v 49.59000 3.09889 0.32735
v 49.59000 3.09889 0.37888
v 49.59000 3.09889 0.41202
v 49.66909 3.09678 0.29117
v 49.66909 3.09678 0.32735
v 49.66909 3.09678 0.37888
v 49.66909 3.09678 0.41202
v 49.78641 3.11443 0.29117
v 49.78641 3.11443 0.32735
v 49.78641 3.11443 0.37888
v 49.78641 3.11443 0.41202
v 49.87962 3.14806 0.29117
v 49.87962 3.14806 0.32735
v 49.87962 3.14806 0.37888
v 49.87962 3.14806 0.41202
v 49.97678 3.20497 0.29117
v 49.97678 3.20497 0.32735
v 49.97678 3.20497 0.37888
v 49.97678 3.20497 0.41202
v 50.04244 3.26121 0.29116
v 50.04243 3.26121 0.32728
v 50.04241 3.26120 0.37869
v 50.04239 3.26118 0.41200
v 50.11858 3.35403 0.29103
v 50.11859 3.35404 0.32623
v 50.11862 3.35410 0.37603
v 50.11864 3.35416 0.41170
v 50.17885 3.47358 0.29103
v 50.17884 3.47358 0.32623
v 50.17879 3.47356 0.37603
v 50.17875 3.47354 0.41170
v 50.20851 3.77184 0.41170
v 50.20855 3.77185 0.37603
v 50.20859 3.77185 0.32623
v 50.20860 3.77185 0.29103
v 50.17781 3.88878 0.29103
v 50.17780 3.88878 0.32623
v 50.17776 3.88878 0.37603
v 50.17773 3.88877 0.41170
v 50.21569 3.67788 0.41170
v 50.21572 3.67789 0.37603
v 50.21576 3.67790 0.32623
v 50.21577 3.67790 0.29103
v 49.20807 3.30318 0.41202
v 49.20807 3.30318 0.37888
v 49.20807 3.30318 0.32735
v 49.20807 3.30318 0.29117
v 49.15428 3.37975 0.41202
v 49.15428 3.37975 0.37888
v 49.15428 3.37975 0.32735
v 49.15428 3.37975 0.29117
v 49.07833 3.60080 0.29117
v 49.07833 3.60080 0.32735
v 49.07833 3.60080 0.37888
v 49.07833 3.60080 0.41202
v 49.71202 4.25907 0.41167
v 49.71200 4.25896 0.37603
v 49.71199 4.25899 0.32623
v 49.71199 4.25900 0.29103
v 49.11105 3.47055 0.29117
v 49.11105 3.47055 0.32735
v 49.11105 3.47055 0.37888
v 49.11105 3.47055 0.41202
v 50.00047 4.13591 0.41170
v 50.00050 4.13591 0.37603
v 50.00053 4.13591 0.32623
v 50.00053 4.13591 0.29103
v 49.91814 4.19168 0.29103
v 49.91815 4.19167 0.32623
v 49.91817 4.19164 0.37603
v 49.91820 4.19161 0.41170
v 49.79607 4.24207 0.29103
v 49.79608 4.24206 0.32623
v 49.79609 4.24203 0.37603
v 49.79611 4.24200 0.41170
v 50.13788 3.97374 0.29103
v 50.13787 3.97374 0.32623
v 50.13782 3.97375 0.37603
v 50.13778 3.97376 0.41170
v 50.08079 4.05614 0.29103
v 50.08077 4.05615 0.32623
v 50.08071 4.05618 0.37603
v 50.08066 4.05620 0.41170
v 50.20311 3.55752 0.29103
v 50.20310 3.55751 0.32623
v 50.20306 3.55750 0.37603
v 50.20302 3.55749 0.41170
v 50.10352 3.33228 0.41171
v 50.08304 3.30583 0.41180
v 50.06560 3.28532 0.41192
v 50.10345 3.33217 0.37616
v 50.08297 3.30573 0.37696
v 50.06559 3.28528 0.37797
v 50.10337 3.33205 0.32628
v 50.08290 3.30562 0.32660
v 50.06558 3.28525 0.32699
v 50.10335 3.33202 0.29104
v 50.08288 3.30559 0.29107
v 50.06557 3.28524 0.29113
v 49.09917 3.85393 0.41202
v 49.09917 3.85393 0.37888
v 49.09917 3.85393 0.32735
v 49.09917 3.85393 0.29117
v 49.32299 4.16208 0.41170
v 49.33952 4.17308 0.41170
v 49.37375 4.19328 0.41170
v 49.32296 4.16208 0.37603
v 49.33951 4.17310 0.37603
v 49.37375 4.19331 0.37603
v 49.32292 4.16207 0.32623
v 49.33949 4.17312 0.32623
v 49.37375 4.19335 0.32623
v 49.32291 4.16207 0.29103
v 49.33949 4.17312 0.29103
v 49.37376 4.19336 0.29103
v 49.51529 4.24803 0.41170
v 49.54116 4.25341 0.41170
v 49.58438 4.25991 0.41409
v 49.51528 4.24805 0.37603
v 49.54115 4.25344 0.37603
v 49.58195 4.25956 0.37603
v 49.51528 4.24809 0.32623
v 49.54114 4.25347 0.32623
v 49.58194 4.25959 0.32623
v 49.51528 4.24810 0.29103
v 49.54114 4.25348 0.29103
v 49.58194 4.25960 0.29103
v 49.66982 4.26166 0.40303
v 49.67255 4.26234 0.37603
v 49.67254 4.26238 0.32623
v 49.67254 4.26238 0.29103
v 49.33666 3.18823 0.41202
v 49.33666 3.18823 0.37888
v 49.33666 3.18823 0.32735
v 49.33666 3.18823 0.29117
v 49.75418 3.10719 0.41202
v 49.70856 3.09992 0.41202
v 49.75418 3.10719 0.37888
v 49.70856 3.09992 0.37888
v 49.75418 3.10719 0.32735
v 49.70856 3.09992 0.32735
v 49.75418 3.10719 0.29117
v 49.70856 3.09992 0.29117
v 49.07458 3.72182 0.41202
v 49.07881 3.76201 0.41202
v 49.07458 3.72182 0.37888
v 49.07881 3.76201 0.37888
v 49.07458 3.72182 0.32735
v 49.07881 3.76201 0.32735
v 49.07458 3.72182 0.29117
v 49.07881 3.76201 0.29117
v 49.41815 3.14404 0.41202
v 49.38817 3.15809 0.41202
v 49.41815 3.14404 0.37888
v 49.38817 3.15809 0.37888
v 49.41815 3.14404 0.32735
v 49.38817 3.15809 0.32735
v 49.41815 3.14404 0.29117
v 49.38817 3.15809 0.29117
v 49.09634 3.51524 0.41202
v 49.08504 3.56096 0.41202
v 49.09634 3.51524 0.37888
v 49.08504 3.56096 0.37888
v 49.09634 3.51524 0.32735
v 49.08504 3.56096 0.32735
v 49.09634 3.51524 0.29117
v 49.08504 3.56096 0.29117
v 49.95490 3.18989 0.41202
v 49.92094 3.16911 0.41202
v 49.95490 3.18989 0.37888
v 49.92094 3.16911 0.37888
v 49.95490 3.18989 0.32735
v 49.92094 3.16911 0.32735
v 49.95490 3.18989 0.29117
v 49.92094 3.16911 0.29117
v 50.16078 3.43008 0.41170
v 50.13933 3.38839 0.41170
v 50.16082 3.43011 0.37603
v 50.13935 3.38840 0.37603
v 50.16087 3.43014 0.32623
v 50.13938 3.38841 0.32623
v 50.16088 3.43014 0.29103
v 50.13939 3.38841 0.29103
v 49.17592 3.34590 0.41202
v 49.17592 3.34590 0.37888
v 49.17592 3.34590 0.32735
v 49.17592 3.34590 0.29117
v 50.00292 3.22549 0.41202
v 50.00293 3.22549 0.37888
v 50.00293 3.22550 0.32735
v 50.00293 3.22550 0.29117
v 49.18944 4.03272 0.41202
v 49.21030 4.05879 0.41201
v 49.18945 4.03272 0.37888
v 49.21030 4.05880 0.37881
v 49.18945 4.03272 0.32735
v 49.21031 4.05882 0.32733
v 49.18945 4.03272 0.29117
v 49.21031 4.05882 0.29117
v 49.07434 3.64102 0.41202
v 49.07434 3.64102 0.37888
v 49.07434 3.64102 0.32735
v 49.07434 3.64102 0.29117
v 49.13091 3.93522 0.41202
v 49.15272 3.97678 0.41202
v 49.13091 3.93522 0.37888
v 49.15272 3.97678 0.37888
v 49.13091 3.93522 0.32735
v 49.15272 3.97678 0.32735
v 49.13091 3.93522 0.29117
v 49.15272 3.97678 0.29117
v 50.18872 3.85700 0.41170
v 50.19444 3.83765 0.41170
v 50.20090 3.81151 0.41170
v 50.18875 3.85701 0.37603
v 50.19448 3.83765 0.37603
v 50.20094 3.81152 0.37603
v 50.18879 3.85701 0.32623
v 50.19452 3.83766 0.32623
v 50.20098 3.81152 0.32623
v 50.18880 3.85701 0.29103
v 50.19453 3.83766 0.29103
v 50.20099 3.81152 0.29103
v 49.14124 3.40319 0.41202
v 49.12651 3.43333 0.41202
v 49.14124 3.40319 0.37888
v 49.12651 3.43333 0.37888
v 49.14124 3.40319 0.32735
v 49.12651 3.43333 0.32735
v 49.14124 3.40319 0.29117
v 49.12651 3.43333 0.29117
v 49.83684 3.13031 0.41202
v 49.80548 3.11983 0.41202
v 49.83684 3.13031 0.37888
v 49.80548 3.11983 0.37888
v 49.83684 3.13031 0.32735
v 49.80548 3.11983 0.32735
v 49.83684 3.13031 0.29117
v 49.80548 3.11983 0.29117
v 49.26800 3.24062 0.41202
v 49.24395 3.26368 0.41202
v 49.26800 3.24062 0.37888
v 49.24395 3.26368 0.37888
v 49.26801 3.24062 0.32735
v 49.24395 3.26368 0.32735
v 49.26801 3.24062 0.29117
v 49.24395 3.26368 0.29117
v 49.54426 3.10536 0.41202
v 49.50552 3.11368 0.41202
v 49.48639 3.11889 0.41202
v 49.54426 3.10536 0.37888
v 49.50552 3.11368 0.37888
v 49.48639 3.11889 0.37888
v 49.54426 3.10536 0.32735
v 49.50552 3.11367 0.32735
v 49.48638 3.11889 0.32735
v 49.54426 3.10536 0.29117
v 49.50552 3.11367 0.29117
v 49.48639 3.11889 0.29117
v 49.62951 3.09643 0.41202
v 49.62951 3.09643 0.37888
v 49.62951 3.09643 0.32735
v 49.62951 3.09643 0.29117
v 49.45828 4.23109 0.41170
v 49.45828 4.23112 0.37603
v 49.45828 4.23115 0.32623
v 49.45828 4.23116 0.29103
v 49.95230 4.17118 0.41170
v 49.97417 4.15616 0.41170
v 49.95229 4.17120 0.37603
v 49.97418 4.15617 0.37603
v 49.95229 4.17122 0.32623
v 49.97419 4.15618 0.32623
v 49.95228 4.17123 0.29103
v 49.97419 4.15619 0.29103
v 49.84014 4.22773 0.41170
v 49.87686 4.21258 0.41170
v 49.84012 4.22777 0.37603
v 49.87683 4.21261 0.37603
v 49.84009 4.22780 0.32623
v 49.87679 4.21265 0.32623
v 49.84009 4.22781 0.29103
v 49.87679 4.21266 0.29103
v 49.75114 4.25276 0.41170
v 49.75113 4.25279 0.37603
v 49.75111 4.25282 0.32623
v 49.75111 4.25283 0.29103
v 50.21420 3.63748 0.41170
v 50.20997 3.59729 0.41170
v 50.21423 3.63749 0.37603
v 50.21000 3.59730 0.37603
v 50.21427 3.63750 0.32623
v 50.21004 3.59731 0.32623
v 50.21428 3.63750 0.29103
v 50.21005 3.59731 0.29103
v 50.15936 3.93205 0.41170
v 50.15940 3.93204 0.37603
v 50.15944 3.93204 0.32623
v 50.15945 3.93204 0.29103
v 50.10137 4.02996 0.41170
v 50.11664 4.00796 0.41170
v 50.10142 4.02994 0.37603
v 50.11669 4.00795 0.37603
v 50.10148 4.02992 0.32623
v 50.11675 4.00793 0.32623
v 50.10149 4.02991 0.29103
v 50.11676 4.00792 0.29103
v 50.21387 3.72500 0.41170
v 50.21390 3.72501 0.37603
v 50.21395 3.72502 0.32623
v 50.21395 3.72502 0.29103
v 50.19525 3.52474 0.41170
v 50.18970 3.50533 0.41170
v 50.19528 3.52476 0.37603
v 50.18973 3.50535 0.37603
v 50.19533 3.52477 0.32623
v 50.18978 3.50536 0.32623
v 50.19534 3.52477 0.29103
v 50.18979 3.50537 0.29103
v 49.25723 4.13549 0.18881
v 49.91416 3.14358 0.18881
v 50.01503 4.03234 0.50140
v 49.99449 4.05360 0.50140
v 49.97289 4.07368 0.50140
v 50.11341 3.48512 0.50140
v 50.12357 3.51323 0.50140
v 50.13508 3.55349 0.50140
v 50.15031 3.68407 0.50140
v 50.14838 3.72598 0.50140
v 50.14298 3.76756 0.50140
v 50.08402 3.93592 0.50140
v 50.06894 3.96160 0.50140
v 50.05567 3.98135 0.50140
v 50.03425 4.00981 0.50140
v 50.12260 3.84872 0.50140
v 50.11240 3.87680 0.50140
v 50.10290 3.89872 0.50140
v 50.14437 3.60047 0.50140
v 50.14908 3.64214 0.50140
v 49.79532 4.17394 0.50140
v 49.75587 4.18470 0.50140
v 49.70994 4.19306 0.50140
v 49.87621 4.13992 0.50140
v 49.83920 4.15761 0.50140
v 49.81747 4.16638 0.50140
v 49.95480 4.08876 0.50140
v 49.92638 4.10960 0.50140
v 49.90181 4.12565 0.50140
v 49.50212 4.17651 0.50140
v 49.47432 4.16745 0.50140
v 49.45255 4.15882 0.50140
v 49.58472 3.16537 0.50140
v 49.62542 3.16220 0.50140
v 49.67205 3.16261 0.50140
v 49.34129 4.09434 0.50140
v 49.31855 4.07592 0.50140
v 49.29245 4.05159 0.50140
v 49.49918 3.18363 0.50140
v 49.54444 3.17205 0.50140
v 49.25461 3.34969 0.50140
v 49.29437 3.30591 0.50140
v 49.33408 3.27068 0.50140
v 49.79791 3.18623 0.50140
v 49.83092 3.19814 0.50140
v 49.84710 3.20500 0.50140
v 49.17879 3.47706 0.50140
v 49.19907 3.43389 0.50140
v 50.13447 3.80859 0.50140
v 49.20627 3.93862 0.50140
v 49.19222 3.91235 0.50140
v 49.18227 3.89066 0.50140
v 49.13837 3.68123 0.50140
v 49.13999 3.63931 0.50140
v 49.14380 3.60357 0.50140
v 49.27176 4.03013 0.50140
v 49.25640 4.01210 0.50140
v 49.23826 3.98869 0.50140
v 49.22474 3.96916 0.50140
v 49.95701 3.27237 0.50140
v 49.97509 3.28748 0.50140
v 49.99650 3.30776 0.50140
v 49.21988 3.39780 0.50140
v 49.23299 3.37797 0.50140
v 50.07053 3.40020 0.50140
v 50.08823 3.43107 0.50140
v 50.10411 3.46311 0.50140
v 49.87856 3.22072 0.50140
v 49.90916 3.23816 0.50140
v 49.92873 3.25121 0.50140
v 49.14665 3.58582 0.50140
v 49.15295 3.55656 0.50140
v 49.16422 3.51624 0.50140
v 49.41273 3.21932 0.50140
v 49.44433 3.20390 0.50140
v 49.46598 3.19496 0.50140
v 49.14722 3.77658 0.50140
v 49.14426 3.75886 0.50140
v 49.14023 3.72313 0.50140
v 49.71268 3.16649 0.50140
v 49.75286 3.17386 0.50140
v 49.36241 3.24957 0.50140
v 49.38210 3.23671 0.50140
v 49.66929 4.19687 0.50140
v 49.62965 4.19720 0.50140
v 49.58431 4.19375 0.50140
v 49.54171 4.18671 0.50140
v 49.41543 4.14134 0.50140
v 49.38971 4.12721 0.50140
v 49.36988 4.11467 0.50140
v 49.16718 3.85169 0.50140
v 49.15369 3.80580 0.50140
v 50.01707 3.32917 0.50140
v 50.03626 3.35209 0.50140
v 50.05758 3.38050 0.50140
v 50.02077 4.11873 0.41170
v 50.04479 4.09570 0.41170
v 50.02080 4.11872 0.37603
v 50.04484 4.09568 0.37603
v 50.02084 4.11871 0.32623
v 50.04489 4.09565 0.32623
v 50.02085 4.11871 0.29103
v 50.04491 4.09565 0.29103
v 50.00047 4.13592 0.56456
v 50.08065 4.05620 0.56456
v 50.04479 4.09570 0.56456
v 50.02076 4.11874 0.56456
v 50.20302 3.55749 0.56456
v 50.17875 3.47353 0.56456
v 50.18969 3.50533 0.56456
v 50.19524 3.52474 0.56456
v 50.20851 3.77184 0.56456
v 50.21568 3.67788 0.56456
v 50.21387 3.72500 0.56456
v 50.13778 3.97376 0.56456
v 50.11664 4.00796 0.56456
v 50.10136 4.02996 0.56456
v 50.17772 3.88877 0.56456
v 50.15936 3.93205 0.56456
v 50.21419 3.63748 0.56456
v 50.20996 3.59729 0.56456
v 49.71201 4.25892 0.56456
v 49.79611 4.24199 0.56456
v 49.75114 4.25275 0.56456
v 49.84015 4.22773 0.56456
v 49.91820 4.19160 0.56456
v 49.87686 4.21257 0.56456
v 49.97417 4.15616 0.56456
v 49.95230 4.17118 0.56456
v 49.41523 4.21401 0.56456
v 49.49609 4.24307 0.56456
v 49.45828 4.23108 0.56456
v 49.66909 3.09678 0.56456
v 49.58999 3.09889 0.56456
v 49.62951 3.09643 0.56456
v 49.25147 4.10283 0.56456
v 49.29655 4.14233 0.56456
v 49.54426 3.10536 0.56456
v 49.46123 3.12704 0.56456
v 49.48639 3.11889 0.56456
v 49.50552 3.11367 0.56456
v 49.29357 3.21932 0.56456
v 49.20807 3.30318 0.56456
v 49.24395 3.26368 0.56456
v 49.26801 3.24062 0.56456
v 49.87962 3.14806 0.56456
v 49.78641 3.11443 0.56456
v 49.80548 3.11983 0.56456
v 49.83684 3.13031 0.56456
v 49.15428 3.37975 0.56456
v 49.14124 3.40319 0.56456
v 49.11105 3.47055 0.56456
v 49.12651 3.43333 0.56456
v 50.18871 3.85700 0.56456
v 50.20090 3.81151 0.56456
v 50.19444 3.83765 0.56456
v 49.11229 3.89206 0.56456
v 49.13091 3.93522 0.56456
v 49.17405 4.01083 0.56456
v 49.15272 3.97678 0.56456
v 49.07833 3.60080 0.56456
v 49.07309 3.68142 0.56456
v 49.07434 3.64102 0.56456
v 49.21030 4.05879 0.56456
v 49.18944 4.03271 0.56456
v 50.04239 3.26118 0.56456
v 49.97678 3.20497 0.56456
v 50.00292 3.22549 0.56456
v 49.17592 3.34590 0.56456
v 50.16078 3.43008 0.56456
v 50.11864 3.35416 0.56456
v 50.13932 3.38839 0.56456
v 49.95490 3.18989 0.56456
v 49.92094 3.16911 0.56456
v 49.09634 3.51524 0.56456
v 49.08504 3.56096 0.56456
v 49.37065 3.16751 0.56456
v 49.38817 3.15809 0.56456
v 49.41815 3.14404 0.56456
v 49.07458 3.72182 0.56456
v 49.08725 3.80837 0.56456
v 49.07881 3.76201 0.56456
v 49.75418 3.10719 0.56456
v 49.70856 3.09992 0.56456
v 49.33666 3.18823 0.56456
v 49.62638 4.26263 0.56456
v 49.67256 4.26231 0.56456
v 49.51529 4.24802 0.56456
v 49.58196 4.25953 0.56456
v 49.54116 4.25340 0.56456
v 49.32299 4.16208 0.56456
v 49.37375 4.19328 0.56456
v 49.33952 4.17308 0.56456
v 49.09917 3.85393 0.56456
v 50.06560 3.28532 0.56456
v 50.08304 3.30585 0.56456
v 50.10353 3.33230 0.56456
v 49.45828 4.23108 0.53875
v 49.45828 4.23108 0.50434
v 49.45828 4.23108 0.46132
v 49.41523 4.21401 0.53875
v 49.41523 4.21401 0.50434
v 49.41523 4.21401 0.46132
v 50.04479 4.09570 0.53875
v 50.04479 4.09570 0.50434
v 50.04479 4.09570 0.46132
v 50.02076 4.11874 0.53875
v 50.02076 4.11874 0.50434
v 50.02076 4.11874 0.46132
v 49.15272 3.97678 0.53875
v 49.15272 3.97678 0.50434
v 49.15272 3.97678 0.46132
v 49.13091 3.93522 0.53875
v 49.13091 3.93522 0.50434
v 49.13091 3.93522 0.46132
v 49.29655 4.14233 0.53875
v 49.29655 4.14233 0.50434
v 49.29655 4.14233 0.46132
v 49.25147 4.10283 0.53875
v 49.25147 4.10283 0.50434
v 49.25147 4.10283 0.46132
v 49.41815 3.14404 0.53875
v 49.41815 3.14404 0.50434
v 49.41815 3.14404 0.46132
v 49.87962 3.14806 0.46132
v 49.87962 3.14806 0.50434
v 49.87962 3.14806 0.53875
v 49.46123 3.12704 0.53875
v 49.46123 3.12704 0.50434
v 49.46123 3.12704 0.46132
v 49.71464 4.25861 0.54047
v 49.71029 4.25980 0.50576
v 49.71831 4.25942 0.46034
v 49.21030 4.05879 0.53875
v 49.21030 4.05879 0.50434
v 49.21030 4.05879 0.46132
v 49.18944 4.03271 0.53875
v 49.18944 4.03271 0.50434
v 49.18944 4.03271 0.46132
v 49.17405 4.01083 0.53875
v 49.17405 4.01083 0.50434
v 49.17405 4.01083 0.46132
v 50.17772 3.88877 0.46132
v 50.17772 3.88877 0.50434
v 50.17772 3.88877 0.53875
v 50.21568 3.67788 0.53875
v 50.21568 3.67788 0.50434
v 50.21568 3.67788 0.46132
v 50.21387 3.72500 0.53875
v 50.21387 3.72500 0.50434
v 50.21387 3.72500 0.46132
v 49.17592 3.34590 0.53875
v 49.17592 3.34590 0.50434
v 49.17592 3.34590 0.46132
v 49.66909 3.09678 0.46132
v 49.66909 3.09678 0.50434
v 49.66909 3.09678 0.53875
v 49.20807 3.30318 0.53875
v 49.20807 3.30318 0.50434
v 49.20807 3.30318 0.46132
v 49.70856 3.09992 0.53875
v 49.70856 3.09992 0.50434
v 49.70856 3.09992 0.46132
v 50.15936 3.93205 0.53875
v 50.15936 3.93205 0.50434
v 50.15936 3.93205 0.46132
v 49.75418 3.10719 0.53875
v 49.75418 3.10719 0.50434
v 49.75418 3.10719 0.46132
v 49.92094 3.16911 0.53875
v 49.92094 3.16911 0.50434
v 49.92094 3.16911 0.46132
v 49.59000 3.09889 0.46132
v 49.58999 3.09889 0.50434
v 49.58999 3.09889 0.53875
v 49.95490 3.18989 0.53875
v 49.95490 3.18989 0.50434
v 49.95490 3.18989 0.46132
v 49.24395 3.26368 0.53875
v 49.24395 3.26368 0.50434
v 49.24395 3.26368 0.46132
v 49.07309 3.68142 0.53875
v 49.07309 3.68142 0.50434
v 49.07309 3.68142 0.46132
v 49.26801 3.24062 0.53875
v 49.26801 3.24062 0.50434
v 49.26800 3.24062 0.46132
v 50.06560 3.28532 0.53875
v 50.06560 3.28532 0.50434
v 50.06560 3.28532 0.46132
v 50.04239 3.26118 0.46132
v 50.04239 3.26118 0.50434
v 50.04239 3.26118 0.53875
v 49.79611 4.24199 0.53875
v 49.79611 4.24199 0.50434
v 49.79611 4.24199 0.46132
v 50.08304 3.30585 0.53875
v 50.08304 3.30585 0.50434
v 50.08304 3.30585 0.46132
v 49.08725 3.80837 0.53875
v 49.08725 3.80837 0.50434
v 49.08725 3.80837 0.46132
v 49.67117 4.26174 0.54018
v 49.75114 4.25275 0.53875
v 49.75114 4.25275 0.50434
v 49.75114 4.25275 0.46132
v 50.10353 3.33230 0.53875
v 50.10353 3.33230 0.50434
v 50.10353 3.33230 0.46132
v 50.11864 3.35416 0.46132
v 50.11864 3.35416 0.50434
v 50.11864 3.35416 0.53875
v 49.62687 4.26197 0.54017
v 49.29357 3.21932 0.53875
v 49.29357 3.21932 0.50434
v 49.29357 3.21932 0.46132
v 49.80548 3.11983 0.53875
v 49.80548 3.11983 0.50434
v 49.80548 3.11983 0.46132
v 49.83684 3.13031 0.53875
v 49.83684 3.13031 0.50434
v 49.83684 3.13031 0.46132
v 49.97678 3.20497 0.53875
v 49.97678 3.20497 0.50434
v 49.97678 3.20497 0.46132
v 50.17875 3.47353 0.46132
v 50.17875 3.47353 0.50434
v 50.17875 3.47353 0.53875
v 50.00047 4.13592 0.53875
v 50.00047 4.13592 0.50434
v 50.00047 4.13591 0.46132
v 49.97417 4.15616 0.53875
v 49.97417 4.15616 0.50434
v 49.97417 4.15616 0.46132
v 49.37375 4.19328 0.53875
v 49.37375 4.19328 0.50434
v 49.37375 4.19328 0.46132
v 49.95230 4.17118 0.53875
v 49.95230 4.17118 0.50434
v 49.95230 4.17118 0.46132
v 49.91820 4.19160 0.46132
v 49.91820 4.19160 0.50434
v 49.91820 4.19160 0.53875
v 49.33952 4.17308 0.53875
v 49.33952 4.17308 0.50434
v 49.33952 4.17308 0.46132
v 49.32299 4.16208 0.46132
v 49.32299 4.16208 0.50434
v 49.32299 4.16208 0.53875
v 50.20851 3.77184 0.53875
v 50.20851 3.77184 0.50434
v 50.20851 3.77184 0.46132
v 50.20090 3.81151 0.53875
v 50.20090 3.81151 0.50434
v 50.20090 3.81151 0.46132
v 50.19444 3.83765 0.53875
v 50.19444 3.83765 0.50434
v 50.19444 3.83765 0.46132
v 50.18871 3.85700 0.46132
v 50.18871 3.85700 0.50434
v 50.18871 3.85700 0.53875
v 49.62951 3.09643 0.53875
v 49.62951 3.09643 0.50434
v 49.62951 3.09643 0.46132
v 50.20302 3.55749 0.53875
v 50.20302 3.55749 0.50434
v 50.20302 3.55749 0.46132
v 49.07434 3.64102 0.53875
v 49.07434 3.64102 0.50434
v 49.07434 3.64102 0.46132
v 49.07833 3.60080 0.53875
v 49.07833 3.60080 0.50434
v 49.07833 3.60080 0.46132
v 49.07881 3.76201 0.53875
v 49.07881 3.76201 0.50434
v 49.07881 3.76201 0.46132
v 49.11229 3.89206 0.53875
v 49.11229 3.89206 0.50434
v 49.11229 3.89206 0.46132
v 49.48639 3.11889 0.53875
v 49.48639 3.11889 0.50434
v 49.48639 3.11889 0.46132
v 49.09917 3.85393 0.53875
v 49.09917 3.85393 0.50434
v 49.09917 3.85393 0.46132
v 49.50552 3.11367 0.53875
v 49.50552 3.11367 0.50434
v 49.50552 3.11368 0.46132
v 49.07458 3.72182 0.53875
v 49.07458 3.72182 0.50434
v 49.07458 3.72182 0.46132
v 49.54426 3.10536 0.53875
v 49.54426 3.10536 0.50434
v 49.54426 3.10536 0.46132
v 50.18969 3.50533 0.53875
v 50.18969 3.50533 0.50434
v 50.18969 3.50533 0.46132
v 50.19524 3.52474 0.53875
v 50.19524 3.52474 0.50434
v 50.19524 3.52474 0.46132
v 50.00292 3.22549 0.53875
v 50.00292 3.22549 0.50434
v 50.00292 3.22549 0.46132
v 49.11105 3.47055 0.53875
v 49.11105 3.47055 0.50434
v 49.11105 3.47055 0.46132
v 50.13778 3.97376 0.53875
v 50.13778 3.97376 0.50434
v 50.13778 3.97376 0.46132
v 50.11664 4.00796 0.53875
v 50.11664 4.00796 0.50434
v 50.11664 4.00796 0.46132
v 49.49609 4.24307 0.46132
v 49.49609 4.24307 0.50434
v 49.49609 4.24307 0.53875
v 50.10136 4.02996 0.53875
v 50.10136 4.02996 0.50434
v 50.10136 4.02996 0.46132
v 50.13932 3.38839 0.53875
v 50.13932 3.38839 0.50434
v 50.13932 3.38839 0.46132
v 50.08065 4.05620 0.46132
v 50.08065 4.05620 0.50434
v 50.08065 4.05620 0.53875
v 50.16078 3.43008 0.53875
v 50.16078 3.43008 0.50434
v 50.16078 3.43008 0.46132
v 50.20996 3.59729 0.53875
v 50.20996 3.59729 0.50434
v 50.20996 3.59729 0.46132
v 49.33666 3.18823 0.53875
v 49.33666 3.18823 0.50434
v 49.33666 3.18823 0.46132
v 50.21419 3.63748 0.53875
v 50.21419 3.63748 0.50434
v 50.21419 3.63748 0.46132
v 49.08504 3.56096 0.53875
v 49.08504 3.56096 0.50434
v 49.08504 3.56096 0.46132
v 49.38817 3.15809 0.46132
v 49.38817 3.15809 0.50434
v 49.38817 3.15809 0.53875
v 49.37065 3.16750 0.53875
v 49.37065 3.16750 0.50434
v 49.37065 3.16750 0.46132
v 49.09634 3.51524 0.53875
v 49.09634 3.51524 0.50434
v 49.09634 3.51524 0.46132
v 49.87686 4.21257 0.53875
v 49.87686 4.21257 0.50434
v 49.87686 4.21257 0.46132
v 49.57922 4.25922 0.54162
v 49.58424 4.26035 0.50458
v 49.57410 4.25960 0.46136
v 49.84015 4.22773 0.53875
v 49.84015 4.22773 0.50434
v 49.84015 4.22773 0.46132
v 49.54116 4.25340 0.53875
v 49.54116 4.25340 0.50434
v 49.54116 4.25340 0.46132
v 49.51529 4.24802 0.46132
v 49.51529 4.24802 0.50434
v 49.51529 4.24802 0.53875
v 49.12651 3.43333 0.53875
v 49.12651 3.43333 0.50434
v 49.12651 3.43333 0.46132
v 49.78641 3.11443 0.46132
v 49.78641 3.11443 0.50434
v 49.78641 3.11443 0.53875
v 49.15428 3.37975 0.46132
v 49.15428 3.37975 0.50434
v 49.15428 3.37975 0.53875
v 49.14124 3.40319 0.46132
v 49.14124 3.40319 0.50434
v 49.14124 3.40319 0.53875
v 49.59558 4.38013 0.42877
v 49.62328 4.38016 0.41693
v 49.66729 4.38019 0.41538
v 49.69699 4.38012 0.42753
v 49.70830 4.37999 0.46144
v 49.70118 4.38009 0.50442
v 49.59391 4.38008 0.50231
v 49.59017 4.37989 0.46082
v 49.62756 4.38017 0.53024
v 49.66630 4.38019 0.52949
v 49.66914 4.37850 0.46148
v 49.62614 4.37842 0.46002
v 49.66974 4.37985 0.50694
v 49.62227 4.37984 0.50681
v 50.04277 5.94211 0.24928
v 50.04546 5.94300 0.19355
v 50.21417 5.52468 0.24928
v 50.21631 5.52702 0.19414
v 50.08333 5.14563 0.24928
v 50.08574 5.14502 0.19393
v 49.13463 5.81194 0.24928
v 49.13063 5.81442 0.19282
v 49.07194 5.40206 0.24928
v 49.07023 5.40160 0.19290
v 49.30302 5.03829 0.24928
v 49.29951 5.03268 0.19250
v 50.11887 5.84724 0.24928
v 50.12323 5.85263 0.19195
v 50.16095 5.76962 0.24928
v 50.16416 5.77298 0.19258
v 50.19966 5.65345 0.24928
v 50.20515 5.65223 0.19273
v 50.20830 5.43607 0.24928
v 50.21257 5.43799 0.19290
v 50.17891 5.31696 0.24928
v 50.18021 5.31531 0.19376
v 50.13981 5.23014 0.24928
v 50.14053 5.22894 0.19419
v 49.08505 5.69267 0.24928
v 49.08193 5.69239 0.19314
v 49.06615 5.60601 0.24928
v 49.06546 5.60784 0.19364
v 49.06090 5.49009 0.24928
v 49.05280 5.48535 0.19109
v 49.11353 5.27239 0.24928
v 49.11225 5.27134 0.19340
v 49.15939 5.18910 0.24928
v 49.15777 5.18756 0.19340
v 49.21770 5.11450 0.24928
v 49.21396 5.11092 0.19282
v 49.41971 4.97274 0.24928
v 49.41843 4.97134 0.19364
v 49.50207 4.94544 0.24928
v 49.50128 4.94143 0.19258
v 49.62742 4.92914 0.24928
v 49.62794 4.92769 0.19337
v 49.81767 4.95855 0.24928
v 49.82798 4.94921 0.19098
v 49.92689 5.00897 0.24928
v 49.92858 5.00893 0.19469
v 50.00852 5.06792 0.24928
v 50.00766 5.06430 0.19355
v 49.20397 5.91211 0.24928
v 49.20134 5.91144 0.19451
v 49.95494 6.01528 0.24928
v 49.95754 6.01908 0.19299
v 49.45680 6.08343 0.24928
v 49.45646 6.08432 0.19265
v 49.36499 6.04315 0.24928
v 49.36402 6.04369 0.19383
v 49.26581 5.97426 0.24928
v 49.25913 5.97870 0.19211
v 49.87921 6.05843 0.24928
v 49.87969 6.06292 0.19306
v 49.75284 6.10101 0.24928
v 49.75291 6.10558 0.19230
v 49.66699 6.11232 0.24928
v 49.66792 6.11361 0.19171
v 49.71380 4.93420 0.24928
v 49.71321 4.93165 0.19273
v 49.54740 6.10589 0.24928
v 49.54474 6.10679 0.19158
v 50.06592 5.91752 0.24928
v 50.08323 5.89672 0.24928
v 50.10367 5.86972 0.24928
v 50.10386 5.87062 0.19508
v 50.08539 5.90003 0.19273
v 50.06625 5.91738 0.19665
v 50.13636 5.81813 0.24928
v 50.14930 5.79421 0.24928
v 50.14960 5.79397 0.19665
v 50.13833 5.81826 0.19364
v 50.17646 5.73184 0.24928
v 50.18748 5.69961 0.24928
v 50.19321 5.67997 0.24928
v 50.20238 5.68703 0.19114
v 50.18827 5.69945 0.19427
v 50.17864 5.73236 0.19329
v 50.20724 5.61320 0.24928
v 50.21209 5.57248 0.24928
v 50.21572 5.57093 0.19299
v 50.21091 5.61187 0.19299
v 50.21266 5.47685 0.24928
v 50.21522 5.48148 0.19282
v 50.20119 5.39570 0.24928
v 50.19505 5.36909 0.24928
v 50.18955 5.34936 0.24928
v 50.18963 5.34797 0.19541
v 50.20315 5.36110 0.19098
v 50.20582 5.39685 0.19299
v 50.16099 5.27278 0.24928
v 50.16477 5.27242 0.19355
v 50.11897 5.19512 0.24928
v 50.10386 5.17257 0.24928
v 50.10445 5.17196 0.19451
v 50.12249 5.19313 0.19329
v 49.09046 5.73322 0.19160
v 49.10494 5.75098 0.19508
v 49.11501 5.77710 0.19352
v 49.09781 5.73155 0.24928
v 49.10521 5.75061 0.24928
v 49.11620 5.77553 0.24928
v 49.07171 5.64824 0.19309
v 49.07325 5.64638 0.24928
v 49.05420 5.52495 0.19200
v 49.05423 5.56368 0.19137
v 49.06256 5.57923 0.19508
v 49.06018 5.52425 0.24928
v 49.06126 5.55841 0.24928
v 49.06283 5.57887 0.24928
v 49.06476 5.44226 0.19404
v 49.06211 5.46981 0.19776
v 49.06527 5.44248 0.24928
v 49.06225 5.46963 0.24928
v 49.09148 5.31507 0.19261
v 49.07871 5.35973 0.19243
v 49.09575 5.31666 0.24928
v 49.08133 5.36219 0.24928
v 49.13048 5.23005 0.19293
v 49.13490 5.22984 0.24928
v 49.19474 5.13911 0.19404
v 49.17482 5.15571 0.19220
v 49.19549 5.13998 0.24928
v 49.17881 5.16132 0.24928
v 49.28067 5.05358 0.19404
v 49.25556 5.07012 0.19220
v 49.23953 5.09092 0.19508
v 49.28165 5.05464 0.24928
v 49.26103 5.07199 0.24928
v 49.24123 5.09029 0.24928
v 49.37631 4.98815 0.19290
v 49.33532 5.01481 0.19393
v 49.37721 4.99248 0.24928
v 49.33649 5.01584 0.24928
v 49.46468 4.94848 0.19187
v 49.45047 4.96038 0.19508
v 49.46990 4.95434 0.24928
v 49.45085 4.96059 0.24928
v 49.58249 4.92980 0.19282
v 49.54177 4.93408 0.19273
v 49.58087 4.93180 0.24928
v 49.54124 4.93722 0.24928
v 49.67303 4.92846 0.19299
v 49.67402 4.93017 0.24928
v 49.79342 4.94630 0.19250
v 49.75386 4.93763 0.19258
v 49.79211 4.95070 0.24928
v 49.75323 4.94106 0.24928
v 49.91323 4.98938 0.19098
v 49.88015 4.98023 0.19290
v 49.84321 4.96707 0.19390
v 49.90359 4.99570 0.24928
v 49.87961 4.98373 0.24928
v 49.84276 4.96780 0.24928
v 49.98264 5.04639 0.19665
v 49.96177 5.02639 0.19290
v 49.98253 5.04654 0.24928
v 49.96075 5.03077 0.24928
v 50.04892 5.10376 0.19404
v 50.04767 5.10500 0.24928
v 49.14817 5.83550 0.24928
v 49.16683 5.86382 0.24928
v 49.18675 5.89123 0.24928
v 49.17692 5.89365 0.19114
v 49.16395 5.86312 0.19415
v 49.14773 5.83603 0.19451
v 49.97793 5.99983 0.19451
v 50.00431 5.98125 0.19355
v 49.97692 5.99978 0.24928
v 50.00317 5.97871 0.24928
v 49.38174 6.06001 0.19137
v 49.41848 6.07277 0.19200
v 49.38878 6.05550 0.24928
v 49.41928 6.06926 0.24928
v 49.28985 5.99639 0.19352
v 49.33106 6.02675 0.19299
v 49.29197 5.99544 0.24928
v 49.33048 6.02243 0.24928
v 49.22196 5.93230 0.24928
v 49.24098 5.95146 0.24928
v 49.24010 5.95260 0.19404
v 49.21449 5.93697 0.19098
v 49.50089 6.09904 0.19203
v 49.50168 6.09645 0.24928
v 49.79090 6.10343 0.19027
v 49.80531 6.08782 0.19451
v 49.83745 6.07830 0.19319
v 49.78532 6.09339 0.24928
v 49.80454 6.08774 0.24928
v 49.83613 6.07682 0.24928
v 49.70954 6.11161 0.19166
v 49.70682 6.10879 0.24928
v 49.58709 6.11087 0.24928
v 49.62701 6.11302 0.24928
v 49.62713 6.11360 0.19171
v 49.58597 6.11120 0.19162
v 49.92240 6.03739 0.19390
v 49.92079 6.03668 0.24928
v 50.04269 5.94219 0.40583
v 50.04270 5.94218 0.36544
v 50.04271 5.94217 0.32675
v 50.04273 5.94215 0.29144
v 49.95490 6.01531 0.29144
v 49.95489 6.01532 0.32675
v 49.95487 6.01533 0.36544
v 49.95487 6.01533 0.40583
v 50.11881 5.84734 0.40583
v 50.11881 5.84733 0.36544
v 50.11882 5.84731 0.32675
v 50.11884 5.84729 0.29144
v 50.21417 5.52468 0.40583
v 50.21417 5.52468 0.36544
v 50.21417 5.52468 0.32675
v 50.21417 5.52468 0.29144
v 50.19965 5.65347 0.29144
v 50.19965 5.65347 0.32675
v 50.19965 5.65347 0.36544
v 50.19965 5.65348 0.40583
v 50.20830 5.43607 0.40583
v 50.20830 5.43607 0.36544
v 50.20830 5.43607 0.32675
v 50.20830 5.43607 0.29144
v 50.08335 5.14566 0.40583
v 50.08335 5.14566 0.36544
v 50.08334 5.14565 0.32675
v 50.08334 5.14565 0.29144
v 50.13982 5.23014 0.29144
v 50.13982 5.23014 0.32675
v 50.13982 5.23014 0.36544
v 50.13982 5.23014 0.40583
v 50.00853 5.06794 0.40583
v 50.00853 5.06794 0.36544
v 50.00853 5.06794 0.32675
v 50.00852 5.06793 0.29144
v 49.13463 5.81194 0.40583
v 49.13463 5.81194 0.36544
v 49.13463 5.81194 0.32675
v 49.13463 5.81194 0.29144
v 49.08505 5.69267 0.29144
v 49.08505 5.69267 0.32675
v 49.08505 5.69267 0.36544
v 49.08505 5.69267 0.40583
v 49.20397 5.91211 0.40583
v 49.20397 5.91211 0.36544
v 49.20397 5.91211 0.32675
v 49.20397 5.91211 0.29144
v 49.07196 5.40198 0.40583
v 49.07196 5.40198 0.36544
v 49.07196 5.40200 0.32675
v 49.07195 5.40202 0.29144
v 49.11354 5.27237 0.29144
v 49.11354 5.27236 0.32675
v 49.11355 5.27235 0.36544
v 49.11355 5.27235 0.40583
v 49.06090 5.49006 0.40583
v 49.06090 5.49006 0.36544
v 49.06090 5.49007 0.32675
v 49.06090 5.49007 0.29144
v 49.21772 5.11449 0.40583
v 49.21772 5.11449 0.36544
v 49.21772 5.11449 0.32675
v 49.21771 5.11449 0.29144
v 49.30303 5.03828 0.29144
v 49.30304 5.03828 0.32675
v 49.30304 5.03828 0.36544
v 49.30305 5.03827 0.40583
v 49.41971 4.97274 0.29144
v 49.41971 4.97274 0.32675
v 49.41971 4.97274 0.36544
v 49.41971 4.97274 0.40583
v 50.16090 5.76972 0.40583
v 50.16091 5.76971 0.36544
v 50.16091 5.76970 0.32675
v 50.16093 5.76967 0.29144
v 50.17891 5.31696 0.40583
v 50.17891 5.31696 0.36544
v 50.17891 5.31696 0.32675
v 50.17891 5.31696 0.29144
v 49.06615 5.60601 0.29144
v 49.06615 5.60601 0.32675
v 49.06615 5.60601 0.36544
v 49.06615 5.60601 0.40583
v 49.15940 5.18909 0.29144
v 49.15940 5.18909 0.32675
v 49.15940 5.18909 0.36544
v 49.15940 5.18909 0.40583
v 49.50207 4.94544 0.29144
v 49.50207 4.94544 0.32675
v 49.50207 4.94544 0.36544
v 49.50207 4.94544 0.40583
v 49.62743 4.92914 0.29144
v 49.62743 4.92915 0.32675
v 49.62744 4.92915 0.36544
v 49.62744 4.92915 0.40583
v 49.71383 4.93421 0.29144
v 49.71384 4.93421 0.32675
v 49.71385 4.93421 0.36544
v 49.71385 4.93421 0.40583
v 49.81767 4.95855 0.29144
v 49.81767 4.95855 0.32675
v 49.81767 4.95855 0.36544
v 49.81768 4.95855 0.40583
v 49.92689 5.00897 0.29144
v 49.92689 5.00897 0.32675
v 49.92689 5.00897 0.36544
v 49.92689 5.00897 0.40583
v 49.26581 5.97426 0.40583
v 49.26581 5.97426 0.36544
v 49.26581 5.97426 0.32675
v 49.26581 5.97426 0.29144
v 49.87920 6.05844 0.29144
v 49.87919 6.05844 0.32675
v 49.87919 6.05844 0.36544
v 49.87919 6.05844 0.40583
v 49.45680 6.08343 0.40583
v 49.45680 6.08343 0.36544
v 49.45680 6.08343 0.32675
v 49.45680 6.08343 0.29144
v 49.36499 6.04315 0.29144
v 49.36499 6.04315 0.32675
v 49.36499 6.04315 0.36544
v 49.36499 6.04315 0.40583
v 49.54740 6.10589 0.40583
v 49.54740 6.10589 0.36544
v 49.54740 6.10589 0.32675
v 49.54740 6.10589 0.29144
v 49.75284 6.10101 0.29144
v 49.75284 6.10101 0.32675
v 49.75284 6.10101 0.36544
v 49.75284 6.10101 0.40583
v 49.66699 6.11232 0.29144
v 49.66699 6.11232 0.32675
v 49.66699 6.11232 0.36544
v 49.66699 6.11232 0.40583
v 49.08134 5.36215 0.29144
v 49.09576 5.31662 0.29144
v 49.08135 5.36213 0.32675
v 49.09576 5.31661 0.32675
v 49.08135 5.36211 0.36544
v 49.09577 5.31660 0.36544
v 49.08136 5.36210 0.40583
v 49.09577 5.31659 0.40583
v 49.11620 5.77553 0.29144
v 49.10521 5.75061 0.29144
v 49.09781 5.73155 0.29144
v 49.11620 5.77553 0.32675
v 49.10521 5.75061 0.32675
v 49.09781 5.73155 0.32675
v 49.11620 5.77553 0.36544
v 49.10521 5.75061 0.36544
v 49.09781 5.73155 0.36544
v 49.11620 5.77553 0.40583
v 49.10521 5.75061 0.40583
v 49.09781 5.73155 0.40583
v 50.10387 5.17258 0.29144
v 50.11897 5.19513 0.29144
v 50.10387 5.17258 0.32675
v 50.11898 5.19513 0.32675
v 50.10387 5.17259 0.36544
v 50.11898 5.19513 0.36544
v 50.10388 5.17259 0.40583
v 50.11898 5.19513 0.40583
v 49.33048 6.02242 0.29144
v 49.29197 5.99544 0.29144
v 49.33048 6.02242 0.32675
v 49.29197 5.99544 0.32675
v 49.33048 6.02242 0.36544
v 49.29197 5.99544 0.36544
v 49.33048 6.02243 0.40583
v 49.29197 5.99544 0.40583
v 50.21209 5.57248 0.29144
v 50.20724 5.61320 0.29144
v 50.21209 5.57248 0.32675
v 50.20724 5.61320 0.32675
v 50.21209 5.57248 0.36544
v 50.20724 5.61320 0.36544
v 50.21209 5.57248 0.40583
v 50.20724 5.61320 0.40583
v 50.19320 5.67999 0.29144
v 50.18746 5.69963 0.29144
v 50.17645 5.73188 0.29144
v 50.19319 5.68000 0.32675
v 50.18746 5.69965 0.32675
v 50.17644 5.73190 0.32675
v 50.19319 5.68001 0.36544
v 50.18745 5.69966 0.36544
v 50.17643 5.73192 0.36544
v 50.19319 5.68001 0.40583
v 50.18745 5.69966 0.40583
v 50.17643 5.73192 0.40583
v 50.18955 5.34936 0.29144
v 50.19505 5.36909 0.29144
v 50.20119 5.39570 0.29144
v 50.18955 5.34936 0.32675
v 50.19505 5.36909 0.32675
v 50.20119 5.39570 0.32675
v 50.18955 5.34936 0.36544
v 50.19505 5.36909 0.36544
v 50.20119 5.39570 0.36544
v 50.18955 5.34936 0.40583
v 50.19505 5.36909 0.40583
v 50.20119 5.39570 0.40583
v 50.21266 5.47685 0.29144
v 50.21266 5.47685 0.32675
v 50.21266 5.47685 0.36544
v 50.21266 5.47685 0.40583
v 50.16099 5.27278 0.29144
v 50.16099 5.27278 0.32675
v 50.16099 5.27278 0.36544
v 50.16099 5.27278 0.40583
v 49.07325 5.64637 0.29144
v 49.07325 5.64637 0.32675
v 49.07325 5.64637 0.36544
v 49.07325 5.64637 0.40583
v 50.04768 5.10501 0.29144
v 50.04768 5.10502 0.32675
v 50.04769 5.10502 0.36544
v 50.04769 5.10503 0.40583
v 49.18675 5.89123 0.29144
v 49.16683 5.86382 0.29144
v 49.14817 5.83550 0.29144
v 49.18675 5.89123 0.32675
v 49.16683 5.86382 0.32675
v 49.14817 5.83550 0.32675
v 49.18675 5.89123 0.36544
v 49.16683 5.86382 0.36544
v 49.14817 5.83550 0.36544
v 49.18675 5.89123 0.40583
v 49.16683 5.86382 0.40583
v 49.14817 5.83550 0.40583
v 49.06283 5.57887 0.29144
v 49.06126 5.55841 0.29144
v 49.06018 5.52425 0.29144
v 49.06283 5.57887 0.32675
v 49.06126 5.55841 0.32675
v 49.06018 5.52424 0.32675
v 49.06283 5.57887 0.36544
v 49.06126 5.55841 0.36544
v 49.06018 5.52424 0.36544
v 49.06283 5.57887 0.40583
v 49.06126 5.55841 0.40583
v 49.06018 5.52424 0.40583
v 49.13491 5.22982 0.29144
v 49.13491 5.22982 0.32675
v 49.13491 5.22981 0.36544
v 49.13491 5.22981 0.40583
v 49.24124 5.09028 0.29144
v 49.26105 5.07198 0.29144
v 49.28166 5.05463 0.29144
v 49.24124 5.09028 0.32675
v 49.26105 5.07198 0.32675
v 49.28167 5.05463 0.32675
v 49.24125 5.09028 0.36544
v 49.26106 5.07197 0.36544
v 49.28167 5.05463 0.36544
v 49.24125 5.09027 0.40583
v 49.26106 5.07197 0.40583
v 49.28167 5.05462 0.40583
v 49.06225 5.46961 0.29144
v 49.06528 5.44245 0.29144
v 49.06225 5.46960 0.32675
v 49.06528 5.44244 0.32675
v 49.06225 5.46960 0.36544
v 49.06528 5.44243 0.36544
v 49.06226 5.46959 0.40583
v 49.06529 5.44242 0.40583
v 49.17882 5.16131 0.29144
v 49.19550 5.13997 0.29144
v 49.17882 5.16131 0.32675
v 49.19550 5.13997 0.32675
v 49.17882 5.16130 0.36544
v 49.19550 5.13997 0.36544
v 49.17882 5.16130 0.40583
v 49.19551 5.13996 0.40583
v 49.45085 4.96059 0.29144
v 49.46990 4.95434 0.29144
v 49.45085 4.96059 0.32675
v 49.46990 4.95434 0.32675
v 49.45085 4.96059 0.36544
v 49.46990 4.95434 0.36544
v 49.45085 4.96059 0.40583
v 49.46990 4.95434 0.40583
v 49.33650 5.01583 0.29144
v 49.37722 4.99248 0.29144
v 49.33650 5.01583 0.32675
v 49.37722 4.99248 0.32675
v 49.33651 5.01583 0.36544
v 49.37722 4.99248 0.36544
v 49.33651 5.01583 0.40583
v 49.37722 4.99248 0.40583
v 50.14927 5.79427 0.29144
v 50.13633 5.81819 0.29144
v 50.14925 5.79429 0.32675
v 50.13632 5.81821 0.32675
v 50.14925 5.79431 0.36544
v 50.13631 5.81823 0.36544
v 50.14924 5.79432 0.40583
v 50.13630 5.81824 0.40583
v 49.54124 4.93722 0.29144
v 49.58087 4.93180 0.29144
v 49.54124 4.93722 0.32675
v 49.58087 4.93180 0.32675
v 49.54124 4.93722 0.36544
v 49.58087 4.93180 0.36544
v 49.54124 4.93722 0.40583
v 49.58087 4.93180 0.40583
v 49.67404 4.93017 0.29144
v 49.67405 4.93018 0.32675
v 49.67406 4.93018 0.36544
v 49.67406 4.93018 0.40583
v 49.75325 4.94106 0.29144
v 49.79213 4.95070 0.29144
v 49.75326 4.94106 0.32675
v 49.79213 4.95070 0.32675
v 49.75327 4.94107 0.36544
v 49.79213 4.95070 0.36544
v 49.75327 4.94107 0.40583
v 49.79213 4.95070 0.40583
v 49.84276 4.96780 0.29144
v 49.87961 4.98373 0.29144
v 49.90358 4.99570 0.29144
v 49.84276 4.96780 0.32675
v 49.87961 4.98373 0.32675
v 49.90358 4.99570 0.32675
v 49.84276 4.96780 0.36544
v 49.87961 4.98373 0.36544
v 49.90358 4.99570 0.36544
v 49.84276 4.96780 0.40583
v 49.87961 4.98373 0.40583
v 49.90358 4.99570 0.40583
v 49.96075 5.03078 0.29144
v 49.98253 5.04655 0.29144
v 49.96075 5.03078 0.32675
v 49.98254 5.04655 0.32675
v 49.96075 5.03078 0.36544
v 49.98254 5.04655 0.36544
v 49.96075 5.03078 0.40583
v 49.98254 5.04655 0.40583
v 49.24098 5.95146 0.29144
v 49.22196 5.93230 0.29144
v 49.24098 5.95146 0.32675
v 49.22196 5.93230 0.32675
v 49.24098 5.95146 0.36544
v 49.22196 5.93230 0.36544
v 49.24098 5.95146 0.40583
v 49.22196 5.93230 0.40583
v 50.10364 5.86976 0.29144
v 50.08320 5.89676 0.29144
v 50.06588 5.91756 0.29144
v 50.10362 5.86978 0.32675
v 50.08318 5.89678 0.32675
v 50.06587 5.91758 0.32675
v 50.10361 5.86980 0.36544
v 50.08317 5.89680 0.36544
v 50.06585 5.91760 0.36544
v 50.10361 5.86981 0.40583
v 50.08316 5.89680 0.40583
v 50.06585 5.91761 0.40583
v 49.50168 6.09645 0.29144
v 49.50168 6.09645 0.32675
v 49.50168 6.09645 0.36544
v 49.50168 6.09645 0.40583
v 49.83612 6.07682 0.29144
v 49.80454 6.08774 0.29144
v 49.78532 6.09339 0.29144
v 49.83612 6.07683 0.32675
v 49.80454 6.08774 0.32675
v 49.78532 6.09339 0.32675
v 49.83612 6.07683 0.36544
v 49.80454 6.08774 0.36544
v 49.78532 6.09339 0.36544
v 49.83612 6.07683 0.40583
v 49.80454 6.08774 0.40583
v 49.78532 6.09339 0.40583
v 49.92077 6.03670 0.29144
v 49.92076 6.03671 0.32675
v 49.92075 6.03671 0.36544
v 49.92074 6.03672 0.40583
v 49.70682 6.10879 0.29144
v 49.70682 6.10879 0.32675
v 49.70682 6.10879 0.36544
v 49.70682 6.10879 0.40583
v 49.62701 6.11302 0.29144
v 49.58709 6.11087 0.29144
v 49.62701 6.11302 0.32675
v 49.58709 6.11087 0.32675
v 49.62701 6.11302 0.36544
v 49.58709 6.11087 0.36544
v 49.62701 6.11302 0.40583
v 49.58709 6.11087 0.40583
v 49.41928 6.06926 0.29144
v 49.38878 6.05550 0.29144
v 49.41928 6.06926 0.32675
v 49.38878 6.05550 0.32675
v 49.41928 6.06926 0.36544
v 49.38878 6.05550 0.36544
v 49.41928 6.06926 0.40583
v 49.38878 6.05550 0.40583
v 50.00313 5.97874 0.29144
v 49.97688 5.99981 0.29144
v 50.00311 5.97876 0.32675
v 49.97686 5.99982 0.32675
v 50.00309 5.97877 0.36544
v 49.97685 5.99983 0.36544
v 50.00308 5.97878 0.40583
v 49.97684 5.99984 0.40583
v 49.92813 5.95405 0.49752
v 49.95656 5.93230 0.49752
v 49.97473 5.91677 0.49752
v 49.99625 5.89595 0.49752
v 49.41748 5.99630 0.49752
v 49.46096 6.01511 0.49752
v 49.58351 6.04441 0.49752
v 49.63016 6.04739 0.49752
v 49.66354 6.04663 0.49752
v 49.71045 6.04200 0.49752
v 49.75099 6.03415 0.49752
v 49.85134 5.99917 0.49752
v 49.88290 5.98267 0.49752
v 49.90845 5.96748 0.49752
v 49.79642 6.02120 0.49752
v 49.82969 6.00881 0.49752
v 49.50021 6.02819 0.49752
v 49.54039 6.03782 0.49752
v 50.02073 5.86956 0.49752
v 50.03597 5.85095 0.49752
v 50.05379 5.82667 0.49752
v 49.24594 5.85990 0.49752
v 49.26950 5.88716 0.49752
v 49.29077 5.90826 0.49752
v 49.95680 5.11007 0.49752
v 49.93332 5.09165 0.49752
v 49.91370 5.07813 0.49752
v 49.87804 5.05671 0.49752
v 49.83543 5.03586 0.49752
v 49.79117 5.01914 0.49752
v 49.75137 5.00793 0.49752
v 49.72829 5.00297 0.49752
v 49.70498 4.99930 0.49752
v 49.66980 4.99573 0.49752
v 49.62857 4.99482 0.49752
v 49.58740 4.99717 0.49752
v 49.56398 4.99999 0.49752
v 49.54074 5.00411 0.49752
v 50.06715 5.80659 0.49752
v 50.08232 5.78046 0.49752
v 50.10134 5.74260 0.49752
v 49.41245 5.04812 0.49752
v 49.37622 5.06852 0.49752
v 49.50060 5.01386 0.49752
v 49.45579 5.02896 0.49752
v 49.26165 5.16349 0.49752
v 49.24226 5.18644 0.49752
v 49.22757 5.20552 0.49752
v 49.21068 5.23049 0.49752
v 49.14004 5.39711 0.49752
v 49.13184 5.43890 0.49752
v 49.12711 5.48127 0.49752
v 49.33197 5.09871 0.49752
v 49.30421 5.12135 0.49752
v 49.28238 5.14183 0.49752
v 49.19201 5.26154 0.49752
v 49.18081 5.28301 0.49752
v 49.16599 5.31620 0.49752
v 49.12558 5.52389 0.49752
v 49.12756 5.56650 0.49752
v 49.19476 5.78548 0.49752
v 49.21376 5.81632 0.49752
v 50.02100 5.17278 0.49752
v 50.00069 5.15069 0.49752
v 49.97942 5.12959 0.49752
v 49.13273 5.60881 0.49752
v 49.13987 5.64462 0.49752
v 49.14588 5.66820 0.49752
v 49.15311 5.69141 0.49752
v 50.12314 5.35647 0.49752
v 50.11100 5.32213 0.49752
v 50.10403 5.30532 0.49752
v 50.09098 5.27800 0.49752
v 50.14879 5.52428 0.49752
v 50.14744 5.48165 0.49752
v 50.14259 5.43930 0.49752
v 50.13457 5.39746 0.49752
v 50.11089 5.72032 0.49752
v 50.12114 5.69174 0.49752
v 50.13306 5.65091 0.49752
v 50.14157 5.60918 0.49752
v 50.14693 5.56689 0.49752
v 49.33643 5.94674 0.49752
v 49.36070 5.96403 0.49752
v 49.38090 5.97660 0.49752
v 50.07362 5.24614 0.49752
v 50.06079 5.22567 0.49752
v 50.03977 5.19627 0.49752
v 49.16818 5.73112 0.49752
v 49.18335 5.76415 0.49752
v 49.15135 5.35608 0.49752
v 49.31295 5.92832 0.49752
v 49.42847 5.04037 0.49752
v 50.04269 5.94219 0.56068
v 49.95487 6.01533 0.56068
v 49.97684 5.99984 0.56068
v 50.00308 5.97878 0.56068
v 49.45680 6.08343 0.56068
v 49.36499 6.04315 0.56068
v 49.38878 6.05550 0.56068
v 49.41928 6.06926 0.56068
v 49.66699 6.11232 0.56068
v 49.54740 6.10589 0.56068
v 49.58709 6.11087 0.56068
v 49.62701 6.11302 0.56068
v 49.75284 6.10101 0.56068
v 49.70682 6.10879 0.56068
v 49.87919 6.05844 0.56068
v 49.92074 6.03672 0.56068
v 49.78532 6.09339 0.56068
v 49.80454 6.08774 0.56068
v 49.83612 6.07683 0.56068
v 49.50168 6.09645 0.56068
v 50.11881 5.84734 0.56068
v 50.10361 5.86981 0.56068
v 50.06585 5.91761 0.56068
v 50.08316 5.89680 0.56068
v 49.26581 5.97426 0.56068
v 49.20397 5.91211 0.56068
v 49.22196 5.93230 0.56068
v 49.24098 5.95146 0.56068
v 49.92689 5.00897 0.56068
v 50.00853 5.06794 0.56068
v 49.98254 5.04655 0.56068
v 49.96075 5.03078 0.56068
v 49.81768 4.95855 0.56068
v 49.84276 4.96780 0.56068
v 49.90358 4.99570 0.56068
v 49.87961 4.98373 0.56068
v 49.71385 4.93421 0.56068
v 49.79213 4.95070 0.56068
v 49.75327 4.94107 0.56068
v 49.62744 4.92915 0.56068
v 49.67406 4.93018 0.56068
v 49.50207 4.94544 0.56068
v 49.58087 4.93180 0.56068
v 49.54124 4.93722 0.56068
v 50.16090 5.76972 0.56068
v 50.13630 5.81824 0.56068
v 50.14924 5.79432 0.56068
v 49.30305 5.03827 0.56068
v 49.33651 5.01583 0.56068
v 49.41971 4.97274 0.56068
v 49.37722 4.99248 0.56068
v 49.46990 4.95434 0.56068
v 49.45085 4.96059 0.56068
v 49.15940 5.18909 0.56068
v 49.21772 5.11449 0.56068
v 49.19551 5.13996 0.56068
v 49.17882 5.16130 0.56068
v 49.06090 5.49006 0.56068
v 49.07196 5.40198 0.56068
v 49.06529 5.44242 0.56068
v 49.06226 5.46959 0.56068
v 49.24125 5.09027 0.56068
v 49.28167 5.05462 0.56068
v 49.26106 5.07197 0.56068
v 49.11355 5.27235 0.56068
v 49.13491 5.22981 0.56068
v 49.06615 5.60601 0.56068
v 49.06018 5.52424 0.56068
v 49.06126 5.55841 0.56068
v 49.06283 5.57887 0.56068
v 49.18675 5.89123 0.56068
v 49.13463 5.81194 0.56068
v 49.14817 5.83550 0.56068
v 49.16683 5.86382 0.56068
v 50.08335 5.14566 0.56068
v 50.04769 5.10503 0.56068
v 49.08505 5.69267 0.56068
v 49.07325 5.64637 0.56068
v 50.13982 5.23014 0.56068
v 50.17891 5.31696 0.56068
v 50.16099 5.27278 0.56068
v 50.20830 5.43607 0.56068
v 50.21417 5.52468 0.56068
v 50.21266 5.47685 0.56068
v 50.18955 5.34936 0.56068
v 50.20119 5.39570 0.56068
v 50.19505 5.36909 0.56068
v 50.19965 5.65348 0.56068
v 50.17643 5.73192 0.56068
v 50.18745 5.69966 0.56068
v 50.19319 5.68001 0.56068
v 50.21209 5.57248 0.56068
v 50.20724 5.61320 0.56068
v 49.33048 6.02243 0.56068
v 49.29197 5.99544 0.56068
v 50.11898 5.19513 0.56068
v 50.10388 5.17259 0.56068
v 49.09781 5.73155 0.56068
v 49.10521 5.75061 0.56068
v 49.11620 5.77553 0.56068
v 49.08136 5.36210 0.56068
v 49.09577 5.31659 0.56068
v 51.09861 5.98655 0.18881
v 51.09640 3.18264 0.18881
v 49.71191 4.85794 0.18881
v 48.41363 2.61463 -0.00187
v 48.30807 2.71624 -0.00187
v 48.41363 2.61844 -0.05734
v 48.31519 2.62313 -0.05722
v 48.31442 2.62147 -0.00187
v 48.31346 2.71624 -0.05747
v 48.30807 2.71624 0.12641
v 48.41363 2.61463 0.12641
v 48.41363 2.71624 0.18881
v 48.31442 2.62147 0.12641
v 48.31572 2.62436 0.18851
v 48.41363 2.62392 0.18858
v 48.31723 2.71624 0.18857
v 48.30807 6.44685 -0.00187
v 48.41363 6.53609 -0.00187
v 48.31504 6.53195 -0.00187
v 48.31534 6.53016 -0.05720
v 48.41363 6.53276 -0.05720
v 48.31347 6.44685 -0.05747
v 48.41363 6.44684 0.18881
v 48.41363 6.53609 0.12641
v 48.30807 6.44685 0.12641
v 48.41363 6.53029 0.18855
v 48.31554 6.52883 0.18851
v 48.31504 6.53195 0.12641
v 48.31723 6.44685 0.18857
v 53.17436 2.71624 -0.00187
v 53.06411 2.61463 -0.00187
v 53.17306 2.62365 -0.00187
v 53.17253 2.62414 -0.05704
v 53.06411 2.61844 -0.05734
v 53.17330 2.71624 -0.05569
v 53.06411 2.71624 0.18881
v 53.06411 2.61463 0.12641
v 53.17436 2.71624 0.12641
v 53.06411 2.62392 0.18858
v 53.17217 2.62451 0.18849
v 53.17306 2.62365 0.12641
v 53.17224 2.71624 0.18843
v 53.06411 6.53609 -0.00187
v 53.17435 6.44684 -0.00187
v 53.17289 6.53048 -0.00187
v 53.17246 6.52923 -0.05721
v 53.17330 6.44685 -0.05569
v 53.06411 6.53276 -0.05720
v 53.06411 6.44684 0.18881
v 53.17435 6.44684 0.12641
v 53.06411 6.53609 0.12641
v 53.17224 6.44685 0.18843
v 53.17217 6.52832 0.18849
v 53.17289 6.53048 0.12641
v 53.06410 6.53029 0.18855
v 52.46729 6.53609 -0.00187
v 52.46729 6.53276 -0.05720
v 51.79485 6.53609 -0.00187
v 51.79485 6.53276 -0.05720
v 51.09967 6.53609 -0.00187
v 51.09967 6.53276 -0.05720
v 50.38276 6.53609 -0.00187
v 50.38276 6.53276 -0.05720
v 49.70930 6.53609 -0.00187
v 49.70930 6.53276 -0.05720
v 48.99360 6.53609 -0.00187
v 48.99360 6.53276 -0.05720
v 48.99360 6.44684 0.18881
v 48.99360 6.53609 0.12641
v 48.99360 6.53029 0.18855
v 49.70930 6.44684 0.18881
v 49.70930 6.53609 0.12641
v 49.70930 6.53029 0.18855
v 50.38276 6.44684 0.18881
v 50.38276 6.53609 0.12641
v 50.38276 6.53029 0.18855
v 51.09967 6.44684 0.18881
v 51.09967 6.53609 0.12641
v 51.09967 6.53029 0.18855
v 51.79485 6.44684 0.18881
v 51.79485 6.53609 0.12641
v 51.79485 6.53029 0.18855
v 52.46729 6.53609 0.12641
v 52.46729 6.44684 0.18881
v 52.46729 6.53029 0.18855
v 48.99360 2.61463 -0.00187
v 48.99360 2.61844 -0.05734
v 49.70930 2.61463 -0.00187
v 49.70930 2.61844 -0.05734
v 50.38276 2.61463 -0.00187
v 50.38276 2.61844 -0.05734
v 51.09967 2.61463 -0.00187
v 51.09967 2.61844 -0.05734
v 51.79485 2.61463 -0.00187
v 51.79485 2.61844 -0.05734
v 52.46729 2.61463 -0.00187
v 52.46729 2.61844 -0.05734
v 52.46729 2.71624 0.18881
v 52.46729 2.61463 0.12641
v 52.46729 2.62391 0.18858
v 51.79485 2.71624 0.18881
v 51.79485 2.61463 0.12641
v 51.79485 2.62391 0.18858
v 51.09967 2.71624 0.18881
v 51.09967 2.61463 0.12641
v 51.09967 2.62391 0.18858
v 50.38276 2.71624 0.18881
v 50.38276 2.61463 0.12641
v 50.38276 2.62391 0.18858
v 49.70930 2.71624 0.18881
v 49.70930 2.61463 0.12641
v 49.70930 2.62391 0.18858
v 48.99360 2.61463 0.12641
v 48.99360 2.71624 0.18881
v 48.99360 2.62391 0.18858
v 48.30807 5.98366 -0.00187
v 48.31346 5.98366 -0.05747
v 48.30807 5.39816 -0.00187
v 48.31346 5.39816 -0.05747
v 48.30807 4.85546 -0.00187
v 48.31346 4.85546 -0.05747
v 48.30807 4.31276 -0.00187
v 48.31346 4.31276 -0.05747
v 48.30807 3.72630 -0.00187
v 48.31346 3.72629 -0.05747
v 48.30807 3.18442 -0.00187
v 48.31346 3.18442 -0.05747
v 48.41363 3.18442 0.18881
v 48.30807 3.18442 0.12641
v 48.31723 3.18442 0.18857
v 48.41363 3.72630 0.18881
v 48.30807 3.72630 0.12641
v 48.31723 3.72630 0.18857
v 48.41363 4.31276 0.18881
v 48.30807 4.31276 0.12641
v 48.31723 4.31276 0.18857
v 48.41363 4.85546 0.18881
v 48.30807 4.85546 0.12641
v 48.31723 4.85546 0.18857
v 48.41363 5.39816 0.18881
v 48.30807 5.39816 0.12641
v 48.31723 5.39816 0.18857
v 48.30807 5.98366 0.12641
v 48.41363 5.98366 0.18881
v 48.31723 5.98366 0.18857
v 53.17436 3.18442 -0.00187
v 53.17331 3.18442 -0.05569
v 53.17436 3.72630 -0.00187
v 53.17331 3.72630 -0.05569
v 53.17436 4.31276 -0.00187
v 53.17331 4.31276 -0.05569
v 53.17436 4.85546 -0.00187
v 53.17331 4.85546 -0.05569
v 53.17436 5.39816 -0.00187
v 53.17331 5.39816 -0.05569
v 53.17436 5.98366 -0.00187
v 53.17331 5.98366 -0.05569
v 53.06411 5.98366 0.18881
v 53.17436 5.98366 0.12641
v 53.17224 5.98366 0.18843
v 53.06411 5.39816 0.18881
v 53.17436 5.39816 0.12641
v 53.17224 5.39816 0.18843
v 53.06411 4.85546 0.18881
v 53.17436 4.85546 0.12641
v 53.17224 4.85546 0.18843
v 53.06411 4.31276 0.18881
v 53.17436 4.31276 0.12641
v 53.17224 4.31276 0.18843
v 53.06411 3.72630 0.18881
v 53.17436 3.72630 0.12641
v 53.17224 3.72629 0.18843
v 53.17436 3.18442 0.12641
v 53.06411 3.18442 0.18881
v 53.17224 3.18442 0.18843
v 52.46729 5.98366 0.18881
v 51.79485 5.98366 0.18881
v 51.09868 5.10744 0.18881
v 51.09455 4.14296 0.18881
v 50.38273 4.72419 0.18881
v 50.38276 4.56661 0.18881
v 50.38273 4.43530 0.18881
v 49.70930 4.72415 0.18881
v 49.70930 4.56661 0.18881
v 49.70929 4.43532 0.18881
v 48.99363 4.72417 0.18881
v 48.99360 4.56661 0.18881
v 48.99361 4.43530 0.18881
v 50.55691 5.98365 0.18881
v 50.75444 5.98366 0.18881
v 50.92862 5.98366 0.18881
v 50.58223 5.39817 0.18881
v 50.58255 4.85544 0.18881
v 50.58255 4.31277 0.18881
v 50.55655 3.72630 0.18881
v 50.55654 3.18445 0.18881
v 51.25449 5.98366 0.18881
v 51.42790 5.98366 0.18881
v 51.59989 5.98366 0.18881
v 51.46437 5.40067 0.18881
v 51.60334 5.39817 0.18881
v 51.46633 4.85252 0.18881
v 51.60364 4.85545 0.18881
v 51.47060 4.31332 0.18881
v 51.60364 4.31278 0.18881
v 51.59426 3.72559 0.18881
v 51.96862 5.98366 0.18881
v 52.14231 5.98366 0.18881
v 52.31586 5.98366 0.18881
v 48.36900 2.61876 -0.05740
v 48.31348 2.67537 -0.05747
v 48.36914 2.61465 -0.00187
v 48.30808 2.67542 -0.00187
v 48.30816 2.71624 0.17276
v 48.30808 2.67542 0.12641
v 48.31447 2.62150 0.17276
v 48.31724 2.67534 0.18857
v 48.36914 2.61465 0.12641
v 48.41363 2.61470 0.17276
v 48.36915 2.62392 0.18858
v 48.41363 2.67542 0.18881
v 48.36914 2.71624 0.18881
v 48.30810 6.49158 -0.00187
v 48.31353 6.49158 -0.05741
v 48.36914 6.53607 -0.00187
v 48.36915 6.53275 -0.05720
v 48.36914 6.44684 0.18881
v 48.41363 6.49158 0.18881
v 48.36915 6.53028 0.18855
v 48.31739 6.49157 0.18857
v 48.41363 6.53602 0.17276
v 48.36914 6.53607 0.12641
v 48.31508 6.53191 0.17276
v 48.30810 6.49158 0.12641
v 48.30816 6.44684 0.17276
v 53.17434 2.67542 -0.00187
v 53.17329 2.67536 -0.05569
v 53.15044 2.61473 -0.00187
v 53.10636 2.61464 -0.00187
v 53.10636 2.61845 -0.05734
v 53.15069 2.61957 -0.05756
v 53.15889 2.71624 -0.06427
v 53.15044 2.71624 0.18881
v 53.10636 2.71624 0.18881
v 53.06411 2.67542 0.18881
v 53.10636 2.62392 0.18858
v 53.15040 2.62395 0.18858
v 53.17222 2.67529 0.18843
v 53.06411 2.61470 0.17276
v 53.10636 2.61464 0.12641
v 53.15044 2.61473 0.12641
v 53.17300 2.62367 0.17276
v 53.17434 2.67542 0.12641
v 53.17427 2.71624 0.17276
v 53.10636 6.53607 -0.00187
v 53.15044 6.53599 -0.00187
v 53.15041 6.53270 -0.05720
v 53.10636 6.53275 -0.05720
v 53.17433 6.49158 -0.00187
v 53.17327 6.49158 -0.05559
v 53.15889 6.44684 -0.06427
v 53.06411 6.49158 0.18881
v 53.10636 6.44684 0.18881
v 53.15044 6.44684 0.18881
v 53.17218 6.49156 0.18843
v 53.15040 6.53025 0.18854
v 53.10636 6.53028 0.18855
v 53.17427 6.44684 0.17276
v 53.17433 6.49158 0.12641
v 53.17283 6.53045 0.17276
v 53.15044 6.53599 0.12641
v 53.10636 6.53607 0.12641
v 53.06411 6.53602 0.17276
v 48.31346 2.80081 -0.05747
v 48.31346 2.92637 -0.05747
v 48.31346 3.05570 -0.05747
v 48.30807 2.80081 -0.00187
v 48.30807 2.92637 -0.00187
v 48.30807 3.05570 -0.00187
v 48.41363 2.61463 0.08217
v 48.31442 2.62147 0.08217
v 48.30807 2.71624 0.08217
v 48.36914 5.98366 0.18881
v 48.41363 6.11179 0.18881
v 48.41363 6.23954 0.18881
v 48.41363 6.36206 0.18881
v 48.31723 6.36206 0.18857
v 48.31723 6.23954 0.18857
v 48.31723 6.11179 0.18857
v 48.30815 5.98366 0.17276
v 48.30807 6.36206 0.12641
v 48.30807 6.23954 0.12641
v 48.30807 6.11179 0.12641
v 48.41363 6.53609 0.08217
v 48.31504 6.53195 0.08217
v 48.30807 6.44685 0.08217
v 48.53910 6.53276 -0.05720
v 48.66669 6.53276 -0.05720
v 48.82422 6.53276 -0.05720
v 48.53910 6.53609 -0.00187
v 48.66669 6.53609 -0.00187
v 48.82422 6.53609 -0.00187
v 52.46729 6.49158 0.18881
v 52.63748 6.44684 0.18881
v 52.81574 6.44684 0.18881
v 52.93570 6.44684 0.18881
v 52.93570 6.53029 0.18855
v 52.81574 6.53029 0.18855
v 52.63748 6.53029 0.18855
v 52.46729 6.53602 0.17276
v 52.93570 6.53609 0.12641
v 52.81574 6.53609 0.12641
v 52.63748 6.53609 0.12641
v 53.17436 6.44684 0.08217
v 53.17289 6.53048 0.08217
v 53.06411 6.53609 0.08217
v 53.15889 5.98366 -0.06427
v 53.17331 6.36206 -0.05569
v 53.17331 6.23954 -0.05569
v 53.17331 6.11179 -0.05569
v 53.17436 6.36206 -0.00187
v 53.17436 6.23954 -0.00187
v 53.17436 6.11179 -0.00187
v 53.15044 3.18442 0.18881
v 53.10636 3.18442 0.18881
v 53.06411 3.05570 0.18881
v 53.06411 2.92637 0.18881
v 53.06411 2.80081 0.18881
v 53.17224 2.80081 0.18843
v 53.17224 2.92637 0.18843
v 53.17224 3.05570 0.18843
v 53.17427 3.18442 0.17276
v 53.17436 2.80081 0.12641
v 53.17436 2.92637 0.12641
v 53.17436 3.05570 0.12641
v 53.06411 2.61463 0.08217
v 53.17306 2.62365 0.08217
v 53.17436 2.71624 0.08217
v 52.93570 2.61844 -0.05734
v 52.81574 2.61844 -0.05734
v 52.63748 2.61844 -0.05734
v 52.93570 2.61463 -0.00187
v 52.81574 2.61463 -0.00187
v 52.63748 2.61463 -0.00187
v 48.99360 2.67542 0.18881
v 48.82422 2.71624 0.18881
v 48.66669 2.71624 0.18881
v 48.53910 2.71624 0.18881
v 48.53910 2.62391 0.18858
v 48.66669 2.62391 0.18858
v 48.82422 2.62391 0.18858
v 48.99360 2.61470 0.17276
v 48.53910 2.61463 0.12641
v 48.66669 2.61463 0.12641
v 48.82422 2.61463 0.12641
v 52.63748 6.53276 -0.05720
v 52.81574 6.53276 -0.05720
v 52.93570 6.53276 -0.05720
v 52.63748 6.53609 -0.00187
v 52.81574 6.53609 -0.00187
v 52.93570 6.53609 -0.00187
v 51.96862 6.53276 -0.05720
v 52.14231 6.53276 -0.05720
v 52.31586 6.53276 -0.05720
v 51.96862 6.53609 -0.00187
v 52.14232 6.53609 -0.00187
v 52.31586 6.53609 -0.00187
v 51.25174 6.53276 -0.05720
v 51.42554 6.53276 -0.05720
v 51.59933 6.53276 -0.05720
v 51.25174 6.53609 -0.00187
v 51.42554 6.53609 -0.00187
v 51.59933 6.53609 -0.00187
v 50.55655 6.53276 -0.05720
v 50.75208 6.53276 -0.05720
v 50.92587 6.53276 -0.05720
v 50.55655 6.53609 -0.00187
v 50.75208 6.53609 -0.00187
v 50.92587 6.53609 -0.00187
v 49.88310 6.53276 -0.05720
v 50.04603 6.53276 -0.05720
v 50.20896 6.53276 -0.05720
v 49.88310 6.53609 -0.00187
v 50.04603 6.53609 -0.00187
v 50.20896 6.53609 -0.00187
v 49.16657 6.53276 -0.05720
v 49.34011 6.53276 -0.05720
v 49.53552 6.53276 -0.05720
v 49.16657 6.53609 -0.00187
v 49.34011 6.53609 -0.00187
v 49.53552 6.53609 -0.00187
v 48.53910 6.44684 0.18881
v 48.66669 6.44684 0.18881
v 48.82422 6.44684 0.18881
v 48.99360 6.49158 0.18881
v 48.82422 6.53029 0.18855
v 48.66669 6.53029 0.18855
v 48.53910 6.53029 0.18855
v 48.99360 6.53602 0.17276
v 48.82422 6.53609 0.12641
v 48.66669 6.53609 0.12641
v 48.53910 6.53609 0.12641
v 49.16657 6.44684 0.18881
v 49.34011 6.44684 0.18881
v 49.53552 6.44684 0.18881
v 49.70930 6.49158 0.18881
v 49.53552 6.53029 0.18855
v 49.34011 6.53029 0.18855
v 49.16657 6.53029 0.18855
v 49.70930 6.53602 0.17276
v 49.53552 6.53609 0.12641
v 49.34011 6.53609 0.12641
v 49.16657 6.53609 0.12641
v 49.88310 6.44684 0.18881
v 50.04603 6.44685 0.18881
v 50.20896 6.44684 0.18881
v 50.38276 6.49158 0.18881
v 50.20896 6.53029 0.18855
v 50.04603 6.53029 0.18855
v 49.88310 6.53029 0.18855
v 50.38276 6.53602 0.17276
v 50.20896 6.53609 0.12641
v 50.04603 6.53609 0.12641
v 49.88310 6.53609 0.12641
v 50.55655 6.44684 0.18881
v 50.75208 6.44684 0.18881
v 50.92587 6.44684 0.18881
v 51.09967 6.49158 0.18881
v 50.92587 6.53029 0.18855
v 50.75208 6.53029 0.18855
v 50.55655 6.53029 0.18855
v 51.09967 6.53602 0.17276
v 50.92587 6.53609 0.12641
v 50.75208 6.53609 0.12641
v 50.55655 6.53609 0.12641
v 51.25174 6.44684 0.18881
v 51.42554 6.44684 0.18881
v 51.59933 6.44684 0.18881
v 51.79485 6.49158 0.18881
v 51.59933 6.53029 0.18855
v 51.42554 6.53029 0.18855
v 51.25174 6.53029 0.18855
v 51.79485 6.53602 0.17276
v 51.59933 6.53609 0.12641
v 51.42554 6.53609 0.12641
v 51.25174 6.53609 0.12641
v 51.96862 6.44684 0.18881
v 52.14232 6.44684 0.18881
v 52.31586 6.44684 0.18881
v 52.31586 6.53029 0.18855
v 52.14231 6.53029 0.18855
v 51.96862 6.53029 0.18855
v 52.31586 6.53609 0.12641
v 52.14232 6.53609 0.12641
v 51.96862 6.53609 0.12641
v 48.82422 2.61844 -0.05734
v 48.66669 2.61844 -0.05734
v 48.53910 2.61844 -0.05734
v 48.82422 2.61463 -0.00187
v 48.66669 2.61463 -0.00187
v 48.53910 2.61463 -0.00187
v 49.53552 2.61844 -0.05734
v 49.34011 2.61844 -0.05734
v 49.16657 2.61844 -0.05734
v 49.53552 2.61463 -0.00187
v 49.34011 2.61463 -0.00187
v 49.16657 2.61463 -0.00187
v 50.20896 2.61844 -0.05734
v 50.04603 2.61844 -0.05734
v 49.88310 2.61844 -0.05734
v 50.20896 2.61463 -0.00187
v 50.04603 2.61463 -0.00187
v 49.88310 2.61463 -0.00187
v 50.92587 2.61844 -0.05734
v 50.75208 2.61844 -0.05734
v 50.55655 2.61844 -0.05734
v 50.92587 2.61463 -0.00187
v 50.75208 2.61463 -0.00187
v 50.55655 2.61463 -0.00187
v 51.59933 2.61844 -0.05734
v 51.42554 2.61844 -0.05734
v 51.25174 2.61844 -0.05734
v 51.59933 2.61463 -0.00187
v 51.42554 2.61463 -0.00187
v 51.25174 2.61463 -0.00187
v 52.31586 2.61844 -0.05734
v 52.14231 2.61844 -0.05734
v 51.96862 2.61844 -0.05734
v 52.31586 2.61463 -0.00187
v 52.14232 2.61463 -0.00187
v 51.96862 2.61463 -0.00187
v 52.93570 2.71624 0.18881
v 52.81574 2.71624 0.18881
v 52.63748 2.71624 0.18881
v 52.46729 2.67542 0.18881
v 52.63748 2.62391 0.18858
v 52.81574 2.62391 0.18858
v 52.93570 2.62391 0.18858
v 52.46729 2.61470 0.17276
v 52.63748 2.61463 0.12641
v 52.81574 2.61463 0.12641
v 52.93570 2.61463 0.12641
v 52.31586 2.71624 0.18881
v 52.14231 2.71624 0.18881
v 51.96862 2.71624 0.18881
v 51.79485 2.67542 0.18881
v 51.96862 2.62391 0.18858
v 52.14231 2.62391 0.18858
v 52.31586 2.62391 0.18858
v 51.79485 2.61470 0.17276
v 51.96862 2.61463 0.12641
v 52.14232 2.61463 0.12641
v 52.31586 2.61463 0.12641
v 51.59933 2.71624 0.18881
v 51.42554 2.71624 0.18881
v 51.25174 2.71624 0.18881
v 51.09967 2.67542 0.18881
v 51.25174 2.62391 0.18858
v 51.42554 2.62391 0.18858
v 51.59933 2.62391 0.18858
v 51.09967 2.61470 0.17276
v 51.25174 2.61463 0.12641
v 51.42554 2.61463 0.12641
v 51.59933 2.61463 0.12641
v 50.92587 2.71624 0.18881
v 50.75208 2.71624 0.18881
v 50.55655 2.71624 0.18881
v 50.38276 2.67542 0.18881
v 50.55655 2.62391 0.18858
v 50.75208 2.62391 0.18858
v 50.92587 2.62391 0.18858
v 50.38276 2.61470 0.17276
v 50.55655 2.61463 0.12641
v 50.75208 2.61463 0.12641
v 50.92587 2.61463 0.12641
v 50.20896 2.71624 0.18881
v 50.04603 2.71624 0.18881
v 49.88310 2.71624 0.18881
v 49.70930 2.67542 0.18881
v 49.88310 2.62391 0.18858
v 50.04603 2.62391 0.18858
v 50.20896 2.62391 0.18858
v 49.70930 2.61470 0.17276
v 49.88310 2.61463 0.12641
v 50.04603 2.61463 0.12641
v 50.20896 2.61463 0.12641
v 49.53552 2.71624 0.18881
v 49.34011 2.71624 0.18881
v 49.16657 2.71624 0.18881
v 49.16657 2.62391 0.18858
v 49.34011 2.62391 0.18858
v 49.53552 2.62391 0.18858
v 49.16657 2.61463 0.12641
v 49.34011 2.61463 0.12641
v 49.53552 2.61463 0.12641
v 48.31346 6.11179 -0.05747
v 48.31346 6.23954 -0.05747
v 48.31346 6.36206 -0.05747
v 48.30807 6.11179 -0.00187
v 48.30807 6.23954 -0.00187
v 48.30807 6.36206 -0.00187
v 48.31346 5.56446 -0.05747
v 48.31346 5.69568 -0.05747
v 48.31346 5.81806 -0.05747
v 48.30807 5.56446 -0.00187
v 48.30807 5.69568 -0.00187
v 48.30807 5.81806 -0.00187
v 48.31346 4.97801 -0.05747
v 48.31346 5.14432 -0.05747
v 48.31346 5.27562 -0.05747
v 48.30807 4.97801 -0.00187
v 48.30807 5.14432 -0.00187
v 48.30807 5.27562 -0.00187
v 48.31346 4.43531 -0.05747
v 48.31346 4.56661 -0.05747
v 48.31346 4.72416 -0.05747
v 48.30807 4.43531 -0.00187
v 48.30807 4.56661 -0.00187
v 48.30807 4.72416 -0.00187
v 48.31346 3.89260 -0.05747
v 48.31346 4.01515 -0.05747
v 48.31346 4.14645 -0.05747
v 48.30807 3.89260 -0.00187
v 48.30807 4.01515 -0.00187
v 48.30807 4.14645 -0.00187
v 48.31346 3.30644 -0.05747
v 48.31346 3.47253 -0.05747
v 48.31346 3.60376 -0.05747
v 48.30807 3.30644 -0.00187
v 48.30807 3.47253 -0.00187
v 48.30807 3.60376 -0.00187
v 48.41363 2.80081 0.18881
v 48.41363 2.92637 0.18881
v 48.41363 3.05570 0.18881
v 48.36914 3.18442 0.18881
v 48.31723 3.05570 0.18857
v 48.31723 2.92637 0.18857
v 48.31723 2.80081 0.18857
v 48.30815 3.18442 0.17276
v 48.30807 3.05570 0.12641
v 48.30807 2.92637 0.12641
v 48.30807 2.80081 0.12641
v 48.41363 3.30644 0.18881
v 48.41363 3.47253 0.18881
v 48.41363 3.60376 0.18881
v 48.36914 3.72630 0.18881
v 48.31723 3.60376 0.18857
v 48.31723 3.47253 0.18857
v 48.31723 3.30644 0.18857
v 48.30815 3.72630 0.17276
v 48.30807 3.60376 0.12641
v 48.30807 3.47253 0.12641
v 48.30807 3.30644 0.12641
v 48.41363 3.89260 0.18881
v 48.41363 4.01515 0.18881
v 48.41363 4.14645 0.18881
v 48.36914 4.31276 0.18881
v 48.31723 4.14645 0.18857
v 48.31723 4.01515 0.18857
v 48.31723 3.89260 0.18857
v 48.30815 4.31276 0.17276
v 48.30807 4.14645 0.12641
v 48.30807 4.01515 0.12641
v 48.30807 3.89260 0.12641
v 48.41363 4.43531 0.18881
v 48.41363 4.56661 0.18881
v 48.41363 4.72416 0.18881
v 48.36914 4.85546 0.18881
v 48.31723 4.72416 0.18857
v 48.31723 4.56661 0.18857
v 48.31723 4.43531 0.18857
v 48.30815 4.85546 0.17276
v 48.30807 4.72416 0.12641
v 48.30807 4.56661 0.12641
v 48.30807 4.43531 0.12641
v 48.41363 4.97801 0.18881
v 48.41363 5.14432 0.18881
v 48.41363 5.27562 0.18881
v 48.36914 5.39816 0.18881
v 48.31723 5.27562 0.18857
v 48.31723 5.14432 0.18857
v 48.31723 4.97801 0.18857
v 48.30815 5.39816 0.17276
v 48.30807 5.27562 0.12641
v 48.30807 5.14432 0.12641
v 48.30807 4.97801 0.12641
v 48.41363 5.56446 0.18881
v 48.41363 5.69568 0.18881
v 48.41363 5.81806 0.18881
v 48.31723 5.81806 0.18857
v 48.31723 5.69568 0.18857
v 48.31723 5.56446 0.18857
v 48.30807 5.81806 0.12641
v 48.30807 5.69568 0.12641
v 48.30807 5.56446 0.12641
v 53.15889 3.18442 -0.06427
v 53.17331 3.05570 -0.05569
v 53.17331 2.92637 -0.05569
v 53.17331 2.80081 -0.05569
v 53.17436 3.05570 -0.00187
v 53.17436 2.92637 -0.00187
v 53.17436 2.80081 -0.00187
v 53.15889 3.72630 -0.06427
v 53.17331 3.60376 -0.05569
v 53.17331 3.47253 -0.05569
v 53.17331 3.30644 -0.05569
v 53.17436 3.60376 -0.00187
v 53.17436 3.47253 -0.00187
v 53.17436 3.30644 -0.00187
v 53.15889 4.31276 -0.06427
v 53.17331 4.14645 -0.05569
v 53.17331 4.01515 -0.05569
v 53.17331 3.89260 -0.05569
v 53.17436 4.14645 -0.00187
v 53.17436 4.01515 -0.00187
v 53.17436 3.89260 -0.00187
v 53.15889 4.85546 -0.06427
v 53.17331 4.72416 -0.05569
v 53.17331 4.56661 -0.05569
v 53.17331 4.43531 -0.05569
v 53.17436 4.72416 -0.00187
v 53.17436 4.56661 -0.00187
v 53.17436 4.43531 -0.00187
v 53.15889 5.39816 -0.06427
v 53.17331 5.27562 -0.05569
v 53.17331 5.14432 -0.05569
v 53.17331 4.97801 -0.05569
v 53.17436 5.27562 -0.00187
v 53.17436 5.14432 -0.00187
v 53.17436 4.97801 -0.00187
v 53.17331 5.81806 -0.05569
v 53.17331 5.69568 -0.05569
v 53.17331 5.56445 -0.05569
v 53.17436 5.81806 -0.00187
v 53.17436 5.69568 -0.00187
v 53.17436 5.56446 -0.00187
v 53.06411 6.36206 0.18881
v 53.06411 6.23954 0.18881
v 53.06411 6.11179 0.18881
v 53.10636 5.98366 0.18881
v 53.15044 5.98366 0.18881
v 53.17224 6.11179 0.18843
v 53.17224 6.23954 0.18843
v 53.17224 6.36206 0.18843
v 53.17427 5.98366 0.17276
v 53.17436 6.11179 0.12641
v 53.17436 6.23954 0.12641
v 53.17436 6.36206 0.12641
v 53.06411 5.81806 0.18881
v 53.06411 5.69568 0.18881
v 53.06411 5.56446 0.18881
v 53.10636 5.39816 0.18881
v 53.15044 5.39816 0.18881
v 53.17224 5.56446 0.18843
v 53.17224 5.69568 0.18843
v 53.17224 5.81806 0.18843
v 53.17427 5.39816 0.17276
v 53.17436 5.56446 0.12641
v 53.17436 5.69568 0.12641
v 53.17436 5.81806 0.12641
v 53.06411 5.27562 0.18881
v 53.06411 5.14432 0.18881
v 53.06411 4.97801 0.18881
v 53.10636 4.85546 0.18881
v 53.15044 4.85546 0.18881
v 53.17224 4.97801 0.18843
v 53.17224 5.14432 0.18843
v 53.17224 5.27562 0.18843
v 53.17427 4.85546 0.17276
v 53.17436 4.97801 0.12641
v 53.17436 5.14432 0.12641
v 53.17436 5.27562 0.12641
v 53.06411 4.72416 0.18881
v 53.06411 4.56661 0.18881
v 53.06411 4.43531 0.18881
v 53.10636 4.31276 0.18881
v 53.15044 4.31276 0.18881
v 53.17224 4.43531 0.18843
v 53.17224 4.56661 0.18843
v 53.17224 4.72416 0.18843
v 53.17427 4.31276 0.17276
v 53.17436 4.43531 0.12641
v 53.17436 4.56661 0.12641
v 53.17436 4.72416 0.12641
v 53.06411 4.14645 0.18881
v 53.06411 4.01515 0.18881
v 53.06411 3.89260 0.18881
v 53.10636 3.72630 0.18881
v 53.15044 3.72629 0.18881
v 53.17224 3.89260 0.18843
v 53.17224 4.01515 0.18843
v 53.17224 4.14645 0.18843
v 53.17427 3.72630 0.17276
v 53.17436 3.89260 0.12641
v 53.17436 4.01515 0.12641
v 53.17436 4.14645 0.12641
v 53.06411 3.60376 0.18881
v 53.06411 3.47253 0.18881
v 53.06411 3.30644 0.18881
v 53.17224 3.30644 0.18843
v 53.17224 3.47253 0.18843
v 53.17224 3.60376 0.18843
v 53.17436 3.30644 0.12641
v 53.17436 3.47253 0.12641
v 53.17436 3.60376 0.12641
v 48.30807 3.18442 0.08217
v 48.99360 2.61463 0.08217
v 48.99360 2.80081 0.18881
v 48.99373 2.92643 0.18881
v 48.82422 3.18442 0.18881
v 48.66669 3.18442 0.18881
v 48.53910 3.18442 0.18881
v 48.99360 6.53609 0.08217
v 48.30807 5.98366 0.08217
v 48.99361 6.23954 0.18881
v 48.99360 6.36206 0.18881
v 48.53910 5.98366 0.18881
v 48.66669 5.98366 0.18881
v 48.82422 5.98366 0.18881
v 52.46729 2.61463 0.08217
v 53.17436 3.18442 0.08217
v 52.93570 3.18442 0.18881
v 52.81574 3.18442 0.18881
v 52.63748 3.18443 0.18881
v 52.46723 3.05574 0.18881
v 52.46729 2.92637 0.18881
v 52.46729 2.80081 0.18881
v 53.17436 5.98366 0.08217
v 52.46729 6.53609 0.08217
v 52.46729 6.36206 0.18881
v 52.46729 6.23954 0.18881
v 52.46729 6.11179 0.18881
v 52.63748 5.98366 0.18881
v 52.81574 5.98366 0.18881
v 52.93570 5.98366 0.18881
v 51.79485 6.53609 0.08217
v 51.09967 6.53609 0.08217
v 50.38276 6.53609 0.08217
v 49.70930 6.53609 0.08217
v 49.66910 6.14935 0.18881
v 49.70929 6.23956 0.18881
v 49.70930 6.36206 0.18881
v 50.38273 6.23954 0.18881
v 50.38276 6.36206 0.18881
v 51.09967 6.11179 0.18881
v 51.09967 6.23954 0.18881
v 51.09967 6.36206 0.18881
v 51.79485 6.11179 0.18881
v 51.79485 6.23954 0.18881
v 51.79485 6.36206 0.18881
v 49.70930 2.61463 0.08217
v 50.38276 2.61463 0.08217
v 51.09967 2.61463 0.08217
v 51.79485 2.61463 0.08217
v 51.79494 3.05572 0.18881
v 51.79485 2.92637 0.18881
v 51.79485 2.80081 0.18881
v 51.09967 3.05562 0.18881
v 51.09967 2.92637 0.18881
v 51.09967 2.80081 0.18881
v 50.38257 2.92647 0.18881
v 50.38276 2.80081 0.18881
v 49.70701 3.01300 0.18881
v 49.70928 2.92629 0.18881
v 49.70930 2.80081 0.18881
v 48.30807 5.39816 0.08217
v 48.30807 4.85546 0.08217
v 48.30807 4.31276 0.08217
v 48.30807 3.72630 0.08217
v 48.82422 3.72629 0.18881
v 48.66669 3.72629 0.18881
v 48.53910 3.72630 0.18881
v 48.82422 4.31276 0.18881
v 48.66669 4.31276 0.18881
v 48.53910 4.31276 0.18881
v 48.82422 4.85546 0.18881
v 48.66669 4.85546 0.18881
v 48.53910 4.85546 0.18881
v 48.82422 5.39816 0.18881
v 48.66669 5.39816 0.18881
v 48.53910 5.39816 0.18881
v 53.17436 3.72630 0.08217
v 53.17436 4.31276 0.08217
v 53.17436 4.85546 0.08217
v 53.17436 5.39816 0.08217
v 52.63750 5.39817 0.18881
v 52.81574 5.39816 0.18881
v 52.93570 5.39816 0.18881
v 52.63749 4.85545 0.18881
v 52.81574 4.85546 0.18881
v 52.93570 4.85546 0.18881
v 52.63750 4.31278 0.18881
v 52.81574 4.31276 0.18881
v 52.93570 4.31276 0.18881
v 52.63750 3.72629 0.18881
v 52.81574 3.72629 0.18881
v 52.93570 3.72629 0.18881
v 48.82422 6.36206 0.18881
v 48.66669 6.36206 0.18881
v 48.53910 6.36206 0.18881
v 48.82422 6.23955 0.18881
v 48.66669 6.23955 0.18881
v 48.53910 6.23954 0.18881
v 48.82422 6.11179 0.18881
v 48.66669 6.11179 0.18881
v 48.53910 6.11179 0.18881
v 52.93570 6.36206 0.18881
v 52.81574 6.36206 0.18881
v 52.63748 6.36206 0.18881
v 52.93570 6.23954 0.18881
v 52.81574 6.23954 0.18881
v 52.63748 6.23954 0.18881
v 52.93570 6.11179 0.18881
v 52.81574 6.11179 0.18881
v 52.63748 6.11179 0.18881
v 52.93570 3.05570 0.18881
v 52.81574 3.05570 0.18881
v 52.63748 3.05570 0.18881
v 52.93570 2.92637 0.18881
v 52.81574 2.92637 0.18881
v 52.63748 2.92637 0.18881
v 52.93570 2.80081 0.18881
v 52.81574 2.80081 0.18881
v 52.63748 2.80081 0.18881
v 53.17436 3.05570 0.08217
v 53.17436 2.92637 0.08217
v 53.17436 2.80081 0.08217
v 48.53910 6.53609 0.08217
v 48.66669 6.53609 0.08217
v 48.82422 6.53609 0.08217
v 53.17436 6.36206 0.08217
v 53.17436 6.23954 0.08217
v 53.17436 6.11179 0.08217
v 51.59919 3.05576 0.18881
v 51.42539 3.05567 0.18881
v 51.25167 3.05563 0.18881
v 51.59933 2.92637 0.18881
v 51.42554 2.92637 0.18881
v 51.25174 2.92637 0.18881
v 51.59933 2.80081 0.18881
v 51.42554 2.80081 0.18881
v 51.25174 2.80081 0.18881
v 50.92595 3.05564 0.18881
v 50.75216 3.05573 0.18881
v 50.55653 3.05572 0.18881
v 50.92587 2.92637 0.18881
v 50.75208 2.92637 0.18881
v 50.55655 2.92637 0.18881
v 50.92587 2.80081 0.18881
v 50.75208 2.80081 0.18881
v 50.55655 2.80081 0.18881
v 50.20873 2.92639 0.18881
v 50.04588 2.92634 0.18881
v 49.88301 2.92631 0.18881
v 50.20896 2.80081 0.18881
v 50.04603 2.80081 0.18881
v 49.88310 2.80081 0.18881
v 49.53557 2.92629 0.18881
v 49.34023 2.92632 0.18881
v 49.16676 2.92636 0.18881
v 49.53552 2.80081 0.18881
v 49.34011 2.80081 0.18881
v 49.16657 2.80081 0.18881
v 48.30807 5.56446 0.08217
v 48.30807 5.69568 0.08217
v 48.30807 5.81806 0.08217
v 48.82422 3.05570 0.18881
v 48.66669 3.05570 0.18881
v 48.53910 3.05570 0.18881
v 48.82422 2.92637 0.18881
v 48.66669 2.92637 0.18881
v 48.53910 2.92637 0.18881
v 48.82422 2.80081 0.18881
v 48.66669 2.80081 0.18881
v 48.53910 2.80081 0.18881
v 50.20896 2.61463 0.08217
v 50.04603 2.61463 0.08217
v 49.88310 2.61463 0.08217
v 50.92587 2.61463 0.08217
v 50.75208 2.61463 0.08217
v 50.55655 2.61463 0.08217
v 51.59933 2.61463 0.08217
v 51.42554 2.61463 0.08217
v 51.25174 2.61463 0.08217
v 52.31586 2.61463 0.08217
v 52.14232 2.61463 0.08217
v 51.96862 2.61463 0.08217
v 52.31582 3.05565 0.18881
v 52.14234 3.05562 0.18881
v 51.96871 3.05562 0.18881
v 52.31586 2.92637 0.18881
v 52.14231 2.92637 0.18881
v 51.96862 2.92637 0.18881
v 52.31586 2.80081 0.18881
v 52.14231 2.80081 0.18881
v 51.96862 2.80081 0.18881
v 49.53552 6.36206 0.18881
v 49.34011 6.36206 0.18881
v 49.16657 6.36206 0.18881
v 49.53552 6.23956 0.18881
v 49.34011 6.23955 0.18881
v 49.16658 6.23954 0.18881
v 51.96862 6.53609 0.08217
v 52.14232 6.53609 0.08217
v 52.31586 6.53609 0.08217
v 51.25174 6.53609 0.08217
v 51.42554 6.53609 0.08217
v 51.59933 6.53609 0.08217
v 50.55655 6.53609 0.08217
v 50.75208 6.53609 0.08217
v 50.92587 6.53609 0.08217
v 49.88310 6.53609 0.08217
v 50.04603 6.53609 0.08217
v 50.20896 6.53609 0.08217
v 49.16657 6.53609 0.08217
v 49.34011 6.53609 0.08217
v 49.53552 6.53609 0.08217
v 48.30807 6.11179 0.08217
v 48.30807 6.23955 0.08217
v 48.30807 6.36206 0.08217
v 48.30807 4.97801 0.08217
v 48.30807 5.14432 0.08217
v 48.30807 5.27562 0.08217
v 48.30807 4.43531 0.08217
v 48.30807 4.56661 0.08217
v 48.30807 4.72416 0.08217
v 48.30807 3.89260 0.08217
v 48.30807 4.01515 0.08217
v 48.30807 4.14645 0.08217
v 48.30807 3.30644 0.08217
v 48.30807 3.47253 0.08217
v 48.30807 3.60376 0.08217
v 48.82422 3.60376 0.18881
v 48.66669 3.60376 0.18881
v 48.53910 3.60376 0.18881
v 48.82422 3.47253 0.18881
v 48.66669 3.47253 0.18881
v 48.53910 3.47253 0.18881
v 48.82422 3.30644 0.18881
v 48.66669 3.30644 0.18881
v 48.53910 3.30644 0.18881
v 50.20896 6.36206 0.18881
v 50.04603 6.36206 0.18881
v 49.88310 6.36206 0.18881
v 50.20893 6.23955 0.18881
v 50.04600 6.23956 0.18881
v 49.88307 6.23956 0.18881
v 49.53560 4.73285 0.18881
v 49.34014 4.72416 0.18881
v 49.16661 4.72416 0.18881
v 49.53552 4.56661 0.18881
v 49.34011 4.56661 0.18881
v 49.16657 4.56661 0.18881
v 49.53552 4.43532 0.18881
v 49.34012 4.43531 0.18881
v 49.16658 4.43531 0.18881
v 50.92587 6.36206 0.18881
v 50.75208 6.36206 0.18881
v 50.55655 6.36206 0.18881
v 50.92587 6.23955 0.18881
v 50.75208 6.23955 0.18881
v 50.55655 6.23954 0.18881
v 50.92587 6.11179 0.18881
v 50.75208 6.11179 0.18881
v 50.55652 6.11178 0.18881
v 50.20893 4.72417 0.18881
v 50.04601 4.72417 0.18881
v 49.88309 4.72416 0.18881
v 50.20896 4.56661 0.18881
v 50.04603 4.56661 0.18881
v 49.88310 4.56661 0.18881
v 50.20893 4.43531 0.18881
v 50.04600 4.43532 0.18881
v 49.88308 4.43532 0.18881
v 51.59933 6.36206 0.18881
v 51.42554 6.36206 0.18881
v 51.25174 6.36206 0.18881
v 51.59933 6.23955 0.18881
v 51.42554 6.23955 0.18881
v 51.25174 6.23954 0.18881
v 51.59933 6.11179 0.18881
v 51.42554 6.11179 0.18881
v 51.25174 6.11179 0.18881
v 50.58180 5.81806 0.18881
v 50.58224 5.69567 0.18881
v 50.58223 5.56445 0.18881
v 50.75971 5.27447 0.18881
v 50.58224 5.27563 0.18881
v 50.93151 5.10517 0.18881
v 50.58231 5.14433 0.18881
v 50.58254 4.97799 0.18881
v 50.71895 4.68687 0.18881
v 50.58254 4.72415 0.18881
v 50.58254 4.56660 0.18881
v 50.58255 4.43531 0.18881
v 50.58172 4.14646 0.18881
v 50.55705 4.01514 0.18881
v 50.55655 3.89260 0.18881
v 50.71832 3.59846 0.18881
v 50.55655 3.60378 0.18881
v 50.55655 3.47255 0.18881
v 50.55655 3.30647 0.18881
v 52.31586 6.36206 0.18881
v 52.14231 6.36206 0.18881
v 51.96862 6.36206 0.18881
v 52.31586 6.23954 0.18881
v 52.14231 6.23955 0.18881
v 51.96862 6.23954 0.18881
v 52.31586 6.11179 0.18881
v 52.14231 6.11179 0.18881
v 51.96862 6.11179 0.18881
v 51.60285 5.81806 0.18881
v 51.60333 5.69567 0.18881
v 51.60334 5.56445 0.18881
v 51.60333 5.27563 0.18881
v 51.60335 5.14433 0.18881
v 51.26469 5.11037 0.18881
v 51.60358 4.97800 0.18881
v 51.60364 4.72416 0.18881
v 51.60365 4.56661 0.18881
v 51.60365 4.43532 0.18881
v 51.60272 4.14645 0.18881
v 51.60100 3.59842 0.18881
v 49.53552 2.61463 0.08217
v 49.34011 2.61463 0.08217
v 49.16657 2.61463 0.08217
v 52.93570 5.27562 0.18881
v 52.81574 5.27562 0.18881
v 52.63750 5.27563 0.18881
v 52.93570 5.14432 0.18881
v 52.81574 5.14432 0.18881
v 52.63748 5.14433 0.18881
v 52.93570 4.97801 0.18881
v 52.81574 4.97801 0.18881
v 52.63747 4.97800 0.18881
v 52.93570 4.72416 0.18881
v 52.81574 4.72416 0.18881
v 52.63750 4.72416 0.18881
v 52.93570 4.56661 0.18881
v 52.81574 4.56661 0.18881
v 52.63750 4.56661 0.18881
v 52.93570 4.43531 0.18881
v 52.81574 4.43531 0.18881
v 52.63750 4.43532 0.18881
v 52.93570 4.14645 0.18881
v 52.81574 4.14645 0.18881
v 52.63747 4.14646 0.18881
v 52.93570 4.01515 0.18881
v 52.81574 4.01515 0.18881
v 52.63747 4.01514 0.18881
v 52.93570 3.89260 0.18881
v 52.81574 3.89260 0.18881
v 52.63749 3.89259 0.18881
v 52.93570 3.60376 0.18881
v 52.81574 3.60376 0.18881
v 52.63751 3.60377 0.18881
v 52.93570 3.47253 0.18881
v 52.81574 3.47253 0.18881
v 52.63750 3.47254 0.18881
v 52.93570 3.30644 0.18881
v 52.81574 3.30644 0.18881
v 52.63750 3.30646 0.18881
v 52.93570 2.61463 0.08217
v 52.81574 2.61463 0.08217
v 52.63748 2.61463 0.08217
v 53.17436 3.60376 0.08217
v 53.17436 3.47253 0.08217
v 53.17436 3.30644 0.08217
v 48.82422 5.81806 0.18881
v 48.66669 5.81806 0.18881
v 48.53910 5.81806 0.18881
v 48.82422 5.69568 0.18881
v 48.66669 5.69568 0.18881
v 48.53910 5.69568 0.18881
v 48.82422 5.56446 0.18881
v 48.66669 5.56446 0.18881
v 48.53910 5.56446 0.18881
v 48.82422 5.27562 0.18881
v 48.66669 5.27562 0.18881
v 48.53910 5.27562 0.18881
v 48.82422 5.14432 0.18881
v 48.66669 5.14432 0.18881
v 48.53910 5.14432 0.18881
v 48.82422 4.97801 0.18881
v 48.66669 4.97801 0.18881
v 48.53910 4.97801 0.18881
v 48.82422 4.72416 0.18881
v 48.66669 4.72416 0.18881
v 48.53910 4.72416 0.18881
v 48.82422 4.56661 0.18881
v 48.66669 4.56661 0.18881
v 48.53910 4.56661 0.18881
v 48.82422 4.43531 0.18881
v 48.66669 4.43531 0.18881
v 48.53910 4.43531 0.18881
v 48.82422 4.14645 0.18881
v 48.66669 4.14645 0.18881
v 48.53910 4.14645 0.18881
v 48.82422 4.01515 0.18881
v 48.66669 4.01515 0.18881
v 48.53910 4.01515 0.18881
v 48.82422 3.89260 0.18881
v 48.66669 3.89260 0.18881
v 48.53910 3.89260 0.18881
v 52.63748 6.53609 0.08217
v 52.81574 6.53609 0.08217
v 52.93570 6.53609 0.08217
v 52.93570 5.81806 0.18881
v 52.81574 5.81806 0.18881
v 52.63748 5.81806 0.18881
v 52.93570 5.69568 0.18881
v 52.81574 5.69568 0.18881
v 52.63750 5.69567 0.18881
v 52.93570 5.56446 0.18881
v 52.81574 5.56446 0.18881
v 52.63750 5.56445 0.18881
v 53.17436 5.81806 0.08217
v 53.17436 5.69568 0.08217
v 53.17436 5.56446 0.08217
v 53.17436 5.27562 0.08217
v 53.17436 5.14432 0.08217
v 53.17436 4.97801 0.08217
v 53.17436 4.72416 0.08217
v 53.17436 4.56661 0.08217
v 53.17436 4.43531 0.08217
v 53.17436 4.14645 0.08217
v 53.17436 4.01515 0.08217
v 53.17436 3.89260 0.08217
v 48.82422 2.61463 0.08217
v 48.66669 2.61463 0.08217
v 48.53910 2.61463 0.08217
v 48.30817 2.67542 0.17276
v 48.36914 2.61472 0.17276
v 48.36914 2.67542 0.18881
v 48.36914 6.49158 0.18881
v 48.36914 6.53600 0.17276
v 48.30818 6.49159 0.17276
v 53.15888 2.67542 -0.06427
v 53.10636 2.67542 0.18881
v 53.15044 2.67542 0.18881
v 53.10636 2.61471 0.17276
v 53.15043 2.61479 0.17276
v 53.17426 2.67542 0.17276
v 53.15888 6.49160 -0.06427
v 53.10636 6.49158 0.18881
v 53.15044 6.49159 0.18881
v 53.17424 6.49159 0.17276
v 53.10636 6.53601 0.17276
v 53.15043 6.53592 0.17276
v 48.36914 2.61465 0.08217
v 48.30808 2.67542 0.08217
v 48.36914 6.11179 0.18881
v 48.36914 6.23954 0.18881
v 48.36914 6.36206 0.18881
v 48.30815 6.11179 0.17276
v 48.30815 6.23954 0.17276
v 48.30815 6.36206 0.17276
v 48.36914 6.53607 0.08217
v 48.30810 6.49158 0.08217
v 52.63748 6.49158 0.18881
v 52.81574 6.49158 0.18881
v 52.93570 6.49158 0.18881
v 52.63748 6.53602 0.17276
v 52.81574 6.53602 0.17276
v 52.93570 6.53602 0.17276
v 53.17433 6.49158 0.08217
v 53.15044 6.53599 0.08217
v 53.10636 6.53608 0.08217
v 53.15889 6.11179 -0.06427
v 53.15889 6.23954 -0.06427
v 53.15889 6.36206 -0.06427
v 53.10636 3.05570 0.18881
v 53.10636 2.92637 0.18881
v 53.10636 2.80081 0.18881
v 53.15044 3.05570 0.18881
v 53.15044 2.92637 0.18881
v 53.15044 2.80081 0.18881
v 53.17427 3.05570 0.17276
v 53.17427 2.92637 0.17276
v 53.17427 2.80081 0.17276
v 53.10636 2.61464 0.08217
v 53.15044 2.61473 0.08217
v 53.17435 2.67542 0.08217
v 48.82422 2.67542 0.18881
v 48.66669 2.67542 0.18881
v 48.53910 2.67542 0.18881
v 48.82422 2.61470 0.17276
v 48.66669 2.61470 0.17276
v 48.53910 2.61470 0.17276
v 48.53910 6.49158 0.18881
v 48.66669 6.49158 0.18881
v 48.82422 6.49158 0.18881
v 48.53910 6.53602 0.17276
v 48.66669 6.53602 0.17276
v 48.82422 6.53602 0.17276
v 49.16657 6.49158 0.18881
v 49.34011 6.49158 0.18881
v 49.53552 6.49158 0.18881
v 49.16657 6.53602 0.17276
v 49.34011 6.53602 0.17276
v 49.53552 6.53602 0.17276
v 49.88310 6.49158 0.18881
v 50.04603 6.49158 0.18881
v 50.20896 6.49158 0.18881
v 49.88310 6.53602 0.17276
v 50.04603 6.53602 0.17276
v 50.20896 6.53602 0.17276
v 50.55655 6.49158 0.18881
v 50.75208 6.49158 0.18881
v 50.92587 6.49158 0.18881
v 50.55655 6.53602 0.17276
v 50.75208 6.53602 0.17276
v 50.92587 6.53602 0.17276
v 51.25174 6.49158 0.18881
v 51.42554 6.49158 0.18881
v 51.59933 6.49158 0.18881
v 51.25174 6.53602 0.17276
v 51.42554 6.53602 0.17276
v 51.59933 6.53602 0.17276
v 51.96862 6.49158 0.18881
v 52.14232 6.49158 0.18881
v 52.31586 6.49158 0.18881
v 51.96862 6.53602 0.17276
v 52.14232 6.53602 0.17276
v 52.31586 6.53602 0.17276
v 52.93570 2.67542 0.18881
v 52.81574 2.67542 0.18881
v 52.63748 2.67542 0.18881
v 52.93570 2.61470 0.17276
v 52.81574 2.61470 0.17276
v 52.63748 2.61470 0.17276
v 52.31586 2.67542 0.18881
v 52.14232 2.67542 0.18881
v 51.96862 2.67542 0.18881
v 52.31586 2.61470 0.17276
v 52.14231 2.61470 0.17276
v 51.96862 2.61470 0.17276
v 51.59933 2.67542 0.18881
v 51.42554 2.67542 0.18881
v 51.25174 2.67542 0.18881
v 51.59933 2.61470 0.17276
v 51.42554 2.61470 0.17276
v 51.25174 2.61470 0.17276
v 50.92587 2.67542 0.18881
v 50.75208 2.67542 0.18881
v 50.55655 2.67542 0.18881
v 50.92587 2.61470 0.17276
v 50.75208 2.61470 0.17276
v 50.55655 2.61470 0.17276
v 50.20896 2.67542 0.18881
v 50.04603 2.67542 0.18881
v 49.88310 2.67542 0.18881
v 50.20896 2.61470 0.17276
v 50.04603 2.61470 0.17276
v 49.88310 2.61470 0.17276
v 49.53552 2.67542 0.18881
v 49.34011 2.67542 0.18881
v 49.16657 2.67542 0.18881
v 49.53552 2.61470 0.17276
v 49.34011 2.61470 0.17276
v 49.16657 2.61470 0.17276
v 48.36914 2.80081 0.18881
v 48.36914 2.92637 0.18881
v 48.36914 3.05570 0.18881
v 48.30815 2.80081 0.17276
v 48.30815 2.92637 0.17276
v 48.30815 3.05570 0.17276
v 48.36914 3.30644 0.18881
v 48.36914 3.47253 0.18881
v 48.36914 3.60376 0.18881
v 48.30815 3.30644 0.17276
v 48.30815 3.47253 0.17276
v 48.30815 3.60376 0.17276
v 48.36914 3.89260 0.18881
v 48.36914 4.01515 0.18881
v 48.36914 4.14645 0.18881
v 48.30815 3.89260 0.17276
v 48.30815 4.01515 0.17276
v 48.30815 4.14645 0.17276
v 48.36914 4.43531 0.18881
v 48.36914 4.56661 0.18881
v 48.36914 4.72416 0.18881
v 48.30815 4.43531 0.17276
v 48.30815 4.56661 0.17276
v 48.30815 4.72416 0.17276
v 48.36914 4.97801 0.18881
v 48.36914 5.14432 0.18881
v 48.36914 5.27562 0.18881
v 48.30815 4.97801 0.17276
v 48.30815 5.14432 0.17276
v 48.30815 5.27562 0.17276
v 48.36914 5.56446 0.18881
v 48.36914 5.69568 0.18881
v 48.36914 5.81806 0.18881
v 48.30815 5.56446 0.17276
v 48.30815 5.69568 0.17276
v 48.30815 5.81806 0.17276
v 53.15889 2.80081 -0.06427
v 53.15889 2.92637 -0.06427
v 53.15889 3.05570 -0.06427
v 53.15889 3.30644 -0.06427
v 53.15889 3.47253 -0.06427
v 53.15889 3.60376 -0.06427
v 53.15889 3.89260 -0.06427
v 53.15889 4.01515 -0.06427
v 53.15889 4.14645 -0.06427
v 53.15889 4.43531 -0.06427
v 53.15889 4.56661 -0.06427
v 53.15889 4.72416 -0.06427
v 53.15889 4.97801 -0.06427
v 53.15889 5.14432 -0.06427
v 53.15889 5.27562 -0.06427
v 53.15889 5.56446 -0.06427
v 53.15889 5.69568 -0.06427
v 53.15889 5.81806 -0.06427
v 53.10636 6.36206 0.18881
v 53.10636 6.23954 0.18881
v 53.10636 6.11179 0.18881
v 53.15044 6.36206 0.18881
v 53.15044 6.23954 0.18881
v 53.15044 6.11179 0.18881
v 53.17427 6.36206 0.17276
v 53.17427 6.23954 0.17276
v 53.17427 6.11179 0.17276
v 53.10636 5.81806 0.18881
v 53.10636 5.69568 0.18881
v 53.10636 5.56446 0.18881
v 53.15044 5.81806 0.18881
v 53.15044 5.69568 0.18881
v 53.15044 5.56446 0.18881
v 53.17427 5.81806 0.17276
v 53.17427 5.69568 0.17276
v 53.17427 5.56446 0.17276
v 53.10636 5.27562 0.18881
v 53.10636 5.14432 0.18881
v 53.10636 4.97801 0.18881
v 53.15044 5.27562 0.18881
v 53.15044 5.14432 0.18881
v 53.15044 4.97801 0.18881
v 53.17427 5.27562 0.17276
v 53.17427 5.14432 0.17276
v 53.17427 4.97801 0.17276
v 53.10636 4.72416 0.18881
v 53.10636 4.56661 0.18881
v 53.10636 4.43531 0.18881
v 53.15044 4.72416 0.18881
v 53.15044 4.56661 0.18881
v 53.15044 4.43531 0.18881
v 53.17427 4.72416 0.17276
v 53.17427 4.56661 0.17276
v 53.17427 4.43531 0.17276
v 53.10636 4.14645 0.18881
v 53.10636 4.01515 0.18881
v 53.10636 3.89260 0.18881
v 53.15044 4.14645 0.18881
v 53.15044 4.01515 0.18881
v 53.15044 3.89260 0.18881
v 53.17427 4.14645 0.17276
v 53.17427 4.01515 0.17276
v 53.17427 3.89260 0.17276
v 53.10636 3.60376 0.18881
v 53.10636 3.47253 0.18881
v 53.10636 3.30644 0.18881
v 53.15044 3.60376 0.18881
v 53.15044 3.47253 0.18881
v 53.15044 3.30644 0.18881
v 53.17427 3.60376 0.17276
v 53.17427 3.47253 0.17276
v 53.17427 3.30644 0.17276
v 48.30807 2.80081 0.08217
v 48.30807 2.92637 0.08217
v 48.30807 3.05570 0.08217
v 52.30706 5.85959 0.18881
v 52.47359 5.81600 0.18881
v 52.51340 5.69114 0.18881
v 52.51789 5.56324 0.18881
v 52.51775 5.39969 0.18881
v 52.51309 5.27185 0.18881
v 52.47917 5.14948 0.18881
v 51.80473 5.81609 0.18881
v 51.76183 5.69110 0.18881
v 51.76587 5.56544 0.18881
v 51.76379 5.40207 0.18881
v 51.76414 5.27398 0.18881
v 51.80497 5.15043 0.18881
v 52.30894 5.10601 0.18881
v 52.14189 5.10819 0.18881
v 51.97705 5.10836 0.18881
v 52.14158 5.85863 0.18881
v 51.97605 5.86024 0.18881
v 52.47909 4.97482 0.18881
v 52.47218 4.85331 0.18881
v 52.51499 4.73091 0.18881
v 52.51861 4.56167 0.18881
v 52.51962 4.43640 0.18881
v 52.51121 4.31170 0.18881
v 52.47439 4.18318 0.18881
v 51.80777 4.98075 0.18881
v 51.76519 4.85199 0.18881
v 51.76322 4.68702 0.18881
v 51.76577 4.56031 0.18881
v 51.76392 4.43493 0.18881
v 51.76104 4.30933 0.18881
v 51.79842 4.18820 0.18881
v 52.30852 4.14798 0.18881
v 52.14300 4.14474 0.18881
v 51.97139 4.14410 0.18881
v 52.30385 5.01781 0.18881
v 52.13812 5.01878 0.18881
v 51.97659 4.98427 0.18881
v 52.47830 4.01520 0.18881
v 52.47766 3.85051 0.18881
v 52.51624 3.72464 0.18881
v 52.51469 3.59660 0.18881
v 52.52024 3.47248 0.18881
v 52.51231 3.34749 0.18881
v 52.48235 3.17607 0.18881
v 51.79946 3.97579 0.18881
v 51.76503 3.84843 0.18881
v 51.76143 3.72409 0.18881
v 51.76809 3.59934 0.18881
v 51.76129 3.47171 0.18881
v 51.76263 3.30371 0.18881
v 51.80456 3.16953 0.18881
v 51.97091 3.18178 0.18881
v 52.14042 3.17922 0.18881
v 52.30581 3.18116 0.18881
v 52.30493 4.02118 0.18881
v 52.13614 4.02296 0.18881
v 51.97418 4.01866 0.18881
v 50.92538 5.85786 0.18881
v 50.76053 5.81597 0.18881
v 50.75713 5.69216 0.18881
v 50.71800 5.56644 0.18881
v 50.71612 5.39910 0.18881
v 51.09446 5.85950 0.18881
v 50.75217 5.15113 0.18881
v 51.42685 5.81969 0.18881
v 51.25947 5.86124 0.18881
v 51.47192 5.69145 0.18881
v 51.46126 5.56670 0.18881
v 51.46762 5.27590 0.18881
v 51.42282 5.14674 0.18881
v 50.92537 4.98180 0.18881
v 50.74953 4.97551 0.18881
v 50.75376 4.85367 0.18881
v 51.09526 5.01845 0.18881
v 50.71644 4.56101 0.18881
v 50.71912 4.43446 0.18881
v 50.76050 4.31009 0.18881
v 50.96597 4.14389 0.18881
v 50.75562 4.18723 0.18881
v 51.42692 4.97361 0.18881
v 51.26116 5.01796 0.18881
v 51.47026 4.72873 0.18881
v 51.46115 4.56166 0.18881
v 51.46286 4.43878 0.18881
v 51.43304 4.18944 0.18881
v 51.26311 4.14732 0.18881
v 50.76162 3.17158 0.18881
v 50.92215 3.18250 0.18881
v 51.25787 3.18010 0.18881
v 51.42393 3.18029 0.18881
v 51.58847 3.18032 0.18881
v 50.93255 4.01490 0.18881
v 50.75718 3.97760 0.18881
v 50.71686 3.85138 0.18881
v 50.71593 3.72235 0.18881
v 51.09212 4.02081 0.18881
v 50.71986 3.47131 0.18881
v 50.72144 3.30647 0.18881
v 51.59435 4.00952 0.18881
v 51.38851 4.01708 0.18881
v 51.25919 4.02205 0.18881
v 51.59202 3.84808 0.18881
v 51.59806 3.47101 0.18881
v 51.59700 3.34954 0.18881
v 52.46675 5.44168 0.18881
v 51.79760 5.44019 0.18881
v 52.35197 5.73908 0.18881
v 52.42581 5.65245 0.18881
v 52.46653 5.52882 0.18881
v 52.42522 5.31661 0.18881
v 52.35256 5.23209 0.18881
v 52.46330 4.48166 0.18881
v 52.30075 3.87919 0.18881
v 52.42445 3.39460 0.18881
v 51.92011 5.74676 0.18881
v 51.83945 5.65331 0.18881
v 51.79755 5.52835 0.18881
v 51.84045 5.31495 0.18881
v 51.92244 5.22210 0.18881
v 51.89926 3.83958 0.18881
v 51.81508 3.43491 0.18881
v 50.77071 5.43748 0.18881
v 50.77070 3.63794 0.18881
v 52.17850 3.23558 0.18881
v 50.76967 5.52626 0.18881
v 50.77107 4.51710 0.18881
v 51.13101 3.91952 0.18881
v 52.09874 3.92055 0.18881
v 52.26247 5.17603 0.18881
v 52.13946 5.14770 0.18881
v 52.00827 5.17274 0.18881
v 52.14297 5.82228 0.18881
v 52.01758 5.80761 0.18881
v 52.25533 5.80754 0.18881
v 50.76926 3.55743 0.18881
v 51.41615 3.71779 0.18881
v 52.38752 3.31051 0.18881
v 51.84690 4.31341 0.18881
v 51.93014 3.26807 0.18881
v 52.38089 4.80520 0.18881
v 52.34567 5.77452 0.18881
v 52.46307 5.56489 0.18881
v 52.34862 4.89406 0.18881
v 52.38922 4.27271 0.18881
v 52.34536 3.89245 0.18881
v 51.88761 5.77372 0.18881
v 51.80381 5.56938 0.18881
v 51.89561 5.23962 0.18881
v 51.89103 4.85306 0.18881
v 51.93930 4.27850 0.18881
v 51.85507 3.35258 0.18881
v 51.09233 4.93566 0.18881
v 51.05304 3.92718 0.18881
v 50.76812 5.40448 0.18881
v 50.80267 4.76977 0.18881
v 50.84712 4.31745 0.18881
v 50.89301 3.31356 0.18881
v 51.21744 3.22512 0.18881
v 51.30014 3.26621 0.18881
v 51.38298 3.30765 0.18881
v 52.06376 3.23324 0.18881
v 52.13755 3.23325 0.18881
v 50.97400 5.80677 0.18881
v 50.88557 5.77289 0.18881
v 50.88722 5.19428 0.18881
v 50.97618 4.88500 0.18881
v 50.89659 4.84127 0.18881
v 50.92719 3.88791 0.18881
v 50.84335 3.84911 0.18881
v 50.81124 3.75794 0.18881
v 51.34141 5.77235 0.18881
v 51.41804 5.64376 0.18881
v 51.41836 5.32374 0.18881
v 51.29923 4.89312 0.18881
v 51.34542 4.27285 0.18881
v 51.25647 4.23311 0.18881
v 51.33871 3.89238 0.18881
v 51.25782 3.93466 0.18881
v 51.37794 3.79818 0.18881
v 51.42710 3.80828 0.18881
v 51.46513 3.51514 0.18881
v 51.42482 3.39053 0.18881
v 51.41701 3.43917 0.18881
v 52.26077 4.23578 0.18881
v 52.22048 3.92741 0.18881
v 51.97246 3.93050 0.18881
v 52.26241 5.15490 0.18881
v 52.09654 4.93656 0.18881
v 51.97597 4.89466 0.18881
v 52.01705 4.88704 0.18881
v 52.02201 5.15919 0.18881
v 50.97451 5.16038 0.18881
v 50.76982 4.64023 0.18881
v 51.38401 4.81010 0.18881
v 51.42190 4.39803 0.18881
v 51.09322 3.22988 0.18881
v 51.46556 3.72399 0.18881
v 51.46549 3.59715 0.18881
v 50.37946 5.98607 0.18881
v 50.37776 5.82194 0.18881
v 50.37625 5.68770 0.18881
v 50.37949 5.56683 0.18881
v 50.38202 5.44152 0.18881
v 50.38101 5.31603 0.18881
v 50.37434 5.14961 0.18881
v 50.38002 5.02606 0.18881
v 50.34532 4.88412 0.18881
v 49.00465 5.94688 0.18881
v 48.99606 5.81529 0.18881
v 48.99923 5.69125 0.18881
v 49.00309 5.56622 0.18881
v 49.00098 5.40112 0.18881
v 49.00076 5.27746 0.18881
v 48.99716 5.14951 0.18881
v 48.99689 5.02322 0.18881
v 49.03692 4.85575 0.18881
v 49.20582 4.85348 0.18881
v 49.37658 4.85631 0.18881
v 49.54431 4.85675 0.18881
v 49.87849 4.85462 0.18881
v 50.00370 4.85536 0.18881
v 50.16962 4.85489 0.18881
v 49.03716 6.06826 0.18881
v 50.34174 6.11462 0.18881
v 49.33610 6.10822 0.18881
v 49.20676 6.11598 0.18881
v 50.17215 6.11244 0.18881
v 50.00103 6.15102 0.18881
v 49.83305 6.14942 0.18881
v 50.08513 5.94274 0.18881
v 50.25065 5.52656 0.18881
v 50.12673 5.10588 0.18881
v 49.12907 5.85875 0.18881
v 49.04643 5.40027 0.18881
v 49.24978 5.02513 0.18881
v 50.16996 5.85930 0.18881
v 50.20942 5.73205 0.18881
v 50.25409 5.39664 0.18881
v 50.20839 5.31751 0.18881
v 50.17032 5.19168 0.18881
v 49.04539 5.60887 0.18881
v 49.08658 5.27268 0.18881
v 49.12813 5.19384 0.18881
v 49.37390 4.93966 0.18881
v 49.58493 4.89964 0.18881
v 50.04468 5.02652 0.18881
v 49.16860 5.93969 0.18881
v 50.04580 6.02805 0.18881
v 49.91841 6.06559 0.18881
v 49.83381 6.10817 0.18881
v 50.34206 4.27430 0.18881
v 50.38508 4.14229 0.18881
v 50.38007 4.01662 0.18881
v 50.37513 3.89184 0.18881
v 50.38172 3.72562 0.18881
v 50.38046 3.59586 0.18881
v 50.38229 3.47130 0.18881
v 50.37147 3.34715 0.18881
v 50.37909 3.22239 0.18881
v 49.03427 4.26747 0.18881
v 48.99483 4.14626 0.18881
v 49.00422 4.01794 0.18881
v 49.00279 3.84967 0.18881
v 49.00170 3.72336 0.18881
v 49.00141 3.60157 0.18881
v 48.99791 3.47368 0.18881
v 49.00051 3.34609 0.18881
v 49.00147 3.18015 0.18881
v 49.21007 4.31348 0.18881
v 49.36983 4.30518 0.18881
v 49.50339 4.31189 0.18881
v 49.67244 4.30750 0.18881
v 49.83717 4.30783 0.18881
v 50.00375 4.30946 0.18881
v 50.17752 4.30964 0.18881
v 49.03454 3.05779 0.18881
v 50.34355 3.05245 0.18881
v 50.17130 3.05290 0.18881
v 50.00476 3.04901 0.18881
v 49.87660 3.01720 0.18881
v 49.54089 3.01319 0.18881
v 49.37522 3.01570 0.18881
v 49.20868 3.05390 0.18881
v 50.04327 4.14051 0.18881
v 50.25406 3.76463 0.18881
v 50.17126 3.34746 0.18881
v 49.04481 3.68185 0.18881
v 49.16889 3.26472 0.18881
v 50.12779 4.05855 0.18881
v 50.16642 3.97617 0.18881
v 50.21054 3.88822 0.18881
v 50.25533 3.64186 0.18881
v 50.25477 3.55544 0.18881
v 50.21358 3.43377 0.18881
v 49.12433 4.01810 0.18881
v 49.08247 3.93077 0.18881
v 49.29231 4.18239 0.18881
v 49.37840 4.22407 0.18881
v 49.96131 4.22401 0.18881
v 49.25367 3.17995 0.18881
v 50.12315 3.22255 0.18881
v 50.00019 3.18473 0.18881
v 49.46344 3.10048 0.18881
v 49.33361 3.13975 0.18881
v 52.46493 5.94368 0.18881
v 52.47126 5.90507 0.18881
v 52.47986 5.85631 0.18881
v 52.47520 5.77153 0.18881
v 52.47690 5.73228 0.18881
v 52.51534 5.64873 0.18881
v 52.51682 5.60608 0.18881
v 52.51842 5.52885 0.18881
v 52.51864 5.48576 0.18881
v 52.51844 5.44267 0.18881
v 52.51664 5.35687 0.18881
v 52.51506 5.31426 0.18881
v 52.47997 5.23418 0.18881
v 52.46994 5.19281 0.18881
v 52.47985 5.11477 0.18881
v 52.47466 5.06489 0.18881
v 52.48169 5.01718 0.18881
v 52.46809 4.93082 0.18881
v 52.47835 4.89439 0.18881
v 52.47656 4.81172 0.18881
v 52.51399 4.80966 0.18881
v 52.51317 4.77292 0.18881
v 52.51647 4.68883 0.18881
v 52.51755 4.64665 0.18881
v 52.51827 4.60431 0.18881
v 52.51861 4.51881 0.18881
v 52.51649 4.47831 0.18881
v 52.51453 4.39591 0.18881
v 52.51706 4.35414 0.18881
v 52.47576 4.26735 0.18881
v 52.47975 4.22827 0.18881
v 52.48019 4.13780 0.18881
v 52.47512 4.09490 0.18881
v 52.48024 4.05320 0.18881
v 52.48025 3.97669 0.18881
v 52.46944 3.93712 0.18881
v 52.47670 3.89181 0.18881
v 52.51263 3.80868 0.18881
v 52.51460 3.76671 0.18881
v 52.51748 3.68247 0.18881
v 52.51837 3.64017 0.18881
v 52.51328 3.55576 0.18881
v 52.51279 3.51642 0.18881
v 52.51536 3.43177 0.18881
v 52.51791 3.39011 0.18881
v 52.51720 3.30717 0.18881
v 52.47323 3.30547 0.18881
v 52.47709 3.26660 0.18881
v 52.47147 3.22621 0.18881
v 51.79722 5.94368 0.18881
v 51.79436 5.90161 0.18881
v 51.80118 5.86044 0.18881
v 51.76606 5.77440 0.18881
v 51.76392 5.72936 0.18881
v 51.76517 5.64825 0.18881
v 51.76164 5.60768 0.18881
v 51.76501 5.52783 0.18881
v 51.76457 5.48552 0.18881
v 51.76505 5.44320 0.18881
v 51.76423 5.35855 0.18881
v 51.76336 5.31780 0.18881
v 51.76375 5.23369 0.18881
v 51.76788 5.18808 0.18881
v 51.80136 5.11045 0.18881
v 51.79778 5.06424 0.18881
v 51.80085 5.01520 0.18881
v 51.80399 4.93979 0.18881
v 51.76743 4.93258 0.18881
v 51.75940 4.89359 0.18881
v 51.76434 4.81331 0.18881
v 51.76105 4.77036 0.18881
v 51.76442 4.73063 0.18881
v 51.76531 4.64588 0.18881
v 51.76440 4.60358 0.18881
v 51.76469 4.51931 0.18881
v 51.76523 4.47838 0.18881
v 51.76246 4.39259 0.18881
v 51.76554 4.35148 0.18881
v 51.76454 4.26811 0.18881
v 51.76999 4.22666 0.18881
v 51.80111 4.13509 0.18881
v 51.80157 4.09932 0.18881
v 51.79873 4.05513 0.18881
v 51.80817 4.01698 0.18881
v 51.76722 3.96827 0.18881
v 51.76376 3.93400 0.18881
v 51.76451 3.89033 0.18881
v 51.76149 3.80562 0.18881
v 51.76471 3.76574 0.18881
v 51.76652 3.68264 0.18881
v 51.76313 3.64172 0.18881
v 51.76471 3.55681 0.18881
v 51.76601 3.51518 0.18881
v 51.76673 3.43390 0.18881
v 51.76368 3.38682 0.18881
v 51.76708 3.34579 0.18881
v 51.76706 3.26252 0.18881
v 51.76879 3.23110 0.18881
v 51.80461 3.21533 0.18881
v 51.08678 5.93735 0.18881
v 51.08879 5.90072 0.18881
v 51.09785 5.06355 0.18881
v 51.09138 4.09989 0.18881
v 51.09327 4.06028 0.18881
v 50.38273 5.94528 0.18881
v 50.38578 5.90418 0.18881
v 50.37463 5.86307 0.18881
v 50.38118 5.77234 0.18881
v 50.38372 5.73083 0.18881
v 50.37589 5.65003 0.18881
v 50.37786 5.60848 0.18881
v 50.38070 5.52509 0.18881
v 50.37943 5.47914 0.18881
v 50.38206 5.39967 0.18881
v 50.38174 5.35783 0.18881
v 50.37992 5.27428 0.18881
v 50.37843 5.23262 0.18881
v 50.37658 5.19105 0.18881
v 50.38504 5.10917 0.18881
v 50.38267 5.06755 0.18881
v 50.37660 4.98408 0.18881
v 50.38120 4.93819 0.18881
v 50.38751 4.90748 0.18881
v 50.39057 4.85995 0.18881
v 50.37734 4.81568 0.18881
v 50.38080 4.76936 0.18881
v 50.38276 4.68915 0.18881
v 50.38276 4.64539 0.18881
v 50.38276 4.60162 0.18881
v 50.38276 4.52284 0.18881
v 50.38276 4.47907 0.18881
v 50.38143 4.39124 0.18881
v 50.37554 4.35486 0.18881
v 50.38108 4.31230 0.18881
v 50.33598 4.22674 0.18881
v 50.38581 4.22783 0.18881
v 50.37824 4.18799 0.18881
v 50.38314 4.10307 0.18881
v 50.37709 4.05785 0.18881
v 50.38276 3.97521 0.18881
v 50.37699 3.93057 0.18881
v 50.37735 3.85045 0.18881
v 50.37917 3.80892 0.18881
v 50.38065 3.76731 0.18881
v 50.38244 3.68388 0.18881
v 50.38274 3.64211 0.18881
v 50.38434 3.55474 0.18881
v 50.37902 3.51258 0.18881
v 50.37601 3.42962 0.18881
v 50.37879 3.38824 0.18881
v 50.38437 3.30486 0.18881
v 50.38188 3.26350 0.18881
v 49.71011 4.81585 0.18881
v 49.70942 4.76727 0.18881
v 49.70930 4.68915 0.18881
v 49.70930 4.64539 0.18881
v 49.70930 4.60162 0.18881
v 49.70930 4.52284 0.18881
v 49.70930 4.47907 0.18881
v 49.70878 4.39216 0.18881
v 49.70529 4.35255 0.18881
v 49.00315 5.90166 0.18881
v 49.00172 5.85644 0.18881
v 49.00488 5.77658 0.18881
v 49.00071 5.73238 0.18881
v 48.99797 5.64977 0.18881
v 49.00236 5.60755 0.18881
v 49.00309 5.52321 0.18881
v 48.99813 5.48395 0.18881
v 48.99934 5.44250 0.18881
v 49.00311 5.35986 0.18881
v 49.00254 5.32039 0.18881
v 49.00580 5.23151 0.18881
v 48.99766 5.18939 0.18881
v 48.99112 5.10603 0.18881
v 48.99854 5.06381 0.18881
v 49.00534 4.98167 0.18881
v 49.00001 4.94225 0.18881
v 49.04431 4.93965 0.18881
v 49.02809 4.90488 0.18881
v 49.00173 4.81554 0.18881
v 48.99516 4.76864 0.18881
v 48.99360 4.68915 0.18881
v 48.99360 4.64539 0.18881
v 48.99360 4.60162 0.18881
v 48.99360 4.52284 0.18881
v 48.99360 4.47907 0.18881
v 48.99420 4.39107 0.18881
v 48.99681 4.35398 0.18881
v 49.00323 4.31327 0.18881
v 48.99820 4.22339 0.18881
v 48.99575 4.18402 0.18881
v 48.99331 4.10165 0.18881
v 49.00098 4.06444 0.18881
v 49.00302 3.97280 0.18881
v 48.99744 3.93114 0.18881
v 49.00215 3.88926 0.18881
v 49.00310 3.80592 0.18881
v 48.99848 3.76412 0.18881
v 49.00001 3.68438 0.18881
v 49.00049 3.64296 0.18881
v 49.00281 3.56026 0.18881
v 49.00488 3.51552 0.18881
v 49.00363 3.43111 0.18881
v 49.00272 3.39100 0.18881
v 48.98865 3.30442 0.18881
v 48.99547 3.26220 0.18881
v 48.99374 3.22150 0.18881
v 49.08130 4.85395 0.18881
v 49.12563 4.84920 0.18881
v 49.16826 4.85191 0.18881
v 49.24920 4.85370 0.18881
v 49.29143 4.85737 0.18881
v 49.33118 4.85565 0.18881
v 49.41943 4.86133 0.18881
v 49.46228 4.85811 0.18881
v 49.50166 4.85727 0.18881
v 49.58715 4.85648 0.18881
v 49.62939 4.85835 0.18881
v 49.67247 4.85715 0.18881
v 49.08572 4.27184 0.18881
v 49.12143 4.27453 0.18881
v 49.12967 4.31330 0.18881
v 49.16920 4.31160 0.18881
v 49.24645 4.30673 0.18881
v 49.28697 4.30865 0.18881
v 49.32760 4.31042 0.18881
v 49.41002 4.30698 0.18881
v 49.45461 4.30702 0.18881
v 49.55023 4.30656 0.18881
v 49.59021 4.30765 0.18881
v 49.63023 4.30847 0.18881
v 49.75131 4.85904 0.18881
v 49.79064 4.86044 0.18881
v 49.82864 4.85925 0.18881
v 49.91991 4.85126 0.18881
v 49.96012 4.85313 0.18881
v 50.04551 4.85393 0.18881
v 50.08876 4.85047 0.18881
v 50.12924 4.85261 0.18881
v 50.20994 4.85734 0.18881
v 50.25076 4.86015 0.18881
v 50.28843 4.85894 0.18881
v 50.29964 4.89784 0.18881
v 49.71507 4.30935 0.18881
v 49.75505 4.30934 0.18881
v 49.79500 4.30906 0.18881
v 49.88179 4.30579 0.18881
v 49.92233 4.30873 0.18881
v 49.96344 4.31074 0.18881
v 50.04399 4.30799 0.18881
v 50.08417 4.30631 0.18881
v 50.12767 4.30680 0.18881
v 50.21840 4.30760 0.18881
v 50.26091 4.30991 0.18881
v 50.29881 4.31420 0.18881
v 50.42444 5.98917 0.18881
v 50.46432 5.98239 0.18881
v 50.51226 5.98342 0.18881
v 50.58979 5.98366 0.18881
v 50.62272 5.98366 0.18881
v 50.66668 5.98366 0.18881
v 50.71061 5.98366 0.18881
v 50.79812 5.98366 0.18881
v 50.84168 5.98366 0.18881
v 50.88517 5.98366 0.18881
v 50.97207 5.98366 0.18881
v 51.01552 5.98366 0.18881
v 51.05897 5.98366 0.18881
v 50.42804 5.44054 0.18881
v 50.46760 5.44073 0.18881
v 50.47205 5.39849 0.18881
v 50.51418 5.39891 0.18881
v 50.54790 5.39821 0.18881
v 50.62798 5.39821 0.18881
v 50.67111 5.39841 0.18881
v 50.42746 4.85659 0.18881
v 50.46590 4.85099 0.18881
v 50.51351 4.85634 0.18881
v 50.54803 4.85551 0.18881
v 50.62876 4.85480 0.18881
v 50.67104 4.85557 0.18881
v 50.71338 4.85335 0.18881
v 50.39137 4.27579 0.18881
v 50.42290 4.27095 0.18881
v 50.46526 4.31083 0.18881
v 50.51342 4.31240 0.18881
v 50.54802 4.31274 0.18881
v 50.62891 4.31297 0.18881
v 50.67392 4.31387 0.18881
v 50.71583 4.30760 0.18881
v 50.42351 3.72480 0.18881
v 50.46947 3.72747 0.18881
v 50.51307 3.72651 0.18881
v 50.59980 3.72617 0.18881
v 50.64139 3.72501 0.18881
v 50.67916 3.72146 0.18881
v 50.41445 3.17961 0.18881
v 50.46675 3.18133 0.18881
v 50.51034 3.18036 0.18881
v 50.60008 3.18451 0.18881
v 50.63304 3.18500 0.18881
v 50.66680 3.17761 0.18881
v 50.71181 3.17739 0.18881
v 50.80123 3.18162 0.18881
v 50.84267 3.17987 0.18881
v 50.88058 3.18364 0.18881
v 50.96367 3.17851 0.18881
v 51.00706 3.18073 0.18881
v 51.05200 3.18159 0.18881
v 51.12794 5.98077 0.18881
v 51.16759 5.98366 0.18881
v 51.21104 5.98366 0.18881
v 51.29793 5.98366 0.18881
v 51.34134 5.98366 0.18881
v 51.38468 5.98366 0.18881
v 51.47097 5.98366 0.18881
v 51.51394 5.98366 0.18881
v 51.55688 5.98366 0.18881
v 51.64303 5.98366 0.18881
v 51.68631 5.98366 0.18881
v 51.72969 5.98366 0.18881
v 51.76226 5.98366 0.18881
v 51.50514 5.39926 0.18881
v 51.55480 5.39832 0.18881
v 51.64435 5.39818 0.18881
v 51.68452 5.39834 0.18881
v 51.72112 5.39882 0.18881
v 51.51013 4.85548 0.18881
v 51.55453 4.85477 0.18881
v 51.64454 4.85529 0.18881
v 51.68514 4.85375 0.18881
v 51.72344 4.85761 0.18881
v 51.51085 4.30911 0.18881
v 51.55732 4.31143 0.18881
v 51.64458 4.31281 0.18881
v 51.68553 4.31328 0.18881
v 51.72297 4.31119 0.18881
v 51.64141 3.72377 0.18881
v 51.68347 3.72428 0.18881
v 51.72071 3.72165 0.18881
v 51.13750 3.18087 0.18881
v 51.17559 3.18142 0.18881
v 51.21361 3.18245 0.18881
v 51.30280 3.18042 0.18881
v 51.34429 3.18277 0.18881
v 51.38168 3.18215 0.18881
v 51.46849 3.18224 0.18881
v 51.50781 3.17421 0.18881
v 51.55066 3.17449 0.18881
v 51.63274 3.17437 0.18881
v 51.68378 3.17912 0.18881
v 51.72003 3.17844 0.18881
v 51.75661 3.18039 0.18881
v 51.83830 5.98366 0.18881
v 51.88174 5.98366 0.18881
v 51.92518 5.98366 0.18881
v 52.01205 5.98366 0.18881
v 52.05548 5.98366 0.18881
v 52.09890 5.98366 0.18881
v 52.18572 5.98366 0.18881
v 52.22911 5.98366 0.18881
v 52.27249 5.98366 0.18881
v 52.34837 5.98366 0.18881
v 52.38086 5.98366 0.18881
v 52.42412 5.98366 0.18881
v 51.84548 3.18320 0.18881
v 51.88838 3.17999 0.18881
v 51.92924 3.18034 0.18881
v 52.01448 3.17989 0.18881
v 52.05794 3.17895 0.18881
v 52.09678 3.17867 0.18881
v 52.18583 3.18212 0.18881
v 52.22738 3.18227 0.18881
v 52.26683 3.17867 0.18881
v 52.34457 3.18446 0.18881
v 52.38660 3.18178 0.18881
v 52.43001 3.17621 0.18881
v 48.35334 2.71624 -0.06427
v 48.35334 6.44684 -0.06427
v 48.35334 3.18442 -0.06427
v 48.31346 2.76027 -0.05747
v 48.31346 2.83961 -0.05747
v 48.31346 2.88162 -0.05747
v 48.31346 2.97341 -0.05747
v 48.31346 3.01401 -0.05747
v 48.31346 3.09810 -0.05747
v 48.31346 3.14110 -0.05747
v 48.30807 2.76027 -0.00187
v 48.30807 2.83961 -0.00187
v 48.30807 2.88162 -0.00187
v 48.30807 2.97341 -0.00187
v 48.30807 3.01401 -0.00187
v 48.30807 3.09810 -0.00187
v 48.30807 3.14110 -0.00187
v 48.41363 2.61463 0.03952
v 48.31442 2.62147 0.03952
v 48.30807 2.71624 0.03952
v 48.41363 6.02686 0.18881
v 48.41363 6.06967 0.18881
v 48.41363 6.15310 0.18881
v 48.41363 6.19321 0.18881
v 48.41363 6.28343 0.18881
v 48.41363 6.32442 0.18881
v 48.41363 6.40109 0.18881
v 48.31723 6.40109 0.18857
v 48.31723 6.32442 0.18857
v 48.31723 6.28343 0.18857
v 48.31723 6.19321 0.18857
v 48.31723 6.15310 0.18857
v 48.31723 6.06967 0.18857
v 48.31723 6.02686 0.18857
v 48.30807 6.40109 0.12641
v 48.30807 6.32442 0.12641
v 48.30807 6.28343 0.12641
v 48.30807 6.19321 0.12641
v 48.30807 6.15310 0.12641
v 48.30807 6.06967 0.12641
v 48.30807 6.02686 0.12641
v 48.41363 6.53609 0.03952
v 48.31504 6.53195 0.03952
v 48.30807 6.44685 0.03952
v 48.45669 6.53276 -0.05720
v 48.49544 6.53276 -0.05720
v 48.57885 6.53276 -0.05720
v 48.62160 6.53276 -0.05720
v 48.70440 6.53276 -0.05720
v 48.74334 6.53276 -0.05720
v 48.78333 6.53276 -0.05720
v 48.86584 6.53276 -0.05720
v 48.90803 6.53276 -0.05720
v 48.95067 6.53276 -0.05720
v 48.45669 6.53609 -0.00187
v 48.49544 6.53609 -0.00187
v 48.57885 6.53609 -0.00187
v 48.62160 6.53609 -0.00187
v 48.70440 6.53609 -0.00187
v 48.74334 6.53609 -0.00187
v 48.78333 6.53609 -0.00187
v 48.86584 6.53609 -0.00187
v 48.90803 6.53609 -0.00187
v 48.95067 6.53609 -0.00187
v 52.51032 6.44684 0.18881
v 52.55313 6.44684 0.18881
v 52.59556 6.44684 0.18881
v 52.67875 6.44684 0.18881
v 52.71921 6.44684 0.18881
v 52.76834 6.44684 0.18881
v 52.85206 6.44684 0.18881
v 52.89517 6.44684 0.18881
v 52.97296 6.44684 0.18881
v 53.01946 6.44684 0.18881
v 53.01946 6.53029 0.18855
v 52.97296 6.53029 0.18855
v 52.89517 6.53029 0.18855
v 52.85206 6.53029 0.18855
v 52.76834 6.53029 0.18855
v 52.71921 6.53029 0.18855
v 52.67875 6.53029 0.18855
v 52.59556 6.53029 0.18855
v 52.55313 6.53029 0.18855
v 52.51032 6.53029 0.18855
v 53.01946 6.53609 0.12641
v 52.97296 6.53609 0.12641
v 52.89517 6.53609 0.12641
v 52.85206 6.53609 0.12641
v 52.76834 6.53609 0.12641
v 52.71921 6.53609 0.12641
v 52.67875 6.53609 0.12641
v 52.59556 6.53609 0.12641
v 52.55313 6.53609 0.12641
v 52.51032 6.53609 0.12641
v 53.17436 6.44684 0.03952
v 53.17289 6.53048 0.03952
v 53.06411 6.53609 0.03952
v 53.17331 6.40109 -0.05569
v 53.17331 6.32442 -0.05569
v 53.17331 6.28343 -0.05569
v 53.17331 6.19321 -0.05569
v 53.17331 6.15310 -0.05569
v 53.17331 6.06967 -0.05569
v 53.17331 6.02686 -0.05569
v 53.17436 6.40109 -0.00187
v 53.17436 6.32442 -0.00187
v 53.17436 6.28343 -0.00187
v 53.17436 6.19321 -0.00187
v 53.17436 6.15310 -0.00187
v 53.17436 6.06967 -0.00187
v 53.17436 6.02686 -0.00187
v 53.06411 3.14110 0.18881
v 53.06411 3.09810 0.18881
v 53.06411 3.01401 0.18881
v 53.06411 2.97341 0.18881
v 53.06411 2.88162 0.18881
v 53.06411 2.83961 0.18881
v 53.06411 2.76027 0.18881
v 53.17224 2.76027 0.18843
v 53.17224 2.83961 0.18843
v 53.17224 2.88162 0.18843
v 53.17224 2.97341 0.18843
v 53.17224 3.01401 0.18843
v 53.17224 3.09810 0.18843
v 53.17224 3.14110 0.18843
v 53.17436 2.76027 0.12641
v 53.17436 2.83961 0.12641
v 53.17436 2.88162 0.12641
v 53.17436 2.97341 0.12641
v 53.17436 3.01401 0.12641
v 53.17436 3.09810 0.12641
v 53.17436 3.14110 0.12641
v 53.06411 2.61463 0.03952
v 53.17306 2.62365 0.03952
v 53.17436 2.71624 0.03952
v 53.01946 2.61844 -0.05734
v 52.97296 2.61844 -0.05734
v 52.89517 2.61844 -0.05734
v 52.85206 2.61844 -0.05734
v 52.76834 2.61844 -0.05734
v 52.71921 2.61844 -0.05734
v 52.67875 2.61844 -0.05734
v 52.59556 2.61844 -0.05734
v 52.55313 2.61844 -0.05734
v 52.51032 2.61844 -0.05734
v 53.01946 2.61463 -0.00187
v 52.97296 2.61463 -0.00187
v 52.89517 2.61463 -0.00187
v 52.85206 2.61463 -0.00187
v 52.76834 2.61463 -0.00187
v 52.71921 2.61463 -0.00187
v 52.67875 2.61463 -0.00187
v 52.59556 2.61463 -0.00187
v 52.55313 2.61463 -0.00187
v 52.51032 2.61463 -0.00187
v 48.95066 2.71624 0.18881
v 48.90803 2.71624 0.18881
v 48.86584 2.71624 0.18881
v 48.78333 2.71624 0.18881
v 48.74334 2.71624 0.18881
v 48.70440 2.71624 0.18881
v 48.62160 2.71624 0.18881
v 48.57885 2.71624 0.18881
v 48.49544 2.71624 0.18881
v 48.45669 2.71624 0.18881
v 48.45669 2.62391 0.18858
v 48.49544 2.62391 0.18858
v 48.57885 2.62391 0.18858
v 48.62160 2.62391 0.18858
v 48.70440 2.62391 0.18858
v 48.74334 2.62391 0.18858
v 48.78333 2.62391 0.18858
v 48.86584 2.62391 0.18858
v 48.90803 2.62391 0.18858
v 48.95066 2.62391 0.18858
v 48.45669 2.61463 0.12641
v 48.49544 2.61463 0.12641
v 48.57885 2.61463 0.12641
v 48.62160 2.61463 0.12641
v 48.70440 2.61463 0.12641
v 48.74334 2.61463 0.12641
v 48.78333 2.61463 0.12641
v 48.86584 2.61463 0.12641
v 48.90803 2.61463 0.12641
v 48.95066 2.61463 0.12641
v 52.51032 6.53276 -0.05720
v 52.55313 6.53276 -0.05720
v 52.59556 6.53276 -0.05720
v 52.67875 6.53276 -0.05720
v 52.71921 6.53276 -0.05720
v 52.76834 6.53276 -0.05720
v 52.85206 6.53276 -0.05720
v 52.89517 6.53276 -0.05720
v 52.97296 6.53276 -0.05720
v 53.01946 6.53276 -0.05720
v 52.51032 6.53609 -0.00187
v 52.55313 6.53609 -0.00187
v 52.59556 6.53609 -0.00187
v 52.67875 6.53609 -0.00187
v 52.71921 6.53609 -0.00187
v 52.76834 6.53609 -0.00187
v 52.85206 6.53609 -0.00187
v 52.89517 6.53609 -0.00187
v 52.97296 6.53609 -0.00187
v 53.01946 6.53609 -0.00187
v 51.83830 6.53276 -0.05720
v 51.88174 6.53276 -0.05720
v 51.92518 6.53276 -0.05720
v 52.01205 6.53276 -0.05720
v 52.05548 6.53276 -0.05720
v 52.09890 6.53276 -0.05720
v 52.18572 6.53276 -0.05720
v 52.22911 6.53276 -0.05720
v 52.27249 6.53276 -0.05720
v 52.34837 6.53276 -0.05720
v 52.38086 6.53276 -0.05720
v 52.42412 6.53276 -0.05720
v 51.83830 6.53609 -0.00187
v 51.88174 6.53609 -0.00187
v 51.92518 6.53609 -0.00187
v 52.01205 6.53609 -0.00187
v 52.05548 6.53609 -0.00187
v 52.09890 6.53609 -0.00187
v 52.18572 6.53609 -0.00187
v 52.22911 6.53609 -0.00187
v 52.27249 6.53609 -0.00187
v 52.34837 6.53609 -0.00187
v 52.38086 6.53609 -0.00187
v 52.42412 6.53609 -0.00187
v 51.14312 6.53276 -0.05720
v 51.18657 6.53276 -0.05720
v 51.21915 6.53276 -0.05720
v 51.29519 6.53276 -0.05720
v 51.33864 6.53276 -0.05720
v 51.38209 6.53276 -0.05720
v 51.46898 6.53276 -0.05720
v 51.51243 6.53276 -0.05720
v 51.55588 6.53276 -0.05720
v 51.64278 6.53276 -0.05720
v 51.68623 6.53276 -0.05720
v 51.72968 6.53276 -0.05720
v 51.76226 6.53276 -0.05720
v 51.14312 6.53609 -0.00187
v 51.18657 6.53609 -0.00187
v 51.21915 6.53609 -0.00187
v 51.29519 6.53609 -0.00187
v 51.33864 6.53609 -0.00187
v 51.38209 6.53609 -0.00187
v 51.46898 6.53609 -0.00187
v 51.51243 6.53609 -0.00187
v 51.55588 6.53609 -0.00187
v 51.64278 6.53609 -0.00187
v 51.68623 6.53609 -0.00187
v 51.72968 6.53609 -0.00187
v 51.76226 6.53609 -0.00187
v 50.42621 6.53276 -0.05720
v 50.46966 6.53276 -0.05720
v 50.51311 6.53276 -0.05720
v 50.60000 6.53276 -0.05720
v 50.63259 6.53276 -0.05720
v 50.66518 6.53276 -0.05720
v 50.70863 6.53276 -0.05720
v 50.79553 6.53276 -0.05720
v 50.83897 6.53276 -0.05720
v 50.88242 6.53276 -0.05720
v 50.96932 6.53276 -0.05720
v 51.01277 6.53276 -0.05720
v 51.05622 6.53276 -0.05720
v 50.42621 6.53609 -0.00187
v 50.46966 6.53609 -0.00187
v 50.51311 6.53609 -0.00187
v 50.60000 6.53609 -0.00187
v 50.63259 6.53609 -0.00187
v 50.66518 6.53609 -0.00187
v 50.70863 6.53609 -0.00187
v 50.79553 6.53609 -0.00187
v 50.83897 6.53609 -0.00187
v 50.88242 6.53609 -0.00187
v 50.96932 6.53609 -0.00187
v 51.01277 6.53609 -0.00187
v 51.05622 6.53609 -0.00187
v 49.75275 6.53276 -0.05720
v 49.79620 6.53276 -0.05720
v 49.83965 6.53276 -0.05720
v 49.92655 6.53276 -0.05720
v 49.96999 6.53276 -0.05720
v 50.01344 6.53276 -0.05720
v 50.07862 6.53276 -0.05720
v 50.12206 6.53276 -0.05720
v 50.16551 6.53276 -0.05720
v 50.25241 6.53276 -0.05720
v 50.29586 6.53276 -0.05720
v 50.33931 6.53276 -0.05720
v 49.75275 6.53609 -0.00187
v 49.79620 6.53609 -0.00187
v 49.83965 6.53609 -0.00187
v 49.92655 6.53609 -0.00187
v 49.96999 6.53609 -0.00187
v 50.01344 6.53609 -0.00187
v 50.07862 6.53609 -0.00187
v 50.12206 6.53609 -0.00187
v 50.16551 6.53609 -0.00187
v 50.25241 6.53609 -0.00187
v 50.29586 6.53609 -0.00187
v 50.33931 6.53609 -0.00187
v 49.03671 6.53276 -0.05720
v 49.07993 6.53276 -0.05720
v 49.12322 6.53276 -0.05720
v 49.20994 6.53276 -0.05720
v 49.25332 6.53276 -0.05720
v 49.29671 6.53276 -0.05720
v 49.38352 6.53276 -0.05720
v 49.42694 6.53276 -0.05720
v 49.45952 6.53276 -0.05720
v 49.49209 6.53276 -0.05720
v 49.57896 6.53276 -0.05720
v 49.62241 6.53276 -0.05720
v 49.66585 6.53276 -0.05720
v 49.03671 6.53609 -0.00187
v 49.07993 6.53609 -0.00187
v 49.12322 6.53609 -0.00187
v 49.20994 6.53609 -0.00187
v 49.25332 6.53609 -0.00187
v 49.29671 6.53609 -0.00187
v 49.38352 6.53609 -0.00187
v 49.42694 6.53609 -0.00187
v 49.45952 6.53609 -0.00187
v 49.49209 6.53609 -0.00187
v 49.57896 6.53609 -0.00187
v 49.62241 6.53609 -0.00187
v 49.66585 6.53609 -0.00187
v 48.45669 6.44684 0.18881
v 48.49544 6.44684 0.18881
v 48.57885 6.44684 0.18881
v 48.62160 6.44684 0.18881
v 48.70440 6.44684 0.18881
v 48.74334 6.44684 0.18881
v 48.78333 6.44684 0.18881
v 48.86584 6.44684 0.18881
v 48.90803 6.44684 0.18881
v 48.95067 6.44684 0.18881
v 48.95067 6.53029 0.18855
v 48.90803 6.53029 0.18855
v 48.86584 6.53029 0.18855
v 48.78333 6.53029 0.18855
v 48.74334 6.53029 0.18855
v 48.70440 6.53029 0.18855
v 48.62160 6.53029 0.18855
v 48.57885 6.53029 0.18855
v 48.49544 6.53029 0.18855
v 48.45669 6.53029 0.18855
v 48.95067 6.53609 0.12641
v 48.90803 6.53609 0.12641
v 48.86584 6.53609 0.12641
v 48.78333 6.53609 0.12641
v 48.74334 6.53609 0.12641
v 48.70440 6.53609 0.12641
v 48.62160 6.53609 0.12641
v 48.57885 6.53609 0.12641
v 48.49544 6.53609 0.12641
v 48.45669 6.53609 0.12641
v 49.03671 6.44684 0.18881
v 49.07993 6.44684 0.18881
v 49.12322 6.44684 0.18881
v 49.20994 6.44684 0.18881
v 49.25332 6.44684 0.18881
v 49.29671 6.44684 0.18881
v 49.38352 6.44684 0.18881
v 49.42694 6.44684 0.18881
v 49.45952 6.44685 0.18881
v 49.49209 6.44684 0.18881
v 49.57896 6.44684 0.18881
v 49.62241 6.44684 0.18881
v 49.66585 6.44684 0.18881
v 49.66585 6.53029 0.18855
v 49.62241 6.53029 0.18855
v 49.57896 6.53029 0.18855
v 49.49209 6.53029 0.18855
v 49.45952 6.53029 0.18855
v 49.42694 6.53029 0.18855
v 49.38352 6.53029 0.18855
v 49.29671 6.53029 0.18855
v 49.25332 6.53029 0.18855
v 49.20994 6.53029 0.18855
v 49.12322 6.53029 0.18855
v 49.07993 6.53029 0.18855
v 49.03671 6.53029 0.18855
v 49.66585 6.53609 0.12641
v 49.62241 6.53609 0.12641
v 49.57896 6.53609 0.12641
v 49.49209 6.53609 0.12641
v 49.45952 6.53609 0.12641
v 49.42694 6.53609 0.12641
v 49.38352 6.53609 0.12641
v 49.29671 6.53609 0.12641
v 49.25332 6.53609 0.12641
v 49.20994 6.53609 0.12641
v 49.12322 6.53609 0.12641
v 49.07993 6.53609 0.12641
v 49.03671 6.53609 0.12641
v 49.75275 6.44684 0.18881
v 49.79620 6.44684 0.18881
v 49.83965 6.44684 0.18881
v 49.92655 6.44684 0.18881
v 49.96999 6.44684 0.18881
v 50.01344 6.44684 0.18881
v 50.07862 6.44684 0.18881
v 50.12206 6.44684 0.18881
v 50.16551 6.44684 0.18881
v 50.25241 6.44684 0.18881
v 50.29586 6.44684 0.18881
v 50.33931 6.44684 0.18881
v 50.33931 6.53029 0.18855
v 50.29586 6.53029 0.18855
v 50.25241 6.53029 0.18855
v 50.16551 6.53029 0.18855
v 50.12206 6.53029 0.18855
v 50.07862 6.53029 0.18855
v 50.01344 6.53029 0.18855
v 49.96999 6.53029 0.18855
v 49.92655 6.53029 0.18855
v 49.83965 6.53029 0.18855
v 49.79620 6.53029 0.18855
v 49.75275 6.53029 0.18855
v 50.33931 6.53609 0.12641
v 50.29586 6.53609 0.12641
v 50.25241 6.53609 0.12641
v 50.16551 6.53609 0.12641
v 50.12206 6.53609 0.12641
v 50.07862 6.53609 0.12641
v 50.01344 6.53609 0.12641
v 49.96999 6.53609 0.12641
v 49.92655 6.53609 0.12641
v 49.83965 6.53609 0.12641
v 49.79620 6.53609 0.12641
v 49.75275 6.53609 0.12641
v 50.42621 6.44684 0.18881
v 50.46966 6.44684 0.18881
v 50.51311 6.44684 0.18881
v 50.60000 6.44684 0.18881
v 50.63259 6.44685 0.18881
v 50.66518 6.44684 0.18881
v 50.70863 6.44684 0.18881
v 50.79553 6.44684 0.18881
v 50.83897 6.44684 0.18881
v 50.88242 6.44684 0.18881
v 50.96932 6.44684 0.18881
v 51.01277 6.44684 0.18881
v 51.05622 6.44684 0.18881
v 51.05622 6.53029 0.18855
v 51.01277 6.53029 0.18855
v 50.96932 6.53029 0.18855
v 50.88242 6.53029 0.18855
v 50.83897 6.53029 0.18855
v 50.79553 6.53029 0.18855
v 50.70863 6.53029 0.18855
v 50.66518 6.53029 0.18855
v 50.63259 6.53029 0.18855
v 50.60000 6.53029 0.18855
v 50.51311 6.53029 0.18855
v 50.46966 6.53029 0.18855
v 50.42621 6.53029 0.18855
v 51.05622 6.53609 0.12641
v 51.01277 6.53609 0.12641
v 50.96932 6.53609 0.12641
v 50.88242 6.53609 0.12641
v 50.83897 6.53609 0.12641
v 50.79553 6.53609 0.12641
v 50.70863 6.53609 0.12641
v 50.66518 6.53609 0.12641
v 50.63259 6.53609 0.12641
v 50.60000 6.53609 0.12641
v 50.51311 6.53609 0.12641
v 50.46966 6.53609 0.12641
v 50.42621 6.53609 0.12641
v 51.14312 6.44684 0.18881
v 51.18657 6.44684 0.18881
v 51.21915 6.44685 0.18881
v 51.29519 6.44684 0.18881
v 51.33864 6.44684 0.18881
v 51.38209 6.44684 0.18881
v 51.46898 6.44684 0.18881
v 51.51243 6.44684 0.18881
v 51.55588 6.44684 0.18881
v 51.64278 6.44684 0.18881
v 51.68623 6.44684 0.18881
v 51.72968 6.44684 0.18881
v 51.76226 6.44685 0.18881
v 51.76226 6.53029 0.18855
v 51.72968 6.53029 0.18855
v 51.68623 6.53029 0.18855
v 51.64278 6.53029 0.18855
v 51.55588 6.53029 0.18855
v 51.51243 6.53029 0.18855
v 51.46898 6.53029 0.18855
v 51.38209 6.53029 0.18855
v 51.33864 6.53029 0.18855
v 51.29519 6.53029 0.18855
v 51.21915 6.53029 0.18855
v 51.18657 6.53029 0.18855
v 51.14312 6.53029 0.18855
v 51.76226 6.53609 0.12641
v 51.72968 6.53609 0.12641
v 51.68623 6.53609 0.12641
v 51.64278 6.53609 0.12641
v 51.55588 6.53609 0.12641
v 51.51243 6.53609 0.12641
v 51.46898 6.53609 0.12641
v 51.38209 6.53609 0.12641
v 51.33864 6.53609 0.12641
v 51.29519 6.53609 0.12641
v 51.21915 6.53609 0.12641
v 51.18657 6.53609 0.12641
v 51.14312 6.53609 0.12641
v 51.83830 6.44684 0.18881
v 51.88174 6.44684 0.18881
v 51.92518 6.44684 0.18881
v 52.01205 6.44684 0.18881
v 52.05548 6.44684 0.18881
v 52.09890 6.44684 0.18881
v 52.18572 6.44684 0.18881
v 52.22911 6.44684 0.18881
v 52.27249 6.44684 0.18881
v 52.34837 6.44684 0.18881
v 52.38086 6.44684 0.18881
v 52.42412 6.44684 0.18881
v 52.42412 6.53029 0.18855
v 52.38086 6.53029 0.18855
v 52.34837 6.53029 0.18855
v 52.27249 6.53029 0.18855
v 52.22911 6.53029 0.18855
v 52.18572 6.53029 0.18855
v 52.09890 6.53029 0.18855
v 52.05548 6.53029 0.18855
v 52.01205 6.53029 0.18855
v 51.92518 6.53029 0.18855
v 51.88174 6.53029 0.18855
v 51.83830 6.53029 0.18855
v 52.42412 6.53609 0.12641
v 52.38086 6.53609 0.12641
v 52.34837 6.53609 0.12641
v 52.27249 6.53609 0.12641
v 52.22911 6.53609 0.12641
v 52.18572 6.53609 0.12641
v 52.09890 6.53609 0.12641
v 52.05548 6.53609 0.12641
v 52.01205 6.53609 0.12641
v 51.92518 6.53609 0.12641
v 51.88174 6.53609 0.12641
v 51.83830 6.53609 0.12641
v 48.95067 2.61844 -0.05734
v 48.90803 2.61844 -0.05734
v 48.86584 2.61844 -0.05734
v 48.78333 2.61844 -0.05734
v 48.74334 2.61844 -0.05734
v 48.70440 2.61844 -0.05734
v 48.62160 2.61844 -0.05734
v 48.57885 2.61844 -0.05734
v 48.49544 2.61844 -0.05734
v 48.45669 2.61844 -0.05734
v 48.95066 2.61463 -0.00187
v 48.90803 2.61463 -0.00187
v 48.86584 2.61463 -0.00187
v 48.78333 2.61463 -0.00187
v 48.74334 2.61463 -0.00187
v 48.70440 2.61463 -0.00187
v 48.62160 2.61463 -0.00187
v 48.57885 2.61463 -0.00187
v 48.49544 2.61463 -0.00187
v 48.45669 2.61463 -0.00187
v 49.66585 2.61844 -0.05734
v 49.62241 2.61844 -0.05734
v 49.57896 2.61844 -0.05734
v 49.49209 2.61844 -0.05734
v 49.45952 2.61844 -0.05734
v 49.42694 2.61844 -0.05734
v 49.38352 2.61844 -0.05734
v 49.29671 2.61844 -0.05734
v 49.25332 2.61844 -0.05734
v 49.20994 2.61844 -0.05734
v 49.12322 2.61844 -0.05734
v 49.07993 2.61844 -0.05734
v 49.03671 2.61844 -0.05734
v 49.66585 2.61463 -0.00187
v 49.62241 2.61463 -0.00187
v 49.57896 2.61463 -0.00187
v 49.49209 2.61463 -0.00187
v 49.45952 2.61463 -0.00187
v 49.42694 2.61463 -0.00187
v 49.38352 2.61463 -0.00187
v 49.29671 2.61463 -0.00187
v 49.25332 2.61463 -0.00187
v 49.20994 2.61463 -0.00187
v 49.12322 2.61463 -0.00187
v 49.07993 2.61463 -0.00187
v 49.03671 2.61463 -0.00187
v 50.33931 2.61844 -0.05734
v 50.29586 2.61844 -0.05734
v 50.25241 2.61844 -0.05734
v 50.16551 2.61844 -0.05734
v 50.12206 2.61844 -0.05734
v 50.07862 2.61844 -0.05734
v 50.01344 2.61844 -0.05734
v 49.96999 2.61844 -0.05734
v 49.92654 2.61844 -0.05734
v 49.83965 2.61844 -0.05734
v 49.79620 2.61844 -0.05734
v 49.75275 2.61844 -0.05734
v 50.33931 2.61463 -0.00187
v 50.29586 2.61463 -0.00187
v 50.25241 2.61463 -0.00187
v 50.16551 2.61463 -0.00187
v 50.12206 2.61463 -0.00187
v 50.07862 2.61463 -0.00187
v 50.01344 2.61463 -0.00187
v 49.96999 2.61463 -0.00187
v 49.92655 2.61463 -0.00187
v 49.83965 2.61463 -0.00187
v 49.79620 2.61463 -0.00187
v 49.75275 2.61463 -0.00187
v 51.05622 2.61844 -0.05734
v 51.01277 2.61844 -0.05734
v 50.96932 2.61844 -0.05734
v 50.88242 2.61844 -0.05734
v 50.83897 2.61844 -0.05734
v 50.79552 2.61844 -0.05734
v 50.70863 2.61844 -0.05734
v 50.66518 2.61844 -0.05734
v 50.63259 2.61844 -0.05734
v 50.60000 2.61844 -0.05734
v 50.51311 2.61844 -0.05734
v 50.46966 2.61844 -0.05734
v 50.42621 2.61844 -0.05734
v 51.05622 2.61463 -0.00187
v 51.01277 2.61463 -0.00187
v 50.96932 2.61463 -0.00187
v 50.88242 2.61463 -0.00187
v 50.83897 2.61463 -0.00187
v 50.79552 2.61463 -0.00187
v 50.70863 2.61463 -0.00187
v 50.66518 2.61463 -0.00187
v 50.63259 2.61463 -0.00187
v 50.60000 2.61463 -0.00187
v 50.51311 2.61463 -0.00187
v 50.46966 2.61463 -0.00187
v 50.42621 2.61463 -0.00187
v 51.76226 2.61844 -0.05734
v 51.72968 2.61844 -0.05734
v 51.68623 2.61844 -0.05734
v 51.64278 2.61844 -0.05734
v 51.55588 2.61844 -0.05734
v 51.51243 2.61844 -0.05734
v 51.46898 2.61844 -0.05734
v 51.38209 2.61844 -0.05734
v 51.33864 2.61844 -0.05734
v 51.29519 2.61844 -0.05734
v 51.21915 2.61844 -0.05734
v 51.18657 2.61844 -0.05734
v 51.14312 2.61844 -0.05734
v 51.76226 2.61463 -0.00187
v 51.72968 2.61463 -0.00187
v 51.68623 2.61463 -0.00187
v 51.64278 2.61463 -0.00187
v 51.55588 2.61463 -0.00187
v 51.51243 2.61463 -0.00187
v 51.46898 2.61463 -0.00187
v 51.38209 2.61463 -0.00187
v 51.33864 2.61463 -0.00187
v 51.29519 2.61463 -0.00187
v 51.21915 2.61463 -0.00187
v 51.18657 2.61463 -0.00187
v 51.14312 2.61463 -0.00187
v 52.42412 2.61844 -0.05734
v 52.38086 2.61844 -0.05734
v 52.34837 2.61844 -0.05734
v 52.27249 2.61844 -0.05734
v 52.22911 2.61844 -0.05734
v 52.18572 2.61844 -0.05734
v 52.09890 2.61844 -0.05734
v 52.05548 2.61844 -0.05734
v 52.01205 2.61844 -0.05734
v 51.92518 2.61844 -0.05734
v 51.88174 2.61844 -0.05734
v 51.83830 2.61844 -0.05734
v 52.42412 2.61463 -0.00187
v 52.38086 2.61463 -0.00187
v 52.34837 2.61463 -0.00187
v 52.27249 2.61463 -0.00187
v 52.22911 2.61463 -0.00187
v 52.18572 2.61463 -0.00187
v 52.09890 2.61463 -0.00187
v 52.05548 2.61463 -0.00187
v 52.01205 2.61463 -0.00187
v 51.92518 2.61463 -0.00187
v 51.88174 2.61463 -0.00187
v 51.83830 2.61463 -0.00187
v 53.01946 2.71624 0.18881
v 52.97296 2.71624 0.18881
v 52.89517 2.71624 0.18881
v 52.85206 2.71624 0.18881
v 52.76834 2.71624 0.18881
v 52.71921 2.71624 0.18881
v 52.67875 2.71624 0.18881
v 52.59556 2.71624 0.18881
v 52.55313 2.71624 0.18881
v 52.51032 2.71624 0.18881
v 52.51032 2.62391 0.18858
v 52.55313 2.62391 0.18858
v 52.59556 2.62391 0.18858
v 52.67875 2.62391 0.18858
v 52.71921 2.62391 0.18858
v 52.76834 2.62391 0.18858
v 52.85206 2.62391 0.18858
v 52.89517 2.62391 0.18858
v 52.97296 2.62391 0.18858
v 53.01946 2.62391 0.18858
v 52.51032 2.61463 0.12641
v 52.55313 2.61463 0.12641
v 52.59556 2.61463 0.12641
v 52.67875 2.61463 0.12641
v 52.71921 2.61463 0.12641
v 52.76834 2.61463 0.12641
v 52.85206 2.61463 0.12641
v 52.89517 2.61463 0.12641
v 52.97296 2.61463 0.12641
v 53.01946 2.61463 0.12641
v 52.42412 2.71624 0.18881
v 52.38086 2.71624 0.18881
v 52.34837 2.71624 0.18881
v 52.27249 2.71624 0.18881
v 52.22911 2.71624 0.18881
v 52.18572 2.71624 0.18881
v 52.09890 2.71624 0.18881
v 52.05548 2.71624 0.18881
v 52.01205 2.71624 0.18881
v 51.92518 2.71624 0.18881
v 51.88174 2.71624 0.18881
v 51.83830 2.71624 0.18881
v 51.83830 2.62391 0.18858
v 51.88174 2.62391 0.18858
v 51.92518 2.62391 0.18858
v 52.01205 2.62391 0.18858
v 52.05548 2.62391 0.18858
v 52.09890 2.62391 0.18858
v 52.18572 2.62391 0.18858
v 52.22911 2.62391 0.18858
v 52.27249 2.62391 0.18858
v 52.34837 2.62391 0.18858
v 52.38086 2.62391 0.18858
v 52.42412 2.62391 0.18858
v 51.83830 2.61463 0.12641
v 51.88174 2.61463 0.12641
v 51.92518 2.61463 0.12641
v 52.01205 2.61463 0.12641
v 52.05548 2.61463 0.12641
v 52.09890 2.61463 0.12641
v 52.18572 2.61463 0.12641
v 52.22911 2.61463 0.12641
v 52.27249 2.61463 0.12641
v 52.34837 2.61463 0.12641
v 52.38086 2.61463 0.12641
v 52.42412 2.61463 0.12641
v 51.76226 2.71624 0.18881
v 51.72968 2.71624 0.18881
v 51.68623 2.71624 0.18881
v 51.64278 2.71624 0.18881
v 51.55588 2.71624 0.18881
v 51.51243 2.71624 0.18881
v 51.46898 2.71624 0.18881
v 51.38209 2.71624 0.18881
v 51.33864 2.71624 0.18881
v 51.29519 2.71624 0.18881
v 51.21915 2.71624 0.18881
v 51.18657 2.71624 0.18881
v 51.14312 2.71624 0.18881
v 51.14312 2.62391 0.18858
v 51.18657 2.62391 0.18858
v 51.21915 2.62391 0.18858
v 51.29519 2.62391 0.18858
v 51.33864 2.62391 0.18858
v 51.38209 2.62391 0.18858
v 51.46898 2.62391 0.18858
v 51.51243 2.62391 0.18858
v 51.55588 2.62391 0.18858
v 51.64278 2.62391 0.18858
v 51.68623 2.62391 0.18858
v 51.72968 2.62391 0.18858
v 51.76226 2.62391 0.18858
v 51.14312 2.61463 0.12641
v 51.18657 2.61463 0.12641
v 51.21915 2.61463 0.12641
v 51.29519 2.61463 0.12641
v 51.33864 2.61463 0.12641
v 51.38209 2.61463 0.12641
v 51.46898 2.61463 0.12641
v 51.51243 2.61463 0.12641
v 51.55588 2.61463 0.12641
v 51.64278 2.61463 0.12641
v 51.68623 2.61463 0.12641
v 51.72968 2.61463 0.12641
v 51.76226 2.61463 0.12641
v 51.05622 2.71624 0.18881
v 51.01277 2.71624 0.18881
v 50.96932 2.71624 0.18881
v 50.88242 2.71624 0.18881
v 50.83897 2.71624 0.18881
v 50.79552 2.71624 0.18881
v 50.70863 2.71624 0.18881
v 50.66518 2.71624 0.18881
v 50.63259 2.71624 0.18881
v 50.60000 2.71624 0.18881
v 50.51311 2.71624 0.18881
v 50.46966 2.71624 0.18881
v 50.42621 2.71624 0.18881
v 50.42621 2.62391 0.18858
v 50.46966 2.62391 0.18858
v 50.51311 2.62391 0.18858
v 50.60000 2.62391 0.18858
v 50.63259 2.62391 0.18858
v 50.66518 2.62391 0.18858
v 50.70863 2.62391 0.18858
v 50.79553 2.62391 0.18858
v 50.83897 2.62391 0.18858
v 50.88242 2.62391 0.18858
v 50.96932 2.62391 0.18858
v 51.01277 2.62391 0.18858
v 51.05622 2.62391 0.18858
v 50.42621 2.61463 0.12641
v 50.46966 2.61463 0.12641
v 50.51311 2.61463 0.12641
v 50.60000 2.61463 0.12641
v 50.63259 2.61463 0.12641
v 50.66518 2.61463 0.12641
v 50.70863 2.61463 0.12641
v 50.79552 2.61463 0.12641
v 50.83897 2.61463 0.12641
v 50.88242 2.61463 0.12641
v 50.96932 2.61463 0.12641
v 51.01277 2.61463 0.12641
v 51.05622 2.61463 0.12641
v 50.33931 2.71624 0.18881
v 50.29586 2.71624 0.18881
v 50.25241 2.71624 0.18881
v 50.16551 2.71624 0.18881
v 50.12206 2.71624 0.18881
v 50.07862 2.71624 0.18881
v 50.01344 2.71624 0.18881
v 49.96999 2.71624 0.18881
v 49.92655 2.71624 0.18881
v 49.83965 2.71624 0.18881
v 49.79620 2.71624 0.18881
v 49.75275 2.71624 0.18881
v 49.75275 2.62391 0.18858
v 49.79620 2.62391 0.18858
v 49.83965 2.62391 0.18858
v 49.92655 2.62391 0.18858
v 49.96999 2.62391 0.18858
v 50.01344 2.62391 0.18858
v 50.07862 2.62391 0.18858
v 50.12206 2.62391 0.18858
v 50.16551 2.62391 0.18858
v 50.25241 2.62391 0.18858
v 50.29586 2.62391 0.18858
v 50.33931 2.62391 0.18858
v 49.75275 2.61463 0.12641
v 49.79620 2.61463 0.12641
v 49.83965 2.61463 0.12641
v 49.92655 2.61463 0.12641
v 49.96999 2.61463 0.12641
v 50.01344 2.61463 0.12641
v 50.07862 2.61463 0.12641
v 50.12206 2.61463 0.12641
v 50.16551 2.61463 0.12641
v 50.25241 2.61463 0.12641
v 50.29586 2.61463 0.12641
v 50.33931 2.61463 0.12641
v 49.66585 2.71624 0.18881
v 49.62241 2.71624 0.18881
v 49.57896 2.71624 0.18881
v 49.49209 2.71624 0.18881
v 49.45952 2.71624 0.18881
v 49.42694 2.71624 0.18881
v 49.38352 2.71624 0.18881
v 49.29671 2.71624 0.18881
v 49.25332 2.71624 0.18881
v 49.20994 2.71624 0.18881
v 49.12322 2.71624 0.18881
v 49.07993 2.71624 0.18881
v 49.03671 2.71624 0.18881
v 49.03671 2.62391 0.18858
v 49.07993 2.62391 0.18858
v 49.12322 2.62391 0.18858
v 49.20994 2.62391 0.18858
v 49.25332 2.62391 0.18858
v 49.29671 2.62391 0.18858
v 49.38352 2.62391 0.18858
v 49.42694 2.62391 0.18858
v 49.45952 2.62391 0.18858
v 49.49209 2.62391 0.18858
v 49.57896 2.62391 0.18858
v 49.62241 2.62391 0.18858
v 49.66585 2.62391 0.18858
v 49.03671 2.61463 0.12641
v 49.07993 2.61463 0.12641
v 49.12322 2.61463 0.12641
v 49.20994 2.61463 0.12641
v 49.25332 2.61463 0.12641
v 49.29671 2.61463 0.12641
v 49.38352 2.61463 0.12641
v 49.42694 2.61463 0.12641
v 49.45952 2.61463 0.12641
v 49.49209 2.61463 0.12641
v 49.57896 2.61463 0.12641
v 49.62241 2.61463 0.12641
v 49.66585 2.61463 0.12641
v 48.35334 5.98366 -0.06427
v 48.31346 6.02686 -0.05747
v 48.31346 6.06967 -0.05747
v 48.31346 6.15310 -0.05747
v 48.31346 6.19321 -0.05747
v 48.31346 6.28343 -0.05747
v 48.31346 6.32442 -0.05747
v 48.31346 6.40109 -0.05747
v 48.30807 6.02686 -0.00187
v 48.30807 6.06967 -0.00187
v 48.30807 6.15310 -0.00187
v 48.30807 6.19321 -0.00187
v 48.30807 6.28343 -0.00187
v 48.30807 6.32442 -0.00187
v 48.30807 6.40109 -0.00187
v 48.35334 5.39816 -0.06427
v 48.31346 5.44193 -0.05747
v 48.31346 5.48569 -0.05747
v 48.31346 5.52945 -0.05747
v 48.31346 5.60821 -0.05747
v 48.31346 5.65195 -0.05747
v 48.31346 5.73940 -0.05747
v 48.31346 5.77437 -0.05747
v 48.31346 5.86174 -0.05747
v 48.31346 5.89665 -0.05747
v 48.31346 5.94022 -0.05747
v 48.30807 5.44193 -0.00187
v 48.30807 5.48569 -0.00187
v 48.30807 5.52945 -0.00187
v 48.30807 5.60821 -0.00187
v 48.30807 5.65195 -0.00187
v 48.30807 5.73940 -0.00187
v 48.30807 5.77437 -0.00187
v 48.30807 5.86174 -0.00187
v 48.30807 5.89665 -0.00187
v 48.30807 5.94022 -0.00187
v 48.35334 4.85546 -0.06427
v 48.31346 4.89923 -0.05747
v 48.31346 4.93424 -0.05747
v 48.31346 5.02178 -0.05747
v 48.31346 5.06554 -0.05747
v 48.31346 5.10931 -0.05747
v 48.31346 5.18809 -0.05747
v 48.31346 5.23185 -0.05747
v 48.31346 5.31939 -0.05747
v 48.31346 5.35440 -0.05747
v 48.30807 4.89923 -0.00187
v 48.30807 4.93424 -0.00187
v 48.30807 5.02178 -0.00187
v 48.30807 5.06554 -0.00187
v 48.30807 5.10931 -0.00187
v 48.30807 5.18809 -0.00187
v 48.30807 5.23185 -0.00187
v 48.30807 5.31939 -0.00187
v 48.30807 5.35440 -0.00187
v 48.35334 4.31276 -0.06427
v 48.31346 4.35653 -0.05747
v 48.31346 4.39154 -0.05747
v 48.31346 4.47907 -0.05747
v 48.31346 4.52284 -0.05747
v 48.31346 4.60162 -0.05747
v 48.31346 4.64539 -0.05747
v 48.31346 4.68915 -0.05747
v 48.31346 4.76793 -0.05747
v 48.31346 4.81170 -0.05747
v 48.30807 4.35653 -0.00187
v 48.30807 4.39154 -0.00187
v 48.30807 4.47907 -0.00187
v 48.30807 4.52284 -0.00187
v 48.30807 4.60162 -0.00187
v 48.30807 4.64539 -0.00187
v 48.30807 4.68915 -0.00187
v 48.30807 4.76793 -0.00187
v 48.30807 4.81170 -0.00187
v 48.35334 3.72629 -0.06427
v 48.31346 3.76131 -0.05747
v 48.31346 3.80507 -0.05747
v 48.31346 3.84884 -0.05747
v 48.31346 3.93637 -0.05747
v 48.31346 3.97138 -0.05747
v 48.31346 4.05892 -0.05747
v 48.31346 4.10268 -0.05747
v 48.31346 4.18146 -0.05747
v 48.31346 4.22523 -0.05747
v 48.31346 4.26899 -0.05747
v 48.30807 3.76131 -0.00187
v 48.30807 3.80507 -0.00187
v 48.30807 3.84884 -0.00187
v 48.30807 3.93637 -0.00187
v 48.30807 3.97138 -0.00187
v 48.30807 4.05892 -0.00187
v 48.30807 4.10268 -0.00187
v 48.30807 4.18146 -0.00187
v 48.30807 4.22523 -0.00187
v 48.30807 4.26900 -0.00187
v 48.31346 3.21920 -0.05747
v 48.31346 3.26279 -0.05747
v 48.31346 3.35013 -0.05747
v 48.31346 3.39383 -0.05747
v 48.31346 3.42881 -0.05747
v 48.31346 3.51627 -0.05747
v 48.31346 3.56001 -0.05747
v 48.31346 3.63877 -0.05747
v 48.31346 3.68253 -0.05747
v 48.30807 3.21920 -0.00187
v 48.30807 3.26279 -0.00187
v 48.30807 3.35013 -0.00187
v 48.30807 3.39383 -0.00187
v 48.30807 3.42881 -0.00187
v 48.30807 3.51627 -0.00187
v 48.30807 3.56001 -0.00187
v 48.30807 3.63877 -0.00187
v 48.30807 3.68253 -0.00187
v 48.41363 2.76027 0.18881
v 48.41363 2.83961 0.18881
v 48.41363 2.88162 0.18881
v 48.41363 2.97341 0.18881
v 48.41363 3.01401 0.18881
v 48.41363 3.09810 0.18881
v 48.41363 3.14110 0.18881
v 48.31723 3.14110 0.18857
v 48.31723 3.09810 0.18857
v 48.31723 3.01401 0.18857
v 48.31723 2.97341 0.18857
v 48.31723 2.88162 0.18857
v 48.31723 2.83961 0.18857
v 48.31723 2.76027 0.18857
v 48.30807 3.14110 0.12641
v 48.30807 3.09810 0.12641
v 48.30807 3.01401 0.12641
v 48.30807 2.97341 0.12641
v 48.30807 2.88162 0.12641
v 48.30807 2.83961 0.12641
v 48.30807 2.76027 0.12641
v 48.41363 3.21920 0.18881
v 48.41363 3.26279 0.18881
v 48.41363 3.35013 0.18881
v 48.41363 3.39383 0.18881
v 48.41363 3.42881 0.18881
v 48.41363 3.51627 0.18881
v 48.41363 3.56001 0.18881
v 48.41363 3.63877 0.18881
v 48.41363 3.68253 0.18881
v 48.31723 3.68253 0.18857
v 48.31723 3.63877 0.18857
v 48.31723 3.56001 0.18857
v 48.31723 3.51627 0.18857
v 48.31723 3.42880 0.18857
v 48.31723 3.39383 0.18857
v 48.31723 3.35013 0.18857
v 48.31723 3.26279 0.18857
v 48.31723 3.21920 0.18857
v 48.30807 3.68253 0.12641
v 48.30807 3.63877 0.12641
v 48.30807 3.56001 0.12641
v 48.30807 3.51627 0.12641
v 48.30807 3.42881 0.12641
v 48.30807 3.39383 0.12641
v 48.30807 3.35013 0.12641
v 48.30807 3.26279 0.12641
v 48.30807 3.21920 0.12641
v 48.41363 3.76131 0.18881
v 48.41363 3.80507 0.18881
v 48.41363 3.84884 0.18881
v 48.41363 3.93637 0.18881
v 48.41363 3.97138 0.18881
v 48.41363 4.05892 0.18881
v 48.41363 4.10268 0.18881
v 48.41363 4.18146 0.18881
v 48.41363 4.22523 0.18881
v 48.41363 4.26900 0.18881
v 48.31723 4.26900 0.18857
v 48.31723 4.22523 0.18857
v 48.31723 4.18146 0.18857
v 48.31723 4.10268 0.18857
v 48.31723 4.05892 0.18857
v 48.31723 3.97138 0.18857
v 48.31723 3.93637 0.18857
v 48.31723 3.84884 0.18857
v 48.31723 3.80507 0.18857
v 48.31723 3.76131 0.18857
v 48.30807 4.26900 0.12641
v 48.30807 4.22523 0.12641
v 48.30807 4.18146 0.12641
v 48.30807 4.10268 0.12641
v 48.30807 4.05892 0.12641
v 48.30807 3.97138 0.12641
v 48.30807 3.93637 0.12641
v 48.30807 3.84884 0.12641
v 48.30807 3.80507 0.12641
v 48.30807 3.76131 0.12641
v 48.41363 4.35653 0.18881
v 48.41363 4.39154 0.18881
v 48.41363 4.47907 0.18881
v 48.41363 4.52284 0.18881
v 48.41363 4.60162 0.18881
v 48.41363 4.64539 0.18881
v 48.41363 4.68915 0.18881
v 48.41363 4.76793 0.18881
v 48.41363 4.81170 0.18881
v 48.31723 4.81170 0.18857
v 48.31723 4.76793 0.18857
v 48.31723 4.68915 0.18857
v 48.31723 4.64539 0.18857
v 48.31723 4.60162 0.18857
v 48.31723 4.52284 0.18857
v 48.31723 4.47907 0.18857
v 48.31723 4.39154 0.18857
v 48.31723 4.35653 0.18857
v 48.30807 4.81170 0.12641
v 48.30807 4.76793 0.12641
v 48.30807 4.68915 0.12641
v 48.30807 4.64539 0.12641
v 48.30807 4.60162 0.12641
v 48.30807 4.52284 0.12641
v 48.30807 4.47907 0.12641
v 48.30807 4.39154 0.12641
v 48.30807 4.35653 0.12641
v 48.41363 4.89923 0.18881
v 48.41363 4.93424 0.18881
v 48.41363 5.02178 0.18881
v 48.41363 5.06554 0.18881
v 48.41363 5.10931 0.18881
v 48.41363 5.18809 0.18881
v 48.41363 5.23185 0.18881
v 48.41363 5.31939 0.18881
v 48.41363 5.35440 0.18881
v 48.31723 5.35440 0.18857
v 48.31723 5.31939 0.18857
v 48.31723 5.23185 0.18857
v 48.31723 5.18809 0.18857
v 48.31723 5.10931 0.18857
v 48.31723 5.06554 0.18857
v 48.31723 5.02178 0.18857
v 48.31723 4.93424 0.18857
v 48.31723 4.89923 0.18857
v 48.30807 5.35440 0.12641
v 48.30807 5.31939 0.12641
v 48.30807 5.23185 0.12641
v 48.30807 5.18809 0.12641
v 48.30807 5.10931 0.12641
v 48.30807 5.06554 0.12641
v 48.30807 5.02178 0.12641
v 48.30807 4.93424 0.12641
v 48.30807 4.89923 0.12641
v 48.41363 5.44193 0.18881
v 48.41363 5.48569 0.18881
v 48.41363 5.52945 0.18881
v 48.41363 5.60821 0.18881
v 48.41363 5.65195 0.18881
v 48.41363 5.73940 0.18881
v 48.41363 5.77437 0.18881
v 48.41363 5.86174 0.18881
v 48.41363 5.89665 0.18881
v 48.41363 5.94022 0.18881
v 48.31723 5.94022 0.18857
v 48.31723 5.89665 0.18857
v 48.31723 5.86174 0.18857
v 48.31723 5.77437 0.18857
v 48.31723 5.73940 0.18857
v 48.31723 5.65195 0.18857
v 48.31723 5.60821 0.18857
v 48.31723 5.52945 0.18857
v 48.31723 5.48569 0.18857
v 48.31723 5.44193 0.18857
v 48.30807 5.94022 0.12641
v 48.30807 5.89665 0.12641
v 48.30807 5.86174 0.12641
v 48.30807 5.77437 0.12641
v 48.30807 5.73940 0.12641
v 48.30807 5.65195 0.12641
v 48.30807 5.60821 0.12641
v 48.30807 5.52945 0.12641
v 48.30807 5.48569 0.12641
v 48.30807 5.44193 0.12641
v 53.17331 3.14110 -0.05569
v 53.17331 3.09810 -0.05569
v 53.17331 3.01401 -0.05569
v 53.17331 2.97341 -0.05569
v 53.17331 2.88162 -0.05569
v 53.17331 2.83961 -0.05569
v 53.17331 2.76027 -0.05569
v 53.17436 3.14110 -0.00187
v 53.17436 3.09810 -0.00187
v 53.17436 3.01401 -0.00187
v 53.17436 2.97341 -0.00187
v 53.17436 2.88162 -0.00187
v 53.17436 2.83961 -0.00187
v 53.17436 2.76027 -0.00187
v 53.17331 3.68253 -0.05569
v 53.17331 3.63877 -0.05569
v 53.17331 3.56001 -0.05569
v 53.17331 3.51627 -0.05569
v 53.17331 3.42880 -0.05569
v 53.17331 3.39383 -0.05569
v 53.17331 3.35013 -0.05569
v 53.17331 3.26279 -0.05569
v 53.17331 3.21920 -0.05569
v 53.17436 3.68253 -0.00187
v 53.17436 3.63877 -0.00187
v 53.17436 3.56001 -0.00187
v 53.17436 3.51627 -0.00187
v 53.17436 3.42880 -0.00187
v 53.17436 3.39383 -0.00187
v 53.17436 3.35013 -0.00187
v 53.17436 3.26279 -0.00187
v 53.17436 3.21920 -0.00187
v 53.17331 4.26899 -0.05569
v 53.17331 4.22523 -0.05569
v 53.17331 4.18146 -0.05569
v 53.17331 4.10268 -0.05569
v 53.17331 4.05892 -0.05569
v 53.17331 3.97138 -0.05569
v 53.17331 3.93637 -0.05569
v 53.17331 3.84884 -0.05569
v 53.17331 3.80507 -0.05569
v 53.17331 3.76131 -0.05569
v 53.17436 4.26900 -0.00187
v 53.17436 4.22523 -0.00187
v 53.17436 4.18146 -0.00187
v 53.17436 4.10268 -0.00187
v 53.17436 4.05892 -0.00187
v 53.17436 3.97138 -0.00187
v 53.17436 3.93637 -0.00187
v 53.17436 3.84884 -0.00187
v 53.17436 3.80507 -0.00187
v 53.17436 3.76131 -0.00187
v 53.17331 4.81170 -0.05569
v 53.17331 4.76793 -0.05569
v 53.17331 4.68915 -0.05569
v 53.17331 4.64538 -0.05569
v 53.17331 4.60162 -0.05569
v 53.17331 4.52284 -0.05569
v 53.17331 4.47907 -0.05569
v 53.17331 4.39154 -0.05569
v 53.17331 4.35653 -0.05569
v 53.17436 4.81170 -0.00187
v 53.17436 4.76793 -0.00187
v 53.17436 4.68915 -0.00187
v 53.17436 4.64539 -0.00187
v 53.17436 4.60162 -0.00187
v 53.17436 4.52284 -0.00187
v 53.17436 4.47907 -0.00187
v 53.17436 4.39154 -0.00187
v 53.17436 4.35653 -0.00187
v 53.17331 5.35440 -0.05569
v 53.17331 5.31939 -0.05569
v 53.17331 5.23185 -0.05569
v 53.17331 5.18809 -0.05569
v 53.17331 5.10931 -0.05569
v 53.17331 5.06554 -0.05569
v 53.17331 5.02178 -0.05569
v 53.17331 4.93424 -0.05569
v 53.17331 4.89923 -0.05569
v 53.17436 5.35440 -0.00187
v 53.17436 5.31939 -0.00187
v 53.17436 5.23185 -0.00187
v 53.17436 5.18809 -0.00187
v 53.17436 5.10931 -0.00187
v 53.17436 5.06554 -0.00187
v 53.17436 5.02178 -0.00187
v 53.17436 4.93424 -0.00187
v 53.17436 4.89923 -0.00187
v 53.17331 5.94021 -0.05569
v 53.17331 5.89665 -0.05569
v 53.17331 5.86174 -0.05569
v 53.17331 5.77437 -0.05569
v 53.17331 5.73940 -0.05569
v 53.17331 5.65195 -0.05569
v 53.17331 5.60820 -0.05569
v 53.17331 5.52945 -0.05569
v 53.17331 5.48569 -0.05569
v 53.17331 5.44193 -0.05569
v 53.17436 5.94021 -0.00187
v 53.17436 5.89665 -0.00187
v 53.17436 5.86174 -0.00187
v 53.17436 5.77437 -0.00187
v 53.17436 5.73940 -0.00187
v 53.17436 5.65195 -0.00187
v 53.17436 5.60820 -0.00187
v 53.17436 5.52945 -0.00187
v 53.17436 5.48569 -0.00187
v 53.17436 5.44193 -0.00187
v 53.06411 6.40109 0.18881
v 53.06411 6.32442 0.18881
v 53.06411 6.28343 0.18881
v 53.06411 6.19321 0.18881
v 53.06411 6.15310 0.18881
v 53.06411 6.06967 0.18881
v 53.06411 6.02686 0.18881
v 53.17224 6.02686 0.18843
v 53.17224 6.06967 0.18843
v 53.17224 6.15310 0.18843
v 53.17224 6.19321 0.18843
v 53.17224 6.28343 0.18843
v 53.17224 6.32442 0.18843
v 53.17224 6.40109 0.18843
v 53.17436 6.02686 0.12641
v 53.17436 6.06967 0.12641
v 53.17436 6.15310 0.12641
v 53.17436 6.19321 0.12641
v 53.17436 6.28343 0.12641
v 53.17436 6.32442 0.12641
v 53.17436 6.40109 0.12641
v 53.06411 5.94021 0.18881
v 53.06411 5.89665 0.18881
v 53.06411 5.86174 0.18881
v 53.06411 5.77437 0.18881
v 53.06411 5.73940 0.18881
v 53.06411 5.65195 0.18881
v 53.06411 5.60820 0.18881
v 53.06411 5.52945 0.18881
v 53.06411 5.48569 0.18881
v 53.06411 5.44193 0.18881
v 53.17224 5.44193 0.18843
v 53.17224 5.48569 0.18843
v 53.17224 5.52945 0.18843
v 53.17224 5.60820 0.18843
v 53.17224 5.65195 0.18843
v 53.17224 5.73940 0.18843
v 53.17224 5.77437 0.18843
v 53.17224 5.86174 0.18843
v 53.17224 5.89665 0.18843
v 53.17224 5.94021 0.18843
v 53.17436 5.44193 0.12641
v 53.17436 5.48569 0.12641
v 53.17436 5.52945 0.12641
v 53.17436 5.60820 0.12641
v 53.17436 5.65195 0.12641
v 53.17436 5.73940 0.12641
v 53.17436 5.77437 0.12641
v 53.17436 5.86174 0.12641
v 53.17436 5.89665 0.12641
v 53.17436 5.94021 0.12641
v 53.06411 5.35440 0.18881
v 53.06411 5.31939 0.18881
v 53.06411 5.23185 0.18881
v 53.06411 5.18809 0.18881
v 53.06411 5.10931 0.18881
v 53.06411 5.06554 0.18881
v 53.06411 5.02178 0.18881
v 53.06411 4.93424 0.18881
v 53.06411 4.89923 0.18881
v 53.17224 4.89923 0.18843
v 53.17224 4.93424 0.18843
v 53.17224 5.02178 0.18843
v 53.17224 5.06554 0.18843
v 53.17224 5.10931 0.18843
v 53.17224 5.18809 0.18843
v 53.17224 5.23185 0.18843
v 53.17224 5.31939 0.18843
v 53.17224 5.35440 0.18843
v 53.17436 4.89923 0.12641
v 53.17436 4.93424 0.12641
v 53.17436 5.02178 0.12641
v 53.17436 5.06554 0.12641
v 53.17436 5.10931 0.12641
v 53.17436 5.18809 0.12641
v 53.17436 5.23185 0.12641
v 53.17436 5.31939 0.12641
v 53.17436 5.35440 0.12641
v 53.06411 4.81170 0.18881
v 53.06411 4.76793 0.18881
v 53.06411 4.68915 0.18881
v 53.06411 4.64539 0.18881
v 53.06411 4.60162 0.18881
v 53.06411 4.52284 0.18881
v 53.06411 4.47907 0.18881
v 53.06411 4.39154 0.18881
v 53.06411 4.35653 0.18881
v 53.17224 4.35653 0.18843
v 53.17224 4.39154 0.18843
v 53.17224 4.47907 0.18843
v 53.17224 4.52284 0.18843
v 53.17224 4.60162 0.18843
v 53.17224 4.64539 0.18843
v 53.17224 4.68915 0.18843
v 53.17224 4.76793 0.18843
v 53.17224 4.81170 0.18843
v 53.17436 4.35653 0.12641
v 53.17436 4.39154 0.12641
v 53.17436 4.47907 0.12641
v 53.17436 4.52284 0.12641
v 53.17436 4.60162 0.12641
v 53.17436 4.64539 0.12641
v 53.17436 4.68915 0.12641
v 53.17436 4.76793 0.12641
v 53.17436 4.81170 0.12641
v 53.06411 4.26900 0.18881
v 53.06411 4.22523 0.18881
v 53.06411 4.18146 0.18881
v 53.06411 4.10268 0.18881
v 53.06411 4.05892 0.18881
v 53.06411 3.97138 0.18881
v 53.06411 3.93637 0.18881
v 53.06411 3.84884 0.18881
v 53.06411 3.80507 0.18881
v 53.06411 3.76131 0.18881
v 53.17224 3.76131 0.18843
v 53.17224 3.80507 0.18843
v 53.17224 3.84884 0.18843
v 53.17224 3.93637 0.18843
v 53.17224 3.97138 0.18843
v 53.17224 4.05892 0.18843
v 53.17224 4.10268 0.18843
v 53.17224 4.18146 0.18843
v 53.17224 4.22523 0.18843
v 53.17224 4.26900 0.18843
v 53.17436 3.76131 0.12641
v 53.17436 3.80507 0.12641
v 53.17436 3.84884 0.12641
v 53.17436 3.93637 0.12641
v 53.17436 3.97138 0.12641
v 53.17436 4.05892 0.12641
v 53.17436 4.10268 0.12641
v 53.17436 4.18146 0.12641
v 53.17436 4.22523 0.12641
v 53.17436 4.26900 0.12641
v 53.06411 3.68253 0.18881
v 53.06411 3.63877 0.18881
v 53.06411 3.56001 0.18881
v 53.06411 3.51627 0.18881
v 53.06411 3.42880 0.18881
v 53.06411 3.39383 0.18881
v 53.06411 3.35013 0.18881
v 53.06411 3.26279 0.18881
v 53.06411 3.21920 0.18881
v 53.17224 3.21920 0.18843
v 53.17224 3.26279 0.18843
v 53.17224 3.35013 0.18843
v 53.17224 3.39383 0.18843
v 53.17224 3.42880 0.18843
v 53.17224 3.51627 0.18843
v 53.17224 3.56001 0.18843
v 53.17224 3.63877 0.18843
v 53.17224 3.68253 0.18843
v 53.17436 3.21920 0.12641
v 53.17436 3.26279 0.12641
v 53.17436 3.35013 0.12641
v 53.17436 3.39383 0.12641
v 53.17436 3.42880 0.12641
v 53.17436 3.51627 0.12641
v 53.17436 3.56001 0.12641
v 53.17436 3.63877 0.12641
v 53.17436 3.68253 0.12641
v 48.30807 3.18442 0.03952
v 48.99360 2.61463 0.03952
v 48.99360 2.76027 0.18881
v 48.99360 2.83961 0.18881
v 48.99360 2.88162 0.18881
v 48.99558 2.96639 0.18881
v 48.99993 3.00723 0.18881
v 49.03956 3.01143 0.18881
v 49.03991 3.09512 0.18881
v 49.00272 3.10247 0.18881
v 49.00020 3.13920 0.18881
v 48.95032 3.17870 0.18881
v 48.90850 3.17753 0.18881
v 48.86588 3.18459 0.18881
v 48.78333 3.18442 0.18881
v 48.74334 3.18442 0.18881
v 48.70440 3.18442 0.18881
v 48.62160 3.18442 0.18881
v 48.57885 3.18442 0.18881
v 48.49544 3.18442 0.18881
v 48.45669 3.18442 0.18881
v 48.99360 6.53609 0.03952
v 48.30807 5.98366 0.03952
v 48.99550 5.98241 0.18881
v 48.99135 6.02400 0.18881
v 49.00054 6.06391 0.18881
v 48.99953 6.11174 0.18881
v 48.99832 6.14846 0.18881
v 48.99451 6.19235 0.18881
v 48.99360 6.28343 0.18881
v 48.99360 6.32442 0.18881
v 48.99360 6.40109 0.18881
v 48.45669 5.98366 0.18881
v 48.49544 5.98366 0.18881
v 48.57885 5.98366 0.18881
v 48.62160 5.98366 0.18881
v 48.70440 5.98366 0.18881
v 48.74334 5.98366 0.18881
v 48.78333 5.98366 0.18881
v 48.86578 5.98342 0.18881
v 48.90955 5.98620 0.18881
v 48.94668 5.98700 0.18881
v 48.96005 5.94327 0.18881
v 52.46729 2.61463 0.03952
v 53.17436 3.18442 0.03952
v 53.01946 3.18442 0.18881
v 52.97296 3.18442 0.18881
v 52.89517 3.18442 0.18881
v 52.85206 3.18442 0.18881
v 52.76834 3.18442 0.18881
v 52.71921 3.18442 0.18881
v 52.67875 3.18442 0.18881
v 52.59546 3.18487 0.18881
v 52.55244 3.17795 0.18881
v 52.51928 3.18090 0.18881
v 52.46800 3.13209 0.18881
v 52.46643 3.09876 0.18881
v 52.46729 3.01401 0.18881
v 52.46729 2.97341 0.18881
v 52.46729 2.88162 0.18881
v 52.46729 2.83961 0.18881
v 52.46729 2.76027 0.18881
v 53.17436 5.98366 0.03952
v 52.46729 6.53609 0.03952
v 52.46729 6.40109 0.18881
v 52.46729 6.32442 0.18881
v 52.46729 6.28343 0.18881
v 52.46729 6.19321 0.18881
v 52.46729 6.15310 0.18881
v 52.46729 6.06967 0.18881
v 52.46729 6.02686 0.18881
v 52.51032 5.98366 0.18881
v 52.55313 5.98366 0.18881
v 52.59556 5.98366 0.18881
v 52.67875 5.98366 0.18881
v 52.71921 5.98366 0.18881
v 52.76834 5.98366 0.18881
v 52.85206 5.98366 0.18881
v 52.89517 5.98366 0.18881
v 52.97296 5.98366 0.18881
v 53.01946 5.98366 0.18881
v 51.79485 6.53609 0.03952
v 51.09967 6.53609 0.03952
v 50.38276 6.53609 0.03952
v 49.70930 6.53609 0.03952
v 49.71085 6.14969 0.18881
v 49.70776 6.19464 0.18881
v 49.70930 6.28343 0.18881
v 49.70930 6.32442 0.18881
v 49.70930 6.40109 0.18881
v 50.38167 6.02471 0.18881
v 50.33085 6.02920 0.18881
v 50.35353 6.06583 0.18881
v 50.38327 6.11850 0.18881
v 50.37362 6.15462 0.18881
v 50.37999 6.19302 0.18881
v 50.38276 6.28343 0.18881
v 50.38276 6.32442 0.18881
v 50.38276 6.40109 0.18881
v 51.10054 6.02686 0.18881
v 51.09978 6.06967 0.18881
v 51.09967 6.15310 0.18881
v 51.09967 6.19321 0.18881
v 51.09967 6.28343 0.18881
v 51.09967 6.32442 0.18881
v 51.09967 6.40109 0.18881
v 51.79485 6.02686 0.18881
v 51.79485 6.06967 0.18881
v 51.79485 6.15310 0.18881
v 51.79485 6.19321 0.18881
v 51.79485 6.28343 0.18881
v 51.79485 6.32442 0.18881
v 51.79485 6.40109 0.18881
v 49.70930 2.61463 0.03952
v 50.38276 2.61463 0.03952
v 51.09967 2.61463 0.03952
v 51.79485 2.61463 0.03952
v 51.80016 3.13376 0.18881
v 51.79623 3.09842 0.18881
v 51.79485 3.01401 0.18881
v 51.79485 2.97341 0.18881
v 51.79485 2.88162 0.18881
v 51.79485 2.83961 0.18881
v 51.79485 2.76027 0.18881
v 51.09960 3.13568 0.18881
v 51.09965 3.09702 0.18881
v 51.09967 3.01401 0.18881
v 51.09967 2.97341 0.18881
v 51.09967 2.88162 0.18881
v 51.09967 2.83961 0.18881
v 51.09967 2.76027 0.18881
v 50.37599 3.18148 0.18881
v 50.37900 3.13709 0.18881
v 50.38161 3.09897 0.18881
v 50.38771 3.05450 0.18881
v 50.38251 3.00833 0.18881
v 50.37985 2.96689 0.18881
v 50.38276 2.88162 0.18881
v 50.38276 2.83961 0.18881
v 50.38276 2.76027 0.18881
v 49.70884 2.97154 0.18881
v 49.70930 2.88162 0.18881
v 49.70930 2.83961 0.18881
v 49.70930 2.76027 0.18881
v 48.30807 5.39816 0.03952
v 48.30807 4.85546 0.03952
v 48.30807 4.31276 0.03952
v 48.30807 3.72630 0.03952
v 48.96234 3.72298 0.18881
v 48.91616 3.72544 0.18881
v 48.86568 3.72624 0.18881
v 48.78333 3.72629 0.18881
v 48.74334 3.72629 0.18881
v 48.70440 3.72629 0.18881
v 48.62160 3.72630 0.18881
v 48.57885 3.72629 0.18881
v 48.49544 3.72630 0.18881
v 48.45669 3.72630 0.18881
v 48.99405 4.27162 0.18881
v 48.95767 4.26622 0.18881
v 48.95246 4.31212 0.18881
v 48.90918 4.31147 0.18881
v 48.86595 4.31263 0.18881
v 48.78333 4.31276 0.18881
v 48.74334 4.31276 0.18881
v 48.70440 4.31276 0.18881
v 48.62160 4.31276 0.18881
v 48.57885 4.31276 0.18881
v 48.49544 4.31276 0.18881
v 48.45669 4.31276 0.18881
v 48.99831 4.85603 0.18881
v 48.95782 4.85129 0.18881
v 48.90993 4.85680 0.18881
v 48.86602 4.85560 0.18881
v 48.78333 4.85546 0.18881
v 48.74334 4.85546 0.18881
v 48.70440 4.85546 0.18881
v 48.62160 4.85546 0.18881
v 48.57885 4.85546 0.18881
v 48.49544 4.85546 0.18881
v 48.45669 4.85546 0.18881
v 48.96287 5.39615 0.18881
v 48.91630 5.39765 0.18881
v 48.86569 5.39813 0.18881
v 48.78333 5.39816 0.18881
v 48.74334 5.39816 0.18881
v 48.70440 5.39816 0.18881
v 48.62160 5.39816 0.18881
v 48.57885 5.39816 0.18881
v 48.49544 5.39816 0.18881
v 48.45669 5.39816 0.18881
v 53.17436 3.72630 0.03952
v 53.17436 4.31276 0.03952
v 53.17436 4.85546 0.03952
v 53.17436 5.39816 0.03952
v 52.55794 5.39857 0.18881
v 52.59645 5.39824 0.18881
v 52.67875 5.39816 0.18881
v 52.71921 5.39816 0.18881
v 52.76834 5.39816 0.18881
v 52.85206 5.39816 0.18881
v 52.89517 5.39816 0.18881
v 52.97296 5.39816 0.18881
v 53.01946 5.39816 0.18881
v 52.51934 4.85333 0.18881
v 52.55563 4.85353 0.18881
v 52.59602 4.85510 0.18881
v 52.67875 4.85546 0.18881
v 52.71921 4.85546 0.18881
v 52.76834 4.85546 0.18881
v 52.85206 4.85546 0.18881
v 52.89517 4.85546 0.18881
v 52.97296 4.85546 0.18881
v 53.01946 4.85546 0.18881
v 52.55686 4.30681 0.18881
v 52.59626 4.31326 0.18881
v 52.67875 4.31276 0.18881
v 52.71921 4.31276 0.18881
v 52.76834 4.31276 0.18881
v 52.85206 4.31276 0.18881
v 52.89517 4.31276 0.18881
v 52.97296 4.31276 0.18881
v 53.01946 4.31276 0.18881
v 52.55754 3.72586 0.18881
v 52.59637 3.72621 0.18881
v 52.67875 3.72629 0.18881
v 52.71921 3.72629 0.18881
v 52.76834 3.72630 0.18881
v 52.85206 3.72629 0.18881
v 52.89517 3.72630 0.18881
v 52.97296 3.72630 0.18881
v 53.01946 3.72630 0.18881
v 48.78333 6.36206 0.18881
v 48.74334 6.36206 0.18881
v 48.70440 6.36206 0.18881
v 48.62160 6.36206 0.18881
v 48.57885 6.36206 0.18881
v 48.82422 6.32442 0.18881
v 48.82422 6.28343 0.18881
v 48.66669 6.32442 0.18881
v 48.66669 6.28343 0.18881
v 48.53910 6.32442 0.18881
v 48.53910 6.28343 0.18881
v 48.78333 6.23955 0.18881
v 48.74334 6.23955 0.18881
v 48.70440 6.23955 0.18881
v 48.62160 6.23955 0.18881
v 48.57885 6.23954 0.18881
v 48.82422 6.19321 0.18881
v 48.82422 6.15310 0.18881
v 48.66669 6.19321 0.18881
v 48.66669 6.15310 0.18881
v 48.53910 6.19321 0.18881
v 48.53910 6.15310 0.18881
v 48.78333 6.11179 0.18881
v 48.74334 6.11179 0.18881
v 48.70440 6.11179 0.18881
v 48.62160 6.11179 0.18881
v 48.57885 6.11179 0.18881
v 48.82422 6.40109 0.18881
v 48.66669 6.40109 0.18881
v 48.53910 6.40109 0.18881
v 48.45669 6.36206 0.18881
v 48.49544 6.36206 0.18881
v 48.45669 6.23954 0.18881
v 48.49544 6.23954 0.18881
v 48.45669 6.11179 0.18881
v 48.49544 6.11179 0.18881
v 48.53910 6.02686 0.18881
v 48.53910 6.06967 0.18881
v 48.66669 6.02686 0.18881
v 48.66669 6.06967 0.18881
v 48.82422 6.02686 0.18881
v 48.82422 6.06967 0.18881
v 48.95452 6.11467 0.18881
v 48.90898 6.11017 0.18881
v 48.86593 6.11163 0.18881
v 48.95067 6.23954 0.18881
v 48.90803 6.23954 0.18881
v 48.86584 6.23955 0.18881
v 48.95067 6.36206 0.18881
v 48.90803 6.36206 0.18881
v 48.86584 6.36206 0.18881
v 52.89517 6.36206 0.18881
v 52.85206 6.36206 0.18881
v 52.76834 6.36206 0.18881
v 52.71921 6.36206 0.18881
v 52.67875 6.36206 0.18881
v 52.93570 6.32442 0.18881
v 52.93570 6.28343 0.18881
v 52.81574 6.32442 0.18881
v 52.81574 6.28343 0.18881
v 52.63748 6.32442 0.18881
v 52.63748 6.28343 0.18881
v 52.89517 6.23954 0.18881
v 52.85206 6.23955 0.18881
v 52.76834 6.23954 0.18881
v 52.71921 6.23955 0.18881
v 52.67875 6.23954 0.18881
v 52.93570 6.19321 0.18881
v 52.93570 6.15310 0.18881
v 52.81574 6.19321 0.18881
v 52.81574 6.15310 0.18881
v 52.63748 6.19321 0.18881
v 52.63748 6.15310 0.18881
v 52.89517 6.11179 0.18881
v 52.85206 6.11179 0.18881
v 52.76834 6.11179 0.18881
v 52.71921 6.11179 0.18881
v 52.67875 6.11179 0.18881
v 52.93570 6.40109 0.18881
v 52.81574 6.40109 0.18881
v 52.63748 6.40109 0.18881
v 52.51032 6.36206 0.18881
v 52.55313 6.36206 0.18881
v 52.59556 6.36206 0.18881
v 52.51032 6.23954 0.18881
v 52.55313 6.23954 0.18881
v 52.59556 6.23954 0.18881
v 52.51032 6.11179 0.18881
v 52.55313 6.11179 0.18881
v 52.59556 6.11179 0.18881
v 52.63748 6.02686 0.18881
v 52.63748 6.06967 0.18881
v 52.81574 6.02686 0.18881
v 52.81574 6.06967 0.18881
v 52.93570 6.02686 0.18881
v 52.93570 6.06967 0.18881
v 53.01946 6.11179 0.18881
v 52.97296 6.11179 0.18881
v 53.01946 6.23954 0.18881
v 52.97296 6.23955 0.18881
v 53.01946 6.36206 0.18881
v 52.97296 6.36206 0.18881
v 52.89517 3.05570 0.18881
v 52.85206 3.05570 0.18881
v 52.76834 3.05570 0.18881
v 52.71921 3.05570 0.18881
v 52.67875 3.05570 0.18881
v 52.93570 3.01401 0.18881
v 52.93570 2.97341 0.18881
v 52.81574 3.01401 0.18881
v 52.81574 2.97341 0.18881
v 52.63748 3.01401 0.18881
v 52.63748 2.97341 0.18881
v 52.89517 2.92637 0.18881
v 52.85206 2.92637 0.18881
v 52.76834 2.92637 0.18881
v 52.71921 2.92637 0.18881
v 52.67875 2.92637 0.18881
v 52.93570 2.88162 0.18881
v 52.93570 2.83961 0.18881
v 52.81574 2.88162 0.18881
v 52.81574 2.83961 0.18881
v 52.63748 2.88162 0.18881
v 52.63748 2.83961 0.18881
v 52.89517 2.80081 0.18881
v 52.85206 2.80081 0.18881
v 52.76834 2.80081 0.18881
v 52.71921 2.80081 0.18881
v 52.67875 2.80081 0.18881
v 52.93570 3.14110 0.18881
v 52.93570 3.09810 0.18881
v 52.81574 3.14110 0.18881
v 52.81574 3.09810 0.18881
v 52.63747 3.14111 0.18881
v 52.63748 3.09810 0.18881
v 52.51029 3.05574 0.18881
v 52.55311 3.05571 0.18881
v 52.59556 3.05570 0.18881
v 52.51032 2.92637 0.18881
v 52.55313 2.92637 0.18881
v 52.59556 2.92637 0.18881
v 52.51032 2.80081 0.18881
v 52.55313 2.80081 0.18881
v 52.59556 2.80081 0.18881
v 52.63748 2.76027 0.18881
v 52.81574 2.76027 0.18881
v 52.93570 2.76027 0.18881
v 53.01946 2.80081 0.18881
v 52.97296 2.80081 0.18881
v 53.01946 2.92637 0.18881
v 52.97296 2.92637 0.18881
v 53.01946 3.05570 0.18881
v 52.97296 3.05570 0.18881
v 53.17436 3.05570 0.03952
v 53.17436 3.01401 0.08217
v 53.17436 2.97341 0.08217
v 53.17436 2.92637 0.03952
v 53.17436 2.88162 0.08217
v 53.17436 2.83961 0.08217
v 53.17436 2.80081 0.03952
v 53.17436 3.14110 0.08217
v 53.17436 3.09810 0.08217
v 53.17436 2.76027 0.08217
v 48.53910 6.53609 0.03952
v 48.57885 6.53609 0.08217
v 48.62160 6.53609 0.08217
v 48.66669 6.53609 0.03952
v 48.70440 6.53609 0.08217
v 48.74334 6.53609 0.08217
v 48.78333 6.53609 0.08217
v 48.82422 6.53609 0.03952
v 48.45669 6.53609 0.08217
v 48.49544 6.53609 0.08217
v 48.95067 6.53609 0.08217
v 48.90803 6.53609 0.08217
v 48.86584 6.53609 0.08217
v 53.17436 6.36206 0.03952
v 53.17436 6.32442 0.08217
v 53.17436 6.28343 0.08217
v 53.17436 6.23954 0.03952
v 53.17436 6.19321 0.08217
v 53.17436 6.15310 0.08217
v 53.17436 6.11179 0.03952
v 53.17436 6.40109 0.08217
v 53.17436 6.02686 0.08217
v 53.17436 6.06967 0.08217
v 51.55571 3.05573 0.18881
v 51.51225 3.05570 0.18881
v 51.46882 3.05568 0.18881
v 51.38196 3.05566 0.18881
v 51.33853 3.05565 0.18881
v 51.29510 3.05564 0.18881
v 51.59933 3.01401 0.18881
v 51.59933 2.97341 0.18881
v 51.42554 3.01401 0.18881
v 51.42554 2.97341 0.18881
v 51.25174 3.01401 0.18881
v 51.25174 2.97341 0.18881
v 51.55588 2.92637 0.18881
v 51.51243 2.92637 0.18881
v 51.46898 2.92637 0.18881
v 51.38209 2.92637 0.18881
v 51.33864 2.92637 0.18881
v 51.29519 2.92637 0.18881
v 51.59933 2.88162 0.18881
v 51.59933 2.83961 0.18881
v 51.42554 2.88162 0.18881
v 51.42554 2.83961 0.18881
v 51.25174 2.88162 0.18881
v 51.25174 2.83961 0.18881
v 51.55588 2.80081 0.18881
v 51.51243 2.80081 0.18881
v 51.46898 2.80081 0.18881
v 51.38209 2.80081 0.18881
v 51.33864 2.80081 0.18881
v 51.29519 2.80081 0.18881
v 51.59104 3.13608 0.18881
v 51.59719 3.09902 0.18881
v 51.42808 3.13922 0.18881
v 51.42329 3.09765 0.18881
v 51.26769 3.13651 0.18881
v 51.25073 3.09714 0.18881
v 51.14310 3.05562 0.18881
v 51.18653 3.05563 0.18881
v 51.21910 3.05563 0.18881
v 51.14312 2.92637 0.18881
v 51.18657 2.92637 0.18881
v 51.21915 2.92637 0.18881
v 51.14312 2.80081 0.18881
v 51.18657 2.80081 0.18881
v 51.21915 2.80081 0.18881
v 51.25174 2.76027 0.18881
v 51.42554 2.76027 0.18881
v 51.59933 2.76027 0.18881
v 51.76226 2.80081 0.18881
v 51.72968 2.80081 0.18881
v 51.68623 2.80081 0.18881
v 51.64278 2.80081 0.18881
v 51.76226 2.92637 0.18881
v 51.72968 2.92637 0.18881
v 51.68623 2.92637 0.18881
v 51.64278 2.92637 0.18881
v 51.76233 3.05573 0.18881
v 51.72971 3.05572 0.18881
v 51.68621 3.05573 0.18881
v 51.64269 3.05575 0.18881
v 50.88252 3.05565 0.18881
v 50.83908 3.05567 0.18881
v 50.79563 3.05570 0.18881
v 50.70868 3.05573 0.18881
v 50.66520 3.05571 0.18881
v 50.63260 3.05570 0.18881
v 50.60001 3.05570 0.18881
v 50.92587 3.01401 0.18881
v 50.92587 2.97341 0.18881
v 50.75208 3.01401 0.18881
v 50.75208 2.97341 0.18881
v 50.55654 3.01403 0.18881
v 50.55655 2.97342 0.18881
v 50.88242 2.92637 0.18881
v 50.83897 2.92637 0.18881
v 50.79553 2.92637 0.18881
v 50.70863 2.92637 0.18881
v 50.66518 2.92637 0.18881
v 50.63259 2.92637 0.18881
v 50.60000 2.92637 0.18881
v 50.92587 2.88162 0.18881
v 50.92587 2.83961 0.18881
v 50.75208 2.88162 0.18881
v 50.75208 2.83961 0.18881
v 50.55655 2.88162 0.18881
v 50.55655 2.83961 0.18881
v 50.88242 2.80081 0.18881
v 50.83897 2.80081 0.18881
v 50.79552 2.80081 0.18881
v 50.70863 2.80081 0.18881
v 50.66518 2.80081 0.18881
v 50.63259 2.80081 0.18881
v 50.60000 2.80081 0.18881
v 50.93159 3.13690 0.18881
v 50.92701 3.09726 0.18881
v 50.75727 3.13458 0.18881
v 50.75342 3.09863 0.18881
v 50.55654 3.14113 0.18881
v 50.55653 3.09813 0.18881
v 50.42541 3.05729 0.18881
v 50.46477 3.05151 0.18881
v 50.51221 3.05654 0.18881
v 50.42609 2.92644 0.18881
v 50.46961 2.92640 0.18881
v 50.51310 2.92637 0.18881
v 50.42621 2.80081 0.18881
v 50.46966 2.80081 0.18881
v 50.51311 2.80081 0.18881
v 50.55655 2.76027 0.18881
v 50.75208 2.76027 0.18881
v 50.92587 2.76027 0.18881
v 51.05622 2.80081 0.18881
v 51.01277 2.80081 0.18881
v 50.96932 2.80081 0.18881
v 51.05622 2.92637 0.18881
v 51.01277 2.92637 0.18881
v 50.96932 2.92637 0.18881
v 51.05624 3.05563 0.18881
v 51.01281 3.05563 0.18881
v 50.96938 3.05563 0.18881
v 50.13221 3.04983 0.18881
v 50.08541 3.05526 0.18881
v 50.04348 3.05188 0.18881
v 49.96231 3.01732 0.18881
v 49.92100 3.01627 0.18881
v 50.21354 3.01893 0.18881
v 50.21056 2.97407 0.18881
v 50.04214 3.01182 0.18881
v 50.05309 2.97285 0.18881
v 49.88104 2.97197 0.18881
v 50.16531 2.92638 0.18881
v 50.12188 2.92636 0.18881
v 50.07845 2.92635 0.18881
v 50.01330 2.92633 0.18881
v 49.96987 2.92632 0.18881
v 49.92644 2.92632 0.18881
v 50.20896 2.88162 0.18881
v 50.20896 2.83961 0.18881
v 50.04603 2.88162 0.18881
v 50.04603 2.83961 0.18881
v 49.88310 2.88162 0.18881
v 49.88310 2.83961 0.18881
v 50.16551 2.80081 0.18881
v 50.12206 2.80081 0.18881
v 50.07862 2.80081 0.18881
v 50.01344 2.80081 0.18881
v 49.96999 2.80081 0.18881
v 49.92655 2.80081 0.18881
v 49.74853 3.01332 0.18881
v 49.79002 3.01378 0.18881
v 49.83148 3.01439 0.18881
v 49.75271 2.92629 0.18881
v 49.79615 2.92630 0.18881
v 49.83958 2.92630 0.18881
v 49.75275 2.80081 0.18881
v 49.79620 2.80081 0.18881
v 49.83965 2.80081 0.18881
v 49.88310 2.76027 0.18881
v 50.04603 2.76027 0.18881
v 50.20896 2.76027 0.18881
v 50.33931 2.80081 0.18881
v 50.29586 2.80081 0.18881
v 50.25241 2.80081 0.18881
v 50.33907 2.92645 0.18881
v 50.29560 2.92643 0.18881
v 50.25216 2.92641 0.18881
v 50.29314 3.05343 0.18881
v 50.25042 3.06062 0.18881
v 50.21045 3.05632 0.18881
v 49.49941 3.01361 0.18881
v 49.45797 3.01416 0.18881
v 49.41657 3.01486 0.18881
v 49.33392 3.01668 0.18881
v 49.29269 3.01779 0.18881
v 49.25052 3.04839 0.18881
v 49.53661 2.97158 0.18881
v 49.37890 2.97205 0.18881
v 49.33592 2.97224 0.18881
v 49.20562 3.01253 0.18881
v 49.17127 2.97318 0.18881
v 49.49215 2.92629 0.18881
v 49.45959 2.92630 0.18881
v 49.42703 2.92630 0.18881
v 49.38363 2.92631 0.18881
v 49.29685 2.92632 0.18881
v 49.25347 2.92633 0.18881
v 49.21011 2.92635 0.18881
v 49.53552 2.88162 0.18881
v 49.53552 2.83961 0.18881
v 49.34011 2.88162 0.18881
v 49.34011 2.83961 0.18881
v 49.16657 2.88162 0.18881
v 49.16657 2.83961 0.18881
v 49.49209 2.80081 0.18881
v 49.45952 2.80081 0.18881
v 49.42694 2.80081 0.18881
v 49.38352 2.80081 0.18881
v 49.29671 2.80081 0.18881
v 49.25332 2.80081 0.18881
v 49.20994 2.80081 0.18881
v 49.07807 3.05712 0.18881
v 49.11712 3.05426 0.18881
v 49.16672 3.05470 0.18881
v 49.03689 2.92643 0.18881
v 49.08014 2.92640 0.18881
v 49.12344 2.92637 0.18881
v 49.03671 2.80081 0.18881
v 49.07993 2.80081 0.18881
v 49.12322 2.80081 0.18881
v 49.16657 2.76027 0.18881
v 49.34011 2.76027 0.18881
v 49.53552 2.76027 0.18881
v 49.66585 2.80081 0.18881
v 49.62241 2.80081 0.18881
v 49.57896 2.80081 0.18881
v 49.66585 2.92629 0.18881
v 49.62242 2.92629 0.18881
v 49.57899 2.92629 0.18881
v 49.66548 3.01283 0.18881
v 49.62394 3.01280 0.18881
v 49.58241 3.01292 0.18881
v 48.30807 5.56446 0.03952
v 48.30807 5.60821 0.08217
v 48.30807 5.65195 0.08217
v 48.30807 5.69568 0.03952
v 48.30807 5.73940 0.08217
v 48.30807 5.77437 0.08217
v 48.30807 5.81806 0.03952
v 48.30807 5.44193 0.08217
v 48.30807 5.48569 0.08217
v 48.30807 5.52945 0.08217
v 48.30807 5.94022 0.08217
v 48.30807 5.89665 0.08217
v 48.30807 5.86174 0.08217
v 48.78333 3.05570 0.18881
v 48.74334 3.05570 0.18881
v 48.70440 3.05570 0.18881
v 48.62160 3.05570 0.18881
v 48.57885 3.05570 0.18881
v 48.82422 3.01401 0.18881
v 48.82422 2.97341 0.18881
v 48.66669 3.01401 0.18881
v 48.66669 2.97341 0.18881
v 48.53910 3.01401 0.18881
v 48.53910 2.97341 0.18881
v 48.78333 2.92637 0.18881
v 48.74334 2.92637 0.18881
v 48.70440 2.92637 0.18881
v 48.62160 2.92637 0.18881
v 48.57885 2.92637 0.18881
v 48.82422 2.88162 0.18881
v 48.82422 2.83961 0.18881
v 48.66669 2.88162 0.18881
v 48.66669 2.83961 0.18881
v 48.53910 2.88162 0.18881
v 48.53910 2.83961 0.18881
v 48.78333 2.80081 0.18881
v 48.74334 2.80081 0.18881
v 48.70440 2.80081 0.18881
v 48.62160 2.80081 0.18881
v 48.57885 2.80081 0.18881
v 48.82422 3.14110 0.18881
v 48.82422 3.09810 0.18881
v 48.66669 3.14110 0.18881
v 48.66669 3.09810 0.18881
v 48.53910 3.14110 0.18881
v 48.53910 3.09810 0.18881
v 48.45669 3.05570 0.18881
v 48.49544 3.05570 0.18881
v 48.45669 2.92637 0.18881
v 48.49544 2.92637 0.18881
v 48.45669 2.80081 0.18881
v 48.49544 2.80081 0.18881
v 48.53910 2.76027 0.18881
v 48.66669 2.76027 0.18881
v 48.82422 2.76027 0.18881
v 48.95066 2.80081 0.18881
v 48.90803 2.80081 0.18881
v 48.86584 2.80081 0.18881
v 48.95073 2.92641 0.18881
v 48.90805 2.92638 0.18881
v 48.86584 2.92637 0.18881
v 48.99828 3.05984 0.18881
v 48.95771 3.05311 0.18881
v 48.90979 3.05732 0.18881
v 48.86601 3.05586 0.18881
v 50.20896 2.61463 0.03952
v 50.16551 2.61463 0.08217
v 50.12206 2.61463 0.08217
v 50.07862 2.61463 0.08217
v 50.04603 2.61463 0.03952
v 50.01344 2.61463 0.08217
v 49.96999 2.61463 0.08217
v 49.92655 2.61463 0.08217
v 49.88310 2.61463 0.03952
v 50.33931 2.61463 0.08217
v 50.29586 2.61463 0.08217
v 50.25241 2.61463 0.08217
v 49.75275 2.61463 0.08217
v 49.79620 2.61463 0.08217
v 49.83965 2.61463 0.08217
v 50.92587 2.61463 0.03952
v 50.88242 2.61463 0.08217
v 50.83897 2.61463 0.08217
v 50.79552 2.61463 0.08217
v 50.75208 2.61463 0.03952
v 50.70863 2.61463 0.08217
v 50.66518 2.61463 0.08217
v 50.63259 2.61463 0.08217
v 50.60000 2.61463 0.08217
v 50.55655 2.61463 0.03952
v 51.05622 2.61463 0.08217
v 51.01277 2.61463 0.08217
v 50.96932 2.61463 0.08217
v 50.42621 2.61463 0.08217
v 50.46966 2.61463 0.08217
v 50.51311 2.61463 0.08217
v 51.59933 2.61463 0.03952
v 51.55588 2.61463 0.08217
v 51.51243 2.61463 0.08217
v 51.46898 2.61463 0.08217
v 51.42554 2.61463 0.03952
v 51.38209 2.61463 0.08217
v 51.33864 2.61463 0.08217
v 51.29519 2.61463 0.08217
v 51.25174 2.61463 0.03952
v 51.76226 2.61463 0.08217
v 51.72968 2.61463 0.08217
v 51.68623 2.61463 0.08217
v 51.64278 2.61463 0.08217
v 51.14312 2.61463 0.08217
v 51.18657 2.61463 0.08217
v 51.21915 2.61463 0.08217
v 52.31586 2.61463 0.03952
v 52.27249 2.61463 0.08217
v 52.22911 2.61463 0.08217
v 52.18572 2.61463 0.08217
v 52.14232 2.61463 0.03952
v 52.09890 2.61463 0.08217
v 52.05548 2.61463 0.08217
v 52.01205 2.61463 0.08217
v 51.96862 2.61463 0.03952
v 52.42412 2.61463 0.08217
v 52.38086 2.61463 0.08217
v 52.34837 2.61463 0.08217
v 51.83830 2.61463 0.08217
v 51.88174 2.61463 0.08217
v 51.92518 2.61463 0.08217
v 52.27247 3.05564 0.18881
v 52.22910 3.05563 0.18881
v 52.18573 3.05562 0.18881
v 52.09894 3.05562 0.18881
v 52.05554 3.05562 0.18881
v 52.01213 3.05562 0.18881
v 52.31586 3.01401 0.18881
v 52.31586 2.97341 0.18881
v 52.14231 3.01401 0.18881
v 52.14231 2.97341 0.18881
v 51.96862 3.01401 0.18881
v 51.96862 2.97341 0.18881
v 52.27249 2.92637 0.18881
v 52.22911 2.92637 0.18881
v 52.18572 2.92637 0.18881
v 52.09890 2.92637 0.18881
v 52.05548 2.92637 0.18881
v 52.01205 2.92637 0.18881
v 52.31586 2.88162 0.18881
v 52.31586 2.83961 0.18881
v 52.14231 2.88162 0.18881
v 52.14231 2.83961 0.18881
v 51.96862 2.88162 0.18881
v 51.96862 2.83961 0.18881
v 52.27249 2.80081 0.18881
v 52.22911 2.80081 0.18881
v 52.18572 2.80081 0.18881
v 52.09890 2.80081 0.18881
v 52.05548 2.80081 0.18881
v 52.01205 2.80081 0.18881
v 52.31276 3.13745 0.18881
v 52.31524 3.09738 0.18881
v 52.14433 3.13529 0.18881
v 52.14272 3.09694 0.18881
v 51.97550 3.13562 0.18881
v 51.96999 3.09701 0.18881
v 51.83841 3.05568 0.18881
v 51.88186 3.05565 0.18881
v 51.92529 3.05563 0.18881
v 51.83830 2.92637 0.18881
v 51.88174 2.92637 0.18881
v 51.92518 2.92637 0.18881
v 51.83830 2.80081 0.18881
v 51.88174 2.80081 0.18881
v 51.92518 2.80081 0.18881
v 51.96862 2.76027 0.18881
v 52.14231 2.76027 0.18881
v 52.31586 2.76027 0.18881
v 52.42412 2.80081 0.18881
v 52.38086 2.80081 0.18881
v 52.34837 2.80081 0.18881
v 52.42412 2.92637 0.18881
v 52.38086 2.92637 0.18881
v 52.34837 2.92637 0.18881
v 52.42405 3.05571 0.18881
v 52.38298 3.05231 0.18881
v 52.35371 3.05986 0.18881
v 49.49209 6.36206 0.18881
v 49.45952 6.36206 0.18881
v 49.42694 6.36206 0.18881
v 49.38352 6.36206 0.18881
v 49.29671 6.36206 0.18881
v 49.25332 6.36206 0.18881
v 49.20994 6.36206 0.18881
v 49.53552 6.32442 0.18881
v 49.53552 6.28343 0.18881
v 49.34011 6.32442 0.18881
v 49.34011 6.28343 0.18881
v 49.16657 6.32442 0.18881
v 49.16657 6.28343 0.18881
v 49.49208 6.23956 0.18881
v 49.45951 6.23956 0.18881
v 49.42694 6.23955 0.18881
v 49.38352 6.23955 0.18881
v 49.29671 6.23955 0.18881
v 49.25332 6.23955 0.18881
v 49.20994 6.23955 0.18881
v 49.53472 6.19441 0.18881
v 49.50892 6.15283 0.18881
v 49.34024 6.19390 0.18881
v 49.34102 6.14961 0.18881
v 49.16762 6.19322 0.18881
v 49.17200 6.15315 0.18881
v 49.46269 6.10426 0.18881
v 49.42126 6.10809 0.18881
v 49.38127 6.10849 0.18881
v 49.28924 6.10749 0.18881
v 49.24555 6.11342 0.18881
v 49.53552 6.40109 0.18881
v 49.34011 6.40109 0.18881
v 49.16657 6.40109 0.18881
v 49.03671 6.36206 0.18881
v 49.07993 6.36206 0.18881
v 49.12322 6.36206 0.18881
v 49.03672 6.23954 0.18881
v 49.07994 6.23954 0.18881
v 49.12324 6.23954 0.18881
v 49.04468 6.10709 0.18881
v 49.07772 6.11153 0.18881
v 49.11946 6.11587 0.18881
v 49.16362 6.11038 0.18881
v 49.62731 6.14892 0.18881
v 49.58721 6.15076 0.18881
v 49.66584 6.23956 0.18881
v 49.62240 6.23956 0.18881
v 49.57895 6.23956 0.18881
v 49.66585 6.36206 0.18881
v 49.62241 6.36206 0.18881
v 49.57896 6.36206 0.18881
v 51.96862 6.53609 0.03952
v 52.01205 6.53609 0.08217
v 52.05548 6.53609 0.08217
v 52.09890 6.53609 0.08217
v 52.14232 6.53609 0.03952
v 52.18572 6.53609 0.08217
v 52.22911 6.53609 0.08217
v 52.27249 6.53609 0.08217
v 52.31586 6.53609 0.03952
v 51.83830 6.53609 0.08217
v 51.88174 6.53609 0.08217
v 51.92518 6.53609 0.08217
v 52.42412 6.53609 0.08217
v 52.38086 6.53609 0.08217
v 52.34837 6.53609 0.08217
v 51.25174 6.53609 0.03952
v 51.29519 6.53609 0.08217
v 51.33864 6.53609 0.08217
v 51.38209 6.53609 0.08217
v 51.42554 6.53609 0.03952
v 51.46898 6.53609 0.08217
v 51.51243 6.53609 0.08217
v 51.55588 6.53609 0.08217
v 51.59933 6.53609 0.03952
v 51.14312 6.53609 0.08217
v 51.18657 6.53609 0.08217
v 51.21915 6.53609 0.08217
v 51.76226 6.53609 0.08217
v 51.72968 6.53609 0.08217
v 51.68623 6.53609 0.08217
v 51.64278 6.53609 0.08217
v 50.55655 6.53609 0.03952
v 50.60000 6.53609 0.08217
v 50.63259 6.53609 0.08217
v 50.66518 6.53609 0.08217
v 50.70863 6.53609 0.08217
v 50.75208 6.53609 0.03952
v 50.79553 6.53609 0.08217
v 50.83897 6.53609 0.08217
v 50.88242 6.53609 0.08217
v 50.92587 6.53609 0.03952
v 50.42621 6.53609 0.08217
v 50.46966 6.53609 0.08217
v 50.51311 6.53609 0.08217
v 51.05622 6.53609 0.08217
v 51.01277 6.53609 0.08217
v 50.96932 6.53609 0.08217
v 49.88310 6.53609 0.03952
v 49.92655 6.53609 0.08217
v 49.96999 6.53609 0.08217
v 50.01344 6.53609 0.08217
v 50.04603 6.53609 0.03952
v 50.07862 6.53609 0.08217
v 50.12206 6.53609 0.08217
v 50.16551 6.53609 0.08217
v 50.20896 6.53609 0.03952
v 49.75275 6.53609 0.08217
v 49.79620 6.53609 0.08217
v 49.83965 6.53609 0.08217
v 50.33931 6.53609 0.08217
v 50.29586 6.53609 0.08217
v 50.25241 6.53609 0.08217
v 49.16657 6.53609 0.03952
v 49.20994 6.53609 0.08217
v 49.25332 6.53609 0.08217
v 49.29671 6.53609 0.08217
v 49.34011 6.53609 0.03952
v 49.38352 6.53609 0.08217
v 49.42694 6.53609 0.08217
v 49.45952 6.53609 0.08217
v 49.49209 6.53609 0.08217
v 49.53552 6.53609 0.03952
v 49.03671 6.53609 0.08217
v 49.07993 6.53609 0.08217
v 49.12322 6.53609 0.08217
v 49.66585 6.53609 0.08217
v 49.62241 6.53609 0.08217
v 49.57896 6.53609 0.08217
v 48.30807 6.11179 0.03952
v 48.30807 6.15310 0.08217
v 48.30807 6.19321 0.08217
v 48.30807 6.23955 0.03952
v 48.30807 6.28343 0.08217
v 48.30807 6.32442 0.08217
v 48.30807 6.36206 0.03952
v 48.30807 6.02686 0.08217
v 48.30807 6.06967 0.08217
v 48.30807 6.40109 0.08217
v 48.30807 4.97801 0.03952
v 48.30807 5.02178 0.08217
v 48.30807 5.06554 0.08217
v 48.30807 5.10931 0.08217
v 48.30807 5.14432 0.03952
v 48.30807 5.18809 0.08217
v 48.30807 5.23185 0.08217
v 48.30807 5.27562 0.03952
v 48.30807 4.89923 0.08217
v 48.30807 4.93424 0.08217
v 48.30807 5.35440 0.08217
v 48.30807 5.31939 0.08217
v 48.30807 4.43531 0.03952
v 48.30807 4.47907 0.08217
v 48.30807 4.52284 0.08217
v 48.30807 4.56661 0.03952
v 48.30807 4.60162 0.08217
v 48.30807 4.64539 0.08217
v 48.30807 4.68915 0.08217
v 48.30807 4.72416 0.03952
v 48.30807 4.35653 0.08217
v 48.30807 4.39154 0.08217
v 48.30807 4.81170 0.08217
v 48.30807 4.76793 0.08217
v 48.30807 3.89260 0.03952
v 48.30807 3.93637 0.08217
v 48.30807 3.97138 0.08217
v 48.30807 4.01515 0.03952
v 48.30807 4.05892 0.08217
v 48.30807 4.10268 0.08217
v 48.30807 4.14645 0.03952
v 48.30807 3.76131 0.08217
v 48.30807 3.80507 0.08217
v 48.30807 3.84884 0.08217
v 48.30807 4.26900 0.08217
v 48.30807 4.22523 0.08217
v 48.30807 4.18146 0.08217
v 48.30807 3.30644 0.03952
v 48.30807 3.35013 0.08217
v 48.30807 3.39383 0.08217
v 48.30807 3.42881 0.08217
v 48.30807 3.47253 0.03952
v 48.30807 3.51627 0.08217
v 48.30807 3.56001 0.08217
v 48.30807 3.60376 0.03952
v 48.30807 3.21920 0.08217
v 48.30807 3.26279 0.08217
v 48.30807 3.68253 0.08217
v 48.30807 3.63877 0.08217
v 48.78333 3.60376 0.18881
v 48.74334 3.60376 0.18881
v 48.70440 3.60376 0.18881
v 48.62160 3.60376 0.18881
v 48.57885 3.60376 0.18881
v 48.82422 3.56001 0.18881
v 48.82422 3.51627 0.18881
v 48.66669 3.56001 0.18881
v 48.66669 3.51627 0.18881
v 48.53910 3.56001 0.18881
v 48.53910 3.51627 0.18881
v 48.78333 3.47253 0.18881
v 48.74334 3.47253 0.18881
v 48.70440 3.47253 0.18881
v 48.62160 3.47253 0.18881
v 48.57885 3.47253 0.18881
v 48.82422 3.42881 0.18881
v 48.82422 3.39383 0.18881
v 48.82422 3.35013 0.18881
v 48.66669 3.42881 0.18881
v 48.66669 3.39383 0.18881
v 48.66669 3.35013 0.18881
v 48.53910 3.42880 0.18881
v 48.53910 3.39383 0.18881
v 48.53910 3.35013 0.18881
v 48.78333 3.30644 0.18881
v 48.74334 3.30644 0.18881
v 48.70440 3.30644 0.18881
v 48.62160 3.30644 0.18881
v 48.57885 3.30644 0.18881
v 48.82422 3.68253 0.18881
v 48.82422 3.63877 0.18881
v 48.66669 3.68253 0.18881
v 48.66669 3.63877 0.18881
v 48.53910 3.68253 0.18881
v 48.53910 3.63877 0.18881
v 48.45669 3.60376 0.18881
v 48.49544 3.60376 0.18881
v 48.45669 3.47253 0.18881
v 48.49544 3.47253 0.18881
v 48.45669 3.30644 0.18881
v 48.49544 3.30644 0.18881
v 48.53910 3.21920 0.18881
v 48.53910 3.26279 0.18881
v 48.66669 3.21920 0.18881
v 48.66669 3.26279 0.18881
v 48.82422 3.21920 0.18881
v 48.82422 3.26279 0.18881
v 48.95142 3.30553 0.18881
v 48.90764 3.30751 0.18881
v 48.86580 3.30655 0.18881
v 48.95557 3.47422 0.18881
v 48.90687 3.47287 0.18881
v 48.86572 3.47256 0.18881
v 48.96288 3.60293 0.18881
v 48.91630 3.60355 0.18881
v 48.86569 3.60375 0.18881
v 50.16551 6.36206 0.18881
v 50.12206 6.36206 0.18881
v 50.07862 6.36206 0.18881
v 50.01344 6.36206 0.18881
v 49.96999 6.36206 0.18881
v 49.92655 6.36206 0.18881
v 50.20896 6.32442 0.18881
v 50.20896 6.28343 0.18881
v 50.04603 6.32442 0.18881
v 50.04603 6.28343 0.18881
v 49.88310 6.32442 0.18881
v 49.88310 6.28343 0.18881
v 50.16548 6.23956 0.18881
v 50.12203 6.23956 0.18881
v 50.07858 6.23956 0.18881
v 50.01341 6.23956 0.18881
v 49.96997 6.23956 0.18881
v 49.92652 6.23956 0.18881
v 50.21249 6.19413 0.18881
v 50.21172 6.15085 0.18881
v 50.16965 6.15171 0.18881
v 50.05130 6.19155 0.18881
v 50.04332 6.15368 0.18881
v 49.88081 6.19469 0.18881
v 49.87557 6.14821 0.18881
v 50.12812 6.11157 0.18881
v 50.08822 6.11321 0.18881
v 50.04571 6.11247 0.18881
v 50.00741 6.11248 0.18881
v 49.96164 6.14915 0.18881
v 49.91971 6.14959 0.18881
v 50.20896 6.40109 0.18881
v 50.04603 6.40109 0.18881
v 49.88310 6.40109 0.18881
v 49.75275 6.36206 0.18881
v 49.79620 6.36206 0.18881
v 49.83965 6.36206 0.18881
v 49.75273 6.23956 0.18881
v 49.79618 6.23956 0.18881
v 49.83963 6.23956 0.18881
v 49.75258 6.14994 0.18881
v 49.79432 6.15007 0.18881
v 50.29955 6.11242 0.18881
v 50.25241 6.11121 0.18881
v 50.20925 6.11172 0.18881
v 50.33928 6.23955 0.18881
v 50.29582 6.23955 0.18881
v 50.25237 6.23955 0.18881
v 50.33931 6.36206 0.18881
v 50.29586 6.36206 0.18881
v 50.25241 6.36206 0.18881
v 49.49432 4.72937 0.18881
v 49.45953 4.72415 0.18881
v 49.42696 4.72415 0.18881
v 49.38355 4.72416 0.18881
v 49.29674 4.72416 0.18881
v 49.25335 4.72416 0.18881
v 49.20997 4.72416 0.18881
v 49.53552 4.68915 0.18881
v 49.53552 4.64539 0.18881
v 49.53552 4.60162 0.18881
v 49.34011 4.68915 0.18881
v 49.34011 4.64539 0.18881
v 49.34011 4.60162 0.18881
v 49.16657 4.68915 0.18881
v 49.16657 4.64539 0.18881
v 49.16657 4.60162 0.18881
v 49.49209 4.56661 0.18881
v 49.45952 4.56661 0.18881
v 49.42694 4.56661 0.18881
v 49.38352 4.56661 0.18881
v 49.29671 4.56661 0.18881
v 49.25332 4.56661 0.18881
v 49.20994 4.56661 0.18881
v 49.53552 4.52284 0.18881
v 49.53552 4.47907 0.18881
v 49.34011 4.52284 0.18881
v 49.34011 4.47907 0.18881
v 49.16657 4.52284 0.18881
v 49.16657 4.47907 0.18881
v 49.49209 4.43532 0.18881
v 49.45952 4.43532 0.18881
v 49.42695 4.43532 0.18881
v 49.38353 4.43531 0.18881
v 49.29672 4.43531 0.18881
v 49.25333 4.43531 0.18881
v 49.20995 4.43531 0.18881
v 49.54124 4.81543 0.18881
v 49.53667 4.77568 0.18881
v 49.37255 4.81652 0.18881
v 49.34176 4.76740 0.18881
v 49.21095 4.81055 0.18881
v 49.16860 4.81120 0.18881
v 49.16900 4.76779 0.18881
v 49.03674 4.72417 0.18881
v 49.07997 4.72417 0.18881
v 49.12326 4.72416 0.18881
v 49.03671 4.56661 0.18881
v 49.07993 4.56661 0.18881
v 49.12322 4.56661 0.18881
v 49.03673 4.43530 0.18881
v 49.07995 4.43530 0.18881
v 49.12324 4.43530 0.18881
v 49.17083 4.35643 0.18881
v 49.16736 4.39152 0.18881
v 49.34259 4.35006 0.18881
v 49.34043 4.39184 0.18881
v 49.53442 4.35186 0.18881
v 49.53538 4.39207 0.18881
v 49.66585 4.43532 0.18881
v 49.62240 4.43532 0.18881
v 49.57896 4.43532 0.18881
v 49.66585 4.56661 0.18881
v 49.62241 4.56661 0.18881
v 49.57896 4.56661 0.18881
v 49.66370 4.72937 0.18881
v 49.62245 4.73285 0.18881
v 49.57902 4.73285 0.18881
v 50.88242 6.36206 0.18881
v 50.83897 6.36206 0.18881
v 50.79553 6.36206 0.18881
v 50.70863 6.36206 0.18881
v 50.66518 6.36206 0.18881
v 50.63259 6.36206 0.18881
v 50.60000 6.36206 0.18881
v 50.92587 6.32442 0.18881
v 50.92587 6.28343 0.18881
v 50.75208 6.32442 0.18881
v 50.75208 6.28343 0.18881
v 50.55655 6.32442 0.18881
v 50.55655 6.28343 0.18881
v 50.88242 6.23955 0.18881
v 50.83897 6.23955 0.18881
v 50.79553 6.23955 0.18881
v 50.70863 6.23955 0.18881
v 50.66518 6.23955 0.18881
v 50.63259 6.23955 0.18881
v 50.60000 6.23954 0.18881
v 50.92587 6.19321 0.18881
v 50.92587 6.15310 0.18881
v 50.75208 6.19321 0.18881
v 50.75208 6.15310 0.18881
v 50.55655 6.19321 0.18881
v 50.55654 6.15310 0.18881
v 50.88242 6.11179 0.18881
v 50.83897 6.11179 0.18881
v 50.79553 6.11179 0.18881
v 50.70863 6.11179 0.18881
v 50.66518 6.11179 0.18881
v 50.63259 6.11179 0.18881
v 50.60001 6.11179 0.18881
v 50.92587 6.40109 0.18881
v 50.75208 6.40109 0.18881
v 50.55655 6.40109 0.18881
v 50.42621 6.36206 0.18881
v 50.46966 6.36206 0.18881
v 50.51311 6.36206 0.18881
v 50.42619 6.23954 0.18881
v 50.46965 6.23954 0.18881
v 50.51310 6.23954 0.18881
v 50.42234 6.10848 0.18881
v 50.46343 6.11037 0.18881
v 50.51196 6.11153 0.18881
v 50.55664 6.02685 0.18881
v 50.55653 6.06966 0.18881
v 50.75282 6.02686 0.18881
v 50.75217 6.06967 0.18881
v 50.92674 6.02686 0.18881
v 50.92599 6.06967 0.18881
v 51.05622 6.11179 0.18881
v 51.01277 6.11179 0.18881
v 50.96932 6.11179 0.18881
v 51.05622 6.23954 0.18881
v 51.01277 6.23955 0.18881
v 50.96932 6.23955 0.18881
v 51.05622 6.36206 0.18881
v 51.01277 6.36206 0.18881
v 50.96932 6.36206 0.18881
v 50.16548 4.72417 0.18881
v 50.12204 4.72417 0.18881
v 50.07859 4.72417 0.18881
v 50.01342 4.72416 0.18881
v 49.96998 4.72416 0.18881
v 49.92653 4.72416 0.18881
v 50.20896 4.68915 0.18881
v 50.20896 4.64539 0.18881
v 50.20896 4.60162 0.18881
v 50.04603 4.68915 0.18881
v 50.04603 4.64539 0.18881
v 50.04603 4.60162 0.18881
v 49.88310 4.68915 0.18881
v 49.88310 4.64539 0.18881
v 49.88310 4.60162 0.18881
v 50.16551 4.56661 0.18881
v 50.12206 4.56661 0.18881
v 50.07862 4.56661 0.18881
v 50.01344 4.56661 0.18881
v 49.96999 4.56661 0.18881
v 49.92655 4.56661 0.18881
v 50.20896 4.52284 0.18881
v 50.20896 4.47907 0.18881
v 50.04603 4.52284 0.18881
v 50.04603 4.47907 0.18881
v 49.88310 4.52284 0.18881
v 49.88310 4.47907 0.18881
v 50.16548 4.43531 0.18881
v 50.12204 4.43531 0.18881
v 50.07859 4.43532 0.18881
v 50.01342 4.43532 0.18881
v 49.96997 4.43532 0.18881
v 49.92653 4.43532 0.18881
v 50.21845 4.81563 0.18881
v 50.20672 4.76860 0.18881
v 50.04943 4.81217 0.18881
v 50.05306 4.77154 0.18881
v 49.87713 4.81448 0.18881
v 49.88247 4.76754 0.18881
v 49.75275 4.72416 0.18881
v 49.79619 4.72416 0.18881
v 49.83964 4.72416 0.18881
v 49.75275 4.56661 0.18881
v 49.79620 4.56661 0.18881
v 49.83965 4.56661 0.18881
v 49.75274 4.43532 0.18881
v 49.79618 4.43532 0.18881
v 49.83963 4.43532 0.18881
v 49.87612 4.35236 0.18881
v 49.88219 4.39214 0.18881
v 50.04677 4.35131 0.18881
v 50.05172 4.38917 0.18881
v 50.21358 4.34613 0.18881
v 50.20727 4.39179 0.18881
v 50.33928 4.43530 0.18881
v 50.29583 4.43531 0.18881
v 50.25238 4.43531 0.18881
v 50.33931 4.56661 0.18881
v 50.29586 4.56661 0.18881
v 50.25241 4.56661 0.18881
v 50.33927 4.72418 0.18881
v 50.29582 4.72418 0.18881
v 50.25237 4.72418 0.18881
v 51.55588 6.36206 0.18881
v 51.51243 6.36206 0.18881
v 51.46898 6.36206 0.18881
v 51.38209 6.36206 0.18881
v 51.33864 6.36206 0.18881
v 51.29519 6.36206 0.18881
v 51.59933 6.32442 0.18881
v 51.59933 6.28343 0.18881
v 51.42554 6.32442 0.18881
v 51.42554 6.28343 0.18881
v 51.25174 6.32442 0.18881
v 51.25174 6.28343 0.18881
v 51.55588 6.23955 0.18881
v 51.51243 6.23955 0.18881
v 51.46898 6.23955 0.18881
v 51.38209 6.23955 0.18881
v 51.33864 6.23955 0.18881
v 51.29519 6.23954 0.18881
v 51.59933 6.19321 0.18881
v 51.59933 6.15310 0.18881
v 51.42554 6.19321 0.18881
v 51.42554 6.15310 0.18881
v 51.25174 6.19321 0.18881
v 51.25174 6.15310 0.18881
v 51.55588 6.11179 0.18881
v 51.51244 6.11179 0.18881
v 51.46899 6.11179 0.18881
v 51.38209 6.11179 0.18881
v 51.33864 6.11179 0.18881
v 51.29519 6.11179 0.18881
v 51.59933 6.40109 0.18881
v 51.42554 6.40109 0.18881
v 51.25174 6.40109 0.18881
v 51.14312 6.36206 0.18881
v 51.18657 6.36206 0.18881
v 51.21915 6.36206 0.18881
v 51.14312 6.23954 0.18881
v 51.18657 6.23954 0.18881
v 51.21915 6.23954 0.18881
v 51.14312 6.11179 0.18881
v 51.18657 6.11179 0.18881
v 51.21916 6.11179 0.18881
v 51.25261 6.02686 0.18881
v 51.25185 6.06967 0.18881
v 51.42628 6.02686 0.18881
v 51.42563 6.06967 0.18881
v 51.59951 6.02686 0.18881
v 51.59935 6.06967 0.18881
v 51.76226 6.11179 0.18881
v 51.72968 6.11179 0.18881
v 51.68623 6.11179 0.18881
v 51.64278 6.11179 0.18881
v 51.76226 6.23954 0.18881
v 51.72968 6.23955 0.18881
v 51.68623 6.23955 0.18881
v 51.64278 6.23955 0.18881
v 51.76226 6.36206 0.18881
v 51.72968 6.36206 0.18881
v 51.68623 6.36206 0.18881
v 51.64278 6.36206 0.18881
v 50.88405 5.86015 0.18881
v 50.84162 5.86041 0.18881
v 50.79874 5.85854 0.18881
v 50.80339 5.81608 0.18881
v 50.71941 5.81969 0.18881
v 50.67518 5.81662 0.18881
v 50.62814 5.81780 0.18881
v 50.75594 5.77348 0.18881
v 50.75876 5.73191 0.18881
v 50.58213 5.77436 0.18881
v 50.58222 5.73939 0.18881
v 50.71507 5.68910 0.18881
v 50.67215 5.69441 0.18881
v 50.62818 5.69544 0.18881
v 50.71818 5.64844 0.18881
v 50.71491 5.60801 0.18881
v 50.58224 5.65194 0.18881
v 50.58223 5.60820 0.18881
v 50.67101 5.56404 0.18881
v 50.62797 5.56438 0.18881
v 50.93239 5.94065 0.18881
v 50.91665 5.89995 0.18881
v 50.75966 5.94369 0.18881
v 50.76052 5.90164 0.18881
v 50.75941 5.85952 0.18881
v 50.55741 5.94021 0.18881
v 50.55426 5.89956 0.18881
v 50.58426 5.89374 0.18881
v 50.58116 5.86174 0.18881
v 50.41758 5.82018 0.18881
v 50.46699 5.81878 0.18881
v 50.51353 5.81820 0.18881
v 50.54761 5.81807 0.18881
v 50.42183 5.69270 0.18881
v 50.46846 5.68888 0.18881
v 50.51618 5.69250 0.18881
v 50.54788 5.69570 0.18881
v 50.42232 5.56834 0.18881
v 50.46935 5.56736 0.18881
v 50.51409 5.56499 0.18881
v 50.54789 5.56449 0.18881
v 50.58223 5.44193 0.18881
v 50.58223 5.48569 0.18881
v 50.58223 5.52945 0.18881
v 50.71536 5.44216 0.18881
v 50.71510 5.48531 0.18881
v 50.71527 5.52846 0.18881
v 51.05332 5.85905 0.18881
v 51.01220 5.85814 0.18881
v 50.96925 5.86142 0.18881
v 50.71236 5.27012 0.18881
v 50.67229 5.27665 0.18881
v 50.62820 5.27581 0.18881
v 50.75711 5.23248 0.18881
v 50.76051 5.19190 0.18881
v 50.58225 5.23186 0.18881
v 50.58227 5.18810 0.18881
v 50.88587 5.10906 0.18881
v 50.84423 5.10760 0.18881
v 50.80573 5.14748 0.18881
v 50.71356 5.14724 0.18881
v 50.67694 5.14555 0.18881
v 50.62912 5.14455 0.18881
v 50.92705 5.06338 0.18881
v 50.92874 5.02333 0.18881
v 50.75187 5.11123 0.18881
v 50.74938 5.06440 0.18881
v 50.75197 5.01523 0.18881
v 50.58235 5.10931 0.18881
v 50.58242 5.06554 0.18881
v 50.58249 5.02177 0.18881
v 50.88548 4.98169 0.18881
v 50.84398 4.98176 0.18881
v 50.80810 4.97855 0.18881
v 50.71398 4.97954 0.18881
v 50.67741 4.98371 0.18881
v 50.62711 4.98100 0.18881
v 50.71731 5.35620 0.18881
v 50.71896 5.31351 0.18881
v 50.58224 5.35440 0.18881
v 50.58224 5.31939 0.18881
v 50.42299 5.27704 0.18881
v 50.46963 5.27181 0.18881
v 50.51415 5.27652 0.18881
v 50.54790 5.27567 0.18881
v 50.42531 5.14890 0.18881
v 50.46895 5.15018 0.18881
v 50.51403 5.14541 0.18881
v 50.54791 5.14438 0.18881
v 50.41670 5.02110 0.18881
v 50.46544 5.02395 0.18881
v 50.46965 4.98139 0.18881
v 50.51379 4.97936 0.18881
v 50.54802 4.97809 0.18881
v 50.58255 4.89921 0.18881
v 50.58255 4.93422 0.18881
v 50.75920 4.89071 0.18881
v 50.75893 4.93406 0.18881
v 51.05380 5.01797 0.18881
v 51.01436 5.02041 0.18881
v 51.01295 4.98016 0.18881
v 50.97005 4.98267 0.18881
v 51.05719 5.10766 0.18881
v 51.01275 5.11003 0.18881
v 50.96951 5.10949 0.18881
v 50.71544 4.72898 0.18881
v 50.67204 4.73045 0.18881
v 50.62856 4.73246 0.18881
v 50.71645 4.64657 0.18881
v 50.71629 4.60370 0.18881
v 50.58254 4.68914 0.18881
v 50.58254 4.64537 0.18881
v 50.58254 4.60161 0.18881
v 50.67173 4.56513 0.18881
v 50.62850 4.56633 0.18881
v 50.71697 4.51866 0.18881
v 50.71783 4.47652 0.18881
v 50.58254 4.52283 0.18881
v 50.58254 4.47907 0.18881
v 50.67244 4.43508 0.18881
v 50.62863 4.43527 0.18881
v 50.75775 4.81148 0.18881
v 50.72110 4.77186 0.18881
v 50.58255 4.81168 0.18881
v 50.58255 4.76792 0.18881
v 50.42622 4.72418 0.18881
v 50.46997 4.72417 0.18881
v 50.51429 4.72417 0.18881
v 50.54807 4.72416 0.18881
v 50.42624 4.56661 0.18881
v 50.46997 4.56661 0.18881
v 50.51429 4.56661 0.18881
v 50.54807 4.56661 0.18881
v 50.42622 4.43530 0.18881
v 50.46997 4.43530 0.18881
v 50.51429 4.43531 0.18881
v 50.54807 4.43531 0.18881
v 50.58255 4.35653 0.18881
v 50.58255 4.39154 0.18881
v 50.75729 4.35513 0.18881
v 50.75640 4.39366 0.18881
v 50.92548 4.14500 0.18881
v 50.88478 4.14714 0.18881
v 50.84115 4.14341 0.18881
v 50.80223 4.14553 0.18881
v 50.75200 4.14222 0.18881
v 50.72143 4.14076 0.18881
v 50.67646 4.14793 0.18881
v 50.62825 4.14672 0.18881
v 50.92141 4.09986 0.18881
v 50.93122 4.05557 0.18881
v 50.76164 4.09044 0.18881
v 50.76235 4.05424 0.18881
v 50.76322 4.02202 0.18881
v 50.58315 4.10619 0.18881
v 50.55260 4.09829 0.18881
v 50.55761 4.05891 0.18881
v 50.88637 4.01965 0.18881
v 50.84155 4.01836 0.18881
v 50.79947 4.01372 0.18881
v 50.71479 4.01503 0.18881
v 50.66835 4.02095 0.18881
v 50.62317 4.01455 0.18881
v 50.59001 4.01512 0.18881
v 50.75856 3.93692 0.18881
v 50.71683 3.93516 0.18881
v 50.71601 3.89283 0.18881
v 50.55671 3.97138 0.18881
v 50.55659 3.93637 0.18881
v 50.68065 3.85016 0.18881
v 50.64197 3.89042 0.18881
v 50.59986 3.89239 0.18881
v 50.75588 4.26844 0.18881
v 50.76440 4.23210 0.18881
v 50.58255 4.26900 0.18881
v 50.58247 4.22524 0.18881
v 50.58219 4.18147 0.18881
v 50.42762 4.14018 0.18881
v 50.46575 4.14371 0.18881
v 50.51328 4.14594 0.18881
v 50.54755 4.14642 0.18881
v 50.41882 4.01993 0.18881
v 50.46959 4.01743 0.18881
v 50.51286 4.01492 0.18881
v 50.42275 3.89226 0.18881
v 50.46849 3.89249 0.18881
v 50.51289 3.89258 0.18881
v 50.55655 3.76131 0.18881
v 50.55655 3.80508 0.18881
v 50.55655 3.84884 0.18881
v 50.72062 3.76613 0.18881
v 50.72067 3.80985 0.18881
v 51.05207 4.01975 0.18881
v 51.01211 4.01841 0.18881
v 50.97226 4.01679 0.18881
v 51.05392 4.14286 0.18881
v 51.00986 4.14322 0.18881
v 50.67894 3.60107 0.18881
v 50.64133 3.60305 0.18881
v 50.59979 3.60369 0.18881
v 50.71559 3.55629 0.18881
v 50.72003 3.51585 0.18881
v 50.55655 3.56002 0.18881
v 50.55655 3.51628 0.18881
v 50.68000 3.47214 0.18881
v 50.64161 3.47243 0.18881
v 50.59982 3.47252 0.18881
v 50.72181 3.43023 0.18881
v 50.71657 3.38858 0.18881
v 50.71881 3.34741 0.18881
v 50.55655 3.42882 0.18881
v 50.55655 3.39385 0.18881
v 50.55655 3.35015 0.18881
v 50.68527 3.30481 0.18881
v 50.64244 3.30732 0.18881
v 50.59991 3.30653 0.18881
v 50.71855 3.68105 0.18881
v 50.71489 3.63941 0.18881
v 50.55655 3.68254 0.18881
v 50.55655 3.63878 0.18881
v 50.42834 3.59750 0.18881
v 50.46965 3.59710 0.18881
v 50.51093 3.59894 0.18881
v 50.42515 3.47274 0.18881
v 50.46934 3.47549 0.18881
v 50.51305 3.47308 0.18881
v 50.42032 3.34868 0.18881
v 50.42392 3.30671 0.18881
v 50.46587 3.30585 0.18881
v 50.51284 3.30724 0.18881
v 50.55654 3.21923 0.18881
v 50.55654 3.26282 0.18881
v 50.75706 3.22264 0.18881
v 50.75954 3.26250 0.18881
v 50.71941 3.26256 0.18881
v 52.27249 6.36206 0.18881
v 52.22911 6.36206 0.18881
v 52.18572 6.36206 0.18881
v 52.09890 6.36206 0.18881
v 52.05548 6.36206 0.18881
v 52.01205 6.36206 0.18881
v 52.31586 6.32442 0.18881
v 52.31586 6.28343 0.18881
v 52.14231 6.32442 0.18881
v 52.14231 6.28343 0.18881
v 51.96862 6.32442 0.18881
v 51.96862 6.28343 0.18881
v 52.27249 6.23955 0.18881
v 52.22911 6.23955 0.18881
v 52.18572 6.23955 0.18881
v 52.09890 6.23955 0.18881
v 52.05548 6.23955 0.18881
v 52.01205 6.23954 0.18881
v 52.31586 6.19321 0.18881
v 52.31586 6.15310 0.18881
v 52.14231 6.19321 0.18881
v 52.14231 6.15310 0.18881
v 51.96862 6.19321 0.18881
v 51.96862 6.15310 0.18881
v 52.27249 6.11179 0.18881
v 52.22911 6.11179 0.18881
v 52.18572 6.11179 0.18881
v 52.09890 6.11179 0.18881
v 52.05548 6.11179 0.18881
v 52.01205 6.11179 0.18881
v 52.31586 6.40109 0.18881
v 52.14231 6.40109 0.18881
v 51.96862 6.40109 0.18881
v 51.83830 6.36206 0.18881
v 51.88174 6.36206 0.18881
v 51.92518 6.36206 0.18881
v 51.83830 6.23954 0.18881
v 51.88174 6.23954 0.18881
v 51.92518 6.23954 0.18881
v 51.83830 6.11179 0.18881
v 51.88174 6.11179 0.18881
v 51.92518 6.11179 0.18881
v 51.96862 6.02686 0.18881
v 51.96862 6.06967 0.18881
v 52.14231 6.02686 0.18881
v 52.14231 6.06967 0.18881
v 52.31586 6.02686 0.18881
v 52.31586 6.06967 0.18881
v 52.42412 6.11179 0.18881
v 52.38086 6.11179 0.18881
v 52.34837 6.11179 0.18881
v 52.42412 6.23954 0.18881
v 52.38086 6.23955 0.18881
v 52.34837 6.23954 0.18881
v 52.42412 6.36206 0.18881
v 52.38086 6.36206 0.18881
v 52.34837 6.36206 0.18881
v 51.55799 5.81522 0.18881
v 51.51492 5.81931 0.18881
v 51.46912 5.82115 0.18881
v 51.38617 5.85852 0.18881
v 51.34127 5.85961 0.18881
v 51.30061 5.85962 0.18881
v 51.60320 5.77436 0.18881
v 51.60330 5.73939 0.18881
v 51.46964 5.77538 0.18881
v 51.46660 5.73455 0.18881
v 51.55437 5.69532 0.18881
v 51.50994 5.69382 0.18881
v 51.60333 5.65194 0.18881
v 51.60334 5.60820 0.18881
v 51.46826 5.65181 0.18881
v 51.47139 5.60750 0.18881
v 51.55480 5.56438 0.18881
v 51.50513 5.56395 0.18881
v 51.60061 5.94021 0.18881
v 51.60150 5.89665 0.18881
v 51.60220 5.86174 0.18881
v 51.42838 5.94370 0.18881
v 51.43497 5.90174 0.18881
v 51.43209 5.86093 0.18881
v 51.25785 5.94067 0.18881
v 51.26087 5.90022 0.18881
v 51.13555 5.85947 0.18881
v 51.17655 5.85895 0.18881
v 51.21742 5.85798 0.18881
v 51.45804 5.44258 0.18881
v 51.45762 5.48486 0.18881
v 51.45800 5.52286 0.18881
v 51.60334 5.44193 0.18881
v 51.60334 5.48569 0.18881
v 51.60334 5.52945 0.18881
v 51.72101 5.56380 0.18881
v 51.68449 5.56428 0.18881
v 51.64435 5.56444 0.18881
v 51.72312 5.69343 0.18881
v 51.68506 5.69508 0.18881
v 51.64440 5.69562 0.18881
v 51.75808 5.82501 0.18881
v 51.72495 5.81571 0.18881
v 51.68691 5.81736 0.18881
v 51.64438 5.81799 0.18881
v 51.55442 5.27606 0.18881
v 51.51172 5.27434 0.18881
v 51.60333 5.23186 0.18881
v 51.60333 5.18810 0.18881
v 51.46907 5.23267 0.18881
v 51.46925 5.18818 0.18881
v 51.46467 5.15456 0.18881
v 51.55301 5.14479 0.18881
v 51.50249 5.14685 0.18881
v 51.38231 5.14860 0.18881
v 51.39032 5.10977 0.18881
v 51.34949 5.10879 0.18881
v 51.30784 5.10640 0.18881
v 51.60339 5.10931 0.18881
v 51.60346 5.06554 0.18881
v 51.60353 5.02177 0.18881
v 51.43303 5.11331 0.18881
v 51.46310 5.10841 0.18881
v 51.46079 5.06493 0.18881
v 51.43433 5.01743 0.18881
v 51.26882 5.06392 0.18881
v 51.55568 4.97950 0.18881
v 51.50500 4.97998 0.18881
v 51.47495 4.98211 0.18881
v 51.38296 4.98431 0.18881
v 51.34343 4.97923 0.18881
v 51.30408 4.98285 0.18881
v 51.30168 5.02035 0.18881
v 51.60334 5.35440 0.18881
v 51.60334 5.31939 0.18881
v 51.46562 5.35771 0.18881
v 51.47236 5.31554 0.18881
v 51.14024 5.10761 0.18881
v 51.18180 5.10816 0.18881
v 51.22331 5.10908 0.18881
v 51.13675 5.01869 0.18881
v 51.17824 5.01869 0.18881
v 51.21972 5.01844 0.18881
v 51.47023 4.89597 0.18881
v 51.46360 4.93804 0.18881
v 51.60363 4.89922 0.18881
v 51.60361 4.93423 0.18881
v 51.75780 4.97945 0.18881
v 51.72702 4.97854 0.18881
v 51.68716 4.98531 0.18881
v 51.64471 4.97786 0.18881
v 51.75818 5.14603 0.18881
v 51.72719 5.14961 0.18881
v 51.68717 5.14497 0.18881
v 51.64463 5.14439 0.18881
v 51.72147 5.27423 0.18881
v 51.68507 5.27620 0.18881
v 51.64440 5.27568 0.18881
v 51.55273 4.73049 0.18881
v 51.51133 4.73180 0.18881
v 51.60365 4.68915 0.18881
v 51.60365 4.64539 0.18881
v 51.60365 4.60162 0.18881
v 51.46840 4.68721 0.18881
v 51.46106 4.64330 0.18881
v 51.46130 4.60104 0.18881
v 51.55284 4.56312 0.18881
v 51.50622 4.55953 0.18881
v 51.60365 4.52284 0.18881
v 51.60365 4.47908 0.18881
v 51.45968 4.51698 0.18881
v 51.46415 4.47943 0.18881
v 51.55536 4.43587 0.18881
v 51.50741 4.43681 0.18881
v 51.60364 4.81169 0.18881
v 51.60364 4.76793 0.18881
v 51.46995 4.81185 0.18881
v 51.46978 4.76901 0.18881
v 51.47012 4.35397 0.18881
v 51.46740 4.39674 0.18881
v 51.60364 4.35654 0.18881
v 51.60365 4.39155 0.18881
v 51.72203 4.43480 0.18881
v 51.68481 4.43517 0.18881
v 51.64451 4.43529 0.18881
v 51.72074 4.56374 0.18881
v 51.68447 4.56584 0.18881
v 51.64448 4.56653 0.18881
v 51.72131 4.72845 0.18881
v 51.68462 4.73173 0.18881
v 51.64654 4.72928 0.18881
v 51.56188 4.14684 0.18881
v 51.52098 4.14860 0.18881
v 51.47990 4.13879 0.18881
v 51.46697 4.18600 0.18881
v 51.42991 4.14016 0.18881
v 51.38976 4.14338 0.18881
v 51.34542 4.14427 0.18881
v 51.30184 4.14612 0.18881
v 51.59994 4.10208 0.18881
v 51.59064 4.05560 0.18881
v 51.43080 4.09588 0.18881
v 51.43043 4.06045 0.18881
v 51.43142 4.01767 0.18881
v 51.26132 4.10111 0.18881
v 51.26240 4.06093 0.18881
v 51.55222 4.01997 0.18881
v 51.51195 4.02117 0.18881
v 51.46884 4.01913 0.18881
v 51.34268 4.02071 0.18881
v 51.29927 4.02157 0.18881
v 51.59547 3.97419 0.18881
v 51.59214 3.93400 0.18881
v 51.59692 3.89304 0.18881
v 51.60363 4.26901 0.18881
v 51.60353 4.22525 0.18881
v 51.60323 4.18148 0.18881
v 51.46990 4.27066 0.18881
v 51.46987 4.22844 0.18881
v 51.13785 4.14534 0.18881
v 51.18231 4.14447 0.18881
v 51.22277 4.14572 0.18881
v 51.13544 4.01951 0.18881
v 51.17888 4.02212 0.18881
v 51.21904 4.02223 0.18881
v 51.59650 3.76497 0.18881
v 51.59086 3.80978 0.18881
v 51.72232 3.85076 0.18881
v 51.68264 3.85347 0.18881
v 51.63753 3.85027 0.18881
v 51.75458 4.01611 0.18881
v 51.71896 4.01987 0.18881
v 51.68283 4.02044 0.18881
v 51.63593 4.02100 0.18881
v 51.75932 4.14514 0.18881
v 51.72131 4.14837 0.18881
v 51.68758 4.14715 0.18881
v 51.64439 4.14651 0.18881
v 51.60134 3.55741 0.18881
v 51.60110 3.51640 0.18881
v 51.60108 3.43089 0.18881
v 51.59470 3.38973 0.18881
v 51.59874 3.68025 0.18881
v 51.60015 3.63938 0.18881
v 51.59242 3.22424 0.18881
v 51.59377 3.27009 0.18881
v 51.58908 3.30924 0.18881
v 51.72504 3.30927 0.18881
v 51.68192 3.30554 0.18881
v 51.64179 3.30454 0.18881
v 51.63847 3.34590 0.18881
v 51.72147 3.47171 0.18881
v 51.68421 3.47392 0.18881
v 51.64517 3.47391 0.18881
v 51.72043 3.60038 0.18881
v 51.68204 3.59821 0.18881
v 51.64327 3.59646 0.18881
v 49.53552 2.61463 0.03952
v 49.49209 2.61463 0.08217
v 49.45952 2.61463 0.08217
v 49.42694 2.61463 0.08217
v 49.38352 2.61463 0.08217
v 49.34011 2.61463 0.03952
v 49.29671 2.61463 0.08217
v 49.25332 2.61463 0.08217
v 49.20994 2.61463 0.08217
v 49.16657 2.61463 0.03952
v 49.66585 2.61463 0.08217
v 49.62241 2.61463 0.08217
v 49.57896 2.61463 0.08217
v 49.03671 2.61463 0.08217
v 49.07993 2.61463 0.08217
v 49.12322 2.61463 0.08217
v 52.26832 4.14620 0.18881
v 52.22798 4.14477 0.18881
v 52.18752 4.14369 0.18881
v 52.09981 4.14258 0.18881
v 52.05575 4.14275 0.18881
v 52.01188 4.14323 0.18881
v 52.31289 4.10123 0.18881
v 52.30996 4.06072 0.18881
v 52.14312 4.10004 0.18881
v 52.14047 4.06104 0.18881
v 51.97309 4.09996 0.18881
v 51.97095 4.05967 0.18881
v 52.26447 4.02221 0.18881
v 52.22095 4.02080 0.18881
v 52.17676 4.02314 0.18881
v 52.09555 4.02242 0.18881
v 52.05500 4.02152 0.18881
v 52.01453 4.02026 0.18881
v 51.84571 4.14619 0.18881
v 51.89148 4.14536 0.18881
v 51.93087 4.14561 0.18881
v 51.84955 4.01849 0.18881
v 51.89464 4.01749 0.18881
v 51.93395 4.01665 0.18881
v 52.42806 4.01965 0.18881
v 52.38373 4.01972 0.18881
v 52.34547 4.01931 0.18881
v 52.43633 4.14205 0.18881
v 52.39181 4.14596 0.18881
v 52.35068 4.14261 0.18881
v 52.89517 5.27562 0.18881
v 52.85206 5.27562 0.18881
v 52.76834 5.27562 0.18881
v 52.71921 5.27562 0.18881
v 52.67875 5.27562 0.18881
v 52.93570 5.23185 0.18881
v 52.93570 5.18809 0.18881
v 52.81574 5.23185 0.18881
v 52.81574 5.18809 0.18881
v 52.63749 5.23186 0.18881
v 52.63748 5.18810 0.18881
v 52.89517 5.14432 0.18881
v 52.85206 5.14432 0.18881
v 52.76834 5.14432 0.18881
v 52.71921 5.14432 0.18881
v 52.67875 5.14432 0.18881
v 52.93570 5.10931 0.18881
v 52.93570 5.06554 0.18881
v 52.93570 5.02178 0.18881
v 52.81574 5.10931 0.18881
v 52.81574 5.06554 0.18881
v 52.81574 5.02178 0.18881
v 52.63747 5.10931 0.18881
v 52.63747 5.06554 0.18881
v 52.63747 5.02177 0.18881
v 52.89517 4.97801 0.18881
v 52.85206 4.97801 0.18881
v 52.76834 4.97801 0.18881
v 52.71921 4.97801 0.18881
v 52.67875 4.97801 0.18881
v 52.93570 5.35440 0.18881
v 52.93570 5.31939 0.18881
v 52.81574 5.35440 0.18881
v 52.81574 5.31939 0.18881
v 52.63750 5.35440 0.18881
v 52.63750 5.31939 0.18881
v 52.55681 5.27686 0.18881
v 52.59624 5.27585 0.18881
v 52.51218 5.15150 0.18881
v 52.55246 5.14570 0.18881
v 52.59544 5.14458 0.18881
v 52.51717 4.98156 0.18881
v 52.55155 4.98458 0.18881
v 52.59532 4.97758 0.18881
v 52.63749 4.89922 0.18881
v 52.63748 4.93423 0.18881
v 52.81574 4.89923 0.18881
v 52.81574 4.93424 0.18881
v 52.93570 4.89923 0.18881
v 52.93570 4.93424 0.18881
v 53.01946 4.97801 0.18881
v 52.97296 4.97801 0.18881
v 53.01946 5.14432 0.18881
v 52.97296 5.14432 0.18881
v 53.01946 5.27562 0.18881
v 52.97296 5.27562 0.18881
v 52.89517 4.72416 0.18881
v 52.85206 4.72416 0.18881
v 52.76834 4.72416 0.18881
v 52.71921 4.72416 0.18881
v 52.67875 4.72416 0.18881
v 52.93570 4.68915 0.18881
v 52.93570 4.64539 0.18881
v 52.93570 4.60162 0.18881
v 52.81574 4.68915 0.18881
v 52.81574 4.64539 0.18881
v 52.81574 4.60162 0.18881
v 52.63750 4.68915 0.18881
v 52.63750 4.64539 0.18881
v 52.63750 4.60162 0.18881
v 52.89517 4.56661 0.18881
v 52.85206 4.56661 0.18881
v 52.76834 4.56661 0.18881
v 52.71921 4.56661 0.18881
v 52.67875 4.56661 0.18881
v 52.93570 4.52284 0.18881
v 52.93570 4.47907 0.18881
v 52.81574 4.52284 0.18881
v 52.81574 4.47907 0.18881
v 52.63751 4.52285 0.18881
v 52.63750 4.47908 0.18881
v 52.89517 4.43531 0.18881
v 52.85206 4.43531 0.18881
v 52.76834 4.43531 0.18881
v 52.71921 4.43531 0.18881
v 52.67875 4.43531 0.18881
v 52.93570 4.81170 0.18881
v 52.93570 4.76793 0.18881
v 52.81574 4.81170 0.18881
v 52.81574 4.76793 0.18881
v 52.63749 4.81169 0.18881
v 52.63750 4.76793 0.18881
v 52.55721 4.73239 0.18881
v 52.59429 4.72931 0.18881
v 52.55817 4.55886 0.18881
v 52.59649 4.56678 0.18881
v 52.55792 4.43698 0.18881
v 52.59644 4.43562 0.18881
v 52.63750 4.35654 0.18881
v 52.63750 4.39155 0.18881
v 52.81574 4.35653 0.18881
v 52.81574 4.39154 0.18881
v 52.93570 4.35653 0.18881
v 52.93570 4.39154 0.18881
v 53.01946 4.43531 0.18881
v 52.97296 4.43531 0.18881
v 53.01946 4.56661 0.18881
v 52.97296 4.56661 0.18881
v 53.01946 4.72416 0.18881
v 52.97296 4.72416 0.18881
v 52.89517 4.14645 0.18881
v 52.85206 4.14645 0.18881
v 52.76834 4.14645 0.18881
v 52.71921 4.14645 0.18881
v 52.67875 4.14645 0.18881
v 52.93570 4.10268 0.18881
v 52.93570 4.05892 0.18881
v 52.81574 4.10268 0.18881
v 52.81574 4.05892 0.18881
v 52.63747 4.10269 0.18881
v 52.63747 4.05891 0.18881
v 52.89517 4.01515 0.18881
v 52.85206 4.01515 0.18881
v 52.76834 4.01515 0.18881
v 52.71921 4.01515 0.18881
v 52.67875 4.01515 0.18881
v 52.93570 3.97138 0.18881
v 52.93570 3.93637 0.18881
v 52.81574 3.97138 0.18881
v 52.81574 3.93637 0.18881
v 52.63748 3.97137 0.18881
v 52.63749 3.93636 0.18881
v 52.89517 3.89260 0.18881
v 52.85206 3.89260 0.18881
v 52.76834 3.89260 0.18881
v 52.71921 3.89260 0.18881
v 52.67875 3.89260 0.18881
v 52.93570 4.26900 0.18881
v 52.93570 4.22523 0.18881
v 52.93570 4.18146 0.18881
v 52.81574 4.26900 0.18881
v 52.81574 4.22523 0.18881
v 52.81574 4.18146 0.18881
v 52.63750 4.26901 0.18881
v 52.63749 4.22525 0.18881
v 52.63748 4.18148 0.18881
v 52.51319 4.13735 0.18881
v 52.55219 4.14857 0.18881
v 52.59539 4.14684 0.18881
v 52.51683 4.01952 0.18881
v 52.55141 4.02200 0.18881
v 52.59527 4.01477 0.18881
v 52.51874 3.85202 0.18881
v 52.55540 3.89027 0.18881
v 52.59598 3.89217 0.18881
v 52.63750 3.76130 0.18881
v 52.63750 3.80507 0.18881
v 52.63749 3.84883 0.18881
v 52.81574 3.76131 0.18881
v 52.81574 3.80507 0.18881
v 52.81574 3.84884 0.18881
v 52.93570 3.76131 0.18881
v 52.93570 3.80507 0.18881
v 52.93570 3.84884 0.18881
v 53.01946 3.89260 0.18881
v 52.97296 3.89260 0.18881
v 53.01946 4.01515 0.18881
v 52.97296 4.01515 0.18881
v 53.01946 4.14645 0.18881
v 52.97296 4.14645 0.18881
v 52.89517 3.60376 0.18881
v 52.85206 3.60376 0.18881
v 52.76834 3.60376 0.18881
v 52.71921 3.60376 0.18881
v 52.67875 3.60376 0.18881
v 52.93570 3.56001 0.18881
v 52.93570 3.51627 0.18881
v 52.81574 3.56001 0.18881
v 52.81574 3.51627 0.18881
v 52.63751 3.56002 0.18881
v 52.63751 3.51627 0.18881
v 52.89517 3.47253 0.18881
v 52.85206 3.47253 0.18881
v 52.76834 3.47253 0.18881
v 52.71921 3.47253 0.18881
v 52.67875 3.47253 0.18881
v 52.93570 3.42880 0.18881
v 52.93570 3.39383 0.18881
v 52.93570 3.35013 0.18881
v 52.81574 3.42880 0.18881
v 52.81574 3.39383 0.18881
v 52.81574 3.35013 0.18881
v 52.63750 3.42881 0.18881
v 52.63750 3.39384 0.18881
v 52.63750 3.35014 0.18881
v 52.89517 3.30644 0.18881
v 52.85206 3.30644 0.18881
v 52.76834 3.30644 0.18881
v 52.71921 3.30644 0.18881
v 52.67875 3.30644 0.18881
v 52.93570 3.68253 0.18881
v 52.93570 3.63877 0.18881
v 52.81574 3.68253 0.18881
v 52.81574 3.63877 0.18881
v 52.63750 3.68253 0.18881
v 52.63750 3.63877 0.18881
v 52.55823 3.59570 0.18881
v 52.59650 3.60388 0.18881
v 52.55809 3.47388 0.18881
v 52.59648 3.47278 0.18881
v 52.55672 3.30921 0.18881
v 52.59622 3.30696 0.18881
v 52.63748 3.21922 0.18881
v 52.63749 3.26281 0.18881
v 52.81574 3.21920 0.18881
v 52.81574 3.26279 0.18881
v 52.93570 3.21920 0.18881
v 52.93570 3.26279 0.18881
v 53.01946 3.30644 0.18881
v 52.97296 3.30644 0.18881
v 53.01946 3.47253 0.18881
v 52.97296 3.47253 0.18881
v 53.01946 3.60376 0.18881
v 52.97296 3.60376 0.18881
v 52.93570 2.61463 0.03952
v 52.89517 2.61463 0.08217
v 52.85206 2.61463 0.08217
v 52.81574 2.61463 0.03952
v 52.76834 2.61463 0.08217
v 52.71921 2.61463 0.08217
v 52.67875 2.61463 0.08217
v 52.63748 2.61463 0.03952
v 53.01946 2.61463 0.08217
v 52.97296 2.61463 0.08217
v 52.51032 2.61463 0.08217
v 52.55313 2.61463 0.08217
v 52.59556 2.61463 0.08217
v 53.17436 3.60376 0.03952
v 53.17436 3.56001 0.08217
v 53.17436 3.51627 0.08217
v 53.17436 3.47253 0.03952
v 53.17436 3.42880 0.08217
v 53.17436 3.39383 0.08217
v 53.17436 3.35013 0.08217
v 53.17436 3.30644 0.03952
v 53.17436 3.68253 0.08217
v 53.17436 3.63877 0.08217
v 53.17436 3.21920 0.08217
v 53.17436 3.26279 0.08217
v 48.78333 5.81806 0.18881
v 48.74334 5.81806 0.18881
v 48.70440 5.81806 0.18881
v 48.62160 5.81806 0.18881
v 48.57885 5.81806 0.18881
v 48.82422 5.77437 0.18881
v 48.82422 5.73940 0.18881
v 48.66669 5.77437 0.18881
v 48.66669 5.73940 0.18881
v 48.53910 5.77437 0.18881
v 48.53910 5.73940 0.18881
v 48.78333 5.69568 0.18881
v 48.74334 5.69568 0.18881
v 48.70440 5.69568 0.18881
v 48.62160 5.69568 0.18881
v 48.57885 5.69568 0.18881
v 48.82422 5.65195 0.18881
v 48.82422 5.60821 0.18881
v 48.66669 5.65195 0.18881
v 48.66669 5.60821 0.18881
v 48.53910 5.65195 0.18881
v 48.53910 5.60821 0.18881
v 48.78333 5.56446 0.18881
v 48.74334 5.56446 0.18881
v 48.70440 5.56446 0.18881
v 48.62160 5.56446 0.18881
v 48.57885 5.56446 0.18881
v 48.82422 5.94021 0.18881
v 48.82422 5.89665 0.18881
v 48.82422 5.86174 0.18881
v 48.66669 5.94021 0.18881
v 48.66669 5.89665 0.18881
v 48.66669 5.86174 0.18881
v 48.53910 5.94021 0.18881
v 48.53910 5.89665 0.18881
v 48.53910 5.86174 0.18881
v 48.45669 5.81806 0.18881
v 48.49544 5.81806 0.18881
v 48.45669 5.69568 0.18881
v 48.49544 5.69568 0.18881
v 48.45669 5.56446 0.18881
v 48.49544 5.56446 0.18881
v 48.53910 5.44193 0.18881
v 48.53910 5.48569 0.18881
v 48.53910 5.52945 0.18881
v 48.66669 5.44193 0.18881
v 48.66669 5.48569 0.18881
v 48.66669 5.52945 0.18881
v 48.82422 5.44193 0.18881
v 48.82422 5.48569 0.18881
v 48.82422 5.52945 0.18881
v 48.96127 5.56770 0.18881
v 48.91589 5.56308 0.18881
v 48.86566 5.56437 0.18881
v 48.96018 5.69152 0.18881
v 48.91603 5.69364 0.18881
v 48.86567 5.69555 0.18881
v 48.95739 5.82100 0.18881
v 48.90667 5.81634 0.18881
v 48.86570 5.81789 0.18881
v 48.78333 5.27562 0.18881
v 48.74334 5.27562 0.18881
v 48.70440 5.27562 0.18881
v 48.62160 5.27562 0.18881
v 48.57885 5.27562 0.18881
v 48.82422 5.23185 0.18881
v 48.82422 5.18809 0.18881
v 48.66669 5.23185 0.18881
v 48.66669 5.18809 0.18881
v 48.53910 5.23185 0.18881
v 48.53910 5.18809 0.18881
v 48.78333 5.14432 0.18881
v 48.74334 5.14432 0.18881
v 48.70440 5.14432 0.18881
v 48.62160 5.14432 0.18881
v 48.57885 5.14432 0.18881
v 48.82422 5.10931 0.18881
v 48.82422 5.06554 0.18881
v 48.82422 5.02178 0.18881
v 48.66669 5.10931 0.18881
v 48.66669 5.06554 0.18881
v 48.66669 5.02178 0.18881
v 48.53910 5.10931 0.18881
v 48.53910 5.06554 0.18881
v 48.53910 5.02178 0.18881
v 48.78333 4.97801 0.18881
v 48.74334 4.97801 0.18881
v 48.70440 4.97801 0.18881
v 48.62160 4.97801 0.18881
v 48.57885 4.97801 0.18881
v 48.82422 5.35440 0.18881
v 48.82422 5.31939 0.18881
v 48.66669 5.35440 0.18881
v 48.66669 5.31939 0.18881
v 48.53910 5.35440 0.18881
v 48.53910 5.31939 0.18881
v 48.45669 5.27562 0.18881
v 48.49544 5.27562 0.18881
v 48.45669 5.14432 0.18881
v 48.49544 5.14432 0.18881
v 48.45669 4.97801 0.18881
v 48.49544 4.97801 0.18881
v 48.53910 4.89923 0.18881
v 48.53910 4.93424 0.18881
v 48.66669 4.89923 0.18881
v 48.66669 4.93424 0.18881
v 48.82422 4.89923 0.18881
v 48.82422 4.93424 0.18881
v 48.95498 5.02234 0.18881
v 48.95169 4.98069 0.18881
v 48.90888 4.97972 0.18881
v 48.86592 4.97818 0.18881
v 48.94935 5.14709 0.18881
v 48.90768 5.14506 0.18881
v 48.86580 5.14439 0.18881
v 48.95610 5.27630 0.18881
v 48.90697 5.27576 0.18881
v 48.86573 5.27563 0.18881
v 48.78333 4.72416 0.18881
v 48.74334 4.72416 0.18881
v 48.70440 4.72416 0.18881
v 48.62160 4.72416 0.18881
v 48.57885 4.72416 0.18881
v 48.82422 4.68915 0.18881
v 48.82422 4.64539 0.18881
v 48.82422 4.60162 0.18881
v 48.66669 4.68915 0.18881
v 48.66669 4.64539 0.18881
v 48.66669 4.60162 0.18881
v 48.53910 4.68915 0.18881
v 48.53910 4.64539 0.18881
v 48.53910 4.60162 0.18881
v 48.78333 4.56661 0.18881
v 48.74334 4.56661 0.18881
v 48.70440 4.56661 0.18881
v 48.62160 4.56661 0.18881
v 48.57885 4.56661 0.18881
v 48.82422 4.52284 0.18881
v 48.82422 4.47907 0.18881
v 48.66669 4.52284 0.18881
v 48.66669 4.47907 0.18881
v 48.53910 4.52284 0.18881
v 48.53910 4.47907 0.18881
v 48.78333 4.43531 0.18881
v 48.74334 4.43531 0.18881
v 48.70440 4.43531 0.18881
v 48.62160 4.43531 0.18881
v 48.57885 4.43531 0.18881
v 48.82422 4.81170 0.18881
v 48.82422 4.76793 0.18881
v 48.66669 4.81170 0.18881
v 48.66669 4.76793 0.18881
v 48.53910 4.81170 0.18881
v 48.53910 4.76793 0.18881
v 48.45669 4.72416 0.18881
v 48.49544 4.72416 0.18881
v 48.45669 4.56661 0.18881
v 48.49544 4.56661 0.18881
v 48.45669 4.43531 0.18881
v 48.49544 4.43531 0.18881
v 48.53910 4.35653 0.18881
v 48.53910 4.39154 0.18881
v 48.66669 4.35653 0.18881
v 48.66669 4.39154 0.18881
v 48.82422 4.35653 0.18881
v 48.82422 4.39154 0.18881
v 48.95067 4.43530 0.18881
v 48.90803 4.43531 0.18881
v 48.86584 4.43531 0.18881
v 48.95066 4.56661 0.18881
v 48.90803 4.56661 0.18881
v 48.86584 4.56661 0.18881
v 48.95068 4.72417 0.18881
v 48.90803 4.72417 0.18881
v 48.86584 4.72416 0.18881
v 48.78333 4.14645 0.18881
v 48.74334 4.14645 0.18881
v 48.70440 4.14645 0.18881
v 48.62160 4.14645 0.18881
v 48.57885 4.14645 0.18881
v 48.82422 4.10268 0.18881
v 48.82422 4.05892 0.18881
v 48.66669 4.10268 0.18881
v 48.66669 4.05892 0.18881
v 48.53910 4.10268 0.18881
v 48.53910 4.05892 0.18881
v 48.78333 4.01515 0.18881
v 48.74334 4.01515 0.18881
v 48.70440 4.01515 0.18881
v 48.62160 4.01515 0.18881
v 48.57885 4.01515 0.18881
v 48.82422 3.97138 0.18881
v 48.82422 3.93637 0.18881
v 48.66669 3.97138 0.18881
v 48.66669 3.93637 0.18881
v 48.53910 3.97138 0.18881
v 48.53910 3.93637 0.18881
v 48.78333 3.89260 0.18881
v 48.74334 3.89260 0.18881
v 48.70440 3.89260 0.18881
v 48.62160 3.89260 0.18881
v 48.57885 3.89260 0.18881
v 48.82422 4.26900 0.18881
v 48.82422 4.22523 0.18881
v 48.82422 4.18146 0.18881
v 48.66669 4.26900 0.18881
v 48.66669 4.22523 0.18881
v 48.66669 4.18146 0.18881
v 48.53910 4.26900 0.18881
v 48.53910 4.22523 0.18881
v 48.53910 4.18146 0.18881
v 48.45669 4.14645 0.18881
v 48.49544 4.14645 0.18881
v 48.45669 4.01515 0.18881
v 48.49544 4.01515 0.18881
v 48.45669 3.89260 0.18881
v 48.49544 3.89260 0.18881
v 48.53910 3.76131 0.18881
v 48.53910 3.80507 0.18881
v 48.53910 3.84884 0.18881
v 48.66669 3.76131 0.18881
v 48.66669 3.80507 0.18881
v 48.66669 3.84884 0.18881
v 48.82422 3.76131 0.18881
v 48.82422 3.80507 0.18881
v 48.82422 3.84884 0.18881
v 48.96328 3.85153 0.18881
v 48.91088 3.88874 0.18881
v 48.86570 3.89249 0.18881
v 48.95981 4.01872 0.18881
v 48.90508 4.01716 0.18881
v 48.86574 4.01499 0.18881
v 48.95200 4.14278 0.18881
v 48.90779 4.14422 0.18881
v 48.86581 4.14623 0.18881
v 52.63748 6.53609 0.03952
v 52.67875 6.53609 0.08217
v 52.71921 6.53609 0.08217
v 52.76834 6.53609 0.08217
v 52.81574 6.53609 0.03952
v 52.85206 6.53609 0.08217
v 52.89517 6.53609 0.08217
v 52.93570 6.53609 0.03952
v 52.51032 6.53609 0.08217
v 52.55313 6.53609 0.08217
v 52.59556 6.53609 0.08217
v 53.01946 6.53609 0.08217
v 52.97296 6.53609 0.08217
v 52.89517 5.81806 0.18881
v 52.85206 5.81806 0.18881
v 52.76834 5.81806 0.18881
v 52.71921 5.81806 0.18881
v 52.67875 5.81806 0.18881
v 52.93570 5.77437 0.18881
v 52.93570 5.73940 0.18881
v 52.81574 5.77437 0.18881
v 52.81574 5.73940 0.18881
v 52.63749 5.77436 0.18881
v 52.63749 5.73939 0.18881
v 52.89517 5.69568 0.18881
v 52.85206 5.69568 0.18881
v 52.76834 5.69568 0.18881
v 52.71921 5.69568 0.18881
v 52.67875 5.69568 0.18881
v 52.93570 5.65195 0.18881
v 52.93570 5.60820 0.18881
v 52.81574 5.65195 0.18881
v 52.81574 5.60820 0.18881
v 52.63750 5.65194 0.18881
v 52.63750 5.60820 0.18881
v 52.89517 5.56445 0.18881
v 52.85206 5.56446 0.18881
v 52.76834 5.56446 0.18881
v 52.71921 5.56446 0.18881
v 52.67875 5.56446 0.18881
v 52.93570 5.94021 0.18881
v 52.93570 5.89665 0.18881
v 52.93570 5.86174 0.18881
v 52.81574 5.94021 0.18881
v 52.81574 5.89665 0.18881
v 52.81574 5.86174 0.18881
v 52.63748 5.94021 0.18881
v 52.63748 5.89665 0.18881
v 52.63747 5.86174 0.18881
v 52.51210 5.81971 0.18881
v 52.55279 5.81663 0.18881
v 52.59550 5.81780 0.18881
v 52.55679 5.69448 0.18881
v 52.59624 5.69546 0.18881
v 52.55798 5.56413 0.18881
v 52.59645 5.56440 0.18881
v 52.63750 5.44193 0.18881
v 52.63750 5.48569 0.18881
v 52.63750 5.52945 0.18881
v 52.81574 5.44193 0.18881
v 52.81574 5.48569 0.18881
v 52.81574 5.52945 0.18881
v 52.93570 5.44193 0.18881
v 52.93570 5.48569 0.18881
v 52.93570 5.52945 0.18881
v 53.01946 5.56446 0.18881
v 52.97296 5.56445 0.18881
v 53.01946 5.69568 0.18881
v 52.97296 5.69568 0.18881
v 53.01946 5.81806 0.18881
v 52.97296 5.81806 0.18881
v 53.17436 5.81806 0.03952
v 53.17436 5.77437 0.08217
v 53.17436 5.73940 0.08217
v 53.17436 5.69568 0.03952
v 53.17436 5.65195 0.08217
v 53.17436 5.60820 0.08217
v 53.17436 5.56446 0.03952
v 53.17436 5.94021 0.08217
v 53.17436 5.89665 0.08217
v 53.17436 5.86174 0.08217
v 53.17436 5.44193 0.08217
v 53.17436 5.48569 0.08217
v 53.17436 5.52945 0.08217
v 53.17436 5.27562 0.03952
v 53.17436 5.23185 0.08217
v 53.17436 5.18809 0.08217
v 53.17436 5.14432 0.03952
v 53.17436 5.10931 0.08217
v 53.17436 5.06554 0.08217
v 53.17436 5.02178 0.08217
v 53.17436 4.97801 0.03952
v 53.17436 5.35440 0.08217
v 53.17436 5.31939 0.08217
v 53.17436 4.89923 0.08217
v 53.17436 4.93424 0.08217
v 53.17436 4.72416 0.03952
v 53.17436 4.68915 0.08217
v 53.17436 4.64539 0.08217
v 53.17436 4.60162 0.08217
v 53.17436 4.56661 0.03952
v 53.17436 4.52284 0.08217
v 53.17436 4.47907 0.08217
v 53.17436 4.43531 0.03952
v 53.17436 4.81170 0.08217
v 53.17436 4.76793 0.08217
v 53.17436 4.35653 0.08217
v 53.17436 4.39154 0.08217
v 53.17436 4.14645 0.03952
v 53.17436 4.10268 0.08217
v 53.17436 4.05892 0.08217
v 53.17436 4.01515 0.03952
v 53.17436 3.97138 0.08217
v 53.17436 3.93637 0.08217
v 53.17436 3.89260 0.03952
v 53.17436 4.26899 0.08217
v 53.17436 4.22523 0.08217
v 53.17436 4.18146 0.08217
v 53.17436 3.76131 0.08217
v 53.17436 3.80507 0.08217
v 53.17436 3.84884 0.08217
v 48.82422 2.61463 0.03952
v 48.78333 2.61463 0.08217
v 48.74334 2.61463 0.08217
v 48.70440 2.61463 0.08217
v 48.66669 2.61463 0.03952
v 48.62160 2.61463 0.08217
v 48.57885 2.61463 0.08217
v 48.53910 2.61463 0.03952
v 48.95066 2.61463 0.08217
v 48.90803 2.61463 0.08217
v 48.86584 2.61463 0.08217
v 48.45669 2.61463 0.08217
v 48.49544 2.61463 0.08217
v 48.35334 2.67542 -0.06427
v 48.35334 6.49158 -0.06427
v 48.35334 3.05570 -0.06427
v 48.35334 2.92637 -0.06428
v 48.35334 2.80081 -0.06428
v 48.36914 2.61465 0.03952
v 48.30808 2.67542 0.03952
v 48.36914 6.15310 0.18881
v 48.36914 6.19321 0.18881
v 48.36914 6.28343 0.18881
v 48.36914 6.32442 0.18881
v 48.36914 6.40109 0.18881
v 48.36914 6.02686 0.18881
v 48.36914 6.06967 0.18881
v 48.30815 6.15310 0.17276
v 48.30815 6.19321 0.17276
v 48.30815 6.28343 0.17276
v 48.30815 6.32442 0.17276
v 48.30815 6.40109 0.17276
v 48.30815 6.02686 0.17276
v 48.30815 6.06967 0.17276
v 48.36914 6.53607 0.03952
v 48.30810 6.49158 0.03952
v 52.67875 6.49158 0.18881
v 52.71921 6.49158 0.18881
v 52.76834 6.49158 0.18881
v 52.85206 6.49158 0.18881
v 52.89517 6.49158 0.18881
v 53.01946 6.49158 0.18881
v 52.97296 6.49158 0.18881
v 52.51032 6.49158 0.18881
v 52.55313 6.49158 0.18881
v 52.59556 6.49158 0.18881
v 52.67875 6.53602 0.17276
v 52.71921 6.53602 0.17276
v 52.76834 6.53602 0.17276
v 52.85206 6.53602 0.17276
v 52.89517 6.53602 0.17276
v 53.01946 6.53602 0.17276
v 52.97296 6.53602 0.17276
v 52.51032 6.53602 0.17276
v 52.55313 6.53602 0.17276
v 52.59556 6.53602 0.17276
v 53.17433 6.49158 0.03952
v 53.15044 6.53599 0.03952
v 53.10636 6.53608 0.03952
v 53.15889 6.15310 -0.06427
v 53.15889 6.19321 -0.06427
v 53.15889 6.28343 -0.06427
v 53.15889 6.32442 -0.06427
v 53.15889 6.40109 -0.06427
v 53.15889 6.02686 -0.06427
v 53.15889 6.06967 -0.06427
v 53.10636 3.01401 0.18881
v 53.10636 2.97341 0.18881
v 53.10636 2.88162 0.18881
v 53.10636 2.83961 0.18881
v 53.15044 3.01401 0.18881
v 53.15044 2.97341 0.18881
v 53.15044 2.88162 0.18881
v 53.15044 2.83961 0.18881
v 53.10636 2.76027 0.18881
v 53.15044 2.76027 0.18881
v 53.15044 3.14110 0.18881
v 53.15044 3.09810 0.18881
v 53.10636 3.14110 0.18881
v 53.10636 3.09810 0.18881
v 53.17427 3.01401 0.17276
v 53.17427 2.97341 0.17276
v 53.17427 2.88162 0.17276
v 53.17427 2.83961 0.17276
v 53.17427 2.76027 0.17276
v 53.17427 3.14110 0.17276
v 53.17427 3.09810 0.17276
v 53.10636 2.61464 0.03952
v 53.15044 2.61473 0.03952
v 53.17435 2.67542 0.03952
v 48.78333 2.67542 0.18881
v 48.74334 2.67542 0.18881
v 48.70440 2.67542 0.18881
v 48.62160 2.67542 0.18881
v 48.57885 2.67542 0.18881
v 48.45669 2.67542 0.18881
v 48.49544 2.67542 0.18881
v 48.95067 2.67542 0.18881
v 48.90803 2.67542 0.18881
v 48.86584 2.67542 0.18881
v 48.78333 2.61470 0.17276
v 48.74334 2.61470 0.17276
v 48.70440 2.61470 0.17276
v 48.62160 2.61470 0.17276
v 48.57885 2.61470 0.17276
v 48.45669 2.61470 0.17276
v 48.49544 2.61470 0.17276
v 48.95066 2.61470 0.17276
v 48.90803 2.61470 0.17276
v 48.86584 2.61470 0.17276
v 48.57885 6.49158 0.18881
v 48.62160 6.49158 0.18881
v 48.70440 6.49158 0.18881
v 48.74334 6.49158 0.18881
v 48.78333 6.49158 0.18881
v 48.95067 6.49158 0.18881
v 48.90803 6.49158 0.18881
v 48.86584 6.49158 0.18881
v 48.45669 6.49158 0.18881
v 48.49544 6.49158 0.18881
v 48.57885 6.53602 0.17276
v 48.62160 6.53602 0.17276
v 48.70440 6.53602 0.17276
v 48.74334 6.53602 0.17276
v 48.78333 6.53602 0.17276
v 48.95067 6.53602 0.17276
v 48.90803 6.53602 0.17276
v 48.86584 6.53602 0.17276
v 48.45669 6.53602 0.17276
v 48.49544 6.53602 0.17276
v 49.20994 6.49158 0.18881
v 49.25332 6.49158 0.18881
v 49.29671 6.49158 0.18881
v 49.38352 6.49158 0.18881
v 49.42694 6.49158 0.18881
v 49.45952 6.49158 0.18881
v 49.49209 6.49158 0.18881
v 49.66585 6.49158 0.18881
v 49.62241 6.49158 0.18881
v 49.57896 6.49158 0.18881
v 49.03671 6.49158 0.18881
v 49.07993 6.49158 0.18881
v 49.12322 6.49158 0.18881
v 49.20994 6.53602 0.17276
v 49.25332 6.53602 0.17276
v 49.29671 6.53602 0.17276
v 49.38352 6.53602 0.17276
v 49.42694 6.53602 0.17276
v 49.45952 6.53602 0.17276
v 49.49209 6.53602 0.17276
v 49.66585 6.53602 0.17276
v 49.62241 6.53602 0.17276
v 49.57896 6.53602 0.17276
v 49.03671 6.53602 0.17276
v 49.07993 6.53602 0.17276
v 49.12322 6.53602 0.17276
v 49.92655 6.49158 0.18881
v 49.96999 6.49158 0.18881
v 50.01344 6.49158 0.18881
v 50.07862 6.49158 0.18881
v 50.12206 6.49158 0.18881
v 50.16551 6.49158 0.18881
v 50.33931 6.49158 0.18881
v 50.29586 6.49158 0.18881
v 50.25241 6.49158 0.18881
v 49.75275 6.49158 0.18881
v 49.79620 6.49158 0.18881
v 49.83965 6.49158 0.18881
v 49.92655 6.53602 0.17276
v 49.96999 6.53602 0.17276
v 50.01344 6.53602 0.17276
v 50.07862 6.53602 0.17276
v 50.12206 6.53602 0.17276
v 50.16551 6.53602 0.17276
v 50.33931 6.53602 0.17276
v 50.29586 6.53602 0.17276
v 50.25241 6.53602 0.17276
v 49.75275 6.53602 0.17276
v 49.79620 6.53602 0.17276
v 49.83965 6.53602 0.17276
v 50.60000 6.49158 0.18881
v 50.63259 6.49158 0.18881
v 50.66518 6.49158 0.18881
v 50.70863 6.49158 0.18881
v 50.79553 6.49158 0.18881
v 50.83897 6.49158 0.18881
v 50.88242 6.49158 0.18881
v 51.05622 6.49158 0.18881
v 51.01277 6.49158 0.18881
v 50.96932 6.49158 0.18881
v 50.42621 6.49158 0.18881
v 50.46966 6.49158 0.18881
v 50.51311 6.49158 0.18881
v 50.60000 6.53602 0.17276
v 50.63259 6.53602 0.17276
v 50.66518 6.53602 0.17276
v 50.70863 6.53602 0.17276
v 50.79553 6.53602 0.17276
v 50.83897 6.53602 0.17276
v 50.88242 6.53602 0.17276
v 51.05622 6.53602 0.17276
v 51.01277 6.53602 0.17276
v 50.96932 6.53602 0.17276
v 50.42621 6.53602 0.17276
v 50.46966 6.53602 0.17276
v 50.51311 6.53602 0.17276
v 51.29519 6.49158 0.18881
v 51.33864 6.49158 0.18881
v 51.38209 6.49158 0.18881
v 51.46898 6.49158 0.18881
v 51.51243 6.49158 0.18881
v 51.55588 6.49158 0.18881
v 51.76226 6.49158 0.18881
v 51.72968 6.49158 0.18881
v 51.68623 6.49158 0.18881
v 51.64278 6.49158 0.18881
v 51.14312 6.49158 0.18881
v 51.18657 6.49158 0.18881
v 51.21915 6.49158 0.18881
v 51.29519 6.53602 0.17276
v 51.33864 6.53602 0.17276
v 51.38209 6.53602 0.17276
v 51.46898 6.53602 0.17276
v 51.51243 6.53602 0.17276
v 51.55588 6.53602 0.17276
v 51.76226 6.53602 0.17276
v 51.72968 6.53602 0.17276
v 51.68623 6.53602 0.17276
v 51.64278 6.53602 0.17276
v 51.14312 6.53602 0.17276
v 51.18657 6.53602 0.17276
v 51.21915 6.53602 0.17276
v 52.01205 6.49158 0.18881
v 52.05548 6.49158 0.18881
v 52.09890 6.49158 0.18881
v 52.18572 6.49158 0.18881
v 52.22911 6.49158 0.18881
v 52.27249 6.49158 0.18881
v 52.42412 6.49158 0.18881
v 52.38086 6.49158 0.18881
v 52.34837 6.49158 0.18881
v 51.83830 6.49158 0.18881
v 51.88174 6.49158 0.18881
v 51.92518 6.49158 0.18881
v 52.01205 6.53602 0.17276
v 52.05548 6.53602 0.17276
v 52.09890 6.53602 0.17276
v 52.18572 6.53602 0.17276
v 52.22911 6.53602 0.17276
v 52.27249 6.53602 0.17276
v 52.42412 6.53602 0.17276
v 52.38086 6.53602 0.17276
v 52.34837 6.53602 0.17276
v 51.83830 6.53602 0.17276
v 51.88174 6.53602 0.17276
v 51.92518 6.53602 0.17276
v 52.89517 2.67542 0.18881
v 52.85206 2.67542 0.18881
v 52.76834 2.67542 0.18881
v 52.71921 2.67542 0.18881
v 52.67875 2.67542 0.18881
v 52.51032 2.67542 0.18881
v 52.55313 2.67542 0.18881
v 52.59556 2.67542 0.18881
v 53.01946 2.67542 0.18881
v 52.97296 2.67542 0.18881
v 52.89517 2.61470 0.17276
v 52.85206 2.61470 0.17276
v 52.76834 2.61470 0.17276
v 52.71921 2.61470 0.17276
v 52.67875 2.61470 0.17276
v 52.51032 2.61470 0.17276
v 52.55313 2.61470 0.17276
v 52.59556 2.61470 0.17276
v 53.01946 2.61470 0.17276
v 52.97296 2.61470 0.17276
v 52.27249 2.67542 0.18881
v 52.22911 2.67542 0.18881
v 52.18572 2.67542 0.18881
v 52.09890 2.67542 0.18881
v 52.05548 2.67542 0.18881
v 52.01205 2.67542 0.18881
v 51.83830 2.67542 0.18881
v 51.88174 2.67542 0.18881
v 51.92518 2.67542 0.18881
v 52.42412 2.67542 0.18881
v 52.38086 2.67542 0.18881
v 52.34837 2.67542 0.18881
v 52.27249 2.61470 0.17276
v 52.22911 2.61470 0.17276
v 52.18572 2.61470 0.17276
v 52.09890 2.61470 0.17276
v 52.05548 2.61470 0.17276
v 52.01205 2.61470 0.17276
v 51.83830 2.61470 0.17276
v 51.88174 2.61470 0.17276
v 51.92518 2.61470 0.17276
v 52.42412 2.61470 0.17276
v 52.38086 2.61470 0.17276
v 52.34837 2.61470 0.17276
v 51.55588 2.67542 0.18881
v 51.51243 2.67542 0.18881
v 51.46898 2.67542 0.18881
v 51.38209 2.67542 0.18881
v 51.33864 2.67542 0.18881
v 51.29519 2.67542 0.18881
v 51.14312 2.67542 0.18881
v 51.18657 2.67542 0.18881
v 51.21915 2.67542 0.18881
v 51.76226 2.67542 0.18881
v 51.72968 2.67542 0.18881
v 51.68623 2.67542 0.18881
v 51.64278 2.67542 0.18881
v 51.55588 2.61470 0.17276
v 51.51243 2.61470 0.17276
v 51.46898 2.61470 0.17276
v 51.38209 2.61470 0.17276
v 51.33864 2.61470 0.17276
v 51.29519 2.61470 0.17276
v 51.14312 2.61470 0.17276
v 51.18657 2.61470 0.17276
v 51.21915 2.61470 0.17276
v 51.76226 2.61470 0.17276
v 51.72968 2.61470 0.17276
v 51.68623 2.61470 0.17276
v 51.64278 2.61470 0.17276
v 50.88242 2.67542 0.18881
v 50.83897 2.67542 0.18881
v 50.79553 2.67542 0.18881
v 50.70863 2.67542 0.18881
v 50.66518 2.67542 0.18881
v 50.63259 2.67542 0.18881
v 50.60000 2.67542 0.18881
v 50.42621 2.67542 0.18881
v 50.46966 2.67542 0.18881
v 50.51311 2.67542 0.18881
v 51.05622 2.67542 0.18881
v 51.01277 2.67542 0.18881
v 50.96932 2.67542 0.18881
v 50.88242 2.61470 0.17276
v 50.83897 2.61470 0.17276
v 50.79553 2.61470 0.17276
v 50.70863 2.61470 0.17276
v 50.66518 2.61470 0.17276
v 50.63259 2.61470 0.17276
v 50.60000 2.61470 0.17276
v 50.42621 2.61470 0.17276
v 50.46966 2.61470 0.17276
v 50.51311 2.61470 0.17276
v 51.05622 2.61470 0.17276
v 51.01277 2.61470 0.17276
v 50.96932 2.61470 0.17276
v 50.16551 2.67542 0.18881
v 50.12206 2.67542 0.18881
v 50.07862 2.67542 0.18881
v 50.01344 2.67542 0.18881
v 49.96999 2.67542 0.18881
v 49.92655 2.67542 0.18881
v 49.75275 2.67542 0.18881
v 49.79620 2.67542 0.18881
v 49.83965 2.67542 0.18881
v 50.33931 2.67542 0.18881
v 50.29586 2.67542 0.18881
v 50.25241 2.67542 0.18881
v 50.16551 2.61470 0.17276
v 50.12206 2.61470 0.17276
v 50.07862 2.61470 0.17276
v 50.01344 2.61470 0.17276
v 49.96999 2.61470 0.17276
v 49.92655 2.61470 0.17276
v 49.75275 2.61470 0.17276
v 49.79620 2.61470 0.17276
v 49.83965 2.61470 0.17276
v 50.33931 2.61470 0.17276
v 50.29586 2.61470 0.17276
v 50.25241 2.61470 0.17276
v 49.49209 2.67542 0.18881
v 49.45952 2.67542 0.18881
v 49.42694 2.67542 0.18881
v 49.38352 2.67542 0.18881
v 49.29671 2.67542 0.18881
v 49.25332 2.67542 0.18881
v 49.20994 2.67542 0.18881
v 49.03671 2.67542 0.18881
v 49.07993 2.67542 0.18881
v 49.12322 2.67542 0.18881
v 49.66585 2.67542 0.18881
v 49.62241 2.67542 0.18881
v 49.57896 2.67542 0.18881
v 49.49209 2.61470 0.17276
v 49.45952 2.61470 0.17276
v 49.42694 2.61470 0.17276
v 49.38352 2.61470 0.17276
v 49.29671 2.61470 0.17276
v 49.25332 2.61470 0.17276
v 49.20994 2.61470 0.17276
v 49.03671 2.61470 0.17276
v 49.07993 2.61470 0.17276
v 49.12322 2.61470 0.17276
v 49.66585 2.61470 0.17276
v 49.62241 2.61470 0.17276
v 49.57896 2.61470 0.17276
v 48.35334 6.36206 -0.06427
v 48.35334 6.23954 -0.06427
v 48.35334 6.11179 -0.06427
v 48.35334 5.81806 -0.06427
v 48.35334 5.69568 -0.06427
v 48.35334 5.56446 -0.06427
v 48.35334 5.27562 -0.06427
v 48.35334 5.14432 -0.06427
v 48.35334 4.97801 -0.06427
v 48.35334 4.72416 -0.06427
v 48.35334 4.56661 -0.06427
v 48.35334 4.43531 -0.06427
v 48.35334 4.14645 -0.06427
v 48.35334 4.01515 -0.06427
v 48.35334 3.89260 -0.06427
v 48.35334 3.60376 -0.06427
v 48.35334 3.47253 -0.06427
v 48.35334 3.30644 -0.06427
v 48.36914 2.83961 0.18881
v 48.36914 2.88162 0.18881
v 48.36914 2.97341 0.18881
v 48.36914 3.01401 0.18881
v 48.36914 3.14110 0.18881
v 48.36914 3.09810 0.18881
v 48.36914 2.76027 0.18881
v 48.30815 2.83961 0.17276
v 48.30815 2.88162 0.17276
v 48.30815 2.97341 0.17276
v 48.30815 3.01401 0.17276
v 48.30815 3.14110 0.17276
v 48.30815 3.09810 0.17276
v 48.30815 2.76027 0.17276
v 48.36914 3.35013 0.18881
v 48.36914 3.39383 0.18881
v 48.36914 3.42881 0.18881
v 48.36914 3.51627 0.18881
v 48.36914 3.56001 0.18881
v 48.36914 3.68253 0.18881
v 48.36914 3.63877 0.18881
v 48.36914 3.21920 0.18881
v 48.36914 3.26279 0.18881
v 48.30815 3.35013 0.17276
v 48.30815 3.39383 0.17276
v 48.30815 3.42881 0.17276
v 48.30815 3.51627 0.17276
v 48.30815 3.56001 0.17276
v 48.30815 3.68253 0.17276
v 48.30815 3.63877 0.17276
v 48.30815 3.21920 0.17276
v 48.30815 3.26279 0.17276
v 48.36914 3.93637 0.18881
v 48.36914 3.97138 0.18881
v 48.36914 4.05892 0.18881
v 48.36914 4.10268 0.18881
v 48.36914 4.26900 0.18881
v 48.36914 4.22523 0.18881
v 48.36914 4.18146 0.18881
v 48.36914 3.76131 0.18881
v 48.36914 3.80507 0.18881
v 48.36914 3.84884 0.18881
v 48.30815 3.93637 0.17276
v 48.30815 3.97138 0.17276
v 48.30815 4.05892 0.17276
v 48.30815 4.10268 0.17276
v 48.30815 4.26900 0.17276
v 48.30815 4.22523 0.17276
v 48.30815 4.18146 0.17276
v 48.30815 3.76131 0.17276
v 48.30815 3.80507 0.17276
v 48.30815 3.84884 0.17276
v 48.36914 4.47907 0.18881
v 48.36914 4.52284 0.18881
v 48.36914 4.60162 0.18881
v 48.36914 4.64539 0.18881
v 48.36914 4.68915 0.18881
v 48.36914 4.81170 0.18881
v 48.36914 4.76793 0.18881
v 48.36914 4.35653 0.18881
v 48.36914 4.39154 0.18881
v 48.30815 4.47907 0.17276
v 48.30815 4.52284 0.17276
v 48.30815 4.60162 0.17276
v 48.30815 4.64539 0.17276
v 48.30815 4.68915 0.17276
v 48.30815 4.81170 0.17276
v 48.30815 4.76793 0.17276
v 48.30815 4.35653 0.17276
v 48.30815 4.39154 0.17276
v 48.36914 5.02178 0.18881
v 48.36914 5.06554 0.18881
v 48.36914 5.10931 0.18881
v 48.36914 5.18809 0.18881
v 48.36914 5.23185 0.18881
v 48.36914 5.35440 0.18881
v 48.36914 5.31939 0.18881
v 48.36914 4.89923 0.18881
v 48.36914 4.93424 0.18881
v 48.30815 5.02178 0.17276
v 48.30815 5.06554 0.17276
v 48.30815 5.10931 0.17276
v 48.30815 5.18809 0.17276
v 48.30815 5.23185 0.17276
v 48.30815 5.35440 0.17276
v 48.30815 5.31939 0.17276
v 48.30815 4.89923 0.17276
v 48.30815 4.93424 0.17276
v 48.36914 5.60821 0.18881
v 48.36914 5.65195 0.18881
v 48.36914 5.73940 0.18881
v 48.36914 5.77437 0.18881
v 48.36914 5.94022 0.18881
v 48.36914 5.89665 0.18881
v 48.36914 5.86174 0.18881
v 48.36914 5.44193 0.18881
v 48.36914 5.48569 0.18881
v 48.36914 5.52945 0.18881
v 48.30815 5.60821 0.17276
v 48.30815 5.65195 0.17276
v 48.30815 5.73940 0.17276
v 48.30815 5.77437 0.17276
v 48.30815 5.94022 0.17276
v 48.30815 5.89665 0.17276
v 48.30815 5.86174 0.17276
v 48.30815 5.44193 0.17276
v 48.30815 5.48569 0.17276
v 48.30815 5.52945 0.17276
v 53.15889 2.83961 -0.06427
v 53.15889 2.88162 -0.06427
v 53.15889 2.97341 -0.06427
v 53.15889 3.01401 -0.06427
v 53.15889 3.14110 -0.06427
v 53.15889 3.09810 -0.06427
v 53.15889 2.76027 -0.06427
v 53.15889 3.35013 -0.06427
v 53.15889 3.39383 -0.06427
v 53.15889 3.42880 -0.06427
v 53.15889 3.51627 -0.06427
v 53.15889 3.56001 -0.06427
v 53.15889 3.68253 -0.06427
v 53.15889 3.63877 -0.06427
v 53.15889 3.21920 -0.06427
v 53.15889 3.26279 -0.06427
v 53.15889 3.93637 -0.06427
v 53.15889 3.97138 -0.06427
v 53.15889 4.05892 -0.06427
v 53.15889 4.10268 -0.06427
v 53.15889 4.26900 -0.06427
v 53.15889 4.22523 -0.06427
v 53.15889 4.18146 -0.06427
v 53.15889 3.76131 -0.06427
v 53.15889 3.80507 -0.06427
v 53.15889 3.84884 -0.06427
v 53.15889 4.47907 -0.06427
v 53.15889 4.52284 -0.06427
v 53.15889 4.60162 -0.06427
v 53.15889 4.64539 -0.06427
v 53.15889 4.68915 -0.06427
v 53.15889 4.81170 -0.06427
v 53.15889 4.76793 -0.06427
v 53.15889 4.35653 -0.06427
v 53.15889 4.39154 -0.06427
v 53.15889 5.02178 -0.06427
v 53.15889 5.06554 -0.06427
v 53.15889 5.10931 -0.06427
v 53.15889 5.18809 -0.06427
v 53.15889 5.23185 -0.06427
v 53.15889 5.35440 -0.06427
v 53.15889 5.31939 -0.06427
v 53.15889 4.89923 -0.06427
v 53.15889 4.93424 -0.06427
v 53.15889 5.60820 -0.06427
v 53.15889 5.65195 -0.06427
v 53.15889 5.73940 -0.06427
v 53.15889 5.77437 -0.06427
v 53.15889 5.94021 -0.06427
v 53.15889 5.89665 -0.06427
v 53.15889 5.86174 -0.06427
v 53.15889 5.44193 -0.06427
v 53.15889 5.48569 -0.06427
v 53.15889 5.52945 -0.06427
v 53.10636 6.32442 0.18881
v 53.10636 6.28343 0.18881
v 53.10636 6.19321 0.18881
v 53.10636 6.15310 0.18881
v 53.15044 6.32442 0.18881
v 53.15044 6.28343 0.18881
v 53.15044 6.19321 0.18881
v 53.15044 6.15310 0.18881
v 53.10636 6.02686 0.18881
v 53.10636 6.06967 0.18881
v 53.15044 6.02686 0.18881
v 53.15044 6.06967 0.18881
v 53.15044 6.40109 0.18881
v 53.10636 6.40109 0.18881
v 53.17427 6.32442 0.17276
v 53.17427 6.28343 0.17276
v 53.17427 6.19321 0.17276
v 53.17427 6.15310 0.17276
v 53.17427 6.02686 0.17276
v 53.17427 6.06967 0.17276
v 53.17427 6.40109 0.17276
v 53.10636 5.77437 0.18881
v 53.10636 5.73940 0.18881
v 53.10636 5.65195 0.18881
v 53.10636 5.60820 0.18881
v 53.15044 5.77437 0.18881
v 53.15044 5.73940 0.18881
v 53.15044 5.65195 0.18881
v 53.15044 5.60820 0.18881
v 53.10636 5.44193 0.18881
v 53.10636 5.48569 0.18881
v 53.10636 5.52945 0.18881
v 53.15044 5.44193 0.18881
v 53.15044 5.48569 0.18881
v 53.15044 5.52945 0.18881
v 53.15044 5.94021 0.18881
v 53.15044 5.89665 0.18881
v 53.15044 5.86174 0.18881
v 53.10636 5.94021 0.18881
v 53.10636 5.89665 0.18881
v 53.10636 5.86174 0.18881
v 53.17427 5.77437 0.17276
v 53.17427 5.73940 0.17276
v 53.17427 5.65195 0.17276
v 53.17427 5.60820 0.17276
v 53.17427 5.44193 0.17276
v 53.17427 5.48569 0.17276
v 53.17427 5.52945 0.17276
v 53.17427 5.94021 0.17276
v 53.17427 5.89665 0.17276
v 53.17427 5.86174 0.17276
v 53.10636 5.23185 0.18881
v 53.10636 5.18809 0.18881
v 53.10636 5.10931 0.18881
v 53.10636 5.06554 0.18881
v 53.10636 5.02178 0.18881
v 53.15044 5.23185 0.18881
v 53.15044 5.18809 0.18881
v 53.15044 5.10931 0.18881
v 53.15044 5.06554 0.18881
v 53.15044 5.02178 0.18881
v 53.10636 4.89923 0.18881
v 53.10636 4.93424 0.18881
v 53.15044 4.89923 0.18881
v 53.15044 4.93424 0.18881
v 53.15044 5.35440 0.18881
v 53.15044 5.31939 0.18881
v 53.10636 5.35440 0.18881
v 53.10636 5.31939 0.18881
v 53.17427 5.23185 0.17276
v 53.17427 5.18809 0.17276
v 53.17427 5.10931 0.17276
v 53.17427 5.06554 0.17276
v 53.17427 5.02178 0.17276
v 53.17427 4.89923 0.17276
v 53.17427 4.93424 0.17276
v 53.17427 5.35440 0.17276
v 53.17427 5.31939 0.17276
v 53.10636 4.68915 0.18881
v 53.10636 4.64539 0.18881
v 53.10636 4.60162 0.18881
v 53.10636 4.52284 0.18881
v 53.10636 4.47907 0.18881
v 53.15044 4.68915 0.18881
v 53.15044 4.64539 0.18881
v 53.15044 4.60162 0.18881
v 53.15044 4.52284 0.18881
v 53.15044 4.47907 0.18881
v 53.10636 4.35653 0.18881
v 53.10636 4.39154 0.18881
v 53.15044 4.35653 0.18881
v 53.15044 4.39154 0.18881
v 53.15044 4.81170 0.18881
v 53.15044 4.76793 0.18881
v 53.10636 4.81170 0.18881
v 53.10636 4.76793 0.18881
v 53.17427 4.68915 0.17276
v 53.17427 4.64539 0.17276
v 53.17427 4.60162 0.17276
v 53.17427 4.52284 0.17276
v 53.17427 4.47907 0.17276
v 53.17427 4.35653 0.17276
v 53.17427 4.39154 0.17276
v 53.17427 4.81170 0.17276
v 53.17427 4.76793 0.17276
v 53.10636 4.10268 0.18881
v 53.10636 4.05892 0.18881
v 53.10636 3.97138 0.18881
v 53.10636 3.93637 0.18881
v 53.15044 4.10268 0.18881
v 53.15044 4.05892 0.18881
v 53.15044 3.97138 0.18881
v 53.15044 3.93637 0.18881
v 53.10636 3.76131 0.18881
v 53.10636 3.80507 0.18881
v 53.10636 3.84884 0.18881
v 53.15044 3.76131 0.18881
v 53.15044 3.80507 0.18881
v 53.15044 3.84884 0.18881
v 53.15044 4.26900 0.18881
v 53.15044 4.22523 0.18881
v 53.15044 4.18146 0.18881
v 53.10636 4.26900 0.18881
v 53.10636 4.22523 0.18881
v 53.10636 4.18146 0.18881
v 53.17427 4.10268 0.17276
v 53.17427 4.05892 0.17276
v 53.17427 3.97138 0.17276
v 53.17427 3.93637 0.17276
v 53.17427 3.76131 0.17276
v 53.17427 3.80507 0.17276
v 53.17427 3.84884 0.17276
v 53.17427 4.26900 0.17276
v 53.17427 4.22523 0.17276
v 53.17427 4.18146 0.17276
v 53.10636 3.56001 0.18881
v 53.10636 3.51627 0.18881
v 53.10636 3.42880 0.18881
v 53.10636 3.39383 0.18881
v 53.10636 3.35013 0.18881
v 53.15044 3.56001 0.18881
v 53.15044 3.51627 0.18881
v 53.15044 3.42880 0.18881
v 53.15044 3.39383 0.18881
v 53.15044 3.35013 0.18881
v 53.10636 3.21920 0.18881
v 53.10636 3.26279 0.18881
v 53.15044 3.21920 0.18881
v 53.15044 3.26279 0.18881
v 53.15044 3.68253 0.18881
v 53.15044 3.63877 0.18881
v 53.10636 3.68253 0.18881
v 53.10636 3.63877 0.18881
v 53.17427 3.56001 0.17276
v 53.17427 3.51627 0.17276
v 53.17427 3.42880 0.17276
v 53.17427 3.39383 0.17276
v 53.17427 3.35013 0.17276
v 53.17427 3.21920 0.17276
v 53.17427 3.26279 0.17276
v 53.17427 3.68253 0.17276
v 53.17427 3.63877 0.17276
v 48.30807 2.80081 0.03952
v 48.30807 2.83961 0.08217
v 48.30807 2.88162 0.08217
v 48.30807 2.92637 0.03952
v 48.30807 2.97341 0.08217
v 48.30807 3.01401 0.08217
v 48.30807 3.05570 0.03952
v 48.30807 2.76027 0.08217
v 48.30807 3.14110 0.08217
v 48.30807 3.09810 0.08217
v 52.31207 5.06409 0.18881
v 52.26248 5.01842 0.18881
v 52.22105 5.01878 0.18881
v 52.17959 5.01891 0.18881
v 52.26606 5.11021 0.18881
v 52.22477 5.10917 0.18881
v 52.18336 5.10850 0.18881
v 52.14140 5.06374 0.18881
v 52.09665 5.01841 0.18881
v 52.05521 5.01780 0.18881
v 52.01571 5.02015 0.18881
v 52.01385 4.98348 0.18881
v 52.10041 5.10828 0.18881
v 52.05895 5.10874 0.18881
v 52.01757 5.10957 0.18881
v 51.97172 5.02393 0.18881
v 51.97063 5.06357 0.18881
v 52.42571 4.97927 0.18881
v 52.38528 4.98276 0.18881
v 52.34659 4.98206 0.18881
v 52.43036 5.14723 0.18881
v 52.39247 5.11090 0.18881
v 52.35052 5.10772 0.18881
v 51.84791 5.14778 0.18881
v 51.84985 5.10984 0.18881
v 51.89131 5.10894 0.18881
v 51.93312 5.10663 0.18881
v 51.84672 4.97815 0.18881
v 51.89081 4.98353 0.18881
v 51.93435 4.97865 0.18881
v 52.26591 5.86097 0.18881
v 52.22294 5.85953 0.18881
v 52.18261 5.85828 0.18881
v 52.10053 5.85849 0.18881
v 52.05951 5.85788 0.18881
v 52.01734 5.86146 0.18881
v 52.43226 5.81602 0.18881
v 52.43448 5.85848 0.18881
v 52.39242 5.86028 0.18881
v 52.34772 5.86020 0.18881
v 52.31562 5.94062 0.18881
v 52.31401 5.89987 0.18881
v 52.14230 5.94071 0.18881
v 52.14219 5.90057 0.18881
v 51.96882 5.94064 0.18881
v 51.97018 5.90001 0.18881
v 51.84856 5.85773 0.18881
v 51.89107 5.86201 0.18881
v 51.93489 5.85857 0.18881
v 52.39413 5.69518 0.18881
v 52.44335 5.61114 0.18881
v 52.45008 5.58731 0.18881
v 52.46980 5.48636 0.18881
v 52.46240 5.40355 0.18881
v 52.45135 5.38516 0.18881
v 52.44238 5.35668 0.18881
v 52.39436 5.27518 0.18881
v 51.89422 5.72917 0.18881
v 51.87786 5.70591 0.18881
v 51.85571 5.68590 0.18881
v 51.82715 5.62676 0.18881
v 51.81369 5.60810 0.18881
v 51.79459 5.48489 0.18881
v 51.80495 5.39805 0.18881
v 51.81445 5.35980 0.18881
v 51.82775 5.34261 0.18881
v 51.85675 5.28209 0.18881
v 51.87921 5.26329 0.18881
v 52.22062 5.15868 0.18881
v 52.17793 5.15111 0.18881
v 52.10197 5.14933 0.18881
v 52.05833 5.15500 0.18881
v 52.32435 5.21170 0.18881
v 52.30401 5.19465 0.18881
v 51.97172 5.18877 0.18881
v 52.21935 5.81252 0.18881
v 52.18105 5.82007 0.18881
v 52.10037 5.82130 0.18881
v 52.05692 5.81537 0.18881
v 52.30901 5.77283 0.18881
v 52.27151 5.79064 0.18881
v 51.93899 5.76790 0.18881
v 51.97382 5.78353 0.18881
v 52.00152 5.79507 0.18881
v 52.34102 4.84322 0.18881
v 52.46342 4.64386 0.18881
v 52.37930 4.32230 0.18881
v 51.85461 4.35969 0.18881
v 52.01986 4.23798 0.18881
v 52.26026 4.88548 0.18881
v 52.42477 3.76115 0.18881
v 52.46299 3.67682 0.18881
v 52.46271 3.47894 0.18881
v 51.81380 3.71882 0.18881
v 51.89843 3.31611 0.18881
v 52.09737 3.23423 0.18881
v 52.30072 3.27531 0.18881
v 52.17822 3.91993 0.18881
v 52.13870 3.92227 0.18881
v 50.76996 5.56131 0.18881
v 50.76678 5.48205 0.18881
v 50.77097 4.60314 0.18881
v 50.76809 4.55855 0.18881
v 51.41647 4.72065 0.18881
v 51.21419 4.23906 0.18881
v 51.33224 3.31736 0.18881
v 50.89112 3.84114 0.18881
v 50.84878 3.79976 0.18881
v 50.77164 3.52164 0.18881
v 50.76926 3.59895 0.18881
v 51.33445 3.83849 0.18881
v 51.09551 3.91716 0.18881
v 51.37293 3.36000 0.18881
v 52.38529 5.72735 0.18881
v 52.42697 5.68734 0.18881
v 52.46656 5.60578 0.18881
v 52.46921 5.35925 0.18881
v 52.38204 5.23841 0.18881
v 52.43004 5.27699 0.18881
v 51.84730 5.73200 0.18881
v 51.80913 5.64775 0.18881
v 51.80774 5.31679 0.18881
v 51.84668 5.23277 0.18881
v 52.34438 5.19350 0.18881
v 51.88950 5.19348 0.18881
v 51.93768 5.20030 0.18881
v 51.97438 5.15143 0.18881
v 52.30382 5.81606 0.18881
v 51.97459 5.81429 0.18881
v 52.39124 4.85163 0.18881
v 52.42787 4.76577 0.18881
v 52.46455 4.68119 0.18881
v 52.47030 4.43813 0.18881
v 52.43063 4.35490 0.18881
v 51.84736 4.81203 0.18881
v 51.80842 4.72911 0.18881
v 51.81021 4.39344 0.18881
v 51.88661 4.26922 0.18881
v 51.93294 4.23208 0.18881
v 51.97387 4.23115 0.18881
v 52.30547 4.22885 0.18881
v 52.34552 4.27113 0.18881
v 52.18035 4.93453 0.18881
v 52.13850 4.93460 0.18881
v 52.30534 4.89420 0.18881
v 51.93051 4.89347 0.18881
v 52.38865 3.84777 0.18881
v 52.43021 3.80678 0.18881
v 52.46863 3.72214 0.18881
v 52.43313 3.34839 0.18881
v 51.84672 3.84748 0.18881
v 51.85162 3.80450 0.18881
v 51.80638 3.76491 0.18881
v 51.80761 3.39276 0.18881
v 52.01693 3.22623 0.18881
v 52.21825 3.23052 0.18881
v 52.26220 3.22512 0.18881
v 52.34976 3.26916 0.18881
v 52.06440 3.92208 0.18881
v 52.01726 3.93082 0.18881
v 51.93090 3.88945 0.18881
v 52.26436 3.93232 0.18881
v 50.84617 5.72885 0.18881
v 50.80192 5.69035 0.18881
v 50.76660 5.60729 0.18881
v 50.80394 5.27766 0.18881
v 50.85153 5.24283 0.18881
v 51.25371 5.81059 0.18881
v 51.38385 5.72990 0.18881
v 51.38357 5.23159 0.18881
v 51.25665 5.15560 0.18881
v 51.34262 5.19294 0.18881
v 50.92703 4.89562 0.18881
v 50.84290 4.85283 0.18881
v 50.84558 4.80726 0.18881
v 51.05258 4.93251 0.18881
v 50.77083 4.48239 0.18881
v 50.80381 4.35356 0.18881
v 50.92951 4.22773 0.18881
v 50.97226 4.23399 0.18881
v 50.88475 4.26976 0.18881
v 51.25437 4.89093 0.18881
v 51.13404 4.93349 0.18881
v 51.34275 4.85212 0.18881
v 51.38424 4.31438 0.18881
v 50.88396 3.26387 0.18881
v 50.92950 3.26935 0.18881
v 51.01041 3.22627 0.18881
v 51.05154 3.22873 0.18881
v 51.13330 3.22984 0.18881
v 51.17416 3.22764 0.18881
v 51.34251 3.26330 0.18881
v 50.88531 3.88878 0.18881
v 50.79993 3.80627 0.18881
v 50.76268 3.68125 0.18881
v 51.00973 3.93026 0.18881
v 50.76334 3.47220 0.18881
v 50.80597 3.39327 0.18881
v 50.84538 3.30770 0.18881
v 51.29970 3.88806 0.18881
v 51.21548 3.93068 0.18881
v 51.17528 3.92722 0.18881
v 51.38516 3.85170 0.18881
v 51.42498 3.76500 0.18881
v 51.46418 3.55638 0.18881
v 51.46875 3.43150 0.18881
v 51.46712 3.47350 0.18881
v 51.46456 3.63908 0.18881
v 51.46904 3.68538 0.18881
v 51.42519 3.34869 0.18881
v 52.47084 4.31003 0.18881
v 52.47171 4.35289 0.18881
v 52.39108 4.22954 0.18881
v 52.43489 4.22864 0.18881
v 52.42709 4.18774 0.18881
v 52.43426 3.84962 0.18881
v 52.43208 3.22295 0.18881
v 52.39123 3.26555 0.18881
v 52.30467 3.22042 0.18881
v 52.47273 3.34943 0.18881
v 51.80409 4.31322 0.18881
v 51.84741 4.18262 0.18881
v 51.84611 4.22434 0.18881
v 51.89335 4.22652 0.18881
v 51.80521 3.80841 0.18881
v 51.80670 3.85234 0.18881
v 51.84686 3.22517 0.18881
v 51.89275 3.22170 0.18881
v 51.88695 3.26355 0.18881
v 51.81052 3.34636 0.18881
v 51.80444 3.30432 0.18881
v 52.47144 5.31565 0.18881
v 52.47033 5.27523 0.18881
v 52.43172 4.81246 0.18881
v 52.47161 4.72502 0.18881
v 52.43193 4.93898 0.18881
v 52.39498 4.93400 0.18881
v 51.80522 5.27447 0.18881
v 51.80547 4.80959 0.18881
v 51.80450 4.77044 0.18881
v 51.84737 4.89584 0.18881
v 51.84790 4.93868 0.18881
v 52.42908 5.77625 0.18881
v 52.38716 5.77248 0.18881
v 52.46836 5.69168 0.18881
v 52.38954 5.19066 0.18881
v 52.43065 5.18959 0.18881
v 52.30544 5.14779 0.18881
v 52.26669 4.97336 0.18881
v 52.26315 4.93403 0.18881
v 52.22148 4.93818 0.18881
v 52.26394 4.18920 0.18881
v 52.30489 4.18795 0.18881
v 52.43053 3.97606 0.18881
v 52.39363 3.93096 0.18881
v 52.35247 3.93666 0.18881
v 52.26269 3.97669 0.18881
v 51.84762 5.81225 0.18881
v 51.84488 5.77293 0.18881
v 51.80835 5.68969 0.18881
v 51.84636 5.18937 0.18881
v 51.97148 4.94118 0.18881
v 51.97416 4.18778 0.18881
v 52.01694 4.18639 0.18881
v 51.84733 3.93279 0.18881
v 51.84939 3.89045 0.18881
v 51.88806 3.89004 0.18881
v 51.97543 3.97400 0.18881
v 51.08917 4.97636 0.18881
v 51.21627 4.93571 0.18881
v 51.25731 4.97610 0.18881
v 50.96708 4.94013 0.18881
v 51.05306 3.97812 0.18881
v 51.17847 3.97265 0.18881
v 51.21952 3.97651 0.18881
v 50.92459 3.97053 0.18881
v 50.93048 3.93333 0.18881
v 50.80098 4.81316 0.18881
v 50.83984 4.90038 0.18881
v 50.79373 4.93832 0.18881
v 50.76347 4.68720 0.18881
v 50.79898 4.31239 0.18881
v 50.76323 4.43362 0.18881
v 50.80267 4.18513 0.18881
v 50.84326 4.18464 0.18881
v 50.83902 4.22550 0.18881
v 50.88271 4.22643 0.18881
v 50.75995 3.72255 0.18881
v 50.76056 3.80474 0.18881
v 50.75639 3.84548 0.18881
v 50.80258 3.22227 0.18881
v 50.84195 3.26507 0.18881
v 50.80148 3.34871 0.18881
v 50.75856 3.34776 0.18881
v 50.96746 3.22092 0.18881
v 51.39089 3.22068 0.18881
v 51.34126 3.22569 0.18881
v 51.54899 3.21747 0.18881
v 51.51047 3.22060 0.18881
v 51.50569 3.26377 0.18881
v 51.47461 3.26373 0.18881
v 51.42758 3.30524 0.18881
v 51.54883 3.35107 0.18881
v 51.50567 3.38908 0.18881
v 51.46571 3.39136 0.18881
v 50.84169 5.77389 0.18881
v 50.84262 5.18998 0.18881
v 50.96806 4.18675 0.18881
v 51.01092 4.18602 0.18881
v 51.13248 4.18645 0.18881
v 50.79859 3.92976 0.18881
v 50.80030 3.88922 0.18881
v 50.84264 3.89206 0.18881
v 51.38638 5.81729 0.18881
v 51.38361 5.77550 0.18881
v 51.42552 5.69218 0.18881
v 51.42659 5.27557 0.18881
v 51.38577 5.18988 0.18881
v 51.42855 5.19100 0.18881
v 51.38731 4.93820 0.18881
v 51.34536 4.93518 0.18881
v 51.34013 4.89292 0.18881
v 51.42674 4.81207 0.18881
v 51.42586 4.85397 0.18881
v 51.42595 4.35274 0.18881
v 51.42896 4.22475 0.18881
v 51.38470 4.22706 0.18881
v 51.38690 4.26956 0.18881
v 51.26045 4.18979 0.18881
v 51.54619 3.97048 0.18881
v 51.50777 3.97573 0.18881
v 51.47158 3.93545 0.18881
v 51.42409 3.93275 0.18881
v 51.42631 3.89098 0.18881
v 51.38260 3.89543 0.18881
v 51.46472 3.80743 0.18881
v 51.50805 3.84784 0.18881
v 51.55741 3.85355 0.18881
v 51.38521 3.97791 0.18881
v 51.34232 3.97129 0.18881
v 51.30010 3.93135 0.18881
v 51.50740 3.72258 0.18881
v 51.55150 3.72433 0.18881
v 51.56009 3.47346 0.18881
v 51.51181 3.47444 0.18881
v 51.51314 3.51482 0.18881
v 51.55980 3.60114 0.18881
v 51.51413 3.60043 0.18881
v 52.13875 4.18478 0.18881
v 52.14144 3.97935 0.18881
v 52.09695 3.97433 0.18881
v 52.14010 4.97736 0.18881
v 52.09635 4.97458 0.18881
v 50.12546 5.89939 0.18881
v 50.13033 5.93897 0.18881
v 50.21413 5.77509 0.18881
v 50.16887 5.81774 0.18881
v 50.25553 5.56664 0.18881
v 50.25074 5.61012 0.18881
v 50.25750 5.44025 0.18881
v 50.25297 5.48487 0.18881
v 50.25371 5.35582 0.18881
v 50.16530 5.23405 0.18881
v 50.20899 5.22826 0.18881
v 50.21170 5.27153 0.18881
v 50.08344 5.10961 0.18881
v 50.16779 5.14767 0.18881
v 49.08465 5.82000 0.18881
v 49.08588 5.77442 0.18881
v 49.04321 5.65011 0.18881
v 49.04724 5.44270 0.18881
v 49.12999 5.15135 0.18881
v 49.16709 5.11046 0.18881
v 49.21006 5.06262 0.18881
v 49.29400 4.98499 0.18881
v 49.33755 4.98434 0.18881
v 49.42032 4.93925 0.18881
v 49.62468 4.90054 0.18881
v 49.66722 4.90000 0.18881
v 49.87740 4.94051 0.18881
v 49.95948 4.98348 0.18881
v 50.00039 4.98168 0.18881
v 50.00034 5.02706 0.18881
v 50.08372 5.06597 0.18881
v 50.12797 5.06601 0.18881
v 49.12470 5.90328 0.18881
v 50.09099 5.98305 0.18881
v 50.04218 5.98309 0.18881
v 50.00204 6.02386 0.18881
v 49.29726 6.02185 0.18881
v 49.25350 6.02764 0.18881
v 49.21172 5.98539 0.18881
v 49.87610 6.10904 0.18881
v 49.99818 6.07132 0.18881
v 49.95847 6.06911 0.18881
v 50.30780 6.07272 0.18881
v 50.25931 6.06705 0.18881
v 50.21507 6.06827 0.18881
v 50.17078 6.06760 0.18881
v 50.12786 6.02500 0.18881
v 50.08744 6.02645 0.18881
v 50.16812 5.94521 0.18881
v 50.21342 5.94146 0.18881
v 50.25696 5.94133 0.18881
v 50.29949 5.94812 0.18881
v 50.32945 5.98168 0.18881
v 50.21345 5.86006 0.18881
v 50.25524 5.85855 0.18881
v 50.29685 5.86022 0.18881
v 50.33896 5.85198 0.18881
v 50.34114 5.44155 0.18881
v 50.33648 5.48253 0.18881
v 50.30096 5.48141 0.18881
v 50.29531 5.35487 0.18881
v 50.33771 5.35736 0.18881
v 50.33604 5.31717 0.18881
v 50.33534 5.56675 0.18881
v 50.33022 5.61077 0.18881
v 50.29137 5.60853 0.18881
v 50.33141 4.93467 0.18881
v 50.28989 4.94847 0.18881
v 50.26152 4.98381 0.18881
v 50.21083 5.02617 0.18881
v 50.17538 5.06142 0.18881
v 50.08751 4.98165 0.18881
v 50.12737 4.93935 0.18881
v 50.17321 4.90433 0.18881
v 50.34286 5.06475 0.18881
v 50.30072 5.10561 0.18881
v 50.25849 5.11231 0.18881
v 50.24937 5.14803 0.18881
v 50.21486 5.15038 0.18881
v 50.21206 5.18575 0.18881
v 49.04529 5.93945 0.18881
v 49.03906 5.90112 0.18881
v 49.08276 5.90288 0.18881
v 49.08621 5.86323 0.18881
v 49.12806 5.94557 0.18881
v 49.12271 5.98546 0.18881
v 49.08640 6.02560 0.18881
v 49.04489 5.77718 0.18881
v 49.03691 5.27486 0.18881
v 49.07516 4.89871 0.18881
v 49.12046 4.89790 0.18881
v 49.12588 4.94593 0.18881
v 49.16386 4.93643 0.18881
v 49.20663 4.97667 0.18881
v 49.24842 4.97942 0.18881
v 49.16408 5.06644 0.18881
v 49.12370 5.05844 0.18881
v 49.08005 5.02412 0.18881
v 49.03715 5.02109 0.18881
v 49.25283 4.89526 0.18881
v 49.29189 4.89993 0.18881
v 49.29246 4.93889 0.18881
v 49.33139 4.94123 0.18881
v 50.25105 5.73453 0.18881
v 50.29752 5.73503 0.18881
v 50.34275 5.73239 0.18881
v 50.34451 5.69742 0.18881
v 50.25370 5.27402 0.18881
v 50.25712 5.23679 0.18881
v 50.30249 5.22785 0.18881
v 50.33894 5.18873 0.18881
v 49.03763 5.14905 0.18881
v 49.08323 5.14647 0.18881
v 49.41740 4.89761 0.18881
v 49.45842 4.89923 0.18881
v 49.54308 4.89964 0.18881
v 49.71038 4.90106 0.18881
v 49.84087 4.89817 0.18881
v 50.00379 4.89918 0.18881
v 49.96109 4.93828 0.18881
v 49.20946 6.06932 0.18881
v 50.04568 6.07089 0.18881
v 49.33607 6.07214 0.18881
v 49.96288 6.11023 0.18881
v 49.91881 6.10986 0.18881
v 50.12898 4.10401 0.18881
v 50.08549 4.09911 0.18881
v 50.08475 4.14197 0.18881
v 50.17007 4.01773 0.18881
v 50.17205 4.06145 0.18881
v 50.20964 3.92797 0.18881
v 50.21321 3.96985 0.18881
v 50.25235 3.80344 0.18881
v 50.25511 3.68315 0.18881
v 50.25374 3.72441 0.18881
v 50.25474 3.60006 0.18881
v 50.20685 3.47468 0.18881
v 50.25348 3.51509 0.18881
v 50.21099 3.39469 0.18881
v 49.16700 4.09954 0.18881
v 49.16947 4.05710 0.18881
v 49.13051 4.05985 0.18881
v 49.08873 3.88921 0.18881
v 49.04376 3.76394 0.18881
v 49.04370 3.72295 0.18881
v 49.04412 3.63904 0.18881
v 49.08548 3.43278 0.18881
v 49.12829 3.35047 0.18881
v 49.16990 3.30877 0.18881
v 49.25500 4.18282 0.18881
v 49.21247 4.14390 0.18881
v 49.33500 4.22396 0.18881
v 49.46400 4.26591 0.18881
v 49.83582 4.26702 0.18881
v 49.91997 4.22448 0.18881
v 50.04213 4.18669 0.18881
v 50.00064 4.18169 0.18881
v 49.21068 3.22185 0.18881
v 50.12954 3.26390 0.18881
v 50.17018 3.30258 0.18881
v 49.96214 3.14347 0.18881
v 49.83382 3.10038 0.18881
v 49.87670 3.09907 0.18881
v 50.04458 3.18226 0.18881
v 50.08267 3.22254 0.18881
v 49.41905 3.09765 0.18881
v 49.29612 3.18397 0.18881
v 49.29279 3.14075 0.18881
v 50.13389 4.26959 0.18881
v 50.08383 4.26754 0.18881
v 50.04438 4.22573 0.18881
v 50.00410 4.22844 0.18881
v 50.08725 4.18640 0.18881
v 50.13011 4.18451 0.18881
v 50.16260 4.18383 0.18881
v 50.17848 4.22261 0.18881
v 50.21401 4.23113 0.18881
v 50.25235 4.22650 0.18881
v 50.29790 4.26229 0.18881
v 50.16924 4.09931 0.18881
v 50.20930 4.10015 0.18881
v 50.25196 4.10052 0.18881
v 50.30349 4.14089 0.18881
v 50.33798 4.14118 0.18881
v 50.33687 3.76410 0.18881
v 50.29598 3.76998 0.18881
v 50.30100 3.63992 0.18881
v 50.33818 3.63951 0.18881
v 50.34199 3.59974 0.18881
v 50.33855 3.89140 0.18881
v 50.30290 3.89088 0.18881
v 50.25599 3.88814 0.18881
v 50.33759 3.22150 0.18881
v 50.29448 3.26460 0.18881
v 50.25638 3.27084 0.18881
v 50.21342 3.30644 0.18881
v 50.17002 3.22073 0.18881
v 50.17456 3.17669 0.18881
v 50.21805 3.17937 0.18881
v 50.24869 3.14104 0.18881
v 50.28844 3.09242 0.18881
v 50.32344 3.09868 0.18881
v 50.33474 3.34299 0.18881
v 50.30087 3.38524 0.18881
v 50.25036 3.39280 0.18881
v 49.04773 4.23207 0.18881
v 49.08302 4.22346 0.18881
v 49.12254 4.18699 0.18881
v 49.16407 4.14205 0.18881
v 49.24707 4.22927 0.18881
v 49.20957 4.27061 0.18881
v 49.03456 4.10824 0.18881
v 49.07865 4.10423 0.18881
v 49.08744 4.06410 0.18881
v 49.04443 3.80644 0.18881
v 49.04426 3.84948 0.18881
v 49.04519 3.60019 0.18881
v 49.08485 3.09791 0.18881
v 49.12676 3.13944 0.18881
v 49.17064 3.13624 0.18881
v 49.21125 3.17726 0.18881
v 49.12857 3.26552 0.18881
v 49.08620 3.22758 0.18881
v 49.04115 3.22058 0.18881
v 49.08498 3.34825 0.18881
v 49.04801 3.34392 0.18881
v 50.25896 3.98106 0.18881
v 50.29545 4.01365 0.18881
v 50.33780 4.01972 0.18881
v 50.29236 3.51402 0.18881
v 50.33690 3.51550 0.18881
v 50.33647 3.47145 0.18881
v 49.04433 3.97335 0.18881
v 49.04326 3.47277 0.18881
v 49.37787 4.26565 0.18881
v 49.87703 4.26592 0.18881
v 49.92105 4.26982 0.18881
v 49.96168 4.26935 0.18881
v 49.24945 3.09323 0.18881
v 49.29276 3.09421 0.18881
v 50.04430 3.13511 0.18881
v 50.08957 3.13809 0.18881
v 50.13266 3.09036 0.18881
v 49.92020 3.09581 0.18881
v 49.96249 3.09665 0.18881
v 49.83901 3.05747 0.18881
v 49.66677 3.05560 0.18881
v 49.71014 3.05518 0.18881
v 49.54577 3.05592 0.18881
v 49.41906 3.05515 0.18881
v 49.37395 3.05574 0.18881
v 48.78333 6.32442 0.18881
v 48.74334 6.32442 0.18881
v 48.70440 6.32442 0.18881
v 48.78333 6.28343 0.18881
v 48.74334 6.28343 0.18881
v 48.70440 6.28343 0.18881
v 48.62160 6.32442 0.18881
v 48.57885 6.32442 0.18881
v 48.62160 6.28343 0.18881
v 48.57885 6.28343 0.18881
v 48.78333 6.19321 0.18881
v 48.74334 6.19321 0.18881
v 48.70440 6.19321 0.18881
v 48.78333 6.15310 0.18881
v 48.74334 6.15310 0.18881
v 48.70440 6.15310 0.18881
v 48.62160 6.19321 0.18881
v 48.57885 6.19321 0.18881
v 48.62160 6.15310 0.18881
v 48.57885 6.15310 0.18881
v 48.95067 6.40109 0.18881
v 48.90803 6.40109 0.18881
v 48.86584 6.40109 0.18881
v 48.78333 6.40109 0.18881
v 48.74334 6.40109 0.18881
v 48.70440 6.40109 0.18881
v 48.62160 6.40109 0.18881
v 48.57885 6.40109 0.18881
v 48.49544 6.40109 0.18881
v 48.45669 6.40109 0.18881
v 48.49544 6.32442 0.18881
v 48.45669 6.32442 0.18881
v 48.49544 6.28343 0.18881
v 48.45669 6.28343 0.18881
v 48.49544 6.19321 0.18881
v 48.45669 6.19321 0.18881
v 48.49544 6.15310 0.18881
v 48.45669 6.15310 0.18881
v 48.49544 6.06967 0.18881
v 48.45669 6.06967 0.18881
v 48.49544 6.02686 0.18881
v 48.45669 6.02686 0.18881
v 48.62160 6.06967 0.18881
v 48.57885 6.06967 0.18881
v 48.62160 6.02686 0.18881
v 48.57885 6.02686 0.18881
v 48.78333 6.06967 0.18881
v 48.74334 6.06967 0.18881
v 48.70440 6.06967 0.18881
v 48.78333 6.02686 0.18881
v 48.74334 6.02686 0.18881
v 48.70440 6.02686 0.18881
v 48.95290 6.06974 0.18881
v 48.90849 6.06737 0.18881
v 48.86588 6.06944 0.18881
v 48.95011 6.02594 0.18881
v 48.90575 6.02799 0.18881
v 48.86581 6.02661 0.18881
v 48.95114 6.19270 0.18881
v 48.90817 6.19306 0.18881
v 48.86585 6.19320 0.18881
v 48.95291 6.15054 0.18881
v 48.90865 6.15236 0.18881
v 48.86590 6.15303 0.18881
v 48.95067 6.32442 0.18881
v 48.90803 6.32442 0.18881
v 48.86584 6.32442 0.18881
v 48.95067 6.28343 0.18881
v 48.90803 6.28343 0.18881
v 48.86584 6.28343 0.18881
v 52.89517 6.32442 0.18881
v 52.85206 6.32442 0.18881
v 52.89517 6.28343 0.18881
v 52.85206 6.28343 0.18881
v 52.76834 6.32442 0.18881
v 52.71921 6.32442 0.18881
v 52.67875 6.32442 0.18881
v 52.76834 6.28343 0.18881
v 52.71921 6.28343 0.18881
v 52.67875 6.28343 0.18881
v 52.89517 6.19321 0.18881
v 52.85206 6.19321 0.18881
v 52.89517 6.15310 0.18881
v 52.85206 6.15310 0.18881
v 52.76834 6.19321 0.18881
v 52.71921 6.19321 0.18881
v 52.67875 6.19321 0.18881
v 52.76834 6.15310 0.18881
v 52.71921 6.15310 0.18881
v 52.67875 6.15310 0.18881
v 53.01946 6.40109 0.18881
v 52.97296 6.40109 0.18881
v 52.89517 6.40109 0.18881
v 52.85206 6.40109 0.18881
v 52.76834 6.40109 0.18881
v 52.71921 6.40109 0.18881
v 52.67875 6.40109 0.18881
v 52.59556 6.40109 0.18881
v 52.55313 6.40109 0.18881
v 52.51032 6.40109 0.18881
v 52.59556 6.32442 0.18881
v 52.55313 6.32442 0.18881
v 52.51032 6.32442 0.18881
v 52.59556 6.28343 0.18881
v 52.55313 6.28343 0.18881
v 52.51032 6.28343 0.18881
v 52.59556 6.19321 0.18881
v 52.55313 6.19321 0.18881
v 52.51032 6.19321 0.18881
v 52.59556 6.15310 0.18881
v 52.55313 6.15310 0.18881
v 52.51032 6.15310 0.18881
v 52.59556 6.06967 0.18881
v 52.55313 6.06967 0.18881
v 52.51032 6.06967 0.18881
v 52.59556 6.02686 0.18881
v 52.55313 6.02686 0.18881
v 52.51032 6.02686 0.18881
v 52.76834 6.06967 0.18881
v 52.71921 6.06967 0.18881
v 52.67875 6.06967 0.18881
v 52.76834 6.02686 0.18881
v 52.71921 6.02686 0.18881
v 52.67875 6.02686 0.18881
v 52.89517 6.06967 0.18881
v 52.85206 6.06967 0.18881
v 52.89517 6.02686 0.18881
v 52.85206 6.02686 0.18881
v 53.01946 6.06967 0.18881
v 52.97296 6.06967 0.18881
v 53.01946 6.02686 0.18881
v 52.97296 6.02686 0.18881
v 53.01946 6.19321 0.18881
v 52.97296 6.19321 0.18881
v 53.01946 6.15310 0.18881
v 52.97296 6.15310 0.18881
v 53.01946 6.32442 0.18881
v 52.97296 6.32442 0.18881
v 53.01946 6.28343 0.18881
v 52.97296 6.28343 0.18881
v 52.89517 3.01401 0.18881
v 52.85206 3.01401 0.18881
v 52.89517 2.97341 0.18881
v 52.85206 2.97341 0.18881
v 52.76834 3.01401 0.18881
v 52.71921 3.01401 0.18881
v 52.67875 3.01401 0.18881
v 52.76834 2.97341 0.18881
v 52.71921 2.97341 0.18881
v 52.67875 2.97341 0.18881
v 52.89517 2.88162 0.18881
v 52.85206 2.88162 0.18881
v 52.89517 2.83961 0.18881
v 52.85206 2.83961 0.18881
v 52.76834 2.88162 0.18881
v 52.71921 2.88162 0.18881
v 52.67875 2.88162 0.18881
v 52.76834 2.83961 0.18881
v 52.71921 2.83961 0.18881
v 52.67875 2.83961 0.18881
v 53.01946 3.14110 0.18881
v 52.97296 3.14110 0.18881
v 53.01946 3.09810 0.18881
v 52.97296 3.09810 0.18881
v 52.89517 3.14110 0.18881
v 52.85206 3.14110 0.18881
v 52.89517 3.09810 0.18881
v 52.85206 3.09810 0.18881
v 52.76834 3.14110 0.18881
v 52.71921 3.14110 0.18881
v 52.67875 3.14110 0.18881
v 52.76834 3.09810 0.18881
v 52.71921 3.09810 0.18881
v 52.67875 3.09810 0.18881
v 52.59541 3.14134 0.18881
v 52.55241 3.13347 0.18881
v 52.50838 3.13486 0.18881
v 52.59552 3.09816 0.18881
v 52.55290 3.09839 0.18881
v 52.50977 3.09873 0.18881
v 52.59556 3.01401 0.18881
v 52.55313 3.01401 0.18881
v 52.51032 3.01401 0.18881
v 52.59556 2.97341 0.18881
v 52.55313 2.97341 0.18881
v 52.51032 2.97341 0.18881
v 52.59556 2.88162 0.18881
v 52.55313 2.88162 0.18881
v 52.51032 2.88162 0.18881
v 52.59556 2.83961 0.18881
v 52.55313 2.83961 0.18881
v 52.51032 2.83961 0.18881
v 52.59556 2.76027 0.18881
v 52.55313 2.76027 0.18881
v 52.51032 2.76027 0.18881
v 52.76834 2.76027 0.18881
v 52.71921 2.76027 0.18881
v 52.67875 2.76027 0.18881
v 52.89517 2.76027 0.18881
v 52.85206 2.76027 0.18881
v 53.01946 2.76027 0.18881
v 52.97296 2.76027 0.18881
v 53.01946 2.88162 0.18881
v 52.97296 2.88162 0.18881
v 53.01946 2.83961 0.18881
v 52.97296 2.83961 0.18881
v 53.01946 3.01401 0.18881
v 52.97296 3.01401 0.18881
v 53.01946 2.97341 0.18881
v 52.97296 2.97341 0.18881
v 53.17436 3.01401 0.03952
v 53.17436 2.97341 0.03952
v 53.17436 2.88162 0.03952
v 53.17436 2.83961 0.03952
v 53.17436 3.14110 0.03952
v 53.17436 3.09810 0.03952
v 53.17436 2.76027 0.03952
v 48.57885 6.53609 0.03952
v 48.62160 6.53609 0.03952
v 48.70440 6.53609 0.03952
v 48.74334 6.53609 0.03952
v 48.78333 6.53609 0.03952
v 48.45669 6.53609 0.03952
v 48.49544 6.53609 0.03952
v 48.86584 6.53609 0.03952
v 48.90803 6.53609 0.03952
v 48.95067 6.53609 0.03952
v 53.17436 6.32442 0.03952
v 53.17436 6.28343 0.03952
v 53.17436 6.19321 0.03952
v 53.17436 6.15310 0.03952
v 53.17436 6.40109 0.03952
v 53.17436 6.06967 0.03952
v 53.17436 6.02686 0.03952
v 51.55588 3.01401 0.18881
v 51.51243 3.01401 0.18881
v 51.46898 3.01401 0.18881
v 51.55588 2.97341 0.18881
v 51.51243 2.97341 0.18881
v 51.46898 2.97341 0.18881
v 51.38209 3.01401 0.18881
v 51.33864 3.01401 0.18881
v 51.29519 3.01401 0.18881
v 51.38209 2.97341 0.18881
v 51.33864 2.97341 0.18881
v 51.29519 2.97341 0.18881
v 51.55588 2.88162 0.18881
v 51.51243 2.88162 0.18881
v 51.46898 2.88162 0.18881
v 51.55588 2.83961 0.18881
v 51.51243 2.83961 0.18881
v 51.46898 2.83961 0.18881
v 51.38209 2.88162 0.18881
v 51.33864 2.88162 0.18881
v 51.29519 2.88162 0.18881
v 51.38209 2.83961 0.18881
v 51.33864 2.83961 0.18881
v 51.29519 2.83961 0.18881
v 51.75440 3.13409 0.18881
v 51.71979 3.13372 0.18881
v 51.68495 3.13402 0.18881
v 51.63793 3.13547 0.18881
v 51.76326 3.09855 0.18881
v 51.73016 3.09849 0.18881
v 51.68586 3.09855 0.18881
v 51.64145 3.09890 0.18881
v 51.47001 3.14034 0.18881
v 51.55041 3.13162 0.18881
v 51.51284 3.13315 0.18881
v 51.55325 3.09865 0.18881
v 51.50968 3.09816 0.18881
v 51.46642 3.09785 0.18881
v 51.38628 3.13835 0.18881
v 51.34443 3.13761 0.18881
v 51.30685 3.14010 0.18881
v 51.38017 3.09749 0.18881
v 51.33703 3.09735 0.18881
v 51.29389 3.09724 0.18881
v 51.22570 3.13611 0.18881
v 51.18368 3.13584 0.18881
v 51.14164 3.13570 0.18881
v 51.21836 3.09709 0.18881
v 51.18599 3.09705 0.18881
v 51.14282 3.09702 0.18881
v 51.21915 3.01401 0.18881
v 51.18657 3.01401 0.18881
v 51.14312 3.01401 0.18881
v 51.21915 2.97341 0.18881
v 51.18657 2.97341 0.18881
v 51.14312 2.97341 0.18881
v 51.21915 2.88162 0.18881
v 51.18657 2.88162 0.18881
v 51.14312 2.88162 0.18881
v 51.21915 2.83961 0.18881
v 51.18657 2.83961 0.18881
v 51.14312 2.83961 0.18881
v 51.21915 2.76027 0.18881
v 51.18657 2.76027 0.18881
v 51.14312 2.76027 0.18881
v 51.38209 2.76027 0.18881
v 51.33864 2.76027 0.18881
v 51.29519 2.76027 0.18881
v 51.55588 2.76027 0.18881
v 51.51243 2.76027 0.18881
v 51.46898 2.76027 0.18881
v 51.76226 2.76027 0.18881
v 51.72968 2.76027 0.18881
v 51.68623 2.76027 0.18881
v 51.64278 2.76027 0.18881
v 51.76226 2.88162 0.18881
v 51.72968 2.88162 0.18881
v 51.68623 2.88162 0.18881
v 51.64278 2.88162 0.18881
v 51.76226 2.83961 0.18881
v 51.72968 2.83961 0.18881
v 51.68623 2.83961 0.18881
v 51.64278 2.83961 0.18881
v 51.76226 3.01401 0.18881
v 51.72968 3.01401 0.18881
v 51.68623 3.01401 0.18881
v 51.64278 3.01401 0.18881
v 51.76226 2.97341 0.18881
v 51.72968 2.97341 0.18881
v 51.68623 2.97341 0.18881
v 51.64278 2.97341 0.18881
v 50.88242 3.01401 0.18881
v 50.83897 3.01401 0.18881
v 50.79553 3.01401 0.18881
v 50.88242 2.97341 0.18881
v 50.83897 2.97341 0.18881
v 50.79553 2.97341 0.18881
v 50.70863 3.01401 0.18881
v 50.66518 3.01401 0.18881
v 50.63259 3.01401 0.18881
v 50.60000 3.01401 0.18881
v 50.70863 2.97341 0.18881
v 50.66518 2.97341 0.18881
v 50.63259 2.97341 0.18881
v 50.60000 2.97341 0.18881
v 50.88242 2.88162 0.18881
v 50.83897 2.88162 0.18881
v 50.79553 2.88162 0.18881
v 50.88242 2.83961 0.18881
v 50.83897 2.83961 0.18881
v 50.79552 2.83961 0.18881
v 50.70863 2.88162 0.18881
v 50.66518 2.88162 0.18881
v 50.63259 2.88162 0.18881
v 50.60000 2.88162 0.18881
v 50.70863 2.83961 0.18881
v 50.66518 2.83961 0.18881
v 50.63259 2.83961 0.18881
v 50.60000 2.83961 0.18881
v 51.05756 3.13579 0.18881
v 51.01554 3.13604 0.18881
v 50.97354 3.13640 0.18881
v 51.05649 3.09704 0.18881
v 51.01332 3.09709 0.18881
v 50.97016 3.09717 0.18881
v 50.88963 3.13757 0.18881
v 50.84734 3.13884 0.18881
v 50.80541 3.13757 0.18881
v 50.88386 3.09740 0.18881
v 50.84061 3.09768 0.18881
v 50.79714 3.09818 0.18881
v 50.63297 3.14142 0.18881
v 50.60007 3.14116 0.18881
v 50.71169 3.13452 0.18881
v 50.66632 3.13333 0.18881
v 50.70948 3.09864 0.18881
v 50.66552 3.09835 0.18881
v 50.63269 3.09818 0.18881
v 50.60002 3.09812 0.18881
v 50.51470 3.13862 0.18881
v 50.46612 3.13840 0.18881
v 50.42195 3.13954 0.18881
v 50.51232 3.09917 0.18881
v 50.46520 3.09516 0.18881
v 50.42637 3.09380 0.18881
v 50.51245 3.01449 0.18881
v 50.46614 3.01657 0.18881
v 50.42122 3.00734 0.18881
v 50.51290 2.97356 0.18881
v 50.46854 2.97418 0.18881
v 50.42441 2.96653 0.18881
v 50.51311 2.88162 0.18881
v 50.46966 2.88162 0.18881
v 50.42621 2.88162 0.18881
v 50.51311 2.83961 0.18881
v 50.46966 2.83961 0.18881
v 50.42621 2.83961 0.18881
v 50.51311 2.76027 0.18881
v 50.46966 2.76027 0.18881
v 50.42621 2.76027 0.18881
v 50.70863 2.76027 0.18881
v 50.66518 2.76027 0.18881
v 50.63259 2.76027 0.18881
v 50.60000 2.76027 0.18881
v 50.88242 2.76027 0.18881
v 50.83897 2.76027 0.18881
v 50.79552 2.76027 0.18881
v 51.05622 2.76027 0.18881
v 51.01277 2.76027 0.18881
v 50.96932 2.76027 0.18881
v 51.05622 2.88162 0.18881
v 51.01277 2.88162 0.18881
v 50.96932 2.88162 0.18881
v 51.05622 2.83961 0.18881
v 51.01277 2.83961 0.18881
v 50.96932 2.83961 0.18881
v 51.05622 3.01401 0.18881
v 51.01277 3.01401 0.18881
v 50.96932 3.01401 0.18881
v 51.05622 2.97341 0.18881
v 51.01277 2.97341 0.18881
v 50.96932 2.97341 0.18881
v 50.16690 3.01545 0.18881
v 50.12537 3.01415 0.18881
v 50.08378 3.01293 0.18881
v 50.17108 2.97377 0.18881
v 50.13183 2.97343 0.18881
v 50.09338 2.97629 0.18881
v 50.00045 3.01081 0.18881
v 50.01009 2.97259 0.18881
v 49.96709 2.97235 0.18881
v 49.92407 2.97215 0.18881
v 50.16551 2.88162 0.18881
v 50.12206 2.88162 0.18881
v 50.07862 2.88162 0.18881
v 50.16551 2.83961 0.18881
v 50.12206 2.83961 0.18881
v 50.07862 2.83961 0.18881
v 50.01344 2.88162 0.18881
v 49.96999 2.88162 0.18881
v 49.92655 2.88162 0.18881
v 50.01344 2.83961 0.18881
v 49.96999 2.83961 0.18881
v 49.92655 2.83961 0.18881
v 49.83800 2.97182 0.18881
v 49.79495 2.97170 0.18881
v 49.75190 2.97160 0.18881
v 49.83965 2.88162 0.18881
v 49.79620 2.88162 0.18881
v 49.75275 2.88162 0.18881
v 49.83965 2.83961 0.18881
v 49.79620 2.83961 0.18881
v 49.75275 2.83961 0.18881
v 49.83965 2.76027 0.18881
v 49.79620 2.76027 0.18881
v 49.75275 2.76027 0.18881
v 50.01344 2.76027 0.18881
v 49.96999 2.76027 0.18881
v 49.92655 2.76027 0.18881
v 50.16551 2.76027 0.18881
v 50.12206 2.76027 0.18881
v 50.07862 2.76027 0.18881
v 50.33931 2.76027 0.18881
v 50.29586 2.76027 0.18881
v 50.25241 2.76027 0.18881
v 50.33931 2.88162 0.18881
v 50.29586 2.88162 0.18881
v 50.25241 2.88162 0.18881
v 50.33931 2.83961 0.18881
v 50.29586 2.83961 0.18881
v 50.25241 2.83961 0.18881
v 50.33771 3.01304 0.18881
v 50.29783 3.01128 0.18881
v 50.26017 3.00962 0.18881
v 50.24945 2.97104 0.18881
v 50.33568 2.96669 0.18881
v 50.29196 2.96629 0.18881
v 49.49356 2.97166 0.18881
v 49.45293 2.97476 0.18881
v 49.41838 2.97188 0.18881
v 49.24721 3.01145 0.18881
v 49.29743 2.96935 0.18881
v 49.25711 2.97263 0.18881
v 49.21418 2.97289 0.18881
v 49.49209 2.88162 0.18881
v 49.45952 2.88162 0.18881
v 49.42694 2.88162 0.18881
v 49.38352 2.88162 0.18881
v 49.49209 2.83961 0.18881
v 49.45952 2.83961 0.18881
v 49.42694 2.83961 0.18881
v 49.38352 2.83961 0.18881
v 49.29671 2.88162 0.18881
v 49.25332 2.88162 0.18881
v 49.20994 2.88162 0.18881
v 49.29671 2.83961 0.18881
v 49.25332 2.83961 0.18881
v 49.20994 2.83961 0.18881
v 49.16401 3.01376 0.18881
v 49.12179 3.01550 0.18881
v 49.07799 3.01819 0.18881
v 49.12829 2.97356 0.18881
v 49.08496 2.97416 0.18881
v 49.03947 2.96630 0.18881
v 49.12322 2.88162 0.18881
v 49.07993 2.88162 0.18881
v 49.03671 2.88162 0.18881
v 49.12322 2.83961 0.18881
v 49.07993 2.83961 0.18881
v 49.03671 2.83961 0.18881
v 49.12322 2.76027 0.18881
v 49.07993 2.76027 0.18881
v 49.03671 2.76027 0.18881
v 49.29671 2.76027 0.18881
v 49.25332 2.76027 0.18881
v 49.20994 2.76027 0.18881
v 49.49209 2.76027 0.18881
v 49.45952 2.76027 0.18881
v 49.42694 2.76027 0.18881
v 49.38352 2.76027 0.18881
v 49.66585 2.76027 0.18881
v 49.62241 2.76027 0.18881
v 49.57896 2.76027 0.18881
v 49.66585 2.88162 0.18881
v 49.62241 2.88162 0.18881
v 49.57896 2.88162 0.18881
v 49.66585 2.83961 0.18881
v 49.62241 2.83961 0.18881
v 49.57896 2.83961 0.18881
v 49.66578 2.97150 0.18881
v 49.62272 2.97150 0.18881
v 49.57966 2.97152 0.18881
v 48.30807 5.60821 0.03952
v 48.30807 5.65195 0.03952
v 48.30807 5.73940 0.03952
v 48.30807 5.77437 0.03952
v 48.30807 5.44193 0.03952
v 48.30807 5.48569 0.03952
v 48.30807 5.52945 0.03952
v 48.30807 5.86174 0.03952
v 48.30807 5.89665 0.03952
v 48.30807 5.94022 0.03952
v 48.78333 3.01401 0.18881
v 48.74334 3.01401 0.18881
v 48.70440 3.01401 0.18881
v 48.78333 2.97341 0.18881
v 48.74334 2.97341 0.18881
v 48.70440 2.97341 0.18881
v 48.62160 3.01401 0.18881
v 48.57885 3.01401 0.18881
v 48.62160 2.97341 0.18881
v 48.57885 2.97341 0.18881
v 48.78333 2.88162 0.18881
v 48.74334 2.88162 0.18881
v 48.70440 2.88162 0.18881
v 48.78333 2.83961 0.18881
v 48.74334 2.83961 0.18881
v 48.70440 2.83961 0.18881
v 48.62160 2.88162 0.18881
v 48.57885 2.88162 0.18881
v 48.62160 2.83961 0.18881
v 48.57885 2.83961 0.18881
v 48.86591 3.14130 0.18881
v 48.95380 3.13999 0.18881
v 48.90887 3.13446 0.18881
v 48.95593 3.09703 0.18881
v 48.90931 3.10010 0.18881
v 48.86596 3.09830 0.18881
v 48.78333 3.14110 0.18881
v 48.74334 3.14110 0.18881
v 48.70440 3.14110 0.18881
v 48.78333 3.09810 0.18881
v 48.74334 3.09810 0.18881
v 48.70440 3.09810 0.18881
v 48.62160 3.14110 0.18881
v 48.57885 3.14110 0.18881
v 48.62160 3.09810 0.18881
v 48.57885 3.09810 0.18881
v 48.49544 3.14110 0.18881
v 48.45669 3.14110 0.18881
v 48.49544 3.09810 0.18881
v 48.45669 3.09810 0.18881
v 48.49544 3.01401 0.18881
v 48.45669 3.01401 0.18881
v 48.49544 2.97341 0.18881
v 48.45669 2.97341 0.18881
v 48.49544 2.88162 0.18881
v 48.45669 2.88162 0.18881
v 48.49544 2.83961 0.18881
v 48.45669 2.83961 0.18881
v 48.49544 2.76027 0.18881
v 48.45669 2.76027 0.18881
v 48.62160 2.76027 0.18881
v 48.57885 2.76027 0.18881
v 48.78333 2.76027 0.18881
v 48.74334 2.76027 0.18881
v 48.70440 2.76027 0.18881
v 48.95066 2.76027 0.18881
v 48.90803 2.76027 0.18881
v 48.86584 2.76027 0.18881
v 48.95067 2.88162 0.18881
v 48.90803 2.88162 0.18881
v 48.86584 2.88162 0.18881
v 48.95066 2.83961 0.18881
v 48.90803 2.83961 0.18881
v 48.86584 2.83961 0.18881
v 48.95584 3.01740 0.18881
v 48.90941 3.01495 0.18881
v 48.86597 3.01410 0.18881
v 48.95225 2.97437 0.18881
v 48.90848 2.97370 0.18881
v 48.86588 2.97344 0.18881
v 50.16551 2.61463 0.03952
v 50.12206 2.61463 0.03952
v 50.07862 2.61463 0.03952
v 50.01344 2.61463 0.03952
v 49.96999 2.61463 0.03952
v 49.92655 2.61463 0.03952
v 50.33931 2.61463 0.03952
v 50.29586 2.61463 0.03952
v 50.25241 2.61463 0.03952
v 49.83965 2.61463 0.03952
v 49.79620 2.61463 0.03952
v 49.75275 2.61463 0.03952
v 50.88242 2.61463 0.03952
v 50.83897 2.61463 0.03952
v 50.79552 2.61463 0.03952
v 50.70863 2.61463 0.03952
v 50.66518 2.61463 0.03952
v 50.63259 2.61463 0.03952
v 50.60000 2.61463 0.03952
v 51.05622 2.61463 0.03952
v 51.01277 2.61463 0.03952
v 50.96932 2.61463 0.03952
v 50.51311 2.61463 0.03952
v 50.46966 2.61463 0.03952
v 50.42621 2.61463 0.03952
v 51.55588 2.61463 0.03952
v 51.51243 2.61463 0.03952
v 51.46898 2.61463 0.03952
v 51.38209 2.61463 0.03952
v 51.33864 2.61463 0.03952
v 51.29519 2.61463 0.03952
v 51.76226 2.61463 0.03952
v 51.72968 2.61463 0.03952
v 51.68623 2.61463 0.03952
v 51.64278 2.61463 0.03952
v 51.21915 2.61463 0.03952
v 51.18657 2.61463 0.03952
v 51.14312 2.61463 0.03952
v 52.27249 2.61463 0.03952
v 52.22911 2.61463 0.03952
v 52.18572 2.61463 0.03952
v 52.09890 2.61463 0.03952
v 52.05548 2.61463 0.03952
v 52.01205 2.61463 0.03952
v 52.42412 2.61463 0.03952
v 52.38086 2.61463 0.03952
v 52.34837 2.61463 0.03952
v 51.92518 2.61463 0.03952
v 51.88174 2.61463 0.03952
v 51.83830 2.61463 0.03952
v 52.27249 3.01401 0.18881
v 52.22911 3.01401 0.18881
v 52.18572 3.01401 0.18881
v 52.27249 2.97341 0.18881
v 52.22911 2.97341 0.18881
v 52.18572 2.97341 0.18881
v 52.09890 3.01401 0.18881
v 52.05548 3.01401 0.18881
v 52.01205 3.01401 0.18881
v 52.09890 2.97341 0.18881
v 52.05548 2.97341 0.18881
v 52.01205 2.97341 0.18881
v 52.27249 2.88162 0.18881
v 52.22911 2.88162 0.18881
v 52.18572 2.88162 0.18881
v 52.27249 2.83961 0.18881
v 52.22911 2.83961 0.18881
v 52.18572 2.83961 0.18881
v 52.09890 2.88162 0.18881
v 52.05548 2.88162 0.18881
v 52.01205 2.88162 0.18881
v 52.09890 2.83961 0.18881
v 52.05548 2.83961 0.18881
v 52.01205 2.83961 0.18881
v 52.39721 3.14054 0.18881
v 52.35481 3.13857 0.18881
v 52.43800 3.13719 0.18881
v 52.42312 3.09832 0.18881
v 52.39070 3.09790 0.18881
v 52.35834 3.09761 0.18881
v 52.27074 3.13668 0.18881
v 52.22865 3.13607 0.18881
v 52.18651 3.13560 0.18881
v 52.27214 3.09722 0.18881
v 52.22902 3.09710 0.18881
v 52.18587 3.09701 0.18881
v 52.10212 3.13513 0.18881
v 52.05990 3.13514 0.18881
v 52.01769 3.13530 0.18881
v 52.09954 3.09691 0.18881
v 52.05636 3.09691 0.18881
v 52.01318 3.09695 0.18881
v 51.93330 3.13615 0.18881
v 51.89075 3.13737 0.18881
v 51.84733 3.13983 0.18881
v 51.92680 3.09712 0.18881
v 51.88350 3.09738 0.18881
v 51.83999 3.09791 0.18881
v 51.92518 3.01401 0.18881
v 51.88174 3.01401 0.18881
v 51.83830 3.01401 0.18881
v 51.92518 2.97341 0.18881
v 51.88174 2.97341 0.18881
v 51.83830 2.97341 0.18881
v 51.92518 2.88162 0.18881
v 51.88174 2.88162 0.18881
v 51.83830 2.88162 0.18881
v 51.92518 2.83961 0.18881
v 51.88174 2.83961 0.18881
v 51.83830 2.83961 0.18881
v 51.92518 2.76027 0.18881
v 51.88174 2.76027 0.18881
v 51.83830 2.76027 0.18881
v 52.09890 2.76027 0.18881
v 52.05548 2.76027 0.18881
v 52.01205 2.76027 0.18881
v 52.27249 2.76027 0.18881
v 52.22911 2.76027 0.18881
v 52.18572 2.76027 0.18881
v 52.42412 2.76027 0.18881
v 52.38086 2.76027 0.18881
v 52.34837 2.76027 0.18881
v 52.42412 2.88162 0.18881
v 52.38086 2.88162 0.18881
v 52.34837 2.88162 0.18881
v 52.42412 2.83961 0.18881
v 52.38086 2.83961 0.18881
v 52.34837 2.83961 0.18881
v 52.42412 3.01401 0.18881
v 52.38086 3.01401 0.18881
v 52.34837 3.01401 0.18881
v 52.42412 2.97341 0.18881
v 52.38086 2.97341 0.18881
v 52.34837 2.97341 0.18881
v 49.49209 6.32442 0.18881
v 49.45952 6.32442 0.18881
v 49.42694 6.32442 0.18881
v 49.38352 6.32442 0.18881
v 49.49209 6.28343 0.18881
v 49.45952 6.28343 0.18881
v 49.42694 6.28343 0.18881
v 49.38352 6.28343 0.18881
v 49.29671 6.32442 0.18881
v 49.25332 6.32442 0.18881
v 49.20994 6.32442 0.18881
v 49.29671 6.28343 0.18881
v 49.25332 6.28343 0.18881
v 49.20994 6.28343 0.18881
v 49.49375 6.19729 0.18881
v 49.46433 6.19055 0.18881
v 49.42665 6.19416 0.18881
v 49.38344 6.19403 0.18881
v 49.46687 6.15217 0.18881
v 49.42488 6.15141 0.18881
v 49.38293 6.15056 0.18881
v 49.29706 6.19375 0.18881
v 49.25390 6.19358 0.18881
v 49.21075 6.19341 0.18881
v 49.29915 6.14857 0.18881
v 49.25897 6.15056 0.18881
v 49.21413 6.15411 0.18881
v 49.66585 6.40109 0.18881
v 49.62241 6.40109 0.18881
v 49.57896 6.40109 0.18881
v 49.49209 6.40109 0.18881
v 49.45952 6.40109 0.18881
v 49.42694 6.40109 0.18881
v 49.38352 6.40109 0.18881
v 49.29671 6.40109 0.18881
v 49.25332 6.40109 0.18881
v 49.20994 6.40109 0.18881
v 49.12322 6.40109 0.18881
v 49.07993 6.40109 0.18881
v 49.03671 6.40109 0.18881
v 49.12322 6.32442 0.18881
v 49.07993 6.32442 0.18881
v 49.03671 6.32442 0.18881
v 49.12322 6.28343 0.18881
v 49.07993 6.28343 0.18881
v 49.03671 6.28343 0.18881
v 49.12449 6.19301 0.18881
v 49.08127 6.19270 0.18881
v 49.03794 6.19238 0.18881
v 49.12977 6.15203 0.18881
v 49.08701 6.15049 0.18881
v 49.04329 6.14871 0.18881
v 49.66450 6.19460 0.18881
v 49.62123 6.19455 0.18881
v 49.57797 6.19448 0.18881
v 49.54834 6.15089 0.18881
v 49.66585 6.32442 0.18881
v 49.62241 6.32442 0.18881
v 49.57896 6.32442 0.18881
v 49.66585 6.28343 0.18881
v 49.62241 6.28343 0.18881
v 49.57896 6.28343 0.18881
v 52.01205 6.53609 0.03952
v 52.05548 6.53609 0.03952
v 52.09890 6.53609 0.03952
v 52.18572 6.53609 0.03952
v 52.22911 6.53609 0.03952
v 52.27249 6.53609 0.03952
v 51.83830 6.53609 0.03952
v 51.88174 6.53609 0.03952
v 51.92518 6.53609 0.03952
v 52.34837 6.53609 0.03952
v 52.38086 6.53609 0.03952
v 52.42412 6.53609 0.03952
v 51.29519 6.53609 0.03952
v 51.33864 6.53609 0.03952
v 51.38209 6.53609 0.03952
v 51.46898 6.53609 0.03952
v 51.51243 6.53609 0.03952
v 51.55588 6.53609 0.03952
v 51.14312 6.53609 0.03952
v 51.18657 6.53609 0.03952
v 51.21915 6.53609 0.03952
v 51.64278 6.53609 0.03952
v 51.68623 6.53609 0.03952
v 51.72968 6.53609 0.03952
v 51.76226 6.53609 0.03952
v 50.60000 6.53609 0.03952
v 50.63259 6.53609 0.03952
v 50.66518 6.53609 0.03952
v 50.70863 6.53609 0.03952
v 50.79553 6.53609 0.03952
v 50.83897 6.53609 0.03952
v 50.88242 6.53609 0.03952
v 50.42621 6.53609 0.03952
v 50.46966 6.53609 0.03952
v 50.51311 6.53609 0.03952
v 50.96932 6.53609 0.03952
v 51.01277 6.53609 0.03952
v 51.05622 6.53609 0.03952
v 49.92655 6.53609 0.03952
v 49.96999 6.53609 0.03952
v 50.01344 6.53609 0.03952
v 50.07862 6.53609 0.03952
v 50.12206 6.53609 0.03952
v 50.16551 6.53609 0.03952
v 49.75275 6.53609 0.03952
v 49.79620 6.53609 0.03952
v 49.83965 6.53609 0.03952
v 50.25241 6.53609 0.03952
v 50.29586 6.53609 0.03952
v 50.33931 6.53609 0.03952
v 49.20994 6.53609 0.03952
v 49.25332 6.53609 0.03952
v 49.29671 6.53609 0.03952
v 49.38352 6.53609 0.03952
v 49.42694 6.53609 0.03952
v 49.45952 6.53609 0.03952
v 49.49209 6.53609 0.03952
v 49.03671 6.53609 0.03952
v 49.07993 6.53609 0.03952
v 49.12322 6.53609 0.03952
v 49.57896 6.53609 0.03952
v 49.62241 6.53609 0.03952
v 49.66585 6.53609 0.03952
v 48.30807 6.15310 0.03952
v 48.30807 6.19321 0.03952
v 48.30807 6.28343 0.03952
v 48.30807 6.32442 0.03952
v 48.30807 6.02686 0.03952
v 48.30807 6.06967 0.03952
v 48.30807 6.40109 0.03952
v 48.30807 5.02178 0.03952
v 48.30807 5.06554 0.03952
v 48.30807 5.10931 0.03952
v 48.30807 5.18809 0.03952
v 48.30807 5.23185 0.03952
v 48.30807 4.89923 0.03952
v 48.30807 4.93424 0.03952
v 48.30807 5.31939 0.03952
v 48.30807 5.35440 0.03952
v 48.30807 4.47907 0.03952
v 48.30807 4.52284 0.03952
v 48.30807 4.60162 0.03952
v 48.30807 4.64539 0.03952
v 48.30807 4.68915 0.03952
v 48.30807 4.35653 0.03952
v 48.30807 4.39154 0.03952
v 48.30807 4.76793 0.03952
v 48.30807 4.81170 0.03952
v 48.30807 3.93637 0.03952
v 48.30807 3.97138 0.03952
v 48.30807 4.05892 0.03952
v 48.30807 4.10268 0.03952
v 48.30807 3.76131 0.03952
v 48.30807 3.80507 0.03952
v 48.30807 3.84884 0.03952
v 48.30807 4.18146 0.03952
v 48.30807 4.22523 0.03952
v 48.30807 4.26900 0.03952
v 48.30807 3.35013 0.03952
v 48.30807 3.39383 0.03952
v 48.30807 3.42881 0.03952
v 48.30807 3.51627 0.03952
v 48.30807 3.56001 0.03952
v 48.30807 3.21920 0.03952
v 48.30807 3.26279 0.03952
v 48.30807 3.63877 0.03952
v 48.30807 3.68253 0.03952
v 48.78333 3.56001 0.18881
v 48.74334 3.56001 0.18881
v 48.70440 3.56001 0.18881
v 48.78333 3.51627 0.18881
v 48.74334 3.51627 0.18881
v 48.70440 3.51627 0.18881
v 48.62160 3.56001 0.18881
v 48.57885 3.56001 0.18881
v 48.62160 3.51627 0.18881
v 48.57885 3.51627 0.18881
v 48.78333 3.42881 0.18881
v 48.74334 3.42881 0.18881
v 48.70440 3.42881 0.18881
v 48.78333 3.39383 0.18881
v 48.74334 3.39383 0.18881
v 48.70440 3.39383 0.18881
v 48.78333 3.35013 0.18881
v 48.74334 3.35013 0.18881
v 48.70440 3.35013 0.18881
v 48.62160 3.42880 0.18881
v 48.57885 3.42881 0.18881
v 48.62160 3.39383 0.18881
v 48.57885 3.39383 0.18881
v 48.62160 3.35013 0.18881
v 48.57885 3.35013 0.18881
v 48.96238 3.68009 0.18881
v 48.91617 3.68190 0.18881
v 48.86568 3.68249 0.18881
v 48.96259 3.63722 0.18881
v 48.91622 3.63837 0.18881
v 48.86568 3.63875 0.18881
v 48.78333 3.68253 0.18881
v 48.74334 3.68253 0.18881
v 48.70440 3.68253 0.18881
v 48.78333 3.63877 0.18881
v 48.74334 3.63877 0.18881
v 48.70440 3.63877 0.18881
v 48.62160 3.68253 0.18881
v 48.57885 3.68253 0.18881
v 48.62160 3.63877 0.18881
v 48.57885 3.63877 0.18881
v 48.49544 3.68253 0.18881
v 48.45669 3.68253 0.18881
v 48.49544 3.63877 0.18881
v 48.45669 3.63877 0.18881
v 48.49544 3.56001 0.18881
v 48.45669 3.56001 0.18881
v 48.49544 3.51627 0.18881
v 48.45669 3.51627 0.18881
v 48.49544 3.42880 0.18881
v 48.45669 3.42881 0.18881
v 48.49544 3.39383 0.18881
v 48.45669 3.39383 0.18881
v 48.49544 3.35013 0.18881
v 48.45669 3.35013 0.18881
v 48.49544 3.26279 0.18881
v 48.45669 3.26279 0.18881
v 48.49544 3.21920 0.18881
v 48.45669 3.21920 0.18881
v 48.62160 3.26279 0.18881
v 48.57885 3.26279 0.18881
v 48.62160 3.21920 0.18881
v 48.57885 3.21920 0.18881
v 48.78333 3.26279 0.18881
v 48.74334 3.26279 0.18881
v 48.70440 3.26279 0.18881
v 48.78333 3.21920 0.18881
v 48.74334 3.21920 0.18881
v 48.70440 3.21920 0.18881
v 48.94819 3.26396 0.18881
v 48.90791 3.26408 0.18881
v 48.86582 3.26292 0.18881
v 48.95362 3.22016 0.18881
v 48.90819 3.22073 0.18881
v 48.86585 3.21935 0.18881
v 48.95641 3.43137 0.18881
v 48.90704 3.42932 0.18881
v 48.86574 3.42886 0.18881
v 48.95738 3.38859 0.18881
v 48.90928 3.38933 0.18881
v 48.86575 3.39390 0.18881
v 48.90536 3.34744 0.18881
v 48.86577 3.35022 0.18881
v 48.94849 3.34475 0.18881
v 48.96341 3.56011 0.18881
v 48.91644 3.56004 0.18881
v 48.86570 3.56001 0.18881
v 48.95486 3.51713 0.18881
v 48.90673 3.51644 0.18881
v 48.86571 3.51628 0.18881
v 50.16551 6.32442 0.18881
v 50.12206 6.32442 0.18881
v 50.07862 6.32442 0.18881
v 50.16551 6.28343 0.18881
v 50.12206 6.28343 0.18881
v 50.07862 6.28343 0.18881
v 50.01344 6.32442 0.18881
v 49.96999 6.32442 0.18881
v 49.92655 6.32442 0.18881
v 50.01344 6.28343 0.18881
v 49.96999 6.28343 0.18881
v 49.92655 6.28343 0.18881
v 50.16925 6.19425 0.18881
v 50.12948 6.19437 0.18881
v 50.08996 6.19443 0.18881
v 50.12759 6.15245 0.18881
v 50.08548 6.15311 0.18881
v 50.01065 6.19457 0.18881
v 49.96737 6.19463 0.18881
v 49.92409 6.19467 0.18881
v 50.33931 6.40109 0.18881
v 50.29586 6.40109 0.18881
v 50.25241 6.40109 0.18881
v 50.16551 6.40109 0.18881
v 50.12206 6.40109 0.18881
v 50.07862 6.40109 0.18881
v 50.01344 6.40109 0.18881
v 49.96999 6.40109 0.18881
v 49.92655 6.40109 0.18881
v 49.83965 6.40109 0.18881
v 49.79620 6.40109 0.18881
v 49.75275 6.40109 0.18881
v 49.83965 6.32442 0.18881
v 49.79620 6.32442 0.18881
v 49.75275 6.32442 0.18881
v 49.83965 6.28343 0.18881
v 49.79620 6.28343 0.18881
v 49.75275 6.28343 0.18881
v 49.83754 6.19470 0.18881
v 49.79428 6.19469 0.18881
v 49.75102 6.19467 0.18881
v 50.33579 6.19340 0.18881
v 50.29201 6.19380 0.18881
v 50.25146 6.19704 0.18881
v 50.33863 6.15036 0.18881
v 50.29609 6.15069 0.18881
v 50.25437 6.14955 0.18881
v 50.33931 6.32442 0.18881
v 50.29586 6.32442 0.18881
v 50.25241 6.32442 0.18881
v 50.33931 6.28343 0.18881
v 50.29586 6.28343 0.18881
v 50.25241 6.28343 0.18881
v 49.49209 4.68915 0.18881
v 49.45952 4.68915 0.18881
v 49.42694 4.68915 0.18881
v 49.38352 4.68915 0.18881
v 49.49209 4.64539 0.18881
v 49.45952 4.64539 0.18881
v 49.42694 4.64539 0.18881
v 49.38352 4.64539 0.18881
v 49.49209 4.60162 0.18881
v 49.45952 4.60162 0.18881
v 49.42694 4.60162 0.18881
v 49.38352 4.60162 0.18881
v 49.29671 4.68915 0.18881
v 49.25332 4.68915 0.18881
v 49.20994 4.68915 0.18881
v 49.29671 4.64539 0.18881
v 49.25332 4.64539 0.18881
v 49.20994 4.64539 0.18881
v 49.29671 4.60162 0.18881
v 49.25332 4.60162 0.18881
v 49.20994 4.60162 0.18881
v 49.49209 4.52284 0.18881
v 49.45952 4.52284 0.18881
v 49.42694 4.52284 0.18881
v 49.38352 4.52284 0.18881
v 49.49209 4.47907 0.18881
v 49.45952 4.47907 0.18881
v 49.42694 4.47907 0.18881
v 49.38352 4.47907 0.18881
v 49.29671 4.52284 0.18881
v 49.25332 4.52284 0.18881
v 49.20994 4.52284 0.18881
v 49.29671 4.47907 0.18881
v 49.25332 4.47907 0.18881
v 49.20994 4.47907 0.18881
v 49.66790 4.81560 0.18881
v 49.62568 4.81545 0.18881
v 49.58346 4.81539 0.18881
v 49.66836 4.77062 0.18881
v 49.62306 4.77569 0.18881
v 49.57986 4.77568 0.18881
v 49.49904 4.81556 0.18881
v 49.45685 4.81579 0.18881
v 49.41469 4.81611 0.18881
v 49.49108 4.77062 0.18881
v 49.45219 4.77065 0.18881
v 49.41749 4.76727 0.18881
v 49.38256 4.76395 0.18881
v 49.33045 4.81702 0.18881
v 49.28838 4.81761 0.18881
v 49.24716 4.81282 0.18881
v 49.29855 4.76748 0.18881
v 49.25535 4.76757 0.18881
v 49.21217 4.76767 0.18881
v 49.12586 4.81216 0.18881
v 49.08206 4.81376 0.18881
v 49.04339 4.81198 0.18881
v 49.12581 4.76795 0.18881
v 49.08246 4.76823 0.18881
v 49.03890 4.76856 0.18881
v 49.12322 4.68915 0.18881
v 49.07993 4.68915 0.18881
v 49.03671 4.68915 0.18881
v 49.12322 4.64539 0.18881
v 49.07993 4.64539 0.18881
v 49.03671 4.64539 0.18881
v 49.12322 4.60162 0.18881
v 49.07993 4.60162 0.18881
v 49.03671 4.60162 0.18881
v 49.12322 4.52284 0.18881
v 49.07993 4.52284 0.18881
v 49.03671 4.52284 0.18881
v 49.12322 4.47907 0.18881
v 49.07993 4.47907 0.18881
v 49.03671 4.47907 0.18881
v 49.12412 4.39142 0.18881
v 49.08084 4.39126 0.18881
v 49.03753 4.39109 0.18881
v 49.12804 4.35585 0.18881
v 49.08489 4.35500 0.18881
v 49.04114 4.35407 0.18881
v 49.08430 4.31622 0.18881
v 49.04583 4.31711 0.18881
v 49.29714 4.39177 0.18881
v 49.25386 4.39169 0.18881
v 49.21060 4.39161 0.18881
v 49.30004 4.34953 0.18881
v 49.25754 4.34894 0.18881
v 49.21354 4.35690 0.18881
v 49.49204 4.39203 0.18881
v 49.45955 4.39200 0.18881
v 49.42705 4.39196 0.18881
v 49.38374 4.39190 0.18881
v 49.49174 4.35155 0.18881
v 49.45451 4.34736 0.18881
v 49.42556 4.35407 0.18881
v 49.38516 4.35055 0.18881
v 49.66543 4.39215 0.18881
v 49.62207 4.39213 0.18881
v 49.57873 4.39210 0.18881
v 49.66256 4.35246 0.18881
v 49.61983 4.35231 0.18881
v 49.57712 4.35211 0.18881
v 49.66585 4.52284 0.18881
v 49.62241 4.52284 0.18881
v 49.57896 4.52284 0.18881
v 49.66585 4.47907 0.18881
v 49.62241 4.47907 0.18881
v 49.57896 4.47907 0.18881
v 49.66585 4.68915 0.18881
v 49.62241 4.68915 0.18881
v 49.57896 4.68915 0.18881
v 49.66585 4.64539 0.18881
v 49.62241 4.64539 0.18881
v 49.57896 4.64539 0.18881
v 49.66585 4.60162 0.18881
v 49.62241 4.60162 0.18881
v 49.57896 4.60162 0.18881
v 49.08526 3.97235 0.18881
v 49.08393 4.01764 0.18881
v 49.03976 4.01481 0.18881
v 49.04653 4.06119 0.18881
v 49.99984 4.26809 0.18881
v 50.04236 4.26769 0.18881
v 50.88242 6.32442 0.18881
v 50.83897 6.32442 0.18881
v 50.79553 6.32442 0.18881
v 50.88242 6.28343 0.18881
v 50.83897 6.28343 0.18881
v 50.79553 6.28343 0.18881
v 50.70863 6.32442 0.18881
v 50.66518 6.32442 0.18881
v 50.63259 6.32442 0.18881
v 50.60000 6.32442 0.18881
v 50.70863 6.28343 0.18881
v 50.66518 6.28343 0.18881
v 50.63259 6.28343 0.18881
v 50.60000 6.28343 0.18881
v 50.88242 6.19321 0.18881
v 50.83897 6.19321 0.18881
v 50.79553 6.19321 0.18881
v 50.88242 6.15310 0.18881
v 50.83897 6.15310 0.18881
v 50.79553 6.15310 0.18881
v 50.70863 6.19321 0.18881
v 50.66518 6.19321 0.18881
v 50.63259 6.19321 0.18881
v 50.60000 6.19321 0.18881
v 50.70863 6.15310 0.18881
v 50.66518 6.15310 0.18881
v 50.63259 6.15310 0.18881
v 50.60000 6.15310 0.18881
v 51.05622 6.40109 0.18881
v 51.01277 6.40109 0.18881
v 50.96932 6.40109 0.18881
v 50.88242 6.40109 0.18881
v 50.83897 6.40109 0.18881
v 50.79553 6.40109 0.18881
v 50.70863 6.40109 0.18881
v 50.66518 6.40109 0.18881
v 50.63259 6.40109 0.18881
v 50.60000 6.40109 0.18881
v 50.51311 6.40109 0.18881
v 50.46966 6.40109 0.18881
v 50.42621 6.40109 0.18881
v 50.51311 6.32442 0.18881
v 50.46966 6.32442 0.18881
v 50.42621 6.32442 0.18881
v 50.51311 6.28343 0.18881
v 50.46966 6.28343 0.18881
v 50.42621 6.28343 0.18881
v 50.51298 6.19319 0.18881
v 50.46898 6.19308 0.18881
v 50.42451 6.19294 0.18881
v 50.51251 6.15298 0.18881
v 50.46646 6.15245 0.18881
v 50.41763 6.15162 0.18881
v 50.38913 6.07076 0.18881
v 50.51184 6.06932 0.18881
v 50.46275 6.06780 0.18881
v 50.42113 6.06520 0.18881
v 50.51202 6.02654 0.18881
v 50.46352 6.02511 0.18881
v 50.42263 6.03124 0.18881
v 50.70871 6.06967 0.18881
v 50.66524 6.06967 0.18881
v 50.63264 6.06967 0.18881
v 50.60003 6.06967 0.18881
v 50.70925 6.02686 0.18881
v 50.66565 6.02686 0.18881
v 50.62754 6.02255 0.18881
v 50.59803 6.03031 0.18881
v 50.88254 6.06967 0.18881
v 50.83909 6.06967 0.18881
v 50.79563 6.06967 0.18881
v 50.88329 6.02686 0.18881
v 50.83983 6.02686 0.18881
v 50.79634 6.02686 0.18881
v 51.05633 6.06967 0.18881
v 51.01288 6.06967 0.18881
v 50.96943 6.06967 0.18881
v 51.05709 6.02686 0.18881
v 51.01364 6.02686 0.18881
v 50.97019 6.02686 0.18881
v 51.05622 6.19321 0.18881
v 51.01277 6.19321 0.18881
v 50.96932 6.19321 0.18881
v 51.05622 6.15310 0.18881
v 51.01277 6.15310 0.18881
v 50.96932 6.15310 0.18881
v 51.05622 6.32442 0.18881
v 51.01277 6.32442 0.18881
v 50.96932 6.32442 0.18881
v 51.05622 6.28343 0.18881
v 51.01277 6.28343 0.18881
v 50.96932 6.28343 0.18881
v 49.04247 5.69062 0.18881
v 49.04130 5.73366 0.18881
v 50.04554 4.98053 0.18881
v 50.04751 4.93929 0.18881
v 50.00284 4.94132 0.18881
v 50.08883 4.93740 0.18881
v 50.04616 4.90078 0.18881
v 50.12827 4.89368 0.18881
v 50.08540 4.89105 0.18881
v 49.08579 5.93874 0.18881
v 49.08046 5.98028 0.18881
v 49.03534 5.98881 0.18881
v 49.04335 6.02456 0.18881
v 49.91817 4.94073 0.18881
v 49.92188 4.89898 0.18881
v 49.88006 4.89599 0.18881
v 49.96258 4.89591 0.18881
v 50.08942 5.02229 0.18881
v 50.16954 5.01994 0.18881
v 50.12660 5.02213 0.18881
v 50.13615 4.98110 0.18881
v 50.21704 4.98157 0.18881
v 50.17466 4.97546 0.18881
v 50.21136 4.93719 0.18881
v 50.17476 4.94326 0.18881
v 50.25919 4.93342 0.18881
v 50.25572 4.89965 0.18881
v 50.21676 4.89417 0.18881
v 49.75088 4.90166 0.18881
v 49.79282 4.89925 0.18881
v 50.08793 6.06706 0.18881
v 50.13210 6.07353 0.18881
v 50.25051 5.19598 0.18881
v 50.29676 5.18810 0.18881
v 50.29632 5.15066 0.18881
v 50.33508 5.14876 0.18881
v 50.34124 5.10364 0.18881
v 50.25006 5.31079 0.18881
v 50.29196 5.31665 0.18881
v 50.29023 5.28148 0.18881
v 50.33363 5.27712 0.18881
v 50.33643 5.23303 0.18881
v 49.50203 4.89769 0.18881
v 49.37460 4.89764 0.18881
v 49.33111 4.89299 0.18881
v 50.29731 5.44380 0.18881
v 50.29800 5.40095 0.18881
v 50.33669 5.40207 0.18881
v 49.25055 4.93893 0.18881
v 49.20949 4.93847 0.18881
v 49.20874 4.89738 0.18881
v 49.16485 4.89598 0.18881
v 50.25474 5.68817 0.18881
v 50.25637 5.65218 0.18881
v 50.29663 5.65034 0.18881
v 50.30150 5.69264 0.18881
v 50.33494 5.64882 0.18881
v 49.20546 5.01717 0.18881
v 49.16671 5.02212 0.18881
v 49.16471 4.97992 0.18881
v 49.12697 5.02565 0.18881
v 49.12128 4.98360 0.18881
v 49.07899 4.98808 0.18881
v 49.08708 4.94163 0.18881
v 49.04316 4.98193 0.18881
v 49.16850 5.98587 0.18881
v 49.20674 6.02685 0.18881
v 49.16472 6.02563 0.18881
v 49.12554 6.02674 0.18881
v 49.16337 6.06081 0.18881
v 49.08376 6.06540 0.18881
v 49.12433 6.07798 0.18881
v 50.20763 5.81877 0.18881
v 50.25302 5.81649 0.18881
v 50.26070 5.77649 0.18881
v 50.29365 5.76830 0.18881
v 50.29412 5.81243 0.18881
v 50.33593 5.81660 0.18881
v 50.34060 5.77679 0.18881
v 49.12407 5.10617 0.18881
v 49.08514 5.07061 0.18881
v 49.08421 5.10503 0.18881
v 49.04357 5.06424 0.18881
v 49.03924 5.10681 0.18881
v 49.29354 6.06373 0.18881
v 49.24970 6.07149 0.18881
v 50.17085 5.89916 0.18881
v 50.21225 5.90029 0.18881
v 50.25526 5.90435 0.18881
v 50.30060 5.89880 0.18881
v 50.33501 5.94274 0.18881
v 50.34018 5.90336 0.18881
v 49.08299 5.23123 0.18881
v 49.08338 5.19271 0.18881
v 49.04297 5.23463 0.18881
v 49.04620 5.18894 0.18881
v 49.04544 5.35654 0.18881
v 49.04357 5.31047 0.18881
v 50.13313 5.98088 0.18881
v 50.17064 6.02813 0.18881
v 50.17621 5.98408 0.18881
v 50.21130 6.02351 0.18881
v 50.21536 5.98300 0.18881
v 50.24088 6.02198 0.18881
v 50.25267 5.98798 0.18881
v 50.28299 6.02187 0.18881
v 50.29194 5.98543 0.18881
v 50.16551 4.68915 0.18881
v 50.12206 4.68915 0.18881
v 50.07862 4.68915 0.18881
v 50.16551 4.64539 0.18881
v 50.12206 4.64539 0.18881
v 50.07862 4.64539 0.18881
v 50.16551 4.60162 0.18881
v 50.12206 4.60162 0.18881
v 50.07862 4.60162 0.18881
v 50.01344 4.68915 0.18881
v 49.96999 4.68915 0.18881
v 49.92655 4.68915 0.18881
v 50.01344 4.64539 0.18881
v 49.96999 4.64539 0.18881
v 49.92655 4.64539 0.18881
v 50.01344 4.60162 0.18881
v 49.96999 4.60162 0.18881
v 49.92655 4.60162 0.18881
v 50.16551 4.52284 0.18881
v 50.12206 4.52284 0.18881
v 50.07862 4.52284 0.18881
v 50.16551 4.47907 0.18881
v 50.12206 4.47907 0.18881
v 50.07862 4.47907 0.18881
v 50.01344 4.52284 0.18881
v 49.96999 4.52284 0.18881
v 49.92655 4.52284 0.18881
v 50.01344 4.47907 0.18881
v 49.96999 4.47907 0.18881
v 49.92655 4.47907 0.18881
v 50.33544 4.85390 0.18881
v 50.33790 4.81913 0.18881
v 50.29932 4.82142 0.18881
v 50.26087 4.81670 0.18881
v 50.33688 4.76929 0.18881
v 50.29327 4.76902 0.18881
v 50.24993 4.76879 0.18881
v 50.17625 4.81468 0.18881
v 50.13401 4.81379 0.18881
v 50.09174 4.81295 0.18881
v 50.16351 4.76842 0.18881
v 50.12277 4.76471 0.18881
v 50.08777 4.76817 0.18881
v 50.00708 4.81146 0.18881
v 49.96470 4.81080 0.18881
v 49.92229 4.81021 0.18881
v 50.01221 4.76788 0.18881
v 49.96897 4.76776 0.18881
v 49.92572 4.76764 0.18881
v 49.83664 4.81715 0.18881
v 49.79448 4.81662 0.18881
v 49.75230 4.81619 0.18881
v 49.83921 4.76745 0.18881
v 49.79595 4.76738 0.18881
v 49.75268 4.76731 0.18881
v 49.83965 4.68915 0.18881
v 49.79620 4.68915 0.18881
v 49.75275 4.68915 0.18881
v 49.83965 4.64539 0.18881
v 49.79620 4.64539 0.18881
v 49.75275 4.64539 0.18881
v 49.83965 4.60162 0.18881
v 49.79620 4.60162 0.18881
v 49.75275 4.60162 0.18881
v 49.83965 4.52284 0.18881
v 49.79620 4.52284 0.18881
v 49.75275 4.52284 0.18881
v 49.83965 4.47907 0.18881
v 49.79620 4.47907 0.18881
v 49.75275 4.47907 0.18881
v 49.83884 4.39215 0.18881
v 49.79549 4.39216 0.18881
v 49.75213 4.39216 0.18881
v 49.83343 4.35249 0.18881
v 49.79072 4.35257 0.18881
v 49.74801 4.35259 0.18881
v 50.01224 4.39204 0.18881
v 49.96889 4.39208 0.18881
v 49.92554 4.39211 0.18881
v 50.00413 4.35166 0.18881
v 49.96147 4.35194 0.18881
v 49.91881 4.35218 0.18881
v 50.16393 4.39186 0.18881
v 50.12059 4.39192 0.18881
v 50.08110 4.39481 0.18881
v 50.17458 4.34999 0.18881
v 50.13200 4.35048 0.18881
v 50.08939 4.35092 0.18881
v 50.33763 4.39140 0.18881
v 50.29403 4.39159 0.18881
v 50.25061 4.39171 0.18881
v 50.33495 4.35862 0.18881
v 50.29699 4.35648 0.18881
v 50.25088 4.35225 0.18881
v 50.34114 4.32033 0.18881
v 50.33931 4.52284 0.18881
v 50.29586 4.52284 0.18881
v 50.25241 4.52284 0.18881
v 50.33931 4.47907 0.18881
v 50.29586 4.47907 0.18881
v 50.25241 4.47907 0.18881
v 50.33931 4.68915 0.18881
v 50.29586 4.68915 0.18881
v 50.25241 4.68915 0.18881
v 50.33931 4.64539 0.18881
v 50.29586 4.64539 0.18881
v 50.25241 4.64539 0.18881
v 50.33931 4.60162 0.18881
v 50.29586 4.60162 0.18881
v 50.25241 4.60162 0.18881
v 49.21268 4.18774 0.18881
v 49.16634 4.18837 0.18881
v 49.16806 4.22464 0.18881
v 49.20948 4.22784 0.18881
v 49.12269 4.22885 0.18881
v 49.16361 4.26058 0.18881
v 50.17028 3.26144 0.18881
v 50.21529 3.26081 0.18881
v 50.20991 3.21811 0.18881
v 50.25097 3.22447 0.18881
v 50.26012 3.17939 0.18881
v 50.29284 3.21579 0.18881
v 50.30001 3.18355 0.18881
v 50.29991 3.14237 0.18881
v 50.34491 3.17886 0.18881
v 50.33789 3.13842 0.18881
v 49.62782 3.05403 0.18881
v 49.58751 3.05668 0.18881
v 50.24773 3.47449 0.18881
v 50.26132 3.43156 0.18881
v 50.28961 3.47236 0.18881
v 50.30061 3.42620 0.18881
v 50.33140 3.43584 0.18881
v 50.33948 3.39068 0.18881
v 49.25066 3.13255 0.18881
v 49.21071 3.14345 0.18881
v 49.20761 3.10211 0.18881
v 49.15967 3.09111 0.18881
v 49.12731 3.09676 0.18881
v 50.30195 3.59776 0.18881
v 50.29787 3.55563 0.18881
v 50.33674 3.55941 0.18881
v 49.41729 4.26379 0.18881
v 49.37482 3.09585 0.18881
v 49.33518 3.09820 0.18881
v 49.33327 3.05898 0.18881
v 49.28878 3.05546 0.18881
v 49.29369 4.22675 0.18881
v 49.33739 4.27023 0.18881
v 49.25482 4.26885 0.18881
v 49.29355 4.27018 0.18881
v 49.50542 3.05491 0.18881
v 49.46219 3.05719 0.18881
v 50.29914 3.72416 0.18881
v 50.29891 3.68181 0.18881
v 50.33870 3.72405 0.18881
v 50.33980 3.68391 0.18881
v 50.08901 3.17967 0.18881
v 50.13342 3.17997 0.18881
v 50.13091 3.13638 0.18881
v 50.21169 3.13275 0.18881
v 50.17795 3.14109 0.18881
v 50.17247 3.09997 0.18881
v 50.25238 3.10181 0.18881
v 50.20740 3.09084 0.18881
v 50.24956 3.93309 0.18881
v 50.29404 3.97230 0.18881
v 50.29588 3.93657 0.18881
v 50.34322 3.97195 0.18881
v 50.34279 3.93437 0.18881
v 49.12234 3.30518 0.18881
v 49.08271 3.30632 0.18881
v 49.08258 3.26620 0.18881
v 49.03835 3.30761 0.18881
v 49.03748 3.26354 0.18881
v 49.75214 3.05653 0.18881
v 49.79499 3.05413 0.18881
v 50.21347 4.01444 0.18881
v 50.21441 4.05486 0.18881
v 50.25449 4.01905 0.18881
v 50.25503 4.05964 0.18881
v 50.29440 4.09920 0.18881
v 50.29812 4.06401 0.18881
v 50.33814 4.05749 0.18881
v 50.34298 4.10160 0.18881
v 49.08321 3.38915 0.18881
v 49.04274 3.38973 0.18881
v 49.03947 3.43286 0.18881
v 49.96120 3.06037 0.18881
v 49.92070 3.05700 0.18881
v 49.87987 3.05402 0.18881
v 50.12747 4.14693 0.18881
v 50.17047 4.14564 0.18881
v 50.21415 4.14274 0.18881
v 50.20742 4.18686 0.18881
v 50.25839 4.14038 0.18881
v 50.25163 4.18794 0.18881
v 50.29282 4.22926 0.18881
v 50.29353 4.18593 0.18881
v 50.33221 4.18063 0.18881
v 49.04480 3.56169 0.18881
v 49.04314 3.51428 0.18881
v 50.00384 3.14115 0.18881
v 50.00257 3.09878 0.18881
v 50.08675 3.09656 0.18881
v 50.04319 3.09534 0.18881
v 49.16742 3.22453 0.18881
v 49.16611 3.18453 0.18881
v 49.12496 3.21905 0.18881
v 49.12294 3.18266 0.18881
v 49.08186 3.14347 0.18881
v 49.08125 3.17987 0.18881
v 49.04439 3.18681 0.18881
v 49.04347 3.14157 0.18881
v 49.04263 3.89383 0.18881
v 49.03697 3.93206 0.18881
v 50.08583 4.22864 0.18881
v 50.12890 4.22486 0.18881
v 50.17208 4.27089 0.18881
v 50.21192 4.27130 0.18881
v 50.25065 4.26313 0.18881
v 51.55588 6.32442 0.18881
v 51.51243 6.32442 0.18881
v 51.46898 6.32442 0.18881
v 51.55588 6.28343 0.18881
v 51.51243 6.28343 0.18881
v 51.46898 6.28343 0.18881
v 51.38209 6.32442 0.18881
v 51.33864 6.32442 0.18881
v 51.29519 6.32442 0.18881
v 51.38209 6.28343 0.18881
v 51.33864 6.28343 0.18881
v 51.29519 6.28343 0.18881
v 51.55588 6.19321 0.18881
v 51.51243 6.19321 0.18881
v 51.46898 6.19321 0.18881
v 51.55588 6.15310 0.18881
v 51.51243 6.15310 0.18881
v 51.46898 6.15310 0.18881
v 51.38209 6.19321 0.18881
v 51.33864 6.19321 0.18881
v 51.29519 6.19321 0.18881
v 51.38209 6.15310 0.18881
v 51.33864 6.15310 0.18881
v 51.29519 6.15310 0.18881
v 51.76226 6.40109 0.18881
v 51.72968 6.40109 0.18881
v 51.68623 6.40109 0.18881
v 51.64278 6.40109 0.18881
v 51.55588 6.40109 0.18881
v 51.51243 6.40109 0.18881
v 51.46898 6.40109 0.18881
v 51.38209 6.40109 0.18881
v 51.33864 6.40109 0.18881
v 51.29519 6.40109 0.18881
v 51.21915 6.40109 0.18881
v 51.18657 6.40109 0.18881
v 51.14312 6.40109 0.18881
v 51.21915 6.32442 0.18881
v 51.18657 6.32442 0.18881
v 51.14312 6.32442 0.18881
v 51.21915 6.28343 0.18881
v 51.18657 6.28343 0.18881
v 51.14312 6.28343 0.18881
v 51.21915 6.19321 0.18881
v 51.18657 6.19321 0.18881
v 51.14312 6.19321 0.18881
v 51.21915 6.15310 0.18881
v 51.18657 6.15310 0.18881
v 51.14312 6.15310 0.18881
v 51.20840 6.06967 0.18881
v 51.17582 6.06967 0.18881
v 51.14323 6.06967 0.18881
v 51.20916 6.02686 0.18881
v 51.17657 6.02686 0.18881
v 51.14399 6.02686 0.18881
v 51.38219 6.06967 0.18881
v 51.33875 6.06967 0.18881
v 51.29530 6.06967 0.18881
v 51.38291 6.02686 0.18881
v 51.33949 6.02686 0.18881
v 51.29605 6.02686 0.18881
v 51.55592 6.06967 0.18881
v 51.51250 6.06967 0.18881
v 51.46907 6.06967 0.18881
v 51.55620 6.02686 0.18881
v 51.51291 6.02686 0.18881
v 51.46961 6.02686 0.18881
v 51.76226 6.06967 0.18881
v 51.72968 6.06967 0.18881
v 51.68623 6.06967 0.18881
v 51.64279 6.06967 0.18881
v 51.76226 6.02686 0.18881
v 51.72968 6.02686 0.18881
v 51.68626 6.02686 0.18881
v 51.64286 6.02686 0.18881
v 51.76226 6.19321 0.18881
v 51.72968 6.19321 0.18881
v 51.68623 6.19321 0.18881
v 51.64278 6.19321 0.18881
v 51.76226 6.15310 0.18881
v 51.72968 6.15310 0.18881
v 51.68623 6.15310 0.18881
v 51.64278 6.15310 0.18881
v 51.76226 6.32442 0.18881
v 51.72968 6.32442 0.18881
v 51.68623 6.32442 0.18881
v 51.64278 6.32442 0.18881
v 51.76226 6.28343 0.18881
v 51.72968 6.28343 0.18881
v 51.68623 6.28343 0.18881
v 51.64278 6.28343 0.18881
v 50.71808 5.77778 0.18881
v 50.67392 5.77266 0.18881
v 50.62835 5.77405 0.18881
v 50.71373 5.73462 0.18881
v 50.67287 5.73780 0.18881
v 50.62828 5.73910 0.18881
v 50.67165 5.65102 0.18881
v 50.62809 5.65177 0.18881
v 50.67128 5.60756 0.18881
v 50.62801 5.60808 0.18881
v 51.04812 5.94072 0.18881
v 51.00836 5.94073 0.18881
v 50.97324 5.94405 0.18881
v 51.04574 5.90065 0.18881
v 51.00269 5.90049 0.18881
v 50.95965 5.90026 0.18881
v 50.88899 5.94061 0.18881
v 50.84550 5.94051 0.18881
v 50.80181 5.94035 0.18881
v 50.87772 5.89687 0.18881
v 50.84104 5.89862 0.18881
v 50.80392 5.90033 0.18881
v 50.71265 5.94889 0.18881
v 50.66820 5.94890 0.18881
v 50.62403 5.94021 0.18881
v 50.59064 5.94021 0.18881
v 50.71684 5.90488 0.18881
v 50.67101 5.90512 0.18881
v 50.62575 5.89659 0.18881
v 50.72256 5.85964 0.18881
v 50.67416 5.86090 0.18881
v 50.62712 5.86158 0.18881
v 50.51485 5.94357 0.18881
v 50.46493 5.94811 0.18881
v 50.42609 5.94708 0.18881
v 50.51063 5.90183 0.18881
v 50.46567 5.90511 0.18881
v 50.42764 5.90477 0.18881
v 50.54725 5.86174 0.18881
v 50.51325 5.86179 0.18881
v 50.46636 5.86199 0.18881
v 50.41586 5.86247 0.18881
v 50.54781 5.77438 0.18881
v 50.51373 5.77458 0.18881
v 50.46755 5.77552 0.18881
v 50.41915 5.77779 0.18881
v 50.54786 5.73942 0.18881
v 50.51157 5.73447 0.18881
v 50.46803 5.73222 0.18881
v 50.42056 5.73529 0.18881
v 50.54789 5.65197 0.18881
v 50.51398 5.65236 0.18881
v 50.46876 5.65419 0.18881
v 50.42292 5.65003 0.18881
v 50.54789 5.60823 0.18881
v 50.51404 5.60868 0.18881
v 50.46908 5.61079 0.18881
v 50.42385 5.60729 0.18881
v 50.54789 5.52948 0.18881
v 50.51189 5.52486 0.18881
v 50.46956 5.52392 0.18881
v 50.42738 5.52638 0.18881
v 50.54790 5.48573 0.18881
v 50.51639 5.48277 0.18881
v 50.46972 5.48046 0.18881
v 50.42339 5.48271 0.18881
v 50.54790 5.44197 0.18881
v 50.51417 5.44263 0.18881
v 50.67088 5.52919 0.18881
v 50.62794 5.52940 0.18881
v 50.67084 5.48559 0.18881
v 50.62793 5.48567 0.18881
v 50.67091 5.44199 0.18881
v 50.62795 5.44194 0.18881
v 50.71675 5.23103 0.18881
v 50.67309 5.23322 0.18881
v 50.62835 5.23211 0.18881
v 50.71752 5.18912 0.18881
v 50.67485 5.18957 0.18881
v 50.62870 5.18836 0.18881
v 50.80008 5.10769 0.18881
v 50.88424 5.06340 0.18881
v 50.84071 5.06355 0.18881
v 50.79591 5.06389 0.18881
v 50.88687 5.02204 0.18881
v 50.84424 5.01985 0.18881
v 50.79982 5.01654 0.18881
v 50.71429 5.11084 0.18881
v 50.67738 5.11004 0.18881
v 50.62926 5.10944 0.18881
v 50.71346 5.06484 0.18881
v 50.67720 5.06521 0.18881
v 50.62932 5.06548 0.18881
v 50.71454 5.01770 0.18881
v 50.67766 5.01992 0.18881
v 50.62949 5.02143 0.18881
v 50.67142 5.35487 0.18881
v 50.62804 5.35449 0.18881
v 50.67176 5.32008 0.18881
v 50.62810 5.31952 0.18881
v 50.42373 5.39700 0.18881
v 50.54790 5.35445 0.18881
v 50.51418 5.35520 0.18881
v 50.46983 5.35874 0.18881
v 50.42803 5.35467 0.18881
v 50.54790 5.31943 0.18881
v 50.51417 5.32023 0.18881
v 50.46976 5.31527 0.18881
v 50.42561 5.31579 0.18881
v 50.54789 5.23191 0.18881
v 50.51412 5.23282 0.18881
v 50.46722 5.23218 0.18881
v 50.42690 5.23453 0.18881
v 50.54790 5.18815 0.18881
v 50.51407 5.18911 0.18881
v 50.47146 5.18978 0.18881
v 50.42159 5.19149 0.18881
v 50.54793 5.10937 0.18881
v 50.51399 5.11045 0.18881
v 50.46861 5.10677 0.18881
v 50.41948 5.10615 0.18881
v 50.54797 5.06561 0.18881
v 50.51394 5.06675 0.18881
v 50.46821 5.06338 0.18881
v 50.42309 5.06349 0.18881
v 50.54800 5.02185 0.18881
v 50.51387 5.02306 0.18881
v 50.42014 4.97811 0.18881
v 50.54803 4.93432 0.18881
v 50.51367 4.93561 0.18881
v 50.46664 4.94164 0.18881
v 50.41999 4.93987 0.18881
v 50.54802 4.89930 0.18881
v 50.51352 4.90047 0.18881
v 50.46568 4.89688 0.18881
v 50.42670 4.89615 0.18881
v 50.72081 4.93980 0.18881
v 50.67548 4.93911 0.18881
v 50.63150 4.93870 0.18881
v 50.71582 4.89598 0.18881
v 50.67383 4.89525 0.18881
v 50.62889 4.89849 0.18881
v 51.05511 5.06349 0.18881
v 51.01239 5.06344 0.18881
v 50.96971 5.06341 0.18881
v 50.97047 5.02426 0.18881
v 50.67183 4.68696 0.18881
v 50.62852 4.68875 0.18881
v 50.67172 4.64343 0.18881
v 50.62850 4.64502 0.18881
v 50.67169 4.59990 0.18881
v 50.62849 4.60130 0.18881
v 50.67187 4.52173 0.18881
v 50.62853 4.52263 0.18881
v 50.67210 4.47840 0.18881
v 50.62857 4.47895 0.18881
v 50.71028 4.81475 0.18881
v 50.67482 4.81355 0.18881
v 50.62867 4.81112 0.18881
v 50.67234 4.77388 0.18881
v 50.62862 4.77616 0.18881
v 50.54805 4.81172 0.18881
v 50.51386 4.81210 0.18881
v 50.46768 4.81384 0.18881
v 50.42011 4.81710 0.18881
v 50.54807 4.76794 0.18881
v 50.51420 4.76801 0.18881
v 50.46949 4.76837 0.18881
v 50.42502 4.76898 0.18881
v 50.54807 4.68915 0.18881
v 50.51429 4.68915 0.18881
v 50.46997 4.68915 0.18881
v 50.42624 4.68915 0.18881
v 50.54807 4.64539 0.18881
v 50.51429 4.64539 0.18881
v 50.46997 4.64539 0.18881
v 50.42624 4.64539 0.18881
v 50.54807 4.60162 0.18881
v 50.51429 4.60162 0.18881
v 50.46997 4.60162 0.18881
v 50.42624 4.60162 0.18881
v 50.54807 4.52284 0.18881
v 50.51429 4.52284 0.18881
v 50.46997 4.52284 0.18881
v 50.42624 4.52284 0.18881
v 50.54807 4.47907 0.18881
v 50.51429 4.47907 0.18881
v 50.46997 4.47907 0.18881
v 50.42624 4.47907 0.18881
v 50.54807 4.39154 0.18881
v 50.51423 4.39152 0.18881
v 50.46965 4.39142 0.18881
v 50.42542 4.39127 0.18881
v 50.54805 4.35652 0.18881
v 50.51396 4.35640 0.18881
v 50.46825 4.35587 0.18881
v 50.42184 4.35504 0.18881
v 50.41961 4.32069 0.18881
v 50.71237 4.39222 0.18881
v 50.67288 4.39177 0.18881
v 50.62871 4.39158 0.18881
v 50.71398 4.34985 0.18881
v 50.67330 4.35713 0.18881
v 50.62879 4.35664 0.18881
v 50.87879 4.10017 0.18881
v 50.83852 4.10448 0.18881
v 50.79839 4.10238 0.18881
v 50.89293 4.05778 0.18881
v 50.85044 4.05680 0.18881
v 50.80706 4.05536 0.18881
v 50.71787 4.09953 0.18881
v 50.67326 4.10299 0.18881
v 50.62652 4.10274 0.18881
v 50.71636 4.05541 0.18881
v 50.67020 4.05751 0.18881
v 50.62467 4.05865 0.18881
v 50.59098 4.05890 0.18881
v 50.70948 3.97570 0.18881
v 50.66553 3.97582 0.18881
v 50.62565 3.97332 0.18881
v 50.59662 3.96830 0.18881
v 50.67702 3.93046 0.18881
v 50.63895 3.93145 0.18881
v 50.59999 3.93614 0.18881
v 50.68149 3.89300 0.18881
v 50.72002 4.26912 0.18881
v 50.67463 4.27065 0.18881
v 50.62903 4.26930 0.18881
v 50.71914 4.22783 0.18881
v 50.67572 4.22726 0.18881
v 50.62911 4.22560 0.18881
v 50.71375 4.18621 0.18881
v 50.67697 4.18344 0.18881
v 50.62897 4.18182 0.18881
v 50.54800 4.26896 0.18881
v 50.51315 4.26843 0.18881
v 50.46381 4.26594 0.18881
v 50.54796 4.22519 0.18881
v 50.51324 4.22460 0.18881
v 50.46428 4.23055 0.18881
v 50.42410 4.22597 0.18881
v 50.46510 4.18697 0.18881
v 50.42603 4.18276 0.18881
v 50.54780 4.18143 0.18881
v 50.51331 4.18087 0.18881
v 50.51315 4.10227 0.18881
v 50.46632 4.10047 0.18881
v 50.42243 4.09688 0.18881
v 50.41472 4.05865 0.18881
v 50.51299 4.05860 0.18881
v 50.46683 4.05720 0.18881
v 50.46539 3.97569 0.18881
v 50.42028 3.97745 0.18881
v 50.51282 3.97123 0.18881
v 50.51284 3.93628 0.18881
v 50.46810 3.93587 0.18881
v 50.42160 3.93489 0.18881
v 50.51295 3.84888 0.18881
v 50.46883 3.84908 0.18881
v 50.42375 3.84956 0.18881
v 50.51300 3.80518 0.18881
v 50.46910 3.80566 0.18881
v 50.42458 3.80681 0.18881
v 50.51305 3.76148 0.18881
v 50.46933 3.76222 0.18881
v 50.42524 3.76402 0.18881
v 50.64175 3.84691 0.18881
v 50.59984 3.84865 0.18881
v 50.68001 3.80731 0.18881
v 50.64161 3.81209 0.18881
v 50.59982 3.80491 0.18881
v 50.67952 3.76441 0.18881
v 50.64148 3.76855 0.18881
v 50.59981 3.76116 0.18881
v 51.04886 4.09977 0.18881
v 51.00636 4.09972 0.18881
v 50.96387 4.09975 0.18881
v 51.05102 4.05992 0.18881
v 51.00880 4.05947 0.18881
v 50.96662 4.05895 0.18881
v 50.67915 3.55806 0.18881
v 50.64138 3.55949 0.18881
v 50.59980 3.55996 0.18881
v 50.67950 3.51507 0.18881
v 50.64148 3.51595 0.18881
v 50.59981 3.51624 0.18881
v 50.68063 3.42926 0.18881
v 50.64178 3.42893 0.18881
v 50.59984 3.42882 0.18881
v 50.68140 3.38648 0.18881
v 50.64194 3.39415 0.18881
v 50.59985 3.39386 0.18881
v 50.64218 3.35072 0.18881
v 50.59988 3.35019 0.18881
v 50.68230 3.34379 0.18881
v 50.67722 3.68212 0.18881
v 50.64133 3.68145 0.18881
v 50.59980 3.68242 0.18881
v 50.68063 3.64044 0.18881
v 50.64131 3.63789 0.18881
v 50.59979 3.63868 0.18881
v 50.51309 3.68281 0.18881
v 50.46958 3.68401 0.18881
v 50.42820 3.68330 0.18881
v 50.51310 3.63910 0.18881
v 50.46965 3.64056 0.18881
v 50.42401 3.63917 0.18881
v 50.51527 3.55690 0.18881
v 50.46959 3.55366 0.18881
v 50.42601 3.55834 0.18881
v 50.51308 3.51676 0.18881
v 50.46950 3.51891 0.18881
v 50.42566 3.51552 0.18881
v 50.51301 3.42941 0.18881
v 50.46912 3.43210 0.18881
v 50.42446 3.43000 0.18881
v 50.51077 3.38933 0.18881
v 50.46884 3.38873 0.18881
v 50.42361 3.38731 0.18881
v 50.51509 3.34729 0.18881
v 50.46851 3.34539 0.18881
v 50.51276 3.26366 0.18881
v 50.47002 3.26375 0.18881
v 50.41771 3.26383 0.18881
v 50.51267 3.22015 0.18881
v 50.46729 3.22434 0.18881
v 50.42125 3.22190 0.18881
v 50.66835 3.26555 0.18881
v 50.63224 3.26345 0.18881
v 50.59995 3.26290 0.18881
v 50.71246 3.22201 0.18881
v 50.66554 3.22164 0.18881
v 50.63270 3.21989 0.18881
v 50.60002 3.21932 0.18881
v 52.27249 6.32442 0.18881
v 52.22911 6.32442 0.18881
v 52.18572 6.32442 0.18881
v 52.27249 6.28343 0.18881
v 52.22911 6.28343 0.18881
v 52.18572 6.28343 0.18881
v 52.09890 6.32442 0.18881
v 52.05548 6.32442 0.18881
v 52.01205 6.32442 0.18881
v 52.09890 6.28343 0.18881
v 52.05548 6.28343 0.18881
v 52.01205 6.28343 0.18881
v 52.27249 6.19321 0.18881
v 52.22911 6.19321 0.18881
v 52.18572 6.19321 0.18881
v 52.27249 6.15310 0.18881
v 52.22911 6.15310 0.18881
v 52.18572 6.15310 0.18881
v 52.09890 6.19321 0.18881
v 52.05548 6.19321 0.18881
v 52.01205 6.19321 0.18881
v 52.09890 6.15310 0.18881
v 52.05548 6.15310 0.18881
v 52.01205 6.15310 0.18881
v 52.42412 6.40109 0.18881
v 52.38086 6.40109 0.18881
v 52.34837 6.40109 0.18881
v 52.27249 6.40109 0.18881
v 52.22911 6.40109 0.18881
v 52.18572 6.40109 0.18881
v 52.09890 6.40109 0.18881
v 52.05548 6.40109 0.18881
v 52.01205 6.40109 0.18881
v 51.92518 6.40109 0.18881
v 51.88174 6.40109 0.18881
v 51.83830 6.40109 0.18881
v 51.92518 6.32442 0.18881
v 51.88174 6.32442 0.18881
v 51.83830 6.32442 0.18881
v 51.92518 6.28343 0.18881
v 51.88174 6.28343 0.18881
v 51.83830 6.28343 0.18881
v 51.92518 6.19321 0.18881
v 51.88174 6.19321 0.18881
v 51.83830 6.19321 0.18881
v 51.92518 6.15310 0.18881
v 51.88174 6.15310 0.18881
v 51.83830 6.15310 0.18881
v 51.92518 6.06967 0.18881
v 51.88174 6.06967 0.18881
v 51.83830 6.06967 0.18881
v 51.92518 6.02686 0.18881
v 51.88174 6.02686 0.18881
v 51.83830 6.02686 0.18881
v 52.09890 6.06967 0.18881
v 52.05548 6.06967 0.18881
v 52.01205 6.06967 0.18881
v 52.09890 6.02686 0.18881
v 52.05548 6.02686 0.18881
v 52.01205 6.02686 0.18881
v 52.27249 6.06967 0.18881
v 52.22911 6.06967 0.18881
v 52.18572 6.06967 0.18881
v 52.27249 6.02686 0.18881
v 52.22911 6.02686 0.18881
v 52.18572 6.02686 0.18881
v 52.42412 6.06967 0.18881
v 52.38086 6.06967 0.18881
v 52.34837 6.06967 0.18881
v 52.42412 6.02686 0.18881
v 52.38086 6.02686 0.18881
v 52.34837 6.02686 0.18881
v 52.42412 6.19321 0.18881
v 52.38086 6.19321 0.18881
v 52.34837 6.19321 0.18881
v 52.42412 6.15310 0.18881
v 52.38086 6.15310 0.18881
v 52.34837 6.15310 0.18881
v 52.42412 6.32442 0.18881
v 52.38086 6.32442 0.18881
v 52.34837 6.32442 0.18881
v 52.42412 6.28343 0.18881
v 52.38086 6.28343 0.18881
v 52.34837 6.28343 0.18881
v 51.50369 5.77670 0.18881
v 51.55344 5.77385 0.18881
v 51.55405 5.73892 0.18881
v 51.50852 5.73692 0.18881
v 51.55455 5.65170 0.18881
v 51.51090 5.65068 0.18881
v 51.55470 5.60805 0.18881
v 51.51164 5.60743 0.18881
v 51.76234 5.94889 0.18881
v 51.72975 5.94889 0.18881
v 51.68427 5.94368 0.18881
v 51.64336 5.94021 0.18881
v 51.75800 5.90040 0.18881
v 51.72806 5.90854 0.18881
v 51.68891 5.90174 0.18881
v 51.64379 5.89664 0.18881
v 51.75458 5.85960 0.18881
v 51.72028 5.86062 0.18881
v 51.68715 5.86132 0.18881
v 51.64413 5.86170 0.18881
v 51.55816 5.94021 0.18881
v 51.51540 5.94890 0.18881
v 51.47289 5.94889 0.18881
v 51.51752 5.90514 0.18881
v 51.47533 5.90494 0.18881
v 51.55972 5.89660 0.18881
v 51.56091 5.86160 0.18881
v 51.51942 5.86098 0.18881
v 51.47665 5.85986 0.18881
v 51.38777 5.94036 0.18881
v 51.34456 5.94053 0.18881
v 51.30124 5.94062 0.18881
v 51.38998 5.89785 0.18881
v 51.34685 5.89916 0.18881
v 51.30384 5.89987 0.18881
v 51.21446 5.94070 0.18881
v 51.17107 5.94072 0.18881
v 51.12767 5.94073 0.18881
v 51.21788 5.90046 0.18881
v 51.17487 5.90063 0.18881
v 51.13184 5.90072 0.18881
v 51.55485 5.52943 0.18881
v 51.50549 5.52930 0.18881
v 51.55488 5.48572 0.18881
v 51.50566 5.48592 0.18881
v 51.55486 5.44202 0.18881
v 51.50555 5.44255 0.18881
v 51.72077 5.52909 0.18881
v 51.68443 5.52935 0.18881
v 51.64434 5.52944 0.18881
v 51.72067 5.48565 0.18881
v 51.68440 5.48568 0.18881
v 51.64434 5.48569 0.18881
v 51.72078 5.44221 0.18881
v 51.68443 5.44200 0.18881
v 51.64434 5.44194 0.18881
v 51.72221 5.65033 0.18881
v 51.68481 5.65152 0.18881
v 51.64438 5.65190 0.18881
v 51.72151 5.60711 0.18881
v 51.68463 5.60791 0.18881
v 51.64436 5.60818 0.18881
v 51.72919 5.77630 0.18881
v 51.68601 5.77355 0.18881
v 51.64444 5.77429 0.18881
v 51.72447 5.73651 0.18881
v 51.68542 5.73863 0.18881
v 51.64443 5.73932 0.18881
v 51.55416 5.23241 0.18881
v 51.50886 5.23475 0.18881
v 51.55361 5.18867 0.18881
v 51.50605 5.19119 0.18881
v 51.55295 5.10960 0.18881
v 51.50194 5.11071 0.18881
v 51.55310 5.06548 0.18881
v 51.50237 5.06525 0.18881
v 51.55301 5.02129 0.18881
v 51.50496 5.02269 0.18881
v 51.47560 5.01473 0.18881
v 51.41841 5.06460 0.18881
v 51.37796 5.06758 0.18881
v 51.34865 5.06011 0.18881
v 51.31151 5.06404 0.18881
v 51.39022 5.02090 0.18881
v 51.34750 5.02359 0.18881
v 51.72166 5.35551 0.18881
v 51.68467 5.35469 0.18881
v 51.64436 5.35443 0.18881
v 51.72414 5.31584 0.18881
v 51.68482 5.31980 0.18881
v 51.64438 5.31943 0.18881
v 51.55470 5.35464 0.18881
v 51.51166 5.35565 0.18881
v 51.55459 5.31971 0.18881
v 51.50939 5.31598 0.18881
v 51.22610 5.06381 0.18881
v 51.18336 5.06372 0.18881
v 51.14060 5.06363 0.18881
v 51.55090 4.93694 0.18881
v 51.50433 4.93808 0.18881
v 51.55424 4.89835 0.18881
v 51.50702 4.89468 0.18881
v 51.72568 4.93984 0.18881
v 51.68626 4.94114 0.18881
v 51.64463 4.93405 0.18881
v 51.72672 4.89687 0.18881
v 51.68548 4.89732 0.18881
v 51.64458 4.89904 0.18881
v 51.75470 5.11134 0.18881
v 51.72038 5.11037 0.18881
v 51.68735 5.10970 0.18881
v 51.64467 5.10935 0.18881
v 51.75327 5.06476 0.18881
v 51.71996 5.06514 0.18881
v 51.68722 5.06539 0.18881
v 51.64468 5.06553 0.18881
v 51.75447 5.01678 0.18881
v 51.72029 5.01934 0.18881
v 51.68734 5.02088 0.18881
v 51.64473 5.02169 0.18881
v 51.72454 5.23466 0.18881
v 51.68544 5.23260 0.18881
v 51.64444 5.23193 0.18881
v 51.72746 5.19114 0.18881
v 51.68625 5.18888 0.18881
v 51.64453 5.18817 0.18881
v 51.55522 4.68907 0.18881
v 51.51206 4.68872 0.18881
v 51.55532 4.64542 0.18881
v 51.50544 4.64560 0.18881
v 51.55540 4.60176 0.18881
v 51.50596 4.60258 0.18881
v 51.55771 4.52095 0.18881
v 51.50624 4.51651 0.18881
v 51.55542 4.47951 0.18881
v 51.50404 4.47869 0.18881
v 51.72257 4.81467 0.18881
v 51.68491 4.81020 0.18881
v 51.64452 4.81155 0.18881
v 51.72186 4.77163 0.18881
v 51.68476 4.77534 0.18881
v 51.64246 4.77132 0.18881
v 51.50779 4.81407 0.18881
v 51.55475 4.81119 0.18881
v 51.55761 4.77261 0.18881
v 51.51046 4.77479 0.18881
v 51.55526 4.39223 0.18881
v 51.50799 4.39751 0.18881
v 51.55251 4.35371 0.18881
v 51.51165 4.35207 0.18881
v 51.72284 4.39188 0.18881
v 51.68503 4.39163 0.18881
v 51.64453 4.39155 0.18881
v 51.72561 4.35249 0.18881
v 51.68523 4.35680 0.18881
v 51.64456 4.35656 0.18881
v 51.72099 4.52066 0.18881
v 51.68454 4.52226 0.18881
v 51.64449 4.52278 0.18881
v 51.72141 4.47771 0.18881
v 51.68465 4.47871 0.18881
v 51.64450 4.47904 0.18881
v 51.72093 4.68513 0.18881
v 51.68452 4.68808 0.18881
v 51.64448 4.68905 0.18881
v 51.71906 4.64538 0.18881
v 51.68446 4.64441 0.18881
v 51.64448 4.64529 0.18881
v 51.72234 4.60335 0.18881
v 51.68445 4.60074 0.18881
v 51.64448 4.60153 0.18881
v 51.55795 4.10250 0.18881
v 51.51626 4.10353 0.18881
v 51.47301 4.09560 0.18881
v 51.55090 4.06007 0.18881
v 51.51379 4.05851 0.18881
v 51.47186 4.05981 0.18881
v 51.38648 4.10025 0.18881
v 51.34623 4.10248 0.18881
v 51.30374 4.10162 0.18881
v 51.38877 4.06070 0.18881
v 51.34680 4.06080 0.18881
v 51.30465 4.06088 0.18881
v 51.72605 4.27192 0.18881
v 51.68588 4.26977 0.18881
v 51.64462 4.26907 0.18881
v 51.72828 4.22889 0.18881
v 51.68649 4.22619 0.18881
v 51.64463 4.22532 0.18881
v 51.75456 4.18781 0.18881
v 51.72037 4.18404 0.18881
v 51.68733 4.18239 0.18881
v 51.64459 4.18155 0.18881
v 51.55481 4.27011 0.18881
v 51.50808 4.26992 0.18881
v 51.55422 4.22641 0.18881
v 51.50922 4.22758 0.18881
v 51.55300 4.18250 0.18881
v 51.50350 4.18701 0.18881
v 51.21887 4.10070 0.18881
v 51.17639 4.10035 0.18881
v 51.13389 4.10008 0.18881
v 51.22012 4.06089 0.18881
v 51.17783 4.06077 0.18881
v 51.13554 4.06057 0.18881
v 51.72163 3.80787 0.18881
v 51.68294 3.81049 0.18881
v 51.63903 3.80823 0.18881
v 51.72110 3.76484 0.18881
v 51.68322 3.76742 0.18881
v 51.64032 3.76606 0.18881
v 51.72612 3.97660 0.18881
v 51.68196 3.97520 0.18881
v 51.63482 3.97664 0.18881
v 51.72703 3.93311 0.18881
v 51.63331 3.93472 0.18881
v 51.68206 3.93103 0.18881
v 51.72322 3.89359 0.18881
v 51.68231 3.89642 0.18881
v 51.63580 3.89222 0.18881
v 51.75174 4.09961 0.18881
v 51.72023 4.10305 0.18881
v 51.68667 4.10261 0.18881
v 51.64278 4.10217 0.18881
v 51.75361 4.05587 0.18881
v 51.71937 4.05700 0.18881
v 51.68464 4.05719 0.18881
v 51.63751 4.05610 0.18881
v 51.71882 3.68200 0.18881
v 51.68369 3.68108 0.18881
v 51.64226 3.68139 0.18881
v 51.72208 3.63996 0.18881
v 51.68387 3.63785 0.18881
v 51.64289 3.63895 0.18881
v 51.72669 3.26657 0.18881
v 51.68610 3.26381 0.18881
v 51.63769 3.26587 0.18881
v 51.72953 3.22334 0.18881
v 51.68364 3.22377 0.18881
v 51.63404 3.22174 0.18881
v 51.72217 3.42892 0.18881
v 51.68423 3.43086 0.18881
v 51.64034 3.43034 0.18881
v 51.72306 3.38613 0.18881
v 51.68422 3.38783 0.18881
v 51.64393 3.38906 0.18881
v 51.72410 3.34338 0.18881
v 51.68417 3.34484 0.18881
v 51.72062 3.55735 0.18881
v 51.68605 3.55655 0.18881
v 51.64343 3.55397 0.18881
v 51.72095 3.51448 0.18881
v 51.68417 3.51700 0.18881
v 51.64125 3.51509 0.18881
v 49.49209 2.61463 0.03952
v 49.45952 2.61463 0.03952
v 49.42694 2.61463 0.03952
v 49.38352 2.61463 0.03952
v 49.29671 2.61463 0.03952
v 49.25332 2.61463 0.03952
v 49.20994 2.61463 0.03952
v 49.66585 2.61463 0.03952
v 49.62241 2.61463 0.03952
v 49.57896 2.61463 0.03952
v 49.12322 2.61463 0.03952
v 49.07993 2.61463 0.03952
v 49.03671 2.61463 0.03952
v 52.27051 4.10083 0.18881
v 52.22809 4.10050 0.18881
v 52.18562 4.10024 0.18881
v 52.26763 4.06096 0.18881
v 52.22527 4.06109 0.18881
v 52.18288 4.06112 0.18881
v 52.10061 4.09991 0.18881
v 52.05809 4.09986 0.18881
v 52.01558 4.09987 0.18881
v 52.09806 4.06085 0.18881
v 52.05567 4.06056 0.18881
v 52.01329 4.06016 0.18881
v 51.93058 4.10015 0.18881
v 51.88777 4.10068 0.18881
v 51.84424 4.10184 0.18881
v 51.92862 4.05905 0.18881
v 51.88605 4.05807 0.18881
v 51.84287 4.05651 0.18881
v 52.39813 4.10273 0.18881
v 52.35533 4.10179 0.18881
v 52.44213 4.09462 0.18881
v 52.43928 4.05731 0.18881
v 52.39537 4.05908 0.18881
v 52.35240 4.06022 0.18881
v 52.89517 5.23185 0.18881
v 52.85206 5.23185 0.18881
v 52.89517 5.18809 0.18881
v 52.85206 5.18809 0.18881
v 52.76834 5.23185 0.18881
v 52.71921 5.23185 0.18881
v 52.67875 5.23185 0.18881
v 52.76834 5.18809 0.18881
v 52.71921 5.18809 0.18881
v 52.67875 5.18809 0.18881
v 52.89517 5.10931 0.18881
v 52.85206 5.10931 0.18881
v 52.89517 5.06554 0.18881
v 52.85206 5.06554 0.18881
v 52.89517 5.02178 0.18881
v 52.85206 5.02178 0.18881
v 52.76834 5.10931 0.18881
v 52.71921 5.10931 0.18881
v 52.67875 5.10931 0.18881
v 52.76834 5.06554 0.18881
v 52.71921 5.06554 0.18881
v 52.67875 5.06554 0.18881
v 52.76834 5.02178 0.18881
v 52.71921 5.02178 0.18881
v 52.67875 5.02178 0.18881
v 53.01946 5.35440 0.18881
v 52.97296 5.35440 0.18881
v 53.01946 5.31939 0.18881
v 52.97296 5.31939 0.18881
v 52.89517 5.35440 0.18881
v 52.85206 5.35440 0.18881
v 52.89517 5.31939 0.18881
v 52.85206 5.31939 0.18881
v 52.76834 5.35440 0.18881
v 52.71921 5.35440 0.18881
v 52.67875 5.35440 0.18881
v 52.76834 5.31939 0.18881
v 52.71921 5.31939 0.18881
v 52.67875 5.31939 0.18881
v 52.59639 5.35452 0.18881
v 52.55764 5.35505 0.18881
v 52.59633 5.31955 0.18881
v 52.55732 5.32028 0.18881
v 52.59610 5.23215 0.18881
v 52.55606 5.23345 0.18881
v 52.51680 5.23172 0.18881
v 52.59579 5.18840 0.18881
v 52.55440 5.18977 0.18881
v 52.51589 5.18971 0.18881
v 52.59537 5.10946 0.18881
v 52.55210 5.11014 0.18881
v 52.51117 5.10813 0.18881
v 52.59539 5.06551 0.18881
v 52.55222 5.06538 0.18881
v 52.50803 5.06513 0.18881
v 52.59527 5.02152 0.18881
v 52.55155 5.02042 0.18881
v 52.51739 5.01881 0.18881
v 52.55321 4.94038 0.18881
v 52.51246 4.93862 0.18881
v 52.59564 4.93375 0.18881
v 52.51286 4.89658 0.18881
v 52.59586 4.89877 0.18881
v 52.55479 4.89676 0.18881
v 52.76834 4.93424 0.18881
v 52.71921 4.93424 0.18881
v 52.67875 4.93424 0.18881
v 52.76834 4.89923 0.18881
v 52.71921 4.89923 0.18881
v 52.67875 4.89923 0.18881
v 52.89517 4.93424 0.18881
v 52.85206 4.93424 0.18881
v 52.89517 4.89923 0.18881
v 52.85206 4.89923 0.18881
v 53.01946 4.93424 0.18881
v 52.97296 4.93424 0.18881
v 53.01946 4.89923 0.18881
v 52.97296 4.89923 0.18881
v 53.01946 5.10931 0.18881
v 52.97296 5.10931 0.18881
v 53.01946 5.06554 0.18881
v 52.97296 5.06554 0.18881
v 53.01946 5.02178 0.18881
v 52.97296 5.02178 0.18881
v 53.01946 5.23185 0.18881
v 52.97296 5.23185 0.18881
v 53.01946 5.18809 0.18881
v 52.97296 5.18809 0.18881
v 52.89517 4.68915 0.18881
v 52.85206 4.68915 0.18881
v 52.89517 4.64539 0.18881
v 52.85206 4.64539 0.18881
v 52.89517 4.60162 0.18881
v 52.85206 4.60162 0.18881
v 52.76834 4.68915 0.18881
v 52.71921 4.68915 0.18881
v 52.67875 4.68915 0.18881
v 52.76834 4.64539 0.18881
v 52.71921 4.64539 0.18881
v 52.67875 4.64539 0.18881
v 52.76834 4.60162 0.18881
v 52.71921 4.60162 0.18881
v 52.67875 4.60162 0.18881
v 52.89517 4.52284 0.18881
v 52.85206 4.52284 0.18881
v 52.89517 4.47907 0.18881
v 52.85206 4.47907 0.18881
v 52.76834 4.52284 0.18881
v 52.71921 4.52284 0.18881
v 52.67875 4.52284 0.18881
v 52.76834 4.47907 0.18881
v 52.71921 4.47907 0.18881
v 52.67875 4.47907 0.18881
v 53.01946 4.81170 0.18881
v 52.97296 4.81170 0.18881
v 53.01946 4.76793 0.18881
v 52.97296 4.76793 0.18881
v 52.89517 4.81170 0.18881
v 52.85206 4.81170 0.18881
v 52.89517 4.76793 0.18881
v 52.85206 4.76793 0.18881
v 52.76834 4.81170 0.18881
v 52.71921 4.81170 0.18881
v 52.67875 4.81170 0.18881
v 52.76834 4.76793 0.18881
v 52.71921 4.76793 0.18881
v 52.67875 4.76793 0.18881
v 52.59614 4.81144 0.18881
v 52.55627 4.81030 0.18881
v 52.59827 4.77127 0.18881
v 52.55672 4.77569 0.18881
v 52.59639 4.68914 0.18881
v 52.55760 4.68907 0.18881
v 52.59644 4.64545 0.18881
v 52.55788 4.64572 0.18881
v 52.59647 4.60175 0.18881
v 52.55808 4.60233 0.18881
v 52.59649 4.52306 0.18881
v 52.55817 4.51534 0.18881
v 52.59648 4.47934 0.18881
v 52.55810 4.48050 0.18881
v 52.59640 4.39191 0.18881
v 52.55766 4.39352 0.18881
v 52.59635 4.35695 0.18881
v 52.55730 4.35014 0.18881
v 52.76834 4.39154 0.18881
v 52.71921 4.39154 0.18881
v 52.67875 4.39154 0.18881
v 52.76834 4.35653 0.18881
v 52.71921 4.35653 0.18881
v 52.67875 4.35653 0.18881
v 52.89517 4.39154 0.18881
v 52.85206 4.39154 0.18881
v 52.89517 4.35653 0.18881
v 52.85206 4.35653 0.18881
v 53.01946 4.39154 0.18881
v 52.97296 4.39154 0.18881
v 53.01946 4.35653 0.18881
v 52.97296 4.35653 0.18881
v 53.01946 4.52284 0.18881
v 52.97296 4.52284 0.18881
v 53.01946 4.47907 0.18881
v 52.97296 4.47907 0.18881
v 53.01946 4.68915 0.18881
v 52.97296 4.68915 0.18881
v 53.01946 4.64539 0.18881
v 52.97296 4.64539 0.18881
v 53.01946 4.60162 0.18881
v 52.97296 4.60162 0.18881
v 52.89517 4.10268 0.18881
v 52.85206 4.10268 0.18881
v 52.89517 4.05892 0.18881
v 52.85206 4.05892 0.18881
v 52.76834 4.10268 0.18881
v 52.71921 4.10268 0.18881
v 52.67875 4.10268 0.18881
v 52.76834 4.05892 0.18881
v 52.71921 4.05892 0.18881
v 52.67875 4.05892 0.18881
v 52.89517 3.97138 0.18881
v 52.85206 3.97138 0.18881
v 52.89517 3.93637 0.18881
v 52.85206 3.93637 0.18881
v 52.76834 3.97138 0.18881
v 52.71921 3.97138 0.18881
v 52.67875 3.97138 0.18881
v 52.76834 3.93637 0.18881
v 52.71921 3.93637 0.18881
v 52.67875 3.93637 0.18881
v 53.01946 4.26899 0.18881
v 52.97296 4.26899 0.18881
v 53.01946 4.22523 0.18881
v 52.97296 4.22523 0.18881
v 53.01946 4.18146 0.18881
v 52.97296 4.18146 0.18881
v 52.89517 4.26899 0.18881
v 52.85206 4.26900 0.18881
v 52.89517 4.22523 0.18881
v 52.85206 4.22523 0.18881
v 52.89517 4.18146 0.18881
v 52.85206 4.18146 0.18881
v 52.76834 4.26899 0.18881
v 52.71921 4.26900 0.18881
v 52.67875 4.26900 0.18881
v 52.76834 4.22523 0.18881
v 52.71921 4.22523 0.18881
v 52.67875 4.22523 0.18881
v 52.76834 4.18146 0.18881
v 52.71921 4.18146 0.18881
v 52.67875 4.18146 0.18881
v 52.59616 4.26958 0.18881
v 52.55639 4.27216 0.18881
v 52.51950 4.26984 0.18881
v 52.59594 4.22585 0.18881
v 52.55519 4.22858 0.18881
v 52.51590 4.22679 0.18881
v 52.59557 4.18201 0.18881
v 52.55321 4.18442 0.18881
v 52.51073 4.19096 0.18881
v 52.59540 4.10281 0.18881
v 52.55229 4.10334 0.18881
v 52.50832 4.09473 0.18881
v 52.59533 4.05876 0.18881
v 52.55191 4.05806 0.18881
v 52.51109 4.06017 0.18881
v 52.55251 3.97748 0.18881
v 52.51421 3.97267 0.18881
v 52.59551 3.97088 0.18881
v 52.51143 3.93273 0.18881
v 52.59578 3.93586 0.18881
v 52.55433 3.93361 0.18881
v 52.51662 3.89411 0.18881
v 52.59611 3.84851 0.18881
v 52.55610 3.84706 0.18881
v 52.59622 3.80484 0.18881
v 52.55658 3.81246 0.18881
v 52.55710 3.76917 0.18881
v 52.59631 3.76116 0.18881
v 52.76834 3.84884 0.18881
v 52.71921 3.84884 0.18881
v 52.67875 3.84884 0.18881
v 52.76834 3.80507 0.18881
v 52.71921 3.80507 0.18881
v 52.67875 3.80507 0.18881
v 52.76834 3.76131 0.18881
v 52.71921 3.76131 0.18881
v 52.67875 3.76131 0.18881
v 52.89517 3.84884 0.18881
v 52.85206 3.84884 0.18881
v 52.89517 3.80507 0.18881
v 52.85206 3.80507 0.18881
v 52.89517 3.76131 0.18881
v 52.85206 3.76131 0.18881
v 53.01946 3.84884 0.18881
v 52.97296 3.84884 0.18881
v 53.01946 3.80507 0.18881
v 52.97296 3.80507 0.18881
v 53.01946 3.76131 0.18881
v 52.97296 3.76131 0.18881
v 53.01946 3.97138 0.18881
v 52.97296 3.97138 0.18881
v 53.01946 3.93637 0.18881
v 52.97296 3.93637 0.18881
v 53.01946 4.10268 0.18881
v 52.97296 4.10268 0.18881
v 53.01946 4.05892 0.18881
v 52.97296 4.05892 0.18881
v 52.89517 3.56001 0.18881
v 52.85206 3.56001 0.18881
v 52.89517 3.51627 0.18881
v 52.85206 3.51627 0.18881
v 52.76834 3.56001 0.18881
v 52.71921 3.56001 0.18881
v 52.67875 3.56001 0.18881
v 52.76834 3.51627 0.18881
v 52.71921 3.51627 0.18881
v 52.67875 3.51627 0.18881
v 52.89517 3.42880 0.18881
v 52.85206 3.42881 0.18881
v 52.89517 3.39383 0.18881
v 52.85206 3.39383 0.18881
v 52.89517 3.35013 0.18881
v 52.85206 3.35013 0.18881
v 52.76834 3.42880 0.18881
v 52.71921 3.42880 0.18881
v 52.67875 3.42880 0.18881
v 52.76834 3.39383 0.18881
v 52.71921 3.39383 0.18881
v 52.67875 3.39383 0.18881
v 52.76834 3.35013 0.18881
v 52.71921 3.35013 0.18881
v 52.67875 3.35013 0.18881
v 53.01946 3.68253 0.18881
v 52.97296 3.68253 0.18881
v 53.01946 3.63877 0.18881
v 52.97296 3.63877 0.18881
v 52.89517 3.68253 0.18881
v 52.85206 3.68253 0.18881
v 52.89517 3.63877 0.18881
v 52.85206 3.63877 0.18881
v 52.76834 3.68253 0.18881
v 52.71921 3.68253 0.18881
v 52.67875 3.68253 0.18881
v 52.76834 3.63877 0.18881
v 52.71921 3.63877 0.18881
v 52.67875 3.63877 0.18881
v 52.59643 3.68253 0.18881
v 52.55787 3.68252 0.18881
v 52.59648 3.63884 0.18881
v 52.55810 3.63914 0.18881
v 52.59651 3.56018 0.18881
v 52.55827 3.55221 0.18881
v 52.59650 3.51647 0.18881
v 52.55823 3.51739 0.18881
v 52.59643 3.42911 0.18881
v 52.55786 3.43044 0.18881
v 52.59639 3.39419 0.18881
v 52.55753 3.38708 0.18881
v 52.59631 3.35056 0.18881
v 52.55712 3.34379 0.18881
v 52.59606 3.26337 0.18881
v 52.55585 3.26590 0.18881
v 52.51791 3.26360 0.18881
v 52.59573 3.21976 0.18881
v 52.55409 3.22222 0.18881
v 52.51064 3.22375 0.18881
v 52.76834 3.26279 0.18881
v 52.71921 3.26279 0.18881
v 52.67875 3.26279 0.18881
v 52.76834 3.21920 0.18881
v 52.71921 3.21920 0.18881
v 52.67875 3.21920 0.18881
v 52.89517 3.26279 0.18881
v 52.85206 3.26279 0.18881
v 52.89517 3.21920 0.18881
v 52.85206 3.21920 0.18881
v 53.01946 3.26279 0.18881
v 52.97296 3.26279 0.18881
v 53.01946 3.21920 0.18881
v 52.97296 3.21920 0.18881
v 53.01946 3.42880 0.18881
v 52.97296 3.42880 0.18881
v 53.01946 3.39383 0.18881
v 52.97296 3.39383 0.18881
v 53.01946 3.35013 0.18881
v 52.97296 3.35013 0.18881
v 53.01946 3.56001 0.18881
v 52.97296 3.56001 0.18881
v 53.01946 3.51627 0.18881
v 52.97296 3.51627 0.18881
v 52.89517 2.61463 0.03952
v 52.85206 2.61463 0.03952
v 52.76834 2.61463 0.03952
v 52.71921 2.61463 0.03952
v 52.67875 2.61463 0.03952
v 53.01946 2.61463 0.03952
v 52.97296 2.61463 0.03952
v 52.59556 2.61463 0.03952
v 52.55313 2.61463 0.03952
v 52.51032 2.61463 0.03952
v 53.17436 3.56001 0.03952
v 53.17436 3.51627 0.03952
v 53.17436 3.42880 0.03952
v 53.17436 3.39383 0.03952
v 53.17436 3.35013 0.03952
v 53.17436 3.68253 0.03952
v 53.17436 3.63877 0.03952
v 53.17436 3.26279 0.03952
v 53.17436 3.21920 0.03952
v 48.78333 5.77437 0.18881
v 48.74334 5.77437 0.18881
v 48.70440 5.77437 0.18881
v 48.78333 5.73940 0.18881
v 48.74334 5.73940 0.18881
v 48.70440 5.73940 0.18881
v 48.62160 5.77437 0.18881
v 48.57885 5.77437 0.18881
v 48.62160 5.73940 0.18881
v 48.57885 5.73940 0.18881
v 48.78333 5.65195 0.18881
v 48.74334 5.65195 0.18881
v 48.70440 5.65195 0.18881
v 48.78333 5.60821 0.18881
v 48.74334 5.60821 0.18881
v 48.70440 5.60821 0.18881
v 48.62160 5.65195 0.18881
v 48.57885 5.65195 0.18881
v 48.62160 5.60821 0.18881
v 48.57885 5.60821 0.18881
v 48.90723 5.94665 0.18881
v 48.86367 5.94351 0.18881
v 48.95372 5.90050 0.18881
v 48.90702 5.90330 0.18881
v 48.86782 5.90165 0.18881
v 48.95564 5.86083 0.18881
v 48.90683 5.85985 0.18881
v 48.86572 5.86155 0.18881
v 48.78333 5.94021 0.18881
v 48.74334 5.94021 0.18881
v 48.70440 5.94021 0.18881
v 48.78333 5.89665 0.18881
v 48.74334 5.89665 0.18881
v 48.70440 5.89665 0.18881
v 48.78333 5.86174 0.18881
v 48.74334 5.86174 0.18881
v 48.70440 5.86174 0.18881
v 48.62160 5.94021 0.18881
v 48.57885 5.94021 0.18881
v 48.62160 5.89665 0.18881
v 48.57885 5.89665 0.18881
v 48.62160 5.86174 0.18881
v 48.57885 5.86174 0.18881
v 48.49544 5.94021 0.18881
v 48.45669 5.94021 0.18881
v 48.49544 5.89665 0.18881
v 48.45669 5.89665 0.18881
v 48.49544 5.86174 0.18881
v 48.45669 5.86174 0.18881
v 48.49544 5.77437 0.18881
v 48.45669 5.77437 0.18881
v 48.49544 5.73940 0.18881
v 48.45669 5.73940 0.18881
v 48.49544 5.65195 0.18881
v 48.45669 5.65195 0.18881
v 48.49544 5.60821 0.18881
v 48.45669 5.60821 0.18881
v 48.49544 5.52945 0.18881
v 48.45669 5.52945 0.18881
v 48.49544 5.48569 0.18881
v 48.45669 5.48569 0.18881
v 48.49544 5.44193 0.18881
v 48.45669 5.44193 0.18881
v 48.62160 5.52945 0.18881
v 48.57885 5.52945 0.18881
v 48.62160 5.48569 0.18881
v 48.57885 5.48569 0.18881
v 48.62160 5.44193 0.18881
v 48.57885 5.44193 0.18881
v 48.78333 5.52945 0.18881
v 48.74334 5.52945 0.18881
v 48.70440 5.52945 0.18881
v 48.78333 5.48569 0.18881
v 48.74334 5.48569 0.18881
v 48.70440 5.48569 0.18881
v 48.78333 5.44193 0.18881
v 48.74334 5.44193 0.18881
v 48.70440 5.44193 0.18881
v 48.96140 5.52480 0.18881
v 48.91592 5.52825 0.18881
v 48.86566 5.52938 0.18881
v 48.96172 5.48189 0.18881
v 48.91600 5.48471 0.18881
v 48.86567 5.48563 0.18881
v 48.96221 5.43901 0.18881
v 48.91612 5.44118 0.18881
v 48.86568 5.44188 0.18881
v 48.96317 5.64970 0.18881
v 48.91593 5.65013 0.18881
v 48.86567 5.65183 0.18881
v 48.96131 5.61060 0.18881
v 48.91589 5.60661 0.18881
v 48.86566 5.60811 0.18881
v 48.96139 5.77716 0.18881
v 48.91912 5.77534 0.18881
v 48.86569 5.77421 0.18881
v 48.96414 5.73527 0.18881
v 48.91616 5.73712 0.18881
v 48.86568 5.73926 0.18881
v 48.78333 5.23185 0.18881
v 48.74334 5.23185 0.18881
v 48.70440 5.23185 0.18881
v 48.78333 5.18809 0.18881
v 48.74334 5.18809 0.18881
v 48.70440 5.18809 0.18881
v 48.62160 5.23185 0.18881
v 48.57885 5.23185 0.18881
v 48.62160 5.18809 0.18881
v 48.57885 5.18809 0.18881
v 48.78333 5.10931 0.18881
v 48.74334 5.10931 0.18881
v 48.70440 5.10931 0.18881
v 48.78333 5.06554 0.18881
v 48.74334 5.06554 0.18881
v 48.70440 5.06554 0.18881
v 48.78333 5.02178 0.18881
v 48.74334 5.02178 0.18881
v 48.70440 5.02178 0.18881
v 48.62160 5.10931 0.18881
v 48.57885 5.10931 0.18881
v 48.62160 5.06554 0.18881
v 48.57885 5.06554 0.18881
v 48.62160 5.02178 0.18881
v 48.57885 5.02178 0.18881
v 48.95822 5.35173 0.18881
v 48.91256 5.35590 0.18881
v 48.86570 5.35438 0.18881
v 48.95518 5.31919 0.18881
v 48.90679 5.31935 0.18881
v 48.86571 5.31938 0.18881
v 48.78333 5.35440 0.18881
v 48.74334 5.35440 0.18881
v 48.70440 5.35440 0.18881
v 48.78333 5.31939 0.18881
v 48.74334 5.31939 0.18881
v 48.70440 5.31939 0.18881
v 48.62160 5.35440 0.18881
v 48.57885 5.35440 0.18881
v 48.62160 5.31939 0.18881
v 48.57885 5.31939 0.18881
v 48.49544 5.35440 0.18881
v 48.45669 5.35440 0.18881
v 48.49544 5.31939 0.18881
v 48.45669 5.31939 0.18881
v 48.49544 5.23185 0.18881
v 48.45669 5.23185 0.18881
v 48.49544 5.18809 0.18881
v 48.45669 5.18809 0.18881
v 48.49544 5.10931 0.18881
v 48.45669 5.10931 0.18881
v 48.49544 5.06554 0.18881
v 48.45669 5.06554 0.18881
v 48.49544 5.02178 0.18881
v 48.45669 5.02178 0.18881
v 48.49544 4.93424 0.18881
v 48.45669 4.93424 0.18881
v 48.49544 4.89923 0.18881
v 48.45669 4.89923 0.18881
v 48.62160 4.93424 0.18881
v 48.57885 4.93424 0.18881
v 48.62160 4.89923 0.18881
v 48.57885 4.89923 0.18881
v 48.78333 4.93424 0.18881
v 48.74334 4.93424 0.18881
v 48.70440 4.93424 0.18881
v 48.78333 4.89923 0.18881
v 48.74334 4.89923 0.18881
v 48.70440 4.89923 0.18881
v 48.95551 4.94140 0.18881
v 48.90933 4.93614 0.18881
v 48.86597 4.93443 0.18881
v 48.95773 4.89717 0.18881
v 48.90981 4.90104 0.18881
v 48.86601 4.89941 0.18881
v 48.99849 4.89576 0.18881
v 48.95042 5.10419 0.18881
v 48.90791 5.11023 0.18881
v 48.86582 5.10940 0.18881
v 48.90821 5.06671 0.18881
v 48.86585 5.06566 0.18881
v 48.95157 5.06136 0.18881
v 48.90853 5.02321 0.18881
v 48.86589 5.02192 0.18881
v 48.95715 5.23347 0.18881
v 48.90719 5.23218 0.18881
v 48.86575 5.23189 0.18881
v 48.95254 5.19274 0.18881
v 48.90742 5.18861 0.18881
v 48.86578 5.18814 0.18881
v 48.78333 4.68915 0.18881
v 48.74334 4.68915 0.18881
v 48.70440 4.68915 0.18881
v 48.78333 4.64539 0.18881
v 48.74334 4.64539 0.18881
v 48.70440 4.64539 0.18881
v 48.78333 4.60162 0.18881
v 48.74334 4.60162 0.18881
v 48.70440 4.60162 0.18881
v 48.62160 4.68915 0.18881
v 48.57885 4.68915 0.18881
v 48.62160 4.64539 0.18881
v 48.57885 4.64539 0.18881
v 48.62160 4.60162 0.18881
v 48.57885 4.60162 0.18881
v 48.78333 4.52284 0.18881
v 48.74334 4.52284 0.18881
v 48.70440 4.52284 0.18881
v 48.78333 4.47907 0.18881
v 48.74334 4.47907 0.18881
v 48.70440 4.47907 0.18881
v 48.62160 4.52284 0.18881
v 48.57885 4.52284 0.18881
v 48.62160 4.47907 0.18881
v 48.57885 4.47907 0.18881
v 48.95450 4.81386 0.18881
v 48.90910 4.81232 0.18881
v 48.86594 4.81176 0.18881
v 48.95146 4.76837 0.18881
v 48.90826 4.76806 0.18881
v 48.86586 4.76794 0.18881
v 48.78333 4.81170 0.18881
v 48.74334 4.81170 0.18881
v 48.70440 4.81170 0.18881
v 48.78333 4.76793 0.18881
v 48.74334 4.76793 0.18881
v 48.70440 4.76793 0.18881
v 48.62160 4.81170 0.18881
v 48.57885 4.81170 0.18881
v 48.62160 4.76793 0.18881
v 48.57885 4.76793 0.18881
v 48.49544 4.81170 0.18881
v 48.45669 4.81170 0.18881
v 48.49544 4.76793 0.18881
v 48.45669 4.76793 0.18881
v 48.49544 4.68915 0.18881
v 48.45669 4.68915 0.18881
v 48.49544 4.64539 0.18881
v 48.45669 4.64539 0.18881
v 48.49544 4.60162 0.18881
v 48.45669 4.60162 0.18881
v 48.49544 4.52284 0.18881
v 48.45669 4.52284 0.18881
v 48.49544 4.47907 0.18881
v 48.45669 4.47907 0.18881
v 48.49544 4.39154 0.18881
v 48.45669 4.39154 0.18881
v 48.49544 4.35653 0.18881
v 48.45669 4.35653 0.18881
v 48.62160 4.39154 0.18881
v 48.57885 4.39154 0.18881
v 48.62160 4.35653 0.18881
v 48.57885 4.35653 0.18881
v 48.78333 4.39154 0.18881
v 48.74334 4.39154 0.18881
v 48.70440 4.39154 0.18881
v 48.78333 4.35653 0.18881
v 48.74334 4.35653 0.18881
v 48.70440 4.35653 0.18881
v 48.95097 4.39126 0.18881
v 48.90812 4.39146 0.18881
v 48.86585 4.39153 0.18881
v 48.95229 4.35503 0.18881
v 48.90849 4.35609 0.18881
v 48.86588 4.35648 0.18881
v 48.95067 4.52284 0.18881
v 48.90803 4.52284 0.18881
v 48.86584 4.52284 0.18881
v 48.95067 4.47907 0.18881
v 48.90803 4.47907 0.18881
v 48.86584 4.47907 0.18881
v 48.95067 4.68915 0.18881
v 48.90803 4.68915 0.18881
v 48.86584 4.68915 0.18881
v 48.95067 4.64539 0.18881
v 48.90803 4.64539 0.18881
v 48.86584 4.64539 0.18881
v 48.95067 4.60162 0.18881
v 48.90803 4.60162 0.18881
v 48.86584 4.60162 0.18881
v 48.78333 4.10268 0.18881
v 48.74334 4.10268 0.18881
v 48.70440 4.10268 0.18881
v 48.78333 4.05892 0.18881
v 48.74334 4.05892 0.18881
v 48.70440 4.05892 0.18881
v 48.62160 4.10268 0.18881
v 48.57885 4.10268 0.18881
v 48.62160 4.05892 0.18881
v 48.57885 4.05892 0.18881
v 48.78333 3.97138 0.18881
v 48.74334 3.97138 0.18881
v 48.70440 3.97138 0.18881
v 48.78333 3.93637 0.18881
v 48.74334 3.93637 0.18881
v 48.70440 3.93637 0.18881
v 48.62160 3.97138 0.18881
v 48.57885 3.97138 0.18881
v 48.62160 3.93637 0.18881
v 48.57885 3.93637 0.18881
v 48.90918 4.26692 0.18881
v 48.86595 4.26879 0.18881
v 48.95286 4.22483 0.18881
v 48.90642 4.22651 0.18881
v 48.86588 4.22499 0.18881
v 48.94889 4.18504 0.18881
v 48.91021 4.18410 0.18881
v 48.86583 4.18123 0.18881
v 48.78333 4.26900 0.18881
v 48.74334 4.26900 0.18881
v 48.70440 4.26900 0.18881
v 48.78333 4.22523 0.18881
v 48.74334 4.22523 0.18881
v 48.70440 4.22523 0.18881
v 48.78333 4.18146 0.18881
v 48.74334 4.18146 0.18881
v 48.70440 4.18146 0.18881
v 48.62160 4.26899 0.18881
v 48.57885 4.26900 0.18881
v 48.62160 4.22523 0.18881
v 48.57885 4.22523 0.18881
v 48.62160 4.18146 0.18881
v 48.57885 4.18146 0.18881
v 48.49544 4.26899 0.18881
v 48.45669 4.26899 0.18881
v 48.49544 4.22523 0.18881
v 48.45669 4.22523 0.18881
v 48.49544 4.18146 0.18881
v 48.45669 4.18146 0.18881
v 48.49544 4.10268 0.18881
v 48.45669 4.10268 0.18881
v 48.49544 4.05892 0.18881
v 48.45669 4.05892 0.18881
v 48.49544 3.97138 0.18881
v 48.45669 3.97138 0.18881
v 48.49544 3.93637 0.18881
v 48.45669 3.93637 0.18881
v 48.49544 3.84884 0.18881
v 48.45669 3.84884 0.18881
v 48.49544 3.80507 0.18881
v 48.45669 3.80507 0.18881
v 48.49544 3.76131 0.18881
v 48.45669 3.76131 0.18881
v 48.62160 3.84884 0.18881
v 48.57885 3.84884 0.18881
v 48.62160 3.80507 0.18881
v 48.57885 3.80507 0.18881
v 48.62160 3.76131 0.18881
v 48.57885 3.76131 0.18881
v 48.78333 3.84884 0.18881
v 48.74334 3.84884 0.18881
v 48.70440 3.84884 0.18881
v 48.78333 3.80507 0.18881
v 48.74334 3.80507 0.18881
v 48.70440 3.80507 0.18881
v 48.78333 3.76131 0.18881
v 48.74334 3.76131 0.18881
v 48.70440 3.76131 0.18881
v 48.91637 3.84733 0.18881
v 48.86569 3.84874 0.18881
v 48.96279 3.80870 0.18881
v 48.91628 3.81251 0.18881
v 48.86568 3.80499 0.18881
v 48.96248 3.76585 0.18881
v 48.91619 3.76898 0.18881
v 48.86568 3.76124 0.18881
v 48.95375 3.97542 0.18881
v 48.90899 3.97507 0.18881
v 48.86573 3.97124 0.18881
v 48.95797 3.93313 0.18881
v 48.90681 3.93509 0.18881
v 48.86572 3.93624 0.18881
v 48.95472 3.89561 0.18881
v 48.94899 4.10376 0.18881
v 48.90753 4.10068 0.18881
v 48.86579 4.10248 0.18881
v 48.95234 4.05979 0.18881
v 48.90731 4.05712 0.18881
v 48.86576 4.05874 0.18881
v 52.67875 6.53609 0.03952
v 52.71921 6.53609 0.03952
v 52.76834 6.53609 0.03952
v 52.85206 6.53609 0.03952
v 52.89517 6.53609 0.03952
v 52.51032 6.53609 0.03952
v 52.55313 6.53609 0.03952
v 52.59556 6.53609 0.03952
v 52.97296 6.53609 0.03952
v 53.01946 6.53609 0.03952
v 52.89517 5.77437 0.18881
v 52.85206 5.77437 0.18881
v 52.89517 5.73940 0.18881
v 52.85206 5.73940 0.18881
v 52.76834 5.77437 0.18881
v 52.71921 5.77437 0.18881
v 52.67875 5.77437 0.18881
v 52.76834 5.73940 0.18881
v 52.71921 5.73940 0.18881
v 52.67875 5.73940 0.18881
v 52.89517 5.65195 0.18881
v 52.85206 5.65195 0.18881
v 52.89517 5.60820 0.18881
v 52.85206 5.60820 0.18881
v 52.76834 5.65195 0.18881
v 52.71921 5.65195 0.18881
v 52.67875 5.65195 0.18881
v 52.76834 5.60820 0.18881
v 52.71921 5.60820 0.18881
v 52.67875 5.60820 0.18881
v 53.01946 5.94021 0.18881
v 52.97296 5.94021 0.18881
v 53.01946 5.89665 0.18881
v 52.97296 5.89665 0.18881
v 53.01946 5.86174 0.18881
v 52.97296 5.86174 0.18881
v 52.89517 5.94021 0.18881
v 52.85206 5.94021 0.18881
v 52.89517 5.89665 0.18881
v 52.85206 5.89665 0.18881
v 52.89517 5.86174 0.18881
v 52.85206 5.86174 0.18881
v 52.76834 5.94021 0.18881
v 52.71921 5.94021 0.18881
v 52.67875 5.94021 0.18881
v 52.76834 5.89665 0.18881
v 52.71921 5.89665 0.18881
v 52.67875 5.89665 0.18881
v 52.76834 5.86174 0.18881
v 52.71921 5.86174 0.18881
v 52.67875 5.86174 0.18881
v 52.59555 5.94021 0.18881
v 52.55310 5.94890 0.18881
v 52.51026 5.94889 0.18881
v 52.55275 5.90512 0.18881
v 52.50938 5.90487 0.18881
v 52.59547 5.89659 0.18881
v 52.59537 5.86158 0.18881
v 52.55211 5.86090 0.18881
v 52.51123 5.86288 0.18881
v 52.51443 5.77786 0.18881
v 52.59586 5.77406 0.18881
v 52.55479 5.77270 0.18881
v 52.59609 5.73911 0.18881
v 52.55602 5.73785 0.18881
v 52.51898 5.73476 0.18881
v 52.59633 5.65179 0.18881
v 52.55730 5.65110 0.18881
v 52.59640 5.60810 0.18881
v 52.55769 5.60764 0.18881
v 52.59648 5.52942 0.18881
v 52.55811 5.52929 0.18881
v 52.59649 5.48570 0.18881
v 52.55817 5.48571 0.18881
v 52.59648 5.44197 0.18881
v 52.55812 5.44212 0.18881
v 52.76834 5.52945 0.18881
v 52.71921 5.52945 0.18881
v 52.67875 5.52945 0.18881
v 52.76834 5.48569 0.18881
v 52.71921 5.48569 0.18881
v 52.67875 5.48569 0.18881
v 52.76834 5.44193 0.18881
v 52.71921 5.44193 0.18881
v 52.67875 5.44193 0.18881
v 52.89517 5.52945 0.18881
v 52.85206 5.52945 0.18881
v 52.89517 5.48569 0.18881
v 52.85206 5.48569 0.18881
v 52.89517 5.44193 0.18881
v 52.85206 5.44193 0.18881
v 53.01946 5.52945 0.18881
v 52.97296 5.52945 0.18881
v 53.01946 5.48569 0.18881
v 52.97296 5.48569 0.18881
v 53.01946 5.44193 0.18881
v 52.97296 5.44193 0.18881
v 53.01946 5.65195 0.18881
v 52.97296 5.65195 0.18881
v 53.01946 5.60820 0.18881
v 52.97296 5.60820 0.18881
v 53.01946 5.77437 0.18881
v 52.97296 5.77437 0.18881
v 53.01946 5.73940 0.18881
v 52.97296 5.73940 0.18881
v 53.17436 5.77437 0.03952
v 53.17436 5.73940 0.03952
v 53.17436 5.65195 0.03952
v 53.17436 5.60820 0.03952
v 53.17436 5.94021 0.03952
v 53.17436 5.89665 0.03952
v 53.17436 5.86174 0.03952
v 53.17436 5.52945 0.03952
v 53.17436 5.48569 0.03952
v 53.17436 5.44193 0.03952
v 53.17436 5.23185 0.03952
v 53.17436 5.18809 0.03952
v 53.17436 5.10931 0.03952
v 53.17436 5.06554 0.03952
v 53.17436 5.02178 0.03952
v 53.17436 5.35440 0.03952
v 53.17436 5.31939 0.03952
v 53.17436 4.93424 0.03952
v 53.17436 4.89923 0.03952
v 53.17436 4.68915 0.03952
v 53.17436 4.64538 0.03952
v 53.17436 4.60162 0.03952
v 53.17436 4.52284 0.03952
v 53.17436 4.47907 0.03952
v 53.17436 4.81170 0.03952
v 53.17436 4.76793 0.03952
v 53.17436 4.39154 0.03952
v 53.17436 4.35653 0.03952
v 53.17436 4.10268 0.03952
v 53.17436 4.05892 0.03952
v 53.17436 3.97138 0.03952
v 53.17436 3.93637 0.03952
v 53.17436 4.26899 0.03952
v 53.17436 4.22523 0.03952
v 53.17436 4.18146 0.03952
v 53.17436 3.84884 0.03952
v 53.17436 3.80507 0.03952
v 53.17436 3.76131 0.03952
v 48.78333 2.61463 0.03952
v 48.74334 2.61463 0.03952
v 48.70440 2.61463 0.03952
v 48.62160 2.61463 0.03952
v 48.57885 2.61463 0.03952
v 48.95066 2.61463 0.03952
v 48.90803 2.61463 0.03952
v 48.86584 2.61463 0.03952
v 48.49544 2.61463 0.03952
v 48.45669 2.61463 0.03952
v 48.35334 3.01401 -0.06428
v 48.35334 2.97341 -0.06428
v 48.35334 2.88162 -0.06428
v 48.35334 2.83961 -0.06428
v 48.35334 2.76027 -0.06428
v 48.35334 3.14110 -0.06428
v 48.35334 3.09810 -0.06428
v 48.35334 6.32442 -0.06427
v 48.35334 6.28343 -0.06427
v 48.35334 6.19321 -0.06427
v 48.35334 6.15310 -0.06427
v 48.35334 6.06967 -0.06427
v 48.35334 6.02686 -0.06427
v 48.35334 6.40109 -0.06427
v 48.35334 5.77437 -0.06427
v 48.35334 5.73940 -0.06427
v 48.35334 5.65195 -0.06427
v 48.35334 5.60821 -0.06427
v 48.35334 5.52945 -0.06427
v 48.35334 5.48569 -0.06427
v 48.35334 5.44193 -0.06427
v 48.35334 5.94021 -0.06427
v 48.35334 5.89665 -0.06427
v 48.35334 5.86174 -0.06427
v 48.35334 5.23185 -0.06427
v 48.35334 5.18809 -0.06427
v 48.35334 5.10931 -0.06427
v 48.35334 5.06554 -0.06427
v 48.35334 5.02178 -0.06427
v 48.35334 4.93424 -0.06427
v 48.35334 4.89923 -0.06427
v 48.35334 5.35440 -0.06427
v 48.35334 5.31939 -0.06427
v 48.35334 4.68915 -0.06427
v 48.35334 4.64539 -0.06427
v 48.35334 4.60162 -0.06427
v 48.35334 4.52284 -0.06427
v 48.35334 4.47907 -0.06427
v 48.35334 4.39154 -0.06427
v 48.35334 4.35653 -0.06427
v 48.35334 4.81170 -0.06427
v 48.35334 4.76793 -0.06427
v 48.35334 4.10268 -0.06427
v 48.35334 4.05892 -0.06427
v 48.35334 3.97138 -0.06427
v 48.35334 3.93637 -0.06427
v 48.35334 3.84884 -0.06427
v 48.35334 3.80507 -0.06427
v 48.35334 3.76131 -0.06427
v 48.35334 4.26900 -0.06427
v 48.35334 4.22523 -0.06427
v 48.35334 4.18146 -0.06427
v 48.35334 3.56001 -0.06427
v 48.35334 3.51627 -0.06427
v 48.35334 3.42881 -0.06427
v 48.35334 3.39383 -0.06427
v 48.35334 3.35013 -0.06427
v 48.35334 3.26279 -0.06427
v 48.35334 3.21920 -0.06428
v 48.35334 3.68253 -0.06427
v 48.35334 3.63877 -0.06427
v 48.30807 2.83961 0.03952
v 48.30807 2.88162 0.03952
v 48.30807 2.97341 0.03952
v 48.30807 3.01401 0.03952
v 48.30807 2.76027 0.03952
v 48.30807 3.09810 0.03952
v 48.30807 3.14110 0.03952
v 52.26946 5.06399 0.18881
v 52.22680 5.06390 0.18881
v 52.18411 5.06381 0.18881
v 52.09869 5.06368 0.18881
v 52.05598 5.06363 0.18881
v 52.01329 5.06359 0.18881
v 52.43498 5.01918 0.18881
v 52.44151 5.06466 0.18881
v 52.43832 5.10828 0.18881
v 52.39091 5.02258 0.18881
v 52.39783 5.06440 0.18881
v 52.34834 5.02455 0.18881
v 52.35476 5.06421 0.18881
v 51.92999 5.02287 0.18881
v 51.92797 5.06356 0.18881
v 51.88803 5.02118 0.18881
v 51.88512 5.06363 0.18881
v 51.84533 5.01838 0.18881
v 51.84176 5.06385 0.18881
v 52.43960 5.89416 0.18881
v 52.42382 5.94034 0.18881
v 52.40004 5.89838 0.18881
v 52.38603 5.94477 0.18881
v 52.35693 5.89938 0.18881
v 52.35670 5.93714 0.18881
v 52.27110 5.90016 0.18881
v 52.27231 5.94066 0.18881
v 52.22816 5.90038 0.18881
v 52.22899 5.94069 0.18881
v 52.18519 5.90052 0.18881
v 52.18565 5.94071 0.18881
v 52.09918 5.90055 0.18881
v 52.09894 5.94071 0.18881
v 52.05617 5.90045 0.18881
v 52.05557 5.94070 0.18881
v 52.01317 5.90027 0.18881
v 52.01219 5.94067 0.18881
v 51.92721 5.89965 0.18881
v 51.92544 5.94059 0.18881
v 51.88411 5.89894 0.18881
v 51.88204 5.94050 0.18881
v 51.84067 5.89765 0.18881
v 51.83860 5.94034 0.18881
v 51.80517 5.73464 0.18881
v 51.80566 5.77480 0.18881
v 52.38973 4.89216 0.18881
v 52.43060 4.85307 0.18881
v 52.43278 4.89400 0.18881
v 52.47203 4.39663 0.18881
v 52.47216 3.76208 0.18881
v 52.47036 3.80734 0.18881
v 52.43016 3.30683 0.18881
v 52.43428 3.26535 0.18881
v 51.80649 3.89775 0.18881
v 51.80433 3.93058 0.18881
v 51.29981 5.81678 0.18881
v 51.34476 5.81545 0.18881
v 51.00741 4.93570 0.18881
v 51.05117 4.97503 0.18881
v 51.26087 4.93764 0.18881
v 51.30174 4.93770 0.18881
v 50.92614 3.22423 0.18881
v 50.88563 3.22503 0.18881
v 50.84560 3.22289 0.18881
v 51.34151 3.93163 0.18881
v 51.38302 3.93825 0.18881
v 51.42930 3.97204 0.18881
v 51.46801 3.97520 0.18881
v 50.96902 3.93196 0.18881
v 51.00948 3.97071 0.18881
v 50.96898 3.97562 0.18881
v 51.51477 3.55759 0.18881
v 51.56038 3.55455 0.18881
v 51.55765 3.51158 0.18881
v 52.18380 4.18857 0.18881
v 52.22614 4.18635 0.18881
v 52.09841 4.18533 0.18881
v 52.05808 4.18703 0.18881
v 50.88347 4.89289 0.18881
v 50.92863 4.93523 0.18881
v 50.88288 4.93683 0.18881
v 50.83919 4.94105 0.18881
v 51.93267 4.18482 0.18881
v 51.88889 4.18595 0.18881
v 50.79932 4.85081 0.18881
v 50.79900 4.89395 0.18881
v 51.42488 3.84501 0.18881
v 51.46971 3.88611 0.18881
v 51.46817 3.85112 0.18881
v 51.51786 3.93133 0.18881
v 51.50608 3.89530 0.18881
v 51.55083 3.89264 0.18881
v 51.56122 3.93263 0.18881
v 52.34712 4.22558 0.18881
v 52.38582 4.18579 0.18881
v 52.34805 4.18211 0.18881
v 51.17338 4.93704 0.18881
v 51.13059 4.97524 0.18881
v 51.17468 4.97680 0.18881
v 51.21580 4.97586 0.18881
v 52.43475 5.73283 0.18881
v 51.26270 3.97739 0.18881
v 51.30419 3.97673 0.18881
v 52.18135 4.97753 0.18881
v 52.22271 4.97873 0.18881
v 52.47252 5.64925 0.18881
v 52.05638 4.93324 0.18881
v 52.01372 4.93790 0.18881
v 52.05468 4.97455 0.18881
v 52.30792 4.93926 0.18881
v 52.35177 4.93822 0.18881
v 52.30660 4.98009 0.18881
v 50.76072 4.72978 0.18881
v 50.76176 4.76893 0.18881
v 51.46820 3.76692 0.18881
v 51.51165 3.76584 0.18881
v 51.51460 3.80791 0.18881
v 51.54700 3.76219 0.18881
v 51.55380 3.80240 0.18881
v 51.88662 4.89755 0.18881
v 51.93113 4.93401 0.18881
v 51.88829 4.94104 0.18881
v 52.43233 5.23319 0.18881
v 51.51305 3.43112 0.18881
v 51.55511 3.43089 0.18881
v 51.54873 3.38911 0.18881
v 50.92666 4.18296 0.18881
v 50.88607 4.18916 0.18881
v 51.93137 5.81685 0.18881
v 51.88942 5.81889 0.18881
v 50.84293 4.26960 0.18881
v 50.79980 4.27114 0.18881
v 50.80092 4.22399 0.18881
v 51.50714 3.64063 0.18881
v 51.51602 3.67633 0.18881
v 51.55574 3.67842 0.18881
v 51.55828 3.63988 0.18881
v 51.09416 4.18748 0.18881
v 51.05193 4.18724 0.18881
v 51.47030 3.34726 0.18881
v 51.47012 3.30177 0.18881
v 51.51295 3.33942 0.18881
v 51.51284 3.30499 0.18881
v 51.55197 3.30445 0.18881
v 51.55162 3.25757 0.18881
v 51.38598 4.85158 0.18881
v 51.38372 4.89432 0.18881
v 51.42703 4.89307 0.18881
v 51.42623 4.93107 0.18881
v 51.80447 5.23342 0.18881
v 51.80584 5.19212 0.18881
v 52.34695 5.14980 0.18881
v 52.38771 5.14963 0.18881
v 51.42580 4.77115 0.18881
v 51.93289 5.14665 0.18881
v 51.88995 5.15191 0.18881
v 50.92678 5.81539 0.18881
v 50.88259 5.81754 0.18881
v 50.84368 5.81475 0.18881
v 50.80150 5.73223 0.18881
v 50.79793 5.77194 0.18881
v 51.30273 4.22566 0.18881
v 51.34377 4.23186 0.18881
v 51.34262 4.18570 0.18881
v 51.30176 4.18419 0.18881
v 51.38733 4.18551 0.18881
v 50.76163 5.65069 0.18881
v 51.42923 4.30963 0.18881
v 51.42469 4.26730 0.18881
v 52.34703 5.81738 0.18881
v 52.38783 5.81660 0.18881
v 51.17491 4.18645 0.18881
v 51.22050 4.18887 0.18881
v 50.80257 5.23421 0.18881
v 50.79770 5.19305 0.18881
v 50.92758 5.14742 0.18881
v 50.88664 5.14945 0.18881
v 50.84225 5.15014 0.18881
v 50.76431 5.35811 0.18881
v 50.76059 5.31705 0.18881
v 51.42514 5.73299 0.18881
v 51.42722 5.77306 0.18881
v 52.39113 3.88834 0.18881
v 52.43344 3.89027 0.18881
v 52.43323 3.93016 0.18881
v 51.42413 5.23553 0.18881
v 51.30053 5.15026 0.18881
v 51.33976 5.14944 0.18881
v 52.47184 3.43163 0.18881
v 52.47149 3.39147 0.18881
v 52.35034 3.22571 0.18881
v 52.39093 3.22374 0.18881
v 51.92975 3.93388 0.18881
v 51.88750 3.93164 0.18881
v 51.88660 3.97511 0.18881
v 51.93073 3.97513 0.18881
v 51.84627 3.97498 0.18881
v 51.84905 3.30731 0.18881
v 51.84820 3.26582 0.18881
v 51.80564 3.26409 0.18881
v 52.46901 4.76961 0.18881
v 51.97570 3.22315 0.18881
v 51.93550 3.22312 0.18881
v 50.80195 3.30600 0.18881
v 50.80196 3.26366 0.18881
v 50.76259 3.30703 0.18881
v 52.42996 4.31351 0.18881
v 52.43238 4.27289 0.18881
v 52.18184 3.97545 0.18881
v 52.22217 3.97530 0.18881
v 51.25775 3.22205 0.18881
v 51.29889 3.22152 0.18881
v 52.05543 3.97595 0.18881
v 52.01442 3.97387 0.18881
v 51.38494 3.26744 0.18881
v 51.43024 3.25945 0.18881
v 51.46539 3.22408 0.18881
v 51.43143 3.21645 0.18881
v 51.85019 4.85350 0.18881
v 51.80702 4.84989 0.18881
v 51.80306 4.89215 0.18881
v 50.88126 3.93058 0.18881
v 50.83965 3.93247 0.18881
v 50.88384 3.98065 0.18881
v 50.80445 3.96868 0.18881
v 50.84023 3.97751 0.18881
v 52.30937 3.93173 0.18881
v 52.30689 3.97370 0.18881
v 52.34780 3.97957 0.18881
v 52.38899 3.97372 0.18881
v 50.79808 3.84868 0.18881
v 50.75759 3.88830 0.18881
v 50.75916 3.76535 0.18881
v 51.09397 3.97217 0.18881
v 51.13506 3.97338 0.18881
v 51.80530 4.35699 0.18881
v 51.84623 4.27162 0.18881
v 51.80386 4.27083 0.18881
v 51.80633 4.22895 0.18881
v 50.76378 3.43025 0.18881
v 50.75667 3.39267 0.18881
v 50.29336 5.56675 0.18881
v 50.29779 5.52428 0.18881
v 50.33952 5.52230 0.18881
v 50.16784 5.10486 0.18881
v 50.20919 5.09930 0.18881
v 50.22134 5.06595 0.18881
v 50.25998 5.06866 0.18881
v 50.24359 5.02817 0.18881
v 50.29227 5.06007 0.18881
v 50.29371 5.01742 0.18881
v 50.33797 5.02299 0.18881
v 50.30600 4.97566 0.18881
v 50.34409 4.97672 0.18881
v 49.04019 5.81814 0.18881
v 49.04202 5.86322 0.18881
v 50.12428 5.14977 0.18881
v 50.04286 5.06937 0.18881
v 50.25346 3.84942 0.18881
v 50.28997 3.84262 0.18881
v 50.29225 3.80796 0.18881
v 50.33051 3.85173 0.18881
v 50.33379 3.81200 0.18881
v 49.12381 4.10301 0.18881
v 49.12594 4.14628 0.18881
v 49.08376 4.13872 0.18881
v 49.08231 4.18395 0.18881
v 49.03749 4.14405 0.18881
v 49.04180 4.18041 0.18881
v 50.21370 3.34972 0.18881
v 50.25564 3.35360 0.18881
v 50.25535 3.30783 0.18881
v 50.29485 3.34736 0.18881
v 50.29608 3.31353 0.18881
v 50.34419 3.30529 0.18881
v 50.33982 3.26558 0.18881
v 50.12914 3.31023 0.18881
v 50.04350 3.22653 0.18881
v 51.45640 4.56685 -0.00949
v 51.44975 4.63440 -0.00949
v 51.43005 4.69935 -0.00949
v 51.39805 4.75920 -0.00949
v 51.35500 4.81167 -0.00949
v 51.30253 4.85473 -0.00949
v 51.24268 4.88672 -0.00949
v 51.17773 4.90642 -0.00949
v 51.11018 4.91308 -0.00949
v 51.04264 4.90642 -0.00949
v 50.97769 4.88672 -0.00949
v 50.91783 4.85473 -0.00949
v 50.86537 4.81167 -0.00949
v 50.82231 4.75920 -0.00949
v 50.79032 4.69935 -0.00949
v 50.77061 4.63440 -0.00949
v 50.76396 4.56686 -0.00949
v 50.77061 4.49931 -0.00949
v 50.79032 4.43436 -0.00949
v 50.82231 4.37451 -0.00949
v 50.86537 4.32204 -0.00949
v 50.91783 4.27898 -0.00949
v 50.97769 4.24699 -0.00949
v 51.04264 4.22729 -0.00949
v 51.11018 4.22063 -0.00949
v 51.17773 4.22729 -0.00949
v 51.24268 4.24699 -0.00949
v 51.30253 4.27898 -0.00949
v 51.35500 4.32204 -0.00949
v 51.39805 4.37451 -0.00949
v 51.43005 4.43436 -0.00949
v 51.44975 4.49931 -0.00949
v 52.47126 5.48630 -0.00949
v 52.46472 5.55263 -0.00949
v 52.44538 5.61641 -0.00949
v 52.41396 5.67519 -0.00949
v 52.37167 5.72672 -0.00949
v 52.32015 5.76900 -0.00949
v 52.26137 5.80042 -0.00949
v 52.19759 5.81977 -0.00949
v 52.13126 5.82630 -0.00949
v 52.06493 5.81977 -0.00949
v 52.00115 5.80042 -0.00949
v 51.94236 5.76900 -0.00949
v 51.89084 5.72672 -0.00949
v 51.84856 5.67519 -0.00949
v 51.81714 5.61641 -0.00949
v 51.79779 5.55263 -0.00949
v 51.79126 5.48630 -0.00949
v 51.79779 5.41997 -0.00949
v 51.81714 5.35619 -0.00949
v 51.84856 5.29741 -0.00949
v 51.89084 5.24588 -0.00949
v 51.94236 5.20360 -0.00949
v 52.00115 5.17218 -0.00949
v 52.06493 5.15283 -0.00949
v 52.13126 5.14630 -0.00949
v 52.19759 5.15283 -0.00949
v 52.26137 5.17218 -0.00949
v 52.32015 5.20360 -0.00949
v 52.37167 5.24588 -0.00949
v 52.41396 5.29741 -0.00949
v 52.44538 5.35619 -0.00949
v 52.46472 5.41997 -0.00949
v 51.45477 5.48562 -0.00949
v 51.44812 5.55316 -0.00949
v 51.42842 5.61811 -0.00949
v 51.39642 5.67797 -0.00949
v 51.35337 5.73043 -0.00949
v 51.30090 5.77349 -0.00949
v 51.24104 5.80548 -0.00949
v 51.17609 5.82518 -0.00949
v 51.10855 5.83184 -0.00949
v 51.04101 5.82518 -0.00949
v 50.97606 5.80548 -0.00949
v 50.91620 5.77349 -0.00949
v 50.86373 5.73043 -0.00949
v 50.82068 5.67797 -0.00949
v 50.78869 5.61811 -0.00949
v 50.76898 5.55316 -0.00949
v 50.76233 5.48562 -0.00949
v 50.76898 5.41807 -0.00949
v 50.78869 5.35312 -0.00949
v 50.82068 5.29327 -0.00949
v 50.86373 5.24080 -0.00949
v 50.91620 5.19775 -0.00949
v 50.97606 5.16575 -0.00949
v 51.04101 5.14605 -0.00949
v 51.10855 5.13940 -0.00949
v 51.17609 5.14605 -0.00949
v 51.24104 5.16575 -0.00949
v 51.30090 5.19775 -0.00949
v 51.35337 5.24080 -0.00949
v 51.39642 5.29327 -0.00949
v 51.42842 5.35312 -0.00949
v 51.44812 5.41807 -0.00949
v 52.47127 4.56424 -0.00949
v 52.46474 4.63058 -0.00949
v 52.44539 4.69436 -0.00949
v 52.41397 4.75314 -0.00949
v 52.37168 4.80466 -0.00949
v 52.32016 4.84694 -0.00949
v 52.26138 4.87836 -0.00949
v 52.19760 4.89771 -0.00949
v 52.13127 4.90424 -0.00949
v 52.06494 4.89771 -0.00949
v 52.00116 4.87836 -0.00949
v 51.94237 4.84694 -0.00949
v 51.89085 4.80466 -0.00949
v 51.84857 4.75314 -0.00949
v 51.81715 4.69436 -0.00949
v 51.79781 4.63058 -0.00949
v 51.79127 4.56424 -0.00949
v 51.79781 4.49791 -0.00949
v 51.81715 4.43413 -0.00949
v 51.84857 4.37535 -0.00949
v 51.89085 4.32383 -0.00949
v 51.94237 4.28155 -0.00949
v 52.00116 4.25013 -0.00949
v 52.06494 4.23078 -0.00949
v 52.13127 4.22425 -0.00949
v 52.19760 4.23078 -0.00949
v 52.26138 4.25013 -0.00949
v 52.32016 4.28155 -0.00949
v 52.37168 4.32383 -0.00949
v 52.41397 4.37535 -0.00949
v 52.44539 4.43413 -0.00949
v 52.46474 4.49791 -0.00949
v 52.47122 3.57776 -0.00949
v 52.46469 3.64409 -0.00949
v 52.44534 3.70787 -0.00949
v 52.41392 3.76665 -0.00949
v 52.37164 3.81817 -0.00949
v 52.32011 3.86045 -0.00949
v 52.26133 3.89187 -0.00949
v 52.19755 3.91122 -0.00949
v 52.13122 3.91775 -0.00949
v 52.06489 3.91122 -0.00949
v 52.00111 3.89187 -0.00949
v 51.94233 3.86045 -0.00949
v 51.89081 3.81817 -0.00949
v 51.84853 3.76665 -0.00949
v 51.81710 3.70787 -0.00949
v 51.79776 3.64409 -0.00949
v 51.79122 3.57776 -0.00949
v 51.79776 3.51143 -0.00949
v 51.81710 3.44764 -0.00949
v 51.84853 3.38886 -0.00949
v 51.89081 3.33734 -0.00949
v 51.94233 3.29506 -0.00949
v 52.00111 3.26364 -0.00949
v 52.06489 3.24429 -0.00949
v 52.13122 3.23776 -0.00949
v 52.19755 3.24429 -0.00949
v 52.26133 3.26364 -0.00949
v 52.32011 3.29506 -0.00949
v 52.37164 3.33734 -0.00949
v 52.41392 3.38886 -0.00949
v 52.44534 3.44764 -0.00949
v 52.46469 3.51143 -0.00949
v 51.44710 3.57915 -0.00949
v 51.44056 3.64548 -0.00949
v 51.42121 3.70926 -0.00949
v 51.38980 3.76804 -0.00949
v 51.34752 3.81956 -0.00949
v 51.29599 3.86184 -0.00949
v 51.23721 3.89326 -0.00949
v 51.17343 3.91261 -0.00949
v 51.10710 3.91914 -0.00949
v 51.04077 3.91261 -0.00949
v 50.97699 3.89326 -0.00949
v 50.91821 3.86184 -0.00949
v 50.86668 3.81956 -0.00949
v 50.82440 3.76804 -0.00949
v 50.79298 3.70926 -0.00949
v 50.77363 3.64548 -0.00949
v 50.76710 3.57915 -0.00949
v 50.77363 3.51281 -0.00949
v 50.79298 3.44903 -0.00949
v 50.82440 3.39025 -0.00949
v 50.86668 3.33873 -0.00949
v 50.91821 3.29645 -0.00949
v 50.97699 3.26503 -0.00949
v 51.04077 3.24568 -0.00949
v 51.10710 3.23915 -0.00949
v 51.17343 3.24568 -0.00949
v 51.23721 3.26503 -0.00949
v 51.29599 3.29645 -0.00949
v 51.34752 3.33873 -0.00949
v 51.38980 3.39025 -0.00949
v 51.42121 3.44903 -0.00949
v 51.44056 3.51281 -0.00949
v 49.63558 3.67828 0.50140
v 49.65177 5.51197 0.49752
v 49.63129 5.51197 0.49752
f 9 11 96
f 9 96 93
f 93 96 95
f 93 95 94
f 94 95 10
f 94 10 8
f 8 10 98
f 8 98 92
f 92 98 97
f 92 97 91
f 91 97 12
f 91 12 7
f 14 5 88
f 14 88 102
f 102 88 87
f 102 87 101
f 101 87 6
f 101 6 13
f 100 89 90
f 100 90 99
f 99 90 7
f 99 7 12
f 13 6 89
f 13 89 100
f 15 4 86
f 15 86 103
f 103 86 85
f 103 85 104
f 104 85 5
f 104 5 14
f 105 3 83
f 105 83 106
f 106 83 84
f 106 84 107
f 107 84 4
f 107 4 15
f 16 1 3
f 16 3 105
f 18 19 114
f 18 114 111
f 111 114 113
f 111 113 110
f 110 113 112
f 110 112 109
f 109 112 2
f 109 2 17
f 17 2 82
f 17 82 108
f 108 82 1
f 108 1 16
f 45 20 116
f 45 116 168
f 168 116 115
f 168 115 167
f 167 115 19
f 167 19 18
f 20 52 185
f 20 185 116
f 185 21 116
f 116 21 115
f 52 185 184
f 185 184 183
f 185 183 21
f 19 115 114
f 115 256 114
f 256 21 118
f 114 256 112
f 114 112 113
f 256 118 22
f 256 22 112
f 115 21 256
f 118 117 22
f 2 120 82
f 82 120 121
f 82 3 1
f 82 121 3
f 112 22 120
f 112 120 2
f 120 119 121
f 121 119 23
f 178 258 182
f 178 179 258
f 179 259 258
f 258 259 261
f 258 261 260
f 180 186 262
f 186 263 262
f 180 262 259
f 180 259 179
f 262 264 259
f 262 263 261
f 262 261 264
f 265 266 267
f 265 267 268
f 265 268 263
f 269 267 266
f 269 270 271
f 269 271 267
f 270 272 271
f 192 275 274
f 192 273 275
f 273 276 275
f 275 276 277
f 275 277 271
f 194 279 273
f 194 278 279
f 273 279 277
f 196 198 280
f 198 281 280
f 196 280 278
f 280 281 283
f 280 283 282
f 284 285 286
f 284 286 281
f 284 281 198
f 284 281 283
f 281 286 287
f 281 287 283
f 202 288 285
f 202 285 201
f 288 289 285
f 201 285 286
f 285 289 287
f 285 287 286
f 289 290 287
f 291 292 294
f 291 294 293
f 291 293 289
f 293 290 289
f 293 294 295
f 293 295 290
f 29 134 292
f 134 297 292
f 134 296 297
f 292 297 298
f 292 298 294
f 132 133 299
f 132 299 296
f 132 296 300
f 296 299 300
f 299 301 300
f 131 302 133
f 302 303 305
f 302 305 304
f 133 302 304
f 302 304 306
f 304 305 307
f 304 307 306
f 26 127 303
f 127 305 303
f 127 308 305
f 303 305 309
f 305 308 307
f 305 307 309
f 128 310 308
f 128 308 127
f 310 312 308
f 310 311 313
f 310 313 312
f 122 314 315
f 315 123 316
f 314 315 311
f 315 317 311
f 315 316 317
f 23 119 318
f 23 318 123
f 119 318 316
f 318 319 316
f 123 318 316
f 318 316 317
f 316 319 320
f 316 320 317
f 321 117 323
f 321 323 322
f 322 323 324
f 322 324 319
f 21 183 325
f 21 325 117
f 183 325 326
f 117 325 323
f 325 327 323
f 325 326 328
f 325 328 327
f 184 182 330
f 184 330 329
f 184 329 325
f 329 330 326
f 329 326 325
f 330 328 326
f 259 264 261
f 265 263 186
f 263 268 261
f 267 271 268
f 274 275 270
f 274 270 269
f 275 271 272
f 275 272 270
f 273 279 276
f 279 277 276
f 278 280 279
f 280 282 277
f 280 277 279
f 291 289 288
f 294 298 295
f 296 300 297
f 300 298 297
f 133 304 299
f 304 306 301
f 304 301 299
f 308 312 307
f 314 311 310
f 311 317 313
f 321 322 319
f 321 319 318
f 322 319 320
f 323 327 324
f 184 325 326
f 182 258 330
f 258 260 328
f 258 328 330
f 260 261 257
f 260 257 328
f 264 261 257
f 268 257 261
f 271 272 257
f 271 257 268
f 271 277 257
f 282 283 257
f 282 257 277
f 283 287 257
f 287 290 257
f 290 295 257
f 298 257 295
f 300 301 257
f 300 257 298
f 306 307 257
f 306 257 301
f 309 307 257
f 312 313 257
f 312 257 307
f 317 257 313
f 317 320 257
f 319 324 257
f 319 257 320
f 327 328 257
f 327 257 324
f 326 328 257
f 50 178 182
f 51 186 180
f 53 189 266
f 53 266 265
f 53 265 187
f 187 265 186
f 55 191 269
f 55 269 189
f 189 269 266
f 57 192 274
f 57 274 191
f 191 274 269
f 194 195 278
f 59 194 273
f 59 273 192
f 61 198 196
f 196 278 195
f 63 201 285
f 63 285 284
f 199 63 284
f 199 284 198
f 65 202 201
f 66 291 203
f 66 204 291
f 204 292 291
f 203 291 288
f 203 288 202
f 29 292 204
f 135 132 296
f 135 296 134
f 131 303 302
f 27 131 133
f 126 127 26
f 26 303 131
f 25 124 128
f 124 310 128
f 25 128 127
f 24 122 314
f 122 123 315
f 24 314 124
f 124 314 310
f 22 117 321
f 22 321 120
f 120 321 119
f 119 321 318
f 183 184 325
f 21 117 118
f 52 181 184
f 181 182 184
f 3 84 83
f 3 331 84
f 84 331 24
f 3 121 331
f 121 23 331
f 331 23 123
f 331 123 122
f 331 122 24
f 86 24 124
f 86 124 125
f 85 86 5
f 86 125 5
f 4 84 86
f 84 24 86
f 125 124 25
f 88 25 126
f 87 88 6
f 88 129 6
f 88 126 129
f 5 125 88
f 125 25 88
f 25 127 126
f 129 126 26
f 129 26 130
f 89 130 332
f 89 332 90
f 130 26 131
f 130 131 332
f 90 332 91
f 90 91 7
f 6 129 130
f 6 130 89
f 332 131 27
f 332 27 91
f 136 92 28
f 136 8 92
f 27 28 91
f 28 92 91
f 132 28 27
f 132 27 133
f 9 94 137
f 9 93 94
f 137 94 135
f 135 94 136
f 94 8 136
f 132 136 28
f 135 136 132
f 134 137 135
f 29 137 134
f 66 30 333
f 30 138 333
f 66 333 29
f 333 138 9
f 333 9 137
f 29 333 137
f 204 66 29
f 31 33 142
f 31 142 140
f 140 142 141
f 140 141 139
f 139 141 32
f 139 32 30
f 30 32 143
f 30 143 138
f 138 143 11
f 138 11 9
f 33 71 334
f 33 334 142
f 71 218 217
f 71 217 334
f 142 32 141
f 142 334 32
f 334 217 32
f 32 217 34
f 143 32 335
f 32 34 335
f 335 34 35
f 143 335 11
f 34 145 35
f 335 35 144
f 11 335 144
f 11 95 96
f 11 144 95
f 95 144 149
f 144 147 149
f 95 149 10
f 144 35 148
f 144 148 147
f 147 146 149
f 149 146 36
f 232 234 337
f 234 338 337
f 232 337 339
f 337 338 341
f 337 341 340
f 165 342 343
f 165 342 344
f 165 343 338
f 165 338 234
f 343 342 344
f 343 344 338
f 342 344 341
f 43 163 342
f 43 342 166
f 163 345 342
f 342 345 346
f 345 347 346
f 348 349 351
f 348 351 350
f 350 351 352
f 41 157 349
f 157 353 349
f 41 349 353
f 349 353 354
f 158 355 357
f 355 358 357
f 355 356 358
f 357 358 354
f 358 359 354
f 360 361 362
f 360 362 356
f 356 362 363
f 362 364 363
f 38 365 361
f 361 365 366
f 365 366 367
f 366 364 367
f 151 150 368
f 150 369 368
f 150 370 369
f 368 369 371
f 369 370 372
f 369 372 371
f 146 373 374
f 373 375 374
f 146 373 370
f 146 370 150
f 373 374 370
f 374 375 376
f 35 377 148
f 148 377 375
f 377 378 376
f 377 376 375
f 378 379 376
f 380 383 382
f 380 381 383
f 382 383 384
f 218 216 385
f 218 385 381
f 216 385 386
f 381 385 383
f 385 386 387
f 385 387 383
f 388 215 389
f 388 389 390
f 220 391 392
f 391 393 392
f 220 392 215
f 392 393 395
f 392 395 394
f 222 396 393
f 396 397 393
f 396 393 395
f 393 397 395
f 224 398 400
f 398 399 401
f 398 401 400
f 224 400 396
f 400 401 403
f 400 403 402
f 399 404 405
f 399 405 402
f 399 402 401
f 405 406 402
f 407 230 408
f 407 405 404
f 407 408 406
f 407 406 405
f 408 409 406
f 231 410 230
f 231 339 411
f 231 411 410
f 410 411 412
f 411 409 412
f 338 344 341
f 166 342 344
f 342 346 341
f 348 350 345
f 348 345 163
f 350 351 347
f 350 347 345
f 349 353 351
f 353 354 352
f 353 352 351
f 357 353 157
f 357 354 353
f 356 363 359
f 356 359 358
f 361 366 362
f 366 364 362
f 368 369 366
f 368 366 365
f 369 371 364
f 369 364 366
f 370 374 372
f 148 375 373
f 380 382 378
f 380 378 377
f 382 384 379
f 382 379 378
f 383 387 384
f 388 389 386
f 388 386 385
f 389 390 387
f 389 387 386
f 215 392 389
f 392 394 390
f 392 390 389
f 222 393 391
f 396 400 397
f 400 402 395
f 400 395 397
f 401 402 403
f 230 410 408
f 410 412 409
f 410 409 408
f 339 337 411
f 337 340 409
f 337 409 411
f 340 341 336
f 340 336 409
f 344 341 336
f 346 347 336
f 346 336 341
f 351 352 336
f 351 336 347
f 354 336 352
f 354 359 336
f 363 364 336
f 363 336 359
f 367 364 336
f 371 372 336
f 371 336 364
f 374 376 336
f 374 336 372
f 376 379 336
f 384 336 379
f 387 336 384
f 390 336 387
f 394 395 336
f 394 336 390
f 402 403 336
f 402 336 395
f 402 406 336
f 406 409 336
f 412 409 336
f 232 339 231
f 44 164 165
f 44 165 235
f 235 165 234
f 43 162 163
f 166 342 165
f 42 159 348
f 159 160 348
f 160 349 348
f 42 348 163
f 41 349 160
f 40 156 355
f 40 355 158
f 156 356 355
f 158 357 157
f 39 361 360
f 39 152 361
f 39 360 156
f 156 360 356
f 38 151 365
f 152 38 361
f 37 150 151
f 151 368 365
f 147 373 146
f 147 148 373
f 35 145 377
f 34 217 380
f 217 218 381
f 217 381 380
f 34 380 145
f 145 380 377
f 71 216 218
f 214 388 69
f 214 215 388
f 69 388 385
f 69 385 216
f 220 221 391
f 70 220 215
f 72 396 222
f 72 224 396
f 222 391 221
f 74 225 398
f 74 398 224
f 225 399 398
f 226 227 399
f 227 404 399
f 226 399 225
f 78 229 407
f 229 230 407
f 78 407 404
f 78 404 227
f 80 231 230
f 10 149 98
f 149 36 98
f 98 36 97
f 36 37 97
f 36 146 150
f 36 150 37
f 38 153 413
f 38 413 151
f 153 100 413
f 100 99 413
f 413 99 12
f 413 12 97
f 154 13 100
f 154 100 153
f 151 413 97
f 151 97 37
f 39 102 152
f 152 102 154
f 102 13 154
f 102 101 13
f 39 155 102
f 155 14 102
f 152 154 153
f 152 153 38
f 40 103 156
f 156 103 155
f 155 103 14
f 103 104 14
f 40 107 103
f 107 15 103
f 156 155 39
f 414 105 107
f 105 106 107
f 414 107 40
f 41 161 414
f 161 105 414
f 158 414 40
f 157 414 158
f 41 414 157
f 159 17 108
f 159 108 161
f 161 108 105
f 108 16 105
f 42 109 17
f 42 17 159
f 160 161 41
f 160 159 161
f 43 415 162
f 167 18 111
f 167 111 415
f 162 415 109
f 162 109 42
f 415 111 109
f 111 110 109
f 43 167 415
f 163 162 42
f 44 45 168
f 44 168 164
f 164 168 43
f 43 168 167
f 165 164 43
f 165 43 166
f 233 46 81
f 81 46 170
f 81 170 235
f 235 170 44
f 170 45 44
f 170 169 45
f 234 81 235
f 232 81 234
f 46 48 176
f 46 176 170
f 170 176 175
f 170 175 169
f 169 175 20
f 169 20 45
f 47 49 174
f 47 174 171
f 171 174 173
f 171 173 172
f 172 173 48
f 172 48 46
f 173 177 48
f 174 51 180
f 174 180 416
f 174 416 173
f 173 416 177
f 49 51 174
f 416 180 179
f 416 179 178
f 416 178 177
f 177 178 50
f 177 50 48
f 48 50 176
f 176 50 181
f 176 181 52
f 175 176 20
f 176 52 20
f 50 182 181
f 51 253 254
f 51 254 187
f 187 254 188
f 51 49 253
f 254 255 54
f 254 54 188
f 53 187 188
f 186 51 187
f 188 417 189
f 188 54 252
f 188 252 417
f 417 252 56
f 417 56 190
f 189 417 190
f 189 190 55
f 53 188 189
f 190 56 251
f 190 418 191
f 190 251 418
f 418 251 58
f 191 418 58
f 191 58 57
f 55 190 191
f 60 59 419
f 60 419 249
f 419 59 57
f 419 57 249
f 249 57 58
f 193 59 60
f 59 192 57
f 193 60 247
f 60 248 247
f 193 247 195
f 195 247 197
f 247 246 197
f 197 246 62
f 196 197 61
f 195 197 196
f 194 193 195
f 59 193 194
f 61 62 208
f 61 208 199
f 199 208 200
f 208 64 200
f 208 207 64
f 197 62 61
f 199 200 63
f 198 61 199
f 420 206 205
f 420 205 421
f 63 200 420
f 200 64 206
f 200 206 420
f 421 205 31
f 421 31 65
f 201 421 65
f 63 420 421
f 63 421 201
f 65 31 422
f 31 140 422
f 202 65 422
f 202 422 203
f 422 140 30
f 140 139 30
f 203 422 30
f 203 30 66
f 62 68 210
f 62 210 208
f 208 210 209
f 208 209 207
f 207 209 67
f 207 67 64
f 206 212 211
f 206 211 205
f 64 67 212
f 64 212 206
f 205 211 33
f 205 33 31
f 68 70 210
f 70 214 210
f 210 214 213
f 209 210 67
f 210 213 67
f 68 219 70
f 70 215 214
f 213 214 69
f 212 423 424
f 212 424 211
f 67 213 423
f 67 423 212
f 213 69 423
f 423 69 216
f 423 216 424
f 424 216 71
f 211 424 71
f 211 71 33
f 243 73 244
f 73 223 244
f 244 223 221
f 244 221 219
f 244 219 245
f 245 219 68
f 223 72 222
f 223 222 221
f 221 220 219
f 219 220 70
f 72 73 425
f 425 73 242
f 72 425 74
f 425 242 74
f 74 242 75
f 223 73 72
f 224 72 74
f 77 76 240
f 240 76 426
f 76 225 426
f 240 426 75
f 426 225 75
f 75 225 74
f 76 226 225
f 228 227 427
f 79 228 427
f 79 427 239
f 239 427 76
f 239 76 77
f 228 78 227
f 427 227 226
f 427 226 76
f 238 80 237
f 80 229 237
f 237 229 228
f 47 80 238
f 80 230 229
f 229 78 228
f 237 228 79
f 236 237 79
f 80 171 428
f 428 171 172
f 428 172 233
f 80 47 171
f 233 172 46
f 232 233 81
f 232 428 233
f 231 428 232
f 231 80 428
f 253 238 237
f 253 237 254
f 254 237 236
f 254 236 255
f 49 47 238
f 49 238 253
f 255 236 79
f 255 79 54
f 54 79 239
f 54 239 252
f 252 239 77
f 252 77 56
f 56 77 240
f 56 240 251
f 251 240 75
f 251 75 58
f 73 60 250
f 73 250 241
f 241 250 249
f 241 249 242
f 242 249 58
f 242 58 75
f 73 241 242
f 248 243 244
f 248 244 247
f 247 244 245
f 247 245 246
f 246 245 68
f 246 68 62
f 60 73 243
f 60 243 248
f 250 60 249
f 435 519 568
f 436 438 521
f 436 521 520
f 520 521 437
f 520 437 435
f 435 437 523
f 435 523 519
f 519 523 522
f 519 522 518
f 518 522 439
f 518 439 434
f 437 630 523
f 441 432 515
f 441 515 526
f 526 515 433
f 526 433 440
f 525 516 517
f 525 517 524
f 524 517 434
f 524 434 439
f 440 433 516
f 440 516 525
f 442 431 514
f 442 514 527
f 527 514 513
f 527 513 528
f 528 513 432
f 528 432 441
f 529 510 511
f 529 511 530
f 530 511 512
f 530 512 531
f 443 429 510
f 443 510 529
f 531 512 431
f 531 431 442
f 445 446 536
f 445 536 534
f 534 536 535
f 534 535 533
f 533 535 430
f 533 430 444
f 444 430 509
f 444 509 532
f 532 509 429
f 532 429 443
f 446 445 542
f 446 542 538
f 538 542 541
f 538 541 537
f 537 541 449
f 537 449 447
f 447 449 540
f 447 540 539
f 539 540 450
f 539 450 448
f 546 620 621
f 546 621 545
f 545 621 622
f 545 622 544
f 452 454 620
f 452 620 546
f 544 622 453
f 544 453 451
f 448 450 543
f 448 543 623
f 623 543 451
f 623 451 453
f 619 549 548
f 619 548 618
f 618 548 547
f 618 547 617
f 454 452 549
f 454 549 619
f 617 547 455
f 617 455 456
f 456 455 550
f 456 550 616
f 616 550 457
f 616 457 483
f 614 552 553
f 614 553 613
f 460 458 552
f 460 552 614
f 613 553 459
f 613 459 461
f 483 457 551
f 483 551 615
f 615 551 458
f 615 458 460
f 461 459 555
f 461 555 612
f 612 555 554
f 612 554 605
f 605 554 462
f 605 462 463
f 463 462 557
f 463 557 567
f 567 557 556
f 567 556 566
f 566 556 464
f 566 464 467
f 466 465 560
f 466 560 565
f 565 560 561
f 565 561 564
f 564 561 438
f 564 438 436
f 467 464 558
f 467 558 563
f 563 558 559
f 563 559 562
f 562 559 465
f 562 465 466
f 569 436 520
f 569 520 668
f 668 520 435
f 468 564 436
f 468 436 569
f 668 435 568
f 469 668 568
f 570 569 668
f 570 668 469
f 609 466 565
f 609 565 564
f 609 564 468
f 488 466 609
f 610 609 468
f 610 468 611
f 571 568 573
f 568 519 573
f 573 519 434
f 519 518 434
f 572 573 470
f 572 571 573
f 469 568 571
f 670 671 672
f 671 673 672
f 672 673 674
f 476 675 584
f 675 677 676
f 584 675 676
f 675 676 678
f 676 677 678
f 587 588 679
f 587 679 680
f 588 679 681
f 587 680 677
f 680 679 681
f 680 681 677
f 679 681 682
f 590 683 679
f 590 679 588
f 683 684 679
f 683 684 685
f 479 593 686
f 479 686 591
f 593 687 686
f 591 686 687
f 686 687 685
f 687 688 685
f 480 594 689
f 594 690 689
f 480 689 593
f 689 690 688
f 690 691 688
f 597 694 693
f 597 692 694
f 693 694 695
f 694 696 695
f 598 599 692
f 599 697 698
f 599 698 692
f 692 698 696
f 692 696 694
f 600 699 701
f 699 700 701
f 699 701 702
f 485 603 700
f 603 704 700
f 603 703 705
f 603 705 704
f 700 704 706
f 704 705 707
f 704 707 706
f 708 709 705
f 710 711 712
f 710 712 713
f 712 714 713
f 610 716 608
f 610 715 717
f 610 717 716
f 608 716 718
f 608 718 711
f 716 717 719
f 716 719 718
f 611 570 715
f 570 720 715
f 720 721 715
f 715 721 719
f 715 719 717
f 469 722 721
f 469 721 720
f 722 723 724
f 722 724 721
f 470 574 725
f 470 725 572
f 574 725 726
f 572 725 723
f 725 726 727
f 725 727 723
f 726 728 727
f 576 729 731
f 729 730 731
f 729 731 728
f 729 728 726
f 731 732 728
f 577 733 730
f 733 734 730
f 730 734 735
f 734 732 735
f 473 736 737
f 736 580 737
f 737 739 738
f 581 741 580
f 581 740 742
f 581 742 741
f 740 672 742
f 742 672 743
f 584 676 673
f 584 673 671
f 676 678 674
f 676 674 673
f 680 677 675
f 677 681 678
f 679 684 682
f 686 687 684
f 686 684 683
f 687 685 684
f 593 689 687
f 689 688 687
f 693 690 594
f 693 695 691
f 693 691 690
f 699 701 698
f 699 698 697
f 701 702 696
f 701 696 698
f 700 704 701
f 704 706 702
f 704 702 701
f 708 705 703
f 710 712 705
f 710 705 709
f 712 713 707
f 712 707 705
f 711 718 712
f 718 714 712
f 611 715 717
f 721 724 719
f 572 723 722
f 723 727 724
f 729 726 574
f 577 730 731
f 730 735 732
f 730 732 731
f 736 737 734
f 736 734 733
f 737 738 732
f 737 732 734
f 580 741 737
f 741 742 739
f 741 739 737
f 670 672 740
f 672 673 743
f 673 674 669
f 673 669 743
f 678 669 674
f 681 682 669
f 681 669 678
f 684 685 669
f 684 669 682
f 685 688 669
f 688 691 669
f 695 696 669
f 695 669 691
f 702 669 696
f 706 707 669
f 706 669 702
f 705 707 669
f 713 714 669
f 713 669 707
f 718 719 669
f 718 669 714
f 717 719 669
f 724 669 719
f 727 728 669
f 727 669 724
f 728 732 669
f 735 732 669
f 738 739 669
f 738 669 732
f 742 743 669
f 742 669 739
f 475 583 670
f 583 671 670
f 583 584 671
f 475 670 582
f 582 670 740
f 476 586 675
f 587 680 586
f 586 680 675
f 590 591 683
f 478 590 589
f 589 590 588
f 591 686 683
f 481 596 597
f 597 596 692
f 481 597 595
f 595 597 693
f 595 693 594
f 598 692 596
f 600 601 699
f 601 700 699
f 600 699 599
f 599 699 697
f 603 604 703
f 485 700 601
f 486 606 708
f 486 708 604
f 606 709 708
f 604 708 703
f 487 711 710
f 487 608 711
f 487 710 607
f 607 710 606
f 606 710 709
f 488 609 610
f 488 610 608
f 468 569 611
f 569 570 611
f 611 715 610
f 469 571 722
f 571 572 722
f 469 720 570
f 576 730 729
f 471 576 729
f 471 729 574
f 472 578 733
f 472 733 577
f 577 730 576
f 473 580 736
f 473 736 578
f 578 736 733
f 581 582 740
f 474 581 580
f 575 471 516
f 516 471 744
f 516 434 517
f 516 744 434
f 744 470 434
f 433 575 516
f 471 574 744
f 744 574 470
f 434 470 573
f 432 745 515
f 432 472 745
f 515 745 433
f 433 745 575
f 472 577 745
f 745 577 576
f 745 576 471
f 745 471 575
f 431 579 746
f 431 746 514
f 579 473 578
f 579 578 746
f 514 432 513
f 514 746 432
f 746 578 472
f 746 472 432
f 510 474 747
f 510 747 511
f 511 747 473
f 511 473 579
f 474 580 747
f 747 580 473
f 511 579 431
f 512 511 431
f 509 475 582
f 509 582 748
f 509 748 429
f 430 535 509
f 535 475 509
f 582 581 748
f 748 581 474
f 748 474 510
f 429 748 510
f 446 535 536
f 446 749 535
f 749 583 535
f 535 583 475
f 446 585 749
f 585 476 749
f 749 476 584
f 749 584 583
f 476 585 586
f 586 585 750
f 585 538 750
f 750 538 537
f 750 537 447
f 750 447 477
f 587 750 477
f 586 750 587
f 477 447 589
f 589 447 539
f 589 539 448
f 589 448 478
f 587 477 589
f 587 589 588
f 478 448 623
f 478 623 751
f 751 623 453
f 751 453 592
f 591 751 592
f 591 592 479
f 590 751 591
f 590 478 751
f 620 454 621
f 454 752 621
f 752 479 621
f 621 479 592
f 454 480 752
f 752 480 593
f 752 593 479
f 621 592 453
f 622 621 453
f 753 454 618
f 454 619 618
f 753 618 595
f 595 618 481
f 618 617 481
f 480 454 753
f 481 617 456
f 594 753 595
f 480 753 594
f 596 481 624
f 481 456 624
f 596 624 598
f 598 624 482
f 624 483 482
f 624 616 483
f 482 483 615
f 482 615 754
f 754 460 484
f 754 615 460
f 599 754 484
f 599 484 600
f 598 482 754
f 598 754 599
f 601 755 602
f 755 614 613
f 755 613 602
f 601 602 485
f 484 460 755
f 460 614 755
f 600 755 601
f 600 484 755
f 485 461 756
f 756 461 612
f 756 612 605
f 604 756 605
f 604 605 486
f 485 602 461
f 603 756 604
f 485 756 603
f 486 463 567
f 486 567 606
f 606 567 607
f 607 567 467
f 567 566 467
f 605 463 486
f 487 467 757
f 757 467 562
f 467 563 562
f 487 757 488
f 488 757 466
f 757 562 466
f 607 467 487
f 608 487 488
f 602 613 461
f 456 616 624
f 585 446 538
f 464 508 758
f 558 464 559
f 464 758 559
f 758 508 489
f 559 758 465
f 758 489 465
f 464 665 508
f 508 667 489
f 465 560 627
f 560 627 490
f 560 490 561
f 465 489 560
f 489 627 560
f 627 626 625
f 627 625 490
f 438 629 759
f 438 759 521
f 521 759 437
f 561 490 629
f 561 629 438
f 629 628 491
f 629 491 759
f 759 491 630
f 437 759 630
f 761 764 763
f 761 762 764
f 763 764 765
f 764 766 765
f 639 640 767
f 640 768 767
f 639 767 769
f 639 769 762
f 767 768 770
f 767 770 769
f 771 772 773
f 771 773 768
f 771 768 774
f 768 773 775
f 768 775 774
f 494 635 776
f 494 776 772
f 635 776 777
f 772 776 773
f 776 778 773
f 776 777 775
f 776 775 778
f 779 633 780
f 636 779 777
f 779 780 781
f 779 781 777
f 492 631 783
f 492 783 633
f 631 784 783
f 631 782 784
f 633 783 780
f 783 784 785
f 783 785 780
f 784 786 785
f 491 787 788
f 491 788 782
f 782 788 786
f 782 786 784
f 788 789 786
f 625 790 628
f 625 790 791
f 628 790 787
f 790 791 789
f 626 667 793
f 667 792 794
f 667 794 793
f 792 795 794
f 794 795 796
f 797 798 799
f 797 795 792
f 797 798 800
f 797 800 795
f 798 799 801
f 798 801 800
f 802 803 799
f 506 804 664
f 804 806 805
f 664 804 805
f 804 805 807
f 805 806 808
f 805 808 807
f 659 809 806
f 809 810 811
f 809 811 806
f 809 806 808
f 806 811 812
f 806 812 808
f 656 813 660
f 660 813 811
f 660 811 810
f 813 814 812
f 813 812 811
f 815 655 816
f 658 815 814
f 815 817 814
f 815 816 818
f 815 818 817
f 502 819 655
f 502 653 819
f 653 820 819
f 655 819 816
f 819 821 816
f 819 820 821
f 501 650 822
f 501 822 653
f 650 822 820
f 822 823 824
f 822 824 820
f 653 822 820
f 822 820 825
f 820 824 825
f 651 649 826
f 651 826 823
f 649 826 827
f 823 826 824
f 826 827 828
f 826 828 824
f 646 829 831
f 829 830 831
f 646 829 826
f 646 826 649
f 829 831 827
f 829 827 826
f 831 832 827
f 498 643 830
f 643 833 830
f 643 763 765
f 643 765 833
f 830 833 832
f 833 765 834
f 833 834 832
f 762 769 764
f 769 766 764
f 771 768 640
f 768 774 770
f 773 778 775
f 779 777 776
f 777 781 775
f 780 785 781
f 787 790 788
f 790 789 788
f 626 793 791
f 626 791 790
f 793 794 789
f 793 789 791
f 795 800 796
f 802 799 798
f 664 805 799
f 664 799 803
f 805 807 801
f 805 801 799
f 809 806 804
f 658 814 813
f 814 817 812
f 816 821 818
f 820 825 821
f 823 824 825
f 830 833 831
f 833 832 831
f 764 765 834
f 765 766 760
f 765 760 834
f 769 770 760
f 769 760 766
f 774 775 760
f 774 760 770
f 778 775 760
f 781 760 775
f 785 786 760
f 785 760 781
f 786 789 760
f 791 789 760
f 794 796 760
f 794 760 789
f 800 801 760
f 800 760 796
f 799 801 760
f 807 808 760
f 807 760 801
f 808 812 760
f 817 818 760
f 817 760 812
f 821 760 818
f 825 760 821
f 824 828 760
f 824 760 825
f 827 832 760
f 827 760 828
f 832 834 760
f 497 761 644
f 497 642 761
f 642 762 761
f 644 761 763
f 644 763 643
f 496 639 640
f 639 762 642
f 495 638 771
f 638 772 771
f 495 771 640
f 635 636 776
f 494 772 638
f 493 779 636
f 493 633 779
f 636 779 776
f 491 628 787
f 491 782 632
f 632 782 631
f 490 625 629
f 625 626 790
f 629 625 628
f 489 626 627
f 489 667 626
f 508 665 797
f 665 666 797
f 666 798 797
f 508 797 792
f 508 792 667
f 507 663 802
f 663 803 802
f 507 802 666
f 666 802 798
f 506 661 804
f 664 803 663
f 659 660 809
f 660 810 809
f 659 809 661
f 661 809 804
f 656 657 813
f 503 654 658
f 654 815 658
f 654 655 815
f 503 658 657
f 658 813 657
f 650 823 822
f 500 648 651
f 648 649 651
f 651 823 650
f 646 647 829
f 647 830 829
f 498 830 647
f 630 634 523
f 630 632 634
f 523 439 522
f 523 634 439
f 630 491 632
f 632 631 634
f 634 631 492
f 493 637 525
f 493 525 835
f 835 525 439
f 525 524 439
f 492 835 439
f 637 440 525
f 492 439 634
f 633 835 492
f 633 493 835
f 494 441 526
f 494 526 836
f 526 440 836
f 836 440 637
f 636 836 637
f 636 637 493
f 635 836 636
f 494 836 635
f 495 641 837
f 495 837 638
f 641 442 527
f 641 527 837
f 837 527 528
f 837 528 441
f 638 837 441
f 638 441 494
f 496 529 530
f 496 530 838
f 838 530 641
f 838 641 495
f 530 531 442
f 530 442 641
f 640 838 495
f 639 496 838
f 639 838 640
f 642 497 839
f 497 532 839
f 532 443 839
f 497 533 532
f 533 444 532
f 839 443 529
f 839 529 496
f 639 839 496
f 639 642 839
f 498 445 840
f 840 445 533
f 445 534 533
f 644 840 533
f 644 533 497
f 498 645 445
f 643 840 644
f 498 840 643
f 645 498 647
f 645 841 542
f 645 647 841
f 542 841 541
f 841 647 646
f 841 646 499
f 541 841 499
f 541 499 449
f 445 645 542
f 449 499 648
f 449 648 540
f 540 648 500
f 540 500 450
f 499 646 649
f 499 649 648
f 450 500 842
f 450 842 543
f 543 652 451
f 543 842 652
f 500 651 842
f 842 651 650
f 842 650 501
f 842 501 652
f 843 452 545
f 452 546 545
f 843 545 501
f 501 545 652
f 502 452 843
f 545 544 451
f 545 451 652
f 653 843 501
f 502 843 653
f 549 452 548
f 452 844 548
f 548 844 654
f 548 654 503
f 548 503 547
f 452 502 844
f 844 502 655
f 844 655 654
f 547 503 455
f 455 503 845
f 503 657 845
f 845 657 504
f 550 845 457
f 845 504 457
f 657 656 504
f 455 845 550
f 457 504 846
f 457 846 551
f 551 846 458
f 846 505 458
f 504 656 660
f 504 660 846
f 846 660 659
f 846 659 505
f 552 505 847
f 552 847 662
f 552 662 553
f 847 661 662
f 662 661 506
f 458 505 552
f 505 659 847
f 847 659 661
f 553 662 459
f 459 506 848
f 459 848 555
f 555 848 554
f 848 663 554
f 554 663 507
f 662 506 459
f 848 506 664
f 848 664 663
f 462 507 557
f 557 507 666
f 557 666 665
f 556 557 464
f 557 665 464
f 554 507 462
f 887 850 888
f 850 963 888
f 888 849 889
f 888 963 849
f 891 886 851
f 853 936 897
f 897 901 853
f 965 857 904
f 862 910 962
f 922 885 960
f 922 960 966
f 922 966 921
f 966 960 923
f 867 959 885
f 867 885 922
f 885 961 960
f 960 868 923
f 921 966 923
f 921 923 859
f 859 923 967
f 859 967 907
f 907 967 924
f 907 924 858
f 923 868 925
f 923 925 967
f 967 925 869
f 967 869 924
f 924 927 968
f 906 968 905
f 968 870 905
f 968 927 870
f 858 924 968
f 858 968 906
f 924 869 927
f 927 926 870
f 905 870 857
f 879 970 971
f 879 970 972
f 970 973 972
f 971 970 972
f 970 972 974
f 972 973 975
f 972 975 974
f 976 944 978
f 976 978 977
f 977 978 973
f 978 979 973
f 980 981 983
f 980 983 982
f 980 982 978
f 980 978 944
f 982 984 978
f 982 983 985
f 982 985 984
f 876 939 981
f 876 981 941
f 939 987 981
f 939 986 987
f 941 981 987
f 981 987 985
f 987 988 985
f 989 990 991
f 989 991 988
f 989 988 986
f 991 992 988
f 938 964 993
f 964 994 993
f 938 993 990
f 993 994 996
f 993 996 995
f 997 998 994
f 998 999 994
f 997 994 1000
f 994 999 1001
f 994 1001 1000
f 1003 1004 1005
f 1002 1003 999
f 1002 999 998
f 1003 1006 999
f 1003 1005 1001
f 1003 1001 1006
f 928 1007 1008
f 928 1008 1004
f 1007 1009 1008
f 1004 1008 1010
f 1008 1009 1010
f 930 926 1011
f 926 1012 1011
f 930 1011 1007
f 1011 1012 1013
f 1014 1015 1016
f 1014 1016 1017
f 1014 1017 1012
f 1018 961 1019
f 1018 1016 1015
f 1018 1019 1020
f 1018 1020 1016
f 956 1021 1022
f 1021 1023 1022
f 956 1022 961
f 1022 1023 1024
f 1025 1027 1026
f 958 1025 1026
f 1025 1026 1024
f 1026 1027 1028
f 1026 1028 1024
f 1029 1030 1032
f 1029 1032 1031
f 1031 1032 1033
f 1032 1028 1033
f 1034 1035 1036
f 1034 1036 1030
f 1034 1036 1037
f 1036 1038 1037
f 948 1040 1035
f 948 1039 1041
f 948 1041 1040
f 1040 1041 1043
f 1040 1043 1042
f 1044 1045 974
f 1044 974 1041
f 976 977 973
f 976 973 970
f 977 973 975
f 978 984 979
f 981 987 983
f 987 985 983
f 986 988 987
f 990 993 991
f 993 995 992
f 993 992 991
f 997 994 964
f 994 1000 996
f 999 1006 1001
f 1004 1008 1005
f 1008 1010 1001
f 1008 1001 1005
f 1007 1011 1009
f 1011 1013 1010
f 1011 1010 1009
f 1014 1012 926
f 1012 1017 1013
f 1016 1020 1017
f 961 1022 1019
f 1022 1023 1020
f 1022 1020 1019
f 958 1026 1023
f 958 1023 1021
f 1026 1024 1023
f 1029 1031 1027
f 1029 1027 1025
f 1031 1033 1028
f 1031 1028 1027
f 1030 1036 1032
f 1036 1037 1028
f 1036 1028 1032
f 1035 1040 1036
f 1040 1042 1038
f 1040 1038 1036
f 1044 1041 1039
f 1041 974 1043
f 971 972 1045
f 972 974 1045
f 974 975 969
f 973 979 969
f 973 969 975
f 984 985 969
f 984 969 979
f 985 988 969
f 988 992 969
f 995 996 969
f 995 969 992
f 1000 1001 969
f 1000 969 996
f 1006 1001 969
f 1010 969 1001
f 1013 969 1010
f 1017 969 1013
f 1020 969 1017
f 1023 1024 969
f 1023 969 1020
f 1024 1028 969
f 1033 1028 969
f 1037 1038 969
f 1037 969 1028
f 1042 1043 969
f 1042 969 1038
f 974 969 1043
f 879 945 970
f 879 971 946
f 946 971 1045
f 878 943 944
f 878 944 976
f 878 976 945
f 945 976 970
f 877 941 980
f 941 981 980
f 877 980 944
f 877 944 943
f 939 940 986
f 875 937 989
f 875 989 940
f 937 990 989
f 940 989 986
f 874 934 964
f 874 964 938
f 938 990 937
f 873 933 997
f 933 998 997
f 873 997 964
f 873 964 934
f 872 932 1002
f 932 1003 1002
f 932 1004 1003
f 872 1002 998
f 872 998 933
f 928 929 1007
f 871 928 1004
f 871 1004 932
f 870 926 930
f 930 1007 929
f 869 925 1015
f 869 1015 1014
f 869 1014 927
f 927 1014 926
f 868 960 1018
f 960 961 1018
f 868 1018 1015
f 868 1015 925
f 956 957 1021
f 885 956 961
f 884 1025 958
f 884 953 1025
f 958 1021 957
f 883 1030 1029
f 883 952 1030
f 883 1029 954
f 954 1029 953
f 953 1029 1025
f 882 950 1035
f 882 1035 1034
f 882 1034 952
f 952 1034 1030
f 948 949 1039
f 881 948 1035
f 881 1035 950
f 880 946 1044
f 946 1045 1044
f 880 1044 949
f 949 1044 1039
f 965 929 904
f 904 929 931
f 904 931 856
f 857 870 965
f 870 930 965
f 965 930 929
f 929 928 931
f 931 928 871
f 856 871 902
f 902 871 932
f 902 1046 903
f 902 932 1046
f 903 1046 855
f 856 931 871
f 1046 932 872
f 1046 872 855
f 935 1047 933
f 935 898 1047
f 1047 898 899
f 933 1047 900
f 933 900 872
f 1047 899 900
f 935 854 898
f 872 900 855
f 873 935 933
f 874 853 936
f 874 936 934
f 934 936 935
f 934 935 873
f 936 854 935
f 936 897 854
f 875 896 937
f 937 896 1048
f 1048 896 894
f 896 895 894
f 1048 894 874
f 875 852 896
f 874 894 853
f 938 1048 874
f 937 1048 938
f 876 886 1049
f 1049 886 892
f 886 893 892
f 1049 892 940
f 940 892 875
f 942 886 876
f 892 852 875
f 939 1049 940
f 876 1049 939
f 877 849 1050
f 849 890 1050
f 1050 890 942
f 890 891 942
f 942 891 886
f 941 1050 942
f 941 942 876
f 877 1050 941
f 878 850 963
f 878 963 943
f 943 963 849
f 943 849 877
f 947 861 908
f 861 860 908
f 947 908 1051
f 1051 908 909
f 1051 909 878
f 878 909 850
f 945 1051 878
f 945 947 1051
f 879 947 945
f 880 962 946
f 946 962 1052
f 962 910 1052
f 1052 910 861
f 880 911 962
f 911 862 962
f 1052 861 947
f 879 1052 947
f 946 1052 879
f 911 880 949
f 911 949 1053
f 911 913 912
f 911 1053 913
f 913 1053 863
f 1053 881 863
f 1053 949 948
f 1053 948 881
f 915 863 914
f 863 1054 914
f 863 881 950
f 863 950 1054
f 914 1054 864
f 1054 951 864
f 1054 950 951
f 950 882 951
f 917 1055 1056
f 917 1056 916
f 1055 952 883
f 1055 883 1056
f 916 1056 865
f 864 951 1055
f 864 1055 917
f 951 882 952
f 951 952 1055
f 1056 883 865
f 866 918 1057
f 884 1057 954
f 954 1057 865
f 1057 918 865
f 955 1057 884
f 955 866 1057
f 954 865 883
f 953 884 954
f 866 920 919
f 866 955 920
f 920 955 957
f 920 957 959
f 920 959 867
f 955 884 958
f 955 958 957
f 957 956 959
f 959 956 885
f 850 878 943
f 850 943 963
f 963 943 877
f 963 877 849
f 989 986 991
f 986 988 991
f 930 928 1007
f 1050 941 876
f 1050 876 942
f 892 875 896
f 892 896 852
f 853 874 934
f 853 934 936
f 936 934 873
f 936 873 935
f 1047 933 872
f 1047 872 900
f 930 929 928
f 905 857 965
f 870 905 965
f 923 859 907
f 923 907 967
f 967 907 858
f 967 858 924
f 925 967 924
f 925 924 869
f 868 923 967
f 868 967 925
f 885 966 960
f 885 922 966
f 959 867 922
f 959 922 885
f 966 921 859
f 966 859 923
f 1055 917 916
f 1055 916 1056
f 952 1055 1056
f 952 1056 883
f 951 864 917
f 951 917 1055
f 882 951 1055
f 882 1055 952
f 881 863 1054
f 881 1054 950
f 880 911 1053
f 880 1053 949
f 1061 1063 1141
f 1061 1141 1137
f 1137 1141 1140
f 1137 1140 1138
f 1138 1140 1139
f 1138 1139 1107
f 1107 1139 1062
f 1107 1062 1060
f 1142 1135 1136
f 1142 1136 1143
f 1143 1136 1060
f 1143 1060 1062
f 1064 1058 1135
f 1064 1135 1142
f 1058 1064 1144
f 1058 1144 1134
f 1134 1144 1145
f 1134 1145 1133
f 1133 1145 1065
f 1133 1065 1059
f 1191 1146 1147
f 1191 1147 1192
f 1192 1147 1148
f 1192 1148 1193
f 1059 1065 1146
f 1059 1146 1191
f 1193 1148 1066
f 1193 1066 1067
f 1067 1066 1150
f 1067 1150 1189
f 1189 1150 1149
f 1189 1149 1190
f 1190 1149 1068
f 1190 1068 1069
f 1188 1153 1152
f 1188 1152 1187
f 1187 1152 1151
f 1187 1151 1186
f 1069 1068 1153
f 1069 1153 1188
f 1186 1151 1070
f 1186 1070 1086
f 1182 1155 1156
f 1182 1156 1183
f 1183 1156 1157
f 1183 1157 1184
f 1073 1071 1155
f 1073 1155 1182
f 1184 1157 1072
f 1184 1072 1074
f 1071 1073 1185
f 1071 1185 1154
f 1154 1185 1086
f 1154 1086 1070
f 1074 1072 1159
f 1074 1159 1180
f 1180 1159 1158
f 1180 1158 1181
f 1181 1158 1075
f 1181 1075 1076
f 1160 1177 1178
f 1160 1178 1161
f 1161 1178 1179
f 1161 1179 1162
f 1077 1085 1177
f 1077 1177 1160
f 1162 1179 1076
f 1162 1076 1075
f 1174 1165 1166
f 1174 1166 1173
f 1173 1166 1167
f 1173 1167 1172
f 1172 1167 1079
f 1172 1079 1082
f 1080 1078 1165
f 1080 1165 1174
f 1078 1080 1175
f 1078 1175 1164
f 1164 1175 1176
f 1164 1176 1163
f 1163 1176 1085
f 1163 1085 1077
f 1129 1084 1171
f 1129 1171 1168
f 1168 1171 1170
f 1168 1170 1169
f 1169 1170 1082
f 1169 1082 1079
f 1081 1083 1084
f 1081 1084 1129
f 1286 1172 1082
f 1173 1172 1286
f 1183 1184 1074
f 1087 1189 1195
f 1195 1189 1287
f 1189 1190 1287
f 1287 1190 1069
f 1087 1193 1189
f 1193 1067 1189
f 1287 1069 1194
f 1088 1287 1194
f 1196 1287 1088
f 1195 1287 1196
f 1109 1059 1288
f 1059 1191 1288
f 1288 1191 1193
f 1191 1192 1193
f 1229 1288 1193
f 1229 1193 1087
f 1228 1288 1229
f 1109 1288 1228
f 1194 1069 1187
f 1069 1188 1187
f 1194 1187 1289
f 1289 1187 1186
f 1289 1086 1089
f 1289 1186 1086
f 1198 1289 1089
f 1197 1289 1198
f 1088 1194 1289
f 1088 1289 1197
f 1291 1292 1293
f 1291 1295 1294
f 1291 1292 1296
f 1291 1296 1295
f 1292 1293 1296
f 1088 1196 1297
f 1196 1297 1293
f 1297 1298 1293
f 1297 1293 1296
f 1293 1298 1299
f 1293 1299 1296
f 1198 1199 1300
f 1198 1300 1301
f 1199 1300 1302
f 1301 1300 1298
f 1300 1302 1303
f 1300 1303 1298
f 1304 1305 1306
f 1200 1304 1300
f 1200 1300 1199
f 1304 1306 1300
f 1304 1306 1307
f 1091 1308 1305
f 1308 1310 1305
f 1308 1309 1310
f 1305 1310 1311
f 1312 1313 1314
f 1313 1315 1314
f 1312 1314 1311
f 1314 1315 1316
f 1314 1316 1311
f 1204 1317 1319
f 1317 1318 1320
f 1317 1320 1319
f 1319 1320 1321
f 1319 1321 1315
f 1094 1322 1318
f 1322 1323 1318
f 1318 1323 1324
f 1318 1324 1320
f 1323 1325 1324
f 1326 1327 1328
f 1327 1329 1328
f 1328 1329 1331
f 1328 1331 1330
f 1332 1333 1334
f 1332 1334 1327
f 1333 1335 1334
f 1327 1334 1331
f 1334 1335 1331
f 1212 1336 1337
f 1336 1338 1337
f 1212 1337 1333
f 1337 1338 1339
f 1215 1340 1342
f 1215 1342 1341
f 1215 1341 1338
f 1341 1342 1343
f 1341 1343 1338
f 1217 1344 1346
f 1217 1346 1345
f 1345 1346 1347
f 1348 1349 1350
f 1349 1351 1350
f 1348 1350 1344
f 1350 1351 1353
f 1350 1353 1352
f 1105 1354 1355
f 1354 1355 1351
f 1355 1356 1351
f 1355 1351 1353
f 1351 1356 1353
f 1357 1358 1359
f 1357 1359 1361
f 1357 1361 1360
f 1226 1362 1358
f 1362 1363 1364
f 1358 1362 1359
f 1362 1364 1365
f 1362 1365 1359
f 1109 1228 1366
f 1109 1366 1363
f 1228 1294 1295
f 1228 1295 1366
f 1366 1295 1368
f 1366 1368 1367
f 1196 1293 1292
f 1301 1298 1297
f 1301 1298 1299
f 1300 1306 1303
f 1305 1310 1306
f 1310 1311 1307
f 1310 1307 1306
f 1312 1314 1310
f 1312 1310 1309
f 1314 1311 1310
f 1204 1319 1315
f 1204 1315 1313
f 1319 1315 1316
f 1320 1324 1321
f 1326 1328 1323
f 1326 1323 1322
f 1328 1330 1325
f 1328 1325 1323
f 1327 1334 1329
f 1334 1331 1329
f 1333 1337 1335
f 1337 1339 1331
f 1337 1331 1335
f 1341 1338 1336
f 1338 1343 1339
f 1345 1346 1342
f 1345 1342 1340
f 1346 1347 1343
f 1346 1343 1342
f 1344 1350 1346
f 1350 1352 1347
f 1350 1347 1346
f 1354 1351 1349
f 1357 1360 1356
f 1357 1356 1355
f 1360 1361 1353
f 1360 1353 1356
f 1359 1365 1361
f 1363 1366 1364
f 1366 1367 1365
f 1366 1365 1364
f 1295 1296 1368
f 1296 1290 1368
f 1296 1299 1290
f 1298 1303 1290
f 1298 1290 1299
f 1306 1307 1290
f 1306 1290 1303
f 1311 1290 1307
f 1311 1316 1290
f 1315 1321 1290
f 1315 1290 1316
f 1324 1325 1290
f 1324 1290 1321
f 1330 1331 1290
f 1330 1290 1325
f 1339 1290 1331
f 1343 1290 1339
f 1347 1290 1343
f 1352 1353 1290
f 1352 1290 1347
f 1361 1290 1353
f 1365 1290 1361
f 1367 1368 1290
f 1367 1290 1365
f 1087 1195 1291
f 1195 1292 1291
f 1087 1291 1229
f 1229 1291 1294
f 1088 1197 1297
f 1196 1292 1195
f 1089 1199 1198
f 1198 1301 1197
f 1197 1301 1297
f 1200 1201 1304
f 1201 1305 1304
f 1090 1200 1199
f 1091 1202 1308
f 1202 1309 1308
f 1091 1305 1201
f 1092 1203 1312
f 1203 1313 1312
f 1203 1204 1313
f 1092 1312 1202
f 1202 1312 1309
f 1093 1205 1317
f 1093 1317 1204
f 1205 1318 1317
f 1207 1322 1094
f 1094 1318 1205
f 1095 1326 1208
f 1095 1209 1326
f 1209 1327 1326
f 1208 1326 1322
f 1208 1322 1207
f 1096 1332 1210
f 1096 1211 1332
f 1211 1333 1332
f 1210 1332 1327
f 1210 1327 1209
f 1097 1336 1212
f 1097 1214 1336
f 1212 1333 1211
f 1215 1216 1340
f 1215 1341 1214
f 1214 1341 1336
f 1219 1344 1217
f 1217 1345 1216
f 1216 1345 1340
f 1103 1221 1348
f 1221 1349 1348
f 1103 1348 1344
f 1103 1344 1219
f 1105 1223 1355
f 1105 1354 1221
f 1221 1354 1349
f 1106 1225 1358
f 1106 1358 1357
f 1224 1106 1357
f 1224 1357 1223
f 1223 1357 1355
f 1226 1227 1363
f 1226 1363 1362
f 1226 1358 1225
f 1228 1229 1294
f 1109 1363 1227
f 1073 1090 1369
f 1073 1369 1185
f 1185 1369 1089
f 1185 1089 1086
f 1090 1199 1369
f 1369 1199 1089
f 1370 1182 1371
f 1182 1183 1371
f 1370 1371 1091
f 1371 1183 1074
f 1090 1073 1370
f 1073 1182 1370
f 1091 1371 1074
f 1201 1370 1091
f 1200 1370 1201
f 1090 1370 1200
f 1074 1180 1372
f 1372 1180 1181
f 1202 1372 1181
f 1202 1181 1092
f 1181 1076 1092
f 1091 1074 1372
f 1092 1076 1179
f 1091 1372 1202
f 1085 1093 1177
f 1177 1093 1373
f 1177 1179 1178
f 1177 1373 1179
f 1373 1203 1179
f 1179 1203 1092
f 1093 1204 1373
f 1373 1204 1203
f 1080 1206 1175
f 1175 1206 1374
f 1206 1094 1205
f 1206 1205 1374
f 1175 1085 1176
f 1175 1374 1085
f 1374 1205 1093
f 1374 1093 1085
f 1207 1375 1286
f 1207 1286 1208
f 1375 1174 1173
f 1375 1173 1286
f 1208 1286 1082
f 1208 1082 1095
f 1094 1206 1375
f 1094 1375 1207
f 1206 1080 1174
f 1206 1174 1375
f 1084 1096 1210
f 1084 1210 1376
f 1084 1376 1170
f 1376 1210 1095
f 1376 1095 1170
f 1170 1095 1082
f 1210 1209 1095
f 1171 1084 1170
f 1098 1377 1237
f 1237 1377 1238
f 1377 1211 1238
f 1238 1211 1096
f 1098 1213 1377
f 1213 1097 1377
f 1097 1212 1377
f 1377 1212 1211
f 1238 1096 1084
f 1083 1238 1084
f 1100 1378 1236
f 1100 1099 1378
f 1235 1236 1213
f 1236 1378 1213
f 1378 1214 1213
f 1213 1214 1097
f 1099 1215 1214
f 1099 1214 1378
f 1099 1100 1234
f 1099 1234 1379
f 1379 1234 1218
f 1379 1218 1101
f 1216 1379 1101
f 1216 1101 1217
f 1215 1379 1216
f 1099 1379 1215
f 1285 1103 1219
f 1233 1285 1380
f 1233 1380 1102
f 1285 1219 1380
f 1104 1220 1285
f 1220 1103 1285
f 1380 1219 1217
f 1380 1217 1101
f 1102 1380 1101
f 1102 1101 1218
f 1061 1222 1232
f 1232 1222 1231
f 1222 1221 1231
f 1231 1221 1220
f 1230 1231 1104
f 1231 1220 1104
f 1222 1105 1221
f 1220 1221 1103
f 1105 1061 1381
f 1381 1061 1138
f 1061 1137 1138
f 1381 1138 1224
f 1224 1138 1107
f 1222 1061 1105
f 1223 1381 1224
f 1105 1381 1223
f 1135 1382 1383
f 1135 1383 1136
f 1382 1225 1106
f 1382 1106 1383
f 1136 1107 1060
f 1136 1383 1107
f 1058 1108 1382
f 1058 1382 1135
f 1108 1226 1382
f 1382 1226 1225
f 1383 1106 1224
f 1383 1224 1107
f 1108 1384 1227
f 1108 1058 1134
f 1108 1134 1384
f 1227 1384 1059
f 1384 1134 1133
f 1384 1133 1059
f 1227 1059 1109
f 1226 1108 1227
f 1104 1285 1233
f 1241 1236 1235
f 1241 1235 1242
f 1242 1235 1213
f 1242 1213 1243
f 1111 1100 1236
f 1111 1236 1241
f 1243 1213 1098
f 1243 1098 1110
f 1110 1098 1237
f 1110 1237 1239
f 1239 1237 1238
f 1239 1238 1240
f 1240 1238 1083
f 1240 1083 1081
f 1251 1113 1246
f 1113 1104 1233
f 1113 1233 1246
f 1246 1233 1102
f 1246 1102 1112
f 1100 1111 1244
f 1100 1244 1234
f 1234 1244 1245
f 1234 1245 1218
f 1218 1245 1112
f 1218 1112 1102
f 1247 1232 1231
f 1247 1231 1248
f 1248 1231 1230
f 1248 1230 1249
f 1249 1230 1104
f 1249 1104 1113
f 1063 1061 1232
f 1063 1232 1247
f 1114 1251 1284
f 1284 1251 1385
f 1251 1112 1385
f 1251 1246 1112
f 1250 1251 1114
f 1250 1113 1251
f 1385 1112 1245
f 1385 1245 1132
f 1282 1385 1132
f 1284 1385 1282
f 1063 1247 1252
f 1252 1247 1248
f 1252 1248 1255
f 1255 1248 1250
f 1248 1249 1250
f 1250 1249 1113
f 1255 1250 1114
f 1115 1252 1255
f 1063 1115 1386
f 1141 1063 1140
f 1063 1386 1140
f 1386 1253 1140
f 1140 1253 1139
f 1063 1252 1115
f 1115 1254 1386
f 1386 1254 1253
f 1253 1116 1139
f 1388 1389 1390
f 1388 1390 1392
f 1388 1392 1391
f 1390 1393 1392
f 1118 1394 1395
f 1118 1395 1260
f 1394 1396 1395
f 1395 1396 1398
f 1395 1398 1397
f 1256 1399 1400
f 1399 1401 1400
f 1400 1401 1398
f 1400 1398 1396
f 1401 1402 1398
f 1403 1404 1406
f 1403 1406 1405
f 1403 1405 1402
f 1403 1402 1401
f 1405 1406 1407
f 1405 1407 1402
f 1115 1408 1404
f 1408 1410 1404
f 1408 1409 1410
f 1404 1410 1407
f 1411 1412 1413
f 1412 1414 1413
f 1411 1413 1409
f 1413 1414 1416
f 1413 1416 1415
f 1282 1417 1414
f 1417 1418 1419
f 1417 1419 1414
f 1282 1414 1412
f 1417 1414 1416
f 1414 1419 1420
f 1414 1420 1416
f 1280 1421 1423
f 1421 1422 1423
f 1280 1421 1419
f 1280 1419 1418
f 1421 1423 1420
f 1421 1420 1419
f 1423 1424 1420
f 1278 1426 1422
f 1278 1425 1426
f 1425 1427 1426
f 1426 1427 1428
f 1426 1428 1424
f 1429 1430 1431
f 1430 1432 1431
f 1429 1431 1425
f 1430 1431 1428
f 1431 1432 1428
f 1433 1434 1436
f 1433 1436 1435
f 1433 1435 1430
f 1435 1436 1438
f 1435 1438 1437
f 1126 1439 1434
f 1434 1439 1436
f 1439 1440 1441
f 1439 1441 1436
f 1440 1442 1441
f 1270 1445 1444
f 1270 1443 1446
f 1270 1446 1445
f 1445 1446 1447
f 1448 1449 1451
f 1448 1451 1450
f 1448 1450 1443
f 1448 1450 1452
f 1450 1451 1452
f 1123 1453 1454
f 1453 1454 1451
f 1454 1455 1451
f 1454 1451 1452
f 1451 1455 1456
f 1451 1456 1452
f 1268 1266 1457
f 1268 1457 1458
f 1266 1457 1459
f 1458 1457 1455
f 1457 1459 1460
f 1457 1460 1455
f 1461 1462 1463
f 1264 1461 1457
f 1264 1457 1266
f 1461 1463 1457
f 1461 1463 1464
f 1120 1261 1462
f 1261 1465 1462
f 1261 1391 1465
f 1462 1465 1392
f 1465 1391 1392
f 1260 1395 1390
f 1260 1390 1389
f 1395 1397 1393
f 1395 1393 1390
f 1400 1396 1394
f 1403 1401 1399
f 1404 1410 1406
f 1410 1407 1406
f 1409 1413 1410
f 1413 1415 1407
f 1413 1407 1410
f 1422 1426 1423
f 1426 1424 1423
f 1425 1431 1427
f 1431 1428 1427
f 1430 1435 1432
f 1435 1437 1428
f 1435 1428 1432
f 1436 1441 1438
f 1444 1445 1440
f 1444 1440 1439
f 1445 1446 1442
f 1445 1442 1440
f 1443 1450 1446
f 1450 1452 1447
f 1450 1447 1446
f 1453 1451 1449
f 1458 1455 1454
f 1458 1455 1456
f 1457 1463 1460
f 1462 1465 1463
f 1465 1392 1464
f 1465 1464 1463
f 1392 1393 1387
f 1397 1398 1387
f 1397 1387 1393
f 1398 1402 1387
f 1402 1407 1387
f 1415 1416 1387
f 1415 1387 1407
f 1416 1420 1387
f 1420 1424 1387
f 1424 1428 1387
f 1437 1438 1387
f 1437 1387 1428
f 1441 1442 1387
f 1441 1387 1438
f 1446 1447 1387
f 1446 1387 1442
f 1452 1387 1447
f 1452 1456 1387
f 1455 1460 1387
f 1455 1387 1456
f 1463 1464 1387
f 1463 1387 1460
f 1392 1387 1464
f 1119 1259 1388
f 1259 1389 1388
f 1119 1388 1262
f 1262 1388 1391
f 1118 1258 1394
f 1260 1389 1259
f 1256 1257 1399
f 1256 1400 1394
f 1256 1394 1258
f 1253 1403 1116
f 1253 1254 1403
f 1254 1404 1403
f 1116 1403 1399
f 1116 1399 1257
f 1115 1255 1408
f 1255 1409 1408
f 1115 1404 1254
f 1114 1284 1412
f 1114 1412 1411
f 1114 1411 1255
f 1255 1411 1409
f 1282 1283 1417
f 1283 1418 1417
f 1284 1282 1412
f 1280 1281 1421
f 1281 1422 1421
f 1280 1418 1283
f 1278 1279 1425
f 1130 1278 1422
f 1130 1422 1281
f 1128 1276 1429
f 1276 1430 1429
f 1276 1277 1430
f 1128 1429 1279
f 1279 1429 1425
f 1127 1274 1433
f 1274 1275 1434
f 1274 1434 1433
f 1127 1433 1277
f 1277 1433 1430
f 1126 1272 1439
f 1275 1126 1434
f 1125 1270 1444
f 1125 1444 1272
f 1272 1444 1439
f 1124 1448 1271
f 1124 1269 1448
f 1269 1449 1448
f 1271 1448 1443
f 1271 1443 1270
f 1123 1267 1454
f 1123 1453 1269
f 1269 1453 1449
f 1122 1266 1268
f 1268 1458 1267
f 1267 1458 1454
f 1264 1265 1461
f 1265 1462 1461
f 1121 1264 1266
f 1261 1262 1391
f 1120 1462 1265
f 1466 1142 1143
f 1466 1143 1467
f 1257 1466 1467
f 1257 1467 1116
f 1467 1143 1062
f 1467 1062 1139
f 1117 1466 1256
f 1117 1064 1466
f 1064 1142 1466
f 1116 1467 1139
f 1256 1466 1257
f 1064 1117 1468
f 1064 1468 1144
f 1117 1258 1468
f 1144 1468 1065
f 1144 1065 1145
f 1468 1258 1065
f 1065 1258 1118
f 1117 1256 1258
f 1146 1065 1469
f 1065 1118 1469
f 1147 1146 1148
f 1146 1469 1148
f 1469 1259 1119
f 1469 1119 1148
f 1118 1260 1469
f 1469 1260 1259
f 1150 1119 1262
f 1150 1262 1470
f 1150 1470 1149
f 1149 1470 1068
f 1066 1148 1150
f 1148 1119 1150
f 1470 1262 1261
f 1470 1261 1120
f 1470 1120 1263
f 1068 1470 1263
f 1153 1263 1152
f 1152 1263 1471
f 1152 1471 1151
f 1151 1471 1070
f 1471 1121 1070
f 1068 1263 1153
f 1263 1120 1265
f 1263 1265 1471
f 1471 1265 1264
f 1471 1264 1121
f 1122 1071 1154
f 1122 1154 1472
f 1472 1154 1070
f 1472 1070 1121
f 1266 1472 1121
f 1122 1472 1266
f 1155 1474 1156
f 1155 1473 1474
f 1156 1474 1072
f 1071 1473 1155
f 1071 1122 1473
f 1122 1268 1473
f 1473 1268 1267
f 1473 1267 1474
f 1474 1267 1123
f 1474 1123 1072
f 1156 1072 1157
f 1072 1475 1159
f 1159 1475 1158
f 1475 1269 1158
f 1158 1269 1124
f 1072 1123 1475
f 1475 1123 1269
f 1158 1124 1162
f 1075 1158 1162
f 1077 1160 1125
f 1125 1160 1476
f 1476 1160 1162
f 1160 1161 1162
f 1271 1476 1162
f 1271 1162 1124
f 1270 1476 1271
f 1270 1125 1476
f 1078 1164 1273
f 1126 1273 1477
f 1126 1477 1272
f 1273 1164 1477
f 1477 1164 1077
f 1164 1163 1077
f 1272 1477 1077
f 1272 1077 1125
f 1165 1478 1479
f 1165 1479 1166
f 1478 1275 1274
f 1478 1274 1479
f 1166 1479 1167
f 1167 1479 1079
f 1479 1274 1127
f 1479 1127 1079
f 1078 1273 1478
f 1078 1478 1165
f 1273 1126 1275
f 1273 1275 1478
f 1128 1129 1480
f 1128 1480 1276
f 1129 1169 1480
f 1129 1168 1169
f 1276 1480 1127
f 1480 1169 1127
f 1127 1169 1079
f 1277 1276 1127
f 1110 1239 1481
f 1481 1239 1240
f 1279 1481 1240
f 1279 1240 1128
f 1240 1081 1128
f 1130 1243 1481
f 1243 1110 1481
f 1128 1081 1129
f 1278 1481 1279
f 1130 1481 1278
f 1131 1111 1482
f 1111 1241 1482
f 1281 1482 1243
f 1482 1241 1242
f 1482 1242 1243
f 1281 1243 1130
f 1280 1131 1482
f 1280 1482 1281
f 1111 1131 1483
f 1111 1483 1244
f 1244 1483 1132
f 1244 1132 1245
f 1131 1280 1483
f 1483 1280 1283
f 1483 1283 1282
f 1483 1282 1132
f 1487 1489 1572
f 1487 1572 1569
f 1569 1572 1571
f 1569 1571 1570
f 1570 1571 1488
f 1570 1488 1486
f 1490 1484 1568
f 1490 1568 1573
f 1573 1568 1486
f 1573 1486 1488
f 1567 1574 1575
f 1567 1575 1566
f 1566 1575 1576
f 1566 1576 1565
f 1565 1576 1491
f 1565 1491 1485
f 1484 1490 1574
f 1484 1574 1567
f 1485 1491 1577
f 1485 1577 1630
f 1630 1577 1578
f 1630 1578 1631
f 1631 1578 1492
f 1631 1492 1493
f 1494 1495 1629
f 1494 1629 1579
f 1579 1629 1628
f 1579 1628 1580
f 1580 1628 1493
f 1580 1493 1492
f 1627 1582 1581
f 1627 1581 1626
f 1626 1581 1496
f 1626 1496 1520
f 1495 1494 1582
f 1495 1582 1627
f 1499 1497 1585
f 1499 1585 1623
f 1623 1585 1498
f 1623 1498 1500
f 1625 1583 1584
f 1625 1584 1624
f 1520 1496 1583
f 1520 1583 1625
f 1624 1584 1497
f 1624 1497 1499
f 1586 1622 1621
f 1586 1621 1587
f 1587 1621 1620
f 1587 1620 1588
f 1588 1620 1500
f 1588 1500 1498
f 1501 1502 1622
f 1501 1622 1586
f 1502 1501 1590
f 1502 1590 1619
f 1619 1590 1589
f 1619 1589 1618
f 1618 1589 1503
f 1618 1503 1519
f 1505 1507 1614
f 1505 1614 1594
f 1594 1614 1506
f 1594 1506 1504
f 1593 1615 1616
f 1593 1616 1592
f 1592 1616 1617
f 1592 1617 1591
f 1504 1506 1615
f 1504 1615 1593
f 1591 1617 1519
f 1591 1519 1503
f 1507 1505 1595
f 1507 1595 1613
f 1613 1595 1508
f 1613 1508 1510
f 1596 1518 1611
f 1596 1611 1597
f 1597 1611 1612
f 1597 1612 1598
f 1509 1517 1518
f 1509 1518 1596
f 1598 1612 1510
f 1598 1510 1508
f 1595 1734 1508
f 1511 1513 1609
f 1511 1609 1600
f 1600 1609 1610
f 1600 1610 1599
f 1599 1610 1517
f 1599 1517 1509
f 1513 1511 1601
f 1513 1601 1608
f 1608 1601 1602
f 1608 1602 1607
f 1607 1602 1512
f 1607 1512 1515
f 1514 1516 1606
f 1514 1606 1603
f 1603 1606 1605
f 1603 1605 1604
f 1604 1605 1515
f 1604 1515 1512
f 1611 1518 1612
f 1735 1613 1510
f 1506 1616 1615
f 1620 1621 1500
f 1495 1627 1626
f 1495 1736 1629
f 1629 1736 1628
f 1736 1632 1628
f 1628 1632 1521
f 1495 1522 1736
f 1736 1522 1632
f 1628 1521 1493
f 1737 1485 1631
f 1485 1630 1631
f 1675 1737 1631
f 1675 1631 1521
f 1542 1565 1737
f 1565 1485 1737
f 1631 1493 1521
f 1674 1737 1675
f 1542 1737 1674
f 1495 1626 1738
f 1522 1738 1634
f 1738 1626 1634
f 1634 1626 1520
f 1522 1495 1738
f 1633 1522 1634
f 1740 1741 1743
f 1740 1743 1742
f 1522 1744 1745
f 1744 1745 1746
f 1745 1747 1746
f 1745 1746 1743
f 1746 1747 1748
f 1746 1748 1743
f 1635 1749 1751
f 1635 1751 1750
f 1635 1750 1745
f 1750 1751 1752
f 1750 1752 1747
f 1638 1749 1636
f 1638 1753 1749
f 1638 1753 1754
f 1749 1753 1751
f 1753 1754 1755
f 1753 1755 1751
f 1756 1641 1757
f 1639 1756 1754
f 1756 1757 1755
f 1756 1755 1754
f 1526 1758 1641
f 1526 1643 1758
f 1643 1759 1758
f 1641 1758 1757
f 1758 1760 1757
f 1758 1759 1761
f 1758 1761 1760
f 1527 1645 1762
f 1527 1762 1643
f 1645 1762 1763
f 1643 1762 1759
f 1762 1763 1764
f 1762 1764 1759
f 1763 1761 1764
f 1646 1765 1766
f 1646 1766 1767
f 1646 1767 1763
f 1766 1768 1767
f 1769 1650 1770
f 1769 1766 1765
f 1769 1770 1771
f 1769 1771 1766
f 1770 1772 1771
f 1652 1774 1650
f 1652 1773 1774
f 1773 1775 1774
f 1774 1775 1776
f 1777 1778 1779
f 1778 1780 1779
f 1777 1779 1773
f 1779 1780 1776
f 1655 1781 1782
f 1781 1783 1782
f 1655 1782 1778
f 1782 1783 1784
f 1658 1785 1783
f 1785 1786 1787
f 1785 1787 1783
f 1785 1783 1784
f 1783 1787 1788
f 1783 1788 1784
f 1661 1789 1660
f 1661 1789 1790
f 1660 1789 1787
f 1660 1787 1786
f 1789 1790 1788
f 1789 1788 1787
f 1790 1791 1788
f 1792 1663 1794
f 1663 1793 1794
f 1792 1794 1791
f 1792 1791 1790
f 1794 1795 1791
f 1537 1665 1793
f 1665 1797 1793
f 1665 1796 1797
f 1793 1797 1798
f 1797 1799 1798
f 1668 1669 1800
f 1668 1800 1796
f 1668 1796 1797
f 1796 1800 1801
f 1796 1801 1797
f 1800 1802 1801
f 1540 1803 1669
f 1669 1803 1804
f 1803 1804 1805
f 1804 1806 1805
f 1807 1808 1809
f 1808 1810 1809
f 1807 1809 1806
f 1809 1810 1811
f 1809 1811 1806
f 1674 1812 1810
f 1674 1810 1808
f 1812 1813 1810
f 1812 1742 1814
f 1812 1814 1813
f 1744 1746 1741
f 1746 1743 1741
f 1745 1750 1747
f 1750 1747 1748
f 1636 1749 1751
f 1749 1751 1752
f 1756 1754 1753
f 1757 1760 1755
f 1759 1764 1761
f 1763 1767 1761
f 1766 1771 1768
f 1650 1774 1770
f 1774 1775 1772
f 1774 1772 1770
f 1773 1779 1775
f 1779 1776 1775
f 1778 1782 1780
f 1782 1784 1776
f 1782 1776 1780
f 1785 1783 1781
f 1792 1790 1789
f 1793 1798 1795
f 1793 1795 1794
f 1797 1801 1799
f 1669 1804 1800
f 1804 1805 1802
f 1804 1802 1800
f 1807 1809 1804
f 1807 1804 1803
f 1809 1806 1804
f 1810 1813 1811
f 1740 1742 1812
f 1742 1743 1814
f 1743 1739 1814
f 1743 1748 1739
f 1747 1752 1739
f 1747 1739 1748
f 1751 1755 1739
f 1751 1739 1752
f 1760 1761 1739
f 1760 1739 1755
f 1764 1761 1739
f 1767 1768 1739
f 1767 1739 1761
f 1771 1772 1739
f 1771 1739 1768
f 1775 1776 1739
f 1775 1739 1772
f 1784 1739 1776
f 1784 1788 1739
f 1788 1791 1739
f 1791 1795 1739
f 1798 1799 1739
f 1798 1739 1795
f 1801 1802 1739
f 1801 1739 1799
f 1805 1806 1739
f 1805 1739 1802
f 1806 1811 1739
f 1813 1814 1739
f 1813 1739 1811
f 1521 1632 1740
f 1632 1741 1740
f 1521 1740 1675
f 1675 1740 1812
f 1522 1633 1745
f 1522 1744 1632
f 1632 1744 1741
f 1523 1635 1634
f 1635 1636 1749
f 1634 1635 1633
f 1633 1635 1745
f 1524 1638 1637
f 1637 1638 1636
f 1525 1640 1639
f 1640 1756 1639
f 1640 1641 1756
f 1639 1756 1753
f 1639 1753 1638
f 1528 1648 1765
f 1528 1765 1646
f 1646 1763 1645
f 1529 1650 1769
f 1529 1769 1765
f 1529 1765 1648
f 1530 1652 1650
f 1530 1650 1651
f 1531 1777 1653
f 1531 1654 1777
f 1654 1778 1777
f 1653 1777 1773
f 1653 1773 1652
f 1532 1781 1655
f 1532 1657 1781
f 1655 1778 1654
f 1658 1660 1786
f 1658 1786 1785
f 1657 1658 1785
f 1657 1785 1781
f 1661 1662 1789
f 1534 1661 1660
f 1535 1792 1662
f 1535 1663 1792
f 1662 1792 1789
f 1537 1793 1663
f 1539 1667 1668
f 1539 1668 1666
f 1666 1668 1796
f 1666 1796 1665
f 1540 1671 1803
f 1541 1673 1807
f 1673 1808 1807
f 1541 1807 1803
f 1541 1803 1671
f 1674 1675 1812
f 1542 1674 1808
f 1542 1808 1673
f 1523 1625 1624
f 1523 1624 1637
f 1634 1520 1625
f 1634 1625 1523
f 1637 1624 1499
f 1637 1499 1524
f 1635 1523 1637
f 1635 1637 1636
f 1524 1499 1623
f 1524 1623 1815
f 1815 1623 1525
f 1623 1500 1525
f 1639 1815 1525
f 1638 1815 1639
f 1638 1524 1815
f 1622 1502 1621
f 1502 1642 1621
f 1621 1642 1525
f 1642 1640 1525
f 1621 1525 1500
f 1642 1526 1641
f 1642 1641 1640
f 1502 1619 1816
f 1816 1619 1618
f 1527 1816 1618
f 1527 1618 1644
f 1526 1642 1816
f 1642 1502 1816
f 1618 1519 1644
f 1643 1816 1527
f 1526 1816 1643
f 1647 1528 1616
f 1616 1528 1817
f 1616 1817 1617
f 1617 1817 1644
f 1506 1647 1616
f 1528 1646 1817
f 1817 1646 1645
f 1817 1645 1644
f 1644 1645 1527
f 1617 1644 1519
f 1507 1649 1818
f 1507 1818 1614
f 1649 1529 1648
f 1649 1648 1818
f 1614 1818 1647
f 1614 1647 1506
f 1818 1648 1528
f 1818 1528 1647
f 1649 1735 1529
f 1649 1507 1735
f 1507 1613 1735
f 1529 1735 1651
f 1651 1735 1510
f 1651 1510 1530
f 1529 1651 1650
f 1518 1531 1819
f 1531 1653 1819
f 1518 1819 1612
f 1819 1653 1530
f 1819 1530 1612
f 1653 1652 1530
f 1612 1530 1510
f 1513 1656 1610
f 1610 1656 1531
f 1656 1654 1531
f 1532 1655 1656
f 1656 1655 1654
f 1610 1531 1518
f 1517 1610 1518
f 1513 1610 1609
f 1532 1608 1659
f 1532 1659 1657
f 1608 1515 1659
f 1608 1607 1515
f 1656 1513 1608
f 1656 1608 1532
f 1658 1659 1533
f 1657 1659 1658
f 1516 1534 1820
f 1516 1820 1606
f 1606 1820 1533
f 1606 1533 1605
f 1534 1660 1820
f 1820 1660 1658
f 1820 1658 1533
f 1605 1533 1659
f 1605 1659 1515
f 1536 1535 1662
f 1536 1662 1821
f 1682 1536 1821
f 1682 1821 1681
f 1821 1662 1534
f 1681 1821 1534
f 1681 1534 1516
f 1662 1661 1534
f 1538 1537 1822
f 1538 1680 1679
f 1538 1822 1680
f 1680 1822 1535
f 1680 1535 1536
f 1538 1664 1537
f 1537 1663 1822
f 1822 1663 1535
f 1538 1677 1664
f 1664 1677 1676
f 1666 1664 1539
f 1664 1676 1539
f 1676 1487 1539
f 1665 1664 1666
f 1537 1664 1665
f 1539 1487 1667
f 1667 1487 1569
f 1667 1569 1540
f 1540 1569 1670
f 1670 1569 1486
f 1569 1570 1486
f 1669 1667 1540
f 1668 1667 1669
f 1484 1672 1823
f 1484 1823 1568
f 1672 1671 1823
f 1568 1823 1670
f 1568 1670 1486
f 1672 1541 1671
f 1823 1671 1540
f 1823 1540 1670
f 1824 1567 1565
f 1567 1566 1565
f 1673 1824 1565
f 1673 1565 1542
f 1541 1672 1824
f 1672 1484 1567
f 1672 1567 1824
f 1541 1824 1673
f 1676 1678 1487
f 1544 1538 1679
f 1544 1679 1685
f 1685 1679 1680
f 1685 1680 1686
f 1686 1680 1536
f 1686 1536 1543
f 1683 1682 1681
f 1683 1681 1684
f 1684 1681 1516
f 1684 1516 1514
f 1543 1536 1682
f 1543 1682 1683
f 1544 1690 1687
f 1687 1690 1688
f 1688 1690 1546
f 1690 1691 1546
f 1688 1489 1689
f 1688 1546 1489
f 1690 1545 1692
f 1690 1692 1691
f 1545 1544 1825
f 1544 1686 1825
f 1544 1685 1686
f 1825 1686 1547
f 1547 1686 1543
f 1690 1544 1545
f 1693 1825 1547
f 1545 1825 1693
f 1827 1828 1829
f 1827 1829 1831
f 1827 1831 1830
f 1829 1832 1831
f 1726 1833 1834
f 1726 1834 1828
f 1828 1834 1835
f 1834 1836 1835
f 1837 1838 1840
f 1837 1840 1839
f 1837 1839 1833
f 1837 1839 1836
f 1839 1840 1836
f 1564 1731 1838
f 1731 1840 1838
f 1731 1841 1840
f 1838 1840 1842
f 1840 1841 1843
f 1840 1843 1842
f 1732 1844 1845
f 1732 1844 1841
f 1732 1841 1731
f 1844 1845 1846
f 1844 1846 1841
f 1845 1847 1846
f 1545 1692 1848
f 1692 1848 1845
f 1848 1850 1845
f 1848 1849 1851
f 1848 1851 1850
f 1852 1853 1854
f 1852 1849 1693
f 1852 1854 1855
f 1852 1855 1849
f 1695 1696 1853
f 1696 1856 1857
f 1696 1857 1853
f 1695 1853 1854
f 1853 1857 1858
f 1853 1858 1854
f 1697 1859 1861
f 1859 1860 1861
f 1859 1861 1862
f 1701 1864 1860
f 1701 1863 1864
f 1863 1865 1864
f 1864 1865 1866
f 1864 1866 1862
f 1867 1868 1869
f 1868 1870 1869
f 1867 1869 1863
f 1869 1870 1866
f 1704 1706 1871
f 1706 1872 1871
f 1704 1871 1868
f 1871 1872 1873
f 1871 1873 1870
f 1874 1875 1876
f 1874 1876 1877
f 1874 1877 1872
f 1876 1878 1877
f 1710 1876 1875
f 1710 1879 1880
f 1710 1880 1876
f 1879 1881 1880
f 1712 1713 1882
f 1712 1882 1711
f 1713 1883 1882
f 1711 1882 1879
f 1882 1883 1884
f 1882 1884 1879
f 1883 1881 1884
f 1556 1715 1885
f 1715 1886 1885
f 1556 1885 1713
f 1885 1886 1887
f 1886 1888 1887
f 1717 1889 1891
f 1889 1890 1891
f 1889 1891 1888
f 1889 1888 1886
f 1718 1720 1892
f 1720 1892 1893
f 1718 1892 1890
f 1892 1893 1890
f 1892 1893 1894
f 1721 1895 1896
f 1895 1897 1896
f 1896 1897 1898
f 1560 1899 1895
f 1899 1900 1895
f 1899 1830 1900
f 1895 1900 1831
f 1900 1830 1831
f 1828 1835 1832
f 1828 1832 1829
f 1833 1839 1834
f 1839 1836 1834
f 1840 1842 1836
f 1841 1846 1843
f 1692 1845 1844
f 1845 1850 1847
f 1693 1849 1848
f 1849 1855 1851
f 1854 1858 1855
f 1859 1861 1857
f 1859 1857 1856
f 1861 1862 1858
f 1861 1858 1857
f 1860 1864 1861
f 1864 1862 1861
f 1863 1869 1865
f 1869 1866 1865
f 1868 1871 1870
f 1871 1870 1866
f 1874 1872 1706
f 1872 1877 1873
f 1876 1880 1878
f 1879 1884 1881
f 1713 1885 1883
f 1885 1887 1881
f 1885 1881 1883
f 1889 1886 1715
f 1718 1890 1891
f 1890 1893 1888
f 1890 1888 1891
f 1721 1896 1893
f 1721 1893 1892
f 1896 1897 1894
f 1896 1894 1893
f 1895 1900 1897
f 1900 1831 1898
f 1900 1898 1897
f 1831 1832 1826
f 1835 1836 1826
f 1835 1826 1832
f 1842 1843 1826
f 1842 1826 1836
f 1846 1847 1826
f 1846 1826 1843
f 1850 1851 1826
f 1850 1826 1847
f 1855 1826 1851
f 1858 1826 1855
f 1862 1826 1858
f 1862 1866 1826
f 1870 1873 1826
f 1870 1826 1866
f 1877 1878 1826
f 1877 1826 1873
f 1880 1881 1826
f 1880 1826 1878
f 1884 1881 1826
f 1887 1888 1826
f 1887 1826 1881
f 1893 1894 1826
f 1893 1826 1888
f 1897 1898 1826
f 1897 1826 1894
f 1831 1826 1898
f 1561 1725 1827
f 1725 1828 1827
f 1561 1827 1724
f 1724 1827 1830
f 1562 1727 1833
f 1562 1833 1726
f 1726 1828 1725
f 1728 1729 1838
f 1728 1838 1837
f 1728 1837 1727
f 1727 1837 1833
f 1564 1838 1729
f 1546 1691 1732
f 1546 1732 1733
f 1691 1844 1732
f 1545 1693 1848
f 1692 1844 1691
f 1694 1853 1852
f 1547 1694 1852
f 1547 1852 1693
f 1548 1696 1695
f 1695 1853 1694
f 1699 1859 1697
f 1699 1860 1859
f 1697 1859 1856
f 1697 1856 1696
f 1701 1702 1863
f 1550 1701 1860
f 1550 1860 1699
f 1551 1703 1867
f 1703 1868 1867
f 1703 1704 1868
f 1551 1867 1702
f 1702 1867 1863
f 1552 1705 1706
f 1552 1706 1704
f 1553 1708 1875
f 1553 1875 1874
f 1553 1874 1705
f 1705 1874 1706
f 1710 1711 1879
f 1554 1710 1875
f 1554 1875 1708
f 1557 1717 1716
f 1717 1718 1890
f 1717 1890 1889
f 1716 1717 1889
f 1716 1889 1715
f 1558 1719 1718
f 1719 1720 1718
f 1559 1722 1721
f 1722 1723 1721
f 1723 1895 1721
f 1721 1892 1720
f 1560 1724 1899
f 1724 1830 1899
f 1560 1895 1723
f 1543 1901 1694
f 1543 1683 1684
f 1543 1684 1901
f 1694 1901 1548
f 1901 1684 1514
f 1901 1514 1548
f 1547 1543 1694
f 1694 1548 1695
f 1548 1514 1603
f 1548 1603 1902
f 1902 1603 1604
f 1902 1604 1549
f 1604 1512 1698
f 1549 1604 1698
f 1696 1902 1549
f 1696 1549 1697
f 1548 1902 1696
f 1601 1550 1699
f 1601 1699 1698
f 1602 1601 1512
f 1601 1698 1512
f 1511 1700 1601
f 1700 1550 1601
f 1698 1699 1697
f 1698 1697 1549
f 1700 1511 1599
f 1511 1600 1599
f 1702 1700 1551
f 1700 1599 1551
f 1599 1509 1596
f 1551 1599 1596
f 1701 1700 1702
f 1550 1700 1701
f 1703 1551 1903
f 1551 1596 1903
f 1903 1596 1598
f 1596 1597 1598
f 1903 1598 1552
f 1552 1598 1508
f 1704 1903 1552
f 1704 1703 1903
f 1505 1707 1734
f 1505 1734 1595
f 1707 1553 1734
f 1734 1553 1705
f 1734 1705 1552
f 1734 1552 1508
f 1707 1505 1594
f 1707 1594 1904
f 1553 1707 1904
f 1553 1904 1708
f 1708 1904 1709
f 1708 1709 1554
f 1904 1594 1504
f 1904 1504 1709
f 1554 1709 1592
f 1554 1592 1905
f 1905 1592 1591
f 1905 1591 1555
f 1709 1504 1592
f 1504 1593 1592
f 1591 1503 1555
f 1711 1555 1712
f 1711 1905 1555
f 1710 1905 1711
f 1554 1905 1710
f 1501 1906 1590
f 1590 1906 1589
f 1906 1712 1589
f 1589 1712 1555
f 1501 1714 1906
f 1714 1556 1906
f 1906 1556 1713
f 1906 1713 1712
f 1589 1555 1503
f 1501 1586 1714
f 1714 1586 1587
f 1716 1714 1557
f 1714 1587 1557
f 1557 1587 1498
f 1587 1588 1498
f 1715 1714 1716
f 1556 1714 1715
f 1497 1558 1907
f 1497 1907 1585
f 1585 1557 1498
f 1585 1907 1557
f 1558 1718 1907
f 1907 1718 1717
f 1907 1717 1557
f 1583 1559 1719
f 1583 1719 1584
f 1496 1722 1559
f 1496 1559 1583
f 1559 1721 1720
f 1559 1720 1719
f 1584 1719 1558
f 1584 1558 1497
f 1582 1494 1581
f 1494 1908 1581
f 1908 1560 1722
f 1581 1908 1722
f 1581 1722 1496
f 1494 1560 1908
f 1560 1723 1722
f 1494 1579 1909
f 1909 1579 1580
f 1909 1580 1724
f 1724 1580 1561
f 1560 1494 1909
f 1580 1492 1561
f 1560 1909 1724
f 1577 1491 1578
f 1491 1910 1578
f 1910 1725 1578
f 1578 1725 1561
f 1491 1576 1910
f 1576 1562 1910
f 1910 1562 1726
f 1910 1726 1725
f 1578 1561 1492
f 1574 1911 1576
f 1574 1576 1575
f 1911 1727 1562
f 1911 1562 1576
f 1490 1563 1911
f 1490 1911 1574
f 1563 1728 1911
f 1911 1728 1727
f 1563 1912 1729
f 1563 1490 1573
f 1563 1573 1912
f 1912 1573 1488
f 1912 1488 1730
f 1729 1912 1730
f 1729 1730 1564
f 1728 1563 1729
f 1489 1546 1733
f 1489 1733 1572
f 1733 1564 1572
f 1572 1564 1730
f 1571 1572 1488
f 1572 1730 1488
f 1733 1732 1731
f 1733 1731 1564
f 1677 1687 1688
f 1677 1688 1676
f 1676 1688 1689
f 1676 1689 1678
f 1538 1544 1687
f 1538 1687 1677
f 1678 1689 1489
f 1678 1489 1487
f 1916 1918 2007
f 1916 2007 2006
f 2006 2007 1917
f 2006 1917 1915
f 2008 2004 2005
f 2008 2005 2009
f 1919 1913 2004
f 1919 2004 2008
f 2009 2005 1915
f 2009 1915 1917
f 1913 1919 2010
f 1913 2010 2003
f 2003 2010 2011
f 2003 2011 2002
f 2002 2011 1920
f 2002 1920 1914
f 1914 1920 1921
f 1914 1921 1922
f 1922 1921 2013
f 1922 2013 2052
f 2052 2013 2012
f 2052 2012 2053
f 2053 2012 1923
f 2053 1923 1924
f 1925 1948 2051
f 1925 2051 2014
f 2014 2051 1924
f 2014 1924 1923
f 1948 1925 2015
f 1948 2015 2050
f 2050 2015 1926
f 2050 1926 1928
f 2049 2016 1927
f 2049 1927 1929
f 1928 1926 2016
f 1928 2016 2049
f 2047 2018 2017
f 2047 2017 2048
f 2048 2017 1930
f 2048 1930 1931
f 1929 1927 2018
f 1929 2018 2047
f 1932 1947 2045
f 1932 2045 2019
f 2019 2045 2046
f 2019 2046 2020
f 2020 2046 1931
f 2020 1931 1930
f 2019 2020 1930
f 1935 1933 2023
f 1935 2023 2042
f 2042 2023 1934
f 2042 1934 1936
f 1947 1932 2021
f 1947 2021 2044
f 2044 2021 2022
f 2044 2022 2043
f 2043 2022 1933
f 2043 1933 1935
f 1936 1934 2024
f 1936 2024 2041
f 2041 2024 1937
f 2041 1937 1938
f 1938 1937 2026
f 1938 2026 2040
f 2040 2026 2025
f 2040 2025 2039
f 2039 2025 1939
f 2039 1939 1946
f 1942 1940 2029
f 1942 2029 2036
f 2036 2029 2030
f 2036 2030 2035
f 2035 2030 1941
f 2035 1941 1944
f 1946 1939 2027
f 1946 2027 2038
f 2038 2027 2028
f 2038 2028 2037
f 2037 2028 1940
f 2037 1940 1942
f 1943 1945 2034
f 1943 2034 2031
f 2031 2034 2033
f 2031 2033 2032
f 2032 2033 1944
f 2032 1944 1941
f 2040 2039 1946
f 2045 1931 2046
f 2054 1922 2052
f 2054 2052 2056
f 2056 2052 2053
f 1950 2056 2053
f 2055 2054 2056
f 1949 2054 2055
f 1974 1914 2150
f 1974 2150 1949
f 2150 1914 1922
f 1949 2150 2054
f 2150 1922 2054
f 2002 1914 1974
f 2094 1974 1949
f 1948 1951 2051
f 2051 1951 2151
f 2051 2053 1924
f 2051 2151 2053
f 1951 2057 2151
f 2151 2057 1950
f 2151 1950 2053
f 2065 2067 2153
f 2067 2154 2153
f 2065 2153 2155
f 2153 2154 2156
f 2068 2069 2157
f 2068 2157 2067
f 2069 2157 2154
f 2157 2158 2154
f 2067 2157 2154
f 2157 2154 2156
f 2154 2158 2159
f 2154 2159 2156
f 2070 2160 2161
f 2160 2162 2161
f 2161 2162 2163
f 2161 2163 2158
f 2072 2160 2071
f 2072 2164 2165
f 2072 2165 2160
f 2071 2160 2162
f 2160 2165 2163
f 2160 2163 2162
f 2166 2167 2168
f 2166 2165 2164
f 2166 2167 2169
f 2166 2169 2165
f 2167 2168 2170
f 2167 2170 2169
f 2171 2172 2168
f 2076 2173 2174
f 2076 2174 2172
f 2172 2174 2175
f 2174 2176 2175
f 2078 2079 2177
f 2079 2177 2178
f 2078 2177 2178
f 2078 2178 2173
f 2177 2178 2176
f 2080 2179 2181
f 2179 2180 2181
f 2179 2181 2182
f 1965 2082 2180
f 2082 2183 2180
f 2180 2183 2184
f 2183 2185 2184
f 2083 2186 2187
f 2186 2188 2187
f 2187 2188 2184
f 2188 2185 2184
f 2084 2189 2190
f 2189 2191 2190
f 2084 2190 2186
f 2190 2191 2192
f 2191 2193 2192
f 2087 2194 2196
f 2194 2195 2196
f 2087 2194 2191
f 2194 2196 2193
f 2194 2193 2191
f 2089 2091 2195
f 2091 2197 2195
f 2091 2197 2198
f 2195 2197 2198
f 2197 2198 2199
f 2092 2200 2201
f 2092 2200 2197
f 2200 2201 2198
f 2200 2198 2197
f 2201 2202 2198
f 2203 2094 2205
f 2094 2204 2205
f 2203 2205 2202
f 2203 2202 2201
f 2205 2206 2202
f 2055 2208 2204
f 2055 2207 2208
f 2204 2208 2209
f 2208 2210 2209
f 2207 2211 2212
f 2207 2212 2210
f 2207 2210 2208
f 2212 2213 2210
f 2057 2059 2214
f 2059 2214 2215
f 2057 2214 2211
f 2214 2215 2211
f 2214 2215 2213
f 2216 2217 2219
f 2216 2219 2218
f 2218 2219 2220
f 2061 2217 2060
f 2061 2221 2222
f 2061 2222 2217
f 2062 2155 2224
f 2155 2225 2224
f 2062 2224 2221
f 2224 2225 2226
f 2224 2226 2223
f 2161 2158 2157
f 2161 2158 2159
f 2165 2169 2163
f 2171 2168 2167
f 2076 2172 2168
f 2172 2175 2170
f 2172 2170 2168
f 2173 2178 2174
f 2178 2176 2174
f 2179 2181 2178
f 2179 2178 2177
f 2181 2182 2176
f 2181 2176 2178
f 2180 2183 2181
f 2183 2184 2182
f 2183 2182 2181
f 2187 2183 2082
f 2187 2184 2185
f 2187 2185 2183
f 2186 2190 2188
f 2190 2192 2185
f 2190 2185 2188
f 2194 2191 2189
f 2195 2198 2193
f 2195 2193 2196
f 2203 2201 2200
f 2204 2209 2205
f 2209 2206 2205
f 2211 2215 2213
f 2211 2213 2212
f 2216 2218 2215
f 2216 2215 2214
f 2218 2219 2213
f 2218 2213 2215
f 2217 2222 2220
f 2217 2220 2219
f 2221 2224 2222
f 2224 2223 2222
f 2155 2153 2225
f 2153 2156 2226
f 2153 2226 2225
f 2156 2152 2226
f 2156 2159 2152
f 2158 2163 2152
f 2158 2152 2159
f 2169 2170 2152
f 2169 2152 2163
f 2168 2170 2152
f 2175 2176 2152
f 2175 2152 2170
f 2182 2152 2176
f 2184 2185 2152
f 2184 2152 2182
f 2192 2193 2152
f 2192 2152 2185
f 2198 2199 2152
f 2198 2152 2193
f 2198 2202 2152
f 2202 2206 2152
f 2209 2210 2152
f 2209 2152 2206
f 2210 2213 2152
f 2215 2213 2152
f 2219 2220 2152
f 2219 2152 2213
f 2222 2223 2152
f 2222 2152 2220
f 2223 2226 2152
f 1955 2067 2065
f 2065 2155 2064
f 2070 2071 2160
f 2070 2161 2157
f 2070 2157 2069
f 1958 2072 2071
f 1959 2166 2073
f 1959 2074 2166
f 2074 2167 2166
f 2073 2166 2164
f 2073 2164 2072
f 1960 2075 2171
f 2075 2172 2171
f 1960 2171 2074
f 2074 2171 2167
f 1961 2173 2076
f 1961 2078 2173
f 2075 2076 2172
f 1962 2079 2078
f 2080 2081 2179
f 2081 2180 2179
f 2080 2179 2177
f 2080 2177 2079
f 1965 2180 2081
f 2083 2084 2186
f 2083 2187 2082
f 1969 2086 2189
f 1969 2189 2084
f 2087 2089 2195
f 2087 2195 2194
f 2086 2087 2194
f 2086 2194 2189
f 1972 2090 2089
f 2090 2091 2089
f 2092 2093 2200
f 2092 2197 2091
f 1974 2094 2203
f 1974 2203 2093
f 2093 2203 2200
f 1949 2055 2204
f 1949 2204 2094
f 1950 2211 2207
f 1950 2057 2211
f 1950 2207 2056
f 2056 2207 2055
f 1951 2058 2059
f 1951 2059 2057
f 1952 2060 2216
f 2060 2217 2216
f 1952 2216 2059
f 2059 2216 2214
f 2062 2064 2155
f 1954 2062 2221
f 2062 2221 2061
f 1951 1948 2050
f 1951 2050 2058
f 2058 1928 1952
f 2058 2050 1928
f 2059 2058 1952
f 1952 1928 2227
f 1928 2049 2227
f 2227 2049 1929
f 2227 1929 1953
f 2060 1953 2061
f 2060 2227 1953
f 1952 2227 2060
f 2061 1953 2048
f 2061 2048 1954
f 1954 2048 1931
f 1954 1931 2063
f 1953 1929 2048
f 1929 2047 2048
f 2061 1954 2062
f 1947 2066 2045
f 2066 2064 2045
f 2045 2064 2063
f 2045 2063 1931
f 2066 1955 2065
f 2066 2065 2064
f 2064 2062 2063
f 2063 2062 1954
f 1955 1947 2044
f 1955 2044 2068
f 2068 2044 1956
f 2044 1935 1956
f 2044 2043 1935
f 2066 1947 1955
f 2067 1955 2068
f 1956 1935 2042
f 1956 2042 2228
f 2228 2042 1936
f 2228 1936 1957
f 2070 2228 1957
f 2069 2228 2070
f 2068 1956 2228
f 2068 2228 2069
f 1957 1936 2041
f 1957 2041 2229
f 2229 2041 1938
f 2229 1938 1958
f 2071 2229 1958
f 2070 1957 2229
f 2070 2229 2071
f 1958 1938 2040
f 1958 2040 2230
f 1958 2230 2072
f 2072 2230 2073
f 2073 2230 1946
f 2230 2040 1946
f 2073 1946 1959
f 1946 2038 1959
f 1959 2038 2037
f 1959 2037 2074
f 2074 2037 1960
f 2037 1942 2036
f 1960 2037 2036
f 1960 2036 2075
f 2075 2036 2077
f 2036 2035 2077
f 2077 2035 1944
f 2076 2077 1961
f 2075 2077 2076
f 1945 2033 2034
f 1945 1962 2033
f 1962 2078 1961
f 1962 1961 2033
f 2033 1961 2077
f 2033 2077 1944
f 1964 1963 2231
f 1964 2231 2101
f 2101 2231 1962
f 2101 1962 1945
f 1963 2080 2079
f 1963 2079 2231
f 2231 2079 1962
f 1966 1965 2081
f 1966 2081 2232
f 1975 1966 2100
f 1966 2232 2100
f 2232 1963 2100
f 2232 2081 2080
f 2232 2080 1963
f 2100 1963 1964
f 1965 1966 2098
f 1965 2098 2233
f 2098 2099 2233
f 2233 2099 1968
f 2083 2233 1968
f 2083 1968 1967
f 2082 2233 2083
f 1965 2233 2082
f 2085 1969 2084
f 2085 2084 1967
f 2097 2085 1968
f 2085 1967 1968
f 1967 2084 2083
f 1969 2096 2086
f 2086 2096 2088
f 2088 2096 1916
f 2096 2095 1916
f 1969 2085 2096
f 2085 1970 2096
f 2087 2088 1971
f 2086 2088 2087
f 1971 2006 1915
f 1971 1915 1972
f 2088 1916 2006
f 2088 2006 1971
f 2087 1971 1972
f 2087 1972 2089
f 2004 1973 2090
f 2004 2090 2005
f 1973 2092 2091
f 1973 2091 2090
f 2005 2090 1972
f 2005 1972 1915
f 1913 2003 2234
f 2234 2003 2002
f 2093 2234 2002
f 2093 2002 1974
f 1973 2004 1913
f 1973 1913 2234
f 2092 2234 2093
f 1973 2234 2092
f 1966 1975 2098
f 1977 1975 2100
f 1977 2100 2103
f 2103 2100 1964
f 2103 1964 1976
f 1976 1964 2101
f 1976 2101 2102
f 2102 2101 1945
f 2102 1945 1943
f 1979 1970 2085
f 1979 2085 2107
f 2107 2085 2097
f 2107 2097 2106
f 2106 2097 1968
f 2106 1968 1978
f 2098 2104 2105
f 2098 2105 2099
f 1975 1977 2104
f 1975 2104 2098
f 2099 2105 1978
f 2099 1978 1968
f 1970 1979 2109
f 1970 2109 2096
f 2096 2109 2108
f 2096 2108 2095
f 2095 2108 1918
f 2095 1918 1916
f 1980 2111 2109
f 2109 2111 2149
f 2108 2109 1918
f 2109 2149 1918
f 1979 1980 2109
f 2149 2111 2110
f 2149 2110 1981
f 1980 2107 1982
f 1982 2107 1978
f 2107 2106 1978
f 1980 1979 2107
f 2112 1982 2113
f 2112 1980 1982
f 2130 2236 2237
f 2236 2238 2237
f 2130 2237 2239
f 2237 2238 2241
f 2237 2241 2240
f 2133 2242 2243
f 2242 2244 2243
f 2133 2243 2236
f 2243 2244 2245
f 2135 2136 2246
f 2135 2246 2244
f 2135 2244 2242
f 2246 2247 2248
f 2246 2248 2244
f 2249 2250 2252
f 2249 2252 2251
f 2251 2252 2253
f 2251 2253 2247
f 2139 2250 2137
f 2139 2254 2250
f 2250 2254 2252
f 2254 2255 2253
f 2254 2253 2252
f 2256 2255 2254
f 2256 2257 2258
f 2256 2258 2255
f 2141 2259 2257
f 2259 2260 2261
f 2259 2261 2257
f 2260 2262 2261
f 1999 2263 2143
f 2263 2264 2265
f 2263 2265 2260
f 2143 2263 2260
f 2263 2260 2266
f 2260 2265 2266
f 2145 2267 2264
f 2145 2264 2265
f 2264 2267 2268
f 2264 2268 2265
f 2267 2268 2269
f 2148 2270 2146
f 2146 2270 2267
f 2270 2268 2267
f 2270 2271 2272
f 2270 2272 2268
f 2110 2273 2275
f 2273 2274 2275
f 2110 2273 2271
f 2273 2275 2272
f 2273 2272 2271
f 2112 2277 2274
f 2112 2276 2277
f 2276 2278 2277
f 2274 2277 2275
f 2277 2279 2275
f 2277 2278 2280
f 2277 2280 2279
f 2113 2281 2276
f 2281 2114 2282
f 2276 2281 2278
f 2281 2283 2278
f 2281 2282 2280
f 2281 2280 2283
f 1983 2284 2114
f 2284 2285 2282
f 2114 2284 2282
f 2284 2282 2283
f 2282 2285 2286
f 2282 2286 2283
f 2117 2287 2285
f 2287 2288 2289
f 2287 2289 2285
f 2287 2285 2286
f 2285 2289 2290
f 2285 2290 2286
f 2119 2288 2118
f 2119 2291 2289
f 2119 2289 2288
f 2291 2292 2289
f 2118 2288 2289
f 2288 2289 2290
f 2289 2292 2290
f 2121 2293 2294
f 2121 2293 2292
f 2121 2292 2291
f 2293 2295 2292
f 2293 2294 2296
f 2293 2296 2295
f 2297 2298 2294
f 2299 2300 2301
f 2299 2301 2302
f 2299 2302 2298
f 2301 2303 2302
f 2125 2126 2304
f 2126 2304 2305
f 2125 2304 2301
f 2125 2301 2300
f 2304 2305 2303
f 2304 2303 2301
f 2306 2307 2308
f 2127 2306 2304
f 2306 2308 2309
f 2129 2239 2307
f 2129 2307 2128
f 2239 2310 2307
f 2128 2307 2310
f 2307 2310 2240
f 2236 2243 2238
f 2243 2245 2241
f 2243 2241 2238
f 2249 2251 2247
f 2249 2247 2246
f 2251 2247 2248
f 2137 2250 2252
f 2250 2252 2253
f 2255 2258 2253
f 2141 2257 2256
f 2257 2261 2258
f 2143 2260 2259
f 2260 2266 2262
f 2265 2268 2266
f 2146 2267 2268
f 2273 2271 2270
f 2275 2279 2272
f 2278 2283 2280
f 2282 2283 2280
f 2287 2285 2284
f 2292 2295 2290
f 2297 2294 2293
f 2299 2298 2294
f 2298 2302 2296
f 2298 2296 2294
f 2304 2306 2305
f 2306 2308 2303
f 2306 2303 2305
f 2307 2310 2308
f 2310 2240 2309
f 2310 2309 2308
f 2239 2237 2310
f 2237 2240 2310
f 2240 2241 2235
f 2245 2235 2241
f 2244 2248 2235
f 2244 2235 2245
f 2247 2253 2235
f 2247 2235 2248
f 2252 2253 2235
f 2258 2235 2253
f 2261 2262 2235
f 2261 2235 2258
f 2266 2235 2262
f 2268 2269 2235
f 2268 2235 2266
f 2268 2272 2235
f 2279 2280 2235
f 2279 2235 2272
f 2283 2280 2235
f 2283 2286 2235
f 2286 2290 2235
f 2295 2296 2235
f 2295 2235 2290
f 2294 2296 2235
f 2302 2303 2235
f 2302 2235 2296
f 2308 2309 2235
f 2308 2235 2303
f 2240 2235 2309
f 2130 2132 2236
f 1992 2130 2239
f 2130 2239 2129
f 1993 2133 2242
f 2133 2135 2242
f 2133 2236 2132
f 1995 2137 2249
f 2137 2250 2249
f 1995 2249 2136
f 2136 2249 2246
f 1996 2139 2137
f 1996 2137 2138
f 1997 2140 2256
f 2140 2141 2256
f 1997 2256 2254
f 1997 2254 2139
f 1998 2259 2141
f 1998 2143 2259
f 1999 2144 2263
f 2144 2264 2263
f 2145 2146 2267
f 2145 2264 2144
f 2001 2148 2147
f 2147 2148 2146
f 2111 2273 2110
f 2111 2274 2273
f 2110 2273 2270
f 2110 2270 2148
f 1980 2112 2274
f 1980 2274 2111
f 2113 2114 2281
f 1982 2113 2276
f 2113 2276 2112
f 1983 2116 2284
f 2117 2118 2288
f 2117 2288 2287
f 2117 2287 2116
f 2116 2287 2284
f 1985 2119 2118
f 2122 2293 2121
f 1986 2121 2291
f 1986 2291 2119
f 1987 2123 2297
f 1987 2297 2122
f 2123 2298 2297
f 2122 2297 2293
f 1988 2124 2299
f 2124 2300 2299
f 2124 2125 2300
f 1988 2299 2123
f 2123 2299 2298
f 1989 2126 2125
f 2127 2128 2307
f 2127 2307 2306
f 2127 2304 2126
f 2115 1983 2104
f 2104 1983 2311
f 2104 2311 2105
f 2105 2311 1978
f 1977 2115 2104
f 1983 2114 2311
f 2311 2114 2113
f 2311 2113 1978
f 1978 2113 1982
f 1983 2115 2312
f 1983 2312 2116
f 2115 1977 2103
f 2115 2103 2312
f 2312 2103 1984
f 1984 2103 1976
f 2117 2312 1984
f 2116 2312 2117
f 1984 1976 2102
f 1984 2102 2313
f 2313 2102 1943
f 2313 1943 1985
f 2118 2313 1985
f 2117 1984 2313
f 2117 2313 2118
f 1985 1943 2032
f 1943 2031 2032
f 2119 1985 2032
f 2119 2032 1986
f 1986 2032 1941
f 1986 1941 2120
f 2029 1987 2122
f 2029 2122 2120
f 2029 2120 2030
f 2030 2120 1941
f 2120 2122 2121
f 2120 2121 1986
f 1939 1988 2027
f 2027 1988 2028
f 1988 2123 2028
f 2028 2123 1987
f 2028 1987 2029
f 1940 2028 2029
f 1937 1989 2314
f 1937 2314 2026
f 1989 2125 2314
f 2314 2125 2124
f 2026 2314 1939
f 2314 2124 1939
f 1939 2124 1988
f 2025 2026 1939
f 1934 1990 2315
f 1934 2315 2024
f 2024 2315 1989
f 2024 1989 1937
f 1990 2127 2126
f 1990 2126 2315
f 2315 2126 1989
f 1933 1991 2023
f 1991 2316 2023
f 2023 2316 1990
f 2023 1990 1934
f 1991 2129 2128
f 1991 2128 2316
f 2316 2128 2127
f 2316 2127 1990
f 1932 1992 2021
f 2021 1992 2129
f 2021 2129 1991
f 2022 2021 1933
f 2021 1991 1933
f 2131 1992 1932
f 1992 2130 2129
f 1932 2019 2131
f 2131 2019 2132
f 2132 2019 2134
f 2019 1930 2134
f 1992 2131 2130
f 2133 2134 1993
f 2133 2132 2134
f 2130 2131 2132
f 2017 1994 2135
f 2017 2135 1993
f 2017 1993 1930
f 1930 1993 2134
f 1927 2017 2018
f 1927 1994 2017
f 1993 2135 2133
f 1926 2317 2016
f 1926 1995 2317
f 2016 2317 1994
f 2016 1994 1927
f 2317 1995 2136
f 2317 2136 1994
f 1994 2136 2135
f 1925 1996 2138
f 1925 2138 2015
f 2015 2138 1995
f 2015 1995 1926
f 2138 2137 1995
f 1996 1925 2014
f 1996 2014 2318
f 2318 2014 2012
f 2014 1923 2012
f 1997 2318 2012
f 2139 2318 1997
f 2139 1996 2318
f 1921 2142 2013
f 2142 2140 2013
f 2013 2140 2012
f 2142 1998 2141
f 2142 2141 2140
f 2140 1997 2012
f 1920 1999 2319
f 2319 1999 1998
f 1920 2319 1921
f 2319 1998 1921
f 2011 1999 1920
f 1999 2143 1998
f 1921 1998 2142
f 1919 2320 2010
f 2010 2320 2011
f 2320 2144 1999
f 2320 1999 2011
f 2008 2000 2320
f 2008 2320 1919
f 2000 2145 2320
f 2320 2145 2144
f 2000 2008 2009
f 2000 2009 2147
f 2147 2009 1917
f 2147 1917 2001
f 2145 2000 2147
f 2145 2147 2146
f 2007 1981 2001
f 2007 2001 1917
f 1918 2149 2007
f 2149 1981 2007
f 1981 2110 2148
f 1981 2148 2001
f 2590 2655 2658
f 2590 2658 2589
f 2655 2656 2659
f 2655 2659 2658
f 2656 2657 2660
f 2656 2660 2659
f 2589 2658 2661
f 2589 2661 2588
f 2658 2659 2662
f 2658 2662 2661
f 2659 2660 2663
f 2659 2663 2662
f 2657 2586 2585
f 2657 2585 2660
f 2660 2585 2584
f 2660 2584 2663
f 2663 2584 2354
f 2663 2354 2435
f 2662 2663 2435
f 2662 2435 2434
f 2661 2662 2434
f 2661 2434 2433
f 2588 2661 2433
f 2588 2433 2325
f 2517 2665 2666
f 2517 2666 2518
f 2665 2525 2526
f 2665 2526 2666
f 2518 2666 2667
f 2518 2667 2519
f 2666 2526 2527
f 2666 2527 2667
f 2667 2527 2337
f 2667 2337 2409
f 2519 2667 2409
f 2519 2409 2338
f 2671 2672 2675
f 2671 2675 2674
f 2672 2673 2676
f 2672 2676 2675
f 2674 2675 2678
f 2674 2678 2677
f 2675 2676 2679
f 2675 2679 2678
f 2673 2541 2542
f 2673 2542 2676
f 2676 2542 2543
f 2676 2543 2679
f 2679 2543 2334
f 2679 2334 2420
f 2678 2679 2420
f 2678 2420 2419
f 2677 2678 2419
f 2677 2419 2418
f 2539 2677 2418
f 2539 2418 2335
f 2538 2674 2677
f 2538 2677 2539
f 2537 2671 2674
f 2537 2674 2538
f 2683 2684 2687
f 2683 2687 2686
f 2684 2685 2688
f 2684 2688 2687
f 2686 2687 2690
f 2686 2690 2689
f 2687 2688 2691
f 2687 2691 2690
f 2685 2549 2550
f 2685 2550 2688
f 2688 2550 2551
f 2688 2551 2691
f 2691 2551 2321
f 2691 2321 2424
f 2690 2691 2424
f 2690 2424 2423
f 2689 2690 2423
f 2689 2423 2422
f 2547 2689 2422
f 2547 2422 2333
f 2546 2686 2689
f 2546 2689 2547
f 2545 2683 2686
f 2545 2686 2546
f 2549 2693 2694
f 2549 2694 2550
f 2693 2621 2622
f 2693 2622 2694
f 2550 2694 2695
f 2550 2695 2551
f 2694 2622 2623
f 2694 2623 2695
f 2695 2623 2344
f 2695 2344 2425
f 2551 2695 2425
f 2551 2425 2321
f 2558 2697 2698
f 2558 2698 2557
f 2697 2553 2554
f 2697 2554 2698
f 2557 2698 2699
f 2557 2699 2556
f 2698 2554 2555
f 2698 2555 2699
f 2699 2555 2353
f 2699 2353 2448
f 2556 2699 2448
f 2556 2448 2332
f 2702 2703 2705
f 2702 2705 2704
f 2704 2705 2707
f 2704 2707 2706
f 2703 2570 2569
f 2703 2569 2705
f 2705 2569 2568
f 2705 2568 2707
f 2707 2568 2326
f 2707 2326 2440
f 2706 2707 2440
f 2706 2440 2441
f 2572 2706 2441
f 2572 2441 2329
f 2573 2704 2706
f 2573 2706 2572
f 2574 2702 2704
f 2574 2704 2573
f 2374 2359 2352
f 2374 2352 2335
f 2500 2499 2434
f 2500 2434 2435
f 2499 2498 2433
f 2499 2433 2434
f 2498 2357 2325
f 2498 2325 2433
f 2382 2500 2435
f 2382 2435 2354
f 2468 2467 2406
f 2468 2406 2405
f 2467 2368 2336
f 2467 2336 2406
f 2359 2468 2405
f 2359 2405 2352
f 2464 2463 2403
f 2464 2403 2404
f 2463 2367 2348
f 2463 2348 2403
f 2357 2464 2404
f 2357 2404 2325
f 2356 2457 2397
f 2356 2397 2324
f 2457 2456 2396
f 2457 2396 2397
f 2456 2455 2395
f 2456 2395 2396
f 2455 2364 2345
f 2455 2345 2395
f 2364 2454 2394
f 2364 2394 2345
f 2454 2363 2346
f 2454 2346 2394
f 2366 2460 2400
f 2366 2400 2349
f 2460 2459 2399
f 2460 2399 2400
f 2459 2365 2350
f 2459 2350 2399
f 2365 2458 2398
f 2365 2398 2350
f 2458 2356 2324
f 2458 2324 2398
f 2367 2462 2402
f 2367 2402 2348
f 2462 2461 2401
f 2462 2401 2402
f 2461 2366 2349
f 2461 2349 2401
f 2471 2469 2408
f 2471 2408 2407
f 2469 2369 2337
f 2469 2337 2408
f 2368 2471 2407
f 2368 2407 2336
f 2488 2487 2423
f 2488 2423 2424
f 2487 2486 2422
f 2487 2422 2423
f 2486 2376 2333
f 2486 2333 2422
f 2358 2488 2424
f 2358 2424 2321
f 2370 2474 2410
f 2370 2410 2338
f 2474 2473 2411
f 2474 2411 2410
f 2473 2360 2322
f 2473 2322 2411
f 2369 2472 2409
f 2369 2409 2337
f 2472 2370 2338
f 2472 2338 2409
f 2478 2477 2414
f 2478 2414 2413
f 2477 2372 2340
f 2477 2340 2414
f 2371 2478 2413
f 2371 2413 2339
f 2360 2475 2412
f 2360 2412 2322
f 2475 2371 2339
f 2475 2339 2412
f 2361 2497 2432
f 2361 2432 2323
f 2497 2495 2431
f 2497 2431 2432
f 2495 2381 2353
f 2495 2353 2431
f 2372 2480 2415
f 2372 2415 2340
f 2480 2479 2416
f 2480 2416 2415
f 2479 2373 2341
f 2479 2341 2416
f 2484 2483 2419
f 2484 2419 2420
f 2483 2482 2418
f 2483 2418 2419
f 2482 2374 2335
f 2482 2335 2418
f 2375 2484 2420
f 2375 2420 2334
f 2363 2453 2393
f 2363 2393 2346
f 2453 2452 2392
f 2453 2392 2393
f 2452 2362 2347
f 2452 2347 2392
f 2376 2485 2421
f 2376 2421 2333
f 2485 2375 2334
f 2485 2334 2421
f 2710 2711 2713
f 2710 2713 2712
f 2711 2517 2518
f 2711 2518 2713
f 2712 2713 2715
f 2712 2715 2714
f 2713 2518 2519
f 2713 2519 2715
f 2715 2519 2338
f 2715 2338 2410
f 2714 2715 2410
f 2714 2410 2411
f 2520 2714 2411
f 2520 2411 2322
f 2521 2712 2714
f 2521 2714 2520
f 2522 2710 2712
f 2522 2712 2521
f 2377 2489 2425
f 2377 2425 2344
f 2489 2358 2321
f 2489 2321 2425
f 2380 2492 2428
f 2380 2428 2342
f 2492 2379 2427
f 2492 2427 2428
f 2379 2378 2343
f 2379 2343 2427
f 2362 2451 2391
f 2362 2391 2347
f 2451 2450 2390
f 2451 2390 2391
f 2450 2355 2351
f 2450 2351 2390
f 2373 2481 2417
f 2373 2417 2341
f 2481 2361 2323
f 2481 2323 2417
f 2505 2504 2438
f 2505 2438 2439
f 2504 2384 2328
f 2504 2328 2438
f 2385 2505 2439
f 2385 2439 2329
f 2507 2506 2441
f 2507 2441 2440
f 2506 2385 2329
f 2506 2329 2441
f 2389 2507 2440
f 2389 2440 2326
f 2511 2510 2444
f 2511 2444 2445
f 2510 2509 2443
f 2510 2443 2444
f 2509 2386 2330
f 2509 2330 2443
f 2387 2511 2445
f 2387 2445 2331
f 2384 2503 2437
f 2384 2437 2328
f 2503 2502 2436
f 2503 2436 2437
f 2502 2383 2327
f 2502 2327 2436
f 2386 2515 2449
f 2386 2449 2330
f 2515 2389 2326
f 2515 2326 2449
f 2562 2718 2720
f 2562 2720 2561
f 2718 2719 2721
f 2718 2721 2720
f 2561 2720 2722
f 2561 2722 2560
f 2720 2721 2723
f 2720 2723 2722
f 2719 2558 2557
f 2719 2557 2721
f 2721 2557 2556
f 2721 2556 2723
f 2723 2556 2332
f 2723 2332 2447
f 2722 2723 2447
f 2722 2447 2446
f 2560 2722 2446
f 2560 2446 2331
f 2508 2382 2354
f 2508 2354 2442
f 2383 2508 2442
f 2383 2442 2327
f 2513 2512 2446
f 2513 2446 2447
f 2512 2387 2331
f 2512 2331 2446
f 2388 2513 2447
f 2388 2447 2332
f 2726 2727 2729
f 2726 2729 2728
f 2728 2729 2731
f 2728 2731 2730
f 2727 2618 2617
f 2727 2617 2729
f 2729 2617 2616
f 2729 2616 2731
f 2731 2616 2339
f 2731 2339 2413
f 2730 2731 2413
f 2730 2413 2414
f 2624 2730 2414
f 2624 2414 2340
f 2625 2728 2730
f 2625 2730 2624
f 2626 2726 2728
f 2626 2728 2625
f 2734 2735 2737
f 2734 2737 2736
f 2735 2578 2577
f 2735 2577 2737
f 2736 2737 2739
f 2736 2739 2738
f 2737 2577 2576
f 2737 2576 2739
f 2739 2576 2328
f 2739 2328 2437
f 2738 2739 2437
f 2738 2437 2436
f 2580 2738 2436
f 2580 2436 2327
f 2581 2736 2738
f 2581 2738 2580
f 2582 2734 2736
f 2582 2736 2581
f 2742 2743 2745
f 2742 2745 2744
f 2744 2745 2747
f 2744 2747 2746
f 2743 2590 2589
f 2743 2589 2745
f 2745 2589 2588
f 2745 2588 2747
f 2747 2588 2325
f 2747 2325 2404
f 2746 2747 2404
f 2746 2404 2403
f 2592 2746 2403
f 2592 2403 2348
f 2593 2744 2746
f 2593 2746 2592
f 2594 2742 2744
f 2594 2744 2593
f 2609 2749 2750
f 2609 2750 2610
f 2749 2613 2614
f 2749 2614 2750
f 2610 2750 2751
f 2610 2751 2611
f 2750 2614 2615
f 2750 2615 2751
f 2751 2615 2341
f 2751 2341 2417
f 2611 2751 2417
f 2611 2417 2323
f 2586 2753 2754
f 2586 2754 2585
f 2585 2754 2755
f 2585 2755 2584
f 2753 2582 2581
f 2753 2581 2754
f 2754 2581 2580
f 2754 2580 2755
f 2755 2580 2327
f 2755 2327 2442
f 2584 2755 2442
f 2584 2442 2354
f 2529 2758 2760
f 2529 2760 2530
f 2758 2759 2761
f 2758 2761 2760
f 2530 2760 2762
f 2530 2762 2531
f 2760 2761 2763
f 2760 2763 2762
f 2759 2533 2534
f 2759 2534 2761
f 2761 2534 2535
f 2761 2535 2763
f 2763 2535 2352
f 2763 2352 2405
f 2762 2763 2405
f 2762 2405 2406
f 2531 2762 2406
f 2531 2406 2336
f 2618 2765 2766
f 2618 2766 2617
f 2765 2522 2521
f 2765 2521 2766
f 2617 2766 2767
f 2617 2767 2616
f 2766 2521 2520
f 2766 2520 2767
f 2767 2520 2322
f 2767 2322 2412
f 2616 2767 2412
f 2616 2412 2339
f 2770 2771 2773
f 2770 2773 2772
f 2772 2773 2775
f 2772 2775 2774
f 2771 2529 2530
f 2771 2530 2773
f 2773 2530 2531
f 2773 2531 2775
f 2775 2531 2336
f 2775 2336 2407
f 2774 2775 2407
f 2774 2407 2408
f 2527 2774 2408
f 2527 2408 2337
f 2526 2772 2774
f 2526 2774 2527
f 2525 2770 2772
f 2525 2772 2526
f 2779 2780 2783
f 2779 2783 2782
f 2780 2781 2784
f 2780 2784 2783
f 2781 2597 2598
f 2781 2598 2784
f 2782 2783 2786
f 2782 2786 2785
f 2783 2784 2787
f 2783 2787 2786
f 2784 2598 2599
f 2784 2599 2787
f 2787 2599 2324
f 2787 2324 2397
f 2786 2787 2397
f 2786 2397 2396
f 2785 2786 2396
f 2785 2396 2395
f 2600 2785 2395
f 2600 2395 2345
f 2601 2782 2785
f 2601 2785 2600
f 2602 2779 2782
f 2602 2782 2601
f 2790 2791 2793
f 2790 2793 2792
f 2791 2626 2625
f 2791 2625 2793
f 2792 2793 2795
f 2792 2795 2794
f 2793 2625 2624
f 2793 2624 2795
f 2795 2624 2340
f 2795 2340 2415
f 2794 2795 2415
f 2794 2415 2416
f 2615 2794 2416
f 2615 2416 2341
f 2614 2792 2794
f 2614 2794 2615
f 2613 2790 2792
f 2613 2792 2614
f 2578 2798 2800
f 2578 2800 2577
f 2798 2799 2801
f 2798 2801 2800
f 2577 2800 2802
f 2577 2802 2576
f 2800 2801 2803
f 2800 2803 2802
f 2799 2574 2573
f 2799 2573 2801
f 2801 2573 2572
f 2801 2572 2803
f 2803 2572 2329
f 2803 2329 2439
f 2802 2803 2439
f 2802 2439 2438
f 2576 2802 2438
f 2576 2438 2328
f 2381 2514 2448
f 2381 2448 2353
f 2514 2388 2332
f 2514 2332 2448
f 2553 2806 2808
f 2553 2808 2554
f 2806 2807 2809
f 2806 2809 2808
f 2807 2609 2610
f 2807 2610 2809
f 2554 2808 2810
f 2554 2810 2555
f 2808 2809 2811
f 2808 2811 2810
f 2809 2610 2611
f 2809 2611 2811
f 2811 2611 2323
f 2811 2323 2432
f 2810 2811 2432
f 2810 2432 2431
f 2555 2810 2431
f 2555 2431 2353
f 2378 2490 2426
f 2378 2426 2343
f 2490 2377 2344
f 2490 2344 2426
f 2815 2816 2819
f 2815 2819 2818
f 2816 2817 2820
f 2816 2820 2819
f 2818 2819 2822
f 2818 2822 2821
f 2819 2820 2823
f 2819 2823 2822
f 2817 2562 2561
f 2817 2561 2820
f 2820 2561 2560
f 2820 2560 2823
f 2823 2560 2331
f 2823 2331 2445
f 2822 2823 2445
f 2822 2445 2444
f 2821 2822 2444
f 2821 2444 2443
f 2564 2821 2443
f 2564 2443 2330
f 2565 2818 2821
f 2565 2821 2564
f 2566 2815 2818
f 2566 2818 2565
f 2533 2537 2538
f 2533 2538 2534
f 2534 2538 2539
f 2534 2539 2535
f 2535 2539 2335
f 2535 2335 2352
f 2570 2825 2826
f 2570 2826 2569
f 2825 2566 2565
f 2825 2565 2826
f 2569 2826 2827
f 2569 2827 2568
f 2826 2565 2564
f 2826 2564 2827
f 2827 2564 2330
f 2827 2330 2449
f 2568 2827 2449
f 2568 2449 2326
f 2541 2829 2830
f 2541 2830 2542
f 2829 2545 2546
f 2829 2546 2830
f 2542 2830 2831
f 2542 2831 2543
f 2830 2546 2547
f 2830 2547 2831
f 2831 2547 2333
f 2831 2333 2421
f 2543 2831 2421
f 2543 2421 2334
f 2634 2834 2836
f 2634 2836 2633
f 2834 2835 2837
f 2834 2837 2836
f 2835 2629 2630
f 2835 2630 2837
f 2633 2836 2838
f 2633 2838 2632
f 2836 2837 2839
f 2836 2839 2838
f 2837 2630 2631
f 2837 2631 2839
f 2839 2631 2351
f 2839 2351 2430
f 2838 2839 2430
f 2838 2430 2429
f 2632 2838 2429
f 2632 2429 2342
f 2842 2843 2845
f 2842 2845 2844
f 2843 2634 2633
f 2843 2633 2845
f 2844 2845 2847
f 2844 2847 2846
f 2845 2633 2632
f 2845 2632 2847
f 2847 2632 2342
f 2847 2342 2428
f 2846 2847 2428
f 2846 2428 2427
f 2636 2846 2427
f 2636 2427 2343
f 2637 2844 2846
f 2637 2846 2636
f 2638 2842 2844
f 2638 2844 2637
f 2621 2849 2850
f 2621 2850 2622
f 2849 2638 2637
f 2849 2637 2850
f 2622 2850 2851
f 2622 2851 2623
f 2850 2637 2636
f 2850 2636 2851
f 2851 2636 2343
f 2851 2343 2426
f 2623 2851 2426
f 2623 2426 2344
f 2854 2855 2857
f 2854 2857 2856
f 2855 2650 2649
f 2855 2649 2857
f 2856 2857 2859
f 2856 2859 2858
f 2857 2649 2648
f 2857 2648 2859
f 2859 2648 2349
f 2859 2349 2400
f 2858 2859 2400
f 2858 2400 2399
f 2607 2858 2399
f 2607 2399 2350
f 2606 2856 2858
f 2606 2858 2607
f 2605 2854 2856
f 2605 2856 2606
f 2642 2861 2862
f 2642 2862 2641
f 2861 2602 2601
f 2861 2601 2862
f 2641 2862 2863
f 2641 2863 2640
f 2862 2601 2600
f 2862 2600 2863
f 2863 2600 2345
f 2863 2345 2394
f 2640 2863 2394
f 2640 2394 2346
f 2646 2866 2868
f 2646 2868 2645
f 2866 2867 2869
f 2866 2869 2868
f 2867 2642 2641
f 2867 2641 2869
f 2645 2868 2870
f 2645 2870 2644
f 2868 2869 2871
f 2868 2871 2870
f 2869 2641 2640
f 2869 2640 2871
f 2871 2640 2346
f 2871 2346 2393
f 2870 2871 2393
f 2870 2393 2392
f 2644 2870 2392
f 2644 2392 2347
f 2597 2873 2874
f 2597 2874 2598
f 2873 2605 2606
f 2873 2606 2874
f 2598 2874 2875
f 2598 2875 2599
f 2874 2606 2607
f 2874 2607 2875
f 2875 2607 2350
f 2875 2350 2398
f 2599 2875 2398
f 2599 2398 2324
f 2650 2878 2880
f 2650 2880 2649
f 2878 2879 2881
f 2878 2881 2880
f 2879 2594 2593
f 2879 2593 2881
f 2649 2880 2882
f 2649 2882 2648
f 2880 2881 2883
f 2880 2883 2882
f 2881 2593 2592
f 2881 2592 2883
f 2883 2592 2348
f 2883 2348 2402
f 2882 2883 2402
f 2882 2402 2401
f 2648 2882 2401
f 2648 2401 2349
f 2355 2450 2451
f 2462 2367 2461
f 2463 2464 2465
f 2468 2368 2467
f 2466 2468 2359
f 2470 2469 2471
f 2477 2476 2372
f 2359 2374 2884
f 2374 2482 2483
f 2490 2378 2491
f 2497 2361 2496
f 2499 2500 2382
f 2498 2499 2357
f 2499 2382 2501
f 2503 2384 2885
f 2511 2387 2510
f 3159 3206 3050
f 3159 3050 3056
f 3298 3081 3015
f 3298 3015 3014
f 3081 3084 3013
f 3081 3013 3015
f 3307 3087 2989
f 3307 2989 2988
f 3087 3090 2990
f 3087 2990 2989
f 3090 3212 2987
f 3090 2987 2990
f 3140 3144 3067
f 3140 3067 3016
f 3093 3096 3041
f 3093 3041 3043
f 3099 3102 3019
f 3099 3019 3020
f 3325 3105 3062
f 3325 3062 3061
f 3105 3111 3022
f 3105 3022 3062
f 3176 3171 3078
f 3176 3078 3049
f 3117 3120 3048
f 3117 3048 3047
f 3232 3099 3020
f 3232 3020 3074
f 3120 3123 3042
f 3120 3042 3048
f 3352 3200 3031
f 3352 3031 3030
f 3244 3128 3001
f 3244 3001 3037
f 3129 3132 2997
f 3129 2997 2996
f 3084 3218 3075
f 3084 3075 3013
f 3355 3135 3052
f 3355 3052 3033
f 3132 3233 2995
f 3132 2995 2997
f 3135 3141 3026
f 3135 3026 3052
f 3128 3147 3002
f 3128 3002 3001
f 3144 3150 3066
f 3144 3066 3067
f 3272 3165 3045
f 3272 3045 3063
f 3110 3153 3057
f 3110 3057 3029
f 3147 3290 2998
f 3147 2998 3002
f 3275 3158 3017
f 3275 3017 3021
f 3153 3159 3056
f 3153 3056 3057
f 3141 3162 3027
f 3141 3027 3026
f 3162 3168 3028
f 3162 3028 3027
f 3168 3197 3025
f 3168 3025 3028
f 3171 3180 3079
f 3171 3079 3078
f 3114 3186 3070
f 3114 3070 3005
f 3177 3187 3007
f 3177 3007 3006
f 3180 3190 3080
f 3180 3080 3079
f 3111 3263 3023
f 3111 3023 3022
f 3186 3196 3069
f 3186 3069 3070
f 3190 3195 3054
f 3190 3054 3080
f 3187 3114 3005
f 3187 3005 3007
f 3200 3203 3032
f 3200 3032 3031
f 3206 3284 3051
f 3206 3051 3050
f 3203 3110 3029
f 3203 3029 3032
f 3308 3211 2992
f 3308 2992 3053
f 3212 3215 3011
f 3212 3011 2987
f 3215 3221 3012
f 3215 3012 3011
f 3221 3226 3009
f 3221 3009 3012
f 3218 3227 3076
f 3218 3076 3075
f 3227 3232 3074
f 3227 3074 3076
f 3233 3236 3038
f 3233 3038 2995
f 3317 3129 2996
f 3317 2996 3003
f 3236 3239 3039
f 3236 3039 3038
f 3195 3302 3055
f 3195 3055 3054
f 3239 3244 3037
f 3239 3037 3039
f 3329 3287 3035
f 3329 3035 3058
f 3158 3245 3018
f 3158 3018 3017
f 3245 3140 3016
f 3245 3016 3018
f 3165 3251 3046
f 3165 3046 3045
f 3338 3177 3006
f 3338 3006 3008
f 3346 3298 3014
f 3346 3014 3071
f 3254 3320 3059
f 3254 3059 3044
f 3251 3254 3044
f 3251 3044 3046
f 3183 3257 3065
f 3183 3065 3064
f 3260 3266 3077
f 3260 3077 3040
f 3263 3269 3024
f 3263 3024 3023
f 3257 3272 3063
f 3257 3063 3065
f 3269 3275 3021
f 3269 3021 3024
f 3266 3183 3064
f 3266 3064 3077
f 3358 3355 3033
f 3358 3033 3034
f 3211 3278 2993
f 3211 2993 2992
f 3278 3281 2994
f 3278 2994 2993
f 3196 3335 3072
f 3196 3072 3069
f 3281 3248 2991
f 3281 2991 2994
f 3284 3176 3049
f 3284 3049 3051
f 3096 3260 3040
f 3096 3040 3041
f 3290 3293 2999
f 3290 2999 2998
f 3293 3299 3000
f 3293 3000 2999
f 3299 3307 2988
f 3299 2988 3000
f 3302 3308 3053
f 3302 3053 3055
f 3123 3093 3043
f 3123 3043 3042
f 3248 3311 3004
f 3248 3004 2991
f 3197 3314 3068
f 3197 3068 3025
f 3311 3317 3003
f 3311 3003 3004
f 3326 3325 3061
f 3326 3061 3060
f 3314 3326 3060
f 3314 3060 3068
f 3320 3329 3058
f 3320 3058 3059
f 3102 3117 3047
f 3102 3047 3019
f 3226 3332 3010
f 3226 3010 3009
f 3332 3338 3008
f 3332 3008 3010
f 3335 3341 3073
f 3335 3073 3072
f 2355 2494 2430
f 2355 2430 2351
f 2494 2493 2429
f 2494 2429 2430
f 2493 2380 2342
f 2493 2342 2429
f 3341 3346 3071
f 3341 3071 3073
f 2629 2981 2983
f 2629 2983 2630
f 2981 2982 2984
f 2981 2984 2983
f 2982 2646 2645
f 2982 2645 2984
f 2630 2983 2985
f 2630 2985 2631
f 2983 2984 2986
f 2983 2986 2985
f 2984 2645 2644
f 2984 2644 2986
f 3287 3347 3036
f 3287 3036 3035
f 3150 3352 3030
f 3150 3030 3066
f 2986 2644 2347
f 2986 2347 2391
f 2985 2986 2391
f 2985 2391 2390
f 2631 2985 2390
f 2631 2390 2351
f 3347 3358 3034
f 3347 3034 3036
f 2910 2888 2987
f 2886 2898 2988
f 2886 2988 2989
f 2887 2886 2989
f 2888 2887 2989
f 2888 2989 2990
f 2888 2990 2987
f 2890 2889 2992
f 2890 2992 2993
f 2891 2890 2993
f 2891 2993 2994
f 2891 2994 2991
f 2892 2996 2997
f 2893 2892 2997
f 2894 2893 2997
f 2894 2997 2995
f 2896 2895 2998
f 2896 2998 2999
f 2897 2896 2999
f 2897 2999 3000
f 2898 2897 3000
f 2898 3000 2988
f 2900 2899 3001
f 2901 2900 3001
f 2901 3001 3002
f 2895 2901 3002
f 2895 3002 2998
f 2892 2903 3003
f 2892 3003 2996
f 2902 2891 2991
f 2902 2991 3004
f 2903 2902 3004
f 2903 3004 3003
f 2905 2904 3006
f 2905 3006 3007
f 2906 2905 3007
f 2906 3007 3005
f 2904 3008 3006
f 2907 3009 3010
f 2908 2907 3010
f 2908 3010 3008
f 2909 2908 3008
f 2904 2909 3008
f 2911 2910 2987
f 2911 2987 3011
f 2911 3011 3012
f 2912 2911 3012
f 2912 3012 3009
f 2907 2912 3009
f 2971 2915 3013
f 2913 3014 3015
f 2914 2913 3015
f 2915 2914 3015
f 2915 3015 3013
f 2917 2916 3017
f 2917 3017 3018
f 2918 2917 3018
f 2918 3018 3016
f 2920 2919 3020
f 2920 3020 3019
f 2921 2920 3019
f 2916 3021 3017
f 2922 3022 3023
f 2922 3023 3024
f 2923 2922 3024
f 2923 3024 3021
f 2916 2923 3021
f 2925 2924 3026
f 2925 3026 3027
f 2925 3027 3028
f 2926 2925 3028
f 2926 3028 3025
f 2951 2929 3029
f 2927 2964 3030
f 2927 3030 3031
f 2927 3031 3032
f 2928 2927 3032
f 2928 3032 3029
f 2929 2928 3029
f 2931 3034 3033
f 2930 2956 3035
f 2930 3035 3036
f 2931 2930 3036
f 2931 3036 3034
f 2899 3037 3001
f 2894 2995 3038
f 2932 2894 3038
f 2932 3038 3039
f 2899 2932 3039
f 2899 3039 3037
f 2935 3041 3040
f 2933 2942 3042
f 2933 3042 3043
f 2933 3043 3041
f 2934 2933 3041
f 2935 2934 3041
f 2937 2936 3045
f 2937 3045 3046
f 2937 3046 3044
f 2938 2937 3044
f 2939 2921 3019
f 2939 3019 3047
f 2940 2939 3047
f 2941 2940 3047
f 2941 3047 3048
f 2941 3048 3042
f 2942 2941 3042
f 2943 2953 3050
f 2943 3050 3051
f 2944 2943 3051
f 2945 2944 3051
f 2945 3051 3049
f 2946 2931 3033
f 2946 3033 3052
f 2947 2946 3052
f 2924 2947 3052
f 2924 3052 3026
f 2889 2950 3053
f 2889 3053 2992
f 2948 3054 3055
f 2949 2948 3055
f 2949 3055 3053
f 2950 2949 3053
f 2953 3056 3050
f 2951 3029 3057
f 2952 2951 3057
f 2952 3057 3056
f 2953 2952 3056
f 2956 3058 3035
f 2954 2938 3044
f 2954 3044 3059
f 2955 2954 3059
f 2955 3059 3058
f 2956 2955 3058
f 2957 3060 3061
f 2957 3061 3062
f 2958 2957 3062
f 2959 2958 3062
f 2959 3062 3022
f 2922 2959 3022
f 2936 2962 3063
f 2936 3063 3045
f 2960 2975 3064
f 2961 2960 3064
f 2961 3064 3065
f 2962 2961 3065
f 2962 3065 3063
f 2964 3066 3030
f 2918 3016 3067
f 2963 2918 3067
f 2963 3067 3066
f 2964 2963 3066
f 2965 2926 3025
f 2965 3025 3068
f 2966 2965 3068
f 2957 2966 3068
f 2957 3068 3060
f 2967 2906 3005
f 2967 3005 3070
f 2968 2967 3070
f 2968 3070 3069
f 2913 2970 3071
f 2913 3071 3014
f 2969 2968 3069
f 2969 3069 3072
f 2969 3072 3073
f 2970 2969 3073
f 2970 3073 3071
f 2919 2973 3074
f 2919 3074 3020
f 2971 3013 3075
f 2972 2971 3075
f 2973 2972 3075
f 2973 3075 3076
f 2973 3076 3074
f 2974 2935 3040
f 2974 3040 3077
f 2975 2974 3077
f 2975 3077 3064
f 2948 2978 3054
f 2976 2945 3049
f 2976 3049 3078
f 2977 2976 3078
f 2977 3078 3079
f 2977 3079 3080
f 2978 2977 3080
f 2978 3080 3054
f 2789 2788 3356
f 2789 3356 3349
f 3349 3356 3357
f 3349 3357 3348
f 3348 3357 3358
f 3348 3358 3347
f 2700 2575 3350
f 2700 3350 3152
f 3152 3350 3351
f 3152 3351 3151
f 3151 3351 3352
f 3151 3352 3150
f 2627 2789 3349
f 2627 3349 3289
f 3289 3349 3348
f 3289 3348 3288
f 3288 3348 3347
f 3288 3347 3287
f 2681 2680 3344
f 2681 3344 3343
f 3343 3344 3345
f 3343 3345 3342
f 3342 3345 3346
f 3342 3346 3341
f 2682 2681 3343
f 2682 3343 3337
f 3337 3343 3342
f 3337 3342 3336
f 3336 3342 3341
f 3336 3341 3335
f 2841 2840 3340
f 2841 3340 3334
f 3334 3340 3339
f 3334 3339 3333
f 3333 3339 3338
f 3333 3338 3332
f 2635 2841 3334
f 2635 3334 3224
f 3224 3334 3333
f 3224 3333 3225
f 3225 3333 3332
f 3225 3332 3226
f 2532 2757 3119
f 2532 3119 3104
f 3104 3119 3118
f 3104 3118 3103
f 3103 3118 3117
f 3103 3117 3102
f 2725 2724 3331
f 2725 3331 3322
f 3322 3331 3330
f 3322 3330 3321
f 3321 3330 3329
f 3321 3329 3320
f 2696 2559 3328
f 2696 3328 3316
f 3316 3328 3327
f 3316 3327 3315
f 3315 3327 3326
f 3315 3326 3314
f 2559 2717 3323
f 2559 3323 3328
f 3328 3323 3324
f 3328 3324 3327
f 3327 3324 3325
f 3327 3325 3326
f 2853 2852 3319
f 2853 3319 3313
f 3313 3319 3318
f 3313 3318 3312
f 3312 3318 3317
f 3312 3317 3311
f 2552 2696 3316
f 2552 3316 3199
f 3199 3316 3315
f 3199 3315 3198
f 3198 3315 3314
f 3198 3314 3197
f 2651 2853 3313
f 2651 3313 3250
f 3250 3313 3312
f 3250 3312 3249
f 3249 3312 3311
f 3249 3311 3248
f 2528 2769 3095
f 2528 3095 3125
f 3125 3095 3094
f 3125 3094 3124
f 3124 3094 3093
f 3124 3093 3123
f 2741 2740 3310
f 2741 3310 3304
f 3304 3310 3309
f 3304 3309 3303
f 3303 3309 3308
f 3303 3308 3302
f 2864 2647 3305
f 2864 3305 3301
f 3301 3305 3306
f 3301 3306 3300
f 3300 3306 3307
f 3300 3307 3299
f 2865 2864 3301
f 2865 3301 3295
f 3295 3301 3300
f 3295 3300 3294
f 3294 3300 3299
f 3294 3299 3293
f 2643 2865 3295
f 2643 3295 3292
f 3292 3295 3294
f 3292 3294 3291
f 3291 3294 3293
f 3291 3293 3290
f 2768 2524 3262
f 2768 3262 3098
f 3098 3262 3261
f 3098 3261 3097
f 3097 3261 3260
f 3097 3260 3096
f 2752 2587 3174
f 2752 3174 3286
f 3286 3174 3175
f 3286 3175 3285
f 3285 3175 3176
f 3285 3176 3284
f 2876 2651 3250
f 2876 3250 3283
f 3283 3250 3249
f 3283 3249 3282
f 3282 3249 3248
f 3282 3248 3281
f 2877 2876 3283
f 2877 3283 3280
f 3280 3283 3282
f 3280 3282 3279
f 3279 3282 3281
f 3279 3281 3278
f 2595 2877 3280
f 2595 3280 3209
f 3209 3280 3279
f 3209 3279 3210
f 3210 3279 3278
f 3210 3278 3211
f 2788 2612 3353
f 2788 3353 3356
f 3356 3353 3354
f 3356 3354 3357
f 3357 3354 3355
f 3357 3355 3358
f 2664 2516 3185
f 2664 3185 3268
f 3268 3185 3184
f 3268 3184 3267
f 3267 3184 3183
f 3267 3183 3266
f 2813 2812 3277
f 2813 3277 3271
f 3271 3277 3276
f 3271 3276 3270
f 3270 3276 3275
f 3270 3275 3269
f 2709 2708 3274
f 2709 3274 3259
f 3259 3274 3273
f 3259 3273 3258
f 3258 3273 3272
f 3258 3272 3257
f 2814 2813 3271
f 2814 3271 3265
f 3265 3271 3270
f 3265 3270 3264
f 3264 3270 3269
f 3264 3269 3263
f 2524 2664 3268
f 2524 3268 3262
f 3262 3268 3267
f 3262 3267 3261
f 3261 3267 3266
f 3261 3266 3260
f 2516 2709 3259
f 2516 3259 3185
f 3185 3259 3258
f 3185 3258 3184
f 3184 3258 3257
f 3184 3257 3183
f 2764 2619 3256
f 2764 3256 3253
f 3253 3256 3255
f 3253 3255 3252
f 3252 3255 3254
f 3252 3254 3251
f 2619 2725 3322
f 2619 3322 3256
f 3256 3322 3321
f 3256 3321 3255
f 3255 3321 3320
f 3255 3320 3254
f 2680 2544 3296
f 2680 3296 3344
f 3344 3296 3297
f 3344 3297 3345
f 3345 3297 3298
f 3345 3298 3346
f 2840 2639 3179
f 2840 3179 3340
f 3340 3179 3178
f 3340 3178 3339
f 3339 3178 3177
f 3339 3177 3338
f 2523 2764 3253
f 2523 3253 3167
f 3167 3253 3252
f 3167 3252 3166
f 3166 3252 3251
f 3166 3251 3165
f 2824 2571 3138
f 2824 3138 3247
f 3247 3138 3139
f 3247 3139 3246
f 3246 3139 3140
f 3246 3140 3245
f 2567 2824 3247
f 2567 3247 3156
f 3156 3247 3246
f 3156 3246 3157
f 3157 3246 3245
f 3157 3245 3158
f 2724 2627 3289
f 2724 3289 3331
f 3331 3289 3288
f 3331 3288 3330
f 3330 3288 3287
f 3330 3287 3329
f 2777 2776 3242
f 2777 3242 3241
f 3241 3242 3243
f 3241 3243 3240
f 3240 3243 3244
f 3240 3244 3239
f 2591 2741 3304
f 2591 3304 3193
f 3193 3304 3303
f 3193 3303 3194
f 3194 3303 3302
f 3194 3302 3195
f 2778 2777 3241
f 2778 3241 3238
f 3238 3241 3240
f 3238 3240 3237
f 3237 3240 3239
f 3237 3239 3236
f 2852 2604 3131
f 2852 3131 3319
f 3319 3131 3130
f 3319 3130 3318
f 3318 3130 3129
f 3318 3129 3317
f 2596 2778 3238
f 2596 3238 3235
f 3235 3238 3237
f 3235 3237 3234
f 3234 3237 3236
f 3234 3236 3233
f 2669 2668 3230
f 2669 3230 3229
f 3229 3230 3231
f 3229 3231 3228
f 3228 3231 3232
f 3228 3232 3227
f 2670 2669 3229
f 2670 3229 3220
f 3220 3229 3228
f 3220 3228 3219
f 3219 3228 3227
f 3219 3227 3218
f 2832 2635 3224
f 2832 3224 3223
f 3223 3224 3225
f 3223 3225 3222
f 3222 3225 3226
f 3222 3226 3221
f 2833 2832 3223
f 2833 3223 3217
f 3217 3223 3222
f 3217 3222 3216
f 3216 3222 3221
f 3216 3221 3215
f 2628 2833 3217
f 2628 3217 3214
f 3214 3217 3216
f 3214 3216 3213
f 3213 3216 3215
f 3213 3215 3212
f 2740 2595 3209
f 2740 3209 3310
f 3310 3209 3210
f 3310 3210 3309
f 3309 3210 3211
f 3309 3211 3308
f 2796 2579 3108
f 2796 3108 3205
f 3205 3108 3109
f 3205 3109 3204
f 3204 3109 3110
f 3204 3110 3203
f 2583 2752 3286
f 2583 3286 3208
f 3208 3286 3285
f 3208 3285 3207
f 3207 3285 3284
f 3207 3284 3206
f 2797 2796 3205
f 2797 3205 3202
f 3202 3205 3204
f 3202 3204 3201
f 3201 3204 3203
f 3201 3203 3200
f 2848 2620 3116
f 2848 3116 3189
f 3189 3116 3115
f 3189 3115 3188
f 3188 3115 3114
f 3188 3114 3187
f 2652 2591 3193
f 2652 3193 3192
f 3192 3193 3194
f 3192 3194 3191
f 3191 3194 3195
f 3191 3195 3190
f 2563 2814 3265
f 2563 3265 3113
f 3113 3265 3264
f 3113 3264 3112
f 3112 3264 3263
f 3112 3263 3111
f 2653 2652 3192
f 2653 3192 3182
f 3182 3192 3191
f 3182 3191 3181
f 3181 3191 3190
f 3181 3190 3180
f 3115 3186 3114
f 2639 2848 3189
f 2639 3189 3179
f 3179 3189 3188
f 3179 3188 3178
f 3178 3188 3187
f 3178 3187 3177
f 2654 2653 3182
f 2654 3182 3173
f 3173 3182 3181
f 3173 3181 3172
f 3172 3181 3180
f 3172 3180 3171
f 2804 2552 3199
f 2804 3199 3170
f 3170 3199 3198
f 3170 3198 3169
f 3169 3198 3197
f 3169 3197 3168
f 2805 2804 3170
f 2805 3170 3164
f 3164 3170 3169
f 3164 3169 3163
f 3163 3169 3168
f 3163 3168 3162
f 2608 2805 3164
f 2608 3164 3143
f 3143 3164 3163
f 3143 3163 3142
f 3142 3163 3162
f 3142 3162 3141
f 2733 2732 3161
f 2733 3161 3155
f 3155 3161 3160
f 3155 3160 3154
f 3154 3160 3159
f 3154 3159 3153
f 2812 2567 3156
f 2812 3156 3277
f 3277 3156 3157
f 3277 3157 3276
f 3276 3157 3158
f 3276 3158 3275
f 2860 2643 3292
f 2860 3292 3149
f 3149 3292 3291
f 3149 3291 3148
f 3148 3291 3290
f 3148 3290 3147
f 2579 2733 3155
f 2579 3155 3108
f 3108 3155 3154
f 3108 3154 3109
f 3109 3154 3153
f 3109 3153 3110
f 2708 2523 3167
f 2708 3167 3274
f 3274 3167 3166
f 3274 3166 3273
f 3273 3166 3165
f 3273 3165 3272
f 2701 2700 3152
f 2701 3152 3146
f 3146 3152 3151
f 3146 3151 3145
f 3145 3151 3150
f 3145 3150 3144
f 2603 2860 3149
f 2603 3149 3126
f 3126 3149 3148
f 3126 3148 3127
f 3127 3148 3147
f 3127 3147 3128
f 2748 2608 3143
f 2748 3143 3137
f 3137 3143 3142
f 3137 3142 3136
f 3136 3142 3141
f 3136 3141 3135
f 2872 2596 3235
f 2872 3235 3134
f 3134 3235 3234
f 3134 3234 3133
f 3133 3234 3233
f 3133 3233 3132
f 2612 2748 3137
f 2612 3137 3353
f 3353 3137 3136
f 3353 3136 3354
f 3354 3136 3135
f 3354 3135 3355
f 2540 2670 3220
f 2540 3220 3086
f 3086 3220 3219
f 3086 3219 3085
f 3085 3219 3218
f 3085 3218 3084
f 2604 2872 3134
f 2604 3134 3131
f 3131 3134 3133
f 3131 3133 3130
f 3130 3133 3132
f 3130 3132 3129
f 2776 2603 3126
f 2776 3126 3242
f 3242 3126 3127
f 3242 3127 3243
f 3243 3127 3128
f 3243 3128 3244
f 2575 2797 3202
f 2575 3202 3350
f 3350 3202 3201
f 3350 3201 3351
f 3351 3201 3200
f 3351 3200 3352
f 2756 2528 3125
f 2756 3125 3122
f 3122 3125 3124
f 3122 3124 3121
f 3121 3124 3123
f 3121 3123 3120
f 2668 2536 3101
f 2668 3101 3230
f 3230 3101 3100
f 3230 3100 3231
f 3231 3100 3099
f 3231 3099 3232
f 2757 2756 3122
f 2757 3122 3119
f 3119 3122 3121
f 3119 3121 3118
f 3118 3121 3120
f 3118 3120 3117
f 2587 2654 3173
f 2587 3173 3174
f 3174 3173 3172
f 3174 3172 3175
f 3175 3172 3171
f 3175 3171 3176
f 2716 2563 3113
f 2716 3113 3107
f 3107 3113 3112
f 3107 3112 3106
f 3106 3112 3111
f 3106 3111 3105
f 2717 2716 3107
f 2717 3107 3323
f 3323 3107 3106
f 3323 3106 3324
f 3324 3106 3105
f 3324 3105 3325
f 2536 2532 3104
f 2536 3104 3101
f 3101 3104 3103
f 3101 3103 3100
f 3100 3103 3102
f 3100 3102 3099
f 2769 2768 3098
f 2769 3098 3095
f 3095 3098 3097
f 3095 3097 3094
f 3094 3097 3096
f 3094 3096 3093
f 2571 2701 3146
f 2571 3146 3138
f 3138 3146 3145
f 3138 3145 3139
f 3139 3145 3144
f 3139 3144 3140
f 2979 2628 3214
f 2979 3214 3092
f 3092 3214 3213
f 3092 3213 3091
f 3091 3213 3212
f 3091 3212 3090
f 2980 2979 3092
f 2980 3092 3089
f 3089 3092 3091
f 3089 3091 3088
f 3088 3091 3090
f 3088 3090 3087
f 2647 2980 3089
f 2647 3089 3305
f 3305 3089 3088
f 3305 3088 3306
f 3306 3088 3087
f 3306 3087 3307
f 2828 2540 3086
f 2828 3086 3083
f 3083 3086 3085
f 3083 3085 3082
f 3082 3085 3084
f 3082 3084 3081
f 2544 2828 3083
f 2544 3083 3296
f 3296 3083 3082
f 3296 3082 3297
f 3297 3082 3081
f 3297 3081 3298
f 2732 2583 3208
f 2732 3208 3161
f 3161 3208 3207
f 3161 3207 3160
f 3160 3207 3206
f 3160 3206 3159
f 2980 2647 2646
f 2980 2646 2982
f 2979 2980 2982
f 2979 2982 2981
f 2628 2979 2981
f 2628 2981 2629
f 2877 2595 2594
f 2877 2594 2879
f 2876 2877 2879
f 2876 2879 2878
f 2651 2876 2878
f 2651 2878 2650
f 2872 2604 2605
f 2872 2605 2873
f 2596 2872 2873
f 2596 2873 2597
f 2865 2643 2642
f 2865 2642 2867
f 2864 2865 2867
f 2864 2867 2866
f 2647 2864 2866
f 2647 2866 2646
f 2860 2603 2602
f 2860 2602 2861
f 2643 2860 2861
f 2643 2861 2642
f 2604 2852 2854
f 2604 2854 2605
f 2853 2651 2650
f 2853 2650 2855
f 2852 2853 2855
f 2852 2855 2854
f 2848 2639 2638
f 2848 2638 2849
f 2620 2848 2849
f 2620 2849 2621
f 2639 2840 2842
f 2639 2842 2638
f 2841 2635 2634
f 2841 2634 2843
f 2840 2841 2843
f 2840 2843 2842
f 2833 2628 2629
f 2833 2629 2835
f 2832 2833 2835
f 2832 2835 2834
f 2635 2832 2834
f 2635 2834 2634
f 2828 2544 2545
f 2828 2545 2829
f 2540 2828 2829
f 2540 2829 2541
f 2824 2567 2566
f 2824 2566 2825
f 2571 2824 2825
f 2571 2825 2570
f 2532 2536 2537
f 2532 2537 2533
f 2567 2812 2815
f 2567 2815 2566
f 2814 2563 2562
f 2814 2562 2817
f 2813 2814 2817
f 2813 2817 2816
f 2812 2813 2816
f 2812 2816 2815
f 2805 2608 2609
f 2805 2609 2807
f 2804 2805 2807
f 2804 2807 2806
f 2552 2804 2806
f 2552 2806 2553
f 2797 2575 2574
f 2797 2574 2799
f 2796 2797 2799
f 2796 2799 2798
f 2579 2796 2798
f 2579 2798 2578
f 2612 2788 2790
f 2612 2790 2613
f 2789 2627 2626
f 2789 2626 2791
f 2788 2789 2791
f 2788 2791 2790
f 2603 2776 2779
f 2603 2779 2602
f 2778 2596 2597
f 2778 2597 2781
f 2777 2778 2781
f 2777 2781 2780
f 2776 2777 2780
f 2776 2780 2779
f 2524 2768 2770
f 2524 2770 2525
f 2769 2528 2529
f 2769 2529 2771
f 2768 2769 2771
f 2768 2771 2770
f 2764 2523 2522
f 2764 2522 2765
f 2619 2764 2765
f 2619 2765 2618
f 2757 2532 2533
f 2757 2533 2759
f 2756 2757 2759
f 2756 2759 2758
f 2528 2756 2758
f 2528 2758 2529
f 2752 2583 2582
f 2752 2582 2753
f 2587 2752 2753
f 2587 2753 2586
f 2748 2612 2613
f 2748 2613 2749
f 2608 2748 2749
f 2608 2749 2609
f 2595 2740 2742
f 2595 2742 2594
f 2741 2591 2590
f 2741 2590 2743
f 2740 2741 2743
f 2740 2743 2742
f 2583 2732 2734
f 2583 2734 2582
f 2733 2579 2578
f 2733 2578 2735
f 2732 2733 2735
f 2732 2735 2734
f 2627 2724 2726
f 2627 2726 2626
f 2725 2619 2618
f 2725 2618 2727
f 2724 2725 2727
f 2724 2727 2726
f 2717 2559 2558
f 2717 2558 2719
f 2716 2717 2719
f 2716 2719 2718
f 2563 2716 2718
f 2563 2718 2562
f 2523 2708 2710
f 2523 2710 2522
f 2709 2516 2517
f 2709 2517 2711
f 2708 2709 2711
f 2708 2711 2710
f 2575 2700 2702
f 2575 2702 2574
f 2701 2571 2570
f 2701 2570 2703
f 2700 2701 2703
f 2700 2703 2702
f 2696 2552 2553
f 2696 2553 2697
f 2559 2696 2697
f 2559 2697 2558
f 2692 2620 2621
f 2692 2621 2693
f 2548 2692 2693
f 2548 2693 2549
f 2544 2680 2683
f 2544 2683 2545
f 2682 2548 2549
f 2682 2549 2685
f 2681 2682 2685
f 2681 2685 2684
f 2680 2681 2684
f 2680 2684 2683
f 2536 2668 2671
f 2536 2671 2537
f 2670 2540 2541
f 2670 2541 2673
f 2669 2670 2673
f 2669 2673 2672
f 2668 2669 2672
f 2668 2672 2671
f 2664 2524 2525
f 2664 2525 2665
f 2516 2664 2665
f 2516 2665 2517
f 2654 2587 2586
f 2654 2586 2657
f 2653 2654 2657
f 2653 2657 2656
f 2652 2653 2656
f 2652 2656 2655
f 2591 2652 2655
f 2591 2655 2590
f 3196 3336 3335
f 2692 2548 3360
f 2692 3360 3361
f 3186 3115 3364
f 3186 3364 3368
f 3337 3336 3365
f 3337 3365 3366
f 2620 2692 3361
f 2620 3361 3362
f 2682 3337 3366
f 2682 3366 3359
f 3116 2620 3362
f 3116 3362 3363
f 3336 3196 3367
f 3336 3367 3365
f 3115 3116 3363
f 3115 3363 3364
f 3196 3186 3368
f 3196 3368 3367
f 2548 2682 3359
f 2548 3359 3360
f 3371 3368 3364
f 3361 3369 3363
f 3361 3363 3362
f 3369 3371 3364
f 3369 3364 3363
f 3360 3370 3369
f 3360 3369 3361
f 3370 3372 3371
f 3370 3371 3369
f 3372 3367 3368
f 3372 3368 3371
f 3360 3366 3370
f 3366 3365 3372
f 3366 3372 3370
f 3365 3372 3367
f 3359 3366 3360
f 3713 3714 3716
f 3713 3716 3715
f 3715 3716 3718
f 3715 3718 3717
f 3717 3718 3720
f 3717 3720 3719
f 3381 3496 3713
f 3381 3713 3628
f 3496 3495 3714
f 3496 3714 3713
f 3495 3403 3629
f 3495 3629 3714
f 3714 3629 3630
f 3714 3630 3716
f 3716 3630 3631
f 3716 3631 3718
f 3718 3631 3632
f 3718 3632 3720
f 3626 3717 3719
f 3626 3719 3625
f 3627 3715 3717
f 3627 3717 3626
f 3628 3713 3715
f 3628 3715 3627
f 3616 3721 3724
f 3616 3724 3615
f 3721 3722 3725
f 3721 3725 3724
f 3722 3723 3726
f 3722 3726 3725
f 3615 3724 3727
f 3615 3727 3614
f 3724 3725 3728
f 3724 3728 3727
f 3725 3726 3729
f 3725 3729 3728
f 3614 3727 3730
f 3614 3730 3613
f 3727 3728 3731
f 3727 3731 3730
f 3728 3729 3732
f 3728 3732 3731
f 3379 3480 3721
f 3379 3721 3616
f 3480 3479 3722
f 3480 3722 3721
f 3479 3478 3723
f 3479 3723 3722
f 3478 3397 3617
f 3478 3617 3723
f 3723 3617 3618
f 3723 3618 3726
f 3726 3618 3619
f 3726 3619 3729
f 3729 3619 3620
f 3729 3620 3732
f 3604 3733 3735
f 3604 3735 3603
f 3733 3734 3736
f 3733 3736 3735
f 3734 3605 3606
f 3734 3606 3736
f 3603 3735 3737
f 3603 3737 3602
f 3735 3736 3738
f 3735 3738 3737
f 3736 3606 3607
f 3736 3607 3738
f 3602 3737 3739
f 3602 3739 3601
f 3737 3738 3740
f 3737 3740 3739
f 3738 3607 3608
f 3738 3608 3740
f 3377 3472 3733
f 3377 3733 3604
f 3472 3471 3734
f 3472 3734 3733
f 3471 3395 3605
f 3471 3605 3734
f 3741 3742 3744
f 3741 3744 3743
f 3743 3744 3746
f 3743 3746 3745
f 3745 3746 3748
f 3745 3748 3747
f 3427 3556 3741
f 3427 3741 3697
f 3556 3555 3742
f 3556 3742 3741
f 3555 3429 3688
f 3555 3688 3742
f 3742 3688 3687
f 3742 3687 3744
f 3744 3687 3686
f 3744 3686 3746
f 3746 3686 3685
f 3746 3685 3748
f 3699 3745 3747
f 3699 3747 3700
f 3698 3743 3745
f 3698 3745 3699
f 3697 3741 3743
f 3697 3743 3698
f 3749 3750 3752
f 3749 3752 3751
f 3750 3593 3594
f 3750 3594 3752
f 3751 3752 3754
f 3751 3754 3753
f 3752 3594 3595
f 3752 3595 3754
f 3753 3754 3756
f 3753 3756 3755
f 3754 3595 3596
f 3754 3596 3756
f 3375 3458 3749
f 3375 3749 3592
f 3458 3457 3750
f 3458 3750 3749
f 3457 3389 3593
f 3457 3593 3750
f 3590 3753 3755
f 3590 3755 3589
f 3591 3751 3753
f 3591 3753 3590
f 3592 3749 3751
f 3592 3751 3591
f 3593 3757 3760
f 3593 3760 3594
f 3757 3758 3761
f 3757 3761 3760
f 3758 3759 3762
f 3758 3762 3761
f 3594 3760 3763
f 3594 3763 3595
f 3760 3761 3764
f 3760 3764 3763
f 3761 3762 3765
f 3761 3765 3764
f 3595 3763 3766
f 3595 3766 3596
f 3763 3764 3767
f 3763 3767 3766
f 3764 3765 3768
f 3764 3768 3767
f 3389 3453 3757
f 3389 3757 3593
f 3453 3452 3758
f 3453 3758 3757
f 3452 3451 3759
f 3452 3759 3758
f 3451 3387 3652
f 3451 3652 3759
f 3759 3652 3651
f 3759 3651 3762
f 3762 3651 3650
f 3762 3650 3765
f 3765 3650 3649
f 3765 3649 3768
f 3769 3770 3773
f 3769 3773 3772
f 3770 3771 3774
f 3770 3774 3773
f 3771 3600 3599
f 3771 3599 3774
f 3772 3773 3776
f 3772 3776 3775
f 3773 3774 3777
f 3773 3777 3776
f 3774 3599 3598
f 3774 3598 3777
f 3775 3776 3779
f 3775 3779 3778
f 3776 3777 3780
f 3776 3780 3779
f 3777 3598 3597
f 3777 3597 3780
f 3393 3465 3769
f 3393 3769 3656
f 3465 3464 3770
f 3465 3770 3769
f 3464 3463 3771
f 3464 3771 3770
f 3463 3391 3600
f 3463 3600 3771
f 3654 3775 3778
f 3654 3778 3653
f 3655 3772 3775
f 3655 3775 3654
f 3656 3769 3772
f 3656 3772 3655
f 3600 3781 3782
f 3600 3782 3599
f 3781 3592 3591
f 3781 3591 3782
f 3599 3782 3783
f 3599 3783 3598
f 3782 3591 3590
f 3782 3590 3783
f 3598 3783 3784
f 3598 3784 3597
f 3783 3590 3589
f 3783 3589 3784
f 3391 3461 3781
f 3391 3781 3600
f 3461 3375 3592
f 3461 3592 3781
f 3605 3785 3786
f 3605 3786 3606
f 3785 3656 3655
f 3785 3655 3786
f 3606 3786 3787
f 3606 3787 3607
f 3786 3655 3654
f 3786 3654 3787
f 3607 3787 3788
f 3607 3788 3608
f 3787 3654 3653
f 3787 3653 3788
f 3395 3469 3785
f 3395 3785 3605
f 3469 3393 3656
f 3469 3656 3785
f 3617 3789 3790
f 3617 3790 3618
f 3789 3657 3658
f 3789 3658 3790
f 3618 3790 3791
f 3618 3791 3619
f 3790 3658 3659
f 3790 3659 3791
f 3619 3791 3792
f 3619 3792 3620
f 3791 3659 3660
f 3791 3660 3792
f 3397 3482 3789
f 3397 3789 3617
f 3482 3399 3657
f 3482 3657 3789
f 3612 3793 3794
f 3612 3794 3611
f 3793 3604 3603
f 3793 3603 3794
f 3611 3794 3795
f 3611 3795 3610
f 3794 3603 3602
f 3794 3602 3795
f 3610 3795 3796
f 3610 3796 3609
f 3795 3602 3601
f 3795 3601 3796
f 3419 3538 3793
f 3419 3793 3612
f 3538 3377 3604
f 3538 3604 3793
f 3797 3798 3801
f 3797 3801 3800
f 3798 3799 3802
f 3798 3802 3801
f 3799 3616 3615
f 3799 3615 3802
f 3800 3801 3804
f 3800 3804 3803
f 3801 3802 3805
f 3801 3805 3804
f 3802 3615 3614
f 3802 3614 3805
f 3803 3804 3807
f 3803 3807 3806
f 3804 3805 3808
f 3804 3808 3807
f 3805 3614 3613
f 3805 3613 3808
f 3421 3541 3797
f 3421 3797 3624
f 3541 3540 3798
f 3541 3798 3797
f 3540 3539 3799
f 3540 3799 3798
f 3539 3379 3616
f 3539 3616 3799
f 3622 3803 3806
f 3622 3806 3621
f 3623 3800 3803
f 3623 3803 3622
f 3624 3797 3800
f 3624 3800 3623
f 3657 3809 3812
f 3657 3812 3658
f 3809 3810 3813
f 3809 3813 3812
f 3810 3811 3814
f 3810 3814 3813
f 3658 3812 3815
f 3658 3815 3659
f 3812 3813 3816
f 3812 3816 3815
f 3813 3814 3817
f 3813 3817 3816
f 3659 3815 3818
f 3659 3818 3660
f 3815 3816 3819
f 3815 3819 3818
f 3816 3817 3820
f 3816 3820 3819
f 3399 3488 3809
f 3399 3809 3657
f 3488 3487 3810
f 3488 3810 3809
f 3487 3486 3811
f 3487 3811 3810
f 3486 3401 3636
f 3486 3636 3811
f 3811 3636 3635
f 3811 3635 3814
f 3814 3635 3634
f 3814 3634 3817
f 3817 3634 3633
f 3817 3633 3820
f 3629 3821 3822
f 3629 3822 3630
f 3821 3661 3662
f 3821 3662 3822
f 3630 3822 3823
f 3630 3823 3631
f 3822 3662 3663
f 3822 3663 3823
f 3631 3823 3824
f 3631 3824 3632
f 3823 3663 3664
f 3823 3664 3824
f 3403 3498 3821
f 3403 3821 3629
f 3498 3405 3661
f 3498 3661 3821
f 3825 3826 3829
f 3825 3829 3828
f 3826 3827 3830
f 3826 3830 3829
f 3827 3641 3642
f 3827 3642 3830
f 3828 3829 3832
f 3828 3832 3831
f 3829 3830 3833
f 3829 3833 3832
f 3830 3642 3643
f 3830 3643 3833
f 3831 3832 3835
f 3831 3835 3834
f 3832 3833 3836
f 3832 3836 3835
f 3833 3643 3644
f 3833 3644 3836
f 3407 3508 3825
f 3407 3825 3640
f 3508 3507 3826
f 3508 3826 3825
f 3507 3506 3827
f 3507 3827 3826
f 3506 3383 3641
f 3506 3641 3827
f 3638 3831 3834
f 3638 3834 3637
f 3639 3828 3831
f 3639 3831 3638
f 3640 3825 3828
f 3640 3828 3639
f 3636 3837 3839
f 3636 3839 3635
f 3837 3838 3840
f 3837 3840 3839
f 3838 3628 3627
f 3838 3627 3840
f 3635 3839 3841
f 3635 3841 3634
f 3839 3840 3842
f 3839 3842 3841
f 3840 3627 3626
f 3840 3626 3842
f 3634 3841 3843
f 3634 3843 3633
f 3841 3842 3844
f 3841 3844 3843
f 3842 3626 3625
f 3842 3625 3844
f 3401 3492 3837
f 3401 3837 3636
f 3492 3491 3838
f 3492 3838 3837
f 3491 3381 3628
f 3491 3628 3838
f 3661 3845 3847
f 3661 3847 3662
f 3845 3846 3848
f 3845 3848 3847
f 3846 3640 3639
f 3846 3639 3848
f 3662 3847 3849
f 3662 3849 3663
f 3847 3848 3850
f 3847 3850 3849
f 3848 3639 3638
f 3848 3638 3850
f 3663 3849 3851
f 3663 3851 3664
f 3849 3850 3852
f 3849 3852 3851
f 3850 3638 3637
f 3850 3637 3852
f 3405 3502 3845
f 3405 3845 3661
f 3502 3501 3846
f 3502 3846 3845
f 3501 3407 3640
f 3501 3640 3846
f 3645 3853 3855
f 3645 3855 3646
f 3853 3854 3856
f 3853 3856 3855
f 3854 3665 3666
f 3854 3666 3856
f 3646 3855 3857
f 3646 3857 3647
f 3855 3856 3858
f 3855 3858 3857
f 3856 3666 3667
f 3856 3667 3858
f 3647 3857 3859
f 3647 3859 3648
f 3857 3858 3860
f 3857 3860 3859
f 3858 3667 3668
f 3858 3668 3860
f 3409 3516 3853
f 3409 3853 3645
f 3516 3515 3854
f 3516 3854 3853
f 3515 3411 3665
f 3515 3665 3854
f 3861 3862 3864
f 3861 3864 3863
f 3863 3864 3866
f 3863 3866 3865
f 3865 3866 3868
f 3865 3868 3867
f 3383 3512 3861
f 3383 3861 3641
f 3512 3511 3862
f 3512 3862 3861
f 3511 3409 3645
f 3511 3645 3862
f 3862 3645 3646
f 3862 3646 3864
f 3864 3646 3647
f 3864 3647 3866
f 3866 3647 3648
f 3866 3648 3868
f 3643 3865 3867
f 3643 3867 3644
f 3642 3863 3865
f 3642 3865 3643
f 3641 3861 3863
f 3641 3863 3642
f 3652 3869 3871
f 3652 3871 3651
f 3869 3870 3872
f 3869 3872 3871
f 3870 3588 3587
f 3870 3587 3872
f 3651 3871 3873
f 3651 3873 3650
f 3871 3872 3874
f 3871 3874 3873
f 3872 3587 3586
f 3872 3586 3874
f 3650 3873 3875
f 3650 3875 3649
f 3873 3874 3876
f 3873 3876 3875
f 3874 3586 3585
f 3874 3585 3876
f 3387 3448 3869
f 3387 3869 3652
f 3448 3447 3870
f 3448 3870 3869
f 3447 3385 3588
f 3447 3588 3870
f 3665 3877 3879
f 3665 3879 3666
f 3877 3878 3880
f 3877 3880 3879
f 3666 3879 3881
f 3666 3881 3667
f 3879 3880 3882
f 3879 3882 3881
f 3667 3881 3883
f 3667 3883 3668
f 3881 3882 3884
f 3881 3884 3883
f 3411 3520 3877
f 3411 3877 3665
f 3520 3519 3878
f 3520 3878 3877
f 3519 3413 3669
f 3519 3669 3878
f 3878 3669 3670
f 3878 3670 3880
f 3880 3670 3671
f 3880 3671 3882
f 3882 3671 3672
f 3882 3672 3884
f 3669 3885 3886
f 3669 3886 3670
f 3885 3673 3674
f 3885 3674 3886
f 3670 3886 3887
f 3670 3887 3671
f 3886 3674 3675
f 3886 3675 3887
f 3671 3887 3888
f 3671 3888 3672
f 3887 3675 3676
f 3887 3676 3888
f 3413 3522 3885
f 3413 3885 3669
f 3522 3437 3673
f 3522 3673 3885
f 3673 3889 3891
f 3673 3891 3674
f 3889 3890 3892
f 3889 3892 3891
f 3674 3891 3893
f 3674 3893 3675
f 3891 3892 3894
f 3891 3894 3893
f 3675 3893 3895
f 3675 3895 3676
f 3893 3894 3896
f 3893 3896 3895
f 3437 3526 3889
f 3437 3889 3673
f 3526 3525 3890
f 3526 3890 3889
f 3525 3415 3677
f 3525 3677 3890
f 3890 3677 3678
f 3890 3678 3892
f 3892 3678 3679
f 3892 3679 3894
f 3894 3679 3680
f 3894 3680 3896
f 3897 3898 3901
f 3897 3901 3900
f 3898 3899 3902
f 3898 3902 3901
f 3900 3901 3904
f 3900 3904 3903
f 3901 3902 3905
f 3901 3905 3904
f 3903 3904 3907
f 3903 3907 3906
f 3904 3905 3908
f 3904 3908 3907
f 3415 3532 3897
f 3415 3897 3677
f 3532 3531 3898
f 3532 3898 3897
f 3531 3530 3899
f 3531 3899 3898
f 3530 3417 3681
f 3530 3681 3899
f 3899 3681 3682
f 3899 3682 3902
f 3902 3682 3683
f 3902 3683 3905
f 3905 3683 3684
f 3905 3684 3908
f 3679 3903 3906
f 3679 3906 3680
f 3678 3900 3903
f 3678 3903 3679
f 3677 3897 3900
f 3677 3900 3678
f 3681 3909 3911
f 3681 3911 3682
f 3909 3910 3912
f 3909 3912 3911
f 3910 3612 3611
f 3910 3611 3912
f 3682 3911 3913
f 3682 3913 3683
f 3911 3912 3914
f 3911 3914 3913
f 3912 3611 3610
f 3912 3610 3914
f 3683 3913 3915
f 3683 3915 3684
f 3913 3914 3916
f 3913 3916 3915
f 3914 3610 3609
f 3914 3609 3916
f 3417 3536 3909
f 3417 3909 3681
f 3536 3535 3910
f 3536 3910 3909
f 3535 3419 3612
f 3535 3612 3910
f 3688 3917 3919
f 3688 3919 3687
f 3917 3918 3920
f 3917 3920 3919
f 3918 3624 3623
f 3918 3623 3920
f 3687 3919 3921
f 3687 3921 3686
f 3919 3920 3922
f 3919 3922 3921
f 3920 3623 3622
f 3920 3622 3922
f 3686 3921 3923
f 3686 3923 3685
f 3921 3922 3924
f 3921 3924 3923
f 3922 3622 3621
f 3922 3621 3924
f 3429 3558 3917
f 3429 3917 3688
f 3558 3557 3918
f 3558 3918 3917
f 3557 3421 3624
f 3557 3624 3918
f 3925 3926 3929
f 3925 3929 3928
f 3926 3927 3930
f 3926 3930 3929
f 3927 3580 3579
f 3927 3579 3930
f 3928 3929 3932
f 3928 3932 3931
f 3929 3930 3933
f 3929 3933 3932
f 3930 3579 3578
f 3930 3578 3933
f 3931 3932 3935
f 3931 3935 3934
f 3932 3933 3936
f 3932 3936 3935
f 3933 3578 3577
f 3933 3577 3936
f 3385 3443 3925
f 3385 3925 3588
f 3443 3442 3926
f 3443 3926 3925
f 3442 3441 3927
f 3442 3927 3926
f 3441 3373 3580
f 3441 3580 3927
f 3586 3931 3934
f 3586 3934 3585
f 3587 3928 3931
f 3587 3931 3586
f 3588 3925 3928
f 3588 3928 3587
f 3704 3937 3938
f 3704 3938 3703
f 3937 3696 3695
f 3937 3695 3938
f 3703 3938 3939
f 3703 3939 3702
f 3938 3695 3694
f 3938 3694 3939
f 3702 3939 3940
f 3702 3940 3701
f 3939 3694 3693
f 3939 3693 3940
f 3439 3562 3937
f 3439 3937 3704
f 3562 3425 3696
f 3562 3696 3937
f 3689 3941 3944
f 3689 3944 3690
f 3941 3942 3945
f 3941 3945 3944
f 3942 3943 3946
f 3942 3946 3945
f 3690 3944 3947
f 3690 3947 3691
f 3944 3945 3948
f 3944 3948 3947
f 3945 3946 3949
f 3945 3949 3948
f 3691 3947 3950
f 3691 3950 3692
f 3947 3948 3951
f 3947 3951 3950
f 3948 3949 3952
f 3948 3952 3951
f 3431 3568 3941
f 3431 3941 3689
f 3568 3567 3942
f 3568 3942 3941
f 3567 3566 3943
f 3567 3943 3942
f 3566 3433 3705
f 3566 3705 3943
f 3943 3705 3706
f 3943 3706 3946
f 3946 3706 3707
f 3946 3707 3949
f 3949 3707 3708
f 3949 3708 3952
f 3581 3953 3954
f 3581 3954 3582
f 3953 3689 3690
f 3953 3690 3954
f 3582 3954 3955
f 3582 3955 3583
f 3954 3690 3691
f 3954 3691 3955
f 3583 3955 3956
f 3583 3956 3584
f 3955 3691 3692
f 3955 3692 3956
f 3423 3576 3953
f 3423 3953 3581
f 3576 3431 3689
f 3576 3689 3953
f 3705 3957 3958
f 3705 3958 3706
f 3957 3709 3710
f 3957 3710 3958
f 3706 3958 3959
f 3706 3959 3707
f 3958 3710 3711
f 3958 3711 3959
f 3707 3959 3960
f 3707 3960 3708
f 3959 3711 3712
f 3959 3712 3960
f 3433 3570 3957
f 3433 3957 3705
f 3570 3435 3709
f 3570 3709 3957
f 3709 3961 3963
f 3709 3963 3710
f 3961 3962 3964
f 3961 3964 3963
f 3710 3963 3965
f 3710 3965 3711
f 3963 3964 3966
f 3963 3966 3965
f 3711 3965 3967
f 3711 3967 3712
f 3965 3966 3968
f 3965 3968 3967
f 3435 3572 3961
f 3435 3961 3709
f 3572 3571 3962
f 3572 3962 3961
f 3571 3439 3704
f 3571 3704 3962
f 3962 3704 3703
f 3962 3703 3964
f 3964 3703 3702
f 3964 3702 3966
f 3966 3702 3701
f 3966 3701 3968
f 3696 3969 3971
f 3696 3971 3695
f 3969 3970 3972
f 3969 3972 3971
f 3970 3697 3698
f 3970 3698 3972
f 3695 3971 3973
f 3695 3973 3694
f 3971 3972 3974
f 3971 3974 3973
f 3972 3698 3699
f 3972 3699 3974
f 3694 3973 3975
f 3694 3975 3693
f 3973 3974 3976
f 3973 3976 3975
f 3974 3699 3700
f 3974 3700 3976
f 3425 3552 3969
f 3425 3969 3696
f 3552 3551 3970
f 3552 3970 3969
f 3551 3427 3697
f 3551 3697 3970
f 3373 3441 3446
f 3373 3446 3374
f 3441 3442 3445
f 3441 3445 3446
f 3442 3443 3444
f 3442 3444 3445
f 3443 3385 3386
f 3443 3386 3444
f 3374 3446 3445
f 3385 3447 3450
f 3385 3450 3386
f 3447 3448 3449
f 3447 3449 3450
f 3448 3387 3388
f 3448 3388 3449
f 3450 3449 3388
f 3451 3452 3455
f 3451 3455 3456
f 3452 3453 3454
f 3452 3454 3455
f 3453 3389 3390
f 3453 3390 3454
f 3387 3451 3456
f 3387 3456 3388
f 3389 3457 3460
f 3389 3460 3390
f 3457 3458 3459
f 3457 3459 3460
f 3458 3375 3376
f 3458 3376 3459
f 3375 3461 3462
f 3375 3462 3376
f 3461 3391 3392
f 3461 3392 3462
f 3391 3463 3468
f 3391 3468 3392
f 3463 3464 3467
f 3463 3467 3468
f 3464 3465 3466
f 3464 3466 3467
f 3465 3393 3394
f 3465 3394 3466
f 3393 3469 3470
f 3393 3470 3394
f 3469 3395 3396
f 3469 3396 3470
f 3395 3471 3474
f 3395 3474 3396
f 3471 3472 3473
f 3471 3473 3474
f 3472 3377 3378
f 3472 3378 3473
f 3380 3477 3480
f 3380 3480 3379
f 3477 3476 3479
f 3477 3479 3480
f 3476 3475 3478
f 3476 3478 3479
f 3475 3398 3397
f 3475 3397 3478
f 3398 3481 3482
f 3398 3482 3397
f 3481 3400 3399
f 3481 3399 3482
f 3400 3485 3488
f 3400 3488 3399
f 3485 3484 3487
f 3485 3487 3488
f 3484 3483 3486
f 3484 3486 3487
f 3483 3402 3401
f 3483 3401 3486
f 3402 3489 3490
f 3402 3490 3492
f 3402 3492 3401
f 3490 3489 3491
f 3490 3491 3492
f 3489 3382 3381
f 3489 3381 3491
f 3494 3493 3495
f 3494 3495 3496
f 3493 3404 3403
f 3493 3403 3495
f 3382 3494 3496
f 3382 3496 3381
f 3404 3497 3498
f 3404 3498 3403
f 3497 3406 3405
f 3497 3405 3498
f 3406 3500 3502
f 3406 3502 3405
f 3500 3499 3501
f 3500 3501 3502
f 3499 3408 3407
f 3499 3407 3501
f 3505 3504 3507
f 3505 3507 3508
f 3504 3503 3506
f 3504 3506 3507
f 3503 3384 3383
f 3503 3383 3506
f 3408 3505 3508
f 3408 3508 3407
f 3510 3509 3511
f 3510 3511 3512
f 3509 3410 3409
f 3509 3409 3511
f 3384 3510 3512
f 3384 3512 3383
f 3410 3514 3516
f 3410 3516 3409
f 3514 3513 3515
f 3514 3515 3516
f 3513 3412 3411
f 3513 3411 3515
f 3412 3518 3520
f 3412 3520 3411
f 3518 3517 3519
f 3518 3519 3520
f 3517 3414 3413
f 3517 3413 3519
f 3414 3521 3522
f 3414 3522 3413
f 3521 3438 3437
f 3521 3437 3522
f 3438 3524 3526
f 3438 3526 3437
f 3524 3523 3525
f 3524 3525 3526
f 3523 3416 3415
f 3523 3415 3525
f 3529 3528 3531
f 3529 3531 3532
f 3528 3527 3530
f 3528 3530 3531
f 3527 3418 3417
f 3527 3417 3530
f 3416 3529 3532
f 3416 3532 3415
f 3534 3420 3533
f 3418 3534 3536
f 3418 3536 3417
f 3534 3533 3535
f 3534 3535 3536
f 3533 3420 3419
f 3533 3419 3535
f 3420 3537 3538
f 3420 3538 3419
f 3537 3378 3377
f 3537 3377 3538
f 3379 3539 3544
f 3379 3544 3380
f 3539 3540 3543
f 3539 3543 3544
f 3540 3541 3542
f 3540 3542 3543
f 3541 3421 3422
f 3541 3422 3542
f 3374 3546 3548
f 3374 3548 3373
f 3546 3545 3547
f 3546 3547 3548
f 3545 3424 3423
f 3545 3423 3547
f 3426 3550 3552
f 3426 3552 3425
f 3550 3549 3551
f 3550 3551 3552
f 3549 3428 3427
f 3549 3427 3551
f 3554 3553 3555
f 3554 3555 3556
f 3553 3430 3429
f 3553 3429 3555
f 3428 3554 3556
f 3428 3556 3427
f 3421 3557 3560
f 3421 3560 3422
f 3557 3558 3559
f 3557 3559 3560
f 3558 3429 3430
f 3558 3430 3559
f 3440 3561 3562
f 3440 3562 3439
f 3561 3426 3425
f 3561 3425 3562
f 3432 3565 3568
f 3432 3568 3431
f 3565 3564 3567
f 3565 3567 3568
f 3564 3563 3566
f 3564 3566 3567
f 3563 3434 3433
f 3563 3433 3566
f 3434 3569 3570
f 3434 3570 3433
f 3569 3436 3435
f 3569 3435 3570
f 3571 3572 3573
f 3571 3573 3574
f 3572 3435 3436
f 3572 3436 3573
f 3439 3571 3574
f 3439 3574 3440
f 3424 3575 3576
f 3424 3576 3423
f 3575 3432 3431
f 3575 3431 3576
f 3580 3977 3979
f 3580 3979 3579
f 3977 3978 3980
f 3977 3980 3979
f 3579 3979 3981
f 3579 3981 3578
f 3979 3980 3982
f 3979 3982 3981
f 3578 3981 3983
f 3578 3983 3577
f 3981 3982 3984
f 3981 3984 3983
f 3373 3548 3977
f 3373 3977 3580
f 3548 3547 3978
f 3548 3978 3977
f 3547 3423 3581
f 3547 3581 3978
f 3978 3581 3582
f 3978 3582 3980
f 3980 3582 3583
f 3980 3583 3982
f 3982 3583 3584
f 3982 3584 3984
f 3907 3908 4112
f 3907 4112 4113
f 3906 3907 4113
f 3906 4113 4111
f 3956 3692 4092
f 3956 4092 4093
f 3824 3664 4131
f 3824 4131 4143
f 3584 3956 4093
f 3584 4093 4079
f 3632 3824 4143
f 3632 4143 4142
f 3653 3778 4162
f 3653 4162 4157
f 3888 3676 4114
f 3888 4114 4118
f 3672 3888 4118
f 3672 4118 4117
f 3940 3693 4082
f 3940 4082 4097
f 3808 3613 4149
f 3808 4149 4150
f 3807 3808 4150
f 3807 4150 4151
f 3701 3940 4097
f 3701 4097 4087
f 3625 3719 4178
f 3625 4178 4136
f 3806 3807 4151
f 3806 4151 4148
f 3968 3701 4087
f 3968 4087 4088
f 3983 3984 4080
f 3983 4080 4081
f 3589 3755 4169
f 3589 4169 4160
f 3876 3585 4098
f 3876 4098 4123
f 3577 3983 4081
f 3577 4081 4078
f 3875 3876 4123
f 3875 4123 4124
f 3649 3875 4124
f 3649 4124 4122
f 3792 3660 4144
f 3792 4144 4155
f 3720 3632 4142
f 3720 4142 4179
f 3620 3792 4155
f 3620 4155 4154
f 3860 3668 4119
f 3860 4119 4129
f 3859 3860 4129
f 3859 4129 4130
f 3648 3859 4130
f 3648 4130 4127
f 3896 3680 4110
f 3896 4110 4115
f 3934 3935 4101
f 3934 4101 4099
f 3952 3708 4090
f 3952 4090 4094
f 3844 3625 4136
f 3844 4136 4137
f 3820 3633 4135
f 3820 4135 4145
f 3585 3934 4099
f 3585 4099 4098
f 3843 3844 4137
f 3843 4137 4138
f 3633 3843 4138
f 3633 4138 4135
f 3732 3620 4154
f 3732 4154 4175
f 3884 3672 4117
f 3884 4117 4120
f 3780 3597 4159
f 3780 4159 4163
f 3740 3608 4156
f 3740 4156 4173
f 3644 3867 4126
f 3644 4126 4125
f 3779 3780 4163
f 3779 4163 4164
f 3739 3740 4173
f 3739 4173 4174
f 3778 3779 4164
f 3778 4164 4162
f 3601 3739 4174
f 3601 4174 4152
f 3967 3968 4088
f 3967 4088 4089
f 3712 3967 4089
f 3712 4089 4086
f 3748 3685 4102
f 3748 4102 4172
f 3916 3609 4107
f 3916 4107 4108
f 3915 3916 4108
f 3915 4108 4109
f 3868 3648 4127
f 3868 4127 4128
f 3684 3915 4109
f 3684 4109 4106
f 3756 3596 4165
f 3756 4165 4170
f 3719 3720 4179
f 3719 4179 4178
f 3755 3756 4170
f 3755 4170 4169
f 3895 3896 4115
f 3895 4115 4116
f 3676 3895 4116
f 3676 4116 4114
f 3637 3834 4139
f 3637 4139 4132
f 3951 3952 4094
f 3951 4094 4095
f 3950 3951 4095
f 3950 4095 4096
f 3819 3820 4145
f 3819 4145 4146
f 3692 3950 4096
f 3692 4096 4092
f 3818 3819 4146
f 3818 4146 4147
f 3660 3818 4147
f 3660 4147 4144
f 3731 3732 4175
f 3731 4175 4176
f 3730 3731 4176
f 3730 4176 4177
f 3883 3884 4120
f 3883 4120 4121
f 3613 3730 4177
f 3613 4177 4149
f 3668 3883 4121
f 3668 4121 4119
f 3936 3577 4078
f 3936 4078 4100
f 3935 3936 4100
f 3935 4100 4101
f 3796 3601 4152
f 3796 4152 4153
f 3680 3906 4111
f 3680 4111 4110
f 3747 3748 4172
f 3747 4172 4171
f 3768 3649 4122
f 3768 4122 4166
f 3609 3796 4153
f 3609 4153 4107
f 3867 3868 4128
f 3867 4128 4126
f 3700 3747 4171
f 3700 4171 4083
f 3908 3684 4106
f 3908 4106 4112
f 3788 3653 4157
f 3788 4157 4158
f 3608 3788 4158
f 3608 4158 4156
f 3852 3637 4132
f 3852 4132 4133
f 3851 3852 4133
f 3851 4133 4134
f 3621 3806 4148
f 3621 4148 4103
f 3664 3851 4134
f 3664 4134 4131
f 3784 3589 4160
f 3784 4160 4161
f 3976 3700 4083
f 3976 4083 4084
f 3975 3976 4084
f 3975 4084 4085
f 3597 3784 4161
f 3597 4161 4159
f 3836 3644 4125
f 3836 4125 4140
f 3693 3975 4085
f 3693 4085 4082
f 3835 3836 4140
f 3835 4140 4141
f 3834 3835 4141
f 3834 4141 4139
f 3924 3621 4103
f 3924 4103 4104
f 3923 3924 4104
f 3923 4104 4105
f 3984 3584 4079
f 3984 4079 4080
f 3685 3923 4105
f 3685 4105 4102
f 3767 3768 4166
f 3767 4166 4167
f 3960 3712 4086
f 3960 4086 4091
f 3766 3767 4167
f 3766 4167 4168
f 3596 3766 4168
f 3596 4168 4165
f 3708 3960 4091
f 3708 4091 4090
f 3985 4080 4079
f 3985 3986 4081
f 3985 4081 4080
f 3986 3987 4081
f 3987 3988 4078
f 3987 4078 4081
f 4069 3989 4083
f 3989 4084 4083
f 3989 4085 4084
f 3989 3990 4085
f 3990 4082 4085
f 3991 4088 4087
f 3991 3992 4089
f 3991 4089 4088
f 3992 3993 4086
f 3992 4086 4089
f 3993 4091 4086
f 3993 3994 4091
f 3994 4090 4091
f 3994 3995 4090
f 3996 3997 4092
f 3997 4093 4092
f 3997 3998 4079
f 3997 4079 4093
f 3998 3985 4079
f 4000 3996 4092
f 3995 4094 4090
f 3995 3999 4095
f 3995 4095 4094
f 3999 4096 4095
f 3999 4000 4096
f 4000 4092 4096
f 4002 3991 4087
f 3990 4001 4082
f 4001 4097 4082
f 4001 4002 4097
f 4002 4087 4097
f 4005 4098 4099
f 3988 4003 4100
f 3988 4100 4078
f 4003 4101 4100
f 4003 4004 4101
f 4004 4005 4099
f 4004 4099 4101
f 4008 4076 4102
f 4006 4007 4104
f 4006 4104 4103
f 4007 4008 4105
f 4007 4105 4104
f 4008 4102 4105
f 4009 4108 4107
f 4009 4010 4109
f 4009 4109 4108
f 4010 4011 4109
f 4011 4106 4109
f 4011 4012 4106
f 4014 4110 4111
f 4012 4112 4106
f 4012 4113 4112
f 4012 4013 4113
f 4013 4111 4113
f 4013 4014 4111
f 4014 4115 4110
f 4014 4015 4115
f 4015 4116 4115
f 4015 4016 4116
f 4016 4017 4114
f 4016 4114 4116
f 4017 4018 4118
f 4017 4118 4114
f 4018 4019 4117
f 4018 4117 4118
f 4022 4028 4119
f 4019 4020 4120
f 4019 4120 4117
f 4020 4021 4121
f 4020 4121 4120
f 4021 4022 4121
f 4022 4119 4121
f 4005 4023 4098
f 4023 4024 4123
f 4023 4123 4098
f 4024 4124 4123
f 4024 4025 4122
f 4024 4122 4124
f 4027 4037 4125
f 4027 4125 4126
f 4077 4026 4128
f 4077 4128 4127
f 4026 4027 4128
f 4027 4126 4128
f 4029 4077 4127
f 4028 4129 4119
f 4028 4029 4130
f 4028 4130 4129
f 4029 4127 4130
f 4039 4030 4132
f 4030 4031 4133
f 4030 4133 4132
f 4031 4134 4133
f 4031 4032 4134
f 4032 4033 4131
f 4032 4131 4134
f 4034 4035 4136
f 4035 4137 4136
f 4035 4036 4137
f 4036 4138 4137
f 4036 4135 4138
f 4039 4132 4139
f 4037 4140 4125
f 4037 4038 4141
f 4037 4141 4140
f 4038 4039 4139
f 4038 4139 4141
f 4033 4143 4131
f 4033 4040 4143
f 4040 4041 4143
f 4041 4142 4143
f 4041 4042 4142
f 4044 4050 4144
f 4036 4043 4145
f 4036 4145 4135
f 4043 4044 4146
f 4043 4146 4145
f 4044 4147 4146
f 4044 4144 4147
f 4006 4103 4148
f 4045 4046 4150
f 4045 4150 4149
f 4046 4151 4150
f 4046 4006 4151
f 4006 4148 4151
f 4072 4047 4152
f 4047 4048 4153
f 4047 4153 4152
f 4048 4049 4107
f 4048 4107 4153
f 4049 4009 4107
f 4050 4155 4144
f 4050 4051 4155
f 4051 4154 4155
f 4051 4052 4154
f 4052 4053 4154
f 4054 4055 4157
f 4055 4158 4157
f 4055 4056 4158
f 4056 4057 4158
f 4057 4156 4158
f 4058 4059 4161
f 4058 4161 4160
f 4059 4060 4159
f 4059 4159 4161
f 4054 4157 4162
f 4060 4163 4159
f 4060 4061 4163
f 4061 4164 4163
f 4061 4054 4162
f 4061 4162 4164
f 4025 4062 4166
f 4025 4166 4122
f 4062 4063 4166
f 4063 4167 4166
f 4063 4064 4168
f 4063 4168 4167
f 4064 4165 4168
f 4066 4058 4160
f 4066 4160 4169
f 4064 4065 4165
f 4065 4170 4165
f 4065 4066 4169
f 4065 4169 4170
f 4069 4083 4171
f 4076 4067 4172
f 4076 4172 4102
f 4067 4171 4172
f 4067 4068 4171
f 4068 4069 4171
f 4057 4070 4156
f 4070 4173 4156
f 4070 4071 4173
f 4071 4072 4174
f 4071 4174 4173
f 4072 4152 4174
f 4074 4045 4149
f 4053 4175 4154
f 4053 4073 4175
f 4073 4176 4175
f 4073 4177 4176
f 4073 4074 4177
f 4074 4149 4177
f 4034 4136 4178
f 4042 4179 4142
f 4042 4075 4179
f 4075 4178 4179
f 4075 4034 4178
f 7992 11623 11626
f 7992 11626 7993
f 11623 11624 11627
f 11623 11627 11626
f 11624 11625 11628
f 11624 11628 11627
f 7993 11626 7998
f 7993 7998 5040
f 11626 11627 7999
f 11626 7999 7998
f 11627 11628 8000
f 11627 8000 7999
f 5037 7987 11623
f 5037 11623 7992
f 7987 7988 11624
f 7987 11624 11623
f 7988 7989 11625
f 7988 11625 11624
f 7989 5038 7994
f 7989 7994 11625
f 11625 7994 7995
f 11625 7995 11628
f 11628 7995 5041
f 11628 5041 8000
f 7994 11629 11631
f 7994 11631 7995
f 11629 11630 11632
f 11629 11632 11631
f 11630 7996 7997
f 11630 7997 11632
f 7995 11631 8001
f 7995 8001 5041
f 11631 11632 8002
f 11631 8002 8001
f 11632 7997 5042
f 11632 5042 8002
f 5038 7990 11629
f 5038 11629 7994
f 7990 7991 11630
f 7990 11630 11629
f 7991 5039 7996
f 7991 7996 11630
f 5040 7998 11633
f 5040 11633 8003
f 7998 7999 11634
f 7998 11634 11633
f 7999 8000 11635
f 7999 11635 11634
f 8003 11633 11636
f 8003 11636 8004
f 11633 11634 11637
f 11633 11637 11636
f 11634 11635 11638
f 11634 11638 11637
f 8004 11636 8009
f 8004 8009 5043
f 11636 11637 8010
f 11636 8010 8009
f 11637 11638 8011
f 11637 8011 8010
f 8000 5041 8005
f 8000 8005 11635
f 11635 8005 8006
f 11635 8006 11638
f 11638 8006 5044
f 11638 5044 8011
f 5041 8001 11639
f 5041 11639 8005
f 8001 8002 11640
f 8001 11640 11639
f 8002 5042 8007
f 8002 8007 11640
f 8005 11639 11641
f 8005 11641 8006
f 11639 11640 11642
f 11639 11642 11641
f 11640 8007 8008
f 11640 8008 11642
f 8006 11641 8012
f 8006 8012 5044
f 11641 11642 8013
f 11641 8013 8012
f 11642 8008 5045
f 11642 5045 8013
f 4247 6635 11643
f 4247 11643 7786
f 6635 6634 11644
f 6635 11644 11643
f 6634 6633 11645
f 6634 11645 11644
f 7786 11643 8035
f 7786 8035 4955
f 11643 11644 8036
f 11643 8036 8035
f 11644 11645 8037
f 11644 8037 8036
f 6633 4573 8014
f 6633 8014 11645
f 11645 8014 5037
f 11645 5037 8037
f 4573 6632 11646
f 4573 11646 8014
f 6632 6631 11647
f 6632 11647 11646
f 6631 6630 11648
f 6631 11648 11647
f 8014 11646 7987
f 8014 7987 5037
f 11646 11647 7988
f 11646 7988 7987
f 11647 11648 7989
f 11647 7989 7988
f 6630 4572 8015
f 6630 8015 11648
f 11648 8015 5038
f 11648 5038 7989
f 4572 6629 11649
f 4572 11649 8015
f 6629 6628 11650
f 6629 11650 11649
f 6628 4571 8016
f 6628 8016 11650
f 8015 11649 7990
f 8015 7990 5038
f 11649 11650 7991
f 11649 7991 7990
f 11650 8016 5039
f 11650 5039 7991
f 4571 6627 11651
f 4571 11651 8016
f 6627 6626 11652
f 6627 11652 11651
f 8016 11651 8018
f 8016 8018 5039
f 11651 11652 8017
f 11651 8017 8018
f 6626 4202 6321
f 6626 6321 11652
f 11652 6321 4465
f 11652 4465 8017
f 7996 11653 11655
f 7996 11655 7997
f 11653 11654 11656
f 11653 11656 11655
f 7997 11655 8020
f 7997 8020 5042
f 11655 11656 8019
f 11655 8019 8020
f 5039 8018 11653
f 5039 11653 7996
f 8018 8017 11654
f 8018 11654 11653
f 8017 4465 6320
f 8017 6320 11654
f 11654 6320 6319
f 11654 6319 11656
f 11656 6319 4464
f 11656 4464 8019
f 5042 8020 11657
f 5042 11657 8007
f 8020 8019 11658
f 8020 11658 11657
f 8007 11657 11659
f 8007 11659 8008
f 11657 11658 11660
f 11657 11660 11659
f 8008 11659 8022
f 8008 8022 5045
f 11659 11660 8021
f 11659 8021 8022
f 8019 4464 6318
f 8019 6318 11658
f 11658 6318 6317
f 11658 6317 11660
f 11660 6317 4463
f 11660 4463 8021
f 5045 8022 11661
f 5045 11661 8024
f 8022 8021 11662
f 8022 11662 11661
f 8024 11661 11663
f 8024 11663 8023
f 11661 11662 11664
f 11661 11664 11663
f 8023 11663 7788
f 8023 7788 4956
f 11663 11664 7787
f 11663 7787 7788
f 8021 4463 6316
f 8021 6316 11662
f 11662 6316 6315
f 11662 6315 11664
f 11664 6315 4323
f 11664 4323 7787
f 5044 8012 11665
f 5044 11665 8026
f 8012 8013 11666
f 8012 11666 11665
f 8013 5045 8024
f 8013 8024 11666
f 8026 11665 11667
f 8026 11667 8025
f 11665 11666 11668
f 11665 11668 11667
f 11666 8024 8023
f 11666 8023 11668
f 8025 11667 7790
f 8025 7790 4957
f 11667 11668 7789
f 11667 7789 7790
f 11668 8023 4956
f 11668 4956 7789
f 5043 8009 11669
f 5043 11669 8028
f 8009 8010 11670
f 8009 11670 11669
f 8010 8011 11671
f 8010 11671 11670
f 8028 11669 11672
f 8028 11672 8027
f 11669 11670 11673
f 11669 11673 11672
f 11670 11671 11674
f 11670 11674 11673
f 8027 11672 7793
f 8027 7793 4958
f 11672 11673 7792
f 11672 7792 7793
f 11673 11674 7791
f 11673 7791 7792
f 8011 5044 8026
f 8011 8026 11671
f 11671 8026 8025
f 11671 8025 11674
f 11674 8025 4957
f 11674 4957 7791
f 11675 8030 11676
f 8030 8031 11677
f 8030 11677 11676
f 7780 11675 7779
f 7779 11675 11678
f 11675 11676 11679
f 11675 11679 11678
f 11676 11677 11680
f 11676 11680 11679
f 7779 11678 7796
f 7779 7796 7778
f 11678 11679 7795
f 11678 7795 7796
f 11679 11680 7794
f 11679 7794 7795
f 5835 7781 7780
f 7781 8029 11675
f 7781 11675 7780
f 8029 8030 11675
f 8031 5043 8028
f 8031 8028 11677
f 11677 8028 8027
f 11677 8027 11680
f 11680 8027 4958
f 11680 4958 7794
f 7778 7796 7797
f 5820 7778 7797
f 4954 8032 11681
f 4954 11681 7783
f 8032 8033 11682
f 8032 11682 11681
f 8033 8034 11683
f 8033 11683 11682
f 7783 11681 11684
f 7783 11684 7782
f 11681 11682 11685
f 11681 11685 11684
f 11682 11683 11686
f 11682 11686 11685
f 7782 11684 8029
f 7782 8029 7781
f 11684 11685 8030
f 11684 8030 8029
f 11685 11686 8031
f 11685 8031 8030
f 8034 5040 8003
f 8034 8003 11683
f 11683 8003 8004
f 11683 8004 11686
f 11686 8004 5043
f 11686 5043 8031
f 7785 11687 11690
f 7785 11690 7784
f 11687 11688 11691
f 11687 11691 11690
f 11688 11689 11692
f 11688 11692 11691
f 7784 11690 8032
f 7784 8032 4954
f 11690 11691 8033
f 11690 8033 8032
f 11691 11692 8034
f 11691 8034 8033
f 4955 8035 11687
f 4955 11687 7785
f 8035 8036 11688
f 8035 11688 11687
f 8036 8037 11689
f 8036 11689 11688
f 8037 5037 7992
f 8037 7992 11689
f 11689 7992 7993
f 11689 7993 11692
f 11692 7993 5040
f 11692 5040 8034
f 8043 11693 11695
f 8043 11695 8044
f 11693 11694 11696
f 11693 11696 11695
f 11694 8045 8046
f 11694 8046 11696
f 8044 11695 8049
f 8044 8049 5049
f 11695 11696 8050
f 11695 8050 8049
f 11696 8046 5050
f 11696 5050 8050
f 5046 8038 11693
f 5046 11693 8043
f 8038 8039 11694
f 8038 11694 11693
f 8039 5047 8045
f 8039 8045 11694
f 11697 11698 11701
f 11697 11701 11700
f 11698 11699 11702
f 11698 11702 11701
f 11700 11701 8052
f 11700 8052 8051
f 11701 11702 8053
f 11701 8053 8052
f 5047 8040 11697
f 5047 11697 8045
f 8040 8041 11698
f 8040 11698 11697
f 8041 8042 11699
f 8041 11699 11698
f 8042 5048 8047
f 8042 8047 11699
f 11699 8047 8048
f 11699 8048 11702
f 11702 8048 5051
f 11702 5051 8053
f 8046 11700 8051
f 8046 8051 5050
f 8045 11697 11700
f 8045 11700 8046
f 5049 8049 11703
f 5049 11703 8054
f 8049 8050 11704
f 8049 11704 11703
f 8050 5050 8056
f 8050 8056 11704
f 8054 11703 11705
f 8054 11705 8055
f 11703 11704 11706
f 11703 11706 11705
f 11704 8056 8057
f 11704 8057 11706
f 8055 11705 8060
f 8055 8060 5052
f 11705 11706 8061
f 11705 8061 8060
f 11706 8057 5053
f 11706 5053 8061
f 8051 8052 11708
f 8051 11708 11707
f 8052 8053 11709
f 8052 11709 11708
f 11707 11708 11711
f 11707 11711 11710
f 11708 11709 11712
f 11708 11712 11711
f 11710 11711 8063
f 11710 8063 8062
f 11711 11712 8064
f 11711 8064 8063
f 8053 5051 8058
f 8053 8058 11709
f 11709 8058 8059
f 11709 8059 11712
f 11712 8059 5054
f 11712 5054 8064
f 8057 11710 8062
f 8057 8062 5053
f 8056 11707 11710
f 8056 11710 8057
f 5050 8051 11707
f 5050 11707 8056
f 6368 6367 11714
f 6368 11714 11713
f 11713 11714 8088
f 11713 8088 8087
f 6367 4485 8065
f 6367 8065 11714
f 11714 8065 5046
f 11714 5046 8088
f 7593 11713 8087
f 7593 8087 4876
f 4228 6368 11713
f 4228 11713 7593
f 4485 6366 11715
f 4485 11715 8065
f 6366 6365 11716
f 6366 11716 11715
f 6365 4484 8066
f 6365 8066 11716
f 8065 11715 8038
f 8065 8038 5046
f 11715 11716 8039
f 11715 8039 8038
f 11716 8066 5047
f 11716 5047 8039
f 6364 6363 11718
f 6364 11718 11717
f 6363 6362 11719
f 6363 11719 11718
f 11717 11718 8041
f 11717 8041 8040
f 11718 11719 8042
f 11718 8042 8041
f 6362 4483 8067
f 6362 8067 11719
f 11719 8067 5048
f 11719 5048 8042
f 8066 11717 8040
f 8066 8040 5047
f 4484 6364 11717
f 4484 11717 8066
f 4483 6361 11720
f 4483 11720 8067
f 6361 6360 11721
f 6361 11721 11720
f 6360 6359 11722
f 6360 11722 11721
f 8067 11720 8070
f 8067 8070 5048
f 11720 11721 8069
f 11720 8069 8070
f 11721 11722 8068
f 11721 8068 8069
f 6359 4263 7819
f 6359 7819 11722
f 11722 7819 4969
f 11722 4969 8068
f 8047 11723 11726
f 8047 11726 8048
f 11723 11724 11727
f 11723 11727 11726
f 11724 11725 11728
f 11724 11728 11727
f 8048 11726 8073
f 8048 8073 5051
f 11726 11727 8072
f 11726 8072 8073
f 11727 11728 8071
f 11727 8071 8072
f 5048 8070 11723
f 5048 11723 8047
f 8070 8069 11724
f 8070 11724 11723
f 8069 8068 11725
f 8069 11725 11724
f 8068 4969 7820
f 8068 7820 11725
f 11725 7820 7821
f 11725 7821 11728
f 11728 7821 4970
f 11728 4970 8071
f 5051 8073 11729
f 5051 11729 8058
f 8073 8072 11730
f 8073 11730 11729
f 8072 8071 11731
f 8072 11731 11730
f 8058 11729 11732
f 8058 11732 8059
f 11729 11730 11733
f 11729 11733 11732
f 11730 11731 11734
f 11730 11734 11733
f 8059 11732 8076
f 8059 8076 5054
f 11732 11733 8075
f 11732 8075 8076
f 11733 11734 8074
f 11733 8074 8075
f 8071 4970 7822
f 8071 7822 11731
f 11731 7822 7823
f 11731 7823 11734
f 11734 7823 4971
f 11734 4971 8074
f 5054 8076 11735
f 5054 11735 8078
f 8076 8075 11736
f 8076 11736 11735
f 8075 8074 11737
f 8075 11737 11736
f 8078 11735 11738
f 8078 11738 8077
f 11735 11736 11739
f 11735 11739 11738
f 11736 11737 11740
f 11736 11740 11739
f 8077 11738 7828
f 8077 7828 4972
f 11738 11739 7827
f 11738 7827 7828
f 11739 11740 7826
f 11739 7826 7827
f 8074 4971 7824
f 8074 7824 11737
f 11737 7824 7825
f 11737 7825 11740
f 11740 7825 4355
f 11740 4355 7826
f 8062 8063 11742
f 8062 11742 11741
f 8063 8064 11743
f 8063 11743 11742
f 11741 11742 11745
f 11741 11745 11744
f 11742 11743 11746
f 11742 11746 11745
f 11744 11745 7830
f 11744 7830 7831
f 11745 11746 7829
f 11745 7829 7830
f 8064 5054 8078
f 8064 8078 11743
f 11743 8078 8077
f 11743 8077 11746
f 11746 8077 4972
f 11746 4972 7829
f 8079 11744 7831
f 8079 7831 4973
f 8080 11741 11744
f 8080 11744 8079
f 5053 8062 11741
f 5053 11741 8080
f 5052 8060 11747
f 5052 11747 8082
f 8060 8061 11748
f 8060 11748 11747
f 8061 5053 8080
f 8061 8080 11748
f 8082 11747 11749
f 8082 11749 8081
f 11747 11748 11750
f 11747 11750 11749
f 11748 8080 8079
f 11748 8079 11750
f 8081 11749 7833
f 8081 7833 4974
f 11749 11750 7832
f 11749 7832 7833
f 11750 8079 4973
f 11750 4973 7832
f 8083 8084 11752
f 8083 11752 11751
f 11751 11752 11754
f 11751 11754 11753
f 11753 11754 7834
f 11753 7834 7835
f 8084 5052 8082
f 8084 8082 11752
f 11752 8082 8081
f 11752 8081 11754
f 11754 8081 4974
f 11754 4974 7834
f 7599 11753 7835
f 7599 7835 4337
f 7598 11751 11753
f 7598 11753 7599
f 4878 8083 11751
f 4878 11751 7598
f 8085 8086 11756
f 8085 11756 11755
f 11755 11756 11758
f 11755 11758 11757
f 11757 11758 8084
f 11757 8084 8083
f 8086 5049 8054
f 8086 8054 11756
f 11756 8054 8055
f 11756 8055 11758
f 11758 8055 5052
f 11758 5052 8084
f 7597 11757 8083
f 7597 8083 4878
f 7596 11755 11757
f 7596 11757 7597
f 4877 8085 11755
f 4877 11755 7596
f 11759 11760 11762
f 11759 11762 11761
f 11761 11762 8086
f 11761 8086 8085
f 4876 8087 11759
f 4876 11759 7594
f 8087 8088 11760
f 8087 11760 11759
f 8088 5046 8043
f 8088 8043 11760
f 11760 8043 8044
f 11760 8044 11762
f 11762 8044 5049
f 11762 5049 8086
f 7595 11761 8085
f 7595 8085 4877
f 7594 11759 11761
f 7594 11761 7595
f 8094 11763 11765
f 8094 11765 8095
f 11763 11764 11766
f 11763 11766 11765
f 11764 8096 8097
f 11764 8097 11766
f 8095 11765 8100
f 8095 8100 5058
f 11765 11766 8101
f 11765 8101 8100
f 11766 8097 5059
f 11766 5059 8101
f 5055 8089 11763
f 5055 11763 8094
f 8089 8090 11764
f 8089 11764 11763
f 8090 5056 8096
f 8090 8096 11764
f 11767 11768 11771
f 11767 11771 11770
f 11768 11769 11772
f 11768 11772 11771
f 11770 11771 8103
f 11770 8103 8102
f 11771 11772 8104
f 11771 8104 8103
f 5056 8091 11767
f 5056 11767 8096
f 8091 8092 11768
f 8091 11768 11767
f 8092 8093 11769
f 8092 11769 11768
f 8093 5057 8098
f 8093 8098 11769
f 11769 8098 8099
f 11769 8099 11772
f 11772 8099 5060
f 11772 5060 8104
f 8097 11770 8102
f 8097 8102 5059
f 8096 11767 11770
f 8096 11770 8097
f 8105 11773 11775
f 8105 11775 8106
f 11773 11774 11776
f 11773 11776 11775
f 11774 8107 8108
f 11774 8108 11776
f 8106 11775 8111
f 8106 8111 5061
f 11775 11776 8112
f 11775 8112 8111
f 11776 8108 5062
f 11776 5062 8112
f 5058 8100 11773
f 5058 11773 8105
f 8100 8101 11774
f 8100 11774 11773
f 8101 5059 8107
f 8101 8107 11774
f 11777 11778 11781
f 11777 11781 11780
f 11778 11779 11782
f 11778 11782 11781
f 11780 11781 8114
f 11780 8114 8113
f 11781 11782 8115
f 11781 8115 8114
f 5059 8102 11777
f 5059 11777 8107
f 8102 8103 11778
f 8102 11778 11777
f 8103 8104 11779
f 8103 11779 11778
f 8104 5060 8109
f 8104 8109 11779
f 11779 8109 8110
f 11779 8110 11782
f 11782 8110 5063
f 11782 5063 8115
f 8108 11780 8113
f 8108 8113 5062
f 8107 11777 11780
f 8107 11780 8108
f 11783 11784 11786
f 11783 11786 11785
f 11785 11786 8139
f 11785 8139 8138
f 4353 7800 11783
f 4353 11783 6406
f 7800 7801 11784
f 7800 11784 11783
f 7801 4961 8116
f 7801 8116 11784
f 11784 8116 8117
f 11784 8117 11786
f 11786 8117 5055
f 11786 5055 8139
f 6407 11785 8138
f 6407 8138 4505
f 6406 11783 11785
f 6406 11785 6407
f 8116 11787 11789
f 8116 11789 8117
f 11787 11788 11790
f 11787 11790 11789
f 11788 8118 8119
f 11788 8119 11790
f 8117 11789 8089
f 8117 8089 5055
f 11789 11790 8090
f 11789 8090 8089
f 11790 8119 5056
f 11790 5056 8090
f 4961 7802 11787
f 4961 11787 8116
f 7802 7803 11788
f 7802 11788 11787
f 7803 4962 8118
f 7803 8118 11788
f 11791 11792 11795
f 11791 11795 11794
f 11792 11793 11796
f 11792 11796 11795
f 11794 11795 8092
f 11794 8092 8091
f 11795 11796 8093
f 11795 8093 8092
f 4962 7804 11791
f 4962 11791 8118
f 7804 7805 11792
f 7804 11792 11791
f 7805 7806 11793
f 7805 11793 11792
f 7806 4963 8120
f 7806 8120 11793
f 11793 8120 8121
f 11793 8121 11796
f 11796 8121 5057
f 11796 5057 8093
f 8119 11794 8091
f 8119 8091 5056
f 8118 11791 11794
f 8118 11794 8119
f 11797 7808 11798
f 7808 7809 11799
f 7808 11799 11798
f 7809 5656 11799
f 8120 11797 11800
f 8120 11800 8121
f 11797 11798 11801
f 11797 11801 11800
f 11798 11799 11802
f 11798 11802 11801
f 8121 11800 8124
f 8121 8124 5057
f 11800 11801 8123
f 11800 8123 8124
f 11801 11802 8122
f 11801 8122 8123
f 4963 7807 11797
f 4963 11797 8120
f 7807 7808 11797
f 5656 7810 11799
f 11799 7810 7811
f 11799 7811 11802
f 11802 7811 4964
f 11802 4964 8122
f 8098 11803 11806
f 8098 11806 8099
f 11803 11804 11807
f 11803 11807 11806
f 11804 11805 11808
f 11804 11808 11807
f 8099 11806 8127
f 8099 8127 5060
f 11806 11807 8126
f 11806 8126 8127
f 11807 11808 8125
f 11807 8125 8126
f 5057 8124 11803
f 5057 11803 8098
f 8124 8123 11804
f 8124 11804 11803
f 8123 8122 11805
f 8123 11805 11804
f 8122 4964 7812
f 8122 7812 11805
f 11805 7812 7813
f 11805 7813 11808
f 11808 7813 4965
f 11808 4965 8125
f 8109 11809 11812
f 8109 11812 8110
f 11809 11810 11813
f 11809 11813 11812
f 11810 11811 11814
f 11810 11814 11813
f 8110 11812 8130
f 8110 8130 5063
f 11812 11813 8129
f 11812 8129 8130
f 11813 11814 8128
f 11813 8128 8129
f 5060 8127 11809
f 5060 11809 8109
f 8127 8126 11810
f 8127 11810 11809
f 8126 8125 11811
f 8126 11811 11810
f 8125 4965 7814
f 8125 7814 11811
f 11811 7814 7815
f 11811 7815 11814
f 11814 7815 4966
f 11814 4966 8128
f 5063 8130 11815
f 5063 11815 8131
f 8130 8129 11816
f 8130 11816 11815
f 8129 8128 11817
f 8129 11817 11816
f 8131 11815 6998
f 8131 6998 4673
f 11815 11816 6999
f 11815 6999 6998
f 11816 11817 7000
f 11816 7000 6999
f 8128 4966 7816
f 8128 7816 11817
f 11817 7816 4277
f 11817 4277 7000
f 8113 8114 11819
f 8113 11819 11818
f 8114 8115 11820
f 8114 11820 11819
f 11818 11819 6996
f 11818 6996 6995
f 11819 11820 6997
f 11819 6997 6996
f 8115 5063 8131
f 8115 8131 11820
f 11820 8131 4673
f 11820 4673 6997
f 8132 11818 6995
f 8132 6995 4672
f 5062 8113 11818
f 5062 11818 8132
f 5061 8111 11821
f 5061 11821 8133
f 8111 8112 11822
f 8111 11822 11821
f 8112 5062 8132
f 8112 8132 11822
f 8133 11821 6993
f 8133 6993 4671
f 11821 11822 6994
f 11821 6994 6993
f 11822 8132 4672
f 11822 4672 6994
f 8134 8135 11824
f 8134 11824 11823
f 11823 11824 6992
f 11823 6992 6991
f 8135 5061 8133
f 8135 8133 11824
f 11824 8133 4671
f 11824 4671 6992
f 6412 11823 6991
f 6412 6991 4215
f 4507 8134 11823
f 4507 11823 6412
f 11825 11826 11828
f 11825 11828 11827
f 11827 11828 8135
f 11827 8135 8134
f 4506 8136 11825
f 4506 11825 6410
f 8136 8137 11826
f 8136 11826 11825
f 8137 5058 8105
f 8137 8105 11826
f 11826 8105 8106
f 11826 8106 11828
f 11828 8106 5061
f 11828 5061 8135
f 6411 11827 8134
f 6411 8134 4507
f 6410 11825 11827
f 6410 11827 6411
f 11829 11830 11832
f 11829 11832 11831
f 11831 11832 8137
f 11831 8137 8136
f 4505 8138 11829
f 4505 11829 6408
f 8138 8139 11830
f 8138 11830 11829
f 8139 5055 8094
f 8139 8094 11830
f 11830 8094 8095
f 11830 8095 11832
f 11832 8095 5058
f 11832 5058 8137
f 6409 11831 8136
f 6409 8136 4506
f 6408 11829 11831
f 6408 11831 6409
f 4839 8140 11833
f 4839 11833 7494
f 8140 5064 8141
f 8140 8141 11833
f 11833 8141 8142
f 11833 8142 11834
f 11834 8142 5065
f 11834 5065 8143
f 7495 11834 8143
f 7495 8143 4840
f 7494 11833 11834
f 7494 11834 7495
f 5064 4514 6424
f 5064 6424 8141
f 8141 6424 6423
f 8141 6423 8142
f 8142 6423 4513
f 8142 4513 5065
f 4840 8143 11835
f 4840 11835 7496
f 8143 5065 8144
f 8143 8144 11835
f 11835 8144 8145
f 11835 8145 11836
f 11836 8145 5066
f 11836 5066 8146
f 7497 11836 8146
f 7497 8146 4841
f 7496 11835 11836
f 7496 11836 7497
f 5065 4513 6422
f 5065 6422 8144
f 8144 6422 6421
f 8144 6421 8145
f 8145 6421 4512
f 8145 4512 5066
f 4325 7799 11837
f 4325 11837 7492
f 7799 4960 8147
f 7799 8147 11837
f 11837 8147 8148
f 11837 8148 11838
f 11838 8148 5064
f 11838 5064 8140
f 7493 11838 8140
f 7493 8140 4839
f 7492 11837 11838
f 7492 11838 7493
f 4960 4352 6426
f 4960 6426 8147
f 8147 6426 6425
f 8147 6425 8148
f 8148 6425 4514
f 8148 4514 5064
f 5066 4512 6420
f 5066 6420 8149
f 8149 6420 4217
f 8149 4217 4517
f 8146 5066 8149
f 8146 8149 11839
f 11839 8149 4517
f 11839 4517 6429
f 7498 11839 6429
f 7498 6429 4209
f 4841 8146 11839
f 4841 11839 7498
f 8150 5067 8151
f 8150 8151 11840
f 11840 8151 8152
f 11840 8152 11841
f 11841 8152 5068
f 11841 5068 8153
f 6352 11841 8153
f 6352 8153 4480
f 6351 11840 11841
f 6351 11841 6352
f 4479 8150 11840
f 4479 11840 6351
f 5067 4581 6653
f 5067 6653 8151
f 8151 6653 6652
f 8151 6652 8152
f 8152 6652 4580
f 8152 4580 5068
f 4480 8153 11842
f 4480 11842 6353
f 8153 5068 8154
f 8153 8154 11842
f 11842 8154 8155
f 11842 8155 11843
f 11843 8155 8156
f 11843 8156 11844
f 11844 8156 5069
f 11844 5069 8157
f 6355 11844 8157
f 6355 8157 4481
f 6354 11843 11844
f 6354 11844 6355
f 6353 11842 11843
f 6353 11843 6354
f 5068 4580 6651
f 5068 6651 8154
f 8154 6651 6650
f 8154 6650 8155
f 8155 6650 6649
f 8155 6649 8156
f 8156 6649 4579
f 8156 4579 5069
f 4197 6336 11845
f 4197 11845 6349
f 6336 4473 8158
f 6336 8158 11845
f 11845 8158 8159
f 11845 8159 11846
f 11846 8159 5067
f 11846 5067 8150
f 6350 11846 8150
f 6350 8150 4479
f 6349 11845 11846
f 6349 11846 6350
f 4473 4203 6655
f 4473 6655 8158
f 8158 6655 6654
f 8158 6654 8159
f 8159 6654 4581
f 8159 4581 5067
f 5069 4579 6648
f 5069 6648 8162
f 8162 6648 6647
f 8162 6647 8161
f 8161 6647 6646
f 8161 6646 8160
f 8160 6646 4248
f 8160 4248 4952
f 4481 8157 11847
f 4481 11847 6356
f 8157 5069 8162
f 8157 8162 11847
f 11847 8162 8161
f 11847 8161 11848
f 11848 8161 8160
f 11848 8160 11849
f 11849 8160 4952
f 11849 4952 7776
f 6358 11849 7776
f 6358 7776 4245
f 6357 11848 11849
f 6357 11849 6358
f 6356 11847 11848
f 6356 11848 6357
f 4500 8163 11850
f 4500 11850 6400
f 8163 5070 8164
f 8163 8164 11850
f 11850 8164 8165
f 11850 8165 11851
f 11851 8165 5071
f 11851 5071 8166
f 6401 11851 8166
f 6401 8166 4501
f 6400 11850 11851
f 6400 11851 6401
f 5070 4887 7612
f 5070 7612 8164
f 8164 7612 7611
f 8164 7611 8165
f 8165 7611 4886
f 8165 4886 5071
f 8166 5071 8167
f 8166 8167 11852
f 11852 8167 8168
f 11852 8168 11853
f 11853 8168 5072
f 11853 5072 8169
f 6403 11853 8169
f 6403 8169 4502
f 6402 11852 11853
f 6402 11853 6403
f 4501 8166 11852
f 4501 11852 6402
f 5071 4886 7610
f 5071 7610 8167
f 8167 7610 7609
f 8167 7609 8168
f 8168 7609 4885
f 8168 4885 5072
f 6389 4493 8170
f 6389 8170 11854
f 11854 8170 5070
f 11854 5070 8163
f 6399 11854 8163
f 6399 8163 4500
f 4223 6389 11854
f 4223 11854 6399
f 4493 4229 7613
f 4493 7613 8170
f 8170 7613 4887
f 8170 4887 5070
f 5072 4885 7608
f 5072 7608 8172
f 8172 7608 7607
f 8172 7607 8171
f 8171 7607 4338
f 8171 4338 4967
f 8169 5072 8172
f 8169 8172 11855
f 11855 8172 8171
f 11855 8171 11856
f 11856 8171 4967
f 11856 4967 7817
f 6405 11856 7817
f 6405 7817 4335
f 6404 11855 11856
f 6404 11856 6405
f 4502 8169 11855
f 4502 11855 6404
f 8179 11857 11860
f 8179 11860 8180
f 11857 11858 11861
f 11857 11861 11860
f 11858 11859 11862
f 11858 11862 11861
f 8180 11860 8185
f 8180 8185 5076
f 11860 11861 8186
f 11860 8186 8185
f 11861 11862 8187
f 11861 8187 8186
f 5073 8173 11857
f 5073 11857 8179
f 8173 8174 11858
f 8173 11858 11857
f 8174 8175 11859
f 8174 11859 11858
f 8175 5074 8181
f 8175 8181 11859
f 11859 8181 8182
f 11859 8182 11862
f 11862 8182 5077
f 11862 5077 8187
f 8181 11863 11866
f 8181 11866 8182
f 11863 11864 11867
f 11863 11867 11866
f 11864 11865 11868
f 11864 11868 11867
f 8182 11866 8188
f 8182 8188 5077
f 11866 11867 8189
f 11866 8189 8188
f 11867 11868 8190
f 11867 8190 8189
f 5074 8176 11863
f 5074 11863 8181
f 8176 8177 11864
f 8176 11864 11863
f 8177 8178 11865
f 8177 11865 11864
f 8178 5075 8183
f 8178 8183 11865
f 11865 8183 8184
f 11865 8184 11868
f 11868 8184 5078
f 11868 5078 8190
f 8191 11869 11872
f 8191 11872 8192
f 11869 11870 11873
f 11869 11873 11872
f 11870 11871 11874
f 11870 11874 11873
f 8192 11872 8197
f 8192 8197 5079
f 11872 11873 8198
f 11872 8198 8197
f 11873 11874 8199
f 11873 8199 8198
f 5076 8185 11869
f 5076 11869 8191
f 8185 8186 11870
f 8185 11870 11869
f 8186 8187 11871
f 8186 11871 11870
f 8187 5077 8193
f 8187 8193 11871
f 11871 8193 8194
f 11871 8194 11874
f 11874 8194 5080
f 11874 5080 8199
f 8193 11875 11878
f 8193 11878 8194
f 11875 11876 11879
f 11875 11879 11878
f 11876 11877 11880
f 11876 11880 11879
f 8194 11878 8200
f 8194 8200 5080
f 11878 11879 8201
f 11878 8201 8200
f 11879 11880 8202
f 11879 8202 8201
f 5077 8188 11875
f 5077 11875 8193
f 8188 8189 11876
f 8188 11876 11875
f 8189 8190 11877
f 8189 11877 11876
f 8190 5078 8195
f 8190 8195 11877
f 11877 8195 8196
f 11877 8196 11880
f 11880 8196 5081
f 11880 5081 8202
f 6270 6269 11882
f 6270 11882 11881
f 6269 6268 11883
f 6269 11883 11882
f 6268 6267 11884
f 6268 11884 11883
f 11881 11886 11885
f 11881 11882 11886
f 11882 11883 11887
f 11882 11887 11886
f 11883 11884 11888
f 11883 11888 11887
f 11885 11886 8230
f 11885 8230 8229
f 11886 11887 8231
f 11886 8231 8230
f 11887 11888 8232
f 11887 8232 8231
f 6267 5703 8203
f 6267 8203 11884
f 11884 8203 8204
f 11884 8204 11888
f 11888 8204 5073
f 11888 5073 8232
f 7873 11885 8229
f 7873 8229 4994
f 7872 11881 11885
f 7872 11885 7873
f 5663 6270 11881
f 5663 11881 7872
f 6266 11890 8203
f 6266 6265 11891
f 6266 11891 11890
f 6265 11889 11891
f 8203 11890 11892
f 8203 11892 8204
f 11890 11891 11893
f 11890 11893 11892
f 11891 11889 11894
f 11891 11894 11893
f 8204 11892 8173
f 8204 8173 5073
f 11892 11893 8174
f 11892 8174 8173
f 11893 11894 8175
f 11893 8175 8174
f 6264 11889 6265
f 6264 5702 8205
f 6264 8205 11889
f 11889 8205 8206
f 11889 8206 11894
f 11894 8206 5074
f 11894 5074 8175
f 5703 6266 8203
f 8205 11895 11898
f 8205 11898 8206
f 11895 11896 11899
f 11895 11899 11898
f 11896 11897 11900
f 11896 11900 11899
f 11897 8207 11900
f 8206 11898 8176
f 8206 8176 5074
f 11898 11899 8177
f 11898 8177 8176
f 11899 11900 8178
f 11899 8178 8177
f 5702 6263 11895
f 5702 11895 8205
f 6263 6262 11896
f 6263 11896 11895
f 6262 6261 11897
f 6262 11897 11896
f 6261 5701 8207
f 6261 8207 11897
f 8207 8208 11900
f 11900 8208 5075
f 11900 5075 8178
f 11901 11904 8208
f 11901 11902 11905
f 11901 11905 11904
f 11902 11903 11906
f 11902 11906 11905
f 11903 7879 7880
f 11903 7880 11906
f 8208 11904 8211
f 8208 8211 5075
f 11904 11905 8210
f 11904 8210 8211
f 11905 11906 8209
f 11905 8209 8210
f 11906 7880 4997
f 11906 4997 8209
f 5701 6260 11901
f 5701 11901 8207
f 6260 6259 11902
f 6260 11902 11901
f 6259 6258 11903
f 6259 11903 11902
f 6258 4181 7879
f 6258 7879 11903
f 8207 11901 8208
f 8183 11907 11910
f 8183 11910 8184
f 11907 11908 11911
f 11907 11911 11910
f 11908 11909 11912
f 11908 11912 11911
f 11909 7881 7882
f 11909 7882 11912
f 8184 11910 8214
f 8184 8214 5078
f 11910 11911 8213
f 11910 8213 8214
f 11911 11912 8212
f 11911 8212 8213
f 11912 7882 4998
f 11912 4998 8212
f 5075 8211 11907
f 5075 11907 8183
f 8211 8210 11908
f 8211 11908 11907
f 8210 8209 11909
f 8210 11909 11908
f 8209 4997 7881
f 8209 7881 11909
f 8195 11913 11916
f 8195 11916 8196
f 11913 11914 11917
f 11913 11917 11916
f 11914 11915 11918
f 11914 11918 11917
f 11915 7883 7884
f 11915 7884 11918
f 8196 11916 8217
f 8196 8217 5081
f 11916 11917 8216
f 11916 8216 8217
f 11917 11918 8215
f 11917 8215 8216
f 11918 7884 4999
f 11918 4999 8215
f 5078 8214 11913
f 5078 11913 8195
f 8214 8213 11914
f 8214 11914 11913
f 8213 8212 11915
f 8213 11915 11914
f 8212 4998 7883
f 8212 7883 11915
f 5081 8217 11919
f 5081 11919 8218
f 8217 8216 11920
f 8217 11920 11919
f 8216 8215 11921
f 8216 11921 11920
f 8215 4999 7885
f 8215 7885 11921
f 8218 11919 7067
f 8218 7067 4695
f 11919 11920 7068
f 11919 7068 7067
f 11920 11921 7069
f 11920 7069 7068
f 11921 7885 4283
f 11921 4283 7069
f 5080 8200 11922
f 5080 11922 8219
f 8200 8201 11923
f 8200 11923 11922
f 8201 8202 11924
f 8201 11924 11923
f 8219 11922 7064
f 8219 7064 4694
f 11922 11923 7065
f 11922 7065 7064
f 11923 11924 7066
f 11923 7066 7065
f 8202 5081 8218
f 8202 8218 11924
f 11924 8218 4695
f 11924 4695 7066
f 5079 8197 11925
f 5079 11925 8220
f 8197 8198 11926
f 8197 11926 11925
f 8198 8199 11927
f 8198 11927 11926
f 8220 11925 7061
f 8220 7061 4693
f 11925 11926 7062
f 11925 7062 7061
f 11926 11927 7063
f 11926 7063 7062
f 8199 5080 8219
f 8199 8219 11927
f 11927 8219 4694
f 11927 4694 7063
f 8221 8222 11929
f 8221 11929 11928
f 8222 8223 11930
f 8222 11930 11929
f 8223 8224 11931
f 8223 11931 11930
f 11928 11929 7058
f 11928 7058 7057
f 11929 11930 7059
f 11929 7059 7058
f 11930 11931 7060
f 11930 7060 7059
f 8224 5079 8220
f 8224 8220 11931
f 11931 8220 4693
f 11931 4693 7060
f 7878 11928 7057
f 7878 7057 4280
f 4996 8221 11928
f 4996 11928 7878
f 11932 11933 11937
f 11932 11937 11936
f 11933 11934 11938
f 11933 11938 11937
f 11934 11935 11939
f 11934 11939 11938
f 11936 11937 8222
f 11936 8222 8221
f 11937 11938 8223
f 11937 8223 8222
f 11938 11939 8224
f 11938 8224 8223
f 4995 8225 11932
f 4995 11932 7876
f 8225 8226 11933
f 8225 11933 11932
f 8226 8227 11934
f 8226 11934 11933
f 8227 8228 11935
f 8227 11935 11934
f 8228 5076 8191
f 8228 8191 11935
f 11935 8191 8192
f 11935 8192 11939
f 11939 8192 5079
f 11939 5079 8224
f 7877 11936 8221
f 7877 8221 4996
f 7876 11932 11936
f 7876 11936 7877
f 11940 11941 11945
f 11940 11945 11944
f 11941 11942 11946
f 11941 11946 11945
f 11942 11943 11947
f 11942 11947 11946
f 11944 11945 8226
f 11944 8226 8225
f 11945 11946 8227
f 11945 8227 8226
f 11946 11947 8228
f 11946 8228 8227
f 4994 8229 11940
f 4994 11940 7874
f 8229 8230 11941
f 8229 11941 11940
f 8230 8231 11942
f 8230 11942 11941
f 8231 8232 11943
f 8231 11943 11942
f 8232 5073 8179
f 8232 8179 11943
f 11943 8179 8180
f 11943 8180 11947
f 11947 8180 5076
f 11947 5076 8228
f 7875 11944 8225
f 7875 8225 4995
f 7874 11940 11944
f 7874 11944 7875
f 11948 11949 11952
f 11948 11952 11951
f 11949 11950 11953
f 11949 11953 11952
f 11950 8242 8243
f 11950 8243 11953
f 11951 11952 8247
f 11951 8247 8246
f 11952 11953 8248
f 11952 8248 8247
f 11953 8243 5086
f 11953 5086 8248
f 5082 8233 11948
f 5082 11948 8240
f 8233 8234 11949
f 8233 11949 11948
f 8234 8235 11950
f 8234 11950 11949
f 8235 5083 8242
f 8235 8242 11950
f 8241 11951 8246
f 8241 8246 5085
f 8240 11948 11951
f 8240 11951 8241
f 11954 11955 11959
f 11954 11959 11958
f 11955 11956 11960
f 11955 11960 11959
f 11956 11957 11961
f 11956 11961 11960
f 11958 11959 8250
f 11958 8250 8249
f 11959 11960 8251
f 11959 8251 8250
f 11960 11961 8252
f 11960 8252 8251
f 5083 8236 11954
f 5083 11954 8242
f 8236 8237 11955
f 8236 11955 11954
f 8237 8238 11956
f 8237 11956 11955
f 8238 8239 11957
f 8238 11957 11956
f 8239 5084 8244
f 8239 8244 11957
f 11957 8244 8245
f 11957 8245 11961
f 11961 8245 5087
f 11961 5087 8252
f 8243 11958 8249
f 8243 8249 5086
f 8242 11954 11958
f 8242 11958 8243
f 11962 11963 11966
f 11962 11966 11965
f 11963 11964 11967
f 11963 11967 11966
f 11964 8255 8256
f 11964 8256 11967
f 11965 11966 8260
f 11965 8260 8259
f 11966 11967 8261
f 11966 8261 8260
f 11967 8256 5089
f 11967 5089 8261
f 5085 8246 11962
f 5085 11962 8253
f 8246 8247 11963
f 8246 11963 11962
f 8247 8248 11964
f 8247 11964 11963
f 8248 5086 8255
f 8248 8255 11964
f 8254 11965 8259
f 8254 8259 5088
f 8253 11962 11965
f 8253 11965 8254
f 11968 11969 11973
f 11968 11973 11972
f 11969 11970 11974
f 11969 11974 11973
f 11970 11971 11975
f 11970 11975 11974
f 11972 11973 8263
f 11972 8263 8262
f 11973 11974 8264
f 11973 8264 8263
f 11974 11975 8265
f 11974 8265 8264
f 5086 8249 11968
f 5086 11968 8255
f 8249 8250 11969
f 8249 11969 11968
f 8250 8251 11970
f 8250 11970 11969
f 8251 8252 11971
f 8251 11971 11970
f 8252 5087 8257
f 8252 8257 11971
f 11971 8257 8258
f 11971 8258 11975
f 11975 8258 5090
f 11975 5090 8265
f 8256 11972 8262
f 8256 8262 5089
f 8255 11968 11972
f 8255 11972 8256
f 11976 11977 11980
f 11976 11980 11979
f 11977 11978 11981
f 11977 11981 11980
f 11978 8266 8267
f 11978 8267 11981
f 11979 11980 8291
f 11979 8291 8290
f 11980 11981 8292
f 11980 8292 8291
f 11981 8267 5082
f 11981 5082 8292
f 4181 6226 11976
f 4181 11976 7879
f 6226 6225 11977
f 6226 11977 11976
f 6225 11978 11977
f 6225 6224 11978
f 6224 8266 11978
f 6224 5700 8266
f 7880 11979 8290
f 7880 8290 4997
f 7879 11976 11979
f 7879 11979 7880
f 6221 5699 8268
f 6221 8268 11984
f 11982 11983 11986
f 11982 11986 11985
f 11983 11984 11987
f 11983 11987 11986
f 11984 8268 8269
f 11984 8269 11987
f 11985 11986 8234
f 11985 8234 8233
f 11986 11987 8235
f 11986 8235 8234
f 11987 8269 5083
f 11987 5083 8235
f 5700 11982 8266
f 5700 6223 11982
f 6223 11983 11982
f 6223 6222 11983
f 6222 11984 11983
f 6222 6221 11984
f 8267 11985 8233
f 8267 8233 5082
f 8266 11982 11985
f 8266 11985 8267
f 6220 6219 11991
f 6220 11991 11990
f 6219 11988 11991
f 11990 11991 11993
f 11990 11993 11992
f 11991 11988 11994
f 11991 11994 11993
f 11988 11989 11995
f 11988 11995 11994
f 11992 11993 8237
f 11992 8237 8236
f 11993 11994 8238
f 11993 8238 8237
f 11994 11995 8239
f 11994 8239 8238
f 6219 6218 11988
f 6218 6217 11989
f 6218 11989 11988
f 6217 4375 8270
f 6217 8270 11989
f 11989 8270 8271
f 11989 8271 11995
f 11995 8271 5084
f 11995 5084 8239
f 8269 11992 8236
f 8269 8236 5083
f 8268 11990 11992
f 8268 11992 8269
f 5699 6220 11990
f 5699 11990 8268
f 6216 6215 11997
f 6216 11997 11996
f 6215 6214 11998
f 6215 11998 11997
f 8270 11996 11999
f 8270 11999 8271
f 11996 11997 12000
f 11996 12000 11999
f 11997 11998 12000
f 12000 11998 12001
f 11998 7887 7888
f 11998 7888 12001
f 8271 11999 8274
f 8271 8274 5084
f 11999 12000 8274
f 8274 12000 8273
f 12000 12001 8272
f 12000 8272 8273
f 12001 7888 7889
f 12001 7889 8272
f 4375 6216 11996
f 4375 11996 8270
f 6214 5871 7886
f 6214 7886 7887
f 6214 7887 11998
f 7889 7888 5889
f 8244 12002 12005
f 8244 12005 8245
f 12002 12003 12006
f 12002 12006 12005
f 12003 12004 12006
f 12006 12004 12007
f 8245 12005 8277
f 8245 8277 5087
f 12005 12006 8276
f 12005 8276 8277
f 12006 12007 8275
f 12006 8275 8276
f 5084 8274 12002
f 5084 12002 8244
f 8274 8273 12003
f 8274 12003 12002
f 8273 8272 12004
f 8273 12004 12003
f 8272 7889 7890
f 8272 7890 12004
f 12004 7890 7891
f 12004 7891 12007
f 12007 7891 5000
f 12007 5000 8275
f 8257 12008 12011
f 8257 12011 8258
f 12008 12009 12012
f 12008 12012 12011
f 12009 12010 12013
f 12009 12013 12012
f 8258 12011 8280
f 8258 8280 5090
f 12011 12012 8279
f 12011 8279 8280
f 12012 12013 8278
f 12012 8278 8279
f 5087 8277 12008
f 5087 12008 8257
f 8277 8276 12009
f 8277 12009 12008
f 8276 8275 12010
f 8276 12010 12009
f 8275 5000 7892
f 8275 7892 12010
f 12010 7892 7893
f 12010 7893 12013
f 12013 7893 5001
f 12013 5001 8278
f 5090 8280 12014
f 5090 12014 8281
f 8280 8279 12015
f 8280 12015 12014
f 8279 8278 12016
f 8279 12016 12015
f 8281 12014 7106
f 8281 7106 4706
f 12014 12015 7107
f 12014 7107 7106
f 12015 12016 7108
f 12015 7108 7107
f 8278 5001 7894
f 8278 7894 12016
f 12016 7894 4286
f 12016 4286 7108
f 8262 8263 12018
f 8262 12018 12017
f 8263 8264 12019
f 8263 12019 12018
f 8264 8265 12020
f 8264 12020 12019
f 12017 12018 7103
f 12017 7103 7102
f 12018 12019 7104
f 12018 7104 7103
f 12019 12020 7105
f 12019 7105 7104
f 8265 5090 8281
f 8265 8281 12020
f 12020 8281 4706
f 12020 4706 7105
f 8282 12017 7102
f 8282 7102 4705
f 5089 8262 12017
f 5089 12017 8282
f 8259 8260 12022
f 8259 12022 12021
f 8260 8261 12023
f 8260 12023 12022
f 8261 5089 8282
f 8261 8282 12023
f 12021 12022 7100
f 12021 7100 7099
f 12022 12023 7101
f 12022 7101 7100
f 12023 8282 4705
f 12023 4705 7101
f 8283 12021 7099
f 8283 7099 4704
f 5088 8259 12021
f 5088 12021 8283
f 8284 8285 12025
f 8284 12025 12024
f 8285 8286 12026
f 8285 12026 12025
f 8286 5088 8283
f 8286 8283 12026
f 12024 12025 7097
f 12024 7097 7096
f 12025 12026 7098
f 12025 7098 7097
f 12026 8283 4704
f 12026 4704 7098
f 7885 12024 7096
f 7885 7096 4283
f 4999 8284 12024
f 4999 12024 7885
f 12027 12028 12031
f 12027 12031 12030
f 12028 12029 12032
f 12028 12032 12031
f 12029 8253 8254
f 12029 8254 12032
f 12030 12031 8285
f 12030 8285 8284
f 12031 12032 8286
f 12031 8286 8285
f 12032 8254 5088
f 12032 5088 8286
f 4998 8287 12027
f 4998 12027 7883
f 8287 8288 12028
f 8287 12028 12027
f 8288 8289 12029
f 8288 12029 12028
f 8289 5085 8253
f 8289 8253 12029
f 7884 12030 8284
f 7884 8284 4999
f 7883 12027 12030
f 7883 12030 7884
f 12033 12034 12037
f 12033 12037 12036
f 12034 12035 12038
f 12034 12038 12037
f 12035 8240 8241
f 12035 8241 12038
f 12036 12037 8288
f 12036 8288 8287
f 12037 12038 8289
f 12037 8289 8288
f 12038 8241 5085
f 12038 5085 8289
f 4997 8290 12033
f 4997 12033 7881
f 8290 8291 12034
f 8290 12034 12033
f 8291 8292 12035
f 8291 12035 12034
f 8292 5082 8240
f 8292 8240 12035
f 7882 12036 8287
f 7882 8287 4998
f 7881 12033 12036
f 7881 12036 7882
f 12039 12040 12043
f 12039 12043 12042
f 12040 12041 12044
f 12040 12044 12043
f 12041 8300 8301
f 12041 8301 12044
f 8299 12042 8303
f 8299 8303 5091
f 12042 12043 8304
f 12042 8304 8303
f 12043 12044 8305
f 12043 8305 8304
f 12044 8301 8305
f 5890 12039 8298
f 5890 8293 12039
f 8293 12040 12039
f 8293 8294 12040
f 8294 12041 12040
f 8294 8295 12041
f 8295 8300 12041
f 8295 5891 8300
f 8301 5092 8305
f 8298 12039 12042
f 8298 12042 8299
f 12045 8296 12047
f 12045 12047 12046
f 8296 8297 12048
f 8296 12048 12047
f 8297 5892 8302
f 8297 8302 12048
f 12046 12047 8307
f 12046 8307 8306
f 12047 12048 8308
f 12047 8308 8307
f 12048 8302 5093
f 12048 5093 8308
f 5891 12045 8300
f 5891 8296 12045
f 8301 12046 8306
f 8301 8306 5092
f 8300 12045 12046
f 8300 12046 8301
f 8309 12049 12052
f 8309 12052 8310
f 12049 12050 12053
f 12049 12053 12052
f 12050 12051 12054
f 12050 12054 12053
f 8310 12052 8315
f 8310 8315 5094
f 12052 12053 8316
f 12052 8316 8315
f 12053 12054 8317
f 12053 8317 8316
f 5091 8303 12049
f 5091 12049 8309
f 8303 8304 12050
f 8303 12050 12049
f 8304 8305 12051
f 8304 12051 12050
f 8305 5092 8311
f 8305 8311 12051
f 12051 8311 8312
f 12051 8312 12054
f 12054 8312 5095
f 12054 5095 8317
f 12055 12056 12059
f 12055 12059 12058
f 12056 12057 12060
f 12056 12060 12059
f 12057 8313 8314
f 12057 8314 12060
f 12058 12059 8319
f 12058 8319 8318
f 12059 12060 8320
f 12059 8320 8319
f 12060 8314 5096
f 12060 5096 8320
f 5092 8306 12055
f 5092 12055 8311
f 8306 8307 12056
f 8306 12056 12055
f 8307 8308 12057
f 8307 12057 12056
f 8308 5093 8313
f 8308 8313 12057
f 8312 12058 8318
f 8312 8318 5095
f 8311 12055 12058
f 8311 12058 8312
f 8323 8322 12062
f 8323 12062 12061
f 8322 8321 12063
f 8322 12063 12062
f 8321 5002 7895
f 8321 7895 12063
f 12061 12062 8325
f 12061 8325 8326
f 12062 12063 8324
f 12062 8324 8325
f 12063 7895 5003
f 12063 5003 8324
f 8302 12061 8326
f 8302 8326 5093
f 5892 8323 12061
f 5892 12061 8302
f 12064 12065 12068
f 12064 12068 12067
f 12065 12066 12069
f 12065 12069 12068
f 12066 7896 7897
f 12066 7897 12069
f 12067 12068 8328
f 12067 8328 8329
f 12068 12069 8327
f 12068 8327 8328
f 12069 7897 5004
f 12069 5004 8327
f 5093 8326 12064
f 5093 12064 8313
f 8326 8325 12065
f 8326 12065 12064
f 8325 8324 12066
f 8325 12066 12065
f 8324 5003 7896
f 8324 7896 12066
f 8314 12067 8329
f 8314 8329 5096
f 8313 12064 12067
f 8313 12067 8314
f 8329 8328 12071
f 8329 12071 12070
f 8328 8327 12072
f 8328 12072 12071
f 8327 5004 7898
f 8327 7898 12072
f 12070 12071 7145
f 12070 7145 7144
f 12071 12072 7146
f 12071 7146 7145
f 12072 7898 4289
f 12072 4289 7146
f 8330 12070 7144
f 8330 7144 4717
f 5096 8329 12070
f 5096 12070 8330
f 8318 8319 12074
f 8318 12074 12073
f 8319 8320 12075
f 8319 12075 12074
f 8320 5096 8330
f 8320 8330 12075
f 12073 12074 7142
f 12073 7142 7141
f 12074 12075 7143
f 12074 7143 7142
f 12075 8330 4717
f 12075 4717 7143
f 8331 12073 7141
f 8331 7141 4716
f 5095 8318 12073
f 5095 12073 8331
f 5094 8315 12076
f 5094 12076 8332
f 8315 8316 12077
f 8315 12077 12076
f 8316 8317 12078
f 8316 12078 12077
f 8332 12076 7138
f 8332 7138 4715
f 12076 12077 7139
f 12076 7139 7138
f 12077 12078 7140
f 12077 7140 7139
f 8317 5095 8331
f 8317 8331 12078
f 12078 8331 4716
f 12078 4716 7140
f 5001 8333 12079
f 5001 12079 7894
f 8333 8334 12080
f 8333 12080 12079
f 8334 8335 12081
f 8334 12081 12080
f 7894 12079 7135
f 7894 7135 4286
f 12079 12080 7136
f 12079 7136 7135
f 12080 12081 7137
f 12080 7137 7136
f 8335 5094 8332
f 8335 8332 12081
f 12081 8332 4715
f 12081 4715 7137
f 7892 12082 12085
f 7892 12085 7893
f 12082 12083 12086
f 12082 12086 12085
f 12083 12084 12087
f 12083 12087 12086
f 7893 12085 8333
f 7893 8333 5001
f 12085 12086 8334
f 12085 8334 8333
f 12086 12087 8335
f 12086 8335 8334
f 5000 8336 12082
f 5000 12082 7892
f 8336 8337 12083
f 8336 12083 12082
f 8337 8338 12084
f 8337 12084 12083
f 8338 5091 8309
f 8338 8309 12084
f 12084 8309 8310
f 12084 8310 12087
f 12087 8310 5094
f 12087 5094 8335
f 12090 8298 8299
f 12090 8299 12091
f 7890 12088 12092
f 7890 12092 7891
f 12088 12089 12092
f 12089 12093 12092
f 12089 12090 12093
f 12090 12091 12093
f 7891 12092 8336
f 7891 8336 5000
f 12092 12093 8337
f 12092 8337 8336
f 12093 12091 8338
f 12093 8338 8337
f 5889 8339 12088
f 8339 12089 12088
f 8339 8340 12089
f 8340 12090 12089
f 8340 8341 8298
f 8340 8298 12090
f 8341 5890 8298
f 12091 8299 5091
f 12091 5091 8338
f 7889 5889 12088
f 7889 12088 7890
f 8342 8343 12095
f 8342 12095 12094
f 8343 8344 12096
f 8343 12096 12095
f 8344 5894 8349
f 8344 8349 12096
f 12094 12095 8354
f 12094 8354 8353
f 12095 12096 8355
f 12095 8355 8354
f 12096 8349 8356
f 12096 8356 8355
f 8349 8350 5098
f 8349 5098 8356
f 8348 12094 8353
f 8348 8353 5097
f 5893 8342 12094
f 5893 12094 8348
f 8345 8346 12098
f 8345 12098 8350
f 8346 12099 12098
f 8346 12097 12099
f 12097 12100 12099
f 12097 8351 12100
f 8350 12098 8357
f 8350 8357 5098
f 12098 12099 8358
f 12098 8358 8357
f 12099 12100 8359
f 12099 8359 8358
f 8346 8347 12097
f 8347 8351 12097
f 8347 5895 8351
f 8351 8352 12100
f 12100 8352 5099
f 12100 5099 8359
f 5894 8345 8350
f 5894 8350 8349
f 12101 12102 12106
f 12101 12106 12105
f 12102 12103 12107
f 12102 12107 12106
f 12103 12104 12108
f 12103 12108 12107
f 12105 12106 8367
f 12105 8367 8366
f 12106 12107 8368
f 12106 8368 8367
f 12107 12108 8369
f 12107 8369 8368
f 5097 8353 12101
f 5097 12101 8360
f 8353 8354 12102
f 8353 12102 12101
f 8354 8355 12103
f 8354 12103 12102
f 8355 8356 12104
f 8355 12104 12103
f 8356 5098 8362
f 8356 8362 12104
f 12104 8362 8363
f 12104 8363 12108
f 12108 8363 5101
f 12108 5101 8369
f 8361 12105 8366
f 8361 8366 5100
f 8360 12101 12105
f 8360 12105 8361
f 8362 12109 12112
f 8362 12112 8363
f 12109 12110 12113
f 12109 12113 12112
f 12110 12111 12114
f 12110 12114 12113
f 8363 12112 8370
f 8363 8370 5101
f 12112 12113 8371
f 12112 8371 8370
f 12113 12114 8372
f 12113 8372 8371
f 5098 8357 12109
f 5098 12109 8362
f 8357 8358 12110
f 8357 12110 12109
f 8358 8359 12111
f 8358 12111 12110
f 8359 5099 8364
f 8359 8364 12111
f 12111 8364 8365
f 12111 8365 12114
f 12114 8365 5102
f 12114 5102 8372
f 12115 12118 8352
f 12115 12116 12118
f 12116 12119 12118
f 12116 12117 12119
f 12117 7762 12119
f 12119 7762 12120
f 8352 12118 8378
f 8352 8378 5099
f 12118 12119 8377
f 12118 8377 8378
f 12119 12120 8376
f 12119 8376 8377
f 5895 12115 8351
f 5895 8375 12115
f 8375 12116 12115
f 8375 8374 12116
f 8374 12117 12116
f 8374 8373 12117
f 8373 7762 12117
f 8373 5888 7762
f 7762 7761 7760
f 7762 7760 12120
f 12120 7760 4948
f 12120 4948 8376
f 8351 12115 8352
f 8364 12121 12124
f 8364 12124 8365
f 12121 12122 12125
f 12121 12125 12124
f 12122 12123 12126
f 12122 12126 12125
f 8365 12124 8381
f 8365 8381 5102
f 12124 12125 8380
f 12124 8380 8381
f 12125 12126 8379
f 12125 8379 8380
f 5099 8378 12121
f 5099 12121 8364
f 8378 8377 12122
f 8378 12122 12121
f 8377 8376 12123
f 8377 12123 12122
f 8376 4948 7759
f 8376 7759 12123
f 12123 7759 7758
f 12123 7758 12126
f 12126 7758 4947
f 12126 4947 8379
f 5102 8381 12127
f 5102 12127 8382
f 8381 8380 12128
f 8381 12128 12127
f 8380 8379 12129
f 8380 12129 12128
f 8382 12127 7181
f 8382 7181 4728
f 12127 12128 7182
f 12127 7182 7181
f 12128 12129 7183
f 12128 7183 7182
f 8379 4947 7757
f 8379 7757 12129
f 12129 7757 4293
f 12129 4293 7183
f 5101 8370 12130
f 5101 12130 8383
f 8370 8371 12131
f 8370 12131 12130
f 8371 8372 12132
f 8371 12132 12131
f 8383 12130 7178
f 8383 7178 4727
f 12130 12131 7179
f 12130 7179 7178
f 12131 12132 7180
f 12131 7180 7179
f 8372 5102 8382
f 8372 8382 12132
f 12132 8382 4728
f 12132 4728 7180
f 8366 8367 12134
f 8366 12134 12133
f 8367 8368 12135
f 8367 12135 12134
f 8368 8369 12136
f 8368 12136 12135
f 12133 12134 7175
f 12133 7175 7174
f 12134 12135 7176
f 12134 7176 7175
f 12135 12136 7177
f 12135 7177 7176
f 8369 5101 8383
f 8369 8383 12136
f 12136 8383 4727
f 12136 4727 7177
f 8384 12133 7174
f 8384 7174 4726
f 5100 8366 12133
f 5100 12133 8384
f 8385 8386 12138
f 8385 12138 12137
f 8386 8387 12139
f 8386 12139 12138
f 8387 5100 8384
f 8387 8384 12139
f 12137 12138 7172
f 12137 7172 7171
f 12138 12139 7173
f 12138 7173 7172
f 12139 8384 4726
f 12139 4726 7173
f 7898 12137 7171
f 7898 7171 4289
f 5004 8385 12137
f 5004 12137 7898
f 12140 12141 12144
f 12140 12144 12143
f 12141 12142 12145
f 12141 12145 12144
f 12142 8360 8361
f 12142 8361 12145
f 12143 12144 8386
f 12143 8386 8385
f 12144 12145 8387
f 12144 8387 8386
f 12145 8361 5100
f 12145 5100 8387
f 5003 8388 12140
f 5003 12140 7896
f 8388 8389 12141
f 8388 12141 12140
f 8389 8390 12142
f 8389 12142 12141
f 8390 5097 8360
f 8390 8360 12142
f 7897 12143 8385
f 7897 8385 5004
f 7896 12140 12143
f 7896 12143 7897
f 8391 8392 12147
f 8391 12147 12146
f 8392 8393 12148
f 8392 12148 12147
f 8393 5893 8348
f 8393 8348 12148
f 12146 12147 8389
f 12146 8389 8388
f 12147 12148 8390
f 12147 8390 8389
f 12148 8348 5097
f 12148 5097 8390
f 7895 12146 8388
f 7895 8388 5003
f 5002 8391 12146
f 5002 12146 7895
f 8394 5103 8395
f 8394 8395 12149
f 12149 8395 8396
f 12149 8396 12150
f 12150 8396 5104
f 12150 5104 8397
f 7240 12150 8397
f 7240 8397 4745
f 7239 12149 12150
f 7239 12150 7240
f 4744 8394 12149
f 4744 12149 7239
f 5103 4834 7481
f 5103 7481 8395
f 8395 7481 7480
f 8395 7480 8396
f 8396 7480 4833
f 8396 4833 5104
f 8397 5104 8398
f 8397 8398 12151
f 12151 8398 8399
f 12151 8399 12152
f 12152 8399 5105
f 12152 5105 8400
f 7242 12152 8400
f 7242 8400 4746
f 7241 12151 12152
f 7241 12152 7242
f 4745 8397 12151
f 4745 12151 7241
f 5104 4833 7479
f 5104 7479 8398
f 8398 7479 7478
f 8398 7478 8399
f 8399 7478 4832
f 8399 4832 5105
f 4297 7899 12153
f 4297 12153 7236
f 7899 5005 8401
f 7899 8401 12153
f 12153 8401 8402
f 12153 8402 12154
f 12154 8402 8403
f 12154 8403 12155
f 12155 8403 5103
f 12155 5103 8394
f 7238 12155 8394
f 7238 8394 4744
f 7237 12154 12155
f 7237 12155 7238
f 7236 12153 12154
f 7236 12154 7237
f 5005 4320 7484
f 5005 7484 8401
f 8401 7484 7483
f 8401 7483 8402
f 8402 7483 7482
f 8402 7482 8403
f 8403 7482 4834
f 8403 4834 5103
f 5105 4832 7477
f 5105 7477 8406
f 8406 7477 7476
f 8406 7476 8405
f 8405 7476 7475
f 8405 7475 8404
f 8404 7475 4322
f 8404 4322 4953
f 4746 8400 12156
f 4746 12156 7243
f 8400 5105 8406
f 8400 8406 12156
f 12156 8406 8405
f 12156 8405 12157
f 12157 8405 8404
f 12157 8404 12158
f 12158 8404 4953
f 12158 4953 7777
f 7245 12158 7777
f 7245 7777 4295
f 7244 12157 12158
f 7244 12158 7245
f 7243 12156 12157
f 7243 12157 7244
f 8412 12159 12162
f 8412 12162 8413
f 12159 12160 12163
f 12159 12163 12162
f 12160 12161 12164
f 12160 12164 12163
f 8413 12162 8418
f 8413 8418 5109
f 12162 12163 8419
f 12162 8419 8418
f 12163 12164 8420
f 12163 8420 8419
f 5106 8407 12159
f 5106 12159 8412
f 8407 8408 12160
f 8407 12160 12159
f 8408 8409 12161
f 8408 12161 12160
f 8409 5107 8414
f 8409 8414 12161
f 12161 8414 8415
f 12161 8415 12164
f 12164 8415 5110
f 12164 5110 8420
f 8414 12165 12167
f 8414 12167 8415
f 12165 12166 12168
f 12165 12168 12167
f 12166 8416 8417
f 12166 8417 12168
f 8415 12167 8421
f 8415 8421 5110
f 12167 12168 8422
f 12167 8422 8421
f 12168 8417 5111
f 12168 5111 8422
f 5107 8410 12165
f 5107 12165 8414
f 8410 8411 12166
f 8410 12166 12165
f 8411 5108 8416
f 8411 8416 12166
f 8423 12169 12172
f 8423 12172 8424
f 12169 12170 12173
f 12169 12173 12172
f 12170 12171 12174
f 12170 12174 12173
f 8424 12172 8429
f 8424 8429 5112
f 12172 12173 8430
f 12172 8430 8429
f 12173 12174 8431
f 12173 8431 8430
f 5109 8418 12169
f 5109 12169 8423
f 8418 8419 12170
f 8418 12170 12169
f 8419 8420 12171
f 8419 12171 12170
f 8420 5110 8425
f 8420 8425 12171
f 12171 8425 8426
f 12171 8426 12174
f 12174 8426 5113
f 12174 5113 8431
f 8425 12175 12177
f 8425 12177 8426
f 12175 12176 12178
f 12175 12178 12177
f 12176 8427 8428
f 12176 8428 12178
f 8426 12177 8432
f 8426 8432 5113
f 12177 12178 8433
f 12177 8433 8432
f 12178 8428 5114
f 12178 5114 8433
f 5110 8421 12175
f 5110 12175 8425
f 8421 8422 12176
f 8421 12176 12175
f 8422 5111 8427
f 8422 8427 12176
f 5880 7766 12180
f 5880 12180 7765
f 7766 7767 12181
f 7766 12181 12180
f 7767 12179 12181
f 7765 12180 12182
f 12180 12181 12183
f 12180 12183 12182
f 12181 12179 12184
f 12181 12184 12183
f 7765 12182 7764
f 12182 12183 8457
f 12183 12184 8458
f 12183 8458 8457
f 7764 12182 8456
f 7764 8456 8455
f 12182 8457 8456
f 7767 7768 12179
f 7768 4949 8434
f 7768 8434 12179
f 12179 8434 8435
f 12179 8435 12184
f 12184 8435 5106
f 12184 5106 8458
f 7763 8455 5888
f 7763 7764 8455
f 8434 12185 12188
f 8434 12188 8435
f 12185 12186 12189
f 12185 12189 12188
f 12186 12187 12190
f 12186 12190 12189
f 8435 12188 8407
f 8435 8407 5106
f 12188 12189 8408
f 12188 8408 8407
f 12189 12190 8409
f 12189 8409 8408
f 4949 7769 12185
f 4949 12185 8434
f 7769 7770 12186
f 7769 12186 12185
f 7770 7771 12187
f 7770 12187 12186
f 7771 4950 8436
f 7771 8436 12187
f 12187 8436 8437
f 12187 8437 12190
f 12190 8437 5107
f 12190 5107 8409
f 8436 12191 12193
f 8436 12193 8437
f 12191 12192 12194
f 12191 12194 12193
f 12192 8438 8439
f 12192 8439 12194
f 8437 12193 8410
f 8437 8410 5107
f 12193 12194 8411
f 12193 8411 8410
f 12194 8439 5108
f 12194 5108 8411
f 4950 7772 12191
f 4950 12191 8436
f 7772 7773 12192
f 7772 12192 12191
f 7773 4951 8438
f 7773 8438 12192
f 8438 12195 12197
f 8438 12197 8439
f 12195 12196 12198
f 12195 12198 12197
f 8439 12197 8441
f 8439 8441 5108
f 12197 12198 8440
f 12197 8440 8441
f 4951 7774 12195
f 4951 12195 8438
f 7774 7775 12196
f 7774 12196 12195
f 7775 4307 7329
f 7775 7329 12196
f 12196 7329 7328
f 12196 7328 12198
f 12198 7328 4773
f 12198 4773 8440
f 8416 12199 12201
f 8416 12201 8417
f 12199 12200 12202
f 12199 12202 12201
f 8417 12201 8443
f 8417 8443 5111
f 12201 12202 8442
f 12201 8442 8443
f 5108 8441 12199
f 5108 12199 8416
f 8441 8440 12200
f 8441 12200 12199
f 8440 4773 7327
f 8440 7327 12200
f 12200 7327 7326
f 12200 7326 12202
f 12202 7326 4772
f 12202 4772 8442
f 8427 12203 12205
f 8427 12205 8428
f 12203 12204 12206
f 12203 12206 12205
f 8428 12205 8445
f 8428 8445 5114
f 12205 12206 8444
f 12205 8444 8445
f 5111 8443 12203
f 5111 12203 8427
f 8443 8442 12204
f 8443 12204 12203
f 8442 4772 7325
f 8442 7325 12204
f 12204 7325 7324
f 12204 7324 12206
f 12206 7324 4771
f 12206 4771 8444
f 5114 8445 12207
f 5114 12207 8446
f 8445 8444 12208
f 8445 12208 12207
f 8446 12207 6458
f 8446 6458 4527
f 12207 12208 6459
f 12207 6459 6458
f 8444 4771 7323
f 8444 7323 12208
f 12208 7323 4191
f 12208 4191 6459
f 5113 8432 12209
f 5113 12209 8447
f 8432 8433 12210
f 8432 12210 12209
f 8433 5114 8446
f 8433 8446 12210
f 8447 12209 6456
f 8447 6456 4526
f 12209 12210 6457
f 12209 6457 6456
f 12210 8446 4527
f 12210 4527 6457
f 5112 8429 12211
f 5112 12211 8448
f 8429 8430 12212
f 8429 12212 12211
f 8430 8431 12213
f 8430 12213 12212
f 8448 12211 6453
f 8448 6453 4525
f 12211 12212 6454
f 12211 6454 6453
f 12212 12213 6455
f 12212 6455 6454
f 8431 5113 8447
f 8431 8447 12213
f 12213 8447 4526
f 12213 4526 6455
f 4947 8449 12214
f 4947 12214 7757
f 8449 8450 12215
f 8449 12215 12214
f 8450 8451 12216
f 8450 12216 12215
f 7757 12214 6450
f 7757 6450 4293
f 12214 12215 6451
f 12214 6451 6450
f 12215 12216 6452
f 12215 6452 6451
f 8451 5112 8448
f 8451 8448 12216
f 12216 8448 4525
f 12216 4525 6452
f 7759 12217 12220
f 7759 12220 7758
f 12217 12218 12221
f 12217 12221 12220
f 12218 12219 12222
f 12218 12222 12221
f 7758 12220 8449
f 7758 8449 4947
f 12220 12221 8450
f 12220 8450 8449
f 12221 12222 8451
f 12221 8451 8450
f 4948 8452 12217
f 4948 12217 7759
f 8452 8453 12218
f 8452 12218 12217
f 8453 8454 12219
f 8453 12219 12218
f 8454 5109 8423
f 8454 8423 12219
f 12219 8423 8424
f 12219 8424 12222
f 12222 8424 5112
f 12222 5112 8451
f 7761 12223 12226
f 12223 12224 12227
f 12223 12227 12226
f 12224 12225 12228
f 12224 12228 12227
f 7761 12226 7760
f 7760 12226 8452
f 7760 8452 4948
f 12226 12227 8453
f 12226 8453 8452
f 12227 12228 8454
f 12227 8454 8453
f 5888 8455 7761
f 5888 7761 7762
f 8455 8456 12223
f 8455 12223 7761
f 8456 8457 12224
f 8456 12224 12223
f 8457 8458 12225
f 8457 12225 12224
f 8458 5106 8412
f 8458 8412 12225
f 12225 8412 8413
f 12225 8413 12228
f 12228 8413 5109
f 12228 5109 8454
f 8459 5115 8460
f 8459 8460 12229
f 12229 8460 8461
f 12229 8461 12230
f 12230 8461 8462
f 12230 8462 12231
f 12231 8462 5116
f 12231 5116 8463
f 6908 12231 8463
f 6908 8463 4651
f 6907 12230 12231
f 6907 12231 6908
f 6906 12229 12230
f 6906 12230 6907
f 4650 8459 12229
f 4650 12229 6906
f 5115 4725 7167
f 5115 7167 8460
f 8460 7167 7166
f 8460 7166 8461
f 8461 7166 7165
f 8461 7165 8462
f 8462 7165 4724
f 8462 4724 5116
f 4651 8463 12232
f 4651 12232 6909
f 8463 5116 8464
f 8463 8464 12232
f 12232 8464 8465
f 12232 8465 12233
f 12233 8465 8466
f 12233 8466 12234
f 12234 8466 5117
f 12234 5117 8467
f 6911 12234 8467
f 6911 8467 4652
f 6910 12233 12234
f 6910 12234 6911
f 6909 12232 12233
f 6909 12233 6910
f 5116 4724 7164
f 5116 7164 8464
f 8464 7164 7163
f 8464 7163 8465
f 8465 7163 7162
f 8465 7162 8466
f 8466 7162 4723
f 8466 4723 5117
f 7869 4991 8468
f 7869 8468 12235
f 12235 8468 8469
f 12235 8469 12236
f 12236 8469 8470
f 12236 8470 12237
f 12237 8470 5115
f 12237 5115 8459
f 6905 12237 8459
f 6905 8459 4650
f 6904 12236 12237
f 6904 12237 6905
f 6903 12235 12236
f 6903 12236 6904
f 4269 7869 12235
f 4269 12235 6903
f 4991 4287 7170
f 4991 7170 8468
f 8468 7170 7169
f 8468 7169 8469
f 8469 7169 7168
f 8469 7168 8470
f 8470 7168 4725
f 8470 4725 5115
f 5117 4723 7161
f 5117 7161 8473
f 8473 7161 7160
f 8473 7160 8472
f 8472 7160 7159
f 8472 7159 8471
f 8471 7159 4290
f 8471 4290 4990
f 4652 8467 12238
f 4652 12238 6912
f 8467 5117 8473
f 8467 8473 12238
f 12238 8473 8472
f 12238 8472 12239
f 12239 8472 8471
f 12239 8471 12240
f 12240 8471 4990
f 12240 4990 7868
f 6914 12240 7868
f 6914 7868 4267
f 6913 12239 12240
f 6913 12240 6914
f 6912 12238 12239
f 6912 12239 6913
f 4656 8474 12241
f 4656 12241 6931
f 8474 5118 8475
f 8474 8475 12241
f 12241 8475 8476
f 12241 8476 12242
f 12242 8476 8477
f 12242 8477 12243
f 12243 8477 5119
f 12243 5119 8478
f 6933 12243 8478
f 6933 8478 4657
f 6932 12242 12243
f 6932 12243 6933
f 6931 12241 12242
f 6931 12242 6932
f 5118 4714 7131
f 5118 7131 8475
f 8475 7131 7130
f 8475 7130 8476
f 8476 7130 7129
f 8476 7129 8477
f 8477 7129 4713
f 8477 4713 5119
f 4657 8478 12244
f 4657 12244 6934
f 8478 5119 8479
f 8478 8479 12244
f 12244 8479 8480
f 12244 8480 12245
f 12245 8480 8481
f 12245 8481 12246
f 12246 8481 8482
f 12246 8482 12247
f 12247 8482 5120
f 12247 5120 8483
f 6937 12247 8483
f 6937 8483 4658
f 6936 12246 12247
f 6936 12247 6937
f 6935 12245 12246
f 6935 12246 6936
f 6934 12244 12245
f 6934 12245 6935
f 5119 4713 7128
f 5119 7128 8479
f 8479 7128 7127
f 8479 7127 8480
f 8480 7127 7126
f 8480 7126 8481
f 8481 7126 7125
f 8481 7125 8482
f 8482 7125 4712
f 8482 4712 5120
f 4271 7870 12248
f 4271 12248 6928
f 7870 4992 8484
f 7870 8484 12248
f 12248 8484 8485
f 12248 8485 12249
f 12249 8485 8486
f 12249 8486 12250
f 12250 8486 5118
f 12250 5118 8474
f 6930 12250 8474
f 6930 8474 4656
f 6929 12249 12250
f 6929 12250 6930
f 6928 12248 12249
f 6928 12249 6929
f 4992 4284 7134
f 4992 7134 8484
f 8484 7134 7133
f 8484 7133 8485
f 8485 7133 7132
f 8485 7132 8486
f 8486 7132 4714
f 8486 4714 5118
f 5120 4712 7124
f 5120 7124 8489
f 8489 7124 7123
f 8489 7123 8488
f 8488 7123 7122
f 8488 7122 8487
f 8487 7122 4287
f 8487 4287 4991
f 8483 5120 8489
f 8483 8489 12251
f 12251 8489 8488
f 12251 8488 12252
f 12252 8488 8487
f 12252 8487 12253
f 12253 8487 4991
f 12253 4991 7869
f 6940 12253 7869
f 6940 7869 4269
f 6939 12252 12253
f 6939 12253 6940
f 6938 12251 12252
f 6938 12252 6939
f 4658 8483 12251
f 4658 12251 6938
f 8490 5121 8491
f 8490 8491 12254
f 12254 8491 8492
f 12254 8492 12255
f 12255 8492 8493
f 12255 8493 12256
f 12256 8493 5122
f 12256 5122 8494
f 6960 12256 8494
f 6960 8494 4663
f 6959 12255 12256
f 6959 12256 6960
f 6958 12254 12255
f 6958 12255 6959
f 4662 8490 12254
f 4662 12254 6958
f 5121 4703 7091
f 5121 7091 8491
f 8491 7091 7090
f 8491 7090 8492
f 8492 7090 7089
f 8492 7089 8493
f 8493 7089 4702
f 8493 4702 5122
f 8494 5122 8495
f 8494 8495 12257
f 12257 8495 8496
f 12257 8496 12258
f 12258 8496 8497
f 12258 8497 12259
f 12259 8497 5123
f 12259 5123 8498
f 6963 12259 8498
f 6963 8498 4664
f 6962 12258 12259
f 6962 12259 6963
f 6961 12257 12258
f 6961 12258 6962
f 4663 8494 12257
f 4663 12257 6961
f 5122 4702 7088
f 5122 7088 8495
f 8495 7088 7087
f 8495 7087 8496
f 8496 7087 7086
f 8496 7086 8497
f 8497 7086 4701
f 8497 4701 5123
f 4273 7871 12260
f 4273 12260 6954
f 7871 4993 8499
f 7871 8499 12260
f 12260 8499 8500
f 12260 8500 12261
f 12261 8500 8501
f 12261 8501 12262
f 12262 8501 8502
f 12262 8502 12263
f 12263 8502 5121
f 12263 5121 8490
f 6957 12263 8490
f 6957 8490 4662
f 6956 12262 12263
f 6956 12263 6957
f 6955 12261 12262
f 6955 12262 6956
f 6954 12260 12261
f 6954 12261 6955
f 4993 4281 7095
f 4993 7095 8499
f 8499 7095 7094
f 8499 7094 8500
f 8500 7094 7093
f 8500 7093 8501
f 8501 7093 7092
f 8501 7092 8502
f 8502 7092 4703
f 8502 4703 5121
f 5123 4701 7085
f 5123 7085 8505
f 8505 7085 7084
f 8505 7084 8504
f 8504 7084 7083
f 8504 7083 8503
f 8503 7083 4284
f 8503 4284 4992
f 8498 5123 8505
f 8498 8505 12264
f 12264 8505 8504
f 12264 8504 12265
f 12265 8504 8503
f 12265 8503 12266
f 12266 8503 4992
f 12266 4992 7870
f 6966 12266 7870
f 6966 7870 4271
f 6965 12265 12266
f 6965 12266 6966
f 6964 12264 12265
f 6964 12265 6965
f 4664 8498 12264
f 4664 12264 6964
f 4668 8506 12267
f 4668 12267 6982
f 8506 5124 8507
f 8506 8507 12267
f 12267 8507 8508
f 12267 8508 12268
f 12268 8508 8509
f 12268 8509 12269
f 12269 8509 5125
f 12269 5125 8510
f 6984 12269 8510
f 6984 8510 4669
f 6983 12268 12269
f 6983 12269 6984
f 6982 12267 12268
f 6982 12268 6983
f 5124 4692 7053
f 5124 7053 8507
f 8507 7053 7052
f 8507 7052 8508
f 8508 7052 7051
f 8508 7051 8509
f 8509 7051 4691
f 8509 4691 5125
f 4669 8510 12270
f 4669 12270 6985
f 8510 5125 8511
f 8510 8511 12270
f 12270 8511 8512
f 12270 8512 12271
f 12271 8512 8513
f 12271 8513 12272
f 12272 8513 5126
f 12272 5126 8514
f 6987 12272 8514
f 6987 8514 4670
f 6986 12271 12272
f 6986 12272 6987
f 6985 12270 12271
f 6985 12271 6986
f 5125 4691 7050
f 5125 7050 8511
f 8511 7050 7049
f 8511 7049 8512
f 8512 7049 7048
f 8512 7048 8513
f 8513 7048 4690
f 8513 4690 5126
f 7798 4959 8515
f 7798 8515 12273
f 12273 8515 8516
f 12273 8516 12274
f 12274 8516 8517
f 12274 8517 12275
f 12275 8517 5124
f 12275 5124 8506
f 6981 12275 8506
f 6981 8506 4668
f 6980 12274 12275
f 6980 12275 6981
f 6979 12273 12274
f 6979 12274 6980
f 4275 7798 12273
f 4275 12273 6979
f 4959 4278 7056
f 4959 7056 8515
f 8515 7056 7055
f 8515 7055 8516
f 8516 7055 7054
f 8516 7054 8517
f 8517 7054 4692
f 8517 4692 5124
f 5126 4690 7047
f 5126 7047 8520
f 8520 7047 7046
f 8520 7046 8519
f 8519 7046 7045
f 8519 7045 8518
f 8518 7045 4281
f 8518 4281 4993
f 4670 8514 12276
f 4670 12276 6988
f 8514 5126 8520
f 8514 8520 12276
f 12276 8520 8519
f 12276 8519 12277
f 12277 8519 8518
f 12277 8518 12278
f 12278 8518 4993
f 12278 4993 7871
f 6990 12278 7871
f 6990 7871 4273
f 6989 12277 12278
f 6989 12278 6990
f 6988 12276 12277
f 6988 12277 6989
f 12279 12280 12283
f 12279 12283 12282
f 12280 12281 12284
f 12280 12284 12283
f 12281 8529 8530
f 12281 8530 12284
f 12282 12283 8534
f 12282 8534 8533
f 12283 12284 8535
f 12283 8535 8534
f 12284 8530 5131
f 12284 5131 8535
f 5127 8521 12279
f 5127 12279 8527
f 8521 8522 12280
f 8521 12280 12279
f 8522 8523 12281
f 8522 12281 12280
f 8523 5128 8529
f 8523 8529 12281
f 8528 12282 8533
f 8528 8533 5130
f 8527 12279 12282
f 8527 12282 8528
f 12285 12286 12289
f 12285 12289 12288
f 12286 12287 12290
f 12286 12290 12289
f 12287 8531 8532
f 12287 8532 12290
f 12288 12289 8537
f 12288 8537 8536
f 12289 12290 8538
f 12289 8538 8537
f 12290 8532 5132
f 12290 5132 8538
f 5128 8524 12285
f 5128 12285 8529
f 8524 8525 12286
f 8524 12286 12285
f 8525 8526 12287
f 8525 12287 12286
f 8526 5129 8531
f 8526 8531 12287
f 8530 12288 8536
f 8530 8536 5131
f 8529 12285 12288
f 8529 12288 8530
f 12291 12292 12295
f 12291 12295 12294
f 12292 12293 12296
f 12292 12296 12295
f 12293 8541 8542
f 12293 8542 12296
f 12294 12295 8546
f 12294 8546 8545
f 12295 12296 8547
f 12295 8547 8546
f 12296 8542 5134
f 12296 5134 8547
f 5130 8533 12291
f 5130 12291 8539
f 8533 8534 12292
f 8533 12292 12291
f 8534 8535 12293
f 8534 12293 12292
f 8535 5131 8541
f 8535 8541 12293
f 8540 12294 8545
f 8540 8545 5133
f 8539 12291 12294
f 8539 12294 8540
f 12297 12298 12301
f 12297 12301 12300
f 12298 12299 12302
f 12298 12302 12301
f 12299 8543 8544
f 12299 8544 12302
f 12300 12301 8549
f 12300 8549 8548
f 12301 12302 8550
f 12301 8550 8549
f 12302 8544 5135
f 12302 5135 8550
f 5131 8536 12297
f 5131 12297 8541
f 8536 8537 12298
f 8536 12298 12297
f 8537 8538 12299
f 8537 12299 12298
f 8538 5132 8543
f 8538 8543 12299
f 8542 12300 8548
f 8542 8548 5134
f 8541 12297 12300
f 8541 12300 8542
f 6294 12303 12305
f 7810 12305 12306
f 7810 12306 7811
f 12305 12303 12306
f 12303 12307 12306
f 12303 12304 12308
f 12303 12308 12307
f 12304 8551 8552
f 12304 8552 12308
f 7811 12306 8575
f 7811 8575 4964
f 12306 12307 8576
f 12306 8576 8575
f 12307 12308 8577
f 12307 8577 8576
f 12308 8552 5127
f 12308 5127 8577
f 6294 6293 12303
f 6293 6292 12304
f 6293 12304 12303
f 6292 5666 8551
f 6292 8551 12304
f 5656 6294 12305
f 5656 12305 7810
f 12309 12310 12313
f 12309 12313 12312
f 12310 12311 12314
f 12310 12314 12313
f 12311 8553 8554
f 12311 8554 12314
f 12312 12313 8522
f 12312 8522 8521
f 12313 12314 8523
f 12313 8523 8522
f 12314 8554 5128
f 12314 5128 8523
f 5666 6291 12309
f 5666 12309 8551
f 6291 6290 12310
f 6291 12310 12309
f 6290 6289 12311
f 6290 12311 12310
f 6289 5665 8553
f 6289 8553 12311
f 8552 12312 8521
f 8552 8521 5127
f 8551 12309 12312
f 8551 12312 8552
f 12315 12316 12319
f 12315 12319 12318
f 12316 12317 12320
f 12316 12320 12319
f 12317 8555 8556
f 12317 8556 12320
f 12318 12319 8525
f 12318 8525 8524
f 12319 12320 8526
f 12319 8526 8525
f 12320 8556 5129
f 12320 5129 8526
f 5665 6288 12315
f 5665 12315 8553
f 6288 6287 12316
f 6288 12316 12315
f 6287 6286 12317
f 6287 12317 12316
f 6286 8555 12317
f 6286 5664 8555
f 8554 12318 8524
f 8554 8524 5128
f 8553 12315 12318
f 8553 12318 8554
f 12323 5663 7872
f 12321 12322 12325
f 12321 12325 12324
f 12322 12323 12326
f 12322 12326 12325
f 12323 7872 7873
f 12323 7873 12326
f 12324 12325 8558
f 12324 8558 8559
f 12325 12326 8557
f 12325 8557 8558
f 12326 7873 4994
f 12326 4994 8557
f 5664 12321 8555
f 5664 6285 12321
f 6285 12322 12321
f 6285 6284 12322
f 6284 12323 12322
f 6284 6283 12323
f 6283 5663 12323
f 8556 12324 8559
f 8556 8559 5129
f 8555 12321 12324
f 8555 12324 8556
f 12327 12328 12331
f 12327 12331 12330
f 12328 12329 12332
f 12328 12332 12331
f 12329 7874 7875
f 12329 7875 12332
f 12330 12331 8561
f 12330 8561 8562
f 12331 12332 8560
f 12331 8560 8561
f 12332 7875 4995
f 12332 4995 8560
f 5129 8559 12327
f 5129 12327 8531
f 8559 8558 12328
f 8559 12328 12327
f 8558 8557 12329
f 8558 12329 12328
f 8557 4994 7874
f 8557 7874 12329
f 8532 12330 8562
f 8532 8562 5132
f 8531 12327 12330
f 8531 12330 8532
f 12333 12334 12337
f 12333 12337 12336
f 12334 12335 12338
f 12334 12338 12337
f 12335 7876 7877
f 12335 7877 12338
f 12336 12337 8564
f 12336 8564 8565
f 12337 12338 8563
f 12337 8563 8564
f 12338 7877 4996
f 12338 4996 8563
f 5132 8562 12333
f 5132 12333 8543
f 8562 8561 12334
f 8562 12334 12333
f 8561 8560 12335
f 8561 12335 12334
f 8560 4995 7876
f 8560 7876 12335
f 8544 12336 8565
f 8544 8565 5135
f 8543 12333 12336
f 8543 12336 8544
f 8565 8564 12340
f 8565 12340 12339
f 8564 8563 12341
f 8564 12341 12340
f 8563 4996 7878
f 8563 7878 12341
f 12339 12340 7031
f 12339 7031 7030
f 12340 12341 7032
f 12340 7032 7031
f 12341 7878 4280
f 12341 4280 7032
f 8566 12339 7030
f 8566 7030 4684
f 5135 8565 12339
f 5135 12339 8566
f 8548 8549 12343
f 8548 12343 12342
f 8549 8550 12344
f 8549 12344 12343
f 8550 5135 8566
f 8550 8566 12344
f 12342 12343 7028
f 12342 7028 7027
f 12343 12344 7029
f 12343 7029 7028
f 12344 8566 4684
f 12344 4684 7029
f 8567 12342 7027
f 8567 7027 4683
f 5134 8548 12342
f 5134 12342 8567
f 8545 8546 12346
f 8545 12346 12345
f 8546 8547 12347
f 8546 12347 12346
f 8547 5134 8567
f 8547 8567 12347
f 12345 12346 7025
f 12345 7025 7024
f 12346 12347 7026
f 12346 7026 7025
f 12347 8567 4683
f 12347 4683 7026
f 8568 12345 7024
f 8568 7024 4682
f 5133 8545 12345
f 5133 12345 8568
f 4966 8569 12348
f 4966 12348 7816
f 8569 8570 12349
f 8569 12349 12348
f 8570 8571 12350
f 8570 12350 12349
f 8571 5133 8568
f 8571 8568 12350
f 7816 12348 7021
f 7816 7021 4277
f 12348 12349 7022
f 12348 7022 7021
f 12349 12350 7023
f 12349 7023 7022
f 12350 8568 4682
f 12350 4682 7023
f 7814 12351 12354
f 7814 12354 7815
f 12351 12352 12355
f 12351 12355 12354
f 12352 12353 12356
f 12352 12356 12355
f 12353 8539 8540
f 12353 8540 12356
f 7815 12354 8569
f 7815 8569 4966
f 12354 12355 8570
f 12354 8570 8569
f 12355 12356 8571
f 12355 8571 8570
f 12356 8540 5133
f 12356 5133 8571
f 4965 8572 12351
f 4965 12351 7814
f 8572 8573 12352
f 8572 12352 12351
f 8573 8574 12353
f 8573 12353 12352
f 8574 5130 8539
f 8574 8539 12353
f 7812 12357 12360
f 7812 12360 7813
f 12357 12358 12361
f 12357 12361 12360
f 12358 12359 12362
f 12358 12362 12361
f 12359 8527 8528
f 12359 8528 12362
f 7813 12360 8572
f 7813 8572 4965
f 12360 12361 8573
f 12360 8573 8572
f 12361 12362 8574
f 12361 8574 8573
f 12362 8528 5130
f 12362 5130 8574
f 4964 8575 12357
f 4964 12357 7812
f 8575 8576 12358
f 8575 12358 12357
f 8576 8577 12359
f 8576 12359 12358
f 8577 5127 8527
f 8577 8527 12359
f 12363 12364 12368
f 12363 12368 12367
f 12364 12365 12369
f 12364 12369 12368
f 12365 12366 12370
f 12365 12370 12369
f 12367 12368 8592
f 12367 8592 8591
f 12368 12369 8593
f 12368 8593 8592
f 12369 12370 8594
f 12369 8594 8593
f 5136 8578 12363
f 5136 12363 8585
f 8578 8579 12364
f 8578 12364 12363
f 8579 8580 12365
f 8579 12365 12364
f 8580 8581 12366
f 8580 12366 12365
f 8581 5137 8587
f 8581 8587 12366
f 12366 8587 8588
f 12366 8588 12370
f 12370 8588 5140
f 12370 5140 8594
f 8586 12367 8591
f 8586 8591 5139
f 8585 12363 12367
f 8585 12367 8586
f 8587 12371 12374
f 8587 12374 8588
f 12371 12372 12375
f 12371 12375 12374
f 12372 12373 12376
f 12372 12376 12375
f 8588 12374 8595
f 8588 8595 5140
f 12374 12375 8596
f 12374 8596 8595
f 12375 12376 8597
f 12375 8597 8596
f 5137 8582 12371
f 5137 12371 8587
f 8582 8583 12372
f 8582 12372 12371
f 8583 8584 12373
f 8583 12373 12372
f 8584 5138 8589
f 8584 8589 12373
f 12373 8589 8590
f 12373 8590 12376
f 12376 8590 5141
f 12376 5141 8597
f 8591 8592 12378
f 8591 12378 12377
f 8592 8593 12379
f 8592 12379 12378
f 8593 8594 12380
f 8593 12380 12379
f 12377 12378 12381
f 12377 12381 8599
f 12378 12379 12382
f 12378 12382 12381
f 12379 12380 12383
f 12379 12383 12382
f 8594 5140 8600
f 8594 8600 12380
f 12380 8600 8601
f 12380 8601 12383
f 12383 8601 5837
f 12383 5837 8606
f 12382 12383 8606
f 12382 8606 8605
f 12381 12382 8605
f 12381 8605 8604
f 8599 12381 8604
f 8599 8604 3561
f 8598 12377 8599
f 5139 8591 12377
f 5139 12377 8598
f 5140 8595 12384
f 5140 12384 8600
f 8595 8596 12385
f 8595 12385 12384
f 8596 8597 12386
f 8596 12386 12385
f 8600 12384 12387
f 8600 12387 8601
f 12384 12385 12388
f 12384 12388 12387
f 12385 12386 12389
f 12385 12389 12388
f 12388 12389 5838
f 12388 5838 8608
f 8597 5141 8602
f 8597 8602 12386
f 12386 8602 8603
f 12386 8603 12389
f 12389 8603 5838
f 12388 8608 8607
f 12387 12388 8607
f 8601 12387 8607
f 8601 8607 5837
f 6668 6667 12391
f 6668 12391 12390
f 6667 6666 12392
f 6667 12392 12391
f 6666 4584 8609
f 6666 8609 12392
f 12390 12391 8628
f 12390 8628 8627
f 12391 12392 8629
f 12391 8629 8628
f 12392 8609 5136
f 12392 5136 8629
f 7844 12390 8627
f 7844 8627 4981
f 4250 6668 12390
f 4250 12390 7844
f 6665 6664 12394
f 6665 12394 12393
f 6664 6663 12395
f 6664 12395 12394
f 6663 6662 12396
f 6663 12396 12395
f 12393 12394 8579
f 12393 8579 8578
f 12394 12395 8580
f 12394 8580 8579
f 12395 12396 8581
f 12395 8581 8580
f 6662 4583 8610
f 6662 8610 12396
f 12396 8610 5137
f 12396 5137 8581
f 8609 12393 8578
f 8609 8578 5136
f 4584 6665 12393
f 4584 12393 8609
f 4583 6661 12397
f 4583 12397 8610
f 6661 6660 12398
f 6661 12398 12397
f 6660 6659 12399
f 6660 12399 12398
f 8610 12397 8582
f 8610 8582 5137
f 12397 12398 8583
f 12397 8583 8582
f 12398 12399 8584
f 12398 8584 8583
f 6659 4582 8611
f 6659 8611 12399
f 12399 8611 5138
f 12399 5138 8584
f 4582 6658 12400
f 4582 12400 8611
f 6658 6657 12401
f 6658 12401 12400
f 6657 6656 12402
f 6657 12402 12401
f 8611 12400 8614
f 8611 8614 5138
f 12400 12401 8613
f 12400 8613 8614
f 12401 12402 8612
f 12401 8612 8613
f 6656 4247 7786
f 6656 7786 12402
f 12402 7786 4955
f 12402 4955 8612
f 8589 12403 12406
f 8589 12406 8590
f 12403 12404 12407
f 12403 12407 12406
f 12404 12405 12408
f 12404 12408 12407
f 8590 12406 8617
f 8590 8617 5141
f 12406 12407 8616
f 12406 8616 8617
f 12407 12408 8615
f 12407 8615 8616
f 5138 8614 12403
f 5138 12403 8589
f 8614 8613 12404
f 8614 12404 12403
f 8613 8612 12405
f 8613 12405 12404
f 8612 4955 7785
f 8612 7785 12405
f 12405 7785 7784
f 12405 7784 12408
f 12408 7784 4954
f 12408 4954 8615
f 5141 8617 12409
f 5141 12409 8602
f 8617 8616 12410
f 8617 12410 12409
f 8616 8615 12411
f 8616 12411 12410
f 8602 12409 12412
f 8602 12412 8603
f 12409 12410 12413
f 12409 12413 12412
f 12410 12411 12414
f 12410 12414 12413
f 8603 12412 8621
f 12412 8620 8621
f 12412 12413 8620
f 12413 8619 8620
f 12413 12414 8619
f 12414 8618 8619
f 8615 4954 7783
f 8615 7783 12411
f 12411 7783 7782
f 12411 7782 12414
f 12414 7782 7781
f 12414 7781 8618
f 8618 7781 5835
f 8603 8621 5838
f 8624 8625 12416
f 8624 12416 12415
f 8625 8626 12417
f 8625 12417 12416
f 8626 5139 8598
f 8626 8598 12417
f 12415 12416 8622
f 12415 8622 4979
f 12416 12417 8623
f 12416 8623 8622
f 12417 8598 12418
f 12417 12418 8623
f 8598 8599 12418
f 12418 8599 3561
f 12418 3561 3440
f 8623 12418 3440
f 8623 3440 3574
f 7841 12415 4979
f 7841 4979 7840
f 4980 8624 12415
f 4980 12415 7841
f 12419 12420 12423
f 12419 12423 12422
f 12420 12421 12424
f 12420 12424 12423
f 12421 8585 8586
f 12421 8586 12424
f 12422 12423 8625
f 12422 8625 8624
f 12423 12424 8626
f 12423 8626 8625
f 12424 8586 5139
f 12424 5139 8626
f 4981 8627 12419
f 4981 12419 7843
f 8627 8628 12420
f 8627 12420 12419
f 8628 8629 12421
f 8628 12421 12420
f 8629 5136 8585
f 8629 8585 12421
f 7842 12422 8624
f 7842 8624 4980
f 7843 12419 12422
f 7843 12422 7842
f 8630 5142 8631
f 8630 8631 12425
f 12425 8631 8632
f 12425 8632 12426
f 12426 8632 8633
f 12426 8633 12427
f 12427 8633 5143
f 12427 5143 8634
f 6517 12427 8634
f 6517 8634 4545
f 6516 12426 12427
f 6516 12427 6517
f 6515 12425 12426
f 6515 12426 6516
f 4544 8630 12425
f 4544 12425 6515
f 5142 4634 6841
f 5142 6841 8631
f 8631 6841 6840
f 8631 6840 8632
f 8632 6840 6839
f 8632 6839 8633
f 8633 6839 4633
f 8633 4633 5143
f 8634 5143 8635
f 8634 8635 12428
f 12428 8635 8636
f 12428 8636 12429
f 12429 8636 8637
f 12429 8637 12430
f 12430 8637 5144
f 12430 5144 8638
f 6520 12430 8638
f 6520 8638 4546
f 6519 12429 12430
f 6519 12430 6520
f 6518 12428 12429
f 6518 12429 6519
f 4545 8634 12428
f 4545 12428 6518
f 5143 4633 6838
f 5143 6838 8635
f 8635 6838 6837
f 8635 6837 8636
f 8636 6837 6836
f 8636 6836 8637
f 8637 6836 4632
f 8637 4632 5144
f 7836 4975 8639
f 7836 8639 12431
f 12431 8639 8640
f 12431 8640 12432
f 12432 8640 8641
f 12432 8641 12433
f 12433 8641 5142
f 12433 5142 8630
f 6514 12433 8630
f 6514 8630 4544
f 6513 12432 12433
f 6513 12433 6514
f 6512 12431 12432
f 6512 12432 6513
f 4237 7836 12431
f 4237 12431 6512
f 4975 4260 6844
f 4975 6844 8639
f 8639 6844 6843
f 8639 6843 8640
f 8640 6843 6842
f 8640 6842 8641
f 8641 6842 4634
f 8641 4634 5142
f 5144 4632 6835
f 5144 6835 8644
f 8644 6835 6834
f 8644 6834 8643
f 8643 6834 6833
f 8643 6833 8642
f 8642 6833 4262
f 8642 4262 4968
f 8638 5144 8644
f 8638 8644 12434
f 12434 8644 8643
f 12434 8643 12435
f 12435 8643 8642
f 12435 8642 12436
f 12436 8642 4968
f 12436 4968 7818
f 6523 12436 7818
f 6523 7818 4235
f 6522 12435 12436
f 6522 12436 6523
f 6521 12434 12435
f 6521 12435 6522
f 4546 8638 12434
f 4546 12434 6521
f 4550 8645 12437
f 4550 12437 6540
f 8645 5145 8646
f 8645 8646 12437
f 12437 8646 8647
f 12437 8647 12438
f 12438 8647 8648
f 12438 8648 12439
f 12439 8648 5146
f 12439 5146 8649
f 6542 12439 8649
f 6542 8649 4551
f 6541 12438 12439
f 6541 12439 6542
f 6540 12437 12438
f 6540 12438 6541
f 5145 4625 6805
f 5145 6805 8646
f 8646 6805 6804
f 8646 6804 8647
f 8647 6804 6803
f 8647 6803 8648
f 8648 6803 4624
f 8648 4624 5146
f 4551 8649 12440
f 4551 12440 6543
f 8649 5146 8650
f 8649 8650 12440
f 12440 8650 8651
f 12440 8651 12441
f 12441 8651 8652
f 12441 8652 12442
f 12442 8652 5147
f 12442 5147 8653
f 6545 12442 8653
f 6545 8653 4552
f 6544 12441 12442
f 6544 12442 6545
f 6543 12440 12441
f 6543 12441 6544
f 5146 4624 6802
f 5146 6802 8650
f 8650 6802 6801
f 8650 6801 8651
f 8651 6801 6800
f 8651 6800 8652
f 8652 6800 4623
f 8652 4623 5147
f 7837 4976 8654
f 7837 8654 12443
f 12443 8654 8655
f 12443 8655 12444
f 12444 8655 8656
f 12444 8656 12445
f 12445 8656 5145
f 12445 5145 8645
f 6539 12445 8645
f 6539 8645 4550
f 6538 12444 12445
f 6538 12445 6539
f 6537 12443 12444
f 6537 12444 6538
f 4239 7837 12443
f 4239 12443 6537
f 4976 4257 6808
f 4976 6808 8654
f 8654 6808 6807
f 8654 6807 8655
f 8655 6807 6806
f 8655 6806 8656
f 8656 6806 4625
f 8656 4625 5145
f 5147 4623 6799
f 5147 6799 8660
f 8660 6799 6798
f 8660 6798 8659
f 8659 6798 6797
f 8659 6797 8658
f 8658 6797 6796
f 8658 6796 8657
f 8657 6796 4260
f 8657 4260 4975
f 4552 8653 12446
f 4552 12446 6546
f 8653 5147 8660
f 8653 8660 12446
f 12446 8660 8659
f 12446 8659 12447
f 12447 8659 8658
f 12447 8658 12448
f 12448 8658 8657
f 12448 8657 12449
f 12449 8657 4975
f 12449 4975 7836
f 6549 12449 7836
f 6549 7836 4237
f 6548 12448 12449
f 6548 12449 6549
f 6547 12447 12448
f 6547 12448 6548
f 6546 12446 12447
f 6546 12447 6547
f 4556 8661 12450
f 4556 12450 6566
f 8661 5148 8662
f 8661 8662 12450
f 12450 8662 8663
f 12450 8663 12451
f 12451 8663 8664
f 12451 8664 12452
f 12452 8664 8665
f 12452 8665 12453
f 12453 8665 5149
f 12453 5149 8666
f 6569 12453 8666
f 6569 8666 4557
f 6568 12452 12453
f 6568 12453 6569
f 6567 12451 12452
f 6567 12452 6568
f 6566 12450 12451
f 6566 12451 6567
f 5148 4614 6766
f 5148 6766 8662
f 8662 6766 6765
f 8662 6765 8663
f 8663 6765 6764
f 8663 6764 8664
f 8664 6764 6763
f 8664 6763 8665
f 8665 6763 4613
f 8665 4613 5149
f 8666 5149 8667
f 8666 8667 12454
f 12454 8667 8668
f 12454 8668 12455
f 12455 8668 8669
f 12455 8669 12456
f 12456 8669 5150
f 12456 5150 8670
f 6572 12456 8670
f 6572 8670 4558
f 6571 12455 12456
f 6571 12456 6572
f 6570 12454 12455
f 6570 12455 6571
f 4557 8666 12454
f 4557 12454 6570
f 5149 4613 6762
f 5149 6762 8667
f 8667 6762 6761
f 8667 6761 8668
f 8668 6761 6760
f 8668 6760 8669
f 8669 6760 4612
f 8669 4612 5150
f 4241 7838 12457
f 4241 12457 6563
f 7838 4977 8671
f 7838 8671 12457
f 12457 8671 8672
f 12457 8672 12458
f 12458 8672 8673
f 12458 8673 12459
f 12459 8673 5148
f 12459 5148 8661
f 6565 12459 8661
f 6565 8661 4556
f 6564 12458 12459
f 6564 12459 6565
f 6563 12457 12458
f 6563 12458 6564
f 4977 4254 6769
f 4977 6769 8671
f 8671 6769 6768
f 8671 6768 8672
f 8672 6768 6767
f 8672 6767 8673
f 8673 6767 4614
f 8673 4614 5148
f 5150 4612 6759
f 5150 6759 8676
f 8676 6759 6758
f 8676 6758 8675
f 8675 6758 6757
f 8675 6757 8674
f 8674 6757 4257
f 8674 4257 4976
f 8670 5150 8676
f 8670 8676 12460
f 12460 8676 8675
f 12460 8675 12461
f 12461 8675 8674
f 12461 8674 12462
f 12462 8674 4976
f 12462 4976 7837
f 6575 12462 7837
f 6575 7837 4239
f 6574 12461 12462
f 6574 12462 6575
f 6573 12460 12461
f 6573 12461 6574
f 4558 8670 12460
f 4558 12460 6573
f 8677 5151 8678
f 8677 8678 12463
f 12463 8678 8679
f 12463 8679 12464
f 12464 8679 8680
f 12464 8680 12465
f 12465 8680 5152
f 12465 5152 8681
f 6593 12465 8681
f 6593 8681 4563
f 6592 12464 12465
f 6592 12465 6593
f 6591 12463 12464
f 6591 12464 6592
f 4562 8677 12463
f 4562 12463 6591
f 5151 4603 6727
f 5151 6727 8678
f 8678 6727 6726
f 8678 6726 8679
f 8679 6726 6725
f 8679 6725 8680
f 8680 6725 4602
f 8680 4602 5152
f 4563 8681 12466
f 4563 12466 6594
f 8681 5152 8682
f 8681 8682 12466
f 12466 8682 8683
f 12466 8683 12467
f 12467 8683 8684
f 12467 8684 12468
f 12468 8684 5153
f 12468 5153 8685
f 6596 12468 8685
f 6596 8685 4564
f 6595 12467 12468
f 6595 12468 6596
f 6594 12466 12467
f 6594 12467 6595
f 5152 4602 6724
f 5152 6724 8682
f 8682 6724 6723
f 8682 6723 8683
f 8683 6723 6722
f 8683 6722 8684
f 8684 6722 4601
f 8684 4601 5153
f 7839 4978 8686
f 7839 8686 12469
f 12469 8686 8687
f 12469 8687 12470
f 12470 8687 8688
f 12470 8688 12471
f 12471 8688 5151
f 12471 5151 8677
f 6590 12471 8677
f 6590 8677 4562
f 6589 12470 12471
f 6589 12471 6590
f 6588 12469 12470
f 6588 12470 6589
f 4243 7839 12469
f 4243 12469 6588
f 4978 4251 6730
f 4978 6730 8686
f 8686 6730 6729
f 8686 6729 8687
f 8687 6729 6728
f 8687 6728 8688
f 8688 6728 4603
f 8688 4603 5151
f 5153 4601 6721
f 5153 6721 8691
f 8691 6721 6720
f 8691 6720 8690
f 8690 6720 6719
f 8690 6719 8689
f 8689 6719 4254
f 8689 4254 4977
f 4564 8685 12472
f 4564 12472 6597
f 8685 5153 8691
f 8685 8691 12472
f 12472 8691 8690
f 12472 8690 12473
f 12473 8690 8689
f 12473 8689 12474
f 12474 8689 4977
f 12474 4977 7838
f 6599 12474 7838
f 6599 7838 4241
f 6598 12473 12474
f 6598 12474 6599
f 6597 12472 12473
f 6597 12473 6598
f 4568 8692 12475
f 4568 12475 6616
f 8692 5154 8693
f 8692 8693 12475
f 12475 8693 8694
f 12475 8694 12476
f 12476 8694 8695
f 12476 8695 12477
f 12477 8695 5155
f 12477 5155 8696
f 6618 12477 8696
f 6618 8696 4569
f 6617 12476 12477
f 6617 12477 6618
f 6616 12475 12476
f 6616 12476 6617
f 5154 4592 6691
f 5154 6691 8693
f 8693 6691 6690
f 8693 6690 8694
f 8694 6690 6689
f 8694 6689 8695
f 8695 6689 4591
f 8695 4591 5155
f 4569 8696 12478
f 4569 12478 6619
f 8696 5155 8697
f 8696 8697 12478
f 12478 8697 8698
f 12478 8698 12479
f 12479 8698 8699
f 12479 8699 12480
f 12480 8699 8700
f 12480 8700 12481
f 12481 8700 5156
f 12481 5156 8701
f 6622 12481 8701
f 6622 8701 4570
f 6621 12480 12481
f 6621 12481 6622
f 6620 12479 12480
f 6620 12480 6621
f 6619 12478 12479
f 6619 12479 6620
f 5155 4591 6688
f 5155 6688 8697
f 8697 6688 6687
f 8697 6687 8698
f 8698 6687 6686
f 8698 6686 8699
f 8699 6686 6685
f 8699 6685 8700
f 8700 6685 4590
f 8700 4590 5156
f 4245 7776 12482
f 4245 12482 6613
f 7776 4952 8702
f 7776 8702 12482
f 12482 8702 8703
f 12482 8703 12483
f 12483 8703 8704
f 12483 8704 12484
f 12484 8704 5154
f 12484 5154 8692
f 6615 12484 8692
f 6615 8692 4568
f 6614 12483 12484
f 6614 12484 6615
f 6613 12482 12483
f 6613 12483 6614
f 4952 4248 6694
f 4952 6694 8702
f 8702 6694 6693
f 8702 6693 8703
f 8703 6693 6692
f 8703 6692 8704
f 8704 6692 4592
f 8704 4592 5154
f 5156 4590 6684
f 5156 6684 8707
f 8707 6684 6683
f 8707 6683 8706
f 8706 6683 6682
f 8706 6682 8705
f 8705 6682 4251
f 8705 4251 4978
f 8701 5156 8707
f 8701 8707 12485
f 12485 8707 8706
f 12485 8706 12486
f 12486 8706 8705
f 12486 8705 12487
f 12487 8705 4978
f 12487 4978 7839
f 6625 12487 7839
f 6625 7839 4243
f 6624 12486 12487
f 6624 12487 6625
f 6623 12485 12486
f 6623 12486 6624
f 4570 8701 12485
f 4570 12485 6623
f 8708 5157 8709
f 8708 8709 12488
f 12488 8709 8710
f 12488 8710 12489
f 12489 8710 5158
f 12489 5158 8711
f 7221 12489 8711
f 7221 8711 4739
f 7220 12488 12489
f 7220 12489 7221
f 4738 8708 12488
f 4738 12488 7220
f 5157 4472 6333
f 5157 6333 8709
f 8709 6333 6332
f 8709 6332 8710
f 8710 6332 4471
f 8710 4471 5158
f 8711 5158 8712
f 8711 8712 12490
f 12490 8712 8713
f 12490 8713 12491
f 12491 8713 5159
f 12491 5159 8714
f 7223 12491 8714
f 7223 8714 4740
f 7222 12490 12491
f 7222 12491 7223
f 4739 8711 12490
f 4739 12490 7222
f 5158 4471 6331
f 5158 6331 8712
f 8712 6331 6330
f 8712 6330 8713
f 8713 6330 4470
f 8713 4470 5159
f 7777 4953 8715
f 7777 8715 12492
f 12492 8715 8716
f 12492 8716 12493
f 12493 8716 5157
f 12493 5157 8708
f 7219 12493 8708
f 7219 8708 4738
f 7218 12492 12493
f 7218 12493 7219
f 4295 7777 12492
f 4295 12492 7218
f 4953 4322 6335
f 4953 6335 8715
f 8715 6335 6334
f 8715 6334 8716
f 8716 6334 4472
f 8716 4472 5157
f 5159 4470 6329
f 5159 6329 8717
f 8717 6329 4204
f 8717 4204 4475
f 8714 5159 8717
f 8714 8717 12494
f 12494 8717 4475
f 12494 4475 6338
f 7224 12494 6338
f 7224 6338 4196
f 4740 8714 12494
f 4740 12494 7224
f 4750 8718 12495
f 4750 12495 7258
f 8718 5160 8719
f 8718 8719 12495
f 12495 8719 8720
f 12495 8720 12496
f 12496 8720 8721
f 12496 8721 12497
f 12497 8721 5161
f 12497 5161 8722
f 7260 12497 8722
f 7260 8722 4751
f 7259 12496 12497
f 7259 12497 7260
f 7258 12495 12496
f 7258 12496 7259
f 5160 4825 7452
f 5160 7452 8719
f 8719 7452 7451
f 8719 7451 8720
f 8720 7451 7450
f 8720 7450 8721
f 8721 7450 4824
f 8721 4824 5161
f 8722 5161 8723
f 8722 8723 12498
f 12498 8723 8724
f 12498 8724 12499
f 12499 8724 5162
f 12499 5162 8725
f 7262 12499 8725
f 7262 8725 4752
f 7261 12498 12499
f 7261 12499 7262
f 4751 8722 12498
f 4751 12498 7261
f 5161 4824 7449
f 5161 7449 8723
f 8723 7449 7448
f 8723 7448 8724
f 8724 7448 4823
f 8724 4823 5162
f 7900 5006 8726
f 7900 8726 12500
f 12500 8726 8727
f 12500 8727 12501
f 12501 8727 5160
f 12501 5160 8718
f 7257 12501 8718
f 7257 8718 4750
f 7256 12500 12501
f 7256 12501 7257
f 4299 7900 12500
f 4299 12500 7256
f 5006 4317 7454
f 5006 7454 8726
f 8726 7454 7453
f 8726 7453 8727
f 8727 7453 4825
f 8727 4825 5160
f 5162 4823 7447
f 5162 7447 8729
f 8729 7447 7446
f 8729 7446 8728
f 8728 7446 4320
f 8728 4320 5005
f 8725 5162 8729
f 8725 8729 12502
f 12502 8729 8728
f 12502 8728 12503
f 12503 8728 5005
f 12503 5005 7899
f 7264 12503 7899
f 7264 7899 4297
f 7263 12502 12503
f 7263 12503 7264
f 4752 8725 12502
f 4752 12502 7263
f 8730 5163 8731
f 8730 8731 12504
f 12504 8731 8732
f 12504 8732 12505
f 12505 8732 5164
f 12505 5164 8733
f 7278 12505 8733
f 7278 8733 4757
f 7277 12504 12505
f 7277 12505 7278
f 4756 8730 12504
f 4756 12504 7277
f 5163 4814 7425
f 5163 7425 8731
f 8731 7425 7424
f 8731 7424 8732
f 8732 7424 4813
f 8732 4813 5164
f 4757 8733 12506
f 4757 12506 7279
f 8733 5164 8734
f 8733 8734 12506
f 12506 8734 8735
f 12506 8735 12507
f 12507 8735 8736
f 12507 8736 12508
f 12508 8736 5165
f 12508 5165 8737
f 7281 12508 8737
f 7281 8737 4758
f 7280 12507 12508
f 7280 12508 7281
f 7279 12506 12507
f 7279 12507 7280
f 5164 4813 7423
f 5164 7423 8734
f 8734 7423 7422
f 8734 7422 8735
f 8735 7422 7421
f 8735 7421 8736
f 8736 7421 4812
f 8736 4812 5165
f 7901 5007 8738
f 7901 8738 12509
f 12509 8738 8739
f 12509 8739 12510
f 12510 8739 5163
f 12510 5163 8730
f 7276 12510 8730
f 7276 8730 4756
f 7275 12509 12510
f 7275 12510 7276
f 4301 7901 12509
f 4301 12509 7275
f 5007 4314 7427
f 5007 7427 8738
f 8738 7427 7426
f 8738 7426 8739
f 8739 7426 4814
f 8739 4814 5163
f 5165 4812 7420
f 5165 7420 8741
f 8741 7420 7419
f 8741 7419 8740
f 8740 7419 4317
f 8740 4317 5006
f 8737 5165 8741
f 8737 8741 12511
f 12511 8741 8740
f 12511 8740 12512
f 12512 8740 5006
f 12512 5006 7900
f 7283 12512 7900
f 7283 7900 4299
f 7282 12511 12512
f 7282 12512 7283
f 4758 8737 12511
f 4758 12511 7282
f 8742 5166 8743
f 8742 8743 12513
f 12513 8743 8744
f 12513 8744 12514
f 12514 8744 5167
f 12514 5167 8745
f 7299 12514 8745
f 7299 8745 4763
f 7298 12513 12514
f 7298 12514 7299
f 4762 8742 12513
f 4762 12513 7298
f 5166 4803 7397
f 5166 7397 8743
f 8743 7397 7396
f 8743 7396 8744
f 8744 7396 4802
f 8744 4802 5167
f 8745 5167 8746
f 8745 8746 12515
f 12515 8746 8747
f 12515 8747 12516
f 12516 8747 5168
f 12516 5168 8748
f 7301 12516 8748
f 7301 8748 4764
f 7300 12515 12516
f 7300 12516 7301
f 4763 8745 12515
f 4763 12515 7300
f 5167 4802 7395
f 5167 7395 8746
f 8746 7395 7394
f 8746 7394 8747
f 8747 7394 4801
f 8747 4801 5168
f 4303 7902 12517
f 4303 12517 7295
f 7902 5008 8749
f 7902 8749 12517
f 12517 8749 8750
f 12517 8750 12518
f 12518 8750 8751
f 12518 8751 12519
f 12519 8751 5166
f 12519 5166 8742
f 7297 12519 8742
f 7297 8742 4762
f 7296 12518 12519
f 7296 12519 7297
f 7295 12517 12518
f 7295 12518 7296
f 5008 4311 7400
f 5008 7400 8749
f 8749 7400 7399
f 8749 7399 8750
f 8750 7399 7398
f 8750 7398 8751
f 8751 7398 4803
f 8751 4803 5166
f 5168 4801 7393
f 5168 7393 8754
f 8754 7393 7392
f 8754 7392 8753
f 8753 7392 7391
f 8753 7391 8752
f 8752 7391 4314
f 8752 4314 5007
f 4764 8748 12520
f 4764 12520 7302
f 8748 5168 8754
f 8748 8754 12520
f 12520 8754 8753
f 12520 8753 12521
f 12521 8753 8752
f 12521 8752 12522
f 12522 8752 5007
f 12522 5007 7901
f 7304 12522 7901
f 7304 7901 4301
f 7303 12521 12522
f 7303 12522 7304
f 7302 12520 12521
f 7302 12521 7303
f 4768 8755 12523
f 4768 12523 7316
f 8755 5169 8756
f 8755 8756 12523
f 12523 8756 8757
f 12523 8757 12524
f 12524 8757 8758
f 12524 8758 12525
f 12525 8758 5170
f 12525 5170 8759
f 7318 12525 8759
f 7318 8759 4769
f 7317 12524 12525
f 7317 12525 7318
f 7316 12523 12524
f 7316 12524 7317
f 5169 4792 7368
f 5169 7368 8756
f 8756 7368 7367
f 8756 7367 8757
f 8757 7367 7366
f 8757 7366 8758
f 8758 7366 4791
f 8758 4791 5170
f 8759 5170 8760
f 8759 8760 12526
f 12526 8760 8761
f 12526 8761 12527
f 12527 8761 5171
f 12527 5171 8762
f 7320 12527 8762
f 7320 8762 4770
f 7319 12526 12527
f 7319 12527 7320
f 4769 8759 12526
f 4769 12526 7319
f 5170 4791 7365
f 5170 7365 8760
f 8760 7365 7364
f 8760 7364 8761
f 8761 7364 4790
f 8761 4790 5171
f 7755 4945 8763
f 7755 8763 12528
f 12528 8763 8764
f 12528 8764 12529
f 12529 8764 5169
f 12529 5169 8755
f 7315 12529 8755
f 7315 8755 4768
f 7314 12528 12529
f 7314 12529 7315
f 4305 7755 12528
f 4305 12528 7314
f 4945 4308 7370
f 4945 7370 8763
f 8763 7370 7369
f 8763 7369 8764
f 8764 7369 4792
f 8764 4792 5169
f 5171 4790 7363
f 5171 7363 8766
f 8766 7363 7362
f 8766 7362 8765
f 8765 7362 4311
f 8765 4311 5008
f 8762 5171 8766
f 8762 8766 12530
f 12530 8766 8765
f 12530 8765 12531
f 12531 8765 5008
f 12531 5008 7902
f 7322 12531 7902
f 7322 7902 4303
f 7321 12530 12531
f 7321 12531 7322
f 4770 8762 12530
f 4770 12530 7321
f 8772 12532 12535
f 8772 12535 8773
f 12532 12533 12536
f 12532 12536 12535
f 12533 12534 12537
f 12533 12537 12536
f 8773 12535 8778
f 8773 8778 5175
f 12535 12536 8779
f 12535 8779 8778
f 12536 12537 8780
f 12536 8780 8779
f 5172 8767 12532
f 5172 12532 8772
f 8767 8768 12533
f 8767 12533 12532
f 8768 8769 12534
f 8768 12534 12533
f 8769 5173 8774
f 8769 8774 12534
f 12534 8774 8775
f 12534 8775 12537
f 12537 8775 5176
f 12537 5176 8780
f 8774 12538 12540
f 8774 12540 8775
f 12538 12539 12541
f 12538 12541 12540
f 12539 8776 8777
f 12539 8777 12541
f 8775 12540 8781
f 8775 8781 5176
f 12540 12541 8782
f 12540 8782 8781
f 12541 8777 5177
f 12541 5177 8782
f 5173 8770 12538
f 5173 12538 8774
f 8770 8771 12539
f 8770 12539 12538
f 8771 5174 8776
f 8771 8776 12539
f 8783 12542 12545
f 8783 12545 8784
f 12542 12543 12546
f 12542 12546 12545
f 12543 12544 12547
f 12543 12547 12546
f 8784 12545 12548
f 8784 12548 8785
f 12545 12546 12549
f 12545 12549 12548
f 12546 12547 12550
f 12546 12550 12549
f 5175 8778 12542
f 5175 12542 8783
f 8778 8779 12543
f 8778 12543 12542
f 8779 8780 12544
f 8779 12544 12543
f 8780 5176 8786
f 8780 8786 12544
f 12544 8786 8787
f 12544 8787 12547
f 12547 8787 8788
f 12547 8788 12550
f 12550 8788 5179
f 12550 5179 8794
f 12549 12550 8794
f 12549 8794 8793
f 12548 12549 8793
f 12548 8793 8792
f 8785 12548 8792
f 8785 8792 5178
f 8786 12551 12553
f 8786 12553 8787
f 12551 12552 12554
f 12551 12554 12553
f 12552 8789 8790
f 12552 8790 12554
f 8787 12553 12555
f 8787 12555 8788
f 12553 12554 12556
f 12553 12556 12555
f 12554 8790 8791
f 12554 8791 12556
f 5176 8781 12551
f 5176 12551 8786
f 8781 8782 12552
f 8781 12552 12551
f 8782 5177 8789
f 8782 8789 12552
f 12556 8791 5180
f 12556 5180 8796
f 12555 12556 8796
f 12555 8796 8795
f 8788 12555 8795
f 8788 8795 5179
f 7903 7904 12558
f 7903 12558 12557
f 7904 7905 12559
f 7904 12559 12558
f 12557 12558 12561
f 12557 12561 12560
f 12558 12559 12562
f 12558 12562 12561
f 12560 12561 8822
f 12560 8822 8821
f 12561 12562 8823
f 12561 8823 8822
f 7905 5009 8797
f 7905 8797 12559
f 12559 8797 8798
f 12559 8798 12562
f 12562 8798 5172
f 12562 5172 8823
f 6117 12560 8821
f 6117 8821 5877
f 6117 12557 12560
f 6116 12557 6117
f 5876 7903 12557
f 5876 12557 6116
f 5009 7906 12563
f 5009 12563 8797
f 7906 7907 12564
f 7906 12564 12563
f 7907 7908 12565
f 7907 12565 12564
f 8797 12563 12566
f 8797 12566 8798
f 12563 12564 12567
f 12563 12567 12566
f 12564 12565 12568
f 12564 12568 12567
f 8798 12566 8767
f 8798 8767 5172
f 12566 12567 8768
f 12566 8768 8767
f 12567 12568 8769
f 12567 8769 8768
f 7908 5010 8799
f 7908 8799 12565
f 12565 8799 8800
f 12565 8800 12568
f 12568 8800 5173
f 12568 5173 8769
f 5010 7909 12569
f 5010 12569 8799
f 7909 7910 12570
f 7909 12570 12569
f 7910 5011 8801
f 7910 8801 12570
f 8799 12569 12571
f 8799 12571 8800
f 12569 12570 12572
f 12569 12572 12571
f 12570 8801 8802
f 12570 8802 12572
f 8800 12571 8770
f 8800 8770 5173
f 12571 12572 8771
f 12571 8771 8770
f 12572 8802 5174
f 12572 5174 8771
f 5011 7911 12573
f 5011 12573 8801
f 7911 7912 12574
f 7911 12574 12573
f 8801 12573 12575
f 8801 12575 8802
f 12573 12574 12576
f 12573 12576 12575
f 8802 12575 8804
f 8802 8804 5174
f 12575 12576 8803
f 12575 8803 8804
f 7912 4310 7352
f 7912 7352 12574
f 12574 7352 7351
f 12574 7351 12576
f 12576 7351 4784
f 12576 4784 8803
f 8776 12577 12579
f 8776 12579 8777
f 12577 12578 12580
f 12577 12580 12579
f 8777 12579 8806
f 8777 8806 5177
f 12579 12580 8805
f 12579 8805 8806
f 5174 8804 12577
f 5174 12577 8776
f 8804 8803 12578
f 8804 12578 12577
f 8803 4784 7350
f 8803 7350 12578
f 12578 7350 7349
f 12578 7349 12580
f 12580 7349 4783
f 12580 4783 8805
f 8789 12581 12583
f 8789 12583 8790
f 12581 12582 12584
f 12581 12584 12583
f 8790 12583 12585
f 8790 12585 8791
f 12583 12584 12586
f 12583 12586 12585
f 5177 8806 12581
f 5177 12581 8789
f 8806 8805 12582
f 8806 12582 12581
f 8805 4783 7348
f 8805 7348 12582
f 12582 7348 7347
f 12582 7347 12584
f 12584 7347 7346
f 12584 7346 12586
f 12586 7346 4782
f 12586 4782 8807
f 12585 12586 8807
f 12585 8807 8808
f 8791 12585 8808
f 8791 8808 5180
f 5180 8808 12587
f 5180 12587 8810
f 8808 8807 12588
f 8808 12588 12587
f 8810 12587 12589
f 8810 12589 8809
f 12587 12588 12590
f 12587 12590 12589
f 8809 12589 7774
f 8809 7774 4951
f 12589 12590 7775
f 12589 7775 7774
f 8807 4782 7345
f 8807 7345 12588
f 12588 7345 7344
f 12588 7344 12590
f 12590 7344 4307
f 12590 4307 7775
f 5179 8795 12591
f 5179 12591 8812
f 8795 8796 12592
f 8795 12592 12591
f 8796 5180 8810
f 8796 8810 12592
f 8812 12591 12593
f 8812 12593 8811
f 12591 12592 12594
f 12591 12594 12593
f 12592 8810 8809
f 12592 8809 12594
f 8811 12593 7772
f 8811 7772 4950
f 12593 12594 7773
f 12593 7773 7772
f 12594 8809 4951
f 12594 4951 7773
f 5178 8792 12595
f 5178 12595 8814
f 8792 8793 12596
f 8792 12596 12595
f 8793 8794 12597
f 8793 12597 12596
f 8814 12595 12598
f 8814 12598 8813
f 12595 12596 12599
f 12595 12599 12598
f 12596 12597 12600
f 12596 12600 12599
f 8813 12598 7769
f 8813 7769 4949
f 12598 12599 7770
f 12598 7770 7769
f 12599 12600 7771
f 12599 7771 7770
f 8794 5179 8812
f 8794 8812 12597
f 12597 8812 8811
f 12597 8811 12600
f 12600 8811 4950
f 12600 4950 7771
f 8815 8816 12602
f 8815 12602 12601
f 8816 8817 12603
f 8816 12603 12602
f 6122 8815 12601
f 6122 12601 6123
f 6123 12601 12604
f 6123 12604 6124
f 12601 12602 12605
f 12601 12605 12604
f 12602 12603 12606
f 12602 12606 12605
f 12604 12605 7767
f 12604 7767 7766
f 12605 12606 7768
f 12605 7768 7767
f 8817 5178 8814
f 8817 8814 12603
f 12603 8814 8813
f 12603 8813 12606
f 12606 8813 4949
f 12606 4949 7768
f 6124 12604 7766
f 6124 7766 5880
f 12607 12608 12611
f 12607 12611 12610
f 12608 12609 12612
f 12608 12612 12611
f 12611 12612 12614
f 12611 12614 12613
f 12610 12615 5879
f 12610 12611 12613
f 12610 12613 12615
f 5878 8818 12607
f 5878 12607 6120
f 8818 8819 12608
f 8818 12608 12607
f 8819 8820 12609
f 8819 12609 12608
f 8820 5175 8783
f 8820 8783 12609
f 12609 8783 8784
f 12609 8784 12612
f 12612 8784 8785
f 12612 8785 12614
f 12614 8785 5178
f 12614 5178 8817
f 12613 12614 8817
f 12613 8817 8816
f 12615 12613 8816
f 12615 8816 8815
f 5879 12615 8815
f 5879 8815 6122
f 6121 12610 5879
f 6120 12607 12610
f 6120 12610 6121
f 12616 12617 12619
f 12617 12620 12619
f 12617 12618 12621
f 12617 12621 12620
f 12619 12620 8819
f 12619 8819 8818
f 12620 12621 8820
f 12620 8820 8819
f 5877 8821 12616
f 5877 12616 6118
f 8821 8822 12617
f 8821 12617 12616
f 8822 8823 12618
f 8822 12618 12617
f 8823 5172 8772
f 8823 8772 12618
f 12618 8772 8773
f 12618 8773 12621
f 12621 8773 5175
f 12621 5175 8820
f 6119 12619 8818
f 6119 8818 5878
f 6118 12616 12619
f 6118 12619 6119
f 8830 12622 12625
f 8830 12625 8831
f 12622 12623 12626
f 12622 12626 12625
f 12623 12624 12627
f 12623 12627 12626
f 8831 12625 8836
f 8831 8836 5184
f 12625 12626 8837
f 12625 8837 8836
f 12626 12627 8838
f 12626 8838 8837
f 5181 8824 12622
f 5181 12622 8830
f 8824 8825 12623
f 8824 12623 12622
f 8825 8826 12624
f 8825 12624 12623
f 8826 5182 8832
f 8826 8832 12624
f 12624 8832 8833
f 12624 8833 12627
f 12627 8833 5185
f 12627 5185 8838
f 12628 12629 12632
f 12628 12632 12631
f 12629 12630 12633
f 12629 12633 12632
f 12630 8834 8835
f 12630 8835 12633
f 12631 12632 8840
f 12631 8840 8839
f 12632 12633 8841
f 12632 8841 8840
f 12633 8835 5186
f 12633 5186 8841
f 5182 8827 12628
f 5182 12628 8832
f 8827 8828 12629
f 8827 12629 12628
f 8828 8829 12630
f 8828 12630 12629
f 8829 5183 8834
f 8829 8834 12630
f 8833 12631 8839
f 8833 8839 5185
f 8832 12628 12631
f 8832 12631 8833
f 5184 8836 12634
f 5184 12634 8842
f 8836 8837 12635
f 8836 12635 12634
f 8837 8838 12636
f 8837 12636 12635
f 12634 12635 12637
f 12634 12637 8844
f 12635 12636 12638
f 12635 12638 12637
f 12636 8845 8846
f 12636 8846 12638
f 8838 5185 8845
f 8838 8845 12636
f 8846 5840 8852
f 8846 8852 8851
f 12638 8846 8851
f 12638 8851 8850
f 12637 12638 8850
f 12637 8850 8849
f 8844 12637 8849
f 8844 8849 5839
f 8842 12634 8844
f 8842 8844 8843
f 8839 8840 12640
f 8839 12640 12639
f 8840 8841 12641
f 8840 12641 12640
f 8841 5186 8847
f 8841 8847 12641
f 12639 12640 8853
f 12639 8853 5840
f 12640 12641 8854
f 12640 8854 8853
f 12641 8847 8848
f 12641 8848 8854
f 8845 12639 5840
f 8845 5840 8846
f 5185 8839 12639
f 5185 12639 8845
f 4253 6706 12642
f 4253 12642 7853
f 6706 6705 12643
f 6706 12643 12642
f 6705 6704 12644
f 6705 12644 12643
f 7853 12642 8872
f 7853 8872 4983
f 12642 12643 8873
f 12642 8873 8872
f 12643 12644 8874
f 12643 8874 8873
f 6704 4595 8855
f 6704 8855 12644
f 12644 8855 5181
f 12644 5181 8874
f 4595 6703 12645
f 4595 12645 8855
f 6703 6702 12646
f 6703 12646 12645
f 6702 6701 12647
f 6702 12647 12646
f 8855 12645 8824
f 8855 8824 5181
f 12645 12646 8825
f 12645 8825 8824
f 12646 12647 8826
f 12646 8826 8825
f 6701 4594 8856
f 6701 8856 12647
f 12647 8856 5182
f 12647 5182 8826
f 6700 6699 12649
f 6700 12649 12648
f 6699 6698 12650
f 6699 12650 12649
f 6698 4593 8857
f 6698 8857 12650
f 12648 12649 8828
f 12648 8828 8827
f 12649 12650 8829
f 12649 8829 8828
f 12650 8857 5183
f 12650 5183 8829
f 8856 12648 8827
f 8856 8827 5182
f 4594 6700 12648
f 4594 12648 8856
f 6697 6696 12652
f 6697 12652 12651
f 6696 6695 12653
f 6696 12653 12652
f 6695 4250 7844
f 6695 7844 12653
f 12651 12652 8859
f 12651 8859 8860
f 12652 12653 8858
f 12652 8858 8859
f 12653 7844 4981
f 12653 4981 8858
f 8857 12651 8860
f 8857 8860 5183
f 4593 6697 12651
f 4593 12651 8857
f 12654 12655 12658
f 12654 12658 12657
f 12655 12656 12659
f 12655 12659 12658
f 12656 7843 7842
f 12656 7842 12659
f 12657 12658 8862
f 12657 8862 8863
f 12658 12659 8861
f 12658 8861 8862
f 12659 7842 4980
f 12659 4980 8861
f 5183 8860 12654
f 5183 12654 8834
f 8860 8859 12655
f 8860 12655 12654
f 8859 8858 12656
f 8859 12656 12655
f 8858 4981 7843
f 8858 7843 12656
f 8835 12657 8863
f 8835 8863 5186
f 8834 12654 12657
f 8834 12657 8835
f 8863 8862 12661
f 8863 12661 12660
f 8862 8861 12662
f 8862 12662 12661
f 8861 4980 7841
f 8861 7841 12662
f 12660 12661 8865
f 12660 8865 5841
f 12661 12662 8864
f 12661 8864 8865
f 12662 7841 7840
f 12662 7840 8864
f 8847 12660 5841
f 8847 5841 8848
f 5186 8863 12660
f 5186 12660 8847
f 4982 8869 12663
f 4982 12663 7850
f 8869 8870 12664
f 8869 12664 12663
f 8870 8871 12665
f 8870 12665 12664
f 7850 12663 12666
f 7850 12666 7849
f 12663 12667 12666
f 12663 12664 12667
f 12664 12668 12667
f 12664 12665 12668
f 12665 8842 8843
f 12665 8843 12668
f 12666 8866 5836
f 12666 12667 8866
f 8871 5184 8842
f 8871 8842 12665
f 8843 8844 5839
f 8843 5839 8868
f 12668 8843 8868
f 12668 8868 8867
f 12667 12668 8867
f 8866 12667 8867
f 7848 5836 8866
f 7849 12666 5836
f 7849 5836 7848
f 7852 12669 12672
f 7852 12672 7851
f 12669 12670 12673
f 12669 12673 12672
f 12670 12671 12674
f 12670 12674 12673
f 7851 12672 8869
f 7851 8869 4982
f 12672 12673 8870
f 12672 8870 8869
f 12673 12674 8871
f 12673 8871 8870
f 4983 8872 12669
f 4983 12669 7852
f 8872 8873 12670
f 8872 12670 12669
f 8873 8874 12671
f 8873 12671 12670
f 8874 5181 8830
f 8874 8830 12671
f 12671 8830 8831
f 12671 8831 12674
f 12674 8831 5184
f 12674 5184 8871
f 3402 3483 6084
f 11389 3402 6085
f 11389 6085 6086
f 3402 6084 6085
f 5846 11389 6086
f 5846 6086 5824
f 12675 12676 12680
f 12675 12680 12679
f 12676 12677 12681
f 12676 12681 12680
f 12677 12678 12682
f 12677 12682 12681
f 12679 12680 12684
f 12679 12684 12683
f 12680 12681 12685
f 12680 12685 12684
f 12681 12682 12686
f 12681 12686 12685
f 5187 8875 12675
f 5187 12675 8882
f 8875 8876 12676
f 8875 12676 12675
f 8876 8877 12677
f 8876 12677 12676
f 8877 8878 12678
f 8877 12678 12677
f 8878 5188 8885
f 8878 8885 12678
f 12678 8885 8886
f 12678 8886 12682
f 12682 8886 8887
f 12682 8887 12686
f 12686 8887 5191
f 12686 5191 8894
f 12685 12686 8894
f 12685 8894 8893
f 12684 12685 8893
f 12684 8893 8892
f 12683 12684 8892
f 12683 8892 8891
f 8884 12683 8891
f 8884 8891 5190
f 8883 12679 12683
f 8883 12683 8884
f 8882 12675 12679
f 8882 12679 8883
f 8885 12687 12690
f 8885 12690 8886
f 12687 12688 12691
f 12687 12691 12690
f 12688 12689 12692
f 12688 12692 12691
f 8886 12690 12693
f 8886 12693 8887
f 12690 12691 12694
f 12690 12694 12693
f 12691 12692 12695
f 12691 12695 12694
f 5188 8879 12687
f 5188 12687 8885
f 8879 8880 12688
f 8879 12688 12687
f 8880 8881 12689
f 8880 12689 12688
f 8881 5189 8888
f 8881 8888 12689
f 12689 8888 8889
f 12689 8889 12692
f 12692 8889 8890
f 12692 8890 12695
f 12695 8890 5192
f 12695 5192 8897
f 12694 12695 8897
f 12694 8897 8896
f 12693 12694 8896
f 12693 8896 8895
f 8887 12693 8895
f 8887 8895 5191
f 8891 8892 12697
f 8891 12697 12696
f 8892 8893 12698
f 8892 12698 12697
f 8893 8894 12699
f 8893 12699 12698
f 12696 12697 12701
f 12696 12701 12700
f 12697 12698 12702
f 12697 12702 12701
f 12698 12699 12703
f 12698 12703 12702
f 12700 12701 8905
f 12700 8905 8904
f 12701 12702 8906
f 12701 8906 8905
f 12702 12703 8907
f 12702 8907 8906
f 8894 5191 8900
f 8894 8900 12699
f 12699 8900 8901
f 12699 8901 12703
f 12703 8901 5194
f 12703 5194 8907
f 8899 12700 8904
f 8899 8904 5193
f 8898 12696 12700
f 8898 12700 8899
f 5190 8891 12696
f 5190 12696 8898
f 5191 8895 12704
f 5191 12704 8900
f 8895 8896 12705
f 8895 12705 12704
f 8896 8897 12706
f 8896 12706 12705
f 8900 12704 12707
f 8900 12707 8901
f 12704 12705 12708
f 12704 12708 12707
f 12705 12706 12709
f 12705 12709 12708
f 8901 12707 8908
f 8901 8908 5194
f 12707 12708 8909
f 12707 8909 8908
f 12708 12709 8910
f 12708 8910 8909
f 8897 5192 8902
f 8897 8902 12706
f 12706 8902 8903
f 12706 8903 12709
f 12709 8903 5195
f 12709 5195 8910
f 12710 12711 12714
f 12710 12714 12713
f 12711 12712 12715
f 12711 12715 12714
f 12712 8911 8912
f 12712 8912 12715
f 12713 12714 8940
f 12713 8940 8939
f 12714 12715 8941
f 12714 8941 8940
f 12715 8912 5187
f 12715 5187 8941
f 4182 6136 12710
f 4182 12710 6069
f 6136 6135 12711
f 6136 12711 12710
f 6135 6134 12712
f 6135 12712 12711
f 6134 5831 8911
f 6134 8911 12712
f 6070 12713 8939
f 6070 8939 4362
f 6069 12710 12713
f 6069 12713 6070
f 12716 12717 12720
f 12716 12720 12719
f 12717 12718 12721
f 12717 12721 12720
f 12718 8913 12722
f 12718 12722 12721
f 12719 12720 8876
f 12719 8876 8875
f 12720 12721 8877
f 12720 8877 8876
f 12721 12722 8878
f 12721 8878 8877
f 5831 6133 12716
f 5831 12716 8911
f 6133 6132 12717
f 6133 12717 12716
f 6132 6131 12718
f 6132 12718 12717
f 6131 5830 8913
f 6131 8913 12718
f 8913 8914 12722
f 12722 8914 5188
f 12722 5188 8878
f 8912 12719 8875
f 8912 8875 5187
f 8911 12716 12719
f 8911 12719 8912
f 12724 6128 12725
f 6128 5829 8915
f 6128 8915 12725
f 12723 12726 8914
f 12723 12724 12726
f 12724 12727 12726
f 12724 12725 12727
f 12725 8915 12728
f 12725 12728 12727
f 8914 12726 8879
f 8914 8879 5188
f 12726 12727 8880
f 12726 8880 8879
f 12727 12728 8881
f 12727 8881 8880
f 5830 12723 8913
f 5830 6130 12723
f 6130 12724 12723
f 6130 6129 12724
f 6129 6128 12724
f 8915 8916 8917
f 8915 8917 12728
f 12728 8917 5189
f 12728 5189 8881
f 8913 12723 8914
f 6127 6126 12729
f 6127 12729 8916
f 6126 6125 12730
f 6126 12730 12729
f 6125 5828 12731
f 6125 12731 12730
f 8916 12729 12732
f 8916 12732 8917
f 12729 12730 12733
f 12729 12733 12732
f 12730 12731 12734
f 12730 12734 12733
f 8917 12732 8920
f 8917 8920 5189
f 12732 12733 8919
f 12732 8919 8920
f 12733 12734 8918
f 12733 8918 8919
f 5828 6097 12731
f 12731 6097 6098
f 12731 6098 12734
f 12734 6098 4365
f 12734 4365 8918
f 5829 6127 8916
f 5829 8916 8915
f 8888 12735 12738
f 8888 12738 8889
f 12735 12736 12739
f 12735 12739 12738
f 12736 12737 12740
f 12736 12740 12739
f 8889 12738 12741
f 8889 12741 8890
f 12738 12739 12742
f 12738 12742 12741
f 12739 12740 12743
f 12739 12743 12742
f 5189 8920 12735
f 5189 12735 8888
f 8920 8919 12736
f 8920 12736 12735
f 8919 8918 12737
f 8919 12737 12736
f 8918 4365 6099
f 8918 6099 12737
f 12737 6099 6100
f 12737 6100 12740
f 12740 6100 6101
f 12740 6101 12743
f 12743 6101 4366
f 12743 4366 8921
f 12742 12743 8921
f 12742 8921 8922
f 12741 12742 8922
f 12741 8922 8923
f 8890 12741 8923
f 8890 8923 5192
f 5192 8923 12744
f 5192 12744 8902
f 8923 8922 12745
f 8923 12745 12744
f 8922 8921 12746
f 8922 12746 12745
f 8902 12744 12747
f 8902 12747 8903
f 12744 12745 12748
f 12744 12748 12747
f 12745 12746 12749
f 12745 12749 12748
f 8903 12747 8926
f 8903 8926 5195
f 12747 12748 8925
f 12747 8925 8926
f 12748 12749 8924
f 12748 8924 8925
f 8921 4366 6102
f 8921 6102 12746
f 12746 6102 6103
f 12746 6103 12749
f 12749 6103 4367
f 12749 4367 8924
f 5195 8926 12750
f 5195 12750 8928
f 8926 8925 12751
f 8926 12751 12750
f 8925 8924 12752
f 8925 12752 12751
f 8928 12750 12753
f 8928 12753 8927
f 12750 12751 12754
f 12750 12754 12753
f 12751 12752 12755
f 12751 12755 12754
f 8927 12753 6139
f 8927 6139 6140
f 12753 12754 12756
f 12753 12756 6139
f 12754 12755 12757
f 12754 12757 12756
f 8924 4367 6104
f 8924 6104 12752
f 12752 6104 6105
f 12752 6105 12755
f 12755 6105 6106
f 12755 6106 12757
f 12757 6106 5872
f 12756 12757 5872
f 12756 5872 6137
f 6139 12756 6137
f 6139 6137 6138
f 5194 8908 12758
f 5194 12758 8930
f 8908 8909 12759
f 8908 12759 12758
f 8909 8910 12760
f 8909 12760 12759
f 8930 12758 12761
f 8930 12761 8929
f 12758 12759 12762
f 12758 12762 12761
f 12759 12760 12763
f 12759 12763 12762
f 12762 12763 5881
f 8929 12761 6143
f 12761 6142 6143
f 12761 12762 6142
f 12762 6141 6142
f 12762 5881 6141
f 8910 5195 8928
f 8910 8928 12760
f 12760 8928 8927
f 12760 8927 12763
f 12763 8927 6140
f 12763 6140 5881
f 8929 6143 5882
f 8904 8905 12765
f 8904 12765 12764
f 8905 8906 12766
f 8905 12766 12765
f 8906 8907 12767
f 8906 12767 12766
f 12764 12765 12769
f 12764 12769 12768
f 12765 12766 12770
f 12765 12770 12769
f 12766 12767 12771
f 12766 12771 12770
f 12768 12769 6145
f 12768 6145 5883
f 12769 12770 6144
f 12769 6144 6145
f 12770 12771 6144
f 12771 5882 6144
f 8907 5194 8930
f 8907 8930 12767
f 12767 8930 8929
f 12767 8929 12771
f 12771 8929 5882
f 8931 12768 5883
f 8932 12764 12768
f 8932 12768 8931
f 5193 8904 12764
f 5193 12764 8932
f 8933 8934 12773
f 8933 12773 12772
f 8934 8935 12774
f 8934 12774 12773
f 8935 5193 8932
f 8935 8932 12774
f 12772 12773 12776
f 12772 12776 12775
f 12773 12774 12777
f 12773 12777 12776
f 12774 8932 8931
f 12774 8931 12777
f 12775 6148 5884
f 12775 12776 6148
f 12776 6147 6148
f 12776 12777 6147
f 12777 6146 6147
f 12777 8931 6146
f 8931 5883 6146
f 6077 12775 5884
f 6076 12772 12775
f 6076 12775 6077
f 4364 8933 12772
f 4364 12772 6076
f 8936 8937 12779
f 8936 12779 12778
f 8937 8938 12780
f 8937 12780 12779
f 8938 5190 8898
f 8938 8898 12780
f 12778 12779 12782
f 12778 12782 12781
f 12779 12780 12783
f 12779 12783 12782
f 12780 8898 8899
f 12780 8899 12783
f 12781 12782 8934
f 12781 8934 8933
f 12782 12783 8935
f 12782 8935 8934
f 12783 8899 5193
f 12783 5193 8935
f 6075 12781 8933
f 6075 8933 4364
f 6074 12778 12781
f 6074 12781 6075
f 4363 8936 12778
f 4363 12778 6074
f 12784 12785 12788
f 12784 12788 12787
f 12785 12786 12789
f 12785 12789 12788
f 12786 8882 8883
f 12786 8883 12789
f 12787 12788 12791
f 12787 12791 12790
f 12788 12789 12792
f 12788 12792 12791
f 12789 8883 8884
f 12789 8884 12792
f 4362 8939 12784
f 4362 12784 6071
f 8939 8940 12785
f 8939 12785 12784
f 8940 8941 12786
f 8940 12786 12785
f 8941 5187 8882
f 8941 8882 12786
f 12792 8884 5190
f 12792 5190 8938
f 12791 12792 8938
f 12791 8938 8937
f 12790 12791 8937
f 12790 8937 8936
f 6073 12790 8936
f 6073 8936 4363
f 6072 12787 12790
f 6072 12790 6073
f 6071 12784 12787
f 6071 12787 6072
f 12793 2470 12794
f 2470 5907 12794
f 12794 5907 11585
f 12793 12794 11604
f 11604 12794 12795
f 12794 12796 12795
f 12794 11585 12796
f 12795 12796 6110
f 12795 6110 5874
f 12796 6109 6110
f 12796 11583 6109
f 5908 2469 12793
f 2469 2470 12793
f 5907 11513 11585
f 11585 11584 12796
f 12796 11584 11583
f 11583 5873 6109
f 11604 12795 5874
f 11604 5874 6111
f 5908 12793 11604
f 11607 11526 11608
f 11608 11526 11609
f 11526 5911 11609
f 5911 12797 11609
f 5911 11543 12797
f 12797 11543 12798
f 12797 6167 5886
f 12797 12798 6167
f 12798 6168 6167
f 12798 11541 6168
f 11541 6169 6168
f 11541 11540 6169
f 2492 11526 11607
f 11543 11542 11541
f 11543 11541 12798
f 11540 5887 6169
f 11609 12797 5886
f 12799 12800 12803
f 12799 12803 12802
f 12800 12801 12804
f 12800 12804 12803
f 12801 8951 8952
f 12801 8952 12804
f 12802 12803 8956
f 12802 8956 8955
f 12803 12804 8957
f 12803 8957 8956
f 12804 8952 5200
f 12804 5200 8957
f 5196 8942 12799
f 5196 12799 8949
f 8942 8943 12800
f 8942 12800 12799
f 8943 8944 12801
f 8943 12801 12800
f 8944 5197 8951
f 8944 8951 12801
f 8950 12802 8955
f 8950 8955 5199
f 8949 12799 12802
f 8949 12802 8950
f 12805 12806 12810
f 12805 12810 12809
f 12806 12807 12811
f 12806 12811 12810
f 12807 12808 12812
f 12807 12812 12811
f 12809 12810 8959
f 12809 8959 8958
f 12810 12811 8960
f 12810 8960 8959
f 12811 12812 8961
f 12811 8961 8960
f 5197 8945 12805
f 5197 12805 8951
f 8945 8946 12806
f 8945 12806 12805
f 8946 8947 12807
f 8946 12807 12806
f 8947 8948 12808
f 8947 12808 12807
f 8948 5198 8953
f 8948 8953 12808
f 12808 8953 8954
f 12808 8954 12812
f 12812 8954 5201
f 12812 5201 8961
f 8952 12809 8958
f 8952 8958 5200
f 8951 12805 12809
f 8951 12809 8952
f 8955 8956 12814
f 8955 12814 12813
f 8956 8957 12815
f 8956 12815 12814
f 8957 5200 8964
f 8957 8964 12815
f 12813 12814 12817
f 12813 12817 12816
f 12814 12815 12818
f 12814 12818 12817
f 12815 8964 8965
f 12815 8965 12818
f 12816 12817 8969
f 12816 8969 8968
f 12817 12818 8970
f 12817 8970 8969
f 12818 8965 5203
f 12818 5203 8970
f 8963 12816 8968
f 8963 8968 5202
f 8962 12813 12816
f 8962 12816 8963
f 5199 8955 12813
f 5199 12813 8962
f 8958 8959 12820
f 8958 12820 12819
f 8959 8960 12821
f 8959 12821 12820
f 8960 8961 12822
f 8960 12822 12821
f 12819 12820 12824
f 12819 12824 12823
f 12820 12821 12825
f 12820 12825 12824
f 12821 12822 12826
f 12821 12826 12825
f 12823 12824 8972
f 12823 8972 8971
f 12824 12825 8973
f 12824 8973 8972
f 12825 12826 8974
f 12825 8974 8973
f 8961 5201 8966
f 8961 8966 12822
f 12822 8966 8967
f 12822 8967 12826
f 12826 8967 5204
f 12826 5204 8974
f 8965 12823 8971
f 8965 8971 5203
f 8964 12819 12823
f 8964 12823 8965
f 5200 8958 12819
f 5200 12819 8964
f 6743 6742 12828
f 6743 12828 12827
f 6742 6741 12829
f 6742 12829 12828
f 6741 4606 8975
f 6741 8975 12829
f 12827 12828 9000
f 12827 9000 8999
f 12828 12829 9001
f 12828 9001 9000
f 12829 8975 5196
f 12829 5196 9001
f 7860 12827 8999
f 7860 8999 4986
f 4256 6743 12827
f 4256 12827 7860
f 6740 6739 12831
f 6740 12831 12830
f 6739 6738 12832
f 6739 12832 12831
f 6738 4605 8976
f 6738 8976 12832
f 12830 12831 8943
f 12830 8943 8942
f 12831 12832 8944
f 12831 8944 8943
f 12832 8976 5197
f 12832 5197 8944
f 8975 12830 8942
f 8975 8942 5196
f 4606 6740 12830
f 4606 12830 8975
f 6737 6736 12834
f 6737 12834 12833
f 6736 6735 12835
f 6736 12835 12834
f 6735 6734 12836
f 6735 12836 12835
f 12833 12834 8946
f 12833 8946 8945
f 12834 12835 8947
f 12834 8947 8946
f 12835 12836 8948
f 12835 8948 8947
f 6734 4604 8977
f 6734 8977 12836
f 12836 8977 5198
f 12836 5198 8948
f 8976 12833 8945
f 8976 8945 5197
f 4605 6737 12833
f 4605 12833 8976
f 4604 6733 12837
f 4604 12837 8977
f 6733 6732 12838
f 6733 12838 12837
f 6732 6731 12839
f 6732 12839 12838
f 8977 12837 8980
f 8977 8980 5198
f 12837 12838 8979
f 12837 8979 8980
f 12838 12839 8978
f 12838 8978 8979
f 6731 4253 7853
f 6731 7853 12839
f 12839 7853 4983
f 12839 4983 8978
f 8953 12840 12843
f 8953 12843 8954
f 12840 12841 12844
f 12840 12844 12843
f 12841 12842 12845
f 12841 12845 12844
f 8954 12843 8983
f 8954 8983 5201
f 12843 12844 8982
f 12843 8982 8983
f 12844 12845 8981
f 12844 8981 8982
f 5198 8980 12840
f 5198 12840 8953
f 8980 8979 12841
f 8980 12841 12840
f 8979 8978 12842
f 8979 12842 12841
f 8978 4983 7852
f 8978 7852 12842
f 12842 7852 7851
f 12842 7851 12845
f 12845 7851 4982
f 12845 4982 8981
f 5201 8983 12846
f 5201 12846 8966
f 8983 8982 12847
f 8983 12847 12846
f 8982 8981 12848
f 8982 12848 12847
f 8966 12846 12849
f 8966 12849 8967
f 12846 12847 12850
f 12846 12850 12849
f 12847 12848 12851
f 12847 12851 12850
f 8967 12849 8986
f 8967 8986 5204
f 12849 12850 8985
f 12849 8985 8986
f 12850 12851 8984
f 12850 8984 8985
f 12851 7848 8984
f 8981 4982 7850
f 8981 7850 12848
f 12848 7850 7849
f 12848 7849 12851
f 12851 7849 7848
f 5204 8986 12853
f 5204 12853 8988
f 8986 8985 12854
f 8986 12854 12853
f 8985 8984 12855
f 8985 12855 12854
f 8984 12852 12855
f 8988 12853 12856
f 8988 12856 8987
f 12853 12854 12857
f 12853 12857 12856
f 12854 12855 12858
f 12854 12858 12857
f 12855 12852 7845
f 12855 7845 12858
f 12857 12858 6173
f 12858 7845 5811
f 12858 5811 6173
f 8987 12856 6175
f 8987 6175 4368
f 12856 12857 6174
f 12856 6174 6175
f 12857 6173 6174
f 8984 7848 12852
f 7848 5836 7847
f 7848 7847 12852
f 12852 7847 7846
f 12852 7846 7845
f 8971 8972 12860
f 8971 12860 12859
f 8972 8973 12861
f 8972 12861 12860
f 8973 8974 12862
f 8973 12862 12861
f 12859 12860 12864
f 12859 12864 12863
f 12860 12861 12865
f 12860 12865 12864
f 12861 12862 12866
f 12861 12866 12865
f 12863 12864 6178
f 12863 6178 6179
f 12864 12865 6177
f 12864 6177 6178
f 12865 12866 6176
f 12865 6176 6177
f 8974 5204 8988
f 8974 8988 12862
f 12862 8988 8987
f 12862 8987 12866
f 12866 8987 4368
f 12866 4368 6176
f 8989 12863 6179
f 8989 6179 4369
f 8990 12859 12863
f 8990 12863 8989
f 5203 8971 12859
f 5203 12859 8990
f 8968 8969 12868
f 8968 12868 12867
f 8969 8970 12869
f 8969 12869 12868
f 8970 5203 8990
f 8970 8990 12869
f 12867 12868 12871
f 12867 12871 12870
f 12868 12869 12872
f 12868 12872 12871
f 12869 8990 8989
f 12869 8989 12872
f 12870 12871 6181
f 12870 6181 6182
f 12871 12872 6180
f 12871 6180 6181
f 12872 8989 4369
f 12872 4369 6180
f 8991 12870 6182
f 8991 6182 4370
f 8992 12867 12870
f 8992 12870 8991
f 5202 8968 12867
f 5202 12867 8992
f 8993 8994 12874
f 8993 12874 12873
f 8994 8995 12875
f 8994 12875 12874
f 8995 5202 8992
f 8995 8992 12875
f 12873 12874 12877
f 12873 12877 12876
f 12874 12875 12878
f 12874 12878 12877
f 12875 8992 8991
f 12875 8991 12878
f 12876 12877 6184
f 12876 6184 6185
f 12877 12878 6183
f 12877 6183 6184
f 12878 8991 4370
f 12878 4370 6183
f 7854 12876 6185
f 7854 6185 4180
f 7855 12873 12876
f 7855 12876 7854
f 4984 8993 12873
f 4984 12873 7855
f 8996 8997 12880
f 8996 12880 12879
f 8997 8998 12881
f 8997 12881 12880
f 8998 5199 8962
f 8998 8962 12881
f 12879 12880 12883
f 12879 12883 12882
f 12880 12881 12884
f 12880 12884 12883
f 12881 8962 8963
f 12881 8963 12884
f 12882 12883 8994
f 12882 8994 8993
f 12883 12884 8995
f 12883 8995 8994
f 12884 8963 5202
f 12884 5202 8995
f 7856 12882 8993
f 7856 8993 4984
f 7857 12879 12882
f 7857 12882 7856
f 4985 8996 12879
f 4985 12879 7857
f 12885 12886 12889
f 12885 12889 12888
f 12886 12887 12890
f 12886 12890 12889
f 12887 8949 8950
f 12887 8950 12890
f 12888 12889 8997
f 12888 8997 8996
f 12889 12890 8998
f 12889 8998 8997
f 12890 8950 5199
f 12890 5199 8998
f 4986 8999 12885
f 4986 12885 7859
f 8999 9000 12886
f 8999 12886 12885
f 9000 9001 12887
f 9000 12887 12886
f 9001 5196 8949
f 9001 8949 12887
f 7858 12888 8996
f 7858 8996 4985
f 7859 12885 12888
f 7859 12888 7858
f 3483 3484 5823
f 3484 5853 6083
f 3484 6083 5823
f 6083 5853 6082
f 5853 11388 6082
f 3483 5823 6084
f 12891 3475 12892
f 12891 6081 5822
f 12891 12892 6081
f 12892 6080 6081
f 12892 11459 6080
f 11388 3398 12891
f 3398 3475 12891
f 12892 3475 11459
f 11388 12891 5822
f 11388 5822 6082
f 11399 11491 11400
f 12893 11400 12894
f 11400 12895 12894
f 11400 11491 12895
f 11443 12893 12896
f 12893 12894 12896
f 12894 12895 12897
f 12895 11490 12897
f 11444 12896 12898
f 12896 12899 12898
f 12896 12894 12899
f 12894 12897 12899
f 12897 11490 6154
f 5858 11401 12893
f 11401 11400 12893
f 12895 11491 11490
f 11490 5833 6154
f 12899 12897 6154
f 12899 6154 6155
f 12898 12899 6155
f 12898 6155 6156
f 12898 6156 5834
f 11445 12898 5834
f 11444 12898 11445
f 11443 12896 11444
f 5858 12893 11443
f 5845 11454 11455
f 5845 11404 11454
f 11404 12900 11454
f 11404 11456 12900
f 12900 11456 12901
f 11456 11457 12901
f 11454 12900 11452
f 12900 12901 11452
f 11452 12901 12902
f 12901 12903 12902
f 12901 11458 12903
f 11452 7778 5820
f 11452 12902 7778
f 11404 3542 11456
f 3542 5859 11456
f 12901 11457 11458
f 12903 11458 5835
f 12903 5835 7780
f 12903 7780 7779
f 12902 12903 7779
f 12902 7779 7778
f 11454 11452 11453
f 3527 12904 11491
f 11398 3416 11489
f 12904 12905 11491
f 12904 11398 12906
f 12904 12906 12905
f 11398 11489 12906
f 11491 12905 12907
f 11490 12907 6153
f 11490 6153 5833
f 12907 12905 6152
f 12907 6152 6153
f 12905 12906 5832
f 12905 5832 6152
f 3527 3528 12904
f 3528 11398 12904
f 12906 11489 5832
f 11491 12907 11490
f 11399 3527 11491
f 11403 12909 11442
f 11403 12910 12909
f 11403 12908 12910
f 12910 12911 12909
f 12910 12908 12911
f 12908 11443 12911
f 12909 12913 12912
f 12909 12911 12913
f 12912 12913 12914
f 12913 12915 12914
f 12913 12911 12915
f 12911 11444 12915
f 11440 12912 12916
f 12912 12914 12916
f 12915 11445 12914
f 12915 11444 11445
f 12916 12917 6160
f 12916 12914 12917
f 12914 12918 12917
f 12914 11445 12918
f 11402 12908 11403
f 11402 5858 12908
f 12908 5858 11443
f 11443 11444 12911
f 11445 5834 6157
f 12918 11445 6157
f 12918 6157 6158
f 12917 12918 6158
f 12917 6158 6159
f 6160 12917 6159
f 11438 6160 5819
f 11439 12916 6160
f 11439 6160 11438
f 11440 12916 11439
f 11441 12912 11440
f 11441 12909 12912
f 11442 12909 11441
f 3523 3524 12919
f 3523 12919 12920
f 3416 3523 12920
f 3416 12920 11489
f 11489 12920 6151
f 12920 6150 6151
f 12920 12919 6149
f 12920 6149 6150
f 12919 11488 4182
f 12919 4182 6149
f 3524 3438 11488
f 3524 11488 12919
f 11489 6151 5832
f 11493 5860 12921
f 5860 11419 12921
f 12921 11419 12922
f 11493 12921 12922
f 12921 12922 11417
f 11493 12921 8849
f 11493 8849 8850
f 12921 12922 8849
f 12922 11417 11416
f 8849 12922 5839
f 12922 11417 8868
f 12922 8868 5839
f 11417 11416 8868
f 11417 11416 11415
f 8849 5839 8868
f 5839 8868 8867
f 8868 11416 8867
f 11416 11415 8866
f 11416 8866 8867
f 11412 11407 11493
f 11407 5860 11493
f 11419 11418 12922
f 12922 11418 11417
f 11415 11414 8866
f 8866 11414 5836
f 11383 11382 11480
f 11382 12923 11480
f 11382 11451 12923
f 12923 11451 11449
f 11451 11450 11449
f 11480 12924 11481
f 11480 12923 12924
f 12923 12925 12924
f 12923 11449 12925
f 11449 11448 12925
f 12925 11448 11447
f 12924 12926 11482
f 12924 12925 12926
f 12925 12927 12926
f 12925 11447 12927
f 11482 12926 5817
f 12926 12927 5817
f 5851 11383 11479
f 11382 5852 11451
f 11447 11446 12927
f 11446 5818 6036
f 12927 11446 6036
f 12927 6036 6035
f 5817 12927 6035
f 11482 5817 6034
f 11481 12924 11482
f 11479 11383 11480
f 11397 6135 6136
f 11397 11396 6135
f 11396 5857 6134
f 11396 6134 6135
f 3438 11397 11488
f 5857 11487 5831
f 5857 5831 6134
f 11488 11397 6136
f 11488 6136 4182
f 3563 5862 5841
f 3563 5841 8865
f 3434 3563 8865
f 3434 8865 8864
f 3569 3434 8864
f 3569 8864 7840
f 3436 3569 7840
f 3436 7840 4979
f 11380 12929 11432
f 11380 12928 12929
f 12928 12930 12929
f 12928 11479 12930
f 12930 11479 11481
f 11432 12929 11434
f 12929 12931 11434
f 12929 12930 12931
f 12930 12932 12931
f 12930 11481 12932
f 11434 12931 6032
f 11434 6032 5816
f 12931 6033 6032
f 12931 12932 6033
f 12932 6034 6033
f 3467 12928 11380
f 3467 5851 12928
f 5851 11479 12928
f 11479 11480 11481
f 11481 11482 12932
f 12932 11482 6034
f 11432 11434 11433
f 5850 11380 11432
f 3412 3513 11486
f 3412 11486 12933
f 11487 12933 6133
f 11487 6133 5831
f 12933 6132 6133
f 12933 11486 6132
f 11486 6131 6132
f 11486 11485 6131
f 5857 3518 11487
f 3518 3412 12933
f 3518 12933 11487
f 11495 5840 8853
f 11496 11495 8853
f 11496 8853 8854
f 11411 11496 8854
f 11411 8854 8848
f 5862 11411 8848
f 5862 8848 5841
f 11395 12934 11485
f 11395 5856 12934
f 12934 5856 12935
f 5856 11474 12935
f 11474 11472 12935
f 5830 12934 6130
f 12934 12935 6130
f 12935 6129 6130
f 12935 11472 6129
f 11472 6128 6129
f 11472 11471 6128
f 11474 11473 11472
f 11485 12934 5830
f 11485 5830 6131
f 11486 11395 11485
f 3513 11395 11486
f 11411 3432 11496
f 3432 5861 11496
f 11496 5861 11495
f 5861 11413 11412
f 5861 11412 11495
f 11495 11412 8852
f 11412 8851 8852
f 11495 8852 8851
f 11412 11493 8851
f 8851 11493 8850
f 8851 8850 8849
f 11495 8852 5840
f 11379 12936 11431
f 11379 11378 12936
f 11378 12937 12936
f 11378 5850 12937
f 11431 12936 11429
f 12936 12938 11429
f 12936 12937 12938
f 12937 11433 12938
f 12937 11432 11433
f 11429 6030 5815
f 11429 12938 6030
f 12938 11433 6031
f 12938 6031 6030
f 11433 5816 6031
f 5850 11432 12937
f 11433 11434 5816
f 11431 11429 11430
f 11474 11393 11473
f 11393 12939 11473
f 11393 11466 12939
f 11466 12940 12939
f 11466 11465 12940
f 11473 12939 11472
f 12940 11465 11464
f 11472 12939 11471
f 12939 12941 11471
f 12939 12940 12941
f 12940 12942 12941
f 12940 11464 12942
f 12942 11464 11462
f 12941 6127 5829
f 12941 12942 6127
f 5856 11394 11474
f 11394 11393 11474
f 11393 5847 11466
f 11464 11463 11462
f 11461 5828 6125
f 11462 11461 6125
f 11462 6125 6126
f 12942 11462 6126
f 6127 12942 6126
f 11471 12941 5829
f 11471 5829 6128
f 5849 12943 11475
f 5849 3454 12943
f 12944 11437 12945
f 11475 12943 12946
f 12943 12945 12946
f 12943 12944 12945
f 12945 11436 12947
f 12945 11437 11436
f 12946 12947 11478
f 12946 12945 12947
f 11478 12947 6026
f 11478 6026 5813
f 12947 6027 6026
f 12947 11436 6027
f 3454 3390 12944
f 3454 12944 12943
f 3390 11377 12944
f 12944 11377 11437
f 11436 11435 5814
f 11436 5814 6027
f 11477 11478 5813
f 11476 12946 11478
f 11476 11478 11477
f 11475 12946 11476
f 5847 12948 11465
f 12948 11392 12949
f 11392 11467 12949
f 11465 12948 12950
f 12948 12949 12950
f 12949 11467 12951
f 11467 11468 12951
f 12950 12949 12952
f 12949 12951 12952
f 12950 12952 11463
f 12952 12951 12953
f 12951 11469 12953
f 11463 12952 12954
f 12952 12953 12954
f 12954 6095 11461
f 12954 12953 6095
f 12953 12955 6095
f 12953 11469 11470
f 12953 11470 12955
f 5847 11392 12948
f 11392 3408 11467
f 12951 11468 11469
f 11470 5827 6093
f 12955 11470 6093
f 6095 12955 6093
f 6095 6093 6094
f 11461 6095 6096
f 11461 6096 5828
f 11462 12954 11461
f 11463 12954 11462
f 11464 12950 11463
f 11465 12950 11464
f 11466 5847 11465
f 11410 3430 12957
f 12956 11410 12957
f 12956 12957 12958
f 11457 12956 12959
f 12956 12958 12959
f 12958 12960 12959
f 12958 12957 12960
f 12957 11492 12960
f 11458 12959 12961
f 12959 12962 12961
f 12959 12960 12962
f 12960 8621 12962
f 12960 11492 8621
f 5859 3560 12956
f 3560 11410 12956
f 3430 11409 12957
f 12957 11409 11492
f 11492 5838 8621
f 12962 8621 8620
f 12962 8620 8619
f 12961 12962 8619
f 12961 8619 8618
f 5835 12961 8618
f 11458 12961 5835
f 11457 12959 11458
f 11456 12956 11457
f 5859 12956 11456
f 12963 11374 12965
f 12963 12965 12964
f 11374 11475 12965
f 12965 11475 11476
f 12965 11476 12966
f 12964 12965 12966
f 12964 12966 12967
f 12967 12969 12968
f 12967 12966 12969
f 12966 11476 11477
f 12966 11477 12969
f 11375 11374 12963
f 11375 3388 11374
f 11374 5849 11475
f 11477 5813 6025
f 12969 11477 6025
f 12969 6025 6024
f 12968 12969 6024
f 12968 6024 5812
f 11428 12968 5812
f 11427 12967 12968
f 11427 12968 11428
f 11426 12964 12967
f 11426 12967 11427
f 11425 12964 11426
f 11425 12963 12964
f 5848 11375 12963
f 5848 12963 11425
f 11391 12970 11467
f 11391 11390 12970
f 11467 12970 11468
f 11390 11484 12970
f 11468 12970 12971
f 12970 12972 12971
f 12970 11484 12972
f 12971 12972 12974
f 12971 12974 12973
f 12972 11484 12974
f 11484 11483 12974
f 3408 11391 11467
f 3500 11390 11391
f 11390 5855 11484
f 12974 11483 5826
f 12974 5826 6091
f 12973 12974 6091
f 12973 6091 6092
f 11470 12973 6092
f 11470 6092 5827
f 11469 12973 11470
f 11469 12971 12973
f 11468 12971 11469
f 11408 3554 12975
f 3554 11494 12975
f 11409 11408 12975
f 11409 12975 12976
f 12976 12975 8607
f 12975 11494 5837
f 12975 5837 8607
f 11492 12976 8608
f 11492 8608 5838
f 12976 8607 8608
f 3554 3549 11494
f 11409 12976 11492
f 11373 12977 11420
f 12977 5848 11425
f 11420 12977 12978
f 11420 12978 11421
f 12977 11425 12978
f 11421 12978 12979
f 11421 12979 11422
f 12978 11425 11426
f 12978 11426 12979
f 12979 11426 11427
f 12979 11427 12980
f 11422 12979 12980
f 11422 12980 11423
f 11423 12980 12982
f 11423 12982 12981
f 12980 11427 11428
f 12980 11428 12982
f 11372 12977 11373
f 11372 3386 5848
f 11372 5848 12977
f 11428 5812 6023
f 12982 11428 6023
f 12982 6023 6022
f 12981 12982 6022
f 12981 6022 6021
f 11424 12981 6021
f 11424 6021 5811
f 11423 12981 11424
f 5855 3497 12983
f 5855 12983 12984
f 12983 5854 11460
f 12983 11460 12985
f 12984 12983 12985
f 12984 12985 12986
f 11483 12986 6090
f 11483 6090 5826
f 12986 12985 6089
f 12986 6089 6090
f 12985 11460 5825
f 12985 5825 6089
f 3497 5854 12983
f 11484 12984 12986
f 11484 12986 11483
f 5855 12984 11484
f 3426 3561 8604
f 3573 3436 4979
f 3573 4979 8622
f 3574 3573 8622
f 3574 8622 8623
f 3493 3494 12987
f 3493 12987 12988
f 12988 12987 6087
f 12988 6087 6088
f 12987 5846 5824
f 12987 5824 6087
f 11460 12988 6088
f 11460 6088 5825
f 3494 3382 5846
f 3494 5846 12987
f 5854 12988 11460
f 5854 3493 12988
f 11419 11405 11418
f 11405 12989 11418
f 12989 11373 11420
f 11419 11418 12990
f 11418 12989 12991
f 11418 12991 12990
f 12989 11420 12991
f 12990 12991 12992
f 12991 12993 12992
f 12990 12992 11416
f 12990 12992 12994
f 12992 12993 12995
f 12992 12995 12994
f 11416 12992 11415
f 12992 12994 12996
f 12992 12996 11415
f 12994 12995 12996
f 12995 12997 12996
f 11415 12996 7846
f 11415 7846 11414
f 12996 12997 11424
f 12996 11424 7846
f 5860 11406 11419
f 11406 11405 11419
f 11405 5842 11373
f 11405 11373 12989
f 12991 11420 11421
f 12991 11421 12993
f 12993 11421 11422
f 12993 11422 12995
f 12995 11422 11423
f 12995 11423 12997
f 12997 11423 11424
f 7846 11424 5811
f 7846 5811 7845
f 11414 7846 7847
f 11414 7847 5836
f 11417 12990 11416
f 11418 12990 11417
f 9008 12998 13001
f 9008 13001 9009
f 12998 12999 13002
f 12998 13002 13001
f 12999 13000 13003
f 12999 13003 13002
f 9009 13001 13004
f 9009 13004 9010
f 13001 13002 13005
f 13001 13005 13004
f 13002 13003 13006
f 13002 13006 13005
f 5205 9002 12998
f 5205 12998 9008
f 9002 9003 12999
f 9002 12999 12998
f 9003 9004 13000
f 9003 13000 12999
f 9004 5206 9011
f 9004 9011 13000
f 13000 9011 9012
f 13000 9012 13003
f 13003 9012 9013
f 13003 9013 13006
f 13006 9013 5209
f 13006 5209 9019
f 13005 13006 9019
f 13005 9019 9018
f 13004 13005 9018
f 13004 9018 9017
f 9010 13004 9017
f 9010 9017 5208
f 13007 13008 13011
f 13007 13011 13010
f 13008 13009 13012
f 13008 13012 13011
f 13009 9014 9015
f 13009 9015 13012
f 13010 13011 13014
f 13010 13014 13013
f 13011 13012 13015
f 13011 13015 13014
f 13012 9015 9016
f 13012 9016 13015
f 5206 9005 13007
f 5206 13007 9011
f 9005 9006 13008
f 9005 13008 13007
f 9006 9007 13009
f 9006 13009 13008
f 9007 5207 9014
f 9007 9014 13009
f 13015 9016 5210
f 13015 5210 9022
f 13014 13015 9022
f 13014 9022 9021
f 13013 13014 9021
f 13013 9021 9020
f 9013 13013 9020
f 9013 9020 5209
f 9012 13010 13013
f 9012 13013 9013
f 9011 13007 13010
f 9011 13010 9012
f 5208 9017 13016
f 5208 13016 9023
f 9017 9018 13017
f 9017 13017 13016
f 9018 9019 13018
f 9018 13018 13017
f 9023 13016 13019
f 9023 13019 9024
f 13016 13017 13020
f 13016 13020 13019
f 13017 13018 13021
f 13017 13021 13020
f 9024 13019 9029
f 9024 9029 5211
f 13019 13020 9030
f 13019 9030 9029
f 13020 13021 9031
f 13020 9031 9030
f 9019 5209 9025
f 9019 9025 13018
f 13018 9025 9026
f 13018 9026 13021
f 13021 9026 5212
f 13021 5212 9031
f 9020 9021 13023
f 9020 13023 13022
f 9021 9022 13024
f 9021 13024 13023
f 9022 5210 9027
f 9022 9027 13024
f 13022 13023 13026
f 13022 13026 13025
f 13023 13024 13027
f 13023 13027 13026
f 13024 9027 9028
f 13024 9028 13027
f 13025 13026 9033
f 13025 9033 9032
f 13026 13027 9034
f 13026 9034 9033
f 13027 9028 5213
f 13027 5213 9034
f 9026 13025 9032
f 9026 9032 5212
f 9025 13022 13025
f 9025 13025 9026
f 5209 9020 13022
f 5209 13022 9025
f 13028 6159 13030
f 13028 13030 13029
f 6159 6158 13031
f 6159 13031 13030
f 6158 6157 9035
f 6158 9035 13031
f 6041 13029 13032
f 6041 13032 6042
f 13029 13030 13033
f 13029 13033 13032
f 13030 13031 13033
f 13031 13034 13033
f 13031 9035 13034
f 6042 13032 9062
f 6042 9062 4359
f 13032 13033 9063
f 13032 9063 9062
f 13033 13034 9064
f 13033 9064 9063
f 5819 13028 6040
f 5819 6160 13028
f 6160 6159 13028
f 9035 9036 13034
f 13034 9036 5205
f 13034 5205 9064
f 6040 13028 13029
f 6040 13029 6041
f 5834 6156 13036
f 5834 13036 13035
f 6156 6155 13037
f 6156 13037 13036
f 6155 6154 9037
f 6155 9037 13037
f 13035 13038 9036
f 13035 13036 13038
f 13036 13039 13038
f 13036 13037 13040
f 13036 13040 13039
f 13037 9037 9038
f 13037 9038 13040
f 9036 13038 9002
f 9036 9002 5205
f 13038 13039 9003
f 13038 9003 9002
f 13039 13040 9004
f 13039 9004 9003
f 13040 9038 5206
f 13040 5206 9004
f 9035 13035 9036
f 6157 5834 13035
f 6157 13035 9035
f 5833 6153 13042
f 5833 13042 13041
f 6153 6152 13043
f 6153 13043 13042
f 6152 5832 9039
f 6152 9039 13043
f 13041 13042 13045
f 13041 13045 13044
f 13042 13043 13046
f 13042 13046 13045
f 13043 9039 9040
f 13043 9040 13046
f 13044 13045 9006
f 13044 9006 9005
f 13045 13046 9007
f 13045 9007 9006
f 13046 9040 5207
f 13046 5207 9007
f 9038 13044 9005
f 9038 9005 5206
f 9037 13041 13044
f 9037 13044 9038
f 6154 5833 13041
f 6154 13041 9037
f 13047 13048 13051
f 13047 13051 13050
f 13048 13049 13052
f 13048 13052 13051
f 13049 6069 6070
f 13049 6070 13052
f 13050 13051 9042
f 13050 9042 9043
f 13051 13052 9041
f 13051 9041 9042
f 13052 6070 4362
f 13052 4362 9041
f 5832 6151 13047
f 5832 13047 9039
f 6151 6150 13048
f 6151 13048 13047
f 6150 6149 13049
f 6150 13049 13048
f 6149 4182 6069
f 6149 6069 13049
f 9040 13050 9043
f 9040 9043 5207
f 9039 13047 13050
f 9039 13050 9040
f 13053 13054 13057
f 13053 13057 13056
f 13054 13055 13058
f 13054 13058 13057
f 13055 6071 6072
f 13055 6072 13058
f 13056 13057 13060
f 13056 13060 13059
f 13057 13058 13061
f 13057 13061 13060
f 13058 6072 6073
f 13058 6073 13061
f 5207 9043 13053
f 5207 13053 9014
f 9043 9042 13054
f 9043 13054 13053
f 9042 9041 13055
f 9042 13055 13054
f 9041 4362 6071
f 9041 6071 13055
f 13061 6073 4363
f 13061 4363 9044
f 13060 13061 9044
f 13060 9044 9045
f 13059 13060 9045
f 13059 9045 9046
f 9016 13059 9046
f 9016 9046 5210
f 9015 13056 13059
f 9015 13059 9016
f 9014 13053 13056
f 9014 13056 9015
f 9046 9045 13063
f 9046 13063 13062
f 9045 9044 13064
f 9045 13064 13063
f 9044 4363 6074
f 9044 6074 13064
f 13062 13063 13066
f 13062 13066 13065
f 13063 13064 13067
f 13063 13067 13066
f 13064 6074 6075
f 13064 6075 13067
f 13065 13066 9048
f 13065 9048 9049
f 13066 13067 9047
f 13066 9047 9048
f 13067 6075 4364
f 13067 4364 9047
f 9028 13065 9049
f 9028 9049 5213
f 9027 13062 13065
f 9027 13065 9028
f 5210 9046 13062
f 5210 13062 9027
f 9049 9048 13069
f 9049 13069 13068
f 9048 9047 13070
f 9048 13070 13069
f 9047 4364 6076
f 9047 6076 13070
f 13068 13069 13072
f 13068 13072 13071
f 13069 13070 13073
f 13069 13073 13072
f 13070 6076 6077
f 13070 6077 13073
f 13071 6163 5885
f 13071 13072 6163
f 13072 6162 6163
f 13072 13073 6162
f 13073 6161 6162
f 13073 6077 6161
f 6077 5884 6161
f 9050 13071 5885
f 9051 13068 13071
f 9051 13071 9050
f 5213 9049 13068
f 5213 13068 9051
f 9032 9033 13075
f 9032 13075 13074
f 9033 9034 13076
f 9033 13076 13075
f 9034 5213 9051
f 9034 9051 13076
f 13074 13075 13078
f 13074 13078 13077
f 13075 13076 13079
f 13075 13079 13078
f 13076 9051 9050
f 13076 9050 13079
f 13077 6166 5886
f 13077 13078 6166
f 13078 6165 6166
f 13078 13079 6165
f 13079 6164 6165
f 13079 9050 6164
f 9050 5885 6164
f 9052 13077 5886
f 9053 13074 13077
f 9053 13077 9052
f 5212 9032 13074
f 5212 13074 9053
f 5211 9029 13080
f 5211 13080 9055
f 9029 9030 13081
f 9029 13081 13080
f 9030 9031 13082
f 9030 13082 13081
f 9055 13080 13083
f 13080 13084 13083
f 13080 13081 13084
f 13081 13085 13084
f 13081 13082 13085
f 13082 9053 9052
f 13082 9052 13085
f 13083 6169 5887
f 13083 13084 6169
f 13084 6168 6169
f 13084 13085 6168
f 13085 6167 6168
f 13085 9052 6167
f 9031 5212 9053
f 9031 9053 13082
f 9052 5886 6167
f 9054 13083 5887
f 9055 13083 9054
f 4361 9056 13086
f 4361 13086 6048
f 9056 9057 13087
f 9056 13087 13086
f 9057 9058 13088
f 9057 13088 13087
f 6048 13086 13089
f 6048 13089 6049
f 13086 13087 13090
f 13086 13090 13089
f 13087 13088 13091
f 13087 13091 13090
f 6049 13089 13092
f 13089 13090 6172
f 13089 6172 13092
f 13090 13091 6171
f 13090 6171 6172
f 6171 13091 6170
f 13091 9054 6170
f 9058 5211 9055
f 9058 9055 13088
f 13088 9055 9054
f 13088 9054 13091
f 9054 5887 6170
f 13092 6172 5863
f 6050 13092 5863
f 6049 13092 6050
f 4360 9059 13093
f 4360 13093 6046
f 9059 9060 13094
f 9059 13094 13093
f 9060 9061 13095
f 9060 13095 13094
f 6046 13093 13096
f 6046 13096 6047
f 13093 13094 13097
f 13093 13097 13096
f 13094 13095 13098
f 13094 13098 13097
f 6047 13096 9056
f 6047 9056 4361
f 13096 13097 9057
f 13096 9057 9056
f 13097 13098 9058
f 13097 9058 9057
f 9061 5208 9023
f 9061 9023 13095
f 13095 9023 9024
f 13095 9024 13098
f 13098 9024 5211
f 13098 5211 9058
f 6043 13099 13102
f 6043 13102 6044
f 13099 13100 13103
f 13099 13103 13102
f 13100 13101 13104
f 13100 13104 13103
f 6044 13102 13105
f 6044 13105 6045
f 13102 13103 13106
f 13102 13106 13105
f 13103 13104 13107
f 13103 13107 13106
f 4359 9062 13099
f 4359 13099 6043
f 9062 9063 13100
f 9062 13100 13099
f 9063 9064 13101
f 9063 13101 13100
f 9064 5205 9008
f 9064 9008 13101
f 13101 9008 9009
f 13101 9009 13104
f 13104 9009 9010
f 13104 9010 13107
f 13107 9010 5208
f 13107 5208 9061
f 13106 13107 9061
f 13106 9061 9060
f 13105 13106 9060
f 13105 9060 9059
f 6045 13105 9059
f 6045 9059 4360
f 11522 11521 13108
f 11580 11522 13109
f 11522 13108 13109
f 11521 11581 13108
f 13109 13108 13110
f 13108 13111 13110
f 13108 11581 13111
f 11579 13109 13112
f 13109 13110 13112
f 13110 13113 13112
f 13110 13111 13113
f 13111 11582 13113
f 11578 13112 6137
f 13112 6138 6137
f 13112 13113 6138
f 2466 11522 11580
f 2884 11521 11522
f 13111 11581 11582
f 11582 5881 6140
f 13113 11582 6140
f 13113 6140 6139
f 6138 13113 6139
f 11577 6137 5872
f 11578 6137 11577
f 11579 13112 11578
f 11580 13109 11579
f 11525 6164 5885
f 11525 11607 6164
f 11607 11608 6165
f 11607 6165 6164
f 6165 11608 6166
f 11608 11609 6166
f 11525 2492 11607
f 11609 5886 6166
f 2491 11525 5885
f 11531 13115 11567
f 11531 13114 13115
f 13114 11530 11568
f 11530 5913 11568
f 13115 13114 13116
f 13114 11568 13116
f 11568 11570 13116
f 13115 13117 11566
f 13115 13116 13117
f 13116 13118 13117
f 13116 11570 13118
f 11566 13117 13119
f 13117 13120 13119
f 13117 13118 13120
f 11570 11571 13118
f 13120 13118 13121
f 13118 11571 13121
f 11564 13119 13122
f 13119 13120 13122
f 13120 13123 13122
f 13120 13121 13123
f 13121 11573 13123
f 11531 11530 13114
f 11568 11569 11570
f 11571 11572 13121
f 13121 11572 11573
f 11573 5889 7888
f 13123 11573 7888
f 13123 7888 7887
f 13122 13123 7887
f 13122 7887 7886
f 11564 13122 7886
f 11564 7886 5871
f 11565 13119 11564
f 11566 13119 11565
f 11567 13115 11566
f 2389 2515 13124
f 2389 13124 11618
f 2515 13125 13124
f 2515 2386 13125
f 2386 2509 11620
f 2386 11620 13125
f 13125 11620 5893
f 13125 5893 8393
f 13124 13125 8393
f 13124 8393 8392
f 11618 13124 8392
f 11618 8392 8391
f 11619 11618 8391
f 11619 8391 5002
f 13126 5906 13127
f 11509 13128 11601
f 11509 13126 13128
f 13126 13127 13128
f 13128 13127 13129
f 13127 11575 13129
f 13128 13130 11603
f 13128 13129 13130
f 13130 13129 13131
f 13129 11575 13131
f 11603 6065 5869
f 11603 13130 6065
f 13130 13131 6066
f 13130 6066 6065
f 13131 5870 6066
f 2461 13126 11509
f 2461 11508 13126
f 11508 5906 13126
f 5906 11576 13127
f 13127 11576 11575
f 11575 11574 13131
f 13131 11574 5870
f 11601 13128 11603
f 11601 11603 11602
f 2489 2377 6161
f 2489 6161 5884
f 2377 2490 6162
f 2377 6162 6161
f 2490 6163 6162
f 2490 2491 6163
f 2491 5885 6163
f 11539 5912 13132
f 5912 13133 13132
f 5912 11592 13133
f 11539 13132 11611
f 11611 13132 11610
f 13132 13134 11610
f 13132 13133 13134
f 13133 11591 13134
f 13134 11591 13135
f 11591 13136 13135
f 11610 13134 5895
f 13134 8375 5895
f 13134 13135 8375
f 13135 8374 8375
f 13135 13136 8374
f 13136 8373 8374
f 11538 5912 11539
f 11592 11591 13133
f 11591 11590 13136
f 13136 11590 11589
f 13136 11589 8373
f 8373 11589 5888
f 11610 5895 8347
f 5904 11507 13137
f 5904 13137 11558
f 11507 13138 13137
f 11507 5905 13138
f 5905 11601 13138
f 13137 13139 11560
f 13137 13138 13139
f 13138 11602 13139
f 13138 11601 11602
f 11560 13139 6063
f 11560 6063 5868
f 13139 11602 6064
f 13139 6064 6063
f 5905 11509 11601
f 11602 11603 5869
f 11602 5869 6064
f 11558 13137 11560
f 11558 11560 11559
f 2375 2485 11524
f 2375 11524 13140
f 11606 13140 6144
f 11606 6144 5882
f 13140 11524 6145
f 13140 6145 6144
f 11524 2486 5883
f 11524 5883 6145
f 5910 13140 11606
f 5910 2375 13140
f 2513 13142 13141
f 2513 5916 13142
f 13142 5916 11611
f 13141 13143 11622
f 13141 13142 13143
f 13142 11611 13143
f 13143 11611 13144
f 11611 8347 13144
f 2512 2513 13141
f 2512 13141 11537
f 5916 11539 11611
f 11611 11610 8347
f 13144 8347 8346
f 13143 13144 8346
f 13143 8346 8345
f 11622 13143 8345
f 11622 8345 5894
f 11537 13141 11622
f 11537 11622 11621
f 5909 11523 13145
f 11523 5910 11606
f 11523 11606 13146
f 11581 13145 13147
f 13145 13148 13147
f 13145 11523 13146
f 13145 13146 13148
f 2483 11523 5909
f 13146 11606 5882
f 13146 5882 6143
f 13148 13146 6143
f 13148 6143 6142
f 13147 13148 6142
f 13147 6142 6141
f 11582 13147 6141
f 11582 6141 5881
f 11581 13147 11582
f 11521 5909 13145
f 11521 13145 11581
f 2509 13149 11620
f 2509 2510 13149
f 2510 13150 13149
f 2510 5915 13150
f 5915 11537 11621
f 5915 11621 13150
f 11621 11622 5894
f 11621 5894 8344
f 13150 11621 8344
f 13150 8344 8343
f 13149 13150 8343
f 13149 8343 8342
f 11620 13149 8342
f 11620 8342 5893
f 11506 11505 13152
f 11506 13152 13151
f 11505 5904 11558
f 11505 11558 13152
f 13151 13154 13153
f 13151 13152 13154
f 13152 11558 11559
f 13152 11559 13154
f 13153 13154 6061
f 13153 6061 5867
f 13154 6062 6061
f 13154 11559 6062
f 11559 11560 5868
f 11559 5868 6062
f 11556 13153 5867
f 11557 13151 13153
f 11557 13153 11556
f 5897 11506 13151
f 5897 13151 11557
f 5913 13155 13156
f 11535 11613 13155
f 13156 13155 13157
f 13155 11613 13157
f 11569 13159 13158
f 11569 13156 13159
f 13156 13157 13159
f 13159 13160 13158
f 13159 13157 13160
f 13157 11614 13160
f 11571 13158 13161
f 13158 13160 13162
f 13158 13162 13161
f 13161 8340 11572
f 13161 13162 8340
f 13162 8341 8340
f 13162 13160 8341
f 13160 5890 8341
f 11536 13155 5913
f 11536 11535 13155
f 11535 11612 11613
f 13157 11613 11614
f 13160 11614 5890
f 11572 8340 8339
f 11572 8339 5889
f 11573 11572 5889
f 11571 13161 11572
f 11570 13158 11571
f 11569 13158 11570
f 11568 13156 11569
f 5913 13156 11568
f 11503 11502 13163
f 11502 5903 11563
f 11502 11563 13163
f 11503 13163 11598
f 11598 13163 13165
f 11598 13165 13164
f 13163 11563 11562
f 13163 11562 13165
f 13164 13165 13166
f 13165 13167 13166
f 13165 11562 11561
f 13165 11561 13167
f 13167 11561 5866
f 13167 5866 6057
f 13166 13167 6057
f 13166 6057 6056
f 11600 13166 6056
f 11600 6056 5865
f 11599 13164 13166
f 11599 13166 11600
f 11598 13164 11599
f 5900 11520 11593
f 11520 13168 11593
f 13168 11519 11596
f 13168 11596 13169
f 11593 13168 13170
f 13168 13169 13170
f 13169 11596 11597
f 13169 11597 13171
f 11594 13170 13172
f 11594 13172 11595
f 13170 13169 13171
f 13170 13171 13172
f 11520 11519 13168
f 13171 11597 5879
f 13171 5879 6122
f 13172 13171 6122
f 13172 6122 6123
f 11595 13172 6123
f 11595 6123 6124
f 11595 6124 5880
f 11593 13170 11594
f 2506 2507 11619
f 2506 11619 13173
f 2385 2506 13174
f 2506 13173 13174
f 2507 2389 11618
f 2507 11618 11619
f 13173 11619 5002
f 13173 5002 8321
f 13174 13173 8321
f 13174 8321 8322
f 13174 8322 8323
f 11617 13174 8323
f 11617 8323 5892
f 11533 2385 13174
f 11533 13174 11617
f 11501 11500 13176
f 11500 13175 13176
f 11501 13176 11552
f 11552 13176 11553
f 13176 13178 11553
f 13176 13175 13177
f 13176 13177 13178
f 11553 13178 13180
f 11553 13180 13179
f 13178 13177 13180
f 13177 11599 13180
f 13180 11599 11600
f 13180 11600 13181
f 13179 13180 13182
f 13180 13181 13182
f 5901 11501 11551
f 11500 5902 13175
f 5902 11503 13175
f 13175 11503 11598
f 13175 11598 13177
f 13177 11598 11599
f 11600 5865 6055
f 13181 11600 6055
f 13182 13181 6055
f 13182 6055 6054
f 13182 6054 5864
f 11555 13182 5864
f 11554 13179 13182
f 11554 13182 11555
f 11553 13179 11554
f 11551 11501 11552
f 13183 11518 13184
f 11518 13185 13184
f 11518 2476 11605
f 11518 11605 13185
f 11596 13183 13184
f 11596 13184 11597
f 11597 13184 5879
f 13184 6121 5879
f 13184 13185 6120
f 13184 6120 6121
f 2479 2480 13183
f 2480 11518 13183
f 13185 11605 5878
f 13185 5878 6120
f 11519 2479 13183
f 11519 13183 11596
f 2885 11534 11615
f 11533 11617 11534
f 11616 11615 13186
f 11615 13187 13186
f 11615 11534 13188
f 11615 13188 13187
f 11534 11617 13188
f 2885 2384 11534
f 13188 11617 5892
f 13187 13188 5892
f 13187 5892 8297
f 13186 13187 8297
f 13186 8297 8296
f 5891 13186 8296
f 11616 13186 5891
f 11499 13189 11545
f 13189 11497 13190
f 11497 11551 13190
f 11545 13189 11546
f 13189 13190 11546
f 13190 11551 13191
f 11551 11552 13191
f 11546 13190 13192
f 13190 13191 13192
f 13191 11552 13193
f 13192 13194 11549
f 13192 13191 13194
f 13191 13193 13194
f 11549 13194 13195
f 13194 13196 13195
f 13194 13193 13196
f 13193 11554 13196
f 13195 13196 6051
f 13196 13197 6051
f 13196 11554 13197
f 11554 11555 13197
f 5896 11499 11544
f 11499 11498 13189
f 11498 11497 13189
f 11497 5901 11551
f 11552 11553 13193
f 13193 11553 11554
f 13197 11555 5864
f 13197 5864 6053
f 6051 13197 6053
f 6051 6053 6052
f 13195 6051 5863
f 11550 13195 5863
f 11549 13195 11550
f 11548 11549 13195
f 11547 13192 11549
f 11547 11549 11548
f 11546 13192 11547
f 11544 11499 11545
f 2477 2478 13198
f 2477 13198 13199
f 2476 2477 13199
f 2476 13199 11605
f 13199 13198 6118
f 13199 6118 6119
f 11605 13199 6119
f 11605 6119 5878
f 2478 2371 11588
f 2478 11588 13198
f 13198 11588 5877
f 13198 5877 6118
f 11532 2885 11616
f 13200 13201 11612
f 13200 11532 13201
f 11532 11616 13201
f 11612 13203 13202
f 11612 13201 13203
f 13202 13203 8294
f 13203 8295 8294
f 13203 13201 8295
f 13201 5891 8295
f 11614 13202 8293
f 13202 8294 8293
f 5914 13200 11535
f 5914 11532 13200
f 2885 11615 11616
f 13201 11616 5891
f 11614 8293 5890
f 11613 13202 11614
f 11613 11612 13202
f 11535 13200 11612
f 11588 11517 6117
f 11588 6117 5877
f 11517 5899 6116
f 11517 6116 6117
f 5899 11516 5876
f 5899 5876 6116
f 2371 11517 11588
f 11516 11515 6115
f 11516 6115 5876
f 11515 6114 6115
f 11515 11586 6114
f 11586 11587 5875
f 11586 5875 6114
f 2474 2370 11586
f 2474 11586 11515
f 11592 11529 13205
f 11529 13204 13205
f 13204 13206 13205
f 13204 5900 13206
f 13205 13207 11590
f 13205 13206 13207
f 11590 13207 13208
f 13207 13209 13208
f 13207 13206 13209
f 13206 11594 13209
f 11590 13208 11589
f 13209 11594 13210
f 11589 13208 7763
f 13208 13211 7763
f 13208 13209 13211
f 13209 13210 13211
f 5912 2495 11592
f 2495 11529 11592
f 11529 2496 13204
f 2496 5900 13204
f 5900 11593 13206
f 13206 11593 11594
f 11594 11595 13210
f 13210 11595 5880
f 13211 13210 5880
f 13211 5880 7765
f 13211 7765 7764
f 7763 13211 7764
f 11589 7763 5888
f 11591 13205 11590
f 11592 13205 11591
f 11587 2472 13212
f 2472 11514 13212
f 11514 5908 13212
f 13212 5908 13213
f 11587 13212 6113
f 11587 6113 5875
f 13212 13213 6112
f 13212 6112 6113
f 13213 6111 6112
f 13213 11604 6111
f 5908 11604 13213
f 2370 2472 11587
f 2370 11587 11586
f 11543 11527 11542
f 11527 13214 11542
f 11527 11544 13214
f 13214 11544 13215
f 11544 11545 13215
f 13215 11545 11547
f 13214 13215 11540
f 13215 13216 11540
f 13215 11547 13216
f 13215 11547 11548
f 11540 13216 13217
f 13216 11547 13217
f 11547 11548 13218
f 11547 13218 13217
f 5911 11528 11543
f 11528 11527 11543
f 11527 5896 11544
f 11544 11545 11546
f 11545 11546 11547
f 11548 11549 13218
f 13218 11549 11550
f 13218 11550 5863
f 13218 5863 6172
f 13218 6172 6171
f 13217 13218 6171
f 13217 6171 6170
f 13216 13217 6170
f 13216 6170 5887
f 11540 13216 5887
f 11541 13214 11540
f 11542 13214 11541
f 9071 13219 13222
f 9071 13222 9072
f 13219 13220 13223
f 13219 13223 13222
f 13220 13221 13224
f 13220 13224 13223
f 9072 13222 9077
f 9072 9077 5217
f 13222 13223 9078
f 13222 9078 9077
f 13223 13224 9079
f 13223 9079 9078
f 5214 9065 13219
f 5214 13219 9071
f 9065 9066 13220
f 9065 13220 13219
f 9066 9067 13221
f 9066 13221 13220
f 9067 5215 9073
f 9067 9073 13221
f 13221 9073 9074
f 13221 9074 13224
f 13224 9074 5218
f 13224 5218 9079
f 9073 13225 13228
f 9073 13228 9074
f 13225 13226 13229
f 13225 13229 13228
f 13226 13227 13230
f 13226 13230 13229
f 9074 13228 9080
f 9074 9080 5218
f 13228 13229 9081
f 13228 9081 9080
f 13229 13230 9082
f 13229 9082 9081
f 5215 9068 13225
f 5215 13225 9073
f 9068 9069 13226
f 9068 13226 13225
f 9069 9070 13227
f 9069 13227 13226
f 9070 5216 9075
f 9070 9075 13227
f 13227 9075 9076
f 13227 9076 13230
f 13230 9076 5219
f 13230 5219 9082
f 5217 9077 13231
f 5217 13231 9083
f 9077 9078 13232
f 9077 13232 13231
f 9078 9079 13233
f 9078 13233 13232
f 9083 13231 13234
f 9083 13234 9084
f 13231 13232 13235
f 13231 13235 13234
f 13232 13233 13236
f 13232 13236 13235
f 9084 13234 9089
f 9084 9089 5220
f 13234 13235 9090
f 13234 9090 9089
f 13235 13236 9091
f 13235 9091 9090
f 9079 5218 9085
f 9079 9085 13233
f 13233 9085 9086
f 13233 9086 13236
f 13236 9086 5221
f 13236 5221 9091
f 5218 9080 13237
f 5218 13237 9085
f 9080 9081 13238
f 9080 13238 13237
f 9081 9082 13239
f 9081 13239 13238
f 9085 13237 13240
f 9085 13240 9086
f 13237 13238 13241
f 13237 13241 13240
f 13238 13239 13242
f 13238 13242 13241
f 9086 13240 9092
f 9086 9092 5221
f 13240 13241 9093
f 13240 9093 9092
f 13241 13242 9094
f 13241 9094 9093
f 9082 5219 9087
f 9082 9087 13239
f 13239 9087 9088
f 13239 9088 13242
f 13242 9088 5222
f 13242 5222 9094
f 6782 6781 13244
f 6782 13244 13243
f 6781 6780 13245
f 6781 13245 13244
f 6780 6779 13246
f 6780 13246 13245
f 13243 13244 9122
f 13243 9122 9121
f 13244 13245 9123
f 13244 9123 9122
f 13245 13246 9124
f 13245 9124 9123
f 6779 4617 9095
f 6779 9095 13246
f 13246 9095 5214
f 13246 5214 9124
f 7867 13243 9121
f 7867 9121 4989
f 4259 6782 13243
f 4259 13243 7867
f 4617 6778 13247
f 4617 13247 9095
f 6778 6777 13248
f 6778 13248 13247
f 6777 6776 13249
f 6777 13249 13248
f 9095 13247 9065
f 9095 9065 5214
f 13247 13248 9066
f 13247 9066 9065
f 13248 13249 9067
f 13248 9067 9066
f 6776 4616 9096
f 6776 9096 13249
f 13249 9096 5215
f 13249 5215 9067
f 4616 6775 13250
f 4616 13250 9096
f 6775 6774 13251
f 6775 13251 13250
f 6774 6773 13252
f 6774 13252 13251
f 9096 13250 9068
f 9096 9068 5215
f 13250 13251 9069
f 13250 9069 9068
f 13251 13252 9070
f 13251 9070 9069
f 6773 4615 9097
f 6773 9097 13252
f 13252 9097 5216
f 13252 5216 9070
f 4615 6772 13253
f 4615 13253 9097
f 6772 6771 13254
f 6772 13254 13253
f 6771 6770 13255
f 6771 13255 13254
f 6770 4256 7860
f 6770 7860 13255
f 9097 13253 9100
f 9097 9100 5216
f 13253 13254 9099
f 13253 9099 9100
f 13254 13255 9098
f 13254 9098 9099
f 13255 7860 4986
f 13255 4986 9098
f 9075 13256 13259
f 9075 13259 9076
f 13256 13257 13260
f 13256 13260 13259
f 13257 13258 13261
f 13257 13261 13260
f 13258 7859 7858
f 13258 7858 13261
f 9076 13259 9103
f 9076 9103 5219
f 13259 13260 9102
f 13259 9102 9103
f 13260 13261 9101
f 13260 9101 9102
f 13261 7858 4985
f 13261 4985 9101
f 5216 9100 13256
f 5216 13256 9075
f 9100 9099 13257
f 9100 13257 13256
f 9099 9098 13258
f 9099 13258 13257
f 9098 4986 7859
f 9098 7859 13258
f 5219 9103 13262
f 5219 13262 9087
f 9103 9102 13263
f 9103 13263 13262
f 9102 9101 13264
f 9102 13264 13263
f 9101 4985 7857
f 9101 7857 13264
f 9087 13262 13265
f 9087 13265 9088
f 13262 13263 13266
f 13262 13266 13265
f 13263 13264 13267
f 13263 13267 13266
f 13264 7857 7856
f 13264 7856 13267
f 9088 13265 9106
f 9088 9106 5222
f 13265 13266 9105
f 13265 9105 9106
f 13266 13267 9104
f 13266 9104 9105
f 13267 7856 4984
f 13267 4984 9104
f 5222 9106 13268
f 5222 13268 9108
f 9106 9105 13268
f 9105 13269 13268
f 9105 9104 13270
f 9105 13270 13269
f 9104 4984 7855
f 9104 7855 13270
f 9108 13268 13271
f 9108 13271 9107
f 13268 13269 13272
f 13268 13272 13271
f 13269 13270 13273
f 13269 13273 13272
f 13270 7855 7854
f 13270 7854 13273
f 9107 13271 6229
f 9107 6229 4376
f 13271 13272 6228
f 13271 6228 6229
f 13272 13273 6228
f 13273 6227 6228
f 13273 7854 4180
f 13273 4180 6227
f 5221 9092 13274
f 5221 13274 9110
f 9092 9093 13275
f 9092 13275 13274
f 9093 9094 13276
f 9093 13276 13275
f 9110 13274 13277
f 9110 13277 9109
f 13274 13275 13278
f 13274 13278 13277
f 13275 13276 13279
f 13275 13279 13278
f 9109 13277 6232
f 9109 6232 4377
f 13277 13278 6231
f 13277 6231 6232
f 13278 13279 6230
f 13278 6230 6231
f 9094 5222 9108
f 9094 9108 13276
f 13276 9108 9107
f 13276 9107 13279
f 13279 9107 4376
f 13279 4376 6230
f 5220 9089 13280
f 5220 13280 9112
f 9089 9090 13281
f 9089 13281 13280
f 9090 9091 13282
f 9090 13282 13281
f 9112 13280 13283
f 9112 13283 9111
f 13280 13281 13284
f 13280 13284 13283
f 13281 13282 13285
f 13281 13285 13284
f 9111 13283 6235
f 9111 6235 4378
f 13283 13284 6234
f 13283 6234 6235
f 13284 13285 6233
f 13284 6233 6234
f 9091 5221 9110
f 9091 9110 13282
f 13282 9110 9109
f 13282 9109 13285
f 13285 9109 4377
f 13285 4377 6233
f 9113 9114 13287
f 9113 13287 13286
f 9114 9115 13288
f 9114 13288 13287
f 9115 9116 13289
f 9115 13289 13288
f 13286 13287 13291
f 13286 13291 13290
f 13287 13288 13292
f 13287 13292 13291
f 13288 13289 13293
f 13288 13293 13292
f 13290 13291 6238
f 13290 6238 6239
f 13291 13292 6237
f 13291 6237 6238
f 13292 13293 6236
f 13292 6236 6237
f 9116 5220 9112
f 9116 9112 13289
f 13289 9112 9111
f 13289 9111 13293
f 13293 9111 4378
f 13293 4378 6236
f 7861 13290 6239
f 7861 6239 4356
f 7862 13286 13290
f 7862 13290 7861
f 4987 9113 13286
f 4987 13286 7862
f 9117 9118 13295
f 9117 13295 13294
f 9118 9119 13296
f 9118 13296 13295
f 9119 9120 13297
f 9119 13297 13296
f 13294 13295 13299
f 13294 13299 13298
f 13295 13296 13300
f 13295 13300 13299
f 13296 13297 13301
f 13296 13301 13300
f 13298 13299 9114
f 13298 9114 9113
f 13299 13300 9115
f 13299 9115 9114
f 13300 13301 9116
f 13300 9116 9115
f 9120 5217 9083
f 9120 9083 13297
f 13297 9083 9084
f 13297 9084 13301
f 13301 9084 5220
f 13301 5220 9116
f 7863 13298 9113
f 7863 9113 4987
f 7864 13294 13298
f 7864 13298 7863
f 4988 9117 13294
f 4988 13294 7864
f 13302 13303 13307
f 13302 13307 13306
f 13303 13304 13308
f 13303 13308 13307
f 13304 13305 13309
f 13304 13309 13308
f 13306 13307 9118
f 13306 9118 9117
f 13307 13308 9119
f 13307 9119 9118
f 13308 13309 9120
f 13308 9120 9119
f 4989 9121 13302
f 4989 13302 7866
f 9121 9122 13303
f 9121 13303 13302
f 9122 9123 13304
f 9122 13304 13303
f 9123 9124 13305
f 9123 13305 13304
f 9124 5214 9071
f 9124 9071 13305
f 13305 9071 9072
f 13305 9072 13309
f 13309 9072 5217
f 13309 5217 9120
f 7865 13306 9117
f 7865 9117 4988
f 7866 13302 13306
f 7866 13306 7865
f 9129 9130 13310
f 13310 9130 13311
f 9130 9131 13312
f 9130 13312 13311
f 9131 5223 9134
f 9131 9134 13312
f 13310 13311 13314
f 13310 13314 13313
f 13311 13312 13315
f 13311 13315 13314
f 13312 9134 9135
f 13312 9135 13315
f 13313 13314 9137
f 13313 9137 9136
f 13314 13315 9138
f 13314 9138 9137
f 13315 9135 5224
f 13315 5224 9138
f 9133 13313 9136
f 9133 9136 5672
f 9132 13310 13313
f 9132 13313 9133
f 5671 9129 13310
f 5671 13310 9132
f 9136 9137 13316
f 9136 13316 9139
f 9137 9138 13317
f 9137 13317 13316
f 9138 5224 9141
f 9138 9141 13317
f 9139 13316 13318
f 9139 13318 9140
f 13316 13317 13319
f 13316 13319 13318
f 13317 9141 9142
f 13317 9142 13319
f 9140 13318 9143
f 9140 9143 5673
f 13318 13319 9144
f 13318 9144 9143
f 13319 9142 5225
f 13319 5225 9144
f 6016 13320 13323
f 6016 13323 6017
f 13320 13321 13324
f 13320 13324 13323
f 13321 13322 13325
f 13321 13325 13324
f 13322 9145 13325
f 6017 13323 9172
f 6017 9172 5675
f 13323 13324 9173
f 13323 9173 9172
f 13324 13325 9174
f 13324 9174 9173
f 4180 6185 13320
f 4180 13320 6016
f 6185 6184 13321
f 6185 13321 13320
f 6184 6183 13322
f 6184 13322 13321
f 6183 4370 9145
f 6183 9145 13322
f 9145 9146 13325
f 13325 9146 5670
f 13325 5670 9174
f 13326 13329 9146
f 13326 13327 13330
f 13326 13330 13329
f 13327 13328 13331
f 13327 13331 13330
f 13328 9147 9148
f 13328 9148 13331
f 9146 13329 9125
f 9146 9125 5670
f 13329 13330 9126
f 13329 9126 9125
f 13330 13331 9127
f 13330 9127 9126
f 13331 9148 9127
f 4370 6182 13326
f 4370 13326 9145
f 6182 6181 13327
f 6182 13327 13326
f 6181 6180 13328
f 6181 13328 13327
f 6180 4369 9147
f 6180 9147 13328
f 9148 9149 9127
f 9127 9149 5671
f 9127 5671 9128
f 9145 13326 9146
f 13332 13333 13337
f 13332 13337 13336
f 13333 13334 13337
f 13337 13334 13338
f 13334 13335 9152
f 13334 9152 13338
f 13336 13337 13340
f 13336 13340 13339
f 13337 13338 13341
f 13337 13341 13340
f 13338 9152 9153
f 13338 9153 13341
f 4369 6179 13332
f 4369 13332 9147
f 6179 6178 13333
f 6179 13333 13332
f 6178 6177 13334
f 6178 13334 13333
f 6177 6176 13335
f 6177 13335 13334
f 6176 4368 9150
f 6176 9150 13335
f 13335 9150 9151
f 13335 9151 9152
f 13341 9153 5223
f 13341 5223 9131
f 13340 13341 9131
f 13340 9131 9130
f 13339 13340 9130
f 13339 9130 9129
f 13339 9129 5671
f 9149 13339 5671
f 9148 13336 13339
f 9148 13339 9149
f 9147 13332 13336
f 9147 13336 9148
f 13342 13343 13346
f 13342 13346 13345
f 13343 13344 13347
f 13343 13347 13346
f 13344 6021 6022
f 13344 6022 13347
f 9150 13342 13345
f 9150 13345 9151
f 9151 13345 13349
f 9151 13349 13348
f 13345 13346 13350
f 13345 13350 13349
f 13346 13347 13351
f 13346 13351 13350
f 13347 6022 13351
f 4368 6175 13342
f 4368 13342 9150
f 6175 6174 13343
f 6175 13343 13342
f 6174 6173 13344
f 6174 13344 13343
f 6173 5811 6021
f 6173 6021 13344
f 6022 6023 13351
f 13351 6023 5812
f 13351 5812 9154
f 13350 13351 9154
f 13350 9154 9155
f 13349 13350 9155
f 13349 9155 9156
f 13348 13349 9156
f 13348 9156 9157
f 9153 13348 9157
f 9153 9157 5223
f 9152 9151 13348
f 9152 13348 9153
f 9157 9156 13353
f 9157 13353 13352
f 9156 9155 13354
f 9156 13354 13353
f 9155 9154 13355
f 9155 13355 13354
f 13352 13353 13357
f 13352 13357 13356
f 13353 13354 13358
f 13353 13358 13357
f 13354 13355 13359
f 13354 13359 13358
f 13356 13357 9160
f 13356 9160 9161
f 9154 5812 6024
f 9154 6024 13355
f 13355 6024 13359
f 13359 6024 6025
f 13359 6025 5813
f 13359 5813 9158
f 13358 13359 9158
f 13358 9158 9159
f 13357 13358 9159
f 13357 9159 9160
f 9135 13356 9161
f 9135 9161 5224
f 9134 13352 13356
f 9134 13356 9135
f 5223 9157 13352
f 5223 13352 9134
f 9161 9160 13361
f 9161 13361 13360
f 9160 9159 13362
f 9160 13362 13361
f 9159 9158 13363
f 9159 13363 13362
f 13360 13361 13365
f 13360 13365 13364
f 13361 13362 13366
f 13361 13366 13365
f 13362 13363 13366
f 13366 13363 13367
f 13364 13365 9164
f 13364 9164 9165
f 13365 13366 9163
f 13365 9163 9164
f 13366 13367 9162
f 13366 9162 9163
f 9158 5813 13363
f 13363 5813 6026
f 13363 6026 6027
f 13363 6027 13367
f 13367 6027 9162
f 9162 6027 5814
f 9142 13364 9165
f 9142 9165 5225
f 9141 13360 13364
f 9141 13364 9142
f 5224 9161 13360
f 5224 13360 9141
f 13368 13369 13373
f 13368 13373 13372
f 13369 13370 13374
f 13369 13374 13373
f 13370 13371 13375
f 13370 13375 13374
f 13372 13373 13377
f 13372 13377 13376
f 13373 13374 6187
f 13373 6187 13377
f 13374 13375 6186
f 13374 6186 6187
f 5225 9165 13368
f 5225 13368 9168
f 9165 9164 13369
f 9165 13369 13368
f 9164 9163 13370
f 9164 13370 13369
f 9163 9162 13371
f 9163 13371 13370
f 9162 5814 6028
f 9162 6028 13371
f 13371 6028 13375
f 13375 6028 6029
f 13375 6029 5815
f 13375 5815 6186
f 13377 6187 6188
f 13377 6188 6189
f 13376 13377 6189
f 13376 6189 6190
f 9166 13376 6190
f 9166 6190 4371
f 9167 13372 13376
f 9167 13376 9166
f 9168 13368 13372
f 9168 13372 9167
f 9171 13378 13380
f 9171 13380 9170
f 13378 13379 13381
f 13378 13381 13380
f 13379 9168 9167
f 13379 9167 13381
f 9170 13380 13382
f 9170 13382 9169
f 13380 13381 13383
f 13380 13383 13382
f 13381 9167 9166
f 13381 9166 13383
f 5673 9143 13378
f 5673 13378 9171
f 9143 9144 13379
f 9143 13379 13378
f 9144 5225 9168
f 9144 9168 13379
f 13383 9166 4371
f 13383 4371 6191
f 13382 13383 6191
f 13382 6191 6192
f 9169 13382 6192
f 9169 6192 5674
f 9175 9176 13385
f 9175 13385 13384
f 9176 9177 13386
f 9176 13386 13385
f 9177 5227 9180
f 9177 9180 13386
f 13384 13385 13388
f 13384 13388 13387
f 13385 13386 13389
f 13385 13389 13388
f 13386 9180 9181
f 13386 9181 13389
f 13387 9185 5676
f 13387 13388 9186
f 13387 9186 9185
f 13388 13389 9187
f 13388 9187 9186
f 13389 9181 5229
f 13389 5229 9187
f 9179 13387 5676
f 9178 13384 13387
f 9178 13387 9179
f 5226 9175 13384
f 5226 13384 9178
f 5228 9182 13391
f 5228 13391 9188
f 9182 9183 13392
f 9182 13392 13391
f 9183 13390 13393
f 9183 13393 13392
f 9188 13391 13394
f 9188 13394 9189
f 13391 13392 13395
f 13391 13395 13394
f 13392 13393 13396
f 13392 13396 13395
f 9183 9184 13390
f 9184 5676 9190
f 9184 9190 13390
f 13390 9190 9191
f 13390 9191 13393
f 13393 9191 9192
f 13393 9192 13396
f 13396 9192 5684
f 13396 5684 9198
f 13395 13396 9198
f 13395 9198 9197
f 13394 13395 9197
f 13394 9197 9196
f 9189 13394 9196
f 9189 9196 5683
f 9190 13397 13400
f 9190 13400 9191
f 13397 13398 13401
f 13397 13401 13400
f 13398 13399 13402
f 13398 13402 13401
f 13399 9193 9194
f 13399 9194 13402
f 9191 13400 13403
f 9191 13403 9192
f 13400 13401 13404
f 13400 13404 13403
f 13401 13402 13405
f 13401 13405 13404
f 13402 9194 9195
f 13402 9195 13405
f 5676 9185 13397
f 5676 13397 9190
f 9185 9186 13398
f 9185 13398 13397
f 9186 9187 13399
f 9186 13399 13398
f 9187 5229 9193
f 9187 9193 13399
f 13405 9195 5230
f 13405 5230 9201
f 13404 13405 9201
f 13404 9201 9200
f 13403 13404 9200
f 13403 9200 9199
f 9192 13403 9199
f 9192 9199 5684
f 5674 6192 13406
f 5674 13406 9202
f 6192 6191 13407
f 6192 13407 13406
f 6191 4371 9204
f 6191 9204 13407
f 9202 13406 13408
f 9202 13408 9203
f 13406 13407 13409
f 13406 13409 13408
f 13407 9204 9205
f 13407 9205 13409
f 9203 13408 9176
f 13408 13409 9177
f 13408 9177 9176
f 13409 9205 5227
f 13409 5227 9177
f 9203 9176 9175
f 9203 9175 5226
f 6190 6189 13412
f 6190 13412 13411
f 6189 6188 13413
f 6189 13413 13412
f 6188 13410 13414
f 6188 13414 13413
f 13411 13412 13416
f 13411 13416 13415
f 13412 13413 13417
f 13412 13417 13416
f 13413 13414 13417
f 13417 13414 13418
f 13415 13416 9208
f 13415 9208 9209
f 13416 13417 9208
f 6187 6186 13410
f 6187 13410 6188
f 6186 5815 6030
f 6186 6030 13410
f 13410 6030 6031
f 13410 6031 13414
f 13414 6031 5816
f 13414 5816 13418
f 13418 5816 9206
f 13417 13418 9206
f 13417 9206 9207
f 9208 13417 9207
f 9205 13415 9209
f 9205 9209 5227
f 9204 13411 13415
f 9204 13415 9205
f 4371 6190 13411
f 4371 13411 9204
f 9209 9208 13420
f 9209 13420 13419
f 9208 9207 13421
f 9208 13421 13420
f 9207 9206 13422
f 9207 13422 13421
f 13419 13420 13424
f 13419 13424 13423
f 13420 13421 13425
f 13420 13425 13424
f 13421 13422 13426
f 13421 13426 13425
f 13423 13424 9212
f 13423 9212 9213
f 13424 13425 9211
f 13424 9211 9212
f 13425 13426 9210
f 13425 9210 9211
f 9206 5816 6032
f 9206 6032 6033
f 9206 6033 13422
f 13422 6033 13426
f 13426 6033 6034
f 13426 6034 5817
f 13426 5817 9210
f 9181 13423 9213
f 9181 9213 5229
f 9180 13419 13423
f 9180 13423 9181
f 5227 9209 13419
f 5227 13419 9180
f 13429 9210 13430
f 13427 13428 13432
f 13427 13432 13431
f 13428 13429 13432
f 13432 13429 13433
f 13429 13430 13434
f 13429 13434 13433
f 13431 13432 13436
f 13431 13436 13435
f 13432 13433 9215
f 13432 9215 13436
f 13433 13434 9215
f 9215 13434 9214
f 5229 9213 13427
f 5229 13427 9193
f 9213 9212 13428
f 9213 13428 13427
f 9212 9211 13429
f 9212 13429 13428
f 9211 9210 13429
f 9210 5817 13430
f 13430 5817 6035
f 13430 6035 6036
f 13430 6036 13434
f 13434 6036 9214
f 9214 6036 5818
f 13436 9215 9216
f 13436 9216 9217
f 13435 13436 9217
f 13435 9217 9218
f 9195 13435 9218
f 9195 9218 5230
f 9194 13431 13435
f 9194 13435 9195
f 9193 13427 13431
f 9193 13431 9194
f 9218 9217 13439
f 9218 13439 13438
f 9217 9216 13440
f 9217 13440 13439
f 9216 13437 13440
f 13440 13437 13441
f 13438 13439 13443
f 13438 13443 13442
f 13439 13440 13444
f 13439 13444 13443
f 13440 13441 13444
f 13444 13441 13445
f 13441 6038 6039
f 13441 6039 13445
f 13442 13443 6195
f 13442 6195 6196
f 13443 13444 6195
f 9215 9214 13437
f 9215 13437 9216
f 9214 5818 6037
f 9214 6037 13437
f 13437 6037 13441
f 13441 6037 6038
f 6039 5819 6040
f 13445 6039 6040
f 13445 6040 6193
f 13444 13445 6193
f 13444 6193 6194
f 6195 13444 6194
f 9219 13442 6196
f 9219 6196 4372
f 9220 13438 13442
f 9220 13442 9219
f 5230 9218 13438
f 5230 13438 9220
f 5684 9199 13446
f 9199 9200 13447
f 9199 13447 13446
f 9200 9201 13448
f 9200 13448 13447
f 9201 5230 9220
f 9201 9220 13448
f 13446 13447 13449
f 13449 13447 13450
f 13447 13448 13451
f 13447 13451 13450
f 13448 9220 9219
f 13448 9219 13451
f 13449 13450 6198
f 13449 6198 6199
f 13450 13451 6197
f 13450 6197 6198
f 13451 9219 4372
f 13451 4372 6197
f 5685 13449 6199
f 9221 13449 5685
f 9222 13446 13449
f 9222 13449 9221
f 9222 5684 13446
f 4357 9227 13452
f 4357 13452 6018
f 9227 9228 13453
f 9227 13453 13452
f 9228 9229 13454
f 9228 13454 13453
f 6018 13452 9223
f 6018 9223 5686
f 13452 13453 9224
f 13452 9224 9223
f 13453 13454 13455
f 13453 13455 9224
f 9229 5228 9188
f 9229 9188 13454
f 13454 9188 9189
f 13454 9189 13455
f 13455 9189 5683
f 13455 5683 9226
f 9224 13455 9226
f 9224 9226 9225
f 5231 13456 13458
f 5231 13458 9233
f 13456 13457 13459
f 13456 13459 13458
f 13457 9235 9236
f 13457 9236 13459
f 9233 13458 9234
f 9234 13458 13460
f 13458 13459 13461
f 13458 13461 13460
f 13459 9236 9237
f 13459 9237 13461
f 9230 9231 13456
f 9230 13456 5231
f 9231 9232 13457
f 9231 13457 13456
f 9232 5232 9235
f 9232 9235 13457
f 13461 9237 5233
f 13461 5233 9239
f 13460 13461 9239
f 13460 9239 9238
f 9234 13460 9238
f 9234 9238 5687
f 5687 9238 13462
f 5687 13462 9240
f 9238 9239 13463
f 9238 13463 13462
f 9239 5233 9242
f 9239 9242 13463
f 9240 13462 13464
f 9240 13464 9241
f 13462 13463 13465
f 13462 13465 13464
f 13463 9242 9243
f 13463 9243 13465
f 9241 13464 9244
f 9241 9244 5688
f 13464 13465 9245
f 13464 9245 9244
f 13465 9243 5234
f 13465 5234 9245
f 6198 6197 13468
f 6198 13468 13467
f 6197 4372 9248
f 6197 9248 13468
f 13466 13467 13469
f 13466 13469 9247
f 13467 13468 13470
f 13467 13470 13469
f 13468 9248 9249
f 13468 9249 13470
f 9247 13469 9231
f 9247 9231 9230
f 13469 13470 9232
f 13469 9232 9231
f 13470 9249 9232
f 9232 9249 5232
f 5685 6199 13466
f 5685 13466 9246
f 6199 6198 13467
f 6199 13467 13466
f 9246 13466 9247
f 6196 6195 13472
f 6196 13472 13471
f 6195 6194 13473
f 6195 13473 13472
f 6194 6193 13474
f 6194 13474 13473
f 6193 6040 13474
f 13471 13472 13476
f 13471 13476 13475
f 13472 13473 13477
f 13472 13477 13476
f 13473 13474 13478
f 13473 13478 13477
f 13475 13476 9252
f 13475 9252 9253
f 13476 13477 9251
f 13476 9251 9252
f 13477 13478 9250
f 13477 9250 9251
f 6040 6041 13474
f 13474 6041 6042
f 13474 6042 13478
f 13478 6042 4359
f 13478 4359 9250
f 9249 13475 9253
f 9249 9253 5232
f 9248 13471 13475
f 9248 13475 9249
f 4372 6196 13471
f 4372 13471 9248
f 13479 13480 13484
f 13479 13484 13483
f 13480 13481 13485
f 13480 13485 13484
f 13481 13482 13486
f 13481 13486 13485
f 13483 13484 13488
f 13483 13488 13487
f 13484 13485 13489
f 13484 13489 13488
f 13485 13486 13490
f 13485 13490 13489
f 5232 9253 13479
f 5232 13479 9235
f 9253 9252 13480
f 9253 13480 13479
f 9252 9251 13481
f 9252 13481 13480
f 9251 9250 13482
f 9251 13482 13481
f 9250 4359 6043
f 9250 6043 13482
f 13482 6043 6044
f 13482 6044 13486
f 13486 6044 6045
f 13486 6045 13490
f 13490 6045 4360
f 13490 4360 9254
f 13489 13490 9254
f 13489 9254 9255
f 13488 13489 9255
f 13488 9255 9256
f 13487 13488 9256
f 13487 9256 9257
f 9237 13487 9257
f 9237 9257 5233
f 9236 13483 13487
f 9236 13487 9237
f 9235 13479 13483
f 9235 13483 9236
f 9257 9256 13492
f 9257 13492 13491
f 9256 9255 13493
f 9256 13493 13492
f 9255 9254 13494
f 9255 13494 13493
f 13491 13492 13496
f 13491 13496 13495
f 13492 13493 13497
f 13492 13497 13496
f 13493 13494 13498
f 13493 13498 13497
f 13495 13496 9260
f 13495 9260 9261
f 13496 13497 9259
f 13496 9259 9260
f 13497 13498 9258
f 13497 9258 9259
f 9254 4360 6046
f 9254 6046 13494
f 13494 6046 6047
f 13494 6047 13498
f 13498 6047 4361
f 13498 4361 9258
f 9243 13495 9261
f 9243 9261 5234
f 9242 13491 13495
f 9242 13495 9243
f 5233 9257 13491
f 5233 13491 9242
f 9261 9260 13500
f 9261 13500 13499
f 9260 9259 13501
f 9260 13501 13500
f 9259 9258 13502
f 9259 13502 13501
f 13499 13500 13504
f 13499 13504 13503
f 13500 13501 13505
f 13500 13505 13504
f 13501 13502 13506
f 13501 13506 13505
f 13503 13504 6203
f 13503 6203 6204
f 13504 13505 6202
f 13504 6202 6203
f 13505 13506 13507
f 13505 13507 6202
f 9258 4361 6048
f 9258 6048 13502
f 13502 6048 6049
f 13502 6049 13506
f 13506 6049 6050
f 13506 6050 13507
f 6050 5863 6200
f 13507 6050 6200
f 13507 6200 6201
f 6202 13507 6201
f 9262 13503 6204
f 9262 6204 4373
f 9263 13499 13503
f 9263 13503 9262
f 5234 9261 13499
f 5234 13499 9263
f 5688 9244 13509
f 5688 13509 13508
f 9244 9245 13510
f 9244 13510 13509
f 9245 5234 9263
f 9245 9263 13510
f 13508 13509 13512
f 13508 13512 13511
f 13509 13510 13513
f 13509 13513 13512
f 13510 9263 9262
f 13510 9262 13513
f 13511 13512 6206
f 13512 13513 6205
f 13512 6205 6206
f 13513 9262 4373
f 13513 4373 6205
f 13511 6206 6207
f 9264 13511 6207
f 9264 6207 5689
f 9265 13508 13511
f 9265 13511 9264
f 5688 13508 9265
f 9266 9267 13514
f 9266 13514 9274
f 9267 9268 13515
f 9267 13515 13514
f 9268 9269 13516
f 9268 13516 13515
f 9274 13514 13517
f 13514 13518 13517
f 13514 13515 13518
f 13515 13516 13519
f 13515 13519 13518
f 13516 9276 9277
f 13516 9277 13519
f 13517 13518 9283
f 13517 9283 9282
f 13518 13519 9284
f 13518 9284 9283
f 13519 9277 9278
f 13519 9278 9284
f 9269 5691 9270
f 9269 9270 13516
f 13516 9270 9276
f 9278 5705 9284
f 9275 13517 9282
f 9275 9282 5704
f 9274 13517 9275
f 9270 9271 13520
f 9271 9272 13521
f 9271 13521 13520
f 9272 9273 13522
f 9272 13522 13521
f 9273 5235 9279
f 9273 9279 13522
f 13520 13521 13524
f 13520 13524 13523
f 13521 13522 13525
f 13521 13525 13524
f 13522 9279 13526
f 13522 13526 13525
f 13523 13524 9286
f 13523 9286 9285
f 13524 13525 9287
f 13524 9287 9286
f 13525 13526 9288
f 13525 9288 9287
f 9279 9280 9281
f 9279 9281 13526
f 13526 9281 5236
f 13526 5236 9288
f 9278 9285 5705
f 9277 13523 9285
f 9277 9285 9278
f 9276 13520 13523
f 9276 13523 9277
f 9270 13520 9276
f 13528 9287 13529
f 9287 9288 13530
f 9287 13530 13529
f 13527 13528 9290
f 9290 13528 13531
f 13528 13529 13532
f 13528 13532 13531
f 13529 13530 13533
f 13529 13533 13532
f 9290 13531 9291
f 9291 13531 13534
f 13531 13532 9295
f 13531 9295 13534
f 13532 13533 9296
f 13532 9296 9295
f 5705 9285 13527
f 9285 9286 13528
f 9285 13528 13527
f 9286 9287 13528
f 9288 5236 9292
f 9288 9292 13530
f 13530 9292 9293
f 13530 9293 13533
f 13533 9293 5237
f 13533 5237 9296
f 13534 9295 9294
f 9291 13534 9294
f 9291 9294 5706
f 9289 13527 9290
f 5705 13527 9289
f 13535 13536 13539
f 13535 13539 13538
f 13536 13537 13540
f 13536 13540 13539
f 13537 9299 9300
f 13537 9300 13540
f 13538 13541 5691
f 13538 13539 13542
f 13538 13542 13541
f 13539 13540 13543
f 13539 13543 13542
f 13540 9300 9301
f 13540 9301 13543
f 5689 6207 13535
f 5689 13535 9297
f 6207 6206 13536
f 6207 13536 13535
f 6206 6205 13537
f 6206 13537 13536
f 6205 4373 9299
f 6205 9299 13537
f 13543 9301 5235
f 13543 5235 9273
f 13542 13543 9273
f 13542 9273 9272
f 13541 13542 9272
f 13541 9272 9271
f 5691 13541 9271
f 5691 9271 9270
f 9298 13538 5691
f 9297 13535 13538
f 9297 13538 9298
f 6201 6200 6052
f 13544 13545 13548
f 13544 13548 13547
f 13545 13546 13549
f 13545 13549 13548
f 13546 6201 13550
f 13546 13550 13549
f 6201 6052 13550
f 13548 13549 13551
f 13549 13550 13552
f 13549 13552 13551
f 13550 6052 6053
f 13550 6053 13552
f 13547 13548 13554
f 13547 13554 13553
f 13548 13551 13554
f 13552 6053 5864
f 4373 6204 13544
f 4373 13544 9299
f 6204 6203 13545
f 6204 13545 13544
f 6203 6202 13546
f 6203 13546 13545
f 6202 6201 13546
f 6200 5863 6051
f 6200 6051 6052
f 13552 5864 9302
f 13551 13552 9302
f 13551 9302 9303
f 13554 13551 9303
f 13554 9303 9304
f 13553 13554 9304
f 13553 9304 9305
f 9301 13553 9305
f 9301 9305 5235
f 9300 13547 13553
f 9300 13553 9301
f 9299 13544 13547
f 9299 13547 9300
f 9305 9304 13555
f 9305 13555 9280
f 9304 9303 13556
f 9304 13556 13555
f 9303 9302 13557
f 9303 13557 13556
f 9302 5864 6054
f 9302 6054 13557
f 9280 13555 13559
f 9280 13559 9281
f 13555 13556 13560
f 13555 13560 13559
f 13556 13557 13558
f 13556 13558 13560
f 9281 13559 9308
f 9281 9308 5236
f 13559 13560 9307
f 13559 9307 9308
f 13560 13558 9306
f 13560 9306 9307
f 13557 6054 6055
f 13557 6055 13558
f 13558 6055 5865
f 13558 5865 9306
f 5235 9305 9280
f 5235 9280 9279
f 5236 9308 13563
f 5236 13563 9292
f 9308 9307 13561
f 9308 13561 13563
f 9292 13563 13564
f 9292 13564 9293
f 13563 13561 13565
f 13563 13565 13564
f 13561 13562 13566
f 13561 13566 13565
f 9293 13564 9311
f 9293 9311 5237
f 13564 13565 9310
f 13564 9310 9311
f 13565 13566 9309
f 13565 9309 9310
f 9307 9306 13562
f 9307 13562 13561
f 9306 5865 6056
f 9306 6056 13562
f 13562 6056 6057
f 13562 6057 13566
f 13566 6057 5866
f 13566 5866 9309
f 9314 13567 13570
f 9314 13570 9313
f 13567 13568 13571
f 13567 13571 13570
f 13568 13569 13572
f 13568 13572 13571
f 9313 13570 13573
f 9313 13573 9312
f 13570 13571 13574
f 13570 13574 13573
f 13571 13572 13575
f 13571 13575 13574
f 5237 9311 13567
f 5237 13567 9314
f 9311 9310 13568
f 9311 13568 13567
f 9310 9309 13569
f 9310 13569 13568
f 9309 5866 6058
f 9309 6058 13569
f 13569 6058 6059
f 13569 6059 13572
f 13572 6059 6060
f 13572 6060 13575
f 13575 6060 5867
f 13575 5867 6208
f 13574 13575 6208
f 13574 6208 6209
f 13573 13574 6209
f 13573 6209 6210
f 9312 13573 6210
f 9312 6210 4374
f 5706 9294 9316
f 9316 9294 13578
f 9294 13576 13579
f 9294 13579 13578
f 13576 13577 13580
f 13576 13580 13579
f 9316 13578 13581
f 9316 13581 9315
f 13578 13579 13582
f 13578 13582 13581
f 13579 13580 13582
f 13582 13580 13583
f 9315 13581 5707
f 9294 9295 13576
f 9295 9296 13577
f 9295 13577 13576
f 9296 5237 9314
f 9296 9314 13577
f 13577 9314 9313
f 13577 9313 13580
f 13580 9313 9312
f 13580 9312 13583
f 13583 9312 4374
f 13583 4374 6211
f 13582 13583 6211
f 13582 6211 6212
f 13581 13582 6212
f 13581 6212 6213
f 5707 13581 6213
f 4358 9320 13584
f 4358 13584 6019
f 9320 9321 13585
f 9320 13585 13584
f 9321 5690 13586
f 9321 13586 13585
f 6019 13584 13587
f 6019 13587 6020
f 13584 13585 13588
f 13584 13588 13587
f 13585 13586 13589
f 13585 13589 13588
f 13587 13588 9318
f 13587 9318 9317
f 13588 13589 9319
f 13588 9319 9318
f 13589 9275 5704
f 13589 5704 9319
f 5690 9266 9274
f 5690 9274 13586
f 13586 9274 9275
f 13586 9275 13589
f 6020 13587 9317
f 6020 9317 5708
f 9325 13590 13593
f 9325 13593 9326
f 13590 13591 13594
f 13590 13594 13593
f 13591 13592 13595
f 13591 13595 13594
f 9326 13593 9329
f 9326 9329 5709
f 13593 13594 9330
f 13593 9330 9329
f 13594 13595 9331
f 13594 9331 9330
f 5238 9322 13590
f 5238 13590 9325
f 9322 9323 13591
f 9322 13591 13590
f 9323 9324 13592
f 9323 13592 13591
f 9324 5239 9327
f 9324 9327 13592
f 13592 9327 9328
f 13592 9328 13595
f 13595 9328 5240
f 13595 5240 9331
f 9332 13596 13599
f 9332 13599 9333
f 13596 13597 13600
f 13596 13600 13599
f 13597 13598 13601
f 13597 13601 13600
f 13599 13600 13602
f 13600 13601 13603
f 13600 13603 13602
f 9333 13599 13604
f 9333 13604 9334
f 13599 13602 13604
f 5709 9329 13596
f 5709 13596 9332
f 9329 9330 13597
f 9329 13597 13596
f 9330 9331 13598
f 9330 13598 13597
f 9331 5240 9335
f 9331 9335 13598
f 13598 9335 9336
f 13598 9336 13601
f 13601 9336 9337
f 13601 9337 13603
f 13603 9337 5241
f 13603 5241 9340
f 13602 13603 9340
f 13602 9340 9339
f 13604 13602 9339
f 13604 9339 9338
f 9334 13604 9338
f 9334 9338 5710
f 5707 6213 13605
f 5707 13605 9341
f 6213 6212 13606
f 6213 13606 13605
f 6212 6211 13607
f 6212 13607 13606
f 9341 13605 13608
f 9341 13608 9342
f 13605 13606 13609
f 13605 13609 13608
f 13606 13607 13610
f 13606 13610 13609
f 9342 13608 9322
f 9342 9322 5238
f 13608 13609 9323
f 13608 9323 9322
f 13609 13610 9324
f 13609 9324 9323
f 6211 4374 9343
f 6211 9343 13607
f 13607 9343 9344
f 13607 9344 13610
f 13610 9344 5239
f 13610 5239 9324
f 4374 6210 13611
f 4374 13611 9343
f 6210 6209 13612
f 6210 13612 13611
f 6209 6208 13613
f 6209 13613 13612
f 9343 13611 13614
f 9343 13614 9344
f 13611 13612 13615
f 13611 13615 13614
f 13612 13613 13616
f 13612 13616 13615
f 9344 13614 9347
f 9344 9347 5239
f 13614 13615 9346
f 13614 9346 9347
f 13615 13616 9345
f 13615 9345 9346
f 6208 5867 6061
f 6208 6061 13613
f 13613 6061 6062
f 13613 6062 13616
f 13616 6062 5868
f 13616 5868 9345
f 9347 9346 13618
f 9347 13618 13617
f 9346 9345 13619
f 9346 13619 13618
f 9327 13617 13620
f 9327 13620 9328
f 13617 13618 13621
f 13617 13621 13620
f 13618 13619 13622
f 13618 13622 13621
f 9328 13620 9350
f 9328 9350 5240
f 13620 13621 9349
f 13620 9349 9350
f 13621 13622 9349
f 9349 13622 9348
f 5239 9347 13617
f 5239 13617 9327
f 9345 5868 6063
f 9345 6063 13619
f 13619 6063 13622
f 13622 6063 6064
f 13622 6064 5869
f 13622 5869 9348
f 9335 13623 13626
f 9335 13626 9336
f 13623 13624 13627
f 13623 13627 13626
f 13624 13625 13627
f 13627 13625 13628
f 9336 13626 13629
f 9336 13629 9337
f 13626 13627 13630
f 13626 13630 13629
f 13627 13628 9351
f 13627 9351 13630
f 5240 9350 13623
f 5240 13623 9335
f 9350 9349 13624
f 9350 13624 13623
f 9349 9348 13625
f 9349 13625 13624
f 9348 5869 13625
f 13625 5869 6065
f 13625 6065 6066
f 13625 6066 13628
f 13628 6066 9351
f 9351 6066 5870
f 13630 9351 9352
f 13630 9352 9353
f 13629 13630 9353
f 13629 9353 9354
f 9337 13629 9354
f 9337 9354 5241
f 5241 9354 13631
f 5241 13631 9356
f 9354 9353 13632
f 9354 13632 13631
f 9353 9352 13633
f 9353 13633 13632
f 9356 13631 13634
f 9356 13634 9355
f 13631 13632 13635
f 13631 13635 13634
f 13632 13633 13636
f 13632 13636 13635
f 9355 13634 6216
f 9355 6216 4375
f 13634 13635 6215
f 13634 6215 6216
f 13635 13636 6215
f 9351 5870 6067
f 9351 6067 9352
f 9352 6067 13633
f 13633 6067 6068
f 13633 6068 5871
f 13633 5871 13636
f 13636 5871 6214
f 6215 13636 6214
f 9338 9339 13637
f 9339 13638 13637
f 9339 9340 13639
f 9339 13639 13638
f 5710 9338 13637
f 5710 13637 9359
f 9359 13637 13641
f 9359 13641 13640
f 13637 13638 13642
f 13637 13642 13641
f 13638 13639 13643
f 13638 13643 13642
f 13640 13641 6219
f 13640 6219 6220
f 13641 13642 6218
f 13641 6218 6219
f 13642 13643 6217
f 13642 6217 6218
f 9340 5241 9356
f 9340 9356 13639
f 13639 9356 9355
f 13639 9355 13643
f 13643 9355 4375
f 13643 4375 6217
f 9357 13640 6220
f 9357 6220 5699
f 9358 13640 9357
f 9359 13640 9358
f 13644 13645 13648
f 13644 13648 13647
f 13645 13646 13649
f 13645 13649 13648
f 13646 9368 9369
f 13646 9369 13649
f 13647 13648 9373
f 13647 9373 9372
f 13648 13649 9374
f 13648 9374 9373
f 13649 9369 5246
f 13649 5246 9374
f 5242 9360 13644
f 5242 13644 9366
f 9360 9361 13645
f 9360 13645 13644
f 9361 9362 13646
f 9361 13646 13645
f 9362 5243 9368
f 9362 9368 13646
f 9367 13647 9372
f 9367 9372 5245
f 9366 13644 13647
f 9366 13647 9367
f 13650 13651 13654
f 13650 13654 13653
f 13651 13652 13655
f 13651 13655 13654
f 13652 9370 9371
f 13652 9371 13655
f 13653 13654 9376
f 13653 9376 9375
f 13654 13655 9377
f 13654 9377 9376
f 13655 9371 5247
f 13655 5247 9377
f 5243 9363 13650
f 5243 13650 9368
f 9363 9364 13651
f 9363 13651 13650
f 9364 9365 13652
f 9364 13652 13651
f 9365 5244 9370
f 9365 9370 13652
f 9369 13653 9375
f 9369 9375 5246
f 9368 13650 13653
f 9368 13653 9369
f 9372 9373 13657
f 9372 13657 13656
f 9373 9374 13658
f 9373 13658 13657
f 9374 5246 9380
f 9374 9380 13658
f 13656 13657 13660
f 13656 13660 13659
f 13657 13658 13661
f 13657 13661 13660
f 13658 9380 9381
f 13658 9381 13661
f 13659 13660 9385
f 13659 9385 9384
f 13660 13661 9386
f 13660 9386 9385
f 13661 9381 5249
f 13661 5249 9386
f 9379 13659 9384
f 9379 9384 5248
f 9378 13656 13659
f 9378 13659 9379
f 5245 9372 13656
f 5245 13656 9378
f 9375 9376 13663
f 9375 13663 13662
f 9376 9377 13664
f 9376 13664 13663
f 9377 5247 9382
f 9377 9382 13664
f 13662 13663 13666
f 13662 13666 13665
f 13663 13664 13667
f 13663 13667 13666
f 13664 9382 9383
f 13664 9383 13667
f 13665 13666 9388
f 13665 9388 9387
f 13666 13667 9389
f 13666 9389 9388
f 13667 9383 5250
f 13667 5250 9389
f 9381 13665 9387
f 9381 9387 5249
f 9380 13662 13665
f 9380 13665 9381
f 5246 9375 13662
f 5246 13662 9380
f 4263 6820 13668
f 4263 13668 7819
f 6820 6819 13669
f 6820 13669 13668
f 6819 6818 13670
f 6819 13670 13669
f 6818 4628 9390
f 6818 9390 13670
f 7819 13668 9414
f 7819 9414 4969
f 13668 13669 9415
f 13668 9415 9414
f 13669 13670 9416
f 13669 9416 9415
f 13670 9390 5242
f 13670 5242 9416
f 6817 6816 13672
f 6817 13672 13671
f 6816 6815 13673
f 6816 13673 13672
f 6815 4627 9391
f 6815 9391 13673
f 13671 13672 9361
f 13671 9361 9360
f 13672 13673 9362
f 13672 9362 9361
f 13673 9391 5243
f 13673 5243 9362
f 9390 13671 9360
f 9390 9360 5242
f 4628 6817 13671
f 4628 13671 9390
f 6814 6813 13675
f 6814 13675 13674
f 6813 6812 13676
f 6813 13676 13675
f 6812 4626 9392
f 6812 9392 13676
f 13674 13675 9364
f 13674 9364 9363
f 13675 13676 9365
f 13675 9365 9364
f 13676 9392 5244
f 13676 5244 9365
f 9391 13674 9363
f 9391 9363 5243
f 4627 6814 13674
f 4627 13674 9391
f 6811 6810 13678
f 6811 13678 13677
f 6810 6809 13679
f 6810 13679 13678
f 6809 4259 7867
f 6809 7867 13679
f 13677 13678 9394
f 13677 9394 9395
f 13678 13679 9393
f 13678 9393 9394
f 13679 7867 4989
f 13679 4989 9393
f 9392 13677 9395
f 9392 9395 5244
f 4626 6811 13677
f 4626 13677 9392
f 13680 13681 13684
f 13680 13684 13683
f 13681 13682 13685
f 13681 13685 13684
f 13682 7866 7865
f 13682 7865 13685
f 13683 13684 9397
f 13683 9397 9398
f 13684 13685 9396
f 13684 9396 9397
f 13685 7865 4988
f 13685 4988 9396
f 5244 9395 13680
f 5244 13680 9370
f 9395 9394 13681
f 9395 13681 13680
f 9394 9393 13682
f 9394 13682 13681
f 9393 4989 7866
f 9393 7866 13682
f 9371 13683 9398
f 9371 9398 5247
f 9370 13680 13683
f 9370 13683 9371
f 9398 9397 13687
f 9398 13687 13686
f 9397 9396 13688
f 9397 13688 13687
f 9396 4988 7864
f 9396 7864 13688
f 13686 13687 13690
f 13686 13690 13689
f 13687 13688 13691
f 13687 13691 13690
f 13688 7864 7863
f 13688 7863 13691
f 13689 13690 9400
f 13689 9400 9401
f 13690 13691 9399
f 13690 9399 9400
f 13691 7863 4987
f 13691 4987 9399
f 9383 13689 9401
f 9383 9401 5250
f 9382 13686 13689
f 9382 13689 9383
f 5247 9398 13686
f 5247 13686 9382
f 9401 9400 13693
f 9401 13693 13692
f 9400 9399 13694
f 9400 13694 13693
f 9399 4987 7862
f 9399 7862 13694
f 13692 13693 13696
f 13692 13696 13695
f 13693 13694 13697
f 13693 13697 13696
f 13694 7862 7861
f 13694 7861 13697
f 13695 13696 6272
f 13695 6272 6273
f 13696 13697 6271
f 13696 6271 6272
f 13697 7861 4356
f 13697 4356 6271
f 9402 13695 6273
f 9402 6273 4386
f 9403 13692 13695
f 9403 13695 9402
f 5250 9401 13692
f 5250 13692 9403
f 9387 9388 13699
f 9387 13699 13698
f 9388 9389 13700
f 9388 13700 13699
f 9389 5250 9403
f 9389 9403 13700
f 13698 13699 13702
f 13698 13702 13701
f 13699 13700 13703
f 13699 13703 13702
f 13700 9403 9402
f 13700 9402 13703
f 13701 13702 6275
f 13701 6275 6276
f 13702 13703 6274
f 13702 6274 6275
f 13703 9402 4386
f 13703 4386 6274
f 9404 13701 6276
f 9404 6276 4387
f 9405 13698 13701
f 9405 13701 9404
f 5249 9387 13698
f 5249 13698 9405
f 9384 9385 13705
f 9384 13705 13704
f 9385 9386 13706
f 9385 13706 13705
f 9386 5249 9405
f 9386 9405 13706
f 13704 13705 13708
f 13704 13708 13707
f 13705 13706 13709
f 13705 13709 13708
f 13706 9405 9404
f 13706 9404 13709
f 13707 13708 6278
f 13707 6278 6279
f 13708 13709 6277
f 13708 6277 6278
f 13709 9404 4387
f 13709 4387 6277
f 9406 13707 6279
f 9406 6279 4388
f 9407 13704 13707
f 9407 13707 9406
f 5248 9384 13704
f 5248 13704 9407
f 4971 9408 13710
f 4971 13710 7824
f 9408 9409 13711
f 9408 13711 13710
f 9409 9410 13712
f 9409 13712 13711
f 9410 5248 9407
f 9410 9407 13712
f 7824 13710 13713
f 7824 13713 7825
f 13710 13711 13714
f 13710 13714 13713
f 13711 13712 13715
f 13711 13715 13714
f 13712 9407 9406
f 13712 9406 13715
f 7825 13713 6282
f 7825 6282 4355
f 13713 13714 6281
f 13713 6281 6282
f 13714 13715 6280
f 13714 6280 6281
f 13715 9406 4388
f 13715 4388 6280
f 4970 9411 13716
f 4970 13716 7822
f 9411 9412 13717
f 9411 13717 13716
f 9412 9413 13718
f 9412 13718 13717
f 9413 5245 9378
f 9413 9378 13718
f 7822 13716 13719
f 7822 13719 7823
f 13716 13717 13720
f 13716 13720 13719
f 13717 13718 13721
f 13717 13721 13720
f 13718 9378 9379
f 13718 9379 13721
f 7823 13719 9408
f 7823 9408 4971
f 13719 13720 9409
f 13719 9409 9408
f 13720 13721 9410
f 13720 9410 9409
f 13721 9379 5248
f 13721 5248 9410
f 7820 13722 13725
f 7820 13725 7821
f 13722 13723 13726
f 13722 13726 13725
f 13723 13724 13727
f 13723 13727 13726
f 13724 9366 9367
f 13724 9367 13727
f 7821 13725 9411
f 7821 9411 4970
f 13725 13726 9412
f 13725 9412 9411
f 13726 13727 9413
f 13726 9413 9412
f 13727 9367 5245
f 13727 5245 9413
f 4969 9414 13722
f 4969 13722 7820
f 9414 9415 13723
f 9414 13723 13722
f 9415 9416 13724
f 9415 13724 13723
f 9416 5242 9366
f 9416 9366 13724
f 9418 9419 9425
f 9418 9425 13728
f 5251 9417 13729
f 5251 13729 9423
f 9417 9418 13728
f 9417 13728 13729
f 9423 13729 13730
f 9423 13730 9424
f 13729 13728 13731
f 13729 13731 13730
f 13728 9425 9426
f 13728 9426 13731
f 9424 13730 9427
f 9424 9427 5252
f 13730 13731 9428
f 13730 9428 9427
f 13731 9426 5679
f 13731 5679 9428
f 5252 9427 13732
f 5252 13732 9429
f 9427 9428 13733
f 9427 13733 13732
f 9428 5679 9431
f 9428 9431 13733
f 9429 13732 13734
f 9429 13734 9430
f 13732 13733 13735
f 13732 13735 13734
f 13733 9431 9432
f 13733 9432 13735
f 9430 13734 9433
f 9430 9433 5253
f 13734 13735 9434
f 13734 9434 9433
f 13735 9432 9434
f 9432 5680 9434
f 13736 13737 13741
f 13736 13741 13740
f 13737 13738 13742
f 13737 13742 13741
f 13738 13739 13743
f 13738 13743 13742
f 13740 13741 13745
f 13740 13745 13744
f 13741 13742 13746
f 13741 13746 13745
f 13742 13743 13747
f 13742 13747 13746
f 4356 6239 13736
f 4356 13736 5966
f 6239 6238 13737
f 6239 13737 13736
f 6238 6237 13738
f 6238 13738 13737
f 6237 6236 13739
f 6237 13739 13738
f 6236 4378 9435
f 6236 9435 13739
f 13739 9435 9436
f 13739 9436 13743
f 13743 9436 9437
f 13743 9437 13747
f 13747 9437 5251
f 13747 5251 9461
f 13746 13747 9461
f 13746 9461 9460
f 13745 13746 9460
f 13745 9460 9459
f 13744 13745 9459
f 13744 9459 9458
f 5968 13744 9458
f 5968 9458 5619
f 5967 13740 13744
f 5967 13744 5968
f 5966 13736 13740
f 5966 13740 5967
f 13748 13749 13751
f 13749 13750 13752
f 13749 13752 13751
f 9435 13748 13753
f 9435 13753 9436
f 13748 13751 13753
f 9436 13753 13754
f 9436 13754 9437
f 13753 13751 13755
f 13753 13755 13754
f 13751 13752 13756
f 13751 13756 13755
f 4378 6235 13748
f 4378 13748 9435
f 6235 6234 13749
f 6235 13749 13748
f 6234 6233 13750
f 6234 13750 13749
f 6233 4377 9438
f 6233 9438 13750
f 13750 9438 9439
f 13750 9439 13752
f 13752 9439 9440
f 13752 9440 13756
f 13756 9440 5677
f 13756 5677 9419
f 13755 13756 9419
f 13755 9419 9418
f 13754 13755 9418
f 13754 9418 9417
f 9437 13754 9417
f 9437 9417 5251
f 9438 13757 13760
f 9438 13760 9439
f 13757 13758 13761
f 13757 13761 13760
f 13758 13759 13762
f 13758 13762 13761
f 9439 13760 9420
f 9439 9420 9440
f 13760 13761 9421
f 13760 9421 9420
f 13761 13762 9422
f 13761 9422 9421
f 4377 6232 13757
f 4377 13757 9438
f 6232 6231 13758
f 6232 13758 13757
f 6231 6230 13759
f 6231 13759 13758
f 6230 4376 9441
f 6230 9441 13759
f 13759 9441 9442
f 13759 9442 13762
f 13762 9442 5678
f 13762 5678 9422
f 9440 9420 5677
f 9441 13763 13766
f 9441 13766 9442
f 13763 13764 13767
f 13763 13767 13766
f 13764 13765 13768
f 13764 13768 13767
f 9442 13766 9445
f 9442 9445 5678
f 13766 13767 9444
f 13766 9444 9445
f 13767 13768 9443
f 13767 9443 9444
f 4376 6229 13763
f 4376 13763 9441
f 6229 6228 13764
f 6229 13764 13763
f 6228 6227 13765
f 6228 13765 13764
f 6227 4180 6016
f 6227 6016 13765
f 13765 6016 6017
f 13765 6017 13768
f 13768 6017 5675
f 13768 5675 9443
f 9451 13769 13771
f 9451 13771 9450
f 13769 13770 13772
f 13769 13772 13771
f 9450 13771 13773
f 9450 13773 9449
f 13771 13772 13774
f 13771 13774 13773
f 5253 9433 13769
f 5253 13769 9451
f 9433 9434 13770
f 9433 13770 13769
f 9434 5680 9448
f 9434 9448 13770
f 13770 9448 9447
f 13770 9447 13772
f 13772 9447 9446
f 13772 9446 13774
f 13774 9446 4379
f 13774 4379 6240
f 13773 13774 6240
f 13773 6240 6241
f 9449 13773 6241
f 9449 6241 4380
f 5973 13775 13778
f 5973 13778 5974
f 13775 13776 13779
f 13775 13779 13778
f 13776 13777 13780
f 13776 13780 13779
f 5974 13778 13781
f 5974 13781 5975
f 13778 13779 13782
f 13778 13782 13781
f 13779 13780 13783
f 13779 13783 13782
f 5621 9452 13775
f 5621 13775 5973
f 9452 9453 13776
f 9452 13776 13775
f 9453 9454 13777
f 9453 13777 13776
f 9454 5253 9451
f 9454 9451 13777
f 13777 9451 9450
f 13777 9450 13780
f 13780 9450 9449
f 13780 9449 13783
f 13783 9449 4380
f 13783 4380 6242
f 13782 13783 6242
f 13782 6242 6243
f 13781 13782 6243
f 13781 6243 6244
f 5975 13781 6244
f 5975 6244 5622
f 5620 9455 13784
f 5620 13784 5971
f 9455 9456 13785
f 9455 13785 13784
f 9456 9457 13786
f 9456 13786 13785
f 5971 13784 13787
f 5971 13787 5972
f 13784 13785 13788
f 13784 13788 13787
f 13785 13786 13789
f 13785 13789 13788
f 5972 13787 9452
f 5972 9452 5621
f 13787 13788 9453
f 13787 9453 9452
f 13788 13789 9454
f 13788 9454 9453
f 9457 5252 9429
f 9457 9429 13786
f 13786 9429 9430
f 13786 9430 13789
f 13789 9430 5253
f 13789 5253 9454
f 9458 9459 13790
f 9458 13790 5969
f 9459 9460 13791
f 9459 13791 13790
f 9460 9461 13792
f 9460 13792 13791
f 5969 13790 13793
f 5969 13793 5970
f 13790 13791 13794
f 13790 13794 13793
f 13791 13792 13795
f 13791 13795 13794
f 5970 13793 9455
f 5970 9455 5620
f 13793 13794 9456
f 13793 9456 9455
f 13794 13795 9457
f 13794 9457 9456
f 9461 5251 9423
f 9461 9423 13792
f 13792 9423 9424
f 13792 9424 13795
f 13795 9424 5252
f 13795 5252 9457
f 5619 9458 5969
f 5254 9462 13796
f 5254 13796 9464
f 9462 9463 13797
f 9462 13797 13796
f 9463 5681 9466
f 9463 9466 13797
f 9464 13796 13798
f 9464 13798 9465
f 13796 13797 13799
f 13796 13799 13798
f 13797 9466 13799
f 13799 9466 9467
f 9465 13798 9469
f 9465 9469 5255
f 13798 13799 9470
f 13798 9470 9469
f 13799 9467 9468
f 13799 9468 9470
f 9475 13800 13802
f 9475 13802 9476
f 13800 13801 13803
f 13800 13803 13802
f 13801 9479 9480
f 13801 9480 13803
f 9476 13802 13804
f 9476 13804 9477
f 13802 13803 13805
f 13802 13805 13804
f 13803 9480 13806
f 13803 13806 13805
f 5255 9469 13800
f 5255 13800 9475
f 9469 9470 13801
f 9469 13801 13800
f 9470 9468 9479
f 9470 9479 13801
f 9468 5682 9478
f 9468 9478 9479
f 9480 9481 13806
f 13806 9481 5692
f 13806 5692 9485
f 13805 13806 9485
f 13805 9485 9484
f 13804 13805 9484
f 13804 9484 9483
f 9477 13804 9483
f 9477 9483 5257
f 9478 9472 13807
f 9472 13808 13807
f 9472 9473 13808
f 9473 13809 13808
f 9473 9474 13810
f 9473 13810 13809
f 13807 13811 9481
f 13807 13808 13811
f 13808 13809 13812
f 13808 13812 13811
f 13809 13810 9489
f 13809 9489 13812
f 5682 9471 9472
f 5682 9472 9478
f 9474 5256 9482
f 9474 9482 13810
f 13810 9482 5693
f 13810 5693 9489
f 13812 9489 9488
f 13812 9488 9487
f 13811 13812 9487
f 13811 9487 9486
f 9481 13811 9486
f 9481 9486 5692
f 9480 13807 9481
f 9479 9478 13807
f 9479 13807 9480
f 5622 6244 13813
f 5622 13813 5976
f 6244 6243 13814
f 6244 13814 13813
f 6243 6242 13815
f 6243 13815 13814
f 5976 13813 13816
f 5976 13816 5977
f 13813 13814 13817
f 13813 13817 13816
f 13814 13815 13818
f 13814 13818 13817
f 13816 13817 9513
f 13816 9513 9512
f 13817 13818 9514
f 13817 9514 9513
f 6242 4380 9490
f 6242 9490 13815
f 13815 9490 9491
f 13815 9491 13818
f 13818 9491 5254
f 13818 5254 9514
f 5977 13816 9512
f 5977 9512 5623
f 4380 6241 13819
f 4380 13819 9490
f 6241 6240 13820
f 6241 13820 13819
f 6240 9492 13820
f 9490 13819 13821
f 9490 13821 9491
f 13819 13820 13822
f 13819 13822 13821
f 13820 9492 9493
f 13820 9493 13822
f 9491 13821 9462
f 9491 9462 5254
f 13821 13822 9463
f 13821 9463 9462
f 6240 4379 9492
f 13822 9493 5681
f 13822 5681 9463
f 5256 9496 13823
f 5256 13823 9482
f 9496 9495 13824
f 9496 13824 13823
f 9495 9494 13825
f 9495 13825 13824
f 9482 13823 9499
f 9482 9499 5693
f 13823 13824 9498
f 13823 9498 9499
f 13824 13825 9497
f 13824 9497 9498
f 9494 4357 6018
f 9494 6018 13825
f 13825 6018 5686
f 13825 5686 9497
f 9483 9484 13827
f 9483 13827 13826
f 9484 9485 9501
f 9484 9501 13827
f 5257 9483 13826
f 5257 13826 9503
f 13827 9501 9500
f 9503 13826 13828
f 9503 13828 9502
f 13826 13827 13829
f 13826 13829 13828
f 13827 9500 13829
f 9502 13828 6246
f 9502 6246 4382
f 13828 13829 6245
f 13828 6245 6246
f 13829 9500 4381
f 13829 4381 6245
f 9485 5692 9501
f 9504 9505 13830
f 9504 13830 5984
f 9505 9506 13831
f 9505 13831 13830
f 9506 9507 13831
f 13831 9507 13832
f 5984 13830 13833
f 5984 13833 5985
f 13830 13831 13834
f 13830 13834 13833
f 13831 13832 13835
f 13831 13835 13834
f 5985 13833 6249
f 5985 6249 5638
f 13833 13834 6248
f 13833 6248 6249
f 13834 13835 6247
f 13834 6247 6248
f 5637 9504 5983
f 9507 5257 9503
f 9507 9503 13832
f 13832 9503 9502
f 13832 9502 13835
f 13835 9502 4382
f 13835 4382 6247
f 5983 9504 5984
f 13836 13837 13841
f 13836 13841 13840
f 13837 13838 13842
f 13837 13842 13841
f 13838 13839 13843
f 13838 13843 13842
f 13840 13841 13845
f 13840 13845 13844
f 13841 13842 13846
f 13841 13846 13845
f 13842 13843 13847
f 13842 13847 13846
f 5624 9508 13836
f 5624 13836 5980
f 9508 9509 13837
f 9508 13837 13836
f 9509 9510 13838
f 9509 13838 13837
f 9510 9511 13839
f 9510 13839 13838
f 9511 5255 9475
f 9511 9475 13839
f 13839 9475 9476
f 13839 9476 13843
f 13843 9476 9477
f 13843 9477 13847
f 13847 9477 5257
f 13847 5257 9507
f 13846 13847 9507
f 13846 9507 9506
f 13845 13846 9506
f 13845 9506 9505
f 13844 13845 9505
f 13844 9505 9504
f 5982 13844 9504
f 5982 9504 5637
f 5981 13840 13844
f 5981 13844 5982
f 5980 13836 13840
f 5980 13840 5981
f 5623 9512 13848
f 5623 13848 5978
f 9512 9513 13849
f 9512 13849 13848
f 9513 9514 13850
f 9513 13850 13849
f 5978 13848 13851
f 13848 13849 13852
f 13848 13852 13851
f 13849 13850 13853
f 13849 13853 13852
f 5978 13851 5979
f 5979 13851 9509
f 5979 9509 9508
f 13851 13852 9510
f 13851 9510 9509
f 13852 13853 9511
f 13852 9511 9510
f 9514 5254 9464
f 9514 9464 13850
f 13850 9464 9465
f 13850 9465 13853
f 13853 9465 5255
f 13853 5255 9511
f 5979 9508 5624
f 9517 13854 13856
f 9517 13856 9518
f 13854 13855 13857
f 13854 13857 13856
f 13855 9520 13857
f 9518 13856 13858
f 9518 13858 9519
f 13856 13857 13859
f 13856 13859 13858
f 5258 9515 13854
f 5258 13854 9517
f 9515 9516 13855
f 9515 13855 13854
f 9516 5694 9520
f 9516 9520 13855
f 9520 9521 13857
f 13857 9521 9522
f 13857 9522 13859
f 13859 9522 5695
f 13859 5695 9524
f 13858 13859 9524
f 13858 9524 9523
f 9519 13858 9523
f 9519 9523 5259
f 5259 9523 13860
f 5259 13860 9525
f 9523 9524 13861
f 9523 13861 13860
f 9525 13860 13862
f 9525 13862 9526
f 13860 13861 13863
f 13860 13863 13862
f 9526 13862 9529
f 9526 9529 5260
f 13862 13863 9530
f 13862 9530 9529
f 9524 5695 9527
f 9524 9527 13861
f 13861 9527 9528
f 13861 9528 13863
f 13863 9528 5696
f 13863 5696 9530
f 13864 6248 13865
f 6248 6247 13866
f 6248 13866 13865
f 5986 13864 5987
f 5987 13864 13867
f 13864 13865 13868
f 13864 13868 13867
f 13865 13866 13869
f 13865 13869 13868
f 5987 13867 9545
f 5987 9545 5988
f 13867 13868 9546
f 13867 9546 9545
f 13868 13869 9547
f 13868 9547 9546
f 5638 6249 13864
f 5638 13864 5986
f 6249 6248 13864
f 6247 4382 9531
f 6247 9531 13866
f 13866 9531 9532
f 13866 9532 13869
f 13869 9532 5258
f 13869 5258 9547
f 5988 9545 5639
f 4382 6246 13871
f 4382 13871 9531
f 6246 6245 13870
f 6246 13870 13871
f 9531 13871 13872
f 9531 13872 9532
f 13871 13870 13873
f 13871 13873 13872
f 13870 9533 9534
f 13870 9534 13873
f 13872 13873 9516
f 13872 9516 9515
f 13873 9534 5694
f 13873 5694 9516
f 9532 13872 9515
f 9532 9515 5258
f 6245 4381 9533
f 6245 9533 13870
f 5260 9529 13874
f 5260 13874 9538
f 9529 9530 13875
f 9529 13875 13874
f 9538 13874 13876
f 9538 13876 9537
f 13874 13875 13877
f 13874 13877 13876
f 13875 9536 9535
f 13875 9535 13877
f 9537 13876 6251
f 9537 6251 4384
f 13876 13877 6250
f 13876 6250 6251
f 13877 9535 4383
f 13877 4383 6250
f 9530 5696 9536
f 9530 9536 13875
f 5641 9539 13878
f 5641 13878 5993
f 9539 9540 13879
f 9539 13879 13878
f 9540 9541 13880
f 9540 13880 13879
f 5993 13878 13881
f 5993 13881 5994
f 13878 13879 13882
f 13878 13882 13881
f 13879 13880 13883
f 13879 13883 13882
f 13881 13882 6253
f 13881 6253 6254
f 13882 13883 6252
f 13882 6252 6253
f 5994 13881 6254
f 5994 6254 5642
f 9541 5260 9538
f 9541 9538 13880
f 13880 9538 9537
f 13880 9537 13883
f 13883 9537 4384
f 13883 4384 6252
f 5640 9542 13884
f 5640 13884 5991
f 9542 9543 13885
f 9542 13885 13884
f 9543 9544 13886
f 9543 13886 13885
f 5991 13884 13887
f 5991 13887 5992
f 13884 13885 13888
f 13884 13888 13887
f 13885 13886 13889
f 13885 13889 13888
f 5992 13887 9539
f 5992 9539 5641
f 13887 13888 9540
f 13887 9540 9539
f 13888 13889 9541
f 13888 9541 9540
f 9544 5259 9525
f 9544 9525 13886
f 13886 9525 9526
f 13886 9526 13889
f 13889 9526 5260
f 13889 5260 9541
f 5639 13890 13893
f 5639 13893 5989
f 13890 13891 13894
f 13890 13894 13893
f 13891 13892 13895
f 13891 13895 13894
f 5989 13893 13896
f 5989 13896 5990
f 13893 13894 13897
f 13893 13897 13896
f 13894 13895 13898
f 13894 13898 13897
f 5639 9545 13890
f 9545 9546 13891
f 9545 13891 13890
f 9546 9547 13892
f 9546 13892 13891
f 9547 5258 9517
f 9547 9517 13892
f 13892 9517 9518
f 13892 9518 13895
f 13895 9518 9519
f 13895 9519 13898
f 13898 9519 5259
f 13898 5259 9544
f 13897 13898 9544
f 13897 9544 9543
f 13896 13897 9543
f 13896 9543 9542
f 5990 13896 9542
f 5990 9542 5640
f 5261 9548 13899
f 5261 13899 9556
f 9548 9549 13900
f 9548 13900 13899
f 9549 9550 13900
f 13900 9550 13901
f 9556 13899 13902
f 9556 13902 9557
f 13899 13900 13903
f 13899 13903 13902
f 13900 13901 13904
f 13900 13904 13903
f 9557 13902 9563
f 13902 13903 9564
f 13902 9564 9563
f 13903 13904 9565
f 13903 9565 9564
f 13904 9559 9560
f 13904 9560 9565
f 9551 5697 9552
f 9551 9552 9550
f 9550 9552 9558
f 9550 9558 13901
f 13901 9558 9559
f 13901 9559 13904
f 9557 9563 5711
f 9553 9554 13906
f 9553 13906 13905
f 9554 9555 13907
f 9554 13907 13906
f 9552 9553 13905
f 9552 13905 9558
f 9558 13905 13908
f 9558 13908 9559
f 13905 13906 13909
f 13905 13909 13908
f 13906 13907 13910
f 13906 13910 13909
f 13908 13909 9566
f 13908 9566 5712
f 13909 13910 9567
f 13909 9567 9566
f 13910 9562 5713
f 13910 5713 9567
f 9555 5698 9561
f 9555 9561 13907
f 13907 9561 9562
f 13907 9562 13910
f 9559 13908 5712
f 9559 5712 9560
f 5995 13911 13914
f 13911 13912 13915
f 13911 13915 13914
f 13912 13913 13916
f 13912 13916 13915
f 5995 13914 5996
f 5996 13914 13917
f 13914 13918 13917
f 13914 13915 13919
f 13914 13919 13918
f 13915 13916 13920
f 13915 13920 13919
f 5642 6254 13911
f 5642 13911 5995
f 6254 6253 13912
f 6254 13912 13911
f 6253 6252 13913
f 6253 13913 13912
f 6252 4384 9571
f 6252 9571 13913
f 13913 9571 9572
f 13913 9572 13916
f 13916 9572 9573
f 13916 9573 13920
f 13920 9573 5261
f 13920 5261 9594
f 13919 13920 9594
f 13919 9594 9593
f 13918 13919 9593
f 13918 9593 9592
f 13917 13918 9592
f 13917 9592 9591
f 5643 13917 9591
f 5996 13917 5643
f 9571 13921 13923
f 9571 13923 9572
f 13921 13922 13924
f 13921 13924 13923
f 13922 9574 9575
f 13922 9575 13924
f 9572 13923 13925
f 9572 13925 9573
f 13923 13924 13926
f 13923 13926 13925
f 13924 9575 9551
f 13924 9551 13926
f 4384 6251 13921
f 4384 13921 9571
f 6251 6250 13922
f 6251 13922 13921
f 6250 4383 9574
f 6250 9574 13922
f 13926 9551 9550
f 13926 9550 9549
f 13925 13926 9549
f 13925 9549 9548
f 9573 13925 9548
f 9573 9548 5261
f 5698 9578 13927
f 5698 13927 9561
f 9578 9577 13928
f 9578 13928 13927
f 9577 9576 13929
f 9577 13929 13928
f 9561 13927 13930
f 9561 13930 9562
f 13927 13928 13931
f 13927 13931 13930
f 13928 13929 13932
f 13928 13932 13931
f 13930 13931 9580
f 13930 9580 9581
f 13931 13932 9579
f 13931 9579 9580
f 13932 6020 5708
f 13932 5708 9579
f 9576 4358 6019
f 9576 6019 13929
f 13929 6019 6020
f 13929 6020 13932
f 9562 13930 9581
f 9562 9581 5713
f 5658 9584 6004
f 6004 9584 13933
f 9584 9585 13934
f 9584 13934 13933
f 9585 9586 13935
f 9585 13935 13934
f 6004 13933 13936
f 6004 13936 6005
f 13933 13934 13937
f 13933 13937 13936
f 13934 13935 13938
f 13934 13938 13937
f 6005 13936 5659
f 9586 5714 9583
f 9586 9583 13935
f 13935 9583 9582
f 13935 9582 13938
f 13938 9582 4385
f 13938 4385 6255
f 13937 13938 6255
f 13937 6255 6256
f 13936 13937 6256
f 13936 6256 6257
f 5659 13936 6257
f 6001 13939 13942
f 6001 13942 6002
f 13940 13941 13943
f 13939 13940 13944
f 13939 13944 13942
f 13940 13943 13944
f 6002 13942 6003
f 6003 13942 13945
f 13942 13944 13946
f 13942 13946 13945
f 13944 13943 13947
f 13944 13947 13946
f 5657 9587 6001
f 9587 13939 6001
f 9587 9588 13939
f 9588 9589 13940
f 9588 13940 13939
f 9589 9590 13941
f 9589 13941 13940
f 9590 5711 9568
f 9590 9568 13941
f 13941 9568 9569
f 13941 9569 13943
f 13943 9569 9570
f 13943 9570 13947
f 13947 9570 5714
f 13947 5714 9586
f 13946 13947 9586
f 13946 9586 9585
f 13945 13946 9585
f 13945 9585 9584
f 6003 13945 9584
f 6003 9584 5658
f 9591 9592 13949
f 9591 13949 13948
f 9592 9593 13950
f 9592 13950 13949
f 9593 9594 13951
f 9593 13951 13950
f 13948 13949 13953
f 13948 13953 13952
f 13949 13950 13954
f 13949 13954 13953
f 13950 13951 13955
f 13950 13955 13954
f 13952 13953 9588
f 13952 9588 9587
f 13953 13954 9589
f 13953 9589 9588
f 13954 13955 9590
f 13954 9590 9589
f 5643 9591 5997
f 9594 5261 9556
f 9594 9556 13951
f 13951 9556 9557
f 13951 9557 13955
f 13955 9557 5711
f 13955 5711 9590
f 6000 9587 5657
f 5999 13952 9587
f 5999 9587 6000
f 5998 13948 13952
f 5998 13952 5999
f 5997 9591 13948
f 5997 13948 5998
f 5659 6257 13956
f 5659 13956 6006
f 6257 6256 13957
f 6257 13957 13956
f 6256 6255 13958
f 6256 13958 13957
f 6006 13956 13959
f 6006 13959 6007
f 13956 13957 13960
f 13956 13960 13959
f 13957 13958 13961
f 13957 13961 13960
f 6007 13959 9611
f 6007 9611 5660
f 13959 13960 9612
f 13959 9612 9611
f 13960 13961 9613
f 13960 9613 9612
f 6255 4385 9599
f 6255 9599 13958
f 13958 9599 9600
f 13958 9600 13961
f 13961 9600 5262
f 13961 5262 9613
f 5662 9604 13962
f 9604 9605 13963
f 9604 13963 13962
f 5662 13962 6013
f 9605 9606 13964
f 9605 13964 13963
f 6013 13962 13965
f 6013 13965 6014
f 13962 13963 13966
f 13962 13966 13965
f 13963 13964 13967
f 13963 13967 13966
f 6014 13965 6270
f 13965 6269 6270
f 13965 13966 6268
f 13965 6268 6269
f 13966 13967 6268
f 9607 5716 9603
f 9607 9603 9606
f 9606 9603 9602
f 9606 9602 13964
f 13964 9602 13967
f 13967 9602 9601
f 13967 9601 5703
f 13967 5703 6267
f 6268 13967 6267
f 6015 6270 5663
f 6015 6014 6270
f 6010 13968 13971
f 6010 13971 6011
f 13968 13969 13972
f 13968 13972 13971
f 13969 13970 13973
f 13969 13973 13972
f 6011 13971 13974
f 6011 13974 6012
f 13971 13972 13975
f 13971 13975 13974
f 13972 13973 9607
f 13972 9607 13975
f 5661 9608 13968
f 5661 13968 6010
f 9608 9609 13969
f 9608 13969 13968
f 9609 9610 13970
f 9609 13970 13969
f 9610 5715 9597
f 9610 9597 13970
f 13970 9597 9598
f 13970 9598 13973
f 13973 9598 5716
f 13973 5716 9607
f 13975 9607 9606
f 13975 9606 9605
f 13974 13975 9605
f 13974 9605 9604
f 6012 13974 9604
f 6012 9604 5662
f 9612 9613 13978
f 9612 13978 13977
f 6008 13976 13979
f 6008 13979 6009
f 13976 13977 13980
f 13976 13980 13979
f 13977 13978 13981
f 13977 13981 13980
f 6009 13979 9608
f 6009 9608 5661
f 13979 13980 9609
f 13979 9609 9608
f 13980 13981 9610
f 13980 9610 9609
f 5660 9611 13976
f 5660 13976 6008
f 9611 9612 13977
f 9611 13977 13976
f 9613 5262 9595
f 9613 9595 13978
f 13978 9595 9596
f 13978 9596 13981
f 13981 9596 5715
f 13981 5715 9610
f 4644 9614 13982
f 4644 13982 6881
f 9614 5263 9615
f 9614 9615 13982
f 13982 9615 9616
f 13982 9616 13983
f 13983 9616 9617
f 13983 9617 13984
f 13984 9617 9618
f 13984 9618 13985
f 13985 9618 5264
f 13985 5264 9619
f 6884 13985 9619
f 6884 9619 4645
f 6883 13984 13985
f 6883 13985 6884
f 6882 13983 13984
f 6882 13984 6883
f 6881 13982 13983
f 6881 13983 6882
f 5263 4734 7206
f 5263 7206 9615
f 9615 7206 7205
f 9615 7205 9616
f 9616 7205 7204
f 9616 7204 9617
f 9617 7204 7203
f 9617 7203 9618
f 9618 7203 4733
f 9618 4733 5264
f 9619 5264 9620
f 9619 9620 13986
f 13986 9620 9621
f 13986 9621 13987
f 13987 9621 9622
f 13987 9622 13988
f 13988 9622 5265
f 13988 5265 9623
f 6887 13988 9623
f 6887 9623 4646
f 6886 13987 13988
f 6886 13988 6887
f 6885 13986 13987
f 6885 13987 6886
f 4645 9619 13986
f 4645 13986 6885
f 5264 4733 7202
f 5264 7202 9620
f 9620 7202 7201
f 9620 7201 9621
f 9621 7201 7200
f 9621 7200 9622
f 9622 7200 4732
f 9622 4732 5265
f 4267 7868 13989
f 4267 13989 6878
f 7868 4990 9624
f 7868 9624 13989
f 13989 9624 9625
f 13989 9625 13990
f 13990 9625 9626
f 13990 9626 13991
f 13991 9626 5263
f 13991 5263 9614
f 6880 13991 9614
f 6880 9614 4644
f 6879 13990 13991
f 6879 13991 6880
f 6878 13989 13990
f 6878 13990 6879
f 4990 4290 7209
f 4990 7209 9624
f 9624 7209 7208
f 9624 7208 9625
f 9625 7208 7207
f 9625 7207 9626
f 9626 7207 4734
f 9626 4734 5263
f 5265 4732 7199
f 5265 7199 9629
f 9629 7199 7198
f 9629 7198 9628
f 9628 7198 7197
f 9628 7197 9627
f 9627 7197 4292
f 9627 4292 4946
f 9623 5265 9629
f 9623 9629 13992
f 13992 9629 9628
f 13992 9628 13993
f 13993 9628 9627
f 13993 9627 13994
f 13994 9627 4946
f 13994 4946 7756
f 6890 13994 7756
f 6890 7756 4265
f 6889 13993 13994
f 6889 13994 6890
f 6888 13992 13993
f 6888 13993 6889
f 4646 9623 13992
f 4646 13992 6888
f 9630 9631 13996
f 9630 13996 13995
f 9631 9632 13997
f 9631 13997 13996
f 9632 5645 9638
f 9632 9638 13997
f 13995 13996 13999
f 13995 13999 13998
f 13996 13997 14000
f 13996 14000 13999
f 13997 9638 9639
f 13997 9639 14000
f 13998 13999 9643
f 13998 9643 9642
f 13999 14000 9644
f 13999 9644 9643
f 14000 9639 5668
f 14000 5668 9644
f 9637 13998 9642
f 9637 9642 5667
f 9636 13995 13998
f 9636 13998 9637
f 5644 9630 13995
f 5644 13995 9636
f 9633 9634 14002
f 9633 14002 14001
f 9634 9635 14003
f 9634 14003 14002
f 9635 5646 9640
f 9635 9640 14003
f 14001 14002 14005
f 14001 14005 14004
f 14002 14003 14006
f 14002 14006 14005
f 14003 9640 9641
f 14003 9641 14006
f 14004 14005 9646
f 14004 9646 9645
f 14005 14006 9647
f 14005 9647 9646
f 14006 9641 5669
f 14006 5669 9647
f 9639 14004 9645
f 9639 9645 5668
f 9638 14001 14004
f 9638 14004 9639
f 5645 9633 14001
f 5645 14001 9638
f 9650 9649 14008
f 9650 14008 14007
f 9649 9648 14009
f 9649 14009 14008
f 9648 5997 5998
f 9648 5998 14009
f 14007 14008 14011
f 14007 14011 14010
f 14008 14009 14012
f 14008 14012 14011
f 14009 5998 5999
f 14009 5999 14012
f 14010 14011 9652
f 14010 9652 9653
f 14011 14012 9651
f 14011 9651 9652
f 14012 5999 6000
f 14012 6000 9651
f 9648 5643 5997
f 9641 14010 9653
f 9641 9653 5669
f 9640 14007 14010
f 9640 14010 9641
f 5646 9650 14007
f 5646 14007 9640
f 9657 9658 14013
f 9658 9659 14014
f 9658 14014 14013
f 9659 5644 9636
f 9659 9636 14014
f 9657 14013 14015
f 14015 14013 14017
f 14015 14017 14016
f 14013 14014 14018
f 14013 14018 14017
f 14014 9636 9637
f 14014 9637 14018
f 14016 14017 9655
f 14016 9655 9654
f 14017 14018 9656
f 14017 9656 9655
f 14018 9637 5667
f 14018 5667 9656
f 5636 9657 5948
f 5950 14016 9654
f 5950 9654 5650
f 5949 14015 14016
f 5949 14016 5950
f 5948 9657 14015
f 5948 14015 5949
f 5266 9660 14019
f 5266 14019 9665
f 9660 9661 14020
f 9660 14020 14019
f 9661 5267 9667
f 9661 9667 14020
f 9665 14019 14021
f 9665 14021 9666
f 14019 14020 14022
f 14019 14022 14021
f 14020 9667 9668
f 14020 9668 14022
f 9666 14021 9671
f 9666 9671 5269
f 14021 14022 9672
f 14021 9672 9671
f 14022 9668 5270
f 14022 5270 9672
f 9662 9663 14024
f 9662 14024 14023
f 9663 9664 14025
f 9663 14025 14024
f 14023 14024 14027
f 14023 14027 14026
f 14024 14025 14028
f 14024 14028 14027
f 14026 14027 9674
f 14026 9674 9673
f 14027 14028 9675
f 14027 9675 9674
f 9664 5268 9669
f 9664 9669 14025
f 14025 9669 9670
f 14025 9670 14028
f 14028 9670 5271
f 14028 5271 9675
f 9668 14026 9673
f 9668 9673 5270
f 9667 14023 14026
f 9667 14026 9668
f 5267 9662 14023
f 5267 14023 9667
f 9676 14029 14031
f 9676 14031 9677
f 14029 14030 14032
f 14029 14032 14031
f 14030 9679 9680
f 14030 9680 14032
f 9677 14031 14033
f 9677 14033 9678
f 14031 14032 14034
f 14031 14034 14033
f 14032 9680 9681
f 14032 9681 14034
f 5269 9671 14029
f 5269 14029 9676
f 9671 9672 14030
f 9671 14030 14029
f 9672 5270 9679
f 9672 9679 14030
f 14034 9681 5273
f 14034 5273 9686
f 14033 14034 9686
f 14033 9686 9685
f 9678 14033 9685
f 9678 9685 5272
f 14035 14036 14039
f 14035 14039 14038
f 14036 14037 14040
f 14036 14040 14039
f 14038 14039 14042
f 14038 14042 14041
f 14039 14040 14043
f 14039 14043 14042
f 5270 9673 14035
f 5270 14035 9679
f 9673 9674 14036
f 9673 14036 14035
f 9674 9675 14037
f 9674 14037 14036
f 9675 5271 9682
f 9675 9682 14037
f 14037 9682 9683
f 14037 9683 14040
f 14040 9683 9684
f 14040 9684 14043
f 14043 9684 5274
f 14043 5274 9689
f 14042 14043 9689
f 14042 9689 9688
f 14041 14042 9688
f 14041 9688 9687
f 9681 14041 9687
f 9681 9687 5273
f 9680 14038 14041
f 9680 14041 9681
f 9679 14035 14038
f 9679 14038 9680
f 7958 7957 14045
f 7958 14045 14044
f 14044 14045 14047
f 14044 14047 14046
f 14046 14047 9715
f 14046 9715 9714
f 7957 5027 9690
f 7957 9690 14045
f 14045 9690 9691
f 14045 9691 14047
f 14047 9691 5266
f 14047 5266 9715
f 7645 14046 9714
f 7645 9714 4900
f 7644 14044 14046
f 7644 14046 7645
f 4340 7958 14044
f 4340 14044 7644
f 5027 7956 14048
f 5027 14048 9690
f 7956 7955 14049
f 7956 14049 14048
f 7955 5026 9692
f 7955 9692 14049
f 9690 14048 14050
f 9690 14050 9691
f 14048 14049 14051
f 14048 14051 14050
f 14049 9692 9693
f 14049 9693 14051
f 9691 14050 9660
f 9691 9660 5266
f 14050 14051 9661
f 14050 9661 9660
f 14051 9693 5267
f 14051 5267 9661
f 7954 7953 14053
f 7954 14053 14052
f 7953 7952 14054
f 7953 14054 14053
f 14052 14053 14056
f 14052 14056 14055
f 14053 14054 14057
f 14053 14057 14056
f 14055 14056 9663
f 14055 9663 9662
f 14056 14057 9664
f 14056 9664 9663
f 7952 5025 9694
f 7952 9694 14054
f 14054 9694 9695
f 14054 9695 14057
f 14057 9695 5268
f 14057 5268 9664
f 9693 14055 9662
f 9693 9662 5267
f 9692 14052 14055
f 9692 14055 9693
f 5026 7954 14052
f 5026 14052 9692
f 5025 7951 14058
f 5025 14058 9694
f 7951 7950 14059
f 7951 14059 14058
f 7950 5616 5927
f 7950 5927 14059
f 9694 14058 14060
f 9694 14060 9695
f 14058 14059 14061
f 14058 14061 14060
f 14059 5927 5928
f 14059 5928 14061
f 9695 14060 9697
f 9695 9697 5268
f 14060 14061 9696
f 14060 9696 9697
f 14061 5928 9696
f 9696 5928 5617
f 5268 9697 14062
f 5268 14062 9669
f 9697 9696 14063
f 9697 14063 14062
f 9696 5617 14064
f 9696 14064 14063
f 9669 14062 14065
f 9669 14065 9670
f 14062 14063 14066
f 14062 14066 14065
f 14063 14064 14067
f 14063 14067 14066
f 9670 14065 9700
f 9670 9700 5271
f 14065 14066 9699
f 14065 9699 9700
f 14066 14067 9698
f 14066 9698 9699
f 5617 5929 14064
f 14064 5929 5930
f 14064 5930 14067
f 14067 5930 5618
f 14067 5618 9698
f 9682 14068 14071
f 9682 14071 9683
f 14068 14069 14072
f 14068 14072 14071
f 14069 14070 14073
f 14069 14073 14072
f 9683 14071 14074
f 9683 14074 9684
f 14071 14072 14075
f 14071 14075 14074
f 14072 14073 14076
f 14072 14076 14075
f 14073 5933 14076
f 5271 9700 14068
f 5271 14068 9682
f 9700 9699 14069
f 9700 14069 14068
f 9699 9698 14070
f 9699 14070 14069
f 9698 5618 5931
f 9698 5931 14070
f 14070 5931 5932
f 14070 5932 14073
f 14073 5932 5933
f 14076 5933 5630
f 14076 5630 9701
f 14075 14076 9701
f 14075 9701 9702
f 14074 14075 9702
f 14074 9702 9703
f 9684 14074 9703
f 9684 9703 5274
f 9703 9702 14077
f 9702 9701 14078
f 9702 14078 14077
f 9701 5630 14078
f 5274 9703 14079
f 5274 14079 9705
f 9703 14077 14079
f 9705 14079 14081
f 9705 14081 9704
f 14079 14077 14082
f 14079 14082 14081
f 14077 14078 14080
f 14077 14080 14082
f 9704 14081 7961
f 9704 7961 5028
f 14081 14082 7960
f 14081 7960 7961
f 14082 14080 7959
f 14082 7959 7960
f 5630 5934 14078
f 14078 5934 5935
f 14078 5935 14080
f 14080 5935 5631
f 14080 5631 7959
f 9687 9688 14084
f 9687 14084 14083
f 9688 9689 14085
f 9688 14085 14084
f 14083 14084 14087
f 14083 14087 14086
f 14084 14085 14088
f 14084 14088 14087
f 14086 14087 7963
f 14086 7963 7964
f 14087 14088 7962
f 14087 7962 7963
f 9689 5274 9705
f 9689 9705 14085
f 14085 9705 9704
f 14085 9704 14088
f 14088 9704 5028
f 14088 5028 7962
f 9706 14086 7964
f 9706 7964 5029
f 9707 14083 14086
f 9707 14086 9706
f 5273 9687 14083
f 5273 14083 9707
f 5272 9685 14089
f 5272 14089 9709
f 9685 9686 14090
f 9685 14090 14089
f 9686 5273 9707
f 9686 9707 14090
f 9709 14089 14091
f 9709 14091 9708
f 14089 14090 14092
f 14089 14092 14091
f 14090 9707 9706
f 14090 9706 14092
f 9708 14091 7966
f 9708 7966 5030
f 14091 14092 7965
f 14091 7965 7966
f 14092 9706 5029
f 14092 5029 7965
f 9710 9711 14094
f 9710 14094 14093
f 14093 14094 14096
f 14093 14096 14095
f 14095 14096 7967
f 14095 7967 7968
f 9711 5272 9709
f 9711 9709 14094
f 14094 9709 9708
f 14094 9708 14096
f 14096 9708 5030
f 14096 5030 7967
f 7652 14095 7968
f 7652 7968 4343
f 7651 14093 14095
f 7651 14095 7652
f 4902 9710 14093
f 4902 14093 7651
f 14097 14098 14100
f 14097 14100 14099
f 14099 14100 14102
f 14099 14102 14101
f 4901 9712 14097
f 4901 14097 7648
f 9712 9713 14098
f 9712 14098 14097
f 9713 5269 9676
f 9713 9676 14098
f 14098 9676 9677
f 14098 9677 14100
f 14100 9677 9678
f 14100 9678 14102
f 14102 9678 5272
f 14102 5272 9711
f 14101 14102 9711
f 14101 9711 9710
f 7650 14101 9710
f 7650 9710 4902
f 7649 14099 14101
f 7649 14101 7650
f 7648 14097 14099
f 7648 14099 7649
f 9714 9715 14104
f 9714 14104 14103
f 14103 14104 14106
f 14103 14106 14105
f 14105 14106 9713
f 14105 9713 9712
f 9715 5266 9665
f 9715 9665 14104
f 14104 9665 9666
f 14104 9666 14106
f 14106 9666 5269
f 14106 5269 9713
f 7647 14105 9712
f 7647 9712 4901
f 7646 14103 14105
f 7646 14105 7647
f 4900 9714 14103
f 4900 14103 7646
f 9721 14107 14109
f 9721 14109 9722
f 14107 14108 14110
f 14107 14110 14109
f 14108 9724 9725
f 14108 9725 14110
f 9722 14109 14111
f 9722 14111 9723
f 14109 14110 14112
f 14109 14112 14111
f 14110 9725 9726
f 14110 9726 14112
f 5275 9716 14107
f 5275 14107 9721
f 9716 9717 14108
f 9716 14108 14107
f 9717 5276 9724
f 9717 9724 14108
f 14112 9726 5279
f 14112 5279 9731
f 14111 14112 9731
f 14111 9731 9730
f 9723 14111 9730
f 9723 9730 5278
f 14113 14114 14117
f 14113 14117 14116
f 14114 14115 14118
f 14114 14118 14117
f 14116 14117 14120
f 14116 14120 14119
f 14117 14118 14121
f 14117 14121 14120
f 5276 9718 14113
f 5276 14113 9724
f 9718 9719 14114
f 9718 14114 14113
f 9719 9720 14115
f 9719 14115 14114
f 9720 5277 9727
f 9720 9727 14115
f 14115 9727 9728
f 14115 9728 14118
f 14118 9728 9729
f 14118 9729 14121
f 14121 9729 5280
f 14121 5280 9734
f 14120 14121 9734
f 14120 9734 9733
f 14119 14120 9733
f 14119 9733 9732
f 9726 14119 9732
f 9726 9732 5279
f 9725 14116 14119
f 9725 14119 9726
f 9724 14113 14116
f 9724 14116 9725
f 5278 9730 14122
f 5278 14122 9735
f 9730 9731 14123
f 9730 14123 14122
f 9731 5279 9737
f 9731 9737 14123
f 9735 14122 14124
f 9735 14124 9736
f 14122 14123 14125
f 14122 14125 14124
f 14123 9737 9738
f 14123 9738 14125
f 9736 14124 9741
f 9736 9741 5281
f 14124 14125 9742
f 14124 9742 9741
f 14125 9738 5282
f 14125 5282 9742
f 9732 9733 14127
f 9732 14127 14126
f 9733 9734 14128
f 9733 14128 14127
f 14126 14127 14130
f 14126 14130 14129
f 14127 14128 14131
f 14127 14131 14130
f 14129 14130 9744
f 14129 9744 9743
f 14130 14131 9745
f 14130 9745 9744
f 9734 5280 9739
f 9734 9739 14128
f 14128 9739 9740
f 14128 9740 14131
f 14131 9740 5283
f 14131 5283 9745
f 9738 14129 9743
f 9738 9743 5282
f 9737 14126 14129
f 9737 14129 9738
f 5279 9732 14126
f 5279 14126 9737
f 7968 7967 14133
f 7968 14133 14132
f 14132 14133 14135
f 14132 14135 14134
f 14134 14135 9769
f 14134 9769 9768
f 7967 5030 9746
f 7967 9746 14133
f 14133 9746 9747
f 14133 9747 14135
f 14135 9747 5275
f 14135 5275 9769
f 7672 14134 9768
f 7672 9768 4912
f 7671 14132 14134
f 7671 14134 7672
f 4343 7968 14132
f 4343 14132 7671
f 5030 7966 14136
f 5030 14136 9746
f 7966 7965 14137
f 7966 14137 14136
f 7965 5029 9748
f 7965 9748 14137
f 9746 14136 14138
f 9746 14138 9747
f 14136 14137 14139
f 14136 14139 14138
f 14137 9748 9749
f 14137 9749 14139
f 9747 14138 9716
f 9747 9716 5275
f 14138 14139 9717
f 14138 9717 9716
f 14139 9749 5276
f 14139 5276 9717
f 7964 7963 14141
f 7964 14141 14140
f 7963 7962 14142
f 7963 14142 14141
f 14140 14141 14144
f 14140 14144 14143
f 14141 14142 14145
f 14141 14145 14144
f 14143 14144 9719
f 14143 9719 9718
f 14144 14145 9720
f 14144 9720 9719
f 7962 5028 9750
f 7962 9750 14142
f 14142 9750 9751
f 14142 9751 14145
f 14145 9751 5277
f 14145 5277 9720
f 9749 14143 9718
f 9749 9718 5276
f 9748 14140 14143
f 9748 14143 9749
f 5029 7964 14140
f 5029 14140 9748
f 5028 7961 14146
f 5028 14146 9750
f 7961 7960 14147
f 7961 14147 14146
f 7960 7959 5937
f 7960 5937 14147
f 9750 14146 14148
f 9750 14148 9751
f 14146 14147 14149
f 14146 14149 14148
f 14147 5937 5938
f 14147 5938 14149
f 14148 14149 9752
f 14148 9752 9753
f 14149 5938 5632
f 14149 5632 9752
f 9751 14148 9753
f 9751 9753 5277
f 7959 5631 5936
f 7959 5936 5937
f 9727 14150 14152
f 9727 14152 9728
f 14150 14151 14153
f 14150 14153 14152
f 14151 5939 5940
f 14151 5940 14153
f 9728 14152 14154
f 9728 14154 9729
f 14152 14153 14155
f 14152 14155 14154
f 14153 5940 5941
f 14153 5941 14155
f 5277 9753 14150
f 5277 14150 9727
f 9753 9752 14151
f 9753 14151 14150
f 9752 5632 5939
f 9752 5939 14151
f 14155 5941 5633
f 14155 5633 9754
f 14154 14155 9754
f 14154 9754 9755
f 9729 14154 9755
f 9729 9755 5280
f 5280 9755 14156
f 5280 14156 9739
f 9755 9754 14156
f 14156 9754 14157
f 9754 5633 5942
f 9754 5942 14157
f 9739 14156 14158
f 9739 14158 9740
f 14156 14157 14159
f 14156 14159 14158
f 14157 5942 5943
f 14157 5943 14159
f 9740 14158 9757
f 9740 9757 5283
f 14158 14159 9756
f 14158 9756 9757
f 14159 5943 5634
f 14159 5634 9756
f 5283 9757 14160
f 5283 14160 9759
f 9757 9756 14161
f 9757 14161 14160
f 9756 5634 5944
f 9756 5944 14161
f 9759 14160 14162
f 9759 14162 9758
f 14160 14161 14163
f 14160 14163 14162
f 14161 5944 5945
f 14161 5945 14163
f 9758 14162 7970
f 9758 7970 5031
f 14162 14163 7970
f 7970 14163 7969
f 14163 5945 5635
f 14163 5635 7969
f 9743 9744 14165
f 9743 14165 14164
f 9744 9745 14166
f 9744 14166 14165
f 14164 14165 14168
f 14164 14168 14167
f 14165 14166 14169
f 14165 14169 14168
f 14167 14168 7972
f 14167 7972 7973
f 14168 14169 7971
f 14168 7971 7972
f 9745 5283 9759
f 9745 9759 14166
f 14166 9759 9758
f 14166 9758 14169
f 14169 9758 5031
f 14169 5031 7971
f 9760 14167 7973
f 9760 7973 5032
f 9761 14164 14167
f 9761 14167 9760
f 5282 9743 14164
f 5282 14164 9761
f 5281 9741 14170
f 5281 14170 9763
f 9741 9742 14171
f 9741 14171 14170
f 9742 5282 9761
f 9742 9761 14171
f 9763 14170 14172
f 9763 14172 9762
f 14170 14171 14173
f 14170 14173 14172
f 14171 9761 9760
f 14171 9760 14173
f 9762 14172 7975
f 9762 7975 5033
f 14172 14173 7974
f 14172 7974 7975
f 14173 9760 5032
f 14173 5032 7974
f 9764 9765 14175
f 9764 14175 14174
f 14174 14175 14177
f 14174 14177 14176
f 14176 14177 7976
f 14176 7976 7977
f 9765 5281 9763
f 9765 9763 14175
f 14175 9763 9762
f 14175 9762 14177
f 14177 9762 5033
f 14177 5033 7976
f 7679 14176 7977
f 7679 7977 4346
f 7678 14174 14176
f 7678 14176 7679
f 4914 9764 14174
f 4914 14174 7678
f 9766 9767 14179
f 9766 14179 14178
f 14178 14179 14181
f 14178 14181 14180
f 14180 14181 9765
f 14180 9765 9764
f 9767 5278 9735
f 9767 9735 14179
f 14179 9735 9736
f 14179 9736 14181
f 14181 9736 5281
f 14181 5281 9765
f 7677 14180 9764
f 7677 9764 4914
f 7676 14178 14180
f 7676 14180 7677
f 4913 9766 14178
f 4913 14178 7676
f 14182 14183 14185
f 14182 14185 14184
f 14184 14185 14187
f 14184 14187 14186
f 4912 9768 14182
f 4912 14182 7673
f 9768 9769 14183
f 9768 14183 14182
f 9769 5275 9721
f 9769 9721 14183
f 14183 9721 9722
f 14183 9722 14185
f 14185 9722 9723
f 14185 9723 14187
f 14187 9723 5278
f 14187 5278 9767
f 14186 14187 9767
f 14186 9767 9766
f 7675 14186 9766
f 7675 9766 4913
f 7674 14184 14186
f 7674 14186 7675
f 7673 14182 14184
f 7673 14184 7674
f 5284 9770 14188
f 5284 14188 9775
f 9770 9771 14189
f 9770 14189 14188
f 9771 5285 9777
f 9771 9777 14189
f 9775 14188 14190
f 9775 14190 9776
f 14188 14189 14191
f 14188 14191 14190
f 14189 9777 9778
f 14189 9778 14191
f 9776 14190 9781
f 9776 9781 5287
f 14190 14191 9782
f 14190 9782 9781
f 14191 9778 5288
f 14191 5288 9782
f 9772 9773 14193
f 9772 14193 14192
f 9773 9774 14194
f 9773 14194 14193
f 14192 14193 14196
f 14192 14196 14195
f 14193 14194 14197
f 14193 14197 14196
f 14195 14196 9784
f 14195 9784 9783
f 14196 14197 9785
f 14196 9785 9784
f 9774 5286 9779
f 9774 9779 14194
f 14194 9779 9780
f 14194 9780 14197
f 14197 9780 5289
f 14197 5289 9785
f 9778 14195 9783
f 9778 9783 5288
f 9777 14192 14195
f 9777 14195 9778
f 5285 9772 14192
f 5285 14192 9777
f 5287 9781 14198
f 5287 14198 9786
f 9781 9782 14199
f 9781 14199 14198
f 9782 5288 9788
f 9782 9788 14199
f 9786 14198 14200
f 9786 14200 9787
f 14198 14199 14201
f 14198 14201 14200
f 14199 9788 9789
f 14199 9789 14201
f 9787 14200 9792
f 9787 9792 5290
f 14200 14201 9793
f 14200 9793 9792
f 14201 9789 5291
f 14201 5291 9793
f 9783 9784 14203
f 9783 14203 14202
f 9784 9785 14204
f 9784 14204 14203
f 14202 14203 14206
f 14202 14206 14205
f 14203 14204 14207
f 14203 14207 14206
f 14205 14206 9795
f 14205 9795 9794
f 14206 14207 9796
f 14206 9796 9795
f 9785 5289 9790
f 9785 9790 14204
f 14204 9790 9791
f 14204 9791 14207
f 14207 9791 5292
f 14207 5292 9796
f 9789 14205 9794
f 9789 9794 5291
f 9788 14202 14205
f 9788 14205 9789
f 5288 9783 14202
f 5288 14202 9788
f 14208 14209 14211
f 14208 14211 14210
f 14210 14211 14213
f 14210 14213 14212
f 4346 7977 14208
f 4346 14208 7698
f 7977 7976 14209
f 7977 14209 14208
f 7976 5033 9797
f 7976 9797 14209
f 14209 9797 9798
f 14209 9798 14211
f 14211 9798 9799
f 14211 9799 14213
f 14213 9799 5284
f 14213 5284 9829
f 14212 14213 9829
f 14212 9829 9828
f 7700 14212 9828
f 7700 9828 4924
f 7699 14210 14212
f 7699 14212 7700
f 7698 14208 14210
f 7698 14210 7699
f 9797 14214 14216
f 9797 14216 9798
f 14214 14215 14217
f 14214 14217 14216
f 14215 9800 9801
f 14215 9801 14217
f 9798 14216 14218
f 9798 14218 9799
f 14216 14217 14219
f 14216 14219 14218
f 14217 9801 9802
f 14217 9802 14219
f 5033 7975 14214
f 5033 14214 9797
f 7975 7974 14215
f 7975 14215 14214
f 7974 5032 9800
f 7974 9800 14215
f 14219 9802 5285
f 14219 5285 9771
f 14218 14219 9771
f 14218 9771 9770
f 9799 14218 9770
f 9799 9770 5284
f 14220 14221 14224
f 14220 14224 14223
f 14221 14222 14225
f 14221 14225 14224
f 14223 14224 14227
f 14223 14227 14226
f 14224 14225 14228
f 14224 14228 14227
f 5032 7973 14220
f 5032 14220 9800
f 7973 7972 14221
f 7973 14221 14220
f 7972 7971 14222
f 7972 14222 14221
f 7971 5031 9803
f 7971 9803 14222
f 14222 9803 9804
f 14222 9804 14225
f 14225 9804 9805
f 14225 9805 14228
f 14228 9805 5286
f 14228 5286 9774
f 14227 14228 9774
f 14227 9774 9773
f 14226 14227 9773
f 14226 9773 9772
f 9802 14226 9772
f 9802 9772 5285
f 9801 14223 14226
f 9801 14226 9802
f 9800 14220 14223
f 9800 14223 9801
f 9803 14229 14232
f 9803 14232 9804
f 14229 14230 14233
f 14229 14233 14232
f 14230 14231 14233
f 14233 14231 14234
f 9804 14232 14235
f 9804 14235 9805
f 14232 14233 14236
f 14232 14236 14235
f 14233 14234 14237
f 14233 14237 14236
f 5031 7970 14229
f 5031 14229 9803
f 7970 7969 14230
f 7970 14230 14229
f 7969 5635 14231
f 7969 14231 14230
f 14231 5635 5946
f 14231 5946 5947
f 14231 5947 14234
f 14234 5947 14237
f 14237 5947 5636
f 14237 5636 9806
f 14236 14237 9806
f 14236 9806 9807
f 14235 14236 9807
f 14235 9807 9808
f 9805 14235 9808
f 9805 9808 5286
f 5286 9808 14238
f 5286 14238 9779
f 9808 9807 14239
f 9808 14239 14238
f 9807 9806 14239
f 14239 9806 14240
f 9779 14238 14241
f 9779 14241 9780
f 14238 14239 14242
f 14238 14242 14241
f 14239 14240 14243
f 14239 14243 14242
f 9780 14241 9811
f 9780 9811 5289
f 14241 14242 9810
f 14241 9810 9811
f 14242 14243 9809
f 14242 9809 9810
f 14243 5950 5650
f 14243 5650 9809
f 9806 5636 5948
f 9806 5948 5949
f 9806 5949 14240
f 14240 5949 5950
f 14240 5950 14243
f 5289 9811 14246
f 5289 14246 9790
f 9811 14244 14246
f 9790 14246 14248
f 9790 14248 9791
f 14246 14244 14249
f 14246 14249 14248
f 14244 14245 14247
f 14244 14247 14249
f 9791 14248 9814
f 9791 9814 5292
f 14248 14249 9813
f 14248 9813 9814
f 14249 14247 14250
f 14249 14250 9813
f 9811 9810 14244
f 9810 9809 14245
f 9810 14245 14244
f 9809 5650 5951
f 9809 5951 14245
f 14245 5951 5952
f 14245 5952 14247
f 14247 5952 5953
f 14247 5953 14250
f 14250 5953 5651
f 14250 5651 9812
f 9813 14250 9812
f 9817 14251 14253
f 9817 14253 9816
f 14251 14252 14254
f 14251 14254 14253
f 14252 9812 5954
f 14252 5954 14254
f 14253 14254 14255
f 14254 5954 5955
f 14254 5955 14255
f 9816 14253 14256
f 9816 14256 9815
f 14253 14255 14256
f 5292 9814 14251
f 5292 14251 9817
f 9814 9813 14252
f 9814 14252 14251
f 9813 9812 14252
f 9812 5651 5954
f 14255 5955 5652
f 14255 5652 7978
f 14256 14255 7978
f 14256 7978 7979
f 9815 14256 7979
f 9815 7979 5034
f 14257 14258 14261
f 14257 14261 14260
f 14258 14259 14262
f 14258 14262 14261
f 14260 14261 14264
f 14260 14264 14263
f 14261 14262 14265
f 14261 14265 14264
f 5291 9794 14257
f 5291 14257 9820
f 9794 9795 14258
f 9794 14258 14257
f 9795 9796 14259
f 9795 14259 14258
f 9796 5292 9817
f 9796 9817 14259
f 14259 9817 9816
f 14259 9816 14262
f 14262 9816 9815
f 14262 9815 14265
f 14265 9815 5034
f 14265 5034 7980
f 14264 14265 7980
f 14264 7980 7981
f 14263 14264 7981
f 14263 7981 7982
f 9818 14263 7982
f 9818 7982 5035
f 9819 14260 14263
f 9819 14263 9818
f 9820 14257 14260
f 9820 14260 9819
f 9823 14266 14268
f 9823 14268 9822
f 14266 14267 14269
f 14266 14269 14268
f 14267 9820 9819
f 14267 9819 14269
f 9822 14268 14270
f 9822 14270 9821
f 14268 14269 14271
f 14268 14271 14270
f 14269 9819 9818
f 14269 9818 14271
f 5290 9792 14266
f 5290 14266 9823
f 9792 9793 14267
f 9792 14267 14266
f 9793 5291 9820
f 9793 9820 14267
f 14271 9818 5035
f 14271 5035 7983
f 14270 14271 7983
f 14270 7983 7984
f 9821 14270 7984
f 9821 7984 5036
f 14272 14273 14275
f 14272 14275 14274
f 14274 14275 14277
f 14274 14277 14276
f 4926 9824 14272
f 4926 14272 7705
f 9824 9825 14273
f 9824 14273 14272
f 9825 5290 9823
f 9825 9823 14273
f 14273 9823 9822
f 14273 9822 14275
f 14275 9822 9821
f 14275 9821 14277
f 14277 9821 5036
f 14277 5036 7985
f 14276 14277 7985
f 14276 7985 7986
f 7707 14276 7986
f 7707 7986 4349
f 7706 14274 14276
f 7706 14276 7707
f 7705 14272 14274
f 7705 14274 7706
f 9826 9827 14279
f 9826 14279 14278
f 14278 14279 14281
f 14278 14281 14280
f 14280 14281 9825
f 14280 9825 9824
f 9827 5287 9786
f 9827 9786 14279
f 14279 9786 9787
f 14279 9787 14281
f 14281 9787 5290
f 14281 5290 9825
f 7704 14280 9824
f 7704 9824 4926
f 7703 14278 14280
f 7703 14280 7704
f 4925 9826 14278
f 4925 14278 7703
f 9828 9829 14283
f 9828 14283 14282
f 14282 14283 14285
f 14282 14285 14284
f 14284 14285 9827
f 14284 9827 9826
f 9829 5284 9775
f 9829 9775 14283
f 14283 9775 9776
f 14283 9776 14285
f 14285 9776 5287
f 14285 5287 9827
f 7702 14284 9826
f 7702 9826 4925
f 7701 14282 14284
f 7701 14284 7702
f 4924 9828 14282
f 4924 14282 7701
f 9835 14286 14288
f 9835 14288 9836
f 14286 14287 14289
f 14286 14289 14288
f 14287 9837 9838
f 14287 9838 14289
f 9836 14288 9841
f 9836 9841 5296
f 14288 14289 9842
f 14288 9842 9841
f 14289 9838 5297
f 14289 5297 9842
f 5293 9830 14286
f 5293 14286 9835
f 9830 9831 14287
f 9830 14287 14286
f 9831 5294 9837
f 9831 9837 14287
f 14290 14291 14294
f 14290 14294 14293
f 14291 14292 14295
f 14291 14295 14294
f 14293 14294 9844
f 14293 9844 9843
f 14294 14295 9845
f 14294 9845 9844
f 5294 9832 14290
f 5294 14290 9837
f 9832 9833 14291
f 9832 14291 14290
f 9833 9834 14292
f 9833 14292 14291
f 9834 5295 9839
f 9834 9839 14292
f 14292 9839 9840
f 14292 9840 14295
f 14295 9840 5298
f 14295 5298 9845
f 9838 14293 9843
f 9838 9843 5297
f 9837 14290 14293
f 9837 14293 9838
f 9846 14296 14298
f 9846 14298 9847
f 14296 14297 14299
f 14296 14299 14298
f 14297 9849 9850
f 14297 9850 14299
f 9847 14298 14300
f 9847 14300 9848
f 14298 14299 14301
f 14298 14301 14300
f 14299 9850 9851
f 14299 9851 14301
f 5296 9841 14296
f 5296 14296 9846
f 9841 9842 14297
f 9841 14297 14296
f 9842 5297 9849
f 9842 9849 14297
f 14301 9851 5300
f 14301 5300 9856
f 14300 14301 9856
f 14300 9856 9855
f 9848 14300 9855
f 9848 9855 5299
f 14302 14303 14306
f 14302 14306 14305
f 14303 14304 14307
f 14303 14307 14306
f 14305 14306 14309
f 14305 14309 14308
f 14306 14307 14310
f 14306 14310 14309
f 5297 9843 14302
f 5297 14302 9849
f 9843 9844 14303
f 9843 14303 14302
f 9844 9845 14304
f 9844 14304 14303
f 9845 5298 9852
f 9845 9852 14304
f 14304 9852 9853
f 14304 9853 14307
f 14307 9853 9854
f 14307 9854 14310
f 14310 9854 5301
f 14310 5301 9859
f 14309 14310 9859
f 14309 9859 9858
f 14308 14309 9858
f 14308 9858 9857
f 9851 14308 9857
f 9851 9857 5300
f 9850 14305 14308
f 9850 14308 9851
f 9849 14302 14305
f 9849 14305 9850
f 7986 7985 14312
f 7986 14312 14311
f 14311 14312 14314
f 14311 14314 14313
f 14313 14314 9883
f 14313 9883 9882
f 7985 5036 9860
f 7985 9860 14312
f 14312 9860 9861
f 14312 9861 14314
f 14314 9861 5293
f 14314 5293 9883
f 7729 14313 9882
f 7729 9882 4936
f 7728 14311 14313
f 7728 14313 7729
f 4349 7986 14311
f 4349 14311 7728
f 5036 7984 14315
f 5036 14315 9860
f 7984 7983 14316
f 7984 14316 14315
f 7983 5035 9862
f 7983 9862 14316
f 9860 14315 14317
f 9860 14317 9861
f 14315 14316 14318
f 14315 14318 14317
f 14316 9862 9863
f 14316 9863 14318
f 9861 14317 9830
f 9861 9830 5293
f 14317 14318 9831
f 14317 9831 9830
f 14318 9863 5294
f 14318 5294 9831
f 7982 7981 14320
f 7982 14320 14319
f 7981 7980 14321
f 7981 14321 14320
f 14319 14320 14323
f 14319 14323 14322
f 14320 14321 14324
f 14320 14324 14323
f 14322 14323 9833
f 14322 9833 9832
f 14323 14324 9834
f 14323 9834 9833
f 7980 5034 9864
f 7980 9864 14321
f 14321 9864 9865
f 14321 9865 14324
f 14324 9865 5295
f 14324 5295 9834
f 9863 14322 9832
f 9863 9832 5294
f 9862 14319 14322
f 9862 14322 9863
f 5035 7982 14319
f 5035 14319 9862
f 5034 7979 14325
f 5034 14325 9864
f 7979 7978 14326
f 7979 14326 14325
f 7978 5652 5956
f 7978 5956 14326
f 9864 14325 14327
f 9864 14327 9865
f 14325 14326 14328
f 14325 14328 14327
f 14326 5956 5957
f 14326 5957 14328
f 9865 14327 9867
f 9865 9867 5295
f 14327 14328 9866
f 14327 9866 9867
f 14328 5957 5653
f 14328 5653 9866
f 14329 9866 14330
f 9866 5653 5958
f 9866 5958 14330
f 9839 14329 14331
f 9839 14331 9840
f 14329 14330 14332
f 14329 14332 14331
f 14330 5958 5959
f 14330 5959 14332
f 9840 14331 9869
f 9840 9869 5298
f 14331 14332 9868
f 14331 9868 9869
f 14332 5959 5654
f 14332 5654 9868
f 5295 9867 14329
f 5295 14329 9839
f 9867 9866 14329
f 9852 14333 14335
f 9852 14335 9853
f 14333 14334 14336
f 14333 14336 14335
f 14334 5960 5961
f 14334 5961 14336
f 9853 14335 14337
f 9853 14337 9854
f 14335 14336 14337
f 14337 14336 14338
f 14336 5961 5655
f 14336 5655 14338
f 5298 9869 14333
f 5298 14333 9852
f 9869 9868 14334
f 9869 14334 14333
f 9868 5654 5960
f 9868 5960 14334
f 14338 5655 5962
f 14338 5962 9870
f 14337 14338 9870
f 14337 9870 9871
f 9854 14337 9871
f 9854 9871 5301
f 5301 9871 14339
f 5301 14339 9873
f 9871 9870 14340
f 9871 14340 14339
f 9870 5962 14340
f 14340 5962 14341
f 9873 14339 14342
f 9873 14342 9872
f 14339 14340 14343
f 14339 14343 14342
f 14340 14341 14344
f 14340 14344 14343
f 9872 14342 7807
f 9872 7807 4963
f 14342 14343 7808
f 14342 7808 7807
f 14343 14344 7809
f 14343 7809 7808
f 5962 5963 5964
f 5962 5964 14341
f 14341 5964 14344
f 14344 5964 5965
f 14344 5965 5656
f 7809 14344 5656
f 9857 9858 14346
f 9857 14346 14345
f 9858 9859 14347
f 9858 14347 14346
f 14345 14346 14349
f 14345 14349 14348
f 14346 14347 14350
f 14346 14350 14349
f 14348 14349 7805
f 14348 7805 7804
f 14349 14350 7806
f 14349 7806 7805
f 9859 5301 9873
f 9859 9873 14347
f 14347 9873 9872
f 14347 9872 14350
f 14350 9872 4963
f 14350 4963 7806
f 9874 14348 7804
f 9874 7804 4962
f 9875 14345 14348
f 9875 14348 9874
f 5300 9857 14345
f 5300 14345 9875
f 5299 9855 14351
f 5299 14351 9877
f 9855 9856 14352
f 9855 14352 14351
f 9856 5300 9875
f 9856 9875 14352
f 9877 14351 14353
f 9877 14353 9876
f 14351 14352 14354
f 14351 14354 14353
f 14352 9875 9874
f 14352 9874 14354
f 9876 14353 7802
f 9876 7802 4961
f 14353 14354 7803
f 14353 7803 7802
f 14354 9874 4962
f 14354 4962 7803
f 9878 9879 14356
f 9878 14356 14355
f 14355 14356 14358
f 14355 14358 14357
f 14357 14358 7801
f 14357 7801 7800
f 9879 5299 9877
f 9879 9877 14356
f 14356 9877 9876
f 14356 9876 14358
f 14358 9876 4961
f 14358 4961 7801
f 7736 14357 7800
f 7736 7800 4353
f 7735 14355 14357
f 7735 14357 7736
f 4938 9878 14355
f 4938 14355 7735
f 14359 14360 14362
f 14359 14362 14361
f 14361 14362 14364
f 14361 14364 14363
f 4937 9880 14359
f 4937 14359 7732
f 9880 9881 14360
f 9880 14360 14359
f 9881 5296 9846
f 9881 9846 14360
f 14360 9846 9847
f 14360 9847 14362
f 14362 9847 9848
f 14362 9848 14364
f 14364 9848 5299
f 14364 5299 9879
f 14363 14364 9879
f 14363 9879 9878
f 7734 14363 9878
f 7734 9878 4938
f 7733 14361 14363
f 7733 14363 7734
f 7732 14359 14361
f 7732 14361 7733
f 14365 14366 14368
f 14365 14368 14367
f 14367 14368 9881
f 14367 9881 9880
f 4936 9882 14365
f 4936 14365 7730
f 9882 9883 14366
f 9882 14366 14365
f 9883 5293 9835
f 9883 9835 14366
f 14366 9835 9836
f 14366 9836 14368
f 14368 9836 5296
f 14368 5296 9881
f 7731 14367 9880
f 7731 9880 4937
f 7730 14365 14367
f 7730 14367 7731
f 9884 5302 9885
f 9884 9885 14369
f 14369 9885 9886
f 14369 9886 14370
f 14370 9886 5303
f 14370 5303 9887
f 6443 14370 9887
f 6443 9887 4522
f 6442 14369 14370
f 6442 14370 6443
f 4521 9884 14369
f 4521 14369 6442
f 5302 4681 7018
f 5302 7018 9885
f 9885 7018 7017
f 9885 7017 9886
f 9886 7017 4680
f 9886 4680 5303
f 4522 9887 14371
f 4522 14371 6444
f 9887 5303 9888
f 9887 9888 14371
f 14371 9888 9889
f 14371 9889 14372
f 14372 9889 9890
f 14372 9890 14373
f 14373 9890 5304
f 14373 5304 9891
f 6446 14373 9891
f 6446 9891 4523
f 6445 14372 14373
f 6445 14373 6446
f 6444 14371 14372
f 6444 14372 6445
f 5303 4680 7016
f 5303 7016 9888
f 9888 7016 7015
f 9888 7015 9889
f 9889 7015 7014
f 9889 7014 9890
f 9890 7014 4679
f 9890 4679 5304
f 4210 6427 14374
f 4210 14374 6440
f 6427 4515 9892
f 6427 9892 14374
f 14374 9892 9893
f 14374 9893 14375
f 14375 9893 5302
f 14375 5302 9884
f 6441 14375 9884
f 6441 9884 4521
f 6440 14374 14375
f 6440 14375 6441
f 4515 4216 7020
f 4515 7020 9892
f 9892 7020 7019
f 9892 7019 9893
f 9893 7019 4681
f 9893 4681 5302
f 5304 4679 7013
f 5304 7013 9896
f 9896 7013 7012
f 9896 7012 9895
f 9895 7012 7011
f 9895 7011 9894
f 9894 7011 4278
f 9894 4278 4959
f 9891 5304 9896
f 9891 9896 14376
f 14376 9896 9895
f 14376 9895 14377
f 14377 9895 9894
f 14377 9894 14378
f 14378 9894 4959
f 14378 4959 7798
f 6449 14378 7798
f 6449 7798 4275
f 6448 14377 14378
f 6448 14378 6449
f 6447 14376 14377
f 6447 14377 6448
f 4523 9891 14376
f 4523 14376 6447
f 4846 9897 14379
f 4846 14379 7510
f 9897 5305 9898
f 9897 9898 14379
f 14379 9898 9899
f 14379 9899 14380
f 14380 9899 5306
f 14380 5306 9900
f 7511 14380 9900
f 7511 9900 4847
f 7510 14379 14380
f 7510 14380 7511
f 5305 4944 7752
f 5305 7752 9898
f 9898 7752 7751
f 9898 7751 9899
f 9899 7751 4943
f 9899 4943 5306
f 4847 9900 14381
f 4847 14381 7512
f 9900 5306 9901
f 9900 9901 14381
f 14381 9901 9902
f 14381 9902 14382
f 14382 9902 9903
f 14382 9903 14383
f 14383 9903 5307
f 14383 5307 9904
f 7514 14383 9904
f 7514 9904 4848
f 7513 14382 14383
f 7513 14383 7514
f 7512 14381 14382
f 7512 14382 7513
f 5306 4943 7750
f 5306 7750 9901
f 9901 7750 7749
f 9901 7749 9902
f 9902 7749 7748
f 9902 7748 9903
f 9903 7748 4942
f 9903 4942 5307
f 7946 5021 9905
f 7946 9905 14384
f 14384 9905 9906
f 14384 9906 14385
f 14385 9906 5305
f 14385 5305 9897
f 7509 14385 9897
f 7509 9897 4846
f 7508 14384 14385
f 7508 14385 7509
f 4327 7946 14384
f 4327 14384 7508
f 5021 4350 7754
f 5021 7754 9905
f 9905 7754 7753
f 9905 7753 9906
f 9906 7753 4944
f 9906 4944 5305
f 5307 4942 7747
f 5307 7747 9908
f 9908 7747 7746
f 9908 7746 9907
f 9907 7746 4352
f 9907 4352 4960
f 9904 5307 9908
f 9904 9908 14386
f 14386 9908 9907
f 14386 9907 14387
f 14387 9907 4960
f 14387 4960 7799
f 7516 14387 7799
f 7516 7799 4325
f 7515 14386 14387
f 7515 14387 7516
f 4848 9904 14386
f 4848 14386 7515
f 5308 9909 14388
f 5308 14388 9914
f 9909 9910 14389
f 9909 14389 14388
f 9910 9911 14390
f 9910 14390 14389
f 9914 14388 14391
f 9914 14391 9915
f 14388 14389 14392
f 14388 14392 14391
f 14389 14390 14393
f 14389 14393 14392
f 9915 14391 9920
f 9915 9920 5311
f 14391 14392 9921
f 14391 9921 9920
f 14392 14393 9922
f 14392 9922 9921
f 9911 5309 9916
f 9911 9916 14390
f 14390 9916 9917
f 14390 9917 14393
f 14393 9917 5312
f 14393 5312 9922
f 5309 9912 14394
f 5309 14394 9916
f 9912 9913 14395
f 9912 14395 14394
f 9913 5310 9918
f 9913 9918 14395
f 9916 14394 14396
f 9916 14396 9917
f 14394 14395 14397
f 14394 14397 14396
f 14395 9918 9919
f 14395 9919 14397
f 9917 14396 9923
f 9917 9923 5312
f 14396 14397 9924
f 14396 9924 9923
f 14397 9919 5313
f 14397 5313 9924
f 5311 9920 14398
f 5311 14398 9925
f 9920 9921 14399
f 9920 14399 14398
f 9921 9922 14400
f 9921 14400 14399
f 9925 14398 14401
f 9925 14401 9926
f 14398 14399 14402
f 14398 14402 14401
f 14399 14400 14403
f 14399 14403 14402
f 9926 14401 9931
f 9926 9931 5314
f 14401 14402 9932
f 14401 9932 9931
f 14402 14403 9933
f 14402 9933 9932
f 9922 5312 9927
f 9922 9927 14400
f 14400 9927 9928
f 14400 9928 14403
f 14403 9928 5315
f 14403 5315 9933
f 5312 9923 14404
f 5312 14404 9927
f 9923 9924 14405
f 9923 14405 14404
f 9924 5313 9929
f 9924 9929 14405
f 9927 14404 14406
f 9927 14406 9928
f 14404 14405 14407
f 14404 14407 14406
f 14405 9929 9930
f 14405 9930 14407
f 9928 14406 9934
f 9928 9934 5315
f 14406 14407 9935
f 14406 9935 9934
f 14407 9930 5316
f 14407 5316 9935
f 7797 14408 14411
f 7797 14411 14410
f 14408 14409 14412
f 14408 14412 14411
f 14410 14411 14414
f 14410 14414 14413
f 14411 14412 14415
f 14411 14415 14414
f 7796 7795 14408
f 7796 14408 7797
f 7795 7794 14409
f 7795 14409 14408
f 7794 4958 9936
f 7794 9936 14409
f 14409 9936 9937
f 14409 9937 14412
f 14412 9937 9938
f 14412 9938 14415
f 14415 9938 5308
f 14415 5308 9968
f 14414 14415 9968
f 14414 9968 9967
f 14413 14414 9967
f 14413 9967 9966
f 6079 14413 9966
f 6079 9966 5821
f 6078 14410 14413
f 6078 14413 6079
f 6078 7797 14410
f 5820 7797 6078
f 9936 14416 14419
f 9936 14419 9937
f 14416 14417 14420
f 14416 14420 14419
f 14417 14418 14421
f 14417 14421 14420
f 9937 14419 14422
f 9937 14422 9938
f 14419 14420 14423
f 14419 14423 14422
f 14420 14421 14424
f 14420 14424 14423
f 4958 7793 14416
f 4958 14416 9936
f 7793 7792 14417
f 7793 14417 14416
f 7792 7791 14418
f 7792 14418 14417
f 7791 4957 9939
f 7791 9939 14418
f 14418 9939 9940
f 14418 9940 14421
f 14421 9940 9941
f 14421 9941 14424
f 14424 9941 5309
f 14424 5309 9911
f 14423 14424 9911
f 14423 9911 9910
f 14422 14423 9910
f 14422 9910 9909
f 9938 14422 9909
f 9938 9909 5308
f 9939 14425 14427
f 9939 14427 9940
f 14425 14426 14428
f 14425 14428 14427
f 14426 9942 9943
f 14426 9943 14428
f 9940 14427 14429
f 9940 14429 9941
f 14427 14428 14430
f 14427 14430 14429
f 14428 9943 9944
f 14428 9944 14430
f 4957 7790 14425
f 4957 14425 9939
f 7790 7789 14426
f 7790 14426 14425
f 7789 4956 9942
f 7789 9942 14426
f 14430 9944 5310
f 14430 5310 9913
f 14429 14430 9913
f 14429 9913 9912
f 9941 14429 9912
f 9941 9912 5309
f 9942 14431 14433
f 9942 14433 9943
f 14431 14432 14434
f 14431 14434 14433
f 9943 14433 14435
f 9943 14435 9944
f 14433 14434 14436
f 14433 14436 14435
f 4956 7788 14431
f 4956 14431 9942
f 7788 7787 14432
f 7788 14432 14431
f 7787 4323 7464
f 7787 7464 14432
f 14432 7464 7463
f 14432 7463 14434
f 14434 7463 7462
f 14434 7462 14436
f 14436 7462 4828
f 14436 4828 9945
f 14435 14436 9945
f 14435 9945 9946
f 9944 14435 9946
f 9944 9946 5310
f 5310 9946 14437
f 5310 14437 9918
f 9946 9945 14438
f 9946 14438 14437
f 9918 14437 14439
f 9918 14439 9919
f 14437 14438 14440
f 14437 14440 14439
f 9919 14439 9948
f 9919 9948 5313
f 14439 14440 9947
f 14439 9947 9948
f 9945 4828 7461
f 9945 7461 14438
f 14438 7461 7460
f 14438 7460 14440
f 14440 7460 4827
f 14440 4827 9947
f 5313 9948 14441
f 5313 14441 9929
f 9948 9947 14442
f 9948 14442 14441
f 9929 14441 14443
f 9929 14443 9930
f 14441 14442 14444
f 14441 14444 14443
f 9930 14443 9950
f 9930 9950 5316
f 14443 14444 9949
f 14443 9949 9950
f 9947 4827 7459
f 9947 7459 14442
f 14442 7459 7458
f 14442 7458 14444
f 14444 7458 4826
f 14444 4826 9949
f 9953 14445 14447
f 9953 14447 9952
f 14445 14446 14448
f 14445 14448 14447
f 9952 14447 14449
f 9952 14449 9951
f 14447 14448 14450
f 14447 14450 14449
f 5316 9950 14445
f 5316 14445 9953
f 9950 9949 14446
f 9950 14446 14445
f 9949 4826 7457
f 9949 7457 14446
f 14446 7457 7456
f 14446 7456 14448
f 14448 7456 7455
f 14448 7455 14450
f 14450 7455 4319
f 14450 4319 7945
f 14449 14450 7945
f 14449 7945 7944
f 9951 14449 7944
f 9951 7944 5020
f 9956 14451 14453
f 9956 14453 9955
f 14451 14452 14454
f 14451 14454 14453
f 14452 9953 9952
f 14452 9952 14454
f 9955 14453 14455
f 9955 14455 9954
f 14453 14454 14456
f 14453 14456 14455
f 14454 9952 9951
f 14454 9951 14456
f 5315 9934 14451
f 5315 14451 9956
f 9934 9935 14452
f 9934 14452 14451
f 9935 5316 9953
f 9935 9953 14452
f 14456 9951 5020
f 14456 5020 7943
f 14455 14456 7943
f 14455 7943 7942
f 9954 14455 7942
f 9954 7942 5019
f 9959 14457 14460
f 9959 14460 9958
f 14457 14458 14461
f 14457 14461 14460
f 14458 14459 14462
f 14458 14462 14461
f 9958 14460 14463
f 9958 14463 9957
f 14460 14461 14464
f 14460 14464 14463
f 14461 14462 14465
f 14461 14465 14464
f 5314 9931 14457
f 5314 14457 9959
f 9931 9932 14458
f 9931 14458 14457
f 9932 9933 14459
f 9932 14459 14458
f 9933 5315 9956
f 9933 9956 14459
f 14459 9956 9955
f 14459 9955 14462
f 14462 9955 9954
f 14462 9954 14465
f 14465 9954 5019
f 14465 5019 7941
f 14464 14465 7941
f 14464 7941 7940
f 14463 14464 7940
f 14463 7940 7939
f 9957 14463 7939
f 9957 7939 5018
f 14466 14467 14470
f 14466 14470 14469
f 14467 14468 14471
f 14467 14471 14470
f 14469 14470 14473
f 14469 14473 14472
f 14470 14471 14474
f 14470 14474 14473
f 5823 9960 14466
f 5823 14466 6084
f 9960 9961 14467
f 9960 14467 14466
f 9961 9962 14468
f 9961 14468 14467
f 9962 5314 9959
f 9962 9959 14468
f 14468 9959 9958
f 14468 9958 14471
f 14471 9958 9957
f 14471 9957 14474
f 14474 9957 5018
f 14474 5018 7938
f 14473 14474 7938
f 14473 7938 7937
f 14472 14473 7937
f 14472 7937 7936
f 6086 14472 7936
f 6086 7936 5824
f 6086 14469 14472
f 6085 14469 6086
f 6084 14466 14469
f 6084 14469 6085
f 9963 9964 14476
f 9963 14476 14475
f 9964 9965 14477
f 9964 14477 14476
f 14475 14476 14479
f 14475 14479 14478
f 14476 14477 14480
f 14476 14480 14479
f 14478 14479 9960
f 9960 14479 9961
f 14479 14480 9962
f 14479 9962 9961
f 5822 9963 14475
f 5822 14475 6082
f 9965 5311 9925
f 9965 9925 14477
f 14477 9925 9926
f 14477 9926 14480
f 14480 9926 5314
f 14480 5314 9962
f 6083 14478 9960
f 6083 9960 5823
f 6082 14475 14478
f 6082 14478 6083
f 9966 14482 14481
f 9966 9967 14482
f 9967 9968 14483
f 9967 14483 14482
f 14481 14482 14485
f 14481 14485 14484
f 14482 14483 14486
f 14482 14486 14485
f 14484 14485 9964
f 14484 9964 9963
f 14485 14486 9965
f 14485 9965 9964
f 9968 5308 9914
f 9968 9914 14483
f 14483 9914 9915
f 14483 9915 14486
f 14486 9915 5311
f 14486 5311 9965
f 6081 14484 9963
f 6081 9963 5822
f 6080 14481 14484
f 6080 14484 6081
f 5821 9966 14481
f 5821 14481 6080
f 5317 9969 14487
f 5317 14487 9974
f 9969 9970 14488
f 9969 14488 14487
f 9970 9971 14489
f 9970 14489 14488
f 9974 14487 14490
f 9974 14490 9975
f 14487 14488 14491
f 14487 14491 14490
f 14488 14489 14492
f 14488 14492 14491
f 9975 14490 9980
f 9975 9980 5320
f 14490 14491 9981
f 14490 9981 9980
f 14491 14492 9982
f 14491 9982 9981
f 9971 5318 9976
f 9971 9976 14489
f 14489 9976 9977
f 14489 9977 14492
f 14492 9977 5321
f 14492 5321 9982
f 5318 9972 14493
f 5318 14493 9976
f 9972 9973 14494
f 9972 14494 14493
f 9973 5319 9978
f 9973 9978 14494
f 9976 14493 14495
f 9976 14495 9977
f 14493 14494 14496
f 14493 14496 14495
f 14494 9978 9979
f 14494 9979 14496
f 9977 14495 9983
f 9977 9983 5321
f 14495 14496 9984
f 14495 9984 9983
f 14496 9979 5322
f 14496 5322 9984
f 9985 14497 14500
f 9985 14500 9986
f 14497 14498 14501
f 14497 14501 14500
f 14498 14499 14502
f 14498 14502 14501
f 9986 14500 14503
f 9986 14503 9987
f 14500 14501 14504
f 14500 14504 14503
f 14501 14502 14505
f 14501 14505 14504
f 5320 9980 14497
f 5320 14497 9985
f 9980 9981 14498
f 9980 14498 14497
f 9981 9982 14499
f 9981 14499 14498
f 9982 5321 9988
f 9982 9988 14499
f 14499 9988 9989
f 14499 9989 14502
f 14502 9989 9990
f 14502 9990 14505
f 14505 9990 5324
f 14505 5324 9996
f 14504 14505 9996
f 14504 9996 9995
f 14503 14504 9995
f 14503 9995 9994
f 9987 14503 9994
f 9987 9994 5323
f 9988 14506 14508
f 9988 14508 9989
f 14506 14507 14509
f 14506 14509 14508
f 14507 9991 9992
f 14507 9992 14509
f 9989 14508 14510
f 9989 14510 9990
f 14508 14509 14511
f 14508 14511 14510
f 14509 9992 9993
f 14509 9993 14511
f 5321 9983 14506
f 5321 14506 9988
f 9983 9984 14507
f 9983 14507 14506
f 9984 5322 9991
f 9984 9991 14507
f 14511 9993 5325
f 14511 5325 9998
f 14510 14511 9998
f 14510 9998 9997
f 9990 14510 9997
f 9990 9997 5324
f 7936 7937 14513
f 7936 14513 14512
f 7937 7938 14514
f 7937 14514 14513
f 14512 14513 14516
f 14512 14516 14515
f 14513 14514 14517
f 14513 14517 14516
f 14515 14516 10025
f 14515 10025 10024
f 14516 14517 10026
f 14516 10026 10025
f 7938 5018 9999
f 7938 9999 14514
f 14514 9999 10000
f 14514 10000 14517
f 14517 10000 5317
f 14517 5317 10026
f 6088 14515 10024
f 6088 10024 5825
f 6087 14512 14515
f 6087 14515 6088
f 6087 7936 14512
f 5824 7936 6087
f 5018 7939 14518
f 5018 14518 9999
f 7939 7940 14519
f 7939 14519 14518
f 7940 7941 14520
f 7940 14520 14519
f 9999 14518 14521
f 9999 14521 10000
f 14518 14519 14522
f 14518 14522 14521
f 14519 14520 14523
f 14519 14523 14522
f 10000 14521 9969
f 10000 9969 5317
f 14521 14522 9970
f 14521 9970 9969
f 14522 14523 9971
f 14522 9971 9970
f 7941 5019 10001
f 7941 10001 14520
f 14520 10001 10002
f 14520 10002 14523
f 14523 10002 5318
f 14523 5318 9971
f 5019 7942 14524
f 5019 14524 10001
f 7942 7943 14525
f 7942 14525 14524
f 7943 5020 10003
f 7943 10003 14525
f 10001 14524 14526
f 10001 14526 10002
f 14524 14525 14527
f 14524 14527 14526
f 14525 10003 10004
f 14525 10004 14527
f 10002 14526 9972
f 10002 9972 5318
f 14526 14527 9973
f 14526 9973 9972
f 14527 10004 5319
f 14527 5319 9973
f 5020 7944 14528
f 5020 14528 10003
f 7944 7945 14529
f 7944 14529 14528
f 10003 14528 14530
f 10003 14530 10004
f 14528 14529 14531
f 14528 14531 14530
f 10004 14530 10006
f 10004 10006 5319
f 14530 14531 10005
f 14530 10005 10006
f 7945 4319 7436
f 7945 7436 14529
f 14529 7436 7435
f 14529 7435 14531
f 14531 7435 4817
f 14531 4817 10005
f 5319 10006 14532
f 5319 14532 9978
f 10006 10005 14533
f 10006 14533 14532
f 9978 14532 14534
f 9978 14534 9979
f 14532 14533 14535
f 14532 14535 14534
f 9979 14534 10008
f 9979 10008 5322
f 14534 14535 10007
f 14534 10007 10008
f 10005 4817 7434
f 10005 7434 14533
f 14533 7434 7433
f 14533 7433 14535
f 14535 7433 4816
f 14535 4816 10007
f 9991 14536 14538
f 9991 14538 9992
f 14536 14537 14539
f 14536 14539 14538
f 9992 14538 14540
f 9992 14540 9993
f 14538 14539 14541
f 14538 14541 14540
f 5322 10008 14536
f 5322 14536 9991
f 10008 10007 14537
f 10008 14537 14536
f 10007 4816 7432
f 10007 7432 14537
f 14537 7432 7431
f 14537 7431 14539
f 14539 7431 7430
f 14539 7430 14541
f 14541 7430 4815
f 14541 4815 10009
f 14540 14541 10009
f 14540 10009 10010
f 9993 14540 10010
f 9993 10010 5325
f 5325 10010 14542
f 5325 14542 10012
f 10010 10009 14543
f 10010 14543 14542
f 10012 14542 14544
f 10012 14544 10011
f 14542 14543 14545
f 14542 14545 14544
f 10011 14544 7934
f 10011 7934 5017
f 14544 14545 7935
f 14544 7935 7934
f 10009 4815 7429
f 10009 7429 14543
f 14543 7429 7428
f 14543 7428 14545
f 14545 7428 4316
f 14545 4316 7935
f 5324 9997 14546
f 5324 14546 10014
f 9997 9998 14547
f 9997 14547 14546
f 9998 5325 10012
f 9998 10012 14547
f 10014 14546 14548
f 10014 14548 10013
f 14546 14547 14549
f 14546 14549 14548
f 14547 10012 10011
f 14547 10011 14549
f 10013 14548 7932
f 10013 7932 5016
f 14548 14549 7933
f 14548 7933 7932
f 14549 10011 5017
f 14549 5017 7933
f 5323 9994 14550
f 5323 14550 10016
f 9994 9995 14551
f 9994 14551 14550
f 9995 9996 14552
f 9995 14552 14551
f 10016 14550 14553
f 10016 14553 10015
f 14550 14551 14554
f 14550 14554 14553
f 14551 14552 14555
f 14551 14555 14554
f 10015 14553 7929
f 10015 7929 5015
f 14553 14554 7930
f 14553 7930 7929
f 14554 14555 7931
f 14554 7931 7930
f 9996 5324 10014
f 9996 10014 14552
f 14552 10014 10013
f 14552 10013 14555
f 14555 10013 5016
f 14555 5016 7931
f 6093 10018 14556
f 6093 14556 6094
f 10018 10019 14557
f 10018 14557 14556
f 10019 10020 14558
f 10019 14558 14557
f 6094 14556 14559
f 14556 14557 14560
f 14556 14560 14559
f 14557 14558 14561
f 14557 14561 14560
f 6094 14559 14562
f 14559 14560 7927
f 14560 14561 7928
f 14560 7928 7927
f 5827 10017 10018
f 5827 10018 6093
f 10020 5323 10016
f 10020 10016 14558
f 14558 10016 10015
f 14558 10015 14561
f 14561 10015 5015
f 14561 5015 7928
f 14559 7927 7926
f 14562 14559 7926
f 14562 7926 7925
f 6096 14562 7925
f 6096 7925 5828
f 6095 6094 14562
f 6095 14562 6096
f 14563 14564 14566
f 14564 14565 14567
f 14564 14567 14566
f 6091 14563 14568
f 6091 14568 6092
f 14563 14566 14568
f 6092 14568 10017
f 6092 10017 5827
f 14568 14566 14569
f 14568 14569 10017
f 14566 14567 14570
f 14566 14570 14569
f 5826 10021 14563
f 5826 14563 6091
f 10021 10022 14564
f 10021 14564 14563
f 10022 10023 14565
f 10022 14565 14564
f 10023 5320 9985
f 10023 9985 14565
f 14565 9985 9986
f 14565 9986 14567
f 14567 9986 9987
f 14567 9987 14570
f 14570 9987 5323
f 14570 5323 10020
f 14569 14570 10020
f 14569 10020 10019
f 10017 14569 10019
f 10017 10019 10018
f 10024 10025 14572
f 10024 14572 14571
f 10025 10026 14573
f 10025 14573 14572
f 14571 14572 14575
f 14571 14575 14574
f 14572 14573 14576
f 14572 14576 14575
f 6090 14574 10021
f 6090 10021 5826
f 14574 14575 10022
f 14574 10022 10021
f 14575 14576 10023
f 14575 10023 10022
f 10026 5317 9974
f 10026 9974 14573
f 14573 9974 9975
f 14573 9975 14576
f 14576 9975 5320
f 14576 5320 10023
f 6089 14571 14574
f 6089 14574 6090
f 5825 10024 14571
f 5825 14571 6089
f 10032 14577 14580
f 10032 14580 10033
f 14577 14578 14581
f 14577 14581 14580
f 14578 14579 14582
f 14578 14582 14581
f 10033 14580 14583
f 10033 14583 10034
f 14580 14581 14584
f 14580 14584 14583
f 14581 14582 14585
f 14581 14585 14584
f 5326 10027 14577
f 5326 14577 10032
f 10027 10028 14578
f 10027 14578 14577
f 10028 10029 14579
f 10028 14579 14578
f 10029 5327 10035
f 10029 10035 14579
f 14579 10035 10036
f 14579 10036 14582
f 14582 10036 10037
f 14582 10037 14585
f 14585 10037 5330
f 14585 5330 10043
f 14584 14585 10043
f 14584 10043 10042
f 14583 14584 10042
f 14583 10042 10041
f 10034 14583 10041
f 10034 10041 5329
f 10035 14586 14588
f 10035 14588 10036
f 14586 14587 14589
f 14586 14589 14588
f 14587 10038 10039
f 14587 10039 14589
f 10036 14588 14590
f 10036 14590 10037
f 14588 14589 14591
f 14588 14591 14590
f 14589 10039 10040
f 14589 10040 14591
f 5327 10030 14586
f 5327 14586 10035
f 10030 10031 14587
f 10030 14587 14586
f 10031 5328 10038
f 10031 10038 14587
f 14591 10040 5331
f 14591 5331 10045
f 14590 14591 10045
f 14590 10045 10044
f 10037 14590 10044
f 10037 10044 5330
f 5329 10041 14592
f 5329 14592 10046
f 10041 10042 14593
f 10041 14593 14592
f 10042 10043 14594
f 10042 14594 14593
f 10046 14592 14595
f 10046 14595 10047
f 14592 14593 14596
f 14592 14596 14595
f 14593 14594 14597
f 14593 14597 14596
f 10047 14595 10052
f 10047 10052 5332
f 14595 14596 10053
f 14595 10053 10052
f 14596 14597 10054
f 14596 10054 10053
f 10043 5330 10048
f 10043 10048 14594
f 14594 10048 10049
f 14594 10049 14597
f 14597 10049 5333
f 14597 5333 10054
f 5330 10044 14598
f 5330 14598 10048
f 10044 10045 14599
f 10044 14599 14598
f 10045 5331 10050
f 10045 10050 14599
f 10048 14598 14600
f 10048 14600 10049
f 14598 14599 14601
f 14598 14601 14600
f 14599 10050 10051
f 14599 10051 14601
f 10049 14600 10055
f 10049 10055 5333
f 14600 14601 10056
f 14600 10056 10055
f 14601 10051 5334
f 14601 5334 10056
f 7925 7926 14602
f 7925 14602 6097
f 7926 7927 14603
f 7926 14603 14602
f 7927 7928 14604
f 7927 14604 14603
f 6097 14602 14605
f 6097 14605 6098
f 14602 14603 14606
f 14602 14606 14605
f 14603 14604 14607
f 14603 14607 14606
f 6098 14605 10081
f 6098 10081 4365
f 14605 14606 10082
f 14605 10082 10081
f 14606 14607 10083
f 14606 10083 10082
f 7928 5015 10057
f 7928 10057 14604
f 14604 10057 10058
f 14604 10058 14607
f 14607 10058 5326
f 14607 5326 10083
f 5828 7925 6097
f 5015 7929 14608
f 5015 14608 10057
f 7929 7930 14609
f 7929 14609 14608
f 7930 7931 14610
f 7930 14610 14609
f 10057 14608 14611
f 10057 14611 10058
f 14608 14609 14612
f 14608 14612 14611
f 14609 14610 14613
f 14609 14613 14612
f 10058 14611 10027
f 10058 10027 5326
f 14611 14612 10028
f 14611 10028 10027
f 14612 14613 10029
f 14612 10029 10028
f 7931 5016 10059
f 7931 10059 14610
f 14610 10059 10060
f 14610 10060 14613
f 14613 10060 5327
f 14613 5327 10029
f 5016 7932 14614
f 5016 14614 10059
f 7932 7933 14615
f 7932 14615 14614
f 7933 5017 10061
f 7933 10061 14615
f 10059 14614 14616
f 10059 14616 10060
f 14614 14615 14617
f 14614 14617 14616
f 14615 10061 10062
f 14615 10062 14617
f 10060 14616 10030
f 10060 10030 5327
f 14616 14617 10031
f 14616 10031 10030
f 14617 10062 5328
f 14617 5328 10031
f 5017 7934 14618
f 5017 14618 10061
f 7934 7935 14619
f 7934 14619 14618
f 10061 14618 14620
f 10061 14620 10062
f 14618 14619 14621
f 14618 14621 14620
f 10062 14620 10064
f 10062 10064 5328
f 14620 14621 10063
f 14620 10063 10064
f 7935 4316 7409
f 7935 7409 14619
f 14619 7409 7408
f 14619 7408 14621
f 14621 7408 4806
f 14621 4806 10063
f 10038 14622 14624
f 10038 14624 10039
f 14622 14623 14625
f 14622 14625 14624
f 10039 14624 14626
f 10039 14626 10040
f 14624 14625 14627
f 14624 14627 14626
f 5328 10064 14622
f 5328 14622 10038
f 10064 10063 14623
f 10064 14623 14622
f 10063 4806 7407
f 10063 7407 14623
f 14623 7407 7406
f 14623 7406 14625
f 14625 7406 7405
f 14625 7405 14627
f 14627 7405 4805
f 14627 4805 10065
f 14626 14627 10065
f 14626 10065 10066
f 10040 14626 10066
f 10040 10066 5331
f 5331 10066 14628
f 5331 14628 10050
f 10066 10065 14629
f 10066 14629 14628
f 10050 14628 14630
f 10050 14630 10051
f 14628 14629 14631
f 14628 14631 14630
f 10051 14630 10068
f 10051 10068 5334
f 14630 14631 10067
f 14630 10067 10068
f 10065 4805 7404
f 10065 7404 14629
f 14629 7404 7403
f 14629 7403 14631
f 14631 7403 4804
f 14631 4804 10067
f 5334 10068 14632
f 5334 14632 10070
f 10068 10067 14633
f 10068 14633 14632
f 10070 14632 14634
f 10070 14634 10069
f 14632 14633 14635
f 14632 14635 14634
f 10069 14634 7923
f 10069 7923 5014
f 14634 14635 7924
f 14634 7924 7923
f 10067 4804 7402
f 10067 7402 14633
f 14633 7402 7401
f 14633 7401 14635
f 14635 7401 4313
f 14635 4313 7924
f 5333 10055 14636
f 5333 14636 10072
f 10055 10056 14637
f 10055 14637 14636
f 10056 5334 10070
f 10056 10070 14637
f 10072 14636 14638
f 10072 14638 10071
f 14636 14637 14639
f 14636 14639 14638
f 14637 10070 10069
f 14637 10069 14639
f 10071 14638 7921
f 10071 7921 5013
f 14638 14639 7922
f 14638 7922 7921
f 14639 10069 5014
f 14639 5014 7922
f 5332 10052 14640
f 5332 14640 10074
f 10052 10053 14641
f 10052 14641 14640
f 10053 10054 14642
f 10053 14642 14641
f 10074 14640 14643
f 10074 14643 10073
f 14640 14641 14644
f 14640 14644 14643
f 14641 14642 14645
f 14641 14645 14644
f 10073 14643 7918
f 10073 7918 5012
f 14643 14644 7919
f 14643 7919 7918
f 14644 14645 7920
f 14644 7920 7919
f 10054 5333 10072
f 10054 10072 14642
f 14642 10072 10071
f 14642 10071 14645
f 14645 10071 5013
f 14645 5013 7920
f 4367 10075 14646
f 4367 14646 6104
f 10075 10076 14647
f 10075 14647 14646
f 10076 10077 14648
f 10076 14648 14647
f 6104 14646 14649
f 6104 14649 6105
f 14646 14647 14650
f 14646 14650 14649
f 14647 14648 14651
f 14647 14651 14650
f 6105 14649 7915
f 6105 7915 6106
f 14649 14650 7916
f 14649 7916 7915
f 14650 14651 7917
f 14650 7917 7916
f 10077 5332 10074
f 10077 10074 14648
f 14648 10074 10073
f 14648 10073 14651
f 14651 10073 5012
f 14651 5012 7917
f 6106 7915 7914
f 6106 7914 7913
f 6106 7913 5872
f 4366 10078 14652
f 4366 14652 6102
f 10078 10079 14653
f 10078 14653 14652
f 10079 10080 14654
f 10079 14654 14653
f 6102 14652 14655
f 6102 14655 6103
f 14652 14653 14656
f 14652 14656 14655
f 14653 14654 14657
f 14653 14657 14656
f 6103 14655 10075
f 6103 10075 4367
f 14655 14656 10076
f 14655 10076 10075
f 14656 14657 10077
f 14656 10077 10076
f 10080 5329 10046
f 10080 10046 14654
f 14654 10046 10047
f 14654 10047 14657
f 14657 10047 5332
f 14657 5332 10077
f 6099 14658 14661
f 6099 14661 6100
f 14658 14659 14662
f 14658 14662 14661
f 14659 14660 14663
f 14659 14663 14662
f 6100 14661 14664
f 6100 14664 6101
f 14661 14662 14665
f 14661 14665 14664
f 14662 14663 14666
f 14662 14666 14665
f 4365 10081 14658
f 4365 14658 6099
f 10081 10082 14659
f 10081 14659 14658
f 10082 10083 14660
f 10082 14660 14659
f 10083 5326 10032
f 10083 10032 14660
f 14660 10032 10033
f 14660 10033 14663
f 14663 10033 10034
f 14663 10034 14666
f 14666 10034 5329
f 14666 5329 10080
f 14665 14666 10080
f 14665 10080 10079
f 14664 14665 10079
f 14664 10079 10078
f 6101 14664 10078
f 6101 10078 4366
f 5335 10084 14667
f 5335 14667 10089
f 10084 10085 14668
f 10084 14668 14667
f 10085 10086 14669
f 10085 14669 14668
f 10089 14667 14670
f 10089 14670 10090
f 14667 14668 14671
f 14667 14671 14670
f 14668 14669 14672
f 14668 14672 14671
f 10090 14670 10095
f 10090 10095 5338
f 14670 14671 10096
f 14670 10096 10095
f 14671 14672 10097
f 14671 10097 10096
f 10086 5336 10091
f 10086 10091 14669
f 14669 10091 10092
f 14669 10092 14672
f 14672 10092 5339
f 14672 5339 10097
f 5336 10087 14673
f 5336 14673 10091
f 10087 10088 14674
f 10087 14674 14673
f 10088 5337 10093
f 10088 10093 14674
f 10091 14673 14675
f 10091 14675 10092
f 14673 14674 14676
f 14673 14676 14675
f 14674 10093 10094
f 14674 10094 14676
f 10092 14675 10098
f 10092 10098 5339
f 14675 14676 10099
f 14675 10099 10098
f 14676 10094 5340
f 14676 5340 10099
f 5338 10095 14677
f 5338 14677 10100
f 10095 10096 14678
f 10095 14678 14677
f 10096 10097 14679
f 10096 14679 14678
f 10100 14677 14680
f 10100 14680 10101
f 14677 14678 14681
f 14677 14681 14680
f 14678 14679 14682
f 14678 14682 14681
f 10101 14680 10106
f 10101 10106 5341
f 14680 14681 10107
f 14680 10107 10106
f 14681 14682 10108
f 14681 10108 10107
f 10097 5339 10102
f 10097 10102 14679
f 14679 10102 10103
f 14679 10103 14682
f 14682 10103 5342
f 14682 5342 10108
f 5339 10098 14683
f 5339 14683 10102
f 10098 10099 14684
f 10098 14684 14683
f 10099 5340 10104
f 10099 10104 14684
f 10102 14683 14685
f 10102 14685 10103
f 14683 14684 14686
f 14683 14686 14685
f 14684 10104 10105
f 14684 10105 14686
f 10103 14685 10109
f 10103 10109 5342
f 14685 14686 10110
f 14685 10110 10109
f 14686 10105 5343
f 14686 5343 10110
f 7913 7914 6107
f 6107 7914 14689
f 7914 14687 14690
f 7914 14690 14689
f 14687 14688 14691
f 14687 14691 14690
f 6107 14689 14692
f 6107 14692 6108
f 14689 14690 14693
f 14689 14693 14692
f 14690 14691 14694
f 14690 14694 14693
f 6108 14692 10141
f 6108 10141 5873
f 7915 7916 14687
f 7915 14687 7914
f 7916 7917 14688
f 7916 14688 14687
f 7917 5012 10111
f 7917 10111 14688
f 14688 10111 10112
f 14688 10112 14691
f 14691 10112 10113
f 14691 10113 14694
f 14694 10113 5335
f 14694 5335 10143
f 14693 14694 10143
f 14693 10143 10142
f 14692 14693 10142
f 14692 10142 10141
f 5872 7913 6107
f 10111 14695 14698
f 10111 14698 10112
f 14695 14696 14699
f 14695 14699 14698
f 14696 14697 14700
f 14696 14700 14699
f 10112 14698 14701
f 10112 14701 10113
f 14698 14699 14702
f 14698 14702 14701
f 14699 14700 14703
f 14699 14703 14702
f 5012 7918 14695
f 5012 14695 10111
f 7918 7919 14696
f 7918 14696 14695
f 7919 7920 14697
f 7919 14697 14696
f 7920 5013 10114
f 7920 10114 14697
f 14697 10114 10115
f 14697 10115 14700
f 14700 10115 10116
f 14700 10116 14703
f 14703 10116 5336
f 14703 5336 10086
f 14702 14703 10086
f 14702 10086 10085
f 14701 14702 10085
f 14701 10085 10084
f 10113 14701 10084
f 10113 10084 5335
f 10114 14704 14706
f 10114 14706 10115
f 14704 14705 14707
f 14704 14707 14706
f 14705 10117 10118
f 14705 10118 14707
f 10115 14706 14708
f 10115 14708 10116
f 14706 14707 14709
f 14706 14709 14708
f 14707 10118 10119
f 14707 10119 14709
f 5013 7921 14704
f 5013 14704 10114
f 7921 7922 14705
f 7921 14705 14704
f 7922 5014 10117
f 7922 10117 14705
f 14709 10119 5337
f 14709 5337 10088
f 14708 14709 10088
f 14708 10088 10087
f 10116 14708 10087
f 10116 10087 5336
f 10117 14710 14712
f 10117 14712 10118
f 14710 14711 14713
f 14710 14713 14712
f 10118 14712 14714
f 10118 14714 10119
f 14712 14713 14715
f 14712 14715 14714
f 5014 7923 14710
f 5014 14710 10117
f 7923 7924 14711
f 7923 14711 14710
f 7924 4313 7380
f 7924 7380 14711
f 14711 7380 7379
f 14711 7379 14713
f 14713 7379 7378
f 14713 7378 14715
f 14715 7378 4795
f 14715 4795 10120
f 14714 14715 10120
f 14714 10120 10121
f 10119 14714 10121
f 10119 10121 5337
f 5337 10121 14716
f 5337 14716 10093
f 10121 10120 14717
f 10121 14717 14716
f 10093 14716 14718
f 10093 14718 10094
f 14716 14717 14719
f 14716 14719 14718
f 10094 14718 10123
f 10094 10123 5340
f 14718 14719 10122
f 14718 10122 10123
f 10120 4795 7377
f 10120 7377 14717
f 14717 7377 7376
f 14717 7376 14719
f 14719 7376 4794
f 14719 4794 10122
f 5340 10123 14720
f 5340 14720 10104
f 10123 10122 14721
f 10123 14721 14720
f 10104 14720 14722
f 10104 14722 10105
f 14720 14721 14723
f 14720 14723 14722
f 10105 14722 10125
f 10105 10125 5343
f 14722 14723 10124
f 14722 10124 10125
f 10122 4794 7375
f 10122 7375 14721
f 14721 7375 7374
f 14721 7374 14723
f 14723 7374 4793
f 14723 4793 10124
f 10128 14724 14726
f 10128 14726 10127
f 14724 14725 14727
f 14724 14727 14726
f 10127 14726 14728
f 10127 14728 10126
f 14726 14727 14729
f 14726 14729 14728
f 5343 10125 14724
f 5343 14724 10128
f 10125 10124 14725
f 10125 14725 14724
f 10124 4793 7373
f 10124 7373 14725
f 14725 7373 7372
f 14725 7372 14727
f 14727 7372 7371
f 14727 7371 14729
f 14729 7371 4310
f 14729 4310 7912
f 14728 14729 7912
f 14728 7912 7911
f 10126 14728 7911
f 10126 7911 5011
f 10131 14730 14732
f 10131 14732 10130
f 14730 14731 14733
f 14730 14733 14732
f 14731 10128 10127
f 14731 10127 14733
f 10130 14732 14734
f 10130 14734 10129
f 14732 14733 14735
f 14732 14735 14734
f 14733 10127 10126
f 14733 10126 14735
f 5342 10109 14730
f 5342 14730 10131
f 10109 10110 14731
f 10109 14731 14730
f 10110 5343 10128
f 10110 10128 14731
f 14735 10126 5011
f 14735 5011 7910
f 14734 14735 7910
f 14734 7910 7909
f 10129 14734 7909
f 10129 7909 5010
f 10134 14736 14739
f 10134 14739 10133
f 14736 14737 14740
f 14736 14740 14739
f 14737 14738 14741
f 14737 14741 14740
f 10133 14739 14742
f 10133 14742 10132
f 14739 14740 14743
f 14739 14743 14742
f 14740 14741 14744
f 14740 14744 14743
f 5341 10106 14736
f 5341 14736 10134
f 10106 10107 14737
f 10106 14737 14736
f 10107 10108 14738
f 10107 14738 14737
f 10108 5342 10131
f 10108 10131 14738
f 14738 10131 10130
f 14738 10130 14741
f 14741 10130 10129
f 14741 10129 14744
f 14744 10129 5010
f 14744 5010 7908
f 14743 14744 7908
f 14743 7908 7907
f 14742 14743 7907
f 14742 7907 7906
f 10132 14742 7906
f 10132 7906 5009
f 10135 14745 14748
f 10135 14748 14747
f 14745 14746 14749
f 14745 14749 14748
f 14747 14748 14751
f 14747 14751 14750
f 14748 14749 14751
f 14751 14749 14752
f 10135 10136 14745
f 10136 10137 14746
f 10136 14746 14745
f 10137 5341 10134
f 10137 10134 14746
f 14746 10134 10133
f 14746 10133 14749
f 14749 10133 10132
f 14749 10132 14752
f 14752 10132 5009
f 14752 5009 7905
f 14751 14752 7905
f 14751 7905 7904
f 14750 14751 7904
f 14750 7904 7903
f 6115 14750 7903
f 6115 7903 5876
f 6114 14747 14750
f 6114 14750 6115
f 5875 10135 14747
f 5875 14747 6114
f 10139 10140 14755
f 10139 14755 14754
f 14753 14754 14757
f 14753 14757 14756
f 14754 14755 14758
f 14754 14758 14757
f 14756 14757 10136
f 14756 10136 14759
f 14757 14758 10137
f 14757 10137 10136
f 5874 10138 14753
f 5874 14753 6111
f 10138 10139 14754
f 10138 14754 14753
f 10140 5338 10100
f 10140 10100 14755
f 14755 10100 10101
f 14755 10101 14758
f 14758 10101 5341
f 14758 5341 10137
f 14759 10136 10135
f 6113 14759 10135
f 6113 10135 5875
f 6112 14756 14759
f 6112 14759 6113
f 6111 14753 14756
f 6111 14756 6112
f 6109 10141 14760
f 10141 10142 14761
f 10141 14761 14760
f 10142 10143 14762
f 10142 14762 14761
f 6109 14760 14763
f 6109 14763 6110
f 14760 14761 14763
f 14763 14761 14764
f 14761 14762 14765
f 14761 14765 14764
f 14763 14764 10139
f 14763 10139 10138
f 14764 14765 10140
f 14764 10140 10139
f 5873 10141 6109
f 10143 5335 10089
f 10143 10089 14762
f 14762 10089 10090
f 14762 10090 14765
f 14765 10090 5338
f 14765 5338 10140
f 6110 14763 10138
f 6110 10138 5874
f 4538 10144 14766
f 4538 14766 6493
f 10144 5344 10145
f 10144 10145 14766
f 14766 10145 10146
f 14766 10146 14767
f 14767 10146 10147
f 14767 10147 14768
f 14768 10147 5345
f 14768 5345 10148
f 6495 14768 10148
f 6495 10148 4539
f 6494 14767 14768
f 6494 14768 6495
f 6493 14766 14767
f 6493 14767 6494
f 5344 4492 6385
f 5344 6385 10145
f 10145 6385 6384
f 10145 6384 10146
f 10146 6384 6383
f 10146 6383 10147
f 10147 6383 4491
f 10147 4491 5345
f 10148 5345 10149
f 10148 10149 14769
f 14769 10149 10150
f 14769 10150 14770
f 14770 10150 5346
f 14770 5346 10151
f 6497 14770 10151
f 6497 10151 4540
f 6496 14769 14770
f 6496 14770 6497
f 4539 10148 14769
f 4539 14769 6496
f 5345 4491 6382
f 5345 6382 10149
f 10149 6382 6381
f 10149 6381 10150
f 10150 6381 4490
f 10150 4490 5346
f 4235 7818 14771
f 4235 14771 6490
f 7818 4968 10152
f 7818 10152 14771
f 14771 10152 10153
f 14771 10153 14772
f 14772 10153 10154
f 14772 10154 14773
f 14773 10154 5344
f 14773 5344 10144
f 6492 14773 10144
f 6492 10144 4538
f 6491 14772 14773
f 6491 14773 6492
f 6490 14771 14772
f 6490 14772 6491
f 4968 4262 6388
f 4968 6388 10152
f 10152 6388 6387
f 10152 6387 10153
f 10153 6387 6386
f 10153 6386 10154
f 10154 6386 4492
f 10154 4492 5344
f 5346 4490 6380
f 5346 6380 10156
f 10156 6380 6379
f 10156 6379 10155
f 10155 6379 4230
f 10155 4230 4495
f 4540 10151 14774
f 4540 14774 6498
f 10151 5346 10156
f 10151 10156 14774
f 14774 10156 10155
f 14774 10155 14775
f 14775 10155 4495
f 14775 4495 6391
f 6499 14775 6391
f 6499 6391 4222
f 6498 14774 14775
f 6498 14775 6499
f 5347 10157 14776
f 5347 14776 10162
f 10157 10158 14777
f 10157 14777 14776
f 10158 5348 10164
f 10158 10164 14777
f 10162 14776 14778
f 10162 14778 10163
f 14776 14777 14779
f 14776 14779 14778
f 14777 10164 10165
f 14777 10165 14779
f 10163 14778 10168
f 10163 10168 5350
f 14778 14779 10169
f 14778 10169 10168
f 14779 10165 5351
f 14779 5351 10169
f 10159 10160 14781
f 10159 14781 14780
f 10160 10161 14782
f 10160 14782 14781
f 14780 14781 14784
f 14780 14784 14783
f 14781 14782 14785
f 14781 14785 14784
f 14783 14784 10171
f 14783 10171 10170
f 14784 14785 10172
f 14784 10172 10171
f 10161 5349 10166
f 10161 10166 14782
f 14782 10166 10167
f 14782 10167 14785
f 14785 10167 5352
f 14785 5352 10172
f 10165 14783 10170
f 10165 10170 5351
f 10164 14780 14783
f 10164 14783 10165
f 5348 10159 14780
f 5348 14780 10164
f 5350 10168 14786
f 5350 14786 10173
f 10168 10169 14787
f 10168 14787 14786
f 10169 5351 10175
f 10169 10175 14787
f 10173 14786 14788
f 10173 14788 10174
f 14786 14787 14789
f 14786 14789 14788
f 14787 10175 10176
f 14787 10176 14789
f 10174 14788 10179
f 10174 10179 5353
f 14788 14789 10180
f 14788 10180 10179
f 14789 10176 5354
f 14789 5354 10180
f 10170 10171 14791
f 10170 14791 14790
f 10171 10172 14792
f 10171 14792 14791
f 14790 14791 14794
f 14790 14794 14793
f 14791 14792 14795
f 14791 14795 14794
f 14793 14794 10182
f 14793 10182 10181
f 14794 14795 10183
f 14794 10183 10182
f 10172 5352 10177
f 10172 10177 14792
f 14792 10177 10178
f 14792 10178 14795
f 14795 10178 5355
f 14795 5355 10183
f 10176 14793 10181
f 10176 10181 5354
f 10175 14790 14793
f 10175 14793 10176
f 5351 10170 14790
f 5351 14790 10175
f 14796 14797 14799
f 14796 14799 14798
f 14798 14799 14801
f 14798 14801 14800
f 4337 7835 14796
f 4337 14796 7614
f 7835 7834 14797
f 7835 14797 14796
f 7834 4974 10184
f 7834 10184 14797
f 14797 10184 10185
f 14797 10185 14799
f 14799 10185 10186
f 14799 10186 14801
f 14801 10186 5347
f 14801 5347 10214
f 14800 14801 10214
f 14800 10214 10213
f 7616 14800 10213
f 7616 10213 4888
f 7615 14798 14800
f 7615 14800 7616
f 7614 14796 14798
f 7614 14798 7615
f 10184 14802 14804
f 10184 14804 10185
f 14802 14803 14805
f 14802 14805 14804
f 14803 10187 10188
f 14803 10188 14805
f 10185 14804 14806
f 10185 14806 10186
f 14804 14805 14807
f 14804 14807 14806
f 14805 10188 10189
f 14805 10189 14807
f 4974 7833 14802
f 4974 14802 10184
f 7833 7832 14803
f 7833 14803 14802
f 7832 4973 10187
f 7832 10187 14803
f 14807 10189 5348
f 14807 5348 10158
f 14806 14807 10158
f 14806 10158 10157
f 10186 14806 10157
f 10186 10157 5347
f 14808 14809 14812
f 14808 14812 14811
f 14809 14810 14813
f 14809 14813 14812
f 14811 14812 14815
f 14811 14815 14814
f 14812 14813 14816
f 14812 14816 14815
f 4973 7831 14808
f 4973 14808 10187
f 7831 7830 14809
f 7831 14809 14808
f 7830 7829 14810
f 7830 14810 14809
f 7829 4972 10190
f 7829 10190 14810
f 14810 10190 10191
f 14810 10191 14813
f 14813 10191 10192
f 14813 10192 14816
f 14816 10192 5349
f 14816 5349 10161
f 14815 14816 10161
f 14815 10161 10160
f 14814 14815 10160
f 14814 10160 10159
f 10189 14814 10159
f 10189 10159 5348
f 10188 14811 14814
f 10188 14814 10189
f 10187 14808 14811
f 10187 14811 10188
f 14817 14818 14820
f 14818 14819 14821
f 14818 14821 14820
f 10190 14817 14822
f 10190 14822 10191
f 14817 14820 14822
f 10191 14822 14823
f 10191 14823 10192
f 14822 14820 14824
f 14822 14824 14823
f 14820 14821 14825
f 14820 14825 14824
f 4972 7828 14817
f 4972 14817 10190
f 7828 7827 14818
f 7828 14818 14817
f 7827 7826 14819
f 7827 14819 14818
f 7826 4355 5917
f 7826 5917 14819
f 14819 5917 5918
f 14819 5918 14821
f 14821 5918 5919
f 14821 5919 14825
f 14825 5919 5613
f 14825 5613 10193
f 14824 14825 10193
f 14824 10193 10194
f 14823 14824 10194
f 14823 10194 10195
f 10192 14823 10195
f 10192 10195 5349
f 10194 10193 14826
f 5349 10195 14827
f 5349 14827 10166
f 10195 10194 14828
f 10195 14828 14827
f 10194 14826 14828
f 10166 14827 14829
f 10166 14829 10167
f 14827 14828 14830
f 14827 14830 14829
f 14828 14826 14831
f 14828 14831 14830
f 10167 14829 10197
f 10167 10197 5352
f 14829 14830 10196
f 14829 10196 10197
f 14830 14831 5614
f 14830 5614 10196
f 10193 5613 5920
f 10193 5920 14826
f 14826 5920 5921
f 14826 5921 14831
f 14831 5921 5614
f 5352 10197 14832
f 5352 14832 10177
f 10197 10196 14833
f 10197 14833 14832
f 10196 5614 5922
f 10196 5922 14833
f 10177 14832 14834
f 10177 14834 10178
f 14832 14833 14835
f 14832 14835 14834
f 14833 5922 5923
f 14833 5923 14835
f 10178 14834 10199
f 10178 10199 5355
f 14834 14835 10198
f 14834 10198 10199
f 14835 5923 5615
f 14835 5615 10198
f 10202 14836 14838
f 10202 14838 10201
f 14836 14837 14839
f 14836 14839 14838
f 14837 5924 5925
f 14837 5925 14839
f 10201 14838 14840
f 10201 14840 10200
f 14838 14839 14841
f 14838 14841 14840
f 14839 5925 5926
f 14839 5926 14841
f 5355 10199 14836
f 5355 14836 10202
f 10199 10198 14837
f 10199 14837 14836
f 10198 5615 5924
f 10198 5924 14837
f 14841 5926 5616
f 14841 5616 7950
f 14840 14841 7950
f 14840 7950 7951
f 10200 14840 7951
f 10200 7951 5025
f 14842 14843 14846
f 14842 14846 14845
f 14843 14844 14847
f 14843 14847 14846
f 14845 14846 14849
f 14845 14849 14848
f 14846 14847 14850
f 14846 14850 14849
f 5354 10181 14842
f 5354 14842 10205
f 10181 10182 14843
f 10181 14843 14842
f 10182 10183 14844
f 10182 14844 14843
f 10183 5355 10202
f 10183 10202 14844
f 14844 10202 10201
f 14844 10201 14847
f 14847 10201 10200
f 14847 10200 14850
f 14850 10200 5025
f 14850 5025 7952
f 14849 14850 7952
f 14849 7952 7953
f 14848 14849 7953
f 14848 7953 7954
f 10203 14848 7954
f 10203 7954 5026
f 10204 14845 14848
f 10204 14848 10203
f 10205 14842 14845
f 10205 14845 10204
f 10208 14851 14853
f 10208 14853 10207
f 14851 14852 14854
f 14851 14854 14853
f 14852 10205 10204
f 14852 10204 14854
f 10207 14853 14855
f 10207 14855 10206
f 14853 14854 14856
f 14853 14856 14855
f 14854 10204 10203
f 14854 10203 14856
f 5353 10179 14851
f 5353 14851 10208
f 10179 10180 14852
f 10179 14852 14851
f 10180 5354 10205
f 10180 10205 14852
f 14856 10203 5026
f 14856 5026 7955
f 14855 14856 7955
f 14855 7955 7956
f 10206 14855 7956
f 10206 7956 5027
f 14857 14858 14860
f 14857 14860 14859
f 14859 14860 14862
f 14859 14862 14861
f 4890 10209 14857
f 4890 14857 7621
f 10209 10210 14858
f 10209 14858 14857
f 10210 5353 10208
f 10210 10208 14858
f 14858 10208 10207
f 14858 10207 14860
f 14860 10207 10206
f 14860 10206 14862
f 14862 10206 5027
f 14862 5027 7957
f 14861 14862 7957
f 14861 7957 7958
f 7623 14861 7958
f 7623 7958 4340
f 7622 14859 14861
f 7622 14861 7623
f 7621 14857 14859
f 7621 14859 7622
f 10211 10212 14864
f 10211 14864 14863
f 14863 14864 14866
f 14863 14866 14865
f 14865 14866 10210
f 14865 10210 10209
f 10212 5350 10173
f 10212 10173 14864
f 14864 10173 10174
f 14864 10174 14866
f 14866 10174 5353
f 14866 5353 10210
f 7620 14865 10209
f 7620 10209 4890
f 7619 14863 14865
f 7619 14865 7620
f 4889 10211 14863
f 4889 14863 7619
f 10213 10214 14868
f 10213 14868 14867
f 14867 14868 14870
f 14867 14870 14869
f 14869 14870 10212
f 14869 10212 10211
f 10214 5347 10162
f 10214 10162 14868
f 14868 10162 10163
f 14868 10163 14870
f 14870 10163 5350
f 14870 5350 10212
f 7618 14869 10211
f 7618 10211 4889
f 7617 14867 14869
f 7617 14869 7618
f 4888 10213 14867
f 4888 14867 7617
f 10215 5356 10216
f 10215 10216 14871
f 14871 10216 10217
f 14871 10217 14872
f 14872 10217 5357
f 14872 5357 10218
f 7587 14872 10218
f 7587 10218 4874
f 7586 14871 14872
f 7586 14872 7587
f 4873 10215 14871
f 4873 14871 7586
f 5356 4899 7640
f 5356 7640 10216
f 10216 7640 7639
f 10216 7639 10217
f 10217 7639 4898
f 10217 4898 5357
f 10218 5357 10219
f 10218 10219 14873
f 14873 10219 10220
f 14873 10220 14874
f 14874 10220 5358
f 14874 5358 10221
f 7589 14874 10221
f 7589 10221 4875
f 7588 14873 14874
f 7588 14874 7589
f 4874 10218 14873
f 4874 14873 7588
f 5357 4898 7638
f 5357 7638 10219
f 10219 7638 7637
f 10219 7637 10220
f 10220 7637 4897
f 10220 4897 5358
f 4335 7817 14875
f 4335 14875 7583
f 7817 4967 10222
f 7817 10222 14875
f 14875 10222 10223
f 14875 10223 14876
f 14876 10223 10224
f 14876 10224 14877
f 14877 10224 5356
f 14877 5356 10215
f 7585 14877 10215
f 7585 10215 4873
f 7584 14876 14877
f 7584 14877 7585
f 7583 14875 14876
f 7583 14876 7584
f 4967 4338 7643
f 4967 7643 10222
f 10222 7643 7642
f 10222 7642 10223
f 10223 7642 7641
f 10223 7641 10224
f 10224 7641 4899
f 10224 4899 5356
f 5358 4897 7636
f 5358 7636 10227
f 10227 7636 7635
f 10227 7635 10226
f 10226 7635 7634
f 10226 7634 10225
f 10225 7634 4341
f 10225 4341 5024
f 4875 10221 14878
f 4875 14878 7590
f 10221 5358 10227
f 10221 10227 14878
f 14878 10227 10226
f 14878 10226 14879
f 14879 10226 10225
f 14879 10225 14880
f 14880 10225 5024
f 14880 5024 7949
f 7592 14880 7949
f 7592 7949 4333
f 7591 14879 14880
f 7591 14880 7592
f 7590 14878 14879
f 7590 14879 7591
f 10228 5359 10229
f 10228 10229 14881
f 14881 10229 10230
f 14881 10230 14882
f 14882 10230 5360
f 14882 5360 10231
f 7567 14882 10231
f 7567 10231 4868
f 7566 14881 14882
f 7566 14882 7567
f 4867 10228 14881
f 4867 14881 7566
f 5359 4911 7668
f 5359 7668 10229
f 10229 7668 7667
f 10229 7667 10230
f 10230 7667 4910
f 10230 4910 5360
f 4868 10231 14883
f 4868 14883 7568
f 10231 5360 10232
f 10231 10232 14883
f 14883 10232 10233
f 14883 10233 14884
f 14884 10233 10234
f 14884 10234 14885
f 14885 10234 5361
f 14885 5361 10235
f 7570 14885 10235
f 7570 10235 4869
f 7569 14884 14885
f 7569 14885 7570
f 7568 14883 14884
f 7568 14884 7569
f 5360 4910 7666
f 5360 7666 10232
f 10232 7666 7665
f 10232 7665 10233
f 10233 7665 7664
f 10233 7664 10234
f 10234 7664 4909
f 10234 4909 5361
f 7949 5024 10236
f 7949 10236 14886
f 14886 10236 10237
f 14886 10237 14887
f 14887 10237 5359
f 14887 5359 10228
f 7565 14887 10228
f 7565 10228 4867
f 7564 14886 14887
f 7564 14887 7565
f 4333 7949 14886
f 4333 14886 7564
f 5024 4341 7670
f 5024 7670 10236
f 10236 7670 7669
f 10236 7669 10237
f 10237 7669 4911
f 10237 4911 5359
f 5361 4909 7663
f 5361 7663 10239
f 10239 7663 7662
f 10239 7662 10238
f 10238 7662 4344
f 10238 4344 5023
f 10235 5361 10239
f 10235 10239 14888
f 14888 10239 10238
f 14888 10238 14889
f 14889 10238 5023
f 14889 5023 7948
f 7572 14889 7948
f 7572 7948 4331
f 7571 14888 14889
f 7571 14889 7572
f 4869 10235 14888
f 4869 14888 7571
f 4860 10240 14890
f 4860 14890 7548
f 10240 5362 10241
f 10240 10241 14890
f 14890 10241 10242
f 14890 10242 14891
f 14891 10242 10243
f 14891 10243 14892
f 14892 10243 5363
f 14892 5363 10244
f 7550 14892 10244
f 7550 10244 4861
f 7549 14891 14892
f 7549 14892 7550
f 7548 14890 14891
f 7548 14891 7549
f 5362 4923 7695
f 5362 7695 10241
f 10241 7695 7694
f 10241 7694 10242
f 10242 7694 7693
f 10242 7693 10243
f 10243 7693 4922
f 10243 4922 5363
f 10244 5363 10245
f 10244 10245 14893
f 14893 10245 10246
f 14893 10246 14894
f 14894 10246 5364
f 14894 5364 10247
f 7552 14894 10247
f 7552 10247 4862
f 7551 14893 14894
f 7551 14894 7552
f 4861 10244 14893
f 4861 14893 7551
f 5363 4922 7692
f 5363 7692 10245
f 10245 7692 7691
f 10245 7691 10246
f 10246 7691 4921
f 10246 4921 5364
f 7948 5023 10248
f 7948 10248 14895
f 14895 10248 10249
f 14895 10249 14896
f 14896 10249 5362
f 14896 5362 10240
f 7547 14896 10240
f 7547 10240 4860
f 7546 14895 14896
f 7546 14896 7547
f 4331 7948 14895
f 4331 14895 7546
f 5023 4344 7697
f 5023 7697 10248
f 10248 7697 7696
f 10248 7696 10249
f 10249 7696 4923
f 10249 4923 5362
f 5364 4921 7690
f 5364 7690 10251
f 10251 7690 7689
f 10251 7689 10250
f 10250 7689 4347
f 10250 4347 5022
f 10247 5364 10251
f 10247 10251 14897
f 14897 10251 10250
f 14897 10250 14898
f 14898 10250 5022
f 14898 5022 7947
f 7554 14898 7947
f 7554 7947 4329
f 7553 14897 14898
f 7553 14898 7554
f 4862 10247 14897
f 4862 14897 7553
f 10252 5365 10253
f 10252 10253 14899
f 14899 10253 10254
f 14899 10254 14900
f 14900 10254 5366
f 14900 5366 10255
f 7531 14900 10255
f 7531 10255 4854
f 7530 14899 14900
f 7530 14900 7531
f 4853 10252 14899
f 4853 14899 7530
f 5365 4935 7724
f 5365 7724 10253
f 10253 7724 7723
f 10253 7723 10254
f 10254 7723 4934
f 10254 4934 5366
f 10255 5366 10256
f 10255 10256 14901
f 14901 10256 10257
f 14901 10257 14902
f 14902 10257 5367
f 14902 5367 10258
f 7533 14902 10258
f 7533 10258 4855
f 7532 14901 14902
f 7532 14902 7533
f 4854 10255 14901
f 4854 14901 7532
f 5366 4934 7722
f 5366 7722 10256
f 10256 7722 7721
f 10256 7721 10257
f 10257 7721 4933
f 10257 4933 5367
f 4329 7947 14903
f 4329 14903 7527
f 7947 5022 10259
f 7947 10259 14903
f 14903 10259 10260
f 14903 10260 14904
f 14904 10260 10261
f 14904 10261 14905
f 14905 10261 5365
f 14905 5365 10252
f 7529 14905 10252
f 7529 10252 4853
f 7528 14904 14905
f 7528 14905 7529
f 7527 14903 14904
f 7527 14904 7528
f 5022 4347 7727
f 5022 7727 10259
f 10259 7727 7726
f 10259 7726 10260
f 10260 7726 7725
f 10260 7725 10261
f 10261 7725 4935
f 10261 4935 5365
f 5367 4933 7720
f 5367 7720 10264
f 10264 7720 7719
f 10264 7719 10263
f 10263 7719 7718
f 10263 7718 10262
f 10262 7718 4350
f 10262 4350 5021
f 4855 10258 14906
f 4855 14906 7534
f 10258 5367 10264
f 10258 10264 14906
f 14906 10264 10263
f 14906 10263 14907
f 14907 10263 10262
f 14907 10262 14908
f 14908 10262 5021
f 14908 5021 7946
f 7536 14908 7946
f 7536 7946 4327
f 7535 14907 14908
f 7535 14908 7536
f 7534 14906 14907
f 7534 14907 7535
f 10265 5368 10266
f 10265 10266 14909
f 14909 10266 10267
f 14909 10267 14910
f 14910 10267 10268
f 14910 10268 14911
f 14911 10268 5369
f 14911 5369 10269
f 6860 14911 10269
f 6860 10269 4639
f 6859 14910 14911
f 6859 14911 6860
f 6858 14909 14910
f 6858 14910 6859
f 4638 10265 14909
f 4638 14909 6858
f 5368 4534 6476
f 5368 6476 10266
f 10266 6476 6475
f 10266 6475 10267
f 10267 6475 6474
f 10267 6474 10268
f 10268 6474 4533
f 10268 4533 5369
f 10269 5369 10270
f 10269 10270 14912
f 14912 10270 10271
f 14912 10271 14913
f 14913 10271 5370
f 14913 5370 10272
f 6862 14913 10272
f 6862 10272 4640
f 6861 14912 14913
f 6861 14913 6862
f 4639 10269 14912
f 4639 14912 6861
f 5369 4533 6473
f 5369 6473 10270
f 10270 6473 6472
f 10270 6472 10271
f 10271 6472 4532
f 10271 4532 5370
f 7756 4946 10273
f 7756 10273 14914
f 14914 10273 10274
f 14914 10274 14915
f 14915 10274 10275
f 14915 10275 14916
f 14916 10275 5368
f 14916 5368 10265
f 6857 14916 10265
f 6857 10265 4638
f 6856 14915 14916
f 6856 14916 6857
f 6855 14914 14915
f 6855 14915 6856
f 4265 7756 14914
f 4265 14914 6855
f 4946 4292 6479
f 4946 6479 10273
f 10273 6479 6478
f 10273 6478 10274
f 10274 6478 6477
f 10274 6477 10275
f 10275 6477 4534
f 10275 4534 5368
f 5370 4532 6471
f 5370 6471 10277
f 10277 6471 6470
f 10277 6470 10276
f 10276 6470 4190
f 10276 4190 4459
f 10272 5370 10277
f 10272 10277 14917
f 14917 10277 10276
f 14917 10276 14918
f 14918 10276 4459
f 14918 4459 6312
f 6864 14918 6312
f 6864 6312 4183
f 6863 14917 14918
f 6863 14918 6864
f 4640 10272 14917
f 4640 14917 6863
f 10278 4389 4186
f 10278 4186 4390
f 6295 10278 4390
f 6295 4390 4188
f 4183 4391 4389
f 4183 4389 4185
f 4391 4187 4186
f 4391 4186 4389
f 4184 4188 4390
f 4184 4390 4392
f 4392 4390 4186
f 4392 4186 4187
f 5371 4395 4193
f 5371 4193 4396
f 4189 4394 5371
f 4189 5371 4393
f 4394 4192 4395
f 4394 4395 5371
f 4393 5371 4396
f 4393 4396 4195
f 5372 4399 4193
f 5372 4193 4395
f 4190 4398 5372
f 4190 5372 4397
f 4398 4194 4399
f 4398 4399 5372
f 4397 5372 4395
f 4397 4395 4192
f 5373 4396 4193
f 5373 4193 4399
f 4191 4401 5373
f 4191 5373 4400
f 4401 4195 4396
f 4401 4396 5373
f 4400 5373 4399
f 4400 4399 4194
f 4196 4402 4403
f 4196 4403 4201
f 4402 4198 4199
f 4402 4199 4403
f 4197 4200 4405
f 4197 4405 4404
f 4404 4405 4199
f 4404 4199 4198
f 10279 4403 4199
f 10279 4199 4405
f 6296 4201 4403
f 6296 4403 10279
f 5374 4408 4206
f 5374 4206 4409
f 4202 4407 5374
f 4202 5374 4406
f 4407 4205 4408
f 4407 4408 5374
f 4406 5374 4409
f 4406 4409 4208
f 5375 4412 4206
f 5375 4206 4408
f 4203 4411 5375
f 4203 5375 4410
f 4411 4207 4412
f 4411 4412 5375
f 4410 5375 4408
f 4410 4408 4205
f 5376 4409 4206
f 5376 4206 4412
f 4204 4414 5376
f 4204 5376 4413
f 4414 4208 4409
f 4414 4409 5376
f 4413 5376 4412
f 4413 4412 4207
f 4209 4415 4416
f 4209 4416 4214
f 4415 4211 4212
f 4415 4212 4416
f 4210 4213 4419
f 4210 4419 4418
f 4417 4420 4212
f 4417 4212 4211
f 4418 4419 4420
f 4418 4420 4417
f 5377 4416 4212
f 5377 4212 4420
f 4421 4214 4416
f 4421 4416 5377
f 5378 4425 4426
f 5378 4426 5379
f 5379 4426 4219
f 5379 4219 4427
f 4215 4424 5378
f 4215 5378 4423
f 4424 4218 4425
f 4424 4425 5378
f 4422 5379 4427
f 4422 4427 4221
f 4423 5378 5379
f 4423 5379 4422
f 5380 5381 4426
f 5380 4426 4425
f 5381 4431 4219
f 5381 4219 4426
f 4216 4429 5380
f 4216 5380 4428
f 4429 4430 5381
f 4429 5381 5380
f 4430 4220 4431
f 4430 4431 5381
f 4428 5380 4425
f 4428 4425 4218
f 5382 4427 4219
f 5382 4219 4431
f 4217 4433 5382
f 4217 5382 4432
f 4433 4221 4427
f 4433 4427 5382
f 4432 5382 4431
f 4432 4431 4220
f 4222 4434 4437
f 4222 4437 4227
f 4434 4435 4436
f 4434 4436 4437
f 4435 4224 4225
f 4435 4225 4436
f 4223 4226 4439
f 4223 4439 4438
f 4438 4439 4225
f 4438 4225 4224
f 5383 4436 4225
f 5383 4225 4439
f 4440 5383 4439
f 4440 4439 4226
f 5384 5385 4445
f 5384 4445 4446
f 5385 4444 4232
f 5385 4232 4445
f 4228 4442 5384
f 4228 5384 4441
f 4442 4443 5385
f 4442 5385 5384
f 4443 4231 4444
f 4443 4444 5385
f 4441 5384 4446
f 4441 4446 4234
f 5386 4449 4232
f 5386 4232 4444
f 4229 4448 5386
f 4229 5386 4447
f 4448 4233 4449
f 4448 4449 5386
f 4447 5386 4444
f 4447 4444 4231
f 5387 4446 4445
f 5387 4445 5388
f 5388 4445 4232
f 5388 4232 4449
f 4230 4452 5387
f 4230 5387 4451
f 4452 4234 4446
f 4452 4446 5387
f 4450 5388 4449
f 4450 4449 4233
f 4451 5387 5388
f 4451 5388 4450
f 14919 14920 6301
f 14919 6301 6302
f 14920 10281 4454
f 14920 4454 6301
f 10280 14919 6302
f 10280 6302 4455
f 14921 14922 6299
f 14921 6299 6300
f 14922 10282 4453
f 14922 4453 6299
f 10281 14921 6300
f 10281 6300 4454
f 10282 14923 6298
f 10282 6298 4453
f 14923 6295 4188
f 14923 4188 6298
f 14924 14925 6303
f 14924 6303 6304
f 14925 10280 4455
f 14925 4455 6303
f 6297 14924 6304
f 6297 6304 4306
f 6298 4188 4184
f 6298 4184 6305
f 4453 6298 6305
f 4453 6305 4456
f 6299 4453 4456
f 6299 4456 6306
f 6300 6299 6306
f 6300 6306 6307
f 4454 6300 6307
f 4454 6307 4457
f 6301 4454 4457
f 6301 4457 6308
f 6302 6301 6308
f 6302 6308 6309
f 4455 6302 6309
f 4455 6309 4458
f 6303 4455 4458
f 6303 4458 6310
f 6304 6303 6310
f 6304 6310 6311
f 4306 6304 6311
f 4306 6311 4305
f 10283 5389 4460
f 10283 4460 6313
f 4391 10283 6313
f 4391 6313 4187
f 5389 4397 4192
f 5389 4192 4460
f 6312 4459 5389
f 6312 5389 10283
f 4183 6312 10283
f 4183 10283 4391
f 4459 4190 4397
f 4459 4397 5389
f 6313 4460 5390
f 6313 5390 10284
f 4187 6313 10284
f 4187 10284 4392
f 4460 4192 4394
f 4460 4394 5390
f 5390 4394 4189
f 5390 4189 4461
f 10284 5390 4461
f 10284 4461 6314
f 4392 10284 6314
f 4392 6314 4184
f 5391 10285 6326
f 5391 6326 4468
f 10285 10286 6325
f 10285 6325 6326
f 10286 5392 4467
f 10286 4467 6325
f 5392 10287 6324
f 5392 6324 4467
f 10287 10288 6323
f 10287 6323 6324
f 10288 5393 4466
f 10288 4466 6323
f 4323 6315 10290
f 4323 10290 4462
f 6315 6316 10291
f 6315 10291 10290
f 6316 4463 5391
f 6316 5391 10291
f 4463 6317 10285
f 4463 10285 5391
f 6317 6318 10286
f 6317 10286 10285
f 6318 4464 5392
f 6318 5392 10286
f 4464 6319 10287
f 4464 10287 5392
f 6319 6320 10288
f 6319 10288 10287
f 6320 4465 5393
f 6320 5393 10288
f 4465 6321 10289
f 4465 10289 5393
f 6321 4202 4406
f 6321 4406 10289
f 5393 10289 6322
f 5393 6322 4466
f 10289 4406 4208
f 10289 4208 6322
f 4462 10290 6328
f 4462 6328 4324
f 10290 10291 6327
f 10290 6327 6328
f 10291 5391 4468
f 10291 4468 6327
f 4468 6326 10292
f 4468 10292 5394
f 6326 6325 10293
f 6326 10293 10292
f 6325 4467 5395
f 6325 5395 10293
f 4467 6324 10294
f 4467 10294 5395
f 6324 6323 10295
f 6324 10295 10294
f 6323 4466 5396
f 6323 5396 10295
f 4466 6322 10296
f 4466 10296 5396
f 6322 4208 4414
f 6322 4414 10296
f 10296 4414 4204
f 10296 4204 6329
f 5396 10296 6329
f 5396 6329 4470
f 10295 5396 4470
f 10295 4470 6330
f 10294 10295 6330
f 10294 6330 6331
f 5395 10294 6331
f 5395 6331 4471
f 10293 5395 4471
f 10293 4471 6332
f 10292 10293 6332
f 10292 6332 6333
f 5394 10292 6333
f 5394 6333 4472
f 10298 5394 4472
f 10298 4472 6334
f 10297 10298 6334
f 10297 6334 6335
f 4469 10297 6335
f 4469 6335 4322
f 4324 6328 10297
f 4324 10297 4469
f 6328 6327 10298
f 6328 10298 10297
f 6327 4468 5394
f 6327 5394 10298
f 4411 5397 4474
f 4411 4474 4207
f 10299 4404 4198
f 10299 4198 6337
f 5397 10299 6337
f 5397 6337 4474
f 4203 4473 5397
f 4203 5397 4411
f 6336 4197 4404
f 6336 4404 10299
f 4473 6336 10299
f 4473 10299 5397
f 4207 4474 5398
f 4207 5398 4413
f 6337 4198 4402
f 6337 4402 10300
f 4474 6337 10300
f 4474 10300 5398
f 10300 4402 4196
f 10300 4196 6338
f 5398 10300 6338
f 5398 6338 4475
f 4413 5398 4475
f 4413 4475 4204
f 6339 4200 4197
f 6339 4197 6349
f 6340 6339 6349
f 6340 6349 6350
f 4476 6340 6350
f 4476 6350 4479
f 6341 4476 4479
f 6341 4479 6351
f 6342 6341 6351
f 6342 6351 6352
f 4477 6342 6352
f 4477 6352 4480
f 6343 4477 4480
f 6343 4480 6353
f 6344 6343 6353
f 6344 6353 6354
f 6345 6344 6354
f 6345 6354 6355
f 4478 6345 6355
f 4478 6355 4481
f 6346 4478 4481
f 6346 4481 6356
f 6347 6346 6356
f 6347 6356 6357
f 6348 6347 6357
f 6348 6357 6358
f 4246 6348 6358
f 4246 6358 4245
f 10301 10302 6374
f 10301 6374 6375
f 10302 10303 6373
f 10302 6373 6374
f 10303 5400 4487
f 10303 4487 6373
f 5399 10301 6375
f 5399 6375 4488
f 5400 10304 6372
f 5400 6372 4487
f 10304 10305 6371
f 10304 6371 6372
f 10305 5401 4486
f 10305 4486 6371
f 6359 6360 10309
f 6359 10309 10308
f 6360 6361 10310
f 6360 10310 10309
f 6361 4483 5399
f 6361 5399 10310
f 4263 6359 10308
f 4263 10308 4482
f 6362 6363 10302
f 6362 10302 10301
f 6363 6364 10303
f 6363 10303 10302
f 6364 4484 5400
f 6364 5400 10303
f 4483 6362 10301
f 4483 10301 5399
f 4484 6365 10304
f 4484 10304 5400
f 6365 6366 10305
f 6365 10305 10304
f 6366 4485 5401
f 6366 5401 10305
f 6367 6368 10306
f 6367 10306 10307
f 6368 4228 4441
f 6368 4441 10306
f 4485 6367 10307
f 4485 10307 5401
f 10307 10306 6369
f 10307 6369 6370
f 10306 4441 4234
f 10306 4234 6369
f 5401 10307 6370
f 5401 6370 4486
f 10308 10309 6377
f 10308 6377 6378
f 10309 10310 6376
f 10309 6376 6377
f 10310 5399 4488
f 10310 4488 6376
f 4482 10308 6378
f 4482 6378 4264
f 6375 6374 10312
f 6375 10312 10311
f 6374 6373 10313
f 6374 10313 10312
f 6373 4487 5403
f 6373 5403 10313
f 4488 6375 10311
f 4488 10311 5402
f 4487 6372 10314
f 4487 10314 5403
f 6372 6371 10315
f 6372 10315 10314
f 6371 4486 5404
f 6371 5404 10315
f 6370 6369 10316
f 6370 10316 10317
f 6369 4234 4452
f 6369 4452 10316
f 4486 6370 10317
f 4486 10317 5404
f 10316 4452 4230
f 10316 4230 6379
f 10317 10316 6379
f 10317 6379 6380
f 5404 10317 6380
f 5404 6380 4490
f 10315 5404 4490
f 10315 4490 6381
f 10314 10315 6381
f 10314 6381 6382
f 5403 10314 6382
f 5403 6382 4491
f 10313 5403 4491
f 10313 4491 6383
f 10312 10313 6383
f 10312 6383 6384
f 10311 10312 6384
f 10311 6384 6385
f 5402 10311 6385
f 5402 6385 4492
f 10320 5402 4492
f 10320 4492 6386
f 10319 10320 6386
f 10319 6386 6387
f 10318 10319 6387
f 10318 6387 6388
f 4489 10318 6388
f 4489 6388 4262
f 6378 6377 10319
f 6378 10319 10318
f 6377 6376 10320
f 6377 10320 10319
f 6376 4488 5402
f 6376 5402 10320
f 4264 6378 10318
f 4264 10318 4489
f 4448 5405 4494
f 4448 4494 4233
f 10321 4438 4224
f 10321 4224 6390
f 5405 10321 6390
f 5405 6390 4494
f 4229 4493 5405
f 4229 5405 4448
f 6389 4223 4438
f 6389 4438 10321
f 4493 6389 10321
f 4493 10321 5405
f 4233 4494 5406
f 4233 5406 4450
f 6390 4224 4435
f 6390 4435 10322
f 4494 6390 10322
f 4494 10322 5406
f 4450 5406 5407
f 4450 5407 4451
f 10322 4435 4434
f 10322 4434 10323
f 5406 10322 10323
f 5406 10323 5407
f 10323 4434 4222
f 10323 4222 6391
f 5407 10323 6391
f 5407 6391 4495
f 4451 5407 4495
f 4451 4495 4230
f 5408 10324 6396
f 5408 6396 4499
f 10324 10325 6395
f 10324 6395 6396
f 10325 5409 4498
f 10325 4498 6395
f 5409 10326 6394
f 5409 6394 4498
f 10326 10327 6393
f 10326 6393 6394
f 10327 5410 4497
f 10327 4497 6393
f 5410 10328 6392
f 5410 6392 4497
f 10328 4440 4226
f 10328 4226 6392
f 4496 10329 6398
f 4496 6398 4336
f 10329 10330 6397
f 10329 6397 6398
f 10330 5408 4499
f 10330 4499 6397
f 6392 4226 4223
f 6392 4223 6399
f 4497 6392 6399
f 4497 6399 4500
f 6393 4497 4500
f 6393 4500 6400
f 6394 6393 6400
f 6394 6400 6401
f 4498 6394 6401
f 4498 6401 4501
f 6395 4498 4501
f 6395 4501 6402
f 6396 6395 6402
f 6396 6402 6403
f 4499 6396 6403
f 4499 6403 4502
f 6397 4499 4502
f 6397 4502 6404
f 6398 6397 6404
f 6398 6404 6405
f 4336 6398 6405
f 4336 6405 4335
f 10331 10332 10336
f 10331 10336 10335
f 10332 5412 5415
f 10332 5415 10336
f 5411 10331 10335
f 5411 10335 5414
f 10333 10334 10338
f 10333 10338 10337
f 10334 5413 5416
f 10334 5416 10338
f 5412 10333 10337
f 5412 10337 5415
f 10335 10336 6416
f 10335 6416 6417
f 10336 5415 4509
f 10336 4509 6416
f 5414 10335 6417
f 5414 6417 4510
f 10337 10338 6414
f 10337 6414 6415
f 10338 5416 4508
f 10338 4508 6414
f 5415 10337 6415
f 5415 6415 4509
f 6406 6407 10344
f 6406 10344 10343
f 6407 4505 5411
f 6407 5411 10344
f 4353 6406 10343
f 4353 10343 4504
f 6408 6409 10332
f 6408 10332 10331
f 6409 4506 5412
f 6409 5412 10332
f 4505 6408 10331
f 4505 10331 5411
f 6410 6411 10334
f 6410 10334 10333
f 6411 4507 5413
f 6411 5413 10334
f 4506 6410 10333
f 4506 10333 5412
f 4507 6412 10339
f 4507 10339 5413
f 6412 4215 4423
f 6412 4423 10339
f 5413 10339 10340
f 5413 10340 5416
f 10339 4423 4422
f 10339 4422 10340
f 5416 10340 6413
f 5416 6413 4508
f 10340 4422 4221
f 10340 4221 6413
f 10341 10342 6418
f 10341 6418 6419
f 10342 5414 4510
f 10342 4510 6418
f 4503 10341 6419
f 4503 6419 4354
f 10343 10344 10342
f 10343 10342 10341
f 10344 5411 5414
f 10344 5414 10342
f 4504 10343 10341
f 4504 10341 4503
f 6417 6416 10346
f 6417 10346 10345
f 6416 4509 5418
f 6416 5418 10346
f 4510 6417 10345
f 4510 10345 5417
f 6415 6414 10348
f 6415 10348 10347
f 6414 4508 5419
f 6414 5419 10348
f 4509 6415 10347
f 4509 10347 5418
f 4508 6413 10349
f 4508 10349 5419
f 6413 4221 4433
f 6413 4433 10349
f 10349 4433 4217
f 10349 4217 6420
f 5419 10349 6420
f 5419 6420 4512
f 10348 5419 4512
f 10348 4512 6421
f 10347 10348 6421
f 10347 6421 6422
f 5418 10347 6422
f 5418 6422 4513
f 10346 5418 4513
f 10346 4513 6423
f 10345 10346 6423
f 10345 6423 6424
f 5417 10345 6424
f 5417 6424 4514
f 10351 5417 4514
f 10351 4514 6425
f 10350 10351 6425
f 10350 6425 6426
f 4511 10350 6426
f 4511 6426 4352
f 6419 6418 10351
f 6419 10351 10350
f 6418 4510 5417
f 6418 5417 10351
f 4354 6419 10350
f 4354 10350 4511
f 4429 5420 5421
f 4429 5421 4430
f 10352 4418 4417
f 10352 4417 10353
f 5420 10352 10353
f 5420 10353 5421
f 4430 5421 4516
f 4430 4516 4220
f 10353 4417 4211
f 10353 4211 6428
f 5421 10353 6428
f 5421 6428 4516
f 4216 4515 5420
f 4216 5420 4429
f 6427 4210 4418
f 6427 4418 10352
f 4515 6427 10352
f 4515 10352 5420
f 4220 4516 5422
f 4220 5422 4432
f 6428 4211 4415
f 6428 4415 10354
f 4516 6428 10354
f 4516 10354 5422
f 10354 4415 4209
f 10354 4209 6429
f 5422 10354 6429
f 5422 6429 4517
f 4432 5422 4517
f 4432 4517 4217
f 6430 4213 4210
f 6430 4210 6440
f 6431 6430 6440
f 6431 6440 6441
f 4518 6431 6441
f 4518 6441 4521
f 6432 4518 4521
f 6432 4521 6442
f 6433 6432 6442
f 6433 6442 6443
f 4519 6433 6443
f 4519 6443 4522
f 6434 4519 4522
f 6434 4522 6444
f 6435 6434 6444
f 6435 6444 6445
f 6436 6435 6445
f 6436 6445 6446
f 4520 6436 6446
f 4520 6446 4523
f 6437 4520 4523
f 6437 4523 6447
f 6438 6437 6447
f 6438 6447 6448
f 6439 6438 6448
f 6439 6448 6449
f 4276 6439 6449
f 4276 6449 4275
f 5423 10355 6466
f 5423 6466 4530
f 10355 10356 6465
f 10355 6465 6466
f 10356 10357 6464
f 10356 6464 6465
f 10357 5424 4529
f 10357 4529 6464
f 5424 10358 6463
f 5424 6463 4529
f 10358 10359 6462
f 10358 6462 6463
f 10359 5425 4528
f 10359 4528 6462
f 4293 6450 10362
f 4293 10362 4524
f 6450 6451 10363
f 6450 10363 10362
f 6451 6452 10364
f 6451 10364 10363
f 6452 4525 5423
f 6452 5423 10364
f 4525 6453 10355
f 4525 10355 5423
f 6453 6454 10356
f 6453 10356 10355
f 6454 6455 10357
f 6454 10357 10356
f 6455 4526 5424
f 6455 5424 10357
f 4526 6456 10358
f 4526 10358 5424
f 6456 6457 10359
f 6456 10359 10358
f 6457 4527 5425
f 6457 5425 10359
f 4527 6458 10361
f 4527 10361 5425
f 6458 6459 10360
f 6458 10360 10361
f 6459 4191 4400
f 6459 4400 10360
f 5425 10361 6461
f 5425 6461 4528
f 10361 10360 6460
f 10361 6460 6461
f 10360 4400 4194
f 10360 4194 6460
f 4524 10362 6469
f 4524 6469 4294
f 10362 10363 6468
f 10362 6468 6469
f 10363 10364 6467
f 10363 6467 6468
f 10364 5423 4530
f 10364 4530 6467
f 4530 6466 10365
f 4530 10365 5426
f 6466 6465 10366
f 6466 10366 10365
f 6465 6464 10367
f 6465 10367 10366
f 6464 4529 5427
f 6464 5427 10367
f 4529 6463 10368
f 4529 10368 5427
f 6463 6462 10369
f 6463 10369 10368
f 6462 4528 5428
f 6462 5428 10369
f 4528 6461 10371
f 4528 10371 5428
f 6461 6460 10370
f 6461 10370 10371
f 6460 4194 4398
f 6460 4398 10370
f 10370 4398 4190
f 10370 4190 6470
f 10371 10370 6470
f 10371 6470 6471
f 5428 10371 6471
f 5428 6471 4532
f 10369 5428 4532
f 10369 4532 6472
f 10368 10369 6472
f 10368 6472 6473
f 5427 10368 6473
f 5427 6473 4533
f 10367 5427 4533
f 10367 4533 6474
f 10366 10367 6474
f 10366 6474 6475
f 10365 10366 6475
f 10365 6475 6476
f 5426 10365 6476
f 5426 6476 4534
f 10374 5426 4534
f 10374 4534 6477
f 10373 10374 6477
f 10373 6477 6478
f 10372 10373 6478
f 10372 6478 6479
f 4531 10372 6479
f 4531 6479 4292
f 4294 6469 10372
f 4294 10372 4531
f 6469 6468 10373
f 6469 10373 10372
f 6468 6467 10374
f 6468 10374 10373
f 6467 4530 5426
f 6467 5426 10374
f 6480 4236 4235
f 6480 4235 6490
f 6481 6480 6490
f 6481 6490 6491
f 6482 6481 6491
f 6482 6491 6492
f 4535 6482 6492
f 4535 6492 4538
f 6483 4535 4538
f 6483 4538 6493
f 6484 6483 6493
f 6484 6493 6494
f 6485 6484 6494
f 6485 6494 6495
f 4536 6485 6495
f 4536 6495 4539
f 6486 4536 4539
f 6486 4539 6496
f 6487 6486 6496
f 6487 6496 6497
f 4537 6487 6497
f 4537 6497 4540
f 6488 4537 4540
f 6488 4540 6498
f 6489 6488 6498
f 6489 6498 6499
f 4227 6489 6499
f 4227 6499 4222
f 6500 4238 4237
f 6500 4237 6512
f 6501 6500 6512
f 6501 6512 6513
f 6502 6501 6513
f 6502 6513 6514
f 4541 6502 6514
f 4541 6514 4544
f 6503 4541 4544
f 6503 4544 6515
f 6504 6503 6515
f 6504 6515 6516
f 6505 6504 6516
f 6505 6516 6517
f 4542 6505 6517
f 4542 6517 4545
f 6506 4542 4545
f 6506 4545 6518
f 6507 6506 6518
f 6507 6518 6519
f 6508 6507 6519
f 6508 6519 6520
f 4543 6508 6520
f 4543 6520 4546
f 6509 4543 4546
f 6509 4546 6521
f 6510 6509 6521
f 6510 6521 6522
f 6511 6510 6522
f 6511 6522 6523
f 4236 6511 6523
f 4236 6523 4235
f 6524 4240 4239
f 6524 4239 6537
f 6525 6524 6537
f 6525 6537 6538
f 6526 6525 6538
f 6526 6538 6539
f 4547 6526 6539
f 4547 6539 4550
f 6527 4547 4550
f 6527 4550 6540
f 6528 6527 6540
f 6528 6540 6541
f 6529 6528 6541
f 6529 6541 6542
f 4548 6529 6542
f 4548 6542 4551
f 6530 4548 4551
f 6530 4551 6543
f 6531 6530 6543
f 6531 6543 6544
f 6532 6531 6544
f 6532 6544 6545
f 4549 6532 6545
f 4549 6545 4552
f 6533 4549 4552
f 6533 4552 6546
f 6534 6533 6546
f 6534 6546 6547
f 6535 6534 6547
f 6535 6547 6548
f 6536 6535 6548
f 6536 6548 6549
f 4238 6536 6549
f 4238 6549 4237
f 6550 4242 4241
f 6550 4241 6563
f 6551 6550 6563
f 6551 6563 6564
f 6552 6551 6564
f 6552 6564 6565
f 4553 6552 6565
f 4553 6565 4556
f 6553 4553 4556
f 6553 4556 6566
f 6554 6553 6566
f 6554 6566 6567
f 6555 6554 6567
f 6555 6567 6568
f 6556 6555 6568
f 6556 6568 6569
f 4554 6556 6569
f 4554 6569 4557
f 6557 4554 4557
f 6557 4557 6570
f 6558 6557 6570
f 6558 6570 6571
f 6559 6558 6571
f 6559 6571 6572
f 4555 6559 6572
f 4555 6572 4558
f 6560 4555 4558
f 6560 4558 6573
f 6561 6560 6573
f 6561 6573 6574
f 6562 6561 6574
f 6562 6574 6575
f 4240 6562 6575
f 4240 6575 4239
f 6576 4244 4243
f 6576 4243 6588
f 6577 6576 6588
f 6577 6588 6589
f 6578 6577 6589
f 6578 6589 6590
f 4559 6578 6590
f 4559 6590 4562
f 6579 4559 4562
f 6579 4562 6591
f 6580 6579 6591
f 6580 6591 6592
f 6581 6580 6592
f 6581 6592 6593
f 4560 6581 6593
f 4560 6593 4563
f 6582 4560 4563
f 6582 4563 6594
f 6583 6582 6594
f 6583 6594 6595
f 6584 6583 6595
f 6584 6595 6596
f 4561 6584 6596
f 4561 6596 4564
f 6585 4561 4564
f 6585 4564 6597
f 6586 6585 6597
f 6586 6597 6598
f 6587 6586 6598
f 6587 6598 6599
f 4242 6587 6599
f 4242 6599 4241
f 6600 4246 4245
f 6600 4245 6613
f 6601 6600 6613
f 6601 6613 6614
f 6602 6601 6614
f 6602 6614 6615
f 4565 6602 6615
f 4565 6615 4568
f 6603 4565 4568
f 6603 4568 6616
f 6604 6603 6616
f 6604 6616 6617
f 6605 6604 6617
f 6605 6617 6618
f 4566 6605 6618
f 4566 6618 4569
f 6606 4566 4569
f 6606 4569 6619
f 6607 6606 6619
f 6607 6619 6620
f 6608 6607 6620
f 6608 6620 6621
f 6609 6608 6621
f 6609 6621 6622
f 4567 6609 6622
f 4567 6622 4570
f 6610 4567 4570
f 6610 4570 6623
f 6611 6610 6623
f 6611 6623 6624
f 6612 6611 6624
f 6612 6624 6625
f 4244 6612 6625
f 4244 6625 4243
f 5429 10375 6643
f 5429 6643 4577
f 10375 10376 6642
f 10375 6642 6643
f 10376 5430 4576
f 10376 4576 6642
f 10377 10378 6640
f 10377 6640 6641
f 10378 10379 6639
f 10378 6639 6640
f 10379 5431 4575
f 10379 4575 6639
f 5430 10377 6641
f 5430 6641 4576
f 6626 6627 10384
f 6626 10384 10383
f 6627 4571 5429
f 6627 5429 10384
f 4202 6626 10383
f 4202 10383 4407
f 4571 6628 10375
f 4571 10375 5429
f 6628 6629 10376
f 6628 10376 10375
f 6629 4572 5430
f 6629 5430 10376
f 6630 6631 10378
f 6630 10378 10377
f 6631 6632 10379
f 6631 10379 10378
f 6632 4573 5431
f 6632 5431 10379
f 4572 6630 10377
f 4572 10377 5430
f 6633 6634 10381
f 6633 10381 10382
f 6634 6635 10380
f 6634 10380 10381
f 6635 4247 4574
f 6635 4574 10380
f 4573 6633 10382
f 4573 10382 5431
f 10382 10381 6637
f 10382 6637 6638
f 10381 10380 6636
f 10381 6636 6637
f 10380 4574 4249
f 10380 4249 6636
f 5431 10382 6638
f 5431 6638 4575
f 10383 10384 6644
f 10383 6644 6645
f 10384 5429 4577
f 10384 4577 6644
f 4407 10383 6645
f 4407 6645 4205
f 4577 6643 10385
f 4577 10385 5432
f 6643 6642 10386
f 6643 10386 10385
f 6642 4576 5433
f 6642 5433 10386
f 6641 6640 10388
f 6641 10388 10387
f 6640 6639 10389
f 6640 10389 10388
f 6639 4575 5434
f 6639 5434 10389
f 4576 6641 10387
f 4576 10387 5433
f 6638 6637 10391
f 6638 10391 10392
f 6637 6636 10390
f 6637 10390 10391
f 6636 4249 4578
f 6636 4578 10390
f 4575 6638 10392
f 4575 10392 5434
f 10390 4578 4248
f 10390 4248 6646
f 10391 10390 6646
f 10391 6646 6647
f 10392 10391 6647
f 10392 6647 6648
f 5434 10392 6648
f 5434 6648 4579
f 10389 5434 4579
f 10389 4579 6649
f 10388 10389 6649
f 10388 6649 6650
f 10387 10388 6650
f 10387 6650 6651
f 5433 10387 6651
f 5433 6651 4580
f 10386 5433 4580
f 10386 4580 6652
f 10385 10386 6652
f 10385 6652 6653
f 5432 10385 6653
f 5432 6653 4581
f 10394 5432 4581
f 10394 4581 6654
f 10393 10394 6654
f 10393 6654 6655
f 4410 10393 6655
f 4410 6655 4203
f 6645 6644 10394
f 6645 10394 10393
f 6644 4577 5432
f 6644 5432 10394
f 4205 6645 10393
f 4205 10393 4410
f 10395 10396 6677
f 10395 6677 6678
f 10396 10397 6676
f 10396 6676 6677
f 10397 5436 4587
f 10397 4587 6676
f 5435 10395 6678
f 5435 6678 4588
f 10398 10399 6674
f 10398 6674 6675
f 10399 10400 6673
f 10399 6673 6674
f 10400 10401 6672
f 10400 6672 6673
f 10401 5437 4586
f 10401 4586 6672
f 5436 10398 6675
f 5436 6675 4587
f 6656 6657 10406
f 6656 10406 10405
f 6657 6658 10407
f 6657 10407 10406
f 6658 4582 5435
f 6658 5435 10407
f 4247 6656 10405
f 4247 10405 4574
f 6659 6660 10396
f 6659 10396 10395
f 6660 6661 10397
f 6660 10397 10396
f 6661 4583 5436
f 6661 5436 10397
f 4582 6659 10395
f 4582 10395 5435
f 6662 6663 10399
f 6662 10399 10398
f 6663 6664 10400
f 6663 10400 10399
f 6664 6665 10401
f 6664 10401 10400
f 6665 4584 5437
f 6665 5437 10401
f 4583 6662 10398
f 4583 10398 5436
f 4584 6666 10404
f 4584 10404 5437
f 6666 6667 10403
f 6666 10403 10404
f 6667 6668 10402
f 6667 10402 10403
f 6668 4250 4585
f 6668 4585 10402
f 5437 10404 6671
f 5437 6671 4586
f 10404 10403 6670
f 10404 6670 6671
f 10403 10402 6669
f 10403 6669 6670
f 10402 4585 4252
f 10402 4252 6669
f 10405 10406 6680
f 10405 6680 6681
f 10406 10407 6679
f 10406 6679 6680
f 10407 5435 4588
f 10407 4588 6679
f 4574 10405 6681
f 4574 6681 4249
f 6678 6677 10409
f 6678 10409 10408
f 6677 6676 10410
f 6677 10410 10409
f 6676 4587 5439
f 6676 5439 10410
f 4588 6678 10408
f 4588 10408 5438
f 6675 6674 10412
f 6675 10412 10411
f 6674 6673 10413
f 6674 10413 10412
f 6673 6672 10414
f 6673 10414 10413
f 6672 4586 5440
f 6672 5440 10414
f 4587 6675 10411
f 4587 10411 5439
f 4586 6671 10417
f 4586 10417 5440
f 6671 6670 10416
f 6671 10416 10417
f 6670 6669 10415
f 6670 10415 10416
f 6669 4252 4589
f 6669 4589 10415
f 10415 4589 4251
f 10415 4251 6682
f 10416 10415 6682
f 10416 6682 6683
f 10417 10416 6683
f 10417 6683 6684
f 5440 10417 6684
f 5440 6684 4590
f 10414 5440 4590
f 10414 4590 6685
f 10413 10414 6685
f 10413 6685 6686
f 10412 10413 6686
f 10412 6686 6687
f 10411 10412 6687
f 10411 6687 6688
f 5439 10411 6688
f 5439 6688 4591
f 10410 5439 4591
f 10410 4591 6689
f 10409 10410 6689
f 10409 6689 6690
f 10408 10409 6690
f 10408 6690 6691
f 5438 10408 6691
f 5438 6691 4592
f 10420 5438 4592
f 10420 4592 6692
f 10419 10420 6692
f 10419 6692 6693
f 10418 10419 6693
f 10418 6693 6694
f 4578 10418 6694
f 4578 6694 4248
f 6681 6680 10419
f 6681 10419 10418
f 6680 6679 10420
f 6680 10420 10419
f 6679 4588 5438
f 6679 5438 10420
f 4249 6681 10418
f 4249 10418 4578
f 5441 10421 6715
f 5441 6715 4599
f 10421 10422 6714
f 10421 6714 6715
f 10422 10423 6713
f 10422 6713 6714
f 10423 5442 4598
f 10423 4598 6713
f 10424 10425 6711
f 10424 6711 6712
f 10425 10426 6710
f 10425 6710 6711
f 10426 5443 4597
f 10426 4597 6710
f 5442 10424 6712
f 5442 6712 4598
f 4250 6695 10430
f 4250 10430 4585
f 6695 6696 10431
f 6695 10431 10430
f 6696 6697 10432
f 6696 10432 10431
f 6697 4593 5441
f 6697 5441 10432
f 4593 6698 10421
f 4593 10421 5441
f 6698 6699 10422
f 6698 10422 10421
f 6699 6700 10423
f 6699 10423 10422
f 6700 4594 5442
f 6700 5442 10423
f 6701 6702 10425
f 6701 10425 10424
f 6702 6703 10426
f 6702 10426 10425
f 6703 4595 5443
f 6703 5443 10426
f 4594 6701 10424
f 4594 10424 5442
f 6704 6705 10428
f 6704 10428 10429
f 6705 6706 10427
f 6705 10427 10428
f 6706 4253 4596
f 6706 4596 10427
f 4595 6704 10429
f 4595 10429 5443
f 10429 10428 6708
f 10429 6708 6709
f 10428 10427 6707
f 10428 6707 6708
f 10427 4596 4255
f 10427 4255 6707
f 5443 10429 6709
f 5443 6709 4597
f 4585 10430 6718
f 4585 6718 4252
f 10430 10431 6717
f 10430 6717 6718
f 10431 10432 6716
f 10431 6716 6717
f 10432 5441 4599
f 10432 4599 6716
f 4599 6715 10433
f 4599 10433 5444
f 6715 6714 10434
f 6715 10434 10433
f 6714 6713 10435
f 6714 10435 10434
f 6713 4598 5445
f 6713 5445 10435
f 6712 6711 10437
f 6712 10437 10436
f 6711 6710 10438
f 6711 10438 10437
f 6710 4597 5446
f 6710 5446 10438
f 4598 6712 10436
f 4598 10436 5445
f 6709 6708 10440
f 6709 10440 10441
f 6708 6707 10439
f 6708 10439 10440
f 6707 4255 4600
f 6707 4600 10439
f 4597 6709 10441
f 4597 10441 5446
f 10439 4600 4254
f 10439 4254 6719
f 10440 10439 6719
f 10440 6719 6720
f 10441 10440 6720
f 10441 6720 6721
f 5446 10441 6721
f 5446 6721 4601
f 10438 5446 4601
f 10438 4601 6722
f 10437 10438 6722
f 10437 6722 6723
f 10436 10437 6723
f 10436 6723 6724
f 5445 10436 6724
f 5445 6724 4602
f 10435 5445 4602
f 10435 4602 6725
f 10434 10435 6725
f 10434 6725 6726
f 10433 10434 6726
f 10433 6726 6727
f 5444 10433 6727
f 5444 6727 4603
f 10444 5444 4603
f 10444 4603 6728
f 10443 10444 6728
f 10443 6728 6729
f 10442 10443 6729
f 10442 6729 6730
f 4589 10442 6730
f 4589 6730 4251
f 4252 6718 10442
f 4252 10442 4589
f 6718 6717 10443
f 6718 10443 10442
f 6717 6716 10444
f 6717 10444 10443
f 6716 4599 5444
f 6716 5444 10444
f 10445 10446 6752
f 10445 6752 6753
f 10446 10447 6751
f 10446 6751 6752
f 10447 10448 6750
f 10447 6750 6751
f 10448 5448 4609
f 10448 4609 6750
f 5447 10445 6753
f 5447 6753 4610
f 5448 10449 6749
f 5448 6749 4609
f 10449 10450 6748
f 10449 6748 6749
f 10450 10451 6747
f 10450 6747 6748
f 10451 5449 4608
f 10451 4608 6747
f 6731 6732 10456
f 6731 10456 10455
f 6732 6733 10457
f 6732 10457 10456
f 6733 4604 5447
f 6733 5447 10457
f 4253 6731 10455
f 4253 10455 4596
f 6734 6735 10446
f 6734 10446 10445
f 6735 6736 10447
f 6735 10447 10446
f 6736 6737 10448
f 6736 10448 10447
f 6737 4605 5448
f 6737 5448 10448
f 4604 6734 10445
f 4604 10445 5447
f 4605 6738 10449
f 4605 10449 5448
f 6738 6739 10450
f 6738 10450 10449
f 6739 6740 10451
f 6739 10451 10450
f 6740 4606 5449
f 6740 5449 10451
f 4606 6741 10454
f 4606 10454 5449
f 6741 6742 10453
f 6741 10453 10454
f 6742 6743 10452
f 6742 10452 10453
f 6743 4256 4607
f 6743 4607 10452
f 5449 10454 6746
f 5449 6746 4608
f 10454 10453 6745
f 10454 6745 6746
f 10453 10452 6744
f 10453 6744 6745
f 10452 4607 4258
f 10452 4258 6744
f 10455 10456 6755
f 10455 6755 6756
f 10456 10457 6754
f 10456 6754 6755
f 10457 5447 4610
f 10457 4610 6754
f 4596 10455 6756
f 4596 6756 4255
f 6753 6752 10459
f 6753 10459 10458
f 6752 6751 10460
f 6752 10460 10459
f 6751 6750 10461
f 6751 10461 10460
f 6750 4609 5451
f 6750 5451 10461
f 4610 6753 10458
f 4610 10458 5450
f 4609 6749 10462
f 4609 10462 5451
f 6749 6748 10463
f 6749 10463 10462
f 6748 6747 10464
f 6748 10464 10463
f 6747 4608 5452
f 6747 5452 10464
f 4608 6746 10467
f 4608 10467 5452
f 6746 6745 10466
f 6746 10466 10467
f 6745 6744 10465
f 6745 10465 10466
f 6744 4258 4611
f 6744 4611 10465
f 10465 4611 4257
f 10465 4257 6757
f 10466 10465 6757
f 10466 6757 6758
f 10467 10466 6758
f 10467 6758 6759
f 5452 10467 6759
f 5452 6759 4612
f 10464 5452 4612
f 10464 4612 6760
f 10463 10464 6760
f 10463 6760 6761
f 10462 10463 6761
f 10462 6761 6762
f 5451 10462 6762
f 5451 6762 4613
f 10461 5451 4613
f 10461 4613 6763
f 10460 10461 6763
f 10460 6763 6764
f 10459 10460 6764
f 10459 6764 6765
f 10458 10459 6765
f 10458 6765 6766
f 5450 10458 6766
f 5450 6766 4614
f 10470 5450 4614
f 10470 4614 6767
f 10469 10470 6767
f 10469 6767 6768
f 10468 10469 6768
f 10468 6768 6769
f 4600 10468 6769
f 4600 6769 4254
f 6756 6755 10469
f 6756 10469 10468
f 6755 6754 10470
f 6755 10470 10469
f 6754 4610 5450
f 6754 5450 10470
f 4255 6756 10468
f 4255 10468 4600
f 10471 10472 6791
f 10471 6791 6792
f 10472 10473 6790
f 10472 6790 6791
f 10473 5454 4620
f 10473 4620 6790
f 5453 10471 6792
f 5453 6792 4621
f 10474 10475 6788
f 10474 6788 6789
f 10475 10476 6787
f 10475 6787 6788
f 10476 5455 4619
f 10476 4619 6787
f 5454 10474 6789
f 5454 6789 4620
f 4256 6770 10481
f 4256 10481 4607
f 6770 6771 10482
f 6770 10482 10481
f 6771 6772 10483
f 6771 10483 10482
f 6772 4615 5453
f 6772 5453 10483
f 6773 6774 10472
f 6773 10472 10471
f 6774 6775 10473
f 6774 10473 10472
f 6775 4616 5454
f 6775 5454 10473
f 4615 6773 10471
f 4615 10471 5453
f 6776 6777 10475
f 6776 10475 10474
f 6777 6778 10476
f 6777 10476 10475
f 6778 4617 5455
f 6778 5455 10476
f 4616 6776 10474
f 4616 10474 5454
f 6779 6780 10479
f 6779 10479 10480
f 6780 6781 10478
f 6780 10478 10479
f 6781 6782 10477
f 6781 10477 10478
f 6782 4259 4618
f 6782 4618 10477
f 4617 6779 10480
f 4617 10480 5455
f 10480 10479 6785
f 10480 6785 6786
f 10479 10478 6784
f 10479 6784 6785
f 10478 10477 6783
f 10478 6783 6784
f 10477 4618 4261
f 10477 4261 6783
f 5455 10480 6786
f 5455 6786 4619
f 4607 10481 6795
f 4607 6795 4258
f 10481 10482 6794
f 10481 6794 6795
f 10482 10483 6793
f 10482 6793 6794
f 10483 5453 4621
f 10483 4621 6793
f 6792 6791 10485
f 6792 10485 10484
f 6791 6790 10486
f 6791 10486 10485
f 6790 4620 5457
f 6790 5457 10486
f 4621 6792 10484
f 4621 10484 5456
f 6789 6788 10488
f 6789 10488 10487
f 6788 6787 10489
f 6788 10489 10488
f 6787 4619 5458
f 6787 5458 10489
f 4620 6789 10487
f 4620 10487 5457
f 6786 6785 10492
f 6786 10492 10493
f 6785 6784 10491
f 6785 10491 10492
f 6784 6783 10490
f 6784 10490 10491
f 6783 4261 4622
f 6783 4622 10490
f 4619 6786 10493
f 4619 10493 5458
f 10490 4622 4260
f 10490 4260 6796
f 10491 10490 6796
f 10491 6796 6797
f 10492 10491 6797
f 10492 6797 6798
f 10493 10492 6798
f 10493 6798 6799
f 5458 10493 6799
f 5458 6799 4623
f 10489 5458 4623
f 10489 4623 6800
f 10488 10489 6800
f 10488 6800 6801
f 10487 10488 6801
f 10487 6801 6802
f 5457 10487 6802
f 5457 6802 4624
f 10486 5457 4624
f 10486 4624 6803
f 10485 10486 6803
f 10485 6803 6804
f 10484 10485 6804
f 10484 6804 6805
f 5456 10484 6805
f 5456 6805 4625
f 10496 5456 4625
f 10496 4625 6806
f 10495 10496 6806
f 10495 6806 6807
f 10494 10495 6807
f 10494 6807 6808
f 4611 10494 6808
f 4611 6808 4257
f 4258 6795 10494
f 4258 10494 4611
f 6795 6794 10495
f 6795 10495 10494
f 6794 6793 10496
f 6794 10496 10495
f 6793 4621 5456
f 6793 5456 10496
f 5459 10497 6829
f 5459 6829 4631
f 10497 10498 6828
f 10497 6828 6829
f 10498 10499 6827
f 10498 6827 6828
f 10499 5460 4630
f 10499 4630 6827
f 5460 10500 6826
f 5460 6826 4630
f 10500 10501 6825
f 10500 6825 6826
f 10501 10502 6824
f 10501 6824 6825
f 10502 5461 4629
f 10502 4629 6824
f 4259 6809 10506
f 4259 10506 4618
f 6809 6810 10507
f 6809 10507 10506
f 6810 6811 10508
f 6810 10508 10507
f 6811 4626 5459
f 6811 5459 10508
f 4626 6812 10497
f 4626 10497 5459
f 6812 6813 10498
f 6812 10498 10497
f 6813 6814 10499
f 6813 10499 10498
f 6814 4627 5460
f 6814 5460 10499
f 4627 6815 10500
f 4627 10500 5460
f 6815 6816 10501
f 6815 10501 10500
f 6816 6817 10502
f 6816 10502 10501
f 6817 4628 5461
f 6817 5461 10502
f 4628 6818 10505
f 4628 10505 5461
f 6818 6819 10504
f 6818 10504 10505
f 6819 6820 10503
f 6819 10503 10504
f 6820 4263 4482
f 6820 4482 10503
f 5461 10505 6823
f 5461 6823 4629
f 10505 10504 6822
f 10505 6822 6823
f 10504 10503 6821
f 10504 6821 6822
f 10503 4482 4264
f 10503 4264 6821
f 4618 10506 6832
f 4618 6832 4261
f 10506 10507 6831
f 10506 6831 6832
f 10507 10508 6830
f 10507 6830 6831
f 10508 5459 4631
f 10508 4631 6830
f 4631 6829 10509
f 4631 10509 5462
f 6829 6828 10510
f 6829 10510 10509
f 6828 6827 10511
f 6828 10511 10510
f 6827 4630 5463
f 6827 5463 10511
f 4630 6826 10512
f 4630 10512 5463
f 6826 6825 10513
f 6826 10513 10512
f 6825 6824 10514
f 6825 10514 10513
f 6824 4629 5464
f 6824 5464 10514
f 4629 6823 10517
f 4629 10517 5464
f 6823 6822 10516
f 6823 10516 10517
f 6822 6821 10515
f 6822 10515 10516
f 6821 4264 4489
f 6821 4489 10515
f 10515 4489 4262
f 10515 4262 6833
f 10516 10515 6833
f 10516 6833 6834
f 10517 10516 6834
f 10517 6834 6835
f 5464 10517 6835
f 5464 6835 4632
f 10514 5464 4632
f 10514 4632 6836
f 10513 10514 6836
f 10513 6836 6837
f 10512 10513 6837
f 10512 6837 6838
f 5463 10512 6838
f 5463 6838 4633
f 10511 5463 4633
f 10511 4633 6839
f 10510 10511 6839
f 10510 6839 6840
f 10509 10510 6840
f 10509 6840 6841
f 5462 10509 6841
f 5462 6841 4634
f 10520 5462 4634
f 10520 4634 6842
f 10519 10520 6842
f 10519 6842 6843
f 10518 10519 6843
f 10518 6843 6844
f 4622 10518 6844
f 4622 6844 4260
f 4261 6832 10518
f 4261 10518 4622
f 6832 6831 10519
f 6832 10519 10518
f 6831 6830 10520
f 6831 10520 10519
f 6830 4631 5462
f 6830 5462 10520
f 6845 4266 4265
f 6845 4265 6855
f 6846 6845 6855
f 6846 6855 6856
f 6847 6846 6856
f 6847 6856 6857
f 4635 6847 6857
f 4635 6857 4638
f 6848 4635 4638
f 6848 4638 6858
f 6849 6848 6858
f 6849 6858 6859
f 6850 6849 6859
f 6850 6859 6860
f 4636 6850 6860
f 4636 6860 4639
f 6851 4636 4639
f 6851 4639 6861
f 6852 6851 6861
f 6852 6861 6862
f 4637 6852 6862
f 4637 6862 4640
f 6853 4637 4640
f 6853 4640 6863
f 6854 6853 6863
f 6854 6863 6864
f 4185 6854 6864
f 4185 6864 4183
f 6865 4268 4267
f 6865 4267 6878
f 6866 6865 6878
f 6866 6878 6879
f 6867 6866 6879
f 6867 6879 6880
f 4641 6867 6880
f 4641 6880 4644
f 6868 4641 4644
f 6868 4644 6881
f 6869 6868 6881
f 6869 6881 6882
f 6870 6869 6882
f 6870 6882 6883
f 6871 6870 6883
f 6871 6883 6884
f 4642 6871 6884
f 4642 6884 4645
f 6872 4642 4645
f 6872 4645 6885
f 6873 6872 6885
f 6873 6885 6886
f 6874 6873 6886
f 6874 6886 6887
f 4643 6874 6887
f 4643 6887 4646
f 6875 4643 4646
f 6875 4646 6888
f 6876 6875 6888
f 6876 6888 6889
f 6877 6876 6889
f 6877 6889 6890
f 4266 6877 6890
f 4266 6890 4265
f 6891 4270 4269
f 6891 4269 6903
f 6892 6891 6903
f 6892 6903 6904
f 6893 6892 6904
f 6893 6904 6905
f 4647 6893 6905
f 4647 6905 4650
f 6894 4647 4650
f 6894 4650 6906
f 6895 6894 6906
f 6895 6906 6907
f 6896 6895 6907
f 6896 6907 6908
f 4648 6896 6908
f 4648 6908 4651
f 6897 4648 4651
f 6897 4651 6909
f 6898 6897 6909
f 6898 6909 6910
f 6899 6898 6910
f 6899 6910 6911
f 4649 6899 6911
f 4649 6911 4652
f 6900 4649 4652
f 6900 4652 6912
f 6901 6900 6912
f 6901 6912 6913
f 6902 6901 6913
f 6902 6913 6914
f 4268 6902 6914
f 4268 6914 4267
f 6915 4272 4271
f 6915 4271 6928
f 6916 6915 6928
f 6916 6928 6929
f 6917 6916 6929
f 6917 6929 6930
f 4653 6917 6930
f 4653 6930 4656
f 6918 4653 4656
f 6918 4656 6931
f 6919 6918 6931
f 6919 6931 6932
f 6920 6919 6932
f 6920 6932 6933
f 4654 6920 6933
f 4654 6933 4657
f 6921 4654 4657
f 6921 4657 6934
f 6922 6921 6934
f 6922 6934 6935
f 6923 6922 6935
f 6923 6935 6936
f 6924 6923 6936
f 6924 6936 6937
f 4655 6924 6937
f 4655 6937 4658
f 6925 4655 4658
f 6925 4658 6938
f 6926 6925 6938
f 6926 6938 6939
f 6927 6926 6939
f 6927 6939 6940
f 4270 6927 6940
f 4270 6940 4269
f 6941 4274 4273
f 6941 4273 6954
f 6942 6941 6954
f 6942 6954 6955
f 6943 6942 6955
f 6943 6955 6956
f 6944 6943 6956
f 6944 6956 6957
f 4659 6944 6957
f 4659 6957 4662
f 6945 4659 4662
f 6945 4662 6958
f 6946 6945 6958
f 6946 6958 6959
f 6947 6946 6959
f 6947 6959 6960
f 4660 6947 6960
f 4660 6960 4663
f 6948 4660 4663
f 6948 4663 6961
f 6949 6948 6961
f 6949 6961 6962
f 6950 6949 6962
f 6950 6962 6963
f 4661 6950 6963
f 4661 6963 4664
f 6951 4661 4664
f 6951 4664 6964
f 6952 6951 6964
f 6952 6964 6965
f 6953 6952 6965
f 6953 6965 6966
f 4272 6953 6966
f 4272 6966 4271
f 6967 4276 4275
f 6967 4275 6979
f 6968 6967 6979
f 6968 6979 6980
f 6969 6968 6980
f 6969 6980 6981
f 4665 6969 6981
f 4665 6981 4668
f 6970 4665 4668
f 6970 4668 6982
f 6971 6970 6982
f 6971 6982 6983
f 6972 6971 6983
f 6972 6983 6984
f 4666 6972 6984
f 4666 6984 4669
f 6973 4666 4669
f 6973 4669 6985
f 6974 6973 6985
f 6974 6985 6986
f 6975 6974 6986
f 6975 6986 6987
f 4667 6975 6987
f 4667 6987 4670
f 6976 4667 4670
f 6976 4670 6988
f 6977 6976 6988
f 6977 6988 6989
f 6978 6977 6989
f 6978 6989 6990
f 4274 6978 6990
f 4274 6990 4273
f 5465 10521 7008
f 5465 7008 4677
f 10521 10522 7007
f 10521 7007 7008
f 10522 5466 4676
f 10522 4676 7007
f 5466 10523 7006
f 5466 7006 4676
f 10523 10524 7005
f 10523 7005 7006
f 10524 10525 7004
f 10524 7004 7005
f 10525 5467 4675
f 10525 4675 7004
f 6991 6992 10530
f 6991 10530 10529
f 6992 4671 5465
f 6992 5465 10530
f 4215 6991 10529
f 4215 10529 4424
f 4671 6993 10521
f 4671 10521 5465
f 6993 6994 10522
f 6993 10522 10521
f 6994 4672 5466
f 6994 5466 10522
f 6995 6996 10524
f 6995 10524 10523
f 6996 6997 10525
f 6996 10525 10524
f 6997 4673 5467
f 6997 5467 10525
f 4672 6995 10523
f 4672 10523 5466
f 4673 6998 10528
f 4673 10528 5467
f 6998 6999 10527
f 6998 10527 10528
f 6999 7000 10526
f 6999 10526 10527
f 7000 4277 4674
f 7000 4674 10526
f 5467 10528 7003
f 5467 7003 4675
f 10528 10527 7002
f 10528 7002 7003
f 10527 10526 7001
f 10527 7001 7002
f 10526 4674 4279
f 10526 4279 7001
f 4424 10529 7010
f 4424 7010 4218
f 10529 10530 7009
f 10529 7009 7010
f 10530 5465 4677
f 10530 4677 7009
f 4677 7008 10531
f 4677 10531 5468
f 7008 7007 10532
f 7008 10532 10531
f 7007 4676 5469
f 7007 5469 10532
f 7006 7005 10534
f 7006 10534 10533
f 7005 7004 10535
f 7005 10535 10534
f 7004 4675 5470
f 7004 5470 10535
f 4676 7006 10533
f 4676 10533 5469
f 4675 7003 10538
f 4675 10538 5470
f 7003 7002 10537
f 7003 10537 10538
f 7002 7001 10536
f 7002 10536 10537
f 7001 4279 4678
f 7001 4678 10536
f 10536 4678 4278
f 10536 4278 7011
f 10537 10536 7011
f 10537 7011 7012
f 10538 10537 7012
f 10538 7012 7013
f 5470 10538 7013
f 5470 7013 4679
f 10535 5470 4679
f 10535 4679 7014
f 10534 10535 7014
f 10534 7014 7015
f 10533 10534 7015
f 10533 7015 7016
f 5469 10533 7016
f 5469 7016 4680
f 10532 5469 4680
f 10532 4680 7017
f 10531 10532 7017
f 10531 7017 7018
f 5468 10531 7018
f 5468 7018 4681
f 10540 5468 4681
f 10540 4681 7019
f 10539 10540 7019
f 10539 7019 7020
f 4428 10539 7020
f 4428 7020 4216
f 7010 7009 10540
f 7010 10540 10539
f 7009 4677 5468
f 7009 5468 10540
f 4218 7010 10539
f 4218 10539 4428
f 5471 10541 7041
f 5471 7041 4688
f 10541 10542 7040
f 10541 7040 7041
f 10542 10543 7039
f 10542 7039 7040
f 10543 5472 4687
f 10543 4687 7039
f 5472 10544 7038
f 5472 7038 4687
f 10544 10545 7037
f 10544 7037 7038
f 10545 10546 7036
f 10545 7036 7037
f 10546 5473 4686
f 10546 4686 7036
f 4277 7021 10550
f 4277 10550 4674
f 7021 7022 10551
f 7021 10551 10550
f 7022 7023 10552
f 7022 10552 10551
f 7023 4682 5471
f 7023 5471 10552
f 7024 7025 10542
f 7024 10542 10541
f 7025 7026 10543
f 7025 10543 10542
f 7026 4683 5472
f 7026 5472 10543
f 4682 7024 10541
f 4682 10541 5471
f 7027 7028 10545
f 7027 10545 10544
f 7028 7029 10546
f 7028 10546 10545
f 7029 4684 5473
f 7029 5473 10546
f 4683 7027 10544
f 4683 10544 5472
f 7030 7031 10548
f 7030 10548 10549
f 7031 7032 10547
f 7031 10547 10548
f 7032 4280 4685
f 7032 4685 10547
f 4684 7030 10549
f 4684 10549 5473
f 5473 10549 7035
f 5473 7035 4686
f 10549 10548 7034
f 10549 7034 7035
f 10548 10547 7033
f 10548 7033 7034
f 10547 4685 4282
f 10547 4282 7033
f 4674 10550 7044
f 4674 7044 4279
f 10550 10551 7043
f 10550 7043 7044
f 10551 10552 7042
f 10551 7042 7043
f 10552 5471 4688
f 10552 4688 7042
f 7041 7040 10554
f 7041 10554 10553
f 7040 7039 10555
f 7040 10555 10554
f 7039 4687 5475
f 7039 5475 10555
f 4688 7041 10553
f 4688 10553 5474
f 7038 7037 10557
f 7038 10557 10556
f 7037 7036 10558
f 7037 10558 10557
f 7036 4686 5476
f 7036 5476 10558
f 4687 7038 10556
f 4687 10556 5475
f 7035 7034 10560
f 7035 10560 10561
f 7034 7033 10559
f 7034 10559 10560
f 7033 4282 4689
f 7033 4689 10559
f 4686 7035 10561
f 4686 10561 5476
f 10559 4689 4281
f 10559 4281 7045
f 10560 10559 7045
f 10560 7045 7046
f 10561 10560 7046
f 10561 7046 7047
f 5476 10561 7047
f 5476 7047 4690
f 10558 5476 4690
f 10558 4690 7048
f 10557 10558 7048
f 10557 7048 7049
f 10556 10557 7049
f 10556 7049 7050
f 5475 10556 7050
f 5475 7050 4691
f 10555 5475 4691
f 10555 4691 7051
f 10554 10555 7051
f 10554 7051 7052
f 10553 10554 7052
f 10553 7052 7053
f 5474 10553 7053
f 5474 7053 4692
f 10564 5474 4692
f 10564 4692 7054
f 10563 10564 7054
f 10563 7054 7055
f 10562 10563 7055
f 10562 7055 7056
f 4678 10562 7056
f 4678 7056 4278
f 4279 7044 10562
f 4279 10562 4678
f 7044 7043 10563
f 7044 10563 10562
f 7043 7042 10564
f 7043 10564 10563
f 7042 4688 5474
f 7042 5474 10564
f 5477 10565 7078
f 5477 7078 4699
f 10565 10566 7077
f 10565 7077 7078
f 10566 10567 7076
f 10566 7076 7077
f 10567 5478 4698
f 10567 4698 7076
f 5478 10568 7075
f 5478 7075 4698
f 10568 10569 7074
f 10568 7074 7075
f 10569 10570 7073
f 10569 7073 7074
f 10570 5479 4697
f 10570 4697 7073
f 7057 7058 10575
f 7057 10575 10574
f 7058 7059 10576
f 7058 10576 10575
f 7059 7060 10577
f 7059 10577 10576
f 7060 4693 5477
f 7060 5477 10577
f 4280 7057 10574
f 4280 10574 4685
f 4693 7061 10565
f 4693 10565 5477
f 7061 7062 10566
f 7061 10566 10565
f 7062 7063 10567
f 7062 10567 10566
f 7063 4694 5478
f 7063 5478 10567
f 4694 7064 10568
f 4694 10568 5478
f 7064 7065 10569
f 7064 10569 10568
f 7065 7066 10570
f 7065 10570 10569
f 7066 4695 5479
f 7066 5479 10570
f 4695 7067 10573
f 4695 10573 5479
f 7067 7068 10572
f 7067 10572 10573
f 7068 7069 10571
f 7068 10571 10572
f 7069 4283 4696
f 7069 4696 10571
f 5479 10573 7072
f 5479 7072 4697
f 10573 10572 7071
f 10573 7071 7072
f 10572 10571 7070
f 10572 7070 7071
f 10571 4696 4285
f 10571 4285 7070
f 4685 10574 7082
f 4685 7082 4282
f 10574 10575 7081
f 10574 7081 7082
f 10575 10576 7080
f 10575 7080 7081
f 10576 10577 7079
f 10576 7079 7080
f 10577 5477 4699
f 10577 4699 7079
f 4699 7078 10578
f 4699 10578 5480
f 7078 7077 10579
f 7078 10579 10578
f 7077 7076 10580
f 7077 10580 10579
f 7076 4698 5481
f 7076 5481 10580
f 4698 7075 10581
f 4698 10581 5481
f 7075 7074 10582
f 7075 10582 10581
f 7074 7073 10583
f 7074 10583 10582
f 7073 4697 5482
f 7073 5482 10583
f 4697 7072 10586
f 4697 10586 5482
f 7072 7071 10585
f 7072 10585 10586
f 7071 7070 10584
f 7071 10584 10585
f 7070 4285 4700
f 7070 4700 10584
f 10584 4700 4284
f 10584 4284 7083
f 10585 10584 7083
f 10585 7083 7084
f 10586 10585 7084
f 10586 7084 7085
f 5482 10586 7085
f 5482 7085 4701
f 10583 5482 4701
f 10583 4701 7086
f 10582 10583 7086
f 10582 7086 7087
f 10581 10582 7087
f 10581 7087 7088
f 5481 10581 7088
f 5481 7088 4702
f 10580 5481 4702
f 10580 4702 7089
f 10579 10580 7089
f 10579 7089 7090
f 10578 10579 7090
f 10578 7090 7091
f 5480 10578 7091
f 5480 7091 4703
f 10590 5480 4703
f 10590 4703 7092
f 10589 10590 7092
f 10589 7092 7093
f 10588 10589 7093
f 10588 7093 7094
f 10587 10588 7094
f 10587 7094 7095
f 4689 10587 7095
f 4689 7095 4281
f 7082 7081 10588
f 7082 10588 10587
f 7081 7080 10589
f 7081 10589 10588
f 7080 7079 10590
f 7080 10590 10589
f 7079 4699 5480
f 7079 5480 10590
f 4282 7082 10587
f 4282 10587 4689
f 5483 10591 7118
f 5483 7118 4710
f 10591 10592 7117
f 10591 7117 7118
f 10592 10593 7116
f 10592 7116 7117
f 10593 5484 4709
f 10593 4709 7116
f 5484 10594 7115
f 5484 7115 4709
f 10594 10595 7114
f 10594 7114 7115
f 10595 10596 7113
f 10595 7113 7114
f 10596 10597 7112
f 10596 7112 7113
f 10597 5485 4708
f 10597 4708 7112
f 7096 7097 10602
f 7096 10602 10601
f 7097 7098 10603
f 7097 10603 10602
f 7098 4704 5483
f 7098 5483 10603
f 4283 7096 10601
f 4283 10601 4696
f 7099 7100 10592
f 7099 10592 10591
f 7100 7101 10593
f 7100 10593 10592
f 7101 4705 5484
f 7101 5484 10593
f 4704 7099 10591
f 4704 10591 5483
f 7102 7103 10595
f 7102 10595 10594
f 7103 7104 10596
f 7103 10596 10595
f 7104 7105 10597
f 7104 10597 10596
f 7105 4706 5485
f 7105 5485 10597
f 4705 7102 10594
f 4705 10594 5484
f 4706 7106 10600
f 4706 10600 5485
f 7106 7107 10599
f 7106 10599 10600
f 7107 7108 10598
f 7107 10598 10599
f 7108 4286 4707
f 7108 4707 10598
f 5485 10600 7111
f 5485 7111 4708
f 10600 10599 7110
f 10600 7110 7111
f 10599 10598 7109
f 10599 7109 7110
f 10598 4707 4288
f 10598 4288 7109
f 4696 10601 7121
f 4696 7121 4285
f 10601 10602 7120
f 10601 7120 7121
f 10602 10603 7119
f 10602 7119 7120
f 10603 5483 4710
f 10603 4710 7119
f 7118 7117 10605
f 7118 10605 10604
f 7117 7116 10606
f 7117 10606 10605
f 7116 4709 5487
f 7116 5487 10606
f 4710 7118 10604
f 4710 10604 5486
f 7115 7114 10608
f 7115 10608 10607
f 7114 7113 10609
f 7114 10609 10608
f 7113 7112 10610
f 7113 10610 10609
f 7112 4708 5488
f 7112 5488 10610
f 4709 7115 10607
f 4709 10607 5487
f 4708 7111 10613
f 4708 10613 5488
f 7111 7110 10612
f 7111 10612 10613
f 7110 7109 10611
f 7110 10611 10612
f 7109 4288 4711
f 7109 4711 10611
f 10611 4711 4287
f 10611 4287 7122
f 10612 10611 7122
f 10612 7122 7123
f 10613 10612 7123
f 10613 7123 7124
f 5488 10613 7124
f 5488 7124 4712
f 10610 5488 4712
f 10610 4712 7125
f 10609 10610 7125
f 10609 7125 7126
f 10608 10609 7126
f 10608 7126 7127
f 10607 10608 7127
f 10607 7127 7128
f 5487 10607 7128
f 5487 7128 4713
f 10606 5487 4713
f 10606 4713 7129
f 10605 10606 7129
f 10605 7129 7130
f 10604 10605 7130
f 10604 7130 7131
f 5486 10604 7131
f 5486 7131 4714
f 10616 5486 4714
f 10616 4714 7132
f 10615 10616 7132
f 10615 7132 7133
f 10614 10615 7133
f 10614 7133 7134
f 4700 10614 7134
f 4700 7134 4284
f 7121 7120 10615
f 7121 10615 10614
f 7120 7119 10616
f 7120 10616 10615
f 7119 4710 5486
f 7119 5486 10616
f 4285 7121 10614
f 4285 10614 4700
f 5489 10617 7155
f 5489 7155 4721
f 10617 10618 7154
f 10617 7154 7155
f 10618 10619 7153
f 10618 7153 7154
f 10619 5490 4720
f 10619 4720 7153
f 5490 10620 7152
f 5490 7152 4720
f 10620 10621 7151
f 10620 7151 7152
f 10621 10622 7150
f 10621 7150 7151
f 10622 5491 4719
f 10622 4719 7150
f 4286 7135 10626
f 4286 10626 4707
f 7135 7136 10627
f 7135 10627 10626
f 7136 7137 10628
f 7136 10628 10627
f 7137 4715 5489
f 7137 5489 10628
f 4715 7138 10617
f 4715 10617 5489
f 7138 7139 10618
f 7138 10618 10617
f 7139 7140 10619
f 7139 10619 10618
f 7140 4716 5490
f 7140 5490 10619
f 7141 7142 10621
f 7141 10621 10620
f 7142 7143 10622
f 7142 10622 10621
f 7143 4717 5491
f 7143 5491 10622
f 4716 7141 10620
f 4716 10620 5490
f 7144 7145 10624
f 7144 10624 10625
f 7145 7146 10623
f 7145 10623 10624
f 7146 4289 4718
f 7146 4718 10623
f 4717 7144 10625
f 4717 10625 5491
f 5491 10625 7149
f 5491 7149 4719
f 10625 10624 7148
f 10625 7148 7149
f 10624 10623 7147
f 10624 7147 7148
f 10623 4718 4291
f 10623 4291 7147
f 4707 10626 7158
f 4707 7158 4288
f 10626 10627 7157
f 10626 7157 7158
f 10627 10628 7156
f 10627 7156 7157
f 10628 5489 4721
f 10628 4721 7156
f 4721 7155 10629
f 4721 10629 5492
f 7155 7154 10630
f 7155 10630 10629
f 7154 7153 10631
f 7154 10631 10630
f 7153 4720 5493
f 7153 5493 10631
f 7152 7151 10633
f 7152 10633 10632
f 7151 7150 10634
f 7151 10634 10633
f 7150 4719 5494
f 7150 5494 10634
f 4720 7152 10632
f 4720 10632 5493
f 7149 7148 10636
f 7149 10636 10637
f 7148 7147 10635
f 7148 10635 10636
f 7147 4291 4722
f 7147 4722 10635
f 4719 7149 10637
f 4719 10637 5494
f 10635 4722 4290
f 10635 4290 7159
f 10636 10635 7159
f 10636 7159 7160
f 10637 10636 7160
f 10637 7160 7161
f 5494 10637 7161
f 5494 7161 4723
f 10634 5494 4723
f 10634 4723 7162
f 10633 10634 7162
f 10633 7162 7163
f 10632 10633 7163
f 10632 7163 7164
f 5493 10632 7164
f 5493 7164 4724
f 10631 5493 4724
f 10631 4724 7165
f 10630 10631 7165
f 10630 7165 7166
f 10629 10630 7166
f 10629 7166 7167
f 5492 10629 7167
f 5492 7167 4725
f 10640 5492 4725
f 10640 4725 7168
f 10639 10640 7168
f 10639 7168 7169
f 10638 10639 7169
f 10638 7169 7170
f 4711 10638 7170
f 4711 7170 4287
f 4288 7158 10638
f 4288 10638 4711
f 7158 7157 10639
f 7158 10639 10638
f 7157 7156 10640
f 7157 10640 10639
f 7156 4721 5492
f 7156 5492 10640
f 5495 10641 7193
f 5495 7193 4731
f 10641 10642 7192
f 10641 7192 7193
f 10642 10643 7191
f 10642 7191 7192
f 10643 10644 7190
f 10643 7190 7191
f 10644 5496 4730
f 10644 4730 7190
f 5496 10645 7189
f 5496 7189 4730
f 10645 10646 7188
f 10645 7188 7189
f 10646 10647 7187
f 10646 7187 7188
f 10647 5497 4729
f 10647 4729 7187
f 7171 7172 10652
f 7171 10652 10651
f 7172 7173 10653
f 7172 10653 10652
f 7173 4726 5495
f 7173 5495 10653
f 4289 7171 10651
f 4289 10651 4718
f 7174 7175 10642
f 7174 10642 10641
f 7175 7176 10643
f 7175 10643 10642
f 7176 7177 10644
f 7176 10644 10643
f 7177 4727 5496
f 7177 5496 10644
f 4726 7174 10641
f 4726 10641 5495
f 4727 7178 10645
f 4727 10645 5496
f 7178 7179 10646
f 7178 10646 10645
f 7179 7180 10647
f 7179 10647 10646
f 7180 4728 5497
f 7180 5497 10647
f 4728 7181 10650
f 4728 10650 5497
f 7181 7182 10649
f 7181 10649 10650
f 7182 7183 10648
f 7182 10648 10649
f 7183 4293 4524
f 7183 4524 10648
f 5497 10650 7186
f 5497 7186 4729
f 10650 10649 7185
f 10650 7185 7186
f 10649 10648 7184
f 10649 7184 7185
f 10648 4524 4294
f 10648 4294 7184
f 4718 10651 7196
f 4718 7196 4291
f 10651 10652 7195
f 10651 7195 7196
f 10652 10653 7194
f 10652 7194 7195
f 10653 5495 4731
f 10653 4731 7194
f 7193 7192 10655
f 7193 10655 10654
f 7192 7191 10656
f 7192 10656 10655
f 7191 7190 10657
f 7191 10657 10656
f 7190 4730 5499
f 7190 5499 10657
f 4731 7193 10654
f 4731 10654 5498
f 4730 7189 10658
f 4730 10658 5499
f 7189 7188 10659
f 7189 10659 10658
f 7188 7187 10660
f 7188 10660 10659
f 7187 4729 5500
f 7187 5500 10660
f 4729 7186 10663
f 4729 10663 5500
f 7186 7185 10662
f 7186 10662 10663
f 7185 7184 10661
f 7185 10661 10662
f 7184 4294 4531
f 7184 4531 10661
f 10661 4531 4292
f 10661 4292 7197
f 10662 10661 7197
f 10662 7197 7198
f 10663 10662 7198
f 10663 7198 7199
f 5500 10663 7199
f 5500 7199 4732
f 10660 5500 4732
f 10660 4732 7200
f 10659 10660 7200
f 10659 7200 7201
f 10658 10659 7201
f 10658 7201 7202
f 5499 10658 7202
f 5499 7202 4733
f 10657 5499 4733
f 10657 4733 7203
f 10656 10657 7203
f 10656 7203 7204
f 10655 10656 7204
f 10655 7204 7205
f 10654 10655 7205
f 10654 7205 7206
f 5498 10654 7206
f 5498 7206 4734
f 10666 5498 4734
f 10666 4734 7207
f 10665 10666 7207
f 10665 7207 7208
f 10664 10665 7208
f 10664 7208 7209
f 4722 10664 7209
f 4722 7209 4290
f 7196 7195 10665
f 7196 10665 10664
f 7195 7194 10666
f 7195 10666 10665
f 7194 4731 5498
f 7194 5498 10666
f 4291 7196 10664
f 4291 10664 4722
f 14926 14927 7215
f 14926 7215 7216
f 14927 10668 4736
f 14927 4736 7215
f 10667 14926 7216
f 10667 7216 4737
f 10668 14928 7214
f 10668 7214 4736
f 14928 14929 7213
f 14928 7213 7214
f 14929 10669 4735
f 14929 4735 7213
f 10669 14930 7212
f 10669 7212 4735
f 14930 14931 7211
f 14930 7211 7212
f 14931 7210 4296
f 14931 4296 7211
f 6296 14932 7217
f 6296 7217 4201
f 14932 10667 4737
f 14932 4737 7217
f 7211 4296 4295
f 7211 4295 7218
f 7212 7211 7218
f 7212 7218 7219
f 4735 7212 7219
f 4735 7219 4738
f 7213 4735 4738
f 7213 4738 7220
f 7214 7213 7220
f 7214 7220 7221
f 4736 7214 7221
f 4736 7221 4739
f 7215 4736 4739
f 7215 4739 7222
f 7216 7215 7222
f 7216 7222 7223
f 4737 7216 7223
f 4737 7223 4740
f 7217 4737 4740
f 7217 4740 7224
f 4201 7217 7224
f 4201 7224 4196
f 10670 14933 7232
f 10670 7232 4743
f 14933 14934 7231
f 14933 7231 7232
f 14934 10671 4742
f 14934 4742 7231
f 10671 14935 7230
f 10671 7230 4742
f 14935 14936 7229
f 14935 7229 7230
f 14936 10672 4741
f 14936 4741 7229
f 14937 14938 7227
f 14937 7227 7228
f 14938 14939 7226
f 14938 7226 7227
f 14939 7225 4298
f 14939 4298 7226
f 10672 14937 7228
f 10672 7228 4741
f 14940 14941 7234
f 14940 7234 7235
f 14941 14942 7233
f 14941 7233 7234
f 14942 10670 4743
f 14942 4743 7233
f 7210 14940 7235
f 7210 7235 4296
f 7226 4298 4297
f 7226 4297 7236
f 7227 7226 7236
f 7227 7236 7237
f 7228 7227 7237
f 7228 7237 7238
f 4741 7228 7238
f 4741 7238 4744
f 7229 4741 4744
f 7229 4744 7239
f 7230 7229 7239
f 7230 7239 7240
f 4742 7230 7240
f 4742 7240 4745
f 7231 4742 4745
f 7231 4745 7241
f 7232 7231 7241
f 7232 7241 7242
f 4743 7232 7242
f 4743 7242 4746
f 7233 4743 4746
f 7233 4746 7243
f 7234 7233 7243
f 7234 7243 7244
f 7235 7234 7244
f 7235 7244 7245
f 4296 7235 7245
f 4296 7245 4295
f 10673 14943 7253
f 10673 7253 4749
f 14943 14944 7252
f 14943 7252 7253
f 14944 10674 4748
f 14944 4748 7252
f 14945 14946 7250
f 14945 7250 7251
f 14946 14947 7249
f 14946 7249 7250
f 14947 10675 4747
f 14947 4747 7249
f 10674 14945 7251
f 10674 7251 4748
f 10675 14948 7248
f 10675 7248 4747
f 14948 14949 7247
f 14948 7247 7248
f 14949 7246 4300
f 14949 4300 7247
f 7225 14950 7255
f 7225 7255 4298
f 14950 14951 7254
f 14950 7254 7255
f 14951 10673 4749
f 14951 4749 7254
f 7247 4300 4299
f 7247 4299 7256
f 7248 7247 7256
f 7248 7256 7257
f 4747 7248 7257
f 4747 7257 4750
f 7249 4747 4750
f 7249 4750 7258
f 7250 7249 7258
f 7250 7258 7259
f 7251 7250 7259
f 7251 7259 7260
f 4748 7251 7260
f 4748 7260 4751
f 7252 4748 4751
f 7252 4751 7261
f 7253 7252 7261
f 7253 7261 7262
f 4749 7253 7262
f 4749 7262 4752
f 7254 4749 4752
f 7254 4752 7263
f 7255 7254 7263
f 7255 7263 7264
f 4298 7255 7264
f 4298 7264 4297
f 14952 14953 7271
f 14952 7271 7272
f 14953 14954 7270
f 14953 7270 7271
f 14954 10677 4754
f 14954 4754 7270
f 10676 14952 7272
f 10676 7272 4755
f 10677 14955 7269
f 10677 7269 4754
f 14955 14956 7268
f 14955 7268 7269
f 14956 10678 4753
f 14956 4753 7268
f 10678 14957 7267
f 10678 7267 4753
f 14957 14958 7266
f 14957 7266 7267
f 14958 7265 4302
f 14958 4302 7266
f 7246 14959 7274
f 7246 7274 4300
f 14959 14960 7273
f 14959 7273 7274
f 14960 10676 4755
f 14960 4755 7273
f 7266 4302 4301
f 7266 4301 7275
f 7267 7266 7275
f 7267 7275 7276
f 4753 7267 7276
f 4753 7276 4756
f 7268 4753 4756
f 7268 4756 7277
f 7269 7268 7277
f 7269 7277 7278
f 4754 7269 7278
f 4754 7278 4757
f 7270 4754 4757
f 7270 4757 7279
f 7271 7270 7279
f 7271 7279 7280
f 7272 7271 7280
f 7272 7280 7281
f 4755 7272 7281
f 4755 7281 4758
f 7273 4755 4758
f 7273 4758 7282
f 7274 7273 7282
f 7274 7282 7283
f 4300 7274 7283
f 4300 7283 4299
f 10679 14961 7291
f 10679 7291 4761
f 14961 14962 7290
f 14961 7290 7291
f 14962 10680 4760
f 14962 4760 7290
f 10680 14963 7289
f 10680 7289 4760
f 14963 14964 7288
f 14963 7288 7289
f 14964 10681 4759
f 14964 4759 7288
f 14965 14966 7286
f 14965 7286 7287
f 14966 14967 7285
f 14966 7285 7286
f 14967 7284 4304
f 14967 4304 7285
f 10681 14965 7287
f 10681 7287 4759
f 14968 14969 7293
f 14968 7293 7294
f 14969 14970 7292
f 14969 7292 7293
f 14970 10679 4761
f 14970 4761 7292
f 7265 14968 7294
f 7265 7294 4302
f 7285 4304 4303
f 7285 4303 7295
f 7286 7285 7295
f 7286 7295 7296
f 7287 7286 7296
f 7287 7296 7297
f 4759 7287 7297
f 4759 7297 4762
f 7288 4759 4762
f 7288 4762 7298
f 7289 7288 7298
f 7289 7298 7299
f 4760 7289 7299
f 4760 7299 4763
f 7290 4760 4763
f 7290 4763 7300
f 7291 7290 7300
f 7291 7300 7301
f 4761 7291 7301
f 4761 7301 4764
f 7292 4761 4764
f 7292 4764 7302
f 7293 7292 7302
f 7293 7302 7303
f 7294 7293 7303
f 7294 7303 7304
f 4302 7294 7304
f 4302 7304 4301
f 14971 14972 7310
f 14971 7310 7311
f 14972 10683 4766
f 14972 4766 7310
f 10682 14971 7311
f 10682 7311 4767
f 14973 14974 7308
f 14973 7308 7309
f 14974 14975 7307
f 14974 7307 7308
f 14975 10684 4765
f 14975 4765 7307
f 10683 14973 7309
f 10683 7309 4766
f 10684 14976 7306
f 10684 7306 4765
f 14976 14977 7305
f 14976 7305 7306
f 14977 6297 4306
f 14977 4306 7305
f 7284 14978 7313
f 7284 7313 4304
f 14978 14979 7312
f 14978 7312 7313
f 14979 10682 4767
f 14979 4767 7312
f 7305 4306 4305
f 7305 4305 7314
f 7306 7305 7314
f 7306 7314 7315
f 4765 7306 7315
f 4765 7315 4768
f 7307 4765 4768
f 7307 4768 7316
f 7308 7307 7316
f 7308 7316 7317
f 7309 7308 7317
f 7309 7317 7318
f 4766 7309 7318
f 4766 7318 4769
f 7310 4766 4769
f 7310 4769 7319
f 7311 7310 7319
f 7311 7319 7320
f 4767 7311 7320
f 4767 7320 4770
f 7312 4767 4770
f 7312 4770 7321
f 7313 7312 7321
f 7313 7321 7322
f 4304 7313 7322
f 4304 7322 4303
f 5501 10685 7335
f 5501 7335 4777
f 10685 10686 7334
f 10685 7334 7335
f 10686 5502 4776
f 10686 4776 7334
f 5502 10687 7333
f 5502 7333 4776
f 10687 10688 7332
f 10687 7332 7333
f 10688 5503 4775
f 10688 4775 7332
f 4191 7323 10691
f 4191 10691 4401
f 7323 4771 5501
f 7323 5501 10691
f 4771 7324 10685
f 4771 10685 5501
f 7324 7325 10686
f 7324 10686 10685
f 7325 4772 5502
f 7325 5502 10686
f 4772 7326 10687
f 4772 10687 5502
f 7326 7327 10688
f 7326 10688 10687
f 7327 4773 5503
f 7327 5503 10688
f 4773 7328 10690
f 4773 10690 5503
f 7328 7329 10689
f 7328 10689 10690
f 7329 4307 4774
f 7329 4774 10689
f 5503 10690 7331
f 5503 7331 4775
f 10690 10689 7330
f 10690 7330 7331
f 10689 4774 4309
f 10689 4309 7330
f 4401 10691 7336
f 4401 7336 4195
f 10691 5501 4777
f 10691 4777 7336
f 4777 7335 10692
f 4777 10692 5504
f 7335 7334 10693
f 7335 10693 10692
f 7334 4776 5505
f 7334 5505 10693
f 4776 7333 10694
f 4776 10694 5505
f 7333 7332 10695
f 7333 10695 10694
f 7332 4775 5506
f 7332 5506 10695
f 4775 7331 10697
f 4775 10697 5506
f 7331 7330 10696
f 7331 10696 10697
f 7330 4309 4778
f 7330 4778 10696
f 10696 4778 4308
f 10696 4308 7337
f 10697 10696 7337
f 10697 7337 7338
f 5506 10697 7338
f 5506 7338 4779
f 10695 5506 4779
f 10695 4779 7339
f 10694 10695 7339
f 10694 7339 7340
f 5505 10694 7340
f 5505 7340 4780
f 10693 5505 4780
f 10693 4780 7341
f 10692 10693 7341
f 10692 7341 7342
f 5504 10692 7342
f 5504 7342 4781
f 10698 5504 4781
f 10698 4781 7343
f 4393 10698 7343
f 4393 7343 4189
f 4195 7336 10698
f 4195 10698 4393
f 7336 4777 5504
f 7336 5504 10698
f 10699 10700 7358
f 10699 7358 7359
f 10700 10701 7357
f 10700 7357 7358
f 10701 5508 4787
f 10701 4787 7357
f 5507 10699 7359
f 5507 7359 4788
f 5508 10702 7356
f 5508 7356 4787
f 10702 10703 7355
f 10702 7355 7356
f 10703 5509 4786
f 10703 4786 7355
f 4307 7344 10706
f 4307 10706 4774
f 7344 7345 10707
f 7344 10707 10706
f 7345 4782 5507
f 7345 5507 10707
f 7346 7347 10700
f 7346 10700 10699
f 7347 7348 10701
f 7347 10701 10700
f 7348 4783 5508
f 7348 5508 10701
f 4782 7346 10699
f 4782 10699 5507
f 4783 7349 10702
f 4783 10702 5508
f 7349 7350 10703
f 7349 10703 10702
f 7350 4784 5509
f 7350 5509 10703
f 4784 7351 10705
f 4784 10705 5509
f 7351 7352 10704
f 7351 10704 10705
f 7352 4310 4785
f 7352 4785 10704
f 5509 10705 7354
f 5509 7354 4786
f 10705 10704 7353
f 10705 7353 7354
f 10704 4785 4312
f 10704 4312 7353
f 4774 10706 7361
f 4774 7361 4309
f 10706 10707 7360
f 10706 7360 7361
f 10707 5507 4788
f 10707 4788 7360
f 7359 7358 10709
f 7359 10709 10708
f 7358 7357 10710
f 7358 10710 10709
f 7357 4787 5511
f 7357 5511 10710
f 4788 7359 10708
f 4788 10708 5510
f 4787 7356 10711
f 4787 10711 5511
f 7356 7355 10712
f 7356 10712 10711
f 7355 4786 5512
f 7355 5512 10712
f 4786 7354 10714
f 4786 10714 5512
f 7354 7353 10713
f 7354 10713 10714
f 7353 4312 4789
f 7353 4789 10713
f 10713 4789 4311
f 10713 4311 7362
f 10714 10713 7362
f 10714 7362 7363
f 5512 10714 7363
f 5512 7363 4790
f 10712 5512 4790
f 10712 4790 7364
f 10711 10712 7364
f 10711 7364 7365
f 5511 10711 7365
f 5511 7365 4791
f 10710 5511 4791
f 10710 4791 7366
f 10709 10710 7366
f 10709 7366 7367
f 10708 10709 7367
f 10708 7367 7368
f 5510 10708 7368
f 5510 7368 4792
f 10716 5510 4792
f 10716 4792 7369
f 10715 10716 7369
f 10715 7369 7370
f 4778 10715 7370
f 4778 7370 4308
f 4309 7361 10715
f 4309 10715 4778
f 7361 7360 10716
f 7361 10716 10715
f 7360 4788 5510
f 7360 5510 10716
f 5513 10717 7387
f 5513 7387 4799
f 10717 10718 7386
f 10717 7386 7387
f 10718 5514 4798
f 10718 4798 7386
f 5514 10719 7385
f 5514 7385 4798
f 10719 10720 7384
f 10719 7384 7385
f 10720 5515 4797
f 10720 4797 7384
f 7371 7372 10725
f 7371 10725 10724
f 7372 7373 10726
f 7372 10726 10725
f 7373 4793 5513
f 7373 5513 10726
f 4310 7371 10724
f 4310 10724 4785
f 4793 7374 10717
f 4793 10717 5513
f 7374 7375 10718
f 7374 10718 10717
f 7375 4794 5514
f 7375 5514 10718
f 4794 7376 10719
f 4794 10719 5514
f 7376 7377 10720
f 7376 10720 10719
f 7377 4795 5515
f 7377 5515 10720
f 7378 7379 10722
f 7378 10722 10723
f 7379 7380 10721
f 7379 10721 10722
f 7380 4313 4796
f 7380 4796 10721
f 4795 7378 10723
f 4795 10723 5515
f 10723 10722 7382
f 10723 7382 7383
f 10722 10721 7381
f 10722 7381 7382
f 10721 4796 4315
f 10721 4315 7381
f 5515 10723 7383
f 5515 7383 4797
f 10724 10725 7389
f 10724 7389 7390
f 10725 10726 7388
f 10725 7388 7389
f 10726 5513 4799
f 10726 4799 7388
f 4785 10724 7390
f 4785 7390 4312
f 4799 7387 10727
f 4799 10727 5516
f 7387 7386 10728
f 7387 10728 10727
f 7386 4798 5517
f 7386 5517 10728
f 4798 7385 10729
f 4798 10729 5517
f 7385 7384 10730
f 7385 10730 10729
f 7384 4797 5518
f 7384 5518 10730
f 7383 7382 10732
f 7383 10732 10733
f 7382 7381 10731
f 7382 10731 10732
f 7381 4315 4800
f 7381 4800 10731
f 4797 7383 10733
f 4797 10733 5518
f 10731 4800 4314
f 10731 4314 7391
f 10732 10731 7391
f 10732 7391 7392
f 10733 10732 7392
f 10733 7392 7393
f 5518 10733 7393
f 5518 7393 4801
f 10730 5518 4801
f 10730 4801 7394
f 10729 10730 7394
f 10729 7394 7395
f 5517 10729 7395
f 5517 7395 4802
f 10728 5517 4802
f 10728 4802 7396
f 10727 10728 7396
f 10727 7396 7397
f 5516 10727 7397
f 5516 7397 4803
f 10736 5516 4803
f 10736 4803 7398
f 10735 10736 7398
f 10735 7398 7399
f 10734 10735 7399
f 10734 7399 7400
f 4789 10734 7400
f 4789 7400 4311
f 7390 7389 10735
f 7390 10735 10734
f 7389 7388 10736
f 7389 10736 10735
f 7388 4799 5516
f 7388 5516 10736
f 4312 7390 10734
f 4312 10734 4789
f 5519 10737 7416
f 5519 7416 4810
f 10737 10738 7415
f 10737 7415 7416
f 10738 5520 4809
f 10738 4809 7415
f 10739 10740 7413
f 10739 7413 7414
f 10740 10741 7412
f 10740 7412 7413
f 10741 5521 4808
f 10741 4808 7412
f 5520 10739 7414
f 5520 7414 4809
f 4313 7401 10744
f 4313 10744 4796
f 7401 7402 10745
f 7401 10745 10744
f 7402 4804 5519
f 7402 5519 10745
f 4804 7403 10737
f 4804 10737 5519
f 7403 7404 10738
f 7403 10738 10737
f 7404 4805 5520
f 7404 5520 10738
f 7405 7406 10740
f 7405 10740 10739
f 7406 7407 10741
f 7406 10741 10740
f 7407 4806 5521
f 7407 5521 10741
f 4805 7405 10739
f 4805 10739 5520
f 4806 7408 10743
f 4806 10743 5521
f 7408 7409 10742
f 7408 10742 10743
f 7409 4316 4807
f 7409 4807 10742
f 5521 10743 7411
f 5521 7411 4808
f 10743 10742 7410
f 10743 7410 7411
f 10742 4807 4318
f 10742 4318 7410
f 4796 10744 7418
f 4796 7418 4315
f 10744 10745 7417
f 10744 7417 7418
f 10745 5519 4810
f 10745 4810 7417
f 4810 7416 10746
f 4810 10746 5522
f 7416 7415 10747
f 7416 10747 10746
f 7415 4809 5523
f 7415 5523 10747
f 7414 7413 10749
f 7414 10749 10748
f 7413 7412 10750
f 7413 10750 10749
f 7412 4808 5524
f 7412 5524 10750
f 4809 7414 10748
f 4809 10748 5523
f 4808 7411 10752
f 4808 10752 5524
f 7411 7410 10751
f 7411 10751 10752
f 7410 4318 4811
f 7410 4811 10751
f 10751 4811 4317
f 10751 4317 7419
f 10752 10751 7419
f 10752 7419 7420
f 5524 10752 7420
f 5524 7420 4812
f 10750 5524 4812
f 10750 4812 7421
f 10749 10750 7421
f 10749 7421 7422
f 10748 10749 7422
f 10748 7422 7423
f 5523 10748 7423
f 5523 7423 4813
f 10747 5523 4813
f 10747 4813 7424
f 10746 10747 7424
f 10746 7424 7425
f 5522 10746 7425
f 5522 7425 4814
f 10754 5522 4814
f 10754 4814 7426
f 10753 10754 7426
f 10753 7426 7427
f 4800 10753 7427
f 4800 7427 4314
f 4315 7418 10753
f 4315 10753 4800
f 7418 7417 10754
f 7418 10754 10753
f 7417 4810 5522
f 7417 5522 10754
f 10755 10756 7442
f 10755 7442 7443
f 10756 10757 7441
f 10756 7441 7442
f 10757 5526 4820
f 10757 4820 7441
f 5525 10755 7443
f 5525 7443 4821
f 5526 10758 7440
f 5526 7440 4820
f 10758 10759 7439
f 10758 7439 7440
f 10759 5527 4819
f 10759 4819 7439
f 4316 7428 10762
f 4316 10762 4807
f 7428 7429 10763
f 7428 10763 10762
f 7429 4815 5525
f 7429 5525 10763
f 7430 7431 10756
f 7430 10756 10755
f 7431 7432 10757
f 7431 10757 10756
f 7432 4816 5526
f 7432 5526 10757
f 4815 7430 10755
f 4815 10755 5525
f 4816 7433 10758
f 4816 10758 5526
f 7433 7434 10759
f 7433 10759 10758
f 7434 4817 5527
f 7434 5527 10759
f 4817 7435 10761
f 4817 10761 5527
f 7435 7436 10760
f 7435 10760 10761
f 7436 4319 4818
f 7436 4818 10760
f 5527 10761 7438
f 5527 7438 4819
f 10761 10760 7437
f 10761 7437 7438
f 10760 4818 4321
f 10760 4321 7437
f 4807 10762 7445
f 4807 7445 4318
f 10762 10763 7444
f 10762 7444 7445
f 10763 5525 4821
f 10763 4821 7444
f 7443 7442 10765
f 7443 10765 10764
f 7442 7441 10766
f 7442 10766 10765
f 7441 4820 5529
f 7441 5529 10766
f 4821 7443 10764
f 4821 10764 5528
f 4820 7440 10767
f 4820 10767 5529
f 7440 7439 10768
f 7440 10768 10767
f 7439 4819 5530
f 7439 5530 10768
f 4819 7438 10770
f 4819 10770 5530
f 7438 7437 10769
f 7438 10769 10770
f 7437 4321 4822
f 7437 4822 10769
f 10769 4822 4320
f 10769 4320 7446
f 10770 10769 7446
f 10770 7446 7447
f 5530 10770 7447
f 5530 7447 4823
f 10768 5530 4823
f 10768 4823 7448
f 10767 10768 7448
f 10767 7448 7449
f 5529 10767 7449
f 5529 7449 4824
f 10766 5529 4824
f 10766 4824 7450
f 10765 10766 7450
f 10765 7450 7451
f 10764 10765 7451
f 10764 7451 7452
f 5528 10764 7452
f 5528 7452 4825
f 10772 5528 4825
f 10772 4825 7453
f 10771 10772 7453
f 10771 7453 7454
f 4811 10771 7454
f 4811 7454 4317
f 4318 7445 10771
f 4318 10771 4811
f 7445 7444 10772
f 7445 10772 10771
f 7444 4821 5528
f 7444 5528 10772
f 5531 10773 7471
f 5531 7471 4831
f 10773 10774 7470
f 10773 7470 7471
f 10774 5532 4830
f 10774 4830 7470
f 5532 10775 7469
f 5532 7469 4830
f 10775 10776 7468
f 10775 7468 7469
f 10776 5533 4829
f 10776 4829 7468
f 7455 7456 10781
f 7455 10781 10780
f 7456 7457 10782
f 7456 10782 10781
f 7457 4826 5531
f 7457 5531 10782
f 4319 7455 10780
f 4319 10780 4818
f 4826 7458 10773
f 4826 10773 5531
f 7458 7459 10774
f 7458 10774 10773
f 7459 4827 5532
f 7459 5532 10774
f 4827 7460 10775
f 4827 10775 5532
f 7460 7461 10776
f 7460 10776 10775
f 7461 4828 5533
f 7461 5533 10776
f 7462 7463 10778
f 7462 10778 10779
f 7463 7464 10777
f 7463 10777 10778
f 7464 4323 4462
f 7464 4462 10777
f 4828 7462 10779
f 4828 10779 5533
f 10779 10778 7466
f 10779 7466 7467
f 10778 10777 7465
f 10778 7465 7466
f 10777 4462 4324
f 10777 4324 7465
f 5533 10779 7467
f 5533 7467 4829
f 10780 10781 7473
f 10780 7473 7474
f 10781 10782 7472
f 10781 7472 7473
f 10782 5531 4831
f 10782 4831 7472
f 4818 10780 7474
f 4818 7474 4321
f 4831 7471 10783
f 4831 10783 5534
f 7471 7470 10784
f 7471 10784 10783
f 7470 4830 5535
f 7470 5535 10784
f 4830 7469 10785
f 4830 10785 5535
f 7469 7468 10786
f 7469 10786 10785
f 7468 4829 5536
f 7468 5536 10786
f 7467 7466 10788
f 7467 10788 10789
f 7466 7465 10787
f 7466 10787 10788
f 7465 4324 4469
f 7465 4469 10787
f 4829 7467 10789
f 4829 10789 5536
f 10787 4469 4322
f 10787 4322 7475
f 10788 10787 7475
f 10788 7475 7476
f 10789 10788 7476
f 10789 7476 7477
f 5536 10789 7477
f 5536 7477 4832
f 10786 5536 4832
f 10786 4832 7478
f 10785 10786 7478
f 10785 7478 7479
f 5535 10785 7479
f 5535 7479 4833
f 10784 5535 4833
f 10784 4833 7480
f 10783 10784 7480
f 10783 7480 7481
f 5534 10783 7481
f 5534 7481 4834
f 10792 5534 4834
f 10792 4834 7482
f 10791 10792 7482
f 10791 7482 7483
f 10790 10791 7483
f 10790 7483 7484
f 4822 10790 7484
f 4822 7484 4320
f 7474 7473 10791
f 7474 10791 10790
f 7473 7472 10792
f 7473 10792 10791
f 7472 4831 5534
f 7472 5534 10792
f 4321 7474 10790
f 4321 10790 4822
f 5537 10793 7490
f 5537 7490 4838
f 10793 10794 7489
f 10793 7489 7490
f 10794 5538 4837
f 10794 4837 7489
f 5538 10795 7488
f 5538 7488 4837
f 10795 10796 7487
f 10795 7487 7488
f 10796 5539 4836
f 10796 4836 7487
f 5539 10798 7486
f 5539 7486 4836
f 10798 10797 7485
f 10798 7485 7486
f 10797 4835 4326
f 10797 4326 7485
f 4421 10799 7491
f 4421 7491 4214
f 10799 5537 4838
f 10799 4838 7491
f 7485 4326 4325
f 7485 4325 7492
f 7486 7485 7492
f 7486 7492 7493
f 4836 7486 7493
f 4836 7493 4839
f 7487 4836 4839
f 7487 4839 7494
f 7488 7487 7494
f 7488 7494 7495
f 4837 7488 7495
f 4837 7495 4840
f 7489 4837 4840
f 7489 4840 7496
f 7490 7489 7496
f 7490 7496 7497
f 4838 7490 7497
f 4838 7497 4841
f 7491 4838 4841
f 7491 4841 7498
f 4214 7491 7498
f 4214 7498 4209
f 10800 10801 7504
f 10800 7504 7505
f 10801 10802 7503
f 10801 7503 7504
f 10802 5541 4844
f 10802 4844 7503
f 5540 10800 7505
f 5540 7505 4845
f 5541 10803 7502
f 5541 7502 4844
f 10803 10804 7501
f 10803 7501 7502
f 10804 5542 4843
f 10804 4843 7501
f 5542 10806 7500
f 5542 7500 4843
f 10806 10805 7499
f 10806 7499 7500
f 10805 4842 4328
f 10805 4328 7499
f 4835 10807 7507
f 4835 7507 4326
f 10807 10808 7506
f 10807 7506 7507
f 10808 5540 4845
f 10808 4845 7506
f 7499 4328 4327
f 7499 4327 7508
f 7500 7499 7508
f 7500 7508 7509
f 4843 7500 7509
f 4843 7509 4846
f 7501 4843 4846
f 7501 4846 7510
f 7502 7501 7510
f 7502 7510 7511
f 4844 7502 7511
f 4844 7511 4847
f 7503 4844 4847
f 7503 4847 7512
f 7504 7503 7512
f 7504 7512 7513
f 7505 7504 7513
f 7505 7513 7514
f 4845 7505 7514
f 4845 7514 4848
f 7506 4845 4848
f 7506 4848 7515
f 7507 7506 7515
f 7507 7515 7516
f 4326 7507 7516
f 4326 7516 4325
f 5543 10809 7523
f 5543 7523 4852
f 10809 10810 7522
f 10809 7522 7523
f 10810 5544 4851
f 10810 4851 7522
f 5544 10811 7521
f 5544 7521 4851
f 10811 10812 7520
f 10811 7520 7521
f 10812 5545 4850
f 10812 4850 7520
f 10815 10814 7518
f 10815 7518 7519
f 10814 10813 7517
f 10814 7517 7518
f 10813 4849 4330
f 10813 4330 7517
f 5545 10815 7519
f 5545 7519 4850
f 10816 10817 7525
f 10816 7525 7526
f 10817 10818 7524
f 10817 7524 7525
f 10818 5543 4852
f 10818 4852 7524
f 4842 10816 7526
f 4842 7526 4328
f 7517 4330 4329
f 7517 4329 7527
f 7518 7517 7527
f 7518 7527 7528
f 7519 7518 7528
f 7519 7528 7529
f 4850 7519 7529
f 4850 7529 4853
f 7520 4850 4853
f 7520 4853 7530
f 7521 7520 7530
f 7521 7530 7531
f 4851 7521 7531
f 4851 7531 4854
f 7522 4851 4854
f 7522 4854 7532
f 7523 7522 7532
f 7523 7532 7533
f 4852 7523 7533
f 4852 7533 4855
f 7524 4852 4855
f 7524 4855 7534
f 7525 7524 7534
f 7525 7534 7535
f 7526 7525 7535
f 7526 7535 7536
f 4328 7526 7536
f 4328 7536 4327
f 5546 10819 7543
f 5546 7543 4859
f 10819 10820 7542
f 10819 7542 7543
f 10820 5547 4858
f 10820 4858 7542
f 10821 10822 7540
f 10821 7540 7541
f 10822 10823 7539
f 10822 7539 7540
f 10823 5548 4857
f 10823 4857 7539
f 5547 10821 7541
f 5547 7541 4858
f 5548 10825 7538
f 5548 7538 4857
f 10825 10824 7537
f 10825 7537 7538
f 10824 4856 4332
f 10824 4332 7537
f 4849 10826 7545
f 4849 7545 4330
f 10826 10827 7544
f 10826 7544 7545
f 10827 5546 4859
f 10827 4859 7544
f 7537 4332 4331
f 7537 4331 7546
f 7538 7537 7546
f 7538 7546 7547
f 4857 7538 7547
f 4857 7547 4860
f 7539 4857 4860
f 7539 4860 7548
f 7540 7539 7548
f 7540 7548 7549
f 7541 7540 7549
f 7541 7549 7550
f 4858 7541 7550
f 4858 7550 4861
f 7542 4858 4861
f 7542 4861 7551
f 7543 7542 7551
f 7543 7551 7552
f 4859 7543 7552
f 4859 7552 4862
f 7544 4859 4862
f 7544 4862 7553
f 7545 7544 7553
f 7545 7553 7554
f 4330 7545 7554
f 4330 7554 4329
f 10828 10829 7560
f 10828 7560 7561
f 10829 10830 7559
f 10829 7559 7560
f 10830 5550 4865
f 10830 4865 7559
f 5549 10828 7561
f 5549 7561 4866
f 5550 10831 7558
f 5550 7558 4865
f 10831 10832 7557
f 10831 7557 7558
f 10832 5551 4864
f 10832 4864 7557
f 5551 10834 7556
f 5551 7556 4864
f 10834 10833 7555
f 10834 7555 7556
f 10833 4863 4334
f 10833 4334 7555
f 4856 10835 7563
f 4856 7563 4332
f 10835 10836 7562
f 10835 7562 7563
f 10836 5549 4866
f 10836 4866 7562
f 7555 4334 4333
f 7555 4333 7564
f 7556 7555 7564
f 7556 7564 7565
f 4864 7556 7565
f 4864 7565 4867
f 7557 4864 4867
f 7557 4867 7566
f 7558 7557 7566
f 7558 7566 7567
f 4865 7558 7567
f 4865 7567 4868
f 7559 4865 4868
f 7559 4868 7568
f 7560 7559 7568
f 7560 7568 7569
f 7561 7560 7569
f 7561 7569 7570
f 4866 7561 7570
f 4866 7570 4869
f 7562 4866 4869
f 7562 4869 7571
f 7563 7562 7571
f 7563 7571 7572
f 4332 7563 7572
f 4332 7572 4331
f 5552 10837 7579
f 5552 7579 4872
f 10837 10838 7578
f 10837 7578 7579
f 10838 5553 4871
f 10838 4871 7578
f 5553 10839 7577
f 5553 7577 4871
f 10839 10840 7576
f 10839 7576 7577
f 10840 5554 4870
f 10840 4870 7576
f 10843 10842 7574
f 10843 7574 7575
f 10842 10841 7573
f 10842 7573 7574
f 10841 4496 4336
f 10841 4336 7573
f 5554 10843 7575
f 5554 7575 4870
f 10844 10845 7581
f 10844 7581 7582
f 10845 10846 7580
f 10845 7580 7581
f 10846 5552 4872
f 10846 4872 7580
f 4863 10844 7582
f 4863 7582 4334
f 7573 4336 4335
f 7573 4335 7583
f 7574 7573 7583
f 7574 7583 7584
f 7575 7574 7584
f 7575 7584 7585
f 4870 7575 7585
f 4870 7585 4873
f 7576 4870 4873
f 7576 4873 7586
f 7577 7576 7586
f 7577 7586 7587
f 4871 7577 7587
f 4871 7587 4874
f 7578 4871 4874
f 7578 4874 7588
f 7579 7578 7588
f 7579 7588 7589
f 4872 7579 7589
f 4872 7589 4875
f 7580 4872 4875
f 7580 4875 7590
f 7581 7580 7590
f 7581 7590 7591
f 7582 7581 7591
f 7582 7591 7592
f 4334 7582 7592
f 4334 7592 4333
f 10847 10848 10852
f 10847 10852 10851
f 10848 5556 5559
f 10848 5559 10852
f 5555 10847 10851
f 5555 10851 5558
f 5556 10849 10853
f 5556 10853 5559
f 10849 10850 10854
f 10849 10854 10853
f 10850 5557 5560
f 10850 5560 10854
f 10851 10852 7604
f 10851 7604 7605
f 10852 5559 4882
f 10852 4882 7604
f 5558 10851 7605
f 5558 7605 4883
f 5559 10853 7603
f 5559 7603 4882
f 10853 10854 7602
f 10853 7602 7603
f 10854 5560 4881
f 10854 4881 7602
f 4228 7593 10860
f 4228 10860 4442
f 7593 4876 5555
f 7593 5555 10860
f 7594 7595 10848
f 7594 10848 10847
f 7595 4877 5556
f 7595 5556 10848
f 4876 7594 10847
f 4876 10847 5555
f 4877 7596 10849
f 4877 10849 5556
f 7596 7597 10850
f 7596 10850 10849
f 7597 4878 5557
f 7597 5557 10850
f 4878 7598 10856
f 4878 10856 5557
f 7598 7599 10855
f 7598 10855 10856
f 7599 4337 4879
f 7599 4879 10855
f 5557 10856 10858
f 5557 10858 5560
f 10856 10855 10857
f 10856 10857 10858
f 10855 4879 4880
f 10855 4880 10857
f 5560 10858 7601
f 5560 7601 4881
f 10858 10857 7600
f 10858 7600 7601
f 10857 4880 4339
f 10857 4339 7600
f 4443 10859 7606
f 4443 7606 4231
f 10859 5558 4883
f 10859 4883 7606
f 4442 10860 10859
f 4442 10859 4443
f 10860 5555 5558
f 10860 5558 10859
f 7605 7604 10862
f 7605 10862 10861
f 7604 4882 5562
f 7604 5562 10862
f 4883 7605 10861
f 4883 10861 5561
f 4882 7603 10863
f 4882 10863 5562
f 7603 7602 10864
f 7603 10864 10863
f 7602 4881 5563
f 7602 5563 10864
f 4881 7601 10866
f 4881 10866 5563
f 7601 7600 10865
f 7601 10865 10866
f 7600 4339 4884
f 7600 4884 10865
f 10865 4884 4338
f 10865 4338 7607
f 10866 10865 7607
f 10866 7607 7608
f 5563 10866 7608
f 5563 7608 4885
f 10864 5563 4885
f 10864 4885 7609
f 10863 10864 7609
f 10863 7609 7610
f 5562 10863 7610
f 5562 7610 4886
f 10862 5562 4886
f 10862 4886 7611
f 10861 10862 7611
f 10861 7611 7612
f 5561 10861 7612
f 5561 7612 4887
f 10867 5561 4887
f 10867 4887 7613
f 4447 10867 7613
f 4447 7613 4229
f 4231 7606 10867
f 4231 10867 4447
f 7606 4883 5561
f 7606 5561 10867
f 5564 10868 10872
f 5564 10872 5567
f 10868 10869 10873
f 10868 10873 10872
f 10869 5565 5568
f 10869 5568 10873
f 5565 10870 10874
f 5565 10874 5568
f 10870 10871 10875
f 10870 10875 10874
f 10871 5566 5569
f 10871 5569 10875
f 5567 10872 7630
f 5567 7630 4895
f 10872 10873 7629
f 10872 7629 7630
f 10873 5568 4894
f 10873 4894 7629
f 5568 10874 7628
f 5568 7628 4894
f 10874 10875 7627
f 10874 7627 7628
f 10875 5569 4893
f 10875 4893 7627
f 7614 7615 10886
f 7614 10886 10885
f 7615 7616 10887
f 7615 10887 10886
f 7616 4888 5564
f 7616 5564 10887
f 4337 7614 10885
f 4337 10885 4879
f 4888 7617 10868
f 4888 10868 5564
f 7617 7618 10869
f 7617 10869 10868
f 7618 4889 5565
f 7618 5565 10869
f 4889 7619 10870
f 4889 10870 5565
f 7619 7620 10871
f 7619 10871 10870
f 7620 4890 5566
f 7620 5566 10871
f 7621 7622 10877
f 7621 10877 10878
f 7622 7623 10876
f 7622 10876 10877
f 7623 4340 4891
f 7623 4891 10876
f 4890 7621 10878
f 4890 10878 5566
f 10878 10877 10880
f 10878 10880 10881
f 10877 10876 10879
f 10877 10879 10880
f 10876 4891 4892
f 10876 4892 10879
f 5566 10878 10881
f 5566 10881 5569
f 10881 10880 7625
f 10881 7625 7626
f 10880 10879 7624
f 10880 7624 7625
f 10879 4892 4342
f 10879 4342 7624
f 5569 10881 7626
f 5569 7626 4893
f 10882 10883 7632
f 10882 7632 7633
f 10883 10884 7631
f 10883 7631 7632
f 10884 5567 4895
f 10884 4895 7631
f 4880 10882 7633
f 4880 7633 4339
f 10885 10886 10883
f 10885 10883 10882
f 10886 10887 10884
f 10886 10884 10883
f 10887 5564 5567
f 10887 5567 10884
f 4879 10885 10882
f 4879 10882 4880
f 4895 7630 10888
f 4895 10888 5570
f 7630 7629 10889
f 7630 10889 10888
f 7629 4894 5571
f 7629 5571 10889
f 4894 7628 10890
f 4894 10890 5571
f 7628 7627 10891
f 7628 10891 10890
f 7627 4893 5572
f 7627 5572 10891
f 7626 7625 10893
f 7626 10893 10894
f 7625 7624 10892
f 7625 10892 10893
f 7624 4342 4896
f 7624 4896 10892
f 4893 7626 10894
f 4893 10894 5572
f 10892 4896 4341
f 10892 4341 7634
f 10893 10892 7634
f 10893 7634 7635
f 10894 10893 7635
f 10894 7635 7636
f 5572 10894 7636
f 5572 7636 4897
f 10891 5572 4897
f 10891 4897 7637
f 10890 10891 7637
f 10890 7637 7638
f 5571 10890 7638
f 5571 7638 4898
f 10889 5571 4898
f 10889 4898 7639
f 10888 10889 7639
f 10888 7639 7640
f 5570 10888 7640
f 5570 7640 4899
f 10897 5570 4899
f 10897 4899 7641
f 10896 10897 7641
f 10896 7641 7642
f 10895 10896 7642
f 10895 7642 7643
f 4884 10895 7643
f 4884 7643 4338
f 7633 7632 10896
f 7633 10896 10895
f 7632 7631 10897
f 7632 10897 10896
f 7631 4895 5570
f 7631 5570 10897
f 4339 7633 10895
f 4339 10895 4884
f 5573 10898 10903
f 5573 10903 5576
f 10898 10899 10904
f 10898 10904 10903
f 10899 5574 5577
f 10899 5577 10904
f 10900 10901 10906
f 10900 10906 10905
f 10901 10902 10907
f 10901 10907 10906
f 10902 5575 5578
f 10902 5578 10907
f 5574 10900 10905
f 5574 10905 5577
f 5576 10903 7659
f 5576 7659 4907
f 10903 10904 7658
f 10903 7658 7659
f 10904 5577 4906
f 10904 4906 7658
f 10905 10906 7656
f 10905 7656 7657
f 10906 10907 7655
f 10906 7655 7656
f 10907 5578 4905
f 10907 4905 7655
f 5577 10905 7657
f 5577 7657 4906
f 4340 7644 10914
f 4340 10914 4891
f 7644 7645 10915
f 7644 10915 10914
f 7645 4900 5573
f 7645 5573 10915
f 4900 7646 10898
f 4900 10898 5573
f 7646 7647 10899
f 7646 10899 10898
f 7647 4901 5574
f 7647 5574 10899
f 7648 7649 10901
f 7648 10901 10900
f 7649 7650 10902
f 7649 10902 10901
f 7650 4902 5575
f 7650 5575 10902
f 4901 7648 10900
f 4901 10900 5574
f 4902 7651 10909
f 4902 10909 5575
f 7651 7652 10908
f 7651 10908 10909
f 7652 4343 4903
f 7652 4903 10908
f 5575 10909 10911
f 5575 10911 5578
f 10909 10908 10910
f 10909 10910 10911
f 10908 4903 4904
f 10908 4904 10910
f 5578 10911 7654
f 5578 7654 4905
f 10911 10910 7653
f 10911 7653 7654
f 10910 4904 4345
f 10910 4345 7653
f 4892 10912 7661
f 4892 7661 4342
f 10912 10913 7660
f 10912 7660 7661
f 10913 5576 4907
f 10913 4907 7660
f 4891 10914 10912
f 4891 10912 4892
f 10914 10915 10913
f 10914 10913 10912
f 10915 5573 5576
f 10915 5576 10913
f 4907 7659 10916
f 4907 10916 5579
f 7659 7658 10917
f 7659 10917 10916
f 7658 4906 5580
f 7658 5580 10917
f 7657 7656 10919
f 7657 10919 10918
f 7656 7655 10920
f 7656 10920 10919
f 7655 4905 5581
f 7655 5581 10920
f 4906 7657 10918
f 4906 10918 5580
f 4905 7654 10922
f 4905 10922 5581
f 7654 7653 10921
f 7654 10921 10922
f 7653 4345 4908
f 7653 4908 10921
f 10921 4908 4344
f 10921 4344 7662
f 10922 10921 7662
f 10922 7662 7663
f 5581 10922 7663
f 5581 7663 4909
f 10920 5581 4909
f 10920 4909 7664
f 10919 10920 7664
f 10919 7664 7665
f 10918 10919 7665
f 10918 7665 7666
f 5580 10918 7666
f 5580 7666 4910
f 10917 5580 4910
f 10917 4910 7667
f 10916 10917 7667
f 10916 7667 7668
f 5579 10916 7668
f 5579 7668 4911
f 10924 5579 4911
f 10924 4911 7669
f 10923 10924 7669
f 10923 7669 7670
f 4896 10923 7670
f 4896 7670 4341
f 4342 7661 10923
f 4342 10923 4896
f 7661 7660 10924
f 7661 10924 10923
f 7660 4907 5579
f 7660 5579 10924
f 10925 10926 10931
f 10925 10931 10930
f 10926 10927 10932
f 10926 10932 10931
f 10927 5583 5586
f 10927 5586 10932
f 5582 10925 10930
f 5582 10930 5585
f 5583 10928 10933
f 5583 10933 5586
f 10928 10929 10934
f 10928 10934 10933
f 10929 5584 5587
f 10929 5587 10934
f 10930 10931 7685
f 10930 7685 7686
f 10931 10932 7684
f 10931 7684 7685
f 10932 5586 4918
f 10932 4918 7684
f 5585 10930 7686
f 5585 7686 4919
f 5586 10933 7683
f 5586 7683 4918
f 10933 10934 7682
f 10933 7682 7683
f 10934 5587 4917
f 10934 4917 7682
f 4343 7671 10941
f 4343 10941 4903
f 7671 7672 10942
f 7671 10942 10941
f 7672 4912 5582
f 7672 5582 10942
f 7673 7674 10926
f 7673 10926 10925
f 7674 7675 10927
f 7674 10927 10926
f 7675 4913 5583
f 7675 5583 10927
f 4912 7673 10925
f 4912 10925 5582
f 4913 7676 10928
f 4913 10928 5583
f 7676 7677 10929
f 7676 10929 10928
f 7677 4914 5584
f 7677 5584 10929
f 4914 7678 10936
f 4914 10936 5584
f 7678 7679 10935
f 7678 10935 10936
f 7679 4346 4915
f 7679 4915 10935
f 5584 10936 10938
f 5584 10938 5587
f 10936 10935 10937
f 10936 10937 10938
f 10935 4915 4916
f 10935 4916 10937
f 5587 10938 7681
f 5587 7681 4917
f 10938 10937 7680
f 10938 7680 7681
f 10937 4916 4348
f 10937 4348 7680
f 4904 10939 7688
f 4904 7688 4345
f 10939 10940 7687
f 10939 7687 7688
f 10940 5585 4919
f 10940 4919 7687
f 4903 10941 10939
f 4903 10939 4904
f 10941 10942 10940
f 10941 10940 10939
f 10942 5582 5585
f 10942 5585 10940
f 7686 7685 10944
f 7686 10944 10943
f 7685 7684 10945
f 7685 10945 10944
f 7684 4918 5589
f 7684 5589 10945
f 4919 7686 10943
f 4919 10943 5588
f 4918 7683 10946
f 4918 10946 5589
f 7683 7682 10947
f 7683 10947 10946
f 7682 4917 5590
f 7682 5590 10947
f 4917 7681 10949
f 4917 10949 5590
f 7681 7680 10948
f 7681 10948 10949
f 7680 4348 4920
f 7680 4920 10948
f 10948 4920 4347
f 10948 4347 7689
f 10949 10948 7689
f 10949 7689 7690
f 5590 10949 7690
f 5590 7690 4921
f 10947 5590 4921
f 10947 4921 7691
f 10946 10947 7691
f 10946 7691 7692
f 5589 10946 7692
f 5589 7692 4922
f 10945 5589 4922
f 10945 4922 7693
f 10944 10945 7693
f 10944 7693 7694
f 10943 10944 7694
f 10943 7694 7695
f 5588 10943 7695
f 5588 7695 4923
f 10951 5588 4923
f 10951 4923 7696
f 10950 10951 7696
f 10950 7696 7697
f 4908 10950 7697
f 4908 7697 4344
f 4345 7688 10950
f 4345 10950 4908
f 7688 7687 10951
f 7688 10951 10950
f 7687 4919 5588
f 7687 5588 10951
f 5591 10952 10956
f 5591 10956 5594
f 10952 10953 10957
f 10952 10957 10956
f 10953 5592 5595
f 10953 5595 10957
f 5592 10954 10958
f 5592 10958 5595
f 10954 10955 10959
f 10954 10959 10958
f 10955 5593 5596
f 10955 5596 10959
f 5594 10956 7714
f 5594 7714 4931
f 10956 10957 7713
f 10956 7713 7714
f 10957 5595 4930
f 10957 4930 7713
f 5595 10958 7712
f 5595 7712 4930
f 10958 10959 7711
f 10958 7711 7712
f 10959 5596 4929
f 10959 4929 7711
f 7698 7699 10970
f 7698 10970 10969
f 7699 7700 10971
f 7699 10971 10970
f 7700 4924 5591
f 7700 5591 10971
f 4346 7698 10969
f 4346 10969 4915
f 4924 7701 10952
f 4924 10952 5591
f 7701 7702 10953
f 7701 10953 10952
f 7702 4925 5592
f 7702 5592 10953
f 4925 7703 10954
f 4925 10954 5592
f 7703 7704 10955
f 7703 10955 10954
f 7704 4926 5593
f 7704 5593 10955
f 7705 7706 10961
f 7705 10961 10962
f 7706 7707 10960
f 7706 10960 10961
f 7707 4349 4927
f 7707 4927 10960
f 4926 7705 10962
f 4926 10962 5593
f 10962 10961 10964
f 10962 10964 10965
f 10961 10960 10963
f 10961 10963 10964
f 10960 4927 4928
f 10960 4928 10963
f 5593 10962 10965
f 5593 10965 5596
f 10965 10964 7709
f 10965 7709 7710
f 10964 10963 7708
f 10964 7708 7709
f 10963 4928 4351
f 10963 4351 7708
f 5596 10965 7710
f 5596 7710 4929
f 10966 10967 7716
f 10966 7716 7717
f 10967 10968 7715
f 10967 7715 7716
f 10968 5594 4931
f 10968 4931 7715
f 4916 10966 7717
f 4916 7717 4348
f 10969 10970 10967
f 10969 10967 10966
f 10970 10971 10968
f 10970 10968 10967
f 10971 5591 5594
f 10971 5594 10968
f 4915 10969 10966
f 4915 10966 4916
f 4931 7714 10972
f 4931 10972 5597
f 7714 7713 10973
f 7714 10973 10972
f 7713 4930 5598
f 7713 5598 10973
f 4930 7712 10974
f 4930 10974 5598
f 7712 7711 10975
f 7712 10975 10974
f 7711 4929 5599
f 7711 5599 10975
f 7710 7709 10977
f 7710 10977 10978
f 7709 7708 10976
f 7709 10976 10977
f 7708 4351 4932
f 7708 4932 10976
f 4929 7710 10978
f 4929 10978 5599
f 10976 4932 4350
f 10976 4350 7718
f 10977 10976 7718
f 10977 7718 7719
f 10978 10977 7719
f 10978 7719 7720
f 5599 10978 7720
f 5599 7720 4933
f 10975 5599 4933
f 10975 4933 7721
f 10974 10975 7721
f 10974 7721 7722
f 5598 10974 7722
f 5598 7722 4934
f 10973 5598 4934
f 10973 4934 7723
f 10972 10973 7723
f 10972 7723 7724
f 5597 10972 7724
f 5597 7724 4935
f 10981 5597 4935
f 10981 4935 7725
f 10980 10981 7725
f 10980 7725 7726
f 10979 10980 7726
f 10979 7726 7727
f 4920 10979 7727
f 4920 7727 4347
f 7717 7716 10980
f 7717 10980 10979
f 7716 7715 10981
f 7716 10981 10980
f 7715 4931 5597
f 7715 5597 10981
f 4348 7717 10979
f 4348 10979 4920
f 10982 10983 10988
f 10982 10988 10987
f 10983 5601 5604
f 10983 5604 10988
f 5600 10982 10987
f 5600 10987 5603
f 10984 10985 10990
f 10984 10990 10989
f 10985 10986 10991
f 10985 10991 10990
f 10986 5602 5605
f 10986 5605 10991
f 5601 10984 10989
f 5601 10989 5604
f 10987 10988 7742
f 10987 7742 7743
f 10988 5604 4940
f 10988 4940 7742
f 5603 10987 7743
f 5603 7743 4941
f 10989 10990 7740
f 10989 7740 7741
f 10990 10991 7739
f 10990 7739 7740
f 10991 5605 4939
f 10991 4939 7739
f 5604 10989 7741
f 5604 7741 4940
f 4349 7728 10998
f 4349 10998 4927
f 7728 7729 10999
f 7728 10999 10998
f 7729 4936 5600
f 7729 5600 10999
f 7730 7731 10983
f 7730 10983 10982
f 7731 4937 5601
f 7731 5601 10983
f 4936 7730 10982
f 4936 10982 5600
f 7732 7733 10985
f 7732 10985 10984
f 7733 7734 10986
f 7733 10986 10985
f 7734 4938 5602
f 7734 5602 10986
f 4937 7732 10984
f 4937 10984 5601
f 4938 7735 10993
f 4938 10993 5602
f 7735 7736 10992
f 7735 10992 10993
f 7736 4353 4504
f 7736 4504 10992
f 5602 10993 10995
f 5602 10995 5605
f 10993 10992 10994
f 10993 10994 10995
f 10992 4504 4503
f 10992 4503 10994
f 5605 10995 7738
f 5605 7738 4939
f 10995 10994 7737
f 10995 7737 7738
f 10994 4503 4354
f 10994 4354 7737
f 4928 10996 7745
f 4928 7745 4351
f 10996 10997 7744
f 10996 7744 7745
f 10997 5603 4941
f 10997 4941 7744
f 4927 10998 10996
f 4927 10996 4928
f 10998 10999 10997
f 10998 10997 10996
f 10999 5600 5603
f 10999 5603 10997
f 7743 7742 11001
f 7743 11001 11000
f 7742 4940 5607
f 7742 5607 11001
f 4941 7743 11000
f 4941 11000 5606
f 7741 7740 11003
f 7741 11003 11002
f 7740 7739 11004
f 7740 11004 11003
f 7739 4939 5608
f 7739 5608 11004
f 4940 7741 11002
f 4940 11002 5607
f 4939 7738 11006
f 4939 11006 5608
f 7738 7737 11005
f 7738 11005 11006
f 7737 4354 4511
f 7737 4511 11005
f 11005 4511 4352
f 11005 4352 7746
f 11006 11005 7746
f 11006 7746 7747
f 5608 11006 7747
f 5608 7747 4942
f 11004 5608 4942
f 11004 4942 7748
f 11003 11004 7748
f 11003 7748 7749
f 11002 11003 7749
f 11002 7749 7750
f 5607 11002 7750
f 5607 7750 4943
f 11001 5607 4943
f 11001 4943 7751
f 11000 11001 7751
f 11000 7751 7752
f 5606 11000 7752
f 5606 7752 4944
f 11008 5606 4944
f 11008 4944 7753
f 11007 11008 7753
f 11007 7753 7754
f 4932 11007 7754
f 4932 7754 4350
f 4351 7745 11007
f 4351 11007 4932
f 7745 7744 11008
f 7745 11008 11007
f 7744 4941 5606
f 7744 5606 11008
f 11009 5609 11010
f 11009 11010 14980
f 14980 11010 11011
f 14980 11011 14981
f 14981 11011 5610
f 14981 5610 11012
f 6307 14981 11012
f 6307 11012 4457
f 6306 14980 14981
f 6306 14981 6307
f 4456 11009 14980
f 4456 14980 6306
f 5609 4781 7342
f 5609 7342 11010
f 11010 7342 7341
f 11010 7341 11011
f 11011 7341 4780
f 11011 4780 5610
f 11012 5610 11013
f 11012 11013 14982
f 14982 11013 11014
f 14982 11014 14983
f 14983 11014 5611
f 14983 5611 11015
f 6309 14983 11015
f 6309 11015 4458
f 6308 14982 14983
f 6308 14983 6309
f 4457 11012 14982
f 4457 14982 6308
f 5610 4780 7340
f 5610 7340 11013
f 11013 7340 7339
f 11013 7339 11014
f 11014 7339 4779
f 11014 4779 5611
f 6314 4461 11016
f 6314 11016 14984
f 14984 11016 5609
f 14984 5609 11009
f 6305 14984 11009
f 6305 11009 4456
f 4184 6314 14984
f 4184 14984 6305
f 4461 4189 7343
f 4461 7343 11016
f 11016 7343 4781
f 11016 4781 5609
f 5611 4779 7338
f 5611 7338 11018
f 11018 7338 7337
f 11018 7337 11017
f 11017 7337 4308
f 11017 4308 4945
f 11015 5611 11018
f 11015 11018 14985
f 14985 11018 11017
f 14985 11017 14986
f 14986 11017 4945
f 14986 4945 7755
f 6311 14986 7755
f 6311 7755 4305
f 6310 14985 14986
f 6310 14986 6311
f 4458 11015 14985
f 4458 14985 6310
f 11020 14987 14988
f 11020 14988 11021
f 14987 11023 11024
f 14987 11024 14988
f 11021 14988 14989
f 11021 14989 11022
f 14988 11024 11025
f 14988 11025 14989
f 11022 14989 11026
f 11022 11026 5648
f 14989 11025 5626
f 14989 5626 11026
f 5647 11019 14987
f 5647 14987 11020
f 11019 5625 11023
f 11019 11023 14987
f 11027 14990 14991
f 11027 14991 11028
f 14990 11031 11032
f 14990 11032 14991
f 11028 14991 14992
f 11028 14992 11029
f 14991 11032 11033
f 14991 11033 14992
f 11029 14992 11035
f 11029 11035 11034
f 14992 11033 5627
f 14992 5627 11035
f 5648 11026 14990
f 5648 14990 11027
f 11026 5626 11031
f 11026 11031 14990
f 11030 11029 11034
f 11030 11034 5649
f 14993 14994 14997
f 14993 14997 14996
f 14994 14995 11040
f 14994 11040 14997
f 14996 14997 14999
f 14996 14999 14998
f 14997 11040 11041
f 14997 11041 14999
f 14998 14999 11019
f 14998 11019 5647
f 14999 11041 5625
f 14999 5625 11019
f 5630 5933 14993
f 5630 14993 11036
f 5933 5932 14994
f 5933 14994 14993
f 5932 5931 14995
f 5932 14995 14994
f 5931 5618 11039
f 5931 11039 14995
f 14995 11039 11040
f 11038 14998 5647
f 11037 14996 14998
f 11037 14998 11038
f 11036 14993 14996
f 11036 14996 11037
f 15000 15001 15003
f 15000 15003 15002
f 15001 11045 11044
f 15001 11044 15003
f 15002 15003 15005
f 15002 15005 15004
f 15003 11044 11043
f 15003 11043 15005
f 15004 15005 5981
f 15004 5981 5982
f 15005 11043 5980
f 15005 5980 5981
f 5649 11034 15000
f 5649 15000 11048
f 11034 11035 15001
f 11034 15001 15000
f 11035 5627 11045
f 11035 11045 15001
f 11043 11042 5624
f 11043 5624 5980
f 11046 15004 5982
f 11046 5982 5637
f 11047 15002 15004
f 11047 15004 11046
f 11048 15000 15002
f 11048 15002 11047
f 5918 5917 15007
f 5918 15007 15006
f 11056 15006 15008
f 11056 15008 11057
f 15006 15007 15008
f 15008 15007 15009
f 11057 15008 15010
f 11057 15010 11058
f 15008 15009 15011
f 15008 15011 15010
f 11058 15010 11060
f 11058 11060 5612
f 15010 15011 11059
f 15010 11059 11060
f 5613 5919 11056
f 5613 11056 11055
f 5919 5918 15006
f 5919 15006 11056
f 5917 4355 6282
f 5917 6282 15007
f 15007 6282 6281
f 15007 6281 15009
f 15009 6281 6280
f 15009 6280 15011
f 15011 6280 4388
f 15011 4388 11059
f 11049 15012 15014
f 11049 15014 11050
f 15012 15013 15015
f 15012 15015 15014
f 11050 15014 15016
f 11050 15016 11051
f 15014 15015 15017
f 15014 15017 15016
f 11051 15016 11062
f 11051 11062 5628
f 15016 15017 11061
f 15016 11061 11062
f 5612 11060 15012
f 5612 15012 11049
f 11060 11059 15013
f 11060 15013 15012
f 11059 4388 6279
f 11059 6279 15013
f 15013 6279 6278
f 15013 6278 15015
f 15015 6278 6277
f 15015 6277 15017
f 15017 6277 4387
f 15017 4387 11061
f 11052 15018 15020
f 11052 15020 11053
f 15018 15019 15021
f 15018 15021 15020
f 11053 15020 15022
f 11053 15022 11054
f 15020 15021 15023
f 15020 15023 15022
f 11054 15022 11064
f 11054 11064 5629
f 15022 15023 11063
f 15022 11063 11064
f 5628 11062 15018
f 5628 15018 11052
f 11062 11061 15019
f 11062 15019 15018
f 11061 4387 6276
f 11061 6276 15019
f 15019 6276 6275
f 15019 6275 15021
f 15021 6275 6274
f 15021 6274 15023
f 15023 6274 4386
f 15023 4386 11063
f 11067 15024 15026
f 11067 15026 11066
f 15024 15025 15027
f 15024 15027 15026
f 11066 15026 15028
f 11066 15028 11065
f 15026 15027 15029
f 15026 15029 15028
f 11065 15028 5967
f 11065 5967 5968
f 15028 15029 5966
f 15028 5966 5967
f 5629 11064 15024
f 5629 15024 11067
f 11064 11063 15025
f 11064 15025 15024
f 11063 4386 6273
f 11063 6273 15025
f 15025 6273 6272
f 15025 6272 15027
f 15027 6272 6271
f 15027 6271 15029
f 15029 6271 4356
f 15029 4356 5966
f 11065 5968 5619
f 5717 11072 5616
f 5717 5616 5926
f 11071 5717 5926
f 11071 5926 5925
f 5721 11071 5925
f 5721 5925 5924
f 5754 5721 5924
f 5754 5924 5615
f 11144 11093 5731
f 11076 5758 11138
f 11078 11138 11278
f 11138 5758 11277
f 11278 11138 15030
f 11138 11277 15030
f 15030 11277 15031
f 11278 15030 5970
f 11278 5970 5620
f 5728 11078 11139
f 11277 11276 15031
f 15031 11276 5619
f 15031 5619 5969
f 15030 15031 5969
f 15030 5969 5970
f 11139 11078 11278
f 5755 11103 15032
f 11103 11148 15032
f 11148 5752 11252
f 11148 11252 15033
f 15032 11148 15034
f 11148 15033 15034
f 15032 15034 11255
f 11255 15034 11254
f 15033 5631 15034
f 11254 15034 5934
f 15034 5935 5934
f 15034 5631 5935
f 15033 11252 5631
f 11254 5934 5630
f 11036 11254 5630
f 5755 15032 11255
f 11151 82 15035
f 82 1 15035
f 1 11152 15035
f 15035 11152 11230
f 11230 11229 5635
f 11230 5635 5945
f 15035 11230 5945
f 15035 5945 5944
f 11151 15035 5944
f 11151 5944 5634
f 537 11116 447
f 11109 429 11167
f 11109 11167 15036
f 11166 15037 11234
f 11166 11109 15037
f 11109 15036 15037
f 11234 15037 5651
f 15036 11167 5652
f 15036 5652 5955
f 15037 15036 5955
f 15037 5955 5954
f 15037 5954 5651
f 11168 5749 15038
f 5749 11236 15038
f 15038 11236 15039
f 11168 5963 11238
f 11168 15038 5963
f 5963 15038 5964
f 15038 15039 5964
f 5964 15039 5965
f 15039 11235 5965
f 517 5749 11168
f 15039 11236 11235
f 5965 11235 5656
f 11238 5963 5962
f 11238 5962 5655
f 5740 11177 623
f 11169 5732 11284
f 11243 11170 11244
f 11170 11169 11244
f 11169 11284 11244
f 11244 11284 15040
f 11284 11283 15040
f 15040 11283 15041
f 11244 6003 5658
f 11244 15040 6003
f 617 11170 11171
f 5732 11285 11284
f 15041 11283 5657
f 15041 5657 6001
f 15041 6001 6002
f 15040 15041 6002
f 6003 15040 6002
f 11171 11170 11243
f 1190 1188 1069
f 1180 11185 1076
f 5804 1176 1177
f 15042 1137 15043
f 1137 5783 15043
f 5783 11333 15043
f 15043 11333 11332
f 15042 9421 9422
f 15042 15043 9421
f 11186 1137 15042
f 11332 5677 9420
f 15043 11332 9420
f 15043 9420 9421
f 11186 15042 9422
f 11186 9422 5678
f 1133 1134 9173
f 1134 9172 9173
f 1134 1058 5675
f 1134 5675 9172
f 5775 1133 9174
f 1133 9173 9174
f 5775 9174 5670
f 1619 1519 1618
f 5778 1566 15044
f 5778 15044 11290
f 15044 11194 15045
f 15044 15045 9225
f 11194 5764 11287
f 11194 11287 15045
f 11290 15044 9225
f 11290 9225 9226
f 1566 1567 11194
f 1566 11194 15044
f 15045 11287 5686
f 15045 5686 9223
f 9225 15045 9223
f 9225 9223 9224
f 11288 1570 15046
f 1570 11200 15046
f 15046 11200 15047
f 11200 5786 15047
f 5786 11340 15047
f 15047 11340 11339
f 11289 15046 9488
f 15046 15047 9488
f 15047 9487 9488
f 15047 11339 9487
f 11339 11338 9487
f 9487 11338 9486
f 11338 5692 9486
f 11289 9488 9489
f 11289 9489 5693
f 11288 15046 11289
f 2043 15048 11313
f 2043 11205 15048
f 15048 11205 15049
f 11205 11204 15049
f 15049 11204 15050
f 15048 15049 6223
f 15048 6223 5700
f 15049 15050 6223
f 6223 15050 6222
f 15050 6221 6222
f 15050 11309 6221
f 11204 11310 15050
f 15050 11310 11309
f 6221 11309 5699
f 11313 15048 5700
f 5791 2097 2099
f 11359 5789 15051
f 5789 11353 15051
f 15051 11353 15052
f 11353 11351 15052
f 15051 15052 11358
f 11358 15052 11357
f 15052 15053 11357
f 15052 11351 15053
f 11351 15054 15053
f 11351 11350 15054
f 15054 11350 11349
f 11357 9560 5712
f 11357 15053 9560
f 15053 9565 9560
f 15053 15054 9565
f 5790 2095 11359
f 2095 11218 11359
f 11218 5789 11359
f 11353 11352 11351
f 11349 11348 5711
f 11349 5711 9563
f 11349 9563 9564
f 15054 11349 9564
f 9565 15054 9564
f 11359 15051 11358
f 5780 15055 11295
f 15055 11214 15056
f 11214 5765 11291
f 11214 11291 15056
f 11295 15055 15057
f 11295 15057 11294
f 15055 15056 15057
f 11294 15057 9319
f 11294 9319 5704
f 15057 15056 9318
f 15057 9318 9319
f 15056 11291 9317
f 15056 9317 9318
f 2003 15055 5780
f 2003 11214 15055
f 11291 5708 9317
f 5810 11223 15058
f 5810 15058 11366
f 11223 5793 11364
f 11223 11364 15058
f 11366 15058 15059
f 11366 15059 11365
f 15058 11364 15060
f 15058 15060 15059
f 11365 15059 9595
f 11365 9595 5262
f 15059 9596 9595
f 15059 15060 9596
f 15060 11362 5715
f 15060 5715 9596
f 11364 11363 11362
f 11364 11362 15060
f 87 6 15061
f 5796 87 15062
f 5796 15062 11270
f 87 15061 15062
f 11270 15062 9631
f 11270 9631 9630
f 15062 15061 9632
f 15062 9632 9631
f 15061 11367 5645
f 15061 5645 9632
f 6 89 11367
f 6 11367 15061
f 11271 11270 9630
f 11271 9630 5644
f 11128 5735 9342
f 11128 9342 5238
f 5735 9341 9342
f 5735 11213 9341
f 11213 11306 5707
f 11213 5707 9341
f 89 90 15063
f 89 15063 11367
f 90 15064 15063
f 90 7 15064
f 11367 15063 9633
f 11367 9633 5645
f 15063 15064 9634
f 15063 9634 9633
f 15064 11282 9635
f 15064 9635 9634
f 7 11107 11282
f 7 11282 15064
f 11282 11281 5646
f 11282 5646 9635
f 15065 15067 11297
f 15065 11191 15067
f 11191 15066 15067
f 11297 15067 15068
f 15067 15066 5683
f 15067 5683 9196
f 15068 9197 9198
f 15068 15067 9196
f 15068 9196 9197
f 5779 1630 11191
f 5779 11191 15065
f 11191 5778 11290
f 11191 11290 15066
f 15066 11290 9226
f 15066 9226 5683
f 11298 9198 5684
f 11298 15068 9198
f 11297 15068 11298
f 11192 15065 11297
f 11192 5779 15065
f 11107 11281 11282
f 11107 11158 11281
f 11281 11158 15069
f 11158 11157 15069
f 11157 11242 15069
f 15069 11242 15070
f 11281 15069 9650
f 11281 9650 5646
f 15069 9649 9650
f 15069 15070 9649
f 11242 11241 15070
f 15070 11241 11240
f 11240 5643 9648
f 15070 11240 9648
f 15070 9648 9649
f 11193 11192 11296
f 11296 11192 15071
f 15071 11192 15072
f 11192 11297 15072
f 11296 15071 5685
f 11296 5685 9246
f 15071 9221 5685
f 15071 15072 9221
f 15072 9222 9221
f 15072 11298 9222
f 5767 11193 11296
f 15072 11297 11298
f 11298 5684 9222
f 11353 11221 11352
f 11221 15073 11352
f 11352 15073 15074
f 15073 15075 15074
f 15073 5792 15075
f 11352 15074 11350
f 11350 15074 15076
f 15074 15077 15076
f 15074 15075 11355
f 15074 11355 15077
f 15077 15078 15076
f 15077 11355 15078
f 11355 11356 15078
f 15076 15079 11348
f 15076 15078 15079
f 5789 11129 11353
f 11129 11221 11353
f 11221 5791 15073
f 5791 5792 15073
f 5792 11354 15075
f 15075 11354 11355
f 11356 5714 9570
f 15078 11356 9570
f 15079 15078 9570
f 15079 9570 9569
f 15079 9569 9568
f 11348 15079 9568
f 11348 9568 5711
f 11349 15076 11348
f 11350 15076 11349
f 11352 11350 11351
f 11160 11159 15080
f 5756 11160 11231
f 11160 15080 11231
f 11231 15080 15081
f 15080 15082 15081
f 15080 11159 11271
f 15080 11271 15082
f 11231 15081 11233
f 15082 11271 5644
f 85 11159 11160
f 11159 5796 11270
f 11159 11270 11271
f 15082 5644 9659
f 15081 15082 9659
f 15081 9659 9658
f 11233 15081 9658
f 11233 9658 9657
f 11233 9657 5636
f 11232 11231 11233
f 5764 11201 15084
f 11201 15083 15085
f 11201 15085 15084
f 15083 11288 15086
f 15083 15086 15085
f 11201 1486 15083
f 1486 1570 11288
f 1486 11288 15083
f 11288 11289 15086
f 15086 11289 5693
f 15086 5693 9499
f 15085 15086 9499
f 15085 9499 9498
f 15084 15085 9498
f 15084 9498 9497
f 11287 15084 9497
f 11287 9497 5686
f 5764 15084 11287
f 11132 11133 15087
f 11262 11132 11261
f 11132 15087 11261
f 15087 11133 11263
f 11261 15087 5920
f 15087 5921 5920
f 15087 11263 5921
f 11261 5920 5613
f 5753 11132 11262
f 5921 11263 5614
f 11055 11261 5613
f 11220 11219 11293
f 11220 11293 11292
f 11219 5790 11293
f 11293 5790 15088
f 5790 15089 15088
f 5790 11359 15089
f 11293 15088 5713
f 15088 9567 5713
f 15088 15089 9567
f 15089 9566 9567
f 15089 11358 9566
f 11358 5712 9566
f 11359 11358 15089
f 11358 11357 5712
f 11293 5713 9581
f 11162 11161 15090
f 11162 15090 11370
f 11161 11269 15091
f 11161 15091 15090
f 11269 11267 15091
f 11161 255 11269
f 11269 11268 11267
f 11267 5647 11020
f 15091 11267 11020
f 15091 11020 11021
f 15090 15091 11021
f 15090 11021 11022
f 11370 15090 11022
f 11370 11022 5648
f 5800 11162 11370
f 5800 11370 11371
f 5805 11299 5231
f 5805 5231 9233
f 11120 5805 9233
f 11120 9233 9234
f 11121 11120 9234
f 11121 9234 5687
f 5720 11069 11134
f 5720 11134 15092
f 5754 5615 5923
f 11134 5754 5923
f 15092 11134 5923
f 15092 5923 5922
f 15092 5922 5614
f 11263 15092 5614
f 11133 5720 15092
f 11133 15092 11263
f 5802 15093 15094
f 15094 15093 15095
f 15093 5800 11371
f 15093 11371 15095
f 11280 15094 11030
f 11280 11030 5649
f 15094 15095 11030
f 5802 251 15093
f 251 5800 15093
f 11371 11370 5648
f 11371 5648 11027
f 15095 11371 11027
f 15095 11027 11028
f 11030 15095 11028
f 11030 11028 11029
f 5801 15094 11280
f 5801 5802 15094
f 1500 11195 11301
f 5738 11121 5687
f 5738 5687 9240
f 11195 5738 9240
f 11195 9240 9241
f 11301 11195 9241
f 11301 9241 5688
f 11074 5722 11135
f 11135 5722 11250
f 11250 11251 5617
f 11250 5617 5928
f 11135 11250 5928
f 11135 5928 5927
f 11072 11135 5927
f 11072 5927 5616
f 11108 11163 15096
f 11108 15096 11268
f 11163 15097 15096
f 11163 5755 15097
f 11268 15096 11267
f 11267 15096 15098
f 15096 11038 15098
f 15096 15097 11038
f 15097 11037 11038
f 15097 11255 11037
f 11037 11255 11036
f 255 11268 11269
f 255 11108 11268
f 5755 11255 15097
f 11255 11254 11036
f 15098 11038 5647
f 11267 15098 5647
f 11299 1626 15099
f 1626 1627 15099
f 1627 15100 15099
f 1627 5767 15100
f 5767 9246 15100
f 5805 1626 11299
f 5767 11296 9246
f 15100 9246 9247
f 15099 15100 9247
f 15099 9247 9230
f 11299 15099 9230
f 11299 9230 5231
f 5792 11222 11354
f 11222 15101 11354
f 15101 5809 11360
f 15101 11360 15102
f 11354 15101 15103
f 15101 15102 15103
f 15102 11360 11361
f 15102 11361 15104
f 15103 15105 11356
f 15103 15102 15105
f 15102 15104 15105
f 11356 15105 9583
f 11356 9583 5714
f 15105 15104 9582
f 15105 9582 9583
f 15104 11361 4385
f 15104 4385 9582
f 11222 5748 5809
f 11222 5809 15101
f 11355 15103 11356
f 11354 15103 11355
f 5761 11164 15106
f 11164 5801 15107
f 5801 11280 15107
f 15106 11164 15107
f 15106 15107 15108
f 15106 15108 11260
f 15108 15107 11048
f 15107 11280 11048
f 11260 15108 11047
f 11260 11047 11046
f 15108 11048 11047
f 250 11164 5761
f 11280 5649 11048
f 5983 11046 5637
f 11260 11046 5983
f 11259 15106 11260
f 5761 15106 11259
f 1620 1500 11301
f 11196 1620 9264
f 1620 9265 9264
f 1620 11301 9265
f 11300 11196 9264
f 11300 9264 5689
f 9265 11301 5688
f 5768 11196 11300
f 5768 1622 11196
f 11137 11075 15109
f 11075 11136 15109
f 11136 11264 15109
f 15109 11264 11265
f 11137 15109 11251
f 11251 15109 5929
f 15109 5930 5929
f 15109 11265 5930
f 11265 11039 5930
f 5930 11039 5618
f 11251 5929 5617
f 11250 11137 11251
f 5722 11137 11250
f 11363 11225 15110
f 11225 11224 15110
f 11224 11322 15110
f 11224 11323 11322
f 11363 15111 11362
f 11363 15110 15111
f 15110 15112 15111
f 15110 11322 15112
f 11362 15111 9597
f 11362 9597 5715
f 15111 9598 9597
f 15111 15112 9598
f 15112 11321 5716
f 15112 5716 9598
f 5795 5794 11323
f 5795 11323 11224
f 11322 11321 15112
f 5793 11225 11363
f 5793 11363 11364
f 11198 11197 11326
f 11326 11197 15113
f 11197 15114 15113
f 11197 11305 15114
f 11305 11303 15114
f 15113 9267 9266
f 15113 15114 9267
f 15114 11303 9267
f 1519 11199 11197
f 11197 11199 11305
f 11305 11304 11303
f 11302 5691 9269
f 11303 11302 9269
f 11303 9269 9268
f 9267 11303 9268
f 11326 15113 9266
f 11326 9266 5690
f 1615 11198 11326
f 1615 11326 11327
f 11100 11101 15115
f 11101 11147 15115
f 5758 11100 15116
f 11100 15115 15116
f 5758 15116 11276
f 15115 11147 11067
f 11147 5629 11067
f 15115 11067 11066
f 15116 15115 11066
f 15116 11066 11065
f 11276 15116 11065
f 11276 11065 5619
f 11277 5758 11276
f 11199 15117 11305
f 11305 15117 11304
f 15117 5768 15118
f 5768 11300 15118
f 11304 15117 15119
f 15117 15118 15119
f 15119 15118 9298
f 15118 9297 9298
f 15118 11300 5689
f 15118 5689 9297
f 11199 5768 15117
f 15119 9298 5691
f 11302 15119 5691
f 11303 15119 11302
f 11304 15119 11303
f 5759 11080 5972
f 5759 5972 5621
f 11080 11139 5971
f 11080 5971 5972
f 11139 11278 5620
f 11139 5620 5971
f 11227 11226 15120
f 11227 15121 11360
f 11227 15120 15121
f 11360 15121 15122
f 11360 15122 11361
f 15121 15120 15123
f 15121 15123 15122
f 15120 11366 11365
f 15120 11365 15123
f 11361 15122 9599
f 11361 9599 4385
f 15122 15123 9600
f 15122 9600 9599
f 15123 11365 5262
f 15123 5262 9600
f 11226 5810 11366
f 11226 11366 15120
f 5809 11227 11360
f 1507 1614 15124
f 1614 1506 15125
f 1614 15125 15124
f 1506 1615 11327
f 1506 11327 15125
f 15124 15125 9320
f 15124 9320 4358
f 15125 11327 9321
f 15125 9321 9320
f 11327 11326 5690
f 11327 5690 9321
f 11328 15124 4358
f 11328 4358 9576
f 1507 15124 11328
f 5718 11081 5974
f 5718 5974 5975
f 11081 5729 5973
f 11081 5973 5974
f 5729 5759 5621
f 5729 5621 5973
f 11082 5718 5975
f 11082 5975 5622
f 11323 5794 15126
f 5794 11228 15126
f 11228 11320 15126
f 15126 11320 15127
f 15126 15129 15128
f 15126 15127 15129
f 15129 15127 11318
f 15127 11319 11318
f 11321 15128 15130
f 15128 15129 15130
f 15129 15131 15130
f 15129 11318 15131
f 11321 15130 9603
f 15130 9602 9603
f 15130 15131 9602
f 11228 11131 11320
f 11131 5772 11320
f 15127 11320 11319
f 11318 11317 15131
f 15131 11317 11316
f 11316 5703 9601
f 15131 11316 9601
f 15131 9601 9602
f 11321 9603 5716
f 11322 15128 11321
f 11322 15126 15128
f 11323 15126 11322
f 11202 5806 15132
f 11340 11202 15133
f 11202 15132 15133
f 15132 5806 11342
f 15133 15132 11342
f 15133 11342 15134
f 11338 15133 15135
f 15133 15134 15135
f 5786 1678 11340
f 1678 11202 11340
f 1677 5806 11202
f 5806 11341 11342
f 11342 4381 9500
f 15134 11342 9500
f 15135 15134 9500
f 15135 9500 9501
f 15135 9501 5692
f 11338 15135 5692
f 11339 15133 11338
f 11340 15133 11339
f 11140 11083 5977
f 11083 5976 5977
f 11083 11082 5622
f 11083 5622 5976
f 11256 11140 5977
f 11256 5977 5623
f 5760 11141 11279
f 11141 11085 15136
f 11085 11256 15136
f 11141 15136 11279
f 11279 15136 15137
f 15136 11256 5978
f 11256 5623 5978
f 11085 5730 11140
f 11085 11140 11256
f 15137 15136 5978
f 15137 5978 5979
f 15137 5979 5624
f 11279 15137 5624
f 11143 5760 11279
f 5799 11087 11024
f 5799 11024 11023
f 11087 11088 11025
f 11087 11025 11024
f 11088 5742 5626
f 11088 5626 11025
f 11266 11023 5625
f 11266 5799 11023
f 1681 1516 9522
f 1681 9522 9521
f 1682 1681 9521
f 1682 9521 9520
f 11122 9520 5694
f 1682 9520 11122
f 11089 11090 11032
f 11089 11032 11031
f 11090 5803 11033
f 11090 11033 11032
f 5803 5627 11033
f 5803 11145 5627
f 5742 11089 11031
f 5742 11031 5626
f 1606 1605 9527
f 1606 9527 5695
f 1605 9528 9527
f 1605 1515 9528
f 1516 5695 9522
f 1516 1606 5695
f 11092 5799 11266
f 11142 11092 11266
f 11142 15138 11264
f 11142 11266 15138
f 11264 15138 15139
f 11264 15139 11039
f 5723 11142 11136
f 15138 11266 5625
f 15138 5625 11041
f 15139 15138 11041
f 15139 11041 11040
f 15139 11040 11039
f 11265 11264 11039
f 11136 11142 11264
f 5806 1679 15140
f 5806 15140 11341
f 15140 11122 5694
f 15140 5694 9534
f 11341 15140 9533
f 15140 9534 9533
f 1679 11122 15140
f 11342 11341 9533
f 11342 9533 4381
f 11093 11144 11145
f 11145 11144 15141
f 11144 15142 15141
f 11144 11143 15142
f 11143 11279 15142
f 15142 11279 11042
f 11042 11279 5624
f 15142 11042 11043
f 15142 11043 11044
f 15141 15142 11044
f 15141 11044 11045
f 11145 15141 11045
f 11145 11045 5627
f 5776 1192 15144
f 1192 15143 15144
f 11324 5776 15145
f 5776 15144 15145
f 15144 15143 5670
f 15144 5670 9125
f 1192 5775 15143
f 15143 5775 5670
f 15144 9125 9126
f 15145 15144 9126
f 15145 9126 9127
f 9128 15145 9127
f 11324 15145 9128
f 1607 9536 5696
f 1607 5807 9536
f 9536 5807 9535
f 5807 11343 9535
f 11343 4383 9535
f 1515 1607 5696
f 1515 5696 9528
f 5744 11095 11051
f 5744 11051 5628
f 11095 11094 11050
f 11095 11050 11051
f 11094 5746 11049
f 11094 11049 11050
f 5746 11146 5612
f 5746 5612 11049
f 11182 11181 15146
f 15146 11181 15147
f 11181 11324 15147
f 5672 11182 9133
f 11182 15146 9133
f 15146 15147 9133
f 9133 15147 9132
f 15147 5671 9132
f 1190 11181 11182
f 11181 5776 11324
f 15147 11324 9128
f 15147 9128 5671
f 5787 1611 15149
f 1611 15148 15149
f 15148 5788 11347
f 15149 15150 11345
f 15149 15148 15151
f 15149 15151 15150
f 15148 11347 15151
f 11345 15150 15152
f 1611 5788 15148
f 15151 11347 5698
f 15151 5698 9555
f 15150 15151 9555
f 15150 9555 9554
f 15152 15150 9554
f 15152 9554 9553
f 15152 9553 9552
f 5697 15152 9552
f 11344 15152 5697
f 11345 15152 11344
f 11346 15149 11345
f 5787 15149 11346
f 11097 11053 5745
f 11097 11096 11052
f 11097 11052 11053
f 5745 11054 5629
f 5745 11053 11054
f 11096 5744 5628
f 11096 5628 11052
f 11147 5745 5629
f 1187 1188 11183
f 11183 1188 15153
f 1188 11182 15153
f 15153 11182 5672
f 15153 5672 9136
f 15153 9136 9139
f 11183 15153 9139
f 11183 9139 9140
f 11118 11183 9140
f 11118 9140 5673
f 1609 11203 11343
f 11203 5787 11346
f 11343 11203 15154
f 15154 11203 15155
f 11203 11346 15155
f 11346 11345 15155
f 15155 11345 11344
f 15154 9574 4383
f 15154 15155 9574
f 15155 11344 9574
f 5807 1609 11343
f 11203 1517 5787
f 11344 5697 9551
f 11344 9551 9575
f 9574 11344 9575
f 11343 15154 4383
f 11098 5753 11146
f 11146 5753 15156
f 5753 15157 15156
f 5753 11262 15157
f 11146 11058 5612
f 11146 15156 11058
f 11262 11261 15157
f 15157 11261 11055
f 15157 11055 11056
f 15157 11056 11057
f 15156 15157 11057
f 15156 11057 11058
f 5737 11118 5673
f 5737 5673 9171
f 11119 5737 9171
f 11119 9171 9170
f 5734 11119 9170
f 5734 9170 9169
f 5766 5734 9169
f 5766 9169 5674
f 1613 1507 11328
f 1613 11328 15158
f 5788 11123 15159
f 11123 1613 15158
f 11123 15158 15159
f 5788 15159 11347
f 11347 15159 9578
f 11347 9578 5698
f 15159 15158 9577
f 15159 9577 9578
f 15158 9576 9577
f 15158 11328 9576
f 1135 1136 9444
f 1135 9444 9443
f 1136 1060 9445
f 1136 9445 9444
f 1060 11186 9445
f 9445 11186 5678
f 1058 1135 9443
f 1058 9443 5675
f 11185 1180 11184
f 11185 11184 15160
f 11325 11185 15161
f 11185 15160 15161
f 15160 9178 15161
f 15160 11184 5226
f 15160 5226 9178
f 15161 9178 9179
f 5777 1076 11185
f 15161 9179 5676
f 9184 15161 5676
f 11325 15161 9184
f 5777 11185 11325
f 5804 1178 15162
f 15162 1178 15163
f 1178 5777 15163
f 15163 5777 15164
f 5777 11325 15164
f 11325 9184 15164
f 15164 9184 9183
f 15163 15164 9183
f 15163 9183 9182
f 15162 15163 9182
f 15162 9182 5228
f 9229 15162 5228
f 5804 15162 9229
f 1183 5766 15165
f 1184 1183 15165
f 1184 15165 15166
f 15165 5766 5674
f 15165 5674 9202
f 15166 15165 9202
f 15166 9202 9203
f 5226 15166 9203
f 11184 1184 15166
f 11184 15166 5226
f 1080 1175 9227
f 1080 9227 4357
f 1175 9228 9227
f 1175 1176 9228
f 1176 5804 9229
f 1176 9229 9228
f 5783 11187 11333
f 1230 11334 11187
f 11187 11334 15167
f 11333 11187 15167
f 11333 15167 15168
f 15168 15167 9426
f 15167 11334 5679
f 15167 5679 9426
f 1232 11187 5783
f 1230 5784 11334
f 15168 9426 9425
f 5677 15168 9425
f 5677 9425 9419
f 11332 15168 5677
f 11333 15168 11332
f 1233 1102 5680
f 5784 1233 9432
f 1233 5680 9432
f 5784 9432 9431
f 11334 5784 9431
f 11334 9431 5679
f 5757 15169 11273
f 11165 11234 15169
f 15169 11234 15170
f 11273 15169 15171
f 15169 15170 15171
f 15170 11234 5651
f 15170 5651 5953
f 15171 5952 11272
f 15171 15170 5953
f 15171 5953 5952
f 5757 536 15169
f 536 11165 15169
f 11165 430 11166
f 11165 11166 11234
f 11272 5952 5951
f 11272 5951 5650
f 11273 15171 11272
f 5757 11273 11274
f 512 431 5653
f 512 5653 5957
f 11110 512 5957
f 11110 5957 5956
f 11167 11110 5956
f 11167 5956 5652
f 1102 9448 5680
f 1102 1218 9448
f 1237 11188 15172
f 1237 15172 11335
f 15172 11188 11337
f 11188 11336 11337
f 5681 11335 9466
f 11335 15172 9466
f 15172 11337 9466
f 5785 1237 11335
f 1083 11190 11188
f 11188 11190 11336
f 11337 5682 9468
f 11337 9468 9467
f 9466 11337 9467
f 431 514 5958
f 431 5958 5653
f 514 5959 5958
f 514 513 5959
f 513 11111 5654
f 513 5654 5959
f 1171 11189 15173
f 11190 1171 15173
f 11190 15173 15174
f 11336 11190 9471
f 11190 15174 9471
f 1171 1170 11189
f 15173 11189 5256
f 15173 5256 9474
f 15174 15173 9474
f 15174 9474 9473
f 9471 15174 9473
f 9471 9473 9472
f 11337 9471 5682
f 11336 9471 11337
f 433 5726 15175
f 15175 5726 15176
f 11111 433 15175
f 5726 11168 11238
f 5726 11238 15176
f 15176 11238 5655
f 15176 5655 5961
f 15175 15176 5961
f 15175 5961 5960
f 11111 15175 5960
f 11111 5960 5654
f 1236 1235 9492
f 1236 9492 4379
f 1235 5785 9492
f 9492 5785 9493
f 5785 11335 5681
f 5785 5681 9493
f 9446 1236 4379
f 1100 1236 9446
f 11176 11115 15177
f 11115 11237 15177
f 11236 11176 15177
f 11236 15177 15178
f 15177 11237 6292
f 11237 5666 6292
f 11235 15178 6294
f 15178 6293 6294
f 15178 15177 6293
f 15177 6292 6293
f 5749 518 11176
f 11115 435 11175
f 11115 11175 11237
f 11235 6294 5656
f 11236 15178 11235
f 5749 11176 11236
f 11189 1172 9496
f 11189 9496 5256
f 1172 1173 9495
f 1172 9495 9496
f 1173 1174 9494
f 1173 9494 9495
f 1174 1080 4357
f 1174 4357 9494
f 11179 622 5798
f 11179 5798 15179
f 11285 11179 15180
f 11179 15179 15180
f 11285 15180 11283
f 15180 15179 15181
f 15179 15182 15181
f 15179 5798 11286
f 15179 11286 15182
f 11283 15180 15183
f 15180 15181 15183
f 15181 15182 9652
f 15182 9653 9652
f 5732 11179 11285
f 15182 11286 5669
f 15182 5669 9653
f 15181 9652 9651
f 15183 15181 9651
f 15183 9651 6000
f 5657 15183 6000
f 11283 15183 5657
f 11284 11285 11283
f 11112 11171 6005
f 11112 6005 5659
f 11171 6004 6005
f 11171 11243 6004
f 11243 5658 6004
f 11243 11244 5658
f 6006 11112 5659
f 616 11112 6006
f 460 615 5660
f 615 483 5660
f 5660 483 6007
f 483 616 6006
f 483 6006 6007
f 460 5660 6008
f 613 614 6009
f 614 6008 6009
f 614 460 6008
f 613 6009 5661
f 5733 613 5661
f 5733 5661 6010
f 5763 612 11172
f 5763 11172 11248
f 11248 11172 6011
f 11248 6011 6012
f 11172 5733 6010
f 11172 6010 6011
f 11249 6012 5662
f 11248 6012 11249
f 11247 11113 15184
f 11247 15184 15185
f 11247 15185 11245
f 15185 15184 11249
f 15185 15186 11245
f 15185 11249 15186
f 11245 15186 6015
f 5751 11113 11247
f 11113 5763 15184
f 15184 5763 11248
f 15184 11248 11249
f 15186 11249 5662
f 15186 5662 6013
f 15186 6013 6014
f 6015 15186 6014
f 11246 11247 11245
f 11149 175 11253
f 11149 11253 15187
f 11252 11149 15187
f 11252 15187 5936
f 5752 48 11252
f 48 11149 11252
f 175 20 11150
f 175 11150 11253
f 15187 11253 5632
f 15187 5632 5938
f 5936 15187 5938
f 5936 5938 5937
f 11252 5936 5631
f 15188 563 15189
f 563 5751 15189
f 15189 5751 11246
f 15188 15189 5664
f 5664 15189 6285
f 15189 11246 6284
f 15189 6284 6285
f 6284 11246 6283
f 11246 11245 6283
f 11173 563 15188
f 5751 11247 11246
f 11245 6015 6283
f 6283 6015 5663
f 11173 15188 5664
f 11173 5664 6286
f 5774 11114 6288
f 5774 6288 5665
f 11114 5773 6287
f 11114 6287 6288
f 5773 6286 6287
f 5773 11173 6286
f 5769 11217 11310
f 11217 2046 15190
f 2046 11311 15190
f 11310 11217 15191
f 11217 15190 15191
f 15190 11311 15192
f 15191 15190 15192
f 15191 15192 9358
f 11309 15191 9357
f 15191 9358 9357
f 11311 11312 15192
f 15192 11312 5710
f 9358 15192 5710
f 9358 5710 9359
f 11309 9357 5699
f 11310 15191 11309
f 11204 5769 11310
f 19 114 5633
f 19 5633 5941
f 11104 19 5941
f 11104 5941 5940
f 11150 11104 5940
f 11150 5940 5939
f 11253 11150 5939
f 11253 5939 5632
f 11175 11174 6290
f 11174 5736 6289
f 11174 6289 6290
f 11175 6290 6291
f 5736 5774 5665
f 5736 5665 6289
f 11237 11175 6291
f 11237 6291 5666
f 5808 11207 6226
f 5808 6226 4181
f 11207 11206 6225
f 11207 6225 6226
f 11206 11313 6225
f 6225 11313 6224
f 1935 2043 11313
f 1935 11313 11206
f 11313 5700 6224
f 5724 11151 5634
f 5724 5634 5943
f 113 5724 5943
f 113 5943 5942
f 114 113 5942
f 114 5942 5633
f 5770 11209 6260
f 11209 6259 6260
f 11209 11208 6258
f 11209 6258 6259
f 11208 5808 4181
f 11208 4181 6258
f 5770 6260 5701
f 11105 5756 15193
f 15193 5756 15194
f 15193 15194 11229
f 11229 15194 5946
f 15194 11232 5946
f 5946 11232 5947
f 11232 5636 5947
f 11152 11105 15193
f 5756 11231 15194
f 15194 11231 11232
f 11232 11233 5636
f 11229 5946 5635
f 11230 15193 11229
f 11152 15193 11230
f 11117 15195 11368
f 11117 11116 15195
f 11116 5797 15196
f 11116 15196 15195
f 11368 9644 5668
f 11368 15195 9644
f 15195 9643 9644
f 15195 15196 9643
f 15196 11275 9642
f 15196 9642 9643
f 5797 11275 15196
f 5740 11117 11368
f 5740 11368 11369
f 5771 2039 15198
f 2039 15197 15198
f 5771 15198 11315
f 11315 6262 6263
f 11315 15198 6262
f 15198 6261 6262
f 15198 15197 5701
f 15198 5701 6261
f 2039 2040 5770
f 2039 5770 15197
f 15197 5770 5701
f 11314 11315 6263
f 11210 5771 11315
f 11177 5740 11369
f 11177 11369 15199
f 11178 11177 15199
f 11178 15199 15200
f 11286 15200 9647
f 11286 9647 5669
f 15200 15199 9646
f 15200 9646 9647
f 15199 11369 9645
f 15199 9645 9646
f 11369 11368 5668
f 11369 5668 9645
f 5798 11178 15200
f 5798 15200 11286
f 5772 15201 11320
f 11320 15201 15202
f 15201 11314 15202
f 15201 11210 11314
f 11319 15202 15203
f 15202 15204 15203
f 15202 11314 15204
f 11319 15203 11317
f 11317 15203 6265
f 15203 6264 6265
f 15203 15204 6264
f 15204 5702 6264
f 15204 11314 5702
f 11124 15201 5772
f 11124 11210 15201
f 11210 11315 11314
f 11314 6263 5702
f 11317 6265 6266
f 11316 11317 6266
f 11316 6266 5703
f 11318 11319 11317
f 11320 15202 11319
f 246 11153 11257
f 11257 11153 15206
f 11153 15205 15206
f 15206 15205 15207
f 15205 11259 15207
f 15207 11259 5983
f 15206 15207 5638
f 11153 248 15205
f 248 5761 15205
f 15205 5761 11259
f 11259 11260 5983
f 15207 5983 5984
f 15207 5984 5985
f 5638 15207 5985
f 11257 15206 5638
f 11257 5638 5986
f 11258 246 11257
f 5781 11211 11331
f 11211 15208 11331
f 11211 5780 11295
f 11211 11295 15208
f 11331 15208 15209
f 15208 11295 11294
f 15208 11294 15210
f 11329 15209 15211
f 15209 15212 15211
f 15209 15208 15210
f 15209 15210 15212
f 11125 11211 5781
f 11294 5704 15210
f 15210 5704 9282
f 15212 15210 9282
f 15212 9282 9283
f 15211 15212 9283
f 15211 9283 9284
f 5705 15211 9284
f 11329 15211 5705
f 11330 15209 11329
f 11331 15209 11330
f 207 11154 5988
f 207 5988 5639
f 11154 5987 5988
f 11154 11258 5987
f 11258 5986 5987
f 11258 11257 5986
f 11154 246 11258
f 15213 5757 11274
f 11180 15214 11275
f 11180 15213 15214
f 15213 11274 15214
f 15214 11274 15215
f 11274 15216 15215
f 15214 15215 9656
f 15214 9656 5667
f 15215 9655 9656
f 15215 15216 9655
f 11180 5725 15213
f 5725 5757 15213
f 11274 11273 15216
f 15216 11273 11272
f 11272 5650 9654
f 15216 11272 9654
f 9655 15216 9654
f 11275 15214 5667
f 11275 5667 9642
f 5797 11180 11275
f 11212 5781 15217
f 15217 5781 11330
f 11212 11308 11307
f 11212 15217 11308
f 15217 15218 11308
f 15217 11330 15218
f 15218 11330 9289
f 11330 11329 9289
f 11126 5781 11212
f 5781 11331 11330
f 9289 11329 5705
f 15218 9289 9290
f 15218 9290 9291
f 11308 15218 9291
f 11308 9291 5706
f 205 5990 5640
f 205 206 5990
f 206 64 5989
f 206 5989 5990
f 64 5639 5989
f 64 207 5639
f 1924 5782 11306
f 11306 5782 15219
f 11306 9315 5707
f 11306 15219 9315
f 15219 9316 9315
f 15219 11307 9316
f 11213 1924 11306
f 5782 11212 15219
f 15219 11212 11307
f 11307 11308 9316
f 9316 11308 5706
f 140 31 5991
f 139 140 5992
f 139 5992 5641
f 140 5991 5992
f 31 205 5640
f 31 5640 5991
f 5765 11130 15220
f 11130 15221 15220
f 11130 5739 15221
f 5739 11292 15221
f 15220 9579 5708
f 15220 15221 9579
f 15221 11292 9580
f 15221 9580 9579
f 11292 11293 9581
f 11292 9581 9580
f 5739 11220 11292
f 11291 15220 5708
f 5765 15220 11291
f 11106 138 11155
f 11106 11155 15222
f 11106 15222 11239
f 11239 15222 5994
f 15222 11155 5993
f 15222 5993 5994
f 11155 139 5641
f 11155 5641 5993
f 11239 5994 5642
f 5750 11106 11239
f 11215 11127 9326
f 11215 9326 5709
f 11127 5747 9325
f 11127 9325 9326
f 5747 11128 5238
f 5747 5238 9325
f 5762 11156 11242
f 11156 93 15223
f 93 5750 15223
f 11242 11156 11241
f 11156 15223 11241
f 15223 5750 11239
f 15223 11239 15224
f 11241 15223 15224
f 11241 15224 15225
f 11241 15225 5643
f 15224 11239 5642
f 15224 5642 5995
f 15225 15224 5995
f 15225 5995 5996
f 15225 5996 5643
f 11240 11241 5643
f 11157 5762 11242
f 11216 2047 15226
f 11216 15226 15227
f 11311 11216 11312
f 11216 15227 11312
f 15227 15226 9332
f 2046 11216 11311
f 2047 1929 11215
f 2047 11215 15226
f 15226 11215 5709
f 15226 5709 9332
f 15227 9332 9333
f 11312 15227 9333
f 11312 9333 9334
f 11312 9334 5710
f 5719 11068 11132
f 11068 5720 11133
f 11068 11133 11132
f 5719 11132 5753
f 11070 5754 11069
f 11069 5754 11134
f 11073 11074 11072
f 11072 11074 11135
f 11075 5723 11136
f 5722 11075 11137
f 11076 11078 11077
f 11138 11078 11076
f 5728 11139 11080
f 5728 11080 11079
f 11083 5730 11084
f 11140 5730 11083
f 11085 5760 11086
f 11085 11141 5760
f 5741 11087 5799
f 5723 11091 11092
f 5723 11092 11142
f 5741 5799 11092
f 5760 11143 11144
f 11093 11145 5743
f 11145 5803 5743
f 5760 11144 5731
f 5753 11098 5719
f 11098 11146 11099
f 11146 5746 11099
f 11101 11102 5745
f 11101 5745 11147
f 11076 11100 5758
f 5727 11100 11076
f 11103 173 5752
f 11103 5752 11148
f 49 11103 5755
f 48 175 11149
f 20 116 11104
f 20 11104 11150
f 2 82 5724
f 5724 82 11151
f 1 83 11152
f 11105 4 5756
f 83 11105 11152
f 248 11153 246
f 248 246 247
f 11154 207 62
f 246 11154 62
f 139 11155 138
f 139 138 30
f 93 5762 94
f 5750 93 11106
f 11156 5762 93
f 11106 93 9
f 5 87 5796
f 11158 11107 8
f 8 11107 92
f 5762 11157 8
f 11157 11158 8
f 4 85 11160
f 85 5 5796
f 85 5796 11159
f 4 11160 5756
f 255 11161 54
f 11161 252 54
f 11161 11162 252
f 11162 56 252
f 11162 5800 56
f 5800 251 56
f 49 11163 253
f 11163 11108 253
f 5755 11163 49
f 249 58 5802
f 249 5802 5801
f 249 5801 11164
f 250 249 11164
f 248 250 5761
f 248 60 250
f 536 535 430
f 446 536 5725
f 536 430 11165
f 5725 536 5757
f 509 11109 430
f 430 11109 11166
f 429 510 11110
f 429 11110 11167
f 515 433 11111
f 516 517 5726
f 517 434 5749
f 434 518 5749
f 5726 517 11168
f 5732 11170 619
f 11170 617 619
f 5732 11169 11170
f 617 11112 456
f 11171 11112 617
f 5733 612 461
f 5733 11172 612
f 612 5763 463
f 5763 11113 463
f 11113 5751 566
f 566 5751 563
f 562 11173 466
f 563 11173 562
f 11173 5773 466
f 11174 435 520
f 5736 11174 520
f 11174 11175 435
f 11115 11176 518
f 11115 518 519
f 5797 11116 537
f 11177 11178 453
f 11177 453 623
f 11178 5798 622
f 11178 622 453
f 620 622 11179
f 5732 620 11179
f 11180 5797 538
f 538 5797 537
f 5725 11180 538
f 5775 1192 1191
f 1192 5776 1067
f 11182 1188 1190
f 5776 11181 1067
f 1067 11181 1190
f 1187 11118 1186
f 11183 11118 1187
f 11184 1180 1074
f 1184 11184 1074
f 1178 1179 1076
f 1178 1076 5777
f 1177 1178 5804
f 5766 1183 1182
f 5734 5766 1182
f 1137 11186 1138
f 5783 1137 1232
f 11186 1060 1138
f 1232 1137 1061
f 1232 1231 1230
f 1232 1230 11187
f 1230 1104 5784
f 9446 9447 1100
f 9447 9448 1218
f 1100 9447 1234
f 9447 1218 1234
f 1238 1083 1237
f 1237 1083 11188
f 1098 1237 5785
f 1084 1171 1083
f 1083 1171 11190
f 1170 1172 11189
f 5778 11191 1630
f 5778 1630 1485
f 1629 1493 11193
f 1493 5779 11192
f 11193 1493 11192
f 1629 11193 5767
f 1627 1629 5767
f 1627 1495 1629
f 5764 11194 1567
f 5764 1567 1484
f 5805 11120 1520
f 11195 1500 1623
f 5738 11195 1623
f 1626 5805 1520
f 1622 1621 1620
f 1622 1620 11196
f 1615 1617 11198
f 11198 1617 11197
f 1617 1519 11197
f 11199 1519 1619
f 5768 11199 1619
f 1622 5768 1619
f 5786 11200 1487
f 11200 1570 1487
f 1678 5786 1487
f 1568 1486 11201
f 1484 1568 11201
f 1484 11201 5764
f 11202 1678 1677
f 1677 1678 1676
f 1679 1680 11122
f 1677 1679 5806
f 1538 1679 1677
f 1513 5807 1607
f 1517 1518 1611
f 1517 1611 5787
f 1611 1612 5788
f 1609 1610 11203
f 1610 1517 11203
f 1513 1609 5807
f 11123 5788 1612
f 11123 1612 1510
f 11205 2043 1947
f 5769 11204 1947
f 11204 11205 1947
f 11206 11207 2042
f 11206 2042 1935
f 11207 5808 2042
f 2042 5808 1936
f 11209 1938 11208
f 11208 1938 2041
f 5808 11208 2041
f 5808 2041 1936
f 11209 5770 2040
f 11209 2040 1938
f 2039 5771 2038
f 2039 2038 1946
f 11124 5772 1942
f 5771 11210 2038
f 11210 11124 2038
f 5772 11131 1942
f 5780 11125 1914
f 5780 11211 11125
f 5781 11126 11125
f 11125 11126 1922
f 11126 5782 2052
f 11212 5782 11126
f 1948 2051 5735
f 5735 2051 11213
f 2051 1924 11213
f 11214 2003 1913
f 2003 5780 1914
f 5765 1913 2004
f 5765 11214 1913
f 11127 1929 2049
f 11127 11215 1929
f 11216 1931 2047
f 11216 2046 1931
f 5769 2045 11217
f 2045 2046 11217
f 5789 11218 1970
f 11218 2095 1970
f 11129 5789 1970
f 1970 2095 2096
f 11219 11220 1916
f 1916 11220 2006
f 11220 5739 2006
f 5790 11219 2095
f 2006 5739 1915
f 2095 11219 1916
f 2097 5791 11129
f 11129 5791 11221
f 2004 2005 11130
f 2004 11130 5765
f 11222 5791 2099
f 5748 11222 2099
f 5748 2099 2098
f 11222 5792 5791
f 1964 2101 11223
f 1964 11223 5810
f 2101 1945 11223
f 11223 1945 5793
f 1945 2034 5793
f 5793 2034 11225
f 2034 5795 11224
f 2034 11224 11225
f 1975 2100 11226
f 1975 11226 11227
f 2100 1964 5810
f 2100 5810 11226
f 5748 1975 11227
f 5748 11227 5809
f 11131 5794 2035
f 2035 5794 1944
f 11228 5794 11131
f 5794 5795 1944
f 11377 15228 11437
f 11377 11376 15228
f 11376 15229 15228
f 11376 5843 15229
f 11437 15228 11435
f 15228 15229 15230
f 15228 15230 11435
f 15229 11430 15230
f 15229 11431 11430
f 11435 6028 5814
f 11435 15230 6028
f 15230 6029 6028
f 15230 11430 6029
f 5843 11379 11431
f 5843 11431 15229
f 11430 11429 5815
f 11430 5815 6029
f 11437 11435 11436
f 11385 15232 11450
f 11385 15231 15232
f 15231 11442 15232
f 11450 15232 11448
f 15232 11442 15233
f 11442 11441 15233
f 11448 15232 15234
f 15232 15233 15234
f 15233 15235 15234
f 15233 11441 15235
f 11448 15234 15236
f 15234 15237 15236
f 15234 15235 15237
f 15235 11440 15237
f 15236 15238 11446
f 15236 15237 15238
f 15237 11440 15239
f 15238 15237 15240
f 15237 15239 15240
f 15239 11438 15240
f 5852 11450 11451
f 5852 11385 11450
f 11385 5844 15231
f 5844 11403 15231
f 15231 11403 11442
f 15235 11441 11440
f 11440 11439 15239
f 15239 11439 11438
f 11438 5819 6039
f 11438 6039 6038
f 15240 11438 6038
f 15240 6038 6037
f 15238 15240 6037
f 15238 6037 5818
f 11446 15238 5818
f 11447 15236 11446
f 11448 15236 11447
f 11450 11448 11449
f 11387 15241 11459
f 11387 11386 15241
f 11386 15242 15241
f 11386 11455 15242
f 15241 6079 5821
f 15241 15242 6079
f 15242 6078 6079
f 15242 11453 6078
f 3380 5845 11455
f 3380 11455 11386
f 11455 11454 15242
f 15242 11454 11453
f 11453 11452 5820
f 11453 5820 6078
f 6080 15241 5821
f 11459 15241 6080
f 3475 11387 11459
f 3550 3426 8604
f 3550 8604 8605
f 3549 3550 8605
f 3549 8605 8606
f 11494 8606 5837
f 11494 3549 8606
f 3374 3445 5842
f 3445 3444 3386
f 3445 3386 11372
f 5842 3445 11372
f 5842 11372 11373
f 3450 3388 11375
f 3386 3450 11375
f 3388 3456 5849
f 3388 5849 11374
f 3386 11375 5848
f 3456 3455 3454
f 3456 3454 5849
f 3459 3376 5843
f 3459 5843 11376
f 3460 3459 11376
f 3460 11376 11377
f 3390 3460 11377
f 3376 11379 5843
f 3376 3462 11379
f 3462 3392 11379
f 3392 3468 5850
f 3392 5850 11378
f 11379 3392 11378
f 3466 3394 3467
f 3467 3394 5851
f 3468 3467 11380
f 3468 11380 5850
f 3470 3396 11381
f 3394 3470 5851
f 5851 3470 11383
f 11381 5852 11382
f 3470 11381 11382
f 11383 3470 11382
f 3474 3473 15243
f 3473 3378 15243
f 3474 11385 5852
f 3474 15243 11385
f 3378 11384 15243
f 15243 11384 5844
f 15243 5844 11385
f 11381 3474 5852
f 3396 3474 11381
f 3380 11387 3477
f 3477 11387 3475
f 3477 3475 3476
f 11386 11387 3380
f 3481 11388 3400
f 3398 11388 3481
f 11388 5853 3400
f 5853 3484 3400
f 3400 3484 3485
f 11389 5846 3382
f 11389 3382 3489
f 3402 11389 3489
f 3493 5854 3404
f 5855 3406 3497
f 5854 3497 3404
f 11391 3408 3500
f 3500 3408 3499
f 5855 11390 3406
f 11390 3500 3406
f 3408 11392 3504
f 3504 5847 3503
f 5847 3384 3503
f 3408 3504 3505
f 11392 5847 3504
f 11393 11394 3384
f 3384 11394 3510
f 11394 3509 3510
f 5847 11393 3384
f 11394 5856 3509
f 3509 11395 3410
f 11395 3513 3410
f 3410 3513 3514
f 5856 11395 3509
f 3518 5857 3517
f 5857 11396 3414
f 5857 3414 3517
f 11396 11397 3521
f 11396 3521 3414
f 11397 3438 3521
f 3416 11398 3528
f 3416 3528 3529
f 11399 3534 3527
f 3527 3534 3418
f 3534 11401 3420
f 11399 11400 3534
f 11400 11401 3534
f 11401 5858 3420
f 11402 11384 15244
f 15244 11384 3537
f 15244 3537 3420
f 3537 11384 3378
f 5858 11402 15244
f 11402 11403 11384
f 11403 5844 11384
f 5858 15244 3420
f 3380 3544 5845
f 3544 3543 5845
f 3543 3542 5845
f 5845 3542 11404
f 5842 11406 3374
f 11406 11407 3546
f 3374 11406 3546
f 11405 11406 5842
f 11406 5860 11407
f 3546 11407 3424
f 3546 3424 3545
f 11408 3553 3554
f 11408 11409 3553
f 11409 3430 3553
f 3549 3554 3428
f 3560 3559 11410
f 3559 3430 11410
f 3542 3560 5859
f 3422 3560 3542
f 3565 5862 3563
f 3565 3563 3564
f 3432 11411 3565
f 11411 5862 3565
f 3424 11413 5861
f 3424 5861 3575
f 3575 5861 3432
f 11407 11412 3424
f 11412 11413 3424
f 15245 11504 15247
f 15245 15247 15246
f 11504 11557 15247
f 11504 5897 11557
f 15246 15249 15248
f 15246 15247 15249
f 15247 11557 11556
f 15247 11556 15249
f 15248 15249 6059
f 15248 6059 6058
f 15249 11556 6060
f 15249 6060 6059
f 5903 2456 15245
f 5903 15245 11563
f 2456 2457 11504
f 2456 11504 15245
f 11556 5867 6060
f 11561 15248 6058
f 11561 6058 5866
f 11562 15248 11561
f 11562 15246 15248
f 11563 15245 15246
f 11563 15246 11562
f 11513 11511 15250
f 11511 11580 15250
f 11513 15250 11585
f 15250 11580 15251
f 11585 15250 11584
f 15250 15252 11584
f 15250 15251 15252
f 15252 15251 15253
f 15251 11579 15253
f 11584 15252 15254
f 11584 15254 11583
f 15252 15255 15254
f 15252 15253 15255
f 15255 15253 11577
f 15253 11578 11577
f 11512 11511 11513
f 2466 11580 11511
f 15251 11580 11579
f 15253 11579 11578
f 11577 5872 6107
f 15255 11577 6107
f 15255 6107 6108
f 15254 15255 6108
f 15254 6108 5873
f 11583 15254 5873
f 2487 2488 6147
f 2487 6147 6146
f 2488 2358 6148
f 2488 6148 6147
f 2358 5884 6148
f 2358 2489 5884
f 2486 6146 5883
f 2486 2487 6146
f 11510 15256 11576
f 11576 15256 15257
f 15256 15258 15257
f 15256 11567 15258
f 11576 15257 15259
f 11576 15259 11575
f 15257 15260 15259
f 15257 15258 15260
f 15258 11565 15260
f 15258 11566 11565
f 15259 15260 15261
f 15259 15261 11574
f 15260 15262 15261
f 15260 11565 15262
f 11574 15261 5870
f 11510 2465 15256
f 2465 5898 15256
f 5898 11531 15256
f 15256 11531 11567
f 11567 11566 15258
f 11565 11564 15262
f 15262 11564 5871
f 15262 5871 6068
f 15261 15262 6068
f 15261 6068 6067
f 5870 15261 6067
f 11575 15259 11574
f 5906 11510 11576
f 2355 2451 5896
f 2451 2362 11498
f 5896 2451 11499
f 2451 11498 11499
f 2362 5901 11498
f 11498 5901 11497
f 2362 2452 2453
f 2362 2453 5901
f 2453 2363 5902
f 2453 5902 11500
f 5901 2453 11500
f 5901 11500 11501
f 2363 2454 5902
f 2454 2364 5903
f 2454 5903 11502
f 2454 11502 11503
f 5902 2454 11503
f 2457 2356 5897
f 2457 5897 11504
f 2364 2456 5903
f 2364 2455 2456
f 2356 2458 11506
f 2458 2365 11505
f 2458 11505 11506
f 2365 2459 5904
f 2365 5904 11505
f 2356 11506 5897
f 2459 2460 11507
f 2459 11507 5904
f 2460 2366 5905
f 2460 5905 11507
f 2461 2367 11508
f 2367 2463 11508
f 11508 2463 5906
f 2366 2461 11509
f 2366 11509 5905
f 2464 2357 2465
f 2465 2357 5898
f 2463 2465 11510
f 5906 2463 11510
f 2466 11512 2468
f 2468 11512 2368
f 11511 11512 2466
f 11512 11513 2368
f 11513 5907 2368
f 5907 2470 2368
f 2368 2470 2471
f 11514 2472 2369
f 2469 11514 2369
f 5908 11514 2469
f 2474 11515 2473
f 11515 11516 2473
f 11516 5899 2360
f 11516 2360 2473
f 5899 11517 2475
f 5899 2475 2360
f 11517 2371 2475
f 2476 2480 2372
f 11518 2480 2476
f 11519 2481 2373
f 11520 2361 2481
f 11519 11520 2481
f 11520 5900 2361
f 2479 11519 2373
f 2466 2359 11522
f 2359 2884 11522
f 2374 5909 11521
f 2884 2374 11521
f 2484 2375 5910
f 2484 5910 11523
f 2483 2484 11523
f 2374 2483 5909
f 2485 2376 2486
f 2485 2486 11524
f 2378 2379 2491
f 2491 2379 11525
f 2379 2492 11525
f 2492 2380 11526
f 11526 2380 5911
f 2493 2494 11528
f 2494 2355 11528
f 2355 5896 11528
f 11528 5896 11527
f 2493 11528 5911
f 2380 2493 5911
f 2495 2497 2496
f 2495 2496 11529
f 2496 2361 5900
f 2357 2499 15263
f 15263 2499 11530
f 2499 2501 11530
f 2501 5913 11530
f 15263 11530 11531
f 5898 15263 11531
f 2357 15263 5898
f 2502 2503 2885
f 2502 2885 11532
f 2502 11532 5914
f 2383 2502 5914
f 2505 2385 2504
f 2504 2385 11533
f 2504 11533 11534
f 2384 2504 11534
f 2382 2508 15264
f 2382 15264 2501
f 2501 15264 11536
f 15264 2508 11535
f 2508 5914 11535
f 2508 2383 5914
f 15264 11535 11536
f 2501 11536 5913
f 2510 2387 5915
f 2387 2512 5915
f 5915 2512 11537
f 5912 11538 2381
f 2381 11538 2514
f 11538 11539 2514
f 11539 5916 2514
f 5916 2513 2514
f 2514 2513 2388
f 2495 5912 2381
f 1500 1621 15284
f 1500 15284 15283
f 1678 11200 15271
f 1678 15271 15270
f 1621 1619 15285
f 1621 15285 15284
f 11200 1486 15272
f 11200 15272 15271
f 1619 1519 15286
f 1619 15286 15285
f 1486 1484 15273
f 1486 15273 15272
f 1519 11198 15287
f 1519 15287 15286
f 1484 1567 15274
f 1484 15274 15273
f 11198 1506 15288
f 11198 15288 15287
f 1567 5778 15275
f 1567 15275 15274
f 1506 1614 15289
f 1506 15289 15288
f 5778 1630 15276
f 5778 15276 15275
f 1614 1613 15290
f 1614 15290 15289
f 1630 1493 15277
f 1630 15277 15276
f 1613 5788 15291
f 1613 15291 15290
f 1493 1629 15278
f 1493 15278 15277
f 5788 1611 15292
f 5788 15292 15291
f 1629 1626 15279
f 1629 15279 15278
f 5695 9521 15266
f 5695 15266 15265
f 1611 1517 15293
f 1611 15293 15292
f 1626 5805 15280
f 1626 15280 15279
f 9521 1682 15267
f 9521 15267 15266
f 1517 1513 15294
f 1517 15294 15293
f 5805 11121 15281
f 5805 15281 15280
f 1682 1679 15268
f 1682 15268 15267
f 1513 1607 15295
f 1513 15295 15294
f 11121 5738 15282
f 11121 15282 15281
f 1679 1677 15269
f 1679 15269 15268
f 1607 9527 15296
f 1607 15296 15295
f 5738 1500 15283
f 5738 15283 15282
f 1677 1678 15270
f 1677 15270 15269
f 9527 5695 15265
f 9527 15265 15296
f 11078 11080 15311
f 11078 15311 15310
f 11071 5754 15298
f 11071 15298 15297
f 11092 11136 15325
f 11092 15325 15324
f 11080 5759 15312
f 11080 15312 15311
f 5754 11069 15299
f 5754 15299 15298
f 11136 5722 15326
f 11136 15326 15325
f 5759 11081 15313
f 5759 15313 15312
f 11069 11133 15300
f 11069 15300 15299
f 5722 11074 15327
f 5722 15327 15326
f 11081 11082 15314
f 11081 15314 15313
f 11133 11132 15301
f 11133 15301 15300
f 11074 11072 15328
f 11074 15328 15327
f 11082 11083 15315
f 11082 15315 15314
f 11132 11098 15302
f 11132 15302 15301
f 11072 11071 15297
f 11072 15297 15328
f 11083 5730 15316
f 11083 15316 15315
f 11098 5746 15303
f 11098 15303 15302
f 5730 5760 15317
f 5730 15317 15316
f 5746 11095 15304
f 5746 15304 15303
f 5760 11144 15318
f 5760 15318 15317
f 11095 5744 15305
f 11095 15305 15304
f 11144 5743 15319
f 11144 15319 15318
f 5744 11097 15306
f 5744 15306 15305
f 5743 11090 15320
f 5743 15320 15319
f 11097 5745 15307
f 11097 15307 15306
f 11090 5742 15321
f 11090 15321 15320
f 5745 11100 15308
f 5745 15308 15307
f 5742 11088 15322
f 5742 15322 15321
f 11100 11076 15309
f 11100 15309 15308
f 11088 5741 15323
f 11088 15323 15322
f 11076 11078 15310
f 11076 15310 15309
f 5741 11092 15324
f 5741 15324 15323
f 1178 5804 15351
f 1178 15351 15350
f 1058 1134 15338
f 1058 15338 15337
f 5804 1175 15352
f 5804 15352 15351
f 1134 5775 15339
f 1134 15339 15338
f 1175 1080 15353
f 1175 15353 15352
f 5775 1192 15340
f 5775 15340 15339
f 1080 1173 15354
f 1080 15354 15353
f 1192 1067 15341
f 1192 15341 15340
f 1173 11189 15355
f 1173 15355 15354
f 1067 1190 15342
f 1067 15342 15341
f 11189 1171 15356
f 11189 15356 15355
f 1190 1187 15343
f 1190 15343 15342
f 9447 1102 15330
f 9447 15330 15329
f 1171 1083 15357
f 1171 15357 15356
f 1187 11118 15344
f 1187 15344 15343
f 1102 1233 15331
f 1102 15331 15330
f 1083 1237 15358
f 1083 15358 15357
f 11118 11119 15345
f 11118 15345 15344
f 1233 1230 15332
f 1233 15332 15331
f 1237 1235 15359
f 1237 15359 15358
f 11119 5766 15346
f 11119 15346 15345
f 1230 1232 15333
f 1230 15333 15332
f 1235 1236 15360
f 1235 15360 15359
f 5766 1183 15347
f 5766 15347 15346
f 1232 1137 15334
f 1232 15334 15333
f 1236 9447 15329
f 1236 15329 15360
f 1183 1180 15348
f 1183 15348 15347
f 1137 11186 15335
f 1137 15335 15334
f 1180 1076 15349
f 1180 15349 15348
f 11186 1136 15336
f 11186 15336 15335
f 1076 1178 15350
f 1076 15350 15349
f 1136 1058 15337
f 1136 15337 15336
f 205 140 15378
f 205 15378 15377
f 11149 5752 15365
f 11149 15365 15364
f 82 5724 15392
f 82 15392 15391
f 140 139 15379
f 140 15379 15378
f 5752 49 15366
f 5752 15366 15365
f 5724 114 15361
f 5724 15361 15392
f 139 138 15380
f 139 15380 15379
f 49 11108 15367
f 49 15367 15366
f 138 93 15381
f 138 15381 15380
f 11108 54 15368
f 11108 15368 15367
f 93 5762 15382
f 93 15382 15381
f 54 252 15369
f 54 15369 15368
f 5762 92 15383
f 5762 15383 15382
f 252 251 15370
f 252 15370 15369
f 92 7 15384
f 92 15384 15383
f 251 5802 15371
f 251 15371 15370
f 7 89 15385
f 7 15385 15384
f 5802 250 15372
f 5802 15372 15371
f 89 6 15386
f 89 15386 15385
f 250 248 15373
f 250 15373 15372
f 6 5 15387
f 6 15387 15386
f 248 246 15374
f 248 15374 15373
f 5 85 15388
f 5 15388 15387
f 246 207 15375
f 246 15375 15374
f 114 11104 15362
f 114 15362 15361
f 85 11105 15389
f 85 15389 15388
f 207 64 15376
f 207 15376 15375
f 11104 20 15363
f 11104 15363 15362
f 11105 1 15390
f 11105 15390 15389
f 64 205 15377
f 64 15377 15376
f 20 11149 15364
f 20 15364 15363
f 1 82 15391
f 1 15391 15390
f 512 429 15395
f 512 15395 15394
f 517 5726 15422
f 517 15422 15421
f 483 615 15409
f 483 15409 15408
f 429 11109 15396
f 429 15396 15395
f 5726 433 15423
f 5726 15423 15422
f 615 614 15410
f 615 15410 15409
f 11109 430 15397
f 11109 15397 15396
f 433 513 15424
f 433 15424 15423
f 614 5733 15411
f 614 15411 15410
f 430 446 15398
f 430 15398 15397
f 513 431 15393
f 513 15393 15424
f 5733 612 15412
f 5733 15412 15411
f 446 538 15399
f 446 15399 15398
f 612 463 15413
f 612 15413 15412
f 538 447 15400
f 538 15400 15399
f 463 566 15414
f 463 15414 15413
f 447 11117 15401
f 447 15401 15400
f 566 562 15415
f 566 15415 15414
f 11117 623 15402
f 11117 15402 15401
f 562 466 15416
f 562 15416 15415
f 623 453 15403
f 623 15403 15402
f 466 5774 15417
f 466 15417 15416
f 453 620 15404
f 453 15404 15403
f 5774 436 15418
f 5774 15418 15417
f 620 619 15405
f 620 15405 15404
f 436 435 15419
f 436 15419 15418
f 619 617 15406
f 619 15406 15405
f 435 519 15420
f 435 15420 15419
f 617 11112 15407
f 617 15407 15406
f 431 512 15394
f 431 15394 15393
f 519 517 15421
f 519 15421 15420
f 11112 483 15408
f 11112 15408 15407
f 2052 1924 15439
f 2052 15439 15438
f 1964 2100 15426
f 1964 15426 15425
f 2038 1942 15453
f 2038 15453 15452
f 1924 5735 15440
f 1924 15440 15439
f 2100 5748 15427
f 2100 15427 15426
f 1942 2035 15454
f 1942 15454 15453
f 5735 11128 15441
f 5735 15441 15440
f 5748 2099 15428
f 5748 15428 15427
f 2035 5795 15455
f 2035 15455 15454
f 11128 11127 15442
f 11128 15442 15441
f 2099 2097 15429
f 2099 15429 15428
f 5795 1945 15456
f 5795 15456 15455
f 11127 2047 15443
f 11127 15443 15442
f 2097 1970 15430
f 2097 15430 15429
f 1945 1964 15425
f 1945 15425 15456
f 2047 1931 15444
f 2047 15444 15443
f 1970 1916 15431
f 1970 15431 15430
f 1931 2045 15445
f 1931 15445 15444
f 1916 2006 15432
f 1916 15432 15431
f 2045 1947 15446
f 2045 15446 15445
f 2006 11130 15433
f 2006 15433 15432
f 1947 2043 15447
f 1947 15447 15446
f 11130 2004 15434
f 11130 15434 15433
f 2043 2042 15448
f 2043 15448 15447
f 2004 2003 15435
f 2004 15435 15434
f 2042 5808 15449
f 2042 15449 15448
f 2003 1914 15436
f 2003 15436 15435
f 5808 1938 15450
f 5808 15450 15449
f 1914 1922 15437
f 1914 15437 15436
f 1938 2040 15451
f 1938 15451 15450
f 1922 2052 15438
f 1922 15438 15437
f 2040 2038 15452
f 2040 15452 15451
f 4389 10278 6295
f 4389 6295 14923
f 4389 14923 10282
f 4389 10282 14922
f 4389 14922 14921
f 4389 14921 10281
f 4389 10281 14920
f 4389 14920 14919
f 4389 14919 10280
f 4389 10280 14925
f 4389 14925 14924
f 4389 14924 6297
f 4389 6297 14977
f 4389 14977 14976
f 4389 14976 10684
f 4389 10684 14975
f 4389 14975 14974
f 4389 14974 14973
f 4389 14973 10683
f 4389 10683 14972
f 4389 14972 14971
f 4389 14971 10682
f 4389 10682 14979
f 4389 14979 14978
f 4389 14978 7284
f 4389 7284 14967
f 4389 14967 14966
f 4389 14966 14965
f 4389 14965 10681
f 4389 10681 14964
f 4389 14964 14963
f 4389 14963 10680
f 4389 10680 14962
f 4389 14962 14961
f 4389 14961 10679
f 4389 10679 14970
f 4389 14970 14969
f 4389 14969 14968
f 4389 14968 7265
f 4389 7265 14958
f 4389 14958 14957
f 4389 14957 10678
f 4389 10678 14956
f 4389 14956 14955
f 4389 14955 10677
f 4389 10677 14954
f 4389 14954 14953
f 4389 14953 14952
f 4389 14952 10676
f 4389 10676 14960
f 4389 14960 14959
f 4389 14959 7246
f 4389 7246 14949
f 4389 14949 14948
f 4389 14948 10675
f 4389 10675 14947
f 4389 14947 14946
f 4389 14946 14945
f 4389 14945 10674
f 4389 10674 14944
f 4389 14944 14943
f 4389 14943 10673
f 4389 10673 14951
f 4389 14951 14950
f 4389 14950 7225
f 4389 7225 14939
f 4389 14939 14938
f 4389 14938 14937
f 4389 14937 10672
f 4389 10672 14936
f 4389 14936 14935
f 4389 14935 10671
f 4389 10671 14934
f 4389 14934 14933
f 4389 14933 10670
f 4389 10670 14942
f 4389 14942 14941
f 4389 14941 14940
f 4389 14940 7210
f 4389 7210 14931
f 4389 14931 14930
f 4389 14930 10669
f 4389 10669 14929
f 4389 14929 14928
f 4389 14928 10668
f 4389 10668 14927
f 4389 14927 14926
f 4389 14926 10667
f 4389 10667 14932
f 4389 14932 6296
f 4389 6296 10279
f 4389 10279 4405
f 4389 4405 4200
f 4389 4200 6339
f 4389 6339 6340
f 4389 6340 4476
f 4389 4476 6341
f 4389 6341 6342
f 4389 6342 4477
f 4389 4477 6343
f 4389 6343 6344
f 4389 6344 6345
f 4389 6345 4478
f 4389 4478 6346
f 4389 6346 6347
f 4389 6347 6348
f 4389 6348 4246
f 4389 4246 6600
f 4389 6600 6601
f 4389 6601 6602
f 4389 6602 4565
f 4389 4565 6603
f 4389 6603 6604
f 4389 6604 6605
f 4389 6605 4566
f 4389 4566 6606
f 4389 6606 6607
f 4389 6607 6608
f 4389 6608 6609
f 4389 6609 4567
f 4389 4567 6610
f 4389 6610 6611
f 4389 6611 6612
f 4389 6612 4244
f 4389 4244 6576
f 4389 6576 6577
f 4389 6577 6578
f 4389 6578 4559
f 4389 4559 6579
f 4389 6579 6580
f 4389 6580 6581
f 4389 6581 4560
f 4389 4560 6582
f 4389 6582 6583
f 4389 6583 6584
f 4389 6584 4561
f 4389 4561 6585
f 4389 6585 6586
f 4389 6586 6587
f 4389 6587 4242
f 4389 4242 6550
f 4389 6550 6551
f 4389 6551 6552
f 4389 6552 4553
f 4389 4553 6553
f 4389 6553 6554
f 4389 6554 6555
f 4389 6555 6556
f 4389 6556 4554
f 4389 4554 6557
f 4389 6557 6558
f 4389 6558 6559
f 4389 6559 4555
f 4389 4555 6560
f 4389 6560 6561
f 4389 6561 6562
f 4389 6562 4240
f 4389 4240 6524
f 4389 6524 6525
f 4389 6525 6526
f 4389 6526 4547
f 4389 4547 6527
f 4389 6527 6528
f 4389 6528 6529
f 4389 6529 4548
f 4389 4548 6530
f 4389 6530 6531
f 4389 6531 6532
f 4389 6532 4549
f 4389 4549 6533
f 4389 6533 6534
f 4389 6534 6535
f 4389 6535 6536
f 4389 6536 4238
f 4389 4238 6500
f 4389 6500 6501
f 4389 6501 6502
f 4389 6502 4541
f 4389 4541 6503
f 4389 6503 6504
f 4389 6504 6505
f 4389 6505 4542
f 4389 4542 6506
f 4389 6506 6507
f 4389 6507 6508
f 4389 6508 4543
f 4389 4543 6509
f 4389 6509 6510
f 4389 6510 6511
f 4389 6511 4236
f 4389 4236 6480
f 4389 6480 6481
f 4389 6481 6482
f 4389 6482 4535
f 4389 4535 6483
f 4389 6483 6484
f 4389 6484 6485
f 4389 6485 4536
f 4389 4536 6486
f 4389 6486 6487
f 4389 6487 4537
f 4389 4537 6488
f 4389 6488 6489
f 4389 6489 4227
f 4389 4227 4437
f 4389 4437 4436
f 4389 4436 5383
f 4389 5383 4440
f 4389 4440 10328
f 4389 10328 5410
f 4389 5410 10327
f 4389 10327 10326
f 4389 10326 5409
f 4389 5409 10325
f 4389 10325 10324
f 4389 10324 5408
f 4389 5408 10330
f 4389 10330 10329
f 4389 10329 4496
f 4389 4496 10841
f 4389 10841 10842
f 4389 10842 10843
f 4389 10843 5554
f 4389 5554 10840
f 4389 10840 10839
f 4389 10839 5553
f 4389 5553 10838
f 4389 10838 10837
f 4389 10837 5552
f 4389 5552 10846
f 4389 10846 10845
f 4389 10845 10844
f 4389 10844 4863
f 4389 4863 10833
f 4389 10833 10834
f 4389 10834 5551
f 4389 5551 10832
f 4389 10832 10831
f 4389 10831 5550
f 4389 5550 10830
f 4389 10830 10829
f 4389 10829 10828
f 4389 10828 5549
f 4389 5549 10836
f 4389 10836 10835
f 4389 10835 4856
f 4389 4856 10824
f 4389 10824 10825
f 4389 10825 5548
f 4389 5548 10823
f 4389 10823 10822
f 4389 10822 10821
f 4389 10821 5547
f 4389 5547 10820
f 4389 10820 10819
f 4389 10819 5546
f 4389 5546 10827
f 4389 10827 10826
f 4389 10826 4849
f 4389 4849 10813
f 4389 10813 10814
f 4389 10814 10815
f 4389 10815 5545
f 4389 5545 10812
f 4389 10812 10811
f 4389 10811 5544
f 4389 5544 10810
f 4389 10810 10809
f 4389 10809 5543
f 4389 5543 10818
f 4389 10818 10817
f 4389 10817 10816
f 4389 10816 4842
f 4389 4842 10805
f 4389 10805 10806
f 4389 10806 5542
f 4389 5542 10804
f 4389 10804 10803
f 4389 10803 5541
f 4389 5541 10802
f 4389 10802 10801
f 4389 10801 10800
f 4389 10800 5540
f 4389 5540 10808
f 4389 10808 10807
f 4389 10807 4835
f 4389 4835 10797
f 4389 10797 10798
f 4389 10798 5539
f 4389 5539 10796
f 4389 10796 10795
f 4389 10795 5538
f 4389 5538 10794
f 4389 10794 10793
f 4389 10793 5537
f 4389 5537 10799
f 4389 10799 4421
f 4389 4421 5377
f 4389 5377 4420
f 4389 4420 4419
f 4389 4419 4213
f 4389 4213 6430
f 4389 6430 6431
f 4389 6431 4518
f 4389 4518 6432
f 4389 6432 6433
f 4389 6433 4519
f 4389 4519 6434
f 4389 6434 6435
f 4389 6435 6436
f 4389 6436 4520
f 4389 4520 6437
f 4389 6437 6438
f 4389 6438 6439
f 4389 6439 4276
f 4389 4276 6967
f 4389 6967 6968
f 4389 6968 6969
f 4389 6969 4665
f 4389 4665 6970
f 4389 6970 6971
f 4389 6971 6972
f 4389 6972 4666
f 4389 4666 6973
f 4389 6973 6974
f 4389 6974 6975
f 4389 6975 4667
f 4389 4667 6976
f 4389 6976 6977
f 4389 6977 6978
f 4389 6978 4274
f 4389 4274 6941
f 4389 6941 6942
f 4389 6942 6943
f 4389 6943 6944
f 4389 6944 4659
f 4389 4659 6945
f 4389 6945 6946
f 4389 6946 6947
f 4389 6947 4660
f 4389 4660 6948
f 4389 6948 6949
f 4389 6949 6950
f 4389 6950 4661
f 4389 4661 6951
f 4389 6951 6952
f 4389 6952 6953
f 4389 6953 4272
f 4389 4272 6915
f 4389 6915 6916
f 4389 6916 6917
f 4389 6917 4653
f 4389 4653 6918
f 4389 6918 6919
f 4389 6919 6920
f 4389 6920 4654
f 4389 4654 6921
f 4389 6921 6922
f 4389 6922 6923
f 4389 6923 6924
f 4389 6924 4655
f 4389 4655 6925
f 4389 6925 6926
f 4389 6926 6927
f 4389 6927 4270
f 4389 4270 6891
f 4389 6891 6892
f 4389 6892 6893
f 4389 6893 4647
f 4389 4647 6894
f 4389 6894 6895
f 4389 6895 6896
f 4389 6896 4648
f 4389 4648 6897
f 4389 6897 6898
f 4389 6898 6899
f 4389 6899 4649
f 4389 4649 6900
f 4389 6900 6901
f 4389 6901 6902
f 4389 6902 4268
f 4389 4268 6865
f 4389 6865 6866
f 4389 6866 6867
f 4389 6867 4641
f 4389 4641 6868
f 4389 6868 6869
f 4389 6869 6870
f 4389 6870 6871
f 4389 6871 4642
f 4389 4642 6872
f 4389 6872 6873
f 4389 6873 6874
f 4389 6874 4643
f 4389 4643 6875
f 4389 6875 6876
f 4389 6876 6877
f 4389 6877 4266
f 4389 4266 6845
f 4389 6845 6846
f 4389 6846 6847
f 4389 6847 4635
f 4389 4635 6848
f 4389 6848 6849
f 4389 6849 6850
f 4389 6850 4636
f 4389 4636 6851
f 4389 6851 6852
f 4389 6852 4637
f 4389 4637 6853
f 4389 6853 6854
f 4389 6854 4185
f 2910 2911 2912
f 2910 2912 2907
f 2910 2907 2908
f 2910 2908 2909
f 2910 2909 2904
f 2910 2904 2905
f 2910 2905 2906
f 2910 2906 2967
f 2910 2967 2968
f 2910 2968 15457
f 2910 2968 2969
f 2910 2969 2970
f 2910 2970 2913
f 2910 2913 2914
f 2910 2914 2915
f 2910 2915 2971
f 2910 2971 2972
f 2910 2972 2973
f 2910 2973 2919
f 2910 2919 2920
f 2910 2920 2921
f 2910 2921 2939
f 2910 2939 2940
f 2910 2940 2941
f 2910 2941 2942
f 2910 2942 2933
f 2910 2933 2934
f 2910 2934 2935
f 2910 2935 2974
f 2910 2974 2975
f 2910 2975 2960
f 2910 2960 2961
f 2910 2961 2962
f 2910 2962 2936
f 2910 2936 2937
f 2910 2937 2938
f 2910 2938 2954
f 2910 2954 2955
f 2910 2955 2956
f 2910 2956 2930
f 2910 2930 2931
f 2910 2931 2946
f 2910 2946 2947
f 2910 2947 2924
f 2910 2924 2925
f 2910 2925 2926
f 2910 2926 2965
f 2910 2965 2966
f 2910 2966 2957
f 2910 2957 2958
f 2910 2958 2959
f 2910 2959 2922
f 2910 2922 2923
f 2910 2923 2916
f 2910 2916 2917
f 2910 2917 2918
f 2910 2918 2963
f 2910 2963 2964
f 2910 2964 2927
f 2910 2927 2928
f 2910 2928 2929
f 2910 2929 2951
f 2910 2951 2952
f 2910 2952 2953
f 2910 2953 2943
f 2910 2943 2944
f 2910 2944 2945
f 2910 2945 2976
f 2910 2976 2977
f 2910 2977 2978
f 2910 2978 2948
f 2910 2948 2949
f 2910 2949 2950
f 2910 2950 2889
f 2910 2889 2890
f 2910 2890 2891
f 2910 2891 2902
f 2910 2902 2903
f 2910 2903 2892
f 2910 2892 2893
f 2910 2893 2894
f 2910 2894 2932
f 2910 2932 2899
f 2910 2899 2900
f 2910 2900 2901
f 2910 2901 2895
f 2910 2895 2896
f 2910 2896 2897
f 2910 2897 2898
f 2910 2898 2886
f 2910 2886 2887
f 2910 2887 2888
f 3988 3987 3986
f 3988 3986 3985
f 3988 3985 3998
f 3988 3998 3997
f 3988 3997 3996
f 3988 3996 4000
f 3988 4000 3999
f 3988 3999 3995
f 3988 3995 3994
f 3988 3994 3993
f 3988 3993 15458
f 3988 15458 15459
f 3988 15459 3992
f 3988 3992 3991
f 3988 3991 4002
f 3988 4002 4001
f 3988 4001 3990
f 3988 3990 3989
f 3988 3989 4069
f 3988 4069 4068
f 3988 4068 4067
f 3988 4067 4076
f 3988 4076 4008
f 3988 4008 4007
f 3988 4007 4006
f 3988 4006 4046
f 3988 4046 4045
f 3988 4045 4074
f 3988 4074 4073
f 3988 4073 4053
f 3988 4053 4052
f 3988 4052 4051
f 3988 4051 4050
f 3988 4050 4044
f 3988 4044 4043
f 3988 4043 4036
f 3988 4036 4035
f 3988 4035 4034
f 3988 4034 4075
f 3988 4075 4042
f 3988 4042 4041
f 3988 4041 4040
f 3988 4040 4033
f 3988 4033 4032
f 3988 4032 4031
f 3988 4031 4030
f 3988 4030 4039
f 3988 4039 4038
f 3988 4038 4037
f 3988 4037 4027
f 3988 4027 4026
f 3988 4026 4077
f 3988 4077 4029
f 3988 4029 4028
f 3988 4028 4022
f 3988 4022 4021
f 3988 4021 4020
f 3988 4020 4019
f 3988 4019 4018
f 3988 4018 4017
f 3988 4017 4016
f 3988 4016 4015
f 3988 4015 4014
f 3988 4014 4013
f 3988 4013 4012
f 3988 4012 4011
f 3988 4011 4010
f 3988 4010 4009
f 3988 4009 4049
f 3988 4049 4048
f 3988 4048 4047
f 3988 4047 4072
f 3988 4072 4071
f 3988 4071 4070
f 3988 4070 4057
f 3988 4057 4056
f 3988 4056 4055
f 3988 4055 4054
f 3988 4054 4061
f 3988 4061 4060
f 3988 4060 4059
f 3988 4059 4058
f 3988 4058 4066
f 3988 4066 4065
f 3988 4065 4064
f 3988 4064 4063
f 3988 4063 4062
f 3988 4062 4025
f 3988 4025 4024
f 3988 4024 4023
f 3988 4023 4005
f 3988 4005 4004
f 3988 4004 4003
f 3992 15459 15458
f 3992 15458 3993
