v 97.98785 1.69738 0.01550
v 97.96382 1.18332 0.04267
v 97.98924 0.65934 -0.14335
v 97.94553 0.19452 -0.09270
v 97.95099 -0.28744 -0.10991
v 97.95756 -0.75657 -0.12232
v 97.91719 -1.21552 -0.05812
v 97.92311 -1.64019 -0.06130
v 97.92754 -2.05498 -0.06642
v 97.92771 -2.47079 -0.08569
v 98.08989 -2.89245 -0.08982
v 98.09573 -3.30883 -0.06515
v 98.09883 -3.71529 -0.05672
v 98.06947 -4.05010 -0.12198
v 98.01865 -4.36120 -0.05994
v 98.02183 -4.77419 -0.10143
v 98.20734 -5.06682 -0.08107
v 98.14684 -5.39184 -0.10123
v 98.16291 -5.69553 -0.09683
v 98.17598 -5.98649 -0.09296
v 98.18504 -6.26471 -0.08963
v 98.13588 -6.56277 -0.13910
v 98.12638 -6.75367 -0.14613
v 98.13462 -7.02406 -0.12708
v 98.16325 -7.25011 -0.08156
v 98.20309 -7.49361 -0.13858
v 98.02169 -7.68157 -0.11517
v 98.09606 -7.92038 -0.12469
v 98.09781 -8.02738 -0.12853
v 97.99057 -8.24053 -0.12686
v 97.81978 -8.30863 -0.11202
v 97.88196 -8.54433 -0.11033
v 97.78659 -8.67629 -0.10818
v 97.64847 -8.72602 -0.08980
v 97.55110 -8.82764 -0.09244
v 97.47209 -8.98407 -0.12595
v 97.30107 -8.91344 -0.10568
v 97.22358 -9.05950 -0.10168
v 97.13116 -9.19545 -0.09445
v 96.98508 -9.15420 -0.10855
v 96.86311 -9.18390 -0.11208
v 96.69944 -9.11851 -0.09885
v 96.59868 -9.12332 -0.09106
v 96.49789 -9.11963 -0.08979
v 96.39294 -9.11740 -0.06662
v 96.28582 -9.13069 -0.05811
v 96.16255 -9.19331 -0.07224
v 96.08749 -9.02275 -0.06721
v 95.95501 -9.07630 -0.07147
v 95.86385 -8.94748 -0.05620
v 95.76123 -8.84512 -0.05837
v 95.65459 -8.74270 -0.06330
v 95.66448 -8.62934 -0.08165
v 95.55328 -8.53035 -0.24188
v 95.43901 -8.42891 -0.22175
v 95.44639 -8.32263 -0.24488
v 95.46090 -8.11215 -0.21873
v 95.33380 -8.01064 -0.24295
v 95.35303 -7.79815 -0.24802
v 95.37305 -7.59010 -0.23873
v 95.37800 -7.38211 -0.21313
v 95.37408 -7.17320 -0.21017
v 95.37675 -6.96540 -0.21021
v 95.38538 -6.75924 -0.21164
v 95.38418 -6.55490 -0.24190
v 95.33321 -6.30528 -0.19256
v 95.30634 -5.99879 -0.24303
v 95.30201 -5.80985 -0.20302
v 95.43014 -5.52899 -0.20501
v 95.47411 -5.25622 -0.20896
v 95.59078 -4.99736 -0.16349
v 95.51220 -4.65401 -0.17106
v 95.69956 -4.47487 -0.17451
v 95.61581 -4.13058 -0.19016
v 95.74211 -3.80426 -0.19109
v 95.90061 -3.54282 -0.16725
v 96.01040 -3.23028 -0.18061
v 95.93213 -2.96766 -0.17000
v 96.03758 -2.65160 -0.16414
v 96.18227 -2.39822 -0.21250
v 96.31404 -2.17765 -0.23842
v 96.36939 -1.85839 -0.19780
v 96.53068 -1.65641 -0.22188
v 96.63206 -1.33811 -0.24093
v 96.71989 -1.11828 -0.22246
v 96.81269 -0.80644 -0.06581
v 96.78282 -0.58683 -0.08727
v 96.86934 -0.36120 -0.08303
v 97.03779 -0.13829 -0.10134
v 97.08403 0.16441 -0.13929
v 97.25834 0.33932 -0.13843
v 97.21174 0.56230 -0.12229
v 97.31503 0.86746 0.04633
v 97.46339 1.07825 0.01201
v 97.42172 1.36656 -0.01251
v 97.44583 1.65857 -0.00437
v 97.76654 5.65397 0.07087
v 97.76656 5.55089 0.07086
v 97.76656 5.44786 0.07086
v 97.76656 5.34483 0.07086
v 97.76656 5.24180 0.07086
v 97.76656 5.13877 0.07086
v 97.76656 5.03574 0.07086
v 97.76656 4.93271 0.07086
v 97.76656 4.82968 0.07086
v 97.76656 4.72665 0.07086
v 97.76656 4.62362 0.07086
v 97.88489 5.65400 0.07168
v 97.98391 5.65405 0.06959
v 97.88494 5.55089 0.07168
v 97.98394 5.55089 0.06958
v 97.88494 5.44786 0.07168
v 97.98394 5.44786 0.06958
v 97.88494 5.34483 0.07168
v 97.98391 5.34483 0.06957
v 97.88494 5.24180 0.07168
v 97.98391 5.24180 0.06957
v 97.88498 5.13877 0.07139
v 97.98391 5.13877 0.06957
v 97.88494 5.03574 0.07168
v 97.98391 5.03574 0.06957
v 97.88494 4.93271 0.07168
v 97.98391 4.93271 0.06957
v 97.88494 4.82968 0.07168
v 97.98394 4.82968 0.06958
v 97.88494 4.72665 0.07168
v 97.98394 4.72665 0.06958
v 97.88494 4.62362 0.07168
v 97.98394 4.62362 0.06958
v 98.02925 5.65398 0.06957
v 98.02921 5.55089 0.06957
v 98.02921 5.44786 0.06957
v 98.02927 5.34483 0.06957
v 98.02927 5.24180 0.06957
v 98.02927 5.13877 0.06957
v 98.02927 5.03574 0.06957
v 98.02927 4.93271 0.06957
v 98.02921 4.82968 0.06957
v 98.02921 4.72665 0.06957
v 98.02921 4.62362 0.06957
v 98.12934 5.65402 0.07169
v 98.12928 5.55089 0.07168
v 98.12928 5.44786 0.07168
v 98.12928 5.34483 0.07168
v 98.12928 5.24180 0.07168
v 98.12928 5.13877 0.07168
v 98.12928 5.03574 0.07168
v 98.12928 4.93271 0.07168
v 98.12928 4.82968 0.07168
v 98.12928 4.72665 0.07168
v 98.12928 4.62362 0.07168
v 97.95644 1.70506 -0.09102
v 97.87001 1.70441 -0.07918
v 97.84522 1.70029 0.00224
v 97.87444 1.69999 0.07727
v 97.95533 1.69900 0.08248
v 98.02161 1.70094 0.00175
v 98.04295 1.70542 -0.07593
v 97.95715 1.60143 -0.10075
v 97.86788 1.60067 -0.08064
v 97.84423 1.60020 0.00956
v 97.88148 1.60636 0.06986
v 97.95453 1.60766 0.07764
v 97.99872 1.59025 0.05288
v 98.02303 1.60163 0.00367
v 98.01600 1.59589 -0.06276
v 98.00735 1.57369 0.06019
v 97.86779 1.49781 -0.08598
v 97.84672 1.49324 0.00695
v 97.88786 1.49944 0.06621
v 97.94908 1.49792 0.07250
v 97.99686 1.48762 0.04805
v 98.02411 1.49567 -0.00049
v 98.01704 1.49725 -0.06886
v 97.95858 1.49696 -0.10791
v 98.00787 1.51930 0.05688
v 97.86638 1.39180 -0.09015
v 97.85195 1.39306 0.00762
v 97.89227 1.39183 0.06232
v 97.94575 1.38962 0.06662
v 97.99173 1.39022 0.04598
v 98.02450 1.39413 -0.00437
v 98.01983 1.39030 -0.07244
v 97.95882 1.39549 -0.11529
v 97.85913 1.28800 0.01284
v 97.93943 1.29285 0.06210
v 97.98128 1.28368 0.04488
v 98.02466 1.28781 -0.00407
v 97.95900 1.28992 -0.12339
v 97.86496 1.29083 -0.09289
v 97.89565 1.29248 0.06170
v 98.02259 1.29145 -0.07389
v 97.86154 1.18334 0.00773
v 98.02564 1.18476 -0.01091
v 97.96163 1.18095 -0.12928
v 97.86684 1.18574 -0.10105
v 97.94161 1.18859 0.06182
v 98.02304 1.18704 -0.08230
v 97.89556 1.20683 0.05774
v 97.86453 1.08231 0.00570
v 97.96291 1.07745 0.03923
v 97.96321 1.07718 -0.13494
v 97.86411 1.07670 -0.10165
v 98.02616 1.08641 -0.01453
v 98.02614 1.07488 -0.08263
v 97.93700 1.10073 0.05842
v 97.93758 1.05271 -0.15403
v 97.96316 0.97410 -0.13925
v 97.86120 0.97464 -0.09976
v 97.86518 0.97906 0.00229
v 97.96008 0.97542 0.03454
v 98.02604 0.97686 -0.01504
v 98.02789 0.97207 -0.08312
v 97.94141 0.97363 -0.15769
v 97.94487 0.86386 -0.15851
v 97.96122 0.87925 -0.14300
v 97.85853 0.86983 -0.10279
v 97.86298 0.87134 -0.00578
v 97.95809 0.87455 0.02810
v 98.02587 0.86769 -0.01871
v 98.02868 0.87019 -0.08983
v 97.89869 0.87535 -0.15717
v 97.89816 0.93480 -0.15340
v 97.94501 0.75983 -0.16007
v 97.97916 0.77831 -0.14294
v 97.85843 0.76837 -0.10460
v 97.86655 0.76537 -0.00772
v 97.95615 0.76579 0.02318
v 98.02682 0.76600 -0.02371
v 98.02899 0.76573 -0.09419
v 97.89292 0.75339 -0.16057
v 97.94614 0.65561 -0.16418
v 97.85831 0.66386 -0.10579
v 97.86989 0.65986 -0.00909
v 97.95213 0.65808 0.01941
v 98.02048 0.66208 -0.01803
v 98.02874 0.66142 -0.09867
v 97.89161 0.64884 -0.16474
v 97.95188 0.55420 -0.16739
v 97.88994 0.54822 -0.16036
v 97.85425 0.55677 -0.10188
v 97.87085 0.55973 -0.01373
v 97.95309 0.55802 0.01478
v 98.02144 0.56196 -0.02266
v 98.03030 0.55392 -0.10011
v 97.99393 0.58855 -0.15202
v 97.95259 0.45214 -0.17182
v 97.88595 0.45317 -0.16109
v 97.85478 0.45002 -0.10408
v 97.86978 0.45552 -0.02090
v 97.95296 0.45741 0.01031
v 98.02262 0.45247 -0.02767
v 98.03117 0.45000 -0.10540
v 98.01734 0.51366 -0.15322
v 98.01797 0.44759 -0.15590
v 97.95307 0.34893 -0.17647
v 97.88507 0.34340 -0.16313
v 97.85562 0.34743 -0.10260
v 97.87467 0.34680 -0.01972
v 97.95297 0.34849 0.00554
v 98.02139 0.34307 -0.02758
v 98.03252 0.34869 -0.10266
v 98.01484 0.33194 -0.15707
v 97.95407 0.24429 -0.18137
v 97.88412 0.24224 -0.16497
v 97.85406 0.24343 -0.09969
v 97.87747 0.24013 -0.02301
v 97.95401 0.23904 0.00041
v 98.01951 0.24212 -0.02934
v 98.03601 0.24373 -0.09952
v 98.01345 0.24309 -0.15888
v 97.85526 0.13915 -0.10224
v 97.87832 0.13890 -0.02742
v 97.95506 0.13896 -0.00366
v 98.02046 0.13884 -0.03358
v 98.03723 0.13949 -0.10189
v 97.95518 0.14066 -0.18565
v 97.88281 0.13805 -0.16789
v 98.01776 0.13863 -0.16163
v 97.85607 0.03450 -0.10400
v 97.88003 0.03562 -0.03059
v 97.95621 0.03570 -0.00745
v 98.02154 0.03398 -0.03715
v 98.03845 0.03543 -0.10334
v 97.95632 0.04019 -0.18924
v 97.88289 0.03735 -0.17055
v 98.01999 0.03796 -0.16416
v 97.85776 -0.06749 -0.09606
v 97.88462 -0.06978 -0.02951
v 97.95590 -0.07038 -0.01127
v 97.95576 -0.06940 -0.19336
v 97.88222 -0.06812 -0.17116
v 98.01907 -0.07104 -0.03284
v 98.03921 -0.06577 -0.09700
v 98.02104 -0.07240 -0.16757
v 97.95664 -0.17963 -0.19722
v 97.88134 -0.17567 -0.17285
v 97.85858 -0.17140 -0.09984
v 97.88620 -0.17196 -0.03266
v 97.95643 -0.17420 -0.01471
v 98.01890 -0.16830 -0.03502
v 98.04112 -0.17249 -0.10070
v 98.02281 -0.17768 -0.16943
v 97.95780 -0.28011 -0.20071
v 97.88343 -0.28270 -0.17726
v 97.85940 -0.27746 -0.10128
v 97.88966 -0.27373 -0.03491
v 97.95758 -0.27431 -0.01823
v 98.01728 -0.27072 -0.03687
v 98.04180 -0.28111 -0.09815
v 98.02373 -0.28117 -0.17367
v 97.95917 -0.38060 -0.20351
v 97.88361 -0.38428 -0.17899
v 97.86201 -0.38519 -0.09983
v 97.89116 -0.38239 -0.03756
v 97.95895 -0.38372 -0.02110
v 98.01877 -0.38103 -0.03969
v 98.04323 -0.38581 -0.10245
v 98.02643 -0.38295 -0.17525
v 97.96103 -0.48294 -0.20658
v 97.88358 -0.48442 -0.18010
v 97.86566 -0.48958 -0.09777
v 97.89539 -0.49188 -0.03657
v 97.96058 -0.49311 -0.02421
v 98.04190 -0.48712 -0.09762
v 98.02929 -0.48279 -0.17617
v 98.02048 -0.48844 -0.03537
v 97.94950 -0.59120 -0.20861
v 97.87837 -0.58980 -0.17544
v 97.86714 -0.59004 -0.09415
v 97.95024 -0.59225 -0.02725
v 98.01430 -0.59819 -0.03853
v 98.04340 -0.58806 -0.09448
v 98.02920 -0.59444 -0.17769
v 97.88840 -0.59371 -0.03667
v 97.95006 -0.70085 -0.21198
v 97.87809 -0.69873 -0.17561
v 97.86822 -0.69367 -0.09812
v 97.94979 -0.69361 -0.02952
v 98.01457 -0.69189 -0.04123
v 98.04541 -0.69524 -0.09756
v 98.02989 -0.70182 -0.18077
v 97.88980 -0.69393 -0.03932
v 97.95163 -0.80135 -0.21425
v 97.88058 -0.80538 -0.17902
v 97.87066 -0.80315 -0.09624
v 97.95246 -0.79904 -0.03222
v 98.01409 -0.79820 -0.04304
v 98.04542 -0.80454 -0.09547
v 98.03147 -0.80221 -0.18303
v 97.89386 -0.78589 -0.03932
v 97.95334 -0.90517 -0.21590
v 97.88235 -0.90588 -0.18085
v 97.87282 -0.90978 -0.09813
v 97.95373 -0.90669 -0.03314
v 98.01424 -0.90421 -0.04379
v 98.04665 -0.90840 -0.09695
v 98.03315 -0.90576 -0.18474
v 97.90132 -0.90653 -0.03722
v 97.90862 -0.94277 -0.04836
v 97.95386 -1.01105 -0.21799
v 97.88271 -1.00925 -0.17989
v 97.87446 -1.01073 -0.10046
v 97.90989 -1.01479 -0.04929
v 97.95802 -1.01276 -0.03446
v 98.04702 -1.01049 -0.09717
v 98.03471 -1.01082 -0.18723
v 98.01724 -1.00214 -0.04343
v 97.95425 -1.11465 -0.21967
v 97.88471 -1.11495 -0.18226
v 97.87622 -1.11374 -0.10272
v 97.91158 -1.11117 -0.05083
v 97.96165 -1.11467 -0.03605
v 98.04716 -1.11447 -0.09650
v 98.03723 -1.11427 -0.18826
v 98.02260 -1.11798 -0.04092
v 97.88616 -1.21855 -0.18341
v 97.87824 -1.21878 -0.10456
v 97.96230 -1.21778 -0.03780
v 98.04886 -1.21930 -0.09742
v 97.95681 -1.21622 -0.22156
v 98.03880 -1.21625 -0.19045
v 98.02443 -1.21812 -0.04263
v 97.88061 -1.32176 -0.10443
v 97.91402 -1.33022 -0.05560
v 97.96320 -1.32291 -0.03944
v 97.95602 -1.31863 -0.22209
v 97.88689 -1.31855 -0.18302
v 98.05131 -1.32114 -0.09899
v 98.03893 -1.31825 -0.19413
v 98.01743 -1.31870 -0.03892
v 97.95113 -1.42650 -0.22085
v 97.88446 -1.42247 -0.17889
v 97.88028 -1.42410 -0.10953
v 97.91096 -1.42855 -0.06088
v 97.96464 -1.42572 -0.04027
v 98.05348 -1.42418 -0.09999
v 98.04289 -1.42927 -0.19250
v 98.01822 -1.42471 -0.04089
v 97.94828 -1.53703 -0.22221
v 97.88575 -1.53481 -0.17646
v 97.88229 -1.52614 -0.10992
v 97.91498 -1.53034 -0.06096
v 97.96084 -1.52567 -0.04016
v 98.05384 -1.53339 -0.09515
v 98.04147 -1.53643 -0.19574
v 98.01423 -1.52149 -0.04446
v 97.95050 -1.63753 -0.22328
v 97.88782 -1.64183 -0.17527
v 97.88548 -1.63677 -0.10431
v 97.96570 -1.63474 -0.04033
v 98.05219 -1.64106 -0.09022
v 98.04540 -1.63692 -0.19359
v 98.02026 -1.62687 -0.04377
v 97.95201 -1.73859 -0.22361
v 97.88976 -1.74087 -0.17402
v 97.88736 -1.74430 -0.10781
v 97.92362 -1.74716 -0.05886
v 97.97180 -1.74591 -0.04061
v 98.05407 -1.74190 -0.08940
v 98.04819 -1.73697 -0.19376
v 98.02417 -1.73977 -0.04298
v 97.95412 -1.84471 -0.22330
v 97.89092 -1.83952 -0.17155
v 97.88846 -1.84263 -0.11155
v 97.92326 -1.84975 -0.06200
v 97.97604 -1.84584 -0.04079
v 98.05602 -1.84188 -0.08870
v 98.05083 -1.84576 -0.19512
v 98.02429 -1.84290 -0.04047
v 97.94858 -1.95258 -0.21966
v 97.89133 -1.94482 -0.16900
v 97.88963 -1.94555 -0.11516
v 97.92357 -1.94676 -0.06459
v 97.97977 -1.94620 -0.04111
v 98.06026 -1.94780 -0.09086
v 98.05445 -1.95525 -0.19396
v 98.02336 -1.94508 -0.03906
v 97.95280 -2.05792 -0.22050
v 97.89397 -2.05464 -0.16835
v 97.89234 -2.05472 -0.11613
v 97.98232 -2.05376 -0.04179
v 98.06020 -2.05675 -0.08724
v 98.05573 -2.05740 -0.19616
v 98.02100 -2.06824 -0.03793
v 97.94718 -2.15973 -0.21652
v 97.89609 -2.15785 -0.16698
v 97.89487 -2.16051 -0.11762
v 97.92665 -2.16628 -0.06849
v 97.97849 -2.16127 -0.04171
v 98.06477 -2.16089 -0.08938
v 98.05350 -2.16073 -0.20004
v 98.01390 -2.17514 -0.04106
v 97.94505 -2.26256 -0.21330
v 97.89691 -2.26520 -0.16061
v 97.89632 -2.26605 -0.12453
v 97.92687 -2.26572 -0.07193
v 97.97948 -2.26663 -0.04128
v 98.01558 -2.26602 -0.04182
v 98.06846 -2.26294 -0.09002
v 98.05621 -2.26275 -0.19985
v 97.94409 -2.36830 -0.20770
v 97.89646 -2.36058 -0.16544
v 97.89700 -2.35843 -0.12457
v 97.92526 -2.36933 -0.08144
v 97.98297 -2.36963 -0.04131
v 98.01862 -2.36869 -0.04185
v 98.07114 -2.36772 -0.08924
v 98.05897 -2.36710 -0.20037
v 97.94585 -2.47259 -0.20636
v 97.98606 -2.47263 -0.04111
v 98.02199 -2.47389 -0.04186
v 98.07411 -2.47249 -0.08835
v 98.06240 -2.47056 -0.20033
v 97.89824 -2.47107 -0.16781
v 97.89656 -2.47297 -0.11689
v 97.92940 -2.57687 -0.08615
v 97.98993 -2.57562 -0.04094
v 97.94892 -2.57501 -0.20578
v 98.02589 -2.57656 -0.04125
v 98.07837 -2.57452 -0.08873
v 98.06596 -2.57085 -0.19996
v 97.89878 -2.57200 -0.15753
v 97.89777 -2.57312 -0.12658
v 97.95056 -2.67594 -0.20401
v 97.93247 -2.68106 -0.08632
v 97.98994 -2.67360 -0.04044
v 98.02818 -2.68232 -0.04113
v 98.08303 -2.67828 -0.08970
v 98.06631 -2.68223 -0.20164
v 97.90160 -2.64734 -0.15713
v 97.90087 -2.66507 -0.12953
v 98.11315 -2.71110 -0.13056
v 98.06469 -2.79038 -0.20451
v 97.94719 -2.78526 -0.19951
v 97.93333 -2.78032 -0.08977
v 97.98177 -2.78025 -0.04175
v 98.02920 -2.78117 -0.04067
v 98.08412 -2.78756 -0.08451
v 98.11562 -2.79101 -0.12516
v 98.11460 -2.79004 -0.15611
v 98.11239 -2.73072 -0.15607
v 98.06671 -2.89039 -0.20555
v 97.95071 -2.89352 -0.19783
v 97.93622 -2.88951 -0.09123
v 97.98421 -2.89249 -0.04159
v 98.03318 -2.89152 -0.04050
v 98.11763 -2.89521 -0.11633
v 98.11602 -2.89589 -0.16398
v 98.06868 -2.99021 -0.20733
v 97.95721 -2.99524 -0.20015
v 97.93852 -2.99963 -0.09486
v 97.98820 -3.00179 -0.04180
v 98.03950 -2.99892 -0.04030
v 98.09249 -2.98923 -0.08271
v 98.11621 -3.00252 -0.12485
v 98.11869 -2.99335 -0.16341
v 98.07063 -3.09624 -0.21012
v 97.96302 -3.09584 -0.20159
v 97.94054 -3.10034 -0.09860
v 97.99182 -3.09964 -0.04165
v 98.04490 -3.09743 -0.04003
v 98.09415 -3.09180 -0.07305
v 98.11823 -3.10070 -0.12551
v 98.11904 -3.11300 -0.16891
v 98.05880 -3.20719 -0.21636
v 97.96284 -3.19964 -0.19900
v 97.94455 -3.20085 -0.09874
v 97.98790 -3.19793 -0.04204
v 98.04138 -3.19958 -0.03914
v 98.09426 -3.20368 -0.06588
v 98.12095 -3.20625 -0.11679
v 98.11926 -3.21071 -0.17086
v 98.06302 -3.30967 -0.21609
v 97.96469 -3.30952 -0.19561
v 97.94871 -3.30477 -0.09997
v 97.99134 -3.30823 -0.04223
v 98.04402 -3.30838 -0.03758
v 98.12545 -3.31317 -0.11681
v 98.12011 -3.31598 -0.17434
v 98.06308 -3.41210 -0.21769
v 97.97161 -3.41640 -0.19607
v 97.95336 -3.41336 -0.09711
v 97.99518 -3.41793 -0.04116
v 98.04961 -3.41753 -0.03648
v 98.09706 -3.41122 -0.05786
v 98.12818 -3.41333 -0.11051
v 98.12150 -3.41424 -0.17770
v 98.06327 -3.51766 -0.21696
v 97.97476 -3.51523 -0.19382
v 97.95872 -3.52004 -0.09681
v 97.99921 -3.51360 -0.03935
v 98.05183 -3.51954 -0.03568
v 98.10149 -3.51670 -0.05666
v 98.13269 -3.51607 -0.10745
v 98.12623 -3.51632 -0.17751
v 98.05835 -3.62165 -0.21826
v 97.97521 -3.62012 -0.18871
v 97.96347 -3.62086 -0.09609
v 98.05142 -3.62224 -0.03526
v 98.10019 -3.61340 -0.05094
v 98.13494 -3.62187 -0.10157
v 98.12696 -3.62071 -0.18039
v 97.99431 -3.61855 -0.03667
v 98.05995 -3.72473 -0.21745
v 97.97977 -3.72663 -0.18676
v 97.96779 -3.72364 -0.09546
v 98.05670 -3.72637 -0.03422
v 98.14002 -3.72466 -0.09977
v 98.13116 -3.72378 -0.18081
v 97.99744 -3.73664 -0.04307
v 97.98313 -3.82777 -0.18351
v 97.97112 -3.83015 -0.09775
v 98.05949 -3.82997 -0.03395
v 98.11233 -3.74646 -0.03812
v 98.06119 -3.82703 -0.21588
v 98.14547 -3.82537 -0.09887
v 98.13539 -3.82645 -0.18125
v 98.00276 -3.82077 -0.04346
v 98.11405 -3.84268 -0.04188
v 98.05886 -3.93239 -0.21500
v 97.98530 -3.93110 -0.17950
v 97.97573 -3.93413 -0.09718
v 98.05637 -3.93174 -0.03251
v 98.11827 -3.93144 -0.04337
v 98.15112 -3.93429 -0.09681
v 98.13618 -3.93429 -0.18371
v 98.00412 -3.92787 -0.03582
v 98.05722 -4.04077 -0.21284
v 97.98981 -4.03552 -0.17630
v 97.98060 -4.03445 -0.09735
v 98.06165 -4.03626 -0.03091
v 98.12585 -4.04103 -0.04160
v 98.15734 -4.04369 -0.09747
v 98.14184 -4.04310 -0.18244
v 97.99365 -4.03394 -0.04742
v 98.05625 -4.14646 -0.20892
v 97.99119 -4.14151 -0.16980
v 97.98403 -4.14250 -0.10055
v 98.00921 -4.16148 -0.05403
v 98.05919 -4.14422 -0.02985
v 98.12752 -4.15188 -0.03733
v 98.16291 -4.14381 -0.09598
v 98.14410 -4.14457 -0.18393
v 97.99963 -4.14210 -0.04587
v 98.05561 -4.24801 -0.20693
v 97.99652 -4.25065 -0.16703
v 97.98940 -4.25379 -0.10091
v 98.01437 -4.25354 -0.05272
v 98.06181 -4.25198 -0.02787
v 98.12922 -4.24753 -0.03511
v 98.16852 -4.24393 -0.09447
v 98.14628 -4.24303 -0.18478
v 98.00515 -4.24059 -0.04457
v 98.05678 -4.35082 -0.20228
v 97.99787 -4.34173 -0.16162
v 97.99358 -4.35393 -0.10569
v 98.06540 -4.35177 -0.02696
v 98.13483 -4.34767 -0.03361
v 98.17517 -4.35299 -0.09533
v 98.15181 -4.35174 -0.18431
v 98.05624 -4.45331 -0.19923
v 98.00031 -4.44335 -0.16222
v 97.99859 -4.45256 -0.10891
v 98.01741 -4.46136 -0.06854
v 98.06735 -4.44991 -0.02606
v 98.13685 -4.46187 -0.03009
v 98.18051 -4.46157 -0.09713
v 98.15002 -4.46431 -0.18951
v 98.05332 -4.56329 -0.19382
v 98.01457 -4.56178 -0.09455
v 98.00116 -4.54850 -0.11090
v 98.06555 -4.56230 -0.02661
v 98.14154 -4.56698 -0.02922
v 98.18837 -4.56196 -0.10063
v 98.15266 -4.56306 -0.18969
v 98.00085 -4.56542 -0.15483
v 98.06108 -4.66893 -0.19278
v 98.01602 -4.66671 -0.09939
v 98.06833 -4.67046 -0.02665
v 98.14921 -4.66714 -0.02913
v 98.19548 -4.66547 -0.10231
v 98.15833 -4.66545 -0.18822
v 98.00090 -4.66282 -0.10609
v 98.00600 -4.65378 -0.15337
v 98.06498 -4.76797 -0.19068
v 98.07200 -4.76967 -0.02592
v 98.15199 -4.77230 -0.02651
v 98.20112 -4.76959 -0.10173
v 98.15885 -4.77299 -0.18946
v 98.00535 -4.76118 -0.11117
v 98.15935 -4.87474 -0.19014
v 98.06499 -4.87444 -0.18646
v 98.02572 -4.87478 -0.10115
v 98.07260 -4.87508 -0.02586
v 98.15239 -4.87434 -0.02335
v 98.20573 -4.87473 -0.09782
v 98.21729 -4.79780 -0.11045
v 98.22044 -4.87330 -0.10914
v 98.07098 -4.97958 -0.18481
v 98.03191 -4.97803 -0.09806
v 98.07840 -4.97913 -0.02449
v 98.15799 -4.97890 -0.02140
v 98.16611 -4.97652 -0.18819
v 98.20960 -4.97095 -0.09321
v 98.22129 -4.98387 -0.10739
v 98.03802 -5.08347 -0.09927
v 98.07983 -5.08086 -0.02508
v 98.17061 -5.08126 -0.18658
v 98.07545 -5.08051 -0.18272
v 98.16339 -5.08201 -0.02029
v 98.22393 -5.08797 -0.10707
v 98.21795 -5.09613 -0.04685
v 98.21867 -5.10703 -0.16408
v 98.16486 -5.18878 -0.18938
v 98.07488 -5.18298 -0.17755
v 98.04379 -5.18690 -0.09773
v 98.07909 -5.18578 -0.02664
v 98.16358 -5.18517 -0.01756
v 98.21279 -5.18012 -0.05224
v 98.22829 -5.19370 -0.10154
v 98.22302 -5.18454 -0.04542
v 98.22111 -5.20754 -0.16033
v 98.16700 -5.29621 -0.19040
v 98.08107 -5.29252 -0.17593
v 98.04953 -5.28700 -0.09619
v 98.08484 -5.28593 -0.02510
v 98.16488 -5.29381 -0.01408
v 98.23260 -5.29530 -0.09575
v 98.22146 -5.29723 -0.15864
v 98.22555 -5.30544 -0.03831
v 98.16803 -5.39874 -0.18905
v 98.08549 -5.39746 -0.17396
v 98.05558 -5.39629 -0.09745
v 98.08763 -5.39464 -0.02552
v 98.16811 -5.40293 -0.01309
v 98.23812 -5.39522 -0.09822
v 98.22655 -5.38987 -0.16074
v 98.22814 -5.40701 -0.03795
v 98.16206 -5.49839 -0.19057
v 98.08792 -5.49872 -0.17163
v 98.06174 -5.50569 -0.10254
v 98.08671 -5.50661 -0.03003
v 98.16213 -5.50278 -0.00869
v 98.22664 -5.50099 -0.03704
v 98.24349 -5.49608 -0.10238
v 98.22533 -5.49070 -0.16437
v 98.16738 -5.60406 -0.18932
v 98.09386 -5.60235 -0.17099
v 98.06687 -5.60534 -0.10509
v 98.09044 -5.60595 -0.03069
v 98.16526 -5.60229 -0.00710
v 98.23191 -5.60443 -0.03537
v 98.24958 -5.60534 -0.10473
v 98.22906 -5.60765 -0.16760
v 98.16103 -5.71374 -0.18760
v 98.09675 -5.70510 -0.16877
v 98.07204 -5.70535 -0.10366
v 98.09322 -5.70254 -0.03080
v 98.16601 -5.70697 -0.00575
v 98.23333 -5.71658 -0.02974
v 98.25501 -5.71508 -0.10323
v 98.23068 -5.72119 -0.16804
v 98.16115 -5.81834 -0.18629
v 98.09717 -5.81951 -0.16415
v 98.07686 -5.81454 -0.10215
v 98.09504 -5.81472 -0.03168
v 98.15904 -5.81671 -0.00414
v 98.23603 -5.81886 -0.02753
v 98.25955 -5.81565 -0.10188
v 98.23257 -5.81615 -0.16783
v 98.16483 -5.91951 -0.18479
v 98.10234 -5.91950 -0.16132
v 98.08202 -5.92434 -0.10184
v 98.09861 -5.92503 -0.03281
v 98.16406 -5.92312 -0.00284
v 98.24054 -5.91938 -0.02619
v 98.26397 -5.91924 -0.10255
v 98.23485 -5.91877 -0.16758
v 98.16284 -6.02452 -0.18183
v 98.10764 -6.01103 -0.16191
v 98.08628 -6.02435 -0.10205
v 98.10133 -6.02059 -0.03232
v 98.16421 -6.02510 -0.00287
v 98.24262 -6.02351 -0.02273
v 98.26804 -6.02393 -0.10160
v 98.23621 -6.02557 -0.16923
v 98.15794 -6.12762 -0.17917
v 98.08955 -6.12728 -0.09988
v 98.10121 -6.12877 -0.03365
v 98.15768 -6.12603 -0.00347
v 98.24211 -6.13081 -0.01924
v 98.27168 -6.12834 -0.09941
v 98.23467 -6.13151 -0.17027
v 98.10581 -6.12762 -0.16617
v 98.09310 -6.23278 -0.09917
v 98.10461 -6.23370 -0.03249
v 98.15936 -6.23383 -0.00228
v 98.24337 -6.23270 -0.01666
v 98.15961 -6.23235 -0.17809
v 98.27500 -6.23127 -0.09885
v 98.23712 -6.23031 -0.16939
v 98.10907 -6.22750 -0.16497
v 98.16069 -6.33290 -0.17670
v 98.09520 -6.33553 -0.09851
v 98.10523 -6.33444 -0.03373
v 98.16053 -6.33776 -0.00115
v 98.24656 -6.33522 -0.01628
v 98.27705 -6.33211 -0.09827
v 98.23927 -6.33097 -0.16828
v 98.11091 -6.30236 -0.16413
v 98.16129 -6.44177 -0.17537
v 98.09728 -6.43735 -0.10042
v 98.10365 -6.43568 -0.03686
v 98.16103 -6.43731 -0.00038
v 98.24975 -6.43549 -0.01664
v 98.27834 -6.44063 -0.10112
v 98.24081 -6.44056 -0.16746
v 98.16421 -6.55037 -0.17513
v 98.09773 -6.54579 -0.09683
v 98.10456 -6.54549 -0.03572
v 98.16211 -6.54693 0.00094
v 98.25110 -6.54609 -0.01544
v 98.27826 -6.55084 -0.09900
v 98.24021 -6.54986 -0.16798
v 98.16549 -6.65038 -0.17523
v 98.09756 -6.65300 -0.09698
v 98.10422 -6.65488 -0.03474
v 98.16155 -6.65644 0.00173
v 98.25029 -6.65670 -0.01451
v 98.27704 -6.65510 -0.10108
v 98.23886 -6.65011 -0.16781
v 98.12197 -6.66108 -0.15171
v 98.16680 -6.75132 -0.17539
v 98.09675 -6.75218 -0.09662
v 98.10331 -6.75546 -0.03452
v 98.16076 -6.75659 0.00263
v 98.25084 -6.75878 -0.01551
v 98.27547 -6.75467 -0.10433
v 98.23632 -6.75277 -0.16857
v 98.16484 -6.85854 -0.17521
v 98.11842 -6.85913 -0.15047
v 98.09343 -6.85968 -0.09921
v 98.10138 -6.85571 -0.03283
v 98.16013 -6.85673 0.00396
v 98.24872 -6.85962 -0.01562
v 98.27285 -6.85617 -0.10468
v 98.23373 -6.85362 -0.16778
v 98.10940 -6.87503 -0.15879
v 98.16540 -6.96911 -0.17459
v 98.11465 -6.96669 -0.14963
v 98.08975 -6.96743 -0.09898
v 98.09718 -6.96551 -0.03315
v 98.15554 -6.96216 0.00413
v 98.24743 -6.95925 -0.01751
v 98.26886 -6.95908 -0.10785
v 98.23079 -6.96182 -0.16696
v 98.10592 -6.97431 -0.15806
v 98.16576 -7.07094 -0.17339
v 98.08707 -7.06868 -0.10622
v 98.09516 -7.07282 -0.03018
v 98.16566 -7.06939 0.00810
v 98.24790 -7.06081 -0.02089
v 98.26416 -7.06634 -0.10806
v 98.23208 -7.07426 -0.16343
v 98.10062 -7.07337 -0.15744
v 98.16065 -7.17223 -0.17288
v 98.08074 -7.17131 -0.10695
v 98.09004 -7.17395 -0.02714
v 98.16135 -7.17552 0.00916
v 98.24184 -7.17230 -0.02191
v 98.25740 -7.17571 -0.10419
v 98.22657 -7.17725 -0.16119
v 98.10034 -7.17741 -0.16254
v 98.16474 -7.27698 -0.17233
v 98.07196 -7.27606 -0.10584
v 98.08601 -7.27855 -0.02237
v 98.16427 -7.27906 0.00960
v 98.23730 -7.28146 -0.02532
v 98.24833 -7.28139 -0.10573
v 98.22592 -7.26882 -0.16122
v 98.10099 -7.28149 -0.16107
v 98.16242 -7.37913 -0.17192
v 98.07981 -7.38242 -0.01737
v 98.16482 -7.38181 0.00845
v 98.23056 -7.38178 -0.02976
v 98.23904 -7.38155 -0.10244
v 98.09489 -7.38427 -0.16338
v 98.05979 -7.38080 -0.10554
v 98.21299 -7.40682 -0.14703
v 98.22379 -7.38622 -0.15571
v 98.16711 -7.48683 0.00447
v 98.22421 -7.48159 -0.03676
v 98.22993 -7.48369 -0.09600
v 98.15763 -7.48465 -0.17125
v 98.08797 -7.48781 -0.16535
v 98.04759 -7.48684 -0.10541
v 98.06958 -7.48631 -0.01527
v 98.21649 -7.45280 -0.15512
v 98.16987 -7.59102 -0.00600
v 98.22166 -7.57346 -0.08558
v 98.20351 -7.59830 -0.11315
v 98.14982 -7.58880 -0.17035
v 98.08080 -7.59211 -0.16807
v 98.03130 -7.58838 -0.10523
v 98.06185 -7.59065 -0.00916
v 98.22197 -7.57086 -0.03996
v 98.16102 -7.69460 -0.00972
v 98.19150 -7.69560 -0.10519
v 98.07048 -7.69769 -0.16961
v 98.05531 -7.69329 -0.00375
v 98.14270 -7.69098 -0.16791
v 97.99957 -7.71186 -0.08900
v 98.14876 -7.79700 -0.01572
v 98.17020 -7.79911 -0.10408
v 98.00222 -7.72493 -0.03848
v 98.06214 -7.80192 -0.17168
v 98.01314 -7.78590 -0.14464
v 97.98624 -7.80288 -0.09924
v 97.99328 -7.80935 -0.03116
v 98.05545 -7.79764 0.00682
v 98.13235 -7.79577 -0.16412
v 98.00001 -7.81643 -0.15570
v 98.05927 -7.90319 -0.17209
v 97.96416 -7.90183 -0.10602
v 97.97801 -7.90783 -0.02115
v 98.05842 -7.90324 0.01033
v 98.13432 -7.89780 -0.02303
v 98.14660 -7.90118 -0.10497
v 98.12356 -7.89215 -0.15977
v 97.99389 -7.91895 -0.16234
v 98.05145 -8.00628 -0.17156
v 97.97866 -8.01350 -0.16714
v 97.95966 -8.01038 -0.01357
v 98.06455 -8.01028 0.00017
v 98.12207 -7.98514 -0.03532
v 98.12572 -7.99584 -0.09537
v 98.11332 -7.97301 -0.15594
v 97.93398 -8.00687 -0.10605
v 98.03628 -8.10848 -0.16766
v 97.94977 -8.11045 -0.00135
v 98.05525 -8.11092 -0.01233
v 98.08360 -8.11390 -0.10525
v 98.11580 -8.06887 -0.08894
v 97.96265 -8.11514 -0.17189
v 97.91302 -8.09187 -0.12307
v 97.88702 -8.12709 -0.09577
v 97.90146 -8.04812 -0.08139
v 97.88998 -8.13804 -0.03615
v 97.95562 -8.21758 0.00861
v 98.03461 -8.21191 -0.02385
v 98.04755 -8.21601 -0.10632
v 98.02015 -8.20087 -0.16237
v 97.95379 -8.21659 -0.17363
v 97.85664 -8.21808 -0.10729
v 97.87183 -8.22321 -0.02171
v 97.89693 -8.15523 -0.15705
v 97.88467 -8.23912 -0.16550
v 97.95631 -8.32329 -0.00566
v 98.01512 -8.28972 -0.03699
v 98.02053 -8.29570 -0.09602
v 97.99075 -8.34031 -0.11365
v 97.94170 -8.31752 -0.17251
v 97.86347 -8.32918 -0.17156
v 97.84932 -8.32264 -0.00842
v 97.93469 -8.41994 -0.01978
v 97.95236 -8.42783 -0.10495
v 97.85017 -8.42616 -0.17646
v 97.78641 -8.35066 -0.09115
v 97.84863 -8.42600 0.00613
v 97.92240 -8.40916 -0.16687
v 97.79092 -8.36075 -0.03334
v 97.75136 -8.42740 -0.10145
v 97.76890 -8.43577 -0.01973
v 97.91612 -8.50594 -0.09151
v 97.79923 -8.38668 -0.15121
v 97.77899 -8.44701 -0.16589
v 97.84820 -8.52835 -0.00648
v 97.83803 -8.52373 -0.17331
v 97.91195 -8.49864 -0.03088
v 97.90803 -8.48240 -0.15924
v 97.74986 -8.53448 -0.17355
v 97.70996 -8.49879 -0.10523
v 97.74274 -8.53160 -0.00494
v 97.67003 -8.54816 -0.09656
v 97.74878 -8.63664 0.00000
v 97.82377 -8.61778 -0.02512
v 97.83543 -8.62969 -0.09748
v 97.81858 -8.60573 -0.16038
v 97.74611 -8.63280 -0.17671
v 97.68508 -8.56952 -0.16005
v 97.67391 -8.56175 -0.03106
v 97.65330 -8.64364 -0.17040
v 97.61735 -8.62078 -0.10064
v 97.64720 -8.64025 -0.01323
v 97.72704 -8.72788 -0.01906
v 97.75104 -8.74195 -0.09950
v 97.79916 -8.69325 -0.04791
v 97.80488 -8.69396 -0.09846
v 97.64186 -8.73945 0.00108
v 97.72136 -8.72199 -0.16764
v 97.64075 -8.73829 -0.18029
v 97.57187 -8.66995 -0.09544
v 97.57934 -8.68216 -0.03605
v 97.54908 -8.75615 -0.17139
v 97.52278 -8.72702 -0.10138
v 97.54814 -8.74918 -0.01723
v 97.62890 -8.83503 -0.02000
v 97.65068 -8.85361 -0.10253
v 97.62465 -8.82598 -0.17107
v 97.70423 -8.80594 -0.08995
v 97.58594 -8.68286 -0.16419
v 97.70282 -8.79665 -0.03124
v 97.53723 -8.84501 -0.18408
v 97.53517 -8.84394 -0.00199
v 97.46828 -8.77596 -0.09610
v 97.60176 -8.90900 -0.09399
v 97.43892 -8.85588 -0.17393
v 97.41802 -8.82298 -0.10389
v 97.43899 -8.85204 -0.01905
v 97.52440 -8.93344 -0.02381
v 97.54015 -8.95616 -0.10292
v 97.52075 -8.92846 -0.17127
v 97.47361 -8.78747 -0.03317
v 97.59058 -8.91010 -0.03430
v 97.43114 -8.94983 -0.00694
v 97.43168 -8.94855 -0.18609
v 97.34750 -8.87386 -0.10090
v 97.36414 -8.88355 -0.03423
v 97.43144 -9.04055 -0.10317
v 97.49965 -9.00219 -0.09235
v 97.32989 -8.95094 -0.18215
v 97.32828 -8.94856 -0.01665
v 97.41770 -9.02400 -0.03208
v 97.41029 -9.02178 -0.17043
v 97.36021 -8.88239 -0.16148
v 97.32620 -9.04998 -0.01796
v 97.32310 -9.04918 -0.18263
v 97.22965 -8.97959 -0.17055
v 97.22469 -8.95378 -0.10213
v 97.23715 -8.97554 -0.03101
v 97.35157 -9.08834 -0.10606
v 97.22275 -9.05080 -0.19271
v 97.22196 -9.05365 -0.01078
v 97.30561 -9.12061 -0.09595
v 97.29107 -9.11167 -0.15955
v 97.28677 -9.11243 -0.03651
v 97.21280 -9.13258 -0.02878
v 97.22434 -9.15905 -0.09742
v 97.21718 -9.13268 -0.17262
v 97.12143 -9.05349 -0.18262
v 97.10331 -9.01608 -0.09226
v 97.14652 -8.99067 -0.10099
v 97.12148 -9.05896 -0.02060
v 97.15998 -8.99095 -0.16015
v 97.15396 -8.99524 -0.04281
v 97.11751 -9.14977 -0.02076
v 97.11634 -9.15523 -0.18562
v 97.01915 -9.07483 -0.17688
v 97.01538 -9.04757 -0.09855
v 97.02064 -9.08007 -0.03055
v 97.01608 -9.15773 -0.01800
v 97.09131 -9.21879 -0.10422
v 97.01516 -9.15632 -0.19804
v 97.01508 -9.23907 -0.10162
v 97.00467 -9.22232 -0.17335
v 97.07976 -9.21374 -0.16705
v 96.91205 -9.07868 -0.09930
v 96.92936 -9.09852 -0.03763
v 96.99128 -9.22157 -0.03837
v 96.90912 -9.15434 -0.19971
v 96.91649 -9.09251 -0.17014
v 96.90978 -9.15621 -0.02060
v 96.90430 -9.23250 -0.03408
v 96.91078 -9.26565 -0.10233
v 96.90702 -9.23894 -0.18143
v 96.80570 -9.15293 -0.19564
v 96.81646 -9.09551 -0.10874
v 96.78868 -9.11072 -0.08511
v 96.80847 -9.15893 -0.02708
v 96.80393 -9.23800 -0.02952
v 96.80564 -9.28227 -0.09736
v 96.80332 -9.24986 -0.18808
v 96.80081 -9.09923 -0.16319
v 96.70005 -9.15574 -0.19412
v 96.70723 -9.17380 -0.02734
v 96.69861 -9.24480 -0.03026
v 96.70025 -9.29281 -0.09513
v 96.70334 -9.26012 -0.18916
v 96.73188 -9.10305 -0.15400
v 96.69770 -9.09993 -0.11193
v 96.59678 -9.15666 -0.19386
v 96.59686 -9.17544 -0.03029
v 96.59317 -9.24276 -0.03175
v 96.59206 -9.29566 -0.09710
v 96.59820 -9.26285 -0.19220
v 96.59062 -9.10280 -0.11748
v 96.49603 -9.15097 -0.19650
v 96.48983 -9.17316 -0.03291
v 96.48532 -9.24019 -0.03570
v 96.48642 -9.28978 -0.09963
v 96.49147 -9.25748 -0.19525
v 96.47898 -9.09981 -0.11825
v 96.38625 -9.16638 -0.03474
v 96.39055 -9.22634 -0.03635
v 96.38419 -9.27200 -0.09561
v 96.38631 -9.25080 -0.19410
v 96.45941 -9.10063 -0.16641
v 96.39125 -9.15157 -0.20879
v 96.37881 -9.09618 -0.16912
v 96.38573 -9.09220 -0.10995
v 96.28277 -9.15818 -0.03624
v 96.29490 -9.21625 -0.04035
v 96.28448 -9.25084 -0.09861
v 96.28378 -9.23765 -0.18983
v 96.28415 -9.15606 -0.22028
v 96.28005 -9.08100 -0.18508
v 96.28150 -9.07208 -0.10084
v 96.18215 -9.14539 -0.03892
v 96.18802 -9.22807 -0.10824
v 96.18809 -9.22331 -0.17315
v 96.17777 -9.16121 -0.21588
v 96.25525 -9.09619 -0.04051
v 96.17528 -9.05631 -0.19837
v 96.17982 -9.03922 -0.09821
v 96.16379 -9.08518 -0.04088
v 96.07145 -9.16603 -0.08954
v 96.07682 -9.15575 -0.19661
v 96.12394 -9.21811 -0.11623
v 96.12667 -9.21902 -0.15719
v 96.07756 -9.05008 -0.22105
v 96.07145 -9.06550 -0.04117
v 96.09557 -9.12594 -0.04081
v 96.05803 -8.97644 -0.18342
v 96.06755 -8.97650 -0.11013
v 95.98052 -9.12948 -0.10641
v 95.98447 -9.12769 -0.18068
v 96.13596 -8.99498 -0.13059
v 95.96724 -9.05717 -0.22138
v 95.98173 -9.03820 -0.04217
v 95.97175 -8.94544 -0.20419
v 95.97650 -8.93859 -0.08442
v 96.02624 -8.98997 -0.04711
v 95.94598 -8.98016 -0.04269
v 95.87042 -9.04796 -0.09902
v 95.87346 -9.04185 -0.19555
v 95.89733 -9.01626 -0.04518
v 95.86687 -8.95017 -0.23308
v 95.93620 -8.88272 -0.17555
v 95.93640 -8.88130 -0.11380
v 95.87343 -8.95351 -0.04140
v 95.86443 -8.84636 -0.20074
v 95.86696 -8.84372 -0.09215
v 95.76200 -8.94901 -0.09692
v 95.76708 -8.94402 -0.20435
v 95.80347 -9.01342 -0.12286
v 95.80635 -9.01166 -0.17687
v 95.84212 -8.87874 -0.04261
v 95.79149 -8.92448 -0.04482
v 95.76418 -8.84372 -0.23603
v 95.76516 -8.84084 -0.04162
v 95.76072 -8.74073 -0.20860
v 95.82675 -8.77697 -0.17575
v 95.82761 -8.77644 -0.12120
v 95.76406 -8.73794 -0.09147
v 95.65917 -8.84120 -0.10022
v 95.66089 -8.83625 -0.20229
v 95.69523 -8.90906 -0.12422
v 95.69692 -8.90735 -0.18015
v 95.73572 -8.76995 -0.04534
v 95.70053 -8.81075 -0.04450
v 95.65412 -8.74118 -0.23696
v 95.66090 -8.73377 -0.04453
v 95.66189 -8.63082 -0.22336
v 95.72895 -8.65967 -0.18468
v 95.72825 -8.65694 -0.11856
v 95.57236 -8.73231 -0.10442
v 95.57055 -8.73306 -0.19003
v 95.59013 -8.79442 -0.12257
v 95.59267 -8.79656 -0.17345
v 95.54422 -8.63952 -0.08311
v 95.54486 -8.63973 -0.21941
v 95.62897 -8.65586 -0.04544
v 95.64085 -8.53551 -0.19990
v 95.64146 -8.53535 -0.10864
v 95.58973 -8.61774 -0.04663
v 95.55388 -8.52943 -0.06315
v 95.48405 -8.60587 -0.12110
v 95.48550 -8.60923 -0.18107
v 95.58978 -8.59591 -0.25789
v 95.56231 -8.55228 -0.04763
v 95.46218 -8.52611 -0.10197
v 95.45914 -8.52672 -0.20081
v 95.54165 -8.52578 -0.25876
v 95.56266 -8.42317 -0.22080
v 95.61419 -8.45353 -0.18373
v 95.61589 -8.45219 -0.13146
v 95.56018 -8.42319 -0.08886
v 95.44138 -8.42727 -0.08630
v 95.51613 -8.43133 -0.25949
v 95.54030 -8.32303 -0.20758
v 95.54171 -8.32556 -0.10763
v 95.38796 -8.40418 -0.17615
v 95.47876 -8.40525 -0.26101
v 95.44656 -8.32160 -0.06781
v 95.38807 -8.39702 -0.13033
v 95.45335 -8.31253 -0.26151
v 95.50197 -8.36248 -0.25960
v 95.36897 -8.31814 -0.11508
v 95.36762 -8.31951 -0.19655
v 95.45365 -8.21544 -0.24381
v 95.51934 -8.22038 -0.18649
v 95.51716 -8.22662 -0.11763
v 95.45239 -8.21519 -0.07357
v 95.34946 -8.21584 -0.10492
v 95.34621 -8.21443 -0.21139
v 95.42713 -8.21639 -0.26363
v 95.38698 -8.21319 -0.25995
v 95.45224 -8.11276 -0.09154
v 95.33567 -8.11306 -0.09577
v 95.50566 -8.13803 -0.17228
v 95.50819 -8.14832 -0.12624
v 95.33111 -8.11218 -0.22256
v 95.41722 -8.11277 -0.26428
v 95.37384 -8.10916 -0.26350
v 95.44947 -8.00964 -0.20819
v 95.44261 -8.00947 -0.10307
v 95.33977 -8.00940 -0.07902
v 95.28682 -8.08271 -0.13823
v 95.28571 -8.08533 -0.17835
v 95.36110 -8.00176 -0.26365
v 95.27806 -8.00041 -0.13094
v 95.27760 -8.00345 -0.19267
v 95.41194 -8.01674 -0.26147
v 95.43445 -7.90495 -0.20482
v 95.42790 -7.90446 -0.10994
v 95.34299 -7.90421 -0.07470
v 95.34924 -7.90042 -0.26256
v 95.33866 -7.90496 -0.25077
v 95.26781 -7.90138 -0.11924
v 95.26538 -7.90408 -0.20146
v 95.40175 -7.92432 -0.25993
v 95.42206 -7.80379 -0.20114
v 95.41769 -7.80205 -0.11901
v 95.33988 -7.79676 -0.26283
v 95.34381 -7.80133 -0.07634
v 95.25983 -7.79743 -0.10968
v 95.25236 -7.80337 -0.20416
v 95.28149 -7.80458 -0.25839
v 95.32848 -7.69976 -0.26392
v 95.37147 -7.69043 -0.24531
v 95.41273 -7.69777 -0.19681
v 95.40985 -7.70338 -0.12655
v 95.34435 -7.69465 -0.08054
v 95.25265 -7.69625 -0.10668
v 95.24021 -7.69584 -0.20702
v 95.28017 -7.68455 -0.26148
v 95.31901 -7.59317 -0.26626
v 95.40587 -7.59086 -0.18658
v 95.40366 -7.60047 -0.13642
v 95.35316 -7.58730 -0.09046
v 95.24811 -7.59271 -0.10471
v 95.22921 -7.58566 -0.20749
v 95.27547 -7.58876 -0.26235
v 95.32437 -7.48550 -0.26581
v 95.37564 -7.48640 -0.22826
v 95.40143 -7.49502 -0.18235
v 95.40054 -7.49546 -0.13998
v 95.35017 -7.48445 -0.09781
v 95.24073 -7.48814 -0.10595
v 95.22148 -7.48120 -0.20981
v 95.27522 -7.47551 -0.26615
v 95.32449 -7.37632 -0.26625
v 95.34883 -7.38733 -0.10265
v 95.23715 -7.38006 -0.10584
v 95.21601 -7.37940 -0.21154
v 95.27172 -7.37930 -0.26770
v 95.40105 -7.38045 -0.18987
v 95.40026 -7.38649 -0.14724
v 95.32152 -7.27740 -0.26777
v 95.37643 -7.27381 -0.21240
v 95.35134 -7.27797 -0.10624
v 95.24196 -7.27411 -0.10339
v 95.21067 -7.27786 -0.21067
v 95.26557 -7.27549 -0.26769
v 95.39934 -7.27217 -0.17890
v 95.39693 -7.28803 -0.14891
v 95.31946 -7.17463 -0.26934
v 95.34821 -7.16898 -0.10614
v 95.23815 -7.16948 -0.10660
v 95.20702 -7.17460 -0.20979
v 95.25961 -7.17166 -0.26770
v 95.39752 -7.16645 -0.18182
v 95.31960 -7.06895 -0.27126
v 95.37595 -7.06807 -0.20903
v 95.34714 -7.06785 -0.10649
v 95.23828 -7.06831 -0.10833
v 95.20609 -7.06844 -0.20897
v 95.25852 -7.06826 -0.26899
v 95.39765 -7.06768 -0.18351
v 95.34723 -6.96383 -0.10738
v 95.23969 -6.96403 -0.11018
v 95.20750 -6.96305 -0.21150
v 95.32173 -6.96523 -0.27279
v 95.25967 -6.96452 -0.27082
v 95.39822 -6.96528 -0.17688
v 95.34527 -6.85747 -0.10709
v 95.24095 -6.86157 -0.11130
v 95.21037 -6.85856 -0.20814
v 95.32950 -6.86243 -0.27236
v 95.38200 -6.86340 -0.21001
v 95.26284 -6.86378 -0.27254
v 95.40000 -6.86980 -0.18682
v 95.24277 -6.75571 -0.11278
v 95.33251 -6.75374 -0.27368
v 95.34520 -6.75751 -0.10704
v 95.21432 -6.75579 -0.20771
v 95.26734 -6.75882 -0.27474
v 95.40184 -6.74435 -0.18815
v 95.39699 -6.74286 -0.13879
v 95.33310 -6.64575 -0.27614
v 95.38476 -6.65408 -0.23919
v 95.40228 -6.64447 -0.19175
v 95.35243 -6.65329 -0.10948
v 95.24898 -6.65220 -0.11400
v 95.21898 -6.65513 -0.20696
v 95.26125 -6.64583 -0.27143
v 95.40209 -6.65546 -0.14021
v 95.33936 -6.54748 -0.27778
v 95.40738 -6.54568 -0.19721
v 95.40124 -6.53683 -0.14221
v 95.34953 -6.54670 -0.10478
v 95.25577 -6.55188 -0.11471
v 95.22328 -6.54991 -0.20504
v 95.26575 -6.54122 -0.27109
v 95.34357 -6.44258 -0.27984
v 95.39188 -6.44938 -0.25228
v 95.41418 -6.44093 -0.20561
v 95.40543 -6.43963 -0.14068
v 95.34352 -6.44113 -0.10226
v 95.25820 -6.44314 -0.12039
v 95.23098 -6.44041 -0.20316
v 95.27101 -6.44405 -0.27186
v 95.40178 -6.43880 -0.26048
v 95.39591 -6.50933 -0.25886
v 95.34454 -6.33834 -0.28279
v 95.42093 -6.33405 -0.20927
v 95.41128 -6.33471 -0.13803
v 95.34622 -6.33608 -0.10249
v 95.26406 -6.33515 -0.12378
v 95.24026 -6.33317 -0.20607
v 95.27387 -6.33923 -0.27002
v 95.40686 -6.31797 -0.26715
v 95.34162 -6.22993 -0.28479
v 95.43070 -6.23103 -0.20756
v 95.41429 -6.22972 -0.13047
v 95.34484 -6.23444 -0.10264
v 95.26953 -6.23037 -0.12985
v 95.24990 -6.23177 -0.20612
v 95.27650 -6.24273 -0.26881
v 95.40700 -6.22190 -0.26915
v 95.34320 -6.12566 -0.28584
v 95.41419 -6.12172 -0.27022
v 95.44243 -6.13032 -0.20403
v 95.41933 -6.12410 -0.12695
v 95.34273 -6.13020 -0.10463
v 95.27508 -6.13218 -0.13578
v 95.26043 -6.13121 -0.20778
v 95.28105 -6.13957 -0.26665
v 95.34370 -6.02257 -0.28636
v 95.42170 -6.02370 -0.27320
v 95.45501 -6.02425 -0.20222
v 95.42613 -6.02039 -0.12510
v 95.34150 -6.02445 -0.10860
v 95.28161 -6.03405 -0.14192
v 95.27139 -6.02844 -0.20978
v 95.28075 -6.02635 -0.26372
v 95.34595 -5.91819 -0.28647
v 95.43307 -5.91922 -0.12337
v 95.33916 -5.91718 -0.11647
v 95.28717 -5.93880 -0.14618
v 95.28142 -5.92060 -0.20109
v 95.29880 -5.90179 -0.23081
v 95.42632 -5.92060 -0.27932
v 95.46815 -5.92125 -0.20388
v 95.28980 -5.93406 -0.26267
v 95.43601 -5.81544 -0.11992
v 95.34569 -5.81218 -0.11904
v 95.28675 -5.81909 -0.20192
v 95.34853 -5.81595 -0.28359
v 95.43668 -5.81326 -0.28214
v 95.48149 -5.81689 -0.20571
v 95.44538 -5.70962 -0.12046
v 95.35473 -5.71233 -0.12179
v 95.31195 -5.70971 -0.20169
v 95.35513 -5.71283 -0.28188
v 95.44368 -5.70809 -0.28673
v 95.49217 -5.71811 -0.20439
v 95.50574 -5.68815 -0.20229
v 95.50239 -5.76595 -0.20490
v 95.36315 -5.60926 -0.12644
v 95.32693 -5.60599 -0.20218
v 95.36268 -5.60835 -0.28003
v 95.44865 -5.60542 -0.29033
v 95.49767 -5.63515 -0.22862
v 95.51251 -5.60468 -0.20404
v 95.45222 -5.60600 -0.11927
v 95.37164 -5.50516 -0.13171
v 95.34242 -5.50040 -0.20317
v 95.50854 -5.58430 -0.26584
v 95.50426 -5.57756 -0.14293
v 95.44901 -5.50287 -0.29505
v 95.51279 -5.49203 -0.27018
v 95.52747 -5.50142 -0.20829
v 95.51008 -5.49446 -0.14216
v 95.45012 -5.50204 -0.11524
v 95.37214 -5.50464 -0.27870
v 95.44725 -5.39735 -0.29791
v 95.51921 -5.38930 -0.27800
v 95.54433 -5.39417 -0.20631
v 95.51941 -5.39358 -0.13801
v 95.44677 -5.39766 -0.11542
v 95.38247 -5.40400 -0.13680
v 95.35861 -5.39849 -0.20352
v 95.37967 -5.40119 -0.27299
v 95.44517 -5.29290 -0.29617
v 95.52795 -5.28776 -0.28438
v 95.56069 -5.29057 -0.20829
v 95.52766 -5.28983 -0.13273
v 95.44486 -5.29289 -0.12032
v 95.38973 -5.31470 -0.14281
v 95.37524 -5.29605 -0.20690
v 95.38808 -5.30230 -0.26931
v 95.44762 -5.18922 -0.29343
v 95.54050 -5.18650 -0.28651
v 95.57824 -5.18765 -0.20377
v 95.53531 -5.18510 -0.12827
v 95.44863 -5.19048 -0.12554
v 95.40163 -5.16614 -0.20278
v 95.38681 -5.20392 -0.20613
v 95.39415 -5.22599 -0.27376
v 95.55317 -5.08421 -0.28924
v 95.59287 -5.08897 -0.19468
v 95.54211 -5.08026 -0.12522
v 95.45992 -5.08824 -0.12838
v 95.41319 -5.08005 -0.20536
v 95.45480 -5.08314 -0.29008
v 95.39245 -5.12020 -0.21753
v 95.60870 -5.06761 -0.20844
v 95.55559 -4.98199 -0.29664
v 95.55125 -4.97584 -0.12475
v 95.47005 -4.98555 -0.13283
v 95.43059 -4.98089 -0.20809
v 95.46325 -4.97891 -0.28642
v 95.61813 -4.97750 -0.20705
v 95.61250 -4.96112 -0.26612
v 95.60968 -4.97557 -0.14874
v 95.55318 -4.87351 -0.12337
v 95.47884 -4.88168 -0.13999
v 95.45146 -4.87370 -0.20652
v 95.47537 -4.87496 -0.28261
v 95.55317 -4.87675 -0.30449
v 95.62037 -4.86671 -0.27508
v 95.63574 -4.87295 -0.19958
v 95.61672 -4.86938 -0.14341
v 95.55199 -4.76981 -0.12459
v 95.48985 -4.78270 -0.14422
v 95.47176 -4.76888 -0.20406
v 95.48612 -4.77067 -0.27520
v 95.55187 -4.77001 -0.30561
v 95.63212 -4.76613 -0.28286
v 95.65602 -4.76986 -0.20271
v 95.62532 -4.76903 -0.13870
v 95.55679 -4.66645 -0.12727
v 95.48876 -4.67023 -0.20975
v 95.49267 -4.67932 -0.26518
v 95.54797 -4.66494 -0.29886
v 95.50045 -4.72671 -0.15388
v 95.64536 -4.66496 -0.28839
v 95.67727 -4.66638 -0.20546
v 95.63395 -4.66484 -0.13403
v 95.49770 -4.69331 -0.14563
v 95.56753 -4.56513 -0.13026
v 95.51673 -4.55897 -0.19654
v 95.55314 -4.56211 -0.29232
v 95.65704 -4.56074 -0.29482
v 95.69511 -4.56526 -0.19792
v 95.64230 -4.55918 -0.13026
v 95.49585 -4.58886 -0.21816
v 95.53652 -4.45734 -0.19940
v 95.71448 -4.53253 -0.21370
v 95.66044 -4.45765 -0.30282
v 95.72324 -4.45190 -0.20985
v 95.65638 -4.45425 -0.13055
v 95.57911 -4.46344 -0.13417
v 95.56400 -4.45829 -0.28778
v 95.71731 -4.43623 -0.27162
v 95.65757 -4.35206 -0.31034
v 95.72738 -4.34838 -0.28061
v 95.74290 -4.35259 -0.20445
v 95.65870 -4.35246 -0.12863
v 95.58882 -4.36019 -0.14048
v 95.55877 -4.35531 -0.20034
v 95.57643 -4.35494 -0.28094
v 95.70918 -4.41096 -0.13988
v 95.71858 -4.33717 -0.14355
v 95.65494 -4.24741 -0.30901
v 95.73977 -4.24698 -0.28969
v 95.76648 -4.24940 -0.20588
v 95.72913 -4.24306 -0.14019
v 95.65716 -4.25005 -0.12949
v 95.58019 -4.25001 -0.20384
v 95.59136 -4.25291 -0.27437
v 95.59302 -4.25786 -0.14770
v 95.60839 -4.21883 -0.15828
v 95.65228 -4.14337 -0.29958
v 95.75433 -4.14226 -0.29524
v 95.74100 -4.14049 -0.13590
v 95.66470 -4.14625 -0.13266
v 95.59581 -4.15765 -0.21749
v 95.59996 -4.17265 -0.26747
v 95.78972 -4.14432 -0.20581
v 95.75619 -4.03767 -0.13434
v 95.67756 -4.04198 -0.13615
v 95.63066 -4.04031 -0.20175
v 95.66200 -4.04083 -0.29282
v 95.60370 -4.08165 -0.21794
v 95.76406 -4.03697 -0.30278
v 95.80482 -4.05496 -0.19297
v 95.82256 -4.02537 -0.21650
v 95.81580 -4.09936 -0.22451
v 95.76073 -3.93485 -0.13160
v 95.68867 -3.93975 -0.14187
v 95.65454 -3.93410 -0.20336
v 95.67745 -3.93695 -0.28800
v 95.81743 -4.01590 -0.27207
v 95.76299 -3.93479 -0.31140
v 95.82874 -3.92693 -0.28002
v 95.84041 -3.93350 -0.20856
v 95.80632 -3.95315 -0.15263
v 95.75935 -3.83007 -0.13196
v 95.69934 -3.85671 -0.14647
v 95.68059 -3.82907 -0.20277
v 95.69167 -3.83507 -0.27946
v 95.81910 -3.91211 -0.14822
v 95.76015 -3.83024 -0.31309
v 95.84245 -3.82576 -0.28982
v 95.86443 -3.82821 -0.20441
v 95.82979 -3.82418 -0.14255
v 95.71868 -3.70567 -0.18700
v 95.69786 -3.73887 -0.21514
v 95.70225 -3.74684 -0.27022
v 95.75616 -3.72606 -0.30286
v 95.85661 -3.72289 -0.29667
v 95.88909 -3.72617 -0.20331
v 95.84186 -3.72166 -0.13655
v 95.76904 -3.72868 -0.13316
v 95.70772 -3.76012 -0.15247
v 95.86844 -3.61982 -0.30315
v 95.90632 -3.63803 -0.19368
v 95.85650 -3.61800 -0.13363
v 95.78352 -3.62371 -0.13657
v 95.73338 -3.62179 -0.20167
v 95.76604 -3.62493 -0.29565
v 95.70691 -3.65873 -0.21889
v 95.92618 -3.60626 -0.21597
v 95.92414 -3.60060 -0.26781
v 95.86749 -3.51635 -0.31331
v 95.86479 -3.51503 -0.13196
v 95.79667 -3.52302 -0.14124
v 95.76007 -3.51713 -0.20190
v 95.78161 -3.52104 -0.28892
v 95.93388 -3.51035 -0.28073
v 95.94554 -3.51489 -0.20744
v 95.92413 -3.50199 -0.14781
v 95.86507 -3.41124 -0.31261
v 95.86423 -3.41297 -0.13221
v 95.78689 -3.41199 -0.20352
v 95.79765 -3.42047 -0.27950
v 95.80899 -3.44576 -0.14460
v 95.95015 -3.40956 -0.29002
v 95.97178 -3.41026 -0.20212
v 95.93416 -3.40809 -0.14044
v 95.81658 -3.37731 -0.16102
v 95.87638 -3.30918 -0.13425
v 95.82491 -3.29704 -0.18927
v 95.80456 -3.32719 -0.21645
v 95.80815 -3.34049 -0.26914
v 95.86195 -3.30657 -0.30075
v 95.96434 -3.30692 -0.29750
v 95.99969 -3.30937 -0.20604
v 95.95213 -3.30471 -0.13720
v 95.88928 -3.20580 -0.13812
v 95.84362 -3.20480 -0.20317
v 95.87546 -3.20584 -0.29373
v 95.97455 -3.20400 -0.30486
v 96.03640 -3.19215 -0.21257
v 95.96444 -3.20174 -0.13293
v 96.02702 -3.26630 -0.22163
v 96.03061 -3.17648 -0.27605
v 95.90282 -3.10866 -0.14360
v 95.87491 -3.09672 -0.20281
v 95.89127 -3.10310 -0.28358
v 95.97042 -3.09900 -0.31294
v 96.04294 -3.09175 -0.28536
v 96.06100 -3.09891 -0.20701
v 96.03366 -3.08420 -0.14444
v 95.97024 -3.10047 -0.13073
v 95.90111 -2.99744 -0.20781
v 95.90697 -3.00806 -0.27276
v 95.96644 -2.99334 -0.30626
v 96.06011 -2.99233 -0.29248
v 96.09003 -2.99692 -0.20559
v 96.04964 -2.98889 -0.13856
v 95.97290 -2.99795 -0.13109
v 95.91024 -3.00897 -0.15118
v 96.07555 -2.88988 -0.29843
v 96.06441 -2.88733 -0.13253
v 95.98531 -2.89411 -0.13402
v 95.93749 -2.88768 -0.19771
v 95.97122 -2.89163 -0.29388
v 95.91233 -2.92289 -0.21889
v 95.91581 -2.93321 -0.26696
v 96.11493 -2.90686 -0.20073
v 96.13595 -2.86318 -0.21441
v 96.07679 -2.78727 -0.30798
v 96.07559 -2.78532 -0.12883
v 96.00212 -2.79468 -0.13756
v 95.96544 -2.78622 -0.20160
v 95.98920 -2.78931 -0.28536
v 96.13083 -2.84905 -0.26890
v 96.14203 -2.77487 -0.27767
v 96.15430 -2.78493 -0.20303
v 96.12261 -2.83525 -0.16161
v 96.13661 -2.75506 -0.14460
v 96.07504 -2.68298 -0.12718
v 95.99629 -2.68408 -0.20097
v 96.00599 -2.69310 -0.27372
v 96.07252 -2.68102 -0.30591
v 96.01271 -2.70474 -0.14335
v 96.16020 -2.67657 -0.28616
v 96.18671 -2.68181 -0.20388
v 96.14982 -2.67100 -0.13614
v 96.08664 -2.57983 -0.12872
v 96.03800 -2.56282 -0.19701
v 96.01436 -2.60735 -0.21196
v 96.07529 -2.58052 -0.29442
v 96.01713 -2.61967 -0.26101
v 96.17723 -2.57355 -0.29277
v 96.21544 -2.58394 -0.20010
v 96.17000 -2.57248 -0.13076
v 96.09998 -2.47682 -0.13586
v 96.06438 -2.46994 -0.20632
v 96.09334 -2.47751 -0.28684
v 96.23760 -2.54397 -0.20993
v 96.18293 -2.47344 -0.30118
v 96.25435 -2.47150 -0.20252
v 96.22603 -2.51200 -0.15987
v 96.17924 -2.47068 -0.12413
v 96.23315 -2.53932 -0.26785
v 96.24434 -2.45871 -0.27058
v 96.09674 -2.36746 -0.20726
v 96.24249 -2.45125 -0.14332
v 96.17735 -2.36606 -0.30174
v 96.26094 -2.36330 -0.28109
v 96.28894 -2.36607 -0.20094
v 96.25392 -2.36177 -0.13302
v 96.17708 -2.36721 -0.12181
v 96.11530 -2.38254 -0.14353
v 96.11142 -2.38268 -0.27783
v 96.18273 -2.26498 -0.29144
v 96.27859 -2.26161 -0.28912
v 96.27677 -2.26137 -0.12784
v 96.18321 -2.26617 -0.12636
v 96.14042 -2.24489 -0.20629
v 96.11861 -2.28980 -0.20494
v 96.11818 -2.30266 -0.26328
v 96.32044 -2.26916 -0.20790
v 96.28507 -2.16009 -0.29540
v 96.34211 -2.23299 -0.20507
v 96.28600 -2.15915 -0.11812
v 96.20357 -2.16375 -0.12949
v 96.16670 -2.15763 -0.20427
v 96.20031 -2.16265 -0.28234
v 96.36047 -2.15805 -0.20591
v 96.35019 -2.14119 -0.26951
v 96.33757 -2.22476 -0.26036
v 96.34690 -2.14299 -0.14162
v 96.28154 -2.05302 -0.11468
v 96.21799 -2.06769 -0.13919
v 96.20335 -2.05380 -0.20347
v 96.21673 -2.06711 -0.26775
v 96.28137 -2.05511 -0.29322
v 96.36293 -2.04979 -0.27902
v 96.39704 -2.05318 -0.20596
v 96.36456 -2.04938 -0.12888
v 96.28888 -1.95127 -0.11972
v 96.24581 -1.93867 -0.20152
v 96.22315 -1.97874 -0.20106
v 96.28868 -1.95519 -0.28279
v 96.38200 -1.94684 -0.28320
v 96.42689 -1.96529 -0.20524
v 96.38447 -1.94782 -0.11893
v 96.27790 -1.84599 -0.20934
v 96.31151 -1.85351 -0.27645
v 96.38944 -1.84475 -0.28727
v 96.44880 -1.91992 -0.19828
v 96.39063 -1.84714 -0.10745
v 96.30536 -1.85037 -0.12820
v 96.44041 -1.94223 -0.15246
v 96.45165 -1.83592 -0.26490
v 96.47094 -1.84473 -0.20345
v 96.45806 -1.83282 -0.13308
v 96.38837 -1.74139 -0.28307
v 96.38507 -1.73894 -0.10746
v 96.32187 -1.75893 -0.13739
v 96.31423 -1.74417 -0.20450
v 96.32300 -1.76760 -0.26498
v 96.46680 -1.73619 -0.27547
v 96.50931 -1.73982 -0.20773
v 96.48009 -1.73659 -0.12180
v 96.34172 -1.70240 -0.23197
v 96.39423 -1.63891 -0.11439
v 96.35729 -1.63288 -0.20591
v 96.40413 -1.64049 -0.27453
v 96.32703 -1.67832 -0.19423
v 96.48455 -1.63471 -0.27771
v 96.49745 -1.63674 -0.10950
v 96.55753 -1.61887 -0.19967
v 96.55420 -1.60606 -0.13815
v 96.41245 -1.53643 -0.12354
v 96.39647 -1.53173 -0.20563
v 96.42371 -1.55085 -0.26538
v 96.49258 -1.53461 -0.27650
v 96.58566 -1.53375 -0.20452
v 96.57064 -1.52530 -0.12167
v 96.49319 -1.53238 -0.09391
v 96.55744 -1.50971 -0.26437
v 96.48725 -1.42657 -0.10135
v 96.43083 -1.44686 -0.14007
v 96.42662 -1.44047 -0.19806
v 96.45507 -1.40921 -0.22728
v 96.50361 -1.43316 -0.27182
v 96.57016 -1.41877 -0.26975
v 96.62059 -1.43117 -0.20896
v 96.59621 -1.42356 -0.10947
v 96.44381 -1.48203 -0.25308
v 96.49989 -1.32652 -0.11178
v 96.48155 -1.32211 -0.21036
v 96.58812 -1.31901 -0.26759
v 96.59992 -1.32597 -0.08882
v 96.52213 -1.34087 -0.26555
v 96.65405 -1.38826 -0.18066
v 96.66985 -1.31699 -0.20153
v 96.66695 -1.31232 -0.12933
v 96.65405 -1.38291 -0.13960
v 96.60408 -1.22042 -0.26470
v 96.59350 -1.21824 -0.08090
v 96.52230 -1.22713 -0.12180
v 96.51682 -1.22272 -0.19999
v 96.57261 -1.21194 -0.24752
v 96.53815 -1.26273 -0.26526
v 96.69850 -1.21858 -0.21026
v 96.69021 -1.21547 -0.10967
v 96.65896 -1.19272 -0.26288
v 96.59348 -1.11440 -0.09681
v 96.53780 -1.14408 -0.17574
v 96.57903 -1.11037 -0.21936
v 96.62853 -1.13268 -0.26250
v 96.53897 -1.14483 -0.13535
v 96.67012 -1.11566 -0.26166
v 96.70794 -1.11441 -0.09007
v 96.76364 -1.09238 -0.17942
v 96.61069 -1.01359 -0.11066
v 96.60933 -1.01294 -0.20709
v 96.76274 -1.08767 -0.12722
v 96.70301 -1.01164 -0.24736
v 96.78450 -1.00725 -0.19949
v 96.78609 -1.00430 -0.11270
v 96.70124 -1.00919 -0.06773
v 96.69638 -1.01093 -0.26253
v 96.64457 -1.04435 -0.26166
v 96.63422 -0.92009 -0.12349
v 96.63356 -0.92012 -0.18428
v 96.69381 -0.90190 -0.23094
v 96.80787 -0.90393 -0.21250
v 96.69520 -0.90341 -0.07414
v 96.72379 -0.92839 -0.25953
v 96.81027 -0.90469 -0.09342
v 96.73436 -0.89473 -0.04649
v 96.81014 -0.80325 -0.23048
v 96.70113 -0.80190 -0.09401
v 96.70155 -0.80414 -0.20358
v 96.76287 -0.87923 -0.04590
v 96.64899 -0.84130 -0.15739
v 96.87703 -0.79126 -0.18027
v 96.87754 -0.79207 -0.11066
v 96.86419 -0.86350 -0.17221
v 96.86430 -0.86249 -0.12517
v 96.78961 -0.80079 -0.04281
v 96.74323 -0.81739 -0.04558
v 96.79312 -0.70132 -0.05692
v 96.72595 -0.70067 -0.10842
v 96.73085 -0.70177 -0.19026
v 96.80383 -0.69615 -0.22981
v 96.89719 -0.69264 -0.19852
v 96.90783 -0.69604 -0.09931
v 96.81749 -0.69014 -0.04221
v 96.74454 -0.62525 -0.12904
v 96.74575 -0.62650 -0.16756
v 96.80224 -0.59196 -0.20409
v 96.87351 -0.67406 -0.04379
v 96.91575 -0.59246 -0.20618
v 96.93922 -0.60440 -0.08390
v 96.88786 -0.58535 -0.03825
v 96.83556 -0.59587 -0.04005
v 96.81271 -0.48725 -0.09641
v 96.82257 -0.49485 -0.18702
v 96.97435 -0.56657 -0.11629
v 96.91050 -0.48817 -0.21654
v 96.97300 -0.55816 -0.16580
v 96.90907 -0.48794 -0.03328
v 96.84429 -0.50373 -0.04092
v 96.98721 -0.48278 -0.18018
v 96.99883 -0.48350 -0.09624
v 96.92381 -0.49713 -0.05389
v 96.97410 -0.46520 -0.04033
v 96.90609 -0.38132 -0.20161
v 96.91740 -0.38434 -0.02951
v 96.84062 -0.39559 -0.10653
v 96.84533 -0.40934 -0.17480
v 97.00667 -0.37937 -0.19047
v 97.03888 -0.38488 -0.09903
v 96.99416 -0.37694 -0.03225
v 96.93301 -0.28177 -0.02937
v 96.88986 -0.27691 -0.09634
v 96.91925 -0.28294 -0.18505
v 96.85350 -0.33053 -0.13412
v 97.01657 -0.27908 -0.19599
v 97.06066 -0.31060 -0.07918
v 97.08572 -0.27171 -0.10055
v 97.01253 -0.27734 -0.02187
v 97.07096 -0.34153 -0.11716
v 97.07748 -0.25881 -0.16463
v 96.94804 -0.18583 -0.03628
v 96.92598 -0.17427 -0.10211
v 96.94331 -0.18714 -0.17257
v 97.07407 -0.25049 -0.03718
v 97.01310 -0.17340 -0.19458
v 97.09198 -0.16689 -0.17527
v 97.12086 -0.17649 -0.10223
v 97.09263 -0.16776 -0.02917
v 97.01386 -0.17337 -0.01355
v 96.95345 -0.09490 -0.10239
v 97.01681 -0.07440 -0.18056
v 97.11046 -0.06598 -0.17775
v 97.11525 -0.06590 -0.01558
v 97.01750 -0.07176 -0.01500
v 96.97457 -0.05135 -0.09628
v 96.95589 -0.09551 -0.04736
v 96.96094 -0.10361 -0.16493
v 97.15413 -0.07905 -0.09961
v 97.11638 0.03409 -0.17950
v 97.17729 -0.03741 -0.09683
v 97.12042 0.03470 0.00003
v 97.03161 0.02774 -0.02032
v 97.00460 0.03655 -0.10415
v 97.03910 0.02669 -0.17043
v 97.16273 0.00147 -0.15170
v 97.19615 0.03518 -0.10098
v 97.18810 0.04837 -0.02913
v 97.18033 0.05954 -0.16017
v 97.17880 -0.02628 -0.04393
v 97.12045 0.13675 -0.17291
v 97.11579 0.14177 0.00666
v 97.05122 0.12668 -0.02542
v 97.03940 0.13697 -0.09803
v 97.05964 0.11078 -0.16051
v 97.18858 0.14787 -0.16427
v 97.22939 0.14029 -0.10139
v 97.20643 0.14273 -0.01297
v 97.11364 0.24417 -0.00316
v 97.05994 0.21135 -0.08701
v 97.08695 0.25537 -0.11239
v 97.13817 0.23953 -0.16570
v 97.05921 0.21370 -0.04131
v 97.20420 0.24967 -0.16441
v 97.25371 0.23699 -0.10904
v 97.22568 0.24556 0.00072
v 97.13155 0.34396 -0.00595
v 97.11915 0.34929 -0.10625
v 97.28253 0.27380 -0.08390
v 97.21037 0.35051 -0.16120
v 97.29726 0.35251 -0.09442
v 97.29356 0.35433 -0.02042
v 97.22538 0.34818 0.02198
v 97.15793 0.32792 -0.16163
v 97.28114 0.27624 -0.03814
v 97.14307 0.44684 -0.09400
v 97.22892 0.44331 -0.15861
v 97.21881 0.46092 -0.14558
v 97.31759 0.45238 -0.10067
v 97.31133 0.45576 -0.00128
v 97.22157 0.45370 0.02979
v 97.14935 0.44877 -0.01198
v 97.16828 0.41345 -0.15553
v 97.27811 0.46889 -0.15727
v 97.33396 0.55646 -0.11017
v 97.33442 0.55780 0.00530
v 97.21572 0.55982 0.01980
v 97.16030 0.53545 -0.03023
v 97.16051 0.53510 -0.08078
v 97.24616 0.54848 -0.15793
v 97.28977 0.56912 -0.15546
v 97.33542 0.66008 -0.12409
v 97.33749 0.65956 0.02959
v 97.22168 0.66031 0.01112
v 97.22094 0.66003 -0.10528
v 97.39025 0.67627 -0.07268
v 97.39054 0.67493 -0.01954
v 97.29317 0.63738 -0.15382
v 97.38265 0.60270 -0.07193
v 97.38356 0.60162 -0.03086
v 97.29633 0.66315 0.05861
v 97.27170 0.66976 0.05682
v 97.27310 0.64258 -0.15323
v 97.33041 0.76664 0.04734
v 97.23619 0.76702 0.00419
v 97.23680 0.76093 -0.09260
v 97.32863 0.76648 -0.13115
v 97.40352 0.76732 -0.08185
v 97.40445 0.76649 0.00008
v 97.32024 0.76233 0.06196
v 97.25161 0.86921 -0.00405
v 97.25630 0.86822 -0.08321
v 97.32772 0.87066 -0.12528
v 97.41558 0.86938 -0.09094
v 97.42456 0.87147 0.00337
v 97.33860 0.87476 0.06177
v 97.26471 0.96916 -0.01244
v 97.26687 0.96289 -0.06763
v 97.39270 0.89027 0.06110
v 97.32278 0.97733 -0.11109
v 97.42678 0.97624 -0.09430
v 97.44333 0.97804 0.01109
v 97.39376 0.97781 0.06373
v 97.34679 0.97582 0.06504
v 97.29553 0.97893 0.03629
v 97.43653 1.08033 -0.09510
v 97.41295 1.08062 0.06688
v 97.35077 1.08017 0.06697
v 97.29773 1.08016 0.01374
v 97.32310 1.07837 -0.09446
v 97.27075 1.05701 -0.01591
v 97.27095 1.04716 -0.05496
v 97.49001 1.10031 -0.01738
v 97.43717 1.18429 -0.09909
v 97.47176 1.17412 0.03148
v 97.49286 1.19234 -0.01040
v 97.41964 1.18430 0.07201
v 97.35752 1.18253 0.06903
v 97.30926 1.18434 0.00527
v 97.33338 1.18166 -0.08899
v 97.48768 1.11142 -0.05518
v 97.49182 1.18554 -0.05829
v 97.43349 1.29055 -0.10330
v 97.49462 1.29227 -0.06691
v 97.50252 1.28911 -0.00091
v 97.47485 1.26210 0.04863
v 97.42735 1.29279 0.07557
v 97.36136 1.28189 0.06766
v 97.32148 1.28691 0.00530
v 97.34571 1.28209 -0.08497
v 97.43568 1.39302 -0.10221
v 97.50025 1.39527 -0.07101
v 97.51425 1.39289 0.00355
v 97.43401 1.39407 0.07852
v 97.36546 1.38803 0.06715
v 97.33395 1.39261 0.00643
v 97.35421 1.39106 -0.07720
v 97.48589 1.32731 0.06621
v 97.48920 1.40805 0.06346
v 97.43237 1.49725 -0.10020
v 97.50521 1.49688 -0.07080
v 97.52280 1.49733 0.00707
v 97.49692 1.50107 0.06598
v 97.43374 1.49686 0.08255
v 97.36876 1.50214 0.06575
v 97.34219 1.49998 0.00791
v 97.35830 1.49977 -0.06937
v 97.43122 1.60198 -0.09628
v 97.50062 1.60427 0.07124
v 97.42961 1.60107 0.08423
v 97.37089 1.60183 0.06819
v 97.35174 1.60399 0.00756
v 97.36444 1.59368 -0.06594
v 97.51021 1.60350 -0.07173
v 97.53176 1.60141 0.00807
v 97.43148 1.70448 0.08608
v 97.35799 1.70290 0.00147
v 97.37011 1.70027 -0.06232
v 97.43010 1.70335 -0.09265
v 97.51470 1.69944 -0.07187
v 97.53995 1.69938 0.00994
v 97.50750 1.70274 0.07510
v 97.37476 1.70038 0.06029
v 97.38270 1.75851 0.05819
v 97.36452 1.75885 0.01688
v 97.95830 2.12294 0.08885
v 97.85255 2.11980 0.08568
v 97.84826 2.12198 0.00096
v 97.77786 2.10774 0.00043
v 97.85255 2.11980 -0.08414
v 97.95830 2.12294 -0.08712
v 98.05223 2.11620 -0.08084
v 98.04172 2.11759 0.00082
v 98.05223 2.11620 0.08218
v 97.95962 1.80216 0.08999
v 97.94853 1.91872 0.11645
v 97.95018 2.03283 0.12513
v 97.84407 2.03466 0.09722
v 97.84839 1.91872 0.09045
v 97.86841 1.80893 0.07799
v 97.82928 1.80008 0.00301
v 97.80559 2.02626 0.00027
v 97.80326 1.90871 0.00000
v 97.78599 2.03352 0.00000
v 97.79372 1.94207 0.00000
v 97.84407 2.03466 -0.09699
v 97.84839 1.91872 -0.09045
v 97.86586 1.80835 -0.07583
v 97.95018 2.03283 -0.12489
v 97.94853 1.91872 -0.11645
v 97.95962 1.80216 -0.08999
v 98.06089 2.04736 -0.09138
v 98.03290 1.91872 -0.08368
v 98.02763 1.82486 -0.06497
v 98.04098 1.80008 0.00301
v 98.07315 2.02207 0.00013
v 98.06986 1.91872 0.00000
v 98.06089 2.04736 0.09147
v 98.03290 1.91872 0.08368
v 98.02689 1.83230 0.06857
v 97.09392 2.21090 -0.82508
v 97.09392 1.56743 -0.82508
v 97.84577 1.56743 -0.82508
v 97.84577 2.21090 -0.82508
v 97.72903 6.00038 0.00498
v 98.17000 6.00037 0.00498
v 97.58553 5.96592 -0.07097
v 97.61263 5.97626 -0.08050
v 97.61260 5.97574 0.08354
v 97.58568 5.96557 0.07489
v 98.28269 5.97370 -0.07812
v 98.28243 5.97333 0.08146
v 97.58372 5.97323 0.00484
v 97.61350 5.99692 0.00498
v 98.28853 5.98562 0.00491
v 98.17000 5.97718 -0.08178
v 97.72903 5.97718 -0.08179
v 97.72903 5.97656 0.08492
v 98.17000 5.97656 0.08492
v 97.84633 6.00039 0.00498
v 97.96786 6.00039 0.00498
v 98.06316 6.00039 0.00498
v 97.61453 5.91553 0.09034
v 97.58483 5.91596 0.07548
v 97.58213 5.91608 0.00108
v 98.28639 5.91579 -0.08239
v 98.30387 5.91608 0.00108
v 97.61453 5.91553 -0.08818
v 97.58483 5.91596 -0.07333
v 98.28639 5.91579 0.08455
v 98.06316 5.97718 -0.08179
v 97.96786 5.97718 -0.08179
v 97.84633 5.97718 -0.08179
v 97.84633 5.97657 0.08492
v 97.96786 5.97657 0.08492
v 98.06316 5.97657 0.08492
v 97.73324 5.91516 -0.09054
v 97.73324 5.91516 0.09270
v 98.16862 5.91471 -0.09054
v 98.16862 5.91471 0.09270
v 98.06464 5.91471 0.09271
v 97.97045 5.91371 0.09271
v 97.84688 5.91433 0.09271
v 97.84688 5.91433 -0.09055
v 97.97045 5.91371 -0.09055
v 98.06464 5.91471 -0.09055
v 97.68007 1.71514 0.17403
v 97.68007 2.06320 0.17403
v 97.68529 1.71656 -0.17260
v 97.68529 2.06177 -0.17260
v 98.18498 2.06177 -0.17260
v 98.18498 1.71656 -0.17260
v 98.18498 1.71656 0.17260
v 98.18498 2.06177 0.17260
v 97.81325 1.71508 0.17409
v 97.93514 1.71508 0.17409
v 98.05701 1.71508 0.17409
v 98.05701 2.06326 0.17409
v 97.93514 2.06326 0.17409
v 97.81325 2.06326 0.17409
v 97.81325 1.71508 -0.17409
v 97.93514 1.71508 -0.17409
v 98.05701 1.71508 -0.17409
v 98.05701 2.06326 -0.17409
v 97.93514 2.06326 -0.17409
v 97.81325 2.06326 -0.17409
v 97.68356 1.71508 0.08370
v 97.68356 1.71508 0.00000
v 97.68356 1.71508 -0.08370
v 97.68356 2.06326 -0.08370
v 97.68356 2.06326 0.00000
v 97.68356 2.06326 0.08370
v 97.78985 2.06767 0.07098
v 97.78985 1.71067 -0.07098
v 98.07964 1.71110 0.09688
v 97.78985 1.71067 0.07098
v 97.77007 1.71067 0.00000
v 97.78985 2.06767 -0.07098
v 98.18568 1.71596 0.08510
v 98.18568 1.71596 -0.08510
v 98.18568 2.06237 -0.08510
v 98.18568 2.06237 0.08510
v 97.26483 1.71371 0.17546
v 97.26483 2.06462 0.17546
v 97.67575 2.06539 -0.78255
v 97.26393 2.06539 -0.78255
v 97.26393 1.71294 -0.78255
v 97.67575 1.71294 -0.78255
v 98.15649 4.55652 0.07529
v 97.75015 4.55865 0.07523
v 97.85322 4.55503 0.07529
v 97.97293 4.55503 0.07529
v 98.06271 4.55503 0.07529
v 97.65904 5.72313 0.08093
v 97.65904 4.55372 0.08093
v 97.76845 5.73144 0.07503
v 97.85572 5.73144 0.07503
v 97.97209 5.73144 0.07503
v 98.05937 5.73144 0.07503
v 98.11755 5.73144 0.07503
v 97.63052 5.72346 -0.09029
v 98.16417 5.72346 -0.09129
v 97.63052 4.55665 -0.09029
v 98.16417 4.55665 -0.09129
v 97.63061 2.14216 -0.08158
v 97.58445 2.14942 -0.07432
v 97.63061 2.14216 0.08374
v 97.58445 2.14942 0.07647
v 98.29065 2.14476 -0.07898
v 98.29065 2.14476 0.08114
v 98.16417 2.14162 -0.08212
v 98.16417 2.14162 0.08427
v 97.58272 5.72346 -0.07444
v 98.29431 5.72346 0.08427
v 97.58272 5.72346 0.07660
v 98.29431 5.72346 -0.08212
v 97.58272 4.55665 -0.07444
v 98.29431 4.55665 0.08427
v 97.58272 4.55665 0.07660
v 98.29431 4.55665 -0.08212
v 98.06938 5.72346 -0.09129
v 97.97460 5.72346 -0.09129
v 97.84821 5.72346 -0.09129
v 97.75343 5.72346 -0.09129
v 98.06938 4.55665 -0.09129
v 97.97460 4.55665 -0.09129
v 97.84821 4.55665 -0.09129
v 97.75343 4.55665 -0.09129
v 97.75343 2.14162 -0.08212
v 97.75343 2.14162 0.08427
v 97.63052 2.13345 0.00108
v 97.58272 2.14931 0.00108
v 98.29431 2.14163 0.00108
v 97.58096 4.55665 0.00108
v 98.16417 2.13245 0.00108
v 98.30504 4.55665 0.00108
v 97.58096 5.72346 0.00108
v 98.30504 5.72346 0.00108
f 152 159 160
f 152 160 153
f 153 160 161
f 153 161 154
f 163 164 165
f 157 165 166
f 157 166 158
f 158 166 159
f 158 159 152
f 156 163 165
f 156 165 157
f 155 162 163
f 155 163 156
f 154 161 162
f 154 162 155
f 163 164 167
f 164 165 167
f 163 167 165
f 159 168 160
f 160 168 169
f 160 169 161
f 161 169 170
f 161 170 162
f 163 171 172
f 163 172 164
f 164 172 173
f 164 173 165
f 165 173 174
f 165 174 166
f 166 174 175
f 166 175 159
f 162 170 171
f 162 171 163
f 173 174 166
f 159 175 168
f 171 172 173
f 172 171 176
f 173 172 176
f 171 173 176
f 168 177 178
f 168 178 169
f 169 178 179
f 169 179 170
f 170 179 180
f 170 180 171
f 171 180 181
f 171 181 172
f 172 181 182
f 172 182 173
f 173 182 183
f 173 183 174
f 174 183 184
f 174 184 175
f 175 184 177
f 175 177 168
f 181 182 180
f 177 185 178
f 178 185 186
f 178 186 180
f 180 186 187
f 180 187 181
f 181 187 188
f 181 188 182
f 178 180 179
f 185 187 186
f 183 192 189
f 183 189 184
f 182 192 183
f 182 188 192
f 191 185 186
f 178 190 185
f 177 190 178
f 184 189 190
f 184 190 177
f 185 193 2
f 185 2 187
f 187 2 186
f 187 2 194
f 187 194 188
f 192 198 195
f 192 195 189
f 188 194 198
f 188 198 192
f 190 196 193
f 190 193 185
f 189 195 196
f 189 196 190
f 198 195 189
f 2 193 199
f 2 199 197
f 193 2 197
f 193 197 199
f 193 200 201
f 193 201 2
f 194 204 205
f 194 205 198
f 2 201 204
f 2 204 194
f 196 203 200
f 196 200 193
f 198 205 202
f 198 202 195
f 195 202 203
f 195 203 196
f 201 200 206
f 204 212 213
f 204 213 205
f 201 211 212
f 201 212 204
f 200 210 211
f 200 211 201
f 203 209 210
f 203 210 200
f 202 208 214
f 202 214 207
f 205 213 208
f 205 208 202
f 212 213 205
f 207 214 209
f 207 209 203
f 203 202 207
f 208 209 214
f 211 219 220
f 211 220 212
f 210 218 219
f 210 219 211
f 208 216 215
f 208 215 214
f 213 221 216
f 213 216 208
f 212 220 221
f 212 221 213
f 209 217 218
f 209 218 210
f 223 222 217
f 223 217 209
f 214 215 222
f 214 222 223
f 209 208 223
f 216 217 222
f 208 214 223
f 216 222 215
f 218 227 228
f 218 228 219
f 219 228 220
f 216 225 224
f 216 224 215
f 221 230 225
f 221 225 216
f 220 229 230
f 220 230 221
f 228 229 220
f 217 226 227
f 217 227 218
f 222 231 226
f 222 226 217
f 215 224 231
f 215 231 222
f 225 226 231
f 224 225 231
f 230 224 225
f 224 226 231
f 224 232 233
f 230 237 3
f 230 3 225
f 225 3 232
f 225 232 224
f 225 224 226
f 229 237 230
f 229 236 237
f 228 235 236
f 228 236 229
f 227 234 235
f 227 235 228
f 227 233 234
f 226 233 227
f 231 233 226
f 224 233 231
f 233 232 238
f 3 237 232
f 232 239 240
f 232 240 233
f 233 240 241
f 237 245 239
f 237 239 3
f 3 239 232
f 236 244 245
f 236 245 237
f 235 243 244
f 235 244 236
f 234 242 243
f 234 243 235
f 233 241 242
f 233 242 234
f 239 240 241
f 246 245 239
f 239 247 248
f 239 248 240
f 240 248 249
f 240 249 241
f 252 253 245
f 245 253 247
f 245 247 239
f 245 254 239
f 244 252 245
f 243 251 252
f 243 252 244
f 242 250 251
f 242 251 243
f 241 249 250
f 241 250 242
f 247 253 255
f 247 256 257
f 247 257 248
f 248 257 258
f 248 258 249
f 249 258 250
f 250 258 259
f 260 261 252
f 252 261 262
f 252 262 253
f 253 262 256
f 253 256 247
f 251 260 252
f 250 259 260
f 250 260 251
f 262 263 256
f 256 264 265
f 256 265 257
f 257 265 266
f 257 266 258
f 258 266 267
f 258 267 259
f 259 267 268
f 259 268 260
f 260 268 269
f 260 269 261
f 261 269 270
f 261 270 262
f 262 270 271
f 262 271 263
f 263 271 264
f 263 264 256
f 265 272 266
f 266 272 273
f 266 273 267
f 267 273 274
f 267 274 268
f 268 274 275
f 268 275 269
f 269 275 276
f 269 276 270
f 271 279 277
f 271 277 264
f 270 276 279
f 270 279 271
f 265 278 272
f 264 277 278
f 264 278 265
f 272 280 281
f 272 281 273
f 273 281 282
f 273 282 274
f 274 282 283
f 274 283 275
f 275 283 284
f 275 284 276
f 279 287 285
f 279 285 277
f 276 284 287
f 276 287 279
f 282 283 275
f 278 286 280
f 278 280 272
f 277 285 286
f 277 286 278
f 280 288 281
f 281 288 289
f 281 289 290
f 281 290 282
f 282 290 283
f 287 295 291
f 287 291 285
f 284 294 295
f 284 295 287
f 283 294 284
f 283 293 294
f 282 290 293
f 282 293 283
f 286 292 288
f 286 288 280
f 285 291 292
f 285 292 286
f 294 302 303
f 294 303 295
f 293 301 302
f 293 302 294
f 290 300 301
f 290 301 293
f 289 299 300
f 289 300 290
f 288 298 299
f 288 299 289
f 292 297 298
f 292 298 288
f 295 303 296
f 295 296 291
f 302 303 295
f 291 296 297
f 291 297 292
f 301 309 310
f 301 310 302
f 300 308 309
f 300 309 301
f 299 307 308
f 299 308 300
f 298 306 307
f 298 307 299
f 303 311 304
f 303 304 296
f 302 310 311
f 302 311 303
f 297 305 306
f 297 306 298
f 296 304 305
f 296 305 297
f 309 317 310
f 308 316 317
f 308 317 309
f 307 315 316
f 307 316 308
f 306 314 315
f 306 315 307
f 311 319 312
f 311 312 304
f 310 318 319
f 310 319 311
f 317 318 310
f 305 313 314
f 305 314 306
f 304 312 313
f 304 313 305
f 324 325 327
f 319 326 320
f 319 320 312
f 318 325 326
f 318 326 319
f 317 327 325
f 317 325 318
f 316 324 327
f 316 327 317
f 315 323 324
f 315 324 316
f 314 322 323
f 314 323 315
f 313 321 322
f 313 322 314
f 312 320 321
f 312 321 313
f 331 332 333
f 326 334 320
f 325 333 334
f 325 334 326
f 327 332 333
f 327 333 325
f 324 331 332
f 324 332 327
f 323 335 331
f 323 331 324
f 322 330 335
f 322 335 323
f 321 329 330
f 321 330 322
f 320 328 329
f 320 329 321
f 328 320 334
f 330 331 335
f 328 336 337
f 328 337 329
f 341 342 334
f 334 342 336
f 334 336 328
f 332 340 341
f 332 341 333
f 331 339 340
f 331 340 332
f 335 343 339
f 335 339 331
f 330 338 343
f 330 343 335
f 329 337 338
f 329 338 330
f 338 339 343
f 341 334 333
f 336 344 345
f 336 345 337
f 337 345 346
f 337 346 338
f 341 349 350
f 341 350 342
f 342 350 344
f 342 344 336
f 340 348 349
f 340 349 341
f 339 347 348
f 339 348 340
f 343 351 347
f 343 347 339
f 338 346 351
f 338 351 343
f 346 347 351
f 344 352 353
f 344 353 345
f 345 353 354
f 345 354 346
f 346 354 355
f 346 355 347
f 347 355 356
f 347 356 348
f 348 356 357
f 348 357 349
f 349 357 358
f 349 358 350
f 350 358 352
f 350 352 344
f 351 359 355
f 351 355 347
f 346 354 359
f 346 359 351
f 347 355 359
f 346 347 359
f 354 360 355
f 355 357 356
f 355 354 359
f 352 361 362
f 352 362 353
f 353 362 363
f 353 363 354
f 354 363 364
f 354 364 360
f 360 364 365
f 360 365 355
f 355 365 366
f 355 366 357
f 357 366 367
f 357 367 358
f 358 367 361
f 358 361 352
f 360 355 359
f 354 360 359
f 366 367 358
f 363 364 365
f 365 366 368
f 361 369 370
f 361 370 362
f 362 370 371
f 362 371 363
f 363 371 372
f 363 372 364
f 364 372 373
f 364 373 365
f 365 373 374
f 365 374 366
f 366 374 375
f 366 375 367
f 367 375 369
f 367 369 361
f 373 374 376
f 372 371 373
f 370 377 378
f 370 378 371
f 371 378 7
f 371 7 372
f 372 7 379
f 372 379 373
f 373 379 380
f 373 380 374
f 375 382 381
f 375 381 369
f 374 380 382
f 374 382 375
f 369 381 377
f 369 377 370
f 379 380 383
f 7 378 379
f 378 384 385
f 378 385 7
f 7 385 386
f 7 386 379
f 379 386 380
f 382 390 387
f 382 387 381
f 380 389 390
f 380 390 382
f 379 386 389
f 379 389 380
f 377 388 384
f 377 384 378
f 381 387 388
f 381 388 377
f 386 389 391
f 385 384 386
f 390 398 392
f 390 392 387
f 389 397 398
f 389 398 390
f 386 396 397
f 386 397 389
f 385 395 396
f 385 396 386
f 384 394 395
f 384 395 385
f 388 393 394
f 388 394 384
f 387 392 393
f 387 393 388
f 396 397 399
f 395 394 396
f 404 405 407
f 396 407 405
f 396 405 397
f 396 404 407
f 395 403 404
f 395 404 396
f 394 402 403
f 394 403 395
f 393 401 402
f 393 402 394
f 392 401 393
f 398 406 400
f 398 400 392
f 397 405 406
f 397 406 398
f 392 400 401
f 403 402 404
f 407 414 405
f 404 411 414
f 404 414 407
f 403 8 411
f 403 411 404
f 402 410 8
f 402 8 403
f 411 412 414
f 406 413 408
f 406 408 400
f 405 412 413
f 405 413 406
f 414 412 405
f 401 409 410
f 401 410 402
f 400 408 409
f 400 409 401
f 8 410 411
f 419 420 422
f 413 421 415
f 413 415 408
f 412 420 421
f 412 421 413
f 414 422 420
f 414 420 412
f 411 419 422
f 411 422 414
f 411 418 419
f 410 417 418
f 410 418 411
f 409 416 417
f 409 417 410
f 408 415 416
f 408 416 409
f 427 428 430
f 421 429 423
f 421 423 415
f 420 428 429
f 420 429 421
f 422 428 420
f 422 430 428
f 419 427 430
f 419 430 422
f 419 426 427
f 418 426 419
f 417 425 426
f 417 426 418
f 416 424 425
f 416 425 417
f 415 423 424
f 415 424 416
f 429 437 431
f 429 431 423
f 435 436 438
f 428 436 429
f 430 438 436
f 430 436 428
f 427 435 438
f 427 438 430
f 426 434 435
f 426 435 427
f 425 433 434
f 425 434 426
f 424 432 433
f 424 433 425
f 423 431 432
f 423 432 424
f 436 437 429
f 431 439 440
f 436 443 444
f 436 444 437
f 437 444 439
f 437 439 431
f 442 443 445
f 431 440 432
f 438 445 443
f 438 443 436
f 435 442 445
f 435 445 438
f 434 9 442
f 434 442 435
f 433 441 9
f 433 9 434
f 432 440 441
f 432 441 433
f 439 446 447
f 439 447 440
f 440 447 448
f 440 448 441
f 441 448 449
f 441 449 9
f 9 449 450
f 9 450 442
f 442 450 451
f 442 451 443
f 443 451 452
f 443 452 444
f 444 452 446
f 444 446 439
f 441 9 448
f 9 449 448
f 451 450 453
f 446 454 455
f 446 455 447
f 447 455 456
f 447 456 448
f 448 456 457
f 448 457 449
f 449 457 458
f 449 458 450
f 450 458 459
f 450 459 453
f 453 459 460
f 453 460 451
f 451 460 461
f 451 461 452
f 452 461 454
f 452 454 446
f 454 462 463
f 454 463 455
f 455 463 464
f 455 464 456
f 456 464 465
f 456 465 457
f 457 465 466
f 457 466 458
f 458 466 467
f 458 467 459
f 459 467 468
f 459 468 460
f 460 468 469
f 460 469 461
f 461 469 462
f 461 462 454
f 463 462 464
f 462 470 10
f 462 10 465
f 465 10 471
f 465 471 466
f 466 471 472
f 466 472 467
f 467 472 473
f 467 473 468
f 462 465 464
f 465 462 463
f 465 463 464
f 469 474 470
f 469 470 462
f 468 473 474
f 468 474 469
f 10 471 466
f 470 10 476
f 470 476 475
f 10 470 475
f 10 475 476
f 470 477 10
f 10 477 478
f 10 478 471
f 471 478 472
f 474 482 479
f 474 479 470
f 473 481 482
f 473 482 474
f 472 480 481
f 472 481 473
f 471 478 480
f 471 480 472
f 470 479 477
f 479 477 484
f 479 484 483
f 477 479 483
f 477 483 484
f 482 490 485
f 482 485 479
f 481 489 490
f 481 490 482
f 480 488 489
f 480 489 481
f 478 487 488
f 478 488 480
f 477 486 487
f 477 487 478
f 479 485 486
f 479 486 477
f 485 486 492
f 485 492 491
f 486 485 491
f 486 491 492
f 490 489 493
f 488 498 499
f 488 499 489
f 487 497 498
f 487 498 488
f 486 496 497
f 486 497 487
f 485 495 496
f 485 496 486
f 502 501 494
f 502 494 490
f 493 500 501
f 493 501 502
f 489 499 500
f 489 500 493
f 490 494 495
f 490 495 485
f 490 493 502
f 499 494 501
f 499 501 500
f 494 499 500
f 494 500 501
f 498 507 499
f 497 506 507
f 497 507 498
f 497 505 506
f 496 505 497
f 495 504 505
f 495 505 496
f 501 509 503
f 501 503 494
f 500 508 509
f 500 509 501
f 499 11 508
f 499 508 500
f 498 507 11
f 498 11 499
f 494 503 504
f 494 504 495
f 11 503 509
f 11 509 508
f 503 11 508
f 503 508 509
f 515 516 510
f 509 517 510
f 509 510 503
f 508 516 517
f 508 517 509
f 11 515 516
f 11 516 508
f 507 514 515
f 507 515 11
f 506 513 514
f 506 514 507
f 505 512 513
f 505 513 506
f 504 511 512
f 504 512 505
f 503 510 511
f 503 511 504
f 515 510 517
f 515 517 516
f 516 517 510
f 524 525 518
f 517 525 518
f 517 518 510
f 516 524 525
f 516 525 517
f 515 523 524
f 515 524 516
f 514 522 523
f 514 523 515
f 513 521 522
f 513 522 514
f 512 520 521
f 512 521 513
f 511 519 520
f 511 520 512
f 510 518 519
f 510 519 511
f 524 532 533
f 524 533 525
f 525 533 526
f 525 526 518
f 523 531 532
f 523 532 524
f 522 530 531
f 522 531 523
f 521 529 530
f 521 530 522
f 520 528 529
f 520 529 521
f 519 527 528
f 519 528 520
f 518 526 527
f 518 527 519
f 526 534 535
f 526 535 527
f 538 12 531
f 531 12 539
f 531 539 532
f 532 539 540
f 532 540 533
f 533 540 534
f 533 534 526
f 538 531 530
f 529 537 538
f 529 538 530
f 528 536 537
f 528 537 529
f 528 535 536
f 527 535 528
f 534 541 542
f 534 542 535
f 535 542 543
f 535 543 536
f 536 543 544
f 536 544 537
f 537 544 545
f 537 545 538
f 538 545 546
f 538 546 12
f 12 546 547
f 12 547 539
f 539 547 548
f 539 548 540
f 540 548 541
f 540 541 534
f 546 547 545
f 541 549 550
f 541 550 542
f 542 550 551
f 542 551 543
f 543 551 552
f 543 552 544
f 544 552 553
f 544 553 545
f 545 553 554
f 545 554 546
f 546 554 555
f 546 555 547
f 547 555 556
f 547 556 548
f 548 556 549
f 548 549 541
f 554 555 553
f 549 557 558
f 549 558 550
f 550 558 559
f 550 559 551
f 551 559 560
f 551 560 553
f 553 560 561
f 553 561 554
f 554 561 562
f 554 562 555
f 555 562 563
f 555 563 556
f 556 563 557
f 556 557 549
f 551 553 552
f 549 563 557
f 556 563 549
f 560 561 554
f 561 562 560
f 560 559 564
f 557 565 566
f 557 566 558
f 558 566 567
f 558 567 559
f 559 567 568
f 559 568 560
f 560 568 13
f 560 13 561
f 561 13 562
f 563 570 565
f 563 565 557
f 562 569 570
f 562 570 563
f 560 13 569
f 560 569 562
f 567 568 560
f 13 569 568
f 568 567 571
f 566 572 573
f 566 573 567
f 567 573 574
f 567 574 568
f 568 13 575
f 13 569 575
f 569 568 575
f 579 573 574
f 570 578 576
f 570 576 565
f 569 577 578
f 569 578 570
f 568 574 577
f 568 577 569
f 571 579 574
f 571 574 568
f 567 573 579
f 567 579 571
f 565 576 572
f 565 572 566
f 574 577 580
f 578 587 581
f 578 581 576
f 577 586 587
f 577 587 578
f 580 585 586
f 580 586 577
f 574 584 585
f 574 585 580
f 573 583 584
f 573 584 574
f 572 582 583
f 572 583 573
f 576 581 582
f 576 582 572
f 584 583 588
f 585 593 586
f 584 592 593
f 584 593 585
f 583 591 592
f 583 592 584
f 582 590 591
f 582 591 583
f 581 589 590
f 581 590 582
f 587 595 589
f 587 589 581
f 586 594 595
f 586 595 587
f 585 593 594
f 585 594 586
f 596 591 592
f 599 600 601
f 591 599 601
f 591 601 592
f 590 598 599
f 590 599 591
f 595 604 597
f 595 597 589
f 594 603 604
f 594 604 595
f 593 602 603
f 593 603 594
f 592 601 602
f 592 602 593
f 589 597 598
f 589 598 590
f 601 599 605
f 601 600 605
f 600 599 605
f 604 613 606
f 604 606 597
f 603 612 613
f 603 613 604
f 602 611 612
f 602 612 603
f 601 610 611
f 601 611 602
f 605 614 610
f 605 610 601
f 599 608 614
f 599 614 605
f 598 607 608
f 598 608 599
f 597 606 607
f 597 607 598
f 609 610 614
f 608 609 614
f 613 621 615
f 613 615 606
f 612 620 621
f 612 621 613
f 611 619 620
f 611 620 612
f 610 618 619
f 610 619 611
f 608 617 618
f 608 618 610
f 607 616 617
f 607 617 608
f 606 615 616
f 606 616 607
f 609 608 610
f 617 15 618
f 620 628 629
f 620 629 621
f 621 629 622
f 621 622 615
f 617 615 616
f 628 620 627
f 619 627 620
f 618 626 627
f 618 627 619
f 617 624 626
f 617 626 618
f 616 623 624
f 616 624 617
f 615 622 623
f 615 623 616
f 625 626 624
f 622 625 624
f 622 624 623
f 633 634 627
f 627 634 635
f 627 635 628
f 628 635 636
f 628 636 629
f 629 636 630
f 629 630 622
f 630 631 637
f 625 622 623
f 631 632 637
f 624 625 623
f 626 633 634
f 626 634 627
f 624 631 633
f 624 633 626
f 624 632 631
f 623 637 632
f 623 632 624
f 623 630 637
f 622 630 623
f 630 638 639
f 630 639 631
f 639 640 633
f 633 640 641
f 633 641 634
f 634 641 642
f 634 642 635
f 635 642 643
f 635 643 636
f 636 643 638
f 636 638 630
f 631 644 637
f 631 639 644
f 631 639 640
f 631 640 633
f 632 644 639
f 632 639 631
f 637 644 632
f 638 639 645
f 639 644 645
f 638 646 16
f 638 16 639
f 639 16 647
f 639 647 640
f 640 647 648
f 640 648 641
f 641 648 649
f 641 649 642
f 642 649 650
f 642 650 643
f 643 650 646
f 643 646 638
f 639 644 638
f 650 652 653
f 650 653 646
f 646 653 654
f 646 654 16
f 16 654 655
f 16 655 647
f 647 655 656
f 647 656 648
f 648 656 657
f 648 657 649
f 649 657 652
f 649 652 650
f 653 660 661
f 653 661 654
f 654 661 662
f 654 662 655
f 655 662 663
f 655 663 656
f 657 659 652
f 657 665 664
f 657 664 652
f 656 663 665
f 656 665 657
f 652 664 660
f 652 660 653
f 664 665 666
f 660 667 661
f 661 667 668
f 661 668 662
f 665 17 669
f 665 669 664
f 666 672 17
f 666 17 665
f 665 17 672
f 665 672 666
f 663 671 17
f 663 17 665
f 662 668 671
f 662 671 663
f 660 670 667
f 664 669 670
f 664 670 660
f 17 672 671
f 669 17 672
f 671 17 673
f 17 672 673
f 669 672 674
f 17 680 681
f 17 681 672
f 671 679 680
f 671 680 17
f 668 678 679
f 668 679 671
f 667 677 678
f 667 678 668
f 670 676 677
f 670 677 667
f 669 675 676
f 669 676 670
f 679 680 682
f 680 681 682
f 674 683 675
f 674 675 669
f 672 681 683
f 672 683 674
f 681 675 683
f 679 681 680
f 678 687 688
f 678 688 679
f 677 686 687
f 677 687 678
f 676 685 686
f 676 686 677
f 675 685 676
f 688 689 691
f 681 679 682
f 683 690 684
f 683 684 675
f 681 689 690
f 681 690 683
f 682 691 689
f 682 689 681
f 679 688 691
f 679 691 682
f 675 684 685
f 687 695 688
f 686 694 695
f 686 695 687
f 685 694 686
f 696 697 699
f 690 698 692
f 690 692 684
f 689 697 698
f 689 698 690
f 691 699 697
f 691 697 689
f 688 696 699
f 688 699 691
f 695 696 688
f 685 693 694
f 684 692 693
f 684 693 685
f 697 698 692
f 698 707 700
f 698 700 692
f 697 706 707
f 697 707 698
f 699 705 706
f 699 706 697
f 696 704 705
f 696 705 699
f 695 703 704
f 695 704 696
f 694 702 703
f 694 703 695
f 693 701 702
f 693 702 694
f 692 700 701
f 692 701 693
f 707 715 708
f 707 708 700
f 706 714 715
f 706 715 707
f 705 713 714
f 705 714 706
f 704 712 713
f 704 713 705
f 703 711 712
f 703 712 704
f 702 710 711
f 702 711 703
f 701 709 710
f 701 710 702
f 700 708 709
f 700 709 701
f 713 721 722
f 713 722 714
f 714 722 723
f 714 723 715
f 715 723 716
f 715 716 708
f 712 720 721
f 712 721 713
f 711 719 720
f 711 720 712
f 710 718 719
f 710 719 711
f 709 717 718
f 709 718 710
f 708 716 717
f 708 717 709
f 716 724 725
f 716 725 717
f 717 725 726
f 720 728 729
f 720 729 721
f 721 729 730
f 721 730 722
f 722 730 731
f 722 731 723
f 723 731 724
f 723 724 716
f 719 727 728
f 719 728 720
f 718 726 727
f 718 727 719
f 717 726 718
f 724 732 733
f 724 733 725
f 725 733 734
f 725 734 726
f 726 734 735
f 726 735 727
f 727 735 736
f 727 736 728
f 728 736 737
f 728 737 729
f 729 737 738
f 729 738 730
f 730 738 739
f 730 739 731
f 731 739 732
f 731 732 724
f 732 740 741
f 732 741 733
f 733 741 742
f 733 742 734
f 734 742 743
f 734 743 735
f 735 743 744
f 735 744 736
f 736 744 745
f 736 745 737
f 737 745 746
f 737 746 738
f 738 746 747
f 738 747 739
f 739 747 740
f 739 740 732
f 740 748 749
f 740 749 742
f 742 749 750
f 742 750 743
f 743 750 751
f 743 751 744
f 744 751 752
f 744 752 745
f 745 752 753
f 745 753 746
f 747 748 740
f 741 740 742
f 747 754 748
f 746 753 754
f 746 754 747
f 748 749 755
f 748 756 749
f 749 756 757
f 749 757 750
f 750 757 758
f 750 758 751
f 751 758 759
f 751 759 752
f 754 762 760
f 754 760 748
f 753 761 762
f 753 762 754
f 752 759 761
f 752 761 753
f 748 760 756
f 760 756 763
f 762 770 764
f 762 764 760
f 761 769 770
f 761 770 762
f 759 768 769
f 759 769 761
f 758 767 768
f 758 768 759
f 757 766 767
f 757 767 758
f 756 765 766
f 756 766 757
f 760 764 765
f 760 765 756
f 764 765 771
f 770 778 772
f 770 772 764
f 769 777 778
f 769 778 770
f 768 776 777
f 768 777 769
f 767 775 776
f 767 776 768
f 766 774 775
f 766 775 767
f 765 773 774
f 765 774 766
f 764 772 773
f 764 773 765
f 776 783 784
f 776 784 777
f 775 782 783
f 775 783 776
f 774 781 782
f 774 782 775
f 773 780 781
f 773 781 774
f 778 785 779
f 778 779 772
f 777 784 785
f 777 785 778
f 772 779 780
f 772 780 773
f 22 779 780
f 785 792 786
f 785 786 779
f 784 791 792
f 784 792 785
f 783 790 791
f 783 791 784
f 782 789 790
f 782 790 783
f 781 788 789
f 781 789 782
f 780 787 788
f 780 788 781
f 779 786 787
f 779 787 780
f 793 786 787
f 23 795 794
f 792 800 794
f 792 794 786
f 791 799 800
f 791 800 792
f 790 798 799
f 790 799 791
f 789 797 798
f 789 798 790
f 788 796 797
f 788 797 789
f 787 795 796
f 787 796 788
f 786 794 795
f 786 795 787
f 802 803 801
f 800 808 801
f 800 801 794
f 799 807 808
f 799 808 800
f 798 806 807
f 798 807 799
f 797 805 806
f 797 806 798
f 797 804 805
f 796 804 797
f 795 803 804
f 795 804 796
f 794 801 803
f 794 803 795
f 802 801 809
f 802 803 809
f 801 810 811
f 801 811 802
f 802 811 812
f 802 812 803
f 803 812 813
f 808 817 810
f 808 810 801
f 807 816 817
f 807 817 808
f 806 815 816
f 806 816 807
f 805 814 815
f 805 815 806
f 804 813 814
f 804 814 805
f 803 813 804
f 811 810 818
f 811 812 818
f 810 819 24
f 810 24 811
f 811 24 820
f 811 820 812
f 812 820 821
f 812 821 813
f 813 821 822
f 813 822 814
f 816 824 825
f 816 825 817
f 817 825 819
f 817 819 810
f 816 824 817
f 815 823 824
f 815 824 816
f 814 822 823
f 814 823 815
f 819 820 24
f 820 819 826
f 819 827 828
f 819 828 820
f 820 828 829
f 820 829 821
f 821 829 830
f 821 830 822
f 822 830 831
f 824 832 833
f 824 833 825
f 825 833 827
f 825 827 819
f 823 831 832
f 823 832 824
f 822 831 823
f 828 827 834
f 827 835 836
f 827 836 828
f 828 836 837
f 828 837 829
f 829 837 838
f 829 838 830
f 830 838 839
f 830 839 831
f 831 839 840
f 831 840 832
f 832 840 841
f 832 841 833
f 833 841 835
f 833 835 827
f 840 835 841
f 836 835 842
f 837 844 845
f 837 845 838
f 838 845 846
f 838 846 839
f 839 846 847
f 839 847 840
f 840 847 843
f 840 843 835
f 847 850 843
f 836 849 844
f 836 844 837
f 842 848 849
f 842 849 836
f 835 843 848
f 835 848 842
f 843 847 851
f 845 852 853
f 845 853 846
f 846 853 854
f 846 854 847
f 847 854 26
f 847 26 850
f 850 26 855
f 850 855 843
f 843 850 851
f 850 847 851
f 854 26 850
f 844 858 852
f 844 852 845
f 849 857 858
f 849 858 844
f 848 856 857
f 848 857 849
f 843 855 856
f 843 856 848
f 854 855 859
f 855 26 859
f 26 854 859
f 854 26 855
f 852 860 853
f 853 860 861
f 853 861 854
f 854 861 862
f 854 862 26
f 26 862 855
f 26 862 863
f 26 863 855
f 861 862 26
f 858 866 860
f 858 860 852
f 855 864 856
f 855 863 864
f 860 862 861
f 860 861 867
f 857 865 866
f 857 866 858
f 856 864 865
f 856 865 857
f 863 864 856
f 860 868 869
f 860 869 862
f 862 869 872
f 862 872 863
f 860 871 868
f 866 871 860
f 27 871 873
f 872 870 863
f 865 873 871
f 865 871 866
f 865 27 873
f 864 870 27
f 864 27 865
f 863 870 864
f 868 874 875
f 868 875 869
f 27 871 876
f 27 876 873
f 871 873 876
f 870 877 878
f 870 878 27
f 27 878 879
f 27 879 873
f 873 879 880
f 873 880 876
f 876 880 881
f 876 881 871
f 869 875 882
f 869 882 872
f 868 881 874
f 871 881 868
f 27 873 870
f 870 872 882
f 872 877 870
f 882 877 872
f 878 879 883
f 879 878 877
f 877 883 879
f 877 878 883
f 877 884 885
f 877 885 879
f 879 885 886
f 879 886 880
f 880 886 887
f 880 887 881
f 875 889 882
f 874 888 889
f 874 889 875
f 881 887 888
f 881 888 874
f 882 884 877
f 882 890 884
f 882 889 890
f 889 884 890
f 885 884 891
f 884 892 893
f 884 893 891
f 886 894 895
f 886 895 887
f 889 28 884
f 889 897 28
f 888 896 897
f 888 897 889
f 888 895 896
f 887 895 888
f 890 898 892
f 890 892 884
f 897 898 890
f 884 28 890
f 29 892 898
f 28 897 890
f 897 29 898
f 895 29 897
f 885 899 894
f 885 894 886
f 891 893 899
f 891 899 885
f 892 893 891
f 895 897 896
f 29 897 892
f 892 900 893
f 894 901 895
f 895 901 902
f 897 903 29
f 895 902 903
f 895 903 29
f 903 902 904
f 29 903 900
f 29 900 892
f 904 903 29
f 906 907 901
f 893 905 899
f 900 905 893
f 899 907 901
f 899 901 894
f 908 907 899
f 899 906 907
f 893 905 906
f 893 906 899
f 901 910 902
f 902 910 911
f 912 913 900
f 900 913 914
f 900 914 905
f 906 907 905
f 903 902 912
f 901 907 909
f 903 912 913
f 903 913 900
f 902 911 912
f 907 915 916
f 907 916 909
f 912 914 913
f 913 914 905
f 906 905 917
f 915 907 917
f 907 906 917
f 909 916 910
f 909 910 901
f 905 914 917
f 914 915 917
f 910 919 920
f 912 921 922
f 912 922 30
f 30 922 923
f 30 923 914
f 915 914 918
f 912 921 913
f 911 920 921
f 911 921 912
f 910 920 911
f 30 914 913
f 912 30 913
f 923 924 918
f 918 924 31
f 918 31 915
f 916 915 925
f 922 923 914
f 919 922 921
f 919 921 920
f 921 922 923
f 910 925 919
f 916 925 910
f 914 923 918
f 919 926 927
f 919 927 922
f 922 927 923
f 915 31 925
f 924 31 915
f 31 929 925
f 922 927 931
f 922 931 923
f 919 925 926
f 929 31 932
f 31 925 932
f 923 928 924
f 931 928 923
f 925 930 926
f 929 932 925
f 928 933 936
f 926 935 927
f 927 928 931
f 925 932 930
f 924 928 31
f 936 933 937
f 929 31 924
f 933 934 929
f 932 934 930
f 929 934 932
f 924 937 933
f 924 933 929
f 924 928 937
f 928 936 937
f 938 32 935
f 927 32 928
f 927 935 32
f 926 940 935
f 926 938 940
f 930 938 926
f 928 937 933
f 938 935 940
f 941 939 928
f 935 939 941
f 928 32 941
f 32 935 941
f 32 939 935
f 937 942 933
f 933 942 943
f 933 943 944
f 933 944 934
f 934 938 930
f 928 939 937
f 928 942 937
f 939 942 928
f 938 934 944
f 944 946 938
f 938 946 947
f 938 948 32
f 948 938 947
f 943 944 945
f 32 948 949
f 32 949 939
f 933 945 943
f 942 951 945
f 948 950 949
f 939 950 942
f 949 950 939
f 944 946 947
f 943 942 945
f 944 945 952
f 945 954 955
f 946 956 957
f 946 957 33
f 33 957 950
f 947 946 948
f 944 955 946
f 952 955 944
f 942 950 951
f 953 954 945
f 946 33 958
f 946 958 956
f 33 957 959
f 33 959 958
f 945 955 952
f 948 33 950
f 948 959 33
f 947 958 959
f 947 959 948
f 947 956 958
f 946 956 947
f 951 953 945
f 950 953 951
f 955 960 956
f 950 961 953
f 957 961 950
f 946 955 956
f 954 963 964
f 954 964 955
f 961 962 953
f 954 955 963
f 969 970 962
f 957 962 961
f 956 971 957
f 955 967 960
f 955 964 967
f 963 964 955
f 953 962 963
f 953 963 954
f 965 966 963
f 963 962 972
f 956 960 973
f 968 969 971
f 971 956 973
f 966 967 963
f 961 970 962
f 957 971 970
f 957 970 961
f 973 968 971
f 960 968 973
f 963 967 964
f 972 965 963
f 962 965 972
f 969 970 971
f 962 974 965
f 967 975 968
f 970 974 962
f 960 967 968
f 966 976 967
f 968 977 969
f 970 974 965
f 976 979 980
f 969 982 974
f 969 974 970
f 969 977 982
f 968 981 977
f 968 975 981
f 967 984 975
f 966 976 984
f 966 984 967
f 965 976 966
f 978 979 976
f 977 981 985
f 976 980 984
f 977 983 974
f 977 982 983
f 985 981 982
f 985 982 977
f 984 980 975
f 965 978 976
f 974 978 965
f 974 982 977
f 980 986 981
f 983 987 978
f 983 978 974
f 975 980 981
f 979 988 989
f 979 989 980
f 981 986 990
f 981 990 982
f 982 990 36
f 982 36 987
f 982 987 983
f 996 992 988
f 988 993 989
f 990 995 987
f 991 990 982
f 36 990 991
f 986 994 990
f 986 990 36
f 980 989 986
f 988 989 980
f 978 988 979
f 988 978 996
f 989 993 986
f 978 992 996
f 987 992 978
f 987 36 995
f 36 990 995
f 995 998 992
f 988 37 993
f 992 37 988
f 37 992 996
f 988 37 996
f 987 995 992
f 986 993 997
f 986 997 994
f 992 999 1000
f 992 1000 37
f 1000 1001 993
f 990 1002 998
f 990 998 995
f 994 997 1002
f 994 1002 990
f 1002 997 990
f 37 1000 1001
f 37 1001 993
f 998 1002 995
f 1002 990 995
f 997 1005 1002
f 1002 1005 1006
f 1002 1006 998
f 993 1001 997
f 997 1002 1007
f 1002 1005 1007
f 1002 1005 998
f 997 1007 1005
f 1001 1004 997
f 992 1003 999
f 998 1003 992
f 1000 1004 1001
f 997 1004 1007
f 1006 1010 1003
f 1006 1003 998
f 1005 1010 1006
f 1007 1008 1009
f 1007 1009 1005
f 1004 1008 1007
f 1009 1010 1005
f 1011 1012 1013
f 1001 1013 1014
f 1001 1014 1004
f 1000 1013 1001
f 1000 999 1013
f 1011 1013 1015
f 1013 999 1015
f 1013 1012 1016
f 999 1011 1015
f 1003 1011 999
f 1014 1013 1016
f 1012 1014 1016
f 1009 39 1018
f 1009 1018 1010
f 1010 1011 1003
f 1004 1017 1008
f 1014 1017 1004
f 1017 39 1008
f 39 1009 1008
f 1003 1018 1011
f 1010 1018 1003
f 1011 1019 1020
f 1020 1021 1014
f 1014 1021 1022
f 1014 1022 1017
f 1012 1020 1021
f 1012 1021 1014
f 1011 1020 1012
f 1022 1025 39
f 39 1025 1023
f 1023 1025 1026
f 1023 1026 1018
f 1018 1026 1024
f 1021 1022 1017
f 1011 1024 1019
f 1018 1024 1011
f 1022 39 1023
f 1022 1023 1017
f 39 1017 1023
f 1023 1027 1018
f 1018 1024 1019
f 1018 39 1023
f 1019 1028 1020
f 1020 1028 1029
f 1020 1029 1021
f 1021 1029 1022
f 1025 1026 1024
f 1025 1022 1030
f 1030 1034 1035
f 1030 1035 1025
f 1025 1035 1036
f 1025 1036 1026
f 1026 1036 1031
f 1026 1031 1024
f 1021 1029 1033
f 1021 1033 1022
f 1019 1032 1028
f 1019 1031 1032
f 1024 1031 1019
f 1022 1033 1034
f 1022 1034 1030
f 1024 1031 1032
f 1028 1033 1029
f 1034 1041 1042
f 1034 1042 1035
f 1035 1042 1043
f 1035 1043 1036
f 1036 1043 1037
f 1036 1037 1031
f 1028 1039 1040
f 1028 1040 1033
f 1028 1038 1039
f 1032 1038 1028
f 1037 1038 1044
f 1033 1040 1041
f 1033 1041 1034
f 1032 1044 1038
f 1031 1037 1044
f 1031 1044 1032
f 1040 1039 1038
f 1037 1039 1044
f 1039 1038 1044
f 1041 1047 1048
f 1041 1048 1042
f 1042 1048 1049
f 1042 1049 1043
f 1043 1049 1045
f 1043 1045 1037
f 1045 42 1050
f 42 1051 1050
f 1040 1046 1047
f 1040 1047 1041
f 1039 42 1046
f 1039 1046 1040
f 1038 1051 42
f 1038 42 1039
f 1044 1050 1051
f 1044 1051 1038
f 1037 1045 1050
f 1037 1050 1044
f 42 1051 1045
f 1050 1045 1051
f 1045 1052 42
f 42 1052 43
f 1053 1054 1047
f 1047 1054 1055
f 1047 1055 1048
f 1048 1055 1056
f 1048 1056 1049
f 1049 1056 1052
f 1049 1052 1045
f 42 43 1051
f 1046 1053 1054
f 1046 1054 1047
f 42 43 1053
f 42 1053 1046
f 1052 43 1057
f 1052 1058 44
f 1052 44 43
f 43 44 1059
f 43 1059 1053
f 1053 1059 1060
f 1053 1060 1054
f 1054 1060 1061
f 1054 1061 1055
f 1055 1061 1062
f 1055 1062 1056
f 1056 1062 1058
f 1056 1058 1052
f 1058 44 1063
f 44 1064 1059
f 1059 1064 1065
f 1059 1065 1060
f 1060 1065 1066
f 1060 1066 1061
f 1061 1066 1067
f 1061 1067 1062
f 1058 1063 1068
f 44 1058 1068
f 44 1068 1063
f 1062 1069 1058
f 1062 1067 1069
f 44 45 1064
f 1063 1071 45
f 1063 45 44
f 1058 1069 1071
f 1058 1071 1063
f 1071 1069 1068
f 1071 1068 1063
f 1068 1070 1071
f 1069 1070 1068
f 1064 1072 1073
f 1064 1073 1065
f 1065 1073 1074
f 1065 1074 1066
f 1066 1074 1075
f 1066 1075 1067
f 1067 1076 1069
f 1067 1075 1076
f 45 1072 1064
f 1072 1074 1073
f 1071 1078 1072
f 1070 1077 1078
f 1070 1078 1071
f 1069 1076 1077
f 1069 1077 1070
f 1072 45 1071
f 46 1072 1078
f 1072 1079 47
f 1072 47 46
f 46 47 1080
f 46 1080 1074
f 1074 1080 1081
f 1074 1081 1075
f 1075 1081 1082
f 1075 1082 1076
f 1072 46 1073
f 46 1080 1073
f 1073 1080 1074
f 1078 1083 1072
f 46 1072 1083
f 1078 46 1083
f 1077 1084 1085
f 1077 1085 1078
f 1085 1086 1079
f 1081 1082 1076
f 47 1080 1079
f 1072 1086 1079
f 1083 1086 1072
f 1078 1085 1086
f 1078 1086 1083
f 1076 1082 1077
f 1082 1084 1077
f 1079 1087 47
f 47 1087 1080
f 1080 1087 1088
f 1080 1088 1082
f 47 1089 1087
f 47 1080 1089
f 1080 1089 1090
f 1080 1090 1081
f 1080 1087 1089
f 1082 1081 1090
f 1080 1082 1090
f 1085 48 1092
f 1085 1092 1086
f 1079 1093 1087
f 1082 1088 1091
f 1079 1092 1093
f 1086 1092 1079
f 1082 1091 1084
f 1091 1094 1095
f 1092 48 1087
f 1087 1096 1097
f 1087 1097 1088
f 1092 1087 1093
f 1085 1084 1098
f 48 1085 1098
f 1085 1095 48
f 1098 1095 1085
f 1084 1094 1095
f 1084 1095 1098
f 1084 1091 1094
f 48 1100 1092
f 1087 49 1096
f 1092 49 1087
f 49 1092 1100
f 49 1096 1100
f 1088 1097 1099
f 1088 1099 1091
f 48 1095 1092
f 1094 1102 1095
f 1096 49 1099
f 1096 1099 1097
f 48 1095 49
f 48 49 1092
f 1103 1102 1104
f 1103 1104 1100
f 1095 1102 1103
f 1091 1101 1094
f 1099 1101 1091
f 1102 1100 1104
f 49 1095 1103
f 49 1103 1100
f 1100 1104 1105
f 1100 1105 49
f 49 1105 1106
f 49 1106 1099
f 1095 1101 1102
f 1094 1101 1095
f 49 1105 1107
f 49 1107 1100
f 1100 1107 1105
f 1101 1109 1110
f 1101 1110 1102
f 1099 1108 1101
f 1099 1106 1108
f 1107 50 1105
f 1104 1111 50
f 1104 50 1107
f 50 1107 1111
f 1105 50 1111
f 1105 1111 1107
f 1101 1108 1106
f 1102 50 1111
f 1102 1111 1104
f 1109 1112 1113
f 1109 1113 1110
f 50 1114 1116
f 1116 1114 1115
f 1116 1115 1117
f 1117 1115 1106
f 1106 1115 1108
f 1102 1110 50
f 1106 1117 1108
f 1116 1117 1106
f 1105 1114 1116
f 50 1114 1105
f 1110 1113 50
f 1101 1108 1109
f 1108 1112 1109
f 1106 1105 1116
f 1113 51 50
f 50 51 1114
f 1108 1115 1112
f 1114 50 1111
f 1114 1111 1119
f 50 1114 1119
f 50 1119 1111
f 1113 50 1111
f 1113 1111 1118
f 50 1113 1118
f 50 1118 1111
f 1115 1120 1108
f 1113 51 1114
f 1108 1120 1112
f 1114 51 1121
f 1114 1121 1119
f 1113 1121 1118
f 51 1113 1118
f 51 1118 1121
f 1113 51 1121
f 1120 1122 1123
f 1128 1126 1127
f 1128 1127 1129
f 1114 1128 1129
f 1114 1129 1115
f 1114 51 1128
f 1112 1123 1124
f 1112 1124 1113
f 1115 1127 1120
f 1115 1129 1127
f 51 1126 1128
f 1113 1125 51
f 1124 1125 1113
f 1112 1120 1123
f 51 1113 1124
f 1125 52 51
f 51 52 1126
f 1120 1127 1122
f 1123 1122 1125
f 1123 1125 1124
f 1126 51 1121
f 1121 1131 1126
f 51 1126 1131
f 51 1131 1121
f 1125 51 1121
f 1125 1121 1130
f 51 1125 1130
f 51 1130 1121
f 1127 1132 1122
f 1126 52 1133
f 1130 1125 1133
f 52 1125 1130
f 52 1130 1133
f 1125 52 1133
f 1132 1134 1122
f 1122 1134 1135
f 1136 53 52
f 1127 1138 1132
f 1126 1138 1127
f 1126 1137 1138
f 1126 52 1137
f 1122 1135 1136
f 1122 1136 1125
f 1140 1138 1132
f 1139 1137 1138
f 1139 1138 1140
f 1125 53 52
f 1125 1136 53
f 1135 1134 53
f 1135 53 1136
f 53 1141 1137
f 1138 1142 1132
f 1132 1142 1134
f 53 1137 1133
f 52 1133 1137
f 53 1133 1143
f 52 53 1143
f 52 1143 1133
f 1134 1144 1145
f 1134 1145 53
f 1138 1142 1134
f 1141 53 1143
f 1141 1143 1146
f 1141 1142 1138
f 1141 1138 1137
f 53 1141 1146
f 53 1146 1143
f 1142 54 1134
f 1134 54 1144
f 1141 1148 1149
f 1141 1149 1142
f 53 1145 1151
f 53 1151 1146
f 1142 1150 1134
f 1147 1141 1146
f 1147 1146 1151
f 1145 1147 1151
f 1148 1152 1153
f 1148 1153 1149
f 1149 1153 54
f 1142 54 1154
f 1142 1149 54
f 1141 1152 1148
f 1147 1152 1141
f 1145 1144 1156
f 1145 1156 1157
f 1145 1157 1158
f 1145 1158 1147
f 54 1156 1144
f 54 1155 1156
f 1147 1158 1152
f 55 1155 1160
f 55 1160 1153
f 54 1153 1154
f 1155 1158 1157
f 1155 1157 1156
f 1153 1160 1154
f 1158 1159 1152
f 1154 1160 1155
f 1155 54 1154
f 1155 1161 1162
f 1155 1162 1158
f 1152 1159 55
f 1152 55 1153
f 55 1160 1164
f 1155 55 1164
f 1155 1164 1160
f 1159 55 1163
f 1159 1165 1166
f 1159 1166 1163
f 1158 1162 1159
f 55 56 1167
f 55 1167 1164
f 1160 1168 1161
f 1164 1167 1168
f 1164 1168 1160
f 1161 1155 1160
f 1159 1162 1165
f 56 1161 1168
f 56 1168 1167
f 55 1170 56
f 1163 1170 55
f 1166 1169 1170
f 1166 1170 1163
f 1159 1165 1169
f 1159 1169 1166
f 1161 56 1167
f 1165 1174 1175
f 1165 1175 1169
f 56 1170 1171
f 1162 1173 1165
f 1162 1172 1173
f 1161 1172 1162
f 56 1170 1167
f 56 1171 1172
f 56 1172 1161
f 1167 1171 56
f 1165 1173 1174
f 1170 1176 1171
f 1169 1175 1170
f 1174 1175 1169
f 1171 1177 1178
f 1176 1178 1177
f 1169 1175 1176
f 1169 1176 1170
f 1171 1176 1177
f 1176 1171 1178
f 1181 57 1179
f 1174 1179 1180
f 1174 1180 1175
f 1181 1179 1182
f 1173 1172 1181
f 1173 1181 1182
f 1174 1173 1182
f 1182 1179 1174
f 1171 57 1181
f 1171 1181 1172
f 1171 1183 57
f 1176 1183 1171
f 1183 57 1184
f 1183 1184 1185
f 57 1183 1185
f 57 1185 1184
f 1175 1180 1183
f 1175 1183 1176
f 1183 1185 1186
f 1183 1186 57
f 1179 1187 1188
f 1179 1188 1180
f 1180 1183 1190
f 1180 1190 1189
f 57 1186 1187
f 57 1187 1179
f 1183 1180 1189
f 1183 1189 1190
f 58 1191 1186
f 1187 1188 1180
f 1183 58 1186
f 58 1185 1191
f 1183 58 1191
f 1183 1191 1185
f 1190 1193 58
f 1190 58 1183
f 1189 1192 1193
f 1189 1193 1190
f 1180 1188 1192
f 1180 1192 1189
f 58 1183 1185
f 1186 1191 1194
f 58 1186 1194
f 58 1194 1191
f 1186 1195 1196
f 1186 1196 1187
f 1187 1196 1197
f 1187 1197 1188
f 1196 1197 1188
f 58 1199 1195
f 58 1195 1186
f 58 1198 1199
f 1198 58 1191
f 1193 1201 1199
f 1193 1199 58
f 1192 1200 1201
f 1192 1201 1193
f 1188 1197 1200
f 1188 1200 1192
f 1195 1199 1198
f 1195 1198 1202
f 1199 1195 1202
f 1199 1202 1198
f 1195 1203 1204
f 1195 1204 1196
f 1196 1204 1197
f 1201 1198 1199
f 1196 1204 1206
f 1196 1206 1197
f 1199 59 1203
f 1199 1203 1195
f 1201 1209 1205
f 1201 1205 1198
f 1201 1208 1209
f 1200 1207 1208
f 1200 1208 1201
f 1197 1206 1207
f 1197 1207 1200
f 59 1205 1209
f 1203 59 1205
f 1208 59 1209
f 59 1199 1198
f 59 1198 1205
f 1208 1205 59
f 1208 1205 1209
f 1204 1213 1214
f 1204 1214 1206
f 1203 1212 1213
f 1203 1213 1204
f 59 1212 1203
f 1209 1217 1210
f 1209 1210 1205
f 1208 1216 1217
f 1208 1217 1209
f 1207 1215 1216
f 1207 1216 1208
f 1206 1214 1215
f 1206 1215 1207
f 59 1211 1212
f 1205 1210 1211
f 1205 1211 59
f 1216 1210 1217
f 1210 1211 1217
f 1211 1216 1217
f 1213 1220 1221
f 1213 1221 1214
f 1212 1219 1220
f 1212 1220 1213
f 1217 1224 1218
f 1217 1218 1210
f 1215 1222 1223
f 1215 1223 1216
f 1214 1221 1222
f 1214 1222 1215
f 1212 60 1219
f 1211 60 1212
f 1210 1218 60
f 1210 60 1211
f 1223 1224 1217
f 1216 1223 1217
f 1222 1230 1231
f 1222 1231 1223
f 1223 1231 1232
f 1223 1232 1224
f 1224 1232 1225
f 1224 1225 1218
f 1221 1229 1230
f 1221 1230 1222
f 1220 1228 1229
f 1220 1229 1221
f 1219 1227 1228
f 1219 1228 1220
f 60 1226 1227
f 60 1227 1219
f 1218 1225 1226
f 1218 1226 60
f 1227 1229 1228
f 1225 1233 61
f 1225 61 1226
f 1230 1235 1236
f 1230 1236 1231
f 1231 1236 1237
f 1231 1237 1232
f 1232 1237 1233
f 1232 1233 1225
f 1227 1226 1229
f 61 1234 1239
f 61 1239 1238
f 1229 1234 1235
f 1229 1235 1230
f 1228 1234 1229
f 1228 1239 1234
f 1227 1238 1239
f 1227 1239 1228
f 1226 61 1238
f 1226 1238 1227
f 1234 61 1238
f 1234 1238 1239
f 1233 1240 1241
f 1233 1241 61
f 61 1241 1242
f 1235 1243 1244
f 1235 1244 1236
f 1236 1244 1245
f 1236 1245 1237
f 1237 1245 1240
f 1237 1240 1233
f 61 1246 1238
f 61 1242 1247
f 61 1247 1246
f 1234 1242 1243
f 1234 1243 1235
f 1239 1247 1242
f 1239 1242 1234
f 1238 1246 1247
f 1238 1247 1239
f 1241 1242 1247
f 1241 1247 1246
f 1242 1241 1246
f 1242 1246 1247
f 1240 1248 62
f 1240 62 1241
f 1241 62 1249
f 1241 1249 1242
f 1242 1249 1250
f 1242 1250 1243
f 1243 1250 1251
f 1243 1251 1244
f 1244 1251 1252
f 1244 1252 1245
f 1245 1252 1248
f 1245 1248 1240
f 1251 1252 1245
f 62 1249 1253
f 1248 1254 1255
f 1248 1255 62
f 62 1255 1256
f 62 1256 1249
f 1249 1256 1257
f 1249 1257 1250
f 1250 1257 1258
f 1250 1258 1251
f 1251 1258 1259
f 1251 1259 1252
f 1252 1259 1254
f 1252 1254 1248
f 1255 1260 1256
f 1255 63 1261
f 1255 1261 1256
f 1256 1261 1262
f 1256 1262 1257
f 1257 1262 1263
f 1257 1263 1258
f 1259 1265 1264
f 1259 1264 1254
f 1258 1263 1265
f 1258 1265 1259
f 1262 1263 1258
f 1254 1264 63
f 1254 63 1255
f 63 1261 1266
f 1261 1267 1268
f 1261 1268 1262
f 1262 1268 1269
f 1262 1269 1263
f 1265 1272 1270
f 1265 1270 1264
f 1263 1269 1272
f 1263 1272 1265
f 63 1271 1267
f 63 1267 1261
f 1264 1270 1271
f 1264 1271 63
f 1271 1267 1273
f 1267 1274 1268
f 1268 1274 1269
f 1272 1278 1275
f 1272 1275 1270
f 1269 1277 1278
f 1269 1278 1272
f 1268 1277 1269
f 1268 1274 1277
f 1267 1276 1274
f 1271 64 1276
f 1271 1276 1267
f 1270 1275 64
f 1270 64 1271
f 64 1276 1279
f 64 1276 1280
f 64 1280 1279
f 1276 1279 1280
f 1277 1286 1287
f 1277 1287 1278
f 1274 1285 1286
f 1274 1286 1277
f 1276 1284 1285
f 1276 1285 1274
f 64 1284 1276
f 1283 1284 1288
f 1284 64 1279
f 1284 1279 1288
f 1278 1287 1281
f 1278 1281 1275
f 1279 1283 1288
f 64 1283 1279
f 64 1282 1283
f 1275 1281 1282
f 1275 1282 64
f 1282 1283 1281
f 1290 1291 1292
f 1286 1294 1287
f 1285 1293 1294
f 1285 1294 1286
f 1284 1292 1293
f 1284 1293 1285
f 65 1290 1289
f 1287 1295 1289
f 1287 1289 1281
f 1294 1295 1287
f 1288 1291 1292
f 1288 1292 1284
f 1283 1290 1291
f 1283 1291 1288
f 1281 1289 1290
f 1281 1290 1283
f 1293 1301 1302
f 1293 1302 1294
f 1292 1300 1301
f 1292 1301 1293
f 65 1289 1305
f 1297 1298 1304
f 1290 65 1305
f 1295 1303 1296
f 1295 1296 1289
f 1294 1302 1303
f 1294 1303 1295
f 1291 1299 1300
f 1291 1300 1292
f 1290 1298 1299
f 1290 1299 1291
f 1305 1304 1298
f 1305 1298 1290
f 1289 1296 1304
f 1289 1304 1305
f 1296 1297 1304
f 1296 1306 1307
f 1296 1307 1298
f 1302 1301 1310
f 1302 1310 1311
f 1303 1306 1296
f 1303 1312 1306
f 1302 1311 1312
f 1302 1312 1303
f 1300 1309 1310
f 1300 1310 1301
f 1300 1308 1309
f 1299 1308 1300
f 1298 1307 1308
f 1298 1308 1299
f 1296 1298 1304
f 1307 1306 1313
f 1306 1314 1315
f 1306 1315 1307
f 1307 1315 1308
f 1308 1315 1316
f 1312 1320 1314
f 1312 1314 1306
f 1311 1320 1312
f 1311 1319 1320
f 1310 1318 1319
f 1310 1319 1311
f 1309 1317 1318
f 1309 1318 1310
f 1308 1316 1317
f 1308 1317 1309
f 1315 1314 1321
f 1314 1322 1323
f 1314 1323 1321
f 1321 1323 1315
f 1315 1323 1324
f 1315 1324 1325
f 1315 1325 1316
f 1316 1325 1326
f 1316 1326 1317
f 1329 1322 1314
f 1320 1329 1314
f 1319 1328 1329
f 1319 1329 1320
f 1318 1327 1328
f 1318 1328 1319
f 1317 1326 1327
f 1317 1327 1318
f 1328 1322 1329
f 1322 1330 1331
f 1322 1331 1323
f 1323 1331 1332
f 1323 1332 1324
f 1324 1332 1333
f 1324 1333 1325
f 1325 1333 1334
f 1325 1334 1326
f 1336 1330 1322
f 1328 1336 1337
f 1328 1337 1329
f 1327 1335 1336
f 1327 1336 1328
f 1326 1334 1335
f 1326 1335 1327
f 1336 1322 1329
f 1336 1329 1337
f 1330 1331 1323
f 1330 1336 1337
f 1330 1338 1331
f 1332 1339 1333
f 1333 1339 1340
f 1333 1340 1334
f 1336 1342 1343
f 1336 1343 67
f 67 1343 1338
f 67 1338 1330
f 1336 67 1330
f 1335 1341 1342
f 1335 1342 1336
f 1334 1340 1341
f 1334 1341 1335
f 1330 67 1337
f 67 1336 1337
f 1340 1343 1342
f 1341 1340 1342
f 1332 1345 1339
f 1331 1344 1345
f 1331 1345 1332
f 1330 1344 1331
f 1330 1338 1344
f 1338 1343 1346
f 1343 1342 1346
f 1339 1347 1340
f 1340 1347 1348
f 1340 1348 68
f 1340 68 1343
f 1343 68 1342
f 1342 68 1349
f 1343 68 1350
f 1343 1350 1338
f 1340 1343 1341
f 1343 1342 1341
f 1343 1342 1338
f 1345 1352 1347
f 1345 1347 1339
f 1344 1351 1352
f 1344 1352 1345
f 1338 1350 1351
f 1338 1351 1344
f 68 1349 1348
f 1349 68 1350
f 1347 1353 1354
f 1347 1354 1348
f 1348 1354 1355
f 1348 1355 68
f 68 1355 1356
f 68 1356 1350
f 1350 1356 1357
f 1350 1357 1351
f 1352 1358 1353
f 1352 1353 1347
f 1358 1352 1360
f 1352 1359 1358
f 1360 1359 1352
f 1351 1357 1358
f 1351 1358 1352
f 1353 1361 1354
f 1354 1361 1362
f 1354 1362 1355
f 1355 1362 1363
f 1355 1363 1356
f 1358 1353 1359
f 1365 1366 1367
f 1356 1363 1364
f 1356 1364 1357
f 1353 1367 1361
f 1364 1365 1366
f 1358 1357 1359
f 1359 1366 1367
f 1359 1367 1353
f 1357 1364 1366
f 1357 1366 1359
f 1361 1368 1369
f 1361 1369 1362
f 1364 1366 1370
f 1366 1367 1371
f 1372 1373 1374
f 1363 1372 1364
f 1363 1377 1372
f 1362 1369 1377
f 1362 1377 1363
f 1367 1376 1368
f 1367 1368 1361
f 1364 1372 1377
f 1371 1375 1376
f 1371 1376 1367
f 1366 1374 1375
f 1366 1375 1371
f 1370 1373 1374
f 1370 1374 1366
f 1364 1372 1373
f 1364 1373 1370
f 1373 1379 1380
f 1373 1380 1374
f 1369 1384 1385
f 1369 1385 1377
f 1368 1383 1384
f 1368 1384 1369
f 1376 1382 1383
f 1376 1383 1368
f 1377 1385 1378
f 1377 1378 1372
f 1375 1381 1382
f 1375 1382 1376
f 1374 1380 1381
f 1374 1381 1375
f 1372 1378 1373
f 1378 1379 1373
f 1386 1387 1379
f 1379 1387 1388
f 1379 1388 1380
f 1380 1388 1389
f 1380 1389 1381
f 1384 1392 1385
f 1383 1391 1392
f 1383 1392 1384
f 1382 1390 1391
f 1382 1391 1383
f 1385 1393 1386
f 1385 1386 1378
f 1381 1389 1390
f 1381 1390 1382
f 1378 1385 1393
f 1386 1379 1378
f 1385 1392 1393
f 1392 1386 1393
f 1391 1390 1392
f 1386 1394 1395
f 1386 1395 1387
f 1387 1395 1388
f 1388 1395 1396
f 1388 1396 1397
f 1388 1397 1389
f 1400 1399 1394
f 1390 1398 1400
f 1390 1400 1392
f 1398 1399 1400
f 1393 1401 1394
f 1393 1394 1386
f 1392 1400 1401
f 1392 1401 1393
f 1389 1397 1398
f 1389 1398 1390
f 1400 1394 1401
f 1396 1403 1404
f 1396 1404 1397
f 1394 1407 1402
f 1394 1402 1395
f 1399 1407 1394
f 1400 1408 1407
f 1400 1407 1399
f 1400 1406 1408
f 1399 1406 1400
f 1398 1405 1406
f 1398 1406 1399
f 1397 1404 1405
f 1397 1405 1398
f 1406 1407 1408
f 1396 1402 1403
f 1395 1402 1396
f 1403 1411 1404
f 1404 1411 1412
f 1407 1414 1410
f 1407 1410 1402
f 1402 1403 1409
f 1403 1404 1409
f 1406 1413 1414
f 1406 1414 1407
f 1405 1412 1413
f 1405 1413 1406
f 1404 1412 1405
f 1403 71 1411
f 1403 1415 71
f 1409 1415 1403
f 1402 1410 1415
f 1402 1415 1403
f 1410 1415 1416
f 1415 71 1417
f 1415 1417 1411
f 71 1411 1417
f 71 1415 1411
f 1411 1418 1419
f 1411 1419 1412
f 1413 1420 1421
f 1413 1421 1414
f 1414 1421 1422
f 1414 1422 1410
f 1412 1419 1420
f 1412 1420 1413
f 1424 1425 1418
f 1415 1424 1418
f 1415 1418 1411
f 1410 1423 1416
f 1410 1422 1423
f 1423 1422 1416
f 1416 1423 1424
f 1416 1424 1415
f 1418 1426 1427
f 1418 1427 1419
f 1419 1427 1428
f 1419 1428 1420
f 1420 1428 1429
f 1420 1429 1421
f 1421 1429 1430
f 1421 1430 1422
f 1429 1430 1422
f 1425 1433 1426
f 1425 1426 1418
f 1424 1433 1425
f 1426 1428 1427
f 1424 1432 1433
f 1423 1431 1432
f 1423 1432 1424
f 1422 1430 1431
f 1422 1431 1423
f 1426 1434 72
f 1426 72 1438
f 1438 72 1435
f 1438 1435 1428
f 1428 1435 1436
f 1428 1436 1429
f 1429 1436 1437
f 1429 1437 1430
f 1426 1438 1427
f 1438 1428 1427
f 1435 1437 1429
f 1426 1441 1434
f 1433 1441 1426
f 72 1434 1442
f 72 1435 1434
f 1435 72 1442
f 1442 1434 1435
f 1432 1440 1441
f 1432 1441 1433
f 1431 1439 1440
f 1431 1440 1432
f 1430 1437 1439
f 1430 1439 1431
f 1437 1435 1436
f 1434 1443 1444
f 1434 1444 72
f 72 1444 1435
f 1435 1444 1445
f 1435 1445 1437
f 1439 1446 1447
f 1439 1447 1440
f 72 1445 1437
f 72 1444 1445
f 1449 1444 72
f 1434 1448 1443
f 1441 1448 1434
f 1437 1445 1446
f 1441 1447 1448
f 1440 1447 1441
f 1437 1446 1439
f 1445 1444 1449
f 1446 1452 1453
f 1446 1453 1447
f 1447 1453 1451
f 1447 1453 73
f 1447 73 1454
f 1444 1450 1456
f 1444 1456 1445
f 1443 1455 1450
f 1443 1450 1444
f 1448 1455 1443
f 1446 1447 1451
f 1445 1452 1446
f 1445 1456 1452
f 1448 1454 1455
f 1447 1454 1448
f 1452 1457 1453
f 1452 1453 73
f 73 1453 1454
f 1452 1458 1459
f 1452 1459 1457
f 1457 1459 1460
f 1457 1460 1453
f 1453 1460 1461
f 1453 1461 1454
f 1450 1463 1464
f 1450 1464 1456
f 1455 1462 1463
f 1455 1463 1450
f 1455 1454 1462
f 1456 1458 1452
f 1456 1464 1458
f 1454 1461 1462
f 1453 1465 1454
f 1458 1459 1457
f 1461 1460 1466
f 1458 1467 1468
f 1458 1468 1459
f 1460 1469 1470
f 1460 1470 1466
f 1466 1470 1461
f 1461 1470 1471
f 1471 1472 1474
f 1463 1462 1474
f 1472 1463 1474
f 1464 1473 1467
f 1464 1467 1458
f 1472 1473 1464
f 1461 1471 1474
f 1461 1474 1462
f 1464 1463 1472
f 1459 1468 1469
f 1459 1469 1460
f 1471 1475 1474
f 1475 1472 1474
f 1467 1476 1477
f 1467 1477 1468
f 1470 1478 1479
f 1470 1479 1471
f 1480 1476 1481
f 74 1480 1479
f 1473 1481 1476
f 1473 1476 1467
f 1472 1480 1481
f 1472 1481 1473
f 1474 1479 1480
f 1474 1480 1472
f 1471 1479 1474
f 1469 1482 1478
f 1469 1478 1470
f 1468 1477 1482
f 1468 1482 1469
f 1482 1477 1469
f 74 1476 1481
f 74 1481 1480
f 1478 1483 1484
f 1478 1484 1479
f 1476 1486 1477
f 1480 1485 1486
f 1480 1486 1476
f 1480 1487 1485
f 74 1485 1487
f 74 1487 1480
f 1479 1484 1485
f 1479 1485 74
f 1476 74 1480
f 1476 1486 1488
f 1476 1488 1477
f 1482 1489 1483
f 1482 1483 1478
f 1488 1489 1490
f 1482 1490 1489
f 1491 1490 1482
f 1477 1488 1490
f 1477 1490 1482
f 1483 1492 1484
f 1484 1492 1493
f 1484 1493 1494
f 1484 1494 1485
f 1485 1494 1495
f 1485 1495 1486
f 1488 1490 1496
f 1489 1488 1496
f 1489 1496 1490
f 1484 1485 1493
f 1485 1494 1493
f 1485 1494 1486
f 1499 1500 1492
f 1486 1495 1497
f 1486 1497 1488
f 1490 1499 1492
f 1490 1492 1483
f 1496 1498 1499
f 1496 1499 1490
f 1488 1498 1496
f 1488 1497 1498
f 1483 1489 1490
f 1505 1499 1492
f 1492 1501 1502
f 1492 1502 1493
f 1493 1502 1503
f 1493 1503 1494
f 1494 1503 1504
f 1494 1504 1495
f 1495 1504 1497
f 1498 1507 1508
f 1498 1508 1499
f 1495 1504 1506
f 1495 1506 1497
f 1501 1503 1502
f 1492 1509 1501
f 1505 1509 1492
f 1499 1508 1509
f 1499 1509 1505
f 1497 1506 1507
f 1497 1507 1498
f 1501 1510 1503
f 1503 1510 1511
f 1503 1511 1512
f 1503 1512 1504
f 1507 1514 1515
f 1507 1515 1508
f 1511 1513 1512
f 1504 1513 1506
f 1504 1512 1513
f 75 1510 1511
f 75 1511 1503
f 1501 1517 1510
f 1501 1510 75
f 1510 1517 1518
f 1511 1510 1518
f 1509 1516 1517
f 1509 1517 1501
f 1506 1514 1507
f 1506 1513 1514
f 1513 1514 1507
f 1515 1516 1509
f 1508 1515 1509
f 1510 1517 1511
f 1510 1513 1512
f 1510 1512 1511
f 1514 1519 1520
f 1514 1520 1515
f 1515 1520 1521
f 1515 1521 1516
f 1510 1523 1524
f 1510 1524 1513
f 1517 1522 1523
f 1517 1523 1510
f 1513 1524 1519
f 1513 1519 1514
f 1516 1521 1522
f 1516 1522 1517
f 1519 1520 1527
f 1520 1526 1527
f 1519 1527 1526
f 1526 76 1520
f 1520 76 1529
f 1520 1529 1521
f 1532 1528 1519
f 1523 1531 1532
f 1523 1532 1524
f 1522 1531 1523
f 1519 1526 1520
f 1531 1522 1530
f 1524 1532 1519
f 1521 1529 1530
f 1521 1530 1522
f 1520 1526 1521
f 1520 1534 1529
f 1526 1534 1520
f 1527 1533 1534
f 1527 1534 1526
f 1519 1528 1533
f 1519 1533 1527
f 1534 1535 1529
f 76 1529 1535
f 1534 76 1535
f 1534 1537 1529
f 1540 1537 1538
f 1532 1539 1528
f 1531 1538 1539
f 1531 1539 1532
f 1530 1540 1538
f 1530 1538 1531
f 1529 1537 1540
f 1529 1540 1530
f 1536 1528 1539
f 1537 1544 1538
f 1529 1543 1537
f 1535 1543 1529
f 1534 1542 1543
f 1534 1543 1535
f 1528 1536 1541
f 1528 1541 1533
f 1534 1541 1542
f 1533 1541 1534
f 1543 1545 1537
f 1539 1548 1536
f 1538 1547 1548
f 1538 1548 1539
f 1538 1546 1547
f 1537 1545 1546
f 1537 1546 1538
f 1549 1536 1548
f 1547 1549 1548
f 1543 1552 1545
f 1542 1552 1543
f 1536 1550 1541
f 1536 1549 1550
f 1546 1545 1547
f 1542 1551 1552
f 1542 1550 1551
f 1541 1550 1542
f 1546 1549 1548
f 1546 1548 1547
f 1545 1553 1554
f 1545 1554 1546
f 1554 1555 1549
f 1547 1554 1555
f 1547 1555 1549
f 1546 1554 1547
f 1549 1546 1547
f 1556 77 1551
f 1551 77 1557
f 1549 1555 1556
f 1549 1556 1550
f 1545 1558 1553
f 1552 1558 1545
f 1556 1551 1559
f 1556 1559 1550
f 1551 77 1559
f 1551 77 1558
f 1551 1558 1552
f 1550 1559 1551
f 1556 1560 1557
f 1558 1561 1553
f 1553 1561 1562
f 1553 1562 1554
f 1554 1562 1563
f 1554 1563 1555
f 1556 1557 77
f 77 1557 1558
f 1556 1564 1565
f 1556 1565 1560
f 1560 1565 1566
f 1560 1566 1557
f 1557 1566 1567
f 1557 1567 1568
f 1555 1564 1556
f 1555 1563 1564
f 1558 1568 1561
f 1558 1567 1568
f 1557 1567 1558
f 1561 1568 1569
f 1561 1569 1562
f 1562 1569 1570
f 1562 1570 1563
f 1566 1567 1568
f 1564 1571 1572
f 1564 1572 1565
f 1565 1572 1573
f 1565 1573 1566
f 1566 1573 1574
f 1566 1574 1567
f 1567 1574 1575
f 1575 78 1569
f 1563 1571 1564
f 1563 1570 1571
f 1568 1575 1569
f 1568 1569 1562
f 1575 1569 1576
f 1567 1575 1568
f 1569 1571 1570
f 78 1575 1576
f 1569 78 1576
f 1571 1577 1572
f 1573 1578 1574
f 1581 1577 1571
f 1569 1580 1581
f 1569 1581 1571
f 1569 1582 1580
f 78 1580 1569
f 1575 1579 1580
f 1575 1580 78
f 1582 1581 1583
f 1575 1578 1579
f 1574 1578 1575
f 1581 1580 1582
f 1573 1584 1578
f 1572 1577 1584
f 1572 1584 1573
f 1577 1585 1584
f 1578 1587 1588
f 1581 1590 1586
f 1581 1586 1577
f 1580 1589 1581
f 1577 1585 1591
f 1580 1579 1589
f 1579 1588 1589
f 1578 1588 1579
f 1581 1589 1590
f 1584 1594 1587
f 1584 1587 1578
f 1584 1585 1594
f 1577 1586 1591
f 1591 1592 1593
f 1591 1593 1585
f 1577 1592 1591
f 1586 1592 1577
f 1587 1594 1593
f 1594 1585 1593
f 1587 1596 1600
f 1600 1596 1597
f 1598 1599 1586
f 1589 1597 1598
f 1589 1598 1590
f 1588 1600 1597
f 1588 1597 1589
f 1588 1596 1600
f 1587 1596 1588
f 1598 1586 1590
f 1587 1593 1595
f 1596 79 1597
f 1595 1596 1587
f 1586 1599 1592
f 1593 1602 1603
f 1593 1603 1595
f 1592 1601 1602
f 1592 1602 1593
f 1586 1601 1592
f 1599 1601 1586
f 1596 1595 1603
f 1596 1604 1605
f 1596 1605 79
f 1606 1607 1608
f 1608 1607 1599
f 1596 79 1604
f 79 1596 1600
f 79 1605 1606
f 79 1606 1604
f 1597 79 1600
f 1597 1606 1608
f 1597 1608 1598
f 1600 1604 1606
f 1600 1606 1597
f 1596 1604 1600
f 1608 1599 1598
f 1601 1609 1610
f 1601 1610 1602
f 1606 1605 1607
f 1603 1604 1596
f 1599 1607 1601
f 1602 1610 1603
f 1603 1611 1604
f 1607 1609 1601
f 1610 1611 1603
f 1604 1612 1613
f 1604 1613 1605
f 1605 1613 1614
f 1605 1614 1607
f 1609 1616 1617
f 1609 1617 1610
f 1610 1617 1615
f 1610 1617 1618
f 1610 1618 1619
f 1610 1619 1611
f 1607 1614 1609
f 1611 1619 1612
f 1611 1612 1604
f 1609 1610 1615
f 1609 1615 1620
f 1610 1611 1615
f 1614 1616 1609
f 1612 1622 1613
f 1613 1622 1614
f 1615 1617 1618
f 1616 1621 1617
f 1616 1617 1615
f 1619 1618 1623
f 1617 1619 1623
f 1618 1617 1623
f 1616 1624 1625
f 1616 1625 1621
f 1617 1626 1627
f 1617 1627 1623
f 1623 1627 1628
f 1623 1628 1619
f 1614 1630 1616
f 1613 1622 1630
f 1613 1630 1614
f 1612 1629 1622
f 1619 1628 1629
f 1619 1629 1612
f 1630 1624 1616
f 1629 1628 1622
f 1622 1624 1630
f 1621 1625 1626
f 1621 1626 1617
f 1624 1625 1621
f 1624 1631 1632
f 1624 1632 1625
f 1627 1633 1634
f 1627 1634 1628
f 1630 1631 1624
f 1622 1636 1631
f 1622 1631 1630
f 1628 1634 1636
f 1628 1636 1622
f 1634 1635 1636
f 1637 1631 1624
f 1631 1636 1637
f 1635 1631 1637
f 1636 1635 1637
f 1626 1633 1627
f 1625 1632 1626
f 1631 1632 1625
f 1626 1638 1633
f 1625 1632 1638
f 1625 1638 1626
f 1633 1641 1642
f 1633 1642 1634
f 1631 1644 1639
f 1631 1639 1632
f 1638 1640 1632
f 1635 1643 1644
f 1635 1644 1631
f 1634 1642 1643
f 1634 1643 1635
f 1639 1645 81
f 1639 81 1646
f 1638 1632 1647
f 81 1645 1646
f 1638 1647 1640
f 1645 1641 1648
f 1633 1648 1641
f 1640 1645 1648
f 1640 1648 1633
f 1647 1646 1645
f 1647 1645 1640
f 1632 1639 1646
f 1632 1646 1647
f 1633 1638 1640
f 1641 1649 1650
f 1641 1650 1642
f 1644 1652 1653
f 1644 1653 1639
f 1645 1639 1646
f 1643 1651 1652
f 1643 1652 1644
f 1642 1650 1651
f 1642 1651 1643
f 1654 1655 1645
f 1645 1655 1656
f 1654 1645 1646
f 1645 1656 1648
f 1641 1656 1649
f 1648 1656 1641
f 1639 1653 1654
f 1639 1654 1646
f 1649 1657 1658
f 1649 1658 1651
f 1651 1658 1659
f 1651 1658 1660
f 1651 1660 1653
f 1650 1649 1651
f 1651 1659 1650
f 1651 1653 1652
f 1654 1661 1662
f 1654 1662 1655
f 1655 1662 1663
f 1655 1663 1656
f 1658 1659 1657
f 1659 1658 1660
f 1649 1663 1657
f 1656 1663 1649
f 1653 1660 1661
f 1653 1661 1654
f 1657 1664 1658
f 1658 1664 1665
f 1658 1665 1660
f 1661 1662 1655
f 1662 1667 1663
f 1657 1669 1664
f 1661 1662 1667
f 1662 1667 1670
f 1660 1665 1666
f 1660 1666 1661
f 1663 1668 1669
f 1663 1669 1657
f 1670 1667 1663
f 1663 1662 1670
f 1667 1672 1668
f 1667 1668 1663
f 1662 1672 1667
f 1661 1666 1672
f 1661 1672 1662
f 1672 1666 1671
f 1672 1667 1673
f 1668 1672 1673
f 1668 1673 1675
f 1677 1674 1678
f 1664 1677 1665
f 1669 1676 1677
f 1669 1677 1664
f 1669 1668 1676
f 1665 1674 1666
f 1678 1674 1665
f 1668 1675 1676
f 1666 1665 1678
f 1665 1677 1678
f 1676 1675 1677
f 1673 1681 1675
f 1671 1679 1672
f 1666 1679 1671
f 1666 1674 1679
f 1672 1680 1681
f 1672 1681 1673
f 1671 1679 1680
f 1671 1680 1672
f 1682 1674 1678
f 1677 1682 1678
f 1675 1681 1683
f 1675 1682 1677
f 1683 1684 1686
f 1682 1675 1676
f 1682 1676 1686
f 1677 1682 1686
f 1682 1684 1685
f 1682 1685 1674
f 1686 1684 1682
f 1676 1683 1686
f 1675 1683 1676
f 1680 83 1688
f 1685 1687 1674
f 1681 1688 1683
f 1674 1687 1679
f 83 1680 1687
f 1680 1688 1681
f 1679 1687 1680
f 1689 1690 1688
f 1683 1688 1691
f 1692 1693 1685
f 1685 1693 1687
f 83 1689 1687
f 1688 83 1689
f 1684 1692 1685
f 1683 1691 1692
f 1683 1692 1684
f 1694 1695 1689
f 1689 1695 1696
f 1689 1696 1690
f 1690 1696 1697
f 1690 1697 1688
f 1685 1694 1687
f 1693 1694 1685
f 1688 1697 1691
f 1694 1689 1687
f 1697 1699 1700
f 1697 1700 1691
f 1691 1700 1701
f 1691 1701 1692
f 1692 1701 1702
f 1692 1702 1694
f 1692 1694 1693
f 1695 1694 1698
f 1703 1704 1698
f 1698 1704 1705
f 1698 1705 1695
f 1696 1706 1697
f 1697 1706 1699
f 1707 1702 1703
f 1707 1703 1694
f 1701 1702 1707
f 1697 1696 1699
f 1694 1703 1698
f 1702 1701 1703
f 1699 1708 1709
f 1699 1709 1702
f 1700 1699 1701
f 1695 1705 1706
f 1695 1706 1696
f 1699 1702 1701
f 1704 1710 1705
f 1712 1710 1704
f 1702 1709 1703
f 1705 1706 1713
f 1703 1712 1704
f 1699 1711 1708
f 1706 1711 1699
f 1703 1709 1712
f 1704 1710 84
f 1704 84 1705
f 1706 1713 1716
f 1716 1715 1711
f 1716 1711 1706
f 1713 1714 1715
f 1713 1715 1716
f 1705 1714 1713
f 84 1714 1705
f 1720 1721 1717
f 1720 1717 1710
f 1708 1719 1720
f 1708 1720 1709
f 84 1710 1714
f 1711 1718 1719
f 1712 1722 1717
f 1712 1717 1710
f 1709 1720 1722
f 1709 1722 1712
f 1711 1719 1708
f 1710 1709 1712
f 1720 1717 1722
f 1717 1723 1721
f 84 1721 1714
f 1710 1717 1721
f 1710 1721 84
f 1723 1724 1715
f 1723 1715 1714
f 1711 1724 1718
f 1715 1724 1711
f 1717 1725 1723
f 1717 1723 1714
f 1714 1721 1717
f 1721 1723 1725
f 1717 1721 1725
f 1730 1726 1727
f 1721 1728 1729
f 1721 1729 1717
f 1721 1728 1717
f 1720 1728 1721
f 1720 1727 1728
f 1719 1730 1727
f 1719 1727 1720
f 1719 1726 1730
f 1718 1726 1719
f 1723 85 1732
f 1723 1732 1724
f 1728 1729 1717
f 1726 1728 1727
f 1724 1726 1718
f 1717 1729 1725
f 1728 1726 1730
f 1724 1732 1726
f 1725 1731 85
f 1725 85 1723
f 1729 1731 1725
f 1728 1730 1727
f 85 1733 1732
f 1728 85 1731
f 1728 1731 1729
f 85 1732 1736
f 85 1736 1733
f 1726 1734 1735
f 1726 1735 1728
f 85 1737 1738
f 85 1738 1733
f 1736 1739 1732
f 1732 1739 1740
f 1728 1735 1737
f 1728 1737 85
f 1726 1740 1734
f 1732 1740 1726
f 1740 1732 1734
f 1737 1741 1742
f 1737 1735 1742
f 85 1737 1741
f 85 1741 1731
f 1734 1743 1744
f 1734 1744 1735
f 1733 1738 1739
f 1733 1739 1736
f 1735 1737 1741
f 1737 1745 1746
f 1737 1746 1738
f 1739 1747 1740
f 1735 1745 1737
f 1735 1744 1745
f 1740 1747 1743
f 1740 1743 1734
f 1737 1745 1748
f 1737 1748 1741
f 1741 1738 1737
f 1745 1737 1741
f 1745 1741 1748
f 1743 1747 1745
f 1743 1745 1744
f 1739 1749 1747
f 1745 1746 1738
f 1738 1746 1749
f 1738 1749 1739
f 1745 1748 1746
f 1749 86 1747
f 1747 86 1752
f 1745 1753 1751
f 1745 1751 1746
f 1747 1752 1753
f 1747 1753 1745
f 1752 1753 1755
f 1747 1749 1754
f 1747 1754 1750
f 1749 1747 1750
f 1749 1750 1754
f 1749 86 1752
f 1752 86 1760
f 1752 1760 1761
f 1751 1756 1758
f 1756 1757 1759
f 1756 1759 1758
f 1749 1746 1758
f 1749 1758 1759
f 1757 86 1759
f 1749 86 1760
f 1749 1759 86
f 1746 1751 1758
f 86 1752 1761
f 86 1761 1760
f 86 1762 1752
f 1752 1762 1763
f 1764 1765 1753
f 1753 1765 1751
f 1763 1764 1753
f 1753 1752 1763
f 1756 1766 1767
f 1756 1767 1757
f 1762 1763 1768
f 86 1767 1768
f 86 1768 1760
f 1757 1767 86
f 1751 1765 1766
f 1751 1766 1756
f 1762 86 1760
f 1762 1760 1768
f 1762 1768 1767
f 1762 87 1763
f 1763 87 1769
f 1770 1771 1764
f 1764 1771 1765
f 1763 1769 1770
f 1763 1770 1764
f 1762 1768 1772
f 1762 1767 1772
f 1767 1774 1775
f 1769 1771 1770
f 1768 1776 87
f 1768 87 1762
f 1768 1775 1776
f 1772 1775 1768
f 1765 1771 1773
f 1765 1773 1766
f 1767 1775 1772
f 87 1771 1770
f 87 1770 1769
f 87 1777 1778
f 87 1778 1771
f 1766 1773 1774
f 1766 1774 1767
f 1773 1774 1779
f 1774 1775 1782
f 1776 1777 87
f 1777 1776 1783
f 1779 1773 1781
f 1771 1778 1780
f 1771 1780 1773
f 1775 1782 1783
f 1775 1783 1776
f 1786 1785 1782
f 1774 1786 1782
f 1774 1785 1786
f 1779 1785 1774
f 1773 1780 1784
f 1773 1784 1781
f 1782 1777 1783
f 1779 1785 1787
f 1779 1787 1782
f 1781 1784 1785
f 1781 1785 1779
f 1786 1782 1787
f 1786 1785 1779
f 1786 1779 1782
f 1785 1786 1787
f 1780 1788 1784
f 1777 1790 1791
f 1777 1791 1778
f 1782 1786 1777
f 1786 1782 1783
f 88 1790 1789
f 1777 1786 1783
f 1777 1783 1790
f 1791 1788 1780
f 1783 1789 1790
f 1782 1789 1783
f 1780 1778 1791
f 1782 1785 1787
f 1790 88 1788
f 1787 1794 1789
f 1787 1789 1782
f 1785 1794 1787
f 1780 1788 1792
f 1780 1792 1784
f 1793 1785 1792
f 1785 1793 1794
f 1784 1792 1785
f 1790 1788 1791
f 1789 1795 1796
f 1788 1797 1792
f 1798 1796 1797
f 1798 1797 1788
f 1790 1796 1798
f 88 1796 1790
f 1789 1796 88
f 1788 88 1798
f 88 1790 1798
f 1792 1799 1800
f 1792 1800 1793
f 1793 1800 1801
f 1793 1800 1802
f 1788 1797 1799
f 1788 1799 1792
f 1794 1802 1795
f 1794 1795 1789
f 1792 1793 1803
f 1793 1802 1794
f 1800 1801 1802
f 1795 1805 1806
f 1795 1806 1796
f 1796 1806 1807
f 1796 1807 1797
f 1797 1807 1799
f 1799 1801 1800
f 1801 1799 1804
f 1801 1800 1808
f 1801 1808 1802
f 1800 1802 1808
f 1809 1810 1799
f 1799 1810 1804
f 1804 1810 1811
f 1804 1811 1801
f 1801 1811 1812
f 1801 1812 1808
f 1808 1812 1813
f 1808 1813 1802
f 1797 1807 1809
f 1797 1809 1799
f 1795 1813 1805
f 1802 1813 1795
f 1799 1809 1804
f 1805 1813 1814
f 1805 1814 1806
f 1806 1814 1815
f 1806 1815 1807
f 1807 1815 1809
f 1815 1816 1810
f 1812 1817 1818
f 1812 1818 1813
f 1814 1815 1809
f 1806 1819 1814
f 1813 1818 1819
f 1813 1819 1806
f 1818 1819 1820
f 1819 1814 1820
f 1814 1815 1821
f 1809 1815 1810
f 1819 1815 1814
f 1811 1822 1817
f 1811 1817 1812
f 1810 1816 1822
f 1810 1822 1811
f 1819 1818 1814
f 1817 1825 1826
f 1819 1827 1828
f 1819 1828 1815
f 1818 1826 1827
f 1818 1827 1819
f 1822 1817 1824
f 1815 1823 1816
f 1815 1828 1823
f 1818 1817 1826
f 1830 1831 1825
f 1816 1829 1822
f 1816 1823 1829
f 1829 1830 1832
f 1822 1816 1824
f 1822 1824 1833
f 1817 1831 1825
f 1833 1831 1817
f 1824 1830 1831
f 1824 1831 1833
f 1816 1832 1830
f 1816 1830 1824
f 1823 1832 1816
f 1823 1829 1832
f 1817 1822 1833
f 1823 1832 1830
f 1825 1835 1836
f 1823 1830 1829
f 1828 1838 1823
f 1827 1837 1838
f 1827 1838 1828
f 1826 1836 1837
f 1826 1837 1827
f 1826 1825 1836
f 1834 1823 1838
f 1823 1834 1832
f 1840 1841 1831
f 1840 1831 1830
f 1831 1841 1835
f 1832 1839 1840
f 1832 1840 1830
f 1834 1839 1832
f 1837 1834 1838
f 1835 1825 1831
f 1835 1842 1843
f 90 1844 1845
f 90 1845 1834
f 1835 1843 1846
f 1837 1843 1834
f 1836 1846 1843
f 1836 1843 1837
f 1836 1835 1846
f 90 1837 1834
f 1844 90 1834
f 1844 1834 1843
f 1840 1848 1849
f 1840 1849 1841
f 1846 1842 1843
f 1834 1845 1839
f 1842 1844 1843
f 1835 1849 1842
f 1841 1849 1835
f 1839 1847 1840
f 1845 1847 1839
f 1848 1840 1847
f 1842 1850 1851
f 1842 1851 1844
f 1844 1851 1845
f 1848 1849 1852
f 1853 91 1848
f 1848 91 1854
f 1848 1854 1852
f 1852 1854 1855
f 1852 1855 1858
f 1858 1855 1849
f 1849 1855 1856
f 1845 1853 1847
f 1845 1857 1853
f 1844 1851 1857
f 1844 1857 1845
f 1849 1850 1842
f 1849 1852 1858
f 1849 1856 1850
f 1853 1848 1847
f 1850 1859 1851
f 1851 1853 1857
f 91 1854 1852
f 1853 1860 1861
f 1853 1861 91
f 91 1861 1862
f 91 1862 1854
f 1855 1863 1864
f 1855 1864 1856
f 1851 1861 1853
f 1851 1859 1861
f 1850 1865 1859
f 1850 1856 1865
f 1866 1860 1853
f 1850 1864 1865
f 1856 1864 1850
f 1853 1861 1866
f 1861 1860 1866
f 91 1853 1854
f 1861 1859 1866
f 1854 1862 1863
f 1854 1863 1855
f 1859 1861 1860
f 1860 1867 1862
f 1862 1861 1860
f 1861 1862 1867
f 1861 1867 1860
f 1861 92 1868
f 1861 1868 1862
f 1863 1869 1870
f 1863 1870 1864
f 1859 92 1861
f 1859 1872 92
f 1865 1871 1872
f 1865 1872 1859
f 92 1861 1860
f 92 1860 1873
f 1861 92 1873
f 1861 1873 1860
f 1872 92 1861
f 1865 1870 1871
f 1864 1870 1865
f 1862 1869 1863
f 1862 1868 1869
f 1870 92 1872
f 1870 1872 1871
f 1868 92 1873
f 1868 1873 1874
f 92 1868 1874
f 92 1874 1873
f 1869 1876 1877
f 1869 1877 1870
f 92 1878 1875
f 92 1875 1868
f 1872 1878 92
f 1871 1877 1878
f 1871 1878 1872
f 1870 1877 1871
f 92 1870 1871
f 92 1871 1872
f 1875 1879 1880
f 1875 1880 1876
f 1877 1876 1885
f 1878 1875 1886
f 1875 1881 1886
f 1869 1868 1882
f 1869 1882 1883
f 1885 1884 1877
f 1883 1880 1876
f 1883 1876 1869
f 1882 1879 1880
f 1882 1880 1883
f 1868 1875 1879
f 1868 1879 1882
f 1876 1877 1884
f 1876 1884 1885
f 1876 1887 1877
f 1877 1887 1888
f 1878 1889 1890
f 1878 1890 1875
f 1877 1888 1889
f 1877 1889 1878
f 1889 1890 1875
f 1876 1887 1888
f 1887 1888 1893
f 1876 1887 1893
f 1880 1892 1887
f 1880 1887 1876
f 1879 1891 1892
f 1879 1892 1880
f 1875 1890 1891
f 1875 1891 1879
f 1887 1894 1888
f 1888 1894 1895
f 1888 1895 1889
f 1889 1895 1896
f 1889 1896 1890
f 1895 1896 1890
f 1887 93 1894
f 1893 1899 93
f 1893 93 1887
f 1887 93 1899
f 1887 1899 1893
f 93 1894 1899
f 1892 1898 1899
f 1892 1899 1893
f 1891 1897 1898
f 1891 1898 1892
f 1890 1897 1891
f 1896 1897 1890
f 1887 1892 1893
f 93 1899 1898
f 1894 93 1900
f 1894 1900 1901
f 1894 1901 1895
f 1895 1901 1896
f 93 1898 1902
f 93 1902 1899
f 1898 1899 1902
f 1897 1904 1905
f 1897 1905 1898
f 1895 1903 1896
f 1895 1901 1903
f 93 1908 1900
f 1899 1907 1908
f 1899 1908 93
f 1902 1906 1907
f 1902 1907 1899
f 1898 1905 1906
f 1898 1906 1902
f 1896 1904 1897
f 1896 1903 1904
f 1900 1903 1901
f 1904 1909 94
f 1904 94 1905
f 1900 1912 1913
f 1900 1913 1903
f 1908 1912 1900
f 1907 1912 1908
f 1912 1907 1911
f 1903 1913 1909
f 1906 1910 1911
f 1906 1911 1907
f 1905 1910 1906
f 1903 1909 1904
f 1905 94 1910
f 1913 1912 1914
f 1913 1914 1915
f 1912 1913 1915
f 1912 1915 1914
f 1909 94 1916
f 1909 1917 1918
f 1909 1918 94
f 94 1918 1919
f 94 1918 1920
f 94 1920 1910
f 1912 1922 1923
f 1912 1923 1913
f 1909 1916 1924
f 94 1909 1924
f 94 1924 1916
f 1913 1923 1917
f 1913 1917 1909
f 1911 1921 1922
f 1911 1922 1912
f 1911 1920 1921
f 1910 1920 1911
f 1917 1919 1918
f 1919 1917 1925
f 1917 1926 1927
f 1917 1927 1928
f 1917 1928 1919
f 1919 1928 1929
f 1919 1929 1918
f 1918 1929 1930
f 1918 1930 1920
f 1923 1933 1926
f 1923 1926 1917
f 1922 1932 1933
f 1922 1933 1923
f 1921 1931 1932
f 1921 1932 1922
f 1920 1930 1931
f 1920 1931 1921
f 1918 1919 1920
f 1929 1928 1930
f 1926 1934 1935
f 1926 1935 1927
f 1927 1935 1936
f 1927 1936 1928
f 1928 1936 1937
f 1928 1937 1930
f 1930 1937 1938
f 1940 1934 1926
f 1933 1940 1926
f 1932 1939 1940
f 1932 1940 1933
f 1931 1938 1939
f 1931 1939 1932
f 1930 1938 1931
f 1928 1941 1930
f 1936 1942 1937
f 1934 1935 1927
f 1934 1943 1944
f 1934 1944 1935
f 1935 1944 1936
f 1936 1945 1946
f 1936 1946 1942
f 1942 1946 1947
f 1942 1947 1937
f 1937 1947 1948
f 1937 1948 1938
f 1938 1948 1949
f 1938 1949 1939
f 1939 1949 1950
f 1939 1950 1940
f 1940 1950 1943
f 1940 1943 1934
f 1939 1949 1940
f 1935 1944 1945
f 1935 1945 1936
f 1945 1952 1946
f 1946 1952 1953
f 1946 1953 1947
f 1947 1953 1954
f 1947 1954 1948
f 1948 1954 1955
f 1948 1955 1949
f 1949 1955 1956
f 1949 1956 1950
f 1950 1956 1951
f 1950 1951 1943
f 1954 1953 1955
f 1945 1958 1952
f 1944 1957 1958
f 1944 1958 1945
f 1943 1951 1957
f 1943 1957 1944
f 1953 1959 1960
f 1953 1960 1955
f 1955 1960 1961
f 1955 1961 1956
f 1956 1961 1962
f 1956 1962 1951
f 1954 1966 1960
f 1954 1960 1955
f 1953 1959 1966
f 1953 1966 1954
f 1952 1965 1959
f 1952 1959 1953
f 1958 1964 1965
f 1958 1965 1952
f 1957 1963 1964
f 1957 1964 1958
f 1951 1962 1963
f 1951 1963 1957
f 1959 1967 1968
f 1959 1968 1960
f 1959 1960 1966
f 1980 1969 1970
f 1980 1970 1981
f 1981 1970 1971
f 1981 1971 1985
f 1985 1971 1972
f 1985 1972 1987
f 1987 1972 1971
f 1987 1971 1985
f 1985 1971 1973
f 1985 1973 1989
f 1989 1973 1974
f 1989 1974 1992
f 1992 1974 1975
f 1992 1975 1995
f 1995 1975 1976
f 1995 1976 1999
f 1999 1976 1977
f 1999 1977 2001
f 2001 1977 1969
f 2001 1969 1980
f 1969 1977 1976
f 1969 1976 1975
f 1969 1975 1974
f 1969 1974 1973
f 1969 1973 1971
f 1969 1971 1972
f 1969 1971 1970
f 1978 2002 1979
f 2002 2001 1980
f 2002 1980 1979
f 1 1978 156
f 2003 2002 1978
f 157 1998 1978
f 157 1978 1
f 1998 2003 1978
f 1998 2000 2002
f 1998 2002 2003
f 2000 1999 2001
f 2000 2001 2002
f 1997 1996 2000
f 1997 2000 1998
f 1996 1995 1999
f 1996 1999 2000
f 1 152 157
f 152 1994 1998
f 152 1998 157
f 1994 1997 1998
f 1994 1996 1997
f 1994 1993 1996
f 1993 1992 1995
f 1993 1995 1996
f 153 1991 1994
f 153 1994 152
f 1991 1990 1993
f 1991 1993 1994
f 1990 1989 1992
f 1990 1992 1993
f 154 1984 1991
f 154 1991 153
f 1984 1986 1990
f 1984 1990 1991
f 1986 1985 1989
f 1986 1989 1990
f 1988 1987 1985
f 1988 1985 1986
f 1986 1985 1987
f 1986 1987 1988
f 1983 1982 1986
f 1983 1986 1984
f 1982 1981 1985
f 1982 1985 1986
f 154 1983 1984
f 155 1983 154
f 156 155 154
f 156 1978 1983
f 156 1983 155
f 1978 1979 1982
f 1978 1982 1983
f 1979 1980 1981
f 1979 1981 1982
f 2005 2004 2007
f 2005 2007 2006
f 2004 2005 2006
f 2004 2006 2007
f 2021 2012 2026
f 2021 2026 2041
f 2011 2017 2008
f 2011 2008 2020
f 2017 2012 2021
f 2017 2021 2008
f 2015 2022 2043
f 2015 2043 2033
f 2019 2014 2029
f 2019 2029 2042
f 2030 2014 2018
f 2011 2020 2040
f 2011 2040 2031
f 2008 2021 2037
f 2008 2037 2023
f 2023 2037 2038
f 2023 2038 2024
f 2024 2038 2039
f 2024 2039 2025
f 2025 2039 2022
f 2025 2022 2009
f 2028 2016 2010
f 2036 2023 2024
f 2036 2024 2035
f 2035 2024 2025
f 2035 2025 2034
f 2020 2008 2023
f 2020 2023 2036
f 2034 2025 2009
f 2034 2009 2019
f 2009 2022 2015
f 2009 2015 2018
f 2019 2009 2018
f 2019 2018 2014
f 2039 2038 2045
f 2039 2045 2044
f 2038 2037 2046
f 2038 2046 2045
f 2037 2021 2041
f 2037 2041 2046
f 2022 2039 2044
f 2022 2044 2043
f 2036 2035 2048
f 2036 2048 2047
f 2035 2034 2049
f 2035 2049 2048
f 2034 2019 2042
f 2034 2042 2049
f 2020 2036 2047
f 2020 2047 2040
f 2026 2012 2013
f 2026 2013 2027
f 2027 2013 2016
f 2027 2016 2028
f 2017 2011 2010
f 2017 2010 2016
f 2029 2014 2030
f 2011 2031 2032
f 2011 2032 2010
f 2010 2032 2028
f 2015 2033 2030
f 2015 2030 2018
f 2012 2017 2016
f 2012 2016 2013
f 2041 2026 2027
f 2041 2027 2028
f 2041 2028 2032
f 2041 2032 2031
f 2041 2031 2040
f 2041 2040 2047
f 2041 2047 2048
f 2041 2048 2049
f 2041 2049 2042
f 2041 2042 2029
f 2041 2029 2030
f 2041 2030 2033
f 2041 2033 2043
f 2041 2043 2044
f 2041 2044 2045
f 2041 2045 2046
f 2066 2067 2054
f 2066 2054 2055
f 2061 2060 2056
f 2061 2056 2057
f 2084 1995 158
f 2084 158 2083
f 2001 2061 2057
f 2001 2057 2085
f 2070 2050 2051
f 2070 2051 2075
f 2051 2050 2058
f 2051 2058 2063
f 2063 2058 2059
f 2063 2059 2062
f 2062 2059 2060
f 2062 2060 2061
f 2052 2053 2069
f 2052 2069 2064
f 2064 2069 2068
f 2064 2068 2065
f 2065 2068 2067
f 2065 2067 2066
f 2076 2075 2051
f 2076 2051 2063
f 2076 2063 1981
f 1981 2063 2062
f 1981 2062 1980
f 1980 2062 2061
f 1980 2061 2001
f 2072 2052 2064
f 2072 2064 153
f 2072 153 2077
f 153 2064 2065
f 153 2065 152
f 152 2065 2066
f 152 2066 158
f 2060 2059 156
f 2060 156 2078
f 2059 2058 155
f 2059 155 156
f 2058 2050 2070
f 2058 2070 2079
f 2058 2079 155
f 2079 2070 2071
f 2079 2071 2080
f 2080 2071 2072
f 2080 2072 2077
f 1995 2067 2068
f 1995 2068 1992
f 1992 2068 2069
f 1992 2069 1989
f 1989 2069 2053
f 1989 2053 2073
f 1989 2073 2081
f 2081 2073 2074
f 2081 2074 1987
f 2074 2075 2076
f 2074 2076 1987
f 2052 2072 2073
f 2052 2073 2053
f 2072 2071 2074
f 2072 2074 2073
f 2071 2070 2075
f 2071 2075 2074
f 1995 2084 2054
f 1995 2054 2067
f 2055 2054 2084
f 2055 2084 2083
f 2085 2082 2078
f 2085 2078 2001
f 2082 2085 2057
f 2082 2057 2056
f 1992 152 158
f 1992 158 1995
f 1980 2001 2078
f 1980 2078 156
f 1981 1980 156
f 1981 156 155
f 2076 1981 155
f 2076 155 2079
f 2076 2079 2080
f 2076 2080 1987
f 1987 2080 2077
f 1987 2077 2081
f 2081 2077 153
f 2081 153 1989
f 1989 153 152
f 1989 152 1992
f 2066 2055 2083
f 2066 2083 158
f 2078 2082 2056
f 2078 2056 2060
f 2050 2051 2087
f 2050 2087 2086
f 2087 2089 2090
f 2087 2090 2086
f 2087 2051 2088
f 2087 2088 2089
f 2086 2090 2091
f 2086 2091 2050
f 2051 2050 2091
f 2051 2091 2088
f 2089 2088 2091
f 2089 2091 2090
f 2093 97 2097
f 2093 2097 2098
f 97 2093 2098
f 97 2098 2097
f 97 2099 2097
f 97 108 2100
f 97 2100 2099
f 108 109 2101
f 108 2101 2100
f 109 130 2102
f 109 2102 2101
f 130 141 2103
f 130 2103 2102
f 108 97 2099
f 108 2099 2100
f 109 108 2100
f 109 2100 2101
f 130 109 2101
f 130 2101 2102
f 141 130 2102
f 141 2102 2103
f 2107 2123 2112
f 2107 2112 2114
f 2121 2092 2115
f 2121 2115 2113
f 2033 2043 141
f 2033 141 2117
f 2139 2121 2113
f 2139 2113 2136
f 2093 2098 2110
f 2093 2110 2133
f 1972 2133 2110
f 1972 2110 2134
f 2136 2113 2115
f 2136 2115 2138
f 2042 2029 2119
f 2042 2119 2105
f 2031 2104 2116
f 2031 2116 2032
f 2117 141 2092
f 2117 2092 2121
f 2137 2122 2118
f 2137 2118 2140
f 2141 2117 2121
f 2141 2121 2139
f 2105 2119 2123
f 2105 2123 2107
f 2106 2108 2109
f 2106 2109 2120
f 2097 2026 2027
f 2097 2027 2118
f 2030 2033 2117
f 2030 2117 2141
f 2134 2110 2111
f 2134 2111 2135
f 2140 2118 2027
f 2140 2027 2028
f 2098 2097 2118
f 2098 2118 2122
f 2104 2106 2120
f 2104 2120 2116
f 2110 2098 2122
f 2110 2122 2111
f 2135 2111 2122
f 2135 2122 2137
f 2041 2026 2097
f 2041 2097 97
f 2043 2033 2030
f 2043 2030 2029
f 2043 2029 2042
f 2026 2041 2040
f 2026 2040 2031
f 2026 2031 2032
f 2026 2032 2028
f 2026 2028 2027
f 2041 2046 2047
f 2046 2045 2048
f 2046 2048 2047
f 2045 2044 2049
f 2045 2049 2048
f 2044 2043 2042
f 2044 2042 2049
f 2043 2044 130
f 2043 130 141
f 2044 2045 109
f 2044 109 130
f 2045 2046 108
f 2045 108 109
f 2046 2041 97
f 2046 97 108
f 1975 1976 1999
f 1975 1999 1995
f 1976 1977 2001
f 1976 2001 1999
f 1977 1969 1980
f 1977 1980 2001
f 1971 1973 1989
f 1971 1989 1985
f 1973 1974 1992
f 1973 1992 1989
f 2104 2127 2131
f 2104 2131 2106
f 2127 2126 2130
f 2127 2130 2131
f 2126 2125 2129
f 2126 2129 2130
f 2125 2124 2128
f 2125 2128 2129
f 2124 2105 2107
f 2124 2107 2128
f 2031 2040 2127
f 2031 2127 2104
f 2040 2047 2126
f 2040 2126 2127
f 2047 2048 2125
f 2047 2125 2126
f 2048 2049 2124
f 2048 2124 2125
f 2049 2042 2105
f 2049 2105 2124
f 2138 2115 1977
f 2138 1977 1976
f 1976 1974 1975
f 1971 1970 2133
f 1971 2133 1972
f 2106 2131 2132
f 2106 2132 2108
f 2131 2130 1973
f 2131 1973 2132
f 2130 2129 1974
f 2130 1974 1973
f 2129 2128 1975
f 2129 1975 1974
f 2128 2107 2114
f 2128 2114 1975
f 2092 2096 1977
f 2092 1977 2115
f 2096 2095 1969
f 2096 1969 1977
f 2095 2094 1970
f 2095 1970 1969
f 2094 2093 2133
f 2094 2133 1970
f 1973 1971 1972
f 1973 1972 2132
f 2114 2138 1976
f 2114 1976 1975
f 2109 2135 2137
f 2109 2137 2120
f 2116 2140 2028
f 2116 2028 2032
f 2108 2134 2135
f 2108 2135 2109
f 2029 2030 2141
f 2029 2141 2119
f 2119 2141 2139
f 2119 2139 2123
f 2120 2137 2140
f 2120 2140 2116
f 2112 2136 2138
f 2112 2138 2114
f 2132 1972 2134
f 2132 2134 2108
f 2123 2139 2136
f 2123 2136 2112
f 1969 1970 1981
f 1969 1981 1980
f 1970 1971 1985
f 1970 1985 1981
f 1974 1971 1973
f 1974 1975 1995
f 1974 1995 1992
f 141 130 2096
f 141 2096 2092
f 130 109 2095
f 130 2095 2096
f 109 108 2094
f 109 2094 2095
f 108 97 2093
f 108 2093 2094
