v 47.62211 20.92551 8.17671
v 47.61501 21.00519 8.19438
v 47.54360 20.92572 8.17973
v 47.59378 20.92775 8.16820
v 47.59378 20.99939 8.16820
v 47.57539 20.92775 8.16848
v 47.57538 20.99939 8.16848
v 47.54463 21.00486 8.19770
v 47.67232 21.00307 8.21459
v 47.67848 20.92589 8.21191
v 47.69141 21.00472 8.27521
v 47.70894 20.92589 8.27630
v 47.68466 21.00457 8.34060
v 47.69848 20.92589 8.34676
v 47.59317 21.00599 8.29024
v 47.61434 21.00925 8.34269
v 47.66397 21.00229 8.38826
v 47.66629 20.92589 8.39016
v 47.61335 21.00396 8.40320
v 47.55231 21.00968 8.27609
v 47.54555 21.00891 8.34373
v 47.61739 20.92589 8.41332
v 47.54788 21.00370 8.40102
v 47.48533 21.00377 8.34123
v 47.47979 21.00426 8.27285
v 47.49442 21.00256 8.21796
v 47.49366 20.92535 8.21498
v 47.54625 20.92589 8.40982
v 47.50412 21.00126 8.38639
v 47.50412 20.92589 8.38639
v 47.47667 20.92589 8.34676
v 47.46622 20.92589 8.27630
v 46.83995 20.93011 11.05624
v 46.85073 20.93011 11.31079
v 46.89074 20.93011 11.56717
v 46.84811 20.93011 12.03076
v 46.84987 20.93011 8.74576
v 46.83995 20.93011 10.36034
v 52.54741 20.93011 10.36034
v 52.54741 20.75187 10.36034
v 52.20225 20.93011 10.36034
v 52.20225 20.75187 10.36034
v 52.54741 20.93011 8.74576
v 52.54741 20.75187 8.74576
v 52.19461 20.93011 8.74576
v 52.20225 20.75187 8.74576
v 52.54741 20.93011 12.03076
v 52.54741 20.75187 12.03076
v 52.19829 20.93011 12.03076
v 52.20225 20.75187 12.03076
v 52.54741 20.93011 11.56717
v 52.54741 20.75187 11.56717
v 52.13493 20.93011 11.56717
v 52.20225 20.75187 11.56717
v 52.54741 20.93011 11.31079
v 52.54741 20.75187 11.31079
v 52.19516 20.93011 11.31079
v 52.20225 20.75187 11.31079
v 52.54741 20.93011 11.05624
v 52.54741 20.75187 11.05624
v 52.20225 20.93011 11.05624
v 52.20225 20.75187 11.05624
v 52.54741 20.93011 7.72811
v 52.54741 20.75187 7.72811
v 52.13289 20.93011 7.72811
v 52.20225 20.75187 7.72811
v 52.54741 20.93011 7.11549
v 52.54741 20.75187 7.11549
v 52.19794 20.93011 7.11549
v 52.20225 20.75187 7.11549
v 47.84392 20.93011 10.36034
v 47.84392 20.75187 10.36034
v 47.87287 20.93011 8.74576
v 47.84392 20.75187 8.74576
v 47.84392 20.75187 12.03076
v 47.23942 20.93011 11.95457
v 47.84392 20.75187 11.56717
v 47.54693 20.93011 11.57016
v 47.84392 20.75187 11.31079
v 47.87707 20.93011 11.31079
v 47.84392 20.75187 11.05624
v 47.84392 20.93011 11.05624
v 47.51702 20.93010 7.56961
v 47.84392 20.75187 7.72811
v 47.23043 20.93010 7.18189
v 47.84392 20.75187 7.11549
v 51.17572 20.75187 10.36034
v 51.17572 20.75187 8.74576
v 51.17572 20.75187 12.03076
v 51.17572 20.75187 11.56717
v 51.17572 20.75187 11.31079
v 51.17572 20.75187 11.05624
v 51.17572 20.75187 7.72811
v 51.17572 20.75187 7.11549
v 51.17572 20.93011 10.36034
v 51.14267 20.93011 8.74576
v 51.89364 20.93011 11.95524
v 51.59905 20.93011 11.57687
v 51.14665 20.93011 11.31079
v 51.17572 20.93011 11.05624
v 51.47278 20.93011 7.56961
v 51.88815 20.93011 7.18073
v 52.54741 20.93011 11.90444
v 52.54741 20.93011 11.83430
v 52.54741 20.93011 11.77008
v 52.54741 20.93011 11.70568
v 52.54741 20.93011 11.64114
v 52.54741 20.75187 11.90444
v 52.54741 20.75187 11.83430
v 52.54741 20.75187 11.77008
v 52.54741 20.75187 11.70568
v 52.54741 20.75187 11.64114
v 52.20136 20.93011 11.90444
v 52.19776 20.93011 11.83430
v 52.15447 20.93011 11.77491
v 52.15523 20.93011 11.70568
v 52.14326 20.93011 11.64114
v 52.20225 20.75187 11.90444
v 52.20225 20.75187 11.83430
v 52.20225 20.75187 11.77008
v 52.20225 20.75187 11.70568
v 52.20225 20.75187 11.64114
v 47.07737 20.93011 11.89920
v 47.11859 20.93011 11.82640
v 47.18805 20.93011 11.75398
v 47.25425 20.93011 11.68957
v 47.34223 20.93011 11.62517
v 47.84392 20.75187 11.90443
v 47.84392 20.75187 11.83429
v 47.84392 20.75187 11.77008
v 47.84392 20.75187 11.70567
v 47.84392 20.75187 11.64114
v 51.17572 20.75187 11.90443
v 51.17572 20.75187 11.83429
v 51.17572 20.75187 11.77008
v 51.17572 20.75187 11.70568
v 51.17572 20.75187 11.64114
v 51.93261 20.93011 11.90863
v 51.91909 20.93011 11.83772
v 51.85166 20.93011 11.77813
v 51.78504 20.93011 11.71373
v 51.71610 20.93011 11.64932
v 47.11413 20.93011 11.92704
v 46.88648 20.93010 7.72811
v 46.84622 20.93010 7.11549
v 46.83995 20.75187 10.36034
v 46.83995 20.75187 8.74576
v 46.83995 20.75187 12.03076
v 46.83995 20.75187 11.56717
v 46.83995 20.75187 11.31079
v 46.83995 20.75187 11.05624
v 46.83995 20.75187 7.72811
v 46.83995 20.75187 7.11549
v 46.84393 20.93011 11.90443
v 46.84614 20.93011 11.83429
v 46.85583 20.93011 11.77008
v 46.86685 20.93011 11.70567
v 46.88002 20.93011 11.64114
v 46.83995 20.75187 11.90443
v 46.83995 20.75187 11.83429
v 46.83995 20.75187 11.77008
v 46.83995 20.75187 11.70567
v 46.83995 20.75187 11.64114
v 46.47712 20.93011 10.36034
v 46.47712 20.93011 8.74576
v 46.47712 20.93011 12.03076
v 46.47712 20.93011 11.56717
v 46.47712 20.93011 11.31079
v 46.47712 20.93011 11.05624
v 46.47712 20.93010 7.72811
v 46.47712 20.93010 7.11549
v 46.47712 20.93011 11.90443
v 46.47712 20.93011 11.83429
v 46.47712 20.93011 11.77008
v 46.47712 20.93011 11.70567
v 46.47712 20.93011 11.64114
v 46.47712 20.75187 10.36034
v 46.47712 20.75187 8.74576
v 46.47712 20.75187 12.03076
v 46.47712 20.75187 11.56717
v 46.47712 20.75187 11.31079
v 46.47712 20.75187 11.05624
v 46.47712 20.75187 7.72811
v 46.47712 20.75187 7.11549
v 46.47712 20.75187 11.90443
v 46.47712 20.75187 11.83429
v 46.47712 20.75187 11.77008
v 46.47712 20.75187 11.70567
v 46.47712 20.75187 11.64114
v 52.54741 20.93011 7.50870
v 52.54741 20.93011 7.44540
v 52.54741 20.93011 7.37575
v 52.54741 20.93011 7.31307
v 52.54741 20.93011 7.25018
v 52.54741 20.75187 7.50870
v 52.54741 20.75187 7.44540
v 52.54741 20.75187 7.37575
v 52.54741 20.75187 7.31307
v 52.54741 20.75187 7.25018
v 52.14047 20.93011 7.50870
v 52.15345 20.93011 7.44540
v 52.15579 20.93011 7.37111
v 52.19725 20.93011 7.31307
v 52.20063 20.93011 7.25018
v 52.20225 20.75187 7.50870
v 52.20225 20.75187 7.44540
v 52.20225 20.75187 7.37575
v 52.20225 20.75187 7.31307
v 52.20225 20.75187 7.25018
v 47.84392 20.75187 7.50870
v 47.84392 20.75187 7.44540
v 47.84392 20.75187 7.37575
v 47.84392 20.75187 7.31307
v 47.84392 20.75187 7.25018
v 47.33119 20.93010 7.51505
v 47.25944 20.93010 7.45933
v 47.18554 20.93010 7.38968
v 47.14151 20.93010 7.36461
v 47.06421 20.93010 7.30889
v 47.08829 20.93010 7.25038
v 51.17572 20.75187 7.50870
v 51.17572 20.75187 7.44540
v 51.17572 20.75187 7.37575
v 51.17572 20.75187 7.31307
v 51.17572 20.75187 7.25018
v 51.66549 20.93011 7.52202
v 51.74380 20.93011 7.46630
v 51.81764 20.93011 7.39665
v 51.85320 20.93011 7.36182
v 51.92262 20.93011 7.30610
v 51.92889 20.93011 7.25038
v 46.88075 20.93010 7.50870
v 46.86797 20.93010 7.44540
v 46.85586 20.93010 7.37575
v 46.84599 20.93010 7.31307
v 46.84196 20.93010 7.25018
v 46.83995 20.75187 7.50870
v 46.83995 20.75187 7.44540
v 46.83995 20.75187 7.37575
v 46.83995 20.75187 7.31307
v 46.83995 20.75187 7.25018
v 46.47712 20.93010 7.50870
v 46.47712 20.93010 7.44540
v 46.47712 20.93010 7.37575
v 46.47712 20.93010 7.31307
v 46.47712 20.93010 7.25018
v 46.47712 20.75187 7.50870
v 46.47712 20.75187 7.44540
v 46.47712 20.75187 7.37575
v 46.47712 20.75187 7.31307
v 46.47712 20.75187 7.25018
v 53.54036 20.75187 6.80757
v 53.54036 20.76412 6.73576
v 53.78150 20.76565 6.80757
v 53.77813 20.76764 6.73953
v 53.78083 20.92258 6.80757
v 53.54036 20.92352 6.73642
v 53.54036 20.93011 6.80757
v 53.77783 20.92130 6.73972
v 53.78149 20.76565 12.38379
v 53.54036 20.76565 12.44176
v 53.54036 20.75188 12.38379
v 53.77734 20.76811 12.44013
v 53.54036 20.93010 12.38379
v 53.54036 20.92258 12.44150
v 53.78082 20.92258 12.38379
v 53.77711 20.92100 12.44004
v 45.25280 20.76565 6.80757
v 45.49196 20.76412 6.73576
v 45.49195 20.75187 6.80757
v 45.25614 20.76763 6.73953
v 45.49195 20.93010 6.80757
v 45.49196 20.92351 6.73642
v 45.25346 20.92257 6.80757
v 45.25644 20.92130 6.73972
v 45.49196 20.76565 12.44176
v 45.25280 20.76565 12.38379
v 45.49195 20.75187 12.38379
v 45.25692 20.76810 12.44013
v 45.49195 20.93010 12.38379
v 45.25346 20.92257 12.38379
v 45.49196 20.92258 12.44150
v 45.25715 20.92099 12.44003
v 52.54741 20.76565 12.44176
v 52.54740 20.75188 12.38379
v 52.54740 20.93010 12.38379
v 52.54741 20.92258 12.44150
v 52.54741 20.75187 6.80757
v 52.54741 20.76412 6.73576
v 52.54741 20.92352 6.73642
v 52.54741 20.93011 6.80757
v 52.20154 20.93010 12.38379
v 52.20222 20.92258 12.44150
v 52.20225 20.75187 6.80757
v 52.20225 20.76412 6.73576
v 52.20225 20.76565 12.44176
v 52.20225 20.75188 12.38379
v 52.20216 20.92352 6.73642
v 52.20114 20.93011 6.80757
v 46.83995 20.75187 6.80757
v 46.83995 20.76412 6.73576
v 46.84127 20.93010 12.38379
v 46.83999 20.92258 12.44150
v 53.54036 20.75187 10.36034
v 53.78150 20.76565 10.36034
v 53.54036 20.93011 10.36034
v 53.78083 20.92258 10.36034
v 45.49195 20.75187 10.36034
v 45.25280 20.76565 10.36034
v 45.49195 20.93011 10.36034
v 45.25346 20.92258 10.36034
v 53.54036 20.75187 8.74576
v 53.78150 20.76565 8.74576
v 45.49195 20.93010 8.74576
v 45.25346 20.92257 8.74576
v 53.78083 20.92258 8.74576
v 53.54036 20.93011 8.74576
v 45.25280 20.76565 8.74576
v 45.49195 20.75187 8.74576
v 53.78083 20.92258 12.03076
v 53.49798 20.92732 12.05816
v 45.25280 20.76565 12.03076
v 45.49195 20.75187 12.03076
v 53.54036 20.75187 12.03076
v 53.78150 20.76565 12.03076
v 45.49195 20.93011 12.03076
v 45.25346 20.92258 12.03076
v 53.54036 20.75187 11.56717
v 53.78150 20.76565 11.56717
v 45.49195 20.93011 11.56717
v 45.25346 20.92258 11.56717
v 53.54036 20.93011 11.56717
v 53.78083 20.92258 11.56717
v 45.49195 20.75187 11.56717
v 45.25280 20.76565 11.56717
v 53.54036 20.75187 11.31079
v 53.78150 20.76565 11.31079
v 45.49195 20.93011 11.31079
v 45.25346 20.92258 11.31079
v 53.78083 20.92258 11.31079
v 53.54036 20.93011 11.31079
v 45.25280 20.76565 11.31079
v 45.49195 20.75187 11.31079
v 53.78150 20.76565 11.05624
v 53.54036 20.75187 11.05624
v 45.25346 20.92258 11.05624
v 45.49195 20.93011 11.05623
v 53.78083 20.92258 11.05624
v 53.54036 20.93011 11.05624
v 45.25280 20.76565 11.05623
v 45.49195 20.75187 11.05623
v 53.54036 20.75187 7.72811
v 53.78150 20.76565 7.72811
v 45.49195 20.93010 7.72811
v 45.25346 20.92257 7.72810
v 53.78083 20.92258 7.72811
v 53.54036 20.93011 7.72811
v 45.25280 20.76565 7.72810
v 45.49195 20.75187 7.72811
v 53.78150 20.76565 7.11549
v 53.54036 20.75187 7.11549
v 45.25346 20.92257 7.11549
v 45.49195 20.93010 7.11549
v 53.49294 20.92698 7.12314
v 53.78083 20.92258 7.11549
v 45.49195 20.75187 7.11549
v 45.25280 20.76565 7.11549
v 47.84407 20.92258 12.44150
v 47.84821 20.93010 12.38379
v 47.84392 20.76412 6.73576
v 47.84392 20.75187 6.80757
v 47.84392 20.75188 12.38379
v 47.84392 20.76565 12.44176
v 47.84880 20.93010 6.80757
v 47.84429 20.92351 6.73642
v 51.17572 20.76565 12.44176
v 51.17572 20.75188 12.38379
v 51.17537 20.92352 6.73642
v 51.17112 20.93011 6.80757
v 51.17562 20.92258 12.44150
v 51.17304 20.93010 12.38379
v 51.17572 20.76412 6.73576
v 51.17572 20.75187 6.80757
v 53.54036 20.93011 11.64114
v 53.78083 20.92258 11.64114
v 53.54036 20.93011 11.70568
v 53.78083 20.92258 11.70568
v 53.54036 20.93011 11.77008
v 53.78083 20.92258 11.77008
v 53.54036 20.93011 11.83430
v 53.78083 20.92258 11.83430
v 53.54036 20.93011 11.90444
v 53.78083 20.92258 11.90444
v 45.49195 20.75187 11.64114
v 45.25280 20.76565 11.64114
v 45.49195 20.75187 11.70567
v 45.25280 20.76565 11.70567
v 45.49195 20.75187 11.77008
v 45.25280 20.76565 11.77008
v 45.49195 20.75187 11.83429
v 45.25280 20.76565 11.83429
v 45.49196 20.75187 11.90443
v 45.25280 20.76565 11.90443
v 53.54036 20.75187 11.90444
v 53.78150 20.76565 11.90444
v 53.54036 20.75187 11.83430
v 53.78150 20.76565 11.83430
v 53.54036 20.75187 11.77008
v 53.78150 20.76565 11.77008
v 53.54036 20.75187 11.70568
v 53.78150 20.76565 11.70568
v 53.78150 20.76565 11.64114
v 53.54036 20.75187 11.64114
v 45.49196 20.93011 11.90443
v 45.25346 20.92258 11.90443
v 45.49195 20.93011 11.83429
v 45.25346 20.92258 11.83429
v 45.49195 20.93011 11.77008
v 45.25346 20.92258 11.77008
v 45.49195 20.93011 11.70567
v 45.25346 20.92258 11.70567
v 45.25346 20.92258 11.64114
v 45.49195 20.93011 11.64114
v 46.83995 20.76565 12.44176
v 46.83995 20.75187 12.38379
v 46.84007 20.92351 6.73642
v 46.84156 20.93010 6.80757
v 46.47712 20.92258 12.44150
v 46.47712 20.93010 12.38379
v 46.47712 20.76412 6.73576
v 46.47712 20.75187 6.80757
v 46.47712 20.76565 12.44176
v 46.47712 20.75187 12.38379
v 46.47712 20.92351 6.73642
v 46.47712 20.93010 6.80757
v 53.54036 20.93011 7.25018
v 53.78083 20.92258 7.25018
v 53.54036 20.93011 7.31307
v 53.78083 20.92258 7.31307
v 53.54036 20.93011 7.37575
v 53.78083 20.92258 7.37575
v 53.54036 20.93011 7.44540
v 53.78083 20.92258 7.44540
v 53.78083 20.92258 7.50870
v 53.54036 20.93011 7.50870
v 45.49195 20.75187 7.25018
v 45.25280 20.76565 7.25018
v 45.49195 20.75187 7.31306
v 45.25280 20.76565 7.31306
v 45.49195 20.75187 7.37575
v 45.25280 20.76565 7.37575
v 45.49195 20.75187 7.44540
v 45.25280 20.76565 7.44540
v 45.25280 20.76565 7.50870
v 45.49195 20.75187 7.50870
v 53.54036 20.75187 7.50870
v 53.78150 20.76565 7.50870
v 53.54036 20.75187 7.44540
v 53.78150 20.76565 7.44540
v 53.54036 20.75187 7.37575
v 53.78150 20.76565 7.37575
v 53.54036 20.75187 7.31307
v 53.78150 20.76565 7.31307
v 53.78150 20.76565 7.25018
v 53.54036 20.75187 7.25018
v 45.49195 20.93010 7.50870
v 45.25346 20.92257 7.50870
v 45.49195 20.93010 7.44540
v 45.25346 20.92257 7.44540
v 45.49195 20.93010 7.37575
v 45.25346 20.92257 7.37575
v 45.49195 20.93010 7.31306
v 45.25346 20.92257 7.31306
v 45.25346 20.92257 7.25018
v 45.49195 20.93010 7.25018
v 47.33544 20.93011 11.05624
v 47.04512 20.93011 11.05624
v 46.90320 20.93011 11.05624
v 47.37082 20.93011 11.31079
v 47.07486 20.93011 11.31079
v 46.92342 20.93011 11.31079
v 47.28654 20.93011 11.56097
v 47.11805 20.93011 11.56905
v 46.99010 20.93011 11.56740
v 47.12229 20.93011 11.96747
v 46.99166 20.93011 12.02447
v 46.90902 20.93011 12.02997
v 47.36735 20.93011 8.74576
v 47.07230 20.93011 8.74576
v 46.92180 20.93011 8.74576
v 47.33544 20.93011 10.36034
v 47.04512 20.93011 10.36034
v 46.90320 20.93011 10.36034
v 52.54741 20.93011 10.95936
v 52.54741 20.93011 10.82441
v 52.54741 20.93011 10.63140
v 52.54741 20.75187 10.95936
v 52.54741 20.75187 10.82441
v 52.54741 20.75187 10.63140
v 52.20225 20.93011 10.95936
v 52.20225 20.93011 10.82441
v 52.20871 20.93011 10.61664
v 52.20225 20.75187 10.95936
v 52.20225 20.75187 10.82441
v 52.20225 20.75187 10.63140
v 52.30503 20.75187 10.36034
v 52.38860 20.75187 10.36034
v 52.38860 20.93011 10.36034
v 52.30503 20.93011 10.36034
v 51.68497 20.75187 10.36034
v 51.97620 20.75187 10.36034
v 52.11898 20.75187 10.36034
v 52.54741 20.93011 10.00140
v 52.54741 20.93011 9.58536
v 52.54741 20.93011 9.15317
v 52.54741 20.75187 10.00140
v 52.54741 20.75187 9.58536
v 52.54741 20.75187 9.15317
v 52.20213 20.93011 10.00140
v 52.20129 20.93011 9.58536
v 52.19902 20.93011 9.15317
v 52.20225 20.75187 10.00140
v 52.20225 20.75187 9.58536
v 52.20225 20.75187 9.15317
v 52.30503 20.75187 8.74576
v 52.38860 20.75187 8.74576
v 52.38843 20.93011 8.74576
v 52.30368 20.93011 8.74576
v 51.68497 20.75187 8.74576
v 51.97621 20.75187 8.74576
v 52.11898 20.75187 8.74576
v 51.68497 20.75187 12.03076
v 51.97620 20.75187 12.03076
v 52.11898 20.75187 12.03076
v 52.38851 20.93011 12.03076
v 52.30433 20.93011 12.03076
v 52.30502 20.75187 12.03076
v 52.38860 20.75187 12.03076
v 51.68497 20.75187 11.56717
v 51.97620 20.75187 11.56717
v 52.11898 20.75187 11.56717
v 52.38785 20.93011 11.56717
v 52.29904 20.93011 11.56717
v 52.20144 20.93011 11.56717
v 52.30502 20.75187 11.56717
v 52.38860 20.75187 11.56717
v 52.54741 20.93011 11.48676
v 52.54741 20.93011 11.43066
v 52.54741 20.93011 11.37052
v 52.54741 20.75187 11.48676
v 52.54741 20.75187 11.43066
v 52.54741 20.75187 11.37052
v 52.14348 20.93011 11.48676
v 52.15338 20.93011 11.43066
v 52.16390 20.93011 11.37052
v 52.20225 20.75187 11.48676
v 52.20225 20.75187 11.43066
v 52.20225 20.75187 11.37052
v 51.68497 20.75187 11.31079
v 51.97620 20.75187 11.31079
v 52.11898 20.75187 11.31079
v 52.38844 20.93011 11.31079
v 52.30378 20.93011 11.31079
v 52.30503 20.75187 11.31079
v 52.38860 20.75187 11.31079
v 52.54741 20.93011 11.22548
v 52.54741 20.93011 11.13267
v 52.54741 20.75187 11.22548
v 52.54741 20.75187 11.13267
v 52.20031 20.93011 11.22548
v 52.20213 20.93011 11.13267
v 52.20225 20.75187 11.22548
v 52.20225 20.75187 11.13267
v 51.68497 20.75187 11.05624
v 51.97620 20.75187 11.05624
v 52.11898 20.75187 11.05624
v 52.38860 20.93011 11.05624
v 52.30503 20.93011 11.05624
v 52.30503 20.75187 11.05624
v 52.38860 20.75187 11.05624
v 52.54741 20.93011 8.39696
v 52.54741 20.93011 8.11221
v 52.54741 20.93011 7.88982
v 52.54741 20.75187 8.39696
v 52.54741 20.75187 8.11221
v 52.54741 20.75187 7.88982
v 52.16242 20.93011 8.39696
v 52.15109 20.93011 8.11221
v 52.14045 20.93011 7.88982
v 52.20225 20.75187 8.39696
v 52.20225 20.75187 8.11221
v 52.20225 20.75187 7.88982
v 52.30503 20.75187 7.72811
v 52.38860 20.75187 7.72811
v 52.38782 20.93011 7.72811
v 52.29878 20.93011 7.72811
v 52.20058 20.93011 7.72811
v 51.68497 20.75187 7.72811
v 51.97621 20.75187 7.72811
v 52.11898 20.75187 7.72811
v 52.54741 20.93011 7.18379
v 52.54741 20.75187 7.18379
v 52.19870 20.93011 7.18379
v 52.20225 20.75187 7.18379
v 52.30503 20.75187 7.11549
v 52.38860 20.75187 7.11549
v 52.38851 20.93011 7.11549
v 52.30427 20.93011 7.11549
v 51.68497 20.75187 7.11549
v 51.97621 20.75187 7.11549
v 52.11898 20.75187 7.11549
v 50.41446 20.93011 10.36034
v 49.50950 20.93011 10.36034
v 48.60469 20.93011 10.36034
v 46.90320 20.75187 10.36034
v 47.04512 20.75187 10.36034
v 47.33544 20.75187 10.36034
v 50.39378 20.93011 8.74576
v 49.50714 20.93011 8.74576
v 48.62082 20.93011 8.74576
v 46.90320 20.75187 8.74576
v 47.04512 20.75187 8.74576
v 47.33544 20.75187 8.74576
v 46.90320 20.75187 12.03076
v 47.04512 20.75187 12.03076
v 47.33544 20.75187 12.03076
v 50.70549 20.93011 11.95524
v 49.51734 20.93011 11.95524
v 48.32919 20.93011 11.95524
v 46.90320 20.75187 11.56717
v 47.04512 20.75187 11.56717
v 47.33544 20.75187 11.56717
v 50.55401 20.93011 11.56882
v 49.52409 20.93011 11.56882
v 48.49416 20.93011 11.56882
v 46.90320 20.75187 11.31079
v 47.04512 20.75187 11.31079
v 47.33544 20.75187 11.31079
v 50.39826 20.93011 11.31079
v 49.51185 20.93011 11.31079
v 48.62544 20.93011 11.31079
v 46.90320 20.75187 11.05624
v 47.04512 20.75187 11.05624
v 47.33544 20.75187 11.05624
v 50.41446 20.93011 11.05624
v 49.50950 20.93011 11.05624
v 48.60469 20.93011 11.05624
v 50.52524 20.93011 7.57077
v 49.49464 20.93011 7.57077
v 48.46405 20.93011 7.57077
v 46.90320 20.75187 7.72811
v 47.04512 20.75187 7.72811
v 47.33544 20.75187 7.72811
v 50.69924 20.93011 7.18073
v 49.51034 20.93011 7.18073
v 48.32144 20.93011 7.18073
v 46.90320 20.75187 7.11549
v 47.04512 20.75187 7.11549
v 47.33544 20.75187 7.11549
v 47.84392 20.75187 7.18379
v 47.11222 20.93010 7.20163
v 47.84392 20.75187 8.39696
v 47.84392 20.75187 8.11221
v 47.84392 20.75187 7.88982
v 47.89337 20.93011 8.39491
v 47.88490 20.93011 8.09582
v 47.79642 20.93011 7.83327
v 47.91192 20.93711 11.21594
v 47.84806 20.93011 11.19675
v 47.84444 20.93011 11.13266
v 47.84392 20.75187 11.22548
v 47.84392 20.75187 11.13266
v 47.81668 20.93011 11.49913
v 47.89837 20.93011 11.43424
v 47.90149 20.93011 11.37097
v 47.84392 20.75187 11.48676
v 47.84392 20.75187 11.43066
v 47.84392 20.75187 11.37052
v 47.39068 20.93011 11.60102
v 47.42681 20.93011 11.58492
v 47.84392 20.75187 10.00140
v 47.84392 20.75187 9.58536
v 47.84392 20.75187 9.15317
v 47.84437 20.93011 10.00140
v 47.84754 20.93011 9.58536
v 47.85613 20.93011 9.15317
v 47.84392 20.75187 10.95935
v 47.84392 20.75187 10.82440
v 47.84392 20.75187 10.63139
v 47.84392 20.93011 10.95935
v 47.82308 20.94563 10.82273
v 47.84392 20.93011 10.63139
v 48.60469 20.75187 10.36034
v 49.50950 20.75187 10.36034
v 50.41446 20.75187 10.36034
v 48.60469 20.75187 8.74576
v 49.50950 20.75187 8.74576
v 50.41446 20.75187 8.74576
v 48.60469 20.75187 12.03076
v 49.50950 20.75187 12.03076
v 50.41446 20.75187 12.03076
v 48.60469 20.75187 11.56717
v 49.50949 20.75187 11.56717
v 50.41446 20.75187 11.56717
v 48.60469 20.75187 11.31079
v 49.50950 20.75187 11.31079
v 50.41446 20.75187 11.31079
v 48.60469 20.75187 11.05624
v 49.50950 20.75187 11.05624
v 50.41446 20.75187 11.05624
v 48.60469 20.75187 7.72811
v 49.50950 20.75187 7.72811
v 50.41446 20.75187 7.72811
v 48.60469 20.75187 7.11549
v 49.50950 20.75187 7.11549
v 50.41446 20.75187 7.11549
v 52.11898 20.93011 10.36034
v 51.97620 20.93011 10.36034
v 51.68497 20.93011 10.36034
v 52.09882 20.93011 8.74576
v 51.94656 20.93011 8.74576
v 51.64971 20.93011 8.74576
v 52.11814 20.93011 12.02997
v 52.03768 20.93011 12.02447
v 51.91370 20.93011 11.96748
v 52.03767 20.93011 11.56740
v 51.91269 20.93011 11.56905
v 51.73299 20.93011 11.54475
v 52.10031 20.93011 11.31079
v 51.94891 20.93011 11.31079
v 51.65294 20.93011 11.31079
v 52.11898 20.93011 11.05624
v 51.97620 20.93011 11.05624
v 51.68497 20.93011 11.05624
v 52.03230 20.93011 7.72647
v 51.89470 20.93011 7.71500
v 51.71515 20.93011 7.68078
v 52.11716 20.93011 7.11617
v 52.03593 20.93011 7.12092
v 51.92869 20.93011 7.13511
v 51.17572 20.75187 10.95936
v 51.17572 20.75187 10.82441
v 51.17572 20.75187 10.63140
v 51.17572 20.75187 10.00140
v 51.17572 20.75187 9.58536
v 51.17572 20.75187 9.15317
v 51.17572 20.75187 11.48676
v 51.17572 20.75187 11.43066
v 51.17572 20.75187 11.37052
v 51.17572 20.75187 11.22548
v 51.17572 20.75187 11.13267
v 51.17572 20.75187 8.39696
v 51.17572 20.75187 8.11221
v 51.17572 20.75187 7.88982
v 51.17572 20.75187 7.18379
v 51.90771 20.93011 7.20163
v 51.11834 20.93011 8.39491
v 51.12155 20.93011 8.09582
v 51.20329 20.93011 7.83328
v 51.16777 20.93011 11.22548
v 51.17527 20.93011 11.13267
v 51.22228 20.93011 11.49913
v 51.13426 20.93011 11.43424
v 51.12602 20.93011 11.37097
v 51.65720 20.93011 11.60907
v 51.17520 20.93011 10.00140
v 51.17159 20.93011 9.58536
v 51.16178 20.93011 9.15317
v 51.17572 20.93011 10.95936
v 51.19081 20.94546 10.82302
v 51.17572 20.93011 10.63140
v 47.06516 20.93011 11.83903
v 47.14434 20.93011 11.77813
v 47.22098 20.93011 11.72178
v 47.28254 20.93011 11.64569
v 51.88430 20.93011 11.81033
v 51.81802 20.93011 11.74593
v 51.75258 20.93011 11.68152
v 51.68497 20.75187 11.90443
v 51.97620 20.75187 11.90444
v 52.11898 20.75187 11.90444
v 51.68497 20.75187 11.83430
v 51.97620 20.75187 11.83429
v 52.11898 20.75187 11.83430
v 51.68497 20.75187 11.77008
v 51.97620 20.75187 11.77008
v 52.11898 20.75187 11.77008
v 51.68497 20.75187 11.70568
v 51.97620 20.75187 11.70568
v 52.11898 20.75187 11.70568
v 51.68497 20.75187 11.64114
v 51.97620 20.75187 11.64114
v 52.11898 20.75187 11.64114
v 48.60469 20.75187 11.90443
v 49.50950 20.75187 11.90443
v 50.41446 20.75187 11.90443
v 48.60469 20.75187 11.83429
v 49.50950 20.75187 11.83429
v 50.41446 20.75187 11.83429
v 48.60469 20.75187 11.77008
v 49.50950 20.75187 11.77008
v 50.41446 20.75187 11.77008
v 48.60469 20.75187 11.70567
v 49.50950 20.75187 11.70567
v 50.41446 20.75187 11.70568
v 48.60469 20.75187 11.64114
v 49.50950 20.75187 11.64114
v 50.41446 20.75187 11.64114
v 52.30502 20.75187 11.90444
v 52.38860 20.75187 11.90444
v 52.30502 20.75187 11.83430
v 52.38860 20.75187 11.83430
v 52.30502 20.75187 11.77008
v 52.38860 20.75187 11.77008
v 52.30502 20.75187 11.70568
v 52.38860 20.75187 11.70568
v 52.30502 20.75187 11.64114
v 52.38860 20.75187 11.64114
v 52.12857 20.93011 11.90443
v 52.06817 20.93011 11.90441
v 52.00286 20.93011 11.90435
v 52.11882 20.93011 11.83430
v 52.05233 20.93011 11.83430
v 51.98510 20.93011 11.84228
v 52.09645 20.93011 11.76203
v 52.02032 20.93011 11.77008
v 51.93373 20.93011 11.77008
v 52.07789 20.93011 11.70568
v 51.98578 20.93011 11.70568
v 51.87767 20.93011 11.69763
v 52.05489 20.93011 11.64114
v 51.94833 20.93011 11.64116
v 51.80423 20.93011 11.61635
v 52.38858 20.93011 11.90444
v 52.30487 20.93011 11.90444
v 52.38850 20.93011 11.83430
v 52.30424 20.93011 11.83430
v 52.38834 20.93011 11.77008
v 52.30295 20.93011 11.77008
v 52.21466 20.93011 11.77008
v 52.38817 20.93011 11.70568
v 52.30157 20.93011 11.70568
v 52.21000 20.93011 11.70568
v 52.38798 20.93011 11.64114
v 52.30008 20.93011 11.64114
v 52.20495 20.93011 11.64114
v 46.90320 20.75187 11.90443
v 47.04512 20.75187 11.90443
v 47.33544 20.75187 11.90443
v 46.90320 20.75187 11.83429
v 47.04512 20.75187 11.83429
v 47.33544 20.75187 11.83429
v 46.90320 20.75187 11.77008
v 47.04512 20.75187 11.77008
v 47.33544 20.75187 11.77008
v 46.90320 20.75187 11.70567
v 47.04512 20.75187 11.70567
v 47.33544 20.75187 11.70567
v 46.90320 20.75187 11.64114
v 47.04512 20.75187 11.64114
v 47.33544 20.75187 11.64114
v 52.54741 20.93011 11.96382
v 52.54741 20.75187 11.96382
v 52.19889 20.93011 11.96382
v 52.20225 20.75187 11.96382
v 47.84392 20.75187 11.96381
v 51.17572 20.75187 11.96382
v 47.28699 20.93010 7.68078
v 47.11516 20.93010 7.71499
v 46.98321 20.93010 7.72647
v 47.09255 20.93010 7.13511
v 46.98601 20.93010 7.12092
v 46.90541 20.93010 7.11617
v 46.63501 20.75187 10.36034
v 46.70413 20.75187 10.36034
v 46.79340 20.75187 10.36034
v 46.63501 20.75187 8.74576
v 46.73276 20.75187 8.74576
v 46.79340 20.75187 8.74576
v 46.63501 20.75187 12.03076
v 46.73276 20.75187 12.03076
v 46.79340 20.75187 12.03076
v 46.63501 20.75187 11.56717
v 46.73276 20.75187 11.56717
v 46.79340 20.75187 11.56717
v 46.63501 20.75187 11.31079
v 46.73276 20.75187 11.31079
v 46.79340 20.75187 11.31079
v 46.63501 20.75187 11.05624
v 46.73276 20.75187 11.05624
v 46.79340 20.75187 11.05624
v 46.63501 20.75187 7.72811
v 46.73276 20.75187 7.72811
v 46.79340 20.75187 7.72811
v 46.63501 20.75187 7.11549
v 46.73276 20.75187 7.11549
v 46.79340 20.75187 7.11549
v 46.99940 20.93011 11.90441
v 46.92022 20.93011 11.89926
v 46.98536 20.93011 11.83429
v 46.91456 20.93011 11.83903
v 47.07705 20.93011 11.77813
v 46.99879 20.93011 11.77008
v 46.92173 20.93011 11.77008
v 47.13304 20.93011 11.70567
v 47.04189 20.93011 11.68957
v 46.94291 20.93011 11.70567
v 47.20166 20.93011 11.63313
v 47.07444 20.93011 11.64116
v 46.97202 20.93011 11.63304
v 46.63501 20.75187 11.90443
v 46.73276 20.75187 11.90443
v 46.79340 20.75187 11.90443
v 46.63501 20.75187 11.83429
v 46.73276 20.75187 11.83429
v 46.79340 20.75187 11.83429
v 46.63501 20.75187 11.77008
v 46.73276 20.75187 11.77008
v 46.79340 20.75187 11.77008
v 46.63501 20.75187 11.70567
v 46.73276 20.75187 11.70567
v 46.79340 20.75187 11.70567
v 46.63501 20.75187 11.64114
v 46.73276 20.75187 11.64114
v 46.79340 20.75187 11.64114
v 46.84811 20.93011 11.96381
v 46.83995 20.75187 11.96381
v 46.83995 20.93011 10.95935
v 46.83995 20.93011 10.82440
v 46.83995 20.93011 10.63139
v 46.84010 20.93011 10.00140
v 46.84119 20.93011 9.58536
v 46.84414 20.93011 9.15317
v 46.88231 20.93011 11.48676
v 46.87176 20.93011 11.43065
v 46.86043 20.93011 11.37052
v 46.84290 20.93011 11.22548
v 46.84012 20.93011 11.13266
v 46.85882 20.93011 8.39696
v 46.86933 20.93010 8.11221
v 46.87927 20.93010 7.88982
v 46.84510 20.93010 7.18379
v 46.83995 20.75187 7.18379
v 46.83995 20.75187 8.39696
v 46.83995 20.75187 8.11221
v 46.83995 20.75187 7.88982
v 46.83995 20.75187 11.22548
v 46.83995 20.75187 11.13266
v 46.83995 20.75187 11.48676
v 46.83995 20.75187 11.43066
v 46.83995 20.75187 11.37052
v 46.83995 20.75187 10.00140
v 46.83995 20.75187 9.58536
v 46.83995 20.75187 9.15317
v 46.83995 20.75187 10.95935
v 46.83995 20.75187 10.82440
v 46.83995 20.75187 10.63139
v 46.79340 20.93011 10.36034
v 46.70413 20.93011 10.36034
v 46.63501 20.93011 10.36034
v 46.79759 20.93011 8.74576
v 46.70537 20.93011 8.74576
v 46.63516 20.93011 8.74576
v 46.79685 20.93011 12.03076
v 46.73378 20.93011 12.03076
v 46.63513 20.93011 12.03076
v 46.81483 20.93011 11.56717
v 46.73911 20.93011 11.56717
v 46.63580 20.93011 11.56717
v 46.79795 20.93011 11.31079
v 46.73411 20.93011 11.31079
v 46.63517 20.93011 11.31079
v 46.79340 20.93011 11.05624
v 46.73276 20.93011 11.05624
v 46.63501 20.93011 11.05624
v 46.81304 20.93010 7.72811
v 46.73858 20.93010 7.72811
v 46.63573 20.93010 7.72811
v 46.79605 20.93010 7.11549
v 46.73355 20.93010 7.11549
v 46.63511 20.93010 7.11549
v 46.79508 20.93011 11.90443
v 46.73326 20.93011 11.90443
v 46.63507 20.93011 11.90443
v 46.79602 20.93011 11.83429
v 46.73353 20.93011 11.83429
v 46.63510 20.93011 11.83429
v 46.80010 20.93011 11.77008
v 46.73475 20.93011 11.77008
v 46.63525 20.93011 11.77008
v 46.80475 20.93011 11.70567
v 46.73613 20.93011 11.70567
v 46.63543 20.93011 11.70567
v 46.81031 20.93011 11.64114
v 46.73777 20.93011 11.64114
v 46.63563 20.93011 11.64114
v 46.47712 20.93010 7.18379
v 46.47712 20.93010 8.39696
v 46.47712 20.93010 8.11221
v 46.47712 20.93010 7.88982
v 46.47712 20.93011 11.22548
v 46.47712 20.93011 11.13266
v 46.47712 20.93011 11.48676
v 46.47712 20.93011 11.43066
v 46.47712 20.93011 11.37052
v 46.47712 20.93011 10.00140
v 46.47712 20.93011 9.58536
v 46.47712 20.93011 9.15317
v 46.47712 20.93011 10.95935
v 46.47712 20.93011 10.82440
v 46.47712 20.93011 10.63139
v 46.47712 20.93011 11.96381
v 46.47712 20.75187 11.96381
v 46.47712 20.75187 7.18379
v 46.47712 20.75187 8.39696
v 46.47712 20.75187 8.11221
v 46.47712 20.75187 7.88982
v 46.47712 20.75187 11.22548
v 46.47712 20.75187 11.13266
v 46.47712 20.75187 11.48676
v 46.47712 20.75187 11.43066
v 46.47712 20.75187 11.37052
v 46.47712 20.75187 10.00140
v 46.47712 20.75187 9.58536
v 46.47712 20.75187 9.15317
v 46.47712 20.75187 10.95935
v 46.47712 20.75187 10.82440
v 46.47712 20.75187 10.63139
v 52.54741 20.93011 7.62322
v 52.54741 20.93011 7.56258
v 52.54741 20.75187 7.62322
v 52.54741 20.75187 7.56258
v 52.13012 20.93011 7.62322
v 52.13123 20.93011 7.56258
v 52.20225 20.75187 7.62322
v 52.20225 20.75187 7.56258
v 47.84392 20.75187 7.62322
v 47.84392 20.75187 7.56258
v 47.40581 20.93010 7.55684
v 47.37891 20.93010 7.54291
v 47.27344 20.93010 7.50891
v 47.22158 20.93010 7.42451
v 47.11784 20.93010 7.32003
v 51.17572 20.75187 7.62322
v 51.17572 20.75187 7.56258
v 51.58953 20.93011 7.55684
v 51.62204 20.93011 7.54291
v 51.71047 20.93011 7.49416
v 51.78113 20.93011 7.43147
v 51.88824 20.93011 7.32700
v 46.88940 20.93010 7.62322
v 46.88878 20.93010 7.56258
v 46.83995 20.75187 7.62322
v 46.83995 20.75187 7.56258
v 46.47712 20.93010 7.62322
v 46.47712 20.93010 7.56258
v 46.47712 20.75187 7.62322
v 46.47712 20.75187 7.56258
v 46.63501 20.75187 7.50870
v 46.73276 20.75187 7.50870
v 46.79340 20.75187 7.50870
v 46.63501 20.75187 7.44540
v 46.73276 20.75187 7.44540
v 46.79340 20.75187 7.44540
v 46.63501 20.75187 7.37575
v 46.73276 20.75187 7.37575
v 46.79340 20.75187 7.37575
v 46.63501 20.75187 7.31307
v 46.73276 20.75187 7.31307
v 46.79340 20.75187 7.31307
v 46.63501 20.75187 7.25018
v 46.73276 20.75187 7.25018
v 46.79340 20.75187 7.25018
v 46.90320 20.75187 7.50870
v 47.04512 20.75187 7.50870
v 47.33544 20.75187 7.50870
v 46.90320 20.75187 7.44540
v 47.04512 20.75187 7.44540
v 47.33544 20.75187 7.44540
v 46.90320 20.75187 7.37575
v 47.04512 20.75187 7.37575
v 47.33544 20.75187 7.37575
v 46.90320 20.75187 7.31307
v 47.04512 20.75187 7.31307
v 47.33544 20.75187 7.31307
v 46.90320 20.75187 7.25018
v 47.04512 20.75187 7.25018
v 47.33544 20.75187 7.25018
v 46.81062 20.93010 7.50870
v 46.73786 20.93010 7.50870
v 46.63565 20.93010 7.50870
v 46.80523 20.93010 7.44540
v 46.73626 20.93010 7.44540
v 46.63544 20.93010 7.44540
v 46.80011 20.93010 7.37575
v 46.73475 20.93010 7.37575
v 46.63526 20.93010 7.37575
v 46.79595 20.93010 7.31307
v 46.73352 20.93010 7.31307
v 46.63510 20.93010 7.31307
v 46.79425 20.93010 7.25018
v 46.73301 20.93010 7.25018
v 46.63504 20.93010 7.25018
v 51.68497 20.75187 7.50870
v 51.97621 20.75187 7.50870
v 52.11898 20.75187 7.50870
v 51.68497 20.75187 7.44540
v 51.97621 20.75187 7.44540
v 52.11898 20.75187 7.44540
v 51.68497 20.75187 7.37575
v 51.97621 20.75187 7.37575
v 52.11898 20.75187 7.37575
v 51.68497 20.75187 7.31307
v 51.97621 20.75187 7.31307
v 52.11898 20.75187 7.31307
v 51.68497 20.75187 7.25018
v 51.97621 20.75187 7.25018
v 52.11898 20.75187 7.25018
v 47.19595 20.93010 7.50838
v 47.07670 20.93010 7.50860
v 46.97276 20.93010 7.51585
v 47.13807 20.93010 7.44540
v 47.04460 20.93010 7.45933
v 46.94505 20.93010 7.44540
v 46.99886 20.93010 7.37575
v 46.92177 20.93010 7.37575
v 47.07810 20.93010 7.36879
v 46.98478 20.93010 7.31307
v 46.91416 20.93010 7.30889
v 47.02065 20.93010 7.25028
v 46.92525 20.93010 7.25020
v 48.60469 20.75187 7.50870
v 49.50950 20.75187 7.50870
v 50.41446 20.75187 7.50870
v 48.60469 20.75187 7.44540
v 49.50950 20.75187 7.44540
v 50.41446 20.75187 7.44540
v 48.60469 20.75187 7.37575
v 49.50950 20.75187 7.37575
v 50.41446 20.75187 7.37575
v 48.60469 20.75187 7.31307
v 49.50950 20.75187 7.31307
v 50.41446 20.75187 7.31307
v 48.60469 20.75187 7.25018
v 49.50950 20.75187 7.25018
v 50.41446 20.75187 7.25018
v 52.38794 20.93011 7.50870
v 52.29973 20.93011 7.50870
v 52.20377 20.93011 7.50870
v 52.38814 20.93011 7.44540
v 52.30135 20.93011 7.44540
v 52.20925 20.93011 7.44540
v 52.38833 20.93011 7.37575
v 52.30287 20.93011 7.37575
v 52.21437 20.93011 7.37575
v 52.38849 20.93011 7.31307
v 52.30415 20.93011 7.31307
v 52.38857 20.93011 7.25018
v 52.30474 20.93011 7.25018
v 52.04951 20.93011 7.50869
v 51.93958 20.93011 7.50860
v 51.79918 20.93011 7.52467
v 52.07446 20.93011 7.44540
v 51.98410 20.93011 7.43844
v 51.87016 20.93011 7.45237
v 52.09550 20.93011 7.38272
v 52.01810 20.93011 7.37575
v 51.93052 20.93011 7.37575
v 52.11746 20.93011 7.31307
v 52.05011 20.93011 7.31307
v 51.98154 20.93011 7.30610
v 52.12659 20.93011 7.25018
v 52.06495 20.93011 7.25021
v 51.99820 20.93011 7.25028
v 52.30503 20.75187 7.50870
v 52.38860 20.75187 7.50870
v 52.30503 20.75187 7.44540
v 52.38860 20.75187 7.44540
v 52.30503 20.75187 7.37575
v 52.38860 20.75187 7.37575
v 52.30503 20.75187 7.31307
v 52.38860 20.75187 7.31307
v 52.30503 20.75187 7.25018
v 52.38860 20.75187 7.25018
v 53.68147 20.75188 6.80757
v 53.68147 20.76412 6.73577
v 53.68147 20.92351 6.73643
v 53.68147 20.93010 6.80757
v 53.68147 20.76566 12.44176
v 53.68147 20.75189 12.38379
v 53.68147 20.93010 12.38379
v 53.68147 20.92258 12.44150
v 45.35201 20.76412 6.73577
v 45.35201 20.75188 6.80757
v 45.35201 20.93010 6.80757
v 45.35201 20.92351 6.73642
v 45.35201 20.76565 12.44176
v 45.35201 20.75188 12.38379
v 45.35201 20.93009 12.38379
v 45.35201 20.92257 12.44149
v 53.68147 20.75188 7.11549
v 53.54036 20.75187 7.04257
v 53.54036 20.75187 6.95824
v 53.54036 20.75187 6.87556
v 53.78150 20.76565 6.87555
v 53.78150 20.76565 6.95824
v 53.78150 20.76565 7.04257
v 53.54036 20.85678 6.73051
v 53.77994 20.85678 6.73839
v 53.78619 20.85678 6.80757
v 53.68147 20.93010 12.03076
v 53.49295 20.92697 12.09680
v 53.54036 20.93011 12.19729
v 53.54036 20.93011 12.28650
v 53.78083 20.92258 12.28650
v 53.78083 20.92258 12.19729
v 53.78083 20.92258 12.10717
v 53.54036 20.85679 12.44360
v 53.77869 20.85679 12.44067
v 53.78618 20.85679 12.38379
v 52.77904 20.75188 12.38379
v 53.05092 20.75188 12.38379
v 53.31928 20.75188 12.38379
v 53.31928 20.76565 12.44176
v 53.05092 20.76565 12.44176
v 52.77904 20.76565 12.44176
v 46.24715 20.93010 12.38379
v 45.97739 20.93010 12.38379
v 45.71121 20.93010 12.38379
v 45.71121 20.92258 12.44150
v 45.97739 20.92258 12.44150
v 46.24715 20.92258 12.44150
v 45.24815 20.85678 12.38379
v 45.25559 20.85678 12.44067
v 45.49195 20.85678 12.44359
v 45.35201 20.75188 12.03076
v 45.49195 20.75187 12.10717
v 45.49195 20.75187 12.19729
v 45.49195 20.75187 12.28650
v 45.25280 20.76565 12.28650
v 45.25280 20.76565 12.19729
v 45.25280 20.76565 12.10717
v 45.35201 20.93010 7.11549
v 45.49195 20.93010 7.04257
v 45.49195 20.93010 6.95824
v 45.49195 20.93010 6.87555
v 45.25346 20.92257 6.87555
v 45.25346 20.92257 6.95824
v 45.25346 20.92257 7.04257
v 45.49196 20.85678 6.73051
v 45.25435 20.85678 6.73839
v 45.24815 20.85678 6.80757
v 46.24715 20.75187 6.80757
v 45.97739 20.75187 6.80757
v 45.71121 20.75187 6.80757
v 45.71121 20.76412 6.73576
v 45.97740 20.76412 6.73576
v 46.24715 20.76412 6.73576
v 52.77904 20.93011 6.80757
v 53.05092 20.93011 6.80757
v 53.31928 20.93011 6.80757
v 53.31928 20.92352 6.73642
v 53.05092 20.92352 6.73642
v 52.77904 20.92352 6.73642
v 52.30502 20.75188 12.38379
v 52.38860 20.75188 12.38379
v 52.38860 20.76565 12.44176
v 52.30502 20.76565 12.44176
v 53.31928 20.93010 12.38379
v 53.05092 20.93010 12.38379
v 52.77904 20.93010 12.38379
v 52.77904 20.92258 12.44150
v 53.05092 20.92258 12.44150
v 53.31928 20.92258 12.44150
v 53.31928 20.75187 6.80757
v 53.05092 20.75187 6.80757
v 52.77904 20.75187 6.80757
v 52.77904 20.76412 6.73576
v 53.05092 20.76412 6.73576
v 53.31928 20.76412 6.73576
v 52.30483 20.93011 6.80757
v 52.38858 20.93011 6.80757
v 52.38860 20.92352 6.73642
v 52.30501 20.92352 6.73642
v 52.38858 20.93010 12.38379
v 52.30490 20.93010 12.38379
v 52.30502 20.92258 12.44150
v 52.38860 20.92258 12.44150
v 52.38860 20.75187 6.80757
v 52.30503 20.75187 6.80757
v 52.30503 20.76412 6.73576
v 52.38860 20.76412 6.73576
v 51.68497 20.75188 12.38379
v 51.97620 20.75188 12.38379
v 52.11898 20.75188 12.38379
v 52.11898 20.76565 12.44176
v 51.97620 20.76565 12.44176
v 51.68497 20.76565 12.44176
v 51.67995 20.93011 6.80757
v 51.97194 20.93011 6.80757
v 52.11607 20.93011 6.80757
v 52.11875 20.92352 6.73642
v 51.97588 20.92352 6.73642
v 51.68459 20.92352 6.73642
v 47.33544 20.75187 6.80757
v 47.04512 20.75187 6.80757
v 46.90320 20.75187 6.80757
v 46.90320 20.76412 6.73576
v 47.04512 20.76412 6.73576
v 47.33544 20.76412 6.73576
v 47.33988 20.93010 12.38379
v 47.04880 20.93010 12.38379
v 46.90569 20.93010 12.38379
v 46.90329 20.92258 12.44150
v 47.04524 20.92258 12.44150
v 47.33559 20.92258 12.44150
v 53.68147 20.75188 11.05624
v 53.54036 20.75187 10.95936
v 53.54036 20.75187 10.82441
v 53.54036 20.75187 10.63140
v 53.68147 20.75188 10.36034
v 53.78150 20.76565 10.63140
v 53.78150 20.76565 10.82441
v 53.78150 20.76565 10.95936
v 53.68147 20.93010 8.74576
v 53.54036 20.93011 9.15317
v 53.54036 20.93011 9.58537
v 53.54036 20.93011 10.00140
v 53.68147 20.93010 10.36034
v 53.78083 20.92258 10.00140
v 53.78083 20.92258 9.58537
v 53.78083 20.92258 9.15317
v 45.35201 20.75188 8.74576
v 45.49195 20.75187 9.15317
v 45.49195 20.75187 9.58536
v 45.49195 20.75187 10.00140
v 45.35201 20.75188 10.36034
v 45.25280 20.76565 10.00140
v 45.25280 20.76565 9.58536
v 45.25280 20.76565 9.15317
v 45.35201 20.93010 11.05623
v 45.49195 20.93011 10.95935
v 45.49195 20.93011 10.82440
v 45.49195 20.93011 10.63139
v 45.35201 20.93010 10.36034
v 45.25346 20.92258 10.63139
v 45.25346 20.92258 10.82440
v 45.25346 20.92258 10.95935
v 53.54036 20.75187 10.00140
v 53.54036 20.75187 9.58537
v 53.54036 20.75187 9.15317
v 53.68147 20.75188 8.74576
v 53.78150 20.76565 9.15317
v 53.78150 20.76565 9.58537
v 53.78150 20.76565 10.00140
v 45.49195 20.93011 10.00140
v 45.49195 20.93011 9.58536
v 45.49195 20.93010 9.15317
v 45.35201 20.93010 8.74576
v 45.25346 20.92257 9.15317
v 45.25346 20.92257 9.58536
v 45.25346 20.92257 10.00140
v 53.68147 20.93010 7.72811
v 53.54036 20.93011 7.88982
v 53.54036 20.93011 8.11221
v 53.54036 20.93011 8.39696
v 53.78083 20.92258 8.39696
v 53.78083 20.92258 8.11221
v 53.78083 20.92258 7.88982
v 45.35201 20.75188 7.72811
v 45.49195 20.75187 7.88981
v 45.49195 20.75187 8.11221
v 45.49195 20.75187 8.39696
v 45.25280 20.76565 8.39696
v 45.25280 20.76565 8.11221
v 45.25280 20.76565 7.88981
v 53.68147 20.93010 11.90444
v 53.54036 20.93011 11.96382
v 53.78083 20.92258 11.96382
v 45.35201 20.75188 11.90443
v 45.49195 20.75187 11.96381
v 45.25280 20.76565 11.96381
v 53.54036 20.75187 12.28650
v 53.54036 20.75187 12.19729
v 53.54036 20.75187 12.10717
v 53.68147 20.75188 12.03076
v 53.78150 20.76565 12.10717
v 53.78150 20.76565 12.19729
v 53.78150 20.76565 12.28650
v 45.49195 20.93011 12.28650
v 45.49195 20.93011 12.19729
v 45.49195 20.93011 12.10717
v 45.35201 20.93010 12.03076
v 45.25346 20.92258 12.10717
v 45.25346 20.92258 12.19729
v 45.25346 20.92258 12.28650
v 53.68147 20.75188 11.64114
v 53.68147 20.75188 11.56717
v 45.35201 20.93010 11.64114
v 45.35201 20.93010 11.56717
v 53.68147 20.93010 11.31079
v 53.54036 20.93011 11.37052
v 53.54036 20.93011 11.43066
v 53.54036 20.93011 11.48676
v 53.68147 20.93010 11.56717
v 53.78083 20.92258 11.48676
v 53.78083 20.92258 11.43066
v 53.78083 20.92258 11.37052
v 45.35201 20.75188 11.31079
v 45.49195 20.75187 11.37052
v 45.49195 20.75187 11.43065
v 45.49195 20.75187 11.48676
v 45.35201 20.75188 11.56717
v 45.25280 20.76565 11.48676
v 45.25280 20.76565 11.43065
v 45.25280 20.76565 11.37052
v 53.54036 20.75187 11.48676
v 53.54036 20.75187 11.43066
v 53.54036 20.75187 11.37052
v 53.68147 20.75188 11.31079
v 53.78150 20.76565 11.37052
v 53.78150 20.76565 11.43066
v 53.78150 20.76565 11.48676
v 45.49195 20.93011 11.48676
v 45.49195 20.93011 11.43065
v 45.49195 20.93011 11.37052
v 45.35201 20.93010 11.31079
v 45.25346 20.92258 11.37052
v 45.25346 20.92258 11.43065
v 45.25346 20.92258 11.48676
v 53.68147 20.93010 11.05624
v 53.54036 20.93011 11.13267
v 53.54036 20.93011 11.22548
v 53.78083 20.92258 11.22548
v 53.78083 20.92258 11.13267
v 45.35201 20.75188 11.05623
v 45.49195 20.75187 11.13266
v 45.49195 20.75187 11.22548
v 45.25280 20.76565 11.22548
v 45.25280 20.76565 11.13266
v 53.54036 20.75187 11.22548
v 53.54036 20.75187 11.13267
v 53.78150 20.76565 11.13267
v 53.78150 20.76565 11.22548
v 45.49195 20.93011 11.22548
v 45.49195 20.93011 11.13266
v 45.25346 20.92258 11.13266
v 45.25346 20.92258 11.22548
v 53.54036 20.93011 10.63140
v 53.54036 20.93011 10.82441
v 53.54036 20.93011 10.95936
v 53.78083 20.92258 10.95936
v 53.78083 20.92258 10.82441
v 53.78083 20.92258 10.63140
v 45.49195 20.75187 10.63139
v 45.49195 20.75187 10.82440
v 45.49195 20.75187 10.95935
v 45.25280 20.76565 10.95935
v 45.25280 20.76565 10.82440
v 45.25280 20.76565 10.63139
v 53.54036 20.75187 8.39696
v 53.54036 20.75187 8.11221
v 53.54036 20.75187 7.88982
v 53.68147 20.75188 7.72811
v 53.78150 20.76565 7.88982
v 53.78150 20.76565 8.11221
v 53.78150 20.76565 8.39696
v 45.49195 20.93010 8.39696
v 45.49195 20.93010 8.11221
v 45.49195 20.93010 7.88981
v 45.35201 20.93010 7.72811
v 45.25346 20.92257 7.88982
v 45.25346 20.92257 8.11221
v 45.25346 20.92257 8.39696
v 53.68147 20.93010 7.50870
v 53.54036 20.93011 7.56258
v 53.54036 20.93011 7.62322
v 53.78083 20.92258 7.62322
v 53.78083 20.92258 7.56258
v 45.35201 20.75188 7.50870
v 45.49195 20.75187 7.56258
v 45.49195 20.75187 7.62322
v 45.25280 20.76565 7.62322
v 45.25280 20.76565 7.56258
v 53.68147 20.75188 7.25018
v 53.54036 20.75187 7.18379
v 53.78150 20.76565 7.18379
v 45.35201 20.93010 7.25018
v 45.49195 20.93010 7.18379
v 45.25346 20.92257 7.18378
v 53.54036 20.93011 6.87556
v 53.54036 20.93011 6.95824
v 53.54036 20.93011 7.04257
v 53.68147 20.93010 7.11549
v 53.78083 20.92258 7.04257
v 53.78083 20.92258 6.95824
v 53.78083 20.92258 6.87555
v 45.49195 20.75187 6.87555
v 45.49195 20.75187 6.95824
v 45.49195 20.75187 7.04257
v 45.35201 20.75188 7.11549
v 45.25280 20.76565 7.04257
v 45.25280 20.76565 6.95824
v 45.25280 20.76565 6.87555
v 50.41329 20.93010 12.38379
v 49.51043 20.93010 12.38379
v 48.60884 20.93011 12.36018
v 48.60480 20.92258 12.44150
v 49.50953 20.92258 12.44150
v 50.41442 20.92258 12.44150
v 50.41446 20.75187 6.80757
v 49.50950 20.75187 6.80757
v 48.60469 20.75187 6.80757
v 48.60469 20.76412 6.73576
v 49.50950 20.76412 6.73576
v 50.41446 20.76412 6.73576
v 46.90320 20.75187 12.38379
v 47.04511 20.75187 12.38379
v 47.33544 20.75188 12.38379
v 47.33544 20.76565 12.44176
v 47.04511 20.76565 12.44176
v 46.90320 20.76565 12.44176
v 46.90622 20.93010 6.80757
v 47.04955 20.93010 6.80757
v 47.34069 20.93010 6.80757
v 47.33584 20.92351 6.73642
v 47.04546 20.92351 6.73642
v 46.90343 20.92351 6.73642
v 48.60469 20.75188 12.38379
v 49.50950 20.75188 12.38379
v 50.41446 20.75188 12.38379
v 50.41446 20.76565 12.44176
v 49.50950 20.76565 12.44176
v 48.60469 20.76565 12.44176
v 48.60766 20.93011 6.80757
v 49.50965 20.93011 6.80757
v 50.41180 20.93011 6.80757
v 50.41426 20.92352 6.73642
v 49.50951 20.92352 6.73642
v 48.60492 20.92351 6.73642
v 52.11711 20.93010 12.38379
v 51.97350 20.93010 12.38379
v 51.68186 20.93010 12.38379
v 51.68486 20.92258 12.44150
v 51.97611 20.92258 12.44150
v 52.11891 20.92258 12.44150
v 52.11898 20.75187 6.80757
v 51.97621 20.75187 6.80757
v 51.68498 20.75187 6.80757
v 51.68498 20.76412 6.73576
v 51.97621 20.76412 6.73576
v 52.11898 20.76412 6.73576
v 53.68147 20.93010 11.64114
v 53.68147 20.93010 11.70568
v 53.68147 20.93010 11.77008
v 53.68147 20.93010 11.83430
v 45.35201 20.75188 11.64114
v 45.35201 20.75188 11.70567
v 45.35201 20.75188 11.77008
v 45.35201 20.75188 11.83429
v 53.68147 20.75188 11.90444
v 53.68147 20.75188 11.83430
v 53.68147 20.75188 11.77008
v 53.68147 20.75188 11.70568
v 45.35201 20.93010 11.90443
v 45.35201 20.93010 11.83429
v 45.35201 20.93010 11.77008
v 45.35201 20.93010 11.70567
v 53.54036 20.75187 11.96382
v 53.78150 20.76565 11.96382
v 45.49195 20.93011 11.96381
v 45.25346 20.92258 11.96381
v 46.63501 20.75187 12.38379
v 46.73276 20.75187 12.38379
v 46.79340 20.75187 12.38379
v 46.79340 20.76565 12.44176
v 46.73276 20.76565 12.44176
v 46.63501 20.76565 12.44176
v 46.63503 20.93010 6.80757
v 46.73296 20.93010 6.80757
v 46.79408 20.93010 6.80757
v 46.79346 20.92351 6.73642
v 46.73278 20.92351 6.73642
v 46.63501 20.92351 6.73642
v 46.79396 20.93010 12.38379
v 46.73293 20.93010 12.38379
v 46.63502 20.93010 12.38379
v 46.63501 20.92258 12.44150
v 46.73277 20.92258 12.44150
v 46.79342 20.92258 12.44150
v 46.79340 20.75187 6.80757
v 46.73276 20.75187 6.80757
v 46.63501 20.75187 6.80757
v 46.63501 20.76412 6.73576
v 46.73276 20.76412 6.73576
v 46.79340 20.76412 6.73576
v 45.71121 20.75187 12.38379
v 45.97739 20.75187 12.38379
v 46.24715 20.75187 12.38379
v 46.24715 20.76565 12.44176
v 45.97739 20.76565 12.44176
v 45.71121 20.76565 12.44176
v 45.71121 20.93010 6.80757
v 45.97739 20.93010 6.80757
v 46.24715 20.93010 6.80757
v 46.24715 20.92351 6.73642
v 45.97739 20.92351 6.73642
v 45.71121 20.92351 6.73642
v 53.50857 20.92802 7.16548
v 53.68147 20.93010 7.25018
v 53.78083 20.92258 7.18379
v 53.68147 20.93010 7.31307
v 53.68147 20.93010 7.37575
v 53.68147 20.93010 7.44540
v 45.49195 20.75187 7.18378
v 45.35201 20.75188 7.25018
v 45.25280 20.76565 7.18378
v 45.35201 20.75188 7.31306
v 45.35201 20.75188 7.37575
v 45.35201 20.75188 7.44540
v 53.54036 20.75187 7.62322
v 53.54036 20.75187 7.56258
v 53.68147 20.75188 7.50870
v 53.78150 20.76565 7.56258
v 53.78150 20.76565 7.62322
v 53.68147 20.75188 7.44540
v 53.68147 20.75188 7.37575
v 53.68147 20.75188 7.31307
v 45.49195 20.93010 7.62322
v 45.49195 20.93010 7.56258
v 45.35201 20.93010 7.50870
v 45.25346 20.92257 7.56258
v 45.25346 20.92257 7.62322
v 45.35201 20.93010 7.44540
v 45.35201 20.93010 7.37575
v 45.35201 20.93010 7.31306
v 53.78619 20.85678 7.11549
v 52.54741 20.85678 6.73051
v 53.31928 20.75187 7.11549
v 53.05092 20.75187 7.11549
v 52.77904 20.75187 7.11549
v 52.54741 20.75187 7.04257
v 52.54741 20.75187 6.95824
v 52.54741 20.75187 6.87556
v 52.54741 20.93011 6.87556
v 52.54741 20.93011 6.95824
v 52.54741 20.93011 7.04257
v 52.77904 20.93011 7.11549
v 53.05092 20.93011 7.11549
v 53.31027 20.92640 7.10652
v 52.54741 20.85679 12.44360
v 52.54740 20.75187 12.28650
v 52.54741 20.75187 12.19729
v 52.54741 20.75187 12.10717
v 52.77904 20.75187 12.03076
v 53.05092 20.75187 12.03076
v 53.31928 20.75187 12.03076
v 53.78618 20.85679 12.03076
v 52.54741 20.93011 12.10717
v 52.54741 20.93011 12.19729
v 52.54740 20.93011 12.28650
v 53.31524 20.92634 12.04322
v 53.05092 20.93011 12.03076
v 52.77904 20.93011 12.03076
v 46.47712 20.85678 6.73051
v 46.47712 20.75187 6.87555
v 46.47712 20.75187 6.95824
v 46.47712 20.75187 7.04257
v 46.24715 20.75187 7.11549
v 45.97739 20.75187 7.11549
v 45.71121 20.75187 7.11549
v 45.24815 20.85678 7.11549
v 45.70629 20.93012 7.11881
v 45.97739 20.93010 7.11549
v 46.24715 20.93010 7.11549
v 46.47712 20.93010 7.04257
v 46.47712 20.93010 6.95824
v 46.47712 20.93010 6.87555
v 45.24815 20.85678 12.03076
v 46.47712 20.75187 12.10717
v 46.47712 20.75187 12.19729
v 46.47712 20.75187 12.28650
v 45.71121 20.75187 12.03076
v 45.97739 20.75187 12.03076
v 46.24715 20.75187 12.03076
v 46.47712 20.85678 12.44359
v 46.47712 20.93011 12.28650
v 46.47712 20.93011 12.19729
v 46.47712 20.93011 12.10717
v 46.24715 20.93011 12.03076
v 45.97739 20.93011 12.03076
v 45.69896 20.93224 12.05148
v 52.20225 20.75187 12.28650
v 52.20225 20.75187 12.19729
v 52.20225 20.75187 12.10717
v 52.20225 20.85679 12.44360
v 52.19865 20.93011 12.10717
v 52.19944 20.93011 12.19729
v 52.20039 20.93011 12.28650
v 52.20225 20.75187 7.04257
v 52.20225 20.75187 6.95824
v 52.20225 20.75187 6.87556
v 52.20225 20.85678 6.73051
v 52.20019 20.93011 6.87556
v 52.19913 20.93011 6.95824
v 52.19829 20.93011 7.04257
v 51.17572 20.85679 12.44360
v 51.38227 20.93011 12.08003
v 51.22610 20.93011 12.18942
v 51.17637 20.93011 12.28552
v 51.17572 20.85678 6.73051
v 51.17572 20.75187 7.04257
v 51.17572 20.75187 6.95824
v 51.17572 20.75187 6.87555
v 51.17572 20.75187 12.28650
v 51.17572 20.75187 12.19729
v 51.17572 20.75187 12.10717
v 51.17472 20.93011 6.87640
v 51.22342 20.93011 6.96503
v 51.37840 20.93011 7.06602
v 47.84392 20.75187 6.87555
v 47.84392 20.75187 6.95824
v 47.84392 20.75187 7.04257
v 46.83995 20.75187 7.04257
v 46.83995 20.75187 6.95824
v 46.83995 20.75187 6.87555
v 46.83995 20.85678 6.73051
v 47.84392 20.85678 6.73051
v 47.84392 20.85678 12.44359
v 46.83995 20.85678 12.44359
v 46.84698 20.93011 12.10717
v 46.84528 20.93011 12.19729
v 46.84341 20.93011 12.28650
v 47.84758 20.93011 12.28551
v 47.80063 20.93011 12.18942
v 47.64789 20.93011 12.08003
v 53.78618 20.85679 10.36034
v 53.78618 20.85679 11.05624
v 53.78618 20.85678 8.74576
v 53.31928 20.75187 11.05624
v 53.05092 20.75187 11.05624
v 52.77904 20.75187 11.05624
v 52.77904 20.75187 10.36034
v 53.05092 20.75187 10.36034
v 53.31928 20.75187 10.36034
v 52.77904 20.75187 8.74576
v 53.05092 20.75187 8.74576
v 53.31928 20.75187 8.74576
v 52.77904 20.93011 10.36034
v 53.05092 20.93011 10.36034
v 53.31928 20.93011 10.36034
v 53.31928 20.93011 8.74576
v 53.05092 20.93011 8.74576
v 52.77904 20.93011 8.74576
v 52.77904 20.93011 11.05624
v 53.05092 20.93011 11.05624
v 53.31928 20.93011 11.05624
v 45.24815 20.85678 10.36034
v 45.24815 20.85678 8.74576
v 45.24815 20.85678 11.05623
v 46.24715 20.75187 11.05624
v 45.97739 20.75187 11.05623
v 45.71121 20.75187 11.05624
v 45.71121 20.75187 10.36034
v 45.97739 20.75187 10.36034
v 46.24715 20.75187 10.36034
v 45.71121 20.75187 8.74576
v 45.97739 20.75187 8.74576
v 46.24715 20.75187 8.74576
v 45.71121 20.93011 11.05623
v 45.97739 20.93011 11.05623
v 46.24715 20.93011 11.05624
v 46.24715 20.93011 10.36034
v 45.97739 20.93011 10.36034
v 45.71121 20.93011 10.36034
v 46.24715 20.93010 8.74576
v 45.97739 20.93010 8.74576
v 45.71121 20.93010 8.74576
v 53.78618 20.85678 7.72811
v 52.77904 20.75187 7.72811
v 53.05092 20.75187 7.72811
v 53.31928 20.75187 7.72811
v 46.24715 20.93010 7.72811
v 45.97739 20.93010 7.72811
v 45.71121 20.93010 7.72811
v 45.24815 20.85678 7.72810
v 53.31928 20.93011 7.72811
v 53.05092 20.93011 7.72811
v 52.77904 20.93011 7.72811
v 45.71121 20.75187 7.72811
v 45.97739 20.75187 7.72811
v 46.24715 20.75187 7.72811
v 53.31928 20.93011 11.90444
v 53.05092 20.93011 11.90444
v 52.77904 20.93011 11.90444
v 53.78618 20.85679 11.90444
v 45.71121 20.75187 11.90443
v 45.97739 20.75187 11.90443
v 46.24715 20.75187 11.90443
v 45.24815 20.85678 11.90443
v 52.77904 20.75187 11.90444
v 53.05092 20.75187 11.90444
v 53.31928 20.75187 11.90444
v 46.24715 20.93011 11.90443
v 45.97739 20.93011 11.90443
v 45.71121 20.93011 11.90443
v 53.78618 20.85679 11.56717
v 53.78618 20.85679 11.64114
v 53.31928 20.75187 11.56717
v 53.05092 20.75187 11.56717
v 52.77904 20.75187 11.56717
v 52.77904 20.75187 11.31079
v 53.05092 20.75187 11.31079
v 53.31928 20.75187 11.31079
v 53.78618 20.85679 11.31079
v 53.31928 20.75187 11.64114
v 53.05092 20.75187 11.64114
v 52.77904 20.75187 11.64114
v 45.71121 20.93011 11.64114
v 45.97739 20.93011 11.64114
v 46.24715 20.93011 11.64114
v 46.24715 20.93011 11.56717
v 45.97739 20.93011 11.56717
v 45.71121 20.93011 11.56717
v 45.24815 20.85678 11.64114
v 45.24815 20.85678 11.56717
v 46.24715 20.93011 11.31079
v 45.97739 20.93011 11.31079
v 45.71121 20.93011 11.31079
v 45.24815 20.85678 11.31079
v 52.77904 20.93011 11.56717
v 53.05092 20.93011 11.56717
v 53.31928 20.93011 11.56717
v 53.31928 20.93011 11.31079
v 53.05092 20.93011 11.31079
v 52.77904 20.93011 11.31079
v 52.77904 20.93011 11.64114
v 53.05092 20.93011 11.64114
v 53.31928 20.93011 11.64114
v 46.24715 20.75187 11.56717
v 45.97739 20.75187 11.56717
v 45.71121 20.75187 11.56717
v 45.71121 20.75187 11.31079
v 45.97739 20.75187 11.31079
v 46.24715 20.75187 11.31079
v 46.24715 20.75187 11.64114
v 45.97739 20.75187 11.64114
v 45.71121 20.75187 11.64114
v 53.78618 20.85678 7.50870
v 52.77904 20.75187 7.50870
v 53.05092 20.75187 7.50870
v 53.31928 20.75187 7.50870
v 46.24715 20.93010 7.50870
v 45.97739 20.93010 7.50870
v 45.71121 20.93010 7.50870
v 45.24815 20.85678 7.50870
v 53.31928 20.93011 7.50870
v 53.05092 20.93011 7.50870
v 52.77904 20.93011 7.50870
v 45.71121 20.75187 7.50870
v 45.97739 20.75187 7.50870
v 46.24715 20.75187 7.50870
v 53.78619 20.85678 7.25018
v 53.31928 20.75187 7.25018
v 53.05092 20.75187 7.25018
v 52.77904 20.75187 7.25018
v 45.71121 20.93010 7.25018
v 45.97739 20.93010 7.25018
v 46.24715 20.93010 7.25018
v 45.24815 20.85678 7.25018
v 52.77904 20.93011 7.25018
v 53.05092 20.93011 7.25018
v 53.31928 20.93011 7.25018
v 46.24715 20.75187 7.25018
v 45.97739 20.75187 7.25018
v 45.71121 20.75187 7.25018
v 47.84392 20.75187 12.10717
v 47.84392 20.75187 12.19729
v 47.84392 20.75187 12.28650
v 46.83995 20.75187 12.28650
v 46.83995 20.75187 12.19729
v 46.83995 20.75187 12.10717
v 46.84295 20.93010 6.87555
v 46.84448 20.93010 6.95824
v 46.84571 20.93010 7.04257
v 47.64225 20.93010 7.06601
v 47.79699 20.93010 6.96503
v 47.84543 20.93010 6.87640
v 53.78618 20.85679 11.70568
v 52.77904 20.93011 11.70568
v 53.05092 20.93011 11.70568
v 53.31928 20.93011 11.70568
v 53.78618 20.85679 11.77008
v 52.77904 20.93011 11.77008
v 53.05092 20.93011 11.77008
v 53.31928 20.93011 11.77008
v 53.78618 20.85679 11.83430
v 52.77904 20.93011 11.83430
v 53.05092 20.93011 11.83430
v 53.31928 20.93011 11.83430
v 45.24815 20.85678 11.70567
v 46.24715 20.75187 11.70567
v 45.97739 20.75187 11.70567
v 45.71121 20.75187 11.70567
v 45.24815 20.85678 11.77008
v 46.24715 20.75187 11.77008
v 45.97739 20.75187 11.77008
v 45.71121 20.75187 11.77008
v 45.24815 20.85678 11.83429
v 46.24715 20.75187 11.83429
v 45.97739 20.75187 11.83429
v 45.71121 20.75187 11.83429
v 52.77904 20.75187 11.83430
v 53.05092 20.75187 11.83430
v 53.31928 20.75187 11.83430
v 52.77904 20.75187 11.77008
v 53.05092 20.75187 11.77008
v 53.31928 20.75187 11.77008
v 52.77904 20.75187 11.70568
v 53.05092 20.75187 11.70568
v 53.31928 20.75187 11.70568
v 46.24715 20.93011 11.83429
v 45.97739 20.93011 11.83429
v 45.71121 20.93011 11.83429
v 46.24715 20.93011 11.77008
v 45.97739 20.93011 11.77008
v 45.71121 20.93011 11.77008
v 46.24715 20.93011 11.70567
v 45.97739 20.93011 11.70567
v 45.71121 20.93011 11.70567
v 53.78619 20.85678 7.31307
v 52.77904 20.93011 7.31307
v 53.05092 20.93011 7.31307
v 53.31928 20.93011 7.31307
v 53.78619 20.85678 7.37575
v 52.77904 20.93011 7.37575
v 53.05092 20.93011 7.37575
v 53.31928 20.93011 7.37575
v 53.78618 20.85678 7.44540
v 52.77904 20.93011 7.44540
v 53.05092 20.93011 7.44540
v 53.31928 20.93011 7.44540
v 46.24715 20.75187 7.31307
v 45.97739 20.75187 7.31306
v 45.71121 20.75187 7.31307
v 45.24815 20.85678 7.31307
v 46.24715 20.75187 7.37575
v 45.97739 20.75187 7.37575
v 45.71121 20.75187 7.37575
v 45.24815 20.85678 7.37575
v 46.24715 20.75187 7.44540
v 45.97739 20.75187 7.44540
v 45.71121 20.75187 7.44540
v 45.24815 20.85678 7.44540
v 52.77904 20.75187 7.44540
v 53.05092 20.75187 7.44540
v 53.31928 20.75187 7.44540
v 52.77904 20.75187 7.37575
v 53.05092 20.75187 7.37575
v 53.31928 20.75187 7.37575
v 52.77904 20.75187 7.31307
v 53.05092 20.75187 7.31307
v 53.31928 20.75187 7.31307
v 46.24715 20.93010 7.44540
v 45.97739 20.93010 7.44540
v 45.71121 20.93010 7.44540
v 46.24715 20.93010 7.37575
v 45.97739 20.93010 7.37575
v 45.71121 20.93010 7.37575
v 46.24715 20.93010 7.31307
v 45.97739 20.93010 7.31306
v 45.71121 20.93010 7.31307
v 52.77904 20.93011 12.28650
v 53.05092 20.93011 12.28650
v 53.31928 20.93011 12.28650
v 52.77904 20.93011 12.19729
v 53.05092 20.93011 12.19729
v 53.32703 20.92732 12.16566
v 52.77904 20.93011 12.10717
v 53.05092 20.93011 12.10717
v 53.31028 20.92639 12.11292
v 45.71121 20.93011 12.28650
v 45.97739 20.93011 12.28650
v 46.24715 20.93011 12.28650
v 45.71121 20.93011 12.19729
v 45.97739 20.93011 12.19729
v 46.24715 20.93011 12.19729
v 45.69734 20.92632 12.10972
v 45.97739 20.93011 12.10717
v 46.24715 20.93011 12.10717
v 45.69689 20.92705 7.03045
v 45.97739 20.93010 7.04257
v 46.24715 20.93010 7.04257
v 45.71121 20.93010 6.95824
v 45.97740 20.93010 6.95824
v 46.24715 20.93010 6.95824
v 45.71121 20.93010 6.87555
v 45.97740 20.93010 6.87555
v 46.24715 20.93010 6.87555
v 53.31928 20.75187 7.04257
v 53.05092 20.75187 7.04257
v 52.77904 20.75187 7.04257
v 53.31928 20.75187 6.95824
v 53.05092 20.75187 6.95824
v 52.77904 20.75187 6.95824
v 53.31928 20.75187 6.87556
v 53.05092 20.75187 6.87556
v 52.77904 20.75187 6.87556
v 45.24815 20.85678 7.04257
v 45.24815 20.85678 6.95824
v 45.24815 20.85678 6.87555
v 53.31928 20.85679 12.44360
v 53.05092 20.85679 12.44360
v 52.77904 20.85679 12.44360
v 52.11898 20.85679 12.44360
v 51.97620 20.85679 12.44360
v 51.68497 20.85679 12.44360
v 52.77904 20.93011 7.04257
v 53.05092 20.93011 7.04257
v 53.32702 20.92733 7.06032
v 52.77904 20.93011 6.95824
v 53.05092 20.93011 6.95824
v 53.31928 20.93011 6.95824
v 52.77904 20.93011 6.87556
v 53.05092 20.93011 6.87556
v 53.31928 20.93011 6.87556
v 52.30433 20.93011 7.04257
v 52.38851 20.93011 7.04257
v 52.30448 20.93011 6.95824
v 52.38853 20.93011 6.95824
v 52.30466 20.93011 6.87556
v 52.38856 20.93011 6.87556
v 53.31928 20.75187 12.28650
v 53.05092 20.75187 12.28650
v 52.77904 20.75187 12.28650
v 53.31928 20.75187 12.19729
v 53.05092 20.75187 12.19729
v 52.77904 20.75187 12.19729
v 53.31928 20.75187 12.10717
v 53.05092 20.75187 12.10717
v 52.77904 20.75187 12.10717
v 52.11898 20.75187 7.04257
v 51.97621 20.75187 7.04257
v 51.68498 20.75187 7.04257
v 52.11898 20.75187 6.95824
v 51.97621 20.75187 6.95824
v 51.68498 20.75187 6.95824
v 52.11898 20.75187 6.87556
v 51.97621 20.75187 6.87556
v 51.68498 20.75187 6.87555
v 47.33544 20.75187 7.04257
v 47.04512 20.75187 7.04257
v 46.90320 20.75187 7.04257
v 47.33544 20.75187 6.95824
v 47.04512 20.75187 6.95824
v 46.90320 20.75187 6.95824
v 47.33544 20.75187 6.87555
v 47.04512 20.75187 6.87555
v 46.90320 20.75187 6.87555
v 52.30503 20.85678 6.73051
v 52.38860 20.85678 6.73051
v 52.30470 20.93011 12.28650
v 52.38856 20.93011 12.28650
v 52.30453 20.93011 12.19729
v 52.38854 20.93011 12.19729
v 52.30439 20.93011 12.10717
v 52.38852 20.93011 12.10717
v 52.38860 20.75187 10.95936
v 52.30503 20.75187 10.95936
v 52.38860 20.75187 10.82441
v 52.30503 20.75187 10.82441
v 52.38860 20.75187 10.63140
v 52.30503 20.75187 10.63140
v 51.68497 20.93011 10.95936
v 51.97620 20.93011 10.95936
v 52.11898 20.93011 10.95936
v 51.68497 20.93011 10.82441
v 51.97620 20.93011 10.82441
v 52.11898 20.93011 10.82441
v 51.68497 20.93011 10.63140
v 51.97620 20.93011 10.63140
v 52.11898 20.93011 10.63140
v 53.31928 20.75187 10.00140
v 53.05092 20.75187 10.00140
v 52.77904 20.75187 10.00140
v 53.31928 20.75187 9.58537
v 53.05092 20.75187 9.58536
v 52.77904 20.75187 9.58536
v 53.31928 20.75187 9.15317
v 53.05092 20.75187 9.15317
v 52.77904 20.75187 9.15317
v 52.30503 20.93011 10.95936
v 52.38860 20.93011 10.95936
v 52.30503 20.93011 10.82441
v 52.38860 20.93011 10.82441
v 52.30503 20.93011 10.60926
v 52.38860 20.93011 10.63140
v 45.24815 20.85678 10.00140
v 45.24815 20.85678 9.58536
v 45.24815 20.85678 9.15317
v 46.24715 20.75187 10.00140
v 45.97739 20.75187 10.00140
v 45.71121 20.75187 10.00140
v 46.24715 20.75187 9.58536
v 45.97739 20.75187 9.58536
v 45.71121 20.75187 9.58536
v 46.24715 20.75187 9.15317
v 45.97739 20.75187 9.15317
v 45.71121 20.75187 9.15317
v 46.24715 20.75187 10.95935
v 45.97739 20.75187 10.95935
v 45.71121 20.75187 10.95935
v 46.24715 20.75187 10.82440
v 45.97739 20.75187 10.82440
v 45.71121 20.75187 10.82440
v 46.24715 20.75187 10.63139
v 45.97739 20.75187 10.63139
v 45.71121 20.75187 10.63139
v 53.31928 20.75187 10.95936
v 53.05092 20.75187 10.95936
v 52.77904 20.75187 10.95936
v 53.31928 20.75187 10.82441
v 53.05092 20.75187 10.82441
v 52.77904 20.75187 10.82441
v 53.31928 20.75187 10.63140
v 53.05092 20.75187 10.63140
v 52.77904 20.75187 10.63140
v 53.31928 20.75187 8.39696
v 53.05092 20.75187 8.39696
v 52.77904 20.75187 8.39696
v 53.31928 20.75187 8.11221
v 53.05092 20.75187 8.11221
v 52.77904 20.75187 8.11221
v 53.31928 20.75187 7.88982
v 53.05092 20.75187 7.88982
v 52.77904 20.75187 7.88982
v 52.38860 20.75187 10.00140
v 52.30503 20.75187 10.00140
v 52.38860 20.75187 9.58536
v 52.30503 20.75187 9.58536
v 52.38860 20.75187 9.15317
v 52.30503 20.75187 9.15317
v 51.68442 20.93011 10.00140
v 51.97574 20.93011 10.00140
v 52.11866 20.93011 10.00140
v 51.68057 20.93011 9.58536
v 51.97250 20.93011 9.58536
v 52.11646 20.93011 9.58536
v 51.67010 20.93011 9.15317
v 51.96370 20.93011 9.15317
v 52.11047 20.93011 9.15317
v 52.77904 20.93011 10.00140
v 53.05092 20.93011 10.00140
v 53.31928 20.93011 10.00140
v 52.77904 20.93011 9.58536
v 53.05092 20.93011 9.58536
v 53.31928 20.93011 9.58537
v 52.77904 20.93011 9.15317
v 53.05092 20.93011 9.15317
v 53.31928 20.93011 9.15317
v 52.30500 20.93011 10.00140
v 52.38860 20.93011 10.00140
v 52.30486 20.93011 9.58536
v 52.38858 20.93011 9.58536
v 52.30446 20.93011 9.15317
v 52.38853 20.93011 9.15317
v 52.77904 20.93011 10.95936
v 53.05092 20.93011 10.95936
v 53.31928 20.93011 10.95936
v 52.77904 20.93011 10.82441
v 53.05092 20.93011 10.82441
v 53.31928 20.93011 10.82441
v 52.77904 20.93011 10.63140
v 53.05092 20.93011 10.63140
v 53.31928 20.93011 10.63140
v 45.71121 20.93011 10.95935
v 45.97739 20.93011 10.95935
v 46.24715 20.93011 10.95935
v 45.71121 20.93011 10.82440
v 45.97739 20.93011 10.82440
v 46.24715 20.93011 10.82440
v 45.71121 20.93011 10.63139
v 45.97739 20.93011 10.63139
v 46.24715 20.93011 10.63139
v 45.24815 20.85678 10.95935
v 45.24815 20.85678 10.82440
v 45.24815 20.85678 10.63139
v 46.24715 20.75187 12.28650
v 45.97739 20.75187 12.28650
v 45.71121 20.75187 12.28650
v 46.24715 20.75187 12.19729
v 45.97739 20.75187 12.19729
v 45.71121 20.75187 12.19729
v 46.24715 20.75187 12.10717
v 45.97739 20.75187 12.10717
v 45.71121 20.75187 12.10717
v 46.24715 20.85678 12.44359
v 45.97739 20.85678 12.44359
v 45.71121 20.85678 12.44359
v 45.71121 20.85678 6.73051
v 45.97740 20.85678 6.73051
v 46.24715 20.85678 6.73051
v 52.38860 20.75187 7.04257
v 52.30503 20.75187 7.04257
v 52.38860 20.75187 6.95824
v 52.30503 20.75187 6.95824
v 52.38860 20.75187 6.87556
v 52.30503 20.75187 6.87556
v 53.78618 20.85679 12.10717
v 53.78618 20.85679 12.19729
v 53.78618 20.85679 12.28650
v 51.68498 20.85678 6.73051
v 51.97621 20.85678 6.73051
v 52.11898 20.85678 6.73051
v 52.38860 20.85679 12.44360
v 52.30502 20.85679 12.44360
v 46.24715 20.75187 11.96381
v 45.97739 20.75187 11.96381
v 45.71121 20.75187 11.96381
v 45.71121 20.93011 11.48676
v 45.97739 20.93011 11.48676
v 46.24715 20.93011 11.48676
v 45.71121 20.93011 11.43065
v 45.97739 20.93011 11.43065
v 46.24715 20.93011 11.43065
v 45.71121 20.93011 11.37052
v 45.97739 20.93011 11.37052
v 46.24715 20.93011 11.37052
v 53.78618 20.85679 11.13267
v 53.78618 20.85679 11.22548
v 46.24715 20.75187 11.48676
v 45.97739 20.75187 11.48676
v 45.71121 20.75187 11.48676
v 46.24715 20.75187 11.43065
v 45.97739 20.75187 11.43065
v 45.71121 20.75187 11.43065
v 46.24715 20.75187 11.37052
v 45.97739 20.75187 11.37052
v 45.71121 20.75187 11.37052
v 51.76718 20.93011 11.57720
v 53.31928 20.75187 11.22548
v 53.05092 20.75187 11.22548
v 52.77904 20.75187 11.22548
v 53.31928 20.75187 11.13267
v 53.05092 20.75187 11.13267
v 52.77904 20.75187 11.13267
v 52.77904 20.93011 11.48676
v 53.05092 20.93011 11.48676
v 53.31928 20.93011 11.48676
v 52.77904 20.93011 11.43066
v 53.05092 20.93011 11.43066
v 53.31928 20.93011 11.43066
v 52.77904 20.93011 11.37052
v 53.05092 20.93011 11.37052
v 53.31928 20.93011 11.37052
v 52.20504 20.93011 11.48676
v 52.30011 20.93011 11.48676
v 52.38799 20.93011 11.48676
v 52.20922 20.93011 11.43066
v 52.30134 20.93011 11.43066
v 52.38814 20.93011 11.43066
v 52.21366 20.93011 11.37052
v 52.30266 20.93011 11.37052
v 52.38831 20.93011 11.37052
v 53.78618 20.85679 11.37052
v 53.78618 20.85679 11.43066
v 53.78618 20.85679 11.48676
v 51.66153 20.93011 11.49337
v 51.90192 20.93011 11.48882
v 52.04942 20.93011 11.48702
v 51.62219 20.93011 11.43281
v 51.90659 20.93011 11.43137
v 52.06515 20.93011 11.43075
v 51.62807 20.93011 11.37079
v 51.92571 20.93011 11.37061
v 52.08366 20.93011 11.37053
v 52.38860 20.75187 11.48676
v 52.30502 20.75187 11.48676
v 52.38860 20.75187 11.43066
v 52.30502 20.75187 11.43066
v 52.38860 20.75187 11.37052
v 52.30503 20.75187 11.37052
v 53.78618 20.85678 9.15317
v 53.78618 20.85679 9.58537
v 53.78618 20.85679 10.00140
v 45.71121 20.93011 11.22548
v 45.97739 20.93011 11.22548
v 46.24715 20.93011 11.22548
v 45.71121 20.93011 11.13266
v 45.97739 20.93011 11.13266
v 46.24715 20.93011 11.13266
v 53.78618 20.85678 7.56258
v 53.78618 20.85678 7.62322
v 46.24715 20.75187 11.22548
v 45.97739 20.75187 11.22548
v 45.71121 20.75187 11.22548
v 46.24715 20.75187 11.13266
v 45.97739 20.75187 11.13266
v 45.71121 20.75187 11.13266
v 52.30469 20.93011 11.22548
v 52.38856 20.93011 11.22548
v 52.30500 20.93011 11.13267
v 52.38860 20.93011 11.13267
v 45.24815 20.85678 11.22548
v 45.24815 20.85678 11.13266
v 51.67621 20.93011 11.22548
v 51.96469 20.93011 11.25421
v 52.11387 20.93011 11.22548
v 51.97279 20.93011 11.19675
v 51.68447 20.93011 11.13267
v 51.97578 20.93011 11.13267
v 52.11868 20.93011 11.13267
v 52.38860 20.75187 11.22548
v 52.30503 20.75187 11.22548
v 52.38860 20.75187 11.13267
v 52.30503 20.75187 11.13267
v 53.31928 20.75187 7.62322
v 53.05092 20.75187 7.62322
v 52.77904 20.75187 7.62322
v 53.31928 20.75187 7.56258
v 53.05092 20.75187 7.56258
v 52.77904 20.75187 7.56258
v 52.38860 20.75187 8.39696
v 52.30503 20.75187 8.39696
v 52.38860 20.75187 8.11221
v 52.30503 20.75187 8.11221
v 52.38860 20.75187 7.88982
v 52.30503 20.75187 7.88982
v 51.62186 20.93011 8.39573
v 51.92122 20.93011 8.39655
v 52.08084 20.93011 8.39691
v 51.61206 20.93011 8.10238
v 51.89947 20.93011 8.10893
v 52.06075 20.93011 8.11180
v 51.64700 20.93011 7.85960
v 51.85452 20.93846 7.88594
v 52.04356 20.93011 7.88864
v 45.71121 20.93010 8.39696
v 45.97739 20.93010 8.39696
v 46.24715 20.93010 8.39696
v 45.71121 20.93010 8.11221
v 45.97739 20.93010 8.11221
v 46.24715 20.93010 8.11221
v 45.71121 20.93010 7.88982
v 45.97739 20.93010 7.88981
v 46.24715 20.93010 7.88982
v 52.21304 20.93011 8.39696
v 52.30248 20.93011 8.39696
v 52.38828 20.93011 8.39696
v 52.20825 20.93011 8.11221
v 52.30106 20.93011 8.11221
v 52.38810 20.93011 8.11221
v 52.20377 20.93011 7.88982
v 52.29973 20.93011 7.88982
v 52.38794 20.93011 7.88982
v 46.24715 20.75187 8.39696
v 45.97739 20.75187 8.39696
v 45.71121 20.75187 8.39696
v 46.24715 20.75187 8.11221
v 45.97739 20.75187 8.11221
v 45.71121 20.75187 8.11221
v 46.24715 20.75187 7.88982
v 45.97739 20.75187 7.88981
v 45.71121 20.75187 7.88982
v 52.77904 20.93011 11.96382
v 53.05092 20.93011 11.96382
v 53.31928 20.93011 11.96382
v 52.77904 20.93011 8.39696
v 53.05092 20.93011 8.39696
v 53.31928 20.93011 8.39696
v 52.77904 20.93011 8.11221
v 53.05092 20.93011 8.11221
v 53.31928 20.93011 8.11221
v 52.77904 20.93011 7.88982
v 53.05092 20.93011 7.88982
v 53.31928 20.93011 7.88982
v 52.77904 20.85678 6.73051
v 53.05092 20.85678 6.73051
v 53.31928 20.85678 6.73051
v 52.38860 20.75187 7.18379
v 52.30503 20.75187 7.18379
v 51.98151 20.93011 7.19236
v 52.05477 20.93011 7.18642
v 52.12116 20.93011 7.18412
v 45.69399 20.92676 7.16891
v 45.97739 20.93010 7.18379
v 46.24715 20.93010 7.18379
v 52.30440 20.93011 7.18379
v 52.38853 20.93011 7.18379
v 46.24715 20.75187 7.18379
v 45.97739 20.75187 7.18379
v 45.71121 20.75187 7.18379
v 48.60727 20.93011 12.28534
v 49.51197 20.93011 12.28532
v 50.41668 20.93011 12.28534
v 48.57510 20.93011 12.18805
v 49.51352 20.93011 12.18785
v 50.45188 20.93011 12.18805
v 48.48315 20.93011 12.07573
v 49.51536 20.93011 12.07531
v 50.54749 20.93011 12.07573
v 52.77904 20.93011 7.18379
v 53.05092 20.93011 7.18379
v 53.31560 20.92670 7.17613
v 50.41446 20.75187 7.18379
v 49.50950 20.75187 7.18379
v 48.60469 20.75187 7.18379
v 46.90132 20.93010 7.18411
v 46.96699 20.93010 7.18642
v 47.03936 20.93010 7.19236
v 50.41446 20.75187 8.39696
v 49.50950 20.75187 8.39696
v 48.60469 20.75187 8.39696
v 50.41446 20.75187 8.11221
v 49.50950 20.75187 8.11221
v 48.60469 20.75187 8.11221
v 50.41446 20.75187 7.88982
v 49.50950 20.75187 7.88982
v 48.60469 20.75187 7.88982
v 46.93838 20.93011 8.39691
v 47.09542 20.93011 8.39655
v 47.39209 20.93011 8.39573
v 46.95687 20.93010 8.11180
v 47.15322 20.94346 8.15588
v 47.39780 20.93011 8.10238
v 46.97267 20.93010 7.88864
v 47.15043 20.93704 7.88652
v 47.35826 20.93010 7.85960
v 46.90873 20.93011 11.22548
v 47.05325 20.93011 11.22548
v 47.34511 20.93011 11.22548
v 46.90351 20.93011 11.13266
v 47.04558 20.93011 11.13266
v 47.33599 20.93011 11.13266
v 50.41446 20.75187 11.22548
v 49.50950 20.75187 11.22548
v 48.60469 20.75187 11.22548
v 50.41446 20.75187 11.13267
v 49.50950 20.75187 11.13267
v 48.60469 20.75187 11.13267
v 46.97857 20.93011 11.48702
v 47.12917 20.93011 11.48882
v 47.37357 20.93011 11.49337
v 46.96153 20.93011 11.43074
v 47.12204 20.93011 11.43137
v 47.40861 20.93011 11.43281
v 46.94146 20.93011 11.37053
v 47.10028 20.93011 11.37061
v 47.39876 20.93011 11.37079
v 50.41446 20.75187 11.48676
v 49.50950 20.75187 11.48676
v 48.60469 20.75187 11.48676
v 50.41446 20.75187 11.43066
v 49.50950 20.75187 11.43066
v 48.60469 20.75187 11.43066
v 50.41446 20.75187 11.37052
v 49.50950 20.75187 11.37052
v 48.60469 20.75187 11.37052
v 46.63506 20.93011 12.28650
v 46.73319 20.93011 12.28650
v 46.79487 20.93011 12.28650
v 46.63509 20.93011 12.19729
v 46.73343 20.93011 12.19729
v 46.79565 20.93011 12.19729
v 46.63512 20.93011 12.10717
v 46.73364 20.93011 12.10717
v 46.79637 20.93011 12.10717
v 46.90832 20.93010 7.04305
v 47.01543 20.93010 7.04647
v 47.21424 20.93010 7.05510
v 46.90980 20.93010 6.95840
v 47.04242 20.93010 6.95960
v 47.30662 20.93010 6.96231
v 46.90859 20.93010 6.87557
v 47.05148 20.93010 6.87572
v 47.33978 20.93010 6.87606
v 50.41446 20.75187 10.00140
v 49.50950 20.75187 10.00140
v 48.60469 20.75187 10.00140
v 50.41446 20.75187 9.58536
v 49.50950 20.75187 9.58536
v 48.60469 20.75187 9.58536
v 50.41446 20.75187 9.15317
v 49.50950 20.75187 9.15317
v 48.60469 20.75187 9.15317
v 46.90349 20.93011 10.00140
v 47.04554 20.93011 10.00140
v 47.33594 20.93011 10.00140
v 46.90552 20.93011 9.58536
v 47.04852 20.93011 9.58536
v 47.33943 20.93011 9.58536
v 46.91105 20.93011 9.15317
v 47.05659 20.93011 9.15317
v 47.34890 20.93011 9.15317
v 50.41446 20.75187 10.95935
v 49.50950 20.75187 10.95935
v 48.60469 20.75187 10.95935
v 50.41446 20.75187 10.82441
v 49.50950 20.75187 10.82440
v 48.60469 20.75187 10.82440
v 50.41446 20.75187 10.63140
v 49.50950 20.75187 10.63140
v 48.60469 20.75187 10.63140
v 46.90320 20.93011 10.95935
v 47.04512 20.93011 10.95935
v 47.33544 20.93011 10.95935
v 46.90320 20.93011 10.82440
v 47.04512 20.93011 10.82440
v 47.33544 20.93011 10.82440
v 46.90320 20.93011 10.63139
v 47.04512 20.93011 10.63139
v 47.33544 20.93011 10.63139
v 48.47754 20.93011 7.06973
v 49.51015 20.93011 7.07009
v 50.54284 20.93011 7.06973
v 48.57136 20.93011 6.96622
v 49.50996 20.93011 6.96639
v 50.44869 20.93011 6.96622
v 48.60501 20.93011 6.87655
v 49.50979 20.93011 6.87657
v 50.41471 20.93011 6.87655
v 46.79340 20.75187 7.04257
v 46.73276 20.75187 7.04257
v 46.63501 20.75187 7.04257
v 46.79340 20.75187 6.95824
v 46.73276 20.75187 6.95824
v 46.63501 20.75187 6.95824
v 46.79340 20.75187 6.87555
v 46.73276 20.75187 6.87555
v 46.63501 20.75187 6.87555
v 47.33544 20.75187 12.28650
v 47.04511 20.75187 12.28650
v 46.90320 20.75187 12.28650
v 47.33544 20.75187 12.19729
v 47.04511 20.75187 12.19729
v 46.90320 20.75187 12.19729
v 47.33544 20.75187 12.10717
v 47.04512 20.75187 12.10717
v 46.90320 20.75187 12.10717
v 48.60469 20.85678 6.73051
v 49.50950 20.85678 6.73051
v 50.41446 20.85678 6.73051
v 51.68234 20.93011 12.28591
v 51.97105 20.93011 12.28630
v 52.11435 20.93011 12.28647
v 51.71645 20.93011 12.19257
v 51.98073 20.93011 12.19572
v 52.11350 20.93011 12.19710
v 51.80973 20.93011 12.09267
v 52.00822 20.93011 12.10265
v 52.11523 20.93011 12.10661
v 52.11898 20.75187 12.28650
v 51.97620 20.75187 12.28650
v 51.68497 20.75187 12.28650
v 52.11898 20.75187 12.19729
v 51.97620 20.75187 12.19729
v 51.68497 20.75187 12.19729
v 52.11898 20.75187 12.10717
v 51.97620 20.75187 12.10717
v 51.68497 20.75187 12.10717
v 52.11898 20.75187 10.95936
v 51.97620 20.75187 10.95936
v 51.68497 20.75187 10.95936
v 52.11898 20.75187 10.82441
v 51.97620 20.75187 10.82441
v 51.68497 20.75187 10.82441
v 52.11898 20.75187 10.63140
v 51.97620 20.75187 10.63140
v 51.68497 20.75187 10.63140
v 52.11898 20.75187 10.00140
v 51.97620 20.75187 10.00140
v 51.68497 20.75187 10.00140
v 52.11898 20.75187 9.58536
v 51.97620 20.75187 9.58536
v 51.68497 20.75187 9.58536
v 52.11898 20.75187 9.15317
v 51.97620 20.75187 9.15317
v 51.68497 20.75187 9.15317
v 51.80697 20.93011 7.05510
v 52.00648 20.93011 7.04648
v 52.11423 20.93011 7.04306
v 51.71442 20.93011 6.96232
v 51.97936 20.93011 6.95960
v 52.11267 20.93011 6.95841
v 51.68105 20.93011 6.87606
v 51.97015 20.93011 6.87572
v 52.11379 20.93011 6.87558
v 52.11898 20.75187 11.48676
v 51.97620 20.75187 11.48676
v 51.68497 20.75187 11.48676
v 52.11898 20.75187 11.43066
v 51.97620 20.75187 11.43066
v 51.68497 20.75187 11.43066
v 52.11898 20.75187 11.37052
v 51.97620 20.75187 11.37052
v 51.68497 20.75187 11.37052
v 52.11898 20.75187 11.22548
v 51.97620 20.75187 11.22548
v 51.68497 20.75187 11.22548
v 52.11898 20.75187 11.13267
v 51.97620 20.75187 11.13267
v 51.68497 20.75187 11.13267
v 52.11898 20.75187 8.39696
v 51.97621 20.75187 8.39696
v 51.68498 20.75187 8.39696
v 52.11898 20.75187 8.11221
v 51.97620 20.75187 8.11221
v 51.68497 20.75187 8.11221
v 52.11898 20.75187 7.88982
v 51.97620 20.75187 7.88982
v 51.68498 20.75187 7.88982
v 52.11898 20.75187 7.18379
v 51.97621 20.75187 7.18379
v 51.68497 20.75187 7.18379
v 48.63149 20.93011 8.39455
v 49.50496 20.93011 8.39450
v 50.37886 20.93011 8.39456
v 48.62151 20.93011 8.09295
v 49.50202 20.93011 8.09254
v 50.38306 20.93011 8.09295
v 48.56659 20.93011 7.82431
v 49.49849 20.93011 7.82344
v 50.43083 20.93011 7.82431
v 48.61036 20.93011 11.22548
v 49.51146 20.94510 11.21395
v 50.41003 20.93011 11.22548
v 48.60502 20.93011 11.13267
v 49.51382 20.93667 11.17618
v 50.41421 20.93011 11.13267
v 48.58853 20.93011 11.50109
v 49.52036 20.93011 11.50128
v 50.45194 20.93011 11.50109
v 48.63626 20.93011 11.43487
v 49.51691 20.93011 11.43496
v 50.39732 20.93011 11.43487
v 48.64040 20.93011 11.37105
v 49.51402 20.93011 11.37106
v 50.38751 20.93011 11.37105
v 50.41446 20.85679 12.44360
v 49.50950 20.85678 12.44360
v 48.60469 20.85678 12.44360
v 48.60494 20.93011 10.00140
v 49.50946 20.93011 10.00140
v 50.41414 20.93011 10.00140
v 48.60671 20.93011 9.58536
v 49.50920 20.93011 9.58536
v 50.41188 20.93011 9.58536
v 48.61150 20.93011 9.15317
v 49.50850 20.93011 9.15317
v 50.40573 20.93011 9.15317
v 48.60469 20.93011 10.95935
v 49.50950 20.93011 10.95935
v 50.41446 20.93011 10.95935
v 48.59366 20.94523 10.82306
v 49.50950 20.93011 10.82440
v 50.41929 20.94536 10.82278
v 48.60469 20.93011 10.63140
v 49.50950 20.93011 10.63140
v 50.41446 20.93011 10.63140
v 50.41446 20.75187 7.04257
v 49.50950 20.75187 7.04257
v 48.60469 20.75187 7.04257
v 50.41446 20.75187 6.95824
v 49.50950 20.75187 6.95824
v 48.60469 20.75187 6.95824
v 50.41446 20.75187 6.87555
v 49.50950 20.75187 6.87555
v 48.60469 20.75187 6.87555
v 47.02456 20.93011 11.72178
v 46.95687 20.93011 11.66542
v 47.16584 20.93011 11.66542
v 51.90223 20.93011 11.72983
v 51.84574 20.93011 11.65737
v 53.31928 20.75187 11.48676
v 53.05092 20.75187 11.48676
v 52.77904 20.75187 11.48676
v 53.31928 20.75187 11.43066
v 53.05092 20.75187 11.43066
v 52.77904 20.75187 11.43066
v 53.31928 20.75187 11.37052
v 53.05092 20.75187 11.37052
v 52.77904 20.75187 11.37052
v 53.31928 20.75187 11.96382
v 53.05092 20.75187 11.96382
v 52.77904 20.75187 11.96382
v 45.24815 20.85678 11.96381
v 53.78618 20.85679 11.96382
v 52.30444 20.93011 11.96382
v 52.38853 20.93011 11.96382
v 45.69792 20.92728 11.97760
v 45.97739 20.93011 11.96381
v 46.24715 20.93011 11.96381
v 51.98302 20.93011 11.95390
v 52.05568 20.93011 11.96077
v 52.12167 20.93011 11.96343
v 52.38860 20.75187 11.96382
v 52.30502 20.75187 11.96382
v 46.90709 20.93011 11.96343
v 46.97627 20.93011 11.96076
v 47.05257 20.93011 11.95389
v 50.41446 20.75187 11.96382
v 49.50950 20.75187 11.96381
v 48.60469 20.75187 11.96381
v 52.11898 20.75187 11.96382
v 51.97620 20.75187 11.96382
v 51.68497 20.75187 11.96382
v 46.63513 20.93011 11.96381
v 46.73378 20.93011 11.96381
v 46.79685 20.93011 11.96381
v 47.33544 20.75187 11.96381
v 47.04512 20.75187 11.96381
v 46.90320 20.75187 11.96381
v 47.33544 20.85678 12.44359
v 47.04511 20.85678 12.44359
v 46.90320 20.85678 12.44359
v 46.63501 20.93011 10.95935
v 46.73276 20.93011 10.95935
v 46.79340 20.93011 10.95935
v 46.63501 20.93011 10.82440
v 46.73276 20.93011 10.82440
v 46.79340 20.93011 10.82440
v 46.63501 20.93011 10.63139
v 46.70413 20.93011 10.60885
v 46.79340 20.93011 10.60885
v 46.63501 20.93011 10.00140
v 46.70415 20.93011 10.00140
v 46.79347 20.93011 10.00140
v 46.63502 20.93011 9.58536
v 46.70428 20.93011 9.58536
v 46.79393 20.93011 9.58536
v 46.63507 20.93011 9.15317
v 46.70466 20.93011 9.15317
v 46.79517 20.93011 9.15317
v 53.78618 20.85679 10.63140
v 53.78618 20.85679 10.82441
v 53.78618 20.85679 10.95936
v 46.63567 20.93011 11.48676
v 46.73806 20.93011 11.48676
v 46.81128 20.93011 11.48676
v 46.63550 20.93011 11.43065
v 46.73674 20.93011 11.43065
v 46.80682 20.93011 11.43065
v 46.63533 20.93011 11.37052
v 46.73532 20.93011 11.37052
v 46.80204 20.93011 11.37052
v 46.63505 20.93011 11.22548
v 46.73313 20.93011 11.22548
v 46.79465 20.93011 11.22548
v 46.63501 20.93011 11.13266
v 46.73278 20.93011 11.13266
v 46.79348 20.93011 11.13266
v 46.63530 20.93010 8.39696
v 46.70649 20.93011 8.39696
v 46.80136 20.93011 8.39696
v 46.63547 20.93010 8.11221
v 46.73644 20.93010 8.11221
v 46.80580 20.93010 8.11221
v 46.63562 20.93010 7.88982
v 46.73768 20.93010 7.88981
v 46.80999 20.93010 7.88982
v 46.63509 20.93010 7.18379
v 46.73341 20.93010 7.18379
v 46.79558 20.93010 7.18379
v 47.33544 20.75187 7.18379
v 47.04512 20.75187 7.18379
v 46.90320 20.75187 7.18379
v 47.33544 20.75187 8.39696
v 47.04512 20.75187 8.39696
v 46.90320 20.75187 8.39696
v 47.33544 20.75187 8.11221
v 47.04512 20.75187 8.11221
v 46.90320 20.75187 8.11221
v 47.33544 20.75187 7.88982
v 47.04512 20.75187 7.88982
v 46.90320 20.75187 7.88982
v 47.33544 20.75187 11.22548
v 47.04512 20.75187 11.22548
v 46.90320 20.75187 11.22548
v 47.33544 20.75187 11.13266
v 47.04512 20.75187 11.13266
v 46.90320 20.75187 11.13266
v 47.33544 20.75187 11.48676
v 47.04512 20.75187 11.48676
v 46.90320 20.75187 11.48676
v 47.33544 20.75187 11.43066
v 47.04512 20.75187 11.43065
v 46.90320 20.75187 11.43065
v 47.33544 20.75187 11.37052
v 47.04512 20.75187 11.37052
v 46.90320 20.75187 11.37052
v 50.41446 20.75187 12.28650
v 49.50950 20.75187 12.28650
v 48.60469 20.75187 12.28650
v 50.41446 20.75187 12.19729
v 49.50950 20.75187 12.19729
v 48.60469 20.75187 12.19729
v 50.41446 20.75187 12.10717
v 49.50950 20.75187 12.10717
v 48.60469 20.75187 12.10717
v 47.33544 20.75187 10.00140
v 47.04512 20.75187 10.00140
v 46.90320 20.75187 10.00140
v 47.33544 20.75187 9.58536
v 47.04512 20.75187 9.58536
v 46.90320 20.75187 9.58536
v 47.33544 20.75187 9.15317
v 47.04512 20.75187 9.15317
v 46.90320 20.75187 9.15317
v 47.33544 20.75187 10.95935
v 47.04512 20.75187 10.95935
v 46.90320 20.75187 10.95935
v 47.33544 20.75187 10.82440
v 47.04512 20.75187 10.82440
v 46.90320 20.75187 10.82440
v 47.33544 20.75187 10.63139
v 47.04512 20.75187 10.63139
v 46.90320 20.75187 10.63139
v 46.90320 20.85678 6.73051
v 47.04512 20.85678 6.73051
v 47.33544 20.85678 6.73051
v 46.79340 20.85678 12.44359
v 46.73276 20.85678 12.44359
v 46.63501 20.85678 12.44359
v 45.24815 20.85678 7.18378
v 45.24815 20.85678 8.39696
v 45.24815 20.85678 8.11221
v 45.24815 20.85678 7.88982
v 52.77904 20.93011 11.22548
v 53.05092 20.93011 11.22548
v 53.31928 20.93011 11.22548
v 52.77904 20.93011 11.13267
v 53.05092 20.93011 11.13267
v 53.31928 20.93011 11.13267
v 45.24815 20.85678 11.48676
v 45.24815 20.85678 11.43065
v 45.24815 20.85678 11.37052
v 52.38860 20.75187 12.28650
v 52.30502 20.75187 12.28650
v 52.38860 20.75187 12.19729
v 52.30502 20.75187 12.19729
v 52.38860 20.75187 12.10717
v 52.30502 20.75187 12.10717
v 53.78618 20.85678 7.88982
v 53.78618 20.85678 8.11221
v 53.78618 20.85678 8.39696
v 45.71121 20.93011 10.00140
v 45.97739 20.93011 10.00140
v 46.24715 20.93011 10.00140
v 45.71121 20.93011 9.58536
v 45.97739 20.93011 9.58536
v 46.24715 20.93011 9.58536
v 45.71121 20.93010 9.15317
v 45.97739 20.93011 9.15317
v 46.24715 20.93011 9.15317
v 45.24815 20.85678 12.28650
v 45.24815 20.85678 12.19729
v 45.24815 20.85678 12.10717
v 46.24715 20.75187 7.04257
v 45.97739 20.75187 7.04257
v 45.71121 20.75187 7.04257
v 46.24715 20.75187 6.95824
v 45.97740 20.75187 6.95824
v 45.71121 20.75187 6.95824
v 46.24715 20.75187 6.87555
v 45.97739 20.75187 6.87555
v 45.71121 20.75187 6.87555
v 46.79340 20.75187 12.28650
v 46.73276 20.75187 12.28650
v 46.63501 20.75187 12.28650
v 46.79340 20.75187 12.19729
v 46.73276 20.75187 12.19729
v 46.63501 20.75187 12.19729
v 46.79340 20.75187 12.10717
v 46.73276 20.75187 12.10717
v 46.63501 20.75187 12.10717
v 46.79340 20.75187 11.96381
v 46.73276 20.75187 11.96381
v 46.63501 20.75187 11.96381
v 46.79340 20.75187 7.18379
v 46.73276 20.75187 7.18379
v 46.63501 20.75187 7.18379
v 46.79340 20.75187 8.39696
v 46.73276 20.75187 8.39696
v 46.63501 20.75187 8.39696
v 46.79340 20.75187 8.11221
v 46.73276 20.75187 8.11221
v 46.63501 20.75187 8.11221
v 46.79340 20.75187 7.88982
v 46.73276 20.75187 7.88981
v 46.63501 20.75187 7.88982
v 46.79340 20.75187 11.22548
v 46.73276 20.75187 11.22548
v 46.63501 20.75187 11.22548
v 46.79340 20.75187 11.13266
v 46.73276 20.75187 11.13266
v 46.63501 20.75187 11.13266
v 46.79340 20.75187 11.48676
v 46.73276 20.75187 11.48676
v 46.63501 20.75187 11.48676
v 46.79340 20.75187 11.43065
v 46.73276 20.75187 11.43065
v 46.63501 20.75187 11.43065
v 46.79340 20.75187 11.37052
v 46.73276 20.75187 11.37052
v 46.63501 20.75187 11.37052
v 46.63510 20.93010 7.04257
v 46.73348 20.93010 7.04257
v 46.79584 20.93010 7.04257
v 46.63508 20.93010 6.95824
v 46.73333 20.93010 6.95824
v 46.79532 20.93010 6.95824
v 46.63506 20.93010 6.87555
v 46.73313 20.93010 6.87555
v 46.79467 20.93010 6.87555
v 46.79340 20.75187 10.00140
v 46.73276 20.75187 10.00140
v 46.63501 20.75187 10.00140
v 46.79340 20.75187 9.58536
v 46.73276 20.75187 9.58536
v 46.63501 20.75187 9.58536
v 46.79340 20.75187 9.15317
v 46.73276 20.75187 9.15317
v 46.63501 20.75187 9.15317
v 46.79340 20.75187 10.95935
v 46.73276 20.75187 10.95935
v 46.63501 20.75187 10.95935
v 46.79340 20.75187 10.82440
v 46.73276 20.75187 10.82440
v 46.63501 20.75187 10.82440
v 46.79340 20.75187 10.63139
v 46.73276 20.75187 10.63139
v 46.63501 20.75187 10.63139
v 46.63501 20.85678 6.73051
v 46.73276 20.85678 6.73051
v 46.79340 20.85678 6.73051
v 46.90947 20.93011 12.28647
v 47.05285 20.93011 12.28630
v 47.34160 20.93011 12.28591
v 46.91132 20.93011 12.19709
v 47.04478 20.93011 12.19572
v 47.30974 20.93011 12.19257
v 46.91073 20.93011 12.10661
v 47.01916 20.93011 12.10265
v 47.21918 20.93011 12.09267
v 46.79340 20.75187 7.62322
v 46.73276 20.75187 7.62322
v 46.63501 20.75187 7.62322
v 46.79340 20.75187 7.56258
v 46.73276 20.75187 7.56258
v 46.63501 20.75187 7.56258
v 45.24815 20.85678 7.62322
v 45.24815 20.85678 7.56258
v 47.33544 20.75187 7.62322
v 47.04512 20.75187 7.62322
v 46.90320 20.75187 7.62322
v 47.33544 20.75187 7.56258
v 47.04512 20.75187 7.56258
v 46.90320 20.75187 7.56258
v 46.63578 20.93010 7.62322
v 46.73895 20.93010 7.62322
v 46.81427 20.93010 7.62322
v 46.63577 20.93010 7.56258
v 46.73886 20.93010 7.56258
v 46.81400 20.93010 7.56258
v 52.11898 20.75187 7.62322
v 51.97621 20.75187 7.62322
v 51.68498 20.75187 7.62322
v 52.11898 20.75187 7.56258
v 51.97621 20.75187 7.56258
v 51.68497 20.75187 7.56258
v 46.98705 20.93010 7.62204
v 47.10674 20.93010 7.58655
v 47.25401 20.93010 7.59213
v 46.98525 20.93010 7.56217
v 46.96020 20.93010 7.48719
v 47.02488 20.93010 7.42451
v 50.41446 20.75187 7.62322
v 49.50950 20.75187 7.62322
v 48.60469 20.75187 7.62322
v 50.41446 20.75187 7.56258
v 49.50950 20.75187 7.56258
v 48.60469 20.75187 7.56258
v 52.77904 20.93011 7.62322
v 53.05092 20.93011 7.62322
v 53.31928 20.93011 7.62322
v 52.77904 20.93011 7.56258
v 53.05092 20.93011 7.56258
v 53.31928 20.93011 7.56258
v 53.78619 20.85678 7.18379
v 46.24715 20.75187 7.62322
v 45.97739 20.75187 7.62322
v 45.71121 20.75187 7.62322
v 46.24715 20.75187 7.56258
v 45.97739 20.75187 7.56258
v 45.71121 20.75187 7.56258
v 52.19941 20.93011 7.62322
v 52.29843 20.93011 7.62322
v 52.38778 20.93011 7.62322
v 52.19987 20.93011 7.56258
v 52.29858 20.93011 7.56258
v 52.38779 20.93011 7.56258
v 45.71121 20.93010 7.62322
v 45.97739 20.93010 7.62322
v 46.24715 20.93010 7.62322
v 45.71121 20.93010 7.56258
v 45.97739 20.93010 7.56258
v 46.24715 20.93010 7.56258
v 51.74950 20.93011 7.59213
v 51.90465 20.93011 7.58655
v 52.02876 20.93011 7.62204
v 52.03154 20.93011 7.56217
v 51.84086 20.93011 7.48719
v 51.93134 20.93011 7.44540
v 52.38860 20.75187 7.62322
v 52.30503 20.75187 7.62322
v 52.38860 20.75187 7.56258
v 52.30503 20.75187 7.56258
v 53.31928 20.75187 7.18379
v 53.05092 20.75187 7.18379
v 52.77904 20.75187 7.18379
v 53.68147 20.75188 7.04257
v 53.68147 20.75188 6.95824
v 53.68147 20.75188 6.87556
v 53.68147 20.85678 6.73052
v 53.68147 20.93010 12.10717
v 53.68147 20.93010 12.19729
v 53.68147 20.93010 12.28650
v 53.68147 20.85679 12.44359
v 45.35201 20.85678 12.44359
v 45.35201 20.75188 12.10717
v 45.35200 20.75188 12.19729
v 45.35201 20.75188 12.28650
v 45.35201 20.93010 7.04257
v 45.35201 20.93010 6.95824
v 45.35201 20.93010 6.87555
v 45.35201 20.85678 6.73052
v 53.68147 20.75188 10.95936
v 53.68147 20.75188 10.82441
v 53.68147 20.75188 10.63140
v 53.68147 20.93010 9.15317
v 53.68147 20.93010 9.58537
v 53.68147 20.93010 10.00140
v 45.35201 20.75188 9.15317
v 45.35201 20.75188 9.58536
v 45.35201 20.75188 10.00140
v 45.35201 20.93010 10.95935
v 45.35201 20.93010 10.82440
v 45.35201 20.93010 10.63139
v 53.68147 20.75188 10.00140
v 53.68147 20.75188 9.58537
v 53.68147 20.75188 9.15317
v 45.35201 20.93010 10.00140
v 45.35201 20.93010 9.58536
v 45.35201 20.93010 9.15317
v 53.68147 20.93010 7.88982
v 53.68147 20.93010 8.11221
v 53.68147 20.93010 8.39696
v 45.35201 20.75188 7.88981
v 45.35201 20.75188 8.11221
v 45.35201 20.75188 8.39696
v 53.68147 20.93010 11.96382
v 45.35201 20.75188 11.96381
v 53.68147 20.75188 12.28650
v 53.68147 20.75188 12.19729
v 53.68147 20.75188 12.10717
v 45.35201 20.93010 12.28650
v 45.35200 20.93010 12.19729
v 45.35201 20.93010 12.10717
v 53.68147 20.93010 11.37052
v 53.68147 20.93010 11.43066
v 53.68147 20.93010 11.48676
v 45.35201 20.75188 11.37052
v 45.35201 20.75188 11.43065
v 45.35201 20.75188 11.48676
v 53.68147 20.75188 11.48676
v 53.68147 20.75188 11.43066
v 53.68147 20.75188 11.37052
v 45.35201 20.93010 11.48676
v 45.35201 20.93010 11.43065
v 45.35201 20.93010 11.37052
v 53.68147 20.93010 11.13267
v 53.68147 20.93010 11.22548
v 45.35201 20.75188 11.13266
v 45.35201 20.75188 11.22548
v 53.68147 20.75188 11.22548
v 53.68147 20.75188 11.13267
v 45.35201 20.93010 11.22548
v 45.35201 20.93010 11.13266
v 53.68147 20.93010 10.63140
v 53.68147 20.93010 10.82441
v 53.68147 20.93010 10.95936
v 45.35201 20.75188 10.63139
v 45.35201 20.75188 10.82440
v 45.35201 20.75188 10.95935
v 53.68147 20.75188 8.39696
v 53.68147 20.75188 8.11221
v 53.68147 20.75188 7.88982
v 45.35201 20.93010 8.39696
v 45.35201 20.93010 8.11221
v 45.35201 20.93010 7.88982
v 53.68147 20.93010 7.56258
v 53.68147 20.93010 7.62322
v 45.35201 20.75188 7.56258
v 45.35201 20.75188 7.62322
v 53.68147 20.75188 7.18379
v 45.35201 20.93010 7.18379
v 53.68147 20.93010 6.87556
v 53.68147 20.93010 6.95824
v 53.68147 20.93010 7.04257
v 45.35201 20.75188 6.87555
v 45.35201 20.75188 6.95824
v 45.35201 20.75188 7.04257
v 48.60649 20.93010 12.40740
v 53.68147 20.75188 11.96382
v 45.35201 20.93010 11.96381
v 53.68147 20.93010 7.18379
v 45.35201 20.75188 7.18378
v 53.68147 20.75188 7.62322
v 53.68147 20.75188 7.56258
v 45.35201 20.93010 7.62322
v 45.35201 20.93010 7.56258
v 53.78619 20.85678 6.87556
v 53.78618 20.85678 6.95824
v 53.78619 20.85678 7.04257
v 46.79966 20.93011 8.55435
v 46.70599 20.93011 8.55435
v 52.30302 20.93011 8.55337
v 52.21487 20.93011 8.55337
v 52.30503 20.97637 10.36034
v 52.22165 20.97637 10.36034
v 52.30368 20.97637 8.74576
v 52.21712 20.97637 8.74576
v 46.79340 20.97637 10.36034
v 46.70413 20.97637 10.36034
v 46.79759 20.97637 8.74576
v 46.70537 20.97637 8.74576
v 52.22158 20.97637 10.00140
v 52.30500 20.97637 10.00140
v 52.22108 20.97637 9.58536
v 52.30486 20.97637 9.58536
v 52.21974 20.97637 9.15317
v 52.30446 20.97637 9.15317
v 46.70415 20.97637 10.00140
v 46.79347 20.97637 10.00140
v 46.70428 20.97637 9.58536
v 46.79393 20.97637 9.58536
v 46.70466 20.97637 9.15317
v 46.79517 20.97637 9.15317
v 46.79966 20.97637 8.55435
v 46.70599 20.97637 8.55435
v 46.70413 20.97637 10.58631
v 46.79340 20.97637 10.58631
v 52.30302 20.97637 8.55337
v 52.21487 20.97637 8.55337
v 52.22165 20.97637 10.58712
v 52.30503 20.97637 10.58712
v 51.45597 20.92527 8.17291
v 51.45201 21.00553 8.19316
v 51.44786 20.92775 8.16830
v 51.44786 20.99939 8.16830
v 51.38715 21.00407 8.20238
v 51.38011 20.92589 8.19283
v 51.37906 21.00851 8.27054
v 51.34133 21.00126 8.23041
v 51.34133 20.92589 8.23041
v 51.33137 21.00289 8.27927
v 51.32657 20.92589 8.27630
v 51.33627 21.00257 8.33743
v 51.33406 20.92589 8.34144
v 51.37846 21.00736 8.34400
v 51.44831 21.00625 8.29028
v 51.38844 21.00283 8.39566
v 51.35180 20.92589 8.37331
v 51.38485 20.92589 8.39953
v 51.45433 21.00950 8.34306
v 51.52222 21.00369 8.20875
v 51.52829 20.92547 8.20268
v 51.52374 21.00810 8.27052
v 51.52490 21.00658 8.34582
v 51.45400 21.00416 8.40486
v 51.45394 20.92589 8.41684
v 51.55761 20.92589 8.23556
v 51.55761 21.00126 8.23556
v 51.56597 21.00240 8.27403
v 51.56299 21.00212 8.33182
v 51.51135 21.00297 8.39368
v 51.51637 20.92589 8.39678
v 51.54775 20.92589 8.36834
v 51.56438 20.92589 8.33597
v 51.56929 20.92589 8.27630
v 47.61739 20.92589 10.93474
v 47.61375 21.00330 10.92888
v 47.54625 20.92589 10.93125
v 47.54900 21.00255 10.92811
v 47.66039 21.00064 10.91728
v 47.66039 20.92651 10.91728
v 47.69069 20.92575 10.88124
v 47.67880 21.00402 10.87870
v 47.71011 20.92589 10.80972
v 47.69230 21.00482 10.80869
v 47.68193 20.92589 10.73832
v 47.67636 21.00369 10.74642
v 47.61500 21.00869 10.87937
v 47.54341 21.00814 10.88045
v 47.59299 21.00606 10.81421
v 47.61549 21.00747 10.73285
v 47.55051 21.00976 10.80919
v 47.54370 21.00677 10.73400
v 47.61216 21.00169 10.69667
v 47.61485 20.92606 10.69572
v 47.64530 20.92403 10.70775
v 47.55589 21.00206 10.69872
v 47.47881 21.00437 10.81162
v 47.48912 21.00334 10.87722
v 47.48740 20.92534 10.88515
v 47.49262 21.00277 10.74692
v 47.55422 20.92610 10.69671
v 47.52230 20.92527 10.71073
v 47.48903 20.92589 10.74265
v 47.46503 20.92589 10.80972
v 47.50753 20.99939 10.91358
v 47.50753 20.92775 10.91358
v 51.45394 20.92589 10.93828
v 51.45012 21.00337 10.93114
v 51.39198 20.92610 10.92597
v 51.39702 21.00226 10.92501
v 51.35871 20.92552 10.90144
v 51.37922 21.00629 10.88295
v 51.33611 20.92589 10.86862
v 51.33712 21.00176 10.86715
v 51.32538 20.92589 10.80972
v 51.33093 21.00304 10.80863
v 51.33852 20.92589 10.75730
v 51.34034 21.00233 10.76036
v 51.36767 20.92568 10.72228
v 51.37953 21.00523 10.73724
v 51.40254 20.92626 10.69982
v 51.40254 21.00089 10.69982
v 51.45394 20.92589 10.69320
v 51.45630 21.00228 10.69598
v 51.49952 20.92651 10.70194
v 51.49790 21.00137 10.70306
v 51.53237 20.92572 10.72669
v 51.52070 21.00469 10.73720
v 51.56027 20.92589 10.76260
v 51.56027 21.00126 10.76260
v 51.57046 20.92589 10.80972
v 51.56696 21.00252 10.81237
v 51.56249 20.92589 10.86323
v 51.56132 21.00211 10.86026
v 51.54024 20.92504 10.89711
v 51.52616 21.00542 10.88276
v 51.50949 20.92616 10.92346
v 51.50622 21.00199 10.92210
v 51.45183 21.00891 10.88048
v 51.52540 21.00823 10.80908
v 51.44904 21.00627 10.81451
v 51.38031 21.00873 10.80730
v 51.45134 21.00795 10.73430
v 45.62477 20.92592 7.17482
v 45.62343 20.93643 7.10933
v 45.62359 20.97255 7.16867
v 45.61509 20.92767 7.01889
v 45.58361 20.92592 7.15364
v 45.58513 20.97263 7.14895
v 45.56209 20.92592 7.10826
v 45.56700 20.97257 7.10728
v 45.57388 20.92592 7.04371
v 45.57635 20.97259 7.04831
v 45.62267 20.97201 7.02496
v 45.64561 20.92592 7.00397
v 45.69192 20.97220 7.03672
v 45.72977 20.92592 7.06611
v 45.73223 20.92592 7.09590
v 45.70086 20.97138 7.10756
v 45.68709 20.97257 7.16086
v 45.64561 20.97298 7.00397
v 45.72977 20.97298 7.06611
v 45.73223 20.97298 7.09590
v 45.62467 20.97013 7.10862
v 45.62710 20.92711 12.12025
v 45.62654 20.97246 12.11391
v 45.61236 20.93645 12.04970
v 45.62527 20.92711 11.96438
v 45.57828 20.92594 12.09737
v 45.58032 20.97262 12.09258
v 45.55997 20.92594 12.04631
v 45.56551 20.97257 12.04340
v 45.57596 20.92594 11.99045
v 45.57918 20.97265 11.99283
v 45.62435 20.97246 11.97080
v 45.69042 20.97250 11.98250
v 45.69844 20.97109 12.04724
v 45.73188 20.92594 12.04211
v 45.69299 20.97259 12.10598
v 45.73188 20.97300 12.04211
v 45.62037 20.96934 12.04814
v 53.36905 20.92594 7.05111
v 53.37508 20.93645 7.10355
v 53.37056 20.97256 7.05715
v 53.45883 20.92769 7.09614
v 53.43055 20.92594 7.05821
v 53.35581 20.93295 7.17285
v 53.42865 20.97264 7.06176
v 53.45031 20.92804 7.17941
v 53.45135 20.97170 7.10648
v 53.44545 20.97238 7.17580
v 53.41933 20.92594 7.21660
v 53.41728 20.97280 7.21474
v 53.38123 20.97261 7.21534
v 53.37305 20.92594 7.21890
v 53.36168 20.97114 7.17741
v 53.31762 20.97261 7.17013
v 53.31538 20.97258 7.10483
v 53.47713 20.97301 7.12570
v 53.47678 20.97301 7.14718
v 53.33089 20.97301 7.06920
v 53.36959 20.96983 7.11054
v 53.37306 20.92592 12.00014
v 53.36374 20.93293 12.03988
v 53.38124 20.97259 12.00370
v 53.45440 20.92709 12.03672
v 53.41934 20.92592 12.00243
v 53.36322 20.93643 12.10602
v 53.41729 20.97278 12.00429
v 53.44720 20.97214 12.04196
v 53.45239 20.92892 12.12016
v 53.44901 20.97198 12.11274
v 53.43056 20.92592 12.16083
v 53.42866 20.97262 12.15728
v 53.37057 20.97254 12.16189
v 53.36906 20.92592 12.16793
v 53.31539 20.97255 12.11421
v 53.31763 20.97259 12.04891
v 53.36329 20.97090 12.04369
v 53.47679 20.97299 12.07186
v 53.47714 20.97299 12.09334
v 53.33090 20.97299 12.14984
v 53.36991 20.96967 12.10610
v 49.53564 20.92818 9.76988
v 49.53467 21.09732 9.75999
v 49.46475 20.92818 9.76290
v 49.47179 21.09732 9.75811
v 49.46122 21.09566 9.72466
v 49.38969 20.92818 9.71625
v 49.40095 21.09684 9.70499
v 49.34304 20.92818 9.64119
v 49.38128 21.09566 9.64472
v 49.34783 21.09732 9.63416
v 49.33606 20.92818 9.57030
v 49.34595 21.09732 9.57128
v 49.34826 20.92818 9.51799
v 49.38986 21.09616 9.50275
v 49.36521 20.92818 9.48628
v 49.40193 20.92818 9.44707
v 49.41026 21.09732 9.44880
v 49.46475 20.92818 9.41349
v 49.46439 21.09616 9.44170
v 49.53564 20.92818 9.40651
v 49.53337 21.09635 9.42952
v 49.60381 20.92818 9.42719
v 49.59291 21.09635 9.44758
v 49.64746 20.92818 9.45848
v 49.62556 21.09603 9.48039
v 49.67876 20.92818 9.50214
v 49.65836 21.09635 9.51304
v 49.69943 20.92818 9.57030
v 49.67642 21.09635 9.57257
v 49.69245 20.92818 9.64119
v 49.66425 21.09616 9.64155
v 49.65887 20.92818 9.70402
v 49.65714 21.09732 9.69568
v 49.60320 21.09616 9.71608
v 49.61967 20.92818 9.74073
v 49.58795 20.92818 9.75768
v 49.34826 21.09732 9.51799
v 49.64746 21.09732 9.45848
v 49.58795 21.09732 9.75768
v 49.46603 20.99494 9.74029
v 49.52838 20.99494 9.74955
v 49.40881 20.99494 9.70598
v 49.37363 20.99494 9.65917
v 49.35899 20.99494 9.61978
v 49.35743 20.99494 9.57241
v 49.38488 20.99494 9.49942
v 49.42782 20.99494 9.45361
v 49.47099 20.99494 9.43404
v 49.53353 20.99494 9.42788
v 49.59368 20.99494 9.44613
v 49.63220 20.99494 9.47374
v 49.65981 20.99494 9.51226
v 49.67806 20.99494 9.57241
v 49.66772 20.99494 9.64341
v 49.60652 20.99494 9.72106
v 49.54901 20.99494 9.74538
v 49.48586 20.99494 9.74853
v 49.65367 20.99494 9.67902
v 49.46631 21.18892 9.72208
v 49.53442 21.19022 9.72822
v 49.41518 21.18605 9.69961
v 49.38544 21.18892 9.64561
v 49.38180 21.19230 9.57484
v 49.39606 21.18822 9.50689
v 49.46555 21.18942 9.45353
v 49.53236 21.18762 9.43980
v 49.58804 21.18762 9.45669
v 49.61130 21.19022 9.49318
v 49.64925 21.18762 9.51790
v 49.66239 21.18918 9.57532
v 49.65341 21.18822 9.64347
v 49.59687 21.18918 9.70749
v 49.51775 21.17981 9.74846
v 49.36057 21.17981 9.61946
v 49.35902 21.17981 9.57256
v 49.42871 21.17981 9.45494
v 49.53208 21.09538 9.73375
v 49.37219 21.09538 9.57386
v 51.05552 20.94547 8.67917
v 51.06118 20.97767 8.67674
v 51.05586 20.93775 8.64341
v 51.08355 20.92991 8.64327
v 51.08492 20.94187 8.67917
v 49.00354 20.92991 9.47365
v 48.99814 20.94577 9.43411
v 49.00354 20.97767 9.43339
v 48.99599 20.92991 9.39541
v 49.02431 20.92991 9.39873
v 49.02792 20.94143 9.43549
v 47.17828 20.94510 11.21376
v 47.15359 20.94445 11.21458
v 47.17438 20.97767 11.21134
v 47.16202 20.97767 11.21134
v 47.15367 20.93645 11.17918
v 47.18164 20.93678 11.17884
v 47.42233 20.94551 11.21406
v 47.42795 20.97767 11.21134
v 47.42198 20.93830 11.17896
v 47.45182 20.92991 11.17914
v 47.45157 20.94205 11.21418
v 47.68598 20.94572 11.21411
v 47.68731 20.97767 11.21134
v 47.64705 20.92991 11.21134
v 47.68516 20.93710 11.17863
v 47.71739 20.92991 11.18407
v 47.72290 20.93296 11.21437
v 47.94937 20.94546 11.21404
v 47.94667 20.97767 11.21134
v 47.91802 20.92991 11.18269
v 47.94985 20.93737 11.17859
v 48.21250 20.94546 11.21385
v 48.20711 20.97767 11.21134
v 48.18423 20.94276 11.21485
v 48.19450 20.97767 11.21134
v 48.18604 20.93398 11.17972
v 48.21460 20.93776 11.17869
v 48.45687 20.94525 11.21383
v 48.46160 20.97767 11.21134
v 48.45417 20.93703 11.17859
v 48.48222 20.93601 11.17960
v 48.47373 20.97767 11.21134
v 48.48265 20.94402 11.21460
v 48.72150 20.94546 11.21400
v 48.72475 20.97767 11.21134
v 48.72058 20.93766 11.17863
v 48.75189 20.92991 11.18140
v 48.75538 20.93906 11.21486
v 48.98412 20.94583 11.21426
v 48.98412 20.97767 11.21134
v 48.94540 20.92991 11.21134
v 48.98412 20.93662 11.17900
v 49.02284 20.92991 11.21134
v 49.24673 20.94546 11.21400
v 49.24348 20.97767 11.21134
v 49.21285 20.93906 11.21486
v 49.21634 20.92991 11.18140
v 49.24765 20.93766 11.17863
v 49.50703 20.97767 11.21134
v 49.48579 20.94409 11.21454
v 49.49484 20.97767 11.21134
v 49.48601 20.93601 11.17960
v 49.75574 20.94546 11.21385
v 49.76112 20.97767 11.21134
v 49.75364 20.93776 11.17869
v 49.78219 20.93398 11.17972
v 49.78400 20.94276 11.21485
v 49.77373 20.97767 11.21134
v 50.01886 20.94546 11.21405
v 50.02156 20.97767 11.21134
v 50.01838 20.93737 11.17859
v 50.05022 20.92991 11.18269
v 50.05432 20.93737 11.21452
v 50.28266 20.94561 11.21411
v 50.28092 20.97767 11.21134
v 50.24603 20.93449 11.21407
v 50.25083 20.92991 11.18407
v 50.28307 20.93710 11.17863
v 50.32144 20.92992 11.21134
v 50.54597 20.94550 11.21398
v 50.54028 20.97767 11.21134
v 50.51681 20.94214 11.21451
v 50.51786 20.93253 11.18008
v 50.54711 20.93787 11.17867
v 50.78995 20.94510 11.21376
v 50.81464 20.94445 11.21458
v 50.79385 20.97767 11.21134
v 50.78659 20.93678 11.17884
v 50.81456 20.93645 11.17918
v 50.80621 20.97767 11.21134
v 51.05416 20.94543 11.21408
v 51.05901 20.97767 11.21134
v 51.05390 20.93797 11.17875
v 51.08455 20.92992 11.18022
v 51.08428 20.94181 11.21407
v 51.31763 20.94579 11.21418
v 51.31837 20.97767 11.21134
v 51.27849 20.92992 11.21134
v 51.31728 20.93686 11.17877
v 51.34979 20.92992 11.18555
v 51.35586 20.92992 11.21318
v 51.58060 20.94545 11.21406
v 51.57773 20.97767 11.21134
v 51.54557 20.93812 11.21431
v 51.54908 20.92992 11.18269
v 51.58091 20.93737 11.17859
v 51.84409 20.94543 11.21383
v 51.83874 20.97767 11.21134
v 51.81656 20.94313 11.21481
v 51.82634 20.97767 11.21134
v 51.81825 20.93541 11.18009
v 51.84651 20.93724 11.17845
v 47.18318 20.93762 10.99037
v 47.15228 20.93745 10.98991
v 47.17438 20.97766 10.95935
v 47.16202 20.97766 10.95935
v 47.15376 20.94449 10.95553
v 47.17810 20.94514 10.95657
v 47.17660 20.94492 10.71538
v 47.15345 20.94377 10.72090
v 47.17453 20.97766 10.71331
v 47.16189 20.97766 10.71299
v 47.15375 20.94365 10.69253
v 47.16215 20.97766 10.70094
v 47.18212 20.94377 10.69224
v 47.17421 20.97766 10.70068
v 47.17809 20.94514 10.45638
v 47.15376 20.94450 10.45742
v 47.17438 20.97767 10.45360
v 47.16202 20.97767 10.45360
v 47.15227 20.93745 10.42304
v 47.18317 20.93762 10.42259
v 47.18193 20.92991 10.23449
v 47.15332 20.92991 10.23402
v 47.17847 20.94525 10.19637
v 47.17438 20.97767 10.19718
v 47.15348 20.94457 10.19594
v 47.16202 20.97767 10.19718
v 47.16262 20.92991 10.15701
v 47.17255 20.92991 10.15685
v 47.18188 20.94320 9.96487
v 47.15368 20.94298 9.96483
v 47.17282 20.97767 9.95555
v 47.16335 20.97767 9.95555
v 47.16149 20.97767 9.94368
v 47.15355 20.94416 9.93619
v 47.17719 20.94504 9.94006
v 47.17507 20.97767 9.94324
v 47.17793 20.94522 9.69769
v 47.15347 20.94455 9.69967
v 47.17438 20.97767 9.69306
v 47.16202 20.97767 9.69306
v 47.15406 20.94066 9.66902
v 47.18153 20.94087 9.66877
v 47.17832 20.92991 9.47729
v 47.15689 20.92991 9.47694
v 47.17852 20.94532 9.43841
v 47.17438 20.97767 9.43841
v 47.15336 20.94468 9.43841
v 47.16202 20.97767 9.43841
v 47.15689 20.92991 9.39988
v 47.17832 20.92991 9.39953
v 47.18225 20.94150 9.20929
v 47.15358 20.94139 9.20889
v 47.17035 20.97767 9.19889
v 47.16623 20.97767 9.19883
v 47.16179 20.97767 9.18637
v 47.15360 20.94456 9.17898
v 47.17760 20.94525 9.18160
v 47.17463 20.97767 9.18625
v 47.17742 20.94518 8.93883
v 47.15370 20.94441 8.94179
v 47.17462 20.97767 8.93457
v 47.16175 20.97767 8.93453
v 47.15335 20.94204 8.91220
v 47.16404 20.97767 8.92212
v 47.18257 20.94209 8.91175
v 47.17256 20.97767 8.92198
v 47.17255 20.92991 8.71950
v 47.16262 20.92991 8.71934
v 47.17847 20.94525 8.67998
v 47.17438 20.97767 8.67918
v 47.15348 20.94458 8.68041
v 47.16202 20.97767 8.67918
v 47.15332 20.92991 8.64234
v 47.18193 20.92991 8.64186
v 47.18447 20.93775 8.45522
v 47.15102 20.93762 8.45470
v 47.17438 20.97766 8.42527
v 47.16202 20.97766 8.42527
v 47.15396 20.94458 8.42109
v 47.17791 20.94520 8.42227
v 47.17660 20.94492 8.17937
v 47.15346 20.94377 8.18489
v 47.17469 20.97766 8.17711
v 47.16173 20.97766 8.17677
v 47.16236 20.97766 8.16473
v 47.18212 20.94377 8.15623
v 47.17400 20.97766 8.16449
v 47.17809 20.94514 7.92022
v 47.15376 20.94449 7.92126
v 47.17438 20.97766 7.91744
v 47.16202 20.97766 7.91744
v 47.18317 20.93762 7.88643
v 47.43086 20.94514 7.92022
v 47.45519 20.94449 7.92126
v 47.43478 20.97766 7.91744
v 47.42578 20.93762 7.88643
v 47.45668 20.93745 7.88688
v 47.44712 20.97766 7.91744
v 47.69391 20.94552 7.92041
v 47.69718 20.97766 7.91744
v 47.69179 20.93906 7.88642
v 47.72409 20.92991 7.88774
v 47.72738 20.93906 7.92269
v 47.95452 20.94595 7.92079
v 47.95441 20.97767 7.91744
v 47.91610 20.92991 7.91933
v 47.92061 20.92991 7.89486
v 47.95538 20.93775 7.88641
v 47.99313 20.92991 7.91744
v 48.21646 20.94551 7.92047
v 48.21165 20.97767 7.91744
v 48.18659 20.94166 7.92146
v 48.18714 20.93449 7.88933
v 48.21866 20.93841 7.88587
v 48.48365 20.94533 7.92019
v 48.47924 20.97767 7.91745
v 48.45787 20.94391 7.92161
v 48.46714 20.97767 7.91744
v 48.45762 20.93723 7.88744
v 48.48852 20.93775 7.88608
v 48.72789 20.94550 7.92024
v 48.73309 20.97767 7.91744
v 48.72383 20.93830 7.88599
v 48.75487 20.93601 7.88795
v 48.75594 20.94278 7.92198
v 48.74571 20.97767 7.91744
v 48.99025 20.94549 7.92053
v 48.99272 20.97767 7.91744
v 48.98897 20.93849 7.88618
v 49.02266 20.92991 7.89031
v 49.02602 20.93677 7.92197
v 49.25345 20.94546 7.92060
v 49.25125 20.97767 7.91744
v 49.21698 20.93601 7.92112
v 49.21993 20.92991 7.89174
v 49.25410 20.93823 7.88618
v 49.51575 20.94552 7.92029
v 49.51047 20.97767 7.91744
v 49.48731 20.94252 7.92192
v 49.49791 20.97767 7.91744
v 49.48822 20.93490 7.88772
v 49.51927 20.93870 7.88617
v 49.75987 20.94526 7.92028
v 49.76412 20.97767 7.91744
v 49.75544 20.93776 7.88608
v 49.78634 20.93723 7.88744
v 49.77632 20.97767 7.91744
v 49.78521 20.94414 7.92133
v 50.02743 20.94554 7.92044
v 50.03286 20.97767 7.91744
v 50.02502 20.93872 7.88610
v 50.05638 20.93398 7.88828
v 50.05652 20.94204 7.92148
v 50.28992 20.94580 7.92068
v 50.29056 20.97767 7.91744
v 50.25069 20.92991 7.91744
v 50.28865 20.93799 7.88625
v 50.32318 20.92991 7.89326
v 50.32834 20.92991 7.92117
v 50.55423 20.94547 7.92055
v 50.55159 20.97767 7.91745
v 50.51888 20.93765 7.92162
v 50.52165 20.92991 7.89031
v 50.55533 20.93849 7.88619
v 50.81657 20.94549 7.92028
v 50.81150 20.97767 7.91745
v 50.78886 20.94295 7.92176
v 50.79900 20.97767 7.91745
v 50.78934 20.93601 7.88795
v 50.82039 20.93830 7.88599
v 51.06145 20.94537 7.92027
v 51.06609 20.97767 7.91745
v 51.05725 20.93823 7.88621
v 51.08819 20.93645 7.88733
v 51.07812 20.97767 7.91745
v 51.08741 20.94379 7.92146
v 51.32548 20.94549 7.92049
v 51.32853 20.97767 7.91745
v 51.32394 20.93877 7.88627
v 51.35700 20.92991 7.88898
v 51.35971 20.93877 7.92204
v 51.58787 20.94595 7.92079
v 51.58777 20.97767 7.91745
v 51.54946 20.92991 7.91933
v 51.55397 20.92991 7.89486
v 51.58873 20.93776 7.88641
v 51.62649 20.92991 7.91745
v 51.85056 20.94558 7.92038
v 51.84701 20.97767 7.91745
v 51.81809 20.93925 7.92273
v 51.82130 20.93253 7.88878
v 51.85038 20.94540 8.18212
v 51.84701 20.97767 8.17810
v 51.81892 20.93863 8.18689
v 51.81813 20.93762 8.15470
v 51.84701 20.97767 8.16582
v 51.85151 20.94428 8.15761
v 51.85510 20.93906 8.45614
v 51.84701 20.97767 8.42594
v 51.82112 20.93540 8.45183
v 51.81786 20.93900 8.41854
v 51.85034 20.94562 8.42279
v 51.84701 20.92991 8.72038
v 51.85080 20.94589 8.68106
v 51.84701 20.97767 8.68051
v 51.81816 20.93880 8.68292
v 51.82450 20.92991 8.64682
v 51.85264 20.92991 8.64257
v 51.85035 20.94561 8.94017
v 51.84701 20.97767 8.93507
v 51.81811 20.93869 8.94470
v 51.81954 20.93723 8.91198
v 51.85223 20.94298 8.91281
v 51.84701 20.97767 8.92249
v 51.85236 20.94270 9.20964
v 51.84701 20.97767 9.19967
v 51.81954 20.93723 9.21018
v 51.84701 20.97767 9.18709
v 51.81811 20.93869 9.17746
v 51.85032 20.94567 9.18211
v 51.85081 20.92991 9.47954
v 51.85089 20.94594 9.44079
v 51.84701 20.97767 9.44101
v 51.82614 20.92991 9.47583
v 51.81824 20.93859 9.43939
v 51.84701 20.92991 9.40165
v 51.85047 20.94558 9.69618
v 51.84701 20.97767 9.69044
v 51.81786 20.93871 9.69995
v 51.82037 20.93695 9.66703
v 51.85203 20.94272 9.66797
v 51.85159 20.94412 9.96444
v 51.84701 20.97767 9.95591
v 51.81877 20.93805 9.96698
v 51.84701 20.97767 9.94379
v 51.81846 20.93831 9.93464
v 51.85039 20.94542 9.93937
v 51.85183 20.93632 10.23377
v 51.84701 20.97767 10.19958
v 51.85072 20.94554 10.19743
v 51.82294 20.92991 10.23203
v 51.81816 20.93901 10.19641
v 51.85050 20.94557 10.45458
v 51.84701 20.97767 10.45158
v 51.81786 20.93901 10.45756
v 51.82195 20.93449 10.42392
v 51.85370 20.93906 10.42062
v 51.45345 20.94577 10.58577
v 51.45371 20.97767 10.58016
v 51.41403 20.92991 10.58279
v 51.41548 20.92991 10.56520
v 51.45291 20.94289 10.55742
v 51.45371 20.97767 10.56758
v 51.49023 20.92991 10.56160
v 51.49231 20.92991 10.58656
v 51.85370 20.93906 10.99225
v 51.84702 20.97767 10.96129
v 51.82195 20.93449 10.98895
v 51.81787 20.93901 10.95531
v 51.85051 20.94557 10.95829
v 51.45371 20.92991 10.36484
v 51.45330 20.94605 10.32578
v 51.45371 20.97767 10.32497
v 51.41435 20.92991 10.32497
v 51.45371 20.92991 10.28788
v 51.49167 20.92991 10.32497
v 51.45187 20.93810 10.10123
v 51.45371 20.97767 10.07106
v 51.45349 20.94589 10.06752
v 51.41435 20.92991 10.07106
v 51.49224 20.92991 10.06726
v 51.48853 20.92991 10.09193
v 51.45340 20.94537 9.82676
v 51.45371 20.97767 9.82255
v 51.41422 20.92991 9.82500
v 51.45320 20.94458 9.80136
v 51.41451 20.92991 9.80733
v 51.45371 20.97767 9.81020
v 51.49145 20.92991 9.80364
v 51.49186 20.92991 9.82872
v 51.45338 20.94585 9.56656
v 51.45371 20.97767 9.56324
v 51.41435 20.92991 9.56324
v 51.45274 20.93776 9.53220
v 51.48751 20.92991 9.54065
v 51.49202 20.92991 9.56512
v 51.45371 20.93625 9.34269
v 51.45371 20.97767 9.30933
v 51.45329 20.94575 9.30674
v 51.41435 20.92991 9.30933
v 51.49167 20.92991 9.30933
v 51.45308 20.94386 9.07393
v 51.45371 20.97767 9.06425
v 51.45371 20.97767 9.05222
v 51.41493 20.92991 9.06718
v 51.45343 20.94560 9.04723
v 51.41406 20.92991 9.04953
v 51.49215 20.92991 9.04579
v 51.49090 20.92991 9.07082
v 51.45347 20.94583 8.80711
v 51.45371 20.97767 8.80151
v 51.41412 20.92991 8.80345
v 51.41615 20.92991 8.78595
v 51.45268 20.94180 8.77726
v 51.48944 20.92991 8.78240
v 51.49234 20.92991 8.80724
v 51.45371 20.92991 8.58632
v 51.45330 20.94605 8.54760
v 51.45371 20.97767 8.54760
v 51.41435 20.92991 8.54760
v 51.45371 20.92991 8.50887
v 51.49167 20.92991 8.54760
v 47.56079 20.94552 10.58538
v 47.56638 20.97767 10.58015
v 47.55895 20.94290 10.55753
v 47.56638 20.97767 10.56758
v 47.58931 20.93948 10.55845
v 47.58922 20.94231 10.58712
v 47.56637 20.92991 10.36484
v 47.56027 20.94585 10.32545
v 47.56638 20.97767 10.32497
v 47.55882 20.92991 10.28699
v 47.58715 20.92991 10.29031
v 47.58935 20.94211 10.32679
v 47.55631 20.93841 10.10179
v 47.56638 20.97767 10.07106
v 47.56077 20.94557 10.06794
v 47.58914 20.94247 10.06623
v 47.58986 20.93601 10.09838
v 47.56118 20.94523 9.82614
v 47.56638 20.97767 9.82255
v 47.55893 20.94436 9.80150
v 47.56638 20.97767 9.81020
v 47.58934 20.94117 9.80197
v 47.58917 20.94177 9.82957
v 47.56061 20.94552 9.56619
v 47.56638 20.97767 9.56324
v 47.55771 20.93836 9.53167
v 47.58892 20.93540 9.53443
v 47.58929 20.94237 9.56735
v 47.56105 20.93775 9.34266
v 47.56638 20.97767 9.30933
v 47.56031 20.94544 9.30685
v 47.58928 20.94227 9.30709
v 47.58874 20.92991 9.34280
v 47.55905 20.94374 9.07376
v 47.56638 20.97767 9.06425
v 47.56638 20.97767 9.05222
v 47.56091 20.94540 9.04770
v 47.58932 20.94214 9.04528
v 47.58912 20.94038 9.07323
v 47.56045 20.94554 8.80694
v 47.56638 20.97767 8.80151
v 47.55995 20.94217 8.77794
v 47.59078 20.93723 8.77630
v 47.58889 20.94249 8.80732
v 47.56252 20.92991 8.58676
v 47.56022 20.94585 8.54759
v 47.56638 20.97766 8.54759
v 47.56252 20.92991 8.50843
v 47.58374 20.92991 8.51089
v 47.58953 20.94211 8.54759
v 47.58374 20.92991 8.58430
v 47.82213 20.94140 10.85308
v 47.82384 20.97767 10.82765
v 47.78358 20.92991 10.82765
v 47.86179 20.92991 10.82202
v 47.85754 20.92991 10.85016
v 48.08590 20.94180 10.85292
v 48.08317 20.97767 10.82765
v 48.05204 20.92991 10.85319
v 48.05058 20.93796 10.82254
v 48.08591 20.94542 10.82280
v 48.35012 20.94186 10.85243
v 48.34376 20.97767 10.82765
v 48.32052 20.93792 10.85441
v 48.33118 20.97767 10.82765
v 48.32154 20.94291 10.82216
v 48.34918 20.94546 10.82297
v 48.59236 20.94163 10.85230
v 48.59821 20.97767 10.82765
v 48.61948 20.94388 10.82218
v 48.61031 20.97767 10.82765
v 48.62024 20.93931 10.85419
v 48.85649 20.94166 10.85315
v 48.86112 20.97767 10.82765
v 48.85804 20.94545 10.82303
v 48.89231 20.93875 10.82017
v 48.88840 20.93601 10.85172
v 49.12102 20.94140 10.85319
v 49.12044 20.97767 10.82765
v 49.08562 20.92991 10.84852
v 49.12056 20.94589 10.82264
v 49.08191 20.92991 10.82385
v 49.15945 20.92991 10.82573
v 49.15630 20.92991 10.84681
v 49.38485 20.94189 10.85295
v 49.37976 20.97767 10.82765
v 49.35330 20.93540 10.85290
v 49.34897 20.93845 10.81923
v 49.38292 20.94550 10.82314
v 49.64965 20.94170 10.85228
v 49.62235 20.93949 10.85398
v 49.64347 20.97767 10.82765
v 49.63125 20.97767 10.82765
v 49.62246 20.94403 10.82195
v 49.64783 20.94527 10.82321
v 49.89116 20.94200 10.85247
v 49.89771 20.97767 10.82765
v 49.89218 20.94555 10.82300
v 49.92038 20.94234 10.82199
v 49.91027 20.97767 10.82765
v 49.92109 20.93723 10.85441
v 50.15548 20.94160 10.85303
v 50.15772 20.97767 10.82765
v 50.15526 20.94539 10.82274
v 50.19125 20.93740 10.82327
v 50.19018 20.92991 10.85172
v 50.41928 20.94160 10.85303
v 50.41704 20.97767 10.82765
v 50.38459 20.92991 10.85172
v 50.38285 20.93632 10.82283
v 50.68320 20.94175 10.85277
v 50.67636 20.97767 10.82765
v 50.65289 20.93776 10.85354
v 50.65362 20.94229 10.82216
v 50.68222 20.94550 10.82294
v 50.92393 20.94125 10.85257
v 50.95091 20.94031 10.85342
v 50.93048 20.97767 10.82765
v 50.92652 20.94519 10.82337
v 50.95151 20.94425 10.82175
v 50.94280 20.97767 10.82765
v 51.18945 20.94177 10.85300
v 51.19500 20.97767 10.82765
v 51.22182 20.94048 10.82125
v 51.22074 20.93657 10.85265
v 47.82223 20.94365 8.31938
v 47.82385 20.97766 8.30980
v 47.82385 20.97766 8.29779
v 47.82315 20.94556 8.29274
v 47.78397 20.92991 8.30872
v 47.78349 20.92991 8.29881
v 47.86151 20.92991 8.28936
v 47.86008 20.92991 8.31793
v 48.08649 20.94365 8.31927
v 48.08317 20.97766 8.30980
v 48.05114 20.93490 8.31863
v 48.08317 20.97766 8.29779
v 48.05064 20.93762 8.29046
v 48.08566 20.94535 8.29289
v 48.35159 20.94350 8.31935
v 48.34281 20.97767 8.30987
v 48.32200 20.94134 8.31890
v 48.33242 20.97767 8.30751
v 48.33108 20.97767 8.30023
v 48.32097 20.94252 8.28955
v 48.34411 20.97767 8.29744
v 48.34845 20.94543 8.29360
v 48.59113 20.94341 8.31893
v 48.59995 20.97767 8.30984
v 48.59750 20.97767 8.29711
v 48.59431 20.94524 8.29361
v 48.61931 20.94377 8.29063
v 48.61040 20.97767 8.29913
v 48.62017 20.94184 8.31969
v 48.60981 20.97767 8.30963
v 48.85679 20.94366 8.31912
v 48.86112 20.97767 8.30980
v 48.86112 20.97767 8.29779
v 48.85822 20.94538 8.29312
v 48.89190 20.93866 8.28838
v 48.89060 20.93723 8.31981
v 49.12076 20.94391 8.31953
v 49.12044 20.97767 8.30980
v 49.08325 20.92991 8.31620
v 49.12044 20.97767 8.29779
v 49.12058 20.94568 8.29276
v 49.08200 20.92991 8.29116
v 49.15955 20.92991 8.29301
v 49.15849 20.92991 8.31440
v 49.38433 20.94379 8.31895
v 49.37977 20.97767 8.30980
v 49.35093 20.93677 8.32086
v 49.37977 20.97767 8.29779
v 49.34947 20.93830 8.28741
v 49.38276 20.94544 8.29324
v 49.65041 20.94352 8.31865
v 49.62160 20.94178 8.32008
v 49.64120 20.97767 8.30975
v 49.63156 20.97767 8.30996
v 49.63120 20.97767 8.29914
v 49.62288 20.94398 8.29082
v 49.64448 20.97767 8.29686
v 49.64719 20.94521 8.29366
v 49.89022 20.94374 8.31930
v 49.89840 20.97767 8.30980
v 49.89747 20.97767 8.29755
v 49.89274 20.94549 8.29340
v 49.92073 20.94206 8.29001
v 49.91027 20.97767 8.30079
v 49.92013 20.94042 8.31898
v 50.15494 20.94357 8.31935
v 50.15772 20.97767 8.30980
v 50.15772 20.97767 8.29779
v 50.15546 20.94530 8.29277
v 50.19105 20.93745 8.29190
v 50.19116 20.93398 8.31758
v 50.41956 20.94361 8.31928
v 50.41704 20.97767 8.30980
v 50.38279 20.93220 8.31829
v 50.41704 20.97767 8.29779
v 50.38332 20.93678 8.29204
v 50.41919 20.94531 8.29276
v 50.68385 20.94364 8.31941
v 50.67636 20.97767 8.30980
v 50.65362 20.94038 8.31860
v 50.67636 20.97767 8.29779
v 50.65342 20.94214 8.29066
v 50.68178 20.94543 8.29320
v 50.92325 20.94322 8.31884
v 50.95176 20.94233 8.31970
v 50.93259 20.97767 8.30971
v 50.92965 20.97767 8.29725
v 50.92725 20.94515 8.29390
v 50.95120 20.94416 8.29053
v 50.94311 20.97767 8.29844
v 50.94157 20.97767 8.30996
v 51.19020 20.94375 8.31891
v 51.19500 20.97767 8.30980
v 51.19500 20.97767 8.29779
v 51.19084 20.94546 8.29291
v 51.22085 20.94071 8.29150
v 51.22323 20.93745 8.32100
v 51.05311 20.94559 10.45140
v 51.05626 20.97767 10.44612
v 51.05147 20.94214 10.42261
v 51.08374 20.93490 10.42175
v 51.08682 20.93875 10.45537
v 50.79056 20.94521 10.45095
v 50.81509 20.94453 10.45309
v 50.79410 20.97767 10.44612
v 50.78707 20.94115 10.42234
v 50.81419 20.94097 10.42264
v 50.80646 20.97767 10.44612
v 50.54770 20.94561 10.45157
v 50.54353 20.97767 10.44612
v 50.51697 20.94073 10.45304
v 50.51682 20.93601 10.42191
v 50.54871 20.94204 10.42260
v 50.28705 20.94593 10.45182
v 50.28717 20.97767 10.44612
v 50.24800 20.92991 10.44998
v 50.25046 20.92991 10.42876
v 50.28668 20.94187 10.42210
v 50.32290 20.92991 10.42702
v 50.32580 20.92991 10.45185
v 50.02609 20.94553 10.45162
v 50.03080 20.97767 10.44612
v 50.02528 20.94194 10.42261
v 50.05671 20.93695 10.42191
v 50.05593 20.94188 10.45255
v 49.78355 20.94525 10.45104
v 49.75877 20.94443 10.45302
v 49.77984 20.97767 10.44612
v 49.76749 20.97767 10.44612
v 49.75938 20.94066 10.42229
v 49.78656 20.94139 10.42264
v 49.51451 20.94554 10.45147
v 49.50916 20.97767 10.44612
v 49.48673 20.94306 10.45271
v 49.49658 20.97767 10.44612
v 49.48687 20.93837 10.42175
v 49.51566 20.94206 10.42275
v 49.24957 20.94555 10.45160
v 49.24667 20.97767 10.44612
v 49.21498 20.93836 10.45355
v 49.21667 20.93220 10.42197
v 49.25030 20.94214 10.42255
v 48.98533 20.94593 10.45182
v 48.98545 20.97767 10.44612
v 48.94628 20.92991 10.44998
v 48.94874 20.92991 10.42876
v 48.98496 20.94187 10.42210
v 49.02119 20.92991 10.42702
v 49.02408 20.92991 10.45185
v 48.72745 20.94555 10.45155
v 48.73286 20.97767 10.44612
v 48.72680 20.94221 10.42306
v 48.75619 20.93750 10.42069
v 48.75541 20.94298 10.45248
v 48.74547 20.97767 10.44612
v 48.48420 20.94547 10.45124
v 48.47943 20.97767 10.44612
v 48.45779 20.94364 10.45308
v 48.46744 20.97767 10.44612
v 48.45865 20.93963 10.42230
v 48.48635 20.94184 10.42258
v 48.22210 20.94550 10.45170
v 48.21929 20.97767 10.44612
v 48.18723 20.93870 10.45250
v 48.18824 20.93253 10.42335
v 48.22253 20.94195 10.42239
v 50.81368 20.94514 8.67903
v 50.80921 20.97767 8.67674
v 50.78789 20.94408 8.67942
v 50.79699 20.97767 8.67674
v 50.78913 20.93540 8.64380
v 50.81462 20.93678 8.64312
v 50.55162 20.94544 8.67912
v 50.54845 20.97767 8.67674
v 50.51718 20.93823 8.67959
v 50.52274 20.92991 8.64542
v 50.55180 20.93707 8.64312
v 50.29077 20.94564 8.67933
v 50.29209 20.97767 8.67674
v 50.25182 20.92991 8.67674
v 50.29209 20.93625 8.64338
v 50.32783 20.93296 8.67674
v 50.02913 20.94541 8.67905
v 50.03483 20.97767 8.67674
v 50.02862 20.93762 8.64336
v 50.05497 20.93253 8.64343
v 50.05753 20.94267 8.67955
v 50.04743 20.97767 8.67674
v 49.78703 20.94542 8.67896
v 49.78179 20.97767 8.67674
v 49.76010 20.94318 8.67969
v 49.76980 20.97767 8.67674
v 49.76256 20.93398 8.64331
v 49.78825 20.93745 8.64342
v 49.51833 20.94542 8.67915
v 49.51280 20.97767 8.67674
v 49.48878 20.94198 8.67924
v 49.49043 20.92991 8.64327
v 49.51813 20.93776 8.64341
v 49.25392 20.94542 8.67925
v 49.25158 20.97767 8.67674
v 49.21745 20.93548 8.67799
v 49.22283 20.92991 8.64800
v 49.25273 20.93650 8.64320
v 48.98854 20.94557 8.67925
v 48.99036 20.97767 8.67674
v 48.94984 20.92991 8.67674
v 48.98921 20.93650 8.64320
v 49.01911 20.92991 8.64800
v 49.02509 20.93427 8.67811
v 48.73056 20.94524 8.67894
v 48.73527 20.97767 8.67674
v 48.72906 20.93678 8.64312
v 48.75454 20.93540 8.64380
v 48.75685 20.94378 8.67966
v 48.74736 20.97767 8.67674
v 48.48780 20.94544 8.67910
v 48.48222 20.97767 8.67674
v 48.45904 20.94242 8.67939
v 48.46966 20.97767 8.67674
v 48.46093 20.92991 8.64236
v 48.48772 20.93815 8.64369
v 48.22602 20.94557 8.67925
v 48.22420 20.97767 8.67674
v 48.18948 20.93427 8.67811
v 48.19545 20.92991 8.64800
v 48.22535 20.93650 8.64320
v 48.26472 20.92991 8.67674
v 47.96393 20.94541 8.67920
v 47.96687 20.97767 8.67674
v 47.96460 20.93678 8.64311
v 47.99414 20.92991 8.64666
v 47.99901 20.93784 8.67875
v 51.05583 20.94554 8.93929
v 51.06118 20.97767 8.93430
v 51.05459 20.94306 8.91151
v 51.06118 20.97767 8.92191
v 51.08555 20.93837 8.91165
v 51.08455 20.94206 8.94044
v 51.05518 20.94262 9.20786
v 51.06118 20.97767 9.18504
v 51.05563 20.94554 9.17921
v 51.08442 20.94204 9.17883
v 51.08638 20.93723 9.20944
v 51.05732 20.92991 9.47761
v 51.05543 20.94588 9.43844
v 51.06118 20.97767 9.43844
v 51.05732 20.92991 9.39927
v 51.07854 20.92991 9.40173
v 51.08518 20.94170 9.43844
v 51.07854 20.92991 9.47514
v 51.05563 20.94554 9.69751
v 51.06118 20.97767 9.69169
v 51.05518 20.94262 9.66887
v 51.08638 20.93723 9.66728
v 51.08442 20.94204 9.69789
v 51.05470 20.94291 9.96383
v 51.06118 20.97767 9.95382
v 51.06118 20.97767 9.94125
v 51.05579 20.94558 9.93596
v 51.08439 20.94228 9.93506
v 51.08606 20.93755 9.96413
v 51.05362 20.92991 10.23487
v 51.05547 20.94588 10.19642
v 51.06118 20.97767 10.19689
v 51.06118 20.92991 10.15702
v 51.08498 20.94170 10.19491
v 51.08195 20.92991 10.23155
v 47.95850 20.94593 10.45179
v 47.95885 20.97767 10.44612
v 47.91927 20.92991 10.44807
v 47.92129 20.92991 10.43056
v 47.95738 20.94187 10.42220
v 47.99351 20.92991 10.42535
v 47.99683 20.92991 10.45368
v 47.96142 20.94540 8.93948
v 47.96376 20.97767 8.93430
v 47.96108 20.94283 8.91139
v 47.96376 20.97767 8.92191
v 47.99707 20.93253 8.91340
v 47.99714 20.93762 8.93975
v 47.96147 20.94238 9.20822
v 47.96376 20.97767 9.18503
v 47.96131 20.94539 9.17910
v 47.99710 20.93776 9.17971
v 47.99724 20.92991 9.20740
v 47.96376 20.92991 9.47716
v 47.96118 20.94575 9.43844
v 47.96376 20.97767 9.43844
v 47.96376 20.92991 9.39972
v 47.99712 20.93625 9.43844
v 47.96131 20.94539 9.69763
v 47.96376 20.97767 9.69169
v 47.96147 20.94238 9.66851
v 47.99724 20.92991 9.66932
v 47.99710 20.93775 9.69702
v 47.96102 20.94257 9.96406
v 47.96376 20.97767 9.95382
v 47.96376 20.97767 9.94125
v 47.96144 20.94547 9.93582
v 47.99714 20.93762 9.93543
v 47.99707 20.93253 9.96178
v 47.96376 20.92991 10.23399
v 47.96118 20.94575 10.19607
v 47.96376 20.97767 10.19689
v 47.96376 20.92991 10.15702
v 47.99712 20.93625 10.19689
v 50.67863 20.94383 9.07503
v 50.65005 20.94344 9.07482
v 50.67051 20.97767 9.06697
v 50.65898 20.97767 9.06636
v 50.65837 20.97767 9.05482
v 50.65003 20.94371 9.04645
v 50.67134 20.97767 9.05400
v 50.67339 20.94498 9.05169
v 50.67862 20.93678 9.34314
v 50.65066 20.93645 9.34280
v 50.67097 20.97767 9.31064
v 50.65863 20.97767 9.31064
v 50.64998 20.94433 9.30725
v 50.67496 20.94515 9.30829
v 50.67472 20.94518 9.56433
v 50.65018 20.94436 9.56570
v 50.67097 20.97767 9.56151
v 50.65863 20.97767 9.56151
v 50.64903 20.93805 9.53151
v 50.68046 20.93815 9.53102
v 50.67846 20.94360 9.82849
v 50.65006 20.94313 9.82844
v 50.67014 20.97767 9.82009
v 50.65926 20.97767 9.81957
v 50.65824 20.97767 9.80808
v 50.65002 20.94394 9.80001
v 50.67153 20.97767 9.80719
v 50.67363 20.94506 9.80464
v 50.67726 20.93645 10.09673
v 50.65193 20.93601 10.09650
v 50.67097 20.97767 10.06326
v 50.65862 20.97767 10.06326
v 50.64987 20.94426 10.06031
v 50.67507 20.94509 10.06116
v 48.35583 20.94452 9.07459
v 48.35159 20.97767 9.06671
v 48.32216 20.93762 9.07733
v 48.35159 20.97767 9.05437
v 48.32164 20.93776 9.04388
v 48.35456 20.94523 9.05054
v 48.35670 20.93796 9.34323
v 48.35159 20.97767 9.31064
v 48.32605 20.92991 9.34176
v 48.35492 20.94551 9.30809
v 48.32129 20.93880 9.30619
v 48.35481 20.94551 9.56455
v 48.35159 20.97767 9.56151
v 48.32110 20.93879 9.56754
v 48.32558 20.93253 9.53312
v 48.35747 20.93936 9.53083
v 48.35591 20.94431 9.82813
v 48.35159 20.97767 9.81987
v 48.32213 20.93703 9.83077
v 48.35159 20.97767 9.80759
v 48.32169 20.93823 9.79735
v 48.35457 20.94532 9.80362
v 48.35597 20.93740 10.09679
v 48.35159 20.97767 10.06326
v 48.35499 20.94547 10.06097
v 48.32752 20.92991 10.09572
v 48.32126 20.93855 10.05965
v 48.62659 20.94444 9.07498
v 48.61904 20.97767 9.06686
v 48.59645 20.94147 9.07480
v 48.60688 20.97767 9.06270
v 48.60668 20.97767 9.05859
v 48.59607 20.94157 9.04610
v 48.61950 20.97767 9.05405
v 48.62386 20.94525 9.05083
v 48.62479 20.93815 10.09632
v 48.61929 20.97767 10.06326
v 48.59800 20.92991 10.09764
v 48.59612 20.94242 10.06062
v 48.60674 20.97767 10.06326
v 48.62487 20.94544 10.06090
v 48.86154 20.94431 9.07519
v 48.86935 20.97767 9.06671
v 48.86883 20.97767 9.05413
v 48.86419 20.94517 9.05067
v 48.89214 20.94185 9.04669
v 48.88141 20.97767 9.05977
v 48.89177 20.94176 9.07419
v 48.86402 20.93776 10.09660
v 48.86906 20.97767 10.06326
v 48.86315 20.94538 10.06077
v 48.89198 20.94258 10.06109
v 48.88141 20.97767 10.06326
v 48.89172 20.92991 10.09674
v 49.12464 20.94463 9.07508
v 49.12562 20.97767 9.06671
v 49.08588 20.92991 9.06767
v 49.12562 20.97767 9.05437
v 49.12499 20.94535 9.04999
v 49.08565 20.92991 9.05384
v 49.16294 20.92991 9.04641
v 49.16246 20.92991 9.07502
v 49.12562 20.93625 10.09662
v 49.12562 20.97767 10.06326
v 49.12480 20.94575 10.06068
v 49.08575 20.92991 10.06326
v 49.16271 20.92991 10.06326
v 49.38608 20.94444 9.07479
v 49.38220 20.97767 9.06671
v 49.35164 20.93745 9.07607
v 49.38220 20.97767 9.05437
v 49.35118 20.93762 9.04517
v 49.38495 20.94517 9.05036
v 49.38555 20.93707 10.09689
v 49.38220 20.97767 10.06326
v 49.38537 20.94544 10.06088
v 49.35649 20.92991 10.09458
v 49.35094 20.93823 10.06041
v 49.65128 20.94399 9.07499
v 49.62267 20.94322 9.07486
v 49.64308 20.97767 9.06709
v 49.63159 20.97767 9.06608
v 49.63107 20.97767 9.05520
v 49.62271 20.94353 9.04649
v 49.64397 20.97767 9.05381
v 49.64640 20.94504 9.05158
v 49.64949 20.93723 10.09643
v 49.62415 20.93490 10.09689
v 49.64357 20.97767 10.06326
v 49.63129 20.97767 10.06326
v 49.62257 20.94410 10.06042
v 49.64801 20.94516 10.06108
v 49.88845 20.94441 9.07516
v 49.89535 20.97767 9.06671
v 49.89535 20.97767 9.05437
v 49.89067 20.94521 9.05053
v 49.91939 20.94122 9.04690
v 49.91912 20.94105 9.07415
v 49.89003 20.93776 10.09660
v 49.89535 20.97767 10.06326
v 49.88982 20.94542 10.06086
v 49.91938 20.94198 10.06076
v 49.91772 20.92991 10.09674
v 50.15144 20.94463 9.07516
v 50.15193 20.97767 9.06671
v 50.11273 20.92991 9.06958
v 50.15193 20.97767 9.05437
v 50.15162 20.94535 9.04995
v 50.11244 20.92991 9.05191
v 50.19009 20.92991 9.04819
v 50.18967 20.92991 9.07327
v 50.15193 20.93625 10.09662
v 50.15193 20.97767 10.06326
v 50.15152 20.94575 10.06068
v 50.11257 20.92991 10.06326
v 50.18989 20.92991 10.06326
v 50.41275 20.94452 9.07459
v 50.40851 20.97767 9.06671
v 50.37907 20.93762 9.07733
v 50.40851 20.97767 9.05437
v 50.37855 20.93776 9.04388
v 50.41148 20.94523 9.05054
v 50.41288 20.93740 10.09679
v 50.40851 20.97767 10.06326
v 50.41190 20.94547 10.06097
v 50.38444 20.92991 10.09572
v 50.37817 20.93855 10.05965
v 50.27189 20.92991 9.47365
v 50.27525 20.94569 9.43427
v 50.27189 20.97767 9.43339
v 50.24129 20.93855 9.43520
v 50.24770 20.92991 9.40077
v 50.27561 20.92991 9.39561
v 50.02057 20.92991 9.47365
v 50.01801 20.94566 9.43444
v 50.02057 20.97767 9.43339
v 50.02057 20.92991 9.39629
v 50.05394 20.93625 9.43339
v 50.27477 20.94549 9.69538
v 50.27189 20.97767 9.69003
v 50.24087 20.93870 9.69990
v 50.24308 20.93695 9.66846
v 50.27675 20.94271 9.66737
v 50.27189 20.97767 9.67743
v 50.01827 20.94541 9.69573
v 50.02057 20.97767 9.69003
v 50.01776 20.94267 9.66733
v 50.02057 20.97767 9.67743
v 50.05388 20.93253 9.66989
v 50.05396 20.93762 9.69624
v 48.75223 20.92991 9.47365
v 48.75944 20.94568 9.43405
v 48.75387 20.97767 9.43339
v 48.73180 20.94301 9.43525
v 48.74148 20.97767 9.43339
v 48.73325 20.92991 9.39788
v 48.76172 20.92991 9.39550
v 48.99837 20.94559 9.69560
v 49.00355 20.97767 9.69003
v 48.99747 20.94291 9.66782
v 49.00355 20.97767 9.67743
v 49.02965 20.93745 9.66626
v 49.02710 20.94183 9.69648
v 48.75860 20.94552 9.69492
v 48.75402 20.97767 9.69018
v 48.73143 20.94293 9.69849
v 48.74148 20.97767 9.68914
v 48.73284 20.94108 9.66834
v 48.75223 20.97767 9.67743
v 48.76241 20.94230 9.66710
v 49.45257 21.19543 9.50691
v 49.45948 21.19543 9.56815
v 49.52527 21.19543 9.49684
v 49.46187 21.19543 9.64077
v 49.53743 21.19543 9.58091
v 49.53482 21.19543 9.65799
v 49.60618 21.19543 9.57758
v 49.60144 21.19543 9.64412
f 1 10 12
f 1 12 14
f 1 14 18
f 1 18 22
f 1 22 28
f 1 28 30
f 1 30 31
f 1 31 32
f 1 32 27
f 1 27 3
f 2 1 4
f 2 4 5
f 1 3 6
f 1 6 4
f 6 7 5
f 6 5 4
f 3 8 7
f 3 7 6
f 8 2 5
f 8 5 7
f 1 2 5
f 1 5 4
f 1 2 9
f 1 9 10
f 10 9 11
f 10 11 12
f 12 11 13
f 12 13 14
f 2 15 11
f 2 11 9
f 16 13 15
f 15 13 11
f 14 13 17
f 14 17 18
f 18 17 19
f 18 19 22
f 19 17 16
f 16 17 13
f 20 15 2
f 8 20 2
f 21 16 20
f 20 16 15
f 22 19 23
f 22 23 28
f 23 19 21
f 21 19 16
f 25 24 21
f 25 21 20
f 25 20 8
f 26 25 8
f 32 25 26
f 32 26 27
f 24 23 21
f 28 23 29
f 28 29 30
f 24 29 23
f 30 29 24
f 30 24 31
f 31 24 25
f 31 25 32
f 27 26 8
f 27 8 3
f 1973 1974 1977
f 1973 1977 1976
f 1974 1975 1978
f 1974 1978 1977
f 1976 1977 1980
f 1976 1980 1979
f 1977 1978 1981
f 1977 1981 1980
f 286 1271 1973
f 286 1973 1661
f 1271 1270 1974
f 1271 1974 1973
f 1270 1269 1975
f 1270 1975 1974
f 1269 264 1214
f 1269 1214 1975
f 1975 1214 1213
f 1975 1213 1978
f 1978 1213 1212
f 1978 1212 1981
f 1981 1212 321
f 1981 321 1662
f 1980 1981 1662
f 1980 1662 1663
f 1979 1980 1663
f 1979 1663 1664
f 1659 1979 1664
f 1659 1664 47
f 1660 1976 1979
f 1660 1979 1659
f 1661 1973 1976
f 1661 1976 1660
f 1982 1983 1986
f 1982 1986 1985
f 1983 1984 1987
f 1983 1987 1986
f 1985 1986 1989
f 1985 1989 1988
f 1986 1987 1990
f 1986 1990 1989
f 280 1229 1982
f 280 1982 1390
f 1229 1228 1983
f 1229 1983 1982
f 1228 1227 1984
f 1228 1984 1983
f 1227 429 1687
f 1227 1687 1984
f 1984 1687 1688
f 1984 1688 1987
f 1987 1688 1689
f 1987 1689 1990
f 1990 1689 166
f 1990 166 1690
f 1989 1990 1690
f 1989 1690 1691
f 1988 1989 1691
f 1988 1691 1692
f 1392 1988 1692
f 1392 1692 326
f 1391 1985 1988
f 1391 1988 1392
f 1390 1982 1985
f 1390 1985 1391
f 1991 1992 1995
f 1991 1995 1994
f 1992 1993 1996
f 1992 1996 1995
f 1994 1995 1998
f 1994 1998 1997
f 1995 1996 1999
f 1995 1999 1998
f 363 1673 1991
f 363 1991 1244
f 1673 1674 1992
f 1673 1992 1991
f 1674 1675 1993
f 1674 1993 1992
f 1675 171 1676
f 1675 1676 1993
f 1993 1676 1677
f 1993 1677 1996
f 1996 1677 1678
f 1996 1678 1999
f 1999 1678 435
f 1999 435 1605
f 1998 1999 1605
f 1998 1605 1604
f 1997 1998 1604
f 1997 1604 1603
f 1246 1997 1603
f 1246 1603 272
f 1245 1994 1997
f 1245 1997 1246
f 1244 1991 1994
f 1244 1994 1245
f 2000 2001 2004
f 2000 2004 2003
f 2001 2002 2005
f 2001 2005 2004
f 2003 2004 2007
f 2003 2007 2006
f 2004 2005 2008
f 2004 2008 2007
f 361 1639 2000
f 361 2000 1202
f 1639 1640 2001
f 1639 2001 2000
f 1640 1641 2002
f 1640 2002 2001
f 1641 68 1642
f 1641 1642 2002
f 2002 1642 1643
f 2002 1643 2005
f 2005 1643 1644
f 2005 1644 2008
f 2008 1644 288
f 2008 288 1277
f 2007 2008 1277
f 2007 1277 1276
f 2006 2007 1276
f 2006 1276 1275
f 1204 2006 1275
f 1204 1275 252
f 1203 2003 2006
f 1203 2006 1204
f 1202 2000 2003
f 1202 2003 1203
f 1502 2009 2010
f 1502 2010 1503
f 1503 2010 2011
f 1503 2011 1504
f 367 1672 2009
f 367 2009 1502
f 1672 362 1249
f 1672 1249 2009
f 2009 1249 1248
f 2009 1248 2010
f 2010 1248 1247
f 2010 1247 2011
f 2011 1247 274
f 2011 274 1252
f 1504 2011 1252
f 1504 1252 268
f 1224 2012 2013
f 1224 2013 1225
f 1225 2013 2014
f 1225 2014 1226
f 261 1218 2012
f 261 2012 1224
f 1218 265 1274
f 1218 1274 2012
f 2012 1274 1273
f 2012 1273 2013
f 2013 1273 1272
f 2013 1272 2014
f 2014 1272 287
f 2014 287 1651
f 1226 2014 1651
f 1226 1651 284
f 1296 2015 2016
f 1296 2016 1297
f 1297 2016 2017
f 1297 2017 1298
f 296 1696 2015
f 296 2015 1296
f 1696 293 1546
f 1696 1546 2015
f 2015 1546 1545
f 2015 1545 2016
f 2016 1545 1544
f 2016 1544 2017
f 2017 1544 380
f 2017 380 1707
f 1298 2017 1707
f 1298 1707 376
f 2018 2019 2022
f 2018 2022 2021
f 2019 2020 2023
f 2019 2023 2022
f 2021 2022 2025
f 2021 2025 2024
f 2022 2023 2026
f 2022 2026 2025
f 67 1648 2018
f 67 2018 1647
f 1648 1649 2019
f 1648 2019 2018
f 1649 1650 2020
f 1649 2020 2019
f 1650 364 1493
f 1650 1493 2020
f 2020 1493 1492
f 2020 1492 2023
f 2023 1492 1491
f 2023 1491 2026
f 2026 1491 258
f 2026 258 1261
f 2025 2026 1261
f 2025 1261 1260
f 2024 2025 1260
f 2024 1260 1259
f 1645 2024 1259
f 1645 1259 291
f 1646 2021 2024
f 1646 2024 1645
f 1647 2018 2021
f 1647 2021 1646
f 1706 2027 2029
f 1706 2029 1705
f 2027 2028 2030
f 2027 2030 2029
f 1705 2029 2031
f 1705 2031 1704
f 2029 2030 2032
f 2029 2032 2031
f 69 608 2027
f 69 2027 1706
f 608 607 2028
f 608 2028 2027
f 607 67 1647
f 607 1647 2028
f 2028 1647 1646
f 2028 1646 2030
f 2030 1646 1645
f 2030 1645 2032
f 2032 1645 291
f 2032 291 1282
f 2031 2032 1282
f 2031 1282 1281
f 1704 2031 1281
f 1704 1281 299
f 2033 2034 2037
f 2033 2037 2036
f 2034 2035 2038
f 2034 2038 2037
f 2036 2037 2040
f 2036 2040 2039
f 2037 2038 2041
f 2037 2041 2040
f 262 1223 2033
f 262 2033 1383
f 1223 1222 2034
f 1223 2034 2033
f 1222 1221 2035
f 1222 2035 2034
f 1221 285 1652
f 1221 1652 2035
f 2035 1652 1653
f 2035 1653 2038
f 2038 1653 1654
f 2038 1654 2041
f 2041 1654 48
f 2041 48 1655
f 2040 2041 1655
f 2040 1655 1656
f 2039 2040 1656
f 2039 1656 1657
f 1385 2039 1657
f 1385 1657 324
f 1384 2036 2039
f 1384 2039 1385
f 1383 2033 2036
f 1383 2036 1384
f 2042 2043 2046
f 2042 2046 2045
f 2043 2044 2047
f 2043 2047 2046
f 2045 2046 2049
f 2045 2049 2048
f 2046 2047 2050
f 2046 2050 2049
f 70 611 2042
f 70 2042 1700
f 611 610 2043
f 611 2043 2042
f 610 609 2044
f 610 2044 2043
f 609 94 1712
f 609 1712 2044
f 2044 1712 1713
f 2044 1713 2047
f 2047 1713 1714
f 2047 1714 2050
f 2050 1714 383
f 2050 383 1549
f 2049 2050 1549
f 2049 1549 1548
f 2048 2049 1548
f 2048 1548 1547
f 1702 2048 1547
f 1702 1547 294
f 1701 2045 2048
f 1701 2048 1702
f 1700 2042 2045
f 1700 2045 1701
f 2051 2052 2055
f 2051 2055 2054
f 2052 2053 2056
f 2052 2056 2055
f 2054 2055 2058
f 2054 2058 2057
f 2055 2056 2059
f 2055 2059 2058
f 86 659 2051
f 86 2051 1723
f 659 658 2052
f 659 2052 2051
f 658 657 2053
f 658 2053 2052
f 657 153 1724
f 657 1724 2053
f 2053 1724 1725
f 2053 1725 2056
f 2056 1725 1726
f 2056 1726 2059
f 2059 1726 300
f 2059 300 1307
f 2058 2059 1307
f 2058 1307 1306
f 2057 2058 1306
f 2057 1306 1305
f 1721 2057 1305
f 1721 1305 371
f 1722 2054 2057
f 1722 2057 1721
f 1723 2051 2054
f 1723 2054 1722
f 295 1703 2060
f 295 2060 1291
f 1291 2060 2061
f 1291 2061 1292
f 1703 298 1284
f 1703 1284 2060
f 2060 1284 1283
f 2060 1283 2061
f 2061 1283 290
f 2061 290 1638
f 1292 2061 1638
f 1292 1638 289
f 1699 2062 2064
f 1699 2064 1698
f 2062 2063 2065
f 2062 2065 2064
f 1698 2064 2066
f 1698 2066 1697
f 2064 2065 2067
f 2064 2067 2066
f 292 1286 2062
f 292 2062 1699
f 1286 1285 2063
f 1286 2063 2062
f 1285 286 1661
f 1285 1661 2063
f 2063 1661 1660
f 2063 1660 2065
f 2065 1660 1659
f 2065 1659 2067
f 2067 1659 47
f 2067 47 535
f 2066 2067 535
f 2066 535 536
f 1697 2066 536
f 1697 536 49
f 2068 2069 2071
f 2068 2071 2070
f 2069 503 504
f 2069 504 2071
f 2070 2071 2073
f 2070 2073 2072
f 2071 504 505
f 2071 505 2073
f 60 580 2068
f 60 2068 497
f 580 579 2069
f 580 2069 2068
f 579 62 503
f 579 503 2069
f 2073 505 42
f 2073 42 506
f 2072 2073 506
f 2072 506 507
f 499 2072 507
f 499 507 40
f 498 2070 2072
f 498 2072 499
f 497 2068 2070
f 497 2070 498
f 2074 2075 2078
f 2074 2078 2077
f 2075 2076 2079
f 2075 2079 2078
f 2077 2078 2081
f 2077 2081 2080
f 2078 2079 2082
f 2078 2082 2081
f 100 734 2074
f 100 2074 769
f 734 733 2075
f 734 2075 2074
f 733 732 2076
f 733 2076 2075
f 732 61 500
f 732 500 2076
f 2076 500 501
f 2076 501 2079
f 2079 501 502
f 2079 502 2082
f 2082 502 41
f 2082 41 717
f 2081 2082 717
f 2081 717 718
f 2080 2081 718
f 2080 718 719
f 771 2080 719
f 771 719 95
f 770 2077 2080
f 770 2080 771
f 769 2074 2077
f 769 2077 770
f 2083 2084 2087
f 2083 2087 2086
f 2084 2085 2088
f 2084 2088 2087
f 2086 2087 2090
f 2086 2090 2089
f 2087 2088 2091
f 2087 2091 2090
f 304 1745 2083
f 304 2083 1349
f 1745 1744 2084
f 1745 2084 2083
f 1744 1743 2085
f 1744 2085 2084
f 1743 40 516
f 1743 516 2085
f 2085 516 517
f 2085 517 2088
f 2088 517 518
f 2088 518 2091
f 2091 518 44
f 2091 44 1746
f 2090 2091 1746
f 2090 1746 1747
f 2089 2090 1747
f 2089 1747 1748
f 1351 2089 1748
f 1351 1748 312
f 1350 2086 2089
f 1350 2089 1351
f 1349 2083 2086
f 1349 2086 1350
f 500 2092 2094
f 500 2094 501
f 2092 2093 2095
f 2092 2095 2094
f 501 2094 2096
f 501 2096 502
f 2094 2095 2097
f 2094 2097 2096
f 61 578 2092
f 61 2092 500
f 578 577 2093
f 578 2093 2092
f 577 59 494
f 577 494 2093
f 2093 494 495
f 2093 495 2095
f 2095 495 496
f 2095 496 2097
f 2097 496 39
f 2097 39 508
f 2096 2097 508
f 2096 508 509
f 1338 2098 2099
f 1338 2099 1339
f 1339 2099 2100
f 1339 2100 1340
f 309 1758 2098
f 309 2098 1338
f 1758 311 1362
f 1758 1362 2098
f 2098 1362 1361
f 2098 1361 2099
f 2099 1361 1360
f 2099 1360 2100
f 2100 1360 315
f 2100 315 1759
f 1340 2100 1759
f 1340 1759 318
f 2101 2102 2105
f 2101 2105 2104
f 2102 2103 2106
f 2102 2106 2105
f 2104 2105 2108
f 2104 2108 2107
f 2105 2106 2109
f 2105 2109 2108
f 177 1766 2101
f 177 2101 1023
f 1766 1765 2102
f 1766 2102 2101
f 1765 1764 2103
f 1765 2103 2102
f 1764 308 1336
f 1764 1336 2103
f 2103 1336 1335
f 2103 1335 2106
f 2106 1335 1334
f 2106 1334 2109
f 2109 1334 319
f 2109 319 1767
f 2108 2109 1767
f 2108 1767 1768
f 2107 2108 1768
f 2107 1768 1769
f 1025 2107 1769
f 1025 1769 178
f 1024 2104 2107
f 1024 2107 1025
f 1023 2101 2104
f 1023 2104 1024
f 2110 2111 2114
f 2110 2114 2113
f 2111 2112 2115
f 2111 2115 2114
f 2113 2114 2117
f 2113 2117 2116
f 2114 2115 2118
f 2114 2118 2117
f 182 1761 2110
f 182 2110 1026
f 1761 1762 2111
f 1761 2111 2110
f 1762 1763 2112
f 1762 2112 2111
f 1763 351 1457
f 1763 1457 2112
f 2112 1457 1456
f 2112 1456 2115
f 2115 1456 1455
f 2115 1455 2118
f 2118 1455 308
f 2118 308 1764
f 2117 2118 1764
f 2117 1764 1765
f 2116 2117 1765
f 2116 1765 1766
f 1028 2116 1766
f 1028 1766 177
f 1027 2113 2116
f 1027 2116 1028
f 1026 2110 2113
f 1026 2113 1027
f 2119 2120 2123
f 2119 2123 2122
f 2120 2121 2124
f 2120 2124 2123
f 2122 2123 2126
f 2122 2126 2125
f 2123 2124 2127
f 2123 2127 2126
f 345 1740 2119
f 345 2119 1318
f 1740 1741 2120
f 1740 2120 2119
f 1741 1742 2121
f 1741 2121 2120
f 1742 60 497
f 1742 497 2121
f 2121 497 498
f 2121 498 2124
f 2124 498 499
f 2124 499 2127
f 2127 499 40
f 2127 40 1743
f 2126 2127 1743
f 2126 1743 1744
f 2125 2126 1744
f 2125 1744 1745
f 1320 2125 1745
f 1320 1745 304
f 1319 2122 2125
f 1319 2125 1320
f 1318 2119 2122
f 1318 2122 1319
f 2128 2129 2132
f 2128 2132 2131
f 2129 2130 2133
f 2129 2133 2132
f 2131 2132 2135
f 2131 2135 2134
f 2132 2133 2136
f 2132 2136 2135
f 312 1748 2128
f 312 2128 1461
f 1748 1747 2129
f 1748 2129 2128
f 1747 1746 2130
f 1747 2130 2129
f 1746 44 584
f 1746 584 2130
f 2130 584 585
f 2130 585 2133
f 2133 585 586
f 2133 586 2136
f 2136 586 64
f 2136 64 1780
f 2135 2136 1780
f 2135 1780 1781
f 2134 2135 1781
f 2134 1781 1782
f 1463 2134 1782
f 1463 1782 352
f 1462 2131 2134
f 1462 2134 1463
f 1461 2128 2131
f 1461 2131 1462
f 2137 2138 2140
f 2137 2140 2139
f 2138 522 523
f 2138 523 2140
f 2139 2140 2142
f 2139 2142 2141
f 2140 523 524
f 2140 524 2142
f 40 507 2137
f 40 2137 516
f 507 506 2138
f 507 2138 2137
f 506 42 522
f 506 522 2138
f 2142 524 46
f 2142 46 525
f 2141 2142 525
f 2141 525 526
f 518 2141 526
f 518 526 44
f 517 2139 2141
f 517 2141 518
f 516 2137 2139
f 516 2139 517
f 2143 2144 2147
f 2143 2147 2146
f 2144 2145 2148
f 2144 2148 2147
f 2146 2147 2150
f 2146 2150 2149
f 2147 2148 2151
f 2147 2151 2150
f 95 719 2143
f 95 2143 766
f 719 718 2144
f 719 2144 2143
f 718 717 2145
f 718 2145 2144
f 717 41 519
f 717 519 2145
f 2145 519 520
f 2145 520 2148
f 2148 520 521
f 2148 521 2151
f 2151 521 45
f 2151 45 720
f 2150 2151 720
f 2150 720 721
f 2149 2150 721
f 2149 721 722
f 768 2149 722
f 768 722 96
f 767 2146 2149
f 767 2149 768
f 766 2143 2146
f 766 2146 767
f 2152 2153 2156
f 2152 2156 2155
f 2153 2154 2157
f 2153 2157 2156
f 2155 2156 2159
f 2155 2159 2158
f 2156 2157 2160
f 2156 2160 2159
f 39 1749 2152
f 39 2152 513
f 1749 1750 2153
f 1749 2153 2152
f 1750 1751 2154
f 1750 2154 2153
f 1751 306 1328
f 1751 1328 2154
f 2154 1328 1327
f 2154 1327 2157
f 2157 1327 1326
f 2157 1326 2160
f 2160 1326 317
f 2160 317 1752
f 2159 2160 1752
f 2159 1752 1753
f 2158 2159 1753
f 2158 1753 1754
f 515 2158 1754
f 515 1754 43
f 514 2155 2158
f 514 2158 515
f 513 2152 2155
f 513 2155 514
f 2161 2162 2164
f 2161 2164 2163
f 2163 2164 2166
f 2163 2166 2165
f 509 508 2162
f 509 2162 2161
f 508 39 513
f 508 513 2162
f 2162 513 514
f 2162 514 2164
f 2164 514 515
f 2164 515 2166
f 2166 515 43
f 2166 43 527
f 2165 2166 527
f 2165 527 528
f 2167 2168 2171
f 2167 2171 2170
f 2168 2169 2172
f 2168 2172 2171
f 2170 2171 2174
f 2170 2174 2173
f 2171 2172 2175
f 2171 2175 2174
f 59 1755 2167
f 59 2167 494
f 1755 1756 2168
f 1755 2168 2167
f 1756 1757 2169
f 1756 2169 2168
f 1757 349 1451
f 1757 1451 2169
f 2169 1451 1450
f 2169 1450 2172
f 2172 1450 1449
f 2172 1449 2175
f 2175 1449 306
f 2175 306 1751
f 2174 2175 1751
f 2174 1751 1750
f 2173 2174 1750
f 2173 1750 1749
f 496 2173 1749
f 496 1749 39
f 495 2170 2173
f 495 2173 496
f 494 2167 2170
f 494 2170 495
f 2176 2177 2180
f 2176 2180 2179
f 2177 2178 2181
f 2177 2181 2180
f 2179 2180 2183
f 2179 2183 2182
f 2180 2181 2184
f 2180 2184 2183
f 347 1770 2176
f 347 2176 1342
f 1770 1771 2177
f 1770 2177 2176
f 1771 1772 2178
f 1771 2178 2177
f 1772 169 1009
f 1772 1009 2178
f 2178 1009 1010
f 2178 1010 2181
f 2181 1010 1011
f 2181 1011 2184
f 2184 1011 164
f 2184 164 1773
f 2183 2184 1773
f 2183 1773 1774
f 2182 2183 1774
f 2182 1774 1775
f 1344 2182 1775
f 1344 1775 310
f 1343 2179 2182
f 1343 2182 1344
f 1342 2176 2179
f 1342 2179 1343
f 1458 2185 2186
f 1458 2186 1459
f 1459 2186 2187
f 1459 2187 1460
f 350 1760 2185
f 350 2185 1458
f 1760 346 1348
f 1760 1348 2185
f 2185 1348 1347
f 2185 1347 2186
f 2186 1347 1346
f 2186 1346 2187
f 2187 1346 311
f 2187 311 1758
f 1460 2187 1758
f 1460 1758 309
f 2188 2189 2192
f 2188 2192 2191
f 2189 2190 2193
f 2189 2193 2192
f 2191 2192 2195
f 2191 2195 2194
f 2192 2193 2196
f 2192 2196 2195
f 433 1599 2188
f 433 2188 1682
f 1599 1598 2189
f 1599 2189 2188
f 1598 1597 2190
f 1598 2190 2189
f 1597 278 1239
f 1597 1239 2190
f 2190 1239 1238
f 2190 1238 2193
f 2193 1238 1237
f 2193 1237 2196
f 2196 1237 323
f 2196 323 1683
f 2195 2196 1683
f 2195 1683 1684
f 2194 2195 1684
f 2194 1684 1685
f 1680 2194 1685
f 1680 1685 179
f 1681 2191 2194
f 1681 2194 1680
f 1682 2188 2191
f 1682 2191 1681
f 1600 2197 2198
f 1600 2198 1601
f 1601 2198 2199
f 1601 2199 1602
f 432 1686 2197
f 432 2197 1600
f 1686 428 1232
f 1686 1232 2197
f 2197 1232 1231
f 2197 1231 2198
f 2198 1231 1230
f 2198 1230 2199
f 2199 1230 282
f 2199 282 1235
f 1602 2199 1235
f 1602 1235 276
f 1256 2200 2201
f 1256 2201 1257
f 1257 2201 2202
f 1257 2202 1258
f 269 1250 2200
f 269 2200 1256
f 1250 273 1608
f 1250 1608 2200
f 2200 1608 1607
f 2200 1607 2201
f 2201 1607 1606
f 2201 1606 2202
f 2202 1606 434
f 2202 434 1665
f 1258 2202 1665
f 1258 1665 430
f 2203 2204 2206
f 2203 2206 2205
f 2204 1700 1701
f 2204 1701 2206
f 2205 2206 2208
f 2205 2208 2207
f 2206 1701 1702
f 2206 1702 2208
f 68 606 2203
f 68 2203 1642
f 606 605 2204
f 606 2204 2203
f 605 70 1700
f 605 1700 2204
f 2208 1702 294
f 2208 294 1290
f 2207 2208 1290
f 2207 1290 1289
f 1644 2207 1289
f 1644 1289 288
f 1643 2205 2207
f 1643 2207 1644
f 1642 2203 2205
f 1642 2205 1643
f 1387 2209 2210
f 1387 2210 1388
f 1388 2210 2211
f 1388 2211 1389
f 325 1658 2209
f 325 2209 1387
f 1658 320 1217
f 1658 1217 2209
f 2209 1217 1216
f 2209 1216 2210
f 2210 1216 1215
f 2210 1215 2211
f 2211 1215 266
f 2211 266 1220
f 1389 2211 1220
f 1389 1220 260
f 1550 2212 2213
f 1550 2213 1551
f 1551 2213 2214
f 1551 2214 1552
f 382 1711 2212
f 382 2212 1550
f 1711 378 1304
f 1711 1304 2212
f 2212 1304 1303
f 2212 1303 2213
f 2213 1303 1302
f 2213 1302 2214
f 2214 1302 298
f 2214 298 1703
f 1552 2214 1703
f 1552 1703 295
f 1267 2215 2216
f 1267 2216 1268
f 1268 2216 1696
f 1268 1696 296
f 284 1651 2215
f 284 2215 1267
f 1651 287 1288
f 1651 1288 2215
f 2215 1288 1287
f 2215 1287 2216
f 2216 1287 293
f 2216 293 1696
f 2217 2218 1798
f 2217 1798 1799
f 2218 2219 1797
f 2218 1797 1798
f 179 1685 2217
f 179 2217 1013
f 1685 1684 2218
f 1685 2218 2217
f 1684 1683 2219
f 1684 2219 2218
f 1683 323 1381
f 1683 1381 2219
f 2219 1381 402
f 2219 402 1797
f 1013 2217 1799
f 1013 1799 185
f 1816 1817 1810
f 1816 1810 1809
f 1817 1818 1811
f 1817 1811 1810
f 1818 112 52
f 1818 52 1811
f 413 1816 1809
f 413 1809 328
f 2220 2221 2224
f 2220 2224 2223
f 2221 2222 2225
f 2221 2225 2224
f 2223 2224 2227
f 2223 2227 2226
f 2224 2225 2228
f 2224 2228 2227
f 330 1824 2220
f 330 2220 1424
f 1824 1823 2221
f 1824 2221 2220
f 1823 1822 2222
f 1823 2222 2221
f 1822 167 1003
f 1822 1003 2222
f 2222 1003 1004
f 2222 1004 2225
f 2225 1004 1005
f 2225 1005 2228
f 2228 1005 168
f 2228 168 1827
f 2227 2228 1827
f 2227 1827 1828
f 2226 2227 1828
f 2226 1828 1829
f 1426 2226 1829
f 1426 1829 338
f 1425 2223 2226
f 1425 2226 1426
f 1424 2220 2223
f 1424 2223 1425
f 1443 2229 2230
f 1443 2230 1444
f 344 1738 2229
f 344 2229 1443
f 1738 348 1435
f 1738 1435 2229
f 2229 1435 1434
f 2229 1434 2230
f 2230 1434 340
f 2230 340 1815
f 1444 2230 1815
f 1444 1815 337
f 2231 2232 2235
f 2231 2235 2234
f 2232 2233 2236
f 2232 2236 2235
f 2234 2235 2238
f 2234 2238 2237
f 2235 2236 2239
f 2235 2239 2238
f 180 1840 2231
f 180 2231 1020
f 1840 1841 2232
f 1840 2232 2231
f 1841 1842 2233
f 1841 2233 2232
f 1842 334 1412
f 1842 1412 2233
f 2233 1412 1411
f 2233 1411 2236
f 2236 1411 1410
f 2236 1410 2239
f 2239 1410 343
f 2239 343 1843
f 2238 2239 1843
f 2238 1843 1844
f 2237 2238 1844
f 2237 1844 1845
f 1022 2237 1845
f 1022 1845 181
f 1021 2234 2237
f 1021 2237 1022
f 1020 2231 2234
f 1020 2234 1021
f 846 845 543
f 846 543 544
f 845 844 542
f 845 542 543
f 844 107 51
f 844 51 542
f 117 846 544
f 117 544 53
f 1819 1820 1823
f 1819 1823 1824
f 1820 1821 1822
f 1820 1822 1823
f 1821 176 167
f 1821 167 1822
f 423 1819 1824
f 423 1824 330
f 833 832 727
f 832 831 726
f 832 726 727
f 833 727 2240
f 142 833 765
f 831 117 53
f 831 53 726
f 2240 727 728
f 98 2240 728
f 765 833 2240
f 765 2240 98
f 818 817 545
f 818 545 546
f 817 122 54
f 817 54 545
f 112 818 546
f 112 546 52
f 2241 2242 2245
f 2241 2245 2244
f 2242 2243 2246
f 2242 2246 2245
f 336 1814 2241
f 336 2241 1441
f 1814 1813 2242
f 1814 2242 2241
f 1813 1812 2243
f 1813 2243 2242
f 1812 56 568
f 1812 568 2243
f 2243 568 569
f 2243 569 2246
f 2246 569 60
f 2246 60 1742
f 2245 2246 1742
f 2245 1742 1741
f 2244 2245 1741
f 2244 1741 1740
f 1442 2244 1740
f 1442 1740 345
f 1441 2241 2244
f 1441 2244 1442
f 2247 2248 2251
f 2247 2251 2250
f 2248 2249 2252
f 2248 2252 2251
f 2250 2251 2254
f 2250 2254 2253
f 2251 2252 2255
f 2251 2255 2254
f 51 1831 2247
f 51 2247 547
f 1831 1832 2248
f 1831 2248 2247
f 1832 1833 2249
f 1832 2249 2248
f 1833 332 1404
f 1833 1404 2249
f 2249 1404 1403
f 2249 1403 2252
f 2252 1403 1402
f 2252 1402 2255
f 2255 1402 341
f 2255 341 1834
f 2254 2255 1834
f 2254 1834 1835
f 2253 2254 1835
f 2253 1835 1836
f 549 2253 1836
f 549 1836 55
f 548 2250 2253
f 548 2253 549
f 547 2247 2250
f 547 2250 548
f 1846 1847 1841
f 1846 1841 1840
f 1847 1848 1842
f 1847 1842 1841
f 1848 394 334
f 1848 334 1842
f 189 1846 1840
f 189 1840 180
f 1837 1838 1832
f 1837 1832 1831
f 1838 1839 1833
f 1838 1833 1832
f 1839 384 332
f 1839 332 1833
f 107 1837 1831
f 107 1831 51
f 2256 2257 2260
f 2256 2260 2259
f 2257 2258 2261
f 2257 2261 2260
f 2259 2260 2263
f 2259 2263 2262
f 2260 2261 2264
f 2260 2264 2263
f 53 544 2256
f 53 2256 553
f 544 543 2257
f 544 2257 2256
f 543 542 2258
f 543 2258 2257
f 542 51 547
f 542 547 2258
f 2258 547 548
f 2258 548 2261
f 2261 548 549
f 2261 549 2264
f 2264 549 55
f 2264 55 562
f 2263 2264 562
f 2263 562 563
f 2262 2263 563
f 2262 563 57
f 555 2262 57
f 554 2259 2262
f 554 2262 555
f 553 2256 2259
f 553 2259 554
f 1421 2265 2266
f 1421 2266 1422
f 1422 2266 2267
f 1422 2267 1423
f 337 1815 2265
f 337 2265 1421
f 1815 340 1408
f 1815 1408 2265
f 2265 1408 1407
f 2265 1407 2266
f 2266 1407 1406
f 2266 1406 2267
f 2267 1406 333
f 2267 333 1807
f 1423 2267 1807
f 1423 1807 329
f 2268 2269 2272
f 2268 2272 2271
f 2269 2270 2273
f 2269 2273 2272
f 2271 2272 2275
f 2271 2275 2274
f 2272 2273 2276
f 2272 2276 2275
f 98 728 2268
f 98 2268 762
f 728 727 2269
f 728 2269 2268
f 727 726 2270
f 727 2270 2269
f 726 53 553
f 726 553 2270
f 2270 553 554
f 2270 554 2273
f 2273 554 555
f 2273 555 2276
f 2276 555 57
f 2276 57 729
f 2275 2276 729
f 2275 729 730
f 2274 2275 730
f 2274 730 731
f 764 2274 731
f 764 731 99
f 763 2271 2274
f 763 2274 764
f 762 2268 2271
f 762 2271 763
f 2277 2278 2280
f 2277 2280 2279
f 2278 556 557
f 2278 557 2280
f 2279 2280 2282
f 2279 2282 2281
f 2280 557 558
f 2280 558 2282
f 52 546 2277
f 52 2277 550
f 546 545 2278
f 546 2278 2277
f 545 54 556
f 545 556 2278
f 2282 558 58
f 2282 58 564
f 2281 2282 564
f 2281 564 565
f 552 2281 565
f 552 565 56
f 551 2279 2281
f 551 2281 552
f 550 2277 2279
f 550 2279 551
f 1353 2283 2284
f 1353 2284 1354
f 1354 2284 2285
f 1354 2285 1355
f 313 1739 2283
f 313 2283 1353
f 1739 316 1332
f 1739 1332 2283
f 2283 1332 1331
f 2283 1331 2284
f 2284 1331 1330
f 2284 1330 2285
f 2285 1330 307
f 2285 307 1737
f 1355 2285 1737
f 1355 1737 305
f 2286 2287 2290
f 2286 2290 2289
f 2287 2288 2291
f 2287 2291 2290
f 338 1829 2286
f 338 2286 1445
f 1829 1828 2287
f 1829 2287 2286
f 1828 1827 2288
f 1828 2288 2287
f 1827 168 1001
f 1827 1001 2288
f 2288 1001 1002
f 2288 1002 2291
f 2291 1002 169
f 2291 169 1772
f 2290 2291 1772
f 2290 1772 1771
f 2289 2290 1771
f 2289 1771 1770
f 1446 2289 1770
f 1446 1770 347
f 1445 2286 2289
f 1445 2289 1446
f 457 1849 2292
f 457 2292 1624
f 1624 2292 2293
f 1624 2293 1625
f 1849 444 1479
f 1849 1479 2292
f 2292 1479 1478
f 2292 1478 2293
f 2293 1478 356
f 2293 356 1779
f 1625 2293 1779
f 1625 1779 353
f 2294 2295 2298
f 2294 2298 2297
f 2295 2296 2299
f 2295 2299 2298
f 181 1845 2294
f 181 2294 1018
f 1845 1844 2295
f 1845 2295 2294
f 1844 1843 2296
f 1844 2296 2295
f 1843 343 1438
f 1843 1438 2296
f 2296 1438 1437
f 2296 1437 2299
f 2299 1437 351
f 2299 351 1763
f 2298 2299 1763
f 2298 1763 1762
f 2297 2298 1762
f 2297 1762 1761
f 1019 2297 1761
f 1019 1761 182
f 1018 2294 2297
f 1018 2297 1019
f 570 2300 2302
f 570 2302 571
f 2300 2301 2303
f 2300 2303 2302
f 57 563 2300
f 57 2300 570
f 563 562 2301
f 563 2301 2300
f 562 55 566
f 562 566 2301
f 2301 566 567
f 2301 567 2303
f 2303 567 59
f 2303 59 577
f 2302 2303 577
f 2302 577 578
f 571 2302 578
f 571 578 61
f 1439 2304 2305
f 1439 2305 1440
f 342 1830 2304
f 342 2304 1439
f 1830 339 1448
f 1830 1448 2304
f 2304 1448 1447
f 2304 1447 2305
f 2305 1447 346
f 2305 346 1760
f 1440 2305 1760
f 1440 1760 350
f 2306 2307 2309
f 2307 2308 2309
f 2306 2309 2311
f 2306 2311 2310
f 2309 2308 2312
f 2309 2312 2311
f 99 731 2306
f 99 2306 760
f 731 730 2307
f 731 2307 2306
f 730 729 2308
f 730 2308 2307
f 729 57 570
f 729 570 2308
f 2308 570 571
f 2308 571 2312
f 2312 571 61
f 2312 61 732
f 2311 2312 732
f 2311 732 733
f 2310 2311 733
f 2310 733 734
f 761 2310 734
f 761 734 100
f 760 2306 2310
f 760 2310 761
f 2313 2314 2316
f 2313 2316 2315
f 2314 572 573
f 2314 573 2316
f 56 565 2313
f 56 2313 568
f 565 564 2314
f 565 2314 2313
f 564 58 572
f 564 572 2314
f 2316 573 62
f 2316 62 579
f 2315 2316 579
f 2315 579 580
f 569 2315 580
f 569 580 60
f 568 2313 2315
f 568 2315 569
f 2317 2318 2321
f 2317 2321 2320
f 2318 2319 2322
f 2318 2322 2321
f 2320 2321 1851
f 2320 1851 1852
f 2321 2322 1850
f 2321 1850 1851
f 352 1782 2317
f 352 2317 1621
f 1782 1781 2318
f 1782 2318 2317
f 1781 1780 2319
f 1781 2319 2318
f 1780 64 1031
f 1780 1031 2319
f 2319 1031 1032
f 2319 1032 2322
f 2322 1032 195
f 2322 195 1850
f 1622 2320 1852
f 1622 1852 456
f 1621 2317 2320
f 1621 2320 1622
f 2323 2324 2326
f 2323 2326 2325
f 2324 590 591
f 2324 591 2326
f 2325 2326 2328
f 2325 2328 2327
f 2326 591 592
f 2326 592 2328
f 44 526 2323
f 44 2323 584
f 526 525 2324
f 526 2324 2323
f 525 46 590
f 525 590 2324
f 2328 592 66
f 2328 66 593
f 2327 2328 593
f 2327 593 594
f 586 2327 594
f 586 594 64
f 585 2325 2327
f 585 2327 586
f 584 2323 2325
f 584 2325 585
f 2329 2330 2333
f 2329 2333 2332
f 2330 2331 2334
f 2330 2334 2333
f 2332 2333 2336
f 2332 2336 2335
f 2333 2334 2337
f 2333 2337 2336
f 96 722 2329
f 96 2329 757
f 722 721 2330
f 722 2330 2329
f 721 720 2331
f 721 2331 2330
f 720 45 587
f 720 587 2331
f 2331 587 588
f 2331 588 2334
f 2334 588 589
f 2334 589 2337
f 2337 589 65
f 2337 65 735
f 2336 2337 735
f 2336 735 736
f 2335 2336 736
f 2335 736 737
f 759 2335 737
f 759 737 101
f 758 2332 2335
f 758 2335 759
f 757 2329 2332
f 757 2332 758
f 2338 2339 2342
f 2338 2342 2341
f 2339 2340 2343
f 2339 2343 2342
f 2341 2342 2345
f 2341 2345 2344
f 2342 2343 2346
f 2342 2346 2345
f 314 1778 2338
f 314 2338 1468
f 1778 1777 2339
f 1778 2339 2338
f 1777 1776 2340
f 1777 2340 2339
f 1776 165 998
f 1776 998 2340
f 2340 998 999
f 2340 999 2343
f 2343 999 1000
f 2343 1000 2346
f 2346 1000 170
f 2346 170 1783
f 2345 2346 1783
f 2345 1783 1784
f 2344 2345 1784
f 2344 1784 1785
f 1470 2344 1785
f 1470 1785 354
f 1469 2341 2344
f 1469 2344 1470
f 1468 2338 2341
f 1468 2341 1469
f 2347 2348 2351
f 2347 2351 2350
f 2348 2349 2352
f 2348 2352 2351
f 2350 2351 2354
f 2350 2354 2353
f 2351 2352 2355
f 2351 2355 2354
f 45 3128 2347
f 45 2347 587
f 528 527 2349
f 528 2349 2348
f 528 2348 3127
f 527 43 581
f 527 581 2349
f 2349 581 582
f 2349 582 2352
f 2352 582 583
f 2352 583 2355
f 2355 583 63
f 2355 63 595
f 2354 2355 595
f 2354 595 596
f 2353 2354 596
f 2353 596 597
f 589 2353 597
f 589 597 65
f 588 2350 2353
f 588 2353 589
f 587 2347 2350
f 587 2350 588
f 2356 2357 2360
f 2356 2360 2359
f 2357 2358 2361
f 2357 2361 2360
f 2359 2360 2363
f 2359 2363 2362
f 2360 2361 2364
f 2360 2364 2363
f 178 1769 2356
f 178 2356 1015
f 1769 1768 2357
f 1769 2357 2356
f 1768 1767 2358
f 1768 2358 2357
f 1767 319 1373
f 1767 1373 2358
f 2358 1373 1372
f 2358 1372 2361
f 2361 1372 1371
f 2361 1371 2364
f 2364 1371 359
f 2364 359 1790
f 2363 2364 1790
f 2363 1790 1791
f 2362 2363 1791
f 2362 1791 1792
f 1017 2362 1792
f 1017 1792 183
f 1016 2359 2362
f 1016 2362 1017
f 1015 2356 2359
f 1015 2359 1016
f 2365 2366 1794
f 2365 1794 1795
f 2366 2367 1793
f 2366 1793 1794
f 47 1664 2365
f 47 2365 862
f 1664 1663 2366
f 1664 2366 2365
f 1663 1662 2367
f 1663 2367 2366
f 1662 321 1378
f 1662 1378 2367
f 2367 1378 392
f 2367 392 1793
f 862 2365 1795
f 862 1795 103
f 2368 2369 2372
f 2368 2372 2371
f 2369 2370 2373
f 2369 2373 2372
f 2371 2372 2375
f 2371 2375 2374
f 2372 2373 2376
f 2372 2376 2375
f 43 1754 2368
f 43 2368 581
f 1754 1753 2369
f 1754 2369 2368
f 1753 1752 2370
f 1753 2370 2369
f 1752 317 1366
f 1752 1366 2370
f 2370 1366 1365
f 2370 1365 2373
f 2373 1365 1364
f 2373 1364 2376
f 2376 1364 357
f 2376 357 1787
f 2375 2376 1787
f 2375 1787 1788
f 2374 2375 1788
f 2374 1788 1789
f 583 2374 1789
f 583 1789 63
f 582 2371 2374
f 582 2374 583
f 581 2368 2371
f 581 2371 582
f 1278 2377 2378
f 1278 2378 1279
f 1279 2378 2379
f 1279 2379 1280
f 289 1638 2377
f 289 2377 1278
f 1638 290 1264
f 1638 1264 2377
f 2377 1264 1263
f 2377 1263 2378
f 2378 1263 1262
f 2378 1262 2379
f 2379 1262 257
f 2379 257 1208
f 1280 2379 1208
f 1280 1208 253
f 1184 1183 2381
f 1184 2381 2380
f 1183 209 604
f 1183 604 2381
f 2381 604 70
f 2381 70 605
f 2380 2381 605
f 2380 605 606
f 602 2380 606
f 602 606 68
f 199 1184 2380
f 199 2380 602
f 1174 1173 2383
f 1174 2383 2382
f 1173 1172 2384
f 1173 2384 2383
f 1172 204 603
f 1172 603 2384
f 2384 603 69
f 2384 69 738
f 2383 2384 738
f 2383 738 739
f 2382 2383 739
f 2382 739 740
f 756 2382 740
f 756 740 102
f 231 1174 2382
f 231 2382 756
f 1867 1868 2386
f 1867 2386 2385
f 1868 1869 2387
f 1868 2387 2386
f 1869 246 997
f 1869 997 2387
f 2387 997 171
f 2387 171 1675
f 2386 2387 1675
f 2386 1675 1674
f 2385 2386 1674
f 2385 1674 1673
f 1489 2385 1673
f 1489 1673 363
f 475 1867 2385
f 475 2385 1489
f 204 1159 2388
f 204 2388 603
f 1159 1158 2389
f 1159 2389 2388
f 1158 194 601
f 1158 601 2389
f 2389 601 67
f 2389 67 607
f 2388 2389 607
f 2388 607 608
f 603 2388 608
f 603 608 69
f 1874 1875 2391
f 1874 2391 2390
f 1875 1876 2392
f 1875 2392 2391
f 1876 446 1615
f 1876 1615 2392
f 2392 1615 366
f 2392 366 1671
f 2391 2392 1671
f 2391 1671 1670
f 2390 2391 1670
f 2390 1670 1669
f 1014 2390 1669
f 1014 1669 184
f 251 1874 2390
f 251 2390 1014
f 2393 2394 2397
f 2393 2397 2396
f 2394 2395 2398
f 2394 2398 2397
f 2396 2397 2400
f 2396 2400 2399
f 2397 2398 2401
f 2397 2401 2400
f 369 1507 2393
f 369 2393 1734
f 1507 1506 2394
f 1507 2394 2393
f 1506 1505 2395
f 1506 2395 2394
f 1505 381 1710
f 1505 1710 2395
f 2395 1710 1709
f 2395 1709 2398
f 2398 1709 1708
f 2398 1708 2401
f 2401 1708 97
f 2401 97 627
f 2400 2401 627
f 2400 627 628
f 2399 2400 628
f 2399 628 629
f 1736 2399 629
f 1736 629 76
f 1735 2396 2399
f 1735 2399 1736
f 1734 2393 2396
f 1734 2396 1735
f 1871 1872 2403
f 1871 2403 2402
f 1872 1873 2404
f 1872 2404 2403
f 1873 436 1609
f 1873 1609 2404
f 2404 1609 364
f 2404 364 1650
f 2403 2404 1650
f 2403 1650 1649
f 2402 2403 1649
f 2402 1649 1648
f 601 2402 1648
f 601 1648 67
f 194 1871 2402
f 194 2402 601
f 1146 1145 2406
f 1146 2406 2405
f 1145 1144 2407
f 1145 2407 2406
f 1144 214 660
f 1144 660 2407
f 2407 660 86
f 2407 86 714
f 2406 2407 714
f 2406 714 715
f 2405 2406 715
f 2405 715 716
f 755 2405 716
f 755 716 94
f 225 1146 2405
f 225 2405 755
f 1131 2409 2408
f 1131 1130 2410
f 1131 2410 2409
f 1130 220 661
f 1130 661 2410
f 2410 661 85
f 2410 85 871
f 2409 2410 871
f 2409 871 872
f 2408 2409 872
f 2408 872 873
f 942 2408 873
f 942 873 145
f 236 1131 2408
f 236 2408 942
f 2411 2412 2415
f 2411 2415 2414
f 2412 2413 2416
f 2412 2416 2415
f 2414 2415 2418
f 2414 2418 2417
f 2415 2416 2419
f 2415 2419 2418
f 88 698 2411
f 88 2411 752
f 698 697 2412
f 698 2412 2411
f 697 696 2413
f 697 2413 2412
f 696 74 662
f 696 662 2413
f 2413 662 663
f 2413 663 2416
f 2416 663 664
f 2416 664 2419
f 2419 664 84
f 2419 84 711
f 2418 2419 711
f 2418 711 712
f 2417 2418 712
f 2417 712 713
f 754 2417 713
f 754 713 93
f 753 2414 2417
f 753 2417 754
f 752 2411 2414
f 752 2414 753
f 2420 2421 2424
f 2420 2424 2423
f 2421 2422 2425
f 2421 2425 2424
f 2423 2424 2427
f 2423 2427 2426
f 2424 2425 2428
f 2424 2428 2427
f 37 490 2420
f 37 2420 939
f 490 489 2421
f 490 2421 2420
f 489 488 2422
f 489 2422 2421
f 488 73 665
f 488 665 2422
f 2422 665 666
f 2422 666 2425
f 2425 666 667
f 2425 667 2428
f 2428 667 83
f 2428 83 868
f 2427 2428 868
f 2427 868 869
f 2426 2427 869
f 2426 869 870
f 941 2426 870
f 941 870 144
f 940 2423 2426
f 940 2426 941
f 939 2420 2423
f 939 2423 940
f 2429 2430 2433
f 2429 2433 2432
f 2430 2431 2434
f 2430 2434 2433
f 34 481 2429
f 34 2429 937
f 481 480 2430
f 481 2430 2429
f 480 479 2431
f 480 2431 2430
f 479 80 668
f 479 668 2431
f 2431 668 669
f 2431 669 670
f 2431 670 2434
f 2434 670 82
f 2434 82 476
f 2433 2434 476
f 2433 476 477
f 2432 2433 477
f 2432 477 478
f 938 2432 478
f 938 478 33
f 937 2429 2432
f 937 2432 938
f 2435 2436 2439
f 2435 2439 2438
f 2436 2437 2440
f 2436 2440 2439
f 91 707 2435
f 91 2435 750
f 707 706 2436
f 707 2436 2435
f 706 705 2437
f 706 2437 2436
f 705 79 671
f 705 671 2437
f 2437 671 672
f 2437 672 2440
f 2440 672 81
f 2440 81 708
f 2439 2440 708
f 2439 708 709
f 2438 2439 709
f 2438 709 710
f 751 2438 710
f 751 710 92
f 750 2435 2438
f 750 2438 751
f 2441 2442 2445
f 2441 2445 2444
f 2442 2443 2446
f 2442 2446 2445
f 2444 2445 2448
f 2444 2448 2447
f 2445 2446 2449
f 2445 2449 2448
f 35 484 2441
f 35 2441 934
f 484 483 2442
f 484 2442 2441
f 483 482 2443
f 483 2443 2442
f 482 78 673
f 482 673 2443
f 2443 673 674
f 2443 674 2446
f 2446 674 675
f 2446 675 2449
f 2449 675 80
f 2449 80 479
f 2448 2449 479
f 2448 479 480
f 2447 2448 480
f 2447 480 481
f 936 2447 481
f 936 481 34
f 935 2444 2447
f 935 2447 936
f 934 2441 2444
f 934 2444 935
f 2450 2451 2454
f 2450 2454 2453
f 2451 2452 2455
f 2451 2455 2454
f 2453 2454 2457
f 2453 2457 2456
f 2454 2455 2458
f 2454 2458 2457
f 90 704 2450
f 90 2450 747
f 704 703 2451
f 704 2451 2450
f 703 702 2452
f 703 2452 2451
f 702 77 676
f 702 676 2452
f 2452 676 677
f 2452 677 2455
f 2455 677 678
f 2455 678 2458
f 2458 678 79
f 2458 79 705
f 2457 2458 705
f 2457 705 706
f 2456 2457 706
f 2456 706 707
f 749 2456 707
f 749 707 91
f 748 2453 2456
f 748 2456 749
f 747 2450 2453
f 747 2453 748
f 910 909 483
f 910 483 484
f 909 908 775
f 909 775 483
f 483 775 482
f 908 127 679
f 908 679 775
f 775 679 680
f 775 680 482
f 482 680 78
f 158 910 484
f 158 484 35
f 808 807 703
f 808 703 704
f 807 806 702
f 807 702 703
f 806 132 77
f 806 77 702
f 137 808 704
f 137 704 90
f 2459 2460 2463
f 2459 2463 2462
f 2460 2461 2464
f 2460 2464 2463
f 2462 2463 2466
f 2462 2466 2465
f 2463 2464 2467
f 2463 2467 2466
f 429 1587 2459
f 429 2459 1687
f 1587 1586 2460
f 1587 2460 2459
f 1586 1585 2461
f 1586 2461 2460
f 1585 302 1733
f 1585 1733 2461
f 2461 1733 1732
f 2461 1732 2464
f 2464 1732 1731
f 2464 1731 2467
f 2467 1731 36
f 2467 36 964
f 2466 2467 964
f 2466 964 965
f 2465 2466 965
f 2465 965 966
f 1689 2465 966
f 1689 966 166
f 1688 2462 2465
f 1688 2465 1689
f 1687 2459 2462
f 1687 2462 1688
f 2468 2469 2472
f 2468 2472 2471
f 2469 2470 2473
f 2469 2473 2472
f 2471 2472 2475
f 2471 2475 2474
f 2472 2473 2476
f 2472 2476 2475
f 145 873 2468
f 145 2468 1885
f 873 872 2469
f 873 2469 2468
f 872 871 2470
f 872 2470 2469
f 871 85 1886
f 871 1886 2470
f 2470 1886 1887
f 2470 1887 2473
f 2473 1887 1888
f 2473 1888 2476
f 2476 1888 374
f 2476 374 1525
f 2475 2476 1525
f 2475 1525 1524
f 2474 2475 1524
f 2474 1524 1523
f 1883 2474 1523
f 1883 1523 427
f 1884 2471 2474
f 1884 2474 1883
f 1885 2468 2471
f 1885 2471 1884
f 2477 2478 2481
f 2477 2481 2480
f 2478 2479 2482
f 2478 2482 2481
f 2480 2481 2484
f 2480 2484 2483
f 2481 2482 2485
f 2481 2485 2484
f 87 695 2477
f 87 2477 744
f 695 694 2478
f 695 2478 2477
f 694 693 2479
f 694 2479 2478
f 693 72 681
f 693 681 2479
f 2479 681 682
f 2479 682 2482
f 2482 682 683
f 2482 683 2485
f 2485 683 74
f 2485 74 696
f 2484 2485 696
f 2484 696 697
f 2483 2484 697
f 2483 697 698
f 746 2483 698
f 746 698 88
f 745 2480 2483
f 745 2483 746
f 744 2477 2480
f 744 2480 745
f 2486 2487 2490
f 2486 2490 2489
f 2487 2488 2491
f 2487 2491 2490
f 2489 2490 2493
f 2489 2493 2492
f 2490 2491 2494
f 2490 2494 2493
f 38 493 2486
f 38 2486 931
f 493 492 2487
f 493 2487 2486
f 492 491 2488
f 492 2488 2487
f 491 71 684
f 491 684 2488
f 2488 684 685
f 2488 685 2491
f 2491 685 686
f 2491 686 2494
f 2494 686 73
f 2494 73 488
f 2493 2494 488
f 2493 488 489
f 2492 2493 489
f 2492 489 490
f 933 2492 490
f 933 490 37
f 932 2489 2492
f 932 2492 933
f 931 2486 2489
f 931 2489 932
f 2495 2496 2499
f 2495 2499 2498
f 2496 2497 2500
f 2496 2500 2499
f 2498 2499 2502
f 2498 2502 2501
f 2499 2500 2503
f 2499 2503 2502
f 92 710 2495
f 92 2495 741
f 710 709 2496
f 710 2496 2495
f 709 708 2497
f 709 2497 2496
f 708 81 687
f 708 687 2497
f 2497 687 688
f 2497 688 2500
f 2500 688 689
f 2500 689 2503
f 2503 689 72
f 2503 72 693
f 2502 2503 693
f 2502 693 694
f 2501 2502 694
f 2501 694 695
f 743 2501 695
f 743 695 87
f 742 2498 2501
f 742 2501 743
f 741 2495 2498
f 741 2498 742
f 2504 2505 2508
f 2504 2508 2507
f 2505 2506 2509
f 2505 2509 2508
f 2507 2508 2511
f 2507 2511 2510
f 2508 2509 2512
f 2508 2512 2511
f 33 478 2504
f 33 2504 928
f 478 477 2505
f 478 2505 2504
f 477 476 2506
f 477 2506 2505
f 476 82 690
f 476 690 2506
f 2506 690 691
f 2506 691 2509
f 2509 691 692
f 2509 692 2512
f 2512 692 71
f 2512 71 491
f 2511 2512 491
f 2511 491 492
f 2510 2511 492
f 2510 492 493
f 930 2510 493
f 930 493 38
f 929 2507 2510
f 929 2510 930
f 928 2504 2507
f 928 2507 929
f 2513 2514 2517
f 2513 2517 2516
f 2514 2515 2518
f 2514 2518 2517
f 2516 2517 2520
f 2516 2520 2519
f 2517 2518 2521
f 2517 2521 2520
f 85 656 2513
f 85 2513 1886
f 656 655 2514
f 656 2514 2513
f 655 654 2515
f 655 2515 2514
f 654 102 1720
f 654 1720 2515
f 2515 1720 1719
f 2515 1719 2518
f 2518 1719 1718
f 2518 1718 2521
f 2521 1718 379
f 2521 379 1537
f 2520 2521 1537
f 2520 1537 1536
f 2519 2520 1536
f 2519 1536 1535
f 1888 2519 1535
f 1888 1535 374
f 1887 2516 2519
f 1887 2519 1888
f 1886 2513 2516
f 1886 2516 1887
f 2522 2523 2526
f 2522 2526 2525
f 2523 2524 2527
f 2523 2527 2526
f 2525 2526 2529
f 2525 2529 2528
f 2526 2527 2530
f 2526 2530 2529
f 153 897 2522
f 153 2522 1724
f 897 896 2523
f 897 2523 2522
f 896 895 2524
f 896 2524 2523
f 895 184 1668
f 895 1668 2524
f 2524 1668 1667
f 2524 1667 2527
f 2527 1667 1666
f 2527 1666 2530
f 2530 1666 431
f 2530 431 1593
f 2529 2530 1593
f 2529 1593 1592
f 2528 2529 1592
f 2528 1592 1591
f 1726 2528 1591
f 1726 1591 300
f 1725 2525 2528
f 1725 2528 1726
f 1724 2522 2525
f 1724 2525 1725
f 2531 2532 2535
f 2531 2535 2534
f 2532 2533 2536
f 2532 2536 2535
f 2534 2535 2538
f 2534 2538 2537
f 2535 2536 2539
f 2535 2539 2538
f 372 1519 2531
f 372 2531 1879
f 1519 1518 2532
f 1519 2532 2531
f 1518 1517 2533
f 1518 2533 2532
f 1517 425 1880
f 1517 1880 2533
f 2533 1880 1881
f 2533 1881 2536
f 2536 1881 1882
f 2536 1882 2539
f 2539 1882 148
f 2539 148 624
f 2538 2539 624
f 2538 624 625
f 2537 2538 625
f 2537 625 626
f 1877 2537 626
f 1877 626 75
f 1878 2534 2537
f 1878 2537 1877
f 1879 2531 2534
f 1879 2534 1878
f 1514 2540 2541
f 1514 2541 1515
f 1515 2541 2542
f 1515 2542 1516
f 370 1728 2540
f 370 2540 1514
f 1728 375 1540
f 1728 1540 2540
f 2540 1540 1539
f 2540 1539 2541
f 2541 1539 1538
f 2541 1538 2542
f 2542 1538 378
f 2542 378 1711
f 1516 2542 1711
f 1516 1711 382
f 2543 2544 2547
f 2543 2547 2546
f 2544 2545 2548
f 2544 2548 2547
f 2546 2547 2550
f 2546 2550 2549
f 2547 2548 2551
f 2547 2551 2550
f 381 1543 2543
f 381 2543 1710
f 1543 1542 2544
f 1543 2544 2543
f 1542 1541 2545
f 1542 2545 2544
f 1541 292 1699
f 1541 1699 2545
f 2545 1699 1698
f 2545 1698 2548
f 2548 1698 1697
f 2548 1697 2551
f 2551 1697 49
f 2551 49 723
f 2550 2551 723
f 2550 723 724
f 2549 2550 724
f 2549 724 725
f 1708 2549 725
f 1708 725 97
f 1709 2546 2549
f 1709 2549 1708
f 1710 2543 2546
f 1710 2546 1709
f 2552 2553 2556
f 2552 2556 2555
f 2553 2554 2557
f 2553 2557 2556
f 2555 2556 2559
f 2555 2559 2558
f 2556 2557 2560
f 2556 2560 2559
f 297 1295 2552
f 297 2552 1693
f 1295 1294 2553
f 1295 2553 2552
f 1294 1293 2554
f 1294 2554 2553
f 1293 377 1715
f 1293 1715 2554
f 2554 1715 1716
f 2554 1716 2557
f 2557 1716 1717
f 2557 1717 2560
f 2560 1717 89
f 2560 89 532
f 2559 2560 532
f 2559 532 533
f 2558 2559 533
f 2558 533 534
f 1695 2558 534
f 1695 534 50
f 1694 2555 2558
f 1694 2558 1695
f 1693 2552 2555
f 1693 2555 1694
f 2561 2562 2565
f 2561 2565 2564
f 2562 2563 2566
f 2562 2566 2565
f 2564 2565 2568
f 2564 2568 2567
f 2565 2566 2569
f 2565 2569 2568
f 62 576 2561
f 62 2561 503
f 576 575 2562
f 576 2562 2561
f 575 574 2563
f 575 2563 2562
f 574 92 741
f 574 741 2563
f 2563 741 742
f 2563 742 2566
f 2566 742 743
f 2566 743 2569
f 2569 743 87
f 2569 87 510
f 2568 2569 510
f 2568 510 511
f 2567 2568 511
f 2567 511 512
f 505 2567 512
f 505 512 42
f 504 2564 2567
f 504 2567 505
f 503 2561 2564
f 503 2564 504
f 2570 2571 2574
f 2570 2574 2573
f 2571 2572 2575
f 2571 2575 2574
f 2573 2574 2577
f 2573 2577 2576
f 2574 2575 2578
f 2574 2578 2577
f 42 512 2570
f 42 2570 522
f 512 511 2571
f 512 2571 2570
f 511 510 2572
f 511 2572 2571
f 510 87 744
f 510 744 2572
f 2572 744 745
f 2572 745 2575
f 2575 745 746
f 2575 746 2578
f 2578 746 88
f 2578 88 529
f 2577 2578 529
f 2577 529 530
f 2576 2577 530
f 2576 530 531
f 524 2576 531
f 524 531 46
f 523 2573 2576
f 523 2576 524
f 522 2570 2573
f 522 2573 523
f 2579 2580 2583
f 2579 2583 2582
f 2580 2581 2584
f 2580 2584 2583
f 2582 2583 2586
f 2582 2586 2585
f 2583 2584 2587
f 2583 2587 2586
f 102 740 2579
f 102 2579 1720
f 740 739 2580
f 740 2580 2579
f 739 738 2581
f 739 2581 2580
f 738 69 1706
f 738 1706 2581
f 2581 1706 1705
f 2581 1705 2584
f 2584 1705 1704
f 2584 1704 2587
f 2587 1704 299
f 2587 299 1301
f 2586 2587 1301
f 2586 1301 1300
f 2585 2586 1300
f 2585 1300 1299
f 1718 2585 1299
f 1718 1299 379
f 1719 2582 2585
f 1719 2585 1718
f 1720 2579 2582
f 1720 2582 1719
f 793 792 540
f 793 540 541
f 792 791 539
f 792 539 540
f 791 137 90
f 791 90 539
f 122 793 541
f 122 541 54
f 2588 2589 2592
f 2588 2592 2591
f 2589 2590 2593
f 2589 2593 2592
f 2591 2592 2595
f 2591 2595 2594
f 2592 2593 2596
f 2592 2596 2595
f 54 541 2588
f 54 2588 556
f 541 540 2589
f 541 2589 2588
f 540 539 2590
f 540 2590 2589
f 539 90 747
f 539 747 2590
f 2590 747 748
f 2590 748 2593
f 2593 748 749
f 2593 749 2596
f 2596 749 91
f 2596 91 559
f 2595 2596 559
f 2595 559 560
f 2594 2595 560
f 2594 560 561
f 558 2594 561
f 558 561 58
f 557 2591 2594
f 557 2594 558
f 556 2588 2591
f 556 2591 557
f 2597 2598 2601
f 2597 2601 2600
f 2598 2599 2602
f 2598 2602 2601
f 58 561 2597
f 58 2597 572
f 561 560 2598
f 561 2598 2597
f 560 559 2599
f 560 2599 2598
f 559 91 750
f 559 750 2599
f 2599 750 751
f 2599 751 2602
f 2602 751 92
f 2602 92 574
f 2601 2602 574
f 2601 574 575
f 2600 2601 575
f 2600 575 576
f 573 2600 576
f 573 576 62
f 572 2597 2600
f 572 2600 573
f 2603 2604 2607
f 2603 2607 2606
f 2604 2605 2608
f 2604 2608 2607
f 2606 2607 2610
f 2606 2610 2609
f 2607 2608 2611
f 2607 2611 2610
f 46 531 2603
f 46 2603 590
f 531 530 2604
f 531 2604 2603
f 530 529 2605
f 530 2605 2604
f 529 88 752
f 529 752 2605
f 2605 752 753
f 2605 753 2608
f 2608 753 754
f 2608 754 2611
f 2611 754 93
f 2611 93 598
f 2610 2611 598
f 2610 598 599
f 2609 2610 599
f 2609 599 600
f 592 2609 600
f 592 600 66
f 591 2606 2609
f 591 2609 592
f 590 2603 2606
f 590 2606 591
f 1118 1117 2613
f 1118 2613 2612
f 1117 1116 2614
f 1117 2614 2613
f 1116 225 755
f 1116 755 2614
f 2614 755 94
f 2614 94 609
f 2613 2614 609
f 2613 609 610
f 2612 2613 610
f 2612 610 611
f 604 2612 611
f 604 611 70
f 209 1118 2612
f 209 2612 604
f 2615 2616 2619
f 2615 2619 2618
f 2616 2617 2620
f 2616 2620 2619
f 2618 2619 2622
f 2618 2622 2621
f 2619 2620 2623
f 2619 2623 2622
f 73 620 2615
f 73 2615 665
f 620 619 2616
f 620 2616 2615
f 619 618 2617
f 619 2617 2616
f 618 96 757
f 618 757 2617
f 2617 757 758
f 2617 758 2620
f 2620 758 759
f 2620 759 2623
f 2623 759 101
f 2623 101 648
f 2622 2623 648
f 2622 648 649
f 2621 2622 649
f 2621 649 650
f 667 2621 650
f 667 650 83
f 666 2618 2621
f 666 2621 667
f 665 2615 2618
f 665 2618 666
f 2624 2625 2628
f 2624 2628 2627
f 2625 2626 2629
f 2625 2629 2628
f 80 641 2624
f 80 2624 668
f 641 640 2625
f 641 2625 2624
f 640 639 2626
f 640 2626 2625
f 639 99 760
f 639 760 2626
f 2626 760 761
f 2626 761 2629
f 2629 761 100
f 2629 100 645
f 2628 2629 645
f 2628 645 646
f 2627 2628 646
f 2627 646 647
f 670 2627 647
f 670 647 82
f 669 2624 2627
f 669 2627 670
f 668 2624 669
f 2630 2631 2634
f 2630 2634 2633
f 2631 2632 2635
f 2631 2635 2634
f 2633 2634 2637
f 2633 2637 2636
f 2634 2635 2638
f 2634 2638 2637
f 78 635 2630
f 78 2630 673
f 635 634 2631
f 635 2631 2630
f 634 633 2632
f 634 2632 2631
f 633 98 762
f 633 762 2632
f 2632 762 763
f 2632 763 2635
f 2635 763 764
f 2635 764 2638
f 2638 764 99
f 2638 99 639
f 2637 2638 639
f 2637 639 640
f 2636 2637 640
f 2636 640 641
f 675 2636 641
f 675 641 80
f 674 2633 2636
f 674 2636 675
f 673 2630 2633
f 673 2633 674
f 1532 2639 2640
f 1532 2640 1533
f 1533 2640 2641
f 1533 2641 1534
f 376 1707 2639
f 376 2639 1532
f 1707 380 1510
f 1707 1510 2639
f 2639 1510 1509
f 2639 1509 2640
f 2640 1509 1508
f 2640 1508 2641
f 2641 1508 368
f 2641 368 1729
f 1534 2641 1729
f 1534 1729 373
f 2642 2643 2646
f 2642 2646 2645
f 2643 2644 2647
f 2643 2647 2646
f 2645 2646 2649
f 2645 2649 2648
f 2646 2647 2650
f 2646 2650 2649
f 71 614 2642
f 71 2642 684
f 614 613 2643
f 614 2643 2642
f 613 612 2644
f 613 2644 2643
f 612 95 766
f 612 766 2644
f 2644 766 767
f 2644 767 2647
f 2647 767 768
f 2647 768 2650
f 2650 768 96
f 2650 96 618
f 2649 2650 618
f 2649 618 619
f 2648 2649 619
f 2648 619 620
f 686 2648 620
f 686 620 73
f 685 2645 2648
f 685 2648 686
f 684 2642 2645
f 684 2645 685
f 2651 2652 2655
f 2651 2655 2654
f 2652 2653 2656
f 2652 2656 2655
f 2654 2655 2658
f 2654 2658 2657
f 2655 2656 2659
f 2655 2659 2658
f 82 647 2651
f 82 2651 690
f 647 646 2652
f 647 2652 2651
f 646 645 2653
f 646 2653 2652
f 645 100 769
f 645 769 2653
f 2653 769 770
f 2653 770 2656
f 2656 770 771
f 2656 771 2659
f 2659 771 95
f 2659 95 612
f 2658 2659 612
f 2658 612 613
f 2657 2658 613
f 2657 613 614
f 692 2657 614
f 692 614 71
f 691 2654 2657
f 691 2657 692
f 690 2651 2654
f 690 2654 691
f 412 1808 1889
f 412 1889 411
f 1808 385 387
f 1808 387 1889
f 2660 2661 2664
f 2660 2664 2663
f 2661 2662 2665
f 2661 2665 2664
f 2663 2664 2667
f 2663 2667 2666
f 2664 2665 2668
f 2664 2668 2667
f 94 716 2660
f 94 2660 1712
f 716 715 2661
f 716 2661 2660
f 715 714 2662
f 715 2662 2661
f 714 86 1723
f 714 1723 2662
f 2662 1723 1722
f 2662 1722 2665
f 2665 1722 1721
f 2665 1721 2668
f 2668 1721 371
f 2668 371 1513
f 2667 2668 1513
f 2667 1513 1512
f 2666 2667 1512
f 2666 1512 1511
f 1714 2666 1511
f 1714 1511 383
f 1713 2663 2666
f 1713 2666 1714
f 1712 2660 2663
f 1712 2663 1713
f 781 780 783
f 781 783 784
f 780 779 782
f 780 782 783
f 779 133 134
f 779 134 782
f 118 781 784
f 118 784 119
f 784 783 786
f 784 786 787
f 783 782 785
f 783 785 786
f 782 134 135
f 782 135 785
f 119 784 787
f 119 787 120
f 787 786 789
f 787 789 790
f 786 785 788
f 786 788 789
f 785 135 136
f 785 136 788
f 120 787 790
f 120 790 121
f 790 789 792
f 790 792 793
f 789 788 791
f 789 791 792
f 788 136 137
f 788 137 791
f 121 790 793
f 121 793 122
f 796 795 798
f 796 798 799
f 795 794 797
f 795 797 798
f 794 128 129
f 794 129 797
f 133 796 799
f 133 799 134
f 799 798 801
f 799 801 802
f 798 797 800
f 798 800 801
f 797 129 130
f 797 130 800
f 134 799 802
f 134 802 135
f 802 801 804
f 802 804 805
f 801 800 803
f 801 803 804
f 800 130 131
f 800 131 803
f 135 802 805
f 135 805 136
f 805 804 807
f 805 807 808
f 804 803 806
f 804 806 807
f 803 131 132
f 803 132 806
f 136 805 808
f 136 808 137
f 899 898 900
f 899 900 901
f 901 900 772
f 898 123 772
f 898 772 900
f 900 772 124
f 154 899 901
f 154 901 155
f 901 900 903
f 901 903 904
f 900 772 902
f 900 902 903
f 772 124 773
f 772 773 902
f 902 773 125
f 155 901 904
f 155 904 156
f 904 903 2669
f 904 2669 907
f 903 773 905
f 903 905 2669
f 903 902 773
f 773 125 774
f 773 774 905
f 905 774 126
f 2669 905 906
f 907 2669 906
f 156 904 907
f 156 907 157
f 907 906 909
f 907 909 2670
f 906 905 2671
f 906 2671 909
f 2670 909 910
f 909 2671 908
f 905 126 775
f 905 775 2671
f 2671 775 908
f 908 775 127
f 158 2670 910
f 157 907 2670
f 157 2670 158
f 810 809 811
f 810 811 812
f 809 118 119
f 809 119 811
f 108 810 812
f 108 812 109
f 812 811 813
f 812 813 814
f 811 119 120
f 811 120 813
f 109 812 814
f 109 814 110
f 814 813 815
f 814 815 816
f 813 120 121
f 813 121 815
f 110 814 816
f 110 816 111
f 816 815 817
f 816 817 818
f 815 121 122
f 815 122 817
f 111 816 818
f 111 818 112
f 821 820 823
f 821 823 824
f 820 819 822
f 820 822 823
f 819 113 114
f 819 114 822
f 138 821 824
f 138 824 139
f 139 823 826
f 139 826 827
f 823 822 115
f 823 115 826
f 826 115 825
f 824 823 139
f 822 114 115
f 776 139 827
f 776 827 140
f 827 826 829
f 827 829 2672
f 826 825 828
f 826 828 829
f 2672 829 830
f 140 827 777
f 825 115 116
f 825 116 828
f 141 2672 830
f 777 827 2672
f 777 2672 141
f 830 829 832
f 830 832 2673
f 829 828 831
f 829 831 832
f 141 830 778
f 828 116 117
f 828 117 831
f 2673 832 833
f 142 2673 833
f 778 830 2673
f 778 2673 142
f 1803 1802 1914
f 1803 1914 1915
f 1802 1801 1913
f 1802 1913 1914
f 1801 108 109
f 1801 109 1913
f 404 1803 1915
f 404 1915 406
f 1915 1914 1917
f 1915 1917 1918
f 1914 1913 1916
f 1914 1916 1917
f 1913 109 110
f 1913 110 1916
f 406 1915 1918
f 406 1918 408
f 1918 1917 1920
f 1918 1920 1921
f 1917 1916 1919
f 1917 1919 1920
f 1916 110 111
f 1916 111 1919
f 408 1918 1921
f 408 1921 410
f 1921 1920 1817
f 1921 1817 1816
f 1920 1919 1818
f 1920 1818 1817
f 1919 111 112
f 1919 112 1818
f 410 1921 1816
f 410 1816 413
f 113 835 837
f 113 837 114
f 835 834 836
f 835 836 837
f 834 103 104
f 834 104 836
f 114 837 839
f 114 839 840
f 837 836 838
f 837 838 839
f 836 104 105
f 836 105 838
f 114 840 115
f 840 839 842
f 840 842 843
f 839 838 841
f 839 841 842
f 838 105 106
f 838 106 841
f 115 840 843
f 115 843 116
f 843 842 845
f 843 845 846
f 842 841 844
f 842 844 845
f 841 106 107
f 841 107 844
f 116 843 846
f 116 846 117
f 407 1897 1796
f 407 1796 405
f 1897 391 393
f 1897 393 1796
f 409 1893 1897
f 409 1897 407
f 1893 389 391
f 1893 391 1897
f 411 1889 1893
f 411 1893 409
f 1889 387 389
f 1889 389 1893
f 403 1800 1909
f 403 1909 401
f 1800 415 417
f 1800 417 1909
f 401 1909 1905
f 401 1905 399
f 1909 417 419
f 1909 419 1905
f 399 1905 1901
f 399 1901 397
f 1905 419 421
f 1905 421 1901
f 1799 1798 1911
f 1799 1911 1910
f 1798 1797 1912
f 1798 1912 1911
f 1797 402 400
f 1797 400 1912
f 185 1799 1910
f 185 1910 186
f 1910 1911 1907
f 1910 1907 1906
f 1911 1912 1908
f 1911 1908 1907
f 1912 400 398
f 1912 398 1908
f 186 1910 1906
f 186 1906 187
f 1906 1907 1903
f 1906 1903 1902
f 1907 1908 1904
f 1907 1904 1903
f 1908 398 396
f 1908 396 1904
f 187 1906 1902
f 187 1902 188
f 1902 1903 1847
f 1902 1847 1846
f 1903 1904 1848
f 1903 1848 1847
f 1904 396 394
f 1904 394 1848
f 188 1902 1846
f 188 1846 189
f 2674 2675 2678
f 2674 2678 2677
f 2675 2676 2679
f 2675 2679 2678
f 2677 2678 2681
f 2677 2681 2680
f 2678 2679 2682
f 2678 2682 2681
f 328 1809 2674
f 328 2674 1417
f 1809 1810 2675
f 1809 2675 2674
f 1810 1811 2676
f 1810 2676 2675
f 1811 52 550
f 1811 550 2676
f 2676 550 551
f 2676 551 2679
f 2679 551 552
f 2679 552 2682
f 2682 552 56
f 2682 56 1812
f 2681 2682 1812
f 2681 1812 1813
f 2680 2681 1813
f 2680 1813 1814
f 1419 2680 1814
f 1419 1814 336
f 1418 2677 2680
f 1418 2680 1419
f 1417 2674 2677
f 1417 2677 1418
f 1890 1891 1838
f 1890 1838 1837
f 1891 1892 1839
f 1891 1839 1838
f 1892 386 384
f 1892 384 1839
f 106 1890 1837
f 106 1837 107
f 1894 1895 1891
f 1894 1891 1890
f 1895 1896 1892
f 1895 1892 1891
f 1896 388 386
f 1896 386 1892
f 105 1894 1890
f 105 1890 106
f 1898 1899 1895
f 1898 1895 1894
f 1899 1900 1896
f 1899 1896 1895
f 1900 390 388
f 1900 388 1896
f 104 1898 1894
f 104 1894 105
f 1795 1794 1899
f 1795 1899 1898
f 1794 1793 1900
f 1794 1900 1899
f 1793 392 390
f 1793 390 1900
f 103 1795 1898
f 103 1898 104
f 2683 2684 1802
f 2683 1802 1803
f 2684 2685 1801
f 2684 1801 1802
f 324 1657 2683
f 324 2683 1569
f 1657 1656 2684
f 1657 2684 2683
f 1656 1655 2685
f 1656 2685 2684
f 1655 48 863
f 1655 863 2685
f 2685 863 108
f 2685 108 1801
f 1569 2683 1803
f 1569 1803 404
f 1382 2686 1800
f 1382 1800 403
f 322 1679 2686
f 322 2686 1382
f 1679 327 1572
f 1679 1572 2686
f 2686 1572 415
f 2686 415 1800
f 405 1796 2687
f 405 2687 1570
f 1796 393 1379
f 1796 1379 2687
f 2687 1379 320
f 2687 320 1658
f 1570 2687 1658
f 1570 1658 325
f 864 2688 835
f 864 835 113
f 2688 2689 834
f 2688 834 835
f 49 536 2688
f 49 2688 864
f 536 535 2689
f 536 2689 2688
f 535 47 862
f 535 862 2689
f 2689 862 103
f 2689 103 834
f 2690 2691 1805
f 2690 1805 1806
f 2691 2692 1804
f 2691 1804 1805
f 326 1692 2690
f 326 2690 1571
f 1692 1691 2691
f 1692 2691 2690
f 1691 1690 2692
f 1691 2692 2691
f 1690 166 1012
f 1690 1012 2692
f 2692 1012 172
f 2692 172 1804
f 1571 2690 1806
f 1571 1806 414
f 2693 2694 820
f 2693 820 821
f 2694 2695 819
f 2694 819 820
f 97 725 2693
f 725 724 2694
f 725 2694 2693
f 724 723 2695
f 724 2695 2694
f 723 49 864
f 723 864 2695
f 2695 864 113
f 2695 113 819
f 138 2693 821
f 725 2693 138
f 2696 2697 809
f 2696 809 810
f 2697 865 118
f 2697 118 809
f 48 538 2696
f 48 2696 863
f 538 537 2697
f 538 2697 2696
f 537 50 865
f 537 865 2697
f 863 2696 810
f 863 810 108
f 2698 2699 898
f 2698 898 899
f 2699 2700 123
f 2699 123 898
f 36 487 2698
f 36 2698 926
f 487 486 2699
f 487 2699 2698
f 486 485 2700
f 486 2700 2699
f 2700 485 143
f 2700 143 123
f 926 2698 899
f 926 899 154
f 2701 2702 795
f 2701 795 796
f 2702 2703 794
f 2702 794 795
f 89 701 2701
f 89 2701 867
f 701 700 2702
f 701 2702 2701
f 700 699 2703
f 700 2703 2702
f 699 75 866
f 699 866 2703
f 2703 866 128
f 2703 128 794
f 867 2701 796
f 867 796 133
f 2704 2705 780
f 2704 780 781
f 2705 2706 779
f 2705 779 780
f 50 534 2704
f 50 2704 865
f 534 533 2705
f 534 2705 2704
f 533 532 2706
f 533 2706 2705
f 532 89 867
f 532 867 2706
f 2706 867 133
f 2706 133 779
f 865 2704 781
f 865 781 118
f 397 1901 1825
f 397 1825 395
f 1901 421 422
f 1901 422 1825
f 2707 2708 983
f 2707 983 984
f 2708 2709 982
f 2708 982 983
f 166 966 2707
f 166 2707 1012
f 966 965 2708
f 966 2708 2707
f 965 964 2709
f 965 2709 2708
f 964 36 926
f 964 926 2709
f 2709 926 154
f 2709 154 982
f 1012 2707 984
f 1012 984 172
f 2710 2711 848
f 2710 848 849
f 2711 2712 847
f 2711 847 848
f 75 626 2710
f 75 2710 866
f 626 625 2711
f 626 2711 2710
f 625 624 2712
f 625 2712 2711
f 624 148 927
f 624 927 2712
f 2712 927 159
f 2712 159 847
f 866 2710 849
f 866 849 128
f 858 857 860
f 858 860 861
f 857 856 859
f 857 859 860
f 856 162 163
f 856 163 859
f 131 858 861
f 131 861 132
f 855 854 857
f 855 857 858
f 854 853 856
f 854 856 857
f 853 161 162
f 853 162 856
f 130 855 858
f 130 858 131
f 852 851 854
f 852 854 855
f 851 850 853
f 851 853 854
f 850 160 161
f 850 161 853
f 129 852 855
f 129 855 130
f 849 848 851
f 849 851 852
f 848 847 850
f 848 850 851
f 847 159 160
f 847 160 850
f 128 849 852
f 128 852 129
f 993 992 995
f 993 995 996
f 992 991 994
f 992 994 995
f 991 157 158
f 991 158 994
f 175 993 996
f 175 996 176
f 990 989 992
f 990 992 993
f 989 988 991
f 989 991 992
f 988 156 157
f 988 157 991
f 174 990 993
f 174 993 175
f 987 986 989
f 987 989 990
f 986 985 988
f 986 988 989
f 985 155 156
f 985 156 988
f 173 987 990
f 173 990 174
f 984 983 986
f 984 986 987
f 983 982 985
f 983 985 986
f 982 154 155
f 982 155 985
f 172 984 987
f 172 987 173
f 1520 2713 2714
f 1520 2714 1521
f 1521 2714 2715
f 1521 2715 1522
f 373 1729 2713
f 373 2713 1520
f 1729 368 1316
f 1729 1316 2713
f 2713 1316 1315
f 2713 1315 2714
f 2714 1315 1314
f 2714 1314 2715
f 2715 1314 303
f 2715 303 1730
f 1522 2715 1730
f 1522 1730 424
f 1863 437 439
f 1863 439 1931
f 464 1863 1931
f 464 1931 463
f 2716 2717 2720
f 2716 2720 2719
f 2717 2718 2721
f 2717 2721 2720
f 2719 2720 2723
f 2719 2723 2722
f 2720 2721 2724
f 2720 2724 2723
f 169 975 2716
f 169 2716 1009
f 975 974 2717
f 975 2717 2716
f 974 973 2718
f 974 2718 2717
f 973 33 928
f 973 928 2718
f 2718 928 929
f 2718 929 2721
f 2721 929 930
f 2721 930 2724
f 2724 930 38
f 2724 38 958
f 2722 2723 959
f 2722 959 960
f 1011 2722 960
f 1011 960 164
f 1010 2719 2722
f 1010 2722 1011
f 1009 2716 2719
f 1009 2719 1010
f 2725 2726 2729
f 2725 2729 2728
f 2728 2729 2732
f 2728 2732 2731
f 164 960 2725
f 164 2725 1006
f 960 959 2726
f 960 2726 2725
f 958 38 931
f 958 931 2727
f 2727 931 932
f 2727 932 2730
f 2730 932 933
f 2730 933 2733
f 2733 933 37
f 2733 37 961
f 2731 2732 962
f 2731 962 963
f 1008 2731 963
f 1008 963 165
f 1007 2728 2731
f 1007 2731 1008
f 1006 2725 2728
f 1006 2728 1007
f 1322 2734 2735
f 1322 2735 1323
f 1323 2735 2736
f 1323 2736 1324
f 305 1737 2734
f 305 2734 1322
f 1737 307 1454
f 1737 1454 2734
f 2734 1454 1453
f 2734 1453 2735
f 2735 1453 1452
f 2735 1452 2736
f 2736 1452 348
f 2736 348 1738
f 1324 2736 1738
f 1324 1738 344
f 996 995 968
f 996 968 969
f 995 994 967
f 995 967 968
f 994 158 35
f 994 35 967
f 176 996 969
f 176 969 167
f 2737 2738 2741
f 2737 2741 2740
f 2738 2739 2742
f 2738 2742 2741
f 2740 2741 2744
f 2740 2744 2743
f 2741 2742 2745
f 2741 2745 2744
f 167 969 2737
f 167 2737 1003
f 969 968 2738
f 969 2738 2737
f 968 967 2739
f 968 2739 2738
f 967 35 934
f 967 934 2739
f 2739 934 935
f 2739 935 2742
f 2742 935 936
f 2742 936 2745
f 2745 936 34
f 2745 34 970
f 2744 2745 970
f 2744 970 971
f 2743 2744 971
f 2743 971 972
f 1005 2743 972
f 1005 972 168
f 1004 2740 2743
f 1004 2743 1005
f 1003 2737 2740
f 1003 2740 1004
f 2746 2747 2750
f 2746 2750 2749
f 2747 2748 2751
f 2747 2751 2750
f 168 972 2746
f 168 2746 1001
f 972 971 2747
f 972 2747 2746
f 971 970 2748
f 971 2748 2747
f 970 34 937
f 970 937 2748
f 2748 937 938
f 2748 938 2751
f 2751 938 33
f 2751 33 973
f 2750 2751 973
f 2750 973 974
f 2749 2750 974
f 2749 974 975
f 1002 2749 975
f 1002 975 169
f 1001 2746 2749
f 1001 2749 1002
f 2752 2753 2756
f 2752 2756 2755
f 2753 2754 2757
f 2753 2757 2756
f 2755 2756 2759
f 2755 2759 2758
f 2756 2757 2760
f 2756 2760 2759
f 165 963 2752
f 165 2752 998
f 963 962 3126
f 963 3126 2753
f 963 2753 2752
f 3128 3127 2348
f 3128 2348 2347
f 961 37 939
f 961 939 2754
f 961 2754 3125
f 2754 939 940
f 2754 940 2757
f 2757 940 941
f 2757 941 2760
f 2760 941 144
f 2760 144 976
f 2759 2760 976
f 2759 976 977
f 2758 2759 977
f 2758 977 978
f 1000 2758 978
f 1000 978 170
f 999 2755 2758
f 999 2758 1000
f 998 2752 2755
f 998 2755 999
f 1103 1102 2762
f 1103 2762 2761
f 1102 1101 2763
f 1102 2763 2762
f 1101 236 942
f 1101 942 2763
f 2763 942 145
f 2763 145 979
f 2762 2763 979
f 2762 979 980
f 2761 2762 980
f 2761 980 981
f 997 2761 981
f 997 981 171
f 246 1103 2761
f 246 2761 997
f 1088 1087 2765
f 1088 2765 2764
f 1087 1086 2766
f 1087 2766 2765
f 1086 241 943
f 1086 943 2766
f 2766 943 153
f 2766 153 657
f 2765 2766 657
f 2765 657 658
f 2764 2765 658
f 2764 658 659
f 660 2764 659
f 660 659 86
f 214 1088 2764
f 214 2764 660
f 2767 2768 2771
f 2767 2771 2770
f 2768 2769 2772
f 2768 2772 2771
f 2770 2771 2774
f 2770 2774 2773
f 2771 2772 2775
f 2771 2775 2774
f 74 623 2767
f 74 2767 662
f 623 622 2768
f 623 2768 2767
f 622 621 2769
f 622 2769 2768
f 621 147 944
f 621 944 2769
f 2769 944 945
f 2769 945 2772
f 2772 945 946
f 2772 946 2775
f 2775 946 152
f 2775 152 651
f 2774 2775 651
f 2774 651 652
f 2773 2774 652
f 2773 652 653
f 664 2773 653
f 664 653 84
f 663 2770 2773
f 663 2773 664
f 662 2767 2770
f 662 2770 663
f 2776 2777 2780
f 2776 2780 2779
f 2777 2778 2781
f 2777 2781 2780
f 79 638 2776
f 79 2776 671
f 638 637 2777
f 638 2777 2776
f 637 636 2778
f 637 2778 2777
f 636 150 947
f 636 947 2778
f 2778 947 948
f 2778 948 2781
f 2781 948 151
f 2781 151 642
f 2780 2781 642
f 2780 642 643
f 2779 2780 643
f 2779 643 644
f 672 2779 644
f 672 644 81
f 671 2776 2779
f 671 2779 672
f 2782 2783 2786
f 2782 2786 2785
f 2783 2784 2787
f 2783 2787 2786
f 2785 2786 2789
f 2785 2789 2788
f 2786 2787 2790
f 2786 2790 2789
f 77 632 2782
f 77 2782 676
f 632 631 2783
f 632 2783 2782
f 631 630 2784
f 631 2784 2783
f 630 149 949
f 630 949 2784
f 2784 949 950
f 2784 950 2787
f 2787 950 951
f 2787 951 2790
f 2790 951 150
f 2790 150 636
f 2789 2790 636
f 2789 636 637
f 2788 2789 637
f 2788 637 638
f 678 2788 638
f 678 638 79
f 677 2785 2788
f 677 2788 678
f 676 2782 2785
f 676 2785 677
f 861 860 631
f 861 631 632
f 860 859 630
f 860 630 631
f 859 163 149
f 859 149 630
f 132 861 632
f 132 632 77
f 2791 2792 2795
f 2791 2795 2794
f 2792 2793 2796
f 2792 2796 2795
f 2794 2795 2798
f 2794 2798 2797
f 2795 2796 2799
f 2795 2799 2798
f 377 1531 2791
f 377 2791 1715
f 1531 1530 2792
f 1531 2792 2791
f 1530 1529 2793
f 1530 2793 2792
f 1529 372 1879
f 1529 1879 2793
f 2793 1879 1878
f 2793 1878 2796
f 2796 1878 1877
f 2796 1877 2799
f 2799 1877 75
f 2799 75 699
f 2798 2799 699
f 2798 699 700
f 2797 2798 700
f 2797 700 701
f 1717 2797 701
f 1717 701 89
f 1716 2794 2797
f 1716 2797 1717
f 1715 2791 2794
f 1715 2794 1716
f 2800 2801 2804
f 2800 2804 2803
f 2801 2802 2805
f 2801 2805 2804
f 2803 2804 2807
f 2803 2807 2806
f 2804 2805 2808
f 2804 2808 2807
f 72 617 2800
f 72 2800 681
f 617 616 2801
f 617 2801 2800
f 616 615 2802
f 616 2802 2801
f 615 146 952
f 615 952 2802
f 2802 952 953
f 2802 953 2805
f 2805 953 954
f 2805 954 2808
f 2808 954 147
f 2808 147 621
f 2807 2808 621
f 2807 621 622
f 2806 2807 622
f 2806 622 623
f 683 2806 623
f 683 623 74
f 682 2803 2806
f 682 2806 683
f 681 2800 2803
f 681 2803 682
f 2809 2810 2813
f 2809 2813 2812
f 2810 2811 2814
f 2810 2814 2813
f 2812 2813 2816
f 2812 2816 2815
f 2813 2814 2817
f 2813 2817 2816
f 81 644 2809
f 81 2809 687
f 644 643 2810
f 644 2810 2809
f 643 642 2811
f 643 2811 2810
f 642 151 955
f 642 955 2811
f 2811 955 956
f 2811 956 2814
f 2814 956 957
f 2814 957 2817
f 2817 957 146
f 2817 146 615
f 2816 2817 615
f 2816 615 616
f 2815 2816 616
f 2815 616 617
f 689 2815 617
f 689 617 72
f 688 2812 2815
f 688 2815 689
f 687 2809 2812
f 687 2812 688
f 1308 2818 2819
f 1308 2819 1309
f 1309 2819 2820
f 1309 2820 1310
f 301 1727 2818
f 301 2818 1308
f 1727 426 1528
f 1727 1528 2818
f 2818 1528 1527
f 2818 1527 2819
f 2819 1527 1526
f 2819 1526 2820
f 2820 1526 375
f 2820 375 1728
f 1310 2820 1728
f 1310 1728 370
f 1576 2821 2822
f 1576 2822 1577
f 1577 2822 2823
f 1577 2823 1578
f 424 1730 2821
f 424 2821 1576
f 1730 303 1590
f 1730 1590 2821
f 2821 1590 1589
f 2821 1589 2822
f 2822 1589 1588
f 2822 1588 2823
f 2823 1588 428
f 2823 428 1686
f 1578 2823 1686
f 1578 1686 432
f 447 1870 2824
f 447 2824 1617
f 1870 474 1490
f 1870 1490 2824
f 2824 1490 362
f 2824 362 1672
f 1617 2824 1672
f 1617 1672 367
f 1374 2825 2826
f 1374 2826 1375
f 1375 2826 2827
f 1375 2827 1376
f 318 1759 2825
f 318 2825 1374
f 1759 315 1474
f 1759 1474 2825
f 2825 1474 1473
f 2825 1473 2826
f 2826 1473 1472
f 2826 1472 2827
f 2827 1472 355
f 2827 355 1786
f 1376 2827 1786
f 1376 1786 358
f 2828 2829 2832
f 2828 2832 2831
f 2829 2830 2833
f 2829 2833 2832
f 55 1836 2828
f 55 2828 566
f 1836 1835 2829
f 1836 2829 2828
f 1835 1834 2830
f 1835 2830 2829
f 1834 341 1433
f 1834 1433 2830
f 2830 1433 1432
f 2830 1432 2833
f 2833 1432 349
f 2833 349 1757
f 2832 2833 1757
f 2832 1757 1756
f 2831 2832 1756
f 2831 1756 1755
f 567 2831 1755
f 567 1755 59
f 566 2828 2831
f 566 2831 567
f 1414 2834 2835
f 1414 2835 1415
f 1415 2835 2836
f 1415 2836 1416
f 335 1826 2834
f 335 2834 1414
f 1826 331 1430
f 1826 1430 2834
f 2834 1430 1429
f 2834 1429 2835
f 2835 1429 1428
f 2835 1428 2836
f 2836 1428 339
f 2836 339 1830
f 1416 2836 1830
f 1416 1830 342
f 395 1825 1826
f 395 1826 335
f 1825 422 331
f 1825 331 1826
f 2837 2838 2840
f 2837 2840 2839
f 2838 1693 1694
f 2838 1694 2840
f 2839 2840 2842
f 2839 2842 2841
f 2840 1694 1695
f 2840 1695 2842
f 285 1266 2837
f 285 2837 1652
f 1266 1265 2838
f 1266 2838 2837
f 1265 297 1693
f 1265 1693 2838
f 2842 1695 50
f 2842 50 537
f 2841 2842 537
f 2841 537 538
f 1654 2841 538
f 1654 538 48
f 1653 2839 2841
f 1653 2841 1654
f 1652 2837 2839
f 1652 2839 1653
f 1465 2843 2844
f 1465 2844 1466
f 1466 2844 2845
f 1466 2845 1467
f 353 1779 2843
f 353 2843 1465
f 1779 356 1369
f 1779 1369 2843
f 2843 1369 1368
f 2843 1368 2844
f 2844 1368 1367
f 2844 1367 2845
f 2845 1367 316
f 2845 316 1739
f 1467 2845 1739
f 1467 1739 313
f 2846 2847 2850
f 2846 2850 2849
f 2847 2848 2851
f 2847 2851 2850
f 2849 2850 2853
f 2849 2853 2852
f 2850 2851 2854
f 2850 2854 2853
f 310 1775 2846
f 310 2846 1356
f 1775 1774 2847
f 1775 2847 2846
f 1774 1773 2848
f 1774 2848 2847
f 1773 164 1006
f 1773 1006 2848
f 2848 1006 1007
f 2848 1007 2851
f 2851 1007 1008
f 2851 1008 2854
f 2854 1008 165
f 2854 165 1776
f 2853 2854 1776
f 2853 1776 1777
f 2852 2853 1777
f 2852 1777 1778
f 1358 2852 1778
f 1358 1778 314
f 1357 2849 2852
f 1357 2852 1358
f 1356 2846 2849
f 1356 2849 1357
f 1240 2855 2856
f 1240 2856 1241
f 1241 2856 2857
f 1241 2857 1242
f 277 1233 2855
f 277 2855 1240
f 1233 281 1396
f 1233 1396 2855
f 2855 1396 1395
f 2855 1395 2856
f 2856 1395 1394
f 2856 1394 2857
f 2857 1394 327
f 2857 327 1679
f 1242 2857 1679
f 1242 1679 322
f 2858 2859 2862
f 2858 2862 2861
f 2859 2860 2863
f 2859 2863 2862
f 2861 2862 2865
f 2861 2865 2864
f 2862 2863 2866
f 2862 2866 2865
f 184 1669 2858
f 184 2858 1668
f 1669 1670 2859
f 1669 2859 2858
f 1670 1671 2860
f 1670 2860 2859
f 1671 366 1500
f 1671 1500 2860
f 2860 1500 1499
f 2860 1499 2863
f 2863 1499 1498
f 2863 1498 2866
f 2866 1498 270
f 2866 270 1255
f 2865 2866 1255
f 2865 1255 1254
f 2864 2865 1254
f 2864 1254 1253
f 1666 2864 1253
f 1666 1253 431
f 1667 2861 2864
f 1667 2864 1666
f 1668 2858 2861
f 1668 2861 1667
f 1806 1805 1923
f 1806 1923 1924
f 1805 1804 1922
f 1805 1922 1923
f 1804 172 173
f 1804 173 1922
f 414 1806 1924
f 414 1924 416
f 1924 1923 1926
f 1924 1926 1927
f 1923 1922 1925
f 1923 1925 1926
f 1922 173 174
f 1922 174 1925
f 416 1924 1927
f 416 1927 418
f 1927 1926 1929
f 1927 1929 1930
f 1926 1925 1928
f 1926 1928 1929
f 1925 174 175
f 1925 175 1928
f 418 1927 1930
f 418 1930 420
f 1930 1929 1820
f 1930 1820 1819
f 1929 1928 1821
f 1929 1821 1820
f 1928 175 176
f 1928 176 1821
f 420 1930 1819
f 420 1819 423
f 2867 2868 2871
f 2867 2871 2870
f 2868 2869 2872
f 2868 2872 2871
f 2870 2871 2874
f 2870 2874 2873
f 2871 2872 2875
f 2871 2875 2874
f 425 1575 2867
f 425 2867 1880
f 1575 1574 2868
f 1575 2868 2867
f 1574 1573 2869
f 1574 2869 2868
f 1573 433 1682
f 1573 1682 2869
f 2869 1682 1681
f 2869 1681 2872
f 2872 1681 1680
f 2872 1680 2875
f 2875 1680 179
f 2875 179 880
f 2874 2875 880
f 2874 880 881
f 2873 2874 881
f 2873 881 882
f 1882 2873 882
f 1882 882 148
f 1881 2870 2873
f 1881 2873 1882
f 1880 2867 2870
f 1880 2870 1881
f 329 1807 1808
f 329 1808 412
f 1807 333 385
f 1807 385 1808
f 2876 2877 912
f 2876 912 913
f 2877 2878 911
f 2877 911 912
f 148 882 2876
f 148 2876 927
f 882 881 2877
f 882 2877 2876
f 881 880 2878
f 881 2878 2877
f 880 179 1013
f 880 1013 2878
f 2878 1013 185
f 2878 185 911
f 927 2876 913
f 927 913 159
f 922 921 924
f 922 924 925
f 921 920 923
f 921 923 924
f 920 188 189
f 920 189 923
f 162 922 925
f 162 925 163
f 919 918 921
f 919 921 922
f 918 917 920
f 918 920 921
f 917 187 188
f 917 188 920
f 161 919 922
f 161 922 162
f 916 915 918
f 916 918 919
f 915 914 917
f 915 917 918
f 914 186 187
f 914 187 917
f 160 916 919
f 160 919 161
f 913 912 915
f 913 915 916
f 912 911 914
f 912 914 915
f 911 185 186
f 911 186 914
f 159 913 916
f 159 916 160
f 1073 1072 2880
f 1073 2880 2879
f 1072 1071 2881
f 1072 2881 2880
f 1071 251 1014
f 1071 1014 2881
f 2881 1014 184
f 2881 184 895
f 2880 2881 895
f 2880 895 896
f 2879 2880 896
f 2879 896 897
f 943 2879 897
f 943 897 153
f 241 1073 2879
f 241 2879 943
f 2882 2883 2886
f 2882 2886 2885
f 2883 2884 2887
f 2883 2887 2886
f 2885 2886 2889
f 2885 2889 2888
f 2886 2887 2890
f 2886 2890 2889
f 147 879 2882
f 147 2882 944
f 879 878 2883
f 879 2883 2882
f 878 877 2884
f 878 2884 2883
f 877 178 1015
f 877 1015 2884
f 2884 1015 1016
f 2884 1016 2887
f 2887 1016 1017
f 2887 1017 2890
f 2890 1017 183
f 2890 183 892
f 2889 2890 892
f 2889 892 893
f 2888 2889 893
f 2888 893 894
f 946 2888 894
f 946 894 152
f 945 2885 2888
f 945 2888 946
f 944 2882 2885
f 944 2885 945
f 2891 2892 2895
f 2891 2895 2894
f 2892 2893 2896
f 2892 2896 2895
f 150 888 2891
f 150 2891 947
f 888 887 2892
f 888 2892 2891
f 887 886 2893
f 887 2893 2892
f 886 181 1018
f 886 1018 2893
f 2893 1018 1019
f 2893 1019 2896
f 2896 1019 182
f 2896 182 889
f 2895 2896 889
f 2895 889 890
f 2894 2895 890
f 2894 890 891
f 948 2894 891
f 948 891 151
f 947 2891 2894
f 947 2894 948
f 2897 2898 2901
f 2897 2901 2900
f 2898 2899 2902
f 2898 2902 2901
f 2900 2901 2904
f 2900 2904 2903
f 2901 2902 2905
f 2901 2905 2904
f 149 885 2897
f 149 2897 949
f 885 884 2898
f 885 2898 2897
f 884 883 2899
f 884 2899 2898
f 883 180 1020
f 883 1020 2899
f 2899 1020 1021
f 2899 1021 2902
f 2902 1021 1022
f 2902 1022 2905
f 2905 1022 181
f 2905 181 886
f 2904 2905 886
f 2904 886 887
f 2903 2904 887
f 2903 887 888
f 951 2903 888
f 951 888 150
f 950 2900 2903
f 950 2903 951
f 949 2897 2900
f 949 2900 950
f 925 924 884
f 925 884 885
f 924 923 883
f 924 883 884
f 923 189 180
f 923 180 883
f 163 925 885
f 163 885 149
f 2906 2907 2910
f 2906 2910 2909
f 2907 2908 2911
f 2907 2911 2910
f 2909 2910 2913
f 2909 2913 2912
f 2910 2911 2914
f 2910 2914 2913
f 171 981 2906
f 171 2906 1676
f 981 980 2907
f 981 2907 2906
f 980 979 2908
f 980 2908 2907
f 979 145 1885
f 979 1885 2908
f 2908 1885 1884
f 2908 1884 2911
f 2911 1884 1883
f 2911 1883 2914
f 2914 1883 427
f 2914 427 1581
f 2913 2914 1581
f 2913 1581 1580
f 2912 2913 1580
f 2912 1580 1579
f 1678 2912 1579
f 1678 1579 435
f 1677 2909 2912
f 1677 2912 1678
f 1676 2906 2909
f 1676 2909 1677
f 2915 2916 2919
f 2915 2919 2918
f 2916 2917 2920
f 2916 2920 2919
f 2918 2919 2922
f 2918 2922 2921
f 2919 2920 2923
f 2919 2923 2922
f 146 876 2915
f 146 2915 952
f 876 875 2916
f 876 2916 2915
f 875 874 2917
f 875 2917 2916
f 874 177 1023
f 874 1023 2917
f 2917 1023 1024
f 2917 1024 2920
f 2920 1024 1025
f 2920 1025 2923
f 2923 1025 178
f 2923 178 877
f 2922 2923 877
f 2922 877 878
f 2921 2922 878
f 2921 878 879
f 954 2921 879
f 954 879 147
f 953 2918 2921
f 953 2921 954
f 952 2915 2918
f 952 2918 953
f 2924 2925 2928
f 2924 2928 2927
f 2925 2926 2929
f 2925 2929 2928
f 2927 2928 2931
f 2927 2931 2930
f 2928 2929 2932
f 2928 2932 2931
f 151 891 2924
f 151 2924 955
f 891 890 2925
f 891 2925 2924
f 890 889 2926
f 890 2926 2925
f 889 182 1026
f 889 1026 2926
f 2926 1026 1027
f 2926 1027 2929
f 2929 1027 1028
f 2929 1028 2932
f 2932 1028 177
f 2932 177 874
f 2931 2932 874
f 2931 874 875
f 2930 2931 875
f 2930 875 876
f 957 2930 876
f 957 876 146
f 956 2927 2930
f 956 2930 957
f 955 2924 2927
f 955 2927 956
f 1594 2933 2934
f 1594 2934 1595
f 1595 2934 2935
f 1595 2935 1596
f 430 1665 2933
f 430 2933 1594
f 1665 434 1584
f 1665 1584 2933
f 2933 1584 1583
f 2933 1583 2934
f 2934 1583 1582
f 2934 1582 2935
f 2935 1582 426
f 2935 426 1727
f 1596 2935 1727
f 1596 1727 301
f 2936 2937 2940
f 2936 2940 2939
f 2937 2938 2941
f 2937 2941 2940
f 2939 2940 2943
f 2939 2943 2942
f 2940 2941 2944
f 2940 2944 2943
f 302 1313 2936
f 302 2936 1733
f 1313 1312 2937
f 1313 2937 2936
f 1312 1311 2938
f 1312 2938 2937
f 1311 369 1734
f 1311 1734 2938
f 2938 1734 1735
f 2938 1735 2941
f 2941 1735 1736
f 2941 1736 2944
f 2944 1736 76
f 2944 76 485
f 2943 2944 485
f 2943 485 486
f 2942 2943 486
f 2942 486 487
f 1731 2942 487
f 1731 487 36
f 1732 2939 2942
f 1732 2942 1731
f 1733 2936 2939
f 1733 2939 1732
f 2945 2946 2949
f 2945 2949 2948
f 2946 2947 2950
f 2946 2950 2949
f 2948 2949 1060
f 2948 1060 1061
f 2949 2950 1059
f 2949 1059 1060
f 152 894 2945
f 152 2945 1053
f 894 893 2946
f 894 2946 2945
f 893 892 2947
f 893 2947 2946
f 892 183 1057
f 892 1057 2947
f 2947 1057 1058
f 2947 1058 2950
f 2950 1058 247
f 2950 247 1059
f 1054 2948 1061
f 1054 1061 237
f 1053 2945 2948
f 1053 2948 1054
f 1061 1060 1063
f 1061 1063 1064
f 1060 1059 1062
f 1060 1062 1063
f 1059 247 248
f 1059 248 1062
f 237 1061 1064
f 237 1064 238
f 1062 248 249
f 1062 249 1065
f 1063 1062 1065
f 1063 1065 1066
f 1064 1063 1066
f 1064 1066 1067
f 238 1064 1067
f 238 1067 239
f 239 1067 1070
f 239 1070 240
f 1067 1066 1069
f 1067 1069 1070
f 1066 1065 1068
f 1066 1068 1069
f 1065 249 250
f 1065 250 1068
f 240 1070 1073
f 240 1073 241
f 1070 1069 1072
f 1070 1072 1073
f 1069 1068 1071
f 1069 1071 1072
f 1068 250 251
f 1068 251 1071
f 1483 2951 2952
f 1483 2952 1484
f 1484 2952 1856
f 1484 1856 454
f 358 1786 2951
f 358 2951 1483
f 1786 355 1633
f 1786 1633 2951
f 2951 1633 1632
f 2951 1632 2952
f 2952 1632 467
f 2952 467 1856
f 1964 243 244
f 1964 244 1967
f 1965 1964 1967
f 1965 1967 1968
f 1966 1965 1968
f 1966 1968 1969
f 468 1966 1969
f 468 1969 470
f 470 1969 1972
f 470 1972 472
f 1969 1968 1971
f 1969 1971 1972
f 1968 1967 1970
f 1968 1970 1971
f 1967 244 245
f 1967 245 1970
f 472 1972 1867
f 472 1867 475
f 1972 1971 1868
f 1972 1868 1867
f 1971 1970 1869
f 1971 1869 1868
f 1970 245 246
f 1970 246 1869
f 2953 2954 2957
f 2953 2957 2956
f 2954 2955 2958
f 2954 2958 2957
f 2956 2957 1075
f 2956 1075 1076
f 2957 2958 1074
f 2957 1074 1075
f 84 653 2953
f 84 2953 1037
f 653 652 2954
f 653 2954 2953
f 652 651 2955
f 652 2955 2954
f 651 152 1053
f 651 1053 2955
f 2955 1053 1054
f 2955 1054 2958
f 2958 1054 237
f 2958 237 1074
f 1038 2956 1076
f 1038 1076 210
f 1037 2953 2956
f 1037 2956 1038
f 1076 1075 1078
f 1076 1078 1079
f 1075 1074 1077
f 1075 1077 1078
f 1074 237 238
f 1074 238 1077
f 210 1076 1079
f 210 1079 211
f 1077 238 239
f 1077 239 1080
f 1078 1077 1080
f 1078 1080 1081
f 1079 1078 1081
f 1079 1081 1082
f 211 1079 1082
f 211 1082 212
f 212 1082 1085
f 212 1085 213
f 1082 1081 1084
f 1082 1084 1085
f 1081 1080 1083
f 1081 1083 1084
f 1080 239 240
f 1080 240 1083
f 213 1085 1088
f 213 1088 214
f 1085 1084 1087
f 1085 1087 1088
f 1084 1083 1086
f 1084 1086 1087
f 1083 240 241
f 1083 241 1086
f 2959 2960 2963
f 2959 2963 2962
f 2960 2961 2964
f 2960 2964 2963
f 2962 2963 1090
f 2962 1090 1091
f 2963 2964 1089
f 2963 1089 1090
f 170 978 2959
f 170 2959 1055
f 978 977 2960
f 978 2960 2959
f 977 976 2961
f 977 2961 2960
f 976 144 1051
f 976 1051 2961
f 2961 1051 1052
f 2961 1052 2964
f 2964 1052 232
f 2964 232 1089
f 1056 2962 1091
f 1056 1091 242
f 1055 2959 2962
f 1055 2962 1056
f 1091 1090 1093
f 1091 1093 1094
f 1090 1089 1092
f 1090 1092 1093
f 1089 232 233
f 1089 233 1092
f 242 1091 1094
f 242 1094 243
f 1092 233 234
f 1092 234 1095
f 1093 1092 1095
f 1093 1095 1096
f 1094 1093 1096
f 1094 1096 1097
f 243 1094 1097
f 243 1097 244
f 244 1097 1100
f 244 1100 245
f 1097 1096 1099
f 1097 1099 1100
f 1096 1095 1098
f 1096 1098 1099
f 1095 234 235
f 1095 235 1098
f 245 1100 1103
f 245 1103 246
f 1100 1099 1102
f 1100 1102 1103
f 1099 1098 1101
f 1099 1101 1102
f 1098 235 236
f 1098 236 1101
f 2965 2966 2969
f 2965 2969 2968
f 2966 2967 2970
f 2966 2970 2969
f 2968 2969 1105
f 2968 1105 1106
f 2969 2970 1104
f 2969 1104 1105
f 66 600 2965
f 66 2965 1035
f 600 599 2966
f 600 2966 2965
f 599 598 2967
f 599 2967 2966
f 598 93 1044
f 598 1044 2967
f 2967 1044 1045
f 2967 1045 2970
f 2970 1045 221
f 2970 221 1104
f 1036 2968 1106
f 1036 1106 205
f 1035 2965 2968
f 1035 2968 1036
f 1106 1105 1108
f 1106 1108 1109
f 1105 1104 1107
f 1105 1107 1108
f 1104 221 222
f 1104 222 1107
f 205 1106 1109
f 205 1109 206
f 1107 222 223
f 1107 223 1110
f 1108 1107 1110
f 1108 1110 1111
f 1109 1108 1111
f 1109 1111 1112
f 206 1109 1112
f 206 1112 207
f 207 1112 1115
f 207 1115 208
f 1112 1111 1114
f 1112 1114 1115
f 1111 1110 1113
f 1111 1113 1114
f 1110 223 224
f 1110 224 1113
f 208 1115 1118
f 208 1118 209
f 1115 1114 1117
f 1115 1117 1118
f 1114 1113 1116
f 1114 1116 1117
f 1113 224 225
f 1113 225 1116
f 2971 2972 2974
f 2972 2973 1041
f 2974 2972 1120
f 2974 1120 1121
f 2972 1041 1119
f 2972 1119 1120
f 144 870 2971
f 144 2971 1051
f 870 869 2972
f 870 2972 2971
f 869 868 2973
f 869 2973 2972
f 868 83 1039
f 868 1039 2973
f 2973 1039 1040
f 2973 1040 1041
f 1041 1040 215
f 1041 215 1119
f 1052 2974 1121
f 1052 1121 232
f 1051 2971 2974
f 1051 2974 1052
f 1121 1120 2975
f 2975 1120 1123
f 2975 1123 1124
f 1120 1119 1122
f 1120 1122 1123
f 1119 1041 216
f 1119 216 1122
f 232 2975 1124
f 232 1124 233
f 232 1121 2975
f 1124 1123 2976
f 1123 1122 2976
f 1122 216 1042
f 1122 1042 217
f 1122 217 218
f 2976 1122 218
f 2976 218 1125
f 1124 2976 1125
f 1124 1125 1126
f 233 1124 1126
f 233 1126 234
f 1125 218 1127
f 218 217 1127
f 234 1126 1129
f 234 1129 235
f 1126 1125 1128
f 1126 1128 1129
f 1125 1127 219
f 1125 219 1128
f 1127 218 1043
f 1127 1043 219
f 235 1129 1131
f 235 1131 236
f 1129 1128 1130
f 1129 1130 1131
f 1128 219 220
f 1128 220 1130
f 2977 2978 2981
f 2977 2981 2980
f 2978 2979 2982
f 2978 2982 2981
f 2980 2981 1133
f 2980 1133 1134
f 2981 2982 1132
f 2981 1132 1133
f 93 713 2977
f 93 2977 1044
f 713 712 2978
f 713 2978 2977
f 712 711 2979
f 712 2979 2978
f 711 84 1037
f 711 1037 2979
f 2979 1037 1038
f 2979 1038 2982
f 2982 1038 210
f 2982 210 1132
f 1045 2980 1134
f 1045 1134 221
f 1044 2977 2980
f 1044 2980 1045
f 1134 1133 1136
f 1134 1136 1137
f 1133 1132 1135
f 1133 1135 1136
f 1132 210 211
f 1132 211 1135
f 221 1134 1137
f 221 1137 222
f 1135 211 212
f 1135 212 1138
f 1136 1135 1138
f 1136 1138 1139
f 1137 1136 1139
f 1137 1139 1140
f 222 1137 1140
f 222 1140 223
f 223 1140 1143
f 223 1143 224
f 1140 1139 1142
f 1140 1142 1143
f 1139 1138 1141
f 1139 1141 1142
f 1138 212 213
f 1138 213 1141
f 224 1143 1146
f 224 1146 225
f 1143 1142 1145
f 1143 1145 1146
f 1142 1141 1144
f 1142 1144 1145
f 1141 213 214
f 1141 214 1144
f 2983 2984 2987
f 2983 2987 2986
f 2984 2985 2988
f 2984 2988 2987
f 2986 2987 1858
f 2986 1858 1859
f 2987 2988 1857
f 2987 1857 1858
f 63 1789 2983
f 63 2983 1029
f 1789 1788 2984
f 1789 2984 2983
f 1788 1787 2985
f 1788 2985 2984
f 1787 357 1477
f 1787 1477 2985
f 2985 1477 1476
f 2985 1476 2988
f 2988 1476 445
f 2988 445 1857
f 1030 2986 1859
f 1030 1859 190
f 1029 2983 2986
f 1029 2986 1030
f 1852 1851 1956
f 1852 1956 1957
f 1851 1850 1955
f 1851 1955 1956
f 1850 195 196
f 1850 196 1955
f 456 1852 1957
f 456 1957 458
f 1862 1861 1952
f 1862 1952 1951
f 1861 1860 1953
f 1861 1953 1952
f 1860 455 452
f 1860 452 1953
f 247 1862 1951
f 247 1951 248
f 1953 452 450
f 1953 450 1949
f 1952 1953 1949
f 1952 1949 1948
f 1951 1952 1948
f 1951 1948 1947
f 248 1951 1947
f 248 1947 249
f 249 1947 1943
f 249 1943 250
f 1947 1948 1944
f 1947 1944 1943
f 1948 1949 1945
f 1948 1945 1944
f 1949 450 448
f 1949 448 1945
f 1487 2989 1863
f 1487 1863 464
f 360 1637 2989
f 360 2989 1487
f 1637 365 1611
f 1637 1611 2989
f 2989 1611 437
f 2989 437 1863
f 454 1856 1954
f 454 1954 453
f 1856 467 469
f 1856 469 1954
f 1954 469 471
f 1954 471 1950
f 453 1954 1950
f 453 1950 451
f 451 1950 1946
f 451 1946 449
f 1950 471 473
f 1950 473 1946
f 449 1946 1870
f 449 1870 447
f 1946 473 474
f 1946 474 1870
f 2990 2991 2994
f 2990 2994 2993
f 2991 2992 2995
f 2991 2995 2994
f 2993 2994 1861
f 2993 1861 1862
f 2994 2995 1860
f 2994 1860 1861
f 183 1792 2990
f 183 2990 1057
f 1792 1791 2991
f 1792 2991 2990
f 1791 1790 2992
f 1791 2992 2991
f 1790 359 1482
f 1790 1482 2992
f 2992 1482 1481
f 2992 1481 2995
f 2995 1481 455
f 2995 455 1860
f 1058 2993 1862
f 1058 1862 247
f 1057 2990 2993
f 1057 2993 1058
f 250 1943 1874
f 250 1874 251
f 1943 1944 1875
f 1943 1875 1874
f 1944 1945 1876
f 1944 1876 1875
f 1945 448 446
f 1945 446 1876
f 459 1939 1849
f 459 1849 457
f 1939 443 444
f 1939 444 1849
f 461 1935 1939
f 461 1939 459
f 1935 441 443
f 1935 443 1939
f 1931 439 441
f 1931 441 1935
f 463 1931 1935
f 463 1935 461
f 2996 2997 3000
f 2996 3000 2999
f 2997 2998 3001
f 2997 3001 3000
f 2999 3000 1148
f 2999 1148 1149
f 3000 3001 1147
f 3000 1147 1148
f 65 597 2996
f 65 2996 1033
f 597 596 2997
f 597 2997 2996
f 596 595 2998
f 596 2998 2997
f 595 63 1029
f 595 1029 2998
f 2998 1029 1030
f 2998 1030 3001
f 3001 1030 190
f 3001 190 1147
f 1034 2999 1149
f 1034 1149 200
f 1033 2996 2999
f 1033 2999 1034
f 1149 1148 1151
f 1149 1151 1152
f 1148 1147 1150
f 1148 1150 1151
f 1147 190 191
f 1147 191 1150
f 200 1149 1152
f 200 1152 201
f 1150 191 192
f 1150 192 1153
f 1151 1150 1153
f 1151 1153 1154
f 1152 1151 1154
f 1152 1154 1155
f 201 1152 1155
f 201 1155 202
f 202 1155 203
f 1155 1154 1157
f 1155 1157 203
f 1154 1153 1156
f 1154 1156 1157
f 1153 192 193
f 1153 193 1156
f 203 1157 1159
f 203 1159 204
f 1157 1156 1158
f 1157 1158 1159
f 1156 193 194
f 1156 194 1158
f 3002 3003 3006
f 3002 3006 3005
f 3003 3004 3007
f 3003 3007 3006
f 3005 3006 1854
f 3005 1854 1855
f 3006 3007 1853
f 3006 1853 1854
f 354 1785 3002
f 354 3002 1629
f 1785 1784 3003
f 1785 3003 3002
f 1784 1783 3004
f 1784 3004 3003
f 1783 170 1055
f 1783 1055 3004
f 3004 1055 1056
f 3004 1056 3007
f 3007 1056 242
f 3007 242 1853
f 1630 3005 1855
f 1630 1855 466
f 1629 3002 3005
f 1629 3005 1630
f 1955 196 197
f 1955 197 1958
f 1956 1955 1958
f 1956 1958 1959
f 1957 1956 1959
f 1957 1959 1960
f 458 1957 1960
f 458 1960 460
f 460 1960 1963
f 460 1963 462
f 1960 1959 1962
f 1960 1962 1963
f 1959 1958 1961
f 1959 1961 1962
f 1958 197 198
f 1958 198 1961
f 462 1963 1864
f 462 1864 465
f 1963 1962 1865
f 1963 1865 1864
f 1962 1961 1866
f 1962 1866 1865
f 1961 198 199
f 1961 199 1866
f 1855 1854 1965
f 1855 1965 1966
f 1854 1853 1964
f 1854 1964 1965
f 1853 242 243
f 1853 243 1964
f 466 1855 1966
f 466 1966 468
f 3008 3009 1162
f 3009 3010 3011
f 1162 3009 1161
f 3009 3011 1160
f 3009 1160 1161
f 101 737 3008
f 101 3008 1046
f 737 736 3009
f 737 3009 3008
f 736 735 3010
f 736 3010 3009
f 735 65 1033
f 735 1033 3010
f 3010 1033 1034
f 3010 1034 3011
f 3011 1034 200
f 3011 200 1160
f 1047 1162 226
f 1046 3008 1162
f 1046 1162 1047
f 1162 1161 3012
f 3012 1161 3013
f 3012 3013 1165
f 1161 1160 1163
f 1161 1163 3013
f 226 1162 1048
f 1160 200 201
f 1160 201 1163
f 3013 1163 1164
f 1165 3013 1164
f 1048 3012 1165
f 1048 1165 227
f 1048 1162 3012
f 227 1165 1049
f 1163 201 202
f 1163 202 1166
f 1164 1163 1166
f 1164 1166 1167
f 3013 1164 1167
f 3013 1167 1168
f 1049 3013 1168
f 1049 1168 228
f 1049 1165 3013
f 1167 1166 202
f 228 1168 229
f 230 1170 1171
f 229 1168 230
f 229 230 1050
f 1168 1167 1170
f 1168 1170 230
f 1167 202 1169
f 1167 1169 1170
f 202 203 1169
f 1050 1171 230
f 230 1171 1174
f 230 1174 231
f 1171 1170 1173
f 1171 1173 1174
f 1170 1169 1172
f 1170 1172 1173
f 1169 203 204
f 1169 204 1172
f 3014 3015 3017
f 3014 3017 3016
f 3015 1035 1036
f 3015 1036 3017
f 3016 3017 1175
f 3016 1175 1176
f 3017 1036 205
f 3017 205 1175
f 64 594 3014
f 64 3014 1031
f 594 593 3015
f 594 3015 3014
f 593 66 1035
f 593 1035 3015
f 1032 3016 1176
f 1032 1176 195
f 1031 3014 3016
f 1031 3016 1032
f 1176 1175 1177
f 1176 1177 1178
f 1175 205 206
f 1175 206 1177
f 195 1176 1178
f 195 1178 196
f 1177 206 207
f 1177 207 1179
f 1178 1177 1179
f 1178 1179 1180
f 196 1178 1180
f 196 1180 197
f 197 1180 1182
f 197 1182 198
f 1180 1179 1181
f 1180 1181 1182
f 1179 207 208
f 1179 208 1181
f 198 1182 1184
f 198 1184 199
f 1182 1181 1183
f 1182 1183 1184
f 1181 208 209
f 1181 209 1183
f 1864 1865 3019
f 1864 3019 3018
f 1865 1866 3020
f 1865 3020 3019
f 1866 199 602
f 1866 602 3020
f 3020 602 68
f 3020 68 1641
f 3019 3020 1641
f 3019 1641 1640
f 3018 3019 1640
f 3018 1640 1639
f 1486 3018 1639
f 1486 1639 361
f 465 1864 3018
f 465 3018 1486
f 193 1932 1871
f 193 1871 194
f 1932 1933 1872
f 1932 1872 1871
f 1933 1934 1873
f 1933 1873 1872
f 1934 438 436
f 1934 436 1873
f 192 1936 1932
f 192 1932 193
f 1936 1937 1933
f 1936 1933 1932
f 1937 1938 1934
f 1937 1934 1933
f 1938 440 438
f 1938 438 1934
f 1942 442 440
f 1942 440 1938
f 1941 1942 1938
f 1941 1938 1937
f 1940 1941 1937
f 1940 1937 1936
f 191 1940 1936
f 191 1936 192
f 1859 1858 1941
f 1859 1941 1940
f 1858 1857 1942
f 1858 1942 1941
f 1857 445 442
f 1857 442 1942
f 190 1859 1940
f 190 1940 191
f 252 253 1186
f 252 1186 1185
f 1185 1186 255
f 1185 255 254
f 258 1188 1187
f 258 1187 257
f 1188 256 259
f 1188 259 1187
f 1190 260 263
f 1190 263 1189
f 262 1190 1189
f 262 1189 261
f 1191 1192 267
f 1191 267 266
f 264 265 1192
f 264 1192 1191
f 270 1194 1193
f 270 1193 269
f 1194 268 271
f 1194 271 1193
f 272 273 1196
f 272 1196 1195
f 1195 1196 275
f 1195 275 274
f 1198 1197 279
f 1198 279 277
f 278 276 1197
f 278 1197 1198
f 1199 281 283
f 1199 283 1200
f 280 1199 1200
f 280 1200 282
f 3021 3022 1206
f 3021 1206 1207
f 3022 3023 1205
f 3022 1205 1206
f 361 1202 3021
f 361 3021 1201
f 1202 1203 3022
f 1202 3022 3021
f 1203 1204 3023
f 1203 3023 3022
f 1204 252 1185
f 1204 1185 3023
f 3023 1185 254
f 3023 254 1205
f 1201 3021 1207
f 1201 1207 360
f 1186 3024 1209
f 1186 1209 255
f 253 1208 3024
f 253 3024 1186
f 1208 257 1187
f 1208 1187 3024
f 3024 1187 259
f 3024 259 1209
f 1209 259 256
f 1209 256 1210
f 255 1209 1210
f 255 1210 254
f 3025 3026 1216
f 3025 1216 1217
f 3026 3027 1215
f 3026 1215 1216
f 321 1212 3025
f 321 3025 1211
f 1212 1213 3026
f 1212 3026 3025
f 1213 1214 3027
f 1213 3027 3026
f 1214 264 1191
f 1214 1191 3027
f 3027 1191 266
f 3027 266 1215
f 1211 3025 1217
f 1211 1217 320
f 3028 1189 263
f 3028 263 1219
f 265 1218 3028
f 265 3028 1192
f 1218 261 1189
f 1218 1189 3028
f 1192 3028 1219
f 1192 1219 267
f 1219 263 260
f 1219 260 1220
f 267 1219 1220
f 267 1220 266
f 1221 1222 1225
f 1221 1225 1226
f 1222 1223 1224
f 1222 1224 1225
f 1223 262 261
f 1223 261 1224
f 285 1221 1226
f 285 1226 284
f 1227 1228 1231
f 1227 1231 1232
f 1228 1229 1230
f 1228 1230 1231
f 1229 280 282
f 1229 282 1230
f 429 1227 1232
f 429 1232 428
f 1233 277 279
f 1233 279 1234
f 281 1233 1234
f 281 1234 283
f 1234 279 1197
f 1234 1197 3029
f 3029 1197 276
f 3029 276 1235
f 1200 3029 1235
f 1200 1235 282
f 283 1234 3029
f 283 3029 1200
f 3030 3031 1241
f 3030 1241 1242
f 3031 3032 1240
f 3031 1240 1241
f 323 1237 3030
f 323 3030 1236
f 1237 1238 3031
f 1237 3031 3030
f 1238 1239 3032
f 1238 3032 3031
f 1239 278 1198
f 1239 1198 3032
f 3032 1198 277
f 3032 277 1240
f 1236 3030 1242
f 1236 1242 322
f 3033 3034 1248
f 3033 1248 1249
f 3034 3035 1247
f 3034 1247 1248
f 363 1244 3033
f 363 3033 1243
f 1244 1245 3034
f 1244 3034 3033
f 1245 1246 3035
f 1245 3035 3034
f 1246 272 1195
f 1246 1195 3035
f 3035 1195 274
f 3035 274 1247
f 1243 3033 1249
f 1243 1249 362
f 3036 1193 271
f 3036 271 1251
f 273 1250 3036
f 273 3036 1196
f 1250 269 1193
f 1250 1193 3036
f 1196 3036 1251
f 1196 1251 275
f 1251 271 268
f 1251 268 1252
f 275 1251 1252
f 275 1252 274
f 431 1253 1258
f 431 1258 430
f 1253 1254 1257
f 1253 1257 1258
f 1254 1255 1256
f 1254 1256 1257
f 1255 270 269
f 1255 269 1256
f 291 1259 1264
f 291 1264 290
f 1259 1260 1263
f 1259 1263 1264
f 1260 1261 1262
f 1260 1262 1263
f 1261 258 257
f 1261 257 1262
f 297 1265 1268
f 297 1268 296
f 1265 1266 1267
f 1265 1267 1268
f 1266 285 284
f 1266 284 1267
f 1269 1270 1273
f 1269 1273 1274
f 1270 1271 1272
f 1270 1272 1273
f 1271 286 287
f 1271 287 1272
f 264 1269 1274
f 264 1274 265
f 252 1275 1280
f 252 1280 253
f 1275 1276 1279
f 1275 1279 1280
f 1276 1277 1278
f 1276 1278 1279
f 1277 288 289
f 1277 289 1278
f 299 1281 1284
f 299 1284 298
f 1281 1282 1283
f 1281 1283 1284
f 1282 291 290
f 1282 290 1283
f 1285 1286 1287
f 1285 1287 1288
f 1286 292 293
f 1286 293 1287
f 286 1285 1288
f 286 1288 287
f 288 1289 1292
f 288 1292 289
f 1289 1290 1291
f 1289 1291 1292
f 1290 294 295
f 1290 295 1291
f 1293 1294 1297
f 1293 1297 1298
f 1294 1295 1296
f 1294 1296 1297
f 1295 297 296
f 1295 296 1296
f 377 1293 1298
f 377 1298 376
f 379 1299 1304
f 379 1304 378
f 1299 1300 1303
f 1299 1303 1304
f 1300 1301 1302
f 1300 1302 1303
f 1301 299 298
f 1301 298 1302
f 371 1305 1310
f 371 1310 370
f 1305 1306 1309
f 1305 1309 1310
f 1306 1307 1308
f 1306 1308 1309
f 1307 300 301
f 1307 301 1308
f 1311 1312 1315
f 1311 1315 1316
f 1312 1313 1314
f 1312 1314 1315
f 1313 302 303
f 1313 303 1314
f 369 1311 1316
f 369 1316 368
f 3037 3038 1323
f 3037 1323 1324
f 3038 3039 1322
f 3038 1322 1323
f 345 1318 3037
f 345 3037 1317
f 1318 1319 3038
f 1318 3038 3037
f 1319 1320 3039
f 1319 3039 3038
f 1320 304 1321
f 1320 1321 3039
f 3039 1321 305
f 3039 305 1322
f 1317 3037 1324
f 1317 1324 344
f 3040 3041 1331
f 3040 1331 1332
f 3041 3042 1330
f 3041 1330 1331
f 317 1326 3040
f 317 3040 1325
f 1326 1327 3041
f 1326 3041 3040
f 1327 1328 3042
f 1327 3042 3041
f 1328 306 1329
f 1328 1329 3042
f 3042 1329 307
f 3042 307 1330
f 1325 3040 1332
f 1325 1332 316
f 3043 3044 1339
f 3043 1339 1340
f 3044 3045 1338
f 3044 1338 1339
f 319 1334 3043
f 319 3043 1333
f 1334 1335 3044
f 1334 3044 3043
f 1335 1336 3045
f 1335 3045 3044
f 1336 308 1337
f 1336 1337 3045
f 3045 1337 309
f 3045 309 1338
f 1333 3043 1340
f 1333 1340 318
f 3046 3047 1347
f 3046 1347 1348
f 3047 3048 1346
f 3047 1346 1347
f 347 1342 3046
f 347 3046 1341
f 1342 1343 3047
f 1342 3047 3046
f 1343 1344 3048
f 1343 3048 3047
f 1344 310 1345
f 1344 1345 3048
f 3048 1345 311
f 3048 311 1346
f 1341 3046 1348
f 1341 1348 346
f 3049 3050 1354
f 3049 1354 1355
f 3050 3051 1353
f 3050 1353 1354
f 304 1349 3049
f 304 3049 1321
f 1349 1350 3050
f 1349 3050 3049
f 1350 1351 3051
f 1350 3051 3050
f 1351 312 1352
f 1351 1352 3051
f 3051 1352 313
f 3051 313 1353
f 1321 3049 1355
f 1321 1355 305
f 3052 3053 1361
f 3052 1361 1362
f 3053 3054 1360
f 3053 1360 1361
f 310 1356 3052
f 310 3052 1345
f 1356 1357 3053
f 1356 3053 3052
f 1357 1358 3054
f 1357 3054 3053
f 1358 314 1359
f 1358 1359 3054
f 3054 1359 315
f 3054 315 1360
f 1345 3052 1362
f 1345 1362 311
f 3055 3056 1368
f 3055 1368 1369
f 3056 3057 1367
f 3056 1367 1368
f 357 1364 3055
f 357 3055 1363
f 1364 1365 3056
f 1364 3056 3055
f 1365 1366 3057
f 1365 3057 3056
f 1366 317 1325
f 1366 1325 3057
f 3057 1325 316
f 3057 316 1367
f 1363 3055 1369
f 1363 1369 356
f 3058 3059 1375
f 3058 1375 1376
f 3059 3060 1374
f 3059 1374 1375
f 359 1371 3058
f 359 3058 1370
f 1371 1372 3059
f 1371 3059 3058
f 1372 1373 3060
f 1372 3060 3059
f 1373 319 1333
f 1373 1333 3060
f 3060 1333 318
f 3060 318 1374
f 1370 3058 1376
f 1370 1376 358
f 1377 3061 1379
f 1377 1379 393
f 392 1378 3061
f 392 3061 1377
f 1378 321 1211
f 1378 1211 3061
f 3061 1211 320
f 3061 320 1379
f 1380 3062 1382
f 1380 1382 403
f 402 1381 3062
f 402 3062 1380
f 1381 323 1236
f 1381 1236 3062
f 3062 1236 322
f 3062 322 1382
f 3063 3064 1388
f 3063 1388 1389
f 3064 3065 1387
f 3064 1387 1388
f 262 1383 3063
f 262 3063 1190
f 1383 1384 3064
f 1383 3064 3063
f 1384 1385 3065
f 1384 3065 3064
f 1385 324 1386
f 1385 1386 3065
f 3065 1386 325
f 3065 325 1387
f 1190 3063 1389
f 1190 1389 260
f 3066 3067 1395
f 3066 1395 1396
f 3067 3068 1394
f 3067 1394 1395
f 280 1390 3066
f 280 3066 1199
f 1390 1391 3067
f 1390 3067 3066
f 1391 1392 3068
f 1391 3068 3067
f 1392 326 1393
f 1392 1393 3068
f 3068 1393 327
f 3068 327 1394
f 1199 3066 1396
f 1199 1396 281
f 1397 1398 329
f 1397 329 412
f 413 328 1398
f 413 1398 1397
f 1399 1400 331
f 1399 331 422
f 423 330 1400
f 423 1400 1399
f 3069 3070 1407
f 3069 1407 1408
f 3070 3071 1406
f 3070 1406 1407
f 341 1402 3069
f 341 3069 1401
f 1402 1403 3070
f 1402 3070 3069
f 1403 1404 3071
f 1403 3071 3070
f 1404 332 1405
f 1404 1405 3071
f 3071 1405 333
f 3071 333 1406
f 1401 3069 1408
f 1401 1408 340
f 3072 3073 1415
f 3072 1415 1416
f 3073 3074 1414
f 3073 1414 1415
f 343 1410 3072
f 343 3072 1409
f 1410 1411 3073
f 1410 3073 3072
f 1411 1412 3074
f 1411 3074 3073
f 1412 334 1413
f 1412 1413 3074
f 3074 1413 335
f 3074 335 1414
f 1409 3072 1416
f 1409 1416 342
f 3075 3076 1422
f 3075 1422 1423
f 3076 3077 1421
f 3076 1421 1422
f 328 1417 3075
f 328 3075 1398
f 1417 1418 3076
f 1417 3076 3075
f 1418 1419 3077
f 1418 3077 3076
f 1419 336 1420
f 1419 1420 3077
f 3077 1420 337
f 3077 337 1421
f 1398 3075 1423
f 1398 1423 329
f 3078 3079 1429
f 3078 1429 1430
f 3079 3080 1428
f 3079 1428 1429
f 330 1424 3078
f 330 3078 1400
f 1424 1425 3079
f 1424 3079 3078
f 1425 1426 3080
f 1425 3080 3079
f 1426 338 1427
f 1426 1427 3080
f 3080 1427 339
f 3080 339 1428
f 1400 3078 1430
f 1400 1430 331
f 3081 3082 1434
f 3081 1434 1435
f 349 1432 3081
f 349 3081 1431
f 1432 1433 3082
f 1432 3082 3081
f 1433 341 1401
f 1433 1401 3082
f 3082 1401 340
f 3082 340 1434
f 1431 3081 1435
f 1431 1435 348
f 3083 3084 1439
f 3083 1439 1440
f 351 1437 3083
f 351 3083 1436
f 1437 1438 3084
f 1437 3084 3083
f 1438 343 1409
f 1438 1409 3084
f 3084 1409 342
f 3084 342 1439
f 1436 3083 1440
f 1436 1440 350
f 3085 3086 1443
f 3085 1443 1444
f 336 1441 3085
f 336 3085 1420
f 1441 1442 3086
f 1441 3086 3085
f 1442 345 1317
f 1442 1317 3086
f 3086 1317 344
f 3086 344 1443
f 1420 3085 1444
f 1420 1444 337
f 3087 3088 1447
f 3087 1447 1448
f 338 1445 3087
f 338 3087 1427
f 1445 1446 3088
f 1445 3088 3087
f 1446 347 1341
f 1446 1341 3088
f 3088 1341 346
f 3088 346 1447
f 1427 3087 1448
f 1427 1448 339
f 3089 3090 1453
f 3089 1453 1454
f 3090 3091 1452
f 3090 1452 1453
f 306 1449 3089
f 306 3089 1329
f 1449 1450 3090
f 1449 3090 3089
f 1450 1451 3091
f 1450 3091 3090
f 1451 349 1431
f 1451 1431 3091
f 3091 1431 348
f 3091 348 1452
f 1329 3089 1454
f 1329 1454 307
f 3092 3093 1459
f 3092 1459 1460
f 3093 3094 1458
f 3093 1458 1459
f 308 1455 3092
f 308 3092 1337
f 1455 1456 3093
f 1455 3093 3092
f 1456 1457 3094
f 1456 3094 3093
f 1457 351 1436
f 1457 1436 3094
f 3094 1436 350
f 3094 350 1458
f 1337 3092 1460
f 1337 1460 309
f 3095 3096 1466
f 3095 1466 1467
f 3096 3097 1465
f 3096 1465 1466
f 312 1461 3095
f 312 3095 1352
f 1461 1462 3096
f 1461 3096 3095
f 1462 1463 3097
f 1462 3097 3096
f 1463 352 1464
f 1463 1464 3097
f 3097 1464 353
f 3097 353 1465
f 1352 3095 1467
f 1352 1467 313
f 3098 3099 1473
f 3098 1473 1474
f 3099 3100 1472
f 3099 1472 1473
f 314 1468 3098
f 314 3098 1359
f 1468 1469 3099
f 1468 3099 3098
f 1469 1470 3100
f 1469 3100 3099
f 1470 354 1471
f 1470 1471 3100
f 3100 1471 355
f 3100 355 1472
f 1359 3098 1474
f 1359 1474 315
f 1475 3101 1479
f 1475 1479 444
f 3101 3102 1478
f 3101 1478 1479
f 445 1476 3101
f 445 3101 1475
f 1476 1477 3102
f 1476 3102 3101
f 1477 357 1363
f 1477 1363 3102
f 3102 1363 356
f 3102 356 1478
f 1480 3103 1484
f 1480 1484 454
f 3103 3104 1483
f 3103 1483 1484
f 455 1481 3103
f 455 3103 1480
f 1481 1482 3104
f 1481 3104 3103
f 1482 359 1370
f 1482 1370 3104
f 3104 1370 358
f 3104 358 1483
f 1485 3105 1487
f 1485 1487 464
f 465 1486 3105
f 465 3105 1485
f 1486 361 1201
f 1486 1201 3105
f 3105 1201 360
f 3105 360 1487
f 1488 3106 1490
f 1488 1490 474
f 475 1489 3106
f 475 3106 1488
f 1489 363 1243
f 1489 1243 3106
f 3106 1243 362
f 3106 362 1490
f 3107 3108 1496
f 3107 1496 1497
f 3108 3109 1495
f 3108 1495 1496
f 258 1491 3107
f 258 3107 1188
f 1491 1492 3108
f 1491 3108 3107
f 1492 1493 3109
f 1492 3109 3108
f 1493 364 1494
f 1493 1494 3109
f 3109 1494 365
f 3109 365 1495
f 1188 3107 1497
f 1188 1497 256
f 3110 3111 1503
f 3110 1503 1504
f 3111 3112 1502
f 3111 1502 1503
f 270 1498 3110
f 270 3110 1194
f 1498 1499 3111
f 1498 3111 3110
f 1499 1500 3112
f 1499 3112 3111
f 1500 366 1501
f 1500 1501 3112
f 3112 1501 367
f 3112 367 1502
f 1194 3110 1504
f 1194 1504 268
f 1505 1506 1509
f 1505 1509 1510
f 1506 3113 1508
f 1506 1508 1509
f 1506 1507 3113
f 1507 369 3113
f 3113 369 368
f 3113 368 1508
f 381 1505 1510
f 381 1510 380
f 383 1511 1516
f 383 1516 382
f 1511 1512 1515
f 1511 1515 1516
f 1512 1513 1514
f 1512 1514 1515
f 1513 371 370
f 1513 370 1514
f 1517 1518 1521
f 1517 1521 1522
f 1518 1519 1520
f 1518 1520 1521
f 1519 372 373
f 1519 373 1520
f 425 1517 1522
f 425 1522 424
f 427 1523 1528
f 427 1528 426
f 1523 1524 1527
f 1523 1527 1528
f 1524 1525 1526
f 1524 1526 1527
f 1525 374 375
f 1525 375 1526
f 1529 1530 1533
f 1529 1533 1534
f 1530 1531 1532
f 1530 1532 1533
f 1531 377 376
f 1531 376 1532
f 372 1529 1534
f 372 1534 373
f 374 1535 1540
f 374 1540 375
f 1535 1536 1539
f 1535 1539 1540
f 1536 1537 1538
f 1536 1538 1539
f 1537 379 378
f 1537 378 1538
f 1541 1542 1545
f 1541 1545 1546
f 1542 1543 1544
f 1542 1544 1545
f 1543 381 380
f 1543 380 1544
f 292 1541 1546
f 292 1546 293
f 294 1547 1552
f 294 1552 295
f 1547 1548 1551
f 1547 1551 1552
f 1548 1549 1550
f 1548 1550 1551
f 1549 383 382
f 1549 382 1550
f 1405 1553 385
f 1405 385 333
f 332 384 1553
f 332 1553 1405
f 1553 1554 387
f 1553 387 385
f 384 386 1554
f 384 1554 1553
f 1554 1555 389
f 1554 389 387
f 386 388 1555
f 386 1555 1554
f 1555 1556 391
f 1555 391 389
f 388 390 1556
f 388 1556 1555
f 1556 1377 393
f 1556 393 391
f 390 392 1377
f 390 1377 1556
f 1413 1557 395
f 1413 395 335
f 334 394 1557
f 334 1557 1413
f 1557 1558 397
f 1557 397 395
f 394 396 1558
f 394 1558 1557
f 1558 1559 399
f 1558 399 397
f 396 398 1559
f 396 1559 1558
f 1559 1560 401
f 1559 401 399
f 398 400 1560
f 398 1560 1559
f 1560 1380 403
f 1560 403 401
f 400 402 1380
f 400 1380 1560
f 1561 1562 407
f 1561 407 405
f 404 406 1562
f 404 1562 1561
f 1562 1563 409
f 1562 409 407
f 406 408 1563
f 406 1563 1562
f 1563 1564 411
f 1563 411 409
f 408 410 1564
f 408 1564 1563
f 1564 1397 412
f 1564 412 411
f 410 413 1397
f 410 1397 1564
f 1565 1566 417
f 1565 417 415
f 414 416 1566
f 414 1566 1565
f 1566 1567 419
f 1566 419 417
f 416 418 1567
f 416 1567 1566
f 1567 1568 421
f 1567 421 419
f 418 420 1568
f 418 1568 1567
f 1568 1399 422
f 1568 422 421
f 420 423 1399
f 420 1399 1568
f 3114 1561 405
f 3114 405 1570
f 324 1569 3114
f 324 3114 1386
f 1569 404 1561
f 1569 1561 3114
f 1386 3114 1570
f 1386 1570 325
f 3115 1565 415
f 3115 415 1572
f 326 1571 3115
f 326 3115 1393
f 1571 414 1565
f 1571 1565 3115
f 1393 3115 1572
f 1393 1572 327
f 1573 1574 1577
f 1573 1577 1578
f 1574 1575 1576
f 1574 1576 1577
f 1575 425 424
f 1575 424 1576
f 433 1573 1578
f 433 1578 432
f 435 1579 1584
f 435 1584 434
f 1579 1580 1583
f 1579 1583 1584
f 1580 1581 1582
f 1580 1582 1583
f 1581 427 426
f 1581 426 1582
f 1585 1586 1589
f 1585 1589 1590
f 1586 1587 1588
f 1586 1588 1589
f 1587 429 428
f 1587 428 1588
f 302 1585 1590
f 302 1590 303
f 300 1591 1596
f 300 1596 301
f 1591 1592 1595
f 1591 1595 1596
f 1592 1593 1594
f 1592 1594 1595
f 1593 431 430
f 1593 430 1594
f 1597 1598 1601
f 1597 1601 1602
f 1598 1599 1600
f 1598 1600 1601
f 1599 433 432
f 1599 432 1600
f 278 1597 1602
f 278 1602 276
f 272 1603 1608
f 272 1608 273
f 1603 1604 1607
f 1603 1607 1608
f 1604 1605 1606
f 1604 1606 1607
f 1605 435 434
f 1605 434 1606
f 3116 1610 437
f 3116 437 1611
f 364 1609 3116
f 364 3116 1494
f 1609 436 1610
f 1609 1610 3116
f 1494 3116 1611
f 1494 1611 365
f 436 438 1612
f 436 1612 1610
f 1610 1612 439
f 1610 439 437
f 438 440 1613
f 438 1613 1612
f 1612 1613 441
f 1612 441 439
f 440 442 1614
f 440 1614 1613
f 1613 1614 443
f 1613 443 441
f 1614 1475 444
f 1614 444 443
f 442 445 1475
f 442 1475 1614
f 3117 1616 447
f 3117 447 1617
f 366 1615 3117
f 366 3117 1501
f 1615 446 1616
f 1615 1616 3117
f 1501 3117 1617
f 1501 1617 367
f 446 448 1618
f 446 1618 1616
f 1616 1618 449
f 1616 449 447
f 448 450 1619
f 448 1619 1618
f 1618 1619 451
f 1618 451 449
f 450 452 1620
f 450 1620 1619
f 1619 1620 453
f 1619 453 451
f 1620 1480 454
f 1620 454 453
f 452 455 1480
f 452 1480 1620
f 3118 3119 1624
f 3118 1624 1625
f 3119 1623 457
f 3119 457 1624
f 352 1621 3118
f 352 3118 1464
f 1621 1622 3119
f 1621 3119 3118
f 1622 456 1623
f 1622 1623 3119
f 1464 3118 1625
f 1464 1625 353
f 1623 1626 459
f 1623 459 457
f 456 458 1626
f 456 1626 1623
f 458 460 1627
f 458 1627 1626
f 1626 1627 461
f 1626 461 459
f 460 462 1628
f 460 1628 1627
f 1627 1628 463
f 1627 463 461
f 462 465 1485
f 462 1485 1628
f 1628 1485 464
f 1628 464 463
f 3120 3121 1632
f 3120 1632 1633
f 3121 1631 467
f 3121 467 1632
f 354 1629 3120
f 354 3120 1471
f 1629 1630 3121
f 1629 3121 3120
f 1630 466 1631
f 1630 1631 3121
f 1471 3120 1633
f 1471 1633 355
f 1631 1634 469
f 1631 469 467
f 466 468 1634
f 466 1634 1631
f 468 470 1635
f 468 1635 1634
f 1634 1635 471
f 1634 471 469
f 470 472 1636
f 470 1636 1635
f 1635 1636 473
f 1635 473 471
f 472 475 1488
f 472 1488 1636
f 1636 1488 474
f 1636 474 473
f 1205 3122 3123
f 1205 3123 1206
f 1206 3123 3124
f 1206 3124 1207
f 254 1210 3122
f 254 3122 1205
f 1210 256 1497
f 1210 1497 3122
f 3122 1497 1496
f 3122 1496 3123
f 3123 1496 1495
f 3123 1495 3124
f 3124 1495 365
f 3124 365 1637
f 1207 3124 1637
f 1207 1637 360
f 3126 3125 2754
f 3126 2754 2753
f 3127 3128 3154
f 3127 3154 3153
f 3126 962 3136
f 3126 3136 3150
f 2096 509 3129
f 2096 3129 3156
f 3125 3126 3150
f 3125 3150 3149
f 520 519 3137
f 520 3137 3139
f 2729 2726 3143
f 2729 3143 3145
f 959 2723 3151
f 959 3151 3134
f 2161 2163 3140
f 2161 3140 3138
f 2727 2730 3146
f 2727 3146 3144
f 2724 958 3133
f 2724 3133 3152
f 2165 528 3131
f 2165 3131 3142
f 2733 961 3135
f 2733 3135 3148
f 2723 2724 3152
f 2723 3152 3151
f 45 521 3141
f 45 3141 3132
f 962 2732 3147
f 962 3147 3136
f 502 2096 3156
f 502 3156 3155
f 41 502 3155
f 41 3155 3130
f 3128 45 3132
f 3128 3132 3154
f 521 520 3139
f 521 3139 3141
f 2163 2165 3142
f 2163 3142 3140
f 2732 2729 3145
f 2732 3145 3147
f 2730 2733 3148
f 2730 3148 3146
f 519 41 3130
f 519 3130 3137
f 528 3127 3153
f 528 3153 3131
f 509 2161 3138
f 509 3138 3129
f 2726 959 3134
f 2726 3134 3143
f 961 3125 3149
f 961 3149 3135
f 958 2727 3144
f 958 3144 3133
f 3157 3177 3182
f 3157 3182 3190
f 3157 3190 3189
f 3157 3189 3188
f 3157 3188 3187
f 3157 3187 3181
f 3157 3181 3174
f 3157 3174 3173
f 3157 3173 3169
f 3157 3169 3167
f 3157 3167 3165
f 3157 3165 3162
f 3158 3160 3159
f 3158 3159 3157
f 3157 3159 3160
f 3157 3160 3158
f 3157 3162 3161
f 3157 3161 3158
f 3161 3164 3163
f 3162 3165 3164
f 3162 3164 3161
f 3163 3164 3166
f 3165 3167 3166
f 3165 3166 3164
f 3167 3169 3168
f 3167 3168 3166
f 3170 3166 3168
f 3163 3166 3170
f 3158 3161 3171
f 3171 3161 3163
f 3169 3173 3170
f 3169 3170 3168
f 3173 3174 3172
f 3173 3172 3170
f 3175 3171 3170
f 3171 3163 3170
f 3177 3157 3158
f 3177 3158 3176
f 3176 3158 3178
f 3178 3158 3171
f 3178 3171 3175
f 3178 3175 3179
f 3175 3170 3180
f 3180 3170 3172
f 3174 3181 3180
f 3174 3180 3172
f 3182 3177 3176
f 3182 3176 3183
f 3190 3182 3183
f 3190 3183 3184
f 3183 3176 3184
f 3184 3176 3178
f 3184 3178 3185
f 3185 3178 3179
f 3186 3179 3180
f 3179 3175 3180
f 3181 3187 3186
f 3181 3186 3180
f 3187 3188 3179
f 3187 3179 3186
f 3188 3189 3185
f 3188 3185 3179
f 3189 3190 3184
f 3189 3184 3185
f 3191 3193 3215
f 3191 3215 3220
f 3191 3220 3219
f 3191 3219 3218
f 3191 3218 3217
f 3191 3217 3210
f 3191 3210 3211
f 3191 3211 3201
f 3191 3201 3199
f 3191 3199 3197
f 3191 3197 3196
f 3193 3191 3192
f 3193 3192 3194
f 3191 3196 3195
f 3191 3195 3192
f 3196 3197 3198
f 3196 3198 3195
f 3197 3196 3195
f 3197 3195 3198
f 3197 3199 3200
f 3197 3200 3198
f 3199 3201 3202
f 3199 3202 3200
f 3203 3198 3200
f 3192 3198 3203
f 3192 3195 3198
f 3194 3192 3203
f 3194 3203 3204
f 3205 3203 3200
f 3205 3200 3202
f 3201 3211 3206
f 3201 3206 3202
f 3205 3202 3206
f 3207 3204 3205
f 3204 3203 3205
f 3214 3194 3204
f 3207 3205 3208
f 3208 3205 3206
f 3211 3210 3209
f 3211 3209 3206
f 3210 3217 3212
f 3210 3212 3209
f 3208 3206 3209
f 3208 3209 3212
f 3213 3204 3207
f 3214 3204 3213
f 3213 3207 3216
f 3216 3207 3208
f 3217 3218 3208
f 3217 3208 3212
f 3218 3217 3212
f 3218 3212 3208
f 3218 3219 3216
f 3218 3216 3208
f 3219 3220 3213
f 3219 3213 3216
f 3220 3215 3214
f 3220 3214 3213
f 3215 3222 3221
f 3215 3221 3214
f 3214 3221 3194
f 3222 3193 3194
f 3222 3194 3221
f 3193 3222 3215
f 3223 3224 3226
f 3223 3226 3225
f 3225 3226 3228
f 3225 3228 3227
f 3233 3234 3236
f 3233 3236 3235
f 3241 3242 3244
f 3241 3244 3243
f 3243 3244 3246
f 3243 3246 3245
f 3245 3246 3248
f 3245 3248 3247
f 3247 3248 3250
f 3247 3250 3249
f 3253 3254 3224
f 3253 3224 3223
f 3223 3225 3227
f 3223 3227 3229
f 3223 3229 3231
f 3223 3231 3233
f 3223 3233 3235
f 3223 3235 3237
f 3223 3237 3239
f 3223 3239 3241
f 3223 3241 3243
f 3223 3243 3245
f 3223 3245 3247
f 3223 3247 3249
f 3223 3249 3251
f 3223 3251 3253
f 3227 3228 3230
f 3227 3230 3229
f 3229 3230 3232
f 3229 3232 3231
f 3231 3232 3234
f 3231 3234 3233
f 3237 3238 3240
f 3237 3240 3239
f 3239 3240 3242
f 3239 3242 3241
f 3249 3250 3252
f 3249 3252 3251
f 3243 3244 3242
f 3243 3242 3241
f 3251 3252 3254
f 3251 3254 3253
f 3227 3228 3226
f 3227 3226 3225
f 3235 3236 3238
f 3235 3238 3237
f 3248 3246 3256
f 3246 3244 3256
f 3244 3242 3240
f 3250 3248 3252
f 3248 3256 3252
f 3244 3240 3259
f 3256 3244 3257
f 3244 3259 3257
f 3240 3238 3259
f 3252 3256 3257
f 3259 3238 3236
f 3252 3257 3255
f 3254 3252 3255
f 3257 3259 3258
f 3259 3236 3258
f 3254 3255 3224
f 3255 3257 3258
f 3255 3258 3228
f 3224 3255 3228
f 3236 3234 3258
f 3224 3228 3226
f 3258 3234 3232
f 3228 3258 3232
f 3228 3232 3230
f 3260 3262 3265
f 3260 3265 3264
f 3264 3265 3267
f 3264 3267 3266
f 3266 3267 3269
f 3266 3269 3268
f 3268 3269 3270
f 3268 3270 3263
f 3263 3270 3277
f 3263 3277 3271
f 3271 3277 3272
f 3271 3272 1991
f 1991 3272 3278
f 1991 3278 3273
f 3273 3278 3279
f 3273 3279 3274
f 3274 3279 3275
f 3274 3275 1673
f 1673 3275 3276
f 1673 3276 2385
f 2385 3276 3262
f 2385 3262 3260
f 3260 3264 3266
f 3260 3266 3268
f 3260 3268 3263
f 3260 3263 3271
f 3260 3271 1991
f 3260 1991 3273
f 3260 3273 3274
f 3260 3274 1673
f 3260 1673 2385
f 3270 3272 3277
f 3272 3275 3279
f 3272 3279 3278
f 3267 3265 3262
f 3267 3262 3276
f 3267 3276 3275
f 3267 3275 3280
f 3275 3272 3270
f 3275 3270 3269
f 3275 3269 3267
f 3275 3280 3270
f 3261 1673 1991
f 3261 1991 3263
f 3275 1673 3261
f 3275 3261 3280
f 3272 1991 1673
f 3272 1673 3275
f 3263 1991 3272
f 3263 3272 3270
f 3261 3263 3270
f 3261 3270 3280
f 3280 3275 3272
f 3280 3272 3270
f 3281 3282 3286
f 3281 3286 3285
f 3285 3286 3288
f 3285 3288 3287
f 3287 3288 3290
f 3287 3290 3289
f 3289 3290 3291
f 3289 3291 3284
f 3284 3291 3292
f 3284 3292 2690
f 2690 3292 3296
f 2690 3296 3294
f 3294 3296 3293
f 3294 3293 1692
f 1692 3293 3295
f 1692 3295 1988
f 1988 3295 3282
f 1988 3282 3281
f 3281 3285 3287
f 3281 3287 3289
f 3281 3289 3284
f 3281 3284 2690
f 3281 2690 3294
f 3281 3294 1692
f 3281 1692 1988
f 3293 3296 3292
f 3286 3282 3295
f 3286 3295 3293
f 3286 3293 3282
f 3286 3282 3297
f 3286 3297 3288
f 3293 3292 3291
f 3293 3291 3290
f 3293 3290 3288
f 3293 3288 3297
f 3293 3297 3291
f 3283 3281 1692
f 3283 1692 2690
f 3283 2690 3284
f 3282 3281 3283
f 3282 3283 3297
f 3293 1692 3281
f 3293 3281 3282
f 3292 2690 1692
f 3292 1692 3293
f 3283 3284 3291
f 3283 3291 3297
f 3293 3297 3282
f 3298 3300 3304
f 3298 3304 3302
f 3302 3304 3306
f 3302 3306 3301
f 3301 3306 3315
f 3301 3315 364
f 364 3315 3316
f 364 3316 1609
f 1609 3316 3307
f 1609 3307 3305
f 3305 3307 3309
f 3305 3309 3308
f 3308 3309 3310
f 3308 3310 3311
f 3311 3310 3312
f 3311 3312 3303
f 3303 3312 3313
f 3303 3313 2404
f 2404 3313 3314
f 2404 3314 1650
f 1650 3314 3317
f 1650 3317 2020
f 2020 3317 3300
f 2020 3300 3298
f 3298 3302 3301
f 3298 3301 364
f 3298 364 1609
f 3298 1609 3305
f 3298 3305 3308
f 3298 3308 3311
f 3298 3311 3303
f 3298 3303 2404
f 3298 2404 1650
f 3298 1650 2020
f 3306 3307 3316
f 3306 3316 3315
f 3314 3300 3317
f 3306 3304 3300
f 3306 3300 3314
f 3306 3314 3318
f 3314 3313 3312
f 3314 3312 3310
f 3314 3310 3309
f 3314 3309 3307
f 3314 3307 3312
f 3314 3312 3318
f 3301 3299 3303
f 3301 3303 3305
f 3318 3299 3301
f 3318 3301 3306
f 3312 3303 3299
f 3312 3299 3318
f 3305 3303 3312
f 3305 3312 3307
f 3301 3305 3307
f 3301 3307 3306
f 3307 3306 3312
f 3306 3318 3312
f 3319 3321 3325
f 3319 3325 3323
f 3323 3325 3326
f 3323 3326 3322
f 3322 3326 3336
f 3322 3336 321
f 321 3336 3337
f 321 3337 1212
f 1212 3337 3328
f 1212 3328 3327
f 3327 3328 3330
f 3327 3330 3329
f 3329 3330 3331
f 3329 3331 3332
f 3332 3331 3338
f 3332 3338 1978
f 1978 3338 3333
f 1978 3333 1981
f 1981 3333 3334
f 1981 3334 1662
f 1662 3334 3335
f 1662 3335 3320
f 3320 3335 3321
f 3320 3321 3319
f 3319 3323 3322
f 3319 3322 321
f 3319 321 1212
f 3319 1212 3327
f 3319 3327 3329
f 3319 3329 3332
f 3319 3332 1978
f 3319 1978 1981
f 3319 1981 1662
f 3319 1662 3320
f 3326 3328 3337
f 3326 3337 3336
f 3331 3333 3338
f 3326 3325 3321
f 3326 3321 3335
f 3326 3335 3334
f 3334 3333 3331
f 3334 3331 3330
f 3334 3330 3328
f 3334 3328 3339
f 3334 3339 3335
f 3322 3320 3324
f 3322 3324 3327
f 3335 3320 3322
f 3335 3322 3326
f 3339 3324 3320
f 3339 3320 3335
f 3327 3324 3339
f 3327 3339 3328
f 3322 3327 3328
f 3322 3328 3326
f 3326 3335 3339
f 3326 3339 3328
f 3340 3341 3343
f 3340 3343 3342
f 3342 3343 3346
f 3342 3346 3345
f 3345 3346 3349
f 3345 3349 3347
f 3347 3349 3351
f 3347 3351 3350
f 3350 3351 3376
f 3350 3376 3352
f 3352 3376 3353
f 3352 3353 3354
f 3354 3353 3356
f 3354 3356 3355
f 3355 3356 3358
f 3355 3358 3357
f 3357 3358 3360
f 3357 3360 3359
f 3359 3360 3362
f 3359 3362 3361
f 3361 3362 3377
f 3361 3377 3363
f 3363 3377 3366
f 3363 3366 3365
f 3365 3366 3368
f 3365 3368 3367
f 3367 3368 3370
f 3367 3370 3369
f 3369 3370 3372
f 3369 3372 3371
f 3371 3372 3373
f 3371 3373 3374
f 3374 3373 3378
f 3374 3378 3375
f 3375 3378 3341
f 3375 3341 3340
f 3340 3342 3345
f 3340 3345 3347
f 3340 3347 3350
f 3340 3350 3352
f 3340 3352 3354
f 3340 3354 3355
f 3340 3355 3357
f 3340 3357 3359
f 3340 3359 3361
f 3340 3361 3363
f 3340 3363 3365
f 3340 3365 3367
f 3340 3367 3369
f 3340 3369 3371
f 3340 3371 3374
f 3340 3374 3375
f 3344 3346 3343
f 3346 3348 3349
f 3351 3353 3376
f 3362 3364 3377
f 3364 3366 3377
f 3373 3341 3378
f 3368 3366 3391
f 3368 3391 3392
f 3353 3351 3384
f 3353 3384 3385
f 3370 3368 3392
f 3370 3392 3393
f 3356 3353 3385
f 3356 3385 3386
f 3372 3370 3393
f 3372 3393 3397
f 3358 3356 3386
f 3358 3386 3387
f 3343 3341 3380
f 3343 3380 3396
f 3373 3372 3397
f 3373 3397 3394
f 3344 3343 3396
f 3344 3396 3379
f 3360 3358 3387
f 3360 3387 3388
f 3346 3344 3379
f 3346 3379 3381
f 3341 3373 3394
f 3341 3394 3380
f 3362 3360 3388
f 3362 3388 3389
f 3348 3346 3381
f 3348 3381 3382
f 3364 3362 3389
f 3364 3389 3390
f 3349 3348 3382
f 3349 3382 3383
f 3366 3364 3390
f 3366 3390 3391
f 3351 3349 3383
f 3351 3383 3384
f 3380 3379 3396
f 3393 3394 3397
f 3394 3395 3380
f 3411 3410 3370
f 3411 3370 3373
f 3393 3392 3409
f 3393 3409 3410
f 3386 3385 3403
f 3386 3403 3415
f 3387 3386 3415
f 3387 3415 3404
f 3379 3380 3412
f 3379 3412 3398
f 3394 3393 3410
f 3394 3410 3411
f 3388 3387 3404
f 3388 3404 3405
f 3381 3379 3398
f 3381 3398 3400
f 3395 3394 3411
f 3395 3411 3399
f 3389 3388 3405
f 3389 3405 3406
f 3382 3381 3400
f 3382 3400 3401
f 3380 3395 3399
f 3380 3399 3412
f 3390 3389 3406
f 3390 3406 3407
f 3383 3382 3401
f 3383 3401 3413
f 3391 3390 3407
f 3391 3407 3408
f 3384 3383 3413
f 3384 3413 3414
f 3392 3391 3408
f 3392 3408 3409
f 3385 3384 3414
f 3385 3414 3403
f 3399 3398 3412
f 3401 3402 3414
f 3401 3414 3413
f 3402 3403 3414
f 3403 3404 3415
f 3405 3404 3358
f 3405 3358 3360
f 3400 3398 3344
f 3400 3344 3346
f 3399 3411 3373
f 3399 3373 3416
f 3406 3405 3360
f 3406 3360 3362
f 3401 3400 3346
f 3401 3346 3348
f 3407 3406 3362
f 3407 3362 3364
f 3408 3407 3364
f 3408 3364 3366
f 3402 3401 3348
f 3402 3348 3417
f 3409 3408 3366
f 3409 3366 3368
f 3403 3402 3417
f 3403 3417 3353
f 3410 3409 3368
f 3410 3368 3370
f 3404 3403 3353
f 3404 3353 3358
f 3398 3399 3416
f 3398 3416 3344
f 3368 3366 3408
f 3368 3408 3409
f 3353 3417 3402
f 3353 3402 3403
f 3370 3368 3409
f 3370 3409 3410
f 3358 3353 3403
f 3358 3403 3404
f 3344 3416 3399
f 3344 3399 3398
f 3373 3370 3410
f 3373 3410 3411
f 3360 3358 3404
f 3360 3404 3405
f 3346 3344 3398
f 3346 3398 3400
f 3416 3373 3411
f 3416 3411 3399
f 3362 3360 3405
f 3362 3405 3406
f 3348 3346 3400
f 3348 3400 3401
f 3364 3362 3406
f 3364 3406 3407
f 3366 3364 3407
f 3366 3407 3408
f 3417 3348 3401
f 3417 3401 3402
f 3418 3420 3421
f 3418 3421 3422
f 3418 3419 3420
f 3418 3419 3422
f 3423 3424 3426
f 3423 3426 3427
f 3423 3427 3428
f 3423 3428 3424
f 3426 3424 3427
f 3427 3424 3428
f 3424 3425 3428
f 3429 3430 3433
f 3429 3433 3434
f 3429 3431 3432
f 3429 3432 3430
f 3430 3432 3433
f 3433 3432 3431
f 3433 3431 3434
f 3434 3431 3429
f 3431 3432 3430
f 3431 3430 3429
f 3435 3437 3438
f 3435 3438 3439
f 3435 3436 3437
f 3438 3437 3439
f 3437 3436 3439
f 3439 3436 3435
f 3440 3443 3444
f 3440 3444 3445
f 3440 3441 3443
f 3440 3441 3445
f 3446 668 3448
f 3446 3448 3449
f 3446 3447 668
f 3446 3447 3449
f 3450 3452 3454
f 3450 3454 3455
f 3450 3451 3452
f 3452 3451 3453
f 3452 3451 3454
f 3454 3451 3455
f 3455 3451 3450
f 3456 3458 3459
f 3456 3459 3461
f 3456 3457 3458
f 3458 3457 3459
f 3459 3457 3460
f 3459 3460 3461
f 3461 3460 3457
f 3461 3457 3456
f 3460 3457 3456
f 3460 3456 3461
f 3462 3464 3465
f 3462 3465 3466
f 3462 3463 3464
f 3462 3463 3466
f 3467 3468 3470
f 3472 3474 3475
f 3472 3475 3476
f 3472 3473 3474
f 3472 3473 3476
f 2625 3478 3480
f 2625 3480 2628
f 2625 3477 3478
f 3478 3477 3479
f 3478 3479 3480
f 3480 3479 3477
f 3480 3477 2628
f 2628 3477 2625
f 3479 3477 2625
f 3479 2625 3478
f 3481 3483 3484
f 3481 3484 3485
f 3481 3482 3483
f 3483 3482 3484
f 3484 3482 3485
f 3485 3482 3486
f 3485 3482 3481
f 3487 3489 3490
f 3487 3490 3491
f 3487 3488 3489
f 3487 3488 3491
f 3492 3494 3495
f 3492 3495 3496
f 3492 3493 3494
f 3492 3493 3496
f 3498 3500 3501
f 3498 3501 3502
f 3498 3499 3500
f 3500 3499 3501
f 3501 3499 3502
f 3502 3499 3498
f 3503 3506 3507
f 3503 3507 3504
f 3504 3508 3505
f 3504 3505 3503
f 3503 3505 3506
f 3506 3505 3508
f 3506 3508 3507
f 3507 3508 3504
f 3508 3505 3503
f 3508 3503 3504
f 3509 3511 3512
f 3509 3512 3513
f 3509 3510 3511
f 3512 3511 3513
f 3511 3510 3513
f 3513 3510 3509
f 3514 3517 3518
f 3514 3518 3519
f 3514 3515 3517
f 3520 3522 3523
f 3520 3523 3524
f 3520 3521 3522
f 3520 3521 3524
f 3525 3527 3529
f 3525 3529 3530
f 3525 3526 3527
f 3527 3526 3528
f 3527 3526 3529
f 3529 3526 3530
f 3530 3526 3525
f 3531 3532 3535
f 3531 3535 3536
f 3531 3533 3534
f 3531 3534 3532
f 3532 3534 3535
f 3535 3534 3533
f 3535 3533 3536
f 3536 3533 3531
f 3534 3533 3536
f 3534 3536 3535
f 3537 3538 3541
f 3537 3541 3543
f 3537 3539 3540
f 3537 3540 3538
f 3538 3540 3542
f 3538 3542 3541
f 3541 3542 3544
f 3541 3544 3543
f 3543 3544 3539
f 3543 3539 3537
f 3537 3543 3538
f 3545 3546 3549
f 3545 3549 3550
f 3545 3547 3548
f 3545 3548 3546
f 3546 3548 3549
f 3549 3548 3547
f 3549 3547 3550
f 3550 3547 3545
f 3547 3548 3546
f 3547 3546 3545
f 3551 3553 3555
f 3551 3555 3552
f 3551 3555 3557
f 3551 3557 3558
f 3551 3558 3553
f 3553 3554 3556
f 3553 3556 3555
f 3557 3555 3553
f 3557 3553 3558
f 3555 3556 3554
f 3555 3554 3553
f 3559 3560 3564
f 3559 3564 3565
f 3559 3561 3562
f 3559 3562 3560
f 3560 3562 3563
f 3560 3563 3564
f 3564 3563 3566
f 3564 3566 3565
f 3565 3566 3559
f 3559 3566 3561
f 3565 3564 3560
f 3565 3560 3559
f 3561 3566 3565
f 3561 3565 3559
f 3567 3568 3571
f 3567 3571 3572
f 3567 3569 3570
f 3567 3570 3568
f 3568 3570 3571
f 3571 3570 3569
f 3571 3569 3572
f 3572 3569 3567
f 3567 3572 3568
f 3569 3570 3568
f 3569 3568 3567
f 3573 3575 3577
f 3573 3577 3574
f 3573 3577 3579
f 3573 3579 3580
f 3573 3580 3575
f 3575 3576 3578
f 3575 3578 3577
f 3579 3577 3575
f 3579 3575 3580
f 3577 3578 3576
f 3577 3576 3575
f 3581 3582 3586
f 3581 3586 3587
f 3581 3583 3584
f 3581 3584 3582
f 3582 3584 3585
f 3582 3585 3586
f 3586 3585 3588
f 3586 3588 3587
f 3587 3588 3581
f 3581 3588 3583
f 3587 3586 3582
f 3587 3582 3581
f 3588 3584 3583
f 3585 3588 3587
f 3585 3587 3586
f 3588 3585 3584
f 3589 3590 3593
f 3589 3593 3595
f 3589 3591 3592
f 3589 3592 3590
f 3590 3592 3593
f 3593 3592 3594
f 3593 3594 3596
f 3593 3596 3595
f 3595 3596 3591
f 3595 3591 3589
f 3589 3595 3590
f 3591 3592 3590
f 3591 3590 3589
f 3592 3591 3594
f 3591 3596 3594
f 3597 3599 3601
f 3597 3601 3598
f 3597 3601 3603
f 3597 3603 3604
f 3597 3604 3599
f 3599 3600 3602
f 3599 3602 3601
f 3603 3601 3599
f 3603 3599 3604
f 3601 3602 3600
f 3601 3600 3599
f 3605 3606 3609
f 3605 3609 3610
f 3605 3607 3608
f 3605 3608 3606
f 3606 3608 3609
f 3609 3608 3607
f 3609 3607 3610
f 3610 3607 3605
f 3608 3607 3610
f 3608 3610 3609
f 3611 3612 2424
f 3611 2424 3616
f 3611 3613 3614
f 3611 3614 3612
f 3612 3614 2424
f 2424 3614 3615
f 2424 3615 3617
f 2424 3617 3616
f 3616 3617 3613
f 3616 3613 3611
f 3611 3616 3612
f 3615 3614 3612
f 3615 3612 2424
f 3618 3619 2427
f 3618 2427 3622
f 3618 3620 3621
f 3618 3621 3619
f 3619 3621 2427
f 2427 3621 3620
f 2427 3620 3622
f 3622 3620 3618
f 3620 3621 3619
f 3620 3619 3618
f 3623 3626 3627
f 3623 3627 3624
f 3624 3625 3623
f 3623 3625 3626
f 3626 3625 3627
f 3627 3625 3628
f 3627 3628 3624
f 3624 3628 3625
f 3628 3625 3623
f 3628 3623 3624
f 3629 3631 3632
f 3629 3632 3633
f 3629 3630 3631
f 3632 3631 3633
f 3631 3630 3633
f 3633 3630 3629
f 3634 3636 3637
f 3634 3637 3638
f 3634 3638 3639
f 3634 3635 3638
f 3640 3642 3643
f 3640 3643 3644
f 3640 3641 3642
f 3642 3641 3643
f 3643 3641 3644
f 3644 3641 3640
f 3645 3647 3649
f 3645 3649 3650
f 3645 3646 3647
f 3647 3646 3648
f 3647 3648 3649
f 3649 3648 3646
f 3649 3646 3650
f 3650 3646 3645
f 3648 3646 3645
f 3648 3645 3647
f 3651 3653 3654
f 3651 3654 3655
f 3651 3652 3653
f 3653 3652 3654
f 3654 3652 3655
f 3655 3652 3656
f 3655 3652 3651
f 3657 3659 3660
f 3657 3660 3661
f 3657 3658 3659
f 3657 3658 3661
f 3662 3664 3665
f 3662 3665 3666
f 3662 3663 3664
f 3662 3663 3666
f 3667 3669 3671
f 3667 3671 3672
f 3667 3668 3669
f 3669 3668 3670
f 3669 3668 3671
f 3671 3668 3672
f 3672 3668 3667
f 3673 3675 3676
f 3673 3676 3678
f 3673 3674 3675
f 3675 3674 3676
f 3676 3674 3677
f 3676 3677 3678
f 3678 3677 3674
f 3678 3674 3673
f 3677 3674 3673
f 3677 3673 3678
f 3679 3681 3682
f 3679 3682 3683
f 3679 3680 3681
f 3681 3680 3682
f 3682 3680 3683
f 3683 3680 3679
f 3684 3687 3688
f 3684 3688 3689
f 3684 3685 3687
f 3690 3692 3693
f 3690 3693 3694
f 3690 3691 3692
f 3690 3691 3694
f 3695 3697 3699
f 3695 3699 3700
f 3695 3696 3697
f 3697 3696 3698
f 3697 3696 3699
f 3699 3696 3700
f 3700 3696 3695
f 3701 3703 3704
f 3701 3704 3706
f 3701 3702 3703
f 3703 3702 3704
f 3704 3702 3705
f 3704 3705 3706
f 3706 3705 3702
f 3706 3702 3701
f 3705 3702 3701
f 3705 3701 3706
f 3707 3709 3710
f 3707 3710 3711
f 3707 3708 3709
f 3707 3708 3711
f 3712 3714 3715
f 3712 3715 3716
f 3712 3716 3717
f 3712 3713 3716
f 3718 3720 3721
f 3718 3721 2336
f 3718 3719 3720
f 3720 3719 3721
f 3721 3719 2336
f 2336 3719 3718
f 3722 3724 3725
f 3722 3725 3727
f 3722 3723 3724
f 3724 3723 3725
f 3725 3723 3726
f 3725 3726 3727
f 3727 3726 3723
f 3727 3723 3722
f 3722 3727 3724
f 3726 3723 3722
f 3726 3722 3727
f 3728 3730 3731
f 3728 3731 3732
f 3728 3729 3730
f 3730 3729 3731
f 3731 3729 3732
f 3732 3729 3728
f 3733 3734 3736
f 3733 3736 3737
f 3733 3737 3738
f 3733 3738 3734
f 3734 3735 3736
f 3737 3736 3734
f 3737 3734 3738
f 3739 3741 3742
f 3739 3742 3743
f 3739 3740 3741
f 3741 3740 3742
f 3742 3740 3744
f 3742 3744 3743
f 3743 3744 3740
f 3743 3740 3739
f 3745 3747 3749
f 3745 3749 3750
f 3745 3746 3748
f 3745 3748 3747
f 3747 3748 3749
f 3749 3748 3750
f 3750 3748 3745
f 3751 3754 3755
f 3751 3755 3756
f 3751 3756 3752
f 3751 3752 3754
f 3754 3752 3755
f 3752 3753 3755
f 3755 3752 3756
f 3757 3759 3760
f 3757 3760 3761
f 3757 3758 3759
f 3759 3758 3760
f 3760 3758 3761
f 3761 3758 3757
f 3762 3764 3766
f 3762 3766 3767
f 3762 3763 3764
f 3764 3763 3765
f 3764 3765 3766
f 3766 3765 3767
f 3767 3765 3762
f 3762 3765 3763
f 3763 3765 3767
f 3763 3767 3762
f 3768 3771 3772
f 3768 3772 3770
f 3768 3769 3770
f 3768 3770 3771
f 3771 3770 3772
f 3770 3769 3772
f 3773 3775 3776
f 3773 3776 3777
f 3773 3774 3775
f 3775 3774 3776
f 3776 3774 3777
f 3777 3774 3773
f 3778 3780 3781
f 3778 3781 3782
f 3778 3782 3784
f 3778 3784 3785
f 3778 3779 3782
f 3782 3779 3783
f 3786 3788 3789
f 3786 3789 3790
f 3786 3787 3788
f 3788 3787 3789
f 3789 3787 3790
f 3790 3787 3786
f 3791 3792 3794
f 3791 3792 3795
f 3791 3792 3796
f 3797 3800 3799
f 3797 3799 3801
f 3797 3801 3802
f 3797 3798 3799
f 3801 3799 3802
f 3802 3799 3797
f 3803 3805 3807
f 3803 3807 3806
f 3803 3806 3809
f 3803 3809 3810
f 3805 3803 3806
f 3805 3806 3807
f 3803 3804 3806
f 3806 3804 3808
f 3808 3804 3803
f 3808 3803 3806
f 3811 3814 3815
f 3811 3815 3816
f 3811 3812 3814
f 3817 3819 3820
f 3817 3819 3821
f 3817 3818 3819
f 3822 3825 3827
f 3822 3827 3826
f 3822 3826 3828
f 3822 3828 3829
f 3822 3823 3824
f 3825 3822 3826
f 3822 3824 3826
f 3825 3826 3827
f 3828 3826 3829
f 3829 3826 3822
f 3823 3824 3826
f 3823 3826 3822
f 3830 3832 3833
f 3830 3833 3834
f 3830 3834 3835
f 3830 3835 3836
f 3830 3831 3834
f 3837 3838 3840
f 3837 3838 3841
f 3837 3838 3842
f 3843 3845 3847
f 3843 3847 3848
f 3843 3844 3845
f 3845 3844 3846
f 3845 3846 3847
f 3847 3846 3844
f 3847 3844 3848
f 3848 3844 3843
f 3849 3850 3852
f 3849 3852 3853
f 3849 3853 3854
f 3852 3850 3853
f 3853 3850 3854
f 3850 3851 3854
f 3854 3850 3849
f 3855 3857 3858
f 3855 3858 3859
f 3855 3856 3857
f 3857 3856 3858
f 3858 3856 3859
f 3859 3856 3855
f 3860 3862 3864
f 3860 3864 3865
f 3860 3861 3862
f 3862 3861 3863
f 3862 3863 3864
f 3864 3863 3861
f 3864 3861 3865
f 3865 3861 3860
f 3863 3861 3860
f 3863 3860 3862
f 3860 3865 3862
f 3866 3868 3869
f 3866 3869 3870
f 3866 3867 3868
f 3868 3867 3869
f 3869 3867 3870
f 3870 3867 3866
f 3871 3873 3874
f 3871 3874 3875
f 3871 3872 3873
f 3873 3872 3874
f 3874 3872 3871
f 3876 3879 3880
f 3876 3880 3881
f 3876 3877 3878
f 3876 3878 3879
f 3879 3878 3880
f 3880 3878 3881
f 3881 3878 3877
f 3881 3877 3876
f 3879 3876 3881
f 3879 3881 3880
f 3877 3878 3879
f 3877 3879 3876
f 3882 3884 3885
f 3882 3885 3886
f 3882 3883 3884
f 3884 3883 3885
f 3885 3883 3886
f 3886 3883 3882
f 3887 3888 3890
f 3887 3890 3891
f 3887 3891 3892
f 3887 3892 3893
f 3890 3888 3891
f 3891 3888 3892
f 3888 3889 3892
f 3893 3892 3888
f 3893 3888 3887
f 3894 691 3896
f 3894 691 3897
f 3894 3897 3898
f 3894 3895 691
f 3897 691 3898
f 3898 691 3894
f 3899 3901 3902
f 3899 3902 3903
f 3899 3900 3902
f 3902 3900 3903
f 3903 3900 3899
f 3904 3906 3908
f 3904 3908 3909
f 3904 3905 3906
f 3906 3905 3907
f 3906 3907 3908
f 3908 3907 3905
f 3908 3905 3909
f 3909 3905 3904
f 3910 2654 3912
f 3910 3912 3914
f 3910 3911 2654
f 2654 3911 3912
f 3912 3911 3913
f 3912 3913 3914
f 3914 3913 3911
f 3914 3911 3910
f 2654 3910 3914
f 2654 3914 3912
f 3913 3911 2654
f 3913 2654 3912
f 3915 3917 3918
f 3915 3918 3919
f 3915 3916 3917
f 3917 3916 3918
f 3918 3916 3919
f 3919 3916 3915
f 3920 3922 3924
f 3920 3924 3923
f 3920 3923 3925
f 3920 3925 3926
f 3922 3920 3923
f 3920 3921 3923
f 3922 3923 3924
f 3925 3923 3926
f 3926 3923 3920
f 3927 3929 3930
f 3927 3930 3931
f 3927 3928 3929
f 3929 3928 3930
f 3930 3928 3931
f 3931 3928 3927
f 3932 3933 3936
f 3932 3936 3937
f 3932 3934 3933
f 3933 3934 3935
f 3933 3935 3936
f 3936 3935 3934
f 3936 3934 3937
f 3937 3934 3932
f 3937 3936 3933
f 3937 3933 3932
f 3935 3934 3937
f 3935 3937 3936
f 3938 3940 3941
f 3938 3941 3943
f 3938 3939 3940
f 3940 3939 3941
f 3941 3939 3942
f 3941 3939 3943
f 3943 3939 3938
f 3944 3946 3947
f 3944 3947 3948
f 3944 3945 3946
f 3946 3945 3947
f 3947 3946 3948
f 3948 3946 3944
f 3949 3951 3952
f 3949 3952 2656
f 3951 3949 2656
f 3949 3950 2656
f 3951 2656 3952
f 2656 3950 3952
f 3953 3955 3956
f 3953 3956 3957
f 3953 3954 3955
f 3955 3954 3956
f 3956 3954 3957
f 3957 3954 3953
f 3958 3961 3962
f 3958 3962 3959
f 3959 3960 3958
f 3958 3960 3961
f 3961 3960 3962
f 3962 3960 3963
f 3962 3963 3959
f 3959 3963 3960
f 3961 3958 3959
f 3961 3959 3962
f 3963 3960 3961
f 3963 3961 3962
f 3964 770 3966
f 3964 3966 3967
f 3964 3965 770
f 770 3965 3966
f 3966 3965 3967
f 3967 3965 3964
f 3968 3972 3973
f 3968 3973 3971
f 3968 3971 3974
f 3968 3974 3975
f 3968 3969 3970
f 3968 3971 3972
f 3968 3970 3971
f 3972 3971 3973
f 3974 3971 3975
f 3975 3971 3968
f 3969 3970 3971
f 3969 3971 3968
f 3976 3978 3980
f 3976 3980 3981
f 3976 3977 3979
f 3976 3979 3978
f 3978 3979 3980
f 3980 3979 3981
f 3981 3979 3976
f 3977 3979 3981
f 3977 3981 3976
f 3982 3984 3987
f 3982 3987 3989
f 3982 3983 3984
f 3984 3983 3985
f 3984 3985 3986
f 3984 3986 3987
f 3987 3986 3988
f 3987 3988 3989
f 3989 3988 3982
f 3982 3988 3983
f 3989 3987 3984
f 3989 3984 3982
f 3988 3985 3983
f 3988 3986 3985
f 3983 3988 3989
f 3983 3989 3982
f 3990 3993 3994
f 3990 3994 3996
f 3990 3991 3992
f 3990 3992 3993
f 3993 3992 3994
f 3994 3992 3995
f 3994 3995 3996
f 3996 3995 3997
f 3996 3997 3991
f 3996 3991 3990
f 3993 3990 3996
f 3993 3996 3994
f 3995 3992 3993
f 3995 3993 3994
f 3995 3992 3997
f 3991 3992 3993
f 3991 3993 3990
f 3992 3991 3997
f 3998 4001 4002
f 3998 4002 4003
f 3998 3999 4000
f 3998 4000 4001
f 4001 4000 4002
f 4002 4000 4003
f 4003 4000 3999
f 4003 3999 3998
f 3999 4000 4001
f 3999 4001 3998
f 4004 4006 4009
f 4004 4009 4008
f 4004 4008 4010
f 4004 4010 4011
f 4004 4005 4007
f 4006 4004 4008
f 4004 4007 4008
f 4006 4008 4009
f 4010 4008 4011
f 4011 4008 4004
f 4005 4007 4008
f 4005 4008 4004
f 4012 4014 4016
f 4012 4016 4017
f 4012 4013 4014
f 4014 4013 4015
f 4014 4015 4016
f 4016 4015 4017
f 4017 4015 4012
f 4012 4015 4013
f 4013 4015 4017
f 4013 4017 4012
f 4018 4019 4023
f 4018 4023 4025
f 4018 4020 4019
f 4019 4020 4021
f 4019 4021 4022
f 4019 4022 4023
f 4023 4022 4024
f 4023 4024 4025
f 4025 4024 4018
f 4018 4024 4020
f 4025 4023 4019
f 4025 4019 4018
f 4022 4020 4018
f 4022 4018 4023
f 4020 4022 4021
f 4020 4024 4025
f 4020 4025 4018
f 4026 4029 4030
f 4026 4030 4032
f 4026 4027 4028
f 4026 4028 4029
f 4029 4028 4030
f 4030 4028 4031
f 4030 4031 4032
f 4032 4031 4028
f 4032 4028 4027
f 4032 4027 4026
f 4029 4026 4032
f 4029 4032 4030
f 4027 4028 4029
f 4027 4029 4026
f 4033 4036 4037
f 4033 4037 4038
f 4033 4034 4035
f 4033 4035 4036
f 4036 4035 4037
f 4037 4035 4038
f 4038 4035 4033
f 4034 4035 4036
f 4034 4036 4033
f 4039 4041 4043
f 4039 4043 4044
f 4039 4040 4042
f 4039 4042 4041
f 4041 4042 4043
f 4043 4042 4044
f 4044 4042 4039
f 4040 4042 4044
f 4040 4044 4039
f 4045 4047 4049
f 4045 4049 4050
f 4045 4046 4047
f 4047 4046 4048
f 4047 4048 4049
f 4049 4048 4050
f 4050 4048 4045
f 4045 4048 4046
f 4050 4049 4047
f 4050 4047 4045
f 4046 4048 4050
f 4046 4050 4045
f 4051 4055 4056
f 4051 4056 4052
f 4052 4053 4051
f 4051 4053 4054
f 4051 4054 4055
f 4055 4054 4056
f 4056 4054 4057
f 4056 4057 4052
f 4052 4057 4058
f 4052 4058 4053
f 4055 4051 4052
f 4055 4052 4056
f 4057 4054 4055
f 4057 4055 4056
f 4058 4057 4056
f 4058 4056 4052
f 4059 4062 4063
f 4059 4063 4064
f 4059 4060 4061
f 4059 4061 4062
f 4062 4061 4063
f 4063 4061 4064
f 4064 4061 4060
f 4064 4060 4059
f 4060 4061 4062
f 4060 4062 4059
f 4065 4067 4068
f 4065 4068 4069
f 4065 4066 4067
f 4067 4066 4068
f 4068 4066 4069
f 4069 4066 4065
f 4070 4073 4074
f 4070 4074 4071
f 4071 4075 4072
f 4071 4072 4070
f 4070 4072 4073
f 4073 4072 4075
f 4073 4075 4074
f 4074 4075 4071
f 4071 4073 4070
f 4075 4072 4070
f 4075 4070 4071
f 4076 4078 4079
f 4076 4079 4080
f 4076 4077 4078
f 4078 4077 4079
f 4079 4077 4080
f 4080 4077 4076
f 4081 4083 4084
f 4081 4084 4085
f 4081 4085 4086
f 4081 4086 4087
f 4081 4082 4085
f 4088 4090 4091
f 4088 4091 4092
f 4088 4089 4090
f 4090 4089 4091
f 4091 4089 4092
f 4092 4089 4088
f 4093 4094 4097
f 4093 4097 4098
f 4093 4095 4094
f 4094 4095 4096
f 4094 4096 4097
f 4097 4096 4095
f 4097 4095 4098
f 4098 4095 4093
f 4096 4095 4093
f 4096 4093 4094
f 4093 4098 4094
f 4099 4101 4103
f 4099 4103 4104
f 4099 4100 4101
f 4101 4100 4102
f 4101 4102 4103
f 4103 4102 4100
f 4103 4100 4104
f 4104 4100 4099
f 4105 4107 4108
f 4105 4108 4109
f 4105 4106 4107
f 4107 4106 4108
f 4108 4106 4109
f 4109 4106 4105
f 4110 4112 4113
f 4110 4113 4114
f 4110 4114 4115
f 4110 4115 4116
f 4110 4111 4114
f 4117 4119 4120
f 4117 4120 4121
f 4117 4118 4119
f 4119 4118 4120
f 4120 4118 4122
f 4120 4122 4121
f 4121 4122 4118
f 4121 4118 4117
f 4119 4120 4121
f 4117 4119 4121
f 4123 4125 4127
f 4123 4127 4128
f 4123 4124 4125
f 4125 4124 4126
f 4125 4126 4127
f 4127 4126 4124
f 4127 4124 4128
f 4128 4124 4123
f 4126 4124 4123
f 4126 4123 4125
f 4129 4131 4132
f 4129 4132 4133
f 4129 4130 4131
f 4131 4130 4132
f 4132 4130 4133
f 4133 4130 4129
f 4134 4136 4138
f 4134 4138 4139
f 4134 4135 4136
f 4136 4135 4137
f 4136 4137 4138
f 4138 4137 4135
f 4138 4135 4139
f 4139 4135 4134
f 4137 4135 4134
f 4137 4134 4136
f 4140 4142 4143
f 4140 4143 4144
f 4140 4141 4142
f 4140 4141 4144
f 4145 4148 4149
f 4145 4146 4148
f 4145 4146 4149
f 4150 4152 4153
f 4150 4153 4154
f 4150 4151 4152
f 4152 4151 4153
f 4153 4151 4154
f 4154 4151 4155
f 4154 4151 4150
f 4156 4158 4160
f 4156 4160 4161
f 4156 4157 4158
f 4158 4157 4159
f 4158 4157 4160
f 4160 4157 4161
f 4161 4157 4156
f 4159 4157 4156
f 4159 4156 4158
f 4162 4164 4165
f 4162 4165 4166
f 4162 4163 4164
f 4162 4163 4166
f 4167 4169 4170
f 4167 4170 4171
f 4167 4168 4169
f 4167 4168 4171
f 4172 4175 4176
f 4172 4176 4177
f 4172 4173 4175
f 4172 4173 4177
f 4178 4180 4181
f 4178 4181 4182
f 4178 4179 4180
f 4180 4179 4181
f 4181 4179 4183
f 4181 4183 4182
f 4182 4183 4179
f 4182 4179 4178
f 4183 4179 4178
f 4183 4178 4182
f 4184 4186 4188
f 4184 4188 4189
f 4184 4185 4186
f 4186 4185 4187
f 4188 4186 4189
f 4186 4185 4189
f 4189 4185 4184
f 4190 4192 4193
f 4190 4193 4194
f 4190 4191 4192
f 4190 4191 4194
f 4196 4198 4199
f 4196 4199 4200
f 4196 4197 4198
f 4196 4197 4200
f 4201 4203 4205
f 4201 4205 4206
f 4201 4202 4203
f 4203 4202 4204
f 4203 4204 4205
f 4205 4204 4202
f 4205 4202 4206
f 4206 4202 4201
f 4207 4209 4210
f 4207 4210 4211
f 4207 4208 4209
f 4209 4208 4210
f 4210 4208 4211
f 4211 4208 4207
f 4212 4213 4215
f 4212 4215 4216
f 4212 4216 4217
f 4212 4217 4218
f 4215 4213 4216
f 4216 4213 4217
f 4213 4214 4217
f 4217 4213 4218
f 4218 4213 4212
f 4219 4221 4222
f 4219 4222 4223
f 4219 4220 4221
f 4221 4220 4222
f 4222 4220 4223
f 4223 4220 4219
f 4224 4227 4228
f 4224 4228 4229
f 4224 4225 4226
f 4224 4226 4227
f 4227 4226 4228
f 4228 4226 4229
f 4229 4226 4225
f 4229 4225 4224
f 4227 4224 4229
f 4227 4229 4228
f 4230 4231 4233
f 4230 4233 4234
f 4230 4234 4235
f 4233 4231 4234
f 4231 4232 4234
f 4235 4234 4231
f 4235 4231 4230
f 4236 4238 4239
f 4236 4239 4240
f 4236 4240 4241
f 4236 4241 4242
f 4236 4237 4240
f 4243 4245 4247
f 4243 4247 4248
f 4243 4244 4245
f 4245 4244 4246
f 4245 4244 4247
f 4247 4244 4248
f 4248 4244 4243
f 4249 4251 4252
f 4249 4252 4253
f 4249 4250 4251
f 4251 4250 4252
f 4252 4250 4249
f 4254 4255 4257
f 4254 4255 4258
f 4255 4256 4258
f 4259 4261 4262
f 4259 4262 4263
f 4259 4260 4261
f 4262 4261 4263
f 4261 4260 4263
f 4263 4260 4259
f 4264 4267 4268
f 4264 4268 4269
f 4264 4265 4266
f 4264 4266 4267
f 4267 4266 4268
f 4268 4266 4269
f 4269 4266 4264
f 4270 4271 4273
f 4270 4271 4274
f 4271 4272 4274
f 4275 4276 4280
f 4275 4280 4282
f 4275 4277 4276
f 4276 4277 4278
f 4276 4278 4279
f 4276 4279 4280
f 4280 4279 4281
f 4280 4281 4282
f 4282 4281 4275
f 4275 4281 4277
f 4282 4280 4276
f 4282 4276 4275
f 4278 4277 4275
f 4278 4275 4276
f 4277 4281 4282
f 4277 4282 4275
f 4283 4284 4287
f 4283 4287 4288
f 4283 4285 4284
f 4284 4285 4286
f 4284 4286 4287
f 4287 4286 4285
f 4287 4285 4288
f 4288 4285 4283
f 4286 4285 4288
f 4286 4288 4287
f 4289 4290 4293
f 4289 4293 4294
f 4289 4291 4290
f 4290 4291 4292
f 4290 4292 4293
f 4293 4292 4291
f 4293 4291 4294
f 4294 4291 4289
f 4292 4291 4289
f 4292 4289 4290
f 4295 4296 4300
f 4295 4300 4302
f 4295 4297 4296
f 4296 4297 4298
f 4296 4298 4299
f 4296 4299 4300
f 4300 4299 4301
f 4300 4301 4302
f 4302 4301 4295
f 4295 4301 4297
f 4302 4300 4296
f 4302 4296 4295
f 4298 4297 4295
f 4298 4295 4296
f 4297 4301 4302
f 4297 4302 4295
f 4303 4304 4307
f 4303 4307 4308
f 4303 4305 4304
f 4304 4305 4306
f 4304 4306 4307
f 4307 4306 4305
f 4307 4305 4308
f 4308 4305 4303
f 4306 4305 4308
f 4306 4308 4307
f 4309 4311 4313
f 4309 4313 4314
f 4309 4310 4311
f 4311 4310 4312
f 4311 4312 4313
f 4313 4312 4314
f 4314 4312 4309
f 4309 4312 4310
f 4310 4312 4314
f 4310 4314 4309
f 4315 4317 4319
f 4315 4319 4318
f 4317 4315 4318
f 4315 4316 4318
f 4317 4318 4319
f 4318 4316 4319
f 4320 4322 4323
f 4320 4323 4324
f 4320 4321 4322
f 4322 4321 4323
f 4323 4321 4324
f 4324 4321 4320
f 4325 4327 4329
f 4325 4329 4330
f 4325 4326 4327
f 4327 4326 4328
f 4327 4328 4329
f 4329 4328 4330
f 4330 4328 4325
f 4325 4328 4326
f 4326 4328 4330
f 4326 4330 4325
f 4331 4334 4335
f 4331 4335 4333
f 4331 4333 4334
f 4331 4332 4333
f 4334 4333 4335
f 4333 4332 4335
f 4336 4338 4341
f 4336 4341 4343
f 4336 4337 4338
f 4338 4337 4339
f 4338 4339 4340
f 4338 4340 4341
f 4341 4340 4342
f 4341 4342 4343
f 4343 4342 4336
f 4336 4342 4337
f 4343 4341 4338
f 4343 4338 4336
f 4337 4342 4339
f 4342 4340 4339
f 4337 4342 4343
f 4337 4343 4336
f 4344 4346 4347
f 4344 4347 4349
f 4344 4345 4347
f 4347 4345 4348
f 4347 4345 4349
f 4349 4345 4344
f 4350 4353 4354
f 4350 4354 4356
f 4350 4351 4352
f 4350 4352 4353
f 4353 4352 4354
f 4354 4352 4355
f 4354 4355 4356
f 4356 4355 4351
f 4356 4351 4350
f 4353 4350 4356
f 4353 4356 4354
f 4352 4351 4355
f 4351 4352 4353
f 4351 4353 4350
f 4357 4359 4360
f 4357 4360 4362
f 4357 4358 4359
f 4359 4358 4360
f 4360 4358 4361
f 4360 4358 4357
f 4363 4365 4368
f 4363 4368 4367
f 4363 4367 4369
f 4363 4369 4370
f 4363 4364 4366
f 4365 4363 4367
f 4365 4367 4368
f 4363 4366 4367
f 4364 4366 4367
f 4364 4367 4363
f 4371 4373 4374
f 4371 4373 4375
f 4371 4372 4373
f 4376 4378 4380
f 4376 4380 4381
f 4376 4377 4378
f 4378 4377 4379
f 4378 4379 4380
f 4380 4379 4381
f 4381 4379 4376
f 4376 4379 4377
f 4377 4379 4381
f 4377 4381 4376
f 4382 4385 4386
f 4382 4386 4384
f 4382 4383 4384
f 4382 4384 4385
f 4385 4384 4386
f 4384 4383 4386
f 4387 4388 4392
f 4387 4392 4394
f 4387 4389 4388
f 4388 4389 4390
f 4388 4390 4391
f 4388 4391 4392
f 4392 4391 4393
f 4392 4393 4394
f 4394 4393 4387
f 4387 4393 4389
f 4394 4392 4388
f 4394 4388 4387
f 4390 4389 4387
f 4390 4387 4388
f 4389 4393 4394
f 4389 4394 4387
f 4395 4396 4399
f 4395 4399 4400
f 4395 4397 4396
f 4396 4397 4398
f 4396 4398 4399
f 4399 4398 4397
f 4399 4397 4400
f 4400 4397 4395
f 4398 4397 4400
f 4398 4400 4399
f 4401 4404 4405
f 4401 4405 4406
f 4401 4402 4403
f 4401 4403 4404
f 4404 4403 4405
f 4405 4403 4406
f 4406 4403 4402
f 4406 4402 4401
f 4404 4401 4406
f 4404 4406 4405
f 4402 4403 4404
f 4402 4404 4401
f 4407 4409 4410
f 4407 4410 4411
f 4407 4408 4409
f 4409 4408 4410
f 4411 4410 4409
f 4411 4409 4407
f 4412 4414 4417
f 4412 4417 4416
f 4412 4416 4418
f 4412 4418 4419
f 4412 4413 4415
f 4414 4412 4416
f 4414 4416 4417
f 4412 4415 4416
f 4413 4415 4416
f 4413 4416 4412
f 4420 4422 4423
f 4420 4422 4424
f 4420 4421 4422
f 4425 4427 4429
f 4425 4429 4430
f 4425 4426 4427
f 4427 4426 4428
f 4427 4428 4429
f 4429 4428 4430
f 4430 4428 4425
f 4425 4428 4426
f 4426 4428 4430
f 4426 4430 4425
f 4431 4434 4435
f 4431 4435 4433
f 4431 4433 4434
f 4431 4432 4433
f 4434 4433 4435
f 4433 4432 4435
f 4436 4437 4439
f 4436 4439 4440
f 4436 4440 4441
f 4436 4441 4437
f 4437 4438 4439
f 4439 4437 4440
f 4440 4437 4441
f 4442 4443 4445
f 4442 4445 4446
f 4442 4446 4443
f 4445 4443 4446
f 4443 4444 4446
f 4447 4449 4450
f 4447 4450 4451
f 4447 4448 4449
f 4449 4448 4450
f 4450 4448 4451
f 4451 4448 4452
f 4451 4448 4447
f 4453 4455 4457
f 4453 4457 4458
f 4453 4454 4455
f 4455 4454 4456
f 4455 4454 4457
f 4457 4454 4458
f 4458 4454 4453
f 4459 4462 4464
f 4459 4464 4465
f 4459 4465 4460
f 4459 4460 4462
f 4460 4461 4462
f 4462 4461 4463
f 4464 4462 4460
f 4464 4460 4465
f 4466 4468 4470
f 4466 4470 4471
f 4466 4467 4468
f 4468 4467 4469
f 4468 4467 4470
f 4470 4467 4471
f 4471 4467 4466
f 4466 4471 4468
f 4472 4474 4476
f 4472 4476 4478
f 4472 4473 4474
f 4474 4473 4475
f 4474 4475 4476
f 4476 4475 4473
f 4476 4473 4477
f 4476 4477 4478
f 4478 4477 4473
f 4478 4473 4472
f 3401 3400 4482
f 3400 3398 4482
f 3402 3401 4480
f 3401 4482 4480
f 4482 3398 4484
f 3398 3399 4484
f 3399 3411 4484
f 3402 4479 3403
f 3402 4480 4479
f 4482 4483 4480
f 4482 4484 4483
f 4484 4486 4483
f 4484 3411 4486
f 3411 3410 4486
f 4480 4481 4479
f 4480 4483 4481
f 4483 4486 4485
f 4486 3410 4485
f 3403 4479 3404
f 4479 4481 3404
f 4481 4483 3407
f 4483 4485 3407
f 4485 3410 3409
f 3404 4481 3405
f 4481 3406 3405
f 4481 3407 3406
f 3407 4485 3408
f 4485 3409 3408
f 627 97 725
f 627 725 138
f 627 138 139
f 627 139 776
f 627 776 140
f 627 140 777
f 627 777 141
f 627 141 778
f 627 778 142
f 627 142 765
f 627 765 98
f 627 98 633
f 627 633 634
f 627 634 635
f 627 635 78
f 627 78 680
f 627 680 679
f 627 679 127
f 627 127 775
f 627 775 126
f 627 126 774
f 627 774 125
f 627 125 773
f 627 773 124
f 627 124 772
f 627 772 123
f 627 123 143
f 627 143 485
f 627 485 76
f 627 76 629
f 627 629 628
f 648 101 1046
f 648 1046 1047
f 648 1047 226
f 648 226 1048
f 648 1048 227
f 648 227 1049
f 648 1049 228
f 648 228 229
f 648 229 1050
f 648 1050 230
f 648 230 231
f 648 231 756
f 648 756 102
f 648 102 654
f 648 654 655
f 648 655 656
f 648 656 85
f 648 85 661
f 648 661 220
f 648 220 219
f 648 219 1043
f 648 1043 218
f 648 218 217
f 648 217 1042
f 648 1042 216
f 648 216 1041
f 648 1041 215
f 648 215 1040
f 648 1040 1039
f 648 1039 83
f 648 83 650
f 648 650 649
