v 88.97663 20.73204 8.22317
v 88.97663 20.63508 8.22317
v 89.00968 20.62997 8.28068
v 89.00447 20.62855 8.20929
v 89.01501 20.63201 8.14811
v 89.00954 20.73238 8.14124
v 88.98177 20.73319 8.19148
v 89.08133 20.62597 8.14249
v 89.08447 20.63366 8.09689
v 89.08109 20.73238 8.09512
v 89.15064 20.62631 8.14048
v 89.15080 20.63328 8.09876
v 89.15383 20.73238 8.09633
v 89.10420 20.62867 8.22360
v 89.21260 20.63185 8.14701
v 89.21995 20.73398 8.14200
v 89.22825 20.62927 8.21144
v 89.12981 20.62666 8.22330
v 89.08492 20.62446 8.28564
v 88.99117 20.73286 8.28524
v 88.97672 20.63715 8.25463
v 88.97672 20.72997 8.25463
v 89.15362 20.62461 8.28410
v 89.24852 20.73342 8.20794
v 89.25385 20.72997 8.22714
v 89.25385 20.63715 8.22714
v 89.22414 20.63061 8.27749
v 89.14765 20.63136 8.34749
v 89.08062 20.63155 8.34851
v 89.02662 20.63303 8.32828
v 89.02360 20.73304 8.32967
v 89.08109 20.73238 8.35902
v 89.20131 20.63371 8.32908
v 89.23845 20.73260 8.28242
v 89.20440 20.73204 8.33089
v 89.15379 20.73238 8.35783
v 89.19183 20.72997 8.11042
v 89.19183 20.63715 8.11042
v 88.97664 20.73204 11.06413
v 88.97664 20.63508 11.06413
v 89.00814 20.62806 11.07751
v 89.00510 20.63039 11.00900
v 88.99116 20.73286 11.00206
v 88.97664 20.72997 11.03309
v 88.97664 20.63715 11.03309
v 89.02389 20.73204 10.95640
v 89.02698 20.63371 10.95822
v 89.07950 20.62455 11.00263
v 89.08367 20.63167 10.93821
v 89.08109 20.73238 10.92827
v 89.15036 20.63129 10.94010
v 89.15383 20.73238 10.92948
v 89.15249 20.62463 11.00255
v 89.10549 20.62873 11.06299
v 89.20025 20.63331 10.95872
v 89.22288 20.63062 11.00776
v 89.20496 20.73458 10.95573
v 89.23843 20.73260 11.00484
v 89.13030 20.62667 11.06442
v 89.01789 20.63171 11.14295
v 88.98173 20.73319 11.09568
v 89.01116 20.73309 11.14770
v 89.07990 20.62615 11.14559
v 89.14891 20.62604 11.14504
v 89.22923 20.62945 11.07688
v 89.24356 20.73579 11.07534
v 89.25385 20.72997 11.06029
v 89.25385 20.63715 11.06029
v 89.08109 20.73238 11.19217
v 89.03646 20.72997 11.17688
v 89.03646 20.63715 11.17688
v 89.08281 20.63316 11.18893
v 89.14837 20.63350 11.18921
v 89.21415 20.63179 11.13762
v 89.21995 20.73398 11.14224
v 89.20333 20.74492 11.20249
v 89.19219 20.63715 11.17664
v 89.15379 20.73238 11.19098
v 87.60385 20.73238 9.64474
v 87.60590 20.63368 9.64252
v 87.64458 20.62645 9.64366
v 87.60982 20.63445 9.59043
v 87.64439 20.62889 9.57198
v 87.60938 20.73204 9.58772
v 87.62735 20.73287 9.55291
v 87.65815 20.73238 9.52123
v 87.66132 20.63314 9.52411
v 87.72052 20.63111 9.50902
v 87.71679 20.73260 9.49727
v 87.78642 20.63170 9.51351
v 87.78862 20.73216 9.50393
v 87.78747 20.62503 9.57067
v 87.71917 20.62419 9.57565
v 87.73648 20.62847 9.63339
v 87.83071 20.63373 9.53091
v 87.85261 20.63150 9.57739
v 87.83237 20.73238 9.52927
v 87.86280 20.73238 9.57321
v 87.78935 20.62390 9.64165
v 87.65166 20.63074 9.71748
v 87.61365 20.63554 9.68859
v 87.61365 20.73158 9.68859
v 87.64181 20.73342 9.72533
v 87.71925 20.62575 9.71663
v 87.78940 20.62658 9.71413
v 87.86049 20.63065 9.64421
v 87.87580 20.73238 9.64478
v 87.67052 20.73158 9.75133
v 87.67052 20.63554 9.75133
v 87.71616 20.63277 9.76104
v 87.78213 20.63421 9.75901
v 87.84539 20.63227 9.70530
v 87.84908 20.73238 9.71240
v 87.81525 20.73480 9.74425
v 87.78595 20.73190 9.76026
v 87.71683 20.73260 9.76548
v 90.35383 20.73238 9.64474
v 90.37123 20.63029 9.64370
v 90.37639 20.63144 9.57873
v 90.36685 20.73238 9.57321
v 90.39728 20.73238 9.52928
v 90.39930 20.63359 9.53141
v 90.44355 20.62491 9.57275
v 90.44607 20.63212 9.51118
v 90.44398 20.73238 9.50330
v 90.51412 20.63102 9.51003
v 90.51644 20.73238 9.49736
v 90.56723 20.63264 9.52489
v 90.51441 20.62439 9.57240
v 90.43993 20.62389 9.64390
v 90.58781 20.62932 9.57223
v 90.57150 20.73238 9.52122
v 90.60417 20.73238 9.55500
v 90.49267 20.62847 9.63305
v 90.38839 20.63242 9.71297
v 90.38510 20.73299 9.71726
v 90.44142 20.62687 9.71779
v 90.51266 20.62567 9.71513
v 90.58486 20.62645 9.64194
v 90.62139 20.63474 9.59142
v 90.62139 20.73238 9.59142
v 90.62578 20.73238 9.64478
v 90.62361 20.63375 9.64592
v 90.58254 20.63068 9.70950
v 90.41438 20.73480 9.74425
v 90.44667 20.73216 9.76083
v 90.45074 20.63351 9.75899
v 90.51168 20.63311 9.76179
v 90.61731 20.63474 9.68406
v 90.61731 20.73238 9.68406
v 90.59267 20.73260 9.72044
v 90.55912 20.73158 9.75132
v 90.55912 20.63554 9.75132
v 90.51649 20.73238 9.76537
v 91.93484 20.73606 11.88960
v 91.87397 20.71101 11.88909
v 91.92948 20.68598 11.89039
v 91.87979 20.72495 11.96527
v 91.81055 20.73432 11.96750
v 91.82457 20.73329 11.89081
v 91.91654 20.73606 11.84339
v 91.91443 20.68591 11.84824
v 91.87541 20.68600 11.82312
v 91.87480 20.73606 11.81643
v 91.81266 20.74151 11.82009
v 91.80447 20.68600 11.82661
v 91.76802 20.73606 11.84692
v 91.77011 20.68587 11.85110
v 91.75272 20.73606 11.88960
v 91.75808 20.68598 11.89039
v 91.76130 20.73606 11.94719
v 91.76445 20.68594 11.94258
v 91.80797 20.68618 11.97197
v 91.82968 20.74151 12.00285
v 91.85301 20.73606 11.99678
v 91.87540 20.68630 11.96708
v 91.92364 20.73606 11.95097
v 91.92073 20.68595 11.94618
v 91.82994 20.68553 11.99640
v 91.85301 20.68553 11.99678
v 91.87620 20.68687 11.88760
v 91.81695 20.68687 11.89023
v 91.93046 20.73607 7.32868
v 91.87216 20.70826 7.31479
v 91.92536 20.68598 7.32685
v 91.86703 20.71101 7.26925
v 91.92700 20.73607 7.25830
v 91.92369 20.68596 7.26279
v 91.82627 20.73170 7.32551
v 91.82164 20.73421 7.26420
v 91.88480 20.68651 7.24735
v 91.87480 20.73607 7.21099
v 91.86856 20.68594 7.21359
v 91.81296 20.73970 7.20909
v 91.81462 20.68593 7.21443
v 91.80432 20.68652 7.25272
v 91.75821 20.73607 7.26222
v 91.76177 20.68596 7.26654
v 91.75710 20.73607 7.32868
v 91.76084 20.68596 7.32454
v 91.80963 20.68668 7.33427
v 91.81393 20.74235 7.38414
v 91.80890 20.68596 7.37757
v 91.87480 20.73607 7.38434
v 91.87297 20.68598 7.37924
v 91.91055 20.73607 7.36444
v 91.87733 20.68679 7.32323
v 91.91055 20.68553 7.36444
v 84.87001 20.73481 11.89110
v 84.86381 20.68611 11.89221
v 84.79839 20.73400 11.88498
v 84.79625 20.72543 11.95487
v 84.71288 20.72771 11.89423
v 84.84707 20.73606 11.83412
v 84.84339 20.68598 11.83818
v 84.79240 20.74151 11.81427
v 84.78880 20.68598 11.81657
v 84.72579 20.73606 11.83151
v 84.72925 20.68598 11.83572
v 84.71350 20.68624 11.89416
v 84.71733 20.73606 11.96403
v 84.72128 20.68598 11.96044
v 84.79357 20.68644 11.96535
v 84.78697 20.73879 11.99982
v 84.85522 20.73606 11.96111
v 84.85106 20.68598 11.95769
v 84.78455 20.68553 11.99663
v 84.79523 20.68687 11.87139
v 84.86611 20.73481 7.32523
v 84.85929 20.68611 7.32507
v 84.79604 20.73400 7.26505
v 84.86777 20.73607 7.25830
v 84.85900 20.68601 7.25605
v 84.79891 20.72481 7.32523
v 84.70863 20.73106 7.32575
v 84.71139 20.73106 7.26306
v 84.83684 20.73607 7.21940
v 84.83216 20.68580 7.22033
v 84.79107 20.73933 7.20428
v 84.78880 20.68598 7.21113
v 84.73629 20.73607 7.21715
v 84.74203 20.68587 7.21854
v 84.71594 20.68614 7.25974
v 84.71168 20.68614 7.32699
v 84.73259 20.73607 7.37543
v 84.73749 20.68595 7.37274
v 84.79292 20.74235 7.38951
v 84.78880 20.68598 7.38420
v 84.84046 20.73607 7.37306
v 84.83552 20.68594 7.37063
v 84.79967 20.68687 7.32938
v 84.79260 20.68687 7.26273
v 89.09374 20.70538 9.29633
v 89.09268 20.70834 9.25440
v 89.13169 20.70975 9.25521
v 89.13484 20.70725 9.29824
v 89.09979 20.67193 9.28958
v 89.10288 20.68085 9.26406
v 89.12181 20.68409 9.26456
v 89.12403 20.67500 9.28853
v 87.00207 20.72264 11.75572
v 87.04091 20.70332 11.75555
v 87.04666 20.71341 11.71438
v 87.07802 20.72028 11.71747
v 87.08612 20.70899 11.75510
v 87.07742 20.71796 11.79302
v 87.04593 20.71329 11.79682
v 87.04855 20.67345 11.75572
v 87.07500 20.68467 11.75572
v 87.00207 20.72264 11.40291
v 87.04206 20.70435 11.41054
v 87.04178 20.70936 11.36652
v 87.08082 20.71343 11.37212
v 87.08614 20.70944 11.41099
v 87.05004 20.72172 11.45051
v 87.04845 20.67274 11.40449
v 87.05004 20.68468 11.37794
v 87.07500 20.68468 11.40291
v 87.00194 20.72255 11.05213
v 87.04273 20.70487 11.06341
v 87.04094 20.70736 11.02121
v 87.00301 20.72330 11.03583
v 87.08342 20.71085 11.02533
v 87.08595 20.70994 11.06403
v 87.04832 20.67214 11.05677
v 87.04916 20.67691 11.03249
v 87.07437 20.68656 11.03709
v 87.07513 20.68430 11.05270
v 87.00211 20.72225 10.69155
v 87.00200 20.72330 10.70684
v 87.04295 20.70529 10.68045
v 87.04108 20.70615 10.72051
v 87.08525 20.71025 10.67910
v 87.08480 20.71029 10.71761
v 87.04860 20.67384 10.71033
v 87.04850 20.67312 10.68615
v 87.07504 20.68452 10.69109
v 87.07496 20.68486 10.70501
v 87.00207 20.72264 10.34447
v 87.04254 20.70485 10.33234
v 87.08622 20.70990 10.33239
v 87.08243 20.71109 10.37110
v 87.04120 20.70770 10.37533
v 87.04828 20.67208 10.33965
v 87.07512 20.68457 10.34356
v 87.07304 20.68656 10.35984
v 87.04965 20.67910 10.36432
v 87.00207 20.72265 9.99165
v 87.04140 20.70390 9.98629
v 87.04915 20.71862 9.94641
v 87.07320 20.72330 9.94832
v 87.08611 20.70928 9.98605
v 87.07973 20.71506 10.02488
v 87.04355 20.70971 10.02945
v 87.04851 20.67314 9.99101
v 87.07500 20.68468 9.99165
v 87.05004 20.68656 10.01880
v 87.00207 20.72265 9.63884
v 87.04089 20.70363 9.64209
v 87.04518 20.71047 9.59979
v 87.07882 20.71714 9.60328
v 87.08595 20.70922 9.64227
v 87.07527 20.72330 9.68093
v 87.04877 20.71609 9.68230
v 87.04855 20.67345 9.63884
v 87.07500 20.68468 9.63884
v 87.00207 20.72265 9.28602
v 87.04240 20.70481 9.29725
v 87.04148 20.70807 9.25381
v 87.08208 20.71194 9.25812
v 87.08619 20.70962 9.29687
v 87.04831 20.67215 9.28945
v 87.05004 20.68172 9.26420
v 87.07500 20.68468 9.28602
v 87.00195 20.72243 8.93718
v 87.04269 20.70514 8.94873
v 87.04131 20.70649 8.90795
v 87.00243 20.72330 8.92128
v 87.08426 20.71035 8.91065
v 87.08559 20.71022 8.94928
v 87.04824 20.67276 8.94294
v 87.04900 20.67447 8.91884
v 87.07536 20.68656 8.92272
v 87.07487 20.68395 8.93724
v 87.00195 20.72243 8.57642
v 87.04284 20.70501 8.56561
v 87.08555 20.70999 8.56463
v 87.08430 20.71068 8.60327
v 87.04096 20.70681 8.60680
v 87.00243 20.72330 8.59232
v 87.04824 20.67254 8.57188
v 87.07503 20.68414 8.57703
v 87.07491 20.68657 8.59216
v 87.04911 20.67511 8.59591
v 87.00207 20.72265 8.22758
v 87.04216 20.70480 8.21707
v 87.05003 20.72331 8.17844
v 87.08623 20.70960 8.21796
v 87.08142 20.71232 8.25674
v 87.04213 20.70819 8.26071
v 87.04840 20.67239 8.22518
v 87.07500 20.68468 8.22758
v 87.05004 20.68390 8.25108
v 87.00207 20.72265 7.87477
v 87.04079 20.70357 7.87284
v 87.04784 20.71439 7.83238
v 87.07689 20.72199 7.83458
v 87.08606 20.70918 7.87259
v 87.07779 20.71698 7.91114
v 87.04574 20.71100 7.91450
v 87.04855 20.67345 7.87477
v 87.07500 20.68468 7.87477
v 87.00207 20.72265 7.52195
v 87.04158 20.70412 7.52828
v 87.04307 20.70942 7.48469
v 87.08025 20.71483 7.48942
v 87.08600 20.70935 7.52852
v 87.05004 20.71969 7.56814
v 87.04850 20.67305 7.52278
v 87.05004 20.68657 7.49516
v 87.07500 20.68468 7.52195
v 87.34404 20.72330 11.75572
v 87.38199 20.70416 11.75555
v 87.39020 20.71594 11.71288
v 87.41951 20.71919 11.71714
v 87.42667 20.70786 11.75520
v 87.41929 20.71749 11.79347
v 87.38947 20.71575 11.79839
v 87.39092 20.67323 11.75572
v 87.41682 20.68369 11.75572
v 87.34404 20.72330 11.40291
v 87.38302 20.70474 11.41053
v 87.38380 20.70994 11.36634
v 87.42251 20.71249 11.37169
v 87.42649 20.70843 11.41071
v 87.39459 20.72451 11.45275
v 87.39078 20.67249 11.40454
v 87.39302 20.68468 11.37794
v 87.41682 20.68369 11.40291
v 87.34404 20.72330 11.05010
v 87.38359 20.70532 11.06361
v 87.38273 20.70745 11.02132
v 87.42514 20.71055 11.02487
v 87.42597 20.70859 11.06271
v 87.39066 20.67189 11.05682
v 87.39161 20.67675 11.03240
v 87.41594 20.68520 11.03662
v 87.41703 20.68333 11.05330
v 87.34401 20.72330 10.69487
v 87.34412 20.72330 10.70210
v 87.38422 20.70554 10.68043
v 87.38192 20.70641 10.72085
v 87.42591 20.70918 10.67973
v 87.42546 20.70932 10.71681
v 87.39092 20.67362 10.71039
v 87.39092 20.67290 10.68615
v 87.41693 20.68365 10.68973
v 87.41670 20.68373 10.70608
v 87.34404 20.72330 10.34447
v 87.38331 20.70530 10.33224
v 87.42623 20.70868 10.33349
v 87.42436 20.71065 10.37179
v 87.38333 20.70774 10.37524
v 87.39059 20.67182 10.33958
v 87.41695 20.68345 10.34309
v 87.41522 20.68656 10.36093
v 87.39226 20.67897 10.36436
v 87.34404 20.72330 9.99165
v 87.38221 20.70431 9.98638
v 87.39213 20.71862 9.94641
v 87.42649 20.70823 9.98615
v 87.41619 20.72330 9.94832
v 87.42155 20.71446 10.02539
v 87.38555 20.70967 10.02948
v 87.39087 20.67291 9.99099
v 87.41682 20.68369 9.99165
v 87.39302 20.68656 10.01880
v 87.34404 20.72330 9.63884
v 87.38176 20.70397 9.64214
v 87.38742 20.71102 9.59951
v 87.42037 20.71592 9.60302
v 87.42664 20.70811 9.64199
v 87.41627 20.71933 9.67977
v 87.39058 20.71613 9.68249
v 87.39092 20.67323 9.63884
v 87.41682 20.68369 9.63884
v 87.34404 20.72330 9.28602
v 87.38317 20.70512 9.29737
v 87.38353 20.70813 9.25386
v 87.42394 20.71137 9.25750
v 87.42632 20.70850 9.29605
v 87.39067 20.67192 9.28948
v 87.39249 20.68160 9.26409
v 87.41441 20.68656 9.26847
v 87.41692 20.68357 9.28673
v 87.34404 20.72330 8.93321
v 87.38376 20.70541 8.94890
v 87.38245 20.70670 8.90782
v 87.42526 20.70970 8.91109
v 87.42600 20.70894 8.94837
v 87.39071 20.67257 8.94292
v 87.39123 20.67423 8.91873
v 87.41650 20.68430 8.92252
v 87.41699 20.68337 8.93887
v 87.34404 20.72330 8.58039
v 87.38379 20.70528 8.56534
v 87.42573 20.70866 8.56594
v 87.42564 20.71018 8.60333
v 87.38233 20.70700 8.60676
v 87.39062 20.67232 8.57185
v 87.41705 20.68335 8.57596
v 87.41620 20.68462 8.59242
v 87.39146 20.67491 8.59601
v 87.34404 20.72331 8.22758
v 87.38295 20.70510 8.21698
v 87.40163 20.73785 8.14986
v 87.42645 20.70852 8.21854
v 87.42322 20.71164 8.25730
v 87.38414 20.70825 8.26068
v 87.39070 20.67211 8.22511
v 87.41682 20.68369 8.22758
v 87.39302 20.68390 8.25108
v 87.34404 20.72331 7.87477
v 87.38163 20.70404 7.87283
v 87.38983 20.71435 7.83227
v 87.41801 20.71978 7.83472
v 87.42664 20.70802 7.87294
v 87.41977 20.71673 7.91166
v 87.38798 20.71087 7.91450
v 87.39092 20.67324 7.87477
v 87.41682 20.68369 7.87477
v 87.34404 20.72331 7.52195
v 87.38272 20.70488 7.52812
v 87.38615 20.71189 7.48313
v 87.42177 20.71348 7.48918
v 87.42648 20.70840 7.52851
v 87.39389 20.72132 7.56848
v 87.39085 20.67281 7.52280
v 87.39302 20.68657 7.49516
v 87.41682 20.68369 7.52195
v 87.72356 20.70393 11.75554
v 87.73046 20.71318 11.71433
v 87.76053 20.71842 11.71642
v 87.76857 20.70724 11.75524
v 87.76064 20.71720 11.79426
v 87.72974 20.71306 11.79684
v 87.73280 20.67296 11.75572
v 87.75784 20.68172 11.75572
v 87.72479 20.70478 11.41018
v 87.72491 20.70954 11.36644
v 87.76391 20.71194 11.37087
v 87.76823 20.70807 11.41147
v 87.73601 20.72172 11.45051
v 87.73258 20.67215 11.40463
v 87.73601 20.68468 11.37794
v 87.75784 20.68172 11.40291
v 87.72545 20.70533 11.06319
v 87.72416 20.70755 11.02124
v 87.76625 20.70986 11.02456
v 87.76789 20.70837 11.06381
v 87.73251 20.67164 11.05685
v 87.73356 20.67642 11.03237
v 87.75695 20.68430 11.03503
v 87.75808 20.68100 11.05433
v 87.72613 20.70567 10.68084
v 87.72350 20.70653 10.72060
v 87.76757 20.70884 10.67881
v 87.76703 20.70894 10.71762
v 87.73295 20.67334 10.71040
v 87.73267 20.67264 10.68600
v 87.75778 20.68120 10.68933
v 87.75791 20.68239 10.70744
v 87.72496 20.70536 10.33243
v 87.76785 20.70826 10.33294
v 87.76600 20.71044 10.37279
v 87.72527 20.70770 10.37501
v 87.73246 20.67156 10.33956
v 87.75811 20.68124 10.34201
v 87.75586 20.68520 10.36215
v 87.73421 20.67868 10.36444
v 87.72410 20.70443 9.98652
v 87.73352 20.71845 9.94632
v 87.75591 20.72155 9.94779
v 87.76849 20.70772 9.98580
v 87.76265 20.71338 10.02598
v 87.72690 20.70974 10.02953
v 87.73272 20.67261 9.99095
v 87.75784 20.68172 9.99165
v 87.73601 20.68656 10.01880
v 87.72493 20.70531 9.29710
v 87.72538 20.70811 9.25406
v 87.76550 20.71106 9.25654
v 87.76797 20.70811 9.29666
v 87.73254 20.67164 9.28949
v 87.73447 20.68134 9.26401
v 87.75552 20.68656 9.26652
v 87.75802 20.68134 9.28756
v 87.72560 20.70559 8.94842
v 87.72413 20.70675 8.90791
v 87.76665 20.70922 8.91047
v 87.76779 20.70866 8.94938
v 87.73244 20.67230 8.94306
v 87.73333 20.67393 8.91874
v 87.75766 20.68315 8.92108
v 87.75793 20.68098 8.93950
v 87.72566 20.70545 8.56582
v 87.76758 20.70841 8.56490
v 87.76692 20.70962 8.60388
v 87.72394 20.70707 8.60670
v 87.73233 20.67206 8.57171
v 87.75797 20.68085 8.57532
v 87.75747 20.68409 8.59425
v 87.73365 20.67458 8.59595
v 87.72473 20.70528 8.21726
v 87.73601 20.72331 8.17844
v 87.76814 20.70814 8.21786
v 87.76473 20.71127 8.25820
v 87.72593 20.70823 8.26051
v 87.73262 20.67186 8.22514
v 87.75800 20.68148 8.22653
v 87.75457 20.68657 8.24806
v 87.73458 20.68369 8.25131
v 87.72340 20.70419 7.87291
v 87.73187 20.71407 7.83234
v 87.75932 20.72000 7.83370
v 87.76856 20.70744 7.87258
v 87.76079 20.71571 7.91225
v 87.72953 20.71078 7.91453
v 87.73280 20.67296 7.87477
v 87.75784 20.68172 7.87477
v 87.72433 20.70459 7.52793
v 87.72613 20.70961 7.48452
v 87.76302 20.71267 7.48848
v 87.76836 20.70795 7.52905
v 87.75481 20.72331 7.56735
v 87.73497 20.71949 7.56818
v 87.73270 20.67251 7.52285
v 87.73601 20.68657 7.49516
v 87.75784 20.68172 7.52195
v 88.06574 20.70399 11.75553
v 88.07259 20.71331 11.71424
v 88.10233 20.71720 11.71644
v 88.11046 20.70687 11.75527
v 88.10257 20.71628 11.79434
v 88.07188 20.71318 11.79692
v 88.07507 20.67281 11.75572
v 88.09971 20.68078 11.75572
v 88.06694 20.70481 11.41010
v 88.06695 20.70971 11.36642
v 88.10595 20.71135 11.37058
v 88.10998 20.70774 11.41156
v 88.07900 20.72172 11.45051
v 88.07486 20.67202 11.40460
v 88.07809 20.68456 11.37783
v 88.09438 20.68656 11.37990
v 88.09982 20.68066 11.40337
v 88.06785 20.70536 11.06296
v 88.06575 20.70772 11.02099
v 88.10772 20.70922 11.02475
v 88.10992 20.70810 11.06442
v 88.07479 20.67149 11.05684
v 88.07581 20.67629 11.03232
v 88.09863 20.68315 11.03466
v 88.10005 20.68005 11.05484
v 88.06845 20.70571 10.68103
v 88.06543 20.70663 10.72058
v 88.10941 20.70848 10.67842
v 88.10881 20.70854 10.71790
v 88.07517 20.67319 10.71040
v 88.07499 20.67249 10.68606
v 88.09977 20.68044 10.68841
v 88.09965 20.68120 10.70808
v 88.06720 20.70540 10.33252
v 88.10974 20.70795 10.33267
v 88.10765 20.70985 10.37273
v 88.06723 20.70784 10.37512
v 88.07471 20.67142 10.33956
v 88.10004 20.68017 10.34157
v 88.09768 20.68462 10.36270
v 88.07653 20.67851 10.36445
v 88.06623 20.70445 9.98666
v 88.07651 20.71845 9.94632
v 88.09890 20.72155 9.94779
v 88.11027 20.70743 9.98551
v 88.10457 20.71249 10.02613
v 88.06890 20.70995 10.02962
v 88.07496 20.67245 9.99093
v 88.09971 20.68078 9.99165
v 88.07900 20.68656 10.01880
v 88.06574 20.70430 9.64200
v 88.07100 20.71037 9.59972
v 88.10371 20.71473 9.60207
v 88.11034 20.70713 9.64226
v 88.09989 20.71876 9.68061
v 88.07482 20.71597 9.68256
v 88.07507 20.67281 9.63884
v 88.09971 20.68078 9.63884
v 88.06704 20.70535 9.29714
v 88.06769 20.70820 9.25416
v 88.10762 20.71064 9.25614
v 88.10966 20.70775 9.29658
v 88.07476 20.67148 9.28953
v 88.07700 20.68120 9.26404
v 88.09747 20.68656 9.26564
v 88.09990 20.68029 9.28776
v 88.06794 20.70563 8.94821
v 88.06597 20.70687 8.90785
v 88.10831 20.70873 8.91037
v 88.10973 20.70834 8.94990
v 88.07482 20.67216 8.94296
v 88.07544 20.67379 8.91868
v 88.09920 20.68151 8.92082
v 88.10002 20.68035 8.94057
v 88.06802 20.70548 8.56603
v 88.10956 20.70812 8.56435
v 88.10849 20.70908 8.60391
v 88.06571 20.70720 8.60681
v 88.07475 20.67192 8.57183
v 88.10013 20.68029 8.57417
v 88.09881 20.68185 8.59402
v 88.07566 20.67446 8.59608
v 88.06685 20.70532 8.21724
v 88.07900 20.72331 8.17844
v 88.10985 20.70779 8.21786
v 88.10682 20.71079 8.25856
v 88.06822 20.70833 8.26043
v 88.07488 20.67171 8.22515
v 88.09991 20.68042 8.22625
v 88.09650 20.68657 8.24891
v 88.07690 20.68358 8.25134
v 88.06558 20.70426 7.87286
v 88.07391 20.71426 7.83219
v 88.10089 20.71798 7.83408
v 88.11046 20.70705 7.87272
v 88.10288 20.71510 7.91243
v 88.07179 20.71081 7.91454
v 88.07507 20.67282 7.87477
v 88.09971 20.68078 7.87477
v 88.06647 20.70462 7.52782
v 88.06813 20.70981 7.48445
v 88.10500 20.71193 7.48828
v 88.11014 20.70764 7.52925
v 88.09780 20.72331 7.56735
v 88.07795 20.71949 7.56818
v 88.07493 20.67234 7.52288
v 88.07900 20.68657 7.49516
v 88.09971 20.68078 7.52195
v 88.40842 20.70400 11.75553
v 88.41387 20.71327 11.71429
v 88.44318 20.71644 11.71583
v 88.45299 20.70678 11.75528
v 88.44359 20.71578 11.79502
v 88.41316 20.71313 11.79685
v 88.41656 20.67291 11.75572
v 88.44067 20.67813 11.75572
v 88.40942 20.70478 11.40991
v 88.40866 20.70951 11.36669
v 88.44768 20.71158 11.36965
v 88.45216 20.70769 11.41197
v 88.43625 20.72330 11.44993
v 88.42040 20.72155 11.45058
v 88.41631 20.67211 11.40464
v 88.42021 20.68444 11.37778
v 88.43619 20.68656 11.37920
v 88.44080 20.67789 11.40359
v 88.41036 20.70527 11.06256
v 88.40754 20.70761 11.02120
v 88.44945 20.70932 11.02404
v 88.45206 20.70822 11.06538
v 88.41616 20.67166 11.05696
v 88.41758 20.67614 11.03229
v 88.43984 20.68173 11.03413
v 88.44093 20.67702 11.05503
v 88.41088 20.70560 10.68142
v 88.40752 20.70650 10.72024
v 88.45140 20.70860 10.67753
v 88.45076 20.70866 10.71875
v 88.41679 20.67323 10.71051
v 88.41636 20.67263 10.68584
v 88.44068 20.67759 10.68842
v 88.44066 20.67881 10.70835
v 88.40971 20.70531 10.33292
v 88.45197 20.70806 10.33168
v 88.44912 20.70991 10.37329
v 88.40896 20.70772 10.37497
v 88.41605 20.67155 10.33943
v 88.44092 20.67721 10.34142
v 88.43909 20.68385 10.36334
v 88.41856 20.67829 10.36443
v 88.40884 20.70447 9.98669
v 88.41721 20.71851 9.94619
v 88.43868 20.71978 9.94750
v 88.45269 20.70729 9.98548
v 88.44616 20.71265 10.02701
v 88.41057 20.70973 10.02939
v 88.41640 20.67251 9.99086
v 88.44067 20.67813 9.99165
v 88.42198 20.68656 10.01880
v 88.40834 20.70432 9.64195
v 88.41263 20.71016 9.59990
v 88.44500 20.71458 9.60126
v 88.45278 20.70700 9.64237
v 88.44065 20.71854 9.68141
v 88.41615 20.71577 9.68249
v 88.41656 20.67291 9.63884
v 88.44067 20.67813 9.63884
v 88.40940 20.70527 9.29691
v 88.40981 20.70800 9.25451
v 88.44944 20.71089 9.25519
v 88.45169 20.70781 9.29718
v 88.41623 20.67160 9.28954
v 88.41862 20.68113 9.26390
v 88.43830 20.68462 9.26564
v 88.44093 20.67743 9.28822
v 88.41040 20.70553 8.94782
v 88.40798 20.70674 8.90815
v 88.45016 20.70886 8.90958
v 88.45179 20.70846 8.95082
v 88.41608 20.67235 8.94321
v 88.41725 20.67372 8.91865
v 88.44038 20.67968 8.92036
v 88.44084 20.67725 8.94047
v 88.41050 20.70538 8.56643
v 88.45166 20.70824 8.56342
v 88.45029 20.70918 8.60468
v 88.40765 20.70708 8.60653
v 88.41590 20.67215 8.57151
v 88.44082 20.67694 8.57443
v 88.44031 20.68101 8.59488
v 88.41771 20.67424 8.59599
v 88.40922 20.70524 8.21749
v 88.42198 20.72331 8.17844
v 88.45190 20.70784 8.21723
v 88.44861 20.71105 8.25950
v 88.41029 20.70813 8.26009
v 88.41627 20.67178 8.22504
v 88.44081 20.67764 8.22628
v 88.43837 20.68657 8.24968
v 88.41925 20.68345 8.25131
v 88.40817 20.70427 7.87293
v 88.41550 20.71398 7.83233
v 88.44193 20.71798 7.83322
v 88.45289 20.70693 7.87256
v 88.44410 20.71487 7.91318
v 88.41336 20.71060 7.91439
v 88.41656 20.67291 7.87477
v 88.44067 20.67813 7.87477
v 88.40901 20.70461 7.52770
v 88.40981 20.70960 7.48469
v 88.44666 20.71213 7.48737
v 88.45244 20.70752 7.52947
v 88.43749 20.72155 7.56755
v 88.41907 20.71934 7.56825
v 88.41635 20.67240 7.52296
v 88.42198 20.68657 7.49516
v 88.44067 20.67813 7.52195
v 88.75067 20.70407 11.75552
v 88.75598 20.71368 11.71412
v 88.78519 20.71521 11.71606
v 88.79480 20.70647 11.75531
v 88.78565 20.71472 11.79487
v 88.75529 20.71351 11.79700
v 88.75856 20.67292 11.75572
v 88.78241 20.67724 11.75572
v 88.75165 20.70484 11.40982
v 88.75068 20.70985 11.36665
v 88.78974 20.71085 11.36953
v 88.79386 20.70736 11.41200
v 88.77924 20.72330 11.44993
v 88.76338 20.72155 11.45058
v 88.75830 20.67214 11.40463
v 88.76237 20.68430 11.37781
v 88.77797 20.68656 11.37858
v 88.78257 20.67691 11.40379
v 88.75281 20.70533 11.06225
v 88.74910 20.70789 11.02103
v 88.79101 20.70870 11.02406
v 88.79403 20.70789 11.06596
v 88.75825 20.67169 11.05682
v 88.75938 20.67619 11.03224
v 88.78122 20.68031 11.03384
v 88.78282 20.67619 11.05568
v 88.75325 20.70569 10.68170
v 88.74947 20.70667 10.72012
v 88.79322 20.70819 10.67713
v 88.79252 20.70821 10.71906
v 88.75872 20.67326 10.71041
v 88.75842 20.67262 10.68603
v 88.78253 20.67686 10.68754
v 88.78228 20.67771 10.70902
v 88.75218 20.70538 10.33324
v 88.79403 20.70777 10.33103
v 88.79046 20.70910 10.37297
v 88.75047 20.70804 10.37525
v 88.75813 20.67160 10.33956
v 88.78282 20.67629 10.34079
v 88.78031 20.68217 10.36336
v 88.76030 20.67832 10.36452
v 88.75104 20.70452 9.98683
v 88.76020 20.71851 9.94619
v 88.78166 20.71978 9.94750
v 88.79437 20.70698 9.98525
v 88.78814 20.71167 10.02700
v 88.75254 20.71013 10.02950
v 88.75836 20.67250 9.99081
v 88.78241 20.67724 9.99165
v 88.76497 20.68656 10.01880
v 88.75059 20.70438 9.64185
v 88.75458 20.71062 9.59971
v 88.78682 20.71314 9.60151
v 88.79460 20.70672 9.64256
v 88.78302 20.71749 9.68110
v 88.75856 20.71606 9.68263
v 88.75856 20.67292 9.63884
v 88.78241 20.67724 9.63884
v 88.75187 20.70533 9.29658
v 88.75126 20.70837 9.25414
v 88.79050 20.70986 9.25578
v 88.79382 20.70755 9.29787
v 88.75821 20.67164 9.28952
v 88.76073 20.68100 9.26395
v 88.78003 20.68430 9.26508
v 88.78269 20.67642 9.28847
v 88.75280 20.70561 8.94753
v 88.74984 20.70693 8.90819
v 88.79184 20.70834 8.90940
v 88.79368 20.70809 8.95132
v 88.75822 20.67233 8.94298
v 88.75906 20.67380 8.91866
v 88.78181 20.67820 8.91995
v 88.78279 20.67665 8.94146
v 88.75292 20.70546 8.56672
v 88.79359 20.70790 8.56290
v 88.79191 20.70862 8.60481
v 88.74942 20.70730 8.60654
v 88.75810 20.67213 8.57178
v 88.78286 20.67643 8.57337
v 88.78148 20.67893 8.59495
v 88.75940 20.67437 8.59606
v 88.75155 20.70532 8.21766
v 88.76497 20.72331 8.17844
v 88.79382 20.70754 8.21690
v 88.79012 20.71016 8.25921
v 88.75215 20.70844 8.26026
v 88.75830 20.67183 8.22511
v 88.78263 20.67663 8.22590
v 88.77946 20.68543 8.24994
v 88.76102 20.68348 8.25139
v 88.75033 20.70436 7.87298
v 88.75802 20.71416 7.83225
v 88.78434 20.71720 7.83338
v 88.79460 20.70658 7.87249
v 88.78623 20.71401 7.91312
v 88.75565 20.71083 7.91446
v 88.75856 20.67292 7.87477
v 88.78241 20.67725 7.87477
v 88.75122 20.70467 7.52758
v 88.75180 20.70997 7.48461
v 88.78868 20.71127 7.48733
v 88.79415 20.70720 7.52961
v 88.78048 20.72155 7.56755
v 88.76206 20.71934 7.56825
v 88.75838 20.67244 7.52291
v 88.76365 20.68657 7.49500
v 88.77556 20.68657 7.49638
v 88.78249 20.67714 7.52225
v 89.09260 20.70422 11.75552
v 89.09724 20.71352 11.71437
v 89.12627 20.71522 11.71531
v 89.13601 20.70599 11.75534
v 89.12681 20.71481 11.79564
v 89.09656 20.71335 11.79673
v 89.10022 20.67317 11.75572
v 89.12380 20.67595 11.75572
v 89.09351 20.70492 11.40969
v 89.09208 20.70978 11.36702
v 89.13114 20.71086 11.36870
v 89.13489 20.70696 11.41203
v 89.11988 20.72330 11.45052
v 89.10497 20.72133 11.45051
v 89.09992 20.67241 11.40465
v 89.10460 20.68414 11.37791
v 89.11972 20.68656 11.37804
v 89.12396 20.67553 11.40389
v 89.09507 20.70573 10.68185
v 89.09115 20.70665 10.71983
v 89.13395 20.70781 10.67735
v 89.13394 20.70812 10.71961
v 89.10068 20.67337 10.71039
v 89.09981 20.67299 10.68567
v 89.12369 20.67529 10.68794
v 89.12393 20.67679 10.70926
v 89.09402 20.70542 10.33347
v 89.13493 20.70743 10.33081
v 89.13184 20.70908 10.37365
v 89.09196 20.70799 10.37494
v 89.09968 20.67191 10.33948
v 89.12412 20.67483 10.34073
v 89.12209 20.68173 10.36380
v 89.10237 20.67823 10.36442
v 89.09300 20.70465 9.98683
v 89.10088 20.71860 9.94620
v 89.12210 20.71919 9.94704
v 89.13561 20.70654 9.98539
v 89.12944 20.71159 10.02775
v 89.09386 20.71006 10.02921
v 89.10004 20.67279 9.99087
v 89.12387 20.67585 9.99140
v 89.11599 20.68656 10.01813
v 89.10662 20.68656 10.01891
v 89.09450 20.70568 8.94745
v 89.09171 20.70684 8.90868
v 89.13351 20.70838 8.90854
v 89.13426 20.70766 8.95101
v 89.09951 20.67274 8.94337
v 89.10123 20.67378 8.91883
v 89.12371 20.67766 8.91939
v 89.12384 20.67498 8.94105
v 89.09467 20.70551 8.56684
v 89.13423 20.70749 8.56312
v 89.13353 20.70864 8.60565
v 89.09121 20.70722 8.60608
v 89.09950 20.67248 8.57154
v 89.12404 20.67492 8.57352
v 89.12327 20.67820 8.59540
v 89.10148 20.67439 8.59594
v 89.09231 20.70449 7.87300
v 89.09920 20.71403 7.83244
v 89.12498 20.71677 7.83276
v 89.13596 20.70617 7.87250
v 89.12716 20.71350 7.91366
v 89.09688 20.71082 7.91428
v 89.10022 20.67317 7.87477
v 89.12380 20.67595 7.87477
v 89.09313 20.70478 7.52751
v 89.09313 20.70990 7.48493
v 89.13003 20.71123 7.48655
v 89.13529 20.70677 7.52956
v 89.12099 20.72120 7.56804
v 89.10330 20.71915 7.56817
v 89.10005 20.67272 7.52286
v 89.10530 20.68657 7.49494
v 89.11727 20.68657 7.49593
v 89.12392 20.67575 7.52246
v 89.43446 20.70440 11.75550
v 89.43977 20.71383 11.71426
v 89.46882 20.71466 11.71545
v 89.47724 20.70556 11.75537
v 89.46937 20.71430 11.79553
v 89.43910 20.71364 11.79683
v 89.44189 20.67364 11.75572
v 89.46544 20.67479 11.75572
v 89.43542 20.70511 11.40982
v 89.43442 20.71013 11.36698
v 89.47350 20.71035 11.36869
v 89.47620 20.70649 11.41163
v 89.46287 20.72330 11.45052
v 89.44796 20.72133 11.45051
v 89.44146 20.67284 11.40482
v 89.44758 20.68414 11.37791
v 89.46270 20.68656 11.37804
v 89.46553 20.67439 11.40374
v 89.43662 20.70561 11.06227
v 89.43283 20.70809 11.02138
v 89.47475 20.70834 11.02323
v 89.47596 20.70693 11.06523
v 89.44139 20.67243 11.05706
v 89.44318 20.67676 11.03210
v 89.46471 20.67810 11.03362
v 89.46569 20.67367 11.05564
v 89.43730 20.70592 10.68185
v 89.43280 20.70698 10.72023
v 89.47560 20.70733 10.67766
v 89.47544 20.70756 10.71908
v 89.44230 20.67390 10.71066
v 89.44153 20.67341 10.68556
v 89.46548 20.67433 10.68780
v 89.46539 20.67536 10.70900
v 89.43601 20.70564 10.33332
v 89.47625 20.70690 10.33128
v 89.47393 20.70863 10.37358
v 89.43408 20.70827 10.37504
v 89.44114 20.67241 10.33922
v 89.46565 20.67363 10.34093
v 89.46432 20.68116 10.36383
v 89.44474 20.67832 10.36444
v 89.43488 20.70482 9.98681
v 89.44387 20.71860 9.94620
v 89.46509 20.71919 9.94704
v 89.47686 20.70610 9.98555
v 89.47176 20.71094 10.02767
v 89.43617 20.71047 10.02931
v 89.44165 20.67324 9.99080
v 89.46549 20.67469 9.99143
v 89.45898 20.68656 10.01813
v 89.44960 20.68656 10.01891
v 89.43445 20.70468 9.64181
v 89.43812 20.71108 9.59978
v 89.47017 20.71196 9.60107
v 89.47720 20.70589 9.64250
v 89.46653 20.71690 9.68162
v 89.44228 20.71617 9.68257
v 89.44189 20.67364 9.63884
v 89.46544 20.67479 9.63884
v 89.43573 20.70559 9.29644
v 89.43477 20.70866 9.25424
v 89.47368 20.70922 9.25538
v 89.47624 20.70675 9.29790
v 89.44127 20.67239 9.28981
v 89.44546 20.68089 9.26406
v 89.46419 20.68373 9.26452
v 89.46558 20.67382 9.28835
v 89.43659 20.70589 8.94756
v 89.43360 20.70714 8.90839
v 89.47520 20.70786 8.90896
v 89.47576 20.70714 8.95056
v 89.44103 20.67323 8.94361
v 89.44309 20.67422 8.91863
v 89.46524 20.67626 8.91967
v 89.46555 20.67394 8.94102
v 89.43656 20.70577 8.56653
v 89.47539 20.70688 8.56399
v 89.47573 20.70831 8.60576
v 89.43352 20.70742 8.60602
v 89.44077 20.67308 8.57107
v 89.46550 20.67366 8.57387
v 89.46531 20.67742 8.59555
v 89.44376 20.67458 8.59589
v 89.43541 20.70556 8.21787
v 89.45094 20.72331 8.17844
v 89.47636 20.70677 8.21668
v 89.47310 20.70941 8.25941
v 89.43560 20.70875 8.26026
v 89.44154 20.67257 8.22503
v 89.46562 20.67404 8.22579
v 89.46321 20.68430 8.25021
v 89.44513 20.68370 8.25148
v 89.43422 20.70465 7.87302
v 89.44172 20.71441 7.83228
v 89.46746 20.71595 7.83303
v 89.47731 20.70579 7.87251
v 89.46938 20.71250 7.91339
v 89.43915 20.71135 7.91448
v 89.44189 20.67364 7.87477
v 89.46544 20.67479 7.87477
v 89.43502 20.70496 7.52757
v 89.43545 20.71028 7.48485
v 89.47237 20.71065 7.48659
v 89.47658 20.70632 7.52929
v 89.46398 20.72120 7.56804
v 89.44629 20.71915 7.56817
v 89.44165 20.67317 7.52295
v 89.44828 20.68657 7.49494
v 89.46026 20.68657 7.49593
v 89.46553 20.67460 7.52238
v 89.77675 20.70447 11.75550
v 89.78055 20.71403 11.71453
v 89.80954 20.71429 11.71493
v 89.81915 20.70539 11.75539
v 89.81014 20.71401 11.79609
v 89.77991 20.71380 11.79652
v 89.78368 20.67380 11.75572
v 89.80727 20.67444 11.75572
v 89.77755 20.70519 11.40971
v 89.77583 20.70995 11.36754
v 89.81488 20.71053 11.36789
v 89.81786 20.70628 11.41168
v 89.80223 20.72199 11.45047
v 89.78839 20.72155 11.45054
v 89.78329 20.67306 11.40469
v 89.78919 20.68430 11.37788
v 89.80342 20.68543 11.37806
v 89.80745 20.67395 11.40403
v 89.77869 20.70559 11.06188
v 89.77439 20.70797 11.02192
v 89.81631 20.70846 11.02248
v 89.81737 20.70685 11.06560
v 89.78321 20.67263 11.05689
v 89.78493 20.67688 11.03230
v 89.80643 20.67774 11.03314
v 89.80757 20.67329 11.05602
v 89.77950 20.70586 10.68242
v 89.77427 20.70696 10.71987
v 89.81713 20.70733 10.67704
v 89.81684 20.70754 10.71960
v 89.78404 20.67410 10.71047
v 89.78337 20.67355 10.68586
v 89.80741 20.67406 10.68718
v 89.80711 20.67491 10.70946
v 89.77809 20.70563 10.33374
v 89.81774 20.70682 10.33079
v 89.81536 20.70874 10.37425
v 89.77556 20.70816 10.37457
v 89.78295 20.67263 10.33937
v 89.80756 20.67323 10.34055
v 89.80580 20.68060 10.36419
v 89.78655 20.67836 10.36428
v 89.77706 20.70492 9.98687
v 89.78453 20.71871 9.94636
v 89.80568 20.71889 9.94664
v 89.81858 20.70589 9.98553
v 89.81306 20.71110 10.02842
v 89.77749 20.71030 10.02880
v 89.78347 20.67344 9.99088
v 89.80737 20.67427 9.99126
v 89.80065 20.68656 10.01846
v 89.79124 20.68656 10.01893
v 89.77668 20.70477 9.64180
v 89.77937 20.71094 9.60022
v 89.81133 20.71202 9.60039
v 89.81901 20.70568 9.64249
v 89.80716 20.71655 9.68206
v 89.78300 20.71633 9.68238
v 89.78368 20.67380 9.63884
v 89.80727 20.67445 9.63884
v 89.77782 20.70558 9.29600
v 89.77616 20.70856 9.25466
v 89.81497 20.70928 9.25478
v 89.81779 20.70669 9.29845
v 89.78318 20.67259 9.28956
v 89.78681 20.68136 9.26398
v 89.80505 20.68229 9.26453
v 89.80756 20.67343 9.28882
v 89.77880 20.70583 8.94698
v 89.77497 20.70713 8.90865
v 89.81641 20.70781 8.90859
v 89.81741 20.70715 8.95127
v 89.78294 20.67334 8.94323
v 89.78475 20.67448 8.91872
v 89.80674 20.67559 8.91939
v 89.80760 20.67374 8.94173
v 89.77879 20.70571 8.56712
v 89.81711 20.70691 8.56325
v 89.81680 20.70821 8.60604
v 89.77481 20.70743 8.60580
v 89.78273 20.67317 8.57149
v 89.80762 20.67350 8.57312
v 89.80653 20.67642 8.59559
v 89.78534 20.67491 8.59591
v 89.77750 20.70555 8.21833
v 89.79393 20.72331 8.17844
v 89.81794 20.70671 8.21608
v 89.81430 20.70946 8.25994
v 89.77696 20.70866 8.25988
v 89.78335 20.67277 8.22511
v 89.80748 20.67362 8.22560
v 89.80486 20.68409 8.25061
v 89.78686 20.68377 8.25138
v 89.77650 20.70474 7.87296
v 89.78237 20.71475 7.83243
v 89.80789 20.71522 7.83269
v 89.81922 20.70561 7.87262
v 89.81045 20.71249 7.91403
v 89.78035 20.71123 7.91407
v 89.78368 20.67381 7.87477
v 89.80727 20.67445 7.87477
v 89.77721 20.70506 7.52754
v 89.77679 20.71010 7.48537
v 89.81370 20.71082 7.48582
v 89.81832 20.70609 7.52925
v 89.80378 20.72000 7.56809
v 89.78676 20.71946 7.56817
v 89.78347 20.67337 7.52288
v 89.78993 20.68657 7.49496
v 89.80194 20.68657 7.49555
v 89.80739 20.67418 7.52253
v 90.11861 20.70463 11.75548
v 90.12354 20.71403 11.71453
v 90.15252 20.71429 11.71493
v 90.16034 20.70512 11.75542
v 90.15313 20.71401 11.79609
v 90.12290 20.71380 11.79652
v 90.12563 20.67398 11.75572
v 90.14924 20.67419 11.75572
v 90.11953 20.70535 11.40998
v 90.11849 20.71020 11.36750
v 90.15756 20.71024 11.36793
v 90.15924 20.70600 11.41119
v 90.14522 20.72199 11.45047
v 90.13138 20.72155 11.45054
v 90.12530 20.67331 11.40450
v 90.13073 20.68452 11.37791
v 90.14465 20.68486 11.37798
v 90.14949 20.67360 11.40428
v 90.12073 20.70579 11.06223
v 90.11676 20.70819 11.02184
v 90.15870 20.70821 11.02254
v 90.15870 20.70649 11.06484
v 90.12524 20.67279 11.05659
v 90.12667 20.67720 11.03249
v 90.14816 20.67729 11.03282
v 90.14963 20.67306 11.05642
v 90.12158 20.70606 10.68203
v 90.11649 20.70718 10.72000
v 90.15840 20.70693 10.67802
v 90.15904 20.70727 10.71946
v 90.12593 20.67432 10.71017
v 90.12537 20.67369 10.68625
v 90.14944 20.67386 10.68665
v 90.14900 20.67458 10.70989
v 90.12014 20.70582 10.33346
v 90.15915 20.70649 10.33138
v 90.15770 20.70845 10.37411
v 90.11789 20.70840 10.37471
v 90.12506 20.67279 10.33976
v 90.14973 20.67302 10.34005
v 90.14706 20.67944 10.36416
v 90.12804 20.67903 10.36432
v 90.11900 20.70507 9.98672
v 90.12752 20.71871 9.94636
v 90.14867 20.71889 9.94664
v 90.15991 20.70563 9.98582
v 90.15572 20.71075 10.02834
v 90.12012 20.71059 10.02889
v 90.12545 20.67367 9.99098
v 90.14938 20.67395 9.99111
v 90.14230 20.68656 10.01871
v 90.13288 20.68656 10.01886
v 90.11860 20.70491 9.64185
v 90.12198 20.71130 9.60009
v 90.15398 20.71159 9.60052
v 90.16032 20.70544 9.64237
v 90.15015 20.71655 9.68206
v 90.12598 20.71633 9.68238
v 90.12563 20.67398 9.63884
v 90.14924 20.67419 9.63884
v 90.11989 20.70576 9.29623
v 90.11845 20.70884 9.25446
v 90.15725 20.70894 9.25500
v 90.15926 20.70638 9.29798
v 90.12519 20.67283 9.28935
v 90.12852 20.68158 9.26411
v 90.14664 20.68188 9.26430
v 90.14961 20.67310 9.28910
v 90.12090 20.70602 8.94729
v 90.11713 20.70738 8.90843
v 90.15855 20.70751 8.90884
v 90.15881 20.70679 8.95053
v 90.12501 20.67345 8.94278
v 90.12655 20.67477 8.91892
v 90.14849 20.67513 8.91909
v 90.14972 20.67359 8.94232
v 90.12092 20.70588 8.56684
v 90.15859 20.70658 8.56390
v 90.15887 20.70787 8.60573
v 90.11692 20.70771 8.60607
v 90.12485 20.67327 8.57198
v 90.14981 20.67338 8.57249
v 90.14812 20.67578 8.59575
v 90.12704 20.67530 8.59580
v 90.11957 20.70573 8.21814
v 90.13692 20.72331 8.17844
v 90.15945 20.70640 8.21648
v 90.15655 20.70908 8.25966
v 90.11922 20.70896 8.26013
v 90.12534 20.67301 8.22525
v 90.14949 20.67329 8.22541
v 90.14655 20.68395 8.25094
v 90.12857 20.68385 8.25120
v 90.11841 20.70487 7.87297
v 90.12536 20.71475 7.83243
v 90.15088 20.71522 7.83269
v 90.16051 20.70537 7.87262
v 90.15308 20.71200 7.91386
v 90.12295 20.71163 7.91422
v 90.12563 20.67398 7.87477
v 90.14924 20.67420 7.87477
v 90.11917 20.70522 7.52773
v 90.11943 20.71038 7.48530
v 90.15638 20.71050 7.48589
v 90.15968 20.70582 7.52887
v 90.14677 20.72000 7.56809
v 90.12975 20.71946 7.56817
v 90.12544 20.67360 7.52278
v 90.13157 20.68657 7.49507
v 90.14360 20.68657 7.49527
v 90.14939 20.67386 7.52267
v 90.45604 20.70603 11.75543
v 90.46515 20.71877 11.71231
v 90.49328 20.71403 11.71453
v 90.49775 20.70460 11.75549
v 90.49392 20.71380 11.79652
v 90.46457 20.71828 11.79880
v 90.46744 20.67430 11.75572
v 90.49104 20.67388 11.75572
v 90.45695 20.70629 11.41150
v 90.45946 20.71095 11.36779
v 90.49833 20.71020 11.36750
v 90.49685 20.70531 11.40981
v 90.48544 20.72155 11.45054
v 90.47160 20.72807 11.45540
v 90.46717 20.67371 11.40430
v 90.47217 20.68486 11.37798
v 90.48609 20.68452 11.37791
v 90.49135 20.67321 11.40448
v 90.45738 20.70686 11.06532
v 90.45812 20.70821 11.02254
v 90.50006 20.70819 11.02184
v 90.49562 20.70573 11.06190
v 90.46708 20.67312 11.05634
v 90.46841 20.67759 11.03275
v 90.48989 20.67695 11.03256
v 90.49147 20.67274 11.05665
v 90.45742 20.70710 10.67709
v 90.45777 20.70727 10.71946
v 90.49472 20.70598 10.68251
v 90.50033 20.70718 10.72000
v 90.46767 20.67471 10.70986
v 90.46724 20.67396 10.68669
v 90.49131 20.67360 10.68621
v 90.49073 20.67421 10.71019
v 90.45697 20.70684 10.33102
v 90.49622 20.70576 10.33374
v 90.49893 20.70840 10.37471
v 90.45912 20.70845 10.37411
v 90.46700 20.67308 10.34014
v 90.49166 20.67273 10.33969
v 90.48847 20.67863 10.36416
v 90.46943 20.67995 10.36435
v 90.45626 20.70591 9.98569
v 90.46815 20.71889 9.94664
v 90.48930 20.71871 9.94636
v 90.49737 20.70503 9.98684
v 90.49670 20.71059 10.02889
v 90.46109 20.71075 10.02834
v 90.46729 20.67406 9.99110
v 90.49121 20.67358 9.99099
v 90.48394 20.68656 10.01886
v 90.47452 20.68656 10.01871
v 90.45680 20.70648 9.29840
v 90.45957 20.70894 9.25500
v 90.49837 20.70884 9.25446
v 90.49647 20.70570 9.29597
v 90.46704 20.67322 9.28915
v 90.47018 20.68188 9.26430
v 90.48830 20.68158 9.26411
v 90.49145 20.67273 9.28930
v 90.45708 20.70694 8.95129
v 90.45827 20.70751 8.90884
v 90.49969 20.70738 8.90843
v 90.49541 20.70594 8.94687
v 90.46698 20.67367 8.94226
v 90.46816 20.67529 8.91909
v 90.49010 20.67464 8.91891
v 90.49168 20.67338 8.94283
v 90.45735 20.70671 8.56320
v 90.49541 20.70581 8.56723
v 90.49990 20.70771 8.60607
v 90.45795 20.70787 8.60573
v 90.46689 20.67345 8.57255
v 90.49184 20.67320 8.57192
v 90.48959 20.67514 8.59579
v 90.46851 20.67598 8.59577
v 90.45663 20.70650 8.21610
v 90.49680 20.70567 8.21837
v 90.47990 20.72331 8.17844
v 90.49760 20.70896 8.26013
v 90.46027 20.70908 8.25966
v 90.46717 20.67340 8.22538
v 90.49131 20.67292 8.22528
v 90.48825 20.68385 8.25120
v 90.47027 20.68395 8.25094
v 90.45565 20.70565 7.87268
v 90.46594 20.71522 7.83269
v 90.49146 20.71475 7.83243
v 90.49794 20.70484 7.87301
v 90.49387 20.71163 7.91422
v 90.46373 20.71200 7.91386
v 90.46744 20.67431 7.87477
v 90.49104 20.67389 7.87477
v 90.45671 20.70674 7.52895
v 90.46140 20.71411 7.48353
v 90.49738 20.71038 7.48530
v 90.49721 20.70518 7.52760
v 90.48707 20.71946 7.56817
v 90.47022 20.72360 7.56886
v 90.46728 20.67397 7.52268
v 90.47322 20.68657 7.49527
v 90.48525 20.68657 7.49507
v 90.49122 20.67350 7.52277
v 90.79675 20.70634 11.75541
v 90.80132 20.71931 11.71213
v 90.83579 20.71367 11.71464
v 90.83993 20.70445 11.75550
v 90.83644 20.71347 11.79643
v 90.80110 20.71877 11.79896
v 90.80926 20.67460 11.75572
v 90.83284 20.67370 11.75572
v 90.79847 20.70659 11.41166
v 90.80092 20.71143 11.36778
v 90.84066 20.70982 11.36751
v 90.83907 20.70515 11.40977
v 90.82842 20.72155 11.45054
v 90.80388 20.72807 11.45540
v 90.80906 20.67410 11.40406
v 90.81340 20.68543 11.37806
v 90.82763 20.68430 11.37788
v 90.83320 20.67297 11.40464
v 90.79887 20.70722 11.06554
v 90.80031 20.70853 11.02258
v 90.84222 20.70791 11.02183
v 90.83792 20.70554 11.06189
v 90.80895 20.67345 11.05602
v 90.81014 20.67788 11.03318
v 90.83164 20.67680 11.03229
v 90.83329 20.67252 11.05687
v 90.79941 20.70742 10.67707
v 90.79967 20.70764 10.71959
v 90.83716 20.70582 10.68235
v 90.84224 20.70688 10.71987
v 90.80939 20.67509 10.70943
v 90.80914 20.67420 10.68727
v 90.83316 20.67346 10.68582
v 90.83246 20.67398 10.71047
v 90.79854 20.70717 10.33091
v 90.83852 20.70558 10.33372
v 90.84104 20.70809 10.37464
v 90.80124 20.70883 10.37416
v 90.80899 20.67336 10.34061
v 90.83358 20.67254 10.33935
v 90.82998 20.67821 10.36424
v 90.81064 20.68096 10.36426
v 90.79774 20.70619 9.98569
v 90.81114 20.71889 9.94664
v 90.83229 20.71871 9.94636
v 90.83956 20.70488 9.98680
v 90.83898 20.71014 10.02881
v 90.80344 20.71130 10.02841
v 90.80915 20.67442 9.99125
v 90.83304 20.67335 9.99089
v 90.82558 20.68656 10.01893
v 90.81617 20.68656 10.01846
v 90.79749 20.70575 9.64236
v 90.80407 20.71327 9.59999
v 90.83709 20.71075 9.60024
v 90.83993 20.70474 9.64189
v 90.83382 20.71633 9.68238
v 90.80965 20.71655 9.68206
v 90.80926 20.67460 9.63884
v 90.83284 20.67370 9.63884
v 90.79870 20.70678 9.29845
v 90.80162 20.70939 9.25486
v 90.84042 20.70848 9.25460
v 90.83879 20.70553 9.29602
v 90.80900 20.67356 9.28874
v 90.81127 20.68293 9.26432
v 90.82959 20.68103 9.26413
v 90.83337 20.67251 9.28960
v 90.79914 20.70723 8.95121
v 90.80007 20.70793 8.90856
v 90.84152 20.70704 8.90868
v 90.83787 20.70579 8.94705
v 90.80898 20.67385 8.94161
v 90.80971 20.67584 8.91937
v 90.83173 20.67434 8.91875
v 90.83361 20.67326 8.94329
v 90.79946 20.70698 8.56332
v 90.83788 20.70567 8.56704
v 90.84166 20.70733 8.60576
v 90.79965 20.70835 8.60609
v 90.80897 20.67360 8.57325
v 90.83383 20.67310 8.57142
v 90.83113 20.67474 8.59584
v 90.80986 20.67676 8.59568
v 90.79856 20.70679 8.21610
v 90.83911 20.70551 8.21830
v 90.82289 20.72331 8.17844
v 90.83962 20.70857 8.25994
v 90.80228 20.70958 8.25987
v 90.80902 20.67376 8.22554
v 90.83313 20.67269 8.22517
v 90.82996 20.68377 8.25138
v 90.81196 20.68409 8.25061
v 90.79720 20.70588 7.87273
v 90.80848 20.71583 7.83249
v 90.83394 20.71429 7.83259
v 90.84018 20.70471 7.87297
v 90.83610 20.71101 7.91403
v 90.80601 20.71280 7.91408
v 90.80926 20.67460 7.87477
v 90.83284 20.67371 7.87477
v 90.79747 20.70705 7.52902
v 90.79907 20.71470 7.48341
v 90.83969 20.70995 7.48536
v 90.83941 20.70503 7.52760
v 90.83005 20.71946 7.56817
v 90.80726 20.72360 7.56886
v 90.80913 20.67433 7.52255
v 90.81488 20.68657 7.49555
v 90.82689 20.68657 7.49496
v 90.83304 20.67328 7.52286
v 91.13937 20.70561 11.75537
v 91.14800 20.71466 11.71545
v 91.17649 20.71734 11.71230
v 91.18208 20.70498 11.75552
v 91.17713 20.71701 11.79889
v 91.14745 20.71430 11.79553
v 91.15108 20.67509 11.75572
v 91.17464 20.67348 11.75572
v 91.14041 20.70655 11.41173
v 91.14332 20.71035 11.36869
v 91.18224 20.71071 11.36687
v 91.18123 20.70523 11.40981
v 91.16908 20.72478 11.45324
v 91.15395 20.72330 11.45052
v 91.15097 20.67470 11.40377
v 91.15411 20.68656 11.37804
v 91.16924 20.68414 11.37791
v 91.17504 20.67268 11.40478
v 91.14061 20.70700 11.06542
v 91.14207 20.70834 11.02323
v 91.18399 20.70809 11.02138
v 91.18002 20.70574 11.06213
v 91.15082 20.67394 11.05568
v 91.15184 20.67852 11.03352
v 91.17340 20.67656 11.03218
v 91.17511 20.67229 11.05701
v 91.14107 20.70738 10.67756
v 91.14121 20.70762 10.71921
v 91.17943 20.70590 10.68188
v 91.18387 20.70694 10.72013
v 91.15109 20.67572 10.70906
v 91.15107 20.67459 10.68782
v 91.17501 20.67327 10.68559
v 91.17421 20.67372 10.71059
v 91.14034 20.70697 10.33112
v 91.18064 20.70577 10.33347
v 91.18274 20.70827 10.37504
v 91.14288 20.70863 10.37358
v 91.15081 20.67395 10.34079
v 91.17529 20.67224 10.33935
v 91.17207 20.67832 10.36444
v 91.15250 20.68116 10.36383
v 91.13974 20.70615 9.98549
v 91.15173 20.71919 9.94704
v 91.17295 20.71860 9.94620
v 91.18177 20.70495 9.98688
v 91.18065 20.71047 10.02931
v 91.14506 20.71094 10.02767
v 91.15102 20.67500 9.99143
v 91.17486 20.67308 9.99081
v 91.16721 20.68656 10.01891
v 91.15784 20.68656 10.01813
v 91.13941 20.70593 9.64254
v 91.14665 20.71196 9.60107
v 91.17855 20.71183 9.59952
v 91.18223 20.70465 9.64179
v 91.17453 20.71617 9.68257
v 91.15029 20.71690 9.68162
v 91.15108 20.67510 9.63884
v 91.17464 20.67348 9.63884
v 91.14035 20.70682 9.29804
v 91.14314 20.70922 9.25538
v 91.18205 20.70866 9.25424
v 91.18095 20.70556 9.29637
v 91.15090 20.67413 9.28843
v 91.15262 20.68373 9.26452
v 91.17136 20.68089 9.26406
v 91.17519 20.67223 9.28973
v 91.14092 20.70718 8.95063
v 91.14144 20.70793 8.90879
v 91.18306 20.70710 8.90851
v 91.18015 20.70587 8.94753
v 91.15103 20.67416 8.94096
v 91.15117 20.67676 8.91951
v 91.17340 20.67402 8.91873
v 91.17552 20.67310 8.94360
v 91.14117 20.70696 8.56377
v 91.18010 20.70573 8.56664
v 91.18330 20.70742 8.60602
v 91.14108 20.70831 8.60576
v 91.15100 20.67395 8.57380
v 91.17568 20.67291 8.57118
v 91.17289 20.67446 8.59587
v 91.15127 20.67774 8.59560
v 91.14024 20.70683 8.21656
v 91.18127 20.70553 8.21793
v 91.16839 20.73785 8.14986
v 91.18121 20.70875 8.26026
v 91.14372 20.70941 8.25941
v 91.15087 20.67435 8.22573
v 91.17494 20.67242 8.22509
v 91.17169 20.68370 8.25148
v 91.15361 20.68430 8.25021
v 91.13929 20.70584 7.87248
v 91.14936 20.71595 7.83303
v 91.17510 20.71441 7.83228
v 91.18242 20.70478 7.87311
v 91.17767 20.71135 7.91448
v 91.14744 20.71250 7.91339
v 91.15108 20.67510 7.87477
v 91.17464 20.67349 7.87477
v 91.14003 20.70637 7.52937
v 91.14445 20.71065 7.48659
v 91.18062 20.71329 7.48297
v 91.18153 20.70553 7.52746
v 91.17055 20.72136 7.56863
v 91.15284 20.72120 7.56805
v 91.15098 20.67490 7.52240
v 91.15656 20.68657 7.49593
v 91.16854 20.68657 7.49494
v 91.17486 20.67301 7.52293
v 84.22008 20.79206 6.74789
v 84.22008 20.72431 6.74789
v 84.22008 20.79205 12.42851
v 84.22008 20.72430 12.42851
v 92.41531 20.79206 6.74789
v 92.41531 20.72431 6.74789
v 92.41531 20.79205 12.42851
v 92.41531 20.72430 12.42851
v 86.41041 20.79205 12.42851
v 86.51949 20.79205 12.42851
v 86.51949 20.72430 12.42851
v 86.41041 20.72430 12.42851
v 86.51949 20.79206 6.74789
v 86.41041 20.79206 6.74789
v 86.41041 20.72431 6.74789
v 86.51949 20.72431 6.74789
v 92.41531 20.72430 10.97795
v 92.41531 20.72431 8.19845
v 92.41531 20.79205 10.97795
v 92.41531 20.79206 8.19845
v 84.22008 20.72430 10.97795
v 84.22008 20.72431 8.19845
v 84.22008 20.79206 8.19845
v 84.22008 20.79205 10.97795
v 86.41041 20.72431 8.19845
v 86.41041 20.72430 10.97795
v 86.51949 20.72431 8.19845
v 86.51949 20.72430 10.97795
v 86.51949 20.79206 8.19845
v 86.51949 20.79205 10.97795
v 86.41041 20.79206 8.19845
v 86.41041 20.79205 10.97795
v 86.40575 20.66457 8.19070
v 86.40076 20.66663 10.99399
v 86.52162 20.66428 8.19489
v 86.52162 20.66428 10.98151
v 86.38184 20.69574 8.15090
v 86.38184 20.69573 11.02550
v 86.54805 20.69574 8.15090
v 86.54805 20.69573 11.02550
v 86.39328 20.66973 8.16995
v 86.38460 20.68399 8.15551
v 86.38460 20.68398 11.02088
v 86.52917 20.66514 8.18233
v 86.54181 20.67828 8.16129
v 86.53970 20.67609 11.01160
v 92.14535 20.92539 7.06670
v 92.14776 20.95284 7.12852
v 92.14685 20.97173 7.07270
v 92.22398 20.93568 7.11926
v 92.20647 20.92539 7.07375
v 92.14546 20.94395 7.18315
v 92.20458 20.97181 7.07729
v 92.22611 20.92748 7.19421
v 92.22955 20.97153 7.12028
v 92.26847 20.92643 7.13829
v 92.28400 20.92746 7.18037
v 92.22128 20.97155 7.19062
v 92.19533 20.92539 7.23118
v 92.19328 20.97197 7.22933
v 92.15746 20.97178 7.22992
v 92.14933 20.92539 7.23346
v 92.13515 20.97126 7.19389
v 92.09222 20.92614 7.19095
v 92.09423 20.97177 7.18499
v 92.08693 20.92585 7.12177
v 92.09201 20.97174 7.12009
v 92.10357 20.92677 7.07586
v 92.25277 20.97217 7.14083
v 92.25241 20.97217 7.16218
v 92.10742 20.97217 7.08468
v 92.14587 20.97093 7.12387
v 84.45095 20.92656 12.10469
v 84.45040 20.97164 12.09839
v 84.44765 20.95284 12.03246
v 84.50756 20.94650 12.03243
v 84.52134 20.92673 11.96292
v 84.44914 20.92656 11.94978
v 84.40244 20.92539 12.08195
v 84.40447 20.97179 12.07719
v 84.38425 20.92539 12.03121
v 84.38975 20.97174 12.02831
v 84.40013 20.92539 11.97568
v 84.40333 20.97182 11.97806
v 84.44822 20.97164 11.95616
v 84.51389 20.97168 11.96778
v 84.52519 20.97129 12.03254
v 84.55510 20.92539 12.02703
v 84.52076 20.92577 12.09423
v 84.51644 20.97176 12.09051
v 84.55510 20.97217 12.02703
v 84.44125 20.97093 12.03357
v 84.44865 20.92537 7.18965
v 84.44975 20.94857 7.12318
v 84.44748 20.97173 7.18354
v 84.51841 20.94014 7.12864
v 84.51768 20.92899 7.04858
v 84.44157 20.93200 7.04116
v 84.40775 20.92537 7.16859
v 84.40925 20.97180 7.16393
v 84.38636 20.92537 7.12349
v 84.39124 20.97174 7.12252
v 84.39807 20.92537 7.05935
v 84.40053 20.97176 7.06392
v 84.44620 20.97153 7.03931
v 84.46936 20.92537 7.01985
v 84.51619 20.97163 7.05171
v 84.55301 20.92537 7.08161
v 84.55544 20.92537 7.11121
v 84.52664 20.97133 7.12320
v 84.51745 20.92621 7.18377
v 84.51059 20.97174 7.17577
v 84.46936 20.97216 7.01985
v 84.55301 20.97216 7.08161
v 84.55544 20.97216 7.11121
v 84.44783 20.97091 7.12427
v 90.24200 20.92559 10.92999
v 90.23821 21.01621 10.92289
v 90.18043 20.92583 10.91775
v 90.18543 21.01492 10.91680
v 90.14736 20.92515 10.89337
v 90.16774 21.01963 10.87500
v 90.12490 20.92559 10.86075
v 90.12590 21.01433 10.85929
v 90.11423 20.92559 10.80221
v 90.11975 21.01582 10.80114
v 90.12729 20.92559 10.75012
v 90.12910 21.01500 10.75316
v 90.15626 20.92534 10.71531
v 90.16805 21.01838 10.73018
v 90.19092 20.92602 10.69299
v 90.19092 21.01330 10.69299
v 90.24200 20.92559 10.68641
v 90.24435 21.01493 10.68917
v 90.28730 20.92631 10.69510
v 90.28730 21.01301 10.69510
v 90.31995 20.92539 10.71970
v 90.30741 21.01771 10.72909
v 90.34768 20.92559 10.75538
v 90.34768 21.01374 10.75538
v 90.35781 20.92559 10.80221
v 90.35433 21.01521 10.80485
v 90.34989 20.92559 10.85540
v 90.34872 21.01474 10.85244
v 90.32777 20.92460 10.88907
v 90.31395 21.01869 10.87366
v 90.29721 20.92590 10.91526
v 90.29396 21.01460 10.91391
v 90.23991 21.02269 10.87254
v 90.31267 21.02191 10.79978
v 90.23713 21.01961 10.80697
v 90.16883 21.02247 10.79981
v 90.23942 21.02157 10.72726
v 86.42902 20.92559 10.92647
v 86.42541 21.01613 10.92064
v 86.35831 20.92559 10.92299
v 86.36105 21.01526 10.91988
v 86.47176 21.01301 10.90911
v 86.47176 20.92631 10.90911
v 86.50187 20.92542 10.87329
v 86.49005 21.01698 10.87077
v 86.52117 20.92559 10.80221
v 86.50347 21.01791 10.80119
v 86.49316 20.92559 10.73125
v 86.48763 21.01658 10.73930
v 86.42665 21.02243 10.87143
v 86.35550 21.02179 10.87251
v 86.40461 21.01941 10.80666
v 86.42713 21.02100 10.72581
v 86.36114 21.02366 10.80151
v 86.35574 21.02004 10.72590
v 86.42382 21.01425 10.68986
v 86.42650 20.92579 10.68891
v 86.45676 20.92341 10.70087
v 86.36893 21.01455 10.69131
v 86.29042 21.01724 10.80297
v 86.30201 21.01635 10.86818
v 86.29983 20.92495 10.87718
v 86.30501 21.01551 10.73979
v 86.36624 20.92583 10.68990
v 86.33452 20.92486 10.70383
v 86.30145 20.92559 10.73555
v 86.27760 20.92559 10.80221
v 86.31984 21.01156 10.90543
v 86.31984 20.92777 10.90543
v 90.24402 20.92486 8.18161
v 90.24008 21.01874 8.20173
v 90.23595 20.92777 8.17702
v 90.23595 21.01156 8.17702
v 90.17562 21.01703 8.21090
v 90.16862 20.92559 8.20141
v 90.16758 21.02222 8.27864
v 90.13008 21.01374 8.23876
v 90.13008 20.92559 8.23876
v 90.12018 21.01565 8.28731
v 90.11541 20.92559 8.28436
v 90.12505 21.01527 8.34512
v 90.12286 20.92559 8.34911
v 90.16698 21.02088 8.35164
v 90.23640 21.01958 8.29826
v 90.17690 21.01558 8.40299
v 90.14048 20.92559 8.38078
v 90.17333 20.92559 8.40684
v 90.24239 21.02338 8.35071
v 90.30986 21.01658 8.21723
v 90.31589 20.92510 8.21120
v 90.31137 21.02174 8.27862
v 90.31253 21.01996 8.35346
v 90.24206 21.01713 8.41214
v 90.24200 20.92559 8.42404
v 90.34504 20.92559 8.24387
v 90.34504 21.01374 8.24387
v 90.35334 21.01508 8.28210
v 90.35038 21.01474 8.33954
v 90.29906 21.01574 8.40102
v 90.30405 20.92559 8.40410
v 90.33523 20.92559 8.37584
v 90.35176 20.92559 8.34367
v 90.35664 20.92559 8.28436
v 86.43371 20.92515 8.18539
v 86.42665 21.01834 8.20294
v 86.35568 20.92539 8.18838
v 86.40555 20.92777 8.17693
v 86.40555 21.01156 8.17693
v 86.38727 20.92777 8.17720
v 86.38727 21.01156 8.17720
v 86.35670 21.01795 8.20624
v 86.48361 21.01586 8.22303
v 86.48973 20.92559 8.22037
v 86.50258 21.01779 8.28328
v 86.52000 20.92559 8.28436
v 86.49587 21.01761 8.34827
v 86.50961 20.92559 8.35438
v 86.40479 21.01933 8.29829
v 86.42598 21.02309 8.35035
v 86.47531 21.01495 8.39563
v 86.47762 20.92559 8.39752
v 86.42500 21.01690 8.41049
v 86.36308 21.02356 8.28314
v 86.35762 21.02269 8.35137
v 86.42902 20.92559 8.42054
v 86.35994 21.01660 8.40832
v 86.29776 21.01668 8.34889
v 86.29227 21.01726 8.28093
v 86.30680 21.01526 8.22638
v 86.30604 20.92496 8.22342
v 86.35831 20.92559 8.41706
v 86.31644 21.01374 8.39377
v 86.31644 20.92559 8.39377
v 86.28916 20.92559 8.35439
v 86.27877 20.92559 8.28436
v 87.80666 20.92934 9.47435
v 87.80666 20.97680 9.43434
v 87.80129 20.94510 9.43506
v 87.79915 20.92934 9.39659
v 87.82731 20.92934 9.39989
v 87.83089 20.94079 9.43643
v 85.99261 20.94444 11.20377
v 85.98873 20.97680 11.20137
v 85.96807 20.94379 11.20458
v 85.97645 20.97680 11.20137
v 85.96815 20.93584 11.16940
v 85.99595 20.93616 11.16906
v 86.23516 20.94484 11.20407
v 86.24074 20.97680 11.20137
v 86.23481 20.93768 11.16918
v 86.26447 20.92934 11.16937
v 86.26422 20.94140 11.20419
v 86.49696 20.94495 11.20410
v 86.49851 20.97680 11.20137
v 86.45824 20.92934 11.20137
v 86.49637 20.93649 11.16886
v 86.52841 20.92934 11.17427
v 86.53389 20.93237 11.20438
v 86.75882 20.94481 11.20416
v 86.75614 20.97680 11.20149
v 86.72174 20.93649 11.20594
v 86.72780 20.92934 11.17289
v 86.75944 20.93675 11.16881
v 87.02047 20.94479 11.20386
v 87.01512 20.97680 11.20137
v 86.99238 20.94211 11.20486
v 87.00259 20.97680 11.20137
v 86.99418 20.93338 11.16994
v 87.02256 20.93714 11.16891
v 87.26324 20.94456 11.20386
v 87.26765 20.97680 11.20137
v 87.26066 20.93641 11.16882
v 87.28854 20.93540 11.16982
v 87.27977 20.97680 11.20137
v 87.28876 20.94343 11.20455
v 87.52635 20.94479 11.20401
v 87.52958 20.97680 11.20137
v 87.52543 20.93704 11.16885
v 87.55655 20.92934 11.17161
v 87.56002 20.93844 11.20487
v 87.78735 20.94516 11.20427
v 87.78735 20.97680 11.20137
v 87.74887 20.92934 11.20137
v 87.78735 20.93601 11.16922
v 87.82583 20.92934 11.20137
v 88.04835 20.94479 11.20401
v 88.04512 20.97680 11.20137
v 88.01467 20.93844 11.20487
v 88.01815 20.92934 11.17161
v 88.04927 20.93704 11.16885
v 88.31145 20.94443 11.20396
v 88.30705 20.97680 11.20137
v 88.28594 20.94343 11.20455
v 88.29493 20.97680 11.20137
v 88.28616 20.93540 11.16982
v 88.31380 20.93605 11.16642
v 88.55422 20.94479 11.20386
v 88.55957 20.97680 11.20137
v 88.55214 20.93714 11.16892
v 88.58052 20.93338 11.16994
v 88.58232 20.94211 11.20486
v 88.57211 20.97680 11.20137
v 88.81573 20.94479 11.20406
v 88.81842 20.97680 11.20137
v 88.81525 20.93675 11.16882
v 88.84689 20.92934 11.17289
v 88.85097 20.93675 11.20453
v 89.07774 20.94495 11.20410
v 89.07619 20.97680 11.20137
v 89.04081 20.93237 11.20438
v 89.04628 20.92934 11.17427
v 89.07832 20.93649 11.16886
v 89.11646 20.92934 11.20137
v 89.33954 20.94484 11.20407
v 89.33396 20.97680 11.20137
v 89.31048 20.94140 11.20419
v 89.31023 20.92934 11.16937
v 89.33989 20.93768 11.16919
v 89.58209 20.94444 11.20377
v 89.60662 20.94378 11.20459
v 89.58596 20.97680 11.20137
v 89.57875 20.93616 11.16907
v 89.60655 20.93584 11.16940
v 89.59825 20.97680 11.20137
v 89.84467 20.94476 11.20410
v 89.84949 20.97680 11.20137
v 89.84441 20.93734 11.16898
v 89.87487 20.92934 11.17044
v 89.87461 20.94116 11.20408
v 90.10652 20.94512 11.20419
v 90.10726 20.97680 11.20137
v 90.06763 20.92934 11.20137
v 90.10618 20.93624 11.16900
v 90.13849 20.92934 11.17574
v 90.14452 20.92934 11.20320
v 90.36788 20.94478 11.20407
v 90.36502 20.97680 11.20137
v 90.33306 20.93749 11.20432
v 90.33655 20.92934 11.17289
v 90.36819 20.93675 11.16882
v 90.62975 20.94476 11.20385
v 90.62443 20.97680 11.20137
v 90.60239 20.94247 11.20482
v 90.61211 20.97680 11.20137
v 90.60407 20.93480 11.17032
v 90.63215 20.93662 11.16868
v 85.99748 20.93700 10.98175
v 85.98873 20.97680 10.95093
v 85.96677 20.93683 10.98130
v 85.97645 20.97680 10.95093
v 85.96825 20.94384 10.94713
v 85.99243 20.94448 10.94816
v 85.99094 20.94426 10.70845
v 85.98888 20.97680 10.70640
v 85.96794 20.94312 10.71394
v 85.97633 20.97680 10.70608
v 85.96823 20.94299 10.68575
v 85.97659 20.97680 10.69410
v 85.98857 20.97680 10.69384
v 85.99643 20.94312 10.68545
v 85.99243 20.94448 10.45105
v 85.98874 20.97680 10.44829
v 85.96825 20.94384 10.45208
v 85.97645 20.97680 10.44829
v 85.96677 20.93683 10.41791
v 85.99748 20.93700 10.41746
v 85.99625 20.92934 10.23052
v 85.98874 20.97680 10.19344
v 85.96781 20.92934 10.23005
v 85.97645 20.97680 10.19344
v 85.96797 20.94392 10.19221
v 85.97706 20.92934 10.15352
v 85.98693 20.92934 10.15336
v 85.99280 20.94459 10.19263
v 85.99613 20.94256 9.96218
v 85.98723 20.97680 9.95314
v 85.96829 20.94234 9.96210
v 85.97778 20.97680 9.95311
v 85.97588 20.97680 9.94130
v 85.96795 20.94352 9.93370
v 85.98946 20.97680 9.94087
v 85.99150 20.94440 9.93775
v 85.99227 20.94452 9.69692
v 85.98874 20.97680 9.69241
v 85.96800 20.94384 9.69881
v 85.97645 20.97680 9.69241
v 85.96841 20.94009 9.66824
v 85.99593 20.94030 9.66802
v 85.99266 20.92934 9.47797
v 85.98874 20.97680 9.43933
v 85.97136 20.92934 9.47762
v 85.97645 20.97680 9.43933
v 85.96785 20.94402 9.43933
v 85.97136 20.92934 9.40104
v 85.99266 20.92934 9.40069
v 85.99285 20.94466 9.43933
v 85.99657 20.94113 9.21138
v 85.98901 20.97680 9.18853
v 85.96810 20.94105 9.21097
v 85.97619 20.97680 9.18863
v 85.96808 20.94382 9.18132
v 85.99192 20.94454 9.18401
v 85.98007 20.97680 9.20106
v 85.98530 20.97680 9.20114
v 85.99176 20.94451 8.94282
v 85.98898 20.97680 8.93858
v 85.96819 20.94375 8.94576
v 85.97619 20.97680 8.93855
v 85.96784 20.94139 8.91635
v 85.99688 20.94144 8.91591
v 85.97846 20.97680 8.92621
v 85.98693 20.97680 8.92607
v 85.98693 20.92934 8.72484
v 85.98874 20.97680 8.68476
v 85.97706 20.92934 8.72468
v 85.97645 20.97680 8.68476
v 85.96797 20.94391 8.68599
v 85.96781 20.92934 8.64815
v 85.99625 20.92934 8.64767
v 85.99280 20.94459 8.68556
v 85.99877 20.93714 8.46218
v 85.98874 20.97680 8.43241
v 85.96553 20.93700 8.46167
v 85.97645 20.97680 8.43241
v 85.96845 20.94392 8.42826
v 85.99225 20.94453 8.42943
v 85.99094 20.94428 8.18796
v 85.98908 20.97680 8.18559
v 85.96804 20.94317 8.19333
v 85.97616 20.97680 8.18524
v 85.96760 20.94274 8.16449
v 85.97683 20.97680 8.17328
v 85.98831 20.97680 8.17306
v 85.99651 20.94306 8.16485
v 85.99243 20.94448 7.93047
v 85.98874 20.97680 7.92771
v 85.96825 20.94384 7.93151
v 85.97645 20.97680 7.92771
v 85.96494 20.93642 7.89698
v 85.99748 20.93700 7.89688
v 86.24365 20.94448 7.93047
v 86.24754 20.97680 7.92771
v 86.23859 20.93700 7.89688
v 86.26930 20.93683 7.89734
v 86.25981 20.97680 7.92771
v 86.26783 20.94384 7.93151
v 86.50508 20.94485 7.93066
v 86.50833 20.97680 7.92771
v 86.50298 20.93843 7.89688
v 86.53508 20.92934 7.89819
v 86.53834 20.93843 7.93292
v 86.76409 20.94528 7.93103
v 86.76398 20.97680 7.92771
v 86.72591 20.92934 7.92958
v 86.73039 20.92934 7.90526
v 86.76494 20.93714 7.89686
v 86.80247 20.92934 7.92771
v 87.02442 20.94484 7.93072
v 87.01964 20.97680 7.92771
v 86.99473 20.94102 7.93170
v 86.99528 20.93389 7.89977
v 87.02660 20.93779 7.89633
v 87.28996 20.94466 7.93044
v 87.28558 20.97680 7.92771
v 87.26434 20.94325 7.93185
v 87.27356 20.97680 7.92771
v 87.26409 20.93662 7.89789
v 87.29481 20.93714 7.89654
v 87.53271 20.94483 7.93049
v 87.53769 20.97680 7.92771
v 87.52867 20.93768 7.89645
v 87.55953 20.93540 7.89840
v 87.56058 20.94213 7.93222
v 87.55019 20.97680 7.92771
v 87.79345 20.94482 7.93078
v 87.79590 20.97680 7.92771
v 87.79218 20.93787 7.89664
v 87.82566 20.92934 7.90074
v 87.82900 20.93616 7.93221
v 88.05503 20.94479 7.93085
v 88.05285 20.97680 7.92771
v 88.01879 20.93540 7.93136
v 88.02172 20.92934 7.90216
v 88.05568 20.93761 7.89664
v 88.31572 20.94485 7.93054
v 88.31048 20.97680 7.92771
v 88.28745 20.94187 7.93216
v 88.28836 20.93430 7.89817
v 88.31922 20.93807 7.89663
v 88.29800 20.97680 7.92771
v 88.55834 20.94460 7.93053
v 88.56257 20.97680 7.92771
v 88.55394 20.93714 7.89654
v 88.58465 20.93662 7.89789
v 88.57469 20.97680 7.92771
v 88.58353 20.94348 7.93157
v 88.82426 20.94488 7.93068
v 88.82966 20.97680 7.92771
v 88.82186 20.93810 7.89656
v 88.85303 20.93338 7.89873
v 88.85317 20.94140 7.93173
v 89.08513 20.94513 7.93093
v 89.08577 20.97680 7.92771
v 89.04615 20.92934 7.92771
v 89.08387 20.93736 7.89671
v 89.11819 20.92934 7.90367
v 89.12332 20.92934 7.93141
v 89.34783 20.94481 7.93080
v 89.34520 20.97680 7.92771
v 89.31269 20.93704 7.93186
v 89.31545 20.92934 7.90074
v 89.34892 20.93787 7.89665
v 89.60855 20.94482 7.93053
v 89.60351 20.97680 7.92771
v 89.58101 20.94230 7.93200
v 89.58149 20.93540 7.89840
v 89.61234 20.93768 7.89645
v 89.59108 20.97680 7.92771
v 89.85176 20.94466 7.93044
v 89.85614 20.97680 7.92771
v 89.84691 20.93714 7.89654
v 89.87762 20.93662 7.89789
v 89.86816 20.97680 7.92771
v 89.87738 20.94325 7.93186
v 90.11433 20.94482 7.93074
v 90.11736 20.97680 7.92771
v 90.11280 20.93814 7.89673
v 90.14565 20.92934 7.89942
v 90.14835 20.93814 7.93228
v 90.37511 20.94528 7.93104
v 90.37501 20.97680 7.92771
v 90.33694 20.92934 7.92958
v 90.34141 20.92934 7.90527
v 90.37597 20.93713 7.89687
v 90.41349 20.92934 7.92771
v 90.63598 20.94484 7.93060
v 90.63266 20.97680 7.92771
v 90.60298 20.93869 7.93341
v 90.60711 20.93194 7.89922
v 90.64012 20.93783 7.89640
v 90.63572 20.94464 8.19064
v 90.63266 20.97680 8.18676
v 90.60343 20.93804 8.19726
v 90.60396 20.93700 8.16352
v 90.63266 20.97680 8.17456
v 90.63713 20.94362 8.16640
v 90.64070 20.93843 8.46310
v 90.63266 20.97680 8.43309
v 90.60693 20.93480 8.45882
v 90.60265 20.93843 8.42505
v 90.63576 20.94488 8.42999
v 90.63266 20.92934 8.72572
v 90.63266 20.97680 8.68609
v 90.63622 20.94515 8.68663
v 90.60316 20.93820 8.68867
v 90.61029 20.92934 8.65261
v 90.63825 20.92934 8.64838
v 90.63571 20.94492 8.94396
v 90.63266 20.97680 8.93909
v 90.60273 20.93810 8.94987
v 90.60536 20.93662 8.91614
v 90.63798 20.94205 8.91667
v 90.63266 20.97680 8.92659
v 90.63785 20.94233 9.21168
v 90.63266 20.97680 9.18955
v 90.60536 20.93662 9.21251
v 90.60273 20.93810 9.17878
v 90.63573 20.94486 9.18456
v 90.63266 20.97680 9.20206
v 90.63825 20.92934 9.47962
v 90.63266 20.97680 9.44191
v 90.61029 20.92934 9.47540
v 90.60316 20.93820 9.43934
v 90.63266 20.92934 9.40280
v 90.63625 20.94525 9.44160
v 90.63586 20.94483 9.69546
v 90.63266 20.97680 9.68981
v 90.60254 20.93812 9.70024
v 90.60618 20.93634 9.66655
v 90.63765 20.94207 9.66749
v 90.63713 20.94354 9.96192
v 90.63266 20.97680 9.95332
v 90.60459 20.93742 9.96466
v 90.63266 20.97680 9.94121
v 90.60297 20.93768 9.93091
v 90.63577 20.94464 9.93721
v 90.63701 20.93678 10.22914
v 90.63266 20.97680 10.19582
v 90.60874 20.92934 10.22808
v 90.60313 20.93843 10.19243
v 90.63617 20.94479 10.19353
v 90.63592 20.94484 10.44923
v 90.63266 20.97680 10.44628
v 90.60271 20.93844 10.45274
v 90.60775 20.93389 10.41879
v 90.63930 20.93844 10.41551
v 90.24152 20.94510 10.57964
v 90.24177 20.97680 10.57406
v 90.20233 20.92934 10.57668
v 90.20378 20.92934 10.55920
v 90.24098 20.94224 10.55146
v 90.27807 20.92934 10.55562
v 90.28013 20.92934 10.58042
v 90.24177 20.97680 10.56156
v 90.64024 20.93814 10.98325
v 90.63266 20.97680 10.95286
v 90.60655 20.93338 10.97941
v 90.60288 20.93871 10.94562
v 90.63582 20.94489 10.94983
v 90.24177 20.92934 10.36007
v 90.24177 20.97680 10.32044
v 90.24136 20.94538 10.32125
v 90.20265 20.92934 10.32044
v 90.24177 20.92934 10.28358
v 90.27950 20.92934 10.32044
v 90.24004 20.93798 10.09750
v 90.24177 20.97680 10.06809
v 90.20265 20.92934 10.06809
v 90.24156 20.94520 10.06444
v 90.28007 20.92934 10.06432
v 90.27638 20.92934 10.08884
v 90.24146 20.94470 9.82530
v 90.24177 20.97680 9.82111
v 90.20253 20.92934 9.82355
v 90.20281 20.92934 9.80598
v 90.24177 20.97680 9.80884
v 90.24127 20.94392 9.80005
v 90.27928 20.92934 9.80232
v 90.27969 20.92934 9.82725
v 90.24145 20.94518 9.56669
v 90.24177 20.97680 9.56339
v 90.20265 20.92934 9.56339
v 90.24081 20.93714 9.53255
v 90.27536 20.92934 9.54095
v 90.27985 20.92934 9.56526
v 90.24177 20.93564 9.34420
v 90.24177 20.97680 9.31104
v 90.24136 20.94508 9.30848
v 90.20266 20.92934 9.31104
v 90.27950 20.92934 9.31104
v 90.24117 20.94336 9.07665
v 90.24177 20.97680 9.06715
v 90.24177 20.97680 9.05512
v 90.20323 20.92934 9.07038
v 90.20237 20.92934 9.05285
v 90.24149 20.94489 9.05033
v 90.27998 20.92934 9.04912
v 90.27874 20.92934 9.07401
v 90.24154 20.94521 8.81178
v 90.24177 20.97680 8.80634
v 90.20243 20.92934 8.80827
v 90.20445 20.92934 8.79088
v 90.24072 20.94078 8.78196
v 90.27729 20.92934 8.78736
v 90.28017 20.92934 8.81204
v 90.24177 20.92934 8.59172
v 90.24177 20.97680 8.55399
v 90.24136 20.94547 8.55379
v 90.20266 20.92934 8.55399
v 90.24177 20.92934 8.51551
v 90.27950 20.92934 8.55399
v 86.37277 20.94486 10.57925
v 86.37833 20.97680 10.57406
v 86.37094 20.94225 10.55158
v 86.40112 20.93885 10.55249
v 86.40103 20.94167 10.58098
v 86.37833 20.97680 10.56156
v 86.37833 20.92934 10.36007
v 86.37833 20.97680 10.32044
v 86.37226 20.94519 10.32092
v 86.37082 20.92934 10.28270
v 86.39897 20.92934 10.28599
v 86.40117 20.94147 10.32225
v 86.36790 20.93812 10.09821
v 86.37833 20.97680 10.06809
v 86.37282 20.94489 10.06491
v 86.40095 20.94174 10.06295
v 86.40159 20.93634 10.09456
v 86.37316 20.94456 9.82468
v 86.37833 20.97680 9.82110
v 86.37093 20.94370 9.80019
v 86.37833 20.97680 9.80884
v 86.40115 20.94054 9.80065
v 86.40098 20.94112 9.82808
v 86.37259 20.94486 9.56632
v 86.37833 20.97680 9.56339
v 86.36971 20.93774 9.53201
v 86.40073 20.93480 9.53476
v 86.40110 20.94172 9.56748
v 86.37304 20.93714 9.34417
v 86.37833 20.97680 9.31104
v 86.37230 20.94478 9.30858
v 86.40109 20.94163 9.30882
v 86.40056 20.92934 9.34431
v 86.37097 20.94323 9.07651
v 86.37833 20.97680 9.06714
v 86.37833 20.97680 9.05512
v 86.37295 20.94469 9.05083
v 86.40102 20.94137 9.04831
v 86.40112 20.94001 9.07599
v 86.37249 20.94495 8.81158
v 86.37833 20.97680 8.80634
v 86.37171 20.94109 8.78259
v 86.40258 20.93662 8.78129
v 86.40070 20.94184 8.81212
v 86.37263 20.92934 8.59238
v 86.37833 20.97680 8.55399
v 86.37227 20.94524 8.55387
v 86.37449 20.92934 8.51506
v 86.39558 20.92934 8.51751
v 86.40135 20.94163 8.55354
v 86.39731 20.92934 8.58951
v 86.63257 20.94066 10.84500
v 86.63421 20.97680 10.82003
v 86.63345 20.94501 10.81501
v 86.59420 20.92934 10.82003
v 86.67192 20.92934 10.81444
v 86.66770 20.92934 10.84240
v 86.89456 20.94105 10.84483
v 86.89194 20.97680 10.82003
v 86.86101 20.92934 10.84541
v 86.85955 20.93734 10.81495
v 86.89468 20.94481 10.81507
v 87.15694 20.94108 10.84429
v 87.15093 20.97680 10.82003
v 87.12783 20.93730 10.84663
v 87.12885 20.94227 10.81457
v 87.15637 20.94486 10.81522
v 87.13843 20.97680 10.82003
v 87.39803 20.94091 10.84432
v 87.40382 20.97680 10.82003
v 87.39930 20.94459 10.81538
v 87.42505 20.94328 10.81439
v 87.41584 20.97680 10.82003
v 87.42526 20.93864 10.84593
v 87.66068 20.94090 10.84503
v 87.66512 20.97680 10.82003
v 87.66203 20.94483 10.81531
v 87.69612 20.93812 10.81260
v 87.69222 20.93540 10.84396
v 87.92340 20.94066 10.84511
v 87.92284 20.97680 10.82003
v 87.88823 20.92934 10.84078
v 87.88455 20.92934 10.81626
v 87.92296 20.94527 10.81492
v 87.96161 20.92934 10.81813
v 87.95847 20.92934 10.83908
v 88.18544 20.94112 10.84483
v 88.18057 20.97680 10.82003
v 88.15427 20.93480 10.84513
v 88.14997 20.93783 10.81166
v 88.18374 20.94489 10.81541
v 88.44874 20.94097 10.84429
v 88.44266 20.97680 10.82003
v 88.42200 20.93882 10.84579
v 88.43051 20.97680 10.82003
v 88.42170 20.94343 10.81418
v 88.44699 20.94464 10.81553
v 88.68912 20.94121 10.84434
v 88.69514 20.97680 10.82003
v 88.68965 20.94488 10.81521
v 88.71757 20.94201 10.81457
v 88.71857 20.93662 10.84663
v 88.70767 20.97680 10.82003
v 88.95160 20.94085 10.84494
v 88.95375 20.97680 10.82003
v 88.95129 20.94477 10.81502
v 88.98707 20.93678 10.81568
v 88.98600 20.92934 10.84396
v 89.21363 20.94085 10.84494
v 89.21147 20.97680 10.82003
v 89.17922 20.92934 10.84396
v 89.17749 20.93571 10.81525
v 89.21372 20.94474 10.81506
v 89.47573 20.94097 10.84463
v 89.46920 20.97680 10.82003
v 89.44588 20.93714 10.84576
v 89.44629 20.94177 10.81440
v 89.47493 20.94484 10.81523
v 89.71534 20.94053 10.84455
v 89.72156 20.97680 10.82003
v 89.71771 20.94453 10.81564
v 89.74249 20.94371 10.81409
v 89.73383 20.97680 10.82003
v 89.74183 20.93961 10.84530
v 89.97934 20.94100 10.84488
v 89.98465 20.97680 10.82003
v 89.98046 20.94485 10.81529
v 90.01131 20.93985 10.81368
v 90.01023 20.93596 10.84488
v 86.63261 20.94300 8.32717
v 86.63422 20.97680 8.31765
v 86.63421 20.97680 8.30571
v 86.59459 20.92934 8.31658
v 86.59410 20.92934 8.30673
v 86.63352 20.94489 8.30070
v 86.67165 20.92934 8.29734
v 86.67023 20.92934 8.32573
v 86.89525 20.94300 8.32707
v 86.89194 20.97680 8.31765
v 86.89194 20.97680 8.30571
v 86.86011 20.93430 8.32643
v 86.85962 20.93700 8.29843
v 86.89442 20.94468 8.30085
v 87.15872 20.94284 8.32715
v 87.14999 20.97680 8.31773
v 87.12931 20.94070 8.32670
v 87.15129 20.97680 8.30537
v 87.12829 20.94187 8.29752
v 87.15560 20.94477 8.30155
v 87.13966 20.97680 8.31538
v 87.13833 20.97680 8.30814
v 87.39679 20.94275 8.32673
v 87.40556 20.97680 8.31769
v 87.40312 20.97680 8.30505
v 87.39995 20.94457 8.30156
v 87.42479 20.94311 8.29860
v 87.41594 20.97680 8.30705
v 87.42565 20.94120 8.32748
v 87.41536 20.97680 8.31749
v 87.66081 20.94300 8.32692
v 87.66512 20.97680 8.31765
v 87.66512 20.97680 8.30572
v 87.66224 20.94471 8.30108
v 87.69571 20.93804 8.29637
v 87.69442 20.93662 8.32760
v 87.92316 20.94325 8.32733
v 87.92285 20.97680 8.31765
v 87.92285 20.97680 8.30572
v 87.88588 20.92934 8.32401
v 87.88464 20.92934 8.29913
v 87.92298 20.94502 8.30072
v 87.96171 20.92934 8.30097
v 87.96066 20.92934 8.32223
v 88.18511 20.94314 8.32675
v 88.18057 20.97680 8.31765
v 88.15192 20.93616 8.32865
v 88.18057 20.97680 8.30572
v 88.15047 20.93768 8.29540
v 88.18355 20.94477 8.30120
v 88.44956 20.94286 8.32645
v 88.44039 20.97680 8.31761
v 88.42092 20.94113 8.32787
v 88.43046 20.97680 8.30706
v 88.42219 20.94332 8.29879
v 88.44366 20.97680 8.30479
v 88.44635 20.94455 8.30162
v 88.43082 20.97680 8.31782
v 88.68767 20.94296 8.32716
v 88.69602 20.97680 8.31765
v 88.69482 20.97680 8.30541
v 88.69032 20.94479 8.30139
v 88.71801 20.94163 8.29794
v 88.71730 20.94019 8.32664
v 88.70767 20.97680 8.30870
v 88.95098 20.94291 8.32715
v 88.95375 20.97680 8.31765
v 88.95375 20.97680 8.30572
v 88.95150 20.94463 8.30073
v 88.98687 20.93683 8.29986
v 88.98698 20.93338 8.32539
v 89.21398 20.94296 8.32708
v 89.21148 20.97680 8.31765
v 89.21148 20.97680 8.30572
v 89.17744 20.93162 8.32610
v 89.17796 20.93616 8.30000
v 89.21361 20.94465 8.30072
v 89.47643 20.94293 8.32714
v 89.46920 20.97680 8.31766
v 89.44625 20.93982 8.32659
v 89.46920 20.97680 8.30572
v 89.44620 20.94156 8.29869
v 89.47450 20.94473 8.30114
v 89.71436 20.94249 8.32681
v 89.72360 20.97680 8.31766
v 89.72078 20.97680 8.30525
v 89.71849 20.94446 8.30186
v 89.74221 20.94354 8.29854
v 89.73420 20.97680 8.30626
v 89.74265 20.94180 8.32727
v 89.73248 20.97680 8.31764
v 89.97989 20.94309 8.32671
v 89.98466 20.97680 8.31766
v 89.98465 20.97680 8.30572
v 89.98052 20.94479 8.30087
v 90.01035 20.94007 8.29947
v 90.01271 20.93683 8.32879
v 89.84366 20.94487 10.44596
v 89.84677 20.97680 10.44085
v 89.84185 20.94162 10.41718
v 89.87407 20.93430 10.41663
v 89.87714 20.93812 10.45004
v 89.58269 20.94451 10.44556
v 89.58622 20.97680 10.44085
v 89.57919 20.94058 10.41696
v 89.60627 20.94041 10.41723
v 89.59851 20.97680 10.44085
v 89.60705 20.94381 10.44760
v 89.34130 20.94489 10.44612
v 89.33719 20.97680 10.44085
v 89.31079 20.94010 10.44773
v 89.31064 20.93540 10.41678
v 89.34250 20.94152 10.41715
v 89.08229 20.94521 10.44638
v 89.08240 20.97680 10.44085
v 89.04347 20.92934 10.44469
v 89.04592 20.92934 10.42360
v 89.08190 20.94133 10.41668
v 89.11792 20.92934 10.42187
v 89.12079 20.92934 10.44655
v 88.82280 20.94486 10.44621
v 88.82761 20.97680 10.44085
v 88.82194 20.94142 10.41716
v 88.85336 20.93634 10.41679
v 88.85223 20.94110 10.44699
v 88.58189 20.94455 10.44564
v 88.57819 20.97680 10.44085
v 88.55728 20.94372 10.44753
v 88.56592 20.97680 10.44085
v 88.55774 20.94009 10.41686
v 88.58488 20.94083 10.41728
v 88.31451 20.94484 10.44609
v 88.30917 20.97680 10.44085
v 88.28702 20.94235 10.44713
v 88.28652 20.93775 10.41609
v 88.31557 20.94148 10.41745
v 88.29667 20.97680 10.44085
v 88.05107 20.94478 10.44626
v 88.04829 20.97680 10.44085
v 88.01643 20.93807 10.44719
v 88.01743 20.93194 10.41822
v 88.05161 20.94142 10.41697
v 87.78856 20.94521 10.44638
v 87.78868 20.97680 10.44085
v 87.74975 20.92934 10.44469
v 87.75220 20.92934 10.42360
v 87.78818 20.94133 10.41668
v 87.82420 20.92934 10.42187
v 87.82707 20.92934 10.44655
v 87.53225 20.94485 10.44616
v 87.53765 20.97680 10.44085
v 87.53170 20.94163 10.41776
v 87.56147 20.93683 10.41491
v 87.55991 20.94226 10.44689
v 87.55018 20.97680 10.44085
v 87.29053 20.94478 10.44585
v 87.28577 20.97680 10.44085
v 87.26435 20.94293 10.44754
v 87.27385 20.97680 10.44085
v 87.26486 20.93905 10.41678
v 87.29261 20.94127 10.41725
v 87.03000 20.94478 10.44626
v 87.02723 20.97680 10.44085
v 86.99537 20.93807 10.44719
v 86.99636 20.93194 10.41822
v 87.03055 20.94142 10.41697
v 89.84606 20.94482 8.68455
v 89.85166 20.97680 8.68235
v 89.84581 20.93604 8.64854
v 89.87389 20.92934 8.64908
v 89.87524 20.94123 8.68476
v 89.60557 20.94452 8.68448
v 89.60103 20.97680 8.68235
v 89.57988 20.94339 8.68481
v 89.58891 20.97680 8.68235
v 89.58078 20.93338 8.64894
v 89.60652 20.93540 8.64848
v 89.34521 20.94479 8.68453
v 89.34208 20.97680 8.68235
v 89.31100 20.93761 8.68518
v 89.31653 20.92934 8.65121
v 89.34573 20.93540 8.64829
v 89.08598 20.94498 8.68474
v 89.08729 20.97680 8.68235
v 89.04727 20.92934 8.68235
v 89.08729 20.93465 8.64865
v 89.12281 20.93237 8.68235
v 88.82594 20.94476 8.68453
v 88.83162 20.97680 8.68234
v 88.82567 20.93641 8.64881
v 88.85298 20.92934 8.64818
v 88.85405 20.94209 8.68479
v 88.84414 20.97680 8.68234
v 88.58523 20.94471 8.68442
v 88.58013 20.97680 8.68234
v 88.55840 20.94267 8.68504
v 88.56821 20.97680 8.68234
v 88.56031 20.93162 8.64831
v 88.58640 20.93616 8.64882
v 88.31825 20.94478 8.68454
v 88.31279 20.97680 8.68234
v 88.28891 20.94133 8.68483
v 88.29056 20.92934 8.64907
v 88.31864 20.93604 8.64854
v 88.05549 20.94477 8.68466
v 88.05318 20.97680 8.68234
v 88.01926 20.93488 8.68359
v 88.02460 20.92934 8.65377
v 88.05442 20.93488 8.64843
v 87.79154 20.94483 8.68465
v 87.79357 20.97680 8.68234
v 87.75317 20.92934 8.68234
v 87.79232 20.93488 8.64843
v 87.82214 20.92934 8.65377
v 87.82808 20.93367 8.68370
v 87.53535 20.94459 8.68441
v 87.54004 20.97680 8.68234
v 87.53396 20.93540 8.64848
v 87.55970 20.93338 8.64893
v 87.56144 20.94316 8.68498
v 87.55206 20.97680 8.68234
v 87.29404 20.94479 8.68448
v 87.28854 20.97680 8.68234
v 87.26551 20.94177 8.68497
v 87.26738 20.92934 8.64817
v 87.29469 20.93641 8.64881
v 87.27606 20.97680 8.68234
v 87.03391 20.94492 8.68466
v 87.03211 20.97680 8.68234
v 86.99760 20.93367 8.68370
v 87.00354 20.92934 8.65377
v 87.03335 20.93488 8.64843
v 87.07238 20.92934 8.68234
v 86.77346 20.94476 8.68461
v 86.77636 20.97680 8.68234
v 86.77390 20.93513 8.64830
v 86.80346 20.92934 8.65244
v 86.80830 20.93722 8.68434
v 89.84634 20.94487 8.94328
v 89.85166 20.97680 8.93814
v 89.84511 20.94241 8.91567
v 89.87588 20.93775 8.91580
v 89.87488 20.94141 8.94442
v 89.85166 20.97680 8.92571
v 89.84569 20.94197 9.21020
v 89.85166 20.97680 9.18752
v 89.84614 20.94488 9.18173
v 89.87476 20.94139 9.18135
v 89.87670 20.93662 9.21177
v 89.84782 20.92934 9.47829
v 89.85166 20.97680 9.43936
v 89.84594 20.94521 9.43936
v 89.84782 20.92934 9.40043
v 89.86891 20.92934 9.40288
v 89.87551 20.94106 9.43936
v 89.86891 20.92934 9.47584
v 89.84618 20.94494 9.69669
v 89.85166 20.97680 9.69106
v 89.84550 20.94159 9.66807
v 89.87670 20.93662 9.66680
v 89.87476 20.94139 9.69722
v 89.84511 20.94241 9.96137
v 89.85166 20.97680 9.93908
v 89.84634 20.94487 9.93376
v 89.87488 20.94141 9.93261
v 89.87587 20.93775 9.96123
v 89.85166 20.97680 9.95158
v 89.84415 20.92934 10.23090
v 89.85166 20.97680 10.19316
v 89.84602 20.94510 10.19242
v 89.85165 20.92934 10.15314
v 89.87531 20.94106 10.19119
v 89.87230 20.92934 10.22760
v 86.76804 20.94521 10.44636
v 86.76839 20.97680 10.44085
v 86.72904 20.92934 10.44278
v 86.73106 20.92934 10.42539
v 86.76689 20.94133 10.41678
v 86.80283 20.92934 10.42020
v 86.80613 20.92934 10.44836
v 86.77095 20.94474 8.94347
v 86.77327 20.97680 8.93814
v 86.77061 20.94218 8.91555
v 86.80638 20.93194 8.91755
v 86.80645 20.93700 8.94373
v 86.77327 20.97680 8.92571
v 86.77099 20.94173 9.21055
v 86.77327 20.97680 9.18751
v 86.77083 20.94473 9.18161
v 86.80640 20.93714 9.18222
v 86.80654 20.92934 9.20974
v 86.77327 20.92934 9.47784
v 86.77327 20.97680 9.43936
v 86.77071 20.94508 9.43936
v 86.77327 20.92934 9.40087
v 86.80643 20.93564 9.43936
v 86.77085 20.94479 9.69682
v 86.77327 20.97680 9.69105
v 86.77093 20.94140 9.66775
v 86.80654 20.92934 9.66882
v 86.80640 20.93714 9.69635
v 86.77061 20.94218 9.96148
v 86.77327 20.97680 9.93908
v 86.77094 20.94474 9.93356
v 86.80645 20.93700 9.93330
v 86.80638 20.93194 9.95948
v 86.77327 20.97680 9.95158
v 86.77327 20.92934 10.23002
v 86.77327 20.97680 10.19315
v 86.77072 20.94499 10.19211
v 86.77327 20.92934 10.15314
v 86.80643 20.93564 10.19315
v 89.47139 20.94323 9.07802
v 89.46346 20.97680 9.07000
v 89.44317 20.94285 9.07778
v 89.45191 20.97680 9.06936
v 89.45132 20.97680 9.05790
v 89.44292 20.94299 9.04959
v 89.46417 20.97680 9.05710
v 89.46626 20.94430 9.05493
v 89.47145 20.93616 9.34465
v 89.46385 20.97680 9.31235
v 89.44366 20.93584 9.34431
v 89.45158 20.97680 9.31235
v 89.44298 20.94367 9.30898
v 89.46781 20.94448 9.31001
v 89.46762 20.94453 9.56437
v 89.46384 20.97680 9.56168
v 89.44314 20.94372 9.56565
v 89.45158 20.97680 9.56168
v 89.44227 20.93683 9.53130
v 89.47298 20.93700 9.53085
v 89.47141 20.94306 9.82668
v 89.46309 20.97680 9.81850
v 89.44299 20.94263 9.82657
v 89.45219 20.97680 9.81795
v 89.45119 20.97680 9.80652
v 89.44308 20.94317 9.79833
v 89.46438 20.97680 9.80566
v 89.46637 20.94435 9.80318
v 89.47010 20.93584 10.09361
v 89.46384 20.97680 10.06034
v 89.44492 20.93540 10.09338
v 89.45158 20.97680 10.06034
v 89.44287 20.94360 10.05741
v 89.46792 20.94443 10.05826
v 87.16287 20.94392 9.07754
v 87.15872 20.97680 9.06972
v 87.12947 20.93700 9.08047
v 87.15872 20.97680 9.05745
v 87.12895 20.93714 9.04722
v 87.16170 20.94453 9.05374
v 87.16380 20.93734 9.34473
v 87.15872 20.97680 9.31234
v 87.13334 20.92934 9.34328
v 87.12860 20.93818 9.30793
v 87.16203 20.94484 9.30981
v 87.16197 20.94485 9.56462
v 87.15872 20.97680 9.56168
v 87.12871 20.93844 9.56689
v 87.13197 20.92934 9.53216
v 87.16407 20.93844 9.53085
v 87.16313 20.94375 9.82635
v 87.15872 20.97680 9.81827
v 87.12947 20.93700 9.82846
v 87.15872 20.97680 9.80604
v 87.12895 20.93714 9.79522
v 87.16159 20.94461 9.80214
v 87.16307 20.93678 10.09366
v 87.15872 20.97680 10.06034
v 87.13480 20.92934 10.09260
v 87.12857 20.93793 10.05676
v 87.16209 20.94481 10.05806
v 87.43189 20.94385 9.07789
v 87.42451 20.97680 9.06986
v 87.40207 20.94083 9.07795
v 87.42501 20.97680 9.05711
v 87.40169 20.94093 9.04943
v 87.42936 20.94455 9.05402
v 87.41244 20.97680 9.06593
v 87.41224 20.97680 9.06185
v 87.43024 20.93753 10.09320
v 87.42478 20.97680 10.06034
v 87.40361 20.92934 10.09451
v 87.40174 20.94177 10.05771
v 87.43032 20.94477 10.05799
v 87.41230 20.97680 10.06034
v 87.66567 20.94372 9.07810
v 87.67330 20.97680 9.06972
v 87.67276 20.97680 9.05720
v 87.66812 20.94447 9.05386
v 87.69595 20.94120 9.05001
v 87.69558 20.94112 9.07735
v 87.68529 20.97680 9.06301
v 87.66800 20.93714 10.09347
v 87.67301 20.97680 10.06034
v 87.66713 20.94471 10.05787
v 87.69579 20.94193 10.05818
v 87.69553 20.92934 10.09361
v 87.68529 20.97680 10.06034
v 87.92703 20.94402 9.07804
v 87.92799 20.97680 9.06972
v 87.88849 20.92934 9.07087
v 87.92799 20.97680 9.05745
v 87.88827 20.92934 9.05712
v 87.92736 20.94466 9.05320
v 87.96508 20.92934 9.04974
v 87.96460 20.92934 9.07818
v 87.92799 20.93564 10.09350
v 87.92799 20.97680 10.06034
v 87.92717 20.94508 10.05778
v 87.88836 20.92934 10.06034
v 87.96486 20.92934 10.06034
v 88.18679 20.94384 9.07774
v 88.18299 20.97680 9.06972
v 88.15262 20.93683 9.07922
v 88.18299 20.97680 9.05745
v 88.15217 20.93700 9.04851
v 88.18575 20.94448 9.05356
v 88.18632 20.93646 10.09376
v 88.18299 20.97680 10.06034
v 88.15744 20.92934 10.09147
v 88.15192 20.93761 10.05751
v 88.18615 20.94478 10.05798
v 88.45036 20.94338 9.07799
v 88.44236 20.97680 9.07013
v 88.42212 20.94264 9.07781
v 88.43085 20.97680 9.06906
v 88.43032 20.97680 9.05826
v 88.42191 20.94281 9.04962
v 88.44311 20.97680 9.05692
v 88.44557 20.94436 9.05481
v 88.44865 20.93662 10.09331
v 88.44276 20.97680 10.06034
v 88.42346 20.93430 10.09376
v 88.43055 20.97680 10.06034
v 88.42189 20.94344 10.05751
v 88.44718 20.94450 10.05817
v 88.68625 20.94381 9.07808
v 88.69299 20.97680 9.06972
v 88.69299 20.97680 9.05745
v 88.68829 20.94451 9.05372
v 88.71688 20.94058 9.05023
v 88.71661 20.94041 9.07731
v 88.68770 20.93714 10.09347
v 88.69299 20.97680 10.06034
v 88.68750 20.94476 10.05795
v 88.71687 20.94133 10.05786
v 88.71523 20.92934 10.09361
v 88.94751 20.94402 9.07811
v 88.94799 20.97680 9.06972
v 88.90904 20.92934 9.07277
v 88.94799 20.97680 9.05745
v 88.90875 20.92934 9.05521
v 88.94768 20.94466 9.05315
v 88.98592 20.92934 9.05151
v 88.98550 20.92934 9.07644
v 88.94799 20.93564 10.09350
v 88.94799 20.97680 10.06034
v 88.94758 20.94508 10.05778
v 88.90888 20.92934 10.06034
v 88.98572 20.92934 10.06034
v 89.20714 20.94392 9.07755
v 89.20299 20.97680 9.06973
v 89.17374 20.93700 9.08047
v 89.20299 20.97680 9.05745
v 89.17322 20.93714 9.04722
v 89.20597 20.94453 9.05374
v 89.20734 20.93678 10.09366
v 89.20299 20.97680 10.06034
v 89.17907 20.92934 10.09260
v 89.17285 20.93793 10.05676
v 89.20636 20.94481 10.05807
v 89.06722 20.92934 9.47435
v 89.06722 20.97680 9.43434
v 89.07055 20.94502 9.43522
v 89.03680 20.93793 9.43614
v 89.04318 20.92934 9.40193
v 89.07091 20.92934 9.39679
v 88.81744 20.92934 9.47435
v 88.81744 20.97680 9.43434
v 88.81489 20.94499 9.43538
v 88.81744 20.92934 9.39747
v 88.85060 20.93564 9.43434
v 89.07017 20.94483 9.69466
v 89.06722 20.97680 9.68941
v 89.03654 20.93844 9.69838
v 89.03843 20.93540 9.66718
v 89.07176 20.94199 9.66675
v 89.06722 20.97680 9.67688
v 88.81506 20.94476 9.69501
v 88.81744 20.97680 9.68941
v 88.81494 20.94195 9.66671
v 88.85161 20.92934 9.66804
v 88.85030 20.93753 9.69467
v 88.81744 20.97680 9.67688
v 87.55689 20.92934 9.47435
v 87.55853 20.97680 9.43434
v 87.53659 20.94236 9.43619
v 87.53803 20.92934 9.39905
v 87.56632 20.92934 9.39669
v 87.56406 20.94502 9.43499
v 87.54621 20.97680 9.43434
v 87.80143 20.94493 9.69487
v 87.80666 20.97680 9.68940
v 87.80091 20.94219 9.66719
v 87.83256 20.93616 9.66505
v 87.83013 20.94131 9.69548
v 87.80666 20.97680 9.67688
v 87.56332 20.94486 9.69419
v 87.55867 20.97680 9.68955
v 87.53614 20.94235 9.69752
v 87.53787 20.94020 9.66753
v 87.56673 20.94156 9.66643
v 87.54621 20.97680 9.68852
v 87.55689 20.97680 9.67688
v 88.42600 20.92934 9.47445
v 88.42518 20.97680 9.43434
v 88.42008 20.94492 9.43503
v 88.41662 20.92934 9.39691
v 88.44500 20.92934 9.39833
v 88.44667 20.94291 9.43597
v 88.43709 20.97680 9.43434
v 88.43585 20.92934 9.47396
v 88.17820 20.92934 9.47435
v 88.17820 20.97680 9.43434
v 88.18295 20.94503 9.43516
v 88.15260 20.94052 9.43610
v 88.15582 20.92934 9.40085
v 88.18379 20.92934 9.39663
v 88.42079 20.94481 9.69418
v 88.42489 20.97680 9.68970
v 88.41721 20.94163 9.66654
v 88.44591 20.94019 9.66725
v 88.43709 20.97680 9.68852
v 88.44672 20.94285 9.69709
v 88.42797 20.97680 9.67688
v 88.18277 20.94483 9.69491
v 88.17820 20.97680 9.68940
v 88.15334 20.94122 9.69535
v 88.15085 20.93584 9.66608
v 88.18337 20.94209 9.66694
v 88.17820 20.97680 9.67688
v 86.05336 20.92954 11.94003
v 86.35898 20.92954 11.55798
v 90.67898 20.92954 11.94070
v 90.38620 20.92954 11.56465
v 85.89231 20.92953 11.88500
v 85.93327 20.92954 11.81265
v 86.00230 20.92954 11.74067
v 86.06810 20.92954 11.67666
v 86.15554 20.92954 11.61265
v 90.71771 20.92953 11.89437
v 90.70427 20.92954 11.82390
v 90.63726 20.92954 11.76468
v 90.57104 20.92954 11.70067
v 90.50253 20.92954 11.63666
v 85.92884 20.92954 11.91267
v 89.49813 20.92954 11.94070
v 88.31728 20.92954 11.94070
v 87.13644 20.92954 11.94069
v 89.34759 20.92954 11.55665
v 88.32399 20.92954 11.55665
v 87.30039 20.92954 11.55664
v 86.20369 20.92954 11.58865
v 86.23961 20.92954 11.57265
v 90.44400 20.92954 11.59665
v 85.88016 20.92954 11.82519
v 85.95887 20.92954 11.76467
v 86.03503 20.92954 11.70866
v 86.09621 20.92954 11.63304
v 90.66970 20.92954 11.79668
v 90.60383 20.92954 11.73267
v 90.53879 20.92954 11.66866
v 85.93695 20.92954 11.95285
v 90.69892 20.92954 11.95286
v 92.14933 20.92537 11.98532
v 92.14475 20.94683 12.03541
v 92.15746 20.97176 11.98886
v 92.22607 20.93001 12.02450
v 92.19533 20.92537 11.98760
v 92.14908 20.95112 12.08990
v 92.19328 20.97194 11.98945
v 92.22392 20.97158 12.02626
v 92.22404 20.93248 12.10098
v 92.27347 20.92676 12.04299
v 92.26847 20.92641 12.08139
v 92.22573 20.97145 12.09791
v 92.20647 20.92537 12.14503
v 92.20458 20.97179 12.14149
v 92.14685 20.97171 12.14608
v 92.14535 20.92537 12.15208
v 92.10356 20.92676 12.14982
v 92.09201 20.97172 12.09869
v 92.08693 20.92583 12.09741
v 92.09186 20.92579 12.02814
v 92.09423 20.97175 12.03379
v 92.13839 20.97117 12.02643
v 92.25241 20.97215 12.05660
v 92.25277 20.97215 12.07795
v 92.10742 20.97215 12.13410
v 92.14367 20.97091 12.09095
v 85.65634 20.92954 11.04721
v 85.66705 20.92954 11.30020
v 85.70683 20.92954 11.55501
v 85.66446 20.92954 12.01575
v 85.66621 20.92954 8.75093
v 85.65634 20.92954 10.35559
v 91.32873 20.92954 10.35560
v 91.32873 20.75240 10.35560
v 90.98569 20.92954 10.35560
v 90.98569 20.75240 10.35560
v 91.32873 20.92953 8.75094
v 91.32873 20.75239 8.75094
v 90.97810 20.92953 8.75094
v 90.98569 20.75239 8.75094
v 91.32873 20.92954 12.01575
v 91.32873 20.75240 12.01575
v 90.98176 20.92954 12.01575
v 90.98569 20.75240 12.01575
v 91.32873 20.92954 11.55501
v 91.32873 20.75240 11.55501
v 90.91879 20.92954 11.55501
v 90.98569 20.75240 11.55501
v 91.32873 20.92954 11.30021
v 91.32873 20.75240 11.30021
v 90.97865 20.92954 11.30021
v 90.98569 20.75240 11.30021
v 91.32873 20.92954 11.04722
v 91.32873 20.75240 11.04722
v 90.98569 20.92954 11.04722
v 90.98569 20.75240 11.04722
v 91.32873 20.92953 7.73954
v 91.32873 20.75239 7.73954
v 90.91677 20.92953 7.73954
v 90.98569 20.75239 7.73954
v 91.32873 20.92953 7.13068
v 91.32873 20.75239 7.13068
v 90.98141 20.92953 7.13068
v 90.98569 20.75239 7.13068
v 86.65414 20.92954 10.35559
v 86.65414 20.75240 10.35559
v 86.68292 20.92954 8.75093
v 86.65414 20.75240 8.75093
v 86.65414 20.75240 12.01575
v 86.65414 20.75240 11.55501
v 86.65414 20.75240 11.30021
v 86.68710 20.92954 11.30021
v 86.65414 20.75240 11.04721
v 86.65414 20.92954 11.04721
v 86.32925 20.92954 7.58201
v 86.65414 20.75240 7.73953
v 86.04443 20.92953 7.19668
v 86.65414 20.75240 7.13068
v 89.96547 20.75240 10.35560
v 89.96548 20.75240 8.75094
v 89.96547 20.75240 12.01575
v 89.96547 20.75240 11.55501
v 89.96547 20.75240 11.30021
v 89.96547 20.75240 11.04722
v 89.96548 20.75239 7.73954
v 89.96548 20.75239 7.13068
v 89.96547 20.92954 10.35560
v 89.93263 20.92953 8.75094
v 89.93658 20.92954 11.30021
v 89.96547 20.92954 11.04722
v 90.26071 20.92953 7.58202
v 90.67353 20.92953 7.19553
v 91.32873 20.92954 11.89021
v 91.32873 20.92954 11.82050
v 91.32873 20.92954 11.75668
v 91.32873 20.92954 11.69267
v 91.32873 20.92954 11.62853
v 91.32873 20.75240 11.89021
v 91.32873 20.75240 11.82050
v 91.32873 20.75240 11.75668
v 91.32873 20.75240 11.69267
v 91.32873 20.75240 11.62853
v 90.98481 20.92953 11.89020
v 90.98123 20.92954 11.82050
v 90.93820 20.92954 11.76148
v 90.93897 20.92954 11.69267
v 90.92707 20.92954 11.62853
v 90.98569 20.75240 11.89020
v 90.98569 20.75240 11.82050
v 90.98569 20.75240 11.75667
v 90.98569 20.75240 11.69267
v 90.98569 20.75240 11.62853
v 86.65414 20.75240 11.89020
v 86.65414 20.75240 11.82049
v 86.65414 20.75240 11.75667
v 86.65414 20.75240 11.69266
v 86.65414 20.75240 11.62852
v 89.96547 20.75240 11.89020
v 89.96547 20.75240 11.82049
v 89.96547 20.75240 11.75667
v 89.96547 20.75240 11.69267
v 89.96547 20.75240 11.62852
v 85.70260 20.92954 7.73953
v 85.66258 20.92953 7.13068
v 85.65634 20.75240 10.35559
v 85.65635 20.75240 8.75093
v 85.65634 20.75240 12.01575
v 85.65634 20.75240 11.55501
v 85.65634 20.75240 11.30020
v 85.65634 20.75240 11.04721
v 85.65635 20.75240 7.73953
v 85.65635 20.75240 7.13068
v 85.66029 20.92954 11.89020
v 85.66250 20.92954 11.82049
v 85.67213 20.92954 11.75667
v 85.68308 20.92954 11.69266
v 85.69617 20.92954 11.62852
v 85.65634 20.75240 11.89020
v 85.65634 20.75240 11.82049
v 85.65634 20.75240 11.75667
v 85.65634 20.75240 11.69266
v 85.65634 20.75240 11.62852
v 85.29575 20.92954 10.35559
v 85.29575 20.92954 8.75093
v 85.29575 20.92954 12.01575
v 85.29575 20.92954 11.55500
v 85.29575 20.92954 11.30020
v 85.29575 20.92954 11.04721
v 85.29575 20.92954 7.73953
v 85.29575 20.92954 7.13068
v 85.29575 20.92954 11.89020
v 85.29575 20.92954 11.82049
v 85.29575 20.92954 11.75667
v 85.29575 20.92954 11.69266
v 85.29575 20.92954 11.62852
v 85.29575 20.75240 10.35559
v 85.29575 20.75240 8.75093
v 85.29575 20.75240 12.01575
v 85.29575 20.75240 11.55500
v 85.29575 20.75240 11.30020
v 85.29575 20.75240 11.04721
v 85.29575 20.75240 7.73953
v 85.29575 20.75240 7.13068
v 85.29575 20.75240 11.89020
v 85.29575 20.75240 11.82049
v 85.29575 20.75240 11.75667
v 85.29575 20.75240 11.69266
v 85.29575 20.75240 11.62852
v 91.32873 20.92953 7.52148
v 91.32873 20.92953 7.45857
v 91.32873 20.92953 7.38935
v 91.32873 20.92953 7.32705
v 91.32873 20.92953 7.26455
v 91.32873 20.75239 7.52148
v 91.32873 20.75239 7.45857
v 91.32873 20.75239 7.38935
v 91.32873 20.75239 7.32705
v 91.32873 20.75239 7.26455
v 90.92429 20.92953 7.52148
v 90.93719 20.92953 7.45857
v 90.93953 20.92953 7.38473
v 90.98073 20.92953 7.32705
v 90.98409 20.92953 7.26455
v 90.98570 20.75239 7.52148
v 90.98570 20.75239 7.45857
v 90.98570 20.75239 7.38935
v 90.98570 20.75239 7.32705
v 90.98570 20.75239 7.26455
v 86.65414 20.75240 7.52148
v 86.65414 20.75240 7.45857
v 86.65414 20.75240 7.38934
v 86.65414 20.75240 7.32704
v 86.65414 20.75240 7.26454
v 86.14457 20.92954 7.52779
v 86.07326 20.92954 7.47241
v 85.99981 20.92954 7.40319
v 85.95605 20.92954 7.37827
v 85.87923 20.92953 7.32289
v 85.90317 20.92953 7.26474
v 89.96548 20.75239 7.52148
v 89.96548 20.75239 7.45857
v 89.96548 20.75239 7.38935
v 89.96548 20.75239 7.32705
v 89.96548 20.75239 7.26455
v 90.45224 20.92953 7.53472
v 90.53007 20.92953 7.47934
v 90.60345 20.92953 7.41011
v 90.63880 20.92953 7.37550
v 90.70778 20.92953 7.32013
v 90.71402 20.92953 7.26475
v 85.69690 20.92954 7.52148
v 85.68419 20.92954 7.45857
v 85.67216 20.92954 7.38934
v 85.66235 20.92954 7.32704
v 85.65834 20.92953 7.26454
v 85.65635 20.75240 7.52148
v 85.65635 20.75240 7.45857
v 85.65635 20.75240 7.38934
v 85.65635 20.75240 7.32704
v 85.65635 20.75240 7.26454
v 85.29575 20.92954 7.52148
v 85.29575 20.92954 7.45856
v 85.29575 20.92954 7.38934
v 85.29575 20.92954 7.32704
v 85.29575 20.92954 7.26454
v 85.29575 20.75240 7.52148
v 85.29575 20.75240 7.45856
v 85.29575 20.75240 7.38934
v 85.29575 20.75240 7.32704
v 85.29575 20.75240 7.26454
v 92.31558 20.75239 6.82466
v 92.31558 20.78649 6.74808
v 92.55990 20.78649 6.82466
v 92.31558 20.75360 6.75590
v 92.55056 20.75424 6.75789
v 92.55369 20.78649 6.75590
v 92.55245 20.75384 6.82466
v 92.55458 20.92205 6.82466
v 92.31558 20.92298 6.75395
v 92.31558 20.92953 6.82466
v 92.55160 20.92078 6.75723
v 92.55989 20.78649 12.36661
v 92.31558 20.78649 12.42605
v 92.31558 20.75240 12.36661
v 92.55244 20.78650 12.42314
v 92.55006 20.75434 12.42219
v 92.31558 20.75385 12.42314
v 92.55244 20.75385 12.36661
v 92.31558 20.92953 12.36661
v 92.31558 20.92205 12.42397
v 92.55457 20.92205 12.36661
v 92.55088 20.92048 12.42252
v 84.07433 20.78649 6.82465
v 84.31664 20.78649 6.74807
v 84.31664 20.75240 6.82465
v 84.08049 20.78650 6.75590
v 84.08360 20.75424 6.75788
v 84.31664 20.75361 6.75589
v 84.08172 20.75385 6.82465
v 84.31664 20.92954 6.82465
v 84.31664 20.92299 6.75394
v 84.07961 20.92205 6.82465
v 84.08256 20.92078 6.75722
v 84.31664 20.78650 12.42604
v 84.07433 20.78650 12.36661
v 84.31664 20.75240 12.36661
v 84.08172 20.78650 12.42313
v 84.08409 20.75434 12.42218
v 84.08172 20.75385 12.36660
v 84.31664 20.75385 12.42313
v 84.31664 20.92953 12.36661
v 84.07961 20.92205 12.36660
v 84.31664 20.92205 12.42396
v 84.08327 20.92048 12.42251
v 91.32873 20.78649 12.42605
v 91.32873 20.75240 12.36661
v 91.32873 20.75385 12.42314
v 91.32873 20.92953 12.36661
v 91.32873 20.92205 12.42397
v 91.32873 20.75239 6.82466
v 91.32873 20.78649 6.74808
v 91.32873 20.75360 6.75590
v 91.32873 20.92298 6.75395
v 91.32873 20.92953 6.82466
v 90.98498 20.92953 12.36661
v 90.98567 20.92205 12.42397
v 90.98570 20.75239 6.82466
v 90.98570 20.78649 6.74808
v 90.98570 20.75360 6.75590
v 90.98569 20.78649 12.42605
v 90.98569 20.75240 12.36661
v 90.98569 20.75385 12.42314
v 90.98561 20.92298 6.75395
v 90.98460 20.92953 6.82466
v 85.65635 20.75240 6.82466
v 85.65635 20.78649 6.74807
v 85.65635 20.75361 6.75590
v 85.65766 20.92953 12.36661
v 85.65639 20.92205 12.42397
v 92.31558 20.75240 10.35560
v 92.55990 20.78649 10.35560
v 92.55245 20.75385 10.35560
v 92.31558 20.92954 10.35560
v 92.55457 20.92205 10.35560
v 84.31664 20.75240 10.35559
v 84.07433 20.78649 10.35559
v 84.08172 20.75385 10.35559
v 84.31664 20.92954 10.35559
v 84.07961 20.92205 10.35559
v 92.31558 20.75239 8.75094
v 92.55990 20.78649 8.75094
v 92.55245 20.75385 8.75094
v 84.31664 20.92954 8.75093
v 84.07961 20.92205 8.75093
v 92.55458 20.92205 8.75094
v 92.31558 20.92953 8.75094
v 84.07433 20.78649 8.75093
v 84.31664 20.75240 8.75093
v 84.08172 20.75385 8.75093
v 92.55457 20.92205 12.01576
v 84.07433 20.78650 12.01575
v 84.31664 20.75240 12.01575
v 84.08172 20.75385 12.01575
v 92.31558 20.75240 12.01576
v 92.55989 20.78649 12.01576
v 92.55245 20.75385 12.01576
v 84.31664 20.92954 12.01575
v 84.07961 20.92205 12.01575
v 92.31558 20.75240 11.55501
v 92.55990 20.78649 11.55501
v 92.55245 20.75385 11.55501
v 84.31664 20.92954 11.55500
v 84.07961 20.92205 11.55500
v 92.31558 20.92954 11.55501
v 92.55457 20.92205 11.55501
v 84.31664 20.75240 11.55500
v 84.07433 20.78650 11.55500
v 84.08172 20.75385 11.55500
v 92.31558 20.75240 11.30021
v 92.55990 20.78649 11.30021
v 92.55245 20.75385 11.30021
v 84.31664 20.92954 11.30020
v 84.07961 20.92205 11.30020
v 92.55457 20.92205 11.30021
v 92.31558 20.92954 11.30021
v 84.07433 20.78650 11.30020
v 84.31664 20.75240 11.30020
v 84.08172 20.75385 11.30020
v 92.55990 20.78649 11.04722
v 92.31558 20.75240 11.04722
v 92.55245 20.75385 11.04722
v 84.07961 20.92205 11.04721
v 84.31664 20.92954 11.04721
v 92.55457 20.92205 11.04722
v 92.31558 20.92954 11.04722
v 84.07433 20.78650 11.04721
v 84.31664 20.75240 11.04721
v 84.08172 20.75385 11.04721
v 92.31558 20.75239 7.73954
v 92.55990 20.78649 7.73954
v 92.55245 20.75385 7.73954
v 84.31664 20.92954 7.73953
v 84.07961 20.92205 7.73953
v 92.55458 20.92205 7.73954
v 92.31558 20.92953 7.73954
v 84.07433 20.78649 7.73953
v 84.31664 20.75240 7.73953
v 84.08172 20.75385 7.73953
v 92.55990 20.78649 7.13069
v 92.31558 20.75239 7.13069
v 92.55245 20.75384 7.13069
v 84.07961 20.92205 7.13068
v 84.31664 20.92954 7.13068
v 92.55458 20.92205 7.13069
v 84.31664 20.75240 7.13068
v 84.07433 20.78649 7.13068
v 84.08172 20.75385 7.13068
v 86.65429 20.92205 12.42397
v 86.65841 20.92953 12.36661
v 86.65414 20.78649 6.74807
v 86.65414 20.75239 6.82466
v 86.65414 20.75361 6.75590
v 86.65414 20.75240 12.36661
v 86.65414 20.78650 12.42604
v 86.65414 20.75385 12.42314
v 86.65900 20.92953 6.82466
v 86.65452 20.92298 6.75394
v 89.96547 20.78649 12.42605
v 89.96547 20.75240 12.36661
v 89.96547 20.75385 12.42314
v 89.96513 20.92298 6.75394
v 89.96090 20.92953 6.82466
v 89.96538 20.92205 12.42397
v 89.96281 20.92953 12.36661
v 89.96548 20.78649 6.74807
v 89.96548 20.75239 6.82466
v 89.96548 20.75361 6.75590
v 92.31558 20.92954 11.62853
v 92.55457 20.92205 11.62853
v 92.31558 20.92954 11.69267
v 92.55457 20.92205 11.69267
v 92.31558 20.92954 11.75668
v 92.55457 20.92205 11.75668
v 92.31558 20.92954 11.82050
v 92.55457 20.92205 11.82050
v 92.31558 20.92954 11.89021
v 92.55457 20.92205 11.89021
v 84.31664 20.75240 11.62852
v 84.07433 20.78650 11.62852
v 84.08172 20.75385 11.62852
v 84.31664 20.75240 11.69266
v 84.07433 20.78650 11.69266
v 84.08172 20.75385 11.69266
v 84.31664 20.75240 11.75667
v 84.07433 20.78650 11.75667
v 84.08172 20.75385 11.75667
v 84.31664 20.75240 11.82049
v 84.07433 20.78650 11.82049
v 84.08172 20.75385 11.82049
v 84.31664 20.75240 11.89020
v 84.07433 20.78650 11.89020
v 84.08172 20.75385 11.89020
v 92.31558 20.75240 11.89021
v 92.55989 20.78649 11.89021
v 92.55245 20.75385 11.89021
v 92.31558 20.75240 11.82050
v 92.55989 20.78649 11.82050
v 92.55245 20.75385 11.82050
v 92.31558 20.75240 11.75668
v 92.55989 20.78649 11.75668
v 92.55245 20.75385 11.75668
v 92.31558 20.75240 11.69267
v 92.55989 20.78649 11.69267
v 92.55245 20.75385 11.69267
v 92.55989 20.78649 11.62853
v 92.31558 20.75240 11.62853
v 92.55245 20.75385 11.62853
v 84.31664 20.92954 11.89020
v 84.07961 20.92205 11.89020
v 84.31664 20.92954 11.82049
v 84.07961 20.92205 11.82049
v 84.31664 20.92954 11.75667
v 84.07961 20.92205 11.75667
v 84.31664 20.92954 11.69266
v 84.07961 20.92205 11.69266
v 84.07961 20.92205 11.62852
v 84.31664 20.92954 11.62852
v 85.65634 20.78650 12.42604
v 85.65634 20.75240 12.36661
v 85.65634 20.75385 12.42314
v 85.65647 20.92298 6.75394
v 85.65794 20.92953 6.82466
v 85.29575 20.92205 12.42397
v 85.29575 20.92953 12.36661
v 85.29575 20.78649 6.74807
v 85.29575 20.75240 6.82466
v 85.29575 20.75361 6.75590
v 85.29575 20.78650 12.42604
v 85.29575 20.75240 12.36661
v 85.29575 20.75385 12.42314
v 85.29575 20.92298 6.75394
v 85.29575 20.92953 6.82466
v 92.31558 20.92953 7.26455
v 92.55458 20.92205 7.26455
v 92.31558 20.92953 7.32705
v 92.55458 20.92205 7.32705
v 92.31558 20.92953 7.38935
v 92.55458 20.92205 7.38935
v 92.31558 20.92953 7.45857
v 92.55458 20.92205 7.45857
v 92.55458 20.92205 7.52148
v 92.31558 20.92953 7.52148
v 84.31664 20.75240 7.26454
v 84.07433 20.78649 7.26454
v 84.08172 20.75385 7.26454
v 84.31664 20.75240 7.32704
v 84.07433 20.78649 7.32704
v 84.08172 20.75385 7.32704
v 84.31664 20.75240 7.38934
v 84.07433 20.78649 7.38934
v 84.08172 20.75385 7.38934
v 84.31664 20.75240 7.45856
v 84.07433 20.78649 7.45856
v 84.08172 20.75385 7.45856
v 84.07433 20.78649 7.52147
v 84.31664 20.75240 7.52147
v 84.08172 20.75385 7.52147
v 92.31558 20.75239 7.52148
v 92.55990 20.78649 7.52148
v 92.55245 20.75385 7.52148
v 92.31558 20.75239 7.45857
v 92.55990 20.78649 7.45857
v 92.55245 20.75385 7.45857
v 92.31558 20.75239 7.38935
v 92.55990 20.78649 7.38935
v 92.55245 20.75385 7.38935
v 92.31558 20.75239 7.32705
v 92.55990 20.78649 7.32705
v 92.55245 20.75385 7.32705
v 92.55990 20.78649 7.26455
v 92.31558 20.75239 7.26455
v 92.55245 20.75385 7.26455
v 84.31664 20.92954 7.52147
v 84.07961 20.92205 7.52147
v 84.31664 20.92954 7.45856
v 84.07961 20.92205 7.45856
v 84.31664 20.92954 7.38934
v 84.07961 20.92205 7.38934
v 84.31664 20.92954 7.32704
v 84.07961 20.92205 7.32704
v 84.07961 20.92205 7.26454
v 84.31664 20.92954 7.26454
v 86.14879 20.92954 11.04721
v 85.86025 20.92954 11.04721
v 85.71921 20.92954 11.04721
v 86.18395 20.92954 11.30020
v 85.88981 20.92954 11.30020
v 85.73930 20.92954 11.30020
v 86.11822 20.92954 11.53272
v 85.93725 20.92954 11.54277
v 85.80557 20.92954 11.55524
v 85.80713 20.92954 12.00949
v 85.72499 20.92954 12.01497
v 86.18050 20.92954 8.75093
v 85.88728 20.92954 8.75093
v 85.73769 20.92954 8.75093
v 86.14879 20.92954 10.35559
v 85.86025 20.92954 10.35559
v 85.71921 20.92954 10.35559
v 91.32873 20.92954 10.95093
v 91.32873 20.92954 10.81681
v 91.32873 20.92954 10.62499
v 91.32873 20.75240 10.95093
v 91.32873 20.75240 10.81681
v 91.32873 20.75240 10.62499
v 90.98569 20.92954 10.95093
v 90.98569 20.92954 10.81681
v 90.99212 20.92954 10.61032
v 90.98569 20.75240 10.95093
v 90.98569 20.75240 10.81681
v 90.98569 20.75240 10.62499
v 91.08784 20.75240 10.35560
v 91.17090 20.92954 10.35560
v 91.08784 20.92954 10.35560
v 90.90293 20.75240 10.35560
v 91.32873 20.92954 9.99887
v 91.32873 20.92953 9.58539
v 91.32873 20.92953 9.15585
v 91.32873 20.75240 9.99887
v 91.32873 20.75240 9.58539
v 91.32873 20.75240 9.15585
v 90.98557 20.92954 9.99887
v 90.98474 20.92953 9.58538
v 90.98249 20.92953 9.15585
v 90.98569 20.75240 9.99887
v 90.98569 20.75240 9.58538
v 90.98569 20.75240 9.15585
v 91.08785 20.75239 8.75094
v 91.17091 20.75239 8.75094
v 91.17074 20.92953 8.75094
v 91.08651 20.92953 8.75094
v 90.47160 20.75240 8.75094
v 90.76104 20.75239 8.75094
v 90.90294 20.75239 8.75094
v 90.47160 20.75240 12.01575
v 90.76104 20.75240 12.01575
v 90.90293 20.75240 12.01575
v 91.17082 20.92954 12.01575
v 91.08715 20.92954 12.01575
v 91.08784 20.75240 12.01575
v 91.17090 20.75240 12.01575
v 90.47160 20.75240 11.55501
v 90.76104 20.75240 11.55501
v 90.90293 20.75240 11.55501
v 91.17016 20.92954 11.55501
v 91.08189 20.92954 11.55501
v 90.98489 20.92954 11.55501
v 91.08784 20.75240 11.55501
v 91.17090 20.75240 11.55501
v 91.32873 20.92954 11.47510
v 91.32873 20.92954 11.41934
v 91.32873 20.92954 11.35957
v 91.32873 20.75240 11.47510
v 91.32873 20.75240 11.41934
v 91.32873 20.75240 11.35957
v 90.92729 20.92954 11.47510
v 90.93712 20.92954 11.41934
v 90.94759 20.92954 11.35957
v 90.98569 20.75240 11.47510
v 90.98569 20.75240 11.41934
v 90.98569 20.75240 11.35957
v 90.47160 20.75240 11.30021
v 90.76104 20.75240 11.30021
v 90.90293 20.75240 11.30021
v 91.17075 20.92954 11.30021
v 91.08660 20.92954 11.30021
v 91.08784 20.75240 11.30021
v 91.17090 20.75240 11.30021
v 91.32873 20.92954 11.21542
v 91.32873 20.92954 11.12318
v 91.32873 20.75240 11.21542
v 91.32873 20.75240 11.12318
v 90.98377 20.92954 11.21542
v 90.98558 20.92954 11.12318
v 90.98569 20.75240 11.21542
v 90.98569 20.75240 11.12318
v 90.90293 20.75240 11.04722
v 91.17090 20.92954 11.04722
v 91.08784 20.92954 11.04722
v 91.08784 20.75240 11.04722
v 91.32873 20.92953 8.40428
v 91.32873 20.92953 8.12128
v 91.32873 20.92953 7.90026
v 91.32873 20.75239 8.40428
v 91.32873 20.75239 8.12128
v 91.32873 20.75239 7.90026
v 90.94611 20.92953 8.40428
v 90.93484 20.92953 8.12128
v 90.92428 20.92953 7.90026
v 90.98569 20.75239 8.40428
v 90.98569 20.75239 8.12128
v 90.98569 20.75239 7.90026
v 91.08785 20.75239 7.73954
v 91.17091 20.75239 7.73954
v 91.17013 20.92953 7.73954
v 91.08164 20.92953 7.73954
v 90.98403 20.92953 7.73954
v 90.47160 20.75239 7.73954
v 90.76104 20.75239 7.73954
v 90.90294 20.75239 7.73954
v 91.32873 20.92953 7.19856
v 91.32873 20.75239 7.19856
v 90.98217 20.92953 7.19856
v 90.98569 20.75239 7.19856
v 91.08785 20.75239 7.13068
v 91.17091 20.75239 7.13068
v 91.17082 20.92953 7.13068
v 91.08709 20.92953 7.13068
v 90.47160 20.75239 7.13068
v 90.76105 20.75239 7.13068
v 90.90294 20.75239 7.13068
v 89.20889 20.92954 10.35560
v 88.30949 20.92954 10.35560
v 87.41024 20.92954 10.35559
v 85.71921 20.75240 10.35559
v 85.86025 20.75240 10.35559
v 86.14879 20.75240 10.35559
v 89.18834 20.92953 8.75093
v 88.30715 20.92954 8.75093
v 87.42628 20.92954 8.75093
v 85.71921 20.75240 8.75093
v 85.86025 20.75240 8.75093
v 86.14880 20.75240 8.75093
v 85.71921 20.75240 12.01575
v 85.86025 20.75240 12.01575
v 86.14879 20.75240 12.01575
v 85.71921 20.75240 11.55501
v 85.86025 20.75240 11.55501
v 86.14879 20.75240 11.55501
v 85.71921 20.75240 11.30020
v 85.86025 20.75240 11.30020
v 86.14879 20.75240 11.30020
v 89.19279 20.92954 11.30021
v 88.31182 20.92954 11.30021
v 87.43086 20.92954 11.30021
v 85.71921 20.75240 11.04721
v 85.86025 20.75240 11.04721
v 86.14879 20.75240 11.04721
v 89.20889 20.92954 11.04722
v 88.30949 20.92954 11.04722
v 87.41024 20.92954 11.04721
v 89.31899 20.92953 7.58317
v 88.29473 20.92953 7.58317
v 87.27047 20.92953 7.58317
v 85.71921 20.75240 7.73953
v 85.86025 20.75240 7.73953
v 86.14880 20.75240 7.73953
v 89.49193 20.92953 7.19552
v 88.31033 20.92953 7.19552
v 87.12873 20.92953 7.19552
v 85.71921 20.75240 7.13068
v 85.86025 20.75240 7.13068
v 86.14880 20.75240 7.13068
v 86.65414 20.75240 7.19856
v 85.92694 20.92953 7.21629
v 86.65414 20.75240 8.40428
v 86.65414 20.75240 8.12128
v 86.65414 20.75240 7.90025
v 86.70330 20.92954 8.40224
v 86.69488 20.92954 8.10499
v 86.60694 20.92954 7.84406
v 86.65826 20.92954 11.18686
v 86.65466 20.92954 11.12317
v 86.65414 20.75240 11.21542
v 86.65414 20.75240 11.12317
v 86.62707 20.92954 11.48739
v 86.70826 20.92954 11.42290
v 86.71137 20.92954 11.36001
v 86.65414 20.75240 11.47509
v 86.65414 20.75240 11.41933
v 86.65414 20.75240 11.35957
v 86.65414 20.75240 9.99886
v 86.65414 20.75240 9.58538
v 86.65414 20.75240 9.15584
v 86.65459 20.92954 9.99886
v 86.65775 20.92954 9.58538
v 86.66628 20.92954 9.15584
v 86.65414 20.75240 10.95093
v 86.65414 20.75240 10.81681
v 86.65414 20.75240 10.62499
v 86.65414 20.92954 10.95093
v 86.65414 20.92954 10.62499
v 88.30949 20.75240 10.35560
v 89.20889 20.75240 10.35560
v 87.41025 20.75240 8.75093
v 88.30949 20.75240 8.75093
v 89.20889 20.75240 8.75093
v 87.41024 20.75240 12.01575
v 88.30949 20.75240 12.01575
v 89.20889 20.75240 12.01575
v 87.41024 20.75240 11.55501
v 88.30949 20.75240 11.55501
v 89.20889 20.75240 11.55501
v 87.41024 20.75240 11.30021
v 88.30949 20.75240 11.30021
v 89.20889 20.75240 11.30021
v 88.30949 20.75240 11.04722
v 87.41025 20.75240 7.73953
v 88.30949 20.75240 7.73954
v 89.20889 20.75239 7.73954
v 87.41025 20.75239 7.13068
v 88.30949 20.75239 7.13068
v 89.20889 20.75239 7.13068
v 90.90293 20.92954 10.35560
v 90.76104 20.92954 10.35560
v 90.47160 20.92954 10.35560
v 90.88290 20.92953 8.75094
v 90.73158 20.92953 8.75094
v 90.43655 20.92953 8.75094
v 90.90210 20.92954 12.01497
v 90.82214 20.92954 12.00950
v 90.82213 20.92954 11.55524
v 90.69438 20.92954 11.54278
v 90.51932 20.92954 11.53273
v 90.88438 20.92954 11.30021
v 90.73391 20.92954 11.30021
v 90.43976 20.92954 11.30021
v 90.90293 20.92954 11.04722
v 90.76104 20.92954 11.04722
v 90.47160 20.92954 11.04722
v 90.81679 20.92953 7.73791
v 90.68004 20.92953 7.72651
v 90.50159 20.92953 7.69251
v 90.90114 20.92953 7.13136
v 90.82040 20.92953 7.13609
v 90.71382 20.92953 7.15019
v 89.96547 20.75240 10.95093
v 89.96547 20.75240 10.81681
v 89.96547 20.75240 10.62499
v 89.96548 20.75240 9.99886
v 89.96548 20.75240 9.58538
v 89.96548 20.75240 9.15584
v 89.96547 20.75240 11.47510
v 89.96547 20.75240 11.41934
v 89.96547 20.75240 11.35957
v 89.96547 20.75240 11.21542
v 89.96547 20.75240 11.12318
v 89.96548 20.75239 8.40428
v 89.96548 20.75239 8.12128
v 89.96548 20.75239 7.90025
v 89.96548 20.75239 7.19856
v 90.69297 20.92953 7.21629
v 89.90846 20.92953 8.40225
v 89.91164 20.92953 8.10499
v 89.99287 20.92953 7.84406
v 89.95757 20.92954 11.21542
v 89.96502 20.92954 11.12318
v 90.01175 20.92954 11.48739
v 89.92427 20.92954 11.42290
v 89.91608 20.92954 11.36002
v 89.96496 20.92954 9.99886
v 89.96137 20.92954 9.58538
v 89.95161 20.92953 9.15584
v 89.96547 20.92954 10.95093
v 89.96547 20.92954 10.62499
v 90.47160 20.75240 11.89020
v 90.76104 20.75240 11.89020
v 90.90293 20.75240 11.89020
v 90.90293 20.75240 11.82050
v 90.90293 20.75240 11.75667
v 90.90293 20.75240 11.69267
v 90.47160 20.75240 11.62852
v 90.76104 20.75240 11.62852
v 90.90293 20.75240 11.62852
v 87.41024 20.75240 11.89020
v 88.30949 20.75240 11.89020
v 89.20889 20.75240 11.89020
v 88.30949 20.75240 11.82049
v 89.20889 20.75240 11.82049
v 88.30949 20.75240 11.75667
v 89.20889 20.75240 11.75667
v 88.30949 20.75240 11.69266
v 89.20889 20.75240 11.69266
v 87.41024 20.75240 11.62852
v 88.30949 20.75240 11.62852
v 89.20889 20.75240 11.62852
v 91.08784 20.75240 11.89020
v 91.17090 20.75240 11.89020
v 91.08784 20.75240 11.82050
v 91.08784 20.75240 11.75667
v 91.08784 20.75240 11.69267
v 91.08784 20.75240 11.62852
v 91.17090 20.75240 11.62853
v 90.91246 20.92954 11.89020
v 90.85244 20.92954 11.89018
v 90.78753 20.92954 11.89012
v 90.90278 20.92954 11.82050
v 90.83669 20.92954 11.82050
v 90.76988 20.92954 11.82843
v 90.88055 20.92954 11.74867
v 90.80489 20.92954 11.75667
v 90.71882 20.92954 11.75667
v 90.86210 20.92954 11.69267
v 90.77055 20.92954 11.69267
v 90.66311 20.92954 11.68467
v 90.83924 20.92954 11.62853
v 90.72767 20.92954 11.61986
v 90.59012 20.92954 11.60389
v 91.17088 20.92954 11.89020
v 91.08768 20.92954 11.89020
v 91.17080 20.92954 11.82050
v 91.08706 20.92954 11.82050
v 91.17064 20.92954 11.75667
v 91.08578 20.92954 11.75667
v 90.99803 20.92954 11.75667
v 91.17047 20.92954 11.69267
v 91.08441 20.92954 11.69267
v 90.99340 20.92954 11.69267
v 91.17029 20.92954 11.62853
v 91.08292 20.92954 11.62852
v 90.98838 20.92954 11.62852
v 85.71921 20.75240 11.89020
v 85.86025 20.75240 11.89020
v 86.14879 20.75240 11.89020
v 85.71921 20.75240 11.82049
v 85.86025 20.75240 11.82049
v 86.14879 20.75240 11.82049
v 85.71921 20.75240 11.75667
v 85.86025 20.75240 11.75667
v 86.14879 20.75240 11.75667
v 85.71921 20.75240 11.69266
v 85.86025 20.75240 11.69266
v 86.14879 20.75240 11.69266
v 85.71921 20.75240 11.62852
v 85.86025 20.75240 11.62852
v 86.14879 20.75240 11.62852
v 91.32873 20.92954 11.94922
v 91.32873 20.75240 11.94922
v 90.98235 20.92954 11.94922
v 90.98569 20.75240 11.94922
v 86.65414 20.75240 11.94921
v 89.96547 20.75240 11.94922
v 86.10064 20.92954 7.69250
v 85.92986 20.92954 7.72650
v 85.79873 20.92954 7.73790
v 85.90739 20.92953 7.15018
v 85.80151 20.92953 7.13608
v 85.72141 20.92953 7.13135
v 85.45266 20.75240 10.35559
v 85.52136 20.75240 10.35559
v 85.61008 20.75240 10.35559
v 85.45266 20.75240 8.75093
v 85.54982 20.75240 8.75093
v 85.61008 20.75240 8.75093
v 85.45266 20.75240 12.01575
v 85.54981 20.75240 12.01575
v 85.61008 20.75240 12.01575
v 85.45266 20.75240 11.55500
v 85.54981 20.75240 11.55500
v 85.61008 20.75240 11.55501
v 85.45266 20.75240 11.30020
v 85.54981 20.75240 11.30020
v 85.61008 20.75240 11.30020
v 85.45266 20.75240 11.04721
v 85.54981 20.75240 11.04721
v 85.61008 20.75240 11.04721
v 85.45267 20.75240 7.73953
v 85.54982 20.75240 7.73953
v 85.61009 20.75240 7.73953
v 85.45267 20.75240 7.13068
v 85.54982 20.75240 7.13068
v 85.61009 20.75240 7.13068
v 85.81481 20.92954 11.89017
v 85.73612 20.92953 11.88505
v 85.80086 20.92954 11.82049
v 85.73049 20.92954 11.82519
v 85.89199 20.92954 11.76467
v 85.81421 20.92954 11.75667
v 85.73762 20.92954 11.75667
v 85.94764 20.92954 11.69266
v 85.85704 20.92954 11.67666
v 85.75867 20.92954 11.69266
v 86.01583 20.92954 11.62057
v 85.88940 20.92954 11.62854
v 85.78761 20.92954 11.62048
v 85.45266 20.75240 11.89020
v 85.54981 20.75240 11.89020
v 85.61009 20.75240 11.89020
v 85.45266 20.75240 11.82049
v 85.54981 20.75240 11.82049
v 85.61008 20.75240 11.82049
v 85.45266 20.75240 11.75667
v 85.54981 20.75240 11.75667
v 85.61008 20.75240 11.75667
v 85.45266 20.75240 11.69266
v 85.54981 20.75240 11.69266
v 85.61008 20.75240 11.69266
v 85.45266 20.75240 11.62852
v 85.54981 20.75240 11.62852
v 85.61008 20.75240 11.62852
v 85.66446 20.92954 11.94921
v 85.65634 20.75240 11.94921
v 85.65634 20.92954 10.95093
v 85.65634 20.92954 10.81681
v 85.65634 20.92954 10.62498
v 85.65650 20.92954 9.99886
v 85.65758 20.92954 9.58538
v 85.66051 20.92954 9.15584
v 85.69845 20.92954 11.47509
v 85.68797 20.92954 11.41933
v 85.67670 20.92954 11.35957
v 85.65928 20.92954 11.21542
v 85.65651 20.92954 11.12317
v 85.67510 20.92954 8.40428
v 85.68555 20.92954 8.12128
v 85.69543 20.92954 7.90025
v 85.66147 20.92953 7.19856
v 85.65635 20.75240 7.19856
v 85.65635 20.75240 8.40428
v 85.65635 20.75240 8.12128
v 85.65635 20.75240 7.90025
v 85.65634 20.75240 11.21542
v 85.65634 20.75240 11.12317
v 85.65634 20.75240 11.47509
v 85.65634 20.75240 11.41933
v 85.65634 20.75240 11.35957
v 85.65634 20.75240 9.99886
v 85.65634 20.75240 9.58538
v 85.65635 20.75240 9.15584
v 85.65634 20.75240 10.95093
v 85.65634 20.75240 10.81681
v 85.65634 20.75240 10.62498
v 85.61008 20.92954 10.35559
v 85.52136 20.92954 10.35559
v 85.45266 20.92954 10.35559
v 85.61425 20.92954 8.75093
v 85.52260 20.92954 8.75093
v 85.45282 20.92954 8.75093
v 85.61351 20.92954 12.01575
v 85.55083 20.92954 12.01575
v 85.45279 20.92954 12.01575
v 85.63138 20.92954 11.55501
v 85.55612 20.92954 11.55500
v 85.45345 20.92954 11.55500
v 85.61460 20.92954 11.30020
v 85.55115 20.92954 11.30020
v 85.45283 20.92954 11.30020
v 85.61008 20.92954 11.04721
v 85.54981 20.92954 11.04721
v 85.45266 20.92954 11.04721
v 85.62960 20.92954 7.73953
v 85.55560 20.92954 7.73953
v 85.45338 20.92954 7.73953
v 85.61272 20.92953 7.13068
v 85.55060 20.92953 7.13068
v 85.45276 20.92954 7.13068
v 85.61175 20.92954 11.89020
v 85.55031 20.92954 11.89020
v 85.45272 20.92954 11.89020
v 85.61268 20.92954 11.82049
v 85.55058 20.92954 11.82049
v 85.45276 20.92954 11.82049
v 85.61675 20.92954 11.75667
v 85.55179 20.92954 11.75667
v 85.45291 20.92954 11.75667
v 85.62136 20.92954 11.69266
v 85.55316 20.92954 11.69266
v 85.45308 20.92954 11.69266
v 85.62689 20.92954 11.62852
v 85.55479 20.92954 11.62852
v 85.45328 20.92954 11.62852
v 85.29575 20.92954 7.19856
v 85.29575 20.92954 8.40428
v 85.29575 20.92954 8.12128
v 85.29575 20.92954 7.90025
v 85.29575 20.92954 11.21542
v 85.29575 20.92954 11.12317
v 85.29575 20.92954 11.47509
v 85.29575 20.92954 11.41933
v 85.29575 20.92954 11.35957
v 85.29575 20.92954 9.99886
v 85.29575 20.92954 9.58538
v 85.29575 20.92954 9.15584
v 85.29575 20.92954 10.95093
v 85.29575 20.92954 10.81681
v 85.29575 20.92954 10.62498
v 85.29575 20.92954 11.94921
v 85.29575 20.75240 11.94921
v 85.29575 20.75240 7.19856
v 85.29575 20.75240 8.40428
v 85.29575 20.75240 8.12128
v 85.29575 20.75240 7.90025
v 85.29575 20.75240 11.21542
v 85.29575 20.75240 11.12317
v 85.29575 20.75240 11.47509
v 85.29575 20.75240 11.41933
v 85.29575 20.75240 11.35957
v 85.29575 20.75240 9.99886
v 85.29575 20.75240 9.58538
v 85.29575 20.75240 9.15584
v 85.29575 20.75240 10.95093
v 85.29575 20.75240 10.81681
v 85.29575 20.75240 10.62498
v 91.32873 20.92953 7.63529
v 91.32873 20.92953 7.57503
v 91.32873 20.75239 7.63529
v 91.32873 20.75239 7.57503
v 90.91401 20.92953 7.63529
v 90.91512 20.92953 7.57503
v 90.98569 20.75239 7.63529
v 90.98569 20.75239 7.57503
v 86.65414 20.75240 7.63529
v 86.65414 20.75240 7.57502
v 86.21873 20.92954 7.56932
v 86.19199 20.92954 7.55548
v 86.08717 20.92954 7.52168
v 86.03563 20.92954 7.43780
v 85.93253 20.92953 7.33397
v 89.96548 20.75239 7.63529
v 89.96548 20.75239 7.57503
v 90.37674 20.92953 7.56933
v 90.40905 20.92953 7.55548
v 90.49694 20.92953 7.50703
v 90.56717 20.92953 7.44473
v 90.67362 20.92953 7.34089
v 85.70549 20.92954 7.63529
v 85.70487 20.92954 7.57502
v 85.65635 20.75240 7.63529
v 85.65635 20.75240 7.57502
v 85.29575 20.92954 7.63529
v 85.29575 20.92954 7.57502
v 85.29575 20.75240 7.63529
v 85.29575 20.75240 7.57502
v 85.45267 20.75240 7.52148
v 85.54982 20.75240 7.52148
v 85.61009 20.75240 7.52148
v 85.45267 20.75240 7.45856
v 85.54982 20.75240 7.45857
v 85.61009 20.75240 7.45857
v 85.45267 20.75240 7.38934
v 85.54982 20.75240 7.38934
v 85.61009 20.75240 7.38934
v 85.45267 20.75240 7.32704
v 85.54982 20.75240 7.32704
v 85.61009 20.75240 7.32704
v 85.45267 20.75240 7.26454
v 85.54982 20.75240 7.26454
v 85.61009 20.75240 7.26454
v 85.71921 20.75240 7.52148
v 85.86025 20.75240 7.52148
v 86.14880 20.75240 7.52148
v 85.71921 20.75240 7.45857
v 85.86025 20.75240 7.45857
v 86.14880 20.75240 7.45857
v 85.71921 20.75240 7.38934
v 85.86025 20.75240 7.38934
v 86.14880 20.75240 7.38934
v 85.71921 20.75240 7.32704
v 85.86025 20.75240 7.32704
v 86.14880 20.75240 7.32704
v 85.71921 20.75240 7.26454
v 85.86025 20.75240 7.26454
v 86.14880 20.75240 7.26454
v 85.62719 20.92954 7.52148
v 85.55489 20.92954 7.52148
v 85.45330 20.92954 7.52148
v 85.62184 20.92954 7.45857
v 85.55330 20.92954 7.45857
v 85.45310 20.92954 7.45856
v 85.61676 20.92954 7.38934
v 85.55179 20.92954 7.38934
v 85.45291 20.92954 7.38934
v 85.61262 20.92954 7.32704
v 85.55057 20.92954 7.32704
v 85.45276 20.92954 7.32704
v 85.61093 20.92954 7.26454
v 85.55007 20.92954 7.26454
v 85.45269 20.92954 7.26454
v 90.90294 20.75239 7.52148
v 90.90294 20.75239 7.45857
v 90.47160 20.75239 7.38935
v 90.76105 20.75239 7.38935
v 90.90294 20.75239 7.38935
v 90.47160 20.75239 7.32705
v 90.76105 20.75239 7.32705
v 90.90294 20.75239 7.32705
v 90.47160 20.75239 7.26455
v 90.76105 20.75239 7.26455
v 90.90294 20.75239 7.26455
v 86.01016 20.92954 7.52116
v 85.89165 20.92954 7.52137
v 85.78835 20.92954 7.52858
v 85.95264 20.92954 7.45857
v 85.85974 20.92954 7.47241
v 85.76080 20.92954 7.45857
v 85.81428 20.92954 7.38934
v 85.73767 20.92954 7.38934
v 85.89304 20.92954 7.38242
v 85.80029 20.92953 7.32704
v 85.73010 20.92954 7.32289
v 85.83594 20.92953 7.26465
v 85.74112 20.92953 7.26456
v 88.30949 20.75239 7.52148
v 89.20889 20.75239 7.52148
v 88.30949 20.75239 7.45857
v 89.20889 20.75239 7.45857
v 87.41025 20.75240 7.38935
v 88.30949 20.75239 7.38935
v 89.20889 20.75239 7.38935
v 87.41025 20.75240 7.32705
v 88.30949 20.75239 7.32705
v 89.20889 20.75239 7.32705
v 87.41025 20.75239 7.26454
v 88.30949 20.75239 7.26454
v 89.20889 20.75239 7.26455
v 91.17025 20.92953 7.52148
v 91.08258 20.92953 7.52148
v 90.98721 20.92953 7.52148
v 91.17045 20.92953 7.45857
v 91.08419 20.92953 7.45857
v 90.99265 20.92953 7.45857
v 91.17064 20.92953 7.38935
v 91.08570 20.92953 7.38935
v 90.99774 20.92953 7.38935
v 91.17080 20.92953 7.32705
v 91.08697 20.92953 7.32705
v 91.17087 20.92953 7.26455
v 91.08756 20.92953 7.26455
v 90.83389 20.92953 7.52147
v 90.72464 20.92953 7.52138
v 90.58511 20.92953 7.53735
v 90.85869 20.92953 7.45857
v 90.76889 20.92953 7.45165
v 90.65564 20.92953 7.46549
v 90.87960 20.92953 7.39627
v 90.80268 20.92953 7.38935
v 90.71564 20.92953 7.38935
v 90.90143 20.92953 7.32705
v 90.83450 20.92953 7.32705
v 90.76634 20.92953 7.32013
v 90.91050 20.92953 7.26455
v 90.84924 20.92953 7.26458
v 90.78290 20.92953 7.26465
v 91.08785 20.75239 7.52148
v 91.08785 20.75239 7.45857
v 91.08785 20.75239 7.38935
v 91.17091 20.75239 7.38935
v 91.08785 20.75239 7.32705
v 91.17091 20.75239 7.32705
v 91.08785 20.75239 7.26455
v 91.17091 20.75239 7.26455
v 92.45583 20.75240 6.82466
v 92.45583 20.75361 6.75591
v 92.45583 20.78649 6.74809
v 92.45583 20.92298 6.75395
v 92.45583 20.92953 6.82466
v 92.45583 20.78649 12.42604
v 92.45583 20.75385 12.42314
v 92.45583 20.75241 12.36661
v 92.45583 20.92952 12.36661
v 92.45583 20.92205 12.42397
v 84.17755 20.78649 6.74808
v 84.17755 20.75361 6.75590
v 84.17755 20.75240 6.82465
v 84.17755 20.92953 6.82465
v 84.17755 20.92298 6.75394
v 84.17754 20.78650 12.42603
v 84.17755 20.75385 12.42313
v 84.17754 20.75241 12.36661
v 84.17754 20.92952 12.36661
v 84.17755 20.92205 12.42396
v 92.45583 20.75240 7.13069
v 92.31558 20.75239 7.05821
v 92.31558 20.75239 6.97440
v 92.31558 20.75239 6.89223
v 92.55245 20.75385 6.89223
v 92.55245 20.75385 6.97440
v 92.55245 20.75385 7.05821
v 92.55990 20.78649 6.89223
v 92.55990 20.78649 6.97440
v 92.55990 20.78649 7.05821
v 92.31558 20.85666 6.74807
v 92.55369 20.85666 6.75590
v 92.55990 20.85666 6.82466
v 92.45583 20.92953 12.01576
v 92.31558 20.92954 12.18126
v 92.31558 20.92954 12.26992
v 92.55457 20.92205 12.26992
v 92.55457 20.92205 12.18126
v 92.55457 20.92205 12.09170
v 92.31558 20.85666 12.42605
v 92.55245 20.85666 12.42314
v 92.55989 20.85666 12.36661
v 91.55894 20.75240 12.36661
v 91.82915 20.75240 12.36661
v 92.09586 20.75240 12.36661
v 92.09586 20.75385 12.42314
v 91.82915 20.75385 12.42314
v 91.55894 20.75385 12.42314
v 92.09586 20.78650 12.42605
v 91.82915 20.78650 12.42605
v 91.55894 20.78650 12.42605
v 85.06718 20.92953 12.36661
v 84.79909 20.92953 12.36661
v 84.53454 20.92953 12.36661
v 84.53454 20.92205 12.42397
v 84.79909 20.92205 12.42397
v 85.06718 20.92205 12.42397
v 84.07433 20.85666 12.36661
v 84.08171 20.85666 12.42313
v 84.31664 20.85666 12.42604
v 84.17754 20.75240 12.01575
v 84.31664 20.75240 12.09169
v 84.31664 20.75240 12.18125
v 84.31664 20.75240 12.26991
v 84.08172 20.75385 12.26991
v 84.08171 20.75385 12.18125
v 84.08172 20.75385 12.09169
v 84.07433 20.78650 12.26991
v 84.07432 20.78650 12.18125
v 84.07433 20.78650 12.09169
v 84.17755 20.92953 7.13068
v 84.31664 20.92954 7.05821
v 84.31664 20.92954 6.97439
v 84.31664 20.92954 6.89222
v 84.07961 20.92205 6.89222
v 84.07961 20.92205 6.97439
v 84.07961 20.92205 7.05821
v 84.31664 20.85666 6.74807
v 84.08049 20.85666 6.75589
v 84.07433 20.85666 6.82465
v 85.06719 20.75240 6.82465
v 84.79909 20.75240 6.82465
v 84.53455 20.75240 6.82465
v 84.53455 20.75361 6.75589
v 84.79909 20.75361 6.75590
v 85.06719 20.75361 6.75590
v 84.53455 20.78649 6.74807
v 84.79909 20.78649 6.74807
v 85.06719 20.78649 6.74807
v 91.55894 20.92953 6.82466
v 91.82916 20.92953 6.82466
v 92.09586 20.92953 6.82466
v 92.09586 20.92298 6.75395
v 91.82916 20.92298 6.75395
v 91.55894 20.92298 6.75395
v 91.08784 20.75240 12.36661
v 91.17090 20.75240 12.36661
v 91.17090 20.75385 12.42314
v 91.08784 20.75385 12.42314
v 91.17090 20.78650 12.42605
v 91.08784 20.78650 12.42605
v 92.09586 20.92953 12.36661
v 91.82915 20.92953 12.36661
v 91.55894 20.92953 12.36661
v 91.55894 20.92205 12.42397
v 91.82915 20.92205 12.42397
v 92.09586 20.92205 12.42397
v 92.09586 20.75239 6.82466
v 91.82916 20.75239 6.82466
v 91.55894 20.75239 6.82466
v 91.55894 20.75360 6.75590
v 91.82916 20.75360 6.75590
v 92.09586 20.75360 6.75590
v 91.55894 20.78649 6.74808
v 91.82916 20.78649 6.74808
v 92.09586 20.78649 6.74808
v 91.08765 20.92953 6.82466
v 91.17088 20.92953 6.82466
v 91.17091 20.92298 6.75395
v 91.08783 20.92298 6.75395
v 91.17088 20.92953 12.36661
v 91.08771 20.92953 12.36661
v 91.08783 20.92205 12.42397
v 91.17090 20.92205 12.42397
v 91.17091 20.75239 6.82466
v 91.08785 20.75239 6.82466
v 91.08785 20.75360 6.75590
v 91.17091 20.75360 6.75590
v 91.08785 20.78649 6.74808
v 91.17091 20.78649 6.74808
v 90.47160 20.75240 12.36661
v 90.76104 20.75240 12.36661
v 90.90293 20.75240 12.36661
v 90.90293 20.75385 12.42314
v 90.76104 20.75385 12.42314
v 90.47160 20.75385 12.42314
v 90.90293 20.78650 12.42605
v 90.76104 20.78650 12.42605
v 90.47160 20.78650 12.42605
v 90.46661 20.92953 6.82466
v 90.75680 20.92953 6.82466
v 90.90005 20.92953 6.82466
v 90.90272 20.92298 6.75395
v 90.76072 20.92298 6.75395
v 90.47122 20.92298 6.75395
v 86.14880 20.75240 6.82466
v 85.86025 20.75240 6.82466
v 85.71921 20.75240 6.82466
v 85.71921 20.75361 6.75590
v 85.86025 20.75361 6.75590
v 86.14880 20.75361 6.75590
v 85.71921 20.78649 6.74807
v 85.86025 20.78649 6.74807
v 86.14880 20.78649 6.74807
v 86.15320 20.92953 12.36661
v 85.86391 20.92953 12.36661
v 85.72168 20.92953 12.36661
v 85.71929 20.92205 12.42397
v 85.86037 20.92205 12.42397
v 86.14894 20.92205 12.42397
v 92.45583 20.75240 11.04722
v 92.31558 20.75240 10.95093
v 92.31558 20.75240 10.81681
v 92.31558 20.75240 10.62499
v 92.45583 20.75240 10.35560
v 92.55245 20.75385 10.62499
v 92.55245 20.75385 10.81681
v 92.55245 20.75385 10.95093
v 92.55990 20.78649 10.62499
v 92.55990 20.78649 10.81681
v 92.55990 20.78649 10.95093
v 92.45583 20.92953 8.75094
v 92.31558 20.92953 9.15585
v 92.31558 20.92953 9.58539
v 92.31558 20.92953 9.99887
v 92.45583 20.92953 10.35560
v 92.55457 20.92205 9.99887
v 92.55458 20.92205 9.58539
v 92.55458 20.92205 9.15585
v 84.17755 20.75240 8.75093
v 84.31664 20.75240 9.15584
v 84.31664 20.75240 9.58538
v 84.31664 20.75240 9.99886
v 84.17755 20.75240 10.35559
v 84.08172 20.75385 9.99886
v 84.08172 20.75385 9.58538
v 84.08172 20.75385 9.15584
v 84.07433 20.78650 9.99886
v 84.07433 20.78650 9.58538
v 84.07433 20.78650 9.15584
v 84.17754 20.92953 11.04721
v 84.31664 20.92954 10.95092
v 84.31664 20.92954 10.81680
v 84.31664 20.92954 10.62498
v 84.17755 20.92953 10.35559
v 84.07961 20.92205 10.62498
v 84.07961 20.92205 10.81680
v 84.07961 20.92205 10.95092
v 92.31558 20.75240 9.99887
v 92.31558 20.75240 9.58539
v 92.31558 20.75239 9.15585
v 92.45583 20.75240 8.75094
v 92.55245 20.75385 9.15585
v 92.55245 20.75385 9.58539
v 92.55245 20.75385 9.99887
v 92.55990 20.78649 9.15585
v 92.55990 20.78649 9.58539
v 92.55990 20.78649 9.99887
v 84.31664 20.92954 9.99886
v 84.31664 20.92954 9.58538
v 84.31664 20.92954 9.15584
v 84.17755 20.92953 8.75093
v 84.07961 20.92205 9.15584
v 84.07961 20.92205 9.58538
v 84.07961 20.92205 9.99886
v 92.45583 20.92953 7.73954
v 92.31558 20.92953 7.90026
v 92.31558 20.92953 8.12128
v 92.31558 20.92953 8.40428
v 92.55458 20.92205 8.40429
v 92.55458 20.92205 8.12128
v 92.55458 20.92205 7.90026
v 84.17755 20.75240 7.73953
v 84.31664 20.75240 7.90025
v 84.31664 20.75240 8.12127
v 84.31664 20.75240 8.40428
v 84.08172 20.75385 8.40428
v 84.08172 20.75385 8.12127
v 84.08172 20.75385 7.90025
v 84.07433 20.78649 8.40428
v 84.07433 20.78649 8.12127
v 84.07433 20.78649 7.90025
v 92.45583 20.92953 11.89021
v 92.31558 20.92954 11.94922
v 92.55457 20.92205 11.94922
v 84.17754 20.75240 11.89020
v 84.31664 20.75240 11.94921
v 84.08172 20.75385 11.94921
v 84.07433 20.78650 11.94921
v 92.31558 20.75240 12.26992
v 92.31558 20.75240 12.18126
v 92.31558 20.75240 12.09170
v 92.45583 20.75240 12.01576
v 92.55244 20.75385 12.09170
v 92.55244 20.75385 12.18126
v 92.55244 20.75385 12.26992
v 92.55989 20.78649 12.09170
v 92.55989 20.78649 12.18126
v 92.55989 20.78649 12.26992
v 84.31664 20.92954 12.26991
v 84.31664 20.92954 12.18125
v 84.31664 20.92954 12.09169
v 84.17754 20.92953 12.01575
v 84.07960 20.92205 12.09169
v 84.07960 20.92205 12.18125
v 84.07961 20.92205 12.26991
v 92.45583 20.75240 11.62853
v 92.45583 20.75240 11.55501
v 84.17754 20.92953 11.62852
v 84.17754 20.92953 11.55500
v 92.45583 20.92953 11.30021
v 92.31558 20.92954 11.35957
v 92.31558 20.92954 11.41934
v 92.31558 20.92954 11.47510
v 92.45583 20.92953 11.55501
v 92.55457 20.92205 11.47510
v 92.55457 20.92205 11.41934
v 92.55457 20.92205 11.35957
v 84.17754 20.75240 11.30020
v 84.31664 20.75240 11.35956
v 84.31664 20.75240 11.41933
v 84.31664 20.75240 11.47509
v 84.17754 20.75240 11.55500
v 84.08172 20.75385 11.47509
v 84.08172 20.75385 11.41933
v 84.08172 20.75385 11.35956
v 84.07433 20.78650 11.47509
v 84.07433 20.78650 11.41933
v 84.07433 20.78650 11.35956
v 92.31558 20.75240 11.47510
v 92.31558 20.75240 11.41934
v 92.31558 20.75240 11.35957
v 92.45583 20.75240 11.30021
v 92.55245 20.75385 11.35957
v 92.55245 20.75385 11.41934
v 92.55245 20.75385 11.47510
v 92.55990 20.78649 11.35957
v 92.55990 20.78649 11.41934
v 92.55990 20.78649 11.47510
v 84.31664 20.92954 11.47509
v 84.31664 20.92954 11.41933
v 84.31664 20.92954 11.35956
v 84.17754 20.92953 11.30020
v 84.07961 20.92205 11.35957
v 84.07961 20.92205 11.41933
v 84.07961 20.92205 11.47509
v 92.45583 20.92953 11.04722
v 92.31558 20.92954 11.12318
v 92.31558 20.92954 11.21542
v 92.55457 20.92205 11.21542
v 92.55457 20.92205 11.12318
v 84.17754 20.75240 11.04721
v 84.31664 20.75240 11.12317
v 84.31664 20.75240 11.21541
v 84.08172 20.75385 11.21541
v 84.08172 20.75385 11.12317
v 84.07433 20.78650 11.21541
v 84.07433 20.78650 11.12317
v 92.31558 20.75240 11.21542
v 92.31558 20.75240 11.12318
v 92.55245 20.75385 11.12318
v 92.55245 20.75385 11.21542
v 92.55990 20.78649 11.12318
v 92.55990 20.78649 11.21542
v 84.31664 20.92954 11.21541
v 84.31664 20.92954 11.12317
v 84.07961 20.92205 11.12317
v 84.07961 20.92205 11.21541
v 92.31558 20.92954 10.62499
v 92.31558 20.92954 10.81681
v 92.31558 20.92954 10.95093
v 92.55457 20.92205 10.95093
v 92.55457 20.92205 10.81681
v 92.55457 20.92205 10.62499
v 84.31664 20.75240 10.62498
v 84.31664 20.75240 10.81680
v 84.31664 20.75240 10.95092
v 84.08172 20.75385 10.95092
v 84.08172 20.75385 10.81680
v 84.08172 20.75385 10.62498
v 84.07433 20.78650 10.95092
v 84.07433 20.78650 10.81680
v 84.07433 20.78650 10.62498
v 92.31558 20.75239 8.40428
v 92.31558 20.75239 8.12128
v 92.31558 20.75239 7.90026
v 92.45583 20.75240 7.73954
v 92.55245 20.75385 7.90026
v 92.55245 20.75385 8.12128
v 92.55245 20.75385 8.40429
v 92.55990 20.78649 7.90026
v 92.55990 20.78649 8.12128
v 92.55990 20.78649 8.40429
v 84.31664 20.92954 8.40428
v 84.31664 20.92954 8.12127
v 84.31664 20.92954 7.90025
v 84.17755 20.92953 7.73953
v 84.07961 20.92205 7.90025
v 84.07961 20.92205 8.12127
v 84.07961 20.92205 8.40428
v 92.45583 20.92953 7.52148
v 92.31558 20.92953 7.57503
v 92.31558 20.92953 7.63530
v 92.55458 20.92205 7.63530
v 92.55458 20.92205 7.57503
v 84.17755 20.75240 7.52147
v 84.31664 20.75240 7.57502
v 84.31664 20.75240 7.63529
v 84.08172 20.75385 7.63529
v 84.08172 20.75385 7.57502
v 84.07433 20.78649 7.63529
v 84.07433 20.78649 7.57502
v 92.45583 20.75240 7.26455
v 92.31558 20.75239 7.19856
v 92.55245 20.75385 7.19857
v 92.55990 20.78649 7.19857
v 84.17755 20.92953 7.26454
v 84.31664 20.92954 7.19856
v 84.07961 20.92205 7.19856
v 92.31558 20.92953 6.89223
v 92.31558 20.92953 6.97440
v 92.31558 20.92953 7.05821
v 92.45583 20.92953 7.13069
v 92.55458 20.92205 7.05821
v 92.55458 20.92205 6.97440
v 92.55458 20.92205 6.89223
v 84.31664 20.75240 6.89222
v 84.31664 20.75240 6.97439
v 84.31664 20.75240 7.05821
v 84.17755 20.75240 7.13068
v 84.08172 20.75385 7.05820
v 84.08172 20.75385 6.97439
v 84.08172 20.75385 6.89222
v 84.07433 20.78649 7.05821
v 84.07433 20.78649 6.97439
v 84.07433 20.78649 6.89222
v 89.20773 20.92953 12.36661
v 88.31042 20.92953 12.36661
v 87.41436 20.92954 12.34314
v 87.41034 20.92205 12.42397
v 88.30952 20.92205 12.42397
v 89.20885 20.92205 12.42397
v 89.20889 20.75239 6.82466
v 88.30949 20.75239 6.82466
v 87.41025 20.75239 6.82466
v 87.41025 20.75361 6.75590
v 88.30949 20.75361 6.75590
v 89.20889 20.75361 6.75590
v 87.41025 20.78649 6.74807
v 88.30949 20.78649 6.74807
v 89.20889 20.78649 6.74807
v 85.71921 20.75240 12.36661
v 85.86025 20.75240 12.36661
v 86.14879 20.75240 12.36661
v 86.14879 20.75385 12.42314
v 85.86025 20.75385 12.42314
v 85.71921 20.75385 12.42314
v 86.14879 20.78650 12.42604
v 85.86025 20.78650 12.42604
v 85.71921 20.78650 12.42604
v 85.72221 20.92953 6.82466
v 85.86465 20.92953 6.82466
v 86.15401 20.92953 6.82466
v 86.14919 20.92298 6.75394
v 85.86059 20.92298 6.75394
v 85.71944 20.92298 6.75394
v 87.41024 20.75240 12.36661
v 88.30949 20.75240 12.36661
v 89.20889 20.75240 12.36661
v 89.20889 20.75385 12.42314
v 88.30949 20.75385 12.42314
v 87.41024 20.75385 12.42314
v 89.20889 20.78650 12.42605
v 88.30949 20.78650 12.42605
v 87.41024 20.78650 12.42605
v 87.41319 20.92953 6.82466
v 88.30965 20.92953 6.82466
v 89.20624 20.92953 6.82466
v 89.20869 20.92298 6.75394
v 88.30951 20.92298 6.75394
v 87.41047 20.92298 6.75394
v 90.90108 20.92953 12.36661
v 90.75835 20.92953 12.36661
v 90.46851 20.92953 12.36661
v 90.47149 20.92205 12.42397
v 90.76094 20.92205 12.42397
v 90.90287 20.92205 12.42397
v 90.90294 20.75239 6.82466
v 90.76105 20.75239 6.82466
v 90.47160 20.75239 6.82466
v 90.47160 20.75360 6.75590
v 90.76105 20.75360 6.75590
v 90.90294 20.75360 6.75590
v 90.47160 20.78649 6.74808
v 90.76105 20.78649 6.74808
v 90.90294 20.78649 6.74808
v 92.45583 20.92953 11.62853
v 92.45583 20.92953 11.69267
v 92.45583 20.92953 11.75668
v 92.45583 20.92953 11.82050
v 84.17754 20.75240 11.62852
v 84.17754 20.75240 11.69266
v 84.17754 20.75240 11.75667
v 84.17754 20.75240 11.82049
v 92.45583 20.75240 11.89021
v 92.45583 20.75240 11.82050
v 92.45583 20.75240 11.75668
v 92.45583 20.75240 11.69267
v 84.17754 20.92953 11.89020
v 84.17754 20.92953 11.82049
v 84.17754 20.92953 11.75667
v 84.17754 20.92953 11.69266
v 92.31558 20.75240 11.94922
v 92.55245 20.75385 11.94922
v 92.55989 20.78649 11.94922
v 84.31664 20.92954 11.94921
v 84.07961 20.92205 11.94921
v 85.45266 20.75240 12.36661
v 85.54981 20.75240 12.36661
v 85.61008 20.75240 12.36661
v 85.61008 20.75385 12.42314
v 85.54981 20.75385 12.42314
v 85.45266 20.75385 12.42314
v 85.61008 20.78650 12.42604
v 85.54981 20.78650 12.42604
v 85.45266 20.78650 12.42604
v 85.45269 20.92953 6.82466
v 85.55002 20.92953 6.82466
v 85.61076 20.92953 6.82466
v 85.61014 20.92298 6.75394
v 85.54984 20.92298 6.75394
v 85.45267 20.92298 6.75394
v 85.61064 20.92953 12.36661
v 85.54998 20.92953 12.36661
v 85.45268 20.92953 12.36661
v 85.45266 20.92205 12.42397
v 85.54982 20.92205 12.42397
v 85.61010 20.92205 12.42397
v 85.61009 20.75240 6.82466
v 85.54982 20.75240 6.82466
v 85.45267 20.75240 6.82466
v 85.45267 20.75361 6.75590
v 85.54982 20.75361 6.75590
v 85.61009 20.75361 6.75590
v 85.45267 20.78649 6.74807
v 85.54982 20.78649 6.74807
v 85.61009 20.78649 6.74807
v 84.53454 20.75240 12.36661
v 84.79909 20.75240 12.36661
v 85.06718 20.75240 12.36661
v 85.06718 20.75385 12.42314
v 84.79909 20.75385 12.42313
v 84.53454 20.75385 12.42314
v 85.06718 20.78650 12.42604
v 84.79909 20.78650 12.42604
v 84.53454 20.78650 12.42604
v 84.53455 20.92954 6.82465
v 84.79909 20.92953 6.82465
v 85.06719 20.92953 6.82465
v 85.06719 20.92298 6.75394
v 84.79909 20.92299 6.75394
v 84.53455 20.92299 6.75394
v 92.45583 20.92953 7.26455
v 92.55458 20.92205 7.19856
v 92.45583 20.92953 7.32705
v 92.45583 20.92953 7.38935
v 92.45583 20.92953 7.45857
v 84.31664 20.75240 7.19856
v 84.17755 20.75240 7.26454
v 84.08172 20.75385 7.19856
v 84.07433 20.78649 7.19856
v 84.17755 20.75240 7.32704
v 84.17755 20.75240 7.38934
v 84.17755 20.75240 7.45856
v 92.31558 20.75239 7.63530
v 92.31558 20.75239 7.57503
v 92.45583 20.75240 7.52148
v 92.55245 20.75385 7.57503
v 92.55245 20.75385 7.63530
v 92.55990 20.78649 7.57503
v 92.55990 20.78649 7.63530
v 92.45583 20.75240 7.45857
v 92.45583 20.75240 7.38935
v 92.45583 20.75240 7.32705
v 84.31664 20.92954 7.63529
v 84.31664 20.92954 7.57502
v 84.17755 20.92953 7.52147
v 84.07961 20.92205 7.57502
v 84.07961 20.92205 7.63529
v 84.17755 20.92953 7.45856
v 84.17755 20.92953 7.38934
v 84.17755 20.92953 7.32704
v 92.55990 20.85666 7.13069
v 91.32873 20.85666 6.74807
v 92.09586 20.75239 7.13068
v 91.82916 20.75239 7.13068
v 91.55894 20.75239 7.13068
v 91.32873 20.75239 7.05821
v 91.32873 20.75239 6.97440
v 91.32873 20.75239 6.89222
v 91.32873 20.92953 6.89222
v 91.32873 20.92953 6.97440
v 91.32873 20.92953 7.05821
v 91.55894 20.92953 7.13068
v 91.82916 20.92953 7.13068
v 91.32873 20.85666 12.42605
v 91.32873 20.75240 12.26992
v 91.32873 20.75240 12.18126
v 91.32873 20.75240 12.09170
v 91.55894 20.75240 12.01575
v 92.09586 20.75240 12.01576
v 92.55990 20.85666 12.01576
v 91.32873 20.92954 12.09170
v 91.32873 20.92954 12.18126
v 91.32873 20.92954 12.26992
v 91.82915 20.92954 12.01576
v 91.55894 20.92954 12.01575
v 85.29575 20.85666 6.74807
v 85.29575 20.75240 6.89222
v 85.29575 20.75240 6.97439
v 85.29575 20.75240 7.05821
v 85.06719 20.75240 7.13068
v 84.79909 20.75240 7.13068
v 84.53455 20.75240 7.13068
v 84.07433 20.85666 7.13068
v 84.79909 20.92954 7.13068
v 85.06719 20.92954 7.13068
v 85.29575 20.92953 7.05821
v 85.29575 20.92953 6.97439
v 85.29575 20.92953 6.89222
v 84.07433 20.85666 12.01575
v 85.29575 20.75240 12.09169
v 85.29575 20.75240 12.18126
v 85.29575 20.75240 12.26991
v 84.53454 20.75240 12.01575
v 85.06718 20.75240 12.01575
v 85.29575 20.85666 12.42605
v 85.29575 20.92954 12.26991
v 85.29575 20.92954 12.18126
v 85.29575 20.92954 12.09169
v 85.06718 20.92954 12.01575
v 84.79909 20.92954 12.01575
v 90.98569 20.75240 12.26992
v 90.98569 20.75240 12.18126
v 90.98569 20.75240 12.09170
v 90.98569 20.85666 12.42605
v 90.98212 20.92954 12.09170
v 90.98290 20.92954 12.18126
v 90.98385 20.92954 12.26992
v 90.98570 20.75239 7.05821
v 90.98570 20.75239 6.97440
v 90.98570 20.75239 6.89222
v 90.98570 20.85666 6.74807
v 90.98365 20.92953 6.89222
v 90.98260 20.92953 6.97440
v 90.98176 20.92953 7.05821
v 89.96547 20.85666 12.42605
v 90.17075 20.92954 12.06472
v 90.01554 20.92954 12.17344
v 89.96612 20.92954 12.26894
v 89.96548 20.85666 6.74807
v 89.96548 20.75239 7.05821
v 89.96548 20.75239 6.97440
v 89.96548 20.75239 6.89222
v 89.96547 20.75240 12.26992
v 89.96547 20.75240 12.18126
v 89.96547 20.75240 12.09170
v 89.96448 20.92953 6.89307
v 90.01289 20.92953 6.98115
v 90.16691 20.92953 7.08151
v 86.65414 20.75239 6.89222
v 86.65414 20.75240 6.97440
v 86.65414 20.75240 7.05821
v 85.65635 20.75240 7.05821
v 85.65635 20.75240 6.97440
v 85.65635 20.75240 6.89222
v 85.65635 20.85666 6.74807
v 86.65414 20.85666 6.74807
v 86.65414 20.85666 12.42605
v 85.65634 20.85666 12.42605
v 85.66334 20.92954 12.09169
v 85.66164 20.92954 12.18126
v 85.65978 20.92954 12.26991
v 86.65778 20.92954 12.26894
v 86.61112 20.92954 12.17344
v 86.45932 20.92954 12.06472
v 92.55990 20.85666 10.35560
v 92.55990 20.85666 11.04722
v 92.55990 20.85666 8.75094
v 92.09586 20.75240 11.04722
v 91.82915 20.75240 11.04722
v 91.55894 20.75240 11.04722
v 91.55894 20.75240 10.35560
v 91.82915 20.75240 10.35560
v 92.09586 20.75240 10.35560
v 91.55894 20.75239 8.75094
v 91.82916 20.75239 8.75094
v 92.09586 20.75239 8.75094
v 91.55894 20.92954 10.35560
v 91.82915 20.92954 10.35560
v 92.09586 20.92954 10.35560
v 92.09586 20.92953 8.75094
v 91.82916 20.92953 8.75094
v 91.55894 20.92953 8.75094
v 91.55894 20.92954 11.04722
v 91.82915 20.92954 11.04722
v 92.09586 20.92954 11.04722
v 84.07433 20.85666 10.35559
v 84.07433 20.85666 8.75093
v 84.07433 20.85666 11.04721
v 85.06719 20.75240 11.04721
v 84.79909 20.75240 11.04721
v 84.53454 20.75240 11.04721
v 84.53455 20.75240 10.35559
v 84.79909 20.75240 10.35559
v 85.06719 20.75240 10.35559
v 84.53455 20.75240 8.75093
v 84.79909 20.75240 8.75093
v 85.06719 20.75240 8.75093
v 84.53454 20.92954 11.04721
v 84.79909 20.92954 11.04721
v 85.06719 20.92954 11.04721
v 85.06719 20.92954 10.35559
v 84.79909 20.92954 10.35559
v 84.53454 20.92954 10.35559
v 85.06719 20.92954 8.75093
v 84.79909 20.92954 8.75093
v 84.53455 20.92954 8.75093
v 92.55990 20.85666 7.73954
v 91.55894 20.75239 7.73954
v 91.82916 20.75239 7.73954
v 92.09586 20.75239 7.73954
v 85.06719 20.92954 7.73953
v 84.79909 20.92954 7.73953
v 84.53455 20.92954 7.73953
v 84.07433 20.85666 7.73953
v 92.09586 20.92953 7.73954
v 91.82916 20.92953 7.73954
v 91.55894 20.92953 7.73954
v 84.53455 20.75240 7.73953
v 84.79909 20.75240 7.73953
v 85.06719 20.75240 7.73953
v 92.09586 20.92954 11.89021
v 91.82915 20.92954 11.89021
v 91.55894 20.92954 11.89021
v 92.55990 20.85666 11.89021
v 84.53454 20.75240 11.89020
v 85.06718 20.75240 11.89020
v 84.07433 20.85666 11.89020
v 91.55894 20.75240 11.89021
v 92.09586 20.75240 11.89021
v 85.06718 20.92954 11.89020
v 84.79909 20.92954 11.89020
v 84.53454 20.92954 11.89020
v 92.55990 20.85666 11.55501
v 92.55990 20.85666 11.62853
v 92.09586 20.75240 11.55501
v 91.82915 20.75240 11.55501
v 91.55894 20.75240 11.55501
v 91.55894 20.75240 11.30021
v 91.82915 20.75240 11.30021
v 92.09586 20.75240 11.30021
v 92.55990 20.85666 11.30021
v 92.09586 20.75240 11.62853
v 91.82915 20.75240 11.62853
v 91.55894 20.75240 11.62853
v 84.53454 20.92954 11.62852
v 84.79909 20.92954 11.62852
v 85.06719 20.92954 11.62852
v 85.06719 20.92954 11.55500
v 84.79909 20.92954 11.55500
v 84.53454 20.92954 11.55500
v 84.07433 20.85666 11.62852
v 84.07433 20.85666 11.55500
v 85.06719 20.92954 11.30020
v 84.79909 20.92954 11.30020
v 84.53454 20.92954 11.30020
v 84.07433 20.85666 11.30020
v 91.55894 20.92954 11.55501
v 91.82915 20.92954 11.55501
v 92.09586 20.92954 11.55501
v 92.09586 20.92954 11.30021
v 91.82915 20.92954 11.30021
v 91.55894 20.92954 11.30021
v 91.55894 20.92954 11.62853
v 91.82915 20.92954 11.62853
v 92.09586 20.92954 11.62853
v 85.06719 20.75240 11.55500
v 84.79909 20.75240 11.55500
v 84.53454 20.75240 11.55500
v 84.53454 20.75240 11.30020
v 84.79909 20.75240 11.30020
v 85.06719 20.75240 11.30020
v 85.06719 20.75240 11.62852
v 84.79909 20.75240 11.62852
v 84.53454 20.75240 11.62852
v 92.55990 20.85666 7.52148
v 91.55894 20.75239 7.52148
v 91.82916 20.75239 7.52148
v 92.09586 20.75239 7.52148
v 85.06719 20.92954 7.52148
v 84.79909 20.92954 7.52147
v 84.53455 20.92954 7.52147
v 84.07433 20.85666 7.52147
v 92.09586 20.92953 7.52148
v 91.82916 20.92953 7.52148
v 91.55894 20.92953 7.52148
v 84.53455 20.75240 7.52147
v 84.79909 20.75240 7.52147
v 85.06719 20.75240 7.52148
v 92.55990 20.85666 7.26455
v 92.09586 20.75239 7.26455
v 91.55894 20.75239 7.26455
v 84.53455 20.92954 7.26454
v 84.79909 20.92954 7.26454
v 85.06719 20.92954 7.26454
v 84.07433 20.85666 7.26454
v 91.55894 20.92953 7.26455
v 91.82916 20.92953 7.26455
v 92.09586 20.92953 7.26455
v 85.06719 20.75240 7.26454
v 84.53455 20.75240 7.26454
v 86.65414 20.75240 12.09169
v 86.65414 20.75240 12.18126
v 86.65414 20.75240 12.26992
v 85.65634 20.75240 12.26991
v 85.65634 20.75240 12.18126
v 85.65634 20.75240 12.09169
v 85.65932 20.92953 6.89222
v 85.66085 20.92953 6.97440
v 85.66208 20.92953 7.05821
v 86.45372 20.92953 7.08151
v 86.60751 20.92953 6.98115
v 86.65565 20.92953 6.89306
v 92.55990 20.85666 11.69267
v 91.55894 20.92954 11.69267
v 91.82915 20.92954 11.69267
v 92.09586 20.92954 11.69267
v 92.55990 20.85666 11.75668
v 91.55894 20.92954 11.75668
v 91.82915 20.92954 11.75668
v 92.09586 20.92954 11.75668
v 92.55990 20.85666 11.82050
v 91.55894 20.92954 11.82050
v 91.82915 20.92954 11.82050
v 92.09586 20.92954 11.82050
v 84.07433 20.85666 11.69266
v 85.06719 20.75240 11.69266
v 84.79909 20.75240 11.69266
v 84.53454 20.75240 11.69266
v 84.07433 20.85666 11.75667
v 85.06718 20.75240 11.75667
v 84.79909 20.75240 11.75667
v 84.53454 20.75240 11.75667
v 84.07433 20.85666 11.82049
v 85.06718 20.75240 11.82049
v 84.53454 20.75240 11.82049
v 91.55894 20.75240 11.82050
v 92.09586 20.75240 11.82050
v 91.55894 20.75240 11.75668
v 91.82915 20.75240 11.75668
v 92.09586 20.75240 11.75668
v 91.55894 20.75240 11.69267
v 91.82915 20.75240 11.69267
v 92.09586 20.75240 11.69267
v 85.06718 20.92954 11.82049
v 84.79909 20.92954 11.82049
v 84.53454 20.92954 11.82049
v 85.06718 20.92954 11.75667
v 84.79909 20.92954 11.75667
v 84.53454 20.92954 11.75667
v 85.06719 20.92954 11.69266
v 84.79909 20.92954 11.69266
v 84.53454 20.92954 11.69266
v 92.55990 20.85666 7.32705
v 91.55894 20.92953 7.32705
v 91.82916 20.92953 7.32705
v 92.09586 20.92953 7.32705
v 92.55990 20.85666 7.38935
v 91.55894 20.92953 7.38935
v 91.82916 20.92953 7.38935
v 92.09586 20.92953 7.38935
v 92.55990 20.85666 7.45857
v 91.55894 20.92953 7.45857
v 91.82916 20.92953 7.45857
v 92.09586 20.92953 7.45857
v 85.06719 20.75240 7.32704
v 84.53455 20.75240 7.32704
v 84.07433 20.85666 7.32704
v 85.06719 20.75240 7.38934
v 84.53455 20.75240 7.38934
v 84.07433 20.85666 7.38934
v 85.06719 20.75240 7.45856
v 84.79909 20.75240 7.45856
v 84.53455 20.75240 7.45856
v 84.07433 20.85666 7.45856
v 91.55894 20.75239 7.45857
v 91.82916 20.75239 7.45857
v 92.09586 20.75239 7.45857
v 91.55894 20.75239 7.38935
v 92.09586 20.75239 7.38935
v 91.55894 20.75239 7.32705
v 92.09586 20.75239 7.32705
v 85.06719 20.92954 7.45856
v 84.79909 20.92954 7.45856
v 84.53455 20.92954 7.45856
v 85.06719 20.92954 7.38934
v 84.79909 20.92954 7.38934
v 84.53455 20.92954 7.38934
v 85.06719 20.92954 7.32704
v 84.79909 20.92954 7.32704
v 84.53455 20.92954 7.32704
v 91.55894 20.92954 12.26992
v 91.82915 20.92954 12.26992
v 92.09586 20.92954 12.26992
v 91.55894 20.92954 12.18126
v 91.82915 20.92954 12.18126
v 91.55894 20.92954 12.09170
v 91.82915 20.92954 12.09170
v 84.53454 20.92954 12.26991
v 84.79909 20.92954 12.26991
v 85.06718 20.92954 12.26991
v 84.53454 20.92954 12.18126
v 84.79909 20.92954 12.18126
v 85.06718 20.92954 12.18126
v 84.79909 20.92954 12.09169
v 85.06718 20.92954 12.09169
v 84.79909 20.92954 7.05821
v 85.06719 20.92954 7.05821
v 84.53455 20.92954 6.97439
v 84.79909 20.92954 6.97439
v 85.06719 20.92954 6.97439
v 84.53455 20.92954 6.89222
v 84.79909 20.92954 6.89222
v 85.06719 20.92953 6.89222
v 92.09586 20.75239 7.05821
v 91.82916 20.75239 7.05821
v 91.55894 20.75239 7.05821
v 92.09586 20.75239 6.97440
v 91.82916 20.75239 6.97440
v 91.55894 20.75239 6.97440
v 92.09586 20.75239 6.89223
v 91.82916 20.75239 6.89223
v 91.55894 20.75239 6.89223
v 84.07433 20.85666 7.05821
v 84.07433 20.85666 6.97439
v 84.07433 20.85666 6.89222
v 92.09586 20.85666 12.42605
v 91.82915 20.85666 12.42605
v 91.55894 20.85666 12.42605
v 90.90293 20.85666 12.42605
v 90.76104 20.85666 12.42605
v 90.47160 20.85666 12.42605
v 91.55894 20.92953 7.05821
v 91.82916 20.92953 7.05821
v 91.55894 20.92953 6.97440
v 91.82916 20.92953 6.97440
v 92.09586 20.92953 6.97440
v 91.55894 20.92953 6.89223
v 91.82916 20.92953 6.89223
v 92.09586 20.92953 6.89223
v 91.08715 20.92953 7.05821
v 91.17082 20.92953 7.05821
v 91.08730 20.92953 6.97440
v 91.17084 20.92953 6.97440
v 91.08749 20.92953 6.89222
v 91.17086 20.92953 6.89222
v 92.09586 20.75240 12.26992
v 91.82915 20.75240 12.26992
v 91.55894 20.75240 12.26992
v 92.09586 20.75240 12.18126
v 91.82915 20.75240 12.18126
v 91.55894 20.75240 12.18126
v 92.09586 20.75240 12.09170
v 91.82915 20.75240 12.09170
v 91.55894 20.75240 12.09170
v 90.90294 20.75239 7.05821
v 90.76105 20.75239 7.05821
v 90.47160 20.75239 7.05821
v 90.90294 20.75239 6.97440
v 90.76105 20.75239 6.97440
v 90.47160 20.75239 6.97440
v 90.90294 20.75239 6.89222
v 90.76105 20.75239 6.89222
v 90.47160 20.75239 6.89222
v 86.14880 20.75240 7.05821
v 85.86025 20.75240 7.05821
v 85.71921 20.75240 7.05821
v 86.14880 20.75240 6.97440
v 85.86025 20.75240 6.97440
v 85.71921 20.75240 6.97440
v 86.14880 20.75240 6.89222
v 85.86025 20.75240 6.89222
v 85.71921 20.75240 6.89222
v 91.08785 20.85666 6.74807
v 91.17091 20.85666 6.74807
v 91.08752 20.92954 12.26992
v 91.17086 20.92954 12.26992
v 91.08735 20.92954 12.18126
v 91.17084 20.92954 12.18126
v 91.08721 20.92954 12.09170
v 91.17082 20.92954 12.09170
v 91.17090 20.75240 10.95093
v 91.08784 20.75240 10.95093
v 91.17090 20.75240 10.81681
v 91.08784 20.75240 10.81681
v 91.17090 20.75240 10.62499
v 91.08784 20.75240 10.62499
v 90.47160 20.92954 10.95093
v 90.76104 20.92954 10.95093
v 90.90293 20.92954 10.95093
v 90.47160 20.92954 10.81681
v 90.76104 20.92954 10.81681
v 90.90293 20.92954 10.81681
v 90.47160 20.92954 10.62499
v 90.76104 20.92954 10.62499
v 90.90293 20.92954 10.62499
v 92.09586 20.75240 9.99887
v 91.82915 20.75240 9.99887
v 91.55894 20.75240 9.99887
v 92.09586 20.75240 9.58539
v 91.82915 20.75240 9.58539
v 91.55894 20.75240 9.58539
v 92.09586 20.75239 9.15585
v 91.82916 20.75239 9.15585
v 91.55894 20.75239 9.15585
v 91.08784 20.92954 10.95093
v 91.17090 20.92954 10.95093
v 91.08784 20.92954 10.81681
v 91.17090 20.92954 10.81681
v 91.08784 20.92954 10.60298
v 91.17090 20.92954 10.62499
v 84.07433 20.85666 9.99886
v 84.07433 20.85666 9.58538
v 84.07433 20.85666 9.15584
v 85.06719 20.75240 9.99886
v 84.79909 20.75240 9.99886
v 84.53454 20.75240 9.99886
v 85.06719 20.75240 9.58538
v 84.79909 20.75240 9.58538
v 84.53455 20.75240 9.58538
v 85.06719 20.75240 9.15584
v 84.79909 20.75240 9.15584
v 84.53455 20.75240 9.15584
v 85.06719 20.75240 10.95093
v 84.79909 20.75240 10.95092
v 84.53454 20.75240 10.95092
v 85.06719 20.75240 10.81681
v 84.79909 20.75240 10.81681
v 84.53454 20.75240 10.81680
v 85.06719 20.75240 10.62498
v 84.79909 20.75240 10.62498
v 84.53454 20.75240 10.62498
v 92.09586 20.75240 10.95093
v 91.82915 20.75240 10.95093
v 91.55894 20.75240 10.95093
v 92.09586 20.75240 10.81681
v 91.82915 20.75240 10.81681
v 91.55894 20.75240 10.81681
v 92.09586 20.75240 10.62499
v 91.82915 20.75240 10.62499
v 91.55894 20.75240 10.62499
v 92.09586 20.75239 8.40428
v 91.82916 20.75239 8.40428
v 91.55894 20.75239 8.40428
v 92.09586 20.75239 8.12128
v 91.82916 20.75239 8.12128
v 91.55894 20.75239 8.12128
v 92.09586 20.75239 7.90026
v 91.82916 20.75239 7.90026
v 91.55894 20.75239 7.90026
v 91.08784 20.75240 9.99887
v 91.08784 20.75240 9.58539
v 91.17091 20.75240 9.15585
v 91.08785 20.75240 9.15585
v 90.47105 20.92954 9.99887
v 90.76058 20.92954 9.99887
v 90.90262 20.92954 9.99887
v 90.46722 20.92954 9.58538
v 90.75736 20.92954 9.58538
v 90.90043 20.92953 9.58538
v 90.45682 20.92953 9.15584
v 90.74861 20.92953 9.15585
v 90.89449 20.92953 9.15585
v 91.55894 20.92954 9.99887
v 91.82915 20.92953 9.99887
v 92.09586 20.92953 9.99887
v 91.55894 20.92953 9.58539
v 91.82915 20.92953 9.58539
v 92.09586 20.92953 9.58539
v 91.55894 20.92953 9.15585
v 91.82915 20.92953 9.15585
v 92.09586 20.92953 9.15585
v 91.08782 20.92954 9.99887
v 91.17090 20.92954 9.99887
v 91.08768 20.92953 9.58539
v 91.17088 20.92953 9.58539
v 91.08728 20.92953 9.15585
v 91.17083 20.92953 9.15585
v 91.55894 20.92954 10.95093
v 91.82915 20.92954 10.95093
v 92.09586 20.92954 10.95093
v 91.55894 20.92954 10.81681
v 91.82915 20.92954 10.81681
v 92.09586 20.92954 10.81681
v 91.55894 20.92954 10.62499
v 91.82915 20.92954 10.62499
v 92.09586 20.92954 10.62499
v 84.53454 20.92954 10.95092
v 84.79909 20.92954 10.95092
v 85.06719 20.92954 10.95093
v 84.53454 20.92954 10.81680
v 84.79909 20.92954 10.81681
v 85.06719 20.92954 10.81681
v 84.53454 20.92954 10.62498
v 84.79909 20.92954 10.62498
v 85.06719 20.92954 10.62498
v 84.07433 20.85666 10.95092
v 84.07433 20.85666 10.81680
v 84.07433 20.85666 10.62498
v 85.06718 20.75240 12.26991
v 84.79909 20.75240 12.26991
v 84.53454 20.75240 12.26991
v 85.06718 20.75240 12.18126
v 84.79909 20.75240 12.18126
v 84.53454 20.75240 12.18126
v 85.06718 20.75240 12.09169
v 84.79909 20.75240 12.09169
v 84.53454 20.75240 12.09169
v 85.06718 20.85666 12.42605
v 84.79909 20.85666 12.42605
v 84.53454 20.85666 12.42605
v 84.53455 20.85666 6.74807
v 84.79909 20.85666 6.74807
v 85.06719 20.85666 6.74807
v 91.17091 20.75239 7.05821
v 91.08785 20.75239 7.05821
v 91.17091 20.75239 6.97440
v 91.08785 20.75239 6.97440
v 91.17091 20.75239 6.89222
v 91.08785 20.75239 6.89222
v 92.55989 20.85666 12.09170
v 92.55989 20.85666 12.18126
v 92.55989 20.85666 12.26992
v 90.47160 20.85666 6.74807
v 90.76105 20.85666 6.74807
v 90.90294 20.85666 6.74807
v 91.17090 20.85666 12.42605
v 91.08784 20.85666 12.42605
v 85.06718 20.75240 11.94921
v 84.53454 20.75240 11.94921
v 84.53454 20.92954 11.47509
v 84.79909 20.92954 11.47509
v 85.06718 20.92954 11.47509
v 84.53454 20.92954 11.41933
v 84.79909 20.92954 11.41933
v 85.06718 20.92954 11.41933
v 84.53454 20.92954 11.35956
v 84.79909 20.92954 11.35956
v 85.06719 20.92954 11.35957
v 92.55990 20.85666 11.12318
v 92.55990 20.85666 11.21542
v 85.06718 20.75240 11.47509
v 84.79909 20.75240 11.47509
v 84.53454 20.75240 11.47509
v 85.06718 20.75240 11.41933
v 84.79909 20.75240 11.41933
v 84.53454 20.75240 11.41933
v 85.06719 20.75240 11.35957
v 84.79909 20.75240 11.35956
v 84.53454 20.75240 11.35956
v 90.55330 20.92954 11.56498
v 92.09586 20.75240 11.21542
v 91.82915 20.75240 11.21542
v 91.55894 20.75240 11.21542
v 92.09586 20.75240 11.12318
v 91.82915 20.75240 11.12318
v 91.55894 20.75240 11.12318
v 91.55894 20.92954 11.47510
v 91.82915 20.92954 11.47510
v 92.09586 20.92954 11.47510
v 91.55894 20.92954 11.41934
v 91.82915 20.92954 11.41934
v 92.09586 20.92954 11.41934
v 91.55894 20.92954 11.35957
v 91.82915 20.92954 11.35957
v 92.09586 20.92954 11.35957
v 90.98847 20.92954 11.47510
v 91.08295 20.92954 11.47510
v 91.17029 20.92954 11.47510
v 90.99262 20.92954 11.41934
v 91.08418 20.92954 11.41934
v 91.17044 20.92954 11.41934
v 90.99703 20.92954 11.35957
v 91.08549 20.92954 11.35957
v 91.17061 20.92954 11.35957
v 92.55990 20.85666 11.35957
v 92.55990 20.85666 11.41934
v 92.55990 20.85666 11.47510
v 90.44830 20.92954 11.48167
v 90.68721 20.92954 11.47715
v 90.83380 20.92954 11.47535
v 90.40919 20.92954 11.42147
v 90.69185 20.92954 11.42005
v 90.84944 20.92954 11.41943
v 90.41505 20.92954 11.35984
v 90.71085 20.92954 11.35966
v 90.86784 20.92954 11.35958
v 91.08784 20.75240 11.47510
v 91.08784 20.75240 11.41934
v 91.08784 20.75240 11.35957
v 92.55990 20.85666 9.15585
v 92.55990 20.85666 9.58539
v 92.55990 20.85666 9.99887
v 84.53454 20.92954 11.21542
v 84.79909 20.92954 11.21542
v 85.06719 20.92954 11.21542
v 84.53454 20.92954 11.12317
v 84.79909 20.92954 11.12317
v 85.06719 20.92954 11.12317
v 92.55990 20.85666 7.57503
v 92.55990 20.85666 7.63530
v 85.06719 20.75240 11.21542
v 84.79909 20.75240 11.21542
v 84.53454 20.75240 11.21542
v 85.06719 20.75240 11.12317
v 84.79909 20.75240 11.12317
v 84.53454 20.75240 11.12317
v 91.08750 20.92954 11.21542
v 91.17086 20.92954 11.21542
v 91.08782 20.92954 11.12318
v 91.17090 20.92954 11.12318
v 84.07433 20.85666 11.21541
v 84.07433 20.85666 11.12317
v 90.46289 20.92954 11.21542
v 90.74960 20.92954 11.24398
v 90.89786 20.92954 11.21542
v 90.75764 20.92954 11.18686
v 90.47110 20.92954 11.12318
v 90.76061 20.92954 11.12318
v 90.90264 20.92954 11.12318
v 91.17090 20.75240 11.21542
v 91.08784 20.75240 11.21542
v 91.17090 20.75240 11.12318
v 91.08784 20.75240 11.12318
v 92.09586 20.75239 7.63530
v 91.82916 20.75239 7.63530
v 91.55894 20.75239 7.63529
v 92.09586 20.75239 7.57503
v 91.82916 20.75239 7.57503
v 91.55894 20.75239 7.57503
v 91.17091 20.75239 8.40428
v 91.08785 20.75239 8.40428
v 91.08785 20.75239 8.12128
v 91.08785 20.75239 7.90026
v 90.40888 20.92953 8.40306
v 90.70639 20.92953 8.40388
v 90.86503 20.92953 8.40423
v 90.39914 20.92953 8.11151
v 90.68478 20.92953 8.11802
v 90.84507 20.92953 8.12087
v 90.43385 20.92953 7.87022
v 90.82798 20.92953 7.89909
v 84.53455 20.92954 8.40428
v 84.79909 20.92954 8.40428
v 85.06719 20.92954 8.40428
v 84.53455 20.92954 8.12127
v 84.79909 20.92954 8.12127
v 85.06719 20.92954 8.12128
v 84.53455 20.92954 7.90025
v 84.79909 20.92954 7.90025
v 85.06719 20.92954 7.90025
v 90.99641 20.92953 8.40428
v 91.08530 20.92953 8.40428
v 91.17059 20.92953 8.40428
v 90.99166 20.92953 8.12128
v 91.08390 20.92953 8.12128
v 91.17041 20.92953 8.12128
v 90.98721 20.92953 7.90026
v 91.08257 20.92953 7.90026
v 91.17025 20.92953 7.90026
v 85.06719 20.75240 8.40428
v 84.79909 20.75240 8.40428
v 84.53455 20.75240 8.40428
v 85.06719 20.75240 8.12128
v 84.79909 20.75240 8.12127
v 84.53455 20.75240 8.12127
v 85.06719 20.75240 7.90025
v 84.79909 20.75240 7.90025
v 84.53455 20.75240 7.90025
v 91.55894 20.92954 11.94922
v 91.82915 20.92954 11.94922
v 92.09586 20.92954 11.94922
v 91.55894 20.92953 8.40428
v 91.82915 20.92953 8.40428
v 92.09586 20.92953 8.40428
v 91.55894 20.92953 8.12128
v 91.82916 20.92953 8.12128
v 92.09586 20.92953 8.12128
v 91.55894 20.92953 7.90026
v 91.82916 20.92953 7.90026
v 92.09586 20.92953 7.90026
v 91.55894 20.85666 6.74807
v 91.82916 20.85666 6.74807
v 92.09586 20.85666 6.74807
v 91.17091 20.75239 7.19856
v 91.08785 20.75239 7.19856
v 90.76632 20.92953 7.20708
v 90.83912 20.92953 7.20118
v 90.90511 20.92953 7.19889
v 84.79909 20.92954 7.19856
v 85.06719 20.92954 7.19856
v 91.08722 20.92953 7.19856
v 91.17083 20.92953 7.19856
v 85.06719 20.75240 7.19856
v 84.53455 20.75240 7.19856
v 87.41280 20.92954 12.26877
v 88.31194 20.92954 12.26874
v 89.21109 20.92954 12.26877
v 87.38084 20.92954 12.17207
v 88.31349 20.92954 12.17188
v 89.24608 20.92954 12.17207
v 87.28945 20.92954 12.06045
v 88.31531 20.92954 12.06003
v 89.34109 20.92954 12.06045
v 91.55894 20.92953 7.19856
v 91.82916 20.92953 7.19856
v 89.20889 20.75239 7.19856
v 88.30949 20.75239 7.19856
v 87.41025 20.75239 7.19856
v 85.71734 20.92953 7.19888
v 85.78260 20.92953 7.20118
v 85.85453 20.92953 7.20707
v 89.20889 20.75240 8.40428
v 88.30949 20.75240 8.40428
v 87.41025 20.75240 8.40428
v 88.30949 20.75240 8.12128
v 89.20889 20.75239 7.90025
v 88.30949 20.75240 7.90025
v 85.75417 20.92954 8.40423
v 85.91024 20.92954 8.40387
v 86.20509 20.92954 8.40306
v 85.77254 20.92954 8.12087
v 86.21077 20.92954 8.11150
v 85.78825 20.92954 7.89908
v 86.17147 20.92954 7.87022
v 85.72470 20.92954 11.21542
v 85.86833 20.92954 11.21542
v 86.15840 20.92954 11.21542
v 85.71952 20.92954 11.12317
v 85.86071 20.92954 11.12317
v 86.14934 20.92954 11.12317
v 88.30949 20.75240 11.21542
v 87.41024 20.75240 11.21542
v 88.30949 20.75240 11.12317
v 87.41024 20.75240 11.12317
v 85.79412 20.92954 11.47535
v 85.94379 20.92954 11.47714
v 86.18669 20.92954 11.48166
v 85.77718 20.92954 11.41942
v 85.93670 20.92954 11.42005
v 86.22152 20.92954 11.42147
v 85.75723 20.92954 11.35958
v 85.91507 20.92954 11.35966
v 86.21172 20.92954 11.35984
v 89.20889 20.75240 11.47509
v 88.30949 20.75240 11.47509
v 89.20889 20.75240 11.41934
v 88.30949 20.75240 11.41934
v 89.20889 20.75240 11.35957
v 88.30949 20.75240 11.35957
v 85.95197 20.92954 11.61887
v 86.08216 20.92954 11.56497
v 85.45271 20.92954 12.26991
v 85.55025 20.92954 12.26991
v 85.61153 20.92954 12.26991
v 85.45274 20.92954 12.18126
v 85.55048 20.92954 12.18126
v 85.61232 20.92954 12.18126
v 85.45277 20.92954 12.09169
v 85.55069 20.92954 12.09169
v 85.61304 20.92954 12.09169
v 85.72430 20.92953 7.05869
v 85.83075 20.92953 7.06209
v 86.02834 20.92953 7.07066
v 85.72577 20.92953 6.97456
v 85.85758 20.92953 6.97575
v 86.12015 20.92953 6.97845
v 85.72456 20.92953 6.89224
v 85.86658 20.92953 6.89239
v 86.15310 20.92953 6.89273
v 89.20889 20.75240 9.99886
v 88.30949 20.75240 9.99886
v 89.20889 20.75240 9.58538
v 88.30949 20.75240 9.58538
v 89.20889 20.75240 9.15584
v 88.30949 20.75240 9.15584
v 87.41025 20.75240 9.15584
v 85.71950 20.92954 9.99886
v 85.86067 20.92954 9.99886
v 86.14928 20.92954 9.99886
v 85.72152 20.92954 9.58538
v 85.86363 20.92954 9.58538
v 86.15276 20.92954 9.58538
v 85.72701 20.92954 9.15584
v 85.87165 20.92954 9.15584
v 86.16217 20.92954 9.15584
v 88.30949 20.75240 10.95093
v 87.41024 20.75240 10.95093
v 89.20889 20.75240 10.81681
v 88.30949 20.75240 10.81681
v 87.41024 20.75240 10.81681
v 89.20889 20.75240 10.62499
v 88.30949 20.75240 10.62499
v 87.41024 20.75240 10.62499
v 85.71921 20.92954 10.95093
v 85.86025 20.92954 10.95093
v 86.14879 20.92954 10.95093
v 85.71921 20.92954 10.81681
v 85.86025 20.92954 10.81681
v 86.14879 20.92954 10.81681
v 85.71921 20.92954 10.62498
v 85.86025 20.92954 10.62498
v 86.14879 20.92954 10.62498
v 87.28387 20.92953 7.08521
v 88.31014 20.92953 7.08556
v 89.33649 20.92953 7.08521
v 87.37711 20.92953 6.98233
v 88.30995 20.92953 6.98250
v 89.24291 20.92953 6.98233
v 87.41057 20.92953 6.89321
v 88.30978 20.92953 6.89323
v 89.20915 20.92953 6.89321
v 85.61009 20.75240 7.05821
v 85.54982 20.75240 7.05821
v 85.45267 20.75240 7.05821
v 85.61009 20.75240 6.97440
v 85.54982 20.75240 6.97440
v 85.45267 20.75240 6.97440
v 85.61009 20.75240 6.89222
v 85.54982 20.75240 6.89222
v 85.45267 20.75240 6.89222
v 86.14879 20.75240 12.26991
v 85.86025 20.75240 12.26991
v 85.71921 20.75240 12.26991
v 86.14879 20.75240 12.18126
v 85.86025 20.75240 12.18126
v 85.71921 20.75240 12.18126
v 86.14879 20.75240 12.09169
v 85.86025 20.75240 12.09169
v 85.71921 20.75240 12.09169
v 87.41025 20.85666 6.74807
v 88.30949 20.85666 6.74807
v 89.20889 20.85666 6.74807
v 90.46898 20.92954 12.26933
v 90.75592 20.92954 12.26972
v 90.89833 20.92954 12.26990
v 90.50288 20.92954 12.17657
v 90.76553 20.92954 12.17970
v 90.89748 20.92954 12.18107
v 90.59558 20.92954 12.07728
v 90.79285 20.92954 12.08720
v 90.89921 20.92954 12.09114
v 90.90293 20.75240 12.26992
v 90.76104 20.75240 12.26992
v 90.47160 20.75240 12.26992
v 90.90293 20.75240 12.18126
v 90.76104 20.75240 12.18126
v 90.47160 20.75240 12.18126
v 90.90293 20.75240 12.09170
v 90.76104 20.75240 12.09170
v 90.47160 20.75240 12.09170
v 90.90293 20.75240 10.95093
v 90.76104 20.75240 10.95093
v 90.47160 20.75240 10.95093
v 90.90293 20.75240 10.81681
v 90.76104 20.75240 10.81681
v 90.47160 20.75240 10.81681
v 90.90293 20.75240 10.62499
v 90.76104 20.75240 10.62499
v 90.47160 20.75240 10.62499
v 90.90294 20.75240 9.99887
v 90.90294 20.75240 9.58538
v 90.47160 20.75240 9.58538
v 90.90294 20.75240 9.15585
v 90.76104 20.75240 9.15585
v 90.47160 20.75240 9.15584
v 90.59285 20.92953 7.07066
v 90.79113 20.92953 7.06210
v 90.89822 20.92953 7.05870
v 90.50087 20.92953 6.97845
v 90.76417 20.92953 6.97575
v 90.89667 20.92953 6.97457
v 90.46770 20.92953 6.89273
v 90.75503 20.92953 6.89239
v 90.89778 20.92953 6.89225
v 90.90293 20.75240 11.47510
v 90.90293 20.75240 11.41934
v 90.90293 20.75240 11.35957
v 90.90293 20.75240 11.21542
v 90.76104 20.75240 11.21542
v 90.47160 20.75240 11.21542
v 90.90293 20.75240 11.12318
v 90.76104 20.75240 11.12318
v 90.47160 20.75240 11.12318
v 90.90294 20.75239 8.40428
v 90.76104 20.75239 8.40428
v 90.47160 20.75239 8.40428
v 90.90294 20.75239 8.12128
v 90.76104 20.75239 8.12128
v 90.47160 20.75239 8.12128
v 90.90294 20.75239 7.90026
v 90.90294 20.75239 7.19856
v 90.76105 20.75239 7.19856
v 90.47160 20.75239 7.19856
v 87.43688 20.92954 8.40189
v 88.30498 20.92953 8.40184
v 89.17351 20.92953 8.40189
v 87.42696 20.92954 8.10214
v 88.30205 20.92953 8.10173
v 89.17768 20.92953 8.10214
v 87.37238 20.92953 7.83515
v 88.29855 20.92953 7.83429
v 89.22517 20.92953 7.83515
v 87.41588 20.92954 11.21542
v 89.20449 20.92954 11.21542
v 87.41057 20.92954 11.12317
v 89.20864 20.92954 11.12318
v 87.39418 20.92954 11.48934
v 88.32028 20.92954 11.48953
v 89.24614 20.92954 11.48934
v 87.44162 20.92954 11.42352
v 88.31686 20.92954 11.42361
v 89.19186 20.92954 11.42352
v 87.44573 20.92954 11.36009
v 88.31398 20.92954 11.36010
v 89.18211 20.92954 11.36009
v 89.20889 20.85666 12.42605
v 88.30949 20.85666 12.42605
v 87.41024 20.85666 12.42605
v 87.41049 20.92954 9.99886
v 88.30945 20.92954 9.99886
v 89.20857 20.92954 9.99886
v 87.41225 20.92954 9.58538
v 88.30920 20.92954 9.58538
v 89.20632 20.92954 9.58538
v 87.41701 20.92954 9.15584
v 88.30850 20.92954 9.15584
v 89.20022 20.92954 9.15584
v 87.41024 20.92954 10.95093
v 88.30949 20.92954 10.95093
v 89.20889 20.92954 10.95093
v 88.30949 20.92954 10.81681
v 87.41024 20.92954 10.62499
v 88.30949 20.92954 10.62499
v 89.20889 20.92954 10.62499
v 89.20889 20.75239 7.05821
v 88.30949 20.75239 7.05821
v 87.41025 20.75239 7.05821
v 89.20889 20.75239 6.97440
v 88.30949 20.75239 6.97440
v 87.41025 20.75239 6.97440
v 89.20889 20.75239 6.89222
v 88.30949 20.75239 6.89222
v 87.41025 20.75239 6.89222
v 85.83982 20.92954 11.70866
v 85.77254 20.92954 11.65266
v 90.68752 20.92954 11.71667
v 90.63137 20.92954 11.64466
v 92.09586 20.75240 11.47510
v 91.82915 20.75240 11.47510
v 91.55894 20.75240 11.47510
v 92.09586 20.75240 11.41934
v 91.82915 20.75240 11.41934
v 91.55894 20.75240 11.41934
v 92.09586 20.75240 11.35957
v 91.82915 20.75240 11.35957
v 91.55894 20.75240 11.35957
v 92.09586 20.75240 11.94922
v 91.55894 20.75240 11.94922
v 84.07433 20.85666 11.94921
v 92.55989 20.85666 11.94922
v 91.08725 20.92954 11.94922
v 91.17083 20.92954 11.94922
v 84.79909 20.92954 11.94921
v 85.06718 20.92954 11.94921
v 90.76781 20.92954 11.93936
v 90.84003 20.92954 11.94619
v 90.90561 20.92954 11.94884
v 91.17090 20.75240 11.94922
v 91.08784 20.75240 11.94922
v 85.72307 20.92954 11.94883
v 85.79183 20.92954 11.94618
v 85.86766 20.92954 11.93936
v 89.20889 20.75240 11.94922
v 88.30949 20.75240 11.94922
v 87.41024 20.75240 11.94922
v 90.90293 20.75240 11.94922
v 90.76104 20.75240 11.94922
v 90.47160 20.75240 11.94922
v 85.45279 20.92954 11.94921
v 85.55083 20.92954 11.94921
v 85.61351 20.92954 11.94921
v 86.14879 20.75240 11.94921
v 85.86025 20.75240 11.94921
v 85.71921 20.75240 11.94921
v 86.14879 20.85666 12.42605
v 85.86025 20.85666 12.42605
v 85.71921 20.85666 12.42605
v 85.45266 20.92954 10.95093
v 85.54981 20.92954 10.95093
v 85.61008 20.92954 10.95093
v 85.45266 20.92954 10.81681
v 85.54981 20.92954 10.81681
v 85.61008 20.92954 10.81681
v 85.45266 20.92954 10.62498
v 85.52136 20.92954 10.60258
v 85.61008 20.92954 10.60258
v 85.45267 20.92954 9.99886
v 85.52138 20.92954 9.99886
v 85.61015 20.92954 9.99886
v 85.45268 20.92954 9.58538
v 85.52151 20.92954 9.58538
v 85.61060 20.92954 9.58538
v 85.45273 20.92954 9.15584
v 85.52188 20.92954 9.15584
v 85.61184 20.92954 9.15584
v 92.55990 20.85666 10.62499
v 92.55990 20.85666 10.81681
v 92.55990 20.85666 10.95093
v 85.45332 20.92954 11.47509
v 85.55508 20.92954 11.47509
v 85.62785 20.92954 11.47509
v 85.45316 20.92954 11.41933
v 85.55376 20.92954 11.41933
v 85.62342 20.92954 11.41933
v 85.45298 20.92954 11.35957
v 85.55236 20.92954 11.35957
v 85.61867 20.92954 11.35957
v 85.45270 20.92954 11.21542
v 85.55018 20.92954 11.21542
v 85.61132 20.92954 11.21542
v 85.45266 20.92954 11.12317
v 85.54984 20.92954 11.12317
v 85.61015 20.92954 11.12317
v 85.45296 20.92954 8.40428
v 85.52371 20.92954 8.40428
v 85.61800 20.92954 8.40428
v 85.45312 20.92954 8.12128
v 85.55347 20.92954 8.12128
v 85.62241 20.92954 8.12128
v 85.45328 20.92954 7.90025
v 85.55470 20.92954 7.90025
v 85.62658 20.92954 7.90025
v 85.45274 20.92954 7.19856
v 85.55046 20.92953 7.19856
v 85.61225 20.92954 7.19856
v 86.14880 20.75240 7.19856
v 85.86025 20.75240 7.19856
v 85.71921 20.75240 7.19856
v 86.14880 20.75240 8.40428
v 85.86025 20.75240 8.40428
v 85.71921 20.75240 8.40428
v 86.14880 20.75240 8.12128
v 85.86025 20.75240 8.12128
v 85.71921 20.75240 8.12128
v 86.14880 20.75240 7.90025
v 85.86025 20.75240 7.90025
v 85.71921 20.75240 7.90025
v 86.14879 20.75240 11.21542
v 85.86025 20.75240 11.21542
v 85.71921 20.75240 11.21542
v 86.14879 20.75240 11.12317
v 85.86025 20.75240 11.12317
v 85.71921 20.75240 11.12317
v 86.14879 20.75240 11.47509
v 85.86025 20.75240 11.47509
v 85.71921 20.75240 11.47509
v 86.14879 20.75240 11.41933
v 85.86025 20.75240 11.41933
v 85.71921 20.75240 11.41933
v 86.14879 20.75240 11.35957
v 85.86025 20.75240 11.35957
v 85.71921 20.75240 11.35957
v 89.20889 20.75240 12.26992
v 88.30949 20.75240 12.26992
v 87.41024 20.75240 12.26992
v 89.20889 20.75240 12.18126
v 88.30949 20.75240 12.18126
v 87.41024 20.75240 12.18126
v 89.20889 20.75240 12.09170
v 88.30949 20.75240 12.09169
v 87.41024 20.75240 12.09169
v 86.14879 20.75240 9.99886
v 85.86025 20.75240 9.99886
v 85.71921 20.75240 9.99886
v 86.14879 20.75240 9.58538
v 85.86025 20.75240 9.58538
v 85.71921 20.75240 9.58538
v 86.14879 20.75240 9.15584
v 85.86025 20.75240 9.15584
v 85.71921 20.75240 9.15584
v 86.14879 20.75240 10.95093
v 85.86025 20.75240 10.95093
v 85.71921 20.75240 10.95093
v 86.14879 20.75240 10.81681
v 85.86025 20.75240 10.81681
v 85.71921 20.75240 10.81681
v 86.14879 20.75240 10.62498
v 85.86025 20.75240 10.62498
v 85.71921 20.75240 10.62498
v 85.71921 20.85666 6.74807
v 85.86025 20.85666 6.74807
v 86.14880 20.85666 6.74807
v 85.61008 20.85666 12.42605
v 85.54981 20.85666 12.42605
v 85.45266 20.85666 12.42605
v 84.07433 20.85666 7.19856
v 84.07433 20.85666 8.40428
v 84.07433 20.85666 8.12127
v 84.07433 20.85666 7.90025
v 91.55894 20.92954 11.21542
v 91.82915 20.92954 11.21542
v 92.09586 20.92954 11.21542
v 91.55894 20.92954 11.12318
v 91.82915 20.92954 11.12318
v 92.09586 20.92954 11.12318
v 84.07433 20.85666 11.47509
v 84.07433 20.85666 11.41933
v 84.07433 20.85666 11.35956
v 91.17090 20.75240 12.26992
v 91.08784 20.75240 12.26992
v 91.17090 20.75240 12.18126
v 91.08784 20.75240 12.18126
v 91.17090 20.75240 12.09170
v 91.08784 20.75240 12.09170
v 92.55990 20.85666 7.90026
v 92.55990 20.85666 8.12128
v 92.55990 20.85666 8.40429
v 84.53454 20.92954 9.99886
v 84.79909 20.92954 9.99886
v 85.06719 20.92954 9.99886
v 84.53455 20.92954 9.58538
v 84.79909 20.92954 9.58538
v 85.06719 20.92954 9.58538
v 84.53455 20.92954 9.15584
v 84.79909 20.92954 9.15584
v 85.06719 20.92954 9.15584
v 84.07432 20.85666 12.26991
v 84.07433 20.85666 12.18125
v 84.07433 20.85666 12.09169
v 85.06719 20.75240 7.05821
v 84.79909 20.75240 7.05821
v 84.53455 20.75240 7.05821
v 85.06719 20.75240 6.97439
v 84.79909 20.75240 6.97439
v 84.53455 20.75240 6.97439
v 85.06719 20.75240 6.89222
v 84.79909 20.75240 6.89222
v 84.53455 20.75240 6.89222
v 85.61008 20.75240 12.26991
v 85.54981 20.75240 12.26991
v 85.45266 20.75240 12.26991
v 85.61008 20.75240 12.18126
v 85.54981 20.75240 12.18126
v 85.45266 20.75240 12.18126
v 85.61008 20.75240 12.09169
v 85.54981 20.75240 12.09169
v 85.45266 20.75240 12.09169
v 85.61008 20.75240 11.94921
v 85.54981 20.75240 11.94921
v 85.45266 20.75240 11.94921
v 85.61009 20.75240 7.19856
v 85.54982 20.75240 7.19856
v 85.45267 20.75240 7.19856
v 85.61008 20.75240 8.40428
v 85.54982 20.75240 8.40428
v 85.45266 20.75240 8.40428
v 85.61008 20.75240 8.12128
v 85.54982 20.75240 8.12128
v 85.45266 20.75240 8.12128
v 85.61008 20.75240 7.90025
v 85.54982 20.75240 7.90025
v 85.45267 20.75240 7.90025
v 85.61008 20.75240 11.21542
v 85.54981 20.75240 11.21542
v 85.45266 20.75240 11.21542
v 85.61008 20.75240 11.12317
v 85.54981 20.75240 11.12317
v 85.45266 20.75240 11.12317
v 85.61008 20.75240 11.47509
v 85.54981 20.75240 11.47509
v 85.45266 20.75240 11.47509
v 85.61008 20.75240 11.41933
v 85.54981 20.75240 11.41933
v 85.45266 20.75240 11.41933
v 85.61008 20.75240 11.35957
v 85.54981 20.75240 11.35957
v 85.45266 20.75240 11.35957
v 85.45275 20.92953 7.05821
v 85.55054 20.92953 7.05821
v 85.61251 20.92953 7.05821
v 85.45274 20.92953 6.97440
v 85.55039 20.92953 6.97440
v 85.61198 20.92953 6.97440
v 85.45271 20.92953 6.89222
v 85.55019 20.92953 6.89222
v 85.61134 20.92953 6.89222
v 85.61008 20.75240 9.99886
v 85.54981 20.75240 9.99886
v 85.45266 20.75240 9.99886
v 85.61008 20.75240 9.58538
v 85.54982 20.75240 9.58538
v 85.45266 20.75240 9.58538
v 85.61008 20.75240 9.15584
v 85.54982 20.75240 9.15584
v 85.45266 20.75240 9.15584
v 85.61008 20.75240 10.95093
v 85.54981 20.75240 10.95093
v 85.45266 20.75240 10.95093
v 85.61008 20.75240 10.81681
v 85.54981 20.75240 10.81681
v 85.45266 20.75240 10.81681
v 85.61008 20.75240 10.62498
v 85.54981 20.75240 10.62498
v 85.45266 20.75240 10.62498
v 85.45267 20.85666 6.74807
v 85.54982 20.85666 6.74807
v 85.61009 20.85666 6.74807
v 85.72543 20.92954 12.26989
v 85.86794 20.92954 12.26972
v 86.15492 20.92954 12.26933
v 85.72727 20.92954 12.18106
v 85.85992 20.92954 12.17969
v 86.12325 20.92954 12.17657
v 85.72669 20.92954 12.09113
v 85.83446 20.92954 12.08720
v 86.03325 20.92954 12.07728
v 85.61009 20.75240 7.63529
v 85.54982 20.75240 7.63529
v 85.45267 20.75240 7.63529
v 85.61009 20.75240 7.57502
v 85.54982 20.75240 7.57502
v 85.45266 20.75240 7.57502
v 84.07433 20.85666 7.63529
v 84.07433 20.85666 7.57502
v 86.14880 20.75240 7.63529
v 85.86025 20.75240 7.63529
v 85.71921 20.75240 7.63529
v 86.14880 20.75240 7.57502
v 85.86025 20.75240 7.57502
v 85.71921 20.75240 7.57502
v 85.45343 20.92954 7.63529
v 85.55596 20.92954 7.63529
v 85.63082 20.92954 7.63529
v 85.45342 20.92954 7.57502
v 85.55589 20.92954 7.57502
v 85.63056 20.92954 7.57502
v 90.90294 20.75239 7.63529
v 90.76104 20.75239 7.63529
v 90.47160 20.75239 7.63529
v 90.90294 20.75239 7.57503
v 85.80254 20.92954 7.63412
v 85.92150 20.92954 7.59884
v 86.06786 20.92954 7.60439
v 85.80075 20.92954 7.57461
v 85.77586 20.92954 7.50010
v 85.84014 20.92954 7.43780
v 89.20889 20.75239 7.63529
v 88.30949 20.75239 7.63529
v 87.41025 20.75240 7.63529
v 89.20889 20.75239 7.57503
v 88.30949 20.75239 7.57503
v 91.55894 20.92953 7.63529
v 91.82916 20.92953 7.63530
v 92.09586 20.92953 7.63530
v 91.55894 20.92953 7.57503
v 91.82916 20.92953 7.57503
v 92.09586 20.92953 7.57503
v 92.55990 20.85666 7.19857
v 85.06719 20.75240 7.63529
v 84.79909 20.75240 7.63529
v 84.53455 20.75240 7.63529
v 85.06719 20.75240 7.57502
v 84.79909 20.75240 7.57502
v 84.53455 20.75240 7.57502
v 90.98287 20.92953 7.63529
v 91.08129 20.92953 7.63529
v 91.17009 20.92953 7.63529
v 90.98334 20.92953 7.57503
v 91.08143 20.92953 7.57503
v 91.17011 20.92953 7.57503
v 84.53455 20.92954 7.63529
v 84.79909 20.92954 7.63529
v 85.06719 20.92954 7.63529
v 84.53455 20.92954 7.57502
v 84.79909 20.92954 7.57502
v 85.06719 20.92954 7.57502
v 90.53573 20.92953 7.60440
v 90.68993 20.92953 7.59885
v 90.81328 20.92953 7.63412
v 90.81604 20.92953 7.57462
v 90.62653 20.92953 7.50010
v 90.71645 20.92953 7.45857
v 91.17091 20.75239 7.63529
v 91.08785 20.75239 7.63529
v 91.08785 20.75239 7.57503
v 92.09586 20.75239 7.19856
v 91.55894 20.75239 7.19856
v 92.45583 20.75240 7.05821
v 92.45583 20.75240 6.97440
v 92.45583 20.75240 6.89223
v 92.45583 20.85666 6.74808
v 92.45583 20.92953 12.09170
v 92.45583 20.92953 12.18126
v 92.45583 20.92953 12.26992
v 92.45583 20.85666 12.42605
v 84.17754 20.85666 12.42604
v 84.17754 20.75240 12.09169
v 84.17754 20.75240 12.18125
v 84.17754 20.75240 12.26991
v 84.17755 20.92953 7.05821
v 84.17755 20.92953 6.97439
v 84.17755 20.92953 6.89222
v 84.17755 20.85666 6.74807
v 92.45583 20.75240 10.95093
v 92.45583 20.75240 10.81681
v 92.45583 20.75240 10.62499
v 92.45583 20.92953 9.15585
v 92.45583 20.92953 9.58539
v 92.45583 20.92953 9.99887
v 84.17755 20.75240 9.15584
v 84.17755 20.75240 9.58538
v 84.17755 20.75240 9.99886
v 84.17754 20.92953 10.95092
v 84.17754 20.92953 10.81680
v 84.17754 20.92953 10.62498
v 92.45583 20.75240 9.99887
v 92.45583 20.75240 9.58539
v 92.45583 20.75240 9.15585
v 84.17755 20.92953 9.99886
v 84.17755 20.92953 9.58538
v 84.17755 20.92953 9.15584
v 92.45583 20.92953 7.90026
v 92.45583 20.92953 8.12128
v 92.45583 20.92953 8.40428
v 84.17755 20.75240 7.90025
v 84.17755 20.75240 8.12127
v 84.17755 20.75240 8.40428
v 92.45583 20.92953 11.94922
v 84.17754 20.75240 11.94921
v 92.45583 20.75240 12.26992
v 92.45583 20.75240 12.18126
v 92.45583 20.75240 12.09170
v 84.17754 20.92953 12.26991
v 84.17754 20.92953 12.18125
v 84.17754 20.92953 12.09169
v 92.45583 20.92953 11.35957
v 92.45583 20.92953 11.41934
v 92.45583 20.92953 11.47510
v 84.17754 20.75240 11.35956
v 84.17754 20.75240 11.41933
v 84.17754 20.75240 11.47509
v 92.45583 20.75240 11.47510
v 92.45583 20.75240 11.41934
v 92.45583 20.75240 11.35957
v 84.17754 20.92953 11.47509
v 84.17754 20.92953 11.41933
v 84.17754 20.92953 11.35956
v 92.45583 20.92953 11.12318
v 92.45583 20.92953 11.21542
v 84.17754 20.75240 11.12317
v 84.17754 20.75240 11.21541
v 92.45583 20.75240 11.21542
v 92.45583 20.75240 11.12318
v 84.17754 20.92953 11.21542
v 84.17754 20.92953 11.12317
v 92.45583 20.92953 10.62499
v 92.45583 20.92953 10.81681
v 92.45583 20.92953 10.95093
v 84.17754 20.75240 10.62498
v 84.17754 20.75240 10.81680
v 84.17754 20.75240 10.95092
v 92.45583 20.75240 8.40428
v 92.45583 20.75240 8.12128
v 92.45583 20.75240 7.90026
v 84.17755 20.92953 8.40428
v 84.17755 20.92953 8.12127
v 84.17755 20.92953 7.90025
v 92.45583 20.92953 7.57503
v 92.45583 20.92953 7.63530
v 84.17755 20.75240 7.57502
v 84.17755 20.75240 7.63529
v 92.45583 20.75240 7.19856
v 84.17755 20.92953 7.19856
v 92.45583 20.92953 6.89223
v 92.45583 20.92953 6.97440
v 92.45583 20.92953 7.05821
v 84.17755 20.75240 6.89222
v 84.17755 20.75240 6.97439
v 84.17755 20.75240 7.05821
v 87.41202 20.92953 12.39007
v 92.45583 20.75240 11.94922
v 84.17754 20.92953 11.94921
v 92.45583 20.92953 7.19856
v 84.17755 20.75240 7.19856
v 92.45583 20.75240 7.63530
v 92.45583 20.75240 7.57503
v 84.17755 20.92953 7.63529
v 84.17755 20.92953 7.57502
v 92.55990 20.85666 6.89223
v 92.55990 20.85666 6.97440
v 92.55990 20.85666 7.05821
v 85.61631 20.92954 8.56070
v 85.52321 20.92954 8.56070
v 91.08585 20.92953 8.55973
v 90.99824 20.92953 8.55973
v 91.08784 20.97783 10.35560
v 91.00497 20.97783 10.35560
v 91.08651 20.97783 8.75094
v 91.00047 20.97783 8.75094
v 85.61008 20.97783 10.35559
v 85.52136 20.97783 10.35559
v 85.61425 20.97783 8.75093
v 85.52260 20.97783 8.75093
v 91.00491 20.97783 9.99887
v 91.08782 20.97783 9.99887
v 91.00441 20.97783 9.58539
v 91.08768 20.97783 9.58539
v 91.00307 20.97783 9.15585
v 91.08728 20.97783 9.15585
v 85.52138 20.97783 9.99886
v 85.61015 20.97783 9.99886
v 85.52151 20.97783 9.58538
v 85.61060 20.97783 9.58538
v 85.52188 20.97783 9.15584
v 85.61184 20.97783 9.15584
v 85.61631 20.97783 8.56070
v 85.52321 20.97783 8.56070
v 85.52136 20.97783 10.58017
v 85.61008 20.97783 10.58017
v 91.08585 20.97783 8.55973
v 90.99824 20.97783 8.55973
v 91.00497 20.97783 10.58098
v 91.08784 20.97783 10.58098
f 1 20 31
f 1 31 32
f 1 32 36
f 1 36 35
f 1 35 34
f 1 34 24
f 1 24 16
f 1 16 13
f 1 13 10
f 1 10 6
f 1 6 7
f 3 2 4
f 20 1 2
f 20 2 3
f 7 6 5
f 7 5 4
f 4 2 1
f 4 1 7
f 5 9 8
f 6 10 9
f 6 9 5
f 8 9 11
f 11 9 12
f 10 13 12
f 10 12 9
f 11 12 15
f 14 5 8
f 4 5 14
f 14 8 11
f 18 11 15
f 18 15 17
f 18 14 11
f 19 14 18
f 3 14 19
f 3 4 14
f 20 22 21
f 20 21 3
f 3 21 22
f 3 22 20
f 19 18 23
f 16 24 17
f 16 17 15
f 24 25 26
f 24 26 17
f 17 26 25
f 17 25 24
f 27 18 17
f 23 18 27
f 28 19 23
f 29 19 28
f 29 30 19
f 30 3 19
f 31 20 3
f 31 3 30
f 32 31 30
f 32 30 29
f 28 23 33
f 33 23 27
f 17 26 27
f 25 34 27
f 25 27 26
f 34 25 24
f 34 35 33
f 34 33 27
f 35 36 28
f 35 28 33
f 36 32 29
f 36 29 28
f 20 31 30
f 20 30 3
f 16 37 13
f 15 38 37
f 15 37 16
f 13 37 38
f 13 38 12
f 12 38 15
f 39 61 62
f 39 62 69
f 39 69 78
f 39 78 75
f 39 75 66
f 39 66 58
f 39 58 57
f 39 57 52
f 39 52 50
f 39 50 46
f 39 46 43
f 61 39 40
f 61 40 41
f 40 42 41
f 43 44 39
f 42 45 44
f 42 44 43
f 39 44 45
f 39 45 40
f 40 45 42
f 43 46 47
f 43 47 42
f 42 47 48
f 48 47 49
f 46 50 49
f 46 49 47
f 50 52 51
f 50 51 49
f 48 49 51
f 48 51 53
f 41 42 48
f 41 48 54
f 53 55 56
f 53 51 55
f 57 58 56
f 57 56 55
f 58 57 55
f 58 55 56
f 54 53 59
f 54 48 53
f 62 61 41
f 62 41 60
f 41 40 39
f 41 39 61
f 60 41 63
f 63 41 54
f 63 54 64
f 64 54 59
f 59 56 65
f 59 53 56
f 58 66 65
f 58 65 56
f 66 67 68
f 66 68 65
f 65 68 67
f 65 67 66
f 64 59 74
f 62 70 69
f 60 71 70
f 60 70 62
f 69 70 71
f 69 71 72
f 72 71 60
f 72 60 63
f 73 72 64
f 72 63 64
f 74 59 65
f 66 75 74
f 66 74 65
f 75 76 77
f 75 77 74
f 74 77 76
f 74 76 75
f 75 78 73
f 75 73 74
f 73 64 74
f 78 69 72
f 78 72 73
f 52 57 55
f 52 55 51
f 79 102 103
f 79 103 108
f 79 108 116
f 79 116 115
f 79 115 114
f 79 114 113
f 79 113 107
f 79 107 98
f 79 98 97
f 79 97 91
f 79 91 89
f 79 89 86
f 79 86 85
f 79 85 84
f 80 82 83
f 80 83 81
f 84 85 83
f 84 83 82
f 79 84 82
f 79 82 80
f 85 84 82
f 85 82 83
f 85 86 87
f 85 87 83
f 83 87 88
f 86 89 88
f 86 88 87
f 89 91 90
f 89 90 88
f 92 88 90
f 93 88 92
f 83 88 93
f 81 83 94
f 94 83 93
f 92 90 95
f 92 95 96
f 91 97 95
f 91 95 90
f 97 98 96
f 97 96 95
f 99 93 92
f 94 93 99
f 101 80 81
f 102 79 80
f 102 80 101
f 103 102 101
f 103 101 100
f 100 101 81
f 104 100 94
f 100 81 94
f 104 94 99
f 104 99 105
f 106 99 96
f 99 92 96
f 98 107 106
f 98 106 96
f 100 109 108
f 100 108 103
f 116 108 109
f 116 109 110
f 109 100 110
f 110 100 104
f 110 104 111
f 111 104 105
f 105 99 112
f 112 99 106
f 107 113 112
f 107 112 106
f 114 115 113
f 113 115 111
f 113 111 112
f 105 111 115
f 105 115 114
f 112 111 105
f 114 115 111
f 114 111 105
f 115 116 110
f 115 110 111
f 116 115 111
f 116 111 110
f 117 136 145
f 117 145 146
f 117 146 154
f 117 154 152
f 117 152 151
f 117 151 150
f 117 150 142
f 117 142 141
f 117 141 133
f 117 133 132
f 117 132 127
f 117 127 125
f 117 125 121
f 117 121 120
f 117 120 119
f 117 119 118
f 120 121 122
f 120 122 119
f 119 122 123
f 123 122 124
f 121 125 124
f 121 124 122
f 125 127 126
f 125 126 124
f 127 132 128
f 127 128 126
f 123 126 129
f 123 124 126
f 118 119 130
f 130 119 123
f 131 129 128
f 129 126 128
f 132 133 131
f 132 131 128
f 134 123 129
f 130 123 134
f 136 117 118
f 136 118 135
f 135 118 137
f 137 118 130
f 138 137 134
f 137 130 134
f 134 129 139
f 139 129 131
f 133 141 140
f 133 140 131
f 139 131 140
f 141 142 143
f 141 143 140
f 143 139 140
f 138 134 139
f 138 139 144
f 145 136 135
f 145 135 137
f 137 147 146
f 137 146 145
f 147 137 148
f 148 137 138
f 144 139 143
f 144 143 149
f 142 150 149
f 142 149 143
f 150 151 144
f 150 144 149
f 151 152 153
f 151 153 144
f 144 153 152
f 144 152 151
f 148 138 144
f 148 144 153
f 152 154 148
f 152 148 153
f 154 146 147
f 154 147 148
f 155 157 162
f 155 162 161
f 161 162 163
f 161 163 164
f 164 163 166
f 164 166 165
f 165 166 168
f 165 168 167
f 167 168 170
f 167 170 169
f 169 170 172
f 169 172 171
f 171 172 173
f 171 173 159
f 159 173 179
f 159 179 174
f 174 179 180
f 174 180 175
f 175 180 176
f 175 176 158
f 158 176 178
f 158 178 177
f 177 178 157
f 177 157 155
f 155 161 164
f 155 164 165
f 155 165 167
f 155 167 169
f 155 169 171
f 155 171 159
f 155 159 174
f 155 174 175
f 155 175 158
f 155 158 177
f 173 176 180
f 173 180 179
f 163 162 157
f 163 157 178
f 163 178 176
f 163 176 181
f 163 181 182
f 163 182 166
f 176 173 172
f 176 172 170
f 176 170 168
f 176 168 166
f 176 166 182
f 176 182 173
f 156 158 159
f 156 159 160
f 176 158 156
f 176 156 181
f 173 159 158
f 173 158 176
f 182 160 159
f 182 159 173
f 156 160 182
f 156 182 181
f 181 182 160
f 181 160 156
f 183 185 188
f 183 188 187
f 187 188 193
f 187 193 192
f 192 193 195
f 192 195 194
f 194 195 196
f 194 196 190
f 190 196 198
f 190 198 197
f 197 198 200
f 197 200 199
f 199 200 203
f 199 203 202
f 202 203 205
f 202 205 204
f 204 205 208
f 204 208 206
f 206 208 185
f 206 185 183
f 183 187 192
f 183 192 194
f 183 194 190
f 183 190 197
f 183 197 199
f 183 199 202
f 183 202 204
f 183 204 206
f 191 193 188
f 201 203 200
f 205 207 208
f 207 185 208
f 191 188 185
f 191 185 207
f 191 207 205
f 191 196 195
f 191 195 193
f 205 203 201
f 205 201 200
f 205 200 198
f 205 198 196
f 205 196 195
f 205 196 201
f 205 201 207
f 186 184 189
f 186 189 190
f 207 184 186
f 207 186 191
f 201 189 184
f 201 184 207
f 190 189 201
f 190 201 196
f 186 190 196
f 186 196 191
f 191 196 190
f 191 190 186
f 196 190 189
f 196 189 201
f 209 210 215
f 209 215 214
f 214 215 217
f 214 217 216
f 216 217 219
f 216 219 218
f 218 219 220
f 218 220 213
f 213 220 222
f 213 222 221
f 221 222 223
f 221 223 212
f 212 223 227
f 212 227 224
f 224 227 223
f 224 223 212
f 212 223 226
f 212 226 225
f 225 226 210
f 225 210 209
f 209 214 216
f 209 216 218
f 209 218 213
f 209 213 221
f 209 221 212
f 209 212 224
f 209 212 225
f 215 210 226
f 215 226 223
f 215 223 210
f 215 210 228
f 215 228 217
f 223 222 220
f 223 220 219
f 223 219 217
f 223 217 228
f 223 228 220
f 211 209 212
f 211 212 213
f 210 209 211
f 210 211 228
f 223 212 209
f 223 209 210
f 220 213 212
f 220 212 223
f 211 213 220
f 211 220 228
f 223 228 210
f 228 211 213
f 228 213 220
f 223 228 211
f 223 211 212
f 229 230 233
f 229 233 232
f 232 233 238
f 232 238 237
f 237 238 240
f 237 240 239
f 239 240 242
f 239 242 241
f 241 242 243
f 241 243 236
f 236 243 244
f 236 244 235
f 235 244 246
f 235 246 245
f 245 246 248
f 245 248 247
f 247 248 250
f 247 250 249
f 249 250 230
f 249 230 229
f 229 232 237
f 229 237 239
f 229 239 241
f 229 241 236
f 229 236 235
f 229 235 245
f 229 245 247
f 229 247 249
f 233 230 250
f 233 250 251
f 233 251 230
f 233 230 252
f 233 252 240
f 233 240 238
f 248 246 244
f 248 244 243
f 248 243 242
f 248 242 240
f 248 240 252
f 248 252 243
f 248 244 251
f 248 251 250
f 231 229 234
f 231 234 235
f 231 235 236
f 230 229 231
f 230 231 252
f 251 234 229
f 251 229 230
f 244 235 234
f 244 234 251
f 231 236 243
f 231 243 252
f 230 251 252
f 252 231 236
f 252 236 243
f 251 252 231
f 251 231 234
f 243 236 235
f 243 235 244
f 253 256 255
f 253 255 254
f 254 257 253
f 254 258 257
f 255 259 258
f 255 258 254
f 255 260 259
f 256 260 255
f 253 257 260
f 253 260 256
f 259 257 258
f 259 260 257
f 257 260 256
f 257 256 253
f 261 262 267
f 261 267 266
f 261 266 265
f 261 265 264
f 261 264 263
f 261 263 262
f 265 262 263
f 264 265 263
f 266 262 265
f 267 262 266
f 265 268 262
f 265 269 268
f 270 271 275
f 270 271 274
f 270 274 273
f 270 273 272
f 270 272 271
f 272 276 271
f 272 277 276
f 273 276 272
f 274 276 273
f 274 278 276
f 271 276 274
f 279 280 284
f 279 284 283
f 279 283 281
f 279 281 282
f 282 281 280
f 282 280 279
f 281 286 285
f 281 285 280
f 283 286 281
f 283 287 286
f 284 288 287
f 284 287 283
f 284 285 288
f 280 285 284
f 287 285 286
f 288 285 287
f 289 292 290
f 289 292 294
f 289 294 293
f 289 293 291
f 289 291 292
f 291 296 295
f 291 295 292
f 293 296 291
f 293 297 296
f 294 298 297
f 294 297 293
f 294 295 298
f 292 295 294
f 298 296 297
f 298 295 296
f 294 293 291
f 294 291 292
f 296 295 292
f 296 292 291
f 299 303 302
f 299 302 301
f 299 301 300
f 299 300 303
f 301 304 300
f 301 305 304
f 302 305 301
f 302 306 305
f 302 307 306
f 303 307 302
f 303 304 307
f 300 304 303
f 306 304 305
f 307 304 306
f 308 309 314
f 308 314 313
f 308 313 312
f 308 312 311
f 308 311 310
f 308 310 309
f 311 309 310
f 312 309 311
f 312 315 309
f 312 316 315
f 313 309 312
f 314 309 313
f 314 315 309
f 314 317 315
f 318 319 324
f 318 324 323
f 318 323 322
f 318 322 321
f 318 321 320
f 318 320 319
f 323 324 322
f 321 322 320
f 324 319 322
f 320 325 319
f 322 319 320
f 322 325 319
f 322 326 325
f 327 328 331
f 327 331 330
f 327 330 329
f 329 328 327
f 329 332 328
f 329 333 332
f 330 333 329
f 330 334 333
f 331 334 330
f 331 332 334
f 328 332 331
f 334 332 333
f 335 336 340
f 335 340 339
f 335 339 337
f 335 337 338
f 338 337 336
f 338 336 335
f 337 342 341
f 337 341 336
f 339 342 337
f 339 343 342
f 340 344 343
f 340 343 339
f 340 341 344
f 336 341 340
f 344 341 342
f 343 344 342
f 342 341 336
f 342 336 337
f 345 350 349
f 345 349 348
f 345 348 347
f 345 347 346
f 345 346 349
f 346 351 354
f 346 354 349
f 347 351 346
f 347 352 351
f 348 353 352
f 348 352 347
f 348 354 353
f 349 354 348
f 353 351 352
f 353 354 351
f 351 354 349
f 351 349 346
f 355 356 360
f 355 360 359
f 355 359 358
f 355 358 356
f 355 356 357
f 358 361 356
f 358 362 361
f 359 361 362
f 359 362 358
f 359 363 361
f 360 363 359
f 360 361 363
f 356 361 360
f 364 365 370
f 364 370 369
f 364 369 368
f 364 368 367
f 364 367 366
f 364 366 365
f 367 368 366
f 368 365 366
f 369 365 368
f 370 365 369
f 368 371 365
f 368 372 371
f 370 371 365
f 373 374 378
f 373 378 377
f 373 377 376
f 373 376 375
f 373 375 374
f 378 374 377
f 375 379 374
f 375 380 379
f 376 377 375
f 377 379 375
f 377 381 379
f 374 379 377
f 382 383 388
f 382 388 387
f 382 387 386
f 382 386 385
f 382 385 384
f 382 384 383
f 386 383 384
f 385 386 384
f 388 383 386
f 388 386 387
f 386 389 383
f 386 390 389
f 391 392 396
f 391 392 395
f 391 395 394
f 391 394 393
f 391 393 392
f 393 397 392
f 393 398 397
f 394 397 398
f 394 398 393
f 395 399 397
f 395 397 394
f 392 397 395
f 400 401 404
f 400 404 403
f 400 403 402
f 400 402 401
f 402 406 405
f 402 405 401
f 403 406 402
f 403 407 406
f 404 408 407
f 404 407 403
f 404 405 408
f 401 405 404
f 407 405 406
f 408 405 407
f 401 404 402
f 404 403 402
f 401 403 404
f 401 402 403
f 409 411 412
f 409 412 410
f 409 412 414
f 409 414 413
f 409 413 411
f 411 416 415
f 411 415 412
f 413 416 411
f 413 417 416
f 414 418 417
f 414 417 413
f 414 415 418
f 412 415 414
f 418 416 417
f 418 415 416
f 412 413 411
f 411 413 414
f 411 414 412
f 416 415 412
f 416 412 411
f 419 420 423
f 419 423 422
f 419 422 421
f 419 421 420
f 421 424 420
f 421 425 424
f 422 425 421
f 422 426 425
f 422 427 426
f 423 427 422
f 423 424 427
f 420 424 423
f 426 424 425
f 426 427 424
f 428 429 434
f 428 434 433
f 428 433 431
f 428 431 432
f 428 432 430
f 428 430 429
f 432 431 430
f 431 429 430
f 431 435 429
f 431 436 435
f 433 434 431
f 434 435 431
f 434 437 435
f 429 435 434
f 438 439 444
f 438 444 443
f 438 443 442
f 438 442 441
f 438 441 440
f 438 440 439
f 443 439 442
f 444 439 443
f 440 445 439
f 441 439 440
f 442 439 441
f 442 445 439
f 442 446 445
f 447 448 451
f 447 451 450
f 447 450 449
f 447 449 448
f 449 452 448
f 449 453 452
f 450 453 449
f 450 454 453
f 450 455 454
f 451 455 450
f 451 452 455
f 448 452 451
f 454 452 453
f 455 452 454
f 456 457 460
f 456 460 459
f 456 459 458
f 458 457 456
f 458 462 461
f 458 461 457
f 459 462 458
f 459 463 462
f 460 464 463
f 460 463 459
f 460 461 464
f 457 461 460
f 464 461 462
f 464 462 463
f 457 459 458
f 457 459 460
f 462 461 457
f 462 457 458
f 465 469 468
f 465 468 467
f 465 467 466
f 465 466 469
f 466 470 473
f 466 473 469
f 467 470 466
f 467 471 470
f 468 472 471
f 468 471 467
f 468 473 472
f 469 473 468
f 472 473 470
f 472 470 471
f 466 467 468
f 466 468 469
f 470 473 469
f 470 469 466
f 474 475 479
f 474 479 478
f 474 478 477
f 474 477 475
f 474 475 476
f 477 480 475
f 477 481 480
f 478 481 477
f 478 482 481
f 479 482 478
f 479 480 482
f 475 480 479
f 482 480 481
f 483 484 489
f 483 489 488
f 483 488 487
f 483 487 486
f 483 486 485
f 483 485 484
f 486 484 485
f 487 484 486
f 489 487 488
f 487 490 484
f 487 491 490
f 489 484 487
f 489 490 484
f 492 493 497
f 492 497 496
f 492 496 495
f 492 495 494
f 492 494 493
f 497 493 496
f 494 498 493
f 494 499 498
f 495 498 494
f 496 498 495
f 496 500 498
f 493 498 496
f 501 506 505
f 501 505 504
f 501 504 503
f 501 503 502
f 503 504 502
f 506 504 505
f 504 501 502
f 504 507 501
f 504 508 507
f 506 501 504
f 509 513 512
f 509 512 511
f 509 511 510
f 510 514 509
f 510 515 514
f 511 515 510
f 511 516 515
f 512 516 511
f 512 514 516
f 509 514 512
f 516 514 515
f 517 520 519
f 517 519 518
f 518 522 521
f 518 521 517
f 519 522 518
f 519 523 522
f 520 524 523
f 520 523 519
f 520 521 524
f 517 521 520
f 523 521 522
f 524 521 523
f 525 526 528
f 525 528 527
f 525 530 529
f 525 529 526
f 527 530 525
f 527 531 530
f 528 532 531
f 528 531 527
f 528 529 532
f 526 529 528
f 526 527 525
f 530 529 526
f 530 526 525
f 532 529 530
f 532 530 531
f 533 536 535
f 533 535 534
f 534 537 533
f 534 538 537
f 535 538 534
f 535 539 538
f 535 540 539
f 536 540 535
f 536 537 540
f 533 537 536
f 539 537 538
f 540 537 539
f 541 546 545
f 541 545 544
f 541 544 543
f 541 543 542
f 544 547 541
f 544 548 547
f 545 547 548
f 545 548 544
f 546 547 545
f 546 549 547
f 541 547 546
f 550 553 552
f 550 552 551
f 551 554 550
f 551 555 554
f 552 555 551
f 552 556 555
f 552 557 556
f 553 557 552
f 553 554 557
f 550 554 553
f 556 554 555
f 556 557 554
f 558 561 560
f 558 560 559
f 559 563 562
f 559 562 558
f 560 563 559
f 560 564 563
f 561 565 564
f 561 564 560
f 561 562 565
f 558 562 561
f 565 562 564
f 564 562 563
f 563 562 558
f 563 558 559
f 559 558 561
f 566 569 568
f 566 568 567
f 566 570 573
f 566 573 569
f 567 570 566
f 567 571 570
f 568 572 571
f 568 571 567
f 568 573 572
f 569 573 568
f 572 573 571
f 570 573 569
f 570 569 566
f 573 570 571
f 574 578 577
f 574 577 576
f 576 579 574
f 576 580 579
f 577 580 576
f 577 581 580
f 577 582 581
f 578 582 577
f 578 579 582
f 574 579 578
f 581 579 580
f 582 579 581
f 583 588 587
f 583 587 586
f 583 586 585
f 583 585 584
f 586 583 584
f 585 586 584
f 586 589 583
f 586 590 589
f 588 589 583
f 591 596 595
f 591 595 594
f 591 594 593
f 591 593 592
f 596 594 595
f 596 591 594
f 592 597 591
f 592 598 597
f 593 597 592
f 593 599 597
f 594 599 593
f 594 597 599
f 591 597 594
f 600 605 604
f 600 604 603
f 600 603 602
f 600 602 601
f 602 603 601
f 604 605 603
f 603 600 601
f 603 606 600
f 603 607 606
f 605 600 603
f 608 612 611
f 608 611 610
f 608 610 609
f 609 613 608
f 609 614 613
f 610 614 609
f 610 615 614
f 610 616 615
f 611 616 610
f 611 613 616
f 608 613 611
f 615 613 614
f 616 613 615
f 617 620 619
f 617 619 618
f 618 622 621
f 618 621 617
f 619 622 618
f 619 623 622
f 620 624 623
f 620 623 619
f 620 621 624
f 617 621 620
f 624 621 623
f 623 621 622
f 625 626 628
f 625 628 627
f 625 630 629
f 625 629 626
f 627 630 625
f 627 631 630
f 628 632 631
f 628 631 627
f 628 629 632
f 626 629 628
f 626 627 625
f 630 629 626
f 630 626 625
f 632 629 630
f 632 630 631
f 633 636 635
f 633 635 634
f 634 637 633
f 634 638 637
f 635 638 634
f 635 639 638
f 635 640 639
f 636 640 635
f 636 637 640
f 633 637 636
f 639 637 638
f 640 637 639
f 641 646 645
f 641 645 644
f 641 644 643
f 641 643 642
f 643 644 642
f 644 641 642
f 644 647 641
f 644 648 647
f 645 648 644
f 645 647 648
f 646 647 645
f 646 649 647
f 641 647 646
f 650 655 654
f 650 654 653
f 650 653 652
f 650 652 651
f 655 650 653
f 655 653 654
f 651 656 650
f 652 653 651
f 653 656 651
f 653 657 656
f 650 656 653
f 658 661 660
f 658 660 659
f 659 662 658
f 659 663 662
f 660 663 659
f 660 664 663
f 660 665 664
f 661 665 660
f 661 662 665
f 658 662 661
f 665 662 663
f 664 665 663
f 666 669 668
f 666 668 667
f 667 671 670
f 667 670 666
f 668 671 667
f 668 672 671
f 669 673 672
f 669 672 668
f 669 670 673
f 666 670 669
f 673 670 672
f 672 670 671
f 671 670 666
f 671 666 667
f 667 666 669
f 674 677 676
f 674 676 675
f 674 678 681
f 674 681 677
f 675 678 674
f 675 679 678
f 676 680 679
f 676 679 675
f 676 681 680
f 677 681 676
f 678 681 677
f 678 677 674
f 680 681 678
f 680 678 679
f 682 686 685
f 682 685 684
f 684 687 682
f 684 688 687
f 685 688 684
f 685 689 688
f 685 690 689
f 686 690 685
f 686 687 690
f 682 687 686
f 689 687 688
f 690 687 689
f 691 696 695
f 691 695 694
f 691 694 693
f 691 693 692
f 694 697 691
f 694 698 697
f 696 691 694
f 696 694 695
f 696 697 691
f 699 704 703
f 699 703 702
f 699 702 701
f 699 701 700
f 704 702 703
f 704 699 702
f 700 705 699
f 700 706 705
f 701 705 706
f 701 706 700
f 701 707 705
f 702 707 701
f 702 705 707
f 699 705 702
f 708 713 712
f 708 712 711
f 708 711 710
f 708 710 709
f 711 715 714
f 711 714 708
f 708 714 715
f 708 715 711
f 716 721 720
f 716 720 719
f 716 719 718
f 716 718 717
f 721 716 719
f 721 719 720
f 717 722 716
f 717 723 722
f 718 724 723
f 718 723 717
f 718 725 724
f 719 725 718
f 716 722 725
f 716 725 719
f 724 722 723
f 724 725 722
f 726 729 728
f 726 728 727
f 727 731 730
f 727 730 726
f 728 732 731
f 728 731 727
f 729 733 732
f 729 732 728
f 726 730 733
f 726 733 729
f 733 730 732
f 732 730 731
f 734 735 737
f 734 737 736
f 734 739 738
f 734 738 735
f 736 740 739
f 736 739 734
f 737 741 740
f 737 740 736
f 735 738 741
f 735 741 737
f 735 736 734
f 739 738 735
f 739 735 734
f 738 739 741
f 739 740 741
f 742 745 744
f 742 744 743
f 743 747 746
f 743 746 742
f 744 747 743
f 744 748 747
f 745 749 748
f 745 748 744
f 745 746 749
f 742 746 745
f 748 749 747
f 749 746 747
f 750 755 754
f 750 754 753
f 750 753 752
f 750 752 751
f 753 757 756
f 753 756 750
f 754 757 753
f 755 756 757
f 755 757 754
f 755 758 756
f 750 756 755
f 759 764 763
f 759 763 762
f 759 762 761
f 759 761 760
f 764 759 762
f 763 764 762
f 760 765 759
f 761 762 760
f 762 766 765
f 762 765 760
f 759 765 766
f 759 766 762
f 767 770 769
f 767 769 768
f 768 771 767
f 768 772 771
f 769 773 772
f 769 772 768
f 769 774 773
f 770 774 769
f 767 771 774
f 767 774 770
f 773 771 772
f 774 771 773
f 767 768 770
f 775 778 777
f 775 777 776
f 776 780 779
f 776 779 775
f 777 781 780
f 777 780 776
f 778 782 781
f 778 781 777
f 775 779 782
f 775 782 778
f 779 781 782
f 780 779 775
f 780 775 776
f 779 780 781
f 776 775 778
f 783 786 785
f 783 785 784
f 783 787 790
f 783 790 786
f 784 788 787
f 784 787 783
f 785 789 788
f 785 788 784
f 786 790 789
f 786 789 785
f 787 790 786
f 787 786 783
f 787 788 790
f 789 790 788
f 791 795 794
f 791 794 793
f 793 797 796
f 793 796 791
f 794 797 793
f 794 798 797
f 795 799 798
f 795 798 794
f 795 796 799
f 791 796 795
f 799 796 797
f 798 799 797
f 800 805 804
f 800 804 803
f 800 803 802
f 800 802 801
f 803 807 806
f 803 806 800
f 800 806 807
f 800 807 803
f 805 806 800
f 808 813 812
f 808 812 811
f 808 811 810
f 808 810 809
f 813 808 811
f 813 811 812
f 809 814 808
f 809 815 814
f 810 816 815
f 810 815 809
f 811 816 810
f 808 814 816
f 808 816 811
f 816 814 815
f 817 822 821
f 817 821 820
f 817 820 819
f 817 819 818
f 820 824 823
f 820 823 817
f 817 823 824
f 817 824 820
f 825 830 829
f 825 829 828
f 825 828 827
f 825 827 826
f 830 825 828
f 830 828 829
f 826 831 825
f 826 832 831
f 827 833 832
f 827 832 826
f 827 834 833
f 828 834 827
f 825 831 834
f 825 834 828
f 833 831 832
f 833 834 831
f 835 838 837
f 835 837 836
f 836 840 839
f 836 839 835
f 837 841 840
f 837 840 836
f 838 842 841
f 838 841 837
f 835 839 842
f 835 842 838
f 839 841 842
f 839 840 841
f 843 844 846
f 843 846 845
f 843 848 847
f 843 847 844
f 845 849 848
f 845 848 843
f 846 850 849
f 846 849 845
f 844 847 850
f 844 850 846
f 844 845 843
f 848 847 844
f 848 844 843
f 847 848 850
f 848 849 850
f 851 854 853
f 851 853 852
f 852 856 855
f 852 855 851
f 853 856 852
f 853 857 856
f 854 858 857
f 854 857 853
f 854 855 858
f 851 855 854
f 858 855 857
f 857 855 856
f 859 864 863
f 859 863 862
f 859 862 861
f 859 861 860
f 862 866 865
f 862 865 859
f 863 866 862
f 864 867 866
f 864 866 863
f 864 865 867
f 859 865 864
f 867 865 866
f 868 873 872
f 868 872 871
f 868 871 870
f 868 870 869
f 873 868 871
f 873 871 872
f 869 874 868
f 870 875 874
f 870 874 869
f 871 875 870
f 868 874 875
f 868 875 871
f 876 879 878
f 876 878 877
f 877 880 876
f 877 881 880
f 878 882 881
f 878 881 877
f 878 883 882
f 879 883 878
f 876 880 883
f 876 883 879
f 882 880 881
f 882 883 880
f 884 887 886
f 884 886 885
f 885 889 888
f 885 888 884
f 886 890 889
f 886 889 885
f 887 891 890
f 887 890 886
f 884 888 891
f 884 891 887
f 888 890 891
f 889 888 884
f 889 884 885
f 888 889 890
f 885 884 887
f 892 895 894
f 892 894 893
f 892 896 899
f 892 899 895
f 893 897 896
f 893 896 892
f 894 898 897
f 894 897 893
f 895 899 898
f 895 898 894
f 892 893 895
f 896 899 895
f 896 895 892
f 896 898 899
f 896 897 898
f 900 904 903
f 900 903 902
f 902 906 905
f 902 905 900
f 903 906 902
f 903 907 906
f 904 908 907
f 904 907 903
f 904 905 908
f 900 905 904
f 907 905 906
f 908 905 907
f 909 914 913
f 909 913 912
f 909 912 911
f 909 911 910
f 911 912 910
f 912 909 910
f 912 916 915
f 912 915 909
f 913 914 912
f 914 915 916
f 914 916 912
f 909 915 914
f 917 922 921
f 917 921 920
f 917 920 919
f 917 919 918
f 922 917 920
f 922 920 921
f 918 923 917
f 918 924 923
f 919 925 924
f 919 924 918
f 919 926 925
f 920 926 919
f 917 923 926
f 917 926 920
f 925 923 924
f 926 923 925
f 927 932 931
f 927 931 930
f 927 930 929
f 927 929 928
f 930 934 933
f 930 933 927
f 932 927 930
f 932 930 931
f 927 933 934
f 927 934 930
f 935 940 939
f 935 939 938
f 935 938 937
f 935 937 936
f 940 938 939
f 940 935 938
f 936 941 935
f 936 942 941
f 937 943 942
f 937 942 936
f 937 944 943
f 938 944 937
f 935 941 944
f 935 944 938
f 943 941 942
f 943 944 941
f 941 944 938
f 941 938 935
f 945 946 948
f 945 948 947
f 945 950 949
f 945 949 946
f 947 951 950
f 947 950 945
f 948 952 951
f 948 951 947
f 946 949 952
f 946 952 948
f 946 947 945
f 953 956 955
f 953 955 954
f 954 958 957
f 954 957 953
f 955 958 954
f 955 959 958
f 956 960 959
f 956 959 955
f 956 957 960
f 953 957 956
f 960 957 959
f 959 957 958
f 958 957 953
f 958 953 954
f 961 966 965
f 961 965 964
f 961 964 963
f 961 963 962
f 964 968 967
f 964 967 961
f 965 968 964
f 965 969 968
f 966 970 969
f 966 969 965
f 966 967 970
f 961 967 966
f 969 967 968
f 970 967 969
f 968 967 961
f 968 961 964
f 971 974 973
f 971 973 972
f 972 976 975
f 972 975 971
f 973 977 976
f 973 976 972
f 974 978 977
f 974 977 973
f 971 975 978
f 971 978 974
f 971 972 974
f 978 975 977
f 975 978 974
f 975 974 971
f 976 975 971
f 976 971 972
f 975 976 977
f 979 982 981
f 979 981 980
f 979 983 986
f 979 986 982
f 980 984 983
f 980 983 979
f 981 985 984
f 981 984 980
f 982 986 985
f 982 985 981
f 979 980 982
f 983 986 982
f 983 982 979
f 986 983 985
f 983 984 985
f 984 983 979
f 984 979 980
f 987 992 991
f 987 991 990
f 987 990 989
f 987 989 988
f 989 990 988
f 990 987 988
f 990 994 993
f 990 993 987
f 991 994 990
f 992 993 994
f 992 994 991
f 987 993 992
f 994 993 987
f 994 987 990
f 995 1000 999
f 995 999 998
f 995 998 997
f 995 997 996
f 1000 998 999
f 1000 995 998
f 996 1001 995
f 996 1002 1001
f 997 1003 1002
f 997 1002 996
f 997 1004 1003
f 998 1004 997
f 995 1001 1004
f 995 1004 998
f 1003 1001 1002
f 1003 1004 1001
f 1001 1004 998
f 1001 998 995
f 1005 1010 1009
f 1005 1009 1008
f 1005 1008 1007
f 1005 1007 1006
f 1008 1011 1005
f 1008 1012 1011
f 1010 1005 1008
f 1010 1008 1009
f 1012 1011 1005
f 1012 1005 1008
f 1013 1018 1017
f 1013 1017 1016
f 1013 1016 1015
f 1013 1015 1014
f 1018 1016 1017
f 1018 1013 1016
f 1014 1019 1013
f 1014 1020 1019
f 1015 1020 1014
f 1015 1021 1020
f 1015 1022 1021
f 1016 1022 1015
f 1016 1019 1022
f 1013 1019 1016
f 1022 1019 1020
f 1021 1022 1020
f 1022 1019 1013
f 1022 1013 1016
f 1023 1026 1025
f 1023 1025 1024
f 1024 1028 1027
f 1024 1027 1023
f 1025 1028 1024
f 1025 1029 1028
f 1026 1030 1029
f 1026 1029 1025
f 1026 1027 1030
f 1023 1027 1026
f 1030 1027 1023
f 1030 1023 1026
f 1023 1024 1026
f 1030 1027 1029
f 1027 1028 1029
f 1031 1032 1034
f 1031 1034 1033
f 1031 1036 1035
f 1031 1035 1032
f 1033 1036 1031
f 1033 1037 1036
f 1034 1038 1037
f 1034 1037 1033
f 1034 1035 1038
f 1032 1035 1034
f 1032 1033 1031
f 1038 1035 1032
f 1038 1032 1034
f 1039 1042 1041
f 1039 1041 1040
f 1040 1043 1039
f 1040 1044 1043
f 1041 1044 1040
f 1041 1045 1044
f 1041 1046 1045
f 1042 1046 1041
f 1042 1043 1046
f 1039 1043 1042
f 1046 1043 1044
f 1046 1044 1045
f 1044 1043 1039
f 1044 1039 1040
f 1040 1039 1042
f 1047 1052 1051
f 1047 1051 1050
f 1047 1050 1049
f 1047 1049 1048
f 1050 1053 1047
f 1050 1054 1053
f 1051 1054 1050
f 1051 1055 1054
f 1051 1056 1055
f 1052 1056 1051
f 1052 1053 1056
f 1047 1053 1052
f 1056 1053 1054
f 1056 1054 1055
f 1054 1053 1047
f 1054 1047 1050
f 1057 1062 1061
f 1057 1061 1060
f 1057 1060 1059
f 1057 1059 1058
f 1062 1057 1060
f 1062 1060 1061
f 1058 1063 1057
f 1059 1063 1058
f 1059 1064 1063
f 1060 1064 1059
f 1060 1063 1064
f 1057 1063 1060
f 1064 1063 1057
f 1064 1057 1060
f 1065 1068 1067
f 1065 1067 1066
f 1066 1069 1065
f 1066 1070 1069
f 1067 1070 1066
f 1067 1071 1070
f 1067 1072 1071
f 1068 1072 1067
f 1068 1069 1072
f 1065 1069 1068
f 1071 1072 1070
f 1072 1069 1065
f 1072 1065 1068
f 1072 1069 1070
f 1073 1076 1075
f 1073 1075 1074
f 1074 1078 1077
f 1074 1077 1073
f 1075 1078 1074
f 1075 1079 1078
f 1076 1080 1079
f 1076 1079 1075
f 1076 1077 1080
f 1073 1077 1076
f 1080 1077 1073
f 1080 1073 1076
f 1073 1074 1076
f 1081 1084 1083
f 1081 1083 1082
f 1081 1085 1088
f 1081 1088 1084
f 1082 1085 1081
f 1082 1086 1085
f 1083 1087 1086
f 1083 1086 1082
f 1083 1088 1087
f 1084 1088 1083
f 1081 1082 1084
f 1086 1088 1084
f 1086 1084 1082
f 1088 1086 1087
f 1089 1093 1092
f 1089 1092 1091
f 1091 1094 1089
f 1091 1095 1094
f 1092 1095 1091
f 1092 1096 1095
f 1092 1097 1096
f 1093 1097 1092
f 1093 1094 1097
f 1089 1094 1093
f 1096 1094 1095
f 1097 1094 1096
f 1095 1094 1089
f 1095 1089 1091
f 1098 1103 1102
f 1098 1102 1101
f 1098 1101 1100
f 1098 1100 1099
f 1101 1104 1098
f 1101 1105 1104
f 1102 1105 1101
f 1102 1104 1105
f 1103 1104 1102
f 1098 1104 1103
f 1105 1104 1098
f 1105 1098 1101
f 1106 1111 1110
f 1106 1110 1109
f 1106 1109 1108
f 1106 1108 1107
f 1111 1109 1110
f 1111 1106 1109
f 1107 1112 1106
f 1107 1113 1112
f 1108 1113 1107
f 1108 1114 1113
f 1108 1115 1114
f 1109 1115 1108
f 1109 1112 1115
f 1106 1112 1109
f 1114 1115 1112
f 1114 1112 1113
f 1115 1112 1106
f 1115 1106 1109
f 1116 1121 1120
f 1116 1120 1119
f 1116 1119 1118
f 1116 1118 1117
f 1119 1123 1122
f 1119 1122 1116
f 1116 1122 1123
f 1116 1123 1119
f 1124 1129 1128
f 1124 1128 1127
f 1124 1127 1126
f 1124 1126 1125
f 1129 1124 1127
f 1129 1127 1128
f 1125 1130 1124
f 1125 1131 1130
f 1126 1132 1131
f 1126 1131 1125
f 1126 1133 1132
f 1127 1133 1126
f 1124 1130 1133
f 1124 1133 1127
f 1132 1133 1130
f 1132 1130 1131
f 1130 1133 1127
f 1130 1127 1124
f 1134 1137 1136
f 1134 1136 1135
f 1135 1139 1138
f 1135 1138 1134
f 1136 1140 1139
f 1136 1139 1135
f 1137 1141 1140
f 1137 1140 1136
f 1134 1138 1141
f 1134 1141 1137
f 1134 1135 1137
f 1141 1138 1140
f 1138 1141 1137
f 1138 1137 1134
f 1138 1139 1140
f 1142 1143 1145
f 1142 1145 1144
f 1142 1147 1146
f 1142 1146 1143
f 1144 1148 1147
f 1144 1147 1142
f 1145 1149 1148
f 1145 1148 1144
f 1143 1146 1149
f 1143 1149 1145
f 1143 1144 1142
f 1150 1153 1152
f 1150 1152 1151
f 1151 1155 1154
f 1151 1154 1150
f 1152 1155 1151
f 1152 1156 1155
f 1153 1157 1156
f 1153 1156 1152
f 1153 1154 1157
f 1150 1154 1153
f 1154 1155 1157
f 1156 1157 1155
f 1155 1154 1150
f 1155 1150 1151
f 1151 1150 1153
f 1158 1163 1162
f 1158 1162 1161
f 1158 1161 1160
f 1158 1160 1159
f 1161 1165 1164
f 1161 1164 1158
f 1162 1165 1161
f 1162 1166 1165
f 1163 1167 1166
f 1163 1166 1162
f 1163 1164 1167
f 1158 1164 1163
f 1167 1164 1165
f 1167 1165 1166
f 1165 1164 1158
f 1165 1158 1161
f 1168 1173 1172
f 1168 1172 1171
f 1168 1171 1170
f 1168 1170 1169
f 1173 1168 1171
f 1173 1171 1172
f 1169 1174 1168
f 1170 1175 1174
f 1170 1174 1169
f 1171 1175 1170
f 1168 1174 1175
f 1168 1175 1171
f 1174 1175 1171
f 1174 1171 1168
f 1176 1179 1178
f 1176 1178 1177
f 1177 1180 1176
f 1177 1181 1180
f 1178 1182 1181
f 1178 1181 1177
f 1178 1183 1182
f 1179 1183 1178
f 1176 1180 1183
f 1176 1183 1179
f 1176 1177 1179
f 1180 1183 1179
f 1180 1179 1176
f 1182 1183 1180
f 1182 1180 1181
f 1184 1187 1186
f 1184 1186 1185
f 1185 1189 1188
f 1185 1188 1184
f 1186 1190 1189
f 1186 1189 1185
f 1187 1191 1190
f 1187 1190 1186
f 1184 1188 1191
f 1184 1191 1187
f 1184 1185 1187
f 1192 1195 1194
f 1192 1194 1193
f 1192 1196 1199
f 1192 1199 1195
f 1193 1197 1196
f 1193 1196 1192
f 1194 1198 1197
f 1194 1197 1193
f 1195 1199 1198
f 1195 1198 1194
f 1192 1193 1195
f 1200 1204 1203
f 1200 1203 1202
f 1200 1202 1201
f 1202 1206 1205
f 1202 1205 1200
f 1203 1206 1202
f 1203 1207 1206
f 1204 1208 1207
f 1204 1207 1203
f 1204 1205 1208
f 1200 1205 1204
f 1208 1205 1206
f 1208 1206 1207
f 1206 1205 1200
f 1206 1200 1202
f 1202 1200 1204
f 1209 1214 1213
f 1209 1213 1212
f 1209 1212 1211
f 1209 1211 1210
f 1212 1216 1215
f 1212 1215 1209
f 1213 1216 1212
f 1214 1215 1216
f 1214 1216 1213
f 1209 1215 1214
f 1216 1215 1209
f 1216 1209 1212
f 1217 1222 1221
f 1217 1221 1220
f 1217 1220 1219
f 1217 1219 1218
f 1222 1217 1220
f 1222 1220 1221
f 1218 1223 1217
f 1218 1224 1223
f 1219 1225 1224
f 1219 1224 1218
f 1219 1226 1225
f 1220 1226 1219
f 1217 1223 1226
f 1217 1226 1220
f 1225 1226 1223
f 1225 1223 1224
f 1223 1226 1220
f 1223 1220 1217
f 1227 1232 1231
f 1227 1231 1230
f 1227 1230 1229
f 1227 1229 1228
f 1230 1234 1233
f 1230 1233 1227
f 1232 1227 1230
f 1232 1230 1231
f 1227 1233 1234
f 1227 1234 1230
f 1235 1240 1239
f 1235 1239 1238
f 1235 1238 1237
f 1235 1237 1236
f 1240 1235 1238
f 1240 1238 1239
f 1236 1241 1235
f 1236 1242 1241
f 1237 1243 1242
f 1237 1242 1236
f 1237 1244 1243
f 1238 1244 1237
f 1235 1241 1244
f 1235 1244 1238
f 1243 1244 1241
f 1243 1241 1242
f 1235 1236 1238
f 1241 1244 1238
f 1241 1238 1235
f 1245 1248 1247
f 1245 1247 1246
f 1246 1250 1249
f 1246 1249 1245
f 1247 1251 1250
f 1247 1250 1246
f 1248 1252 1251
f 1248 1251 1247
f 1245 1249 1252
f 1245 1252 1248
f 1245 1246 1248
f 1249 1252 1248
f 1249 1248 1245
f 1252 1249 1251
f 1249 1250 1251
f 1253 1254 1256
f 1253 1256 1255
f 1253 1258 1257
f 1253 1257 1254
f 1255 1259 1258
f 1255 1258 1253
f 1256 1260 1259
f 1256 1259 1255
f 1254 1257 1260
f 1254 1260 1256
f 1254 1255 1253
f 1261 1264 1263
f 1261 1263 1262
f 1262 1266 1265
f 1262 1265 1261
f 1263 1266 1262
f 1263 1267 1266
f 1264 1268 1267
f 1264 1267 1263
f 1264 1265 1268
f 1261 1265 1264
f 1265 1267 1268
f 1266 1265 1261
f 1266 1261 1262
f 1265 1266 1267
f 1262 1261 1264
f 1269 1274 1273
f 1269 1273 1272
f 1269 1272 1271
f 1269 1271 1270
f 1272 1276 1275
f 1272 1275 1269
f 1273 1276 1272
f 1273 1277 1276
f 1274 1278 1277
f 1274 1277 1273
f 1274 1275 1278
f 1269 1275 1274
f 1278 1275 1276
f 1278 1276 1277
f 1276 1275 1269
f 1276 1269 1272
f 1279 1284 1283
f 1279 1283 1282
f 1279 1282 1281
f 1279 1281 1280
f 1284 1279 1282
f 1284 1282 1283
f 1280 1285 1279
f 1281 1286 1285
f 1281 1285 1280
f 1282 1286 1281
f 1279 1285 1286
f 1279 1286 1282
f 1285 1286 1282
f 1285 1282 1279
f 1287 1290 1289
f 1287 1289 1288
f 1288 1291 1287
f 1288 1292 1291
f 1289 1293 1292
f 1289 1292 1288
f 1289 1294 1293
f 1290 1294 1289
f 1287 1291 1294
f 1287 1294 1290
f 1287 1288 1290
f 1291 1294 1290
f 1291 1290 1287
f 1293 1294 1291
f 1293 1291 1292
f 1295 1298 1297
f 1295 1297 1296
f 1296 1300 1299
f 1296 1299 1295
f 1297 1301 1300
f 1297 1300 1296
f 1298 1302 1301
f 1298 1301 1297
f 1295 1299 1302
f 1295 1302 1298
f 1295 1296 1298
f 1303 1306 1305
f 1303 1305 1304
f 1303 1307 1310
f 1303 1310 1306
f 1304 1308 1307
f 1304 1307 1303
f 1305 1309 1308
f 1305 1308 1304
f 1306 1310 1309
f 1306 1309 1305
f 1303 1304 1306
f 1311 1315 1314
f 1311 1314 1313
f 1311 1313 1312
f 1313 1317 1316
f 1313 1316 1311
f 1314 1317 1313
f 1314 1318 1317
f 1315 1319 1318
f 1315 1318 1314
f 1315 1316 1319
f 1311 1316 1315
f 1319 1316 1317
f 1319 1317 1318
f 1317 1316 1311
f 1317 1311 1313
f 1313 1311 1315
f 1320 1325 1324
f 1320 1324 1323
f 1320 1323 1322
f 1320 1322 1321
f 1323 1327 1326
f 1323 1326 1320
f 1324 1327 1323
f 1325 1326 1327
f 1325 1327 1324
f 1320 1326 1325
f 1327 1326 1320
f 1327 1320 1323
f 1328 1333 1332
f 1328 1332 1331
f 1328 1331 1330
f 1328 1330 1329
f 1333 1328 1331
f 1333 1331 1332
f 1329 1334 1328
f 1329 1335 1334
f 1330 1336 1335
f 1330 1335 1329
f 1330 1337 1336
f 1331 1337 1330
f 1328 1334 1337
f 1328 1337 1331
f 1336 1337 1334
f 1336 1334 1335
f 1334 1337 1331
f 1334 1331 1328
f 1338 1343 1342
f 1338 1342 1341
f 1338 1341 1340
f 1338 1340 1339
f 1341 1345 1344
f 1341 1344 1338
f 1343 1338 1341
f 1343 1341 1342
f 1338 1344 1345
f 1338 1345 1341
f 1346 1351 1350
f 1346 1350 1349
f 1346 1349 1348
f 1346 1348 1347
f 1351 1346 1349
f 1351 1349 1350
f 1347 1352 1346
f 1347 1353 1352
f 1348 1354 1353
f 1348 1353 1347
f 1348 1355 1354
f 1349 1355 1348
f 1346 1352 1355
f 1346 1355 1349
f 1354 1355 1352
f 1354 1352 1353
f 1352 1355 1349
f 1352 1349 1346
f 1356 1359 1358
f 1356 1358 1357
f 1357 1361 1360
f 1357 1360 1356
f 1358 1362 1361
f 1358 1361 1357
f 1359 1363 1362
f 1359 1362 1358
f 1356 1360 1363
f 1356 1363 1359
f 1359 1356 1357
f 1359 1357 1358
f 1360 1363 1359
f 1360 1359 1356
f 1363 1360 1361
f 1363 1361 1362
f 1364 1365 1367
f 1364 1367 1366
f 1364 1369 1368
f 1364 1368 1365
f 1366 1370 1369
f 1366 1369 1364
f 1367 1371 1370
f 1367 1370 1366
f 1365 1368 1371
f 1365 1371 1367
f 1366 1367 1365
f 1366 1365 1364
f 1372 1375 1374
f 1372 1374 1373
f 1373 1377 1376
f 1373 1376 1372
f 1374 1377 1373
f 1374 1378 1377
f 1375 1379 1378
f 1375 1378 1374
f 1375 1376 1379
f 1372 1376 1375
f 1373 1374 1375
f 1373 1375 1372
f 1377 1376 1372
f 1377 1372 1373
f 1376 1377 1378
f 1376 1378 1379
f 1380 1385 1384
f 1380 1384 1383
f 1380 1383 1382
f 1380 1382 1381
f 1383 1387 1386
f 1383 1386 1380
f 1384 1387 1383
f 1384 1388 1387
f 1385 1389 1388
f 1385 1388 1384
f 1385 1386 1389
f 1380 1386 1385
f 1389 1386 1387
f 1389 1387 1388
f 1387 1386 1380
f 1387 1380 1383
f 1390 1393 1392
f 1390 1392 1391
f 1391 1394 1390
f 1391 1395 1394
f 1392 1396 1395
f 1392 1395 1391
f 1392 1397 1396
f 1393 1397 1392
f 1390 1394 1397
f 1390 1397 1393
f 1393 1390 1391
f 1393 1391 1392
f 1396 1397 1395
f 1394 1397 1393
f 1394 1393 1390
f 1395 1397 1394
f 1398 1401 1400
f 1398 1400 1399
f 1399 1403 1402
f 1399 1402 1398
f 1400 1404 1403
f 1400 1403 1399
f 1401 1405 1404
f 1401 1404 1400
f 1398 1402 1405
f 1398 1405 1401
f 1401 1398 1399
f 1401 1399 1400
f 1406 1409 1408
f 1406 1408 1407
f 1406 1410 1413
f 1406 1413 1409
f 1407 1411 1410
f 1407 1410 1406
f 1408 1412 1411
f 1408 1411 1407
f 1409 1413 1412
f 1409 1412 1408
f 1407 1408 1409
f 1407 1409 1406
f 1414 1418 1417
f 1414 1417 1415
f 1414 1415 1416
f 1415 1420 1419
f 1415 1419 1414
f 1417 1420 1415
f 1417 1421 1420
f 1418 1422 1421
f 1418 1421 1417
f 1418 1419 1422
f 1414 1419 1418
f 1422 1419 1420
f 1422 1420 1421
f 1415 1417 1418
f 1415 1418 1414
f 1420 1419 1414
f 1420 1414 1415
f 1423 1428 1427
f 1423 1427 1426
f 1423 1426 1425
f 1423 1425 1424
f 1426 1430 1429
f 1426 1429 1423
f 1427 1430 1426
f 1428 1429 1430
f 1428 1430 1427
f 1423 1429 1428
f 1430 1429 1423
f 1430 1423 1426
f 1431 1436 1435
f 1431 1435 1434
f 1431 1434 1433
f 1431 1433 1432
f 1436 1431 1434
f 1436 1434 1435
f 1432 1437 1431
f 1432 1438 1437
f 1433 1439 1438
f 1433 1438 1432
f 1433 1440 1439
f 1434 1440 1433
f 1431 1437 1440
f 1431 1440 1434
f 1439 1440 1437
f 1439 1437 1438
f 1437 1440 1434
f 1437 1434 1431
f 1441 1446 1445
f 1441 1445 1444
f 1441 1444 1443
f 1441 1443 1442
f 1444 1448 1447
f 1444 1447 1441
f 1446 1441 1444
f 1446 1444 1445
f 1441 1447 1448
f 1441 1448 1444
f 1449 1454 1453
f 1449 1453 1452
f 1449 1452 1451
f 1449 1451 1450
f 1454 1449 1452
f 1454 1452 1453
f 1450 1455 1449
f 1450 1456 1455
f 1451 1457 1456
f 1451 1456 1450
f 1451 1458 1457
f 1452 1458 1451
f 1449 1455 1458
f 1449 1458 1452
f 1456 1458 1455
f 1457 1458 1456
f 1455 1458 1452
f 1455 1452 1449
f 1459 1462 1461
f 1459 1461 1460
f 1460 1464 1463
f 1460 1463 1459
f 1461 1465 1464
f 1461 1464 1460
f 1462 1466 1465
f 1462 1465 1461
f 1459 1463 1466
f 1459 1466 1462
f 1462 1459 1460
f 1462 1460 1461
f 1466 1464 1465
f 1466 1463 1464
f 1463 1466 1462
f 1463 1462 1459
f 1467 1468 1470
f 1467 1470 1469
f 1467 1472 1471
f 1467 1471 1468
f 1469 1473 1472
f 1469 1472 1467
f 1470 1474 1473
f 1470 1473 1469
f 1468 1471 1474
f 1468 1474 1470
f 1469 1470 1468
f 1469 1468 1467
f 1475 1478 1477
f 1475 1477 1476
f 1476 1480 1479
f 1476 1479 1475
f 1477 1480 1476
f 1477 1481 1480
f 1478 1482 1481
f 1478 1481 1477
f 1478 1479 1482
f 1475 1479 1478
f 1476 1477 1478
f 1476 1478 1475
f 1480 1479 1475
f 1480 1475 1476
f 1480 1481 1479
f 1482 1479 1481
f 1483 1488 1487
f 1483 1487 1486
f 1483 1486 1485
f 1483 1485 1484
f 1486 1490 1489
f 1486 1489 1483
f 1487 1490 1486
f 1487 1491 1490
f 1488 1492 1491
f 1488 1491 1487
f 1488 1489 1492
f 1483 1489 1488
f 1492 1489 1490
f 1492 1490 1491
f 1490 1489 1483
f 1490 1483 1486
f 1493 1498 1497
f 1493 1497 1496
f 1493 1496 1495
f 1493 1495 1494
f 1498 1496 1497
f 1498 1493 1496
f 1494 1499 1493
f 1495 1500 1499
f 1495 1499 1494
f 1496 1500 1495
f 1493 1499 1500
f 1493 1500 1496
f 1499 1500 1496
f 1499 1496 1493
f 1501 1504 1503
f 1501 1503 1502
f 1502 1505 1501
f 1502 1506 1505
f 1503 1507 1506
f 1503 1506 1502
f 1503 1508 1507
f 1504 1508 1503
f 1501 1505 1508
f 1501 1508 1504
f 1504 1501 1502
f 1504 1502 1503
f 1507 1508 1505
f 1507 1505 1506
f 1505 1508 1504
f 1505 1504 1501
f 1509 1512 1511
f 1509 1511 1510
f 1510 1514 1513
f 1510 1513 1509
f 1511 1515 1514
f 1511 1514 1510
f 1512 1516 1515
f 1512 1515 1511
f 1509 1513 1516
f 1509 1516 1512
f 1512 1509 1510
f 1512 1510 1511
f 1517 1520 1519
f 1517 1519 1518
f 1517 1521 1524
f 1517 1524 1520
f 1518 1522 1521
f 1518 1521 1517
f 1519 1523 1522
f 1519 1522 1518
f 1520 1524 1523
f 1520 1523 1519
f 1518 1519 1520
f 1518 1520 1517
f 1525 1529 1528
f 1525 1528 1526
f 1525 1526 1527
f 1526 1531 1530
f 1526 1530 1525
f 1528 1531 1526
f 1528 1532 1531
f 1529 1533 1532
f 1529 1532 1528
f 1529 1530 1533
f 1525 1530 1529
f 1533 1531 1532
f 1533 1530 1531
f 1526 1528 1529
f 1526 1529 1525
f 1531 1530 1525
f 1531 1525 1526
f 1534 1539 1538
f 1534 1538 1537
f 1534 1537 1536
f 1534 1536 1535
f 1537 1541 1540
f 1537 1540 1534
f 1538 1541 1537
f 1539 1540 1541
f 1539 1541 1538
f 1534 1540 1539
f 1541 1540 1534
f 1541 1534 1537
f 1542 1547 1546
f 1542 1546 1545
f 1542 1545 1544
f 1542 1544 1543
f 1547 1542 1545
f 1547 1545 1546
f 1543 1548 1542
f 1543 1549 1548
f 1544 1550 1549
f 1544 1549 1543
f 1544 1551 1550
f 1545 1551 1544
f 1542 1548 1551
f 1542 1551 1545
f 1550 1551 1548
f 1550 1548 1549
f 1548 1551 1545
f 1548 1545 1542
f 1552 1557 1556
f 1552 1556 1555
f 1552 1555 1554
f 1552 1554 1553
f 1552 1559 1558
f 1555 1559 1552
f 1557 1552 1555
f 1557 1555 1556
f 1558 1559 1555
f 1558 1555 1552
f 1560 1565 1564
f 1560 1564 1563
f 1560 1563 1562
f 1560 1562 1561
f 1561 1566 1560
f 1561 1567 1566
f 1561 1568 1567
f 1562 1568 1561
f 1562 1569 1568
f 1563 1569 1562
f 1560 1569 1563
f 1560 1566 1569
f 1568 1569 1566
f 1568 1566 1567
f 1566 1569 1563
f 1566 1563 1560
f 1570 1573 1572
f 1570 1572 1571
f 1571 1575 1574
f 1571 1574 1570
f 1571 1576 1575
f 1572 1576 1571
f 1573 1577 1576
f 1573 1576 1572
f 1570 1577 1573
f 1570 1574 1577
f 1573 1570 1571
f 1573 1571 1572
f 1577 1575 1576
f 1577 1574 1575
f 1574 1577 1573
f 1574 1573 1570
f 1578 1579 1581
f 1578 1581 1580
f 1578 1583 1582
f 1578 1582 1579
f 1578 1584 1583
f 1580 1584 1578
f 1581 1585 1584
f 1581 1584 1580
f 1579 1585 1581
f 1579 1582 1585
f 1580 1581 1579
f 1580 1579 1578
f 1583 1584 1580
f 1583 1580 1578
f 1586 1589 1588
f 1586 1588 1587
f 1586 1591 1590
f 1587 1591 1586
f 1588 1591 1587
f 1588 1592 1591
f 1589 1592 1588
f 1589 1593 1592
f 1589 1590 1593
f 1586 1590 1589
f 1587 1588 1589
f 1587 1589 1586
f 1593 1590 1591
f 1593 1591 1592
f 1590 1591 1587
f 1590 1587 1586
f 1594 1599 1598
f 1594 1598 1597
f 1594 1597 1596
f 1594 1596 1595
f 1594 1601 1600
f 1597 1601 1594
f 1598 1601 1597
f 1598 1602 1601
f 1599 1602 1598
f 1599 1603 1602
f 1599 1600 1603
f 1594 1600 1599
f 1603 1600 1601
f 1603 1601 1602
f 1600 1601 1597
f 1600 1597 1594
f 1604 1609 1608
f 1604 1608 1607
f 1604 1607 1606
f 1604 1606 1605
f 1609 1604 1607
f 1609 1607 1608
f 1605 1610 1604
f 1605 1611 1610
f 1606 1611 1605
f 1607 1611 1606
f 1604 1611 1607
f 1604 1610 1611
f 1610 1611 1607
f 1610 1607 1604
f 1612 1615 1614
f 1612 1614 1613
f 1613 1616 1612
f 1613 1617 1616
f 1613 1618 1617
f 1614 1618 1613
f 1614 1619 1618
f 1615 1619 1614
f 1612 1619 1615
f 1612 1616 1619
f 1617 1618 1616
f 1615 1612 1613
f 1615 1613 1614
f 1618 1619 1616
f 1616 1619 1615
f 1616 1615 1612
f 1620 1623 1622
f 1620 1622 1621
f 1621 1625 1624
f 1621 1624 1620
f 1621 1626 1625
f 1622 1626 1621
f 1623 1627 1626
f 1623 1626 1622
f 1620 1627 1623
f 1620 1624 1627
f 1623 1620 1621
f 1623 1621 1622
f 1625 1626 1622
f 1625 1622 1621
f 1628 1631 1630
f 1628 1630 1629
f 1628 1632 1635
f 1628 1635 1631
f 1628 1633 1632
f 1629 1633 1628
f 1630 1634 1633
f 1630 1633 1629
f 1631 1634 1630
f 1631 1635 1634
f 1629 1630 1631
f 1629 1631 1628
f 1632 1633 1635
f 1634 1633 1629
f 1634 1629 1630
f 1633 1634 1635
f 1632 1633 1629
f 1632 1629 1628
f 1636 1640 1639
f 1636 1639 1637
f 1636 1637 1638
f 1636 1642 1641
f 1637 1642 1636
f 1639 1642 1637
f 1639 1643 1642
f 1640 1643 1639
f 1640 1644 1643
f 1640 1641 1644
f 1636 1641 1640
f 1644 1642 1643
f 1644 1641 1642
f 1637 1639 1640
f 1637 1640 1636
f 1641 1642 1637
f 1641 1637 1636
f 1645 1650 1649
f 1645 1649 1648
f 1645 1648 1647
f 1645 1647 1646
f 1645 1652 1651
f 1648 1652 1645
f 1649 1652 1648
f 1650 1652 1649
f 1650 1651 1652
f 1645 1651 1650
f 1651 1652 1648
f 1651 1648 1645
f 1653 1658 1657
f 1653 1657 1656
f 1653 1656 1655
f 1653 1655 1654
f 1654 1659 1653
f 1654 1660 1659
f 1654 1661 1660
f 1655 1661 1654
f 1655 1662 1661
f 1656 1662 1655
f 1653 1662 1656
f 1653 1659 1662
f 1661 1662 1659
f 1661 1659 1660
f 1659 1662 1656
f 1659 1656 1653
f 1685 1693 1676
f 1685 1676 1663
f 1672 1669 1681
f 1672 1681 1692
f 1670 1673 1690
f 1670 1690 1679
f 1691 1675 1676
f 1691 1676 1693
f 1665 1671 1694
f 1665 1694 1686
f 1667 1668 1678
f 1667 1678 1675
f 1663 1664 1684
f 1663 1684 1685
f 1672 1673 1670
f 1672 1670 1669
f 1676 1677 1664
f 1676 1664 1663
f 1674 1666 1683
f 1674 1683 1688
f 1672 1692 1694
f 1672 1694 1671
f 1677 1676 1675
f 1677 1675 1678
f 1673 1672 1671
f 1673 1671 1674
f 1665 1666 1674
f 1665 1674 1671
f 1687 1677 1678
f 1687 1678 1689
f 1691 1682 1667
f 1691 1667 1675
f 1687 1684 1664
f 1687 1664 1677
f 1674 1688 1690
f 1674 1690 1673
f 1680 1689 1678
f 1680 1678 1668
f 1669 1670 1679
f 1669 1679 1681
f 1686 1683 1666
f 1686 1666 1665
f 1684 1687 1688
f 1684 1688 1683
f 1682 1691 1692
f 1682 1692 1681
f 1689 1690 1698
f 1689 1698 1697
f 1691 1693 1694
f 1691 1694 1692
f 1693 1685 1686
f 1693 1686 1694
f 1680 1682 1681
f 1680 1681 1679
f 1689 1680 1679
f 1689 1679 1690
f 1683 1686 1685
f 1683 1685 1684
f 1682 1680 1668
f 1682 1668 1667
f 1690 1688 1696
f 1690 1696 1698
f 1687 1689 1697
f 1687 1697 1695
f 1688 1687 1695
f 1688 1695 1696
f 1699 1700 1705
f 1699 1705 1704
f 1704 1705 1696
f 1704 1696 1703
f 1703 1696 1695
f 1695 1697 1706
f 1695 1706 1707
f 1695 1707 1703
f 1703 1707 1704
f 1704 1707 1701
f 1704 1701 1699
f 1697 1698 1708
f 1697 1708 1706
f 1706 1708 1707
f 1707 1708 1702
f 1707 1702 1701
f 1698 1696 1708
f 1708 1696 1705
f 1708 1705 1700
f 1708 1700 1702
f 1709 1711 1715
f 1709 1715 1713
f 1713 1715 1717
f 1713 1717 1712
f 1712 1717 1731
f 1712 1731 1718
f 1718 1731 1732
f 1718 1732 1719
f 1719 1732 1720
f 1719 1720 1716
f 1716 1720 1722
f 1716 1722 1721
f 1721 1722 1723
f 1721 1723 1724
f 1724 1723 1725
f 1724 1725 1714
f 1714 1725 1727
f 1714 1727 1726
f 1726 1727 1729
f 1726 1729 1728
f 1728 1729 1733
f 1728 1733 1730
f 1730 1733 1711
f 1730 1711 1709
f 1709 1713 1712
f 1709 1712 1718
f 1709 1718 1719
f 1709 1719 1716
f 1709 1716 1721
f 1709 1721 1724
f 1709 1724 1714
f 1709 1714 1726
f 1709 1726 1728
f 1709 1728 1730
f 1717 1720 1732
f 1717 1732 1731
f 1729 1711 1733
f 1717 1715 1711
f 1717 1711 1729
f 1717 1729 1734
f 1729 1727 1725
f 1729 1725 1723
f 1729 1723 1722
f 1729 1722 1720
f 1729 1720 1725
f 1729 1725 1734
f 1712 1710 1714
f 1712 1714 1716
f 1734 1710 1712
f 1734 1712 1717
f 1725 1714 1710
f 1725 1710 1734
f 1716 1714 1725
f 1716 1725 1720
f 1712 1716 1720
f 1712 1720 1717
f 1720 1717 1725
f 1717 1712 1714
f 1717 1714 1725
f 1735 1736 1742
f 1735 1742 1741
f 1741 1742 1744
f 1741 1744 1743
f 1743 1744 1746
f 1743 1746 1745
f 1745 1746 1747
f 1745 1747 1740
f 1740 1747 1748
f 1740 1748 1739
f 1739 1748 1753
f 1739 1753 1750
f 1750 1753 1749
f 1750 1749 1738
f 1738 1749 1752
f 1738 1752 1751
f 1751 1752 1736
f 1751 1736 1735
f 1735 1741 1743
f 1735 1743 1745
f 1735 1745 1740
f 1735 1740 1739
f 1735 1739 1750
f 1735 1750 1738
f 1735 1738 1751
f 1749 1753 1748
f 1742 1736 1752
f 1742 1752 1749
f 1742 1749 1736
f 1742 1736 1754
f 1742 1754 1744
f 1749 1748 1747
f 1749 1747 1746
f 1749 1746 1744
f 1749 1744 1754
f 1749 1754 1747
f 1737 1735 1738
f 1737 1738 1739
f 1737 1739 1740
f 1736 1735 1737
f 1736 1737 1754
f 1749 1738 1735
f 1749 1735 1736
f 1748 1739 1738
f 1748 1738 1749
f 1737 1740 1747
f 1737 1747 1754
f 1749 1754 1736
f 1749 1754 1737
f 1749 1737 1738
f 1754 1737 1738
f 1754 1738 1749
f 1755 1757 1762
f 1755 1762 1761
f 1761 1762 1764
f 1761 1764 1763
f 1763 1764 1766
f 1763 1766 1765
f 1765 1766 1767
f 1765 1767 1760
f 1760 1767 1775
f 1760 1775 1768
f 1768 1775 1769
f 1768 1769 1759
f 1759 1769 1776
f 1759 1776 1770
f 1770 1776 1777
f 1770 1777 1771
f 1771 1777 1772
f 1771 1772 1758
f 1758 1772 1774
f 1758 1774 1773
f 1773 1774 1757
f 1773 1757 1755
f 1755 1761 1763
f 1755 1763 1765
f 1755 1765 1760
f 1755 1760 1768
f 1755 1768 1759
f 1755 1759 1770
f 1755 1770 1771
f 1755 1771 1758
f 1755 1758 1773
f 1767 1769 1775
f 1769 1772 1777
f 1769 1777 1776
f 1764 1762 1757
f 1764 1757 1774
f 1764 1774 1772
f 1764 1772 1778
f 1772 1769 1767
f 1772 1767 1766
f 1772 1766 1764
f 1772 1778 1767
f 1756 1758 1759
f 1756 1759 1760
f 1772 1758 1756
f 1772 1756 1778
f 1769 1759 1758
f 1769 1758 1772
f 1760 1759 1769
f 1760 1769 1767
f 1756 1760 1767
f 1756 1767 1778
f 1778 1756 1760
f 1778 1760 1767
f 1767 1760 1759
f 1767 1759 1769
f 1779 1780 1782
f 1779 1782 1781
f 1781 1782 1784
f 1781 1784 1783
f 1789 1790 1792
f 1789 1792 1791
f 1797 1798 1800
f 1797 1800 1799
f 1799 1800 1802
f 1799 1802 1801
f 1801 1802 1804
f 1801 1804 1803
f 1803 1804 1806
f 1803 1806 1805
f 1809 1810 1780
f 1809 1780 1779
f 1779 1781 1783
f 1779 1783 1785
f 1779 1785 1787
f 1779 1787 1789
f 1779 1789 1791
f 1779 1791 1793
f 1779 1793 1795
f 1779 1795 1797
f 1779 1797 1799
f 1779 1799 1801
f 1779 1801 1803
f 1779 1803 1805
f 1779 1805 1807
f 1779 1807 1809
f 1783 1784 1786
f 1783 1786 1785
f 1785 1786 1788
f 1785 1788 1787
f 1787 1788 1790
f 1787 1790 1789
f 1793 1794 1796
f 1793 1796 1795
f 1795 1796 1798
f 1795 1798 1797
f 1805 1806 1808
f 1805 1808 1807
f 1799 1800 1798
f 1799 1798 1797
f 1807 1808 1810
f 1807 1810 1809
f 1783 1784 1782
f 1783 1782 1781
f 1791 1792 1794
f 1791 1794 1793
f 1804 1802 1812
f 1802 1800 1812
f 1800 1798 1796
f 1806 1804 1808
f 1804 1812 1808
f 1800 1796 1815
f 1812 1800 1813
f 1800 1815 1813
f 1796 1794 1815
f 1808 1812 1813
f 1815 1794 1792
f 1808 1813 1811
f 1810 1808 1811
f 1813 1815 1814
f 1815 1792 1814
f 1810 1811 1780
f 1811 1813 1814
f 1811 1814 1784
f 1780 1811 1784
f 1792 1790 1814
f 1780 1784 1782
f 1814 1790 1788
f 1784 1814 1788
f 1784 1788 1786
f 1816 1818 1840
f 1816 1840 1845
f 1816 1845 1844
f 1816 1844 1843
f 1816 1843 1842
f 1816 1842 1835
f 1816 1835 1836
f 1816 1836 1826
f 1816 1826 1824
f 1816 1824 1822
f 1816 1822 1821
f 1818 1816 1817
f 1818 1817 1819
f 1816 1821 1820
f 1816 1820 1817
f 1821 1822 1823
f 1821 1823 1820
f 1822 1821 1820
f 1822 1820 1823
f 1822 1824 1825
f 1822 1825 1823
f 1824 1826 1827
f 1824 1827 1825
f 1828 1823 1825
f 1817 1823 1828
f 1817 1820 1823
f 1819 1817 1828
f 1819 1828 1829
f 1830 1828 1825
f 1830 1825 1827
f 1826 1836 1831
f 1826 1831 1827
f 1830 1827 1831
f 1832 1829 1830
f 1829 1828 1830
f 1839 1819 1829
f 1832 1830 1833
f 1833 1830 1831
f 1836 1835 1834
f 1836 1834 1831
f 1835 1842 1837
f 1835 1837 1834
f 1833 1831 1834
f 1833 1834 1837
f 1839 1829 1832
f 1839 1832 1838
f 1838 1832 1841
f 1841 1832 1833
f 1842 1843 1833
f 1842 1833 1837
f 1843 1842 1837
f 1843 1837 1833
f 1843 1844 1841
f 1843 1841 1833
f 1844 1845 1838
f 1844 1838 1841
f 1845 1840 1839
f 1845 1839 1838
f 1840 1847 1846
f 1840 1846 1839
f 1839 1846 1819
f 1847 1818 1819
f 1847 1819 1846
f 1818 1847 1840
f 1848 1868 1873
f 1848 1873 1881
f 1848 1881 1880
f 1848 1880 1879
f 1848 1879 1878
f 1848 1878 1872
f 1848 1872 1865
f 1848 1865 1864
f 1848 1864 1860
f 1848 1860 1858
f 1848 1858 1856
f 1848 1856 1853
f 1849 1851 1850
f 1849 1850 1848
f 1848 1850 1851
f 1848 1851 1849
f 1848 1853 1852
f 1848 1852 1849
f 1852 1855 1854
f 1853 1856 1855
f 1853 1855 1852
f 1854 1855 1857
f 1856 1858 1857
f 1856 1857 1855
f 1858 1860 1859
f 1858 1859 1857
f 1861 1857 1859
f 1854 1857 1861
f 1849 1852 1862
f 1862 1852 1854
f 1860 1864 1861
f 1860 1861 1859
f 1864 1865 1863
f 1864 1863 1861
f 1866 1862 1861
f 1862 1854 1861
f 1868 1848 1849
f 1868 1849 1867
f 1867 1849 1869
f 1869 1849 1862
f 1869 1862 1866
f 1869 1866 1870
f 1866 1861 1871
f 1871 1861 1863
f 1865 1872 1871
f 1865 1871 1863
f 1873 1868 1867
f 1873 1867 1874
f 1881 1873 1874
f 1881 1874 1875
f 1874 1867 1875
f 1875 1867 1869
f 1875 1869 1876
f 1876 1869 1870
f 1877 1870 1871
f 1870 1866 1871
f 1872 1878 1877
f 1872 1877 1871
f 1878 1879 1870
f 1878 1870 1877
f 1879 1880 1876
f 1879 1876 1870
f 1880 1881 1875
f 1880 1875 1876
f 1882 1891 1893
f 1882 1893 1895
f 1882 1895 1899
f 1882 1899 1903
f 1882 1903 1909
f 1882 1909 1911
f 1882 1911 1912
f 1882 1912 1913
f 1882 1913 1908
f 1882 1908 1884
f 1883 1882 1885
f 1883 1885 1886
f 1882 1884 1887
f 1882 1887 1885
f 1887 1888 1886
f 1887 1886 1885
f 1884 1889 1888
f 1884 1888 1887
f 1889 1883 1886
f 1889 1886 1888
f 1882 1883 1886
f 1882 1886 1885
f 1882 1883 1890
f 1882 1890 1891
f 1891 1890 1892
f 1891 1892 1893
f 1893 1892 1894
f 1893 1894 1895
f 1883 1896 1892
f 1883 1892 1890
f 1897 1894 1896
f 1896 1894 1892
f 1895 1894 1898
f 1895 1898 1899
f 1899 1898 1900
f 1899 1900 1903
f 1900 1898 1897
f 1897 1898 1894
f 1901 1896 1883
f 1889 1901 1883
f 1902 1897 1901
f 1901 1897 1896
f 1903 1900 1904
f 1903 1904 1909
f 1904 1900 1902
f 1902 1900 1897
f 1906 1905 1902
f 1906 1902 1901
f 1906 1901 1889
f 1907 1906 1889
f 1913 1906 1907
f 1913 1907 1908
f 1905 1904 1902
f 1909 1904 1910
f 1909 1910 1911
f 1905 1910 1904
f 1911 1910 1905
f 1911 1905 1912
f 1912 1905 1906
f 1912 1906 1913
f 1908 1907 1889
f 1908 1889 1884
f 1916 1915 1919
f 1914 1916 1917
f 1914 1917 1918
f 1914 1918 1919
f 1914 1919 1916
f 1918 1916 1919
f 1917 1916 1918
f 1920 1921 1923
f 1920 1923 1922
f 1922 1923 1924
f 1924 1923 1921
f 1924 1921 1925
f 1925 1921 1920
f 1920 1922 1924
f 1920 1924 1925
f 1921 1923 1922
f 1921 1922 1920
f 1926 1928 1929
f 1926 1929 1930
f 1926 1927 1928
f 1929 1928 1930
f 1928 1927 1930
f 1930 1927 1926
f 1931 1934 1935
f 1931 1935 1936
f 1931 1932 1934
f 1931 1932 1936
f 1937 1939 1940
f 1937 1940 1941
f 1937 1938 1939
f 1937 1938 1941
f 1942 1944 1946
f 1942 1946 1947
f 1942 1943 1944
f 1944 1943 1945
f 1944 1943 1946
f 1946 1943 1947
f 1947 1943 1942
f 1948 1950 1951
f 1948 1951 1953
f 1948 1949 1950
f 1950 1949 1951
f 1951 1949 1952
f 1951 1952 1953
f 1953 1952 1949
f 1953 1949 1948
f 1952 1949 1948
f 1952 1948 1953
f 1954 1956 1957
f 1954 1957 1958
f 1954 1955 1956
f 1954 1955 1958
f 1959 1960 1962
f 1964 1966 1967
f 1964 1967 1968
f 1964 1965 1966
f 1964 1965 1968
f 1969 1971 1973
f 1969 1973 1974
f 1969 1970 1971
f 1971 1970 1972
f 1971 1972 1973
f 1973 1972 1970
f 1973 1970 1974
f 1974 1970 1969
f 1972 1970 1969
f 1972 1969 1971
f 1975 1977 1978
f 1975 1978 1979
f 1975 1976 1977
f 1977 1976 1978
f 1978 1976 1979
f 1979 1976 1980
f 1979 1976 1975
f 1981 1983 1984
f 1981 1984 1985
f 1981 1982 1983
f 1981 1982 1985
f 1986 1988 1989
f 1986 1989 1990
f 1986 1987 1988
f 1986 1987 1990
f 1992 1994 1995
f 1992 1995 1996
f 1992 1993 1994
f 1995 1994 1996
f 1994 1993 1996
f 1996 1993 1992
f 1997 2000 2001
f 1997 2001 1998
f 1998 2002 1999
f 1998 1999 1997
f 1997 1999 2000
f 2000 1999 2002
f 2000 2002 2001
f 2001 2002 1998
f 2002 1999 1997
f 2002 1997 1998
f 2003 2005 2006
f 2003 2006 2007
f 2003 2004 2005
f 2006 2005 2007
f 2005 2004 2007
f 2007 2004 2003
f 2008 2011 2012
f 2008 2012 2013
f 2008 2009 2011
f 2014 2016 2017
f 2014 2017 2018
f 2014 2015 2016
f 2014 2015 2018
f 2019 2021 2023
f 2019 2023 2024
f 2019 2020 2021
f 2021 2020 2022
f 2021 2020 2023
f 2023 2020 2024
f 2024 2020 2019
f 2025 2026 2028
f 2025 2028 2027
f 2027 2028 2029
f 2029 2028 2026
f 2029 2026 2030
f 2030 2026 2025
f 2025 2027 2029
f 2025 2029 2030
f 2028 2026 2030
f 2028 2030 2029
f 2031 2032 2034
f 2031 2034 2033
f 2033 2034 2036
f 2033 2036 2035
f 2035 2036 2037
f 2035 2037 2038
f 2038 2037 2032
f 2038 2032 2031
f 2031 2033 2035
f 2031 2035 2038
f 2031 2038 2033
f 2039 2040 2042
f 2039 2042 2041
f 2041 2042 2043
f 2043 2042 2040
f 2043 2040 2044
f 2044 2040 2039
f 2039 2041 2043
f 2039 2043 2044
f 2040 2042 2041
f 2040 2041 2039
f 2052 2046 2048
f 2052 2048 2049
f 2049 2048 2046
f 2049 2046 2052
f 2045 2047 2049
f 2045 2049 2050
f 2045 2050 2051
f 2045 2051 2052
f 2050 2049 2052
f 2050 2052 2051
f 2045 2052 2049
f 2053 2054 2056
f 2053 2056 2055
f 2055 2056 2057
f 2055 2057 2058
f 2058 2057 2059
f 2058 2059 2060
f 2060 2059 2053
f 2053 2059 2054
f 2053 2055 2058
f 2053 2058 2060
f 2060 2058 2055
f 2060 2055 2053
f 2054 2059 2060
f 2054 2060 2053
f 2061 2062 2064
f 2061 2064 2063
f 2063 2064 2065
f 2065 2064 2062
f 2065 2062 2066
f 2066 2062 2061
f 2061 2063 2065
f 2061 2065 2066
f 2061 2066 2063
f 2062 2064 2063
f 2062 2063 2061
f 2074 2068 2070
f 2074 2070 2071
f 2071 2070 2068
f 2071 2068 2074
f 2067 2069 2071
f 2067 2071 2072
f 2067 2072 2073
f 2067 2073 2074
f 2072 2071 2074
f 2072 2074 2073
f 2067 2074 2071
f 2075 2082 2081
f 2075 2081 2077
f 2077 2081 2078
f 2077 2078 2079
f 2079 2078 2076
f 2079 2076 2080
f 2080 2076 2075
f 2075 2076 2082
f 2075 2077 2079
f 2075 2079 2080
f 2076 2081 2082
f 2076 2078 2081
f 2080 2079 2077
f 2080 2077 2075
f 2078 2076 2080
f 2078 2080 2079
f 2083 2084 2086
f 2083 2086 2085
f 2085 2086 2087
f 2087 2086 2089
f 2087 2089 2090
f 2087 2090 2088
f 2088 2090 2084
f 2088 2084 2083
f 2083 2085 2087
f 2083 2087 2088
f 2086 2084 2089
f 2084 2090 2089
f 2083 2088 2085
f 2084 2086 2085
f 2084 2085 2083
f 2098 2092 2094
f 2098 2094 2095
f 2095 2094 2092
f 2095 2092 2098
f 2091 2093 2095
f 2091 2095 2096
f 2091 2096 2097
f 2091 2097 2098
f 2096 2095 2098
f 2096 2098 2097
f 2091 2098 2095
f 2099 2100 2102
f 2099 2102 2101
f 2101 2102 2103
f 2103 2102 2100
f 2103 2100 2104
f 2104 2100 2099
f 2099 2101 2103
f 2099 2103 2104
f 2102 2100 2104
f 2102 2104 2103
f 2105 2106 2108
f 2105 2108 2107
f 2107 2108 2109
f 2109 2108 2110
f 2109 2110 2111
f 2109 2111 2112
f 2112 2111 2106
f 2112 2106 2105
f 2105 2107 2109
f 2105 2109 2112
f 2105 2112 2107
f 2110 2108 2107
f 2110 2107 2109
f 2113 2114 2116
f 2113 2116 2115
f 2115 2116 2117
f 2117 2116 2114
f 2117 2114 2118
f 2118 2114 2113
f 2113 2115 2117
f 2113 2117 2118
f 2114 2116 2115
f 2114 2115 2113
f 2119 2120 2121
f 2121 2120 2122
f 2122 2120 2123
f 2122 2123 2124
f 2124 2123 2120
f 2124 2120 2119
f 2119 2121 2122
f 2119 2122 2124
f 2123 2120 2119
f 2123 2119 2124
f 2125 2126 2127
f 2127 2126 2129
f 2129 2126 2125
f 2125 2127 2128
f 2125 2128 2129
f 2128 2127 2129
f 2130 2131 2134
f 2130 2132 2133
f 2130 2133 2134
f 2130 2134 2135
f 2136 2137 2138
f 2138 2137 2139
f 2139 2137 2140
f 2140 2137 2136
f 2136 2138 2139
f 2136 2139 2140
f 2141 2142 2143
f 2143 2142 2144
f 2143 2144 2145
f 2145 2144 2142
f 2145 2142 2146
f 2146 2142 2141
f 2141 2143 2145
f 2141 2145 2146
f 2144 2142 2141
f 2144 2141 2143
f 2147 2148 2149
f 2149 2148 2150
f 2150 2148 2151
f 2151 2148 2152
f 2151 2148 2147
f 2147 2149 2150
f 2147 2150 2151
f 2153 2154 2155
f 2153 2154 2157
f 2153 2155 2156
f 2153 2156 2157
f 2158 2159 2160
f 2158 2159 2162
f 2158 2160 2161
f 2158 2161 2162
f 2163 2164 2165
f 2165 2164 2168
f 2165 2164 2166
f 2166 2164 2167
f 2167 2164 2163
f 2163 2165 2166
f 2163 2166 2167
f 2169 2170 2171
f 2171 2170 2172
f 2172 2170 2173
f 2172 2173 2174
f 2174 2173 2170
f 2174 2170 2169
f 2169 2171 2172
f 2169 2172 2174
f 2173 2170 2169
f 2173 2169 2174
f 2175 2176 2177
f 2177 2176 2178
f 2178 2176 2179
f 2179 2176 2175
f 2175 2177 2178
f 2175 2178 2179
f 2180 2181 2183
f 2180 2183 2184
f 2180 2184 2185
f 2186 2187 2188
f 2186 2187 2190
f 2186 2188 2189
f 2186 2189 2190
f 2191 2192 2193
f 2193 2192 2196
f 2193 2192 2194
f 2194 2192 2195
f 2195 2192 2191
f 2191 2193 2194
f 2191 2194 2195
f 2197 2198 2199
f 2199 2198 2200
f 2200 2198 2201
f 2200 2201 2202
f 2202 2201 2198
f 2202 2198 2197
f 2197 2199 2200
f 2197 2200 2202
f 2201 2198 2197
f 2201 2197 2202
f 2203 2204 2205
f 2203 2204 2207
f 2203 2205 2206
f 2203 2206 2207
f 2208 2209 2212
f 2208 2210 2211
f 2208 2211 2212
f 2208 2212 2213
f 2214 2215 2216
f 2216 2215 2217
f 2217 2215 2218
f 2218 2215 2214
f 2214 2216 2217
f 2214 2217 2218
f 2219 2220 2221
f 2221 2220 2222
f 2222 2220 2223
f 2222 2223 2224
f 2224 2223 2220
f 2224 2220 2219
f 2219 2221 2222
f 2219 2222 2224
f 2223 2220 2219
f 2223 2219 2224
f 2225 2226 2227
f 2227 2226 2228
f 2228 2226 2229
f 2229 2226 2225
f 2225 2227 2228
f 2225 2228 2229
f 2232 2231 2233
f 2230 2232 2233
f 2230 2233 2234
f 2230 2234 2235
f 2230 2235 2232
f 2234 2232 2235
f 2234 2233 2232
f 2236 2237 2238
f 2238 2237 2239
f 2239 2237 2241
f 2239 2241 2240
f 2240 2241 2237
f 2240 2237 2236
f 2236 2238 2239
f 2236 2239 2240
f 2242 2247 2243
f 2242 2243 2244
f 2244 2243 2245
f 2245 2243 2246
f 2246 2243 2242
f 2242 2244 2245
f 2242 2245 2246
f 2253 2249 2251
f 2248 2250 2251
f 2248 2251 2252
f 2248 2252 2253
f 2251 2253 2252
f 2250 2253 2251
f 2248 2253 2250
f 2254 2255 2256
f 2256 2255 2257
f 2257 2255 2258
f 2258 2255 2254
f 2254 2256 2257
f 2254 2257 2258
f 2259 2260 2261
f 2261 2260 2262
f 2261 2262 2263
f 2263 2262 2264
f 2264 2262 2259
f 2259 2262 2260
f 2259 2261 2263
f 2259 2263 2264
f 2260 2262 2264
f 2260 2264 2259
f 2265 2266 2269
f 2269 2266 2268
f 2265 2267 2268
f 2265 2268 2269
f 2267 2269 2268
f 2265 2269 2267
f 2270 2271 2272
f 2272 2271 2273
f 2273 2271 2274
f 2274 2271 2270
f 2270 2272 2273
f 2270 2273 2274
f 2275 2276 2279
f 2279 2276 2282
f 2275 2277 2278
f 2275 2278 2279
f 2275 2279 2280
f 2275 2280 2281
f 2283 2284 2285
f 2285 2284 2286
f 2286 2284 2287
f 2287 2284 2283
f 2283 2285 2286
f 2283 2286 2287
f 2288 2290 2291
f 2288 2290 2292
f 2288 2290 2293
f 2294 2295 2297
f 2294 2296 2297
f 2294 2297 2298
f 2294 2298 2299
f 2299 2297 2294
f 2298 2297 2299
f 2300 2301 2305
f 2305 2301 2304
f 2300 2302 2303
f 2300 2303 2305
f 2300 2305 2306
f 2300 2306 2307
f 2302 2300 2305
f 2302 2305 2303
f 2304 2301 2300
f 2304 2300 2305
f 2308 2309 2311
f 2308 2311 2312
f 2308 2312 2313
f 2314 2315 2316
f 2314 2316 2317
f 2314 2316 2318
f 2319 2320 2321
f 2319 2321 2324
f 2319 2322 2323
f 2319 2323 2324
f 2319 2324 2325
f 2319 2325 2326
f 2322 2319 2324
f 2322 2324 2323
f 2320 2321 2324
f 2320 2324 2319
f 2327 2328 2331
f 2327 2329 2330
f 2327 2330 2331
f 2327 2331 2332
f 2327 2332 2333
f 2334 2336 2337
f 2334 2336 2338
f 2334 2336 2339
f 2340 2341 2342
f 2342 2341 2345
f 2342 2345 2343
f 2343 2345 2341
f 2343 2341 2344
f 2344 2341 2340
f 2340 2342 2343
f 2340 2343 2344
f 2348 2347 2351
f 2346 2348 2349
f 2346 2349 2350
f 2346 2350 2351
f 2351 2348 2346
f 2350 2348 2351
f 2349 2348 2350
f 2352 2353 2354
f 2354 2353 2355
f 2355 2353 2356
f 2356 2353 2352
f 2352 2354 2355
f 2352 2355 2356
f 2357 2358 2359
f 2359 2358 2360
f 2359 2360 2361
f 2361 2360 2358
f 2361 2358 2362
f 2362 2358 2357
f 2357 2359 2361
f 2357 2361 2362
f 2357 2362 2359
f 2360 2358 2357
f 2360 2357 2359
f 2363 2364 2365
f 2365 2364 2366
f 2366 2364 2367
f 2367 2364 2363
f 2363 2365 2366
f 2363 2366 2367
f 2368 2369 2370
f 2370 2369 2371
f 2371 2369 2368
f 2368 2370 2371
f 2368 2371 2372
f 2373 2374 2375
f 2373 2375 2376
f 2376 2375 2377
f 2377 2375 2378
f 2378 2375 2374
f 2378 2374 2373
f 2373 2376 2377
f 2373 2377 2378
f 2376 2373 2378
f 2376 2378 2377
f 2374 2375 2376
f 2374 2376 2373
f 2379 2380 2381
f 2381 2380 2382
f 2382 2380 2383
f 2383 2380 2379
f 2379 2381 2382
f 2379 2382 2383
f 2386 2385 2389
f 2384 2386 2387
f 2384 2387 2388
f 2384 2388 2389
f 2384 2389 2390
f 2390 2386 2384
f 2390 2389 2386
f 2388 2386 2389
f 2387 2386 2388
f 2391 2392 2393
f 2391 2393 2394
f 2391 2393 2395
f 2391 2395 2396
f 2396 2393 2391
f 2395 2393 2396
f 2397 2398 2400
f 2400 2398 2401
f 2401 2398 2397
f 2397 2399 2400
f 2397 2400 2401
f 2402 2403 2404
f 2404 2403 2407
f 2404 2407 2405
f 2405 2407 2403
f 2405 2403 2406
f 2406 2403 2402
f 2402 2404 2405
f 2402 2405 2406
f 2408 2409 2410
f 2410 2409 2411
f 2411 2409 2412
f 2411 2412 2413
f 2413 2412 2409
f 2413 2409 2408
f 2408 2410 2411
f 2408 2411 2413
f 2410 2408 2413
f 2410 2413 2411
f 2412 2409 2410
f 2412 2410 2411
f 2414 2415 2416
f 2416 2415 2417
f 2417 2415 2418
f 2418 2415 2414
f 2414 2416 2417
f 2414 2417 2418
f 2419 2420 2423
f 2419 2421 2422
f 2419 2422 2423
f 2419 2423 2424
f 2419 2424 2425
f 2425 2423 2419
f 2424 2423 2425
f 2421 2423 2422
f 2421 2419 2423
f 2426 2427 2428
f 2428 2427 2429
f 2429 2427 2430
f 2430 2427 2426
f 2426 2428 2429
f 2426 2429 2430
f 2431 2432 2433
f 2433 2432 2434
f 2433 2434 2435
f 2435 2434 2432
f 2435 2432 2436
f 2436 2432 2431
f 2431 2433 2435
f 2431 2435 2436
f 2436 2435 2433
f 2436 2433 2431
f 2434 2432 2436
f 2434 2436 2435
f 2437 2438 2439
f 2439 2438 2440
f 2440 2438 2442
f 2440 2438 2441
f 2441 2438 2437
f 2437 2439 2440
f 2437 2440 2441
f 2443 2444 2445
f 2445 2444 2446
f 2443 2445 2446
f 2443 2446 2447
f 2447 2445 2443
f 2446 2445 2447
f 2448 2449 2452
f 2452 2449 2451
f 2448 2450 2451
f 2448 2451 2452
f 2450 2452 2451
f 2450 2448 2452
f 2453 2454 2455
f 2455 2454 2456
f 2456 2454 2457
f 2457 2454 2453
f 2453 2455 2456
f 2453 2456 2457
f 2458 2459 2460
f 2460 2459 2461
f 2461 2459 2462
f 2461 2462 2463
f 2463 2462 2459
f 2463 2459 2458
f 2458 2460 2461
f 2458 2461 2463
f 2460 2458 2463
f 2460 2463 2461
f 2462 2459 2460
f 2462 2460 2461
f 2464 2465 2466
f 2466 2465 2467
f 2467 2465 2468
f 2468 2465 2464
f 2464 2466 2467
f 2464 2467 2468
f 2469 2470 2471
f 2469 2471 2474
f 2469 2472 2473
f 2469 2473 2474
f 2469 2474 2475
f 2469 2475 2476
f 2476 2474 2469
f 2475 2474 2476
f 2472 2474 2473
f 2469 2474 2472
f 2470 2471 2474
f 2470 2474 2469
f 2477 2478 2479
f 2477 2479 2480
f 2480 2479 2481
f 2481 2479 2482
f 2482 2479 2477
f 2477 2480 2481
f 2477 2481 2482
f 2478 2479 2482
f 2478 2482 2477
f 2483 2484 2485
f 2485 2484 2489
f 2485 2489 2490
f 2485 2490 2487
f 2487 2490 2486
f 2487 2486 2488
f 2488 2486 2483
f 2483 2486 2484
f 2483 2485 2487
f 2483 2487 2488
f 2486 2489 2484
f 2486 2490 2489
f 2488 2487 2485
f 2488 2485 2483
f 2484 2486 2488
f 2484 2488 2483
f 2491 2492 2493
f 2491 2493 2494
f 2494 2493 2495
f 2495 2493 2496
f 2495 2496 2497
f 2497 2496 2498
f 2497 2498 2492
f 2497 2492 2491
f 2491 2494 2495
f 2491 2495 2497
f 2496 2493 2498
f 2493 2492 2498
f 2494 2491 2497
f 2494 2497 2495
f 2496 2493 2494
f 2496 2494 2495
f 2492 2493 2494
f 2492 2494 2491
f 2499 2500 2501
f 2499 2501 2502
f 2502 2501 2503
f 2503 2501 2504
f 2504 2501 2500
f 2504 2500 2499
f 2499 2502 2503
f 2499 2503 2504
f 2500 2501 2502
f 2500 2502 2499
f 2505 2506 2507
f 2505 2507 2510
f 2505 2508 2509
f 2505 2509 2510
f 2505 2510 2511
f 2505 2511 2512
f 2512 2510 2505
f 2511 2510 2512
f 2508 2510 2509
f 2508 2505 2510
f 2506 2507 2510
f 2506 2510 2505
f 2513 2514 2515
f 2515 2514 2516
f 2515 2516 2517
f 2517 2516 2518
f 2518 2516 2513
f 2513 2516 2514
f 2513 2515 2517
f 2513 2517 2518
f 2514 2516 2518
f 2514 2518 2513
f 2519 2520 2521
f 2521 2520 2526
f 2521 2526 2522
f 2521 2522 2523
f 2523 2522 2524
f 2523 2524 2525
f 2525 2524 2519
f 2519 2524 2520
f 2519 2521 2523
f 2519 2523 2525
f 2520 2522 2526
f 2525 2523 2521
f 2525 2521 2519
f 2522 2520 2519
f 2522 2519 2523
f 2520 2524 2525
f 2520 2525 2519
f 2527 2528 2529
f 2527 2529 2530
f 2530 2529 2531
f 2531 2529 2533
f 2531 2533 2532
f 2532 2533 2529
f 2532 2529 2528
f 2532 2528 2527
f 2527 2530 2531
f 2527 2531 2532
f 2530 2527 2532
f 2530 2532 2531
f 2528 2529 2530
f 2528 2530 2527
f 2534 2535 2536
f 2534 2536 2537
f 2537 2536 2538
f 2538 2536 2539
f 2539 2536 2534
f 2534 2537 2538
f 2534 2538 2539
f 2535 2536 2537
f 2535 2537 2534
f 2540 2541 2542
f 2540 2542 2543
f 2543 2542 2544
f 2544 2542 2545
f 2545 2542 2540
f 2540 2543 2544
f 2540 2544 2545
f 2541 2542 2545
f 2541 2545 2540
f 2546 2547 2548
f 2548 2547 2549
f 2548 2549 2550
f 2550 2549 2551
f 2551 2549 2546
f 2546 2549 2547
f 2546 2548 2550
f 2546 2550 2551
f 2551 2550 2548
f 2551 2548 2546
f 2547 2549 2551
f 2547 2551 2546
f 2552 2553 2554
f 2552 2554 2555
f 2555 2554 2556
f 2556 2554 2557
f 2556 2557 2558
f 2558 2557 2559
f 2558 2559 2553
f 2558 2553 2552
f 2552 2555 2556
f 2552 2556 2558
f 2555 2552 2558
f 2555 2558 2556
f 2557 2554 2555
f 2557 2555 2556
f 2559 2557 2556
f 2559 2556 2558
f 2560 2561 2562
f 2560 2562 2563
f 2563 2562 2564
f 2564 2562 2565
f 2565 2562 2561
f 2565 2561 2560
f 2560 2563 2564
f 2560 2564 2565
f 2561 2562 2563
f 2561 2563 2560
f 2566 2567 2568
f 2568 2567 2569
f 2569 2567 2570
f 2570 2567 2566
f 2566 2568 2569
f 2566 2569 2570
f 2571 2572 2573
f 2573 2572 2575
f 2573 2575 2574
f 2574 2575 2576
f 2576 2575 2572
f 2576 2572 2571
f 2571 2573 2574
f 2571 2574 2576
f 2576 2571 2573
f 2575 2572 2571
f 2575 2571 2576
f 2577 2578 2579
f 2579 2578 2580
f 2580 2578 2581
f 2581 2578 2577
f 2577 2579 2580
f 2577 2580 2581
f 2582 2583 2586
f 2582 2584 2585
f 2582 2585 2586
f 2582 2586 2587
f 2582 2587 2588
f 2589 2590 2591
f 2591 2590 2592
f 2592 2590 2593
f 2593 2590 2589
f 2589 2591 2592
f 2589 2592 2593
f 2594 2595 2596
f 2596 2595 2597
f 2596 2597 2598
f 2598 2597 2595
f 2598 2595 2599
f 2599 2595 2594
f 2594 2596 2598
f 2594 2598 2599
f 2594 2599 2596
f 2597 2595 2594
f 2597 2594 2596
f 2600 2601 2602
f 2602 2601 2605
f 2602 2605 2603
f 2603 2605 2601
f 2603 2601 2604
f 2604 2601 2600
f 2600 2602 2603
f 2600 2603 2604
f 2606 2607 2608
f 2608 2607 2609
f 2609 2607 2610
f 2610 2607 2606
f 2606 2608 2609
f 2606 2609 2610
f 2611 2612 2615
f 2611 2613 2614
f 2611 2614 2615
f 2611 2615 2616
f 2611 2616 2617
f 2618 2619 2620
f 2620 2619 2621
f 2621 2619 2623
f 2621 2623 2622
f 2622 2623 2619
f 2622 2619 2618
f 2618 2620 2621
f 2618 2621 2622
f 2618 2622 2620
f 2624 2625 2626
f 2626 2625 2627
f 2626 2627 2628
f 2628 2627 2625
f 2628 2625 2629
f 2629 2625 2624
f 2624 2626 2628
f 2624 2628 2629
f 2627 2625 2624
f 2627 2624 2626
f 2630 2631 2632
f 2632 2631 2633
f 2633 2631 2634
f 2634 2631 2630
f 2630 2632 2633
f 2630 2633 2634
f 2635 2636 2637
f 2635 2636 2639
f 2635 2637 2638
f 2635 2638 2639
f 2640 2641 2642
f 2642 2641 2643
f 2642 2641 2644
f 2644 2641 2645
f 2645 2641 2640
f 2640 2642 2644
f 2640 2644 2645
f 2643 2641 2640
f 2643 2640 2642
f 2646 2647 2648
f 2646 2647 2650
f 2646 2648 2649
f 2646 2649 2650
f 2651 2652 2654
f 2651 2652 2655
f 2651 2654 2655
f 2656 2657 2658
f 2658 2657 2660
f 2660 2657 2661
f 2660 2657 2656
f 2656 2658 2659
f 2656 2659 2660
f 2659 2658 2660
f 2662 2663 2664
f 2664 2663 2665
f 2664 2663 2666
f 2666 2663 2667
f 2667 2663 2662
f 2662 2664 2666
f 2662 2666 2667
f 2665 2663 2662
f 2665 2662 2664
f 2668 2669 2670
f 2668 2669 2672
f 2668 2670 2671
f 2668 2671 2672
f 2673 2674 2675
f 2673 2674 2677
f 2673 2675 2676
f 2673 2676 2677
f 2678 2679 2681
f 2678 2679 2683
f 2678 2681 2682
f 2678 2682 2683
f 2684 2685 2686
f 2686 2685 2687
f 2687 2685 2688
f 2688 2685 2689
f 2688 2685 2684
f 2684 2686 2687
f 2684 2687 2688
f 2689 2685 2684
f 2689 2684 2688
f 2690 2691 2692
f 2692 2691 2695
f 2690 2691 2694
f 2690 2692 2693
f 2690 2693 2694
f 2696 2697 2698
f 2696 2697 2700
f 2696 2698 2699
f 2696 2699 2700
f 2702 2703 2704
f 2702 2703 2706
f 2702 2704 2705
f 2702 2705 2706
f 2707 2708 2709
f 2709 2708 2712
f 2709 2712 2710
f 2710 2712 2708
f 2710 2708 2711
f 2711 2708 2707
f 2707 2709 2710
f 2707 2710 2711
f 2713 2714 2715
f 2715 2714 2716
f 2716 2714 2717
f 2717 2714 2713
f 2713 2715 2716
f 2713 2716 2717
f 2720 2719 2723
f 2718 2720 2721
f 2718 2721 2722
f 2718 2722 2723
f 2718 2723 2724
f 2724 2720 2718
f 2723 2720 2724
f 2722 2720 2723
f 2721 2720 2722
f 2725 2726 2727
f 2727 2726 2728
f 2728 2726 2729
f 2729 2726 2725
f 2725 2727 2728
f 2725 2728 2729
f 2730 2735 2731
f 2730 2731 2732
f 2732 2731 2733
f 2733 2731 2734
f 2734 2731 2735
f 2734 2735 2730
f 2730 2732 2733
f 2730 2733 2734
f 2732 2730 2734
f 2732 2734 2733
f 2738 2737 2740
f 2736 2738 2739
f 2736 2738 2740
f 2736 2740 2741
f 2741 2738 2736
f 2741 2740 2738
f 2742 2743 2746
f 2742 2744 2745
f 2742 2745 2746
f 2742 2746 2747
f 2742 2747 2748
f 2749 2750 2751
f 2751 2750 2754
f 2751 2750 2752
f 2752 2750 2753
f 2753 2750 2749
f 2749 2751 2752
f 2749 2752 2753
f 2755 2756 2757
f 2757 2756 2758
f 2758 2756 2755
f 2755 2757 2758
f 2755 2758 2759
f 2762 2761 2764
f 2760 2762 2763
f 2760 2762 2764
f 2765 2766 2767
f 2767 2766 2769
f 2769 2766 2765
f 2765 2767 2768
f 2765 2768 2769
f 2768 2767 2769
f 2770 2775 2771
f 2770 2771 2772
f 2772 2771 2773
f 2773 2771 2774
f 2774 2771 2770
f 2770 2772 2773
f 2770 2773 2774
f 2778 2777 2780
f 2776 2778 2779
f 2776 2778 2780
f 2781 2782 2783
f 2783 2782 2784
f 2783 2784 2785
f 2783 2785 2786
f 2786 2785 2787
f 2786 2787 2788
f 2788 2787 2781
f 2781 2787 2782
f 2781 2783 2786
f 2781 2786 2788
f 2788 2786 2783
f 2788 2783 2781
f 2784 2782 2781
f 2784 2781 2783
f 2782 2787 2788
f 2782 2788 2781
f 2789 2790 2791
f 2791 2790 2792
f 2791 2792 2793
f 2793 2792 2790
f 2793 2790 2794
f 2794 2790 2789
f 2789 2791 2793
f 2789 2793 2794
f 2792 2790 2794
f 2792 2794 2793
f 2795 2796 2797
f 2797 2796 2798
f 2797 2798 2799
f 2799 2798 2796
f 2799 2796 2800
f 2800 2796 2795
f 2795 2797 2799
f 2795 2799 2800
f 2798 2796 2795
f 2798 2795 2797
f 2801 2802 2803
f 2803 2802 2804
f 2803 2804 2805
f 2803 2805 2806
f 2806 2805 2807
f 2806 2807 2808
f 2808 2807 2801
f 2801 2807 2802
f 2801 2803 2806
f 2801 2806 2808
f 2808 2806 2803
f 2808 2803 2801
f 2804 2802 2801
f 2804 2801 2803
f 2802 2807 2808
f 2802 2808 2801
f 2809 2810 2811
f 2811 2810 2812
f 2811 2812 2813
f 2813 2812 2810
f 2813 2810 2814
f 2814 2810 2809
f 2809 2811 2813
f 2809 2813 2814
f 2812 2810 2814
f 2812 2814 2813
f 2815 2816 2817
f 2817 2816 2818
f 2817 2818 2819
f 2819 2818 2820
f 2820 2818 2815
f 2815 2818 2816
f 2815 2817 2819
f 2815 2819 2820
f 2816 2818 2820
f 2816 2820 2815
f 2821 2822 2825
f 2825 2822 2824
f 2821 2823 2824
f 2821 2824 2825
f 2823 2825 2824
f 2823 2821 2825
f 2826 2827 2828
f 2828 2827 2830
f 2830 2827 2826
f 2826 2828 2829
f 2826 2829 2830
f 2829 2828 2830
f 2831 2832 2833
f 2833 2832 2834
f 2833 2834 2835
f 2835 2834 2836
f 2836 2834 2831
f 2831 2834 2832
f 2831 2833 2835
f 2831 2835 2836
f 2832 2834 2836
f 2832 2836 2831
f 2837 2838 2841
f 2841 2838 2840
f 2837 2839 2840
f 2837 2840 2841
f 2839 2841 2840
f 2837 2841 2839
f 2842 2843 2844
f 2844 2843 2848
f 2844 2848 2849
f 2844 2849 2846
f 2846 2849 2845
f 2846 2845 2847
f 2847 2845 2842
f 2842 2845 2843
f 2842 2844 2846
f 2842 2846 2847
f 2843 2845 2849
f 2843 2849 2848
f 2847 2846 2844
f 2847 2844 2842
f 2843 2845 2847
f 2843 2847 2842
f 2850 2851 2853
f 2853 2851 2855
f 2853 2851 2854
f 2854 2851 2850
f 2850 2852 2853
f 2850 2853 2854
f 2856 2857 2858
f 2856 2858 2859
f 2859 2858 2860
f 2860 2858 2862
f 2860 2862 2861
f 2861 2862 2857
f 2861 2857 2856
f 2856 2859 2860
f 2856 2860 2861
f 2858 2857 2862
f 2859 2856 2861
f 2859 2861 2860
f 2857 2858 2859
f 2857 2859 2856
f 2863 2864 2865
f 2865 2864 2866
f 2866 2864 2868
f 2866 2864 2863
f 2863 2865 2866
f 2863 2866 2867
f 2869 2870 2872
f 2869 2872 2874
f 2869 2871 2873
f 2869 2873 2874
f 2869 2874 2875
f 2869 2875 2876
f 2871 2869 2874
f 2871 2874 2873
f 2870 2872 2874
f 2870 2874 2869
f 2877 2878 2879
f 2877 2879 2880
f 2877 2879 2881
f 2882 2883 2884
f 2884 2883 2885
f 2884 2885 2886
f 2886 2885 2887
f 2887 2885 2882
f 2882 2885 2883
f 2882 2884 2886
f 2882 2886 2887
f 2883 2885 2887
f 2883 2887 2882
f 2888 2889 2892
f 2892 2889 2891
f 2888 2890 2891
f 2888 2891 2892
f 2890 2892 2891
f 2888 2892 2890
f 2893 2894 2895
f 2895 2894 2896
f 2895 2896 2897
f 2895 2897 2898
f 2898 2897 2899
f 2898 2899 2900
f 2900 2899 2893
f 2893 2899 2894
f 2893 2895 2898
f 2893 2898 2900
f 2900 2898 2895
f 2900 2895 2893
f 2896 2894 2893
f 2896 2893 2895
f 2894 2899 2900
f 2894 2900 2893
f 2901 2902 2903
f 2903 2902 2904
f 2903 2904 2905
f 2905 2904 2902
f 2905 2902 2906
f 2906 2902 2901
f 2901 2903 2905
f 2901 2905 2906
f 2904 2902 2906
f 2904 2906 2905
f 2907 2908 2909
f 2907 2909 2910
f 2910 2909 2911
f 2911 2909 2912
f 2912 2909 2908
f 2912 2908 2907
f 2907 2910 2911
f 2907 2911 2912
f 2910 2907 2912
f 2910 2912 2911
f 2908 2909 2910
f 2908 2910 2907
f 2913 2914 2915
f 2915 2914 2916
f 2913 2915 2916
f 2913 2916 2917
f 2917 2915 2913
f 2917 2916 2915
f 2918 2919 2921
f 2918 2921 2923
f 2918 2920 2922
f 2918 2922 2923
f 2918 2923 2924
f 2918 2924 2925
f 2920 2918 2923
f 2920 2923 2922
f 2919 2921 2923
f 2919 2923 2918
f 2926 2927 2928
f 2926 2928 2929
f 2926 2928 2930
f 2931 2932 2933
f 2933 2932 2934
f 2933 2934 2935
f 2935 2934 2936
f 2936 2934 2931
f 2931 2934 2932
f 2931 2933 2935
f 2931 2935 2936
f 2932 2934 2936
f 2932 2936 2931
f 2937 2938 2941
f 2941 2938 2940
f 2937 2939 2940
f 2937 2940 2941
f 2939 2941 2940
f 2937 2941 2939
f 2944 2943 2945
f 2942 2944 2945
f 2942 2945 2946
f 2942 2946 2947
f 2942 2947 2944
f 2946 2944 2947
f 2945 2944 2946
f 2950 2949 2952
f 2948 2950 2951
f 2948 2951 2952
f 2948 2952 2950
f 2951 2950 2952
f 2953 2954 2955
f 2955 2954 2956
f 2956 2954 2957
f 2957 2954 2958
f 2957 2954 2953
f 2953 2955 2956
f 2953 2956 2957
f 2959 2960 2961
f 2961 2960 2964
f 2961 2960 2963
f 2963 2960 2959
f 2959 2961 2962
f 2959 2962 2963
f 2962 2961 2963
f 2970 2966 2967
f 2967 2966 2971
f 2965 2967 2968
f 2965 2968 2969
f 2965 2969 2970
f 2968 2967 2970
f 2968 2970 2969
f 2965 2970 2967
f 2972 2973 2974
f 2974 2973 2977
f 2974 2973 2975
f 2975 2973 2976
f 2976 2973 2972
f 2972 2974 2975
f 2972 2975 2976
f 2974 2976 2972
f 2978 2979 2980
f 2980 2979 2983
f 2980 2983 2981
f 2981 2983 2979
f 2981 2979 2984
f 2981 2984 2982
f 2982 2984 2979
f 2982 2979 2978
f 2978 2980 2981
f 2978 2981 2982
f 2987 2986 2990
f 2990 2986 2991
f 2985 2987 2988
f 2985 2988 2989
f 2985 2989 2990
f 2985 2990 2992
f 2992 2987 2985
f 2990 2987 2992
f 2989 2987 2990
f 2988 2987 2989
f 2991 2986 2987
f 2991 2987 2990
f 2995 2994 2996
f 2993 2995 2996
f 2993 2996 2997
f 2993 2997 2998
f 2993 2998 2995
f 2997 2995 2998
f 2997 2996 2995
f 2999 3000 3001
f 3001 3000 3005
f 3001 3005 3002
f 3002 3005 3000
f 3002 3000 3003
f 3002 3003 3004
f 3004 3003 3000
f 3004 3000 2999
f 2999 3001 3002
f 2999 3002 3004
f 3003 3000 2999
f 3003 2999 3004
f 3006 3007 3008
f 3008 3007 3009
f 3009 3007 3010
f 3010 3007 3011
f 3010 3007 3006
f 3006 3008 3009
f 3006 3009 3010
f 3027 3014 3044
f 3027 3044 3021
f 3027 3021 3022
f 3027 3022 3040
f 3027 3040 3023
f 3027 3023 3041
f 3027 3041 3024
f 3027 3024 3042
f 3027 3042 3025
f 3027 3025 3035
f 3027 3035 3015
f 3027 3015 3030
f 3027 3030 3031
f 3027 3031 3032
f 3027 3032 3013
f 3027 3013 3034
f 3027 3034 3033
f 3027 3033 3020
f 3027 3020 3039
f 3027 3039 3019
f 3027 3019 3038
f 3027 3038 3018
f 3027 3018 3037
f 3027 3037 3017
f 3027 3017 3036
f 3027 3036 3016
f 3027 3016 3026
f 3027 3026 3043
f 3027 3043 3012
f 3027 3012 3029
f 3027 3029 3028
f 3045 3047 3051
f 3045 3051 3049
f 3049 3051 3052
f 3049 3052 3048
f 3048 3052 3067
f 3048 3067 3054
f 3054 3067 3068
f 3054 3068 3055
f 3055 3068 3056
f 3055 3056 3053
f 3053 3056 3058
f 3053 3058 3057
f 3057 3058 3059
f 3057 3059 3060
f 3060 3059 3069
f 3060 3069 3061
f 3061 3069 3062
f 3061 3062 3063
f 3063 3062 3065
f 3063 3065 3064
f 3064 3065 3066
f 3064 3066 3046
f 3046 3066 3047
f 3046 3047 3045
f 3045 3049 3048
f 3045 3048 3054
f 3045 3054 3055
f 3045 3055 3053
f 3045 3053 3057
f 3045 3057 3060
f 3045 3060 3061
f 3045 3061 3063
f 3045 3063 3064
f 3045 3064 3046
f 3052 3056 3068
f 3052 3068 3067
f 3059 3062 3069
f 3052 3051 3047
f 3052 3047 3066
f 3052 3066 3065
f 3065 3062 3059
f 3065 3059 3058
f 3065 3058 3056
f 3065 3056 3070
f 3065 3070 3066
f 3048 3046 3050
f 3048 3050 3053
f 3066 3046 3048
f 3066 3048 3052
f 3070 3050 3046
f 3070 3046 3066
f 3053 3050 3070
f 3053 3070 3056
f 3048 3053 3056
f 3048 3056 3052
f 3056 3053 3050
f 3056 3050 3070
f 3052 3056 3053
f 3052 3053 3048
f 5078 5079 5082
f 5078 5082 5081
f 5079 5080 3061
f 5079 3061 5082
f 5081 5082 5084
f 5081 5084 5083
f 5082 3061 3063
f 5082 3063 5084
f 3322 4319 5078
f 3322 5078 4780
f 4319 4318 5079
f 4319 5079 5078
f 4318 4317 5080
f 4318 5080 5079
f 4317 3293 4251
f 4317 4251 5080
f 5080 4251 4250
f 5080 4250 3061
f 3061 4250 3055
f 3061 3055 3063
f 3063 3055 3054
f 3063 3054 3064
f 5084 3063 3064
f 5084 3064 4781
f 5083 5084 4781
f 5083 4781 4782
f 4778 5083 4782
f 4778 4782 3085
f 4779 5081 5083
f 4779 5083 4778
f 4780 5078 5081
f 4780 5081 4779
f 5085 5086 5089
f 5085 5089 5088
f 5086 5087 5090
f 5086 5090 5089
f 5088 5089 5091
f 5088 5091 1751
f 5089 5090 5092
f 5089 5092 5091
f 3315 4269 5085
f 3315 5085 4465
f 4269 4268 5086
f 4269 5086 5085
f 4268 4267 5087
f 4268 5087 5086
f 4267 3498 4803
f 4267 4803 5087
f 5087 4803 4804
f 5087 4804 5090
f 5090 4804 4805
f 5090 4805 5092
f 5092 4805 3189
f 5092 3189 4806
f 5091 5092 4806
f 5091 4806 4807
f 1751 5091 4807
f 1751 4807 1738
f 4467 1751 1738
f 4467 1738 3371
f 4466 5088 1751
f 4466 1751 4467
f 4465 5085 5088
f 4465 5088 4466
f 1759 5093 5096
f 1759 5096 5095
f 5093 5094 5097
f 5093 5097 5096
f 5095 5096 5099
f 5095 5099 5098
f 5096 5097 5100
f 5096 5100 5099
f 3417 1758 1759
f 3417 1759 4287
f 1758 4791 5093
f 1758 5093 1759
f 4791 4792 5094
f 4791 5094 5093
f 4792 3194 4793
f 4792 4793 5094
f 5094 4793 4794
f 5094 4794 5097
f 5097 4794 4795
f 5097 4795 5100
f 5100 4795 3506
f 5100 3506 4724
f 5099 5100 4724
f 5099 4724 4723
f 5098 5099 4723
f 5098 4723 4722
f 4289 5098 4722
f 4289 4722 3304
f 4288 5095 5098
f 4288 5098 4289
f 4287 1759 5095
f 4287 5095 4288
f 5101 5102 5105
f 5101 5105 5104
f 5102 5103 5106
f 5102 5106 5105
f 5104 5105 5108
f 5104 5108 5107
f 5105 5106 5109
f 5105 5109 5108
f 3414 4760 5101
f 3414 5101 4237
f 4760 4761 5102
f 4760 5102 5101
f 4761 4762 5103
f 4761 5103 5102
f 4762 3106 4763
f 4762 4763 5103
f 5103 4763 4764
f 5103 4764 5106
f 5106 4764 4765
f 5106 4765 5109
f 5109 4765 3324
f 5109 3324 4325
f 5108 5109 4325
f 5108 4325 4324
f 5107 5108 4324
f 5107 4324 4323
f 4239 5107 4323
f 4239 4323 3275
f 4238 5104 5107
f 4238 5107 4239
f 4237 5101 5104
f 4237 5104 4238
f 4599 5110 5111
f 4599 5111 4600
f 4600 5111 5112
f 4600 5112 4601
f 3420 4790 5110
f 3420 5110 4599
f 4790 3416 4292
f 4790 4292 5110
f 5110 4292 4291
f 5110 4291 5111
f 5111 4291 4290
f 5111 4290 5112
f 5112 4290 3306
f 5112 3306 4295
f 4601 5112 4295
f 4601 4295 3297
f 4264 5113 5114
f 4264 5114 4265
f 4265 5114 5115
f 4265 5115 4266
f 3287 4255 5113
f 3287 5113 4264
f 4255 3294 4322
f 4255 4322 5113
f 5113 4322 4321
f 5113 4321 5114
f 5114 4321 4320
f 5114 4320 5115
f 5115 4320 3323
f 5115 3323 4771
f 4266 5115 4771
f 4266 4771 3319
f 4352 5116 5117
f 4352 5117 4353
f 4353 5117 5118
f 4353 5118 4354
f 3334 4811 5116
f 3334 5116 4352
f 4811 3330 4652
f 4811 4652 5116
f 5116 4652 4651
f 5116 4651 5117
f 5117 4651 4650
f 5117 4650 5118
f 5118 4650 3437
f 5118 3437 4822
f 4354 5118 4822
f 4354 4822 3432
f 5119 5120 5122
f 5119 5122 5121
f 5120 1730 5123
f 5120 5123 5122
f 5121 5122 5125
f 5121 5125 5124
f 5122 5123 5126
f 5122 5126 5125
f 3105 4769 5119
f 3105 5119 4768
f 4769 4770 5120
f 4769 5120 5119
f 4770 1728 1730
f 4770 1730 5120
f 1728 1718 4587
f 1728 4587 1730
f 1730 4587 4586
f 1730 4586 5123
f 5123 4586 4585
f 5123 4585 5126
f 5126 4585 3284
f 5126 3284 4307
f 5125 5126 4307
f 5125 4307 4306
f 5124 5125 4306
f 5124 4306 4305
f 4766 5124 4305
f 4766 4305 3328
f 4767 5121 5124
f 4767 5124 4766
f 4768 5119 5121
f 4768 5121 4767
f 4821 5127 5129
f 4821 5129 4820
f 5127 5128 5130
f 5127 5130 5129
f 4820 5129 5131
f 4820 5131 4819
f 5129 5130 5132
f 5129 5132 5131
f 3107 3682 5127
f 3107 5127 4821
f 3682 3681 5128
f 3682 5128 5127
f 3681 3105 4768
f 3681 4768 5128
f 5128 4768 4767
f 5128 4767 5130
f 5130 4767 4766
f 5130 4766 5132
f 5132 4766 3328
f 5132 3328 4333
f 5131 5132 4333
f 5131 4333 4332
f 4819 5131 4332
f 4819 4332 3338
f 5133 5134 5137
f 5133 5137 5136
f 5134 5135 5138
f 5134 5138 5137
f 5136 5137 5140
f 5136 5140 5139
f 5137 5138 5141
f 5137 5141 5140
f 3288 4260 5133
f 3288 5133 4455
f 4260 4259 5134
f 4260 5134 5133
f 4259 4258 5135
f 4259 5135 5134
f 4258 3320 4772
f 4258 4772 5135
f 5135 4772 4773
f 5135 4773 5138
f 5138 4773 4774
f 5138 4774 5141
f 5141 4774 3086
f 5141 3086 4775
f 5140 5141 4775
f 5140 4775 174
f 5139 5140 174
f 5139 174 4776
f 4457 5139 4776
f 4457 4776 3368
f 4456 5136 5139
f 4456 5139 4457
f 4455 5133 5136
f 4455 5136 4456
f 5142 5143 5146
f 5142 5146 5145
f 5143 5144 5147
f 5143 5147 5146
f 5145 5146 5149
f 5145 5149 5148
f 5146 5147 5150
f 5146 5150 5149
f 3108 3685 5142
f 3108 5142 4815
f 3685 3684 5143
f 3685 5143 5142
f 3684 3683 5144
f 3684 5144 5143
f 3683 3130 4827
f 3683 4827 5144
f 5144 4827 4828
f 5144 4828 5147
f 5147 4828 4829
f 5147 4829 5150
f 5150 4829 3440
f 5150 3440 4655
f 5149 5150 4655
f 5149 4655 4654
f 5148 5149 4654
f 5148 4654 4653
f 4817 5148 4653
f 4817 4653 3331
f 4816 5145 5148
f 4816 5148 4817
f 4815 5142 5145
f 4815 5145 4816
f 5151 5152 5155
f 5151 5155 5154
f 5152 5153 5156
f 5152 5156 5155
f 5154 5155 5158
f 5154 5158 5157
f 5155 5156 5159
f 5155 5159 5158
f 3122 3727 5151
f 3122 5151 4838
f 3727 3726 5152
f 3727 5152 5151
f 3726 3725 5153
f 3726 5153 5152
f 3725 3176 4839
f 3725 4839 5153
f 5153 4839 4840
f 5153 4840 5156
f 5156 4840 4841
f 5156 4841 5159
f 5159 4841 3339
f 5159 3339 4363
f 5158 5159 4363
f 5158 4363 4362
f 5157 5158 4362
f 5157 4362 4361
f 4836 5157 4361
f 4836 4361 3425
f 4837 5154 5157
f 4837 5157 4836
f 4838 5151 5154
f 4838 5154 4837
f 3332 4818 5160
f 3332 5160 4344
f 4344 5160 5161
f 4344 5161 4345
f 4818 3337 4335
f 4818 4335 5160
f 5160 4335 4334
f 5160 4334 5161
f 5161 4334 3327
f 5161 3327 4759
f 4345 5161 4759
f 4345 4759 3325
f 4814 5162 5164
f 4814 5164 4813
f 5162 5163 5165
f 5162 5165 5164
f 4813 5164 5166
f 4813 5166 4812
f 5164 5165 5167
f 5164 5167 5166
f 3329 4337 5162
f 3329 5162 4814
f 4337 4336 5163
f 4337 5163 5162
f 4336 3322 4780
f 4336 4780 5163
f 5163 4780 4779
f 5163 4779 5165
f 5165 4779 4778
f 5165 4778 5167
f 5167 4778 3085
f 5167 3085 3612
f 5166 5167 3612
f 5166 3612 3613
f 4812 5166 3613
f 4812 3613 3087
f 5168 5169 5171
f 5168 5171 5170
f 5169 3583 3584
f 5169 3584 5171
f 5170 5171 5173
f 5170 5173 5172
f 5171 3584 3585
f 5171 3585 5173
f 3098 1573 5168
f 3098 5168 3577
f 1573 3654 5169
f 1573 5169 5168
f 3654 3100 3583
f 3654 3583 5169
f 5173 3585 3080
f 5173 3080 3586
f 5172 5173 3586
f 5172 3586 1587
f 3579 5172 1587
f 3579 1587 3078
f 3578 5170 5172
f 3578 5172 3579
f 3577 5168 5170
f 3577 5170 3578
f 5174 5175 5178
f 5174 5178 5177
f 5175 5176 5179
f 5175 5179 5178
f 5177 5178 5181
f 5177 5181 5180
f 5178 5179 5182
f 5178 5182 5181
f 3134 3794 5174
f 3134 5174 3828
f 3794 3793 5175
f 3794 5175 5174
f 3793 3792 5176
f 3793 5176 5175
f 3792 3099 3580
f 3792 3580 5176
f 5176 3580 3581
f 5176 3581 5179
f 5179 3581 3582
f 5179 3582 5182
f 5182 3582 3079
f 5182 3079 3778
f 5181 5182 3778
f 5181 3778 3779
f 5180 5181 3779
f 5180 3779 3780
f 3829 5180 3780
f 3829 3780 3131
f 2466 5177 5180
f 2466 5180 3829
f 3828 5174 5177
f 3828 5177 2466
f 5183 5184 5187
f 5183 5187 5186
f 5184 5185 5188
f 5184 5188 5187
f 5186 5187 5190
f 5186 5190 5189
f 5187 5188 5191
f 5187 5191 5190
f 3344 4860 5183
f 3344 5183 4414
f 4860 4859 5184
f 4860 5184 5183
f 4859 4858 5185
f 4859 5185 5184
f 4858 3078 3593
f 4858 3593 5185
f 5185 3593 3594
f 5185 3594 5188
f 5188 3594 3595
f 5188 3595 5191
f 5191 3595 3082
f 5191 3082 4861
f 5190 5191 4861
f 5190 4861 4862
f 5189 5190 4862
f 5189 4862 4863
f 4416 5189 4863
f 4416 4863 3354
f 4415 5186 5189
f 4415 5189 4416
f 4414 5183 5186
f 4414 5186 4415
f 3580 5192 5194
f 3580 5194 3581
f 5192 5193 5195
f 5192 5195 5194
f 3581 5194 5196
f 3581 5196 3582
f 5194 5195 5197
f 5194 5197 5196
f 3099 3653 5192
f 3099 5192 3580
f 3653 3652 5193
f 3653 5193 5192
f 3652 3097 3574
f 3652 3574 5193
f 5193 3574 3575
f 5193 3575 5195
f 5195 3575 3576
f 5195 3576 5197
f 5197 3576 3077
f 5197 3077 3587
f 5196 5197 3587
f 5196 3587 3588
f 4403 5198 5199
f 4403 5199 4404
f 4404 5199 5200
f 4404 5200 4405
f 3350 4873 5198
f 3350 5198 4403
f 4873 3353 4430
f 4873 4430 5198
f 5198 4430 4429
f 5198 4429 5199
f 5199 4429 4428
f 5199 4428 5200
f 5200 4428 3358
f 5200 3358 4874
f 4405 5200 4874
f 4405 4874 3361
f 5201 5202 5205
f 5201 5205 5204
f 5202 5203 5206
f 5202 5206 5205
f 5204 5205 5208
f 5204 5208 5207
f 5205 5206 5209
f 5205 5209 5208
f 3200 4881 5201
f 3200 5201 4062
f 4881 4880 5202
f 4881 5202 5201
f 4880 4879 5203
f 4880 5203 5202
f 4879 3349 4398
f 4879 4398 5203
f 5203 4398 4397
f 5203 4397 5206
f 5206 4397 4396
f 5206 4396 5209
f 5209 4396 3362
f 5209 3362 4882
f 5208 5209 4882
f 5208 4882 4883
f 5207 5208 4883
f 5207 4883 4884
f 4064 5207 4884
f 4064 4884 3201
f 4063 5204 5207
f 4063 5207 4064
f 4062 5201 5204
f 4062 5204 4063
f 5210 5211 5214
f 5210 5214 5213
f 5211 5212 5215
f 5211 5215 5214
f 5213 5214 5217
f 5213 5217 5216
f 5214 5215 5218
f 5214 5218 5217
f 3205 4876 5210
f 3205 5210 4065
f 4876 4877 5211
f 4876 5211 5210
f 4877 4878 5212
f 4877 5212 5211
f 4878 3401 4542
f 4878 4542 5212
f 5212 4542 4541
f 5212 4541 5215
f 5215 4541 4540
f 5215 4540 5218
f 5218 4540 3349
f 5218 3349 4879
f 5217 5218 4879
f 5217 4879 4880
f 5216 5217 4880
f 5216 4880 4881
f 4067 5216 4881
f 4067 4881 3200
f 4066 5213 5216
f 4066 5216 4067
f 4065 5210 5213
f 4065 5213 4066
f 5219 5220 5223
f 5219 5223 5222
f 5220 5221 5224
f 5220 5224 5223
f 5222 5223 5226
f 5222 5226 5225
f 5223 5224 5227
f 5223 5227 5226
f 3394 4855 5219
f 3394 5219 4377
f 4855 4856 5220
f 4855 5220 5219
f 4856 4857 5221
f 4856 5221 5220
f 4857 3098 3577
f 4857 3577 5221
f 5221 3577 3578
f 5221 3578 5224
f 5224 3578 3579
f 5224 3579 5227
f 5227 3579 3078
f 5227 3078 4858
f 5226 5227 4858
f 5226 4858 4859
f 5225 5226 4859
f 5225 4859 4860
f 4379 5225 4860
f 4379 4860 3344
f 4378 5222 5225
f 4378 5225 4379
f 4377 5219 5222
f 4377 5222 4378
f 5228 5229 5232
f 5228 5232 5231
f 5229 5230 5233
f 5229 5233 5232
f 5231 5232 5235
f 5231 5235 5234
f 5232 5233 5236
f 5232 5236 5235
f 3354 4863 5228
f 3354 5228 4549
f 4863 4862 5229
f 4863 5229 5228
f 4862 4861 5230
f 4862 5230 5229
f 4861 3082 3658
f 4861 3658 5230
f 5230 3658 3659
f 5230 3659 5233
f 5233 3659 3660
f 5233 3660 5236
f 5236 3660 3102
f 5236 3102 4895
f 5235 5236 4895
f 5235 4895 4896
f 5234 5235 4896
f 5234 4896 4897
f 4551 5234 4897
f 4551 4897 3403
f 4550 5231 5234
f 4550 5234 4551
f 4549 5228 5231
f 4549 5231 4550
f 1597 5237 5238
f 1597 5238 1606
f 5237 3599 3600
f 5237 3600 5238
f 1606 5238 5240
f 1606 5240 5239
f 5238 3600 3601
f 5238 3601 5240
f 3078 1587 1597
f 3078 1597 3593
f 1587 3586 5237
f 1587 5237 1597
f 3586 3080 3599
f 3586 3599 5237
f 5240 3601 3084
f 5240 3084 3602
f 5239 5240 3602
f 5239 3602 3603
f 3595 5239 3603
f 3595 3603 3082
f 3594 1606 5239
f 3594 5239 3595
f 3593 1597 1606
f 3593 1606 3594
f 5241 5242 5245
f 5241 5245 5244
f 5242 5243 5246
f 5242 5246 5245
f 5244 5245 5248
f 5244 5248 5247
f 5245 5246 5249
f 5245 5249 5248
f 3131 3780 5241
f 3131 5241 3825
f 3780 3779 5242
f 3780 5242 5241
f 3779 3778 5243
f 3779 5243 5242
f 3778 3079 3596
f 3778 3596 5243
f 5243 3596 3597
f 5243 3597 5246
f 5246 3597 3598
f 5246 3598 5249
f 5249 3598 3083
f 5249 3083 3781
f 5248 5249 3781
f 5248 3781 3782
f 5247 5248 3782
f 5247 3782 3783
f 3827 5247 3783
f 3827 3783 3132
f 3826 5244 5247
f 3826 5247 3827
f 3825 5241 5244
f 3825 5244 3826
f 5250 5251 5254
f 5250 5254 5253
f 5251 5252 5255
f 5251 5255 5254
f 5253 5254 5257
f 5253 5257 5256
f 5254 5255 5258
f 5254 5258 5257
f 3077 4864 5250
f 3077 5250 3590
f 4864 4865 5251
f 4864 5251 5250
f 4865 4866 5252
f 4865 5252 5251
f 4866 3347 4390
f 4866 4390 5252
f 5252 4390 4389
f 5252 4389 5255
f 5255 4389 4388
f 5255 4388 5258
f 5258 4388 3360
f 5258 3360 4867
f 5257 5258 4867
f 5257 4867 4868
f 5256 5257 4868
f 5256 4868 4869
f 3592 5256 4869
f 3592 4869 3081
f 3591 5253 5256
f 3591 5256 3592
f 3590 5250 5253
f 3590 5253 3591
f 5259 5260 5262
f 5259 5262 5261
f 5261 5262 5264
f 5261 5264 5263
f 3588 3587 5260
f 3588 5260 5259
f 3587 3077 3590
f 3587 3590 5260
f 5260 3590 3591
f 5260 3591 5262
f 5262 3591 3592
f 5262 3592 5264
f 5264 3592 3081
f 5264 3081 3604
f 5263 5264 3604
f 5263 3604 3605
f 5265 5266 5269
f 5265 5269 5268
f 5266 5267 5270
f 5266 5270 5269
f 5268 5269 5272
f 5268 5272 5271
f 5269 5270 5273
f 5269 5273 5272
f 3097 4870 5265
f 3097 5265 3574
f 4870 4871 5266
f 4870 5266 5265
f 4871 4872 5267
f 4871 5267 5266
f 4872 3399 4536
f 4872 4536 5267
f 5267 4536 4535
f 5267 4535 5270
f 5270 4535 4534
f 5270 4534 5273
f 5273 4534 3347
f 5273 3347 4866
f 5272 5273 4866
f 5272 4866 4865
f 5271 5272 4865
f 5271 4865 4864
f 3576 5271 4864
f 3576 4864 3077
f 3575 5268 5271
f 3575 5271 3576
f 3574 5265 5268
f 3574 5268 3575
f 5274 5275 5278
f 5274 5278 5277
f 5275 5276 5279
f 5275 5279 5278
f 5277 5278 5281
f 5277 5281 5280
f 5278 5279 5282
f 5278 5282 5281
f 3397 4885 5274
f 3397 5274 4407
f 4885 4886 5275
f 4885 5275 5274
f 4886 4887 5276
f 4886 5276 5275
f 4887 3192 4048
f 4887 4048 5276
f 5276 4048 4049
f 5276 4049 5279
f 5279 4049 4050
f 5279 4050 5282
f 5282 4050 3187
f 5282 3187 4888
f 5281 5282 4888
f 5281 4888 4889
f 5280 5281 4889
f 5280 4889 4890
f 4409 5280 4890
f 4409 4890 3352
f 4408 5277 5280
f 4408 5280 4409
f 4407 5274 5277
f 4407 5277 4408
f 4546 5283 5284
f 4546 5284 4547
f 4547 5284 5285
f 4547 5285 4548
f 3400 4875 5283
f 3400 5283 4546
f 4875 3396 4413
f 4875 4413 5283
f 5283 4413 4412
f 5283 4412 5284
f 5284 4412 4411
f 5284 4411 5285
f 5285 4411 3353
f 5285 3353 4873
f 4548 5285 4873
f 4548 4873 3350
f 5286 5287 5290
f 5286 5290 5289
f 5287 5288 5291
f 5287 5291 5290
f 5289 5290 5293
f 5289 5293 5292
f 5290 5291 5294
f 5290 5294 5293
f 3503 4715 5286
f 3503 5286 4799
f 4715 4714 5287
f 4715 5287 5286
f 4714 4713 5288
f 4714 5288 5287
f 4713 3310 4279
f 4713 4279 5288
f 5288 4279 4278
f 5288 4278 5291
f 5291 4278 4277
f 5291 4277 5294
f 5294 4277 3366
f 5294 3366 4800
f 5293 5294 4800
f 5293 4800 224
f 5292 5293 224
f 5292 224 4801
f 4797 5292 4801
f 4797 4801 3202
f 4798 5289 5292
f 4798 5292 4797
f 4799 5286 5289
f 4799 5289 4798
f 4719 5295 5296
f 4719 5296 4720
f 4720 5296 5297
f 4720 5297 4721
f 3502 4802 5295
f 3502 5295 4719
f 4802 3497 4272
f 4802 4272 5295
f 5295 4272 4271
f 5295 4271 5296
f 5296 4271 4270
f 5296 4270 5297
f 5297 4270 3317
f 5297 3317 4275
f 4721 5297 4275
f 4721 4275 3308
f 4302 5298 5299
f 4302 5299 4303
f 4303 5299 5300
f 4303 5300 4304
f 3298 4293 5298
f 3298 5298 4302
f 4293 3305 4727
f 4293 4727 5298
f 5298 4727 4726
f 5298 4726 5299
f 5299 4726 4725
f 5299 4725 5300
f 5300 4725 3505
f 5300 3505 4783
f 4304 5300 4783
f 4304 4783 3499
f 5301 5302 5304
f 5301 5304 5303
f 5302 4815 4816
f 5302 4816 5304
f 5303 5304 5306
f 5303 5306 5305
f 5304 4816 4817
f 5304 4817 5306
f 3106 3680 5301
f 3106 5301 4763
f 3680 3679 5302
f 3680 5302 5301
f 3679 3108 4815
f 3679 4815 5302
f 5306 4817 3331
f 5306 3331 4341
f 5305 5306 4341
f 5305 4341 4340
f 4765 5305 4340
f 4765 4340 3324
f 4764 5303 5305
f 4764 5305 4765
f 4763 5301 5303
f 4763 5303 4764
f 4462 5307 5308
f 4462 5308 4463
f 4463 5308 5309
f 4463 5309 4464
f 3369 4777 5307
f 3369 5307 4462
f 4777 3364 4254
f 4777 4254 5307
f 5307 4254 4253
f 5307 4253 5308
f 5308 4253 4252
f 5308 4252 5309
f 5309 4252 3295
f 5309 3295 4257
f 4464 5309 4257
f 4464 4257 3286
f 4659 5310 5311
f 4659 5311 4660
f 4660 5311 5312
f 4660 5312 4661
f 3439 4826 5310
f 3439 5310 4659
f 4826 3435 4360
f 4826 4360 5310
f 5310 4360 4359
f 5310 4359 5311
f 5311 4359 4358
f 5311 4358 5312
f 5312 4358 3337
f 5312 3337 4818
f 4661 5312 4818
f 4661 4818 3332
f 4315 5313 5314
f 4315 5314 4316
f 4316 5314 4811
f 4316 4811 3334
f 3319 4771 5313
f 3319 5313 4315
f 4771 3323 4339
f 4771 4339 5313
f 5313 4339 4338
f 5313 4338 5314
f 5314 4338 3330
f 5314 3330 4811
f 5315 212 211
f 5315 211 4913
f 212 5316 4912
f 212 4912 211
f 3202 4801 5315
f 3202 5315 4052
f 4801 224 212
f 4801 212 5315
f 224 4800 5316
f 224 5316 212
f 4800 3366 4452
f 4800 4452 5316
f 5316 4452 3464
f 5316 3464 4912
f 4052 5315 4913
f 4052 4913 3208
f 4929 4930 4923
f 4929 4923 4922
f 4930 4931 4924
f 4930 4924 4923
f 4931 3146 3090
f 4931 3090 4924
f 3480 4929 4922
f 3480 4922 3373
f 5317 5318 5321
f 5317 5321 5320
f 5318 5319 5322
f 5318 5322 5321
f 5320 5321 5324
f 5320 5324 5323
f 5321 5322 5325
f 5321 5325 5324
f 3376 4937 5317
f 3376 5317 4505
f 4937 4936 5318
f 4937 5318 5317
f 4936 4935 5319
f 4936 5319 5318
f 4935 3190 4042
f 4935 4042 5319
f 5319 4042 4043
f 5319 4043 5322
f 5322 4043 4044
f 5322 4044 5325
f 5325 4044 3191
f 5325 3191 4940
f 5324 5325 4940
f 5324 4940 4941
f 5323 5324 4941
f 5323 4941 4942
f 4507 5323 4942
f 4507 4942 3386
f 4506 5320 5323
f 4506 5323 4507
f 4505 5317 5320
f 4505 5320 4506
f 4528 5326 5327
f 4528 5327 4529
f 3393 4853 5326
f 3393 5326 4528
f 4853 3398 4516
f 4853 4516 5326
f 5326 4516 4515
f 5326 4515 5327
f 5327 4515 3388
f 5327 3388 4928
f 4529 5327 4928
f 4529 4928 3384
f 5328 5329 5332
f 5328 5332 5331
f 5329 5330 5333
f 5329 5333 5332
f 5331 5332 5335
f 5331 5335 5334
f 5332 5333 5336
f 5332 5336 5335
f 3203 4953 5328
f 3203 5328 4059
f 4953 4954 5329
f 4953 5329 5328
f 4954 4955 5330
f 4954 5330 5329
f 4955 3380 4487
f 4955 4487 5330
f 5330 4487 4486
f 5330 4486 5333
f 5333 4486 4485
f 5333 4485 5336
f 5336 4485 3391
f 5336 3391 4956
f 5335 5336 4956
f 5335 4956 4957
f 5334 5335 4957
f 5334 4957 4958
f 4061 5334 4958
f 4061 4958 3204
f 4060 5331 5334
f 4060 5334 4061
f 4059 5328 5331
f 4059 5331 4060
f 3885 3884 3620
f 3885 3620 3621
f 3884 3883 3619
f 3884 3619 3620
f 3883 3141 3089
f 3883 3089 3619
f 3151 3885 3621
f 3151 3621 3091
f 4932 4933 4936
f 4932 4936 4937
f 4933 4934 4935
f 4933 4935 4936
f 4934 3199 3190
f 4934 3190 4935
f 3491 4932 4937
f 3491 4937 3376
f 3871 3870 3786
f 3872 3871 3787
f 3872 3787 5337
f 3871 3786 3787
f 3025 3872 3035
f 3870 3151 3091
f 3870 3091 3786
f 5337 3787 3788
f 3015 5337 3788
f 3035 3872 5337
f 3035 5337 3015
f 3857 3856 3622
f 3857 3622 3623
f 3856 3156 3092
f 3856 3092 3622
f 3146 3857 3623
f 3146 3623 3090
f 5338 5339 5342
f 5338 5342 5341
f 5339 5340 5343
f 5339 5343 5342
f 3383 4927 5338
f 3383 5338 4524
f 4927 4926 5339
f 4927 5339 5338
f 4926 4925 5340
f 4926 5340 5339
f 4925 3094 3645
f 4925 3645 5340
f 5340 3645 3646
f 5340 3646 5343
f 5343 3646 3098
f 5343 3098 4857
f 5342 5343 4857
f 5342 4857 4856
f 5341 5342 4856
f 5341 4856 4855
f 4525 5341 4855
f 4525 4855 3394
f 4524 5338 5341
f 4524 5341 4525
f 5344 5345 5348
f 5344 5348 5347
f 5345 5346 5349
f 5345 5349 5348
f 5347 5348 5351
f 5347 5351 5350
f 5348 5349 5352
f 5348 5352 5351
f 3089 4944 5344
f 3089 5344 3624
f 4944 4945 5345
f 4944 5345 5344
f 4945 4946 5346
f 4945 5346 5345
f 4946 3378 4479
f 4946 4479 5346
f 5346 4479 4478
f 5346 4478 5349
f 5349 4478 4477
f 5349 4477 5352
f 5352 4477 3389
f 5352 3389 4947
f 5351 5352 4947
f 5351 4947 4948
f 5350 5351 4948
f 5350 4948 4949
f 3626 5350 4949
f 3626 4949 3093
f 3625 5347 5350
f 3625 5350 3626
f 3624 5344 5347
f 3624 5347 3625
f 4959 4960 4954
f 4959 4954 4953
f 4960 4961 4955
f 4960 4955 4954
f 4961 3452 3380
f 4961 3380 4955
f 3212 4959 4953
f 3212 4953 3203
f 4950 4951 4945
f 4950 4945 4944
f 4951 4952 4946
f 4951 4946 4945
f 4952 3442 3378
f 4952 3378 4946
f 3141 4950 4944
f 3141 4944 3089
f 5353 5354 5357
f 5353 5357 5356
f 5354 5355 5358
f 5354 5358 5357
f 5356 5357 5360
f 5356 5360 5359
f 5357 5358 5361
f 5357 5361 5360
f 3091 3621 5353
f 3091 5353 3630
f 3621 3620 5354
f 3621 5354 5353
f 3620 3619 5355
f 3620 5355 5354
f 3619 3089 3624
f 3619 3624 5355
f 5355 3624 3625
f 5355 3625 5358
f 5358 3625 3626
f 5358 3626 5361
f 5361 3626 3093
f 5361 3093 3639
f 5360 5361 3639
f 5360 3639 3640
f 5359 5360 3640
f 5359 3640 3095
f 3632 5359 3095
f 3631 5356 5359
f 3631 5359 3632
f 3630 5353 5356
f 3630 5356 3631
f 4502 5362 5363
f 4502 5363 4503
f 4503 5363 5364
f 4503 5364 4504
f 3384 4928 5362
f 3384 5362 4502
f 4928 3388 4483
f 4928 4483 5362
f 5362 4483 4482
f 5362 4482 5363
f 5363 4482 4481
f 5363 4481 5364
f 5364 4481 3379
f 5364 3379 4920
f 4504 5364 4920
f 4504 4920 3374
f 5365 5366 5369
f 5365 5369 5368
f 5366 5367 5370
f 5366 5370 5369
f 5368 5369 5372
f 5368 5372 5371
f 5369 5370 5373
f 5369 5373 5372
f 3015 3788 5365
f 3015 5365 3822
f 3788 3787 5366
f 3788 5366 5365
f 3787 3786 5367
f 3787 5367 5366
f 3786 3091 3630
f 3786 3630 5367
f 5367 3630 3631
f 5367 3631 5370
f 5370 3631 3632
f 5370 3632 5373
f 5373 3632 3095
f 5373 3095 3789
f 5372 5373 3789
f 5372 3789 3790
f 5371 5372 3790
f 5371 3790 3791
f 3824 5371 3791
f 3824 3791 3133
f 3823 5368 5371
f 3823 5371 3824
f 3822 5365 5368
f 3822 5368 3823
f 1564 5374 5375
f 1564 5375 1563
f 5374 3633 3634
f 5374 3634 5375
f 1563 5375 5376
f 1563 5376 1562
f 5375 3634 3635
f 5375 3635 5376
f 3090 3623 1564
f 3090 1564 3627
f 3623 3622 5374
f 3623 5374 1564
f 3622 3092 3633
f 3622 3633 5374
f 5376 3635 3096
f 5376 3096 3641
f 1562 5376 3641
f 1562 3641 3642
f 3629 1562 3642
f 3629 3642 3094
f 3628 1563 1562
f 3628 1562 3629
f 3627 1564 1563
f 3627 1563 3628
f 4421 5377 5378
f 4421 5378 4422
f 4422 5378 5379
f 4422 5379 4423
f 3355 4854 5377
f 3355 5377 4421
f 4854 3359 4394
f 4854 4394 5377
f 5377 4394 4393
f 5377 4393 5378
f 5378 4393 4392
f 5378 4392 5379
f 5379 4392 3348
f 5379 3348 4852
f 4423 5379 4852
f 4423 4852 3345
f 5380 5381 5384
f 5380 5384 5383
f 5381 5382 5385
f 5381 5385 5384
f 3386 4942 5380
f 3386 5380 4530
f 4942 4941 5381
f 4942 5381 5380
f 4941 4940 5382
f 4941 5382 5381
f 4940 3191 4040
f 4940 4040 5382
f 5382 4040 4041
f 5382 4041 5385
f 5385 4041 3192
f 5385 3192 4887
f 5384 5385 4887
f 5384 4887 4886
f 5383 5384 4886
f 5383 4886 4885
f 4531 5383 4885
f 4531 4885 3397
f 4530 5380 5383
f 4530 5383 4531
f 3533 4962 5386
f 3533 5386 4745
f 4745 5386 5387
f 4745 5387 4746
f 4962 3515 4570
f 4962 4570 5386
f 5386 4570 4569
f 5386 4569 5387
f 5387 4569 3408
f 5387 3408 4894
f 4746 5387 4894
f 4746 4894 3404
f 5388 5389 5392
f 5388 5392 5391
f 5389 5390 5393
f 5389 5393 5392
f 3204 4958 5388
f 3204 5388 4057
f 4958 4957 5389
f 4958 5389 5388
f 4957 4956 5390
f 4957 5390 5389
f 4956 3391 4519
f 4956 4519 5390
f 5390 4519 4518
f 5390 4518 5393
f 5393 4518 3401
f 5393 3401 4878
f 5392 5393 4878
f 5392 4878 4877
f 5391 5392 4877
f 5391 4877 4876
f 4058 5391 4876
f 4058 4876 3205
f 4057 5388 5391
f 4057 5391 4058
f 3647 5394 5396
f 3647 5396 3648
f 5394 5395 5397
f 5394 5397 5396
f 3095 3640 5394
f 3095 5394 3647
f 3640 3639 5395
f 3640 5395 5394
f 3639 3093 3643
f 3639 3643 5395
f 5395 3643 3644
f 5395 3644 5397
f 5397 3644 3097
f 5397 3097 3652
f 5396 5397 3652
f 5396 3652 3653
f 3648 5396 3653
f 3648 3653 3099
f 4522 5398 5399
f 4522 5399 4523
f 3390 4943 5398
f 3390 5398 4522
f 4943 3387 4533
f 4943 4533 5398
f 5398 4533 4532
f 5398 4532 5399
f 5399 4532 3396
f 5399 3396 4875
f 4523 5399 4875
f 4523 4875 3400
f 5400 5401 5403
f 5401 5402 5403
f 5400 5403 5405
f 5400 5405 5404
f 5403 5402 5406
f 5403 5406 5405
f 3133 3791 5400
f 3133 5400 3820
f 3791 3790 5401
f 3791 5401 5400
f 3790 3789 5402
f 3790 5402 5401
f 3789 3095 3647
f 3789 3647 5402
f 5402 3647 3648
f 5402 3648 5406
f 5406 3648 3099
f 5406 3099 3792
f 5405 5406 3792
f 5405 3792 3793
f 5404 5405 3793
f 5404 3793 3794
f 3821 5404 3794
f 3821 3794 3134
f 3820 5400 5404
f 3820 5404 3821
f 5407 5408 5410
f 5407 5410 5409
f 5408 3649 3650
f 5408 3650 5410
f 3094 3642 5407
f 3094 5407 3645
f 3642 3641 5408
f 3642 5408 5407
f 3641 3096 3649
f 3641 3649 5408
f 5410 3650 3100
f 5410 3100 3654
f 5409 5410 3654
f 5409 3654 1573
f 3646 5409 1573
f 3646 1573 3098
f 3645 5407 5409
f 3645 5409 3646
f 5411 5412 5415
f 5411 5415 5414
f 5412 5413 5416
f 5412 5416 5415
f 5414 5415 4964
f 5414 4964 4965
f 5415 5416 4963
f 5415 4963 4964
f 3403 4897 5411
f 3403 5411 4740
f 4897 4896 5412
f 4897 5412 5411
f 4896 4895 5413
f 4896 5413 5412
f 4895 3102 4070
f 4895 4070 5413
f 5413 4070 4071
f 5413 4071 5416
f 5416 4071 3218
f 5416 3218 4963
f 4741 5414 4965
f 4741 4965 3532
f 4740 5411 5414
f 4740 5414 4741
f 5417 5418 5419
f 5417 5419 1638
f 5418 3664 3665
f 5418 3665 5419
f 1638 5419 5420
f 1638 5420 1648
f 5419 3665 3666
f 5419 3666 5420
f 3082 3603 5417
f 3082 5417 3658
f 3603 3602 5418
f 3603 5418 5417
f 3602 3084 3664
f 3602 3664 5418
f 5420 3666 3104
f 5420 3104 3667
f 1648 5420 3667
f 1648 3667 3668
f 3660 1648 3668
f 3660 3668 3102
f 3659 1638 1648
f 3659 1648 3660
f 3658 5417 1638
f 3658 1638 3659
f 5421 5422 5425
f 5421 5425 5424
f 5422 5423 5426
f 5422 5426 5425
f 5424 5425 2218
f 5424 2218 5427
f 5425 5426 5428
f 5425 5428 2218
f 3132 3783 5421
f 3132 5421 3817
f 3783 3782 5422
f 3783 5422 5421
f 3782 3781 5423
f 3782 5423 5422
f 3781 3083 3661
f 3781 3661 5423
f 5423 3661 3662
f 5423 3662 5426
f 5426 3662 3663
f 5426 3663 5428
f 5428 3663 3103
f 5428 3103 3795
f 2218 5428 3795
f 2218 3795 3796
f 5427 2218 3796
f 5427 3796 3797
f 3819 5427 3797
f 3819 3797 3135
f 3818 5424 5427
f 3818 5427 3819
f 3817 5421 5424
f 3817 5424 3818
f 5429 5430 5433
f 5429 5433 5432
f 5430 5431 5434
f 5430 5434 5433
f 5432 5433 5436
f 5432 5436 5435
f 5433 5434 5437
f 5433 5437 5436
f 3357 4893 5429
f 3357 5429 4559
f 4893 4892 5430
f 4893 5430 5429
f 4892 4891 5431
f 4892 5431 5430
f 4891 3188 4037
f 4891 4037 5431
f 5431 4037 4038
f 5431 4038 5434
f 5434 4038 4039
f 5434 4039 5437
f 5437 4039 3193
f 5437 3193 4898
f 5436 5437 4898
f 5436 4898 4899
f 5435 5436 4899
f 5435 4899 4900
f 4561 5435 4900
f 4561 4900 3406
f 4560 5432 5435
f 4560 5435 4561
f 4559 5429 5432
f 4559 5432 4560
f 5438 5439 5442
f 5438 5442 5441
f 5439 5440 5443
f 5439 5443 5442
f 5441 5442 5445
f 5441 5445 5444
f 5442 5443 5446
f 5442 5446 5445
f 3083 6182 5438
f 3083 5438 3661
f 3605 3604 5440
f 3605 5440 5439
f 3605 5439 6181
f 3604 3081 3655
f 3604 3655 5440
f 5440 3655 3656
f 5440 3656 5443
f 5443 3656 3657
f 5443 3657 5446
f 5446 3657 3101
f 5446 3101 3669
f 5445 5446 3669
f 5445 3669 3670
f 5444 5445 3670
f 5444 3670 3671
f 3663 5444 3671
f 3663 3671 3103
f 3662 5441 5444
f 3662 5444 3663
f 3661 5438 5441
f 3661 5441 3662
f 5447 5448 5451
f 5447 5451 5450
f 5448 5449 5452
f 5448 5452 5451
f 5450 5451 5454
f 5450 5454 5453
f 5451 5452 5455
f 5451 5455 5454
f 3201 4884 5447
f 3201 5447 4054
f 4884 4883 5448
f 4884 5448 5447
f 4883 4882 5449
f 4883 5449 5448
f 4882 3362 4441
f 4882 4441 5449
f 5449 4441 4440
f 5449 4440 5452
f 5452 4440 4439
f 5452 4439 5455
f 5455 4439 3411
f 5455 3411 4905
f 5454 5455 4905
f 5454 4905 4906
f 5453 5454 4906
f 5453 4906 4907
f 4056 5453 4907
f 4056 4907 3206
f 4055 5450 5453
f 4055 5453 4056
f 4054 5447 5450
f 4054 5450 4055
f 5456 5457 4909
f 5456 4909 4910
f 5457 5458 4908
f 5457 4908 4909
f 3085 4782 5456
f 3085 5456 3901
f 4782 4781 5457
f 4782 5457 5456
f 4781 3064 5458
f 4781 5458 5457
f 3064 3054 4449
f 3064 4449 5458
f 5458 4449 3450
f 5458 3450 4908
f 3901 5456 4910
f 3901 4910 3137
f 5459 5460 5463
f 5459 5463 5462
f 5460 5461 5464
f 5460 5464 5463
f 5462 5463 5466
f 5462 5466 5465
f 5463 5464 5467
f 5463 5467 5466
f 3081 4869 5459
f 3081 5459 3655
f 4869 4868 5460
f 4869 5460 5459
f 4868 4867 5461
f 4868 5461 5460
f 4867 3360 4434
f 4867 4434 5461
f 5461 4434 4433
f 5461 4433 5464
f 5464 4433 4432
f 5464 4432 5467
f 5467 4432 3409
f 5467 3409 4902
f 5466 5467 4902
f 5466 4902 4903
f 5465 5466 4903
f 5465 4903 4904
f 3657 5465 4904
f 3657 4904 3101
f 3656 5462 5465
f 3656 5465 3657
f 3655 5459 5462
f 3655 5462 3656
f 4329 5468 5469
f 4329 5469 4330
f 4330 5469 5470
f 4330 5470 4331
f 3325 4759 5468
f 3325 5468 4329
f 4759 3327 4310
f 4759 4310 5468
f 5468 4310 4309
f 5468 4309 5469
f 5469 4309 4308
f 5469 4308 5470
f 5470 4308 3283
f 5470 3283 4246
f 4331 5470 4246
f 4331 4246 3276
f 4215 4214 5472
f 4215 5472 5471
f 4214 3232 3678
f 4214 3678 5472
f 5472 3678 3108
f 5472 3108 3679
f 5471 5472 3679
f 5471 3679 3680
f 3676 5471 3680
f 3676 3680 3106
f 3222 4215 5471
f 3222 5471 3676
f 4207 4206 5474
f 4207 5474 5473
f 4206 4205 5475
f 4206 5475 5474
f 4205 3227 3677
f 4205 3677 5475
f 5475 3677 3107
f 5475 3107 3798
f 5474 5475 3798
f 5474 3798 3799
f 5473 5474 3799
f 5473 3799 3800
f 3816 5473 3800
f 3816 3800 3136
f 3254 4207 5473
f 3254 5473 3816
f 4979 4980 5476
f 4979 5476 1773
f 4980 4981 5477
f 4980 5477 5476
f 4981 3269 4036
f 4981 4036 5477
f 5477 4036 3194
f 5477 3194 4792
f 5476 5477 4792
f 5476 4792 4791
f 1773 5476 4791
f 1773 4791 1758
f 4583 1773 1758
f 4583 1758 3417
f 3556 4979 1773
f 3556 1773 4583
f 3227 4192 5478
f 3227 5478 3677
f 4192 4191 5479
f 4192 5479 5478
f 4191 3217 3675
f 4191 3675 5479
f 5479 3675 3105
f 5479 3105 3681
f 5478 5479 3681
f 5478 3681 3682
f 3677 5478 3682
f 3677 3682 3107
f 4986 231 239
f 4986 239 5480
f 231 4987 5481
f 231 5481 239
f 4987 3517 4733
f 4987 4733 5481
f 5481 4733 3419
f 5481 3419 4789
f 239 5481 4789
f 239 4789 4788
f 5480 239 4788
f 5480 4788 4787
f 4053 5480 4787
f 4053 4787 3207
f 3274 4986 5480
f 3274 5480 4053
f 5482 5483 5486
f 5482 5486 5485
f 5483 5484 5487
f 5483 5487 5486
f 5485 5486 5489
f 5485 5489 5488
f 5486 5487 5490
f 5486 5490 5489
f 3423 4604 5482
f 3423 5482 4849
f 4604 4603 5483
f 4604 5483 5482
f 4603 4602 5484
f 4603 5484 5483
f 4602 3438 4825
f 4602 4825 5484
f 5484 4825 4824
f 5484 4824 5487
f 5487 4824 4823
f 5487 4823 5490
f 5490 4823 3014
f 5490 3014 3027
f 5489 5490 3027
f 5489 3027 3028
f 5488 5489 3028
f 5488 3028 3029
f 4851 5488 3029
f 4851 3029 3012
f 4850 5485 5488
f 4850 5488 4851
f 4849 5482 5485
f 4849 5485 4850
f 4983 4984 5492
f 4983 5492 5491
f 4984 4985 1726
f 4984 1726 5492
f 4985 3507 1719
f 4985 1719 1726
f 1726 1719 1718
f 1726 1718 1728
f 5492 1726 1728
f 5492 1728 4770
f 5491 5492 4770
f 5491 4770 4769
f 3675 5491 4769
f 3675 4769 3105
f 3217 4983 5491
f 3217 5491 3675
f 4179 4178 5494
f 4179 5494 5493
f 4178 4177 5495
f 4178 5495 5494
f 4177 3237 3728
f 4177 3728 5495
f 5495 3728 3122
f 5495 3122 3775
f 5494 5495 3775
f 5494 3775 3776
f 5493 5494 3776
f 5493 3776 3777
f 3815 5493 3777
f 3815 3777 3130
f 3248 4179 5493
f 3248 5493 3815
f 4166 5497 5496
f 4166 4165 5498
f 4166 5498 5497
f 4165 3243 3729
f 4165 3729 5498
f 5498 3729 3121
f 5498 3121 3910
f 5497 5498 3910
f 5497 3910 3911
f 5496 5497 3911
f 5496 3911 3912
f 3981 5496 3912
f 3981 3912 3168
f 3259 4166 5496
f 3259 5496 3981
f 5499 5500 5502
f 5499 5502 16
f 5500 5501 476
f 5500 476 5502
f 16 5502 5504
f 16 5504 5503
f 5502 476 484
f 5502 484 5504
f 3124 3761 5499
f 3124 5499 3812
f 3761 3760 5500
f 3761 5500 5499
f 3760 3759 5501
f 3760 5501 5500
f 3759 3112 3730
f 3759 3730 5501
f 5501 3730 3731
f 5501 3731 476
f 476 3731 3732
f 476 3732 484
f 484 3732 3120
f 484 3120 3772
f 5504 484 3772
f 5504 3772 3773
f 5503 5504 3773
f 5503 3773 3774
f 3814 5503 3774
f 3814 3774 3129
f 3813 16 5503
f 3813 5503 3814
f 3812 5499 16
f 3812 16 3813
f 5505 5506 2109
f 5505 2109 5508
f 5506 5507 5509
f 5506 5509 2109
f 5508 2109 2117
f 5508 2117 5510
f 2109 5509 5511
f 2109 5511 2117
f 3075 3570 5505
f 3075 5505 3978
f 3570 3569 5506
f 3570 5506 5505
f 3569 3568 5507
f 3569 5507 5506
f 3568 3111 3733
f 3568 3733 5507
f 5507 3733 3734
f 5507 3734 5509
f 5509 3734 3735
f 5509 3735 5511
f 5511 3735 3119
f 5511 3119 3907
f 2117 5511 3907
f 2117 3907 3908
f 5510 2117 3908
f 5510 3908 3909
f 3980 5510 3909
f 3980 3909 3167
f 3979 5508 5510
f 3979 5510 3980
f 3978 5505 5508
f 3978 5508 3979
f 5512 5513 5516
f 5512 5516 5515
f 5513 5514 5517
f 5513 5517 5516
f 3072 3562 5512
f 3072 5512 3976
f 3562 3561 5513
f 3562 5513 5512
f 3561 3560 5514
f 3561 5514 5513
f 3560 3116 1939
f 3560 1939 5514
f 5514 1939 3736
f 5514 3736 3737
f 5514 3737 5517
f 5517 3737 3118
f 5517 3118 3557
f 5516 5517 3557
f 5516 3557 3558
f 5515 5516 3558
f 5515 3558 3559
f 3977 5515 3559
f 3977 3559 3071
f 3976 5512 5515
f 3976 5515 3977
f 76 5518 5520
f 76 5520 75
f 5518 5519 5521
f 5518 5521 5520
f 3127 3770 76
f 3127 76 3810
f 3770 3769 5518
f 3770 5518 76
f 3769 3768 5519
f 3769 5519 5518
f 3768 3115 3738
f 3768 3738 5519
f 5519 3738 3739
f 5519 3739 5521
f 5521 3739 3117
f 5521 3117 401
f 5520 5521 401
f 5520 401 3771
f 75 5520 3771
f 75 3771 66
f 3811 75 66
f 3811 66 3128
f 3810 76 75
f 3810 75 3811
f 5522 5523 5526
f 5522 5526 5525
f 5523 5524 5527
f 5523 5527 5526
f 5525 5526 5529
f 5525 5529 5528
f 5526 5527 5530
f 5526 5530 5529
f 3073 3565 5522
f 3073 5522 3973
f 3565 3564 5523
f 3565 5523 5522
f 3564 3563 5524
f 3564 5524 5523
f 3563 3013 3740
f 3563 3740 5524
f 5524 3740 3741
f 5524 3741 5527
f 5527 3741 3742
f 5527 3742 5530
f 5530 3742 3116
f 5530 3116 3560
f 5529 5530 3560
f 5529 3560 3561
f 5528 5529 3561
f 5528 3561 3562
f 3975 5528 3562
f 3975 3562 3072
f 3974 5525 5528
f 3974 5528 3975
f 3973 5522 5525
f 3973 5525 3974
f 5531 5532 5534
f 5531 5534 5533
f 5532 396 392
f 5532 392 5534
f 5533 5534 5536
f 5533 5536 5535
f 5534 392 393
f 5534 393 5536
f 3126 3767 5531
f 3126 5531 3807
f 3767 3766 5532
f 3767 5532 5531
f 3766 3765 396
f 3766 396 5532
f 3765 3114 3743
f 3765 3743 396
f 396 3743 3744
f 396 3744 392
f 392 3744 3745
f 392 3745 393
f 393 3745 3115
f 393 3115 3768
f 5536 393 3768
f 5536 3768 3769
f 5535 5536 3769
f 5535 3769 3770
f 3809 5535 3770
f 3809 3770 3127
f 3808 5533 5535
f 3808 5535 3809
f 3807 5531 5533
f 3807 5533 3808
f 3949 3948 5537
f 3949 5537 3565
f 3948 3947 3039
f 3948 3039 5537
f 3565 5537 3564
f 5537 3039 5538
f 5537 5538 3564
f 3947 3020 3033
f 3947 3033 3039
f 3039 3033 3034
f 3039 3034 5538
f 5538 3034 3013
f 5538 3013 3563
f 3564 5538 3563
f 3181 3949 3565
f 3181 3565 3073
f 3850 3849 3766
f 3850 3766 3767
f 3849 3848 3765
f 3849 3765 3766
f 3848 3161 3114
f 3848 3114 3765
f 3166 3850 3767
f 3166 3767 3126
f 5539 5540 5543
f 5539 5543 5542
f 5540 5541 5544
f 5540 5544 5543
f 5542 5543 5546
f 5542 5546 5545
f 5543 5544 5547
f 5543 5547 5546
f 3498 4700 5539
f 3498 5539 4803
f 4700 4699 5540
f 4700 5540 5539
f 4699 4698 5541
f 4699 5541 5540
f 4698 3342 4848
f 4698 4848 5541
f 5541 4848 4847
f 5541 4847 5544
f 5544 4847 4846
f 5544 4846 5547
f 5547 4846 3074
f 5547 3074 4003
f 5546 5547 4003
f 5546 4003 4004
f 5545 5546 4004
f 5545 4004 4005
f 4805 5545 4005
f 4805 4005 3189
f 4804 5542 5545
f 4804 5545 4805
f 4803 5539 5542
f 4803 5542 4804
f 5548 5549 5552
f 5548 5552 5551
f 5549 5550 5553
f 5549 5553 5552
f 5551 5552 5555
f 5551 5555 5554
f 5552 5553 5556
f 5552 5556 5555
f 3168 3912 5548
f 3168 5548 4996
f 3912 3911 5549
f 3912 5549 5548
f 3911 3910 5550
f 3911 5550 5549
f 3910 3121 4997
f 3910 4997 5550
f 5550 4997 4998
f 5550 4998 5553
f 5553 4998 4999
f 5553 4999 5556
f 5556 4999 3430
f 5556 3430 4628
f 5555 5556 4628
f 5555 4628 4627
f 5554 5555 4627
f 5554 4627 4626
f 4994 5554 4626
f 4994 4626 3496
f 4995 5551 5554
f 4995 5554 4994
f 4996 5548 5551
f 4996 5551 4995
f 5557 5558 5560
f 5557 5560 5559
f 5558 429 440
f 5558 440 5560
f 5559 5560 5562
f 5559 5562 5561
f 5560 440 5563
f 5560 5563 5562
f 3123 3758 5557
f 3123 5557 3804
f 3758 3757 5558
f 3758 5558 5557
f 3757 420 429
f 3757 429 5558
f 420 3110 3746
f 420 3746 429
f 429 3746 3747
f 429 3747 440
f 440 3747 3748
f 440 3748 5563
f 5563 3748 3112
f 5563 3112 3759
f 5562 5563 3759
f 5562 3759 3760
f 5561 5562 3760
f 5561 3760 3761
f 3806 5561 3761
f 3806 3761 3124
f 3805 5559 5561
f 3805 5561 3806
f 3804 5557 5559
f 3804 5559 3805
f 5564 5565 5568
f 5564 5568 5567
f 5565 5566 5569
f 5565 5569 5568
f 5567 5568 5571
f 5567 5571 5570
f 5568 5569 5572
f 5568 5572 5571
f 3076 3573 5564
f 3076 5564 3970
f 3573 3572 5565
f 3573 5565 5564
f 3572 3571 5566
f 3572 5566 5565
f 3571 3109 3749
f 3571 3749 5566
f 5566 3749 3750
f 5566 3750 5569
f 5569 3750 3751
f 5569 3751 5572
f 5572 3751 3111
f 5572 3111 3568
f 5571 5572 3568
f 5571 3568 3569
f 5570 5571 3569
f 5570 3569 3570
f 3972 5570 3570
f 3972 3570 3075
f 3971 5567 5570
f 3971 5570 3972
f 3970 5564 5567
f 3970 5567 3971
f 57 5573 5576
f 57 5576 5575
f 5573 5574 5577
f 5573 5577 5576
f 5575 5576 5579
f 5575 5579 5578
f 5576 5577 5580
f 5576 5580 5579
f 3128 66 57
f 3128 57 3801
f 66 3771 5573
f 66 5573 57
f 3771 401 5574
f 3771 5574 5573
f 401 3117 3752
f 401 3752 5574
f 5574 3752 3753
f 5574 3753 5577
f 5577 3753 3754
f 5577 3754 5580
f 5580 3754 3110
f 5580 3110 420
f 5579 5580 420
f 5579 420 3757
f 5578 5579 3757
f 5578 3757 3758
f 3803 5578 3758
f 3803 3758 3123
f 3802 5575 5578
f 3802 5578 3803
f 3801 57 5575
f 3801 5575 3802
f 5581 5582 5585
f 5581 5585 5584
f 5582 5583 5586
f 5582 5586 5585
f 5584 5585 5588
f 5584 5588 5587
f 5585 5586 5589
f 5585 5589 5588
f 3071 3559 5581
f 3071 5581 3967
f 3559 3558 5582
f 3559 5582 5581
f 3558 3557 5583
f 3558 5583 5582
f 3557 3118 3755
f 3557 3755 5583
f 5583 3755 2393
f 5583 2393 5586
f 5586 2393 3756
f 5586 3756 5589
f 5589 3756 3109
f 5589 3109 3571
f 5588 5589 3571
f 5588 3571 3572
f 5587 5588 3572
f 5587 3572 3573
f 3969 5587 3573
f 3969 3573 3076
f 3968 5584 5587
f 3968 5587 3969
f 3967 5581 5584
f 3967 5584 3968
f 5590 5591 5594
f 5590 5594 5593
f 5591 5592 5595
f 5591 5595 5594
f 5593 5594 5597
f 5593 5597 5596
f 5594 5595 5598
f 5594 5598 5597
f 3121 3724 5590
f 3121 5590 4997
f 3724 3723 5591
f 3724 5591 5590
f 3723 3722 5592
f 3723 5592 5591
f 3722 3136 4835
f 3722 4835 5592
f 5592 4835 4834
f 5592 4834 5595
f 5595 4834 4833
f 5595 4833 5598
f 5598 4833 3436
f 5598 3436 4643
f 5597 5598 4643
f 5597 4643 4642
f 5596 5597 4642
f 5596 4642 4641
f 4999 5596 4641
f 4999 4641 3430
f 4998 5593 5596
f 4998 5596 4999
f 4997 5590 5593
f 4997 5593 4998
f 5599 5600 5603
f 5599 5603 5602
f 5600 5601 5604
f 5600 5604 5603
f 5602 5603 5606
f 5602 5606 5605
f 5603 5604 5607
f 5603 5607 5606
f 3176 3936 5599
f 3176 5599 4839
f 3936 3935 5600
f 3936 5600 5599
f 3935 3934 5601
f 3935 5601 5600
f 3934 3207 4786
f 3934 4786 5601
f 5601 4786 4785
f 5601 4785 5604
f 5604 4785 4784
f 5604 4784 5607
f 5607 4784 3500
f 5607 3500 4706
f 5606 5607 4706
f 5606 4706 4705
f 5605 5606 4705
f 5605 4705 4704
f 4841 5605 4704
f 4841 4704 3339
f 4840 5602 5605
f 4840 5605 4841
f 4839 5599 5602
f 4839 5602 4840
f 5608 5609 5612
f 5608 5612 5611
f 5609 5610 5613
f 5609 5613 5612
f 5611 5612 5615
f 5611 5615 5614
f 5612 5613 5616
f 5612 5616 5615
f 3427 4619 5608
f 3427 5608 4990
f 4619 4618 5609
f 4619 5609 5608
f 4618 4617 5610
f 4618 5610 5609
f 4617 3493 4991
f 4617 4991 5610
f 5610 4991 4992
f 5610 4992 5613
f 5613 4992 4993
f 5613 4993 5616
f 5616 4993 3171
f 5616 3171 3698
f 5615 5616 3698
f 5615 3698 3699
f 5614 5615 3699
f 5614 3699 3700
f 4988 5614 3700
f 4988 3700 3113
f 4989 5611 5614
f 4989 5614 4988
f 4990 5608 5611
f 4990 5611 4989
f 4614 5617 5618
f 4614 5618 4615
f 4615 5618 5619
f 4615 5619 4616
f 3424 4843 5617
f 3424 5617 4614
f 4843 3431 4646
f 4843 4646 5617
f 5617 4646 4645
f 5617 4645 5618
f 5618 4645 4644
f 5618 4644 5619
f 5619 4644 3435
f 5619 3435 4826
f 4616 5619 4826
f 4616 4826 3439
f 5620 5621 5624
f 5620 5624 5623
f 5621 5622 5625
f 5621 5625 5624
f 5623 5624 5627
f 5623 5627 5626
f 5624 5625 5628
f 5624 5628 5627
f 3438 4649 5620
f 3438 5620 4825
f 4649 4648 5621
f 4649 5621 5620
f 4648 4647 5622
f 4648 5622 5621
f 4647 3329 4814
f 4647 4814 5622
f 5622 4814 4813
f 5622 4813 5625
f 5625 4813 4812
f 5625 4812 5628
f 5628 4812 3087
f 5628 3087 3784
f 5627 5628 3784
f 5627 3784 3785
f 5626 5627 3785
f 5626 3785 3044
f 4823 5626 3044
f 4823 3044 3014
f 4824 5623 5626
f 4824 5626 4823
f 4825 5620 5623
f 4825 5623 4824
f 5629 5630 5633
f 5629 5633 5632
f 5630 5631 5634
f 5630 5634 5633
f 5632 5633 5636
f 5632 5636 5635
f 5633 5634 5637
f 5633 5637 5636
f 3335 4348 5629
f 3335 5629 4808
f 4348 4347 5630
f 4348 5630 5629
f 4347 4346 5631
f 4347 5631 5630
f 4346 3433 4830
f 4346 4830 5631
f 5631 4830 4831
f 5631 4831 5634
f 5634 4831 4832
f 5634 4832 5637
f 5637 4832 3125
f 5637 3125 3609
f 5636 5637 3609
f 5636 3609 3610
f 5635 5636 3610
f 5635 3610 3611
f 4810 5635 3611
f 4810 3611 3088
f 4809 5632 5635
f 4809 5635 4810
f 4808 5629 5632
f 4808 5632 4809
f 5638 5639 5642
f 5638 5642 5641
f 5639 5640 5643
f 5639 5643 5642
f 5641 5642 5645
f 5641 5645 5644
f 5642 5643 5646
f 5642 5646 5645
f 3100 3651 5638
f 3100 5638 3583
f 3651 1459 5639
f 3651 5639 5638
f 1459 1356 5640
f 1459 5640 5639
f 1356 3128 3801
f 1356 3801 5640
f 5640 3801 3802
f 5640 3802 5643
f 5643 3802 3803
f 5643 3803 5646
f 5646 3803 3123
f 5646 3123 1372
f 5645 5646 1372
f 5645 1372 1475
f 5644 5645 1475
f 5644 1475 3589
f 3585 5644 3589
f 3585 3589 3080
f 3584 5641 5644
f 3584 5644 3585
f 3583 5638 5641
f 3583 5641 3584
f 5647 1483 1494
f 5647 1494 5648
f 1483 1380 5649
f 1483 5649 1494
f 5648 1494 5651
f 5648 5651 5650
f 1494 5649 5652
f 1494 5652 5651
f 3080 3589 5647
f 3080 5647 3599
f 3589 1475 1483
f 3589 1483 5647
f 1475 1372 1380
f 1475 1380 1483
f 1372 3123 3804
f 1372 3804 1380
f 1380 3804 3805
f 1380 3805 5649
f 5649 3805 3806
f 5649 3806 5652
f 5652 3806 3124
f 5652 3124 3606
f 5651 5652 3606
f 5651 3606 3607
f 5650 5651 3607
f 5650 3607 3608
f 3601 5650 3608
f 3601 3608 3084
f 3600 5648 5650
f 3600 5650 3601
f 3599 5647 5648
f 3599 5648 3600
f 5653 5654 5657
f 5653 5657 5656
f 5654 5655 5658
f 5654 5658 5657
f 5656 5657 5660
f 5656 5660 5659
f 5657 5658 5661
f 5657 5661 5660
f 3136 3800 5653
f 3136 5653 4835
f 3800 3799 5654
f 3800 5654 5653
f 3799 3798 5655
f 3799 5655 5654
f 3798 3107 4821
f 3798 4821 5655
f 5655 4821 4820
f 5655 4820 5658
f 5658 4820 4819
f 5658 4819 5661
f 5661 4819 3338
f 5661 3338 4357
f 5660 5661 4357
f 5660 4357 4356
f 5659 5660 4356
f 5659 4356 4355
f 4833 5659 4355
f 4833 4355 3436
f 4834 5656 5659
f 4834 5659 4833
f 4835 5653 5656
f 4835 5656 4834
f 3838 3837 3617
f 3838 3617 3618
f 3837 3836 3616
f 3837 3616 3617
f 3836 3166 3126
f 3836 3126 3616
f 3156 3838 3618
f 3156 3618 3092
f 5662 1454 1449
f 5662 1449 5663
f 1454 1351 1346
f 1454 1346 1449
f 5663 1449 1450
f 5663 1450 5664
f 1449 1346 1347
f 1449 1347 1450
f 3092 3618 5662
f 3092 5662 3633
f 3618 3617 1454
f 3618 1454 5662
f 3617 3616 1351
f 3617 1351 1454
f 3616 3126 3807
f 3616 3807 1351
f 1351 3807 3808
f 1351 3808 1346
f 1346 3808 3809
f 1346 3809 1347
f 1347 3809 3127
f 1347 3127 3636
f 1450 1347 3636
f 1450 3636 3637
f 5664 1450 3637
f 5664 3637 3638
f 3635 5664 3638
f 3635 3638 3096
f 3634 5663 5664
f 3634 5664 3635
f 3633 5662 5663
f 3633 5663 3634
f 5665 5666 5669
f 5665 5669 5668
f 5666 5667 5670
f 5666 5670 5669
f 3096 3638 5665
f 3096 5665 3649
f 3638 3637 5666
f 3638 5666 5665
f 3637 3636 5667
f 3637 5667 5666
f 3636 3127 3810
f 3636 3810 5667
f 5667 3810 3811
f 5667 3811 5670
f 5670 3811 3128
f 5670 3128 1356
f 5669 5670 1356
f 5669 1356 1459
f 5668 5669 1459
f 5668 1459 3651
f 3650 5668 3651
f 3650 3651 3100
f 3649 5665 5668
f 3649 5668 3650
f 5671 5672 5675
f 5671 5675 5674
f 5672 5673 5676
f 5672 5676 5675
f 5674 5675 1534
f 5674 1534 5677
f 5675 5676 1423
f 5675 1423 1534
f 3084 3608 5671
f 3084 5671 3664
f 3608 3607 5672
f 3608 5672 5671
f 3607 3606 5673
f 3607 5673 5672
f 3606 3124 3812
f 3606 3812 5673
f 5673 3812 3813
f 5673 3813 5676
f 5676 3813 3814
f 5676 3814 1423
f 1423 3814 3129
f 1423 3129 3672
f 1534 1423 3672
f 1534 3672 3673
f 5677 1534 3673
f 5677 3673 3674
f 3666 5677 3674
f 3666 3674 3104
f 3665 5674 5677
f 3665 5677 3666
f 3664 5671 5674
f 3664 5674 3665
f 4153 4152 5679
f 4153 5679 5678
f 4152 4151 5680
f 4152 5680 5679
f 4151 3248 3815
f 4151 3815 5680
f 5680 3815 3130
f 5680 3130 3683
f 5679 5680 3683
f 5679 3683 3684
f 5678 5679 3684
f 5678 3684 3685
f 3678 5678 3685
f 3678 3685 3108
f 3232 4153 5678
f 3232 5678 3678
f 5681 5682 5685
f 5681 5685 5684
f 5682 5683 5686
f 5682 5686 5685
f 5684 5685 5688
f 5684 5688 5687
f 5685 5686 5689
f 5685 5689 5688
f 3111 3694 5681
f 3111 5681 3733
f 3694 3693 5682
f 3694 5682 5681
f 3693 3692 5683
f 3693 5683 5682
f 3692 3132 3817
f 3692 3817 5683
f 5683 3817 3818
f 5683 3818 5686
f 5686 3818 3819
f 5686 3819 5689
f 5689 3819 3135
f 5689 3135 3716
f 5688 5689 3716
f 5688 3716 3717
f 5687 5688 3717
f 5687 3717 3718
f 3735 5687 3718
f 3735 3718 3119
f 3734 5684 5687
f 3734 5687 3735
f 3733 5681 5684
f 3733 5684 3734
f 5690 1969 1974
f 5690 1974 5692
f 1969 5691 5693
f 1969 5693 1974
f 3116 3709 5690
f 3116 5690 1939
f 3709 3708 1969
f 3709 1969 5690
f 3708 3707 5691
f 3708 5691 1969
f 3707 3133 3820
f 3707 3820 5691
f 5691 3820 3821
f 5691 3821 5693
f 5693 3821 3134
f 5693 3134 3713
f 1974 5693 3713
f 1974 3713 3714
f 5692 1974 3714
f 5692 3714 3715
f 3737 5692 3715
f 3737 3715 3118
f 3736 5690 5692
f 3736 5692 3737
f 1939 5690 3736
f 5694 5695 5698
f 5694 5698 5697
f 5695 5696 5699
f 5695 5699 5698
f 5697 5698 5701
f 5697 5701 5700
f 5698 5699 5702
f 5698 5702 5701
f 3013 3032 5694
f 3013 5694 3740
f 3032 3031 5695
f 3032 5695 5694
f 3031 3030 5696
f 3031 5696 5695
f 3030 3015 3822
f 3030 3822 5696
f 5696 3822 3823
f 5696 3823 5699
f 5699 3823 3824
f 5699 3824 5702
f 5702 3824 3133
f 5702 3133 3707
f 5701 5702 3707
f 5701 3707 3708
f 5700 5701 3708
f 5700 3708 3709
f 3742 5700 3709
f 3742 3709 3116
f 3741 5697 5700
f 3741 5700 3742
f 3740 5694 5697
f 3740 5697 3741
f 4638 5703 5704
f 4638 5704 4639
f 4639 5704 5705
f 4639 5705 4640
f 3432 4822 5703
f 3432 5703 4638
f 4822 3437 4607
f 4822 4607 5703
f 5703 4607 4606
f 5703 4606 5704
f 5704 4606 4605
f 5704 4605 5705
f 5705 4605 3422
f 5705 3422 4844
f 4640 5705 4844
f 4640 4844 3428
f 5706 5707 5710
f 5706 5710 5709
f 5707 5708 5711
f 5707 5711 5710
f 5709 5710 5713
f 5709 5713 5712
f 5710 5711 5714
f 5710 5714 5713
f 3109 3688 5706
f 3109 5706 3749
f 3688 3687 5707
f 3688 5707 5706
f 3687 3686 5708
f 3687 5708 5707
f 3686 3131 3825
f 3686 3825 5708
f 5708 3825 3826
f 5708 3826 5711
f 5711 3826 3827
f 5711 3827 5714
f 5714 3827 3132
f 5714 3132 3692
f 5713 5714 3692
f 5713 3692 3693
f 5712 5713 3693
f 5712 3693 3694
f 3751 5712 3694
f 3751 3694 3111
f 3750 5709 5712
f 3750 5712 3751
f 3749 5706 5709
f 3749 5709 3750
f 5715 5716 5718
f 5715 5718 2410
f 5716 5717 2452
f 5716 2452 5718
f 2410 5718 5720
f 2410 5720 5719
f 5718 2452 5721
f 5718 5721 5720
f 3118 3715 5715
f 3118 5715 3755
f 3715 3714 5716
f 3715 5716 5715
f 3714 3713 5717
f 3714 5717 5716
f 3713 3134 3828
f 3713 3828 5717
f 5717 3828 2466
f 5717 2466 2452
f 2452 2466 3829
f 2452 3829 5721
f 5721 3829 3131
f 5721 3131 3686
f 5720 5721 3686
f 5720 3686 3687
f 5719 5720 3687
f 5719 3687 3688
f 3756 5719 3688
f 3756 3688 3109
f 2393 2410 5719
f 2393 5719 3756
f 3755 5715 2410
f 3755 2410 2393
f 3479 4921 5000
f 3479 5000 3477
f 4921 3443 3445
f 4921 3445 5000
f 5722 5723 5726
f 5722 5726 5725
f 5723 5724 5727
f 5723 5727 5726
f 5725 5726 5729
f 5725 5729 5728
f 5726 5727 5730
f 5726 5730 5729
f 3130 3777 5722
f 3130 5722 4827
f 3777 3776 5723
f 3777 5723 5722
f 3776 3775 5724
f 3776 5724 5723
f 3775 3122 4838
f 3775 4838 5724
f 5724 4838 4837
f 5724 4837 5727
f 5727 4837 4836
f 5727 4836 5730
f 5730 4836 3425
f 5730 3425 4610
f 5729 5730 4610
f 5729 4610 4609
f 5728 5729 4609
f 5728 4609 4608
f 4829 5728 4608
f 4829 4608 3440
f 4828 5725 5728
f 4828 5728 4829
f 4827 5722 5725
f 4827 5725 4828
f 3832 3831 1446
f 3832 1446 3833
f 3831 3830 1343
f 3831 1343 1446
f 3830 3162 3163
f 3830 3163 1343
f 3152 3832 3833
f 3152 3833 3153
f 3833 1446 1441
f 3833 1441 3834
f 1446 1343 1338
f 1446 1338 1441
f 1343 3163 3164
f 1343 3164 1338
f 3153 3833 3834
f 3153 3834 3154
f 3834 1441 1442
f 3834 1442 3835
f 1441 1338 1339
f 1441 1339 1442
f 1338 3164 3165
f 1338 3165 1339
f 3154 3834 3835
f 3154 3835 3155
f 3835 1442 3837
f 3835 3837 3838
f 1442 1339 3836
f 1442 3836 3837
f 1339 3165 3166
f 1339 3166 3836
f 3155 3835 3838
f 3155 3838 3156
f 3841 3840 3842
f 3841 3842 3843
f 3840 3839 388
f 3840 388 3842
f 3839 3157 3158
f 3839 3158 388
f 3162 3841 3843
f 3162 3843 3163
f 3843 3842 3844
f 3843 3844 3845
f 3842 388 383
f 3842 383 3844
f 388 3158 3159
f 388 3159 383
f 3163 3843 3845
f 3163 3845 3164
f 3845 3844 3846
f 3845 3846 3847
f 3844 383 384
f 3844 384 3846
f 383 3159 3160
f 383 3160 384
f 3164 3845 3847
f 3164 3847 3165
f 3847 3846 3849
f 3847 3849 3850
f 3846 384 3848
f 3846 3848 3849
f 384 3160 3161
f 384 3161 3848
f 3165 3847 3850
f 3165 3850 3166
f 3938 3937 3939
f 3938 3939 3940
f 3940 3939 3036
f 3937 3016 3036
f 3937 3036 3939
f 3939 3036 3017
f 3177 3938 3940
f 3177 3940 3178
f 3940 3939 3942
f 3940 3942 3943
f 3939 3036 3941
f 3939 3941 3942
f 3036 3017 3037
f 3036 3037 3941
f 3941 3037 3018
f 3178 3940 3943
f 3178 3943 3179
f 3943 3942 5731
f 3943 5731 3946
f 3942 3037 3944
f 3942 3944 5731
f 3942 3941 3037
f 3037 3018 3038
f 3037 3038 3944
f 3944 3038 3019
f 5731 3944 3945
f 3946 5731 3945
f 3179 3943 3946
f 3179 3946 3180
f 3946 3945 3948
f 3946 3948 5732
f 3945 3944 5537
f 3945 5537 3948
f 5732 3948 3949
f 3948 5537 3947
f 3944 3019 3039
f 3944 3039 5537
f 5537 3039 3947
f 3947 3039 3020
f 3181 5732 3949
f 3180 3946 5732
f 3180 5732 3181
f 3852 3851 3853
f 3852 3853 1556
f 3851 3152 3153
f 3851 3153 3853
f 3142 3852 1556
f 3142 1556 3143
f 1556 3853 3854
f 1556 3854 1555
f 3853 3153 3154
f 3853 3154 3854
f 3143 1556 1555
f 3143 1555 3144
f 1555 3854 3855
f 1555 3855 1554
f 3854 3154 3155
f 3854 3155 3855
f 3144 1555 1554
f 3144 1554 3145
f 1554 3855 3856
f 1554 3856 3857
f 3855 3155 3156
f 3855 3156 3856
f 3145 1554 3857
f 3145 3857 3146
f 3860 3859 3862
f 3860 3862 3863
f 3859 3858 3861
f 3859 3861 3862
f 3858 3147 3148
f 3858 3148 3861
f 3021 3860 3863
f 3021 3863 3022
f 3022 3862 3865
f 3022 3865 3866
f 3862 3861 3149
f 3862 3149 3865
f 3865 3149 3864
f 3863 3862 3022
f 3861 3148 3149
f 3040 3022 3866
f 3040 3866 3023
f 3866 3865 3868
f 3866 3868 5733
f 3865 3864 3867
f 3865 3867 3868
f 5733 3868 3869
f 3023 3866 3041
f 3864 3149 3150
f 3864 3150 3867
f 3024 5733 3869
f 3041 3866 5733
f 3041 5733 3024
f 3869 3868 3871
f 3869 3871 5734
f 3868 3867 3870
f 3868 3870 3871
f 3024 3869 3042
f 3867 3150 3151
f 3867 3151 3870
f 5734 3871 3872
f 3025 5734 3872
f 3042 3869 5734
f 3042 5734 3025
f 4916 160 165
f 4916 165 5024
f 160 4915 5023
f 160 5023 165
f 4915 3142 3143
f 4915 3143 5023
f 3467 4916 5024
f 3467 5024 3470
f 5024 165 5026
f 5024 5026 5027
f 165 5023 5025
f 165 5025 5026
f 5023 3143 3144
f 5023 3144 5025
f 3470 5024 5027
f 3470 5027 3473
f 5027 5026 5029
f 5027 5029 5030
f 5026 5025 5028
f 5026 5028 5029
f 5025 3144 3145
f 5025 3145 5028
f 3473 5027 5030
f 3473 5030 3476
f 5030 5029 4930
f 5030 4930 4929
f 5029 5028 4931
f 5029 4931 4930
f 5028 3145 3146
f 5028 3146 4931
f 3476 5030 4929
f 3476 4929 3480
f 3147 3874 3876
f 3147 3876 3148
f 3874 3873 3875
f 3874 3875 3876
f 3873 3137 3138
f 3873 3138 3875
f 3148 3876 3878
f 3148 3878 3879
f 3876 3875 3877
f 3876 3877 3878
f 3875 3138 3139
f 3875 3139 3877
f 3148 3879 3149
f 3879 3878 3881
f 3879 3881 3882
f 3878 3877 3880
f 3878 3880 3881
f 3877 3139 3140
f 3877 3140 3880
f 3149 3879 3882
f 3149 3882 3150
f 3882 3881 3884
f 3882 3884 3885
f 3881 3880 3883
f 3881 3883 3884
f 3880 3140 3141
f 3880 3141 3883
f 3150 3882 3885
f 3150 3885 3151
f 3471 5008 4911
f 3471 4911 3468
f 5008 3449 3451
f 5008 3451 4911
f 3474 5004 5008
f 3474 5008 3471
f 5004 3447 3449
f 5004 3449 5008
f 3477 5000 5004
f 3477 5004 3474
f 5000 3445 3447
f 5000 3447 5004
f 3465 4914 5020
f 3465 5020 3462
f 4914 3483 3485
f 4914 3485 5020
f 3462 5020 5016
f 3462 5016 3459
f 5020 3485 3487
f 5020 3487 5016
f 3459 5016 5012
f 3459 5012 3456
f 5016 3487 3489
f 5016 3489 5012
f 4913 211 216
f 4913 216 5021
f 211 4912 5022
f 211 5022 216
f 4912 3464 3461
f 4912 3461 5022
f 3208 4913 5021
f 3208 5021 3209
f 5021 216 5018
f 5021 5018 5017
f 216 5022 5019
f 216 5019 5018
f 5022 3461 3458
f 5022 3458 5019
f 3209 5021 5017
f 3209 5017 3210
f 5017 5018 5014
f 5017 5014 5013
f 5018 5019 5015
f 5018 5015 5014
f 5019 3458 3455
f 5019 3455 5015
f 3210 5017 5013
f 3210 5013 3211
f 5013 5014 4960
f 5013 4960 4959
f 5014 5015 4961
f 5014 4961 4960
f 5015 3455 3452
f 5015 3452 4961
f 3211 5013 4959
f 3211 4959 3212
f 5735 5736 5739
f 5735 5739 5738
f 5736 5737 5740
f 5736 5740 5739
f 5738 5739 5742
f 5738 5742 5741
f 5739 5740 5743
f 5739 5743 5742
f 3373 4922 5735
f 3373 5735 4495
f 4922 4923 5736
f 4922 5736 5735
f 4923 4924 5737
f 4923 5737 5736
f 4924 3090 3627
f 4924 3627 5737
f 5737 3627 3628
f 5737 3628 5740
f 5740 3628 3629
f 5740 3629 5743
f 5743 3629 3094
f 5743 3094 4925
f 5742 5743 4925
f 5742 4925 4926
f 5741 5742 4926
f 5741 4926 4927
f 4497 5741 4927
f 4497 4927 3383
f 4496 5738 5741
f 4496 5741 4497
f 4495 5735 5738
f 4495 5738 4496
f 5001 5002 4951
f 5001 4951 4950
f 5002 5003 4952
f 5002 4952 4951
f 5003 3444 3442
f 5003 3442 4952
f 3140 5001 4950
f 3140 4950 3141
f 5005 5006 5002
f 5005 5002 5001
f 5006 5007 5003
f 5006 5003 5002
f 5007 3446 3444
f 5007 3444 5003
f 3139 5005 5001
f 3139 5001 3140
f 5009 5010 5006
f 5009 5006 5005
f 5010 5011 5007
f 5010 5007 5006
f 5011 3448 3446
f 5011 3446 5007
f 3138 5009 5005
f 3138 5005 3139
f 4910 4909 5010
f 4910 5010 5009
f 4909 4908 5011
f 4909 5011 5010
f 4908 3450 3448
f 4908 3448 5011
f 3137 4910 5009
f 3137 5009 3138
f 5744 159 160
f 5744 160 4916
f 159 5745 4915
f 159 4915 160
f 3368 4776 5744
f 3368 5744 4678
f 4776 174 159
f 4776 159 5744
f 174 4775 5745
f 174 5745 159
f 4775 3086 3902
f 4775 3902 5745
f 5745 3902 3142
f 5745 3142 4915
f 4678 5744 4916
f 4678 4916 3467
f 4454 5746 4914
f 4454 4914 3465
f 3365 4796 5746
f 3365 5746 4454
f 4796 3372 4682
f 4796 4682 5746
f 5746 4682 3483
f 5746 3483 4914
f 3468 4911 5747
f 3468 5747 4680
f 4911 3451 4450
f 4911 4450 5747
f 5747 4450 3364
f 5747 3364 4777
f 4680 5747 4777
f 4680 4777 3369
f 3903 5748 3874
f 3903 3874 3147
f 5748 5749 3873
f 5748 3873 3874
f 3087 3613 5748
f 3087 5748 3903
f 3613 3612 5749
f 3613 5749 5748
f 3612 3085 3901
f 3612 3901 5749
f 5749 3901 3137
f 5749 3137 3873
f 1739 5750 4918
f 1739 4918 4919
f 5750 5751 4917
f 5750 4917 4918
f 3371 1738 1739
f 3371 1739 4681
f 1738 4807 5750
f 1738 5750 1739
f 4807 4806 5751
f 4807 5751 5750
f 4806 3189 4051
f 4806 4051 5751
f 5751 4051 3195
f 5751 3195 4917
f 4681 1739 4919
f 4681 4919 3482
f 5752 5753 3859
f 5752 3859 3860
f 5753 5754 3858
f 5753 3858 3859
f 3014 3044 5752
f 3044 3785 5753
f 3044 5753 5752
f 3785 3784 5754
f 3785 5754 5753
f 3784 3087 3903
f 3784 3903 5754
f 5754 3903 3147
f 5754 3147 3858
f 3021 5752 3860
f 3044 5752 3021
f 5755 5756 3851
f 5755 3851 3852
f 5756 3904 3152
f 5756 3152 3851
f 3086 3615 5755
f 3086 5755 3902
f 3615 3614 5756
f 3615 5756 5755
f 3614 3088 3904
f 3614 3904 5756
f 3902 5755 3852
f 3902 3852 3142
f 5757 5758 3937
f 5757 3937 3938
f 5758 5759 3016
f 5758 3016 3937
f 3074 3567 5757
f 3074 5757 3965
f 3567 3566 5758
f 3567 5758 5757
f 3566 3043 5759
f 3566 5759 5758
f 5759 3043 3026
f 5759 3026 3016
f 3965 5757 3938
f 3965 3938 3177
f 5760 5761 3840
f 5760 3840 3841
f 5761 5762 3839
f 5761 3839 3840
f 3125 3764 5760
f 3125 5760 3906
f 3764 3763 5761
f 3764 5761 5760
f 3763 3762 5762
f 3763 5762 5761
f 3762 3113 3905
f 3762 3905 5762
f 5762 3905 3157
f 5762 3157 3839
f 3906 5760 3841
f 3906 3841 3162
f 5763 5764 3831
f 5763 3831 3832
f 5764 5765 3830
f 5764 3830 3831
f 3088 3611 5763
f 3088 5763 3904
f 3611 3610 5764
f 3611 5764 5763
f 3610 3609 5765
f 3610 5765 5764
f 3609 3125 3906
f 3609 3906 5765
f 5765 3906 3162
f 5765 3162 3830
f 3904 5763 3832
f 3904 3832 3152
f 3456 5012 4938
f 3456 4938 3453
f 5012 3489 3490
f 5012 3490 4938
f 5766 5767 4022
f 5766 4022 4023
f 5767 5768 4021
f 5767 4021 4022
f 3189 4005 5766
f 3189 5766 4051
f 4005 4004 5767
f 4005 5767 5766
f 4004 4003 5768
f 4004 5768 5767
f 4003 3074 3965
f 4003 3965 5768
f 5768 3965 3177
f 5768 3177 4021
f 4051 5766 4023
f 4051 4023 3195
f 5769 5770 3887
f 5769 3887 3888
f 5770 5771 3886
f 5770 3886 3887
f 3113 3700 5769
f 3113 5769 3905
f 3700 3699 5770
f 3700 5770 5769
f 3699 3698 5771
f 3699 5771 5770
f 3698 3171 3966
f 3698 3966 5771
f 5771 3966 3182
f 5771 3182 3886
f 3905 5769 3888
f 3905 3888 3157
f 3897 3896 3899
f 3897 3899 3900
f 3896 3895 3898
f 3896 3898 3899
f 3895 3185 3186
f 3895 3186 3898
f 3160 3897 3900
f 3160 3900 3161
f 3894 3893 3896
f 3894 3896 3897
f 3893 3892 3895
f 3893 3895 3896
f 3892 3184 3185
f 3892 3185 3895
f 3159 3894 3897
f 3159 3897 3160
f 3891 3890 3893
f 3891 3893 3894
f 3890 3889 3892
f 3890 3892 3893
f 3889 3183 3184
f 3889 3184 3892
f 3158 3891 3894
f 3158 3894 3159
f 3888 3887 3890
f 3888 3890 3891
f 3887 3886 3889
f 3887 3889 3890
f 3886 3182 3183
f 3886 3183 3889
f 3157 3888 3891
f 3157 3891 3158
f 4032 4031 4034
f 4032 4034 4035
f 4031 4030 4033
f 4031 4033 4034
f 4030 3180 3181
f 4030 3181 4033
f 3198 4032 4035
f 3198 4035 3199
f 4029 4028 4031
f 4029 4031 4032
f 4028 4027 4030
f 4028 4030 4031
f 4027 3179 3180
f 4027 3180 4030
f 3197 4029 4032
f 3197 4032 3198
f 4026 4025 4028
f 4026 4028 4029
f 4025 4024 4027
f 4025 4027 4028
f 4024 3178 3179
f 4024 3179 4027
f 3196 4026 4029
f 3196 4029 3197
f 4023 4022 4025
f 4023 4025 4026
f 4022 4021 4024
f 4022 4024 4025
f 4021 3177 3178
f 4021 3178 4024
f 3195 4023 4026
f 3195 4026 3196
f 4623 5772 5773
f 4623 5773 4624
f 4624 5773 5774
f 4624 5774 4625
f 3428 4844 5772
f 3428 5772 4623
f 4844 3422 4375
f 4844 4375 5772
f 5772 4375 4374
f 5772 4374 5773
f 5773 4374 4373
f 5773 4373 5774
f 5774 4373 3343
f 5774 3343 4845
f 4625 5774 4845
f 4625 4845 3492
f 4976 3508 3510
f 4976 3510 5040
f 3544 4976 5040
f 3544 5040 3542
f 5775 5776 5779
f 5775 5779 5778
f 5776 5777 5780
f 5776 5780 5779
f 5778 5779 5782
f 5778 5782 5781
f 5779 5780 5783
f 5779 5783 5782
f 3192 4014 5775
f 3192 5775 4048
f 4014 4013 5776
f 4014 5776 5775
f 4013 4012 5777
f 4013 5777 5776
f 4012 3071 3967
f 4012 3967 5777
f 5777 3967 3968
f 5777 3968 5780
f 5780 3968 3969
f 5780 3969 5783
f 5783 3969 3076
f 5783 3076 3997
f 5781 5782 3998
f 5781 3998 3999
f 4050 5781 3999
f 4050 3999 3187
f 4049 5778 5781
f 4049 5781 4050
f 4048 5775 5778
f 4048 5778 4049
f 5784 5785 5788
f 5784 5788 5787
f 5787 5788 5791
f 5787 5791 5790
f 3187 3999 5784
f 3187 5784 4045
f 3999 3998 5785
f 3999 5785 5784
f 3997 3076 3970
f 3997 3970 5786
f 5786 3970 3971
f 5786 3971 5789
f 5789 3971 3972
f 5789 3972 5792
f 5792 3972 3075
f 5792 3075 4000
f 5790 5791 4001
f 5790 4001 4002
f 4047 5790 4002
f 4047 4002 3188
f 4046 5787 5790
f 4046 5790 4047
f 4045 5784 5787
f 4045 5787 4046
f 4384 5793 5794
f 4384 5794 4385
f 4385 5794 5795
f 4385 5795 4386
f 3345 4852 5793
f 3345 5793 4384
f 4852 3348 4539
f 4852 4539 5793
f 5793 4539 4538
f 5793 4538 5794
f 5794 4538 4537
f 5794 4537 5795
f 5795 4537 3398
f 5795 3398 4853
f 4386 5795 4853
f 4386 4853 3393
f 4035 4034 4007
f 4035 4007 4008
f 4034 4033 4006
f 4034 4006 4007
f 4033 3181 3073
f 4033 3073 4006
f 3199 4035 4008
f 3199 4008 3190
f 5796 5797 5800
f 5796 5800 5799
f 5797 5798 5801
f 5797 5801 5800
f 5799 5800 5803
f 5799 5803 5802
f 5800 5801 5804
f 5800 5804 5803
f 3190 4008 5796
f 3190 5796 4042
f 4008 4007 5797
f 4008 5797 5796
f 4007 4006 5798
f 4007 5798 5797
f 4006 3073 3973
f 4006 3973 5798
f 5798 3973 3974
f 5798 3974 5801
f 5801 3974 3975
f 5801 3975 5804
f 5804 3975 3072
f 5804 3072 4009
f 5803 5804 4009
f 5803 4009 4010
f 5802 5803 4010
f 5802 4010 4011
f 4044 5802 4011
f 4044 4011 3191
f 4043 5799 5802
f 4043 5802 4044
f 4042 5796 5799
f 4042 5799 4043
f 5805 5806 5809
f 5805 5809 5808
f 5806 5807 5810
f 5806 5810 5809
f 3191 4011 5805
f 3191 5805 4040
f 4011 4010 5806
f 4011 5806 5805
f 4010 4009 5807
f 4010 5807 5806
f 4009 3072 3976
f 4009 3976 5807
f 5807 3976 3977
f 5807 3977 5810
f 5810 3977 3071
f 5810 3071 4012
f 5809 5810 4012
f 5809 4012 4013
f 5808 5809 4013
f 5808 4013 4014
f 4041 5808 4014
f 4041 4014 3192
f 4040 5805 5808
f 4040 5808 4041
f 5811 5812 5815
f 5811 5815 5814
f 5812 5813 5816
f 5812 5816 5815
f 5814 5815 5818
f 5814 5818 5817
f 5815 5816 5819
f 5815 5819 5818
f 3188 4002 5811
f 3188 5811 4037
f 4002 4001 6180
f 4002 6180 5812
f 4002 5812 5811
f 6182 6181 5439
f 6182 5439 5438
f 4000 3075 3978
f 4000 3978 5813
f 4000 5813 6179
f 5813 3978 3979
f 5813 3979 5816
f 5816 3979 3980
f 5816 3980 5819
f 5819 3980 3167
f 5819 3167 4015
f 5818 5819 4015
f 5818 4015 4016
f 5817 5818 4016
f 5817 4016 4017
f 4039 5817 4017
f 4039 4017 3193
f 4038 5814 5817
f 4038 5817 4039
f 4037 5811 5814
f 4037 5814 4038
f 4142 4141 5821
f 4142 5821 5820
f 4141 4140 5822
f 4141 5822 5821
f 4140 3259 3981
f 4140 3981 5822
f 5822 3981 3168
f 5822 3168 4018
f 5821 5822 4018
f 5821 4018 4019
f 5820 5821 4019
f 5820 4019 4020
f 4036 5820 4020
f 4036 4020 3194
f 3269 4142 5820
f 3269 5820 4036
f 4127 4126 5824
f 4127 5824 5823
f 4126 4125 5825
f 4126 5825 5824
f 4125 3264 3982
f 4125 3982 5825
f 5825 3982 3176
f 5825 3176 3725
f 5824 5825 3725
f 5824 3725 3726
f 5823 5824 3726
f 5823 3726 3727
f 3728 5823 3727
f 3728 3727 3122
f 3237 4127 5823
f 3237 5823 3728
f 5826 5827 5830
f 5826 5830 5829
f 5827 5828 5831
f 5827 5831 5830
f 5829 5830 5833
f 5829 5833 5832
f 5830 5831 5834
f 5830 5834 5833
f 3112 3697 5826
f 3112 5826 3730
f 3697 3696 5827
f 3697 5827 5826
f 3696 3695 5828
f 3696 5828 5827
f 3695 3170 3983
f 3695 3983 5828
f 5828 3983 3984
f 5828 3984 5831
f 5831 3984 3985
f 5831 3985 5834
f 5834 3985 3175
f 5834 3175 3719
f 5833 5834 3719
f 5833 3719 3720
f 5832 5833 3720
f 5832 3720 3721
f 3732 5832 3721
f 3732 3721 3120
f 3731 5829 5832
f 3731 5832 3732
f 3730 5826 5829
f 3730 5829 3731
f 5835 5836 5839
f 5835 5839 5838
f 5836 5837 5840
f 5836 5840 5839
f 3115 3706 5835
f 3115 5835 3738
f 3706 3705 5836
f 3706 5836 5835
f 3705 3704 5837
f 3705 5837 5836
f 3704 3173 3986
f 3704 3986 5837
f 5837 3986 3987
f 5837 3987 5840
f 5840 3987 3174
f 5840 3174 3710
f 5839 5840 3710
f 5839 3710 3711
f 5838 5839 3711
f 5838 3711 3712
f 3739 5838 3712
f 3739 3712 3117
f 3738 5835 5838
f 3738 5838 3739
f 5841 5842 5845
f 5841 5845 5844
f 5842 5843 5846
f 5842 5846 5845
f 5844 5845 5848
f 5844 5848 5847
f 5845 5846 5849
f 5845 5849 5848
f 3114 3703 5841
f 3114 5841 3743
f 3703 3702 5842
f 3703 5842 5841
f 3702 3701 5843
f 3702 5843 5842
f 3701 3172 3988
f 3701 3988 5843
f 5843 3988 3989
f 5843 3989 5846
f 5846 3989 3990
f 5846 3990 5849
f 5849 3990 3173
f 5849 3173 3704
f 5848 5849 3704
f 5848 3704 3705
f 5847 5848 3705
f 5847 3705 3706
f 3745 5847 3706
f 3745 3706 3115
f 3744 5844 5847
f 3744 5847 3745
f 3743 5841 5844
f 3743 5844 3744
f 3900 3899 3702
f 3900 3702 3703
f 3899 3898 3701
f 3899 3701 3702
f 3898 3186 3172
f 3898 3172 3701
f 3161 3900 3703
f 3161 3703 3114
f 5850 5851 5854
f 5850 5854 5853
f 5851 5852 5855
f 5851 5855 5854
f 5853 5854 5857
f 5853 5857 5856
f 5854 5855 5858
f 5854 5858 5857
f 3433 4634 5850
f 3433 5850 4830
f 4634 4633 5851
f 4634 5851 5850
f 4633 4632 5852
f 4633 5852 5851
f 4632 3427 4990
f 4632 4990 5852
f 5852 4990 4989
f 5852 4989 5855
f 5855 4989 4988
f 5855 4988 5858
f 5858 4988 3113
f 5858 3113 3762
f 5857 5858 3762
f 5857 3762 3763
f 5856 5857 3763
f 5856 3763 3764
f 4832 5856 3764
f 4832 3764 3125
f 4831 5853 5856
f 4831 5856 4832
f 4830 5850 5853
f 4830 5853 4831
f 5859 5860 5863
f 5859 5863 5862
f 5860 5861 5864
f 5860 5864 5863
f 5862 5863 5866
f 5862 5866 5865
f 5863 5864 5867
f 5863 5867 5866
f 3110 3691 5859
f 3110 5859 3746
f 3691 3690 5860
f 3691 5860 5859
f 3690 3689 5861
f 3690 5861 5860
f 3689 3169 3991
f 3689 3991 5861
f 5861 3991 3992
f 5861 3992 5864
f 5864 3992 3993
f 5864 3993 5867
f 5867 3993 3170
f 5867 3170 3695
f 5866 5867 3695
f 5866 3695 3696
f 5865 5866 3696
f 5865 3696 3697
f 3748 5865 3697
f 3748 3697 3112
f 3747 5862 5865
f 3747 5865 3748
f 3746 5859 5862
f 3746 5862 3747
f 5868 5869 5872
f 5868 5872 5871
f 5869 5870 5873
f 5869 5873 5872
f 5871 5872 5875
f 5871 5875 5874
f 5872 5873 5876
f 5872 5876 5875
f 3117 3712 5868
f 3117 5868 3752
f 3712 3711 5869
f 3712 5869 5868
f 3711 3710 5870
f 3711 5870 5869
f 3710 3174 3994
f 3710 3994 5870
f 5870 3994 3995
f 5870 3995 5873
f 5873 3995 3996
f 5873 3996 5876
f 5876 3996 3169
f 5876 3169 3689
f 5875 5876 3689
f 5875 3689 3690
f 5874 5875 3690
f 5874 3690 3691
f 3754 5874 3691
f 3754 3691 3110
f 3753 5871 5874
f 3753 5874 3754
f 3752 5868 5871
f 3752 5871 3753
f 4367 5877 5878
f 4367 5878 4368
f 4368 5878 5879
f 4368 5879 4369
f 3340 4842 5877
f 3340 5877 4367
f 4842 3495 4631
f 4842 4631 5877
f 5877 4631 4630
f 5877 4630 5878
f 5878 4630 4629
f 5878 4629 5879
f 5879 4629 3431
f 5879 3431 4843
f 4369 5879 4843
f 4369 4843 3424
f 4689 5880 5881
f 4689 5881 4690
f 4690 5881 5882
f 4690 5882 4691
f 3492 4845 5880
f 3492 5880 4689
f 4845 3343 4703
f 4845 4703 5880
f 5880 4703 4702
f 5880 4702 5881
f 5881 4702 4701
f 5881 4701 5882
f 5882 4701 3497
f 5882 3497 4802
f 4691 5882 4802
f 4691 4802 3502
f 3518 4982 5883
f 3518 5883 4736
f 4982 3555 4584
f 4982 4584 5883
f 5883 4584 3416
f 5883 3416 4790
f 4736 5883 4790
f 4736 4790 3420
f 4445 5884 5885
f 4445 5885 4446
f 4446 5885 5886
f 4446 5886 4447
f 3361 4874 5884
f 3361 5884 4445
f 4874 3358 4565
f 4874 4565 5884
f 5884 4565 4564
f 5884 4564 5885
f 5885 4564 4563
f 5885 4563 5886
f 5886 4563 3407
f 5886 3407 4901
f 4447 5886 4901
f 4447 4901 3410
f 5887 5888 5891
f 5887 5891 5890
f 5888 5889 5892
f 5888 5892 5891
f 3093 4949 5887
f 3093 5887 3643
f 4949 4948 5888
f 4949 5888 5887
f 4948 4947 5889
f 4948 5889 5888
f 4947 3389 4514
f 4947 4514 5889
f 5889 4514 4513
f 5889 4513 5892
f 5892 4513 3399
f 5892 3399 4872
f 5891 5892 4872
f 5891 4872 4871
f 5890 5891 4871
f 5890 4871 4870
f 3644 5890 4870
f 3644 4870 3097
f 3643 5887 5890
f 3643 5890 3644
f 4492 5893 5894
f 4492 5894 4493
f 4493 5894 5895
f 4493 5895 4494
f 3381 4939 5893
f 3381 5893 4492
f 4939 3377 4511
f 4939 4511 5893
f 5893 4511 4510
f 5893 4510 5894
f 5894 4510 4509
f 5894 4509 5895
f 5895 4509 3387
f 5895 3387 4943
f 4494 5895 4943
f 4494 4943 3390
f 3453 4938 4939
f 3453 4939 3381
f 4938 3490 3377
f 4938 3377 4939
f 5896 5897 5899
f 5896 5899 5898
f 5897 4808 4809
f 5897 4809 5899
f 5898 5899 5901
f 5898 5901 5900
f 5899 4809 4810
f 5899 4810 5901
f 3320 4312 5896
f 3320 5896 4772
f 4312 4311 5897
f 4312 5897 5896
f 4311 3335 4808
f 4311 4808 5897
f 5901 4810 3088
f 5901 3088 3614
f 5900 5901 3614
f 5900 3614 3615
f 4774 5900 3615
f 4774 3615 3086
f 4773 5898 5900
f 4773 5900 4774
f 4772 5896 5898
f 4772 5898 4773
f 4556 5902 5903
f 4556 5903 4557
f 4557 5903 5904
f 4557 5904 4558
f 3404 4894 5902
f 3404 5902 4556
f 4894 3408 4437
f 4894 4437 5902
f 5902 4437 4436
f 5902 4436 5903
f 5903 4436 4435
f 5903 4435 5904
f 5904 4435 3359
f 5904 3359 4854
f 4558 5904 4854
f 4558 4854 3355
f 5905 5906 5909
f 5905 5909 5908
f 5906 5907 5910
f 5906 5910 5909
f 5908 5909 5912
f 5908 5912 5911
f 5909 5910 5913
f 5909 5913 5912
f 3352 4890 5905
f 3352 5905 4424
f 4890 4889 5906
f 4890 5906 5905
f 4889 4888 5907
f 4889 5907 5906
f 4888 3187 4045
f 4888 4045 5907
f 5907 4045 4046
f 5907 4046 5910
f 5910 4046 4047
f 5910 4047 5913
f 5913 4047 3188
f 5913 3188 4891
f 5912 5913 4891
f 5912 4891 4892
f 5911 5912 4892
f 5911 4892 4893
f 4426 5911 4893
f 4426 4893 3357
f 4425 5908 5911
f 4425 5911 4426
f 4424 5905 5908
f 4424 5908 4425
f 4283 5914 5915
f 4283 5915 4284
f 4284 5915 5916
f 4284 5916 4285
f 3309 4273 5914
f 3309 5914 4283
f 4273 3316 4471
f 4273 4471 5914
f 5914 4471 4470
f 5914 4470 5915
f 5915 4470 4469
f 5915 4469 5916
f 5916 4469 3372
f 5916 3372 4796
f 4285 5916 4796
f 4285 4796 3365
f 5917 5918 5921
f 5917 5921 5920
f 5918 5919 5922
f 5918 5922 5921
f 5920 5921 5924
f 5920 5924 5923
f 5921 5922 5925
f 5921 5925 5924
f 3207 4787 5917
f 3207 5917 4786
f 4787 4788 5918
f 4787 5918 5917
f 4788 4789 5919
f 4788 5919 5918
f 4789 3419 4594
f 4789 4594 5919
f 5919 4594 4593
f 5919 4593 5922
f 5922 4593 4592
f 5922 4592 5925
f 5925 4592 3299
f 5925 3299 4298
f 5924 5925 4298
f 5924 4298 4297
f 5923 5924 4297
f 5923 4297 4296
f 4784 5923 4296
f 4784 4296 3500
f 4785 5920 5923
f 4785 5923 4784
f 4786 5917 5920
f 4786 5920 4785
f 4919 4918 5032
f 4919 5032 5033
f 4918 4917 5031
f 4918 5031 5032
f 4917 3195 3196
f 4917 3196 5031
f 3482 4919 5033
f 3482 5033 3484
f 5033 5032 5035
f 5033 5035 5036
f 5032 5031 5034
f 5032 5034 5035
f 5031 3196 3197
f 5031 3197 5034
f 3484 5033 5036
f 3484 5036 3486
f 5036 5035 5038
f 5036 5038 5039
f 5035 5034 5037
f 5035 5037 5038
f 5034 3197 3198
f 5034 3198 5037
f 3486 5036 5039
f 3486 5039 3488
f 5039 5038 4933
f 5039 4933 4932
f 5038 5037 4934
f 5038 4934 4933
f 5037 3198 3199
f 5037 3199 4934
f 3488 5039 4932
f 3488 4932 3491
f 5926 5927 5930
f 5926 5930 5929
f 5927 5928 5931
f 5927 5931 5930
f 5929 5930 5933
f 5929 5933 5932
f 5930 5931 5934
f 5930 5934 5933
f 3493 4685 5926
f 3493 5926 4991
f 4685 4684 5927
f 4685 5927 5926
f 4684 4683 5928
f 4684 5928 5927
f 4683 3503 4799
f 4683 4799 5928
f 5928 4799 4798
f 5928 4798 5931
f 5931 4798 4797
f 5931 4797 5934
f 5934 4797 3202
f 5934 3202 3919
f 5933 5934 3919
f 5933 3919 3920
f 5932 5933 3920
f 5932 3920 3921
f 4993 5932 3921
f 4993 3921 3171
f 4992 5929 5932
f 4992 5932 4993
f 4991 5926 5929
f 4991 5929 4992
f 3374 4920 4921
f 3374 4921 3479
f 4920 3379 3443
f 4920 3443 4921
f 5935 5936 3951
f 5935 3951 3952
f 5936 5937 3950
f 5936 3950 3951
f 3171 3921 5935
f 3171 5935 3966
f 3921 3920 5936
f 3921 5936 5935
f 3920 3919 5937
f 3920 5937 5936
f 3919 3202 4052
f 3919 4052 5937
f 5937 4052 3208
f 5937 3208 3950
f 3966 5935 3952
f 3966 3952 3182
f 3961 3960 3963
f 3961 3963 3964
f 3960 3959 3962
f 3960 3962 3963
f 3959 3211 3212
f 3959 3212 3962
f 3185 3961 3964
f 3185 3964 3186
f 3958 3957 3960
f 3958 3960 3961
f 3957 3956 3959
f 3957 3959 3960
f 3956 3210 3211
f 3956 3211 3959
f 3184 3958 3961
f 3184 3961 3185
f 3955 3954 3957
f 3955 3957 3958
f 3954 3953 3956
f 3954 3956 3957
f 3953 3209 3210
f 3953 3210 3956
f 3183 3955 3958
f 3183 3958 3184
f 3952 3951 3954
f 3952 3954 3955
f 3951 3950 3953
f 3951 3953 3954
f 3950 3208 3209
f 3950 3209 3953
f 3182 3952 3955
f 3182 3955 3183
f 4112 4111 5939
f 4112 5939 5938
f 4111 4110 5940
f 4111 5940 5939
f 4110 3274 4053
f 4110 4053 5940
f 5940 4053 3207
f 5940 3207 3934
f 5939 5940 3934
f 5939 3934 3935
f 5938 5939 3935
f 5938 3935 3936
f 3982 5938 3936
f 3982 3936 3176
f 3264 4112 5938
f 3264 5938 3982
f 5941 5942 5945
f 5941 5945 5944
f 5942 5943 5946
f 5942 5946 5945
f 5944 5945 5948
f 5944 5948 5947
f 5945 5946 5949
f 5945 5949 5948
f 3170 3918 5941
f 3170 5941 3983
f 3918 3917 5942
f 3918 5942 5941
f 3917 3916 5943
f 3917 5943 5942
f 3916 3201 4054
f 3916 4054 5943
f 5943 4054 4055
f 5943 4055 5946
f 5946 4055 4056
f 5946 4056 5949
f 5949 4056 3206
f 5949 3206 3931
f 5948 5949 3931
f 5948 3931 3932
f 5947 5948 3932
f 5947 3932 3933
f 3985 5947 3933
f 3985 3933 3175
f 3984 5944 5947
f 3984 5947 3985
f 3983 5941 5944
f 3983 5944 3984
f 5950 5951 5954
f 5950 5954 5953
f 5951 5952 5955
f 5951 5955 5954
f 3173 3927 5950
f 3173 5950 3986
f 3927 3926 5951
f 3927 5951 5950
f 3926 3925 5952
f 3926 5952 5951
f 3925 3204 4057
f 3925 4057 5952
f 5952 4057 4058
f 5952 4058 5955
f 5955 4058 3205
f 5955 3205 3928
f 5954 5955 3928
f 5954 3928 3929
f 5953 5954 3929
f 5953 3929 3930
f 3987 5953 3930
f 3987 3930 3174
f 3986 5950 5953
f 3986 5953 3987
f 5956 5957 5960
f 5956 5960 5959
f 5957 5958 5961
f 5957 5961 5960
f 5959 5960 5963
f 5959 5963 5962
f 5960 5961 5964
f 5960 5964 5963
f 3172 3924 5956
f 3172 5956 3988
f 3924 3923 5957
f 3924 5957 5956
f 3923 3922 5958
f 3923 5958 5957
f 3922 3203 4059
f 3922 4059 5958
f 5958 4059 4060
f 5958 4060 5961
f 5961 4060 4061
f 5961 4061 5964
f 5964 4061 3204
f 5964 3204 3925
f 5963 5964 3925
f 5963 3925 3926
f 5962 5963 3926
f 5962 3926 3927
f 3990 5962 3927
f 3990 3927 3173
f 3989 5959 5962
f 3989 5962 3990
f 3988 5956 5959
f 3988 5959 3989
f 3964 3963 3923
f 3964 3923 3924
f 3963 3962 3922
f 3963 3922 3923
f 3962 3212 3203
f 3962 3203 3922
f 3186 3964 3924
f 3186 3924 3172
f 5965 5966 5969
f 5965 5969 5968
f 5966 5967 5970
f 5966 5970 5969
f 5968 5969 5972
f 5968 5972 5971
f 5969 5970 5973
f 5969 5973 5972
f 3194 4020 5965
f 3194 5965 4793
f 4020 4019 5966
f 4020 5966 5965
f 4019 4018 5967
f 4019 5967 5966
f 4018 3168 4996
f 4018 4996 5967
f 5967 4996 4995
f 5967 4995 5970
f 5970 4995 4994
f 5970 4994 5973
f 5973 4994 3496
f 5973 3496 4694
f 5972 5973 4694
f 5972 4694 4693
f 5971 5972 4693
f 5971 4693 4692
f 4795 5971 4692
f 4795 4692 3506
f 4794 5968 5971
f 4794 5971 4795
f 4793 5965 5968
f 4793 5968 4794
f 5974 5975 5978
f 5974 5978 5977
f 5975 5976 5979
f 5975 5979 5978
f 5977 5978 5981
f 5977 5981 5980
f 5978 5979 5982
f 5978 5982 5981
f 3169 3915 5974
f 3169 5974 3991
f 3915 3914 5975
f 3915 5975 5974
f 3914 3913 5976
f 3914 5976 5975
f 3913 3200 4062
f 3913 4062 5976
f 5976 4062 4063
f 5976 4063 5979
f 5979 4063 4064
f 5979 4064 5982
f 5982 4064 3201
f 5982 3201 3916
f 5981 5982 3916
f 5981 3916 3917
f 5980 5981 3917
f 5980 3917 3918
f 3993 5980 3918
f 3993 3918 3170
f 3992 5977 5980
f 3992 5980 3993
f 3991 5974 5977
f 3991 5977 3992
f 5983 5984 5987
f 5983 5987 5986
f 5984 5985 5988
f 5984 5988 5987
f 5986 5987 5990
f 5986 5990 5989
f 5987 5988 5991
f 5987 5991 5990
f 3174 3930 5983
f 3174 5983 3994
f 3930 3929 5984
f 3930 5984 5983
f 3929 3928 5985
f 3929 5985 5984
f 3928 3205 4065
f 3928 4065 5985
f 5985 4065 4066
f 5985 4066 5988
f 5988 4066 4067
f 5988 4067 5991
f 5991 4067 3200
f 5991 3200 3913
f 5990 5991 3913
f 5990 3913 3914
f 5989 5990 3914
f 5989 3914 3915
f 3996 5989 3915
f 3996 3915 3169
f 3995 5986 5989
f 3995 5989 3996
f 3994 5983 5986
f 3994 5986 3995
f 4710 5992 5993
f 4710 5993 4711
f 4711 5993 5994
f 4711 5994 4712
f 3499 4783 5992
f 3499 5992 4710
f 4783 3505 4697
f 4783 4697 5992
f 5992 4697 4696
f 5992 4696 5993
f 5993 4696 4695
f 5993 4695 5994
f 5994 4695 3495
f 5994 3495 4842
f 4712 5994 4842
f 4712 4842 3340
f 5995 5996 5999
f 5995 5999 5998
f 5996 5997 6000
f 5996 6000 5999
f 5998 5999 6002
f 5998 6002 6001
f 5999 6000 6003
f 5999 6003 6002
f 3342 4372 5995
f 3342 5995 4848
f 4372 4371 5996
f 4372 5996 5995
f 4371 4370 5997
f 4371 5997 5996
f 4370 3423 4849
f 4370 4849 5997
f 5997 4849 4850
f 5997 4850 6000
f 6000 4850 4851
f 6000 4851 6003
f 6003 4851 3012
f 6003 3012 3043
f 6002 6003 3043
f 6002 3043 3566
f 6001 6002 3566
f 6001 3566 3567
f 4846 6001 3567
f 4846 3567 3074
f 4847 5998 6001
f 4847 6001 4846
f 4848 5995 5998
f 4848 5998 4847
f 6004 6005 6008
f 6004 6008 6007
f 6005 6006 6009
f 6005 6009 6008
f 6007 6008 4099
f 6007 4099 4100
f 6008 6009 4098
f 6008 4098 4099
f 3175 3933 6004
f 3175 6004 4092
f 3933 3932 6005
f 3933 6005 6004
f 3932 3931 6006
f 3932 6006 6005
f 3931 3206 4096
f 3931 4096 6006
f 6006 4096 4097
f 6006 4097 6009
f 6009 4097 3270
f 6009 3270 4098
f 4093 6007 4100
f 4093 4100 3260
f 4092 6004 6007
f 4092 6007 4093
f 4100 4099 4102
f 4100 4102 4103
f 4099 4098 4101
f 4099 4101 4102
f 4098 3270 3271
f 4098 3271 4101
f 3260 4100 4103
f 3260 4103 3261
f 4101 3271 3272
f 4101 3272 4104
f 4102 4101 4104
f 4102 4104 4105
f 4103 4102 4105
f 4103 4105 4106
f 3261 4103 4106
f 3261 4106 3262
f 3262 4106 4109
f 3262 4109 3263
f 4106 4105 4108
f 4106 4108 4109
f 4105 4104 4107
f 4105 4107 4108
f 4104 3272 3273
f 4104 3273 4107
f 3263 4109 4112
f 3263 4112 3264
f 4109 4108 4111
f 4109 4111 4112
f 4108 4107 4110
f 4108 4110 4111
f 4107 3273 3274
f 4107 3274 4110
f 4576 6010 6011
f 4576 6011 4577
f 4577 6011 4969
f 4577 4969 3529
f 3410 4901 6010
f 3410 6010 4576
f 4901 3407 4754
f 4901 4754 6010
f 6010 4754 4753
f 6010 4753 6011
f 6011 4753 3548
f 6011 3548 4969
f 5069 3266 3267
f 5069 3267 5072
f 5070 5069 5072
f 5070 5072 5073
f 5071 5070 5073
f 5071 5073 5074
f 3549 5071 5074
f 3549 5074 3551
f 3551 5074 5077
f 3551 5077 3553
f 5074 5073 5076
f 5074 5076 5077
f 5073 5072 5075
f 5073 5075 5076
f 5072 3267 3268
f 5072 3268 5075
f 3553 5077 4979
f 3553 4979 3556
f 5077 5076 4980
f 5077 4980 4979
f 5076 5075 4981
f 5076 4981 4980
f 5075 3268 3269
f 5075 3269 4981
f 6012 6013 6016
f 6012 6016 6015
f 6013 6014 6017
f 6013 6017 6016
f 6015 6016 4114
f 6015 4114 4115
f 6016 6017 4113
f 6016 4113 4114
f 3120 3721 6012
f 3120 6012 4076
f 3721 3720 6013
f 3721 6013 6012
f 3720 3719 6014
f 3720 6014 6013
f 3719 3175 4092
f 3719 4092 6014
f 6014 4092 4093
f 6014 4093 6017
f 6017 4093 3260
f 6017 3260 4113
f 4077 6015 4115
f 4077 4115 3233
f 4076 6012 6015
f 4076 6015 4077
f 4115 4114 4117
f 4115 4117 4118
f 4114 4113 4116
f 4114 4116 4117
f 4113 3260 3261
f 4113 3261 4116
f 3233 4115 4118
f 3233 4118 3234
f 4116 3261 3262
f 4116 3262 4119
f 4117 4116 4119
f 4117 4119 4120
f 4118 4117 4120
f 4118 4120 4121
f 3234 4118 4121
f 3234 4121 3235
f 3235 4121 4124
f 3235 4124 3236
f 4121 4120 4123
f 4121 4123 4124
f 4120 4119 4122
f 4120 4122 4123
f 4119 3262 3263
f 4119 3263 4122
f 3236 4124 4127
f 3236 4127 3237
f 4124 4123 4126
f 4124 4126 4127
f 4123 4122 4125
f 4123 4125 4126
f 4122 3263 3264
f 4122 3264 4125
f 6018 6019 6022
f 6018 6022 6021
f 6019 6020 6023
f 6019 6023 6022
f 6021 6022 4129
f 6021 4129 4130
f 6022 6023 4128
f 6022 4128 4129
f 3193 4017 6018
f 3193 6018 4094
f 4017 4016 6019
f 4017 6019 6018
f 4016 4015 6020
f 4016 6020 6019
f 4015 3167 4090
f 4015 4090 6020
f 6020 4090 4091
f 6020 4091 6023
f 6023 4091 3255
f 6023 3255 4128
f 4095 6021 4130
f 4095 4130 3265
f 4094 6018 6021
f 4094 6021 4095
f 4130 4129 4132
f 4130 4132 4133
f 4129 4128 4131
f 4129 4131 4132
f 4128 3255 3256
f 4128 3256 4131
f 3265 4130 4133
f 3265 4133 3266
f 4131 3256 3257
f 4131 3257 4134
f 4132 4131 4134
f 4132 4134 4135
f 4133 4132 4135
f 4133 4135 4136
f 3266 4133 4136
f 3266 4136 3267
f 3267 4136 4139
f 3267 4139 3268
f 4136 4135 4138
f 4136 4138 4139
f 4135 4134 4137
f 4135 4137 4138
f 4134 3257 3258
f 4134 3258 4137
f 3268 4139 4142
f 3268 4142 3269
f 4139 4138 4141
f 4139 4141 4142
f 4138 4137 4140
f 4138 4140 4141
f 4137 3258 3259
f 4137 3259 4140
f 6024 6025 1547
f 6024 1547 6027
f 6025 6026 1436
f 6025 1436 1547
f 6027 1547 1542
f 6027 1542 4143
f 1547 1436 1431
f 1547 1431 1542
f 3104 3674 6024
f 3104 6024 4074
f 3674 3673 6025
f 3674 6025 6024
f 3673 3672 6026
f 3673 6026 6025
f 3672 3129 4083
f 3672 4083 6026
f 6026 4083 4084
f 6026 4084 1436
f 1436 4084 3244
f 1436 3244 1431
f 4075 6027 4143
f 4075 4143 3228
f 4074 6024 6027
f 4074 6027 4075
f 4143 1542 1543
f 4143 1543 4144
f 1542 1431 1432
f 1542 1432 1543
f 1431 3244 3245
f 1431 3245 1432
f 3228 4143 4144
f 3228 4144 3229
f 1432 3245 3246
f 1432 3246 4145
f 1543 1432 4145
f 1543 4145 4146
f 4144 1543 4146
f 4144 4146 4147
f 3229 4144 4147
f 3229 4147 3230
f 3230 4147 4150
f 3230 4150 3231
f 4147 4146 4149
f 4147 4149 4150
f 4146 4145 4148
f 4146 4148 4149
f 4145 3246 3247
f 4145 3247 4148
f 3231 4150 4153
f 3231 4153 3232
f 4150 4149 4152
f 4150 4152 4153
f 4149 4148 4151
f 4149 4151 4152
f 4148 3247 3248
f 4148 3248 4151
f 6028 6029 6031
f 6029 6030 4080
f 6031 6029 4155
f 6031 4155 4156
f 6029 4080 4154
f 6029 4154 4155
f 3167 3909 6028
f 3167 6028 4090
f 3909 3908 6029
f 3909 6029 6028
f 3908 3907 6030
f 3908 6030 6029
f 3907 3119 4078
f 3907 4078 6030
f 6030 4078 4079
f 6030 4079 4080
f 4080 4079 3238
f 4080 3238 4154
f 4091 6031 4156
f 4091 4156 3255
f 4090 6028 6031
f 4090 6031 4091
f 4156 4155 6032
f 6032 4155 4158
f 6032 4158 4159
f 4155 4154 4157
f 4155 4157 4158
f 4154 4080 3239
f 4154 3239 4157
f 3255 6032 4159
f 3255 4159 3256
f 3255 4156 6032
f 4159 4158 6033
f 4158 4157 6033
f 4157 3239 4081
f 4157 4081 3240
f 4157 3240 3241
f 6033 4157 3241
f 6033 3241 4160
f 4159 6033 4160
f 4159 4160 4161
f 3256 4159 4161
f 3256 4161 3257
f 4160 3241 4162
f 3241 3240 4162
f 3257 4161 4164
f 3257 4164 3258
f 4161 4160 4163
f 4161 4163 4164
f 4160 4162 3242
f 4160 3242 4163
f 4162 3241 4082
f 4162 4082 3242
f 3258 4164 4166
f 3258 4166 3259
f 4164 4163 4165
f 4164 4165 4166
f 4163 3242 3243
f 4163 3243 4165
f 6034 6035 6038
f 6034 6038 6037
f 6035 6036 497
f 6035 497 6038
f 6037 6038 4167
f 6037 4167 4168
f 6038 497 493
f 6038 493 4167
f 3129 3774 6034
f 3129 6034 4083
f 3774 3773 6035
f 3774 6035 6034
f 3773 3772 6036
f 3773 6036 6035
f 3772 3120 4076
f 3772 4076 6036
f 6036 4076 4077
f 6036 4077 497
f 497 4077 3233
f 497 3233 493
f 4084 6037 4168
f 4084 4168 3244
f 4083 6034 6037
f 4083 6037 4084
f 4168 4167 4169
f 4168 4169 4170
f 4167 493 494
f 4167 494 4169
f 493 3233 3234
f 493 3234 494
f 3244 4168 4170
f 3244 4170 3245
f 494 3234 3235
f 494 3235 4171
f 4169 494 4171
f 4169 4171 4172
f 4170 4169 4172
f 4170 4172 4173
f 3245 4170 4173
f 3245 4173 3246
f 3246 4173 4176
f 3246 4176 3247
f 4173 4172 4175
f 4173 4175 4176
f 4172 4171 4174
f 4172 4174 4175
f 4171 3235 3236
f 4171 3236 4174
f 3247 4176 4179
f 3247 4179 3248
f 4176 4175 4178
f 4176 4178 4179
f 4175 4174 4177
f 4175 4177 4178
f 4174 3236 3237
f 4174 3237 4177
f 6039 6040 6043
f 6039 6043 6042
f 6040 6041 6044
f 6040 6044 6043
f 6042 6043 4971
f 6042 4971 4972
f 6043 6044 4970
f 6043 4970 4971
f 3101 4904 6039
f 3101 6039 4068
f 4904 4903 6040
f 4904 6040 6039
f 4903 4902 6041
f 4903 6041 6040
f 4902 3409 4568
f 4902 4568 6041
f 6041 4568 4567
f 6041 4567 6044
f 6044 4567 3516
f 6044 3516 4970
f 4069 6042 4972
f 4069 4972 3213
f 4068 6039 6042
f 4068 6042 4069
f 4965 4964 5063
f 4965 5063 5064
f 4964 4963 5062
f 4964 5062 5063
f 4963 3218 3219
f 4963 3219 5062
f 3532 4965 5064
f 3532 5064 3535
f 4975 4974 5059
f 4975 5059 5058
f 4974 4973 5060
f 4974 5060 5059
f 4973 3530 3526
f 4973 3526 5060
f 3270 4975 5058
f 3270 5058 3271
f 5060 3526 3523
f 5060 3523 5056
f 5059 5060 5056
f 5059 5056 247
f 5058 5059 247
f 5058 247 5055
f 3271 5058 5055
f 3271 5055 3272
f 3272 5055 5052
f 3272 5052 3273
f 5055 247 234
f 5055 234 5052
f 247 5056 5053
f 247 5053 234
f 5056 3523 3520
f 5056 3520 5053
f 4581 6045 4976
f 4581 4976 3544
f 3413 4758 6045
f 3413 6045 4581
f 4758 3418 4729
f 4758 4729 6045
f 6045 4729 3508
f 6045 3508 4976
f 3529 4969 5061
f 3529 5061 3527
f 4969 3548 3550
f 4969 3550 5061
f 5061 3550 3552
f 5061 3552 5057
f 3527 5061 5057
f 3527 5057 3524
f 3524 5057 5054
f 3524 5054 3521
f 5057 3552 3554
f 5057 3554 5054
f 3521 5054 4982
f 3521 4982 3518
f 5054 3554 3555
f 5054 3555 4982
f 6046 6047 6050
f 6046 6050 6049
f 6047 6048 6051
f 6047 6051 6050
f 6049 6050 4974
f 6049 4974 4975
f 6050 6051 4973
f 6050 4973 4974
f 3206 4907 6046
f 3206 6046 4096
f 4907 4906 6047
f 4907 6047 6046
f 4906 4905 6048
f 4906 6048 6047
f 4905 3411 4573
f 4905 4573 6048
f 6048 4573 4572
f 6048 4572 6051
f 6051 4572 3530
f 6051 3530 4973
f 4097 6049 4975
f 4097 4975 3270
f 4096 6046 6049
f 4096 6049 4097
f 3273 5052 4986
f 3273 4986 3274
f 5052 234 231
f 5052 231 4986
f 234 5053 4987
f 234 4987 231
f 5053 3520 3517
f 5053 3517 4987
f 3536 5048 4962
f 3536 4962 3533
f 5048 3514 3515
f 5048 3515 4962
f 3539 5044 5048
f 3539 5048 3536
f 5044 3512 3514
f 5044 3514 5048
f 5040 3510 3512
f 5040 3512 5044
f 3542 5040 5044
f 3542 5044 3539
f 6052 6053 6056
f 6052 6056 6055
f 6053 6054 6057
f 6053 6057 6056
f 6055 6056 4181
f 6055 4181 4182
f 6056 6057 4180
f 6056 4180 4181
f 3103 3671 6052
f 3103 6052 4072
f 3671 3670 6053
f 3671 6053 6052
f 3670 3669 6054
f 3670 6054 6053
f 3669 3101 4068
f 3669 4068 6054
f 6054 4068 4069
f 6054 4069 6057
f 6057 4069 3213
f 6057 3213 4180
f 4073 6055 4182
f 4073 4182 3223
f 4072 6052 6055
f 4072 6055 4073
f 4182 4181 4184
f 4182 4184 4185
f 4181 4180 4183
f 4181 4183 4184
f 4180 3213 3214
f 4180 3214 4183
f 3223 4182 4185
f 3223 4185 3224
f 4183 3214 3215
f 4183 3215 4186
f 4184 4183 4186
f 4184 4186 4187
f 4185 4184 4187
f 4185 4187 4188
f 3224 4185 4188
f 3224 4188 3225
f 3225 4188 3226
f 4188 4187 4190
f 4188 4190 3226
f 4187 4186 4189
f 4187 4189 4190
f 4186 3215 3216
f 4186 3216 4189
f 3226 4190 4192
f 3226 4192 3227
f 4190 4189 4191
f 4190 4191 4192
f 4189 3216 3217
f 4189 3217 4191
f 6058 6059 6062
f 6058 6062 6061
f 6059 6060 6063
f 6059 6063 6062
f 6061 6062 4967
f 6061 4967 4968
f 6062 6063 4966
f 6062 4966 4967
f 3406 4900 6058
f 3406 6058 4750
f 4900 4899 6059
f 4900 6059 6058
f 4899 4898 6060
f 4899 6060 6059
f 4898 3193 4094
f 4898 4094 6060
f 6060 4094 4095
f 6060 4095 6063
f 6063 4095 3265
f 6063 3265 4966
f 4751 6061 4968
f 4751 4968 3547
f 4750 6058 6061
f 4750 6061 4751
f 5062 3219 3220
f 5062 3220 5065
f 5063 5062 5065
f 5063 5065 202
f 5064 5063 202
f 5064 202 5066
f 3535 5064 5066
f 3535 5066 3538
f 3538 5066 5068
f 3538 5068 3541
f 5066 202 189
f 5066 189 5068
f 202 5065 5067
f 202 5067 189
f 5065 3220 3221
f 5065 3221 5067
f 3541 5068 4977
f 3541 4977 3545
f 5068 189 190
f 5068 190 4977
f 189 5067 4978
f 189 4978 190
f 5067 3221 3222
f 5067 3222 4978
f 4968 4967 5070
f 4968 5070 5071
f 4967 4966 5069
f 4967 5069 5070
f 4966 3265 3266
f 4966 3266 5069
f 3547 4968 5071
f 3547 5071 3549
f 6064 6065 4195
f 6065 6066 6067
f 4195 6065 4194
f 6065 6067 4193
f 6065 4193 4194
f 3135 3797 6064
f 3135 6064 4085
f 3797 3796 6065
f 3797 6065 6064
f 3796 3795 6066
f 3796 6066 6065
f 3795 3103 4072
f 3795 4072 6066
f 6066 4072 4073
f 6066 4073 6067
f 6067 4073 3223
f 6067 3223 4193
f 4086 4195 3249
f 4085 6064 4195
f 4085 4195 4086
f 4195 4194 6068
f 6068 4194 6069
f 6068 6069 4198
f 4194 4193 4196
f 4194 4196 6069
f 3249 4195 4087
f 4193 3223 3224
f 4193 3224 4196
f 6069 4196 4197
f 4198 6069 4197
f 4087 6068 4198
f 4087 4198 3250
f 4087 4195 6068
f 3250 4198 4088
f 4196 3224 3225
f 4196 3225 4199
f 4197 4196 4199
f 4197 4199 4200
f 6069 4197 4200
f 6069 4200 4201
f 4088 6069 4201
f 4088 4201 3251
f 4088 4198 6069
f 4200 4199 3225
f 3251 4201 3252
f 3253 4203 4204
f 3252 4201 3253
f 3252 3253 4089
f 4201 4200 4203
f 4201 4203 3253
f 4200 3225 4202
f 4200 4202 4203
f 3225 3226 4202
f 4089 4204 3253
f 3253 4204 4207
f 3253 4207 3254
f 4204 4203 4206
f 4204 4206 4207
f 4203 4202 4205
f 4203 4205 4206
f 4202 3226 3227
f 4202 3227 4205
f 6070 6071 6072
f 6070 6072 1657
f 6071 4074 4075
f 6071 4075 6072
f 1657 6072 4208
f 1657 4208 1656
f 6072 4075 3228
f 6072 3228 4208
f 3102 3668 6070
f 3102 6070 4070
f 3668 3667 6071
f 3668 6071 6070
f 3667 3104 4074
f 3667 4074 6071
f 4071 1657 1656
f 4071 1656 3218
f 4070 6070 1657
f 4070 1657 4071
f 1656 4208 4209
f 1656 4209 1655
f 4208 3228 3229
f 4208 3229 4209
f 3218 1656 1655
f 3218 1655 3219
f 4209 3229 3230
f 4209 3230 4210
f 1655 4209 4210
f 1655 4210 4211
f 3219 1655 4211
f 3219 4211 3220
f 3220 4211 4213
f 3220 4213 3221
f 4211 4210 4212
f 4211 4212 4213
f 4210 3230 3231
f 4210 3231 4212
f 3221 4213 4215
f 3221 4215 3222
f 4213 4212 4214
f 4213 4214 4215
f 4212 3231 3232
f 4212 3232 4214
f 4977 190 194
f 4977 194 6073
f 190 4978 6074
f 190 6074 194
f 4978 3222 3676
f 4978 3676 6074
f 6074 3676 3106
f 6074 3106 4762
f 194 6074 4762
f 194 4762 4761
f 6073 194 4761
f 6073 4761 4760
f 4579 6073 4760
f 4579 4760 3414
f 3545 4977 6073
f 3545 6073 4579
f 3216 5041 4983
f 3216 4983 3217
f 5041 5042 4984
f 5041 4984 4983
f 5042 5043 4985
f 5042 4985 4984
f 5043 3509 3507
f 5043 3507 4985
f 3215 5045 5041
f 3215 5041 3216
f 5045 5046 5042
f 5045 5042 5041
f 5046 5047 5043
f 5046 5043 5042
f 5047 3511 3509
f 5047 3509 5043
f 5051 3513 3511
f 5051 3511 5047
f 5050 5051 5047
f 5050 5047 5046
f 5049 5050 5046
f 5049 5046 5045
f 3214 5049 5045
f 3214 5045 3215
f 4972 4971 5050
f 4972 5050 5049
f 4971 4970 5051
f 4971 5051 5050
f 4970 3516 3513
f 4970 3513 5051
f 3213 4972 5049
f 3213 5049 3214
f 3275 3278 4217
f 3275 4217 4216
f 4216 4217 3279
f 4216 3279 3281
f 4218 3280 3279
f 4218 3279 4217
f 3276 4218 4217
f 3276 4217 3278
f 3277 3281 3279
f 3277 3279 3280
f 3284 4220 4219
f 3284 4219 3283
f 4220 3282 3285
f 4220 3285 4219
f 3286 3289 3290
f 3286 3290 3292
f 4221 4222 3290
f 4221 3290 3289
f 3287 3291 4222
f 3287 4222 4221
f 4223 3292 3290
f 4223 3290 4222
f 3288 4223 4222
f 3288 4222 3291
f 4224 4225 3296
f 4224 3296 3295
f 3293 3294 4225
f 3293 4225 4224
f 3297 3300 3301
f 3297 3301 3303
f 4226 4227 3301
f 4226 3301 3300
f 3298 3302 4227
f 3298 4227 4226
f 3299 4228 4227
f 3299 4227 3302
f 4228 3303 3301
f 4228 3301 4227
f 3304 3305 4230
f 3304 4230 4229
f 4229 4230 3307
f 4229 3307 3306
f 4231 3311 3312
f 4231 3312 4232
f 3308 4231 4232
f 3308 4232 3314
f 3309 3313 3312
f 3309 3312 3311
f 4233 4232 3312
f 4233 3312 3313
f 3310 3314 4232
f 3310 4232 4233
f 4234 3316 3318
f 4234 3318 4235
f 3315 4234 4235
f 3315 4235 3317
f 6075 6076 4241
f 6075 4241 4242
f 6076 6077 4240
f 6076 4240 4241
f 3414 4237 6075
f 3414 6075 4236
f 4237 4238 6076
f 4237 6076 6075
f 4238 4239 6077
f 4238 6077 6076
f 4239 3275 4216
f 4239 4216 6077
f 6077 4216 3281
f 6077 3281 4240
f 4236 6075 4242
f 4236 4242 3415
f 4242 4241 4244
f 4242 4244 4245
f 4241 4240 4243
f 4241 4243 4244
f 4240 3281 3277
f 4240 3277 4243
f 3415 4242 4245
f 3415 4245 3413
f 4218 6078 4247
f 4218 4247 3280
f 3276 4246 6078
f 3276 6078 4218
f 4246 3283 4219
f 4246 4219 6078
f 6078 4219 3285
f 6078 3285 4247
f 4247 3285 3282
f 4247 3282 4248
f 3280 4247 4248
f 3280 4248 3277
f 6079 6080 4253
f 6079 4253 4254
f 6080 6081 4252
f 6080 4252 4253
f 3054 3055 6079
f 3054 6079 4249
f 3055 4250 6080
f 3055 6080 6079
f 4250 4251 6081
f 4250 6081 6080
f 4251 3293 4224
f 4251 4224 6081
f 6081 4224 3295
f 6081 3295 4252
f 4249 6079 4254
f 4249 4254 3364
f 6082 4221 3289
f 6082 3289 4256
f 3294 4255 6082
f 3294 6082 4225
f 4255 3287 4221
f 4255 4221 6082
f 4225 6082 4256
f 4225 4256 3296
f 4256 3289 3286
f 4256 3286 4257
f 3296 4256 4257
f 3296 4257 3295
f 4258 4259 4262
f 4258 4262 4263
f 4259 4260 4261
f 4259 4261 4262
f 4260 3288 3291
f 4260 3291 4261
f 3320 4258 4263
f 3320 4263 3321
f 4263 4262 4265
f 4263 4265 4266
f 4262 4261 4264
f 4262 4264 4265
f 4261 3291 3287
f 4261 3287 4264
f 3321 4263 4266
f 3321 4266 3319
f 4267 4268 4271
f 4267 4271 4272
f 4268 4269 4270
f 4268 4270 4271
f 4269 3315 3317
f 4269 3317 4270
f 3498 4267 4272
f 3498 4272 3497
f 4273 3309 3311
f 4273 3311 4274
f 3316 4273 4274
f 3316 4274 3318
f 4274 3311 4231
f 4274 4231 6083
f 6083 4231 3308
f 6083 3308 4275
f 4235 6083 4275
f 4235 4275 3317
f 3318 4274 6083
f 3318 6083 4235
f 6084 6085 4281
f 6084 4281 4282
f 6085 6086 4280
f 6085 4280 4281
f 3366 4277 6084
f 3366 6084 4276
f 4277 4278 6085
f 4277 6085 6084
f 4278 4279 6086
f 4278 6086 6085
f 4279 3310 4233
f 4279 4233 6086
f 6086 4233 3313
f 6086 3313 4280
f 4276 6084 4282
f 4276 4282 3367
f 4282 4281 4284
f 4282 4284 4285
f 4281 4280 4283
f 4281 4283 4284
f 4280 3313 3309
f 4280 3309 4283
f 3367 4282 4285
f 3367 4285 3365
f 6087 6088 4291
f 6087 4291 4292
f 6088 6089 4290
f 6088 4290 4291
f 3417 4287 6087
f 3417 6087 4286
f 4287 4288 6088
f 4287 6088 6087
f 4288 4289 6089
f 4288 6089 6088
f 4289 3304 4229
f 4289 4229 6089
f 6089 4229 3306
f 6089 3306 4290
f 4286 6087 4292
f 4286 4292 3416
f 6090 4226 3300
f 6090 3300 4294
f 3305 4293 6090
f 3305 6090 4230
f 4293 3298 4226
f 4293 4226 6090
f 4230 6090 4294
f 4230 4294 3307
f 4294 3300 3297
f 4294 3297 4295
f 3307 4294 4295
f 3307 4295 3306
f 3500 4296 4301
f 3500 4301 3501
f 4296 4297 4300
f 4296 4300 4301
f 4297 4298 4299
f 4297 4299 4300
f 4298 3299 3302
f 4298 3302 4299
f 4301 4300 4303
f 4301 4303 4304
f 4300 4299 4302
f 4300 4302 4303
f 4299 3302 3298
f 4299 3298 4302
f 3501 4301 4304
f 3501 4304 3499
f 3328 4305 4310
f 3328 4310 3327
f 4305 4306 4309
f 4305 4309 4310
f 4306 4307 4308
f 4306 4308 4309
f 4307 3284 3283
f 4307 3283 4308
f 3335 4311 4314
f 3335 4314 3336
f 4311 4312 4313
f 4311 4313 4314
f 4312 3320 3321
f 4312 3321 4313
f 3336 4314 4316
f 3336 4316 3334
f 4314 4313 4315
f 4314 4315 4316
f 4313 3321 3319
f 4313 3319 4315
f 4317 4318 4321
f 4317 4321 4322
f 4318 4319 4320
f 4318 4320 4321
f 4319 3322 3323
f 4319 3323 4320
f 3293 4317 4322
f 3293 4322 3294
f 3275 4323 4328
f 3275 4328 3278
f 4323 4324 4327
f 4323 4327 4328
f 4324 4325 4326
f 4324 4326 4327
f 4325 3324 3326
f 4325 3326 4326
f 4328 4327 4330
f 4328 4330 4331
f 4327 4326 4329
f 4327 4329 4330
f 4326 3326 3325
f 4326 3325 4329
f 3278 4328 4331
f 3278 4331 3276
f 3338 4332 4335
f 3338 4335 3337
f 4332 4333 4334
f 4332 4334 4335
f 4333 3328 3327
f 4333 3327 4334
f 4336 4337 4338
f 4336 4338 4339
f 4337 3329 3330
f 4337 3330 4338
f 3322 4336 4339
f 3322 4339 3323
f 3324 4340 4343
f 3324 4343 3326
f 4340 4341 4342
f 4340 4342 4343
f 4341 3331 3333
f 4341 3333 4342
f 4343 4342 4344
f 4343 4344 4345
f 4342 3333 3332
f 4342 3332 4344
f 3326 4343 4345
f 3326 4345 3325
f 4346 4347 4350
f 4346 4350 4351
f 4347 4348 4349
f 4347 4349 4350
f 4348 3335 3336
f 4348 3336 4349
f 3433 4346 4351
f 3433 4351 3434
f 4351 4350 4353
f 4351 4353 4354
f 4350 4349 4352
f 4350 4352 4353
f 4349 3336 3334
f 4349 3334 4352
f 3434 4351 4354
f 3434 4354 3432
f 3436 4355 4360
f 3436 4360 3435
f 4355 4356 4359
f 4355 4359 4360
f 4356 4357 4358
f 4356 4358 4359
f 4357 3338 3337
f 4357 3337 4358
f 3425 4361 4366
f 3425 4366 3426
f 4361 4362 4365
f 4361 4365 4366
f 4362 4363 4364
f 4362 4364 4365
f 4363 3339 3341
f 4363 3341 4364
f 4366 4365 4368
f 4366 4368 4369
f 4365 4364 4367
f 4365 4367 4368
f 4364 3341 3340
f 4364 3340 4367
f 3426 4366 4369
f 3426 4369 3424
f 4370 4371 4374
f 4370 4374 4375
f 4371 4372 4373
f 4371 4373 4374
f 4372 3342 3343
f 4372 3343 4373
f 3423 4370 4375
f 3423 4375 3422
f 6091 6092 4382
f 6091 4382 4383
f 6092 6093 4381
f 6092 4381 4382
f 3394 4377 6091
f 3394 6091 4376
f 4377 4378 6092
f 4377 6092 6091
f 4378 4379 6093
f 4378 6093 6092
f 4379 3344 4380
f 4379 4380 6093
f 6093 4380 3346
f 6093 3346 4381
f 4376 6091 4383
f 4376 4383 3395
f 4383 4382 4385
f 4383 4385 4386
f 4382 4381 4384
f 4382 4384 4385
f 4381 3346 3345
f 4381 3345 4384
f 3395 4383 4386
f 3395 4386 3393
f 6094 6095 4393
f 6094 4393 4394
f 6095 6096 4392
f 6095 4392 4393
f 3360 4388 6094
f 3360 6094 4387
f 4388 4389 6095
f 4388 6095 6094
f 4389 4390 6096
f 4389 6096 6095
f 4390 3347 4391
f 4390 4391 6096
f 6096 4391 3348
f 6096 3348 4392
f 4387 6094 4394
f 4387 4394 3359
f 6097 6098 4401
f 6097 4401 4402
f 6098 6099 4400
f 6098 4400 4401
f 3362 4396 6097
f 3362 6097 4395
f 4396 4397 6098
f 4396 6098 6097
f 4397 4398 6099
f 4397 6099 6098
f 4398 3349 4399
f 4398 4399 6099
f 6099 4399 3351
f 6099 3351 4400
f 4395 6097 4402
f 4395 4402 3363
f 4402 4401 4404
f 4402 4404 4405
f 4401 4400 4403
f 4401 4403 4404
f 4400 3351 3350
f 4400 3350 4403
f 3363 4402 4405
f 3363 4405 3361
f 6100 6101 4412
f 6100 4412 4413
f 6101 6102 4411
f 6101 4411 4412
f 3397 4407 6100
f 3397 6100 4406
f 4407 4408 6101
f 4407 6101 6100
f 4408 4409 6102
f 4408 6102 6101
f 4409 3352 4410
f 4409 4410 6102
f 6102 4410 3353
f 6102 3353 4411
f 4406 6100 4413
f 4406 4413 3396
f 6103 6104 4419
f 6103 4419 4420
f 6104 6105 4418
f 6104 4418 4419
f 3344 4414 6103
f 3344 6103 4380
f 4414 4415 6104
f 4414 6104 6103
f 4415 4416 6105
f 4415 6105 6104
f 4416 3354 4417
f 4416 4417 6105
f 6105 4417 3356
f 6105 3356 4418
f 4380 6103 4420
f 4380 4420 3346
f 4420 4419 4422
f 4420 4422 4423
f 4419 4418 4421
f 4419 4421 4422
f 4418 3356 3355
f 4418 3355 4421
f 3346 4420 4423
f 3346 4423 3345
f 6106 6107 4429
f 6106 4429 4430
f 6107 6108 4428
f 6107 4428 4429
f 3352 4424 6106
f 3352 6106 4410
f 4424 4425 6107
f 4424 6107 6106
f 4425 4426 6108
f 4425 6108 6107
f 4426 3357 4427
f 4426 4427 6108
f 6108 4427 3358
f 6108 3358 4428
f 4410 6106 4430
f 4410 4430 3353
f 6109 6110 4436
f 6109 4436 4437
f 6110 6111 4435
f 6110 4435 4436
f 3409 4432 6109
f 3409 6109 4431
f 4432 4433 6110
f 4432 6110 6109
f 4433 4434 6111
f 4433 6111 6110
f 4434 3360 4387
f 4434 4387 6111
f 6111 4387 3359
f 6111 3359 4435
f 4431 6109 4437
f 4431 4437 3408
f 6112 6113 4443
f 6112 4443 4444
f 6113 6114 4442
f 6113 4442 4443
f 3411 4439 6112
f 3411 6112 4438
f 4439 4440 6113
f 4439 6113 6112
f 4440 4441 6114
f 4440 6114 6113
f 4441 3362 4395
f 4441 4395 6114
f 6114 4395 3363
f 6114 3363 4442
f 4438 6112 4444
f 4438 4444 3412
f 4444 4443 4446
f 4444 4446 4447
f 4443 4442 4445
f 4443 4445 4446
f 4442 3363 3361
f 4442 3361 4445
f 3412 4444 4447
f 3412 4447 3410
f 4448 6115 4450
f 4448 4450 3451
f 3450 4449 6115
f 3450 6115 4448
f 4449 3054 4249
f 4449 4249 6115
f 6115 4249 3364
f 6115 3364 4450
f 4451 6116 4453
f 4451 4453 3466
f 3464 4452 6116
f 3464 6116 4451
f 4452 3366 4276
f 4452 4276 6116
f 6116 4276 3367
f 6116 3367 4453
f 3466 4453 4454
f 3466 4454 3465
f 4453 3367 3365
f 4453 3365 4454
f 6117 6118 4460
f 6117 4460 4461
f 6118 6119 4459
f 6118 4459 4460
f 3288 4455 6117
f 3288 6117 4223
f 4455 4456 6118
f 4455 6118 6117
f 4456 4457 6119
f 4456 6119 6118
f 4457 3368 4458
f 4457 4458 6119
f 6119 4458 3370
f 6119 3370 4459
f 4223 6117 4461
f 4223 4461 3292
f 4461 4460 4463
f 4461 4463 4464
f 4460 4459 4462
f 4460 4462 4463
f 4459 3370 3369
f 4459 3369 4462
f 3292 4461 4464
f 3292 4464 3286
f 6120 6121 4470
f 6120 4470 4471
f 6121 6122 4469
f 6121 4469 4470
f 3315 4465 6120
f 3315 6120 4234
f 4465 4466 6121
f 4465 6121 6120
f 4466 4467 6122
f 4466 6122 6121
f 4467 3371 4468
f 4467 4468 6122
f 6122 4468 3372
f 6122 3372 4469
f 4234 6120 4471
f 4234 4471 3316
f 4472 4473 3375
f 4472 3375 3481
f 3480 3373 4473
f 3480 4473 4472
f 3481 3375 3374
f 3481 3374 3479
f 4474 4475 3377
f 4474 3377 3490
f 3491 3376 4475
f 3491 4475 4474
f 6123 6124 4482
f 6123 4482 4483
f 6124 6125 4481
f 6124 4481 4482
f 3389 4477 6123
f 3389 6123 4476
f 4477 4478 6124
f 4477 6124 6123
f 4478 4479 6125
f 4478 6125 6124
f 4479 3378 4480
f 4479 4480 6125
f 6125 4480 3379
f 6125 3379 4481
f 4476 6123 4483
f 4476 4483 3388
f 6126 6127 4490
f 6126 4490 4491
f 6127 6128 4489
f 6127 4489 4490
f 3391 4485 6126
f 3391 6126 4484
f 4485 4486 6127
f 4485 6127 6126
f 4486 4487 6128
f 4486 6128 6127
f 4487 3380 4488
f 4487 4488 6128
f 6128 4488 3382
f 6128 3382 4489
f 4484 6126 4491
f 4484 4491 3392
f 4491 4490 4493
f 4491 4493 4494
f 4490 4489 4492
f 4490 4492 4493
f 4489 3382 3381
f 4489 3381 4492
f 3392 4491 4494
f 3392 4494 3390
f 6129 6130 4500
f 6129 4500 4501
f 6130 6131 4499
f 6130 4499 4500
f 3373 4495 6129
f 3373 6129 4473
f 4495 4496 6130
f 4495 6130 6129
f 4496 4497 6131
f 4496 6131 6130
f 4497 3383 4498
f 4497 4498 6131
f 6131 4498 3385
f 6131 3385 4499
f 4473 6129 4501
f 4473 4501 3375
f 4501 4500 4503
f 4501 4503 4504
f 4500 4499 4502
f 4500 4502 4503
f 4499 3385 3384
f 4499 3384 4502
f 3375 4501 4504
f 3375 4504 3374
f 6132 6133 4510
f 6132 4510 4511
f 6133 6134 4509
f 6133 4509 4510
f 3376 4505 6132
f 3376 6132 4475
f 4505 4506 6133
f 4505 6133 6132
f 4506 4507 6134
f 4506 6134 6133
f 4507 3386 4508
f 4507 4508 6134
f 6134 4508 3387
f 6134 3387 4509
f 4475 6132 4511
f 4475 4511 3377
f 6135 6136 4515
f 6135 4515 4516
f 3399 4513 6135
f 3399 6135 4512
f 4513 4514 6136
f 4513 6136 6135
f 4514 3389 4476
f 4514 4476 6136
f 6136 4476 3388
f 6136 3388 4515
f 4512 6135 4516
f 4512 4516 3398
f 6137 6138 4520
f 6137 4520 4521
f 3401 4518 6137
f 3401 6137 4517
f 4518 4519 6138
f 4518 6138 6137
f 4519 3391 4484
f 4519 4484 6138
f 6138 4484 3392
f 6138 3392 4520
f 4517 6137 4521
f 4517 4521 3402
f 4521 4520 4522
f 4521 4522 4523
f 4520 3392 3390
f 4520 3390 4522
f 3402 4521 4523
f 3402 4523 3400
f 6139 6140 4526
f 6139 4526 4527
f 3383 4524 6139
f 3383 6139 4498
f 4524 4525 6140
f 4524 6140 6139
f 4525 3394 4376
f 4525 4376 6140
f 6140 4376 3395
f 6140 3395 4526
f 4498 6139 4527
f 4498 4527 3385
f 4527 4526 4528
f 4527 4528 4529
f 4526 3395 3393
f 4526 3393 4528
f 3385 4527 4529
f 3385 4529 3384
f 6141 6142 4532
f 6141 4532 4533
f 3386 4530 6141
f 3386 6141 4508
f 4530 4531 6142
f 4530 6142 6141
f 4531 3397 4406
f 4531 4406 6142
f 6142 4406 3396
f 6142 3396 4532
f 4508 6141 4533
f 4508 4533 3387
f 6143 6144 4538
f 6143 4538 4539
f 6144 6145 4537
f 6144 4537 4538
f 3347 4534 6143
f 3347 6143 4391
f 4534 4535 6144
f 4534 6144 6143
f 4535 4536 6145
f 4535 6145 6144
f 4536 3399 4512
f 4536 4512 6145
f 6145 4512 3398
f 6145 3398 4537
f 4391 6143 4539
f 4391 4539 3348
f 6146 6147 4544
f 6146 4544 4545
f 6147 6148 4543
f 6147 4543 4544
f 3349 4540 6146
f 3349 6146 4399
f 4540 4541 6147
f 4540 6147 6146
f 4541 4542 6148
f 4541 6148 6147
f 4542 3401 4517
f 4542 4517 6148
f 6148 4517 3402
f 6148 3402 4543
f 4399 6146 4545
f 4399 4545 3351
f 4545 4544 4547
f 4545 4547 4548
f 4544 4543 4546
f 4544 4546 4547
f 4543 3402 3400
f 4543 3400 4546
f 3351 4545 4548
f 3351 4548 3350
f 6149 6150 4554
f 6149 4554 4555
f 6150 6151 4553
f 6150 4553 4554
f 3354 4549 6149
f 3354 6149 4417
f 4549 4550 6150
f 4549 6150 6149
f 4550 4551 6151
f 4550 6151 6150
f 4551 3403 4552
f 4551 4552 6151
f 6151 4552 3405
f 6151 3405 4553
f 4417 6149 4555
f 4417 4555 3356
f 4555 4554 4557
f 4555 4557 4558
f 4554 4553 4556
f 4554 4556 4557
f 4553 3405 3404
f 4553 3404 4556
f 3356 4555 4558
f 3356 4558 3355
f 6152 6153 4564
f 6152 4564 4565
f 6153 6154 4563
f 6153 4563 4564
f 3357 4559 6152
f 3357 6152 4427
f 4559 4560 6153
f 4559 6153 6152
f 4560 4561 6154
f 4560 6154 6153
f 4561 3406 4562
f 4561 4562 6154
f 6154 4562 3407
f 6154 3407 4563
f 4427 6152 4565
f 4427 4565 3358
f 4566 6155 4570
f 4566 4570 3515
f 6155 6156 4569
f 6155 4569 4570
f 3516 4567 6155
f 3516 6155 4566
f 4567 4568 6156
f 4567 6156 6155
f 4568 3409 4431
f 4568 4431 6156
f 6156 4431 3408
f 6156 3408 4569
f 4571 6157 4575
f 4571 4575 3531
f 6157 6158 4574
f 6157 4574 4575
f 3530 4572 6157
f 3530 6157 4571
f 4572 4573 6158
f 4572 6158 6157
f 4573 3411 4438
f 4573 4438 6158
f 6158 4438 3412
f 6158 3412 4574
f 3531 4575 4577
f 3531 4577 3529
f 4575 4574 4576
f 4575 4576 4577
f 4574 3412 3410
f 4574 3410 4576
f 4578 6159 4580
f 4578 4580 3546
f 3545 4579 6159
f 3545 6159 4578
f 4579 3414 4236
f 4579 4236 6159
f 6159 4236 3415
f 6159 3415 4580
f 3546 4580 4581
f 3546 4581 3544
f 4580 3415 3413
f 4580 3413 4581
f 4582 6160 4584
f 4582 4584 3555
f 3556 4583 6160
f 3556 6160 4582
f 4583 3417 4286
f 4583 4286 6160
f 6160 4286 3416
f 6160 3416 4584
f 6161 6162 4590
f 6161 4590 4591
f 6162 6163 4589
f 6162 4589 4590
f 3284 4585 6161
f 3284 6161 4220
f 4585 4586 6162
f 4585 6162 6161
f 4586 4587 6163
f 4586 6163 6162
f 4587 1718 4588
f 4587 4588 6163
f 6163 4588 3418
f 6163 3418 4589
f 4220 6161 4591
f 4220 4591 3282
f 6164 6165 4597
f 6164 4597 4598
f 6165 6166 4596
f 6165 4596 4597
f 3299 4592 6164
f 3299 6164 4228
f 4592 4593 6165
f 4592 6165 6164
f 4593 4594 6166
f 4593 6166 6165
f 4594 3419 4595
f 4594 4595 6166
f 6166 4595 3421
f 6166 3421 4596
f 4228 6164 4598
f 4228 4598 3303
f 4598 4597 4600
f 4598 4600 4601
f 4597 4596 4599
f 4597 4599 4600
f 4596 3421 3420
f 4596 3420 4599
f 3303 4598 4601
f 3303 4601 3297
f 4602 4603 4606
f 4602 4606 4607
f 4603 6167 4605
f 4603 4605 4606
f 4603 4604 6167
f 4604 3423 6167
f 6167 3423 3422
f 6167 3422 4605
f 3438 4602 4607
f 3438 4607 3437
f 3440 4608 4613
f 3440 4613 3441
f 4608 4609 4612
f 4608 4612 4613
f 4609 4610 4611
f 4609 4611 4612
f 4610 3425 3426
f 4610 3426 4611
f 4613 4612 4615
f 4613 4615 4616
f 4612 4611 4614
f 4612 4614 4615
f 4611 3426 3424
f 4611 3424 4614
f 3441 4613 4616
f 3441 4616 3439
f 4617 4618 4621
f 4617 4621 4622
f 4618 4619 4620
f 4618 4620 4621
f 4619 3427 3429
f 4619 3429 4620
f 3493 4617 4622
f 3493 4622 3494
f 4622 4621 4624
f 4622 4624 4625
f 4621 4620 4623
f 4621 4623 4624
f 4620 3429 3428
f 4620 3428 4623
f 3494 4622 4625
f 3494 4625 3492
f 3496 4626 4631
f 3496 4631 3495
f 4626 4627 4630
f 4626 4630 4631
f 4627 4628 4629
f 4627 4629 4630
f 4628 3430 3431
f 4628 3431 4629
f 4632 4633 4636
f 4632 4636 4637
f 4633 4634 4635
f 4633 4635 4636
f 4634 3433 3434
f 4634 3434 4635
f 3427 4632 4637
f 3427 4637 3429
f 4637 4636 4639
f 4637 4639 4640
f 4636 4635 4638
f 4636 4638 4639
f 4635 3434 3432
f 4635 3432 4638
f 3429 4637 4640
f 3429 4640 3428
f 3430 4641 4646
f 3430 4646 3431
f 4641 4642 4645
f 4641 4645 4646
f 4642 4643 4644
f 4642 4644 4645
f 4643 3436 3435
f 4643 3435 4644
f 4647 4648 4651
f 4647 4651 4652
f 4648 4649 4650
f 4648 4650 4651
f 4649 3438 3437
f 4649 3437 4650
f 3329 4647 4652
f 3329 4652 3330
f 3331 4653 4658
f 3331 4658 3333
f 4653 4654 4657
f 4653 4657 4658
f 4654 4655 4656
f 4654 4656 4657
f 4655 3440 3441
f 4655 3441 4656
f 4658 4657 4660
f 4658 4660 4661
f 4657 4656 4659
f 4657 4659 4660
f 4656 3441 3439
f 4656 3439 4659
f 3333 4658 4661
f 3333 4661 3332
f 4480 4662 3443
f 4480 3443 3379
f 3378 3442 4662
f 3378 4662 4480
f 4662 4663 3445
f 4662 3445 3443
f 3442 3444 4663
f 3442 4663 4662
f 4663 4664 3447
f 4663 3447 3445
f 3444 3446 4664
f 3444 4664 4663
f 4664 4665 3449
f 4664 3449 3447
f 3446 3448 4665
f 3446 4665 4664
f 4665 4448 3451
f 4665 3451 3449
f 3448 3450 4448
f 3448 4448 4665
f 4488 4666 3454
f 4488 3454 3382
f 3380 3452 4666
f 3380 4666 4488
f 3382 3454 3453
f 3382 3453 3381
f 4666 4667 3457
f 4666 3457 3454
f 3452 3455 4667
f 3452 4667 4666
f 3454 3457 3456
f 3454 3456 3453
f 4667 4668 3460
f 4667 3460 3457
f 3455 3458 4668
f 3455 4668 4667
f 3457 3460 3459
f 3457 3459 3456
f 4668 4669 3463
f 4668 3463 3460
f 3458 3461 4669
f 3458 4669 4668
f 3460 3463 3462
f 3460 3462 3459
f 4669 4451 3466
f 4669 3466 3463
f 3461 3464 4451
f 3461 4451 4669
f 3463 3466 3465
f 3463 3465 3462
f 4670 4671 3472
f 4670 3472 3469
f 3467 3470 4671
f 3467 4671 4670
f 3469 3472 3471
f 3469 3471 3468
f 4671 4672 3475
f 4671 3475 3472
f 3470 3473 4672
f 3470 4672 4671
f 3472 3475 3474
f 3472 3474 3471
f 4672 4673 3478
f 4672 3478 3475
f 3473 3476 4673
f 3473 4673 4672
f 3475 3478 3477
f 3475 3477 3474
f 4673 4472 3481
f 4673 3481 3478
f 3476 3480 4472
f 3476 4472 4673
f 3478 3481 3479
f 3478 3479 3477
f 4674 4675 3485
f 4674 3485 3483
f 3482 3484 4675
f 3482 4675 4674
f 4675 4676 3487
f 4675 3487 3485
f 3484 3486 4676
f 3484 4676 4675
f 4676 4677 3489
f 4676 3489 3487
f 3486 3488 4677
f 3486 4677 4676
f 4677 4474 3490
f 4677 3490 3489
f 3488 3491 4474
f 3488 4474 4677
f 6168 4670 3469
f 6168 3469 4679
f 3368 4678 6168
f 3368 6168 4458
f 4678 3467 4670
f 4678 4670 6168
f 4458 6168 4679
f 4458 4679 3370
f 4679 3469 3468
f 4679 3468 4680
f 3370 4679 4680
f 3370 4680 3369
f 6169 4674 3483
f 6169 3483 4682
f 3371 4681 6169
f 3371 6169 4468
f 4681 3482 4674
f 4681 4674 6169
f 4468 6169 4682
f 4468 4682 3372
f 4683 4684 4687
f 4683 4687 4688
f 4684 4685 4686
f 4684 4686 4687
f 4685 3493 3494
f 4685 3494 4686
f 3503 4683 4688
f 3503 4688 3504
f 4688 4687 4690
f 4688 4690 4691
f 4687 4686 4689
f 4687 4689 4690
f 4686 3494 3492
f 4686 3492 4689
f 3504 4688 4691
f 3504 4691 3502
f 3506 4692 4697
f 3506 4697 3505
f 4692 4693 4696
f 4692 4696 4697
f 4693 4694 4695
f 4693 4695 4696
f 4694 3496 3495
f 4694 3495 4695
f 4698 4699 4702
f 4698 4702 4703
f 4699 4700 4701
f 4699 4701 4702
f 4700 3498 3497
f 4700 3497 4701
f 3342 4698 4703
f 3342 4703 3343
f 3339 4704 4709
f 3339 4709 3341
f 4704 4705 4708
f 4704 4708 4709
f 4705 4706 4707
f 4705 4707 4708
f 4706 3500 3501
f 4706 3501 4707
f 4709 4708 4711
f 4709 4711 4712
f 4708 4707 4710
f 4708 4710 4711
f 4707 3501 3499
f 4707 3499 4710
f 3341 4709 4712
f 3341 4712 3340
f 4713 4714 4717
f 4713 4717 4718
f 4714 4715 4716
f 4714 4716 4717
f 4715 3503 3504
f 4715 3504 4716
f 3310 4713 4718
f 3310 4718 3314
f 4718 4717 4720
f 4718 4720 4721
f 4717 4716 4719
f 4717 4719 4720
f 4716 3504 3502
f 4716 3502 4719
f 3314 4718 4721
f 3314 4721 3308
f 3304 4722 4727
f 3304 4727 3305
f 4722 4723 4726
f 4722 4726 4727
f 4723 4724 4725
f 4723 4725 4726
f 4724 3506 3505
f 4724 3505 4725
f 6170 4728 3508
f 6170 3508 4729
f 1718 1719 6170
f 1718 6170 4588
f 1719 3507 4728
f 1719 4728 6170
f 4588 6170 4729
f 4588 4729 3418
f 3507 3509 4730
f 3507 4730 4728
f 4728 4730 3510
f 4728 3510 3508
f 3509 3511 4731
f 3509 4731 4730
f 4730 4731 3512
f 4730 3512 3510
f 3511 3513 4732
f 3511 4732 4731
f 4731 4732 3514
f 4731 3514 3512
f 4732 4566 3515
f 4732 3515 3514
f 3513 3516 4566
f 3513 4566 4732
f 6171 4734 3519
f 6171 3519 4735
f 3419 4733 6171
f 3419 6171 4595
f 4733 3517 4734
f 4733 4734 6171
f 4595 6171 4735
f 4595 4735 3421
f 4735 3519 3518
f 4735 3518 4736
f 3421 4735 4736
f 3421 4736 3420
f 3517 3520 4737
f 3517 4737 4734
f 4734 4737 3522
f 4734 3522 3519
f 3519 3522 3521
f 3519 3521 3518
f 3520 3523 4738
f 3520 4738 4737
f 4737 4738 3525
f 4737 3525 3522
f 3522 3525 3524
f 3522 3524 3521
f 3523 3526 4739
f 3523 4739 4738
f 4738 4739 3528
f 4738 3528 3525
f 3525 3528 3527
f 3525 3527 3524
f 4739 4571 3531
f 4739 3531 3528
f 3526 3530 4571
f 3526 4571 4739
f 3528 3531 3529
f 3528 3529 3527
f 6172 6173 4743
f 6172 4743 4744
f 6173 4742 3534
f 6173 3534 4743
f 3403 4740 6172
f 3403 6172 4552
f 4740 4741 6173
f 4740 6173 6172
f 4741 3532 4742
f 4741 4742 6173
f 4552 6172 4744
f 4552 4744 3405
f 4744 4743 4745
f 4744 4745 4746
f 4743 3534 3533
f 4743 3533 4745
f 3405 4744 4746
f 3405 4746 3404
f 4742 4747 3537
f 4742 3537 3534
f 3532 3535 4747
f 3532 4747 4742
f 3534 3537 3536
f 3534 3536 3533
f 3535 3538 4748
f 3535 4748 4747
f 4747 4748 3540
f 4747 3540 3537
f 3537 3540 3539
f 3537 3539 3536
f 3538 3541 4749
f 3538 4749 4748
f 4748 4749 3543
f 4748 3543 3540
f 3540 3543 3542
f 3540 3542 3539
f 3541 3545 4578
f 3541 4578 4749
f 4749 4578 3546
f 4749 3546 3543
f 3543 3546 3544
f 3543 3544 3542
f 6174 6175 4753
f 6174 4753 4754
f 6175 4752 3548
f 6175 3548 4753
f 3406 4750 6174
f 3406 6174 4562
f 4750 4751 6175
f 4750 6175 6174
f 4751 3547 4752
f 4751 4752 6175
f 4562 6174 4754
f 4562 4754 3407
f 4752 4755 3550
f 4752 3550 3548
f 3547 3549 4755
f 3547 4755 4752
f 3549 3551 4756
f 3549 4756 4755
f 4755 4756 3552
f 4755 3552 3550
f 3551 3553 4757
f 3551 4757 4756
f 4756 4757 3554
f 4756 3554 3552
f 3553 3556 4582
f 3553 4582 4757
f 4757 4582 3555
f 4757 3555 3554
f 4243 6176 6177
f 4243 6177 4244
f 4244 6177 6178
f 4244 6178 4245
f 3277 4248 6176
f 3277 6176 4243
f 4248 3282 4591
f 4248 4591 6176
f 6176 4591 4590
f 6176 4590 6177
f 6177 4590 4589
f 6177 4589 6178
f 6178 4589 3418
f 6178 3418 4758
f 4245 6178 4758
f 4245 4758 3413
f 6180 6179 5813
f 6180 5813 5812
f 6181 6182 6208
f 6181 6208 6207
f 6180 4001 6190
f 6180 6190 6204
f 5196 3588 6183
f 5196 6183 6210
f 6179 6180 6204
f 6179 6204 6203
f 3597 3596 6191
f 3597 6191 6193
f 5788 5785 6197
f 5788 6197 6199
f 3998 5782 6205
f 3998 6205 6188
f 5259 5261 6194
f 5259 6194 6192
f 5786 5789 6200
f 5786 6200 6198
f 5783 3997 6187
f 5783 6187 6206
f 5263 3605 6185
f 5263 6185 6196
f 5792 4000 6189
f 5792 6189 6202
f 5782 5783 6206
f 5782 6206 6205
f 3083 3598 6195
f 3083 6195 6186
f 4001 5791 6201
f 4001 6201 6190
f 3582 5196 6210
f 3582 6210 6209
f 3079 3582 6209
f 3079 6209 6184
f 6182 3083 6186
f 6182 6186 6208
f 3598 3597 6193
f 3598 6193 6195
f 5261 5263 6196
f 5261 6196 6194
f 5791 5788 6199
f 5791 6199 6201
f 5789 5792 6202
f 5789 6202 6200
f 3596 3079 6184
f 3596 6184 6191
f 3605 6181 6207
f 3605 6207 6185
f 3588 5259 6192
f 3588 6192 6183
f 5785 3998 6188
f 5785 6188 6197
f 4000 6179 6203
f 4000 6203 6189
f 3997 5786 6198
f 3997 6198 6187
f 3716 3135 4085
f 3716 4085 4086
f 3716 4086 3249
f 3716 3249 4087
f 3716 4087 3250
f 3716 3250 4088
f 3716 4088 3251
f 3716 3251 3252
f 3716 3252 4089
f 3716 4089 3253
f 3716 3253 3254
f 3716 3254 3816
f 3716 3816 3136
f 3716 3136 3722
f 3716 3722 3723
f 3716 3723 3724
f 3716 3724 3121
f 3716 3121 3729
f 3716 3729 3243
f 3716 3243 3242
f 3716 3242 4082
f 3716 4082 3241
f 3716 3241 3240
f 3716 3240 4081
f 3716 4081 3239
f 3716 3239 4080
f 3716 4080 3238
f 3716 3238 4079
f 3716 4079 4078
f 3716 4078 3119
f 3716 3119 3718
f 3716 3718 3717
