v 133.04664 20.94845 9.52614
v 133.03053 21.07127 9.52740
v 133.01852 21.07108 9.60600
v 133.01226 21.07022 9.45841
v 133.01883 20.94845 9.44843
v 132.98627 21.06678 9.41010
v 132.94495 21.07721 9.44810
v 132.93753 21.06896 9.39088
v 132.94258 20.94845 9.38583
v 132.98627 20.94845 9.41010
v 132.85900 21.07023 9.38420
v 132.86084 20.94845 9.37371
v 132.78985 20.94845 9.39654
v 132.79524 21.06816 9.39735
v 132.78197 21.07474 9.44676
v 132.86455 21.07879 9.45089
v 132.94844 21.07967 9.53182
v 132.87641 21.07419 9.54134
v 132.75319 20.94747 9.42617
v 132.72898 20.94887 9.45792
v 132.73085 21.06793 9.46242
v 132.78272 21.07859 9.53046
v 132.86188 21.07977 9.60997
v 132.94238 21.07859 9.61391
v 133.03452 20.94845 9.60788
v 132.71827 21.07019 9.53196
v 132.70840 20.94845 9.52619
v 132.72403 21.06894 9.60213
v 132.77976 21.07694 9.61062
v 132.86550 21.07171 9.69269
v 132.93905 21.07075 9.68728
v 132.99422 21.06840 9.66483
v 132.99541 20.94728 9.66535
v 132.94253 20.94845 9.69983
v 132.78732 21.06975 9.67559
v 132.72051 20.94845 9.60783
v 132.77981 20.94818 9.68100
v 132.74295 21.06385 9.65362
v 132.74295 20.95137 9.65362
v 132.86089 20.94845 9.71194
v 129.43188 20.94845 9.52614
v 129.41388 21.07156 9.52825
v 129.40376 21.07108 9.60600
v 129.39589 21.07040 9.45695
v 129.40407 20.94845 9.44844
v 129.37151 21.06678 9.41010
v 129.32749 21.07749 9.44957
v 129.32277 21.06897 9.39088
v 129.32782 20.94845 9.38584
v 129.37151 20.94845 9.41010
v 129.24424 21.07024 9.38420
v 129.24608 20.94845 9.37371
v 129.17509 20.94845 9.39654
v 129.18048 21.06817 9.39735
v 129.16505 21.07448 9.44458
v 129.24683 21.07887 9.45356
v 129.33093 21.07977 9.53035
v 129.26105 21.07426 9.54132
v 129.13843 20.94748 9.42617
v 129.11422 20.94887 9.45792
v 129.11609 21.06794 9.46242
v 129.16235 21.07829 9.53213
v 129.24419 21.07978 9.60862
v 129.32762 21.07860 9.61391
v 129.41975 20.94845 9.60788
v 129.10207 21.06986 9.53024
v 129.09364 20.94845 9.52620
v 129.10927 21.06894 9.60213
v 129.16185 21.07673 9.61193
v 129.24728 21.07161 9.69315
v 129.32282 21.07098 9.68675
v 129.37946 21.06841 9.66483
v 129.38065 20.94728 9.66536
v 129.32777 20.94845 9.69984
v 129.17034 21.06949 9.67504
v 129.10575 20.94845 9.60783
v 129.16505 20.94819 9.68100
v 129.12819 21.06386 9.65362
v 129.12819 20.95138 9.65362
v 129.24613 20.94845 9.71195
v 131.24322 20.94845 11.34110
v 131.23509 20.94819 11.26268
v 131.22047 21.07239 11.33756
v 131.21919 21.07125 11.26307
v 131.19556 21.06796 11.20072
v 131.19886 20.94887 11.19859
v 131.13442 21.07153 11.17703
v 131.13956 20.94845 11.15909
v 131.05280 21.07233 11.17016
v 131.05593 20.94813 11.14754
v 131.07477 21.06386 11.14176
v 131.07477 20.95138 11.14176
v 130.97372 20.94845 11.18019
v 130.98082 21.06990 11.18638
v 131.13277 21.07933 11.26030
v 131.13344 21.08001 11.33836
v 131.05398 21.08012 11.26058
v 130.97062 21.07700 11.25897
v 130.91390 20.94819 11.26273
v 130.92970 20.95138 11.21901
v 130.92970 21.06386 11.21901
v 130.91618 21.06836 11.26571
v 131.07159 21.07424 11.31919
v 131.20064 21.06959 11.41757
v 131.20473 20.94772 11.42291
v 131.13689 21.07621 11.42348
v 131.05733 21.07792 11.42275
v 130.97500 21.07829 11.33802
v 130.90580 20.94845 11.34110
v 130.91625 21.07023 11.34308
v 130.97270 21.07281 11.42102
v 131.16830 20.94553 11.45647
v 131.13631 20.94878 11.47493
v 131.13002 21.06821 11.47304
v 131.05855 21.06928 11.47837
v 130.92507 21.06753 11.39604
v 130.92364 20.94845 11.39666
v 130.95747 20.94803 11.43982
v 130.99647 20.94904 11.46898
v 130.99647 21.06620 11.46898
v 131.05787 20.94845 11.48520
v 131.24387 20.94812 7.80406
v 131.22312 21.07224 7.80165
v 131.21582 21.07104 7.72744
v 131.22910 20.94818 7.72234
v 131.19348 20.94904 7.66743
v 131.19074 21.06745 7.66911
v 131.13494 21.07861 7.71768
v 131.13178 21.07070 7.64606
v 131.13956 20.94845 7.63418
v 131.05391 21.07151 7.64046
v 131.05782 20.94845 7.62206
v 130.97643 20.94872 7.65267
v 130.98321 21.06903 7.65570
v 131.05253 21.07967 7.72147
v 131.13571 21.07999 7.80031
v 130.97295 21.07622 7.71737
v 130.94397 20.94552 7.68405
v 130.91751 20.94845 7.72612
v 130.91914 21.06787 7.72896
v 131.07216 21.07419 7.79199
v 131.20560 21.07011 7.88075
v 131.21438 20.94822 7.88605
v 131.13488 21.07775 7.88251
v 131.05475 21.07870 7.88232
v 130.97154 21.07817 7.79843
v 130.90512 20.94812 7.80406
v 130.91417 21.07013 7.80625
v 130.97132 21.07403 7.88454
v 131.13309 21.06971 7.94187
v 131.18254 21.06824 7.92271
v 131.18254 20.94699 7.92271
v 131.13951 20.94845 7.94818
v 131.05849 21.07000 7.95064
v 130.98862 21.06758 7.93606
v 130.92417 21.06810 7.86425
v 130.92137 20.94887 7.86751
v 130.94751 20.94845 7.90627
v 130.98682 20.94845 7.93747
v 131.05787 20.94845 7.96029
v 135.47465 20.96261 6.77872
v 135.46690 21.02171 6.77779
v 135.38016 20.97463 6.81254
v 135.39153 20.97005 6.70464
v 135.30509 20.97005 6.78372
v 135.45000 20.96089 6.84881
v 135.44530 21.02189 6.84411
v 135.38130 20.96089 6.88130
v 135.38064 21.02189 6.87470
v 135.29960 20.96089 6.85512
v 135.30376 21.02189 6.85005
v 135.29444 21.02035 6.77580
v 135.25699 20.96089 6.77461
v 135.26019 20.96089 6.73567
v 135.29727 21.02185 6.69608
v 135.29151 20.96089 6.69032
v 135.33685 20.96089 6.65900
v 135.37580 20.96089 6.65580
v 135.38472 21.02005 6.70053
v 135.45631 20.96089 6.69842
v 135.45124 21.02189 6.70257
v 135.25699 21.02243 6.77461
v 135.26019 21.02243 6.73567
v 135.33685 21.02243 6.65900
v 135.37580 21.02243 6.65580
v 135.38464 21.01809 6.80425
v 135.47432 20.96242 12.36304
v 135.46677 21.02173 12.36439
v 135.38016 20.97464 12.42115
v 135.38016 20.97464 12.33417
v 135.45631 20.96089 12.44829
v 135.45124 21.02189 12.44413
v 135.29602 20.96776 12.35310
v 135.38130 20.96089 12.48991
v 135.38629 21.01943 12.43319
v 135.37479 21.02195 12.48496
v 135.33154 20.96089 12.48581
v 135.29630 21.02184 12.44952
v 135.28717 20.96089 12.45295
v 135.26019 20.96089 12.41104
v 135.25699 20.96089 12.37209
v 135.29248 21.02050 12.36629
v 135.30345 20.96089 12.28761
v 135.30738 21.02189 12.29291
v 135.38130 20.96089 12.26540
v 135.38064 21.02189 12.27201
v 135.44639 20.96089 12.29364
v 135.44190 21.02189 12.29859
v 135.33154 21.02243 12.48581
v 135.26019 21.02243 12.41104
v 135.25699 21.02243 12.37209
v 135.38918 21.01828 12.34147
v 126.88558 20.96089 6.78011
v 126.81352 20.97464 6.78841
v 126.87897 21.02189 6.77946
v 126.82652 20.96364 6.68287
v 126.71876 20.96318 6.68209
v 126.73992 20.97464 6.78514
v 126.86514 20.96089 6.83715
v 126.86219 21.02195 6.83113
v 126.81184 21.02187 6.86646
v 126.81110 20.96089 6.87461
v 126.72539 20.96089 6.87040
v 126.72545 21.02187 6.86222
v 126.67802 20.96089 6.83274
v 126.68115 21.02197 6.82711
v 126.66108 20.96089 6.78011
v 126.66768 21.02189 6.77946
v 126.67288 20.96089 6.71536
v 126.67672 21.02193 6.72098
v 126.73059 21.02116 6.68760
v 126.75097 20.96089 6.65662
v 126.79010 20.96089 6.65598
v 126.81124 21.02068 6.69478
v 126.87059 20.96089 6.71076
v 126.86704 21.02193 6.71660
v 126.75096 21.02244 6.65662
v 126.79010 21.02244 6.65598
v 126.81178 21.01870 6.78725
v 126.74170 21.01870 6.78414
v 126.88425 20.96089 12.36121
v 126.81353 20.97464 12.35831
v 126.87772 21.02189 12.36218
v 126.82883 20.96433 12.45882
v 126.73993 20.97464 12.36157
v 126.87060 20.96089 12.43596
v 126.86705 21.02193 12.43012
v 126.71667 20.96364 12.46077
v 126.82126 21.02090 12.45241
v 126.79557 20.96089 12.48937
v 126.78903 21.02199 12.48517
v 126.74557 20.96089 12.48854
v 126.75177 21.02203 12.48490
v 126.72609 21.02103 12.45427
v 126.67290 20.96089 12.43135
v 126.67674 21.02193 12.42573
v 126.66245 20.96089 12.36121
v 126.66897 21.02189 12.36218
v 126.68109 20.96089 12.30924
v 126.68363 21.02203 12.31432
v 126.72547 21.02187 12.28450
v 126.72541 20.96089 12.27631
v 126.81112 20.96089 12.27210
v 126.81186 21.02187 12.28025
v 126.86196 20.96089 12.30494
v 126.85938 21.02197 12.31085
v 126.80883 21.01870 12.35285
v 126.74171 21.01870 12.36211
v 132.39196 20.96901 9.99843
v 132.40042 20.96876 10.06291
v 132.45428 20.96858 10.06129
v 132.46007 20.96886 10.00218
v 132.42297 20.95855 9.96288
v 132.41251 21.00326 10.01694
v 132.41260 21.00055 10.05238
v 132.44317 20.99751 10.05169
v 132.44446 21.00651 10.01677
v 127.43972 20.96901 6.93334
v 127.46102 21.00275 6.95078
v 127.47286 20.95856 6.89659
v 127.50804 20.96888 6.93438
v 127.49233 21.00694 6.95028
v 127.50139 20.96865 6.99572
v 127.44757 20.96873 6.99613
v 127.49087 20.99862 6.98533
v 127.46058 21.00015 6.98621
v 127.86729 20.96383 6.95313
v 127.90988 20.97021 6.92743
v 127.86947 20.96070 6.98067
v 127.91072 20.96921 6.99809
v 127.96403 20.96801 6.99123
v 127.96924 20.96830 6.93962
v 127.92287 20.95856 6.89659
v 127.91935 21.00510 6.95046
v 127.92015 21.00039 6.98601
v 127.95632 20.98892 6.98388
v 127.95782 20.99674 6.95195
v 128.32446 20.96810 6.94031
v 128.33028 20.96784 6.98991
v 128.38229 20.96936 6.99877
v 128.42440 20.96285 6.98193
v 128.42667 20.96669 6.95165
v 128.38060 20.96996 6.92592
v 128.37289 20.95856 6.89659
v 128.33514 20.99347 6.95198
v 128.33784 20.98854 6.98243
v 128.37499 21.00018 6.98606
v 128.37554 21.00509 6.95050
v 128.78581 20.96886 6.93589
v 128.79159 20.96859 6.99500
v 128.84545 20.96876 6.99662
v 128.85392 20.96902 6.93214
v 128.82289 20.95856 6.89659
v 128.80095 21.00624 6.95026
v 128.80271 20.99752 6.98540
v 128.83328 21.00056 6.98609
v 128.83306 21.00344 6.95075
v 129.24406 20.96902 6.93111
v 129.25307 20.96879 6.99693
v 129.30705 20.96851 6.99424
v 129.31182 20.96884 6.93753
v 129.27290 20.95856 6.89659
v 129.26497 21.00415 6.95066
v 129.26519 21.00097 6.98596
v 129.29666 20.99507 6.98554
v 129.29887 21.00493 6.95038
v 129.67064 20.96785 6.94844
v 129.67427 20.96669 6.98308
v 129.71817 20.96923 6.99991
v 129.76736 20.96775 6.98798
v 129.77262 20.96808 6.94255
v 129.71940 20.96972 6.92475
v 129.72292 20.95856 6.89659
v 129.67801 20.98549 6.95643
v 129.72170 21.00525 6.95040
v 129.72181 20.99993 6.98597
v 129.76087 20.98549 6.98179
v 129.76340 20.98987 6.95313
v 130.13066 20.96863 6.94015
v 130.13379 20.96805 6.99295
v 130.18831 20.96894 6.99711
v 130.19539 20.96974 6.92869
v 130.23163 20.95856 6.95643
v 130.17293 20.95856 6.89659
v 130.14186 20.99901 6.95167
v 130.14290 20.99175 6.98466
v 130.17713 21.00061 6.98602
v 130.17816 21.00523 6.95041
v 130.58809 20.96889 6.93433
v 130.59488 20.96868 6.99550
v 130.64870 20.96869 6.99634
v 130.65643 20.96899 6.93338
v 130.62294 20.95856 6.89659
v 130.60731 21.00449 6.95077
v 130.60698 20.99940 6.98565
v 130.63719 20.99963 6.98603
v 130.63755 21.00417 6.95043
v 131.01425 20.95855 6.95643
v 131.05013 20.96978 6.92889
v 131.05713 20.96899 6.99697
v 131.11158 20.96796 6.99341
v 131.11495 20.96858 6.93967
v 131.07295 20.95855 6.89659
v 131.06742 21.00517 6.95043
v 131.06847 21.00077 6.98590
v 131.10238 20.99130 6.98553
v 131.10345 20.99966 6.95147
v 131.47296 20.96787 6.94299
v 131.47808 20.96724 6.98780
v 131.52676 20.96939 6.99990
v 131.57123 20.96656 6.98378
v 131.57503 20.96778 6.94776
v 131.52578 20.96984 6.92475
v 131.52296 20.95855 6.89659
v 131.48198 20.98941 6.95281
v 131.48501 20.98549 6.98179
v 131.52407 20.99993 6.98597
v 131.52404 21.00521 6.95042
v 131.56787 20.98549 6.95643
v 131.93406 20.96884 6.93753
v 131.93883 20.96851 6.99424
v 131.99281 20.96879 6.99693
v 132.00182 20.96902 6.93111
v 131.97298 20.95855 6.89659
v 131.94691 21.00508 6.95068
v 131.94880 20.99545 6.98495
v 131.98043 21.00078 6.98613
v 131.98085 21.00410 6.95056
v 132.39196 20.96901 6.93214
v 132.40043 20.96876 6.99662
v 132.45429 20.96858 6.99500
v 132.46007 20.96886 6.93589
v 132.42299 20.95855 6.89659
v 132.41251 21.00326 6.95065
v 132.41260 21.00055 6.98608
v 132.44317 20.99751 6.98540
v 132.44446 21.00652 6.95047
v 132.81921 20.96669 6.95165
v 132.82148 20.96285 6.98193
v 132.86359 20.96936 6.99877
v 132.91560 20.96783 6.98991
v 132.92142 20.96810 6.94031
v 132.86528 20.96996 6.92592
v 132.87299 20.95855 6.89659
v 132.87034 21.00509 6.95050
v 132.87089 21.00018 6.98606
v 132.90804 20.98854 6.98242
v 132.91074 20.99347 6.95198
v 133.27597 20.96821 6.93903
v 133.28185 20.96800 6.99123
v 133.33516 20.96920 6.99808
v 133.37641 20.96069 6.98067
v 133.37859 20.96383 6.95313
v 133.33534 20.97021 6.92790
v 133.32300 20.95855 6.89659
v 133.28752 20.99614 6.95166
v 133.28956 20.98892 6.98388
v 133.32573 21.00039 6.98601
v 133.32635 21.00510 6.95049
v 133.73721 20.96875 6.93499
v 133.74361 20.96841 6.99526
v 133.79736 20.96892 6.99650
v 133.80544 20.96912 6.93281
v 133.77301 20.95855 6.89659
v 133.75303 21.00677 6.95019
v 133.75470 20.99871 6.98540
v 133.78503 21.00005 6.98615
v 133.78451 21.00292 6.95082
v 134.19565 20.96910 6.93050
v 134.20499 20.96892 6.99710
v 134.25909 20.96821 6.99362
v 134.26308 20.96871 6.93875
v 134.22302 20.95855 6.89659
v 134.21601 21.00468 6.95052
v 134.21664 21.00078 6.98605
v 134.24887 20.99440 6.98504
v 134.25069 21.00292 6.95087
v 134.62167 20.96789 6.94599
v 134.62601 20.96710 6.98515
v 134.67209 20.96922 7.00019
v 134.71920 20.96761 6.98593
v 134.72387 20.96805 6.94489
v 134.67233 20.96972 6.92454
v 134.67303 20.95855 6.89659
v 134.62870 20.98549 6.95643
v 134.67265 20.99965 6.98593
v 134.71343 20.98549 6.97802
v 134.71500 20.98926 6.95516
v 134.67242 21.00516 6.95034
v 127.43737 20.96979 7.40933
v 127.46252 20.96285 7.45047
v 127.48666 20.96213 7.45028
v 127.50978 20.96968 7.40862
v 127.50014 20.96815 7.35092
v 127.44933 20.96832 7.35100
v 127.46082 21.00300 7.39821
v 127.49228 21.00660 7.39813
v 127.49023 20.99516 7.36079
v 127.46218 20.99620 7.36040
v 127.86744 20.96366 7.39565
v 127.90794 20.97161 7.41280
v 127.92147 20.96274 7.45055
v 127.95109 20.95856 7.44725
v 127.96976 20.96866 7.40715
v 127.96199 20.96735 7.35637
v 127.91095 20.96867 7.34900
v 127.87010 20.95856 7.36627
v 127.91934 21.00520 7.39832
v 127.95787 20.99624 7.39683
v 127.95414 20.98778 7.36321
v 127.92076 20.99635 7.36037
v 128.32440 20.96834 7.40677
v 128.38235 20.97152 7.41405
v 128.37289 20.96254 7.45039
v 128.42653 20.96654 7.39699
v 128.42366 20.96069 7.36512
v 128.38208 20.96889 7.34853
v 128.33219 20.96703 7.35759
v 128.33535 20.99312 7.39605
v 128.37561 21.00519 7.39833
v 128.37400 20.99614 7.36044
v 128.33900 20.98549 7.36376
v 128.78503 20.96956 7.40800
v 128.80497 20.96069 7.45005
v 128.83007 20.96328 7.45053
v 128.85723 20.96989 7.40987
v 128.84334 20.96840 7.35082
v 128.79223 20.96800 7.35117
v 128.80111 21.00590 7.39800
v 128.83326 21.00365 7.39826
v 128.83162 20.99698 7.36081
v 128.80270 20.99307 7.35995
v 129.24099 20.97000 7.40995
v 129.26791 20.96310 7.45064
v 129.29413 20.96016 7.44932
v 129.31254 20.96940 7.40778
v 129.30593 20.96796 7.35241
v 129.25450 20.96840 7.35016
v 129.26492 21.00435 7.39817
v 129.29881 21.00446 7.39822
v 129.29561 20.99210 7.36050
v 129.26581 20.99696 7.36056
v 129.67107 20.96820 7.39854
v 129.71905 20.97119 7.41615
v 129.72292 20.96254 7.45039
v 129.77255 20.96834 7.40450
v 129.76566 20.96670 7.35940
v 129.71752 20.96902 7.34810
v 129.67460 20.96285 7.36330
v 129.67801 20.98549 7.39447
v 129.72164 21.00530 7.39834
v 129.76330 20.98952 7.39564
v 129.75832 20.98549 7.36543
v 129.72235 20.99597 7.36047
v 130.12971 20.96903 7.40684
v 130.14737 20.95856 7.44851
v 130.19780 20.97085 7.41124
v 130.17562 20.96296 7.45059
v 130.23163 20.95856 7.39447
v 130.18760 20.96854 7.34946
v 130.13597 20.96749 7.35475
v 130.14179 20.99868 7.39721
v 130.17816 21.00533 7.39834
v 130.17647 20.99660 7.36036
v 130.14464 20.98941 7.36202
v 130.58637 20.96968 7.40874
v 130.60914 20.96213 7.45028
v 130.63329 20.96285 7.45047
v 130.65880 20.96978 7.40922
v 130.64700 20.96827 7.35067
v 130.59621 20.96821 7.35129
v 130.60718 21.00450 7.39799
v 130.63769 21.00426 7.39835
v 130.63570 20.99595 7.36048
v 130.60798 20.99562 7.36062
v 131.01425 20.95855 7.39447
v 131.04768 20.97090 7.41094
v 131.07026 20.96296 7.45059
v 131.11590 20.96898 7.40734
v 131.09851 20.95855 7.44851
v 131.10936 20.96740 7.35431
v 131.05774 20.96859 7.34956
v 131.06744 21.00529 7.39830
v 131.10356 20.99931 7.39752
v 131.10040 20.98892 7.36103
v 131.06896 20.99680 7.36048
v 131.47307 20.96816 7.40404
v 131.52605 20.97132 7.41615
v 131.52296 20.96254 7.45039
v 131.57464 20.96813 7.39922
v 131.57061 20.96315 7.36264
v 131.52728 20.96920 7.34811
v 131.47972 20.96592 7.35941
v 131.48213 20.98907 7.39574
v 131.52410 21.00526 7.39833
v 131.56787 20.98549 7.39447
v 131.52353 20.99597 7.36047
v 131.48756 20.98549 7.36543
v 131.93334 20.96939 7.40778
v 131.95175 20.96016 7.44932
v 131.97796 20.96310 7.45064
v 132.00489 20.97000 7.40995
v 131.99137 20.96840 7.35015
v 131.93995 20.96795 7.35241
v 131.94698 21.00460 7.39792
v 131.98091 21.00431 7.39826
v 131.97965 20.99672 7.36036
v 131.94960 20.99257 7.36121
v 132.38865 20.96988 7.40987
v 132.41581 20.96328 7.45052
v 132.44091 20.96069 7.45005
v 132.46085 20.96956 7.40800
v 132.45365 20.96799 7.35117
v 132.40254 20.96840 7.35082
v 132.41233 21.00348 7.39832
v 132.44435 21.00616 7.39789
v 132.44318 20.99306 7.35994
v 132.41426 20.99698 7.36081
v 132.81935 20.96654 7.39699
v 132.86353 20.97152 7.41405
v 132.87299 20.96254 7.45039
v 132.92148 20.96834 7.40677
v 132.91369 20.96702 7.35759
v 132.86380 20.96889 7.34853
v 132.82222 20.96069 7.36512
v 132.87027 21.00519 7.39833
v 132.91053 20.99312 7.39605
v 132.90688 20.98549 7.36376
v 132.87188 20.99614 7.36044
v 133.27548 20.96859 7.40755
v 133.33722 20.97159 7.41249
v 133.29480 20.95855 7.44725
v 133.32441 20.96274 7.45054
v 133.37844 20.96365 7.39565
v 133.33493 20.96866 7.34899
v 133.37578 20.95855 7.36626
v 133.28389 20.96734 7.35637
v 133.28751 20.99565 7.39697
v 133.32637 21.00520 7.39829
v 133.32512 20.99634 7.36037
v 133.29174 20.98777 7.36321
v 133.73578 20.96958 7.40826
v 133.75814 20.96096 7.45062
v 133.78217 20.96351 7.45024
v 133.80812 20.96987 7.40966
v 133.79547 20.96856 7.35070
v 133.74468 20.96783 7.35129
v 133.75314 21.00643 7.39813
v 133.78473 21.00316 7.39821
v 133.78330 20.99615 7.36060
v 133.75512 20.99519 7.36046
v 134.19271 20.97010 7.41026
v 134.21922 20.96320 7.45052
v 134.24585 20.95855 7.44958
v 134.26379 20.96923 7.40726
v 134.25774 20.96760 7.35327
v 134.20621 20.96855 7.34984
v 134.21599 21.00483 7.39825
v 134.25067 21.00256 7.39789
v 134.24769 20.99151 7.36121
v 134.21722 20.99681 7.36039
v 134.62196 20.96821 7.40101
v 134.67227 20.97118 7.41638
v 134.67303 20.96254 7.45039
v 134.72366 20.96834 7.40213
v 134.71780 20.96615 7.36128
v 134.67196 20.96902 7.34778
v 134.62717 20.96504 7.36180
v 134.62870 20.98549 7.39447
v 134.67239 21.00518 7.39836
v 134.71492 20.98904 7.39447
v 134.67304 20.99580 7.36055
v 127.44131 20.96886 7.80392
v 127.44470 20.96882 7.86760
v 127.50393 20.96876 7.86679
v 127.50702 20.96882 7.80510
v 127.46142 21.00082 7.82232
v 127.45998 21.00545 7.85355
v 127.49220 21.00420 7.85350
v 127.49201 21.00617 7.82117
v 127.86727 20.96387 7.82431
v 127.86813 20.96258 7.84997
v 127.91082 20.96957 7.87034
v 127.96663 20.96808 7.86267
v 127.96819 20.96829 7.81106
v 127.90981 20.96989 7.79820
v 127.91957 21.00340 7.82185
v 127.91931 21.00612 7.85374
v 127.95767 20.99356 7.85143
v 127.95758 20.99677 7.82230
v 128.32528 20.96806 7.81128
v 128.32779 20.96796 7.86125
v 128.38171 20.96960 7.87147
v 128.42571 20.96504 7.85137
v 128.42662 20.96663 7.82271
v 128.38087 20.96970 7.79724
v 128.33530 20.99345 7.82206
v 128.33594 20.99153 7.85064
v 128.37566 21.00595 7.85374
v 128.37534 21.00343 7.82188
v 128.78659 20.96879 7.80645
v 128.78939 20.96873 7.86574
v 128.84855 20.96884 7.86835
v 128.85217 20.96888 7.80290
v 128.80159 21.00565 7.82139
v 128.80062 21.00288 7.85397
v 128.83365 21.00594 7.85331
v 128.83282 21.00150 7.82212
v 129.24596 20.96889 7.80207
v 129.24978 20.96886 7.86891
v 129.30883 20.96868 7.86458
v 129.31130 20.96877 7.80792
v 129.26546 21.00232 7.82233
v 129.26408 21.00633 7.85366
v 129.29797 21.00101 7.85315
v 129.29880 21.00454 7.82035
v 129.67086 20.96773 7.81920
v 129.67246 20.96735 7.85383
v 129.71868 20.96939 7.87268
v 129.76969 20.96791 7.85920
v 129.77196 20.96803 7.81346
v 129.71909 20.96952 7.79625
v 129.67779 20.98549 7.82807
v 129.67856 20.98549 7.84363
v 129.72141 21.00592 7.85383
v 129.76235 20.98915 7.84945
v 129.76358 20.98949 7.82194
v 129.72187 21.00356 7.82181
v 130.13091 20.96853 7.81062
v 130.13260 20.96834 7.86269
v 130.19062 20.96922 7.86976
v 130.23090 20.95856 7.84704
v 130.19393 20.96948 7.80002
v 130.23191 20.95856 7.82671
v 130.14208 20.99908 7.82230
v 130.14187 20.99581 7.85195
v 130.17816 21.00648 7.85379
v 130.17790 21.00342 7.82182
v 130.58915 20.96884 7.80510
v 130.59229 20.96879 7.86669
v 130.65152 20.96879 7.86771
v 130.65487 20.96884 7.80390
v 130.60773 21.00304 7.82207
v 130.60631 21.00491 7.85330
v 130.63823 21.00498 7.85374
v 130.63711 21.00260 7.82171
v 131.47358 20.96778 7.81385
v 131.47579 20.96754 7.85890
v 131.52635 20.96953 7.87267
v 131.57310 20.96724 7.85452
v 131.57476 20.96764 7.81851
v 131.52602 20.96964 7.79626
v 131.48193 20.98915 7.82249
v 131.48306 20.98854 7.84924
v 131.52429 21.00586 7.85381
v 131.56732 20.98549 7.84363
v 131.56809 20.98549 7.82807
v 131.52392 21.00354 7.82179
v 131.93458 20.96876 7.80792
v 131.93705 20.96868 7.86458
v 131.99609 20.96886 7.86891
v 131.99992 20.96889 7.80207
v 131.94695 21.00474 7.82069
v 131.94770 21.00129 7.85273
v 131.98166 21.00620 7.85380
v 131.98036 21.00227 7.82223
v 132.39371 20.96887 7.80290
v 132.39733 20.96884 7.86835
v 132.45649 20.96872 7.86574
v 132.45929 20.96879 7.80644
v 132.41274 21.00132 7.82199
v 132.41210 21.00578 7.85335
v 132.44506 21.00324 7.85389
v 132.44383 21.00586 7.82168
v 132.81926 20.96662 7.82271
v 132.82017 20.96503 7.85137
v 132.86417 20.96959 7.87147
v 132.91809 20.96795 7.86125
v 132.92060 20.96805 7.81128
v 132.86501 20.96970 7.79723
v 132.87054 21.00342 7.82188
v 132.87022 21.00595 7.85374
v 132.90994 20.99152 7.85064
v 132.91058 20.99345 7.82206
v 133.27695 20.96819 7.81020
v 133.27925 20.96808 7.86267
v 133.33505 20.96956 7.87034
v 133.37774 20.96257 7.84996
v 133.37860 20.96386 7.82431
v 133.33534 20.96990 7.79882
v 133.28785 20.99641 7.82194
v 133.28778 20.99261 7.85199
v 133.32642 21.00614 7.85368
v 133.32616 21.00339 7.82188
v 133.73816 20.96867 7.80567
v 133.74116 20.96857 7.86627
v 133.80032 20.96897 7.86802
v 133.80379 20.96898 7.80343
v 133.75351 21.00608 7.82128
v 133.75299 21.00394 7.85376
v 133.78536 21.00556 7.85338
v 133.78421 21.00094 7.82224
v 134.19764 20.96898 7.80157
v 134.20159 20.96897 7.86924
v 134.26053 20.96847 7.86367
v 134.26275 20.96861 7.80904
v 134.21637 21.00274 7.82205
v 134.21561 21.00664 7.85370
v 134.25028 20.99871 7.85287
v 134.25046 21.00310 7.82123
v 134.62208 20.96779 7.81679
v 134.62395 20.96751 7.85610
v 134.67219 20.96938 7.87293
v 134.72136 20.96783 7.85704
v 134.72338 20.96799 7.81574
v 134.67227 20.96951 7.79603
v 134.62838 20.98549 7.82589
v 134.62936 20.98549 7.84577
v 134.67246 21.00570 7.85386
v 134.71450 20.98854 7.84597
v 134.71512 20.98930 7.82579
v 134.67245 21.00347 7.82171
v 127.43568 20.96960 8.27251
v 127.45500 20.96761 8.32136
v 127.49337 20.96750 8.32075
v 127.51243 20.96953 8.27264
v 127.49609 20.96773 8.22210
v 127.45222 20.96780 8.22139
v 127.46074 21.00306 8.27129
v 127.46624 20.98549 8.31522
v 127.48611 20.98549 8.31424
v 127.49227 21.00625 8.27122
v 127.48803 20.98811 8.22958
v 127.46470 20.98901 8.22878
v 127.86755 20.96345 8.27056
v 127.90436 20.97141 8.27249
v 127.91755 20.96808 8.32181
v 127.95616 20.96425 8.31650
v 127.97072 20.96908 8.27343
v 127.95793 20.96607 8.22725
v 127.91459 20.96816 8.22042
v 127.91930 21.00517 8.27134
v 127.92287 20.98549 8.31489
v 127.95761 20.99564 8.27056
v 127.92287 20.98869 8.22906
v 128.32408 20.96900 8.27357
v 128.33674 20.96112 8.31635
v 128.37630 20.96816 8.32152
v 128.38544 20.97143 8.27271
v 128.42631 20.96608 8.27056
v 128.37927 20.96823 8.22062
v 128.33588 20.96505 8.22812
v 128.33553 20.99275 8.27056
v 128.37557 21.00511 8.27132
v 128.37289 20.98549 8.31489
v 128.37289 20.98869 8.22906
v 128.78187 20.96948 8.27273
v 128.79976 20.96735 8.31998
v 128.83810 20.96769 8.32179
v 128.85840 20.96964 8.27244
v 128.84093 20.96785 8.22084
v 128.79713 20.96764 8.22298
v 128.80097 21.00554 8.27115
v 128.80965 20.98549 8.31424
v 128.82952 20.98549 8.31522
v 128.83325 21.00369 8.27132
v 128.82992 20.98941 8.22897
v 128.80650 20.98702 8.22928
v 129.23915 20.96968 8.27237
v 129.26036 20.96776 8.32206
v 129.29866 20.96714 8.31905
v 129.31530 20.96942 8.27283
v 129.30119 20.96752 8.22403
v 129.25748 20.96789 8.22047
v 129.26485 21.00438 8.27132
v 129.26850 20.98549 8.31525
v 129.28832 20.98549 8.31362
v 129.29880 21.00396 8.27110
v 129.29237 20.98549 8.22942
v 129.26804 20.98949 8.22897
v 129.67137 20.96776 8.27130
v 129.71694 20.97131 8.27352
v 129.72081 20.96793 8.32143
v 129.76162 20.96069 8.31463
v 129.77223 20.96881 8.27239
v 129.76292 20.96285 8.22925
v 129.71974 20.96840 8.22081
v 129.67667 20.95856 8.23259
v 129.67801 20.98549 8.27056
v 129.72165 21.00518 8.27130
v 129.72292 20.98549 8.31489
v 129.76311 20.98936 8.27056
v 129.72292 20.98869 8.22906
v 130.12804 20.96929 8.27306
v 130.14255 20.96561 8.31753
v 130.18085 20.96806 8.32200
v 130.20128 20.97047 8.27235
v 130.23162 20.95855 8.27056
v 130.18379 20.96815 8.22033
v 130.14034 20.96660 8.22590
v 130.14195 20.99810 8.27099
v 130.17821 21.00534 8.27131
v 130.17293 20.98549 8.31489
v 130.17427 20.98886 8.22888
v 130.14749 20.98549 8.23249
v 130.58414 20.96955 8.27259
v 130.60243 20.96749 8.32075
v 130.64080 20.96760 8.32136
v 130.66094 20.96958 8.27255
v 130.64358 20.96779 8.22139
v 130.59972 20.96772 8.22210
v 130.60711 21.00437 8.27122
v 130.61189 20.98549 8.31471
v 130.63178 20.98549 8.31504
v 130.63772 21.00420 8.27130
v 130.63335 20.98882 8.22894
v 130.61021 20.98854 8.22921
v 131.01425 20.95855 8.27056
v 131.04460 20.97047 8.27235
v 131.06437 20.96812 8.32198
v 131.10265 20.96556 8.31793
v 131.11784 20.96929 8.27306
v 131.10492 20.96651 8.22549
v 131.06144 20.96821 8.22037
v 131.06741 21.00529 8.27124
v 131.07295 20.98549 8.31489
v 131.10344 20.99872 8.27139
v 131.09646 20.98549 8.23133
v 131.07034 20.98905 8.22881
v 131.47318 20.96850 8.27245
v 131.48426 20.96069 8.31463
v 131.52697 20.97165 8.27352
v 131.52507 20.96792 8.32143
v 131.57421 20.96765 8.27127
v 131.56921 20.95855 8.23259
v 131.52614 20.96839 8.22080
v 131.48296 20.96285 8.22925
v 131.48236 20.98892 8.27056
v 131.52410 21.00514 8.27130
v 131.52296 20.98549 8.31489
v 131.56787 20.98549 8.27056
v 131.52296 20.98869 8.22906
v 131.93057 20.96942 8.27283
v 131.94722 20.96713 8.31905
v 131.98552 20.96775 8.32206
v 132.00673 20.96968 8.27237
v 131.98840 20.96789 8.22047
v 131.94469 20.96752 8.22403
v 131.94708 21.00396 8.27110
v 131.95544 20.98549 8.31286
v 131.97516 20.98549 8.31514
v 131.98103 21.00438 8.27131
v 131.97677 20.98926 8.22884
v 131.95145 20.98549 8.23031
v 132.38748 20.96964 8.27244
v 132.40778 20.96768 8.32179
v 132.44612 20.96734 8.31998
v 132.46401 20.96947 8.27273
v 132.44875 20.96763 8.22298
v 132.40494 20.96785 8.22084
v 132.41235 21.00353 8.27133
v 132.41635 20.98549 8.31522
v 132.43623 20.98549 8.31424
v 132.44450 21.00580 8.27114
v 132.43938 20.98701 8.22928
v 132.41596 20.98941 8.22897
v 132.81957 20.96608 8.27056
v 132.86044 20.97142 8.27271
v 132.86958 20.96816 8.32152
v 132.90913 20.96112 8.31634
v 132.92180 20.96900 8.27356
v 132.91000 20.96504 8.22812
v 132.86661 20.96823 8.22062
v 132.87031 21.00511 8.27131
v 132.87299 20.98549 8.31489
v 132.91035 20.99274 8.27056
v 132.87299 20.98869 8.22906
v 133.27452 20.96902 8.27352
v 133.28971 20.96425 8.31650
v 133.32833 20.96808 8.32181
v 133.34064 20.97139 8.27246
v 133.37833 20.96345 8.27056
v 133.33129 20.96816 8.22042
v 133.28795 20.96606 8.22725
v 133.28782 20.99507 8.27056
v 133.32641 21.00517 8.27133
v 133.32300 20.98549 8.31489
v 133.32300 20.98869 8.22906
v 133.73345 20.96953 8.27264
v 133.75127 20.96690 8.32066
v 133.78948 20.96804 8.32139
v 133.81020 20.96960 8.27251
v 133.79230 20.96817 8.22127
v 133.74858 20.96724 8.22230
v 133.75310 21.00613 8.27124
v 133.75977 20.98549 8.31424
v 133.77964 20.98549 8.31522
v 133.78478 21.00319 8.27127
v 133.78118 20.98901 8.22878
v 133.75785 20.98810 8.22958
v 134.19015 20.96970 8.27233
v 134.21248 20.96803 8.32202
v 134.25071 20.96629 8.31859
v 134.26607 20.96938 8.27288
v 134.25314 20.96693 8.22466
v 134.20957 20.96813 8.22041
v 134.21593 21.00485 8.27128
v 134.22083 20.98549 8.31514
v 134.24054 20.98549 8.31286
v 134.25061 21.00205 8.27119
v 134.24454 20.98549 8.23030
v 134.21923 20.98925 8.22884
v 134.62248 20.96816 8.27122
v 134.67151 20.97147 8.27413
v 134.63072 20.95855 8.31287
v 134.67303 20.96787 8.32137
v 134.72301 20.96845 8.27186
v 134.71535 20.95855 8.31287
v 134.71587 20.96069 8.23049
v 134.67240 20.96839 8.22103
v 134.62875 20.95855 8.23042
v 134.62870 20.98549 8.27056
v 134.67243 21.00504 8.27130
v 134.67303 20.98549 8.31489
v 134.71492 20.98904 8.27056
v 134.67303 20.98869 8.22906
v 127.44231 20.96886 8.73915
v 127.44340 20.96882 8.67538
v 127.50609 20.96882 8.73807
v 127.50516 20.96877 8.67631
v 127.45924 21.00590 8.68972
v 127.46200 21.00015 8.72016
v 127.49216 21.00578 8.72254
v 127.49197 21.00508 8.69063
v 127.86742 20.96362 8.71976
v 127.86772 20.96324 8.69440
v 127.90991 20.96979 8.74405
v 127.96742 20.96829 8.73229
v 127.96769 20.96811 8.68087
v 127.91069 20.96968 8.67175
v 127.91926 21.00670 8.68990
v 127.91962 21.00271 8.72105
v 127.95737 20.99652 8.72068
v 127.95794 20.99442 8.69199
v 128.32595 20.96803 8.73238
v 128.32679 20.96800 8.68232
v 128.38103 20.96968 8.74466
v 128.42645 20.96630 8.72130
v 128.42613 20.96582 8.69292
v 128.38152 20.96962 8.67033
v 128.33553 20.99202 8.69267
v 128.33554 20.99332 8.72107
v 128.37527 21.00274 8.72101
v 128.37570 21.00658 8.68990
v 128.78745 20.96879 8.73680
v 128.78823 20.96873 8.67746
v 128.85110 20.96888 8.74010
v 128.84990 20.96884 8.67454
v 128.80096 21.00408 8.69030
v 128.80148 21.00517 8.72209
v 128.83243 21.00084 8.72054
v 128.83412 21.00631 8.68999
v 129.24707 20.96890 8.74086
v 129.24838 20.96886 8.67389
v 129.31052 20.96876 8.73540
v 129.30990 20.96869 8.67873
v 129.26398 21.00664 8.68997
v 129.26566 21.00171 8.72044
v 129.29870 21.00382 8.72307
v 129.29822 21.00249 8.69046
v 129.67123 20.96764 8.72459
v 129.67176 20.96752 8.68994
v 129.71902 20.96949 8.74569
v 129.77137 20.96800 8.73023
v 129.77062 20.96796 8.68442
v 129.71877 20.96941 8.66917
v 129.67816 20.98549 8.69970
v 129.67790 20.98549 8.71528
v 129.72186 21.00285 8.72107
v 129.76330 20.98941 8.72129
v 129.76289 20.98930 8.69379
v 129.72149 21.00661 8.68979
v 130.13152 20.96850 8.73289
v 130.13173 20.96838 8.68091
v 130.19297 20.96941 8.74253
v 130.23177 20.95855 8.71733
v 130.19177 20.96930 8.67264
v 130.23143 20.95855 8.69696
v 130.14181 20.99669 8.69175
v 130.14215 20.99889 8.72092
v 130.17776 21.00269 8.72103
v 130.17833 21.00709 8.68981
v 130.59009 20.96884 8.73804
v 130.59104 20.96879 8.67638
v 130.65388 20.96884 8.73920
v 130.65282 20.96879 8.67530
v 130.60606 21.00554 8.69038
v 130.60807 21.00240 8.72088
v 130.63669 21.00196 8.72114
v 130.63868 21.00556 8.68984
v 131.01411 20.95855 8.71733
v 131.01444 20.95855 8.69696
v 131.05251 20.96945 8.74235
v 131.05370 20.96935 8.67280
v 131.11402 20.96844 8.73337
v 131.11376 20.96832 8.68043
v 131.06717 21.00711 8.68985
v 131.06787 21.00266 8.72095
v 131.10323 20.99926 8.72142
v 131.10338 20.99735 8.69141
v 131.47415 20.96772 8.72986
v 131.47489 20.96764 8.68476
v 131.52608 20.96962 8.74568
v 131.57437 20.96754 8.72528
v 131.57382 20.96741 8.68925
v 131.52628 20.96955 8.66918
v 131.48256 20.98882 8.69416
v 131.48218 20.98901 8.72082
v 131.52392 21.00282 8.72109
v 131.56798 20.98549 8.71528
v 131.56772 20.98549 8.69970
v 131.52424 21.00656 8.68979
v 131.93536 20.96876 8.73540
v 131.93597 20.96869 8.67873
v 131.99880 20.96889 8.74086
v 131.99750 20.96886 8.67389
v 131.94748 21.00274 8.69085
v 131.94702 21.00404 8.72272
v 131.98015 21.00166 8.72055
v 131.98178 21.00652 8.68984
v 132.39477 20.96888 8.74010
v 132.39597 20.96884 8.67454
v 132.45843 20.96879 8.73680
v 132.45765 20.96873 8.67746
v 132.41140 21.00616 8.68983
v 132.41324 21.00068 8.72056
v 132.44407 21.00539 8.72200
v 132.44446 21.00442 8.69059
v 132.81943 20.96629 8.72130
v 132.81974 20.96581 8.69292
v 132.86485 20.96968 8.74466
v 132.91993 20.96803 8.73238
v 132.91909 20.96799 8.68232
v 132.86435 20.96962 8.67033
v 132.87018 21.00657 8.68990
v 132.87061 21.00274 8.72101
v 132.91034 20.99332 8.72107
v 132.91035 20.99201 8.69267
v 133.27770 20.96818 8.73332
v 133.27819 20.96810 8.68086
v 133.33522 20.96980 8.74339
v 133.37846 20.96362 8.71976
v 133.37816 20.96324 8.69440
v 133.33519 20.96967 8.67175
v 133.28757 20.99367 8.69162
v 133.28801 20.99610 8.72120
v 133.32608 21.00271 8.72100
v 133.32649 21.00672 8.68995
v 133.73906 20.96866 8.73751
v 133.73995 20.96859 8.67684
v 133.80277 20.96899 8.73962
v 133.80164 20.96896 8.67493
v 133.75337 21.00490 8.69053
v 133.75330 21.00567 8.72249
v 133.78362 21.00029 8.72022
v 133.78615 21.00598 8.68981
v 134.19879 20.96899 8.74131
v 134.20015 20.96896 8.67351
v 134.26203 20.96859 8.73433
v 134.26154 20.96850 8.67971
v 134.21541 21.00699 8.68986
v 134.21657 21.00211 8.72075
v 134.25043 21.00241 8.72216
v 134.25034 21.00039 8.69093
v 134.62253 20.96772 8.72696
v 134.62316 20.96763 8.68762
v 134.67226 20.96949 8.74592
v 134.72287 20.96795 8.72799
v 134.72220 20.96790 8.68663
v 134.67221 20.96941 8.66893
v 134.62889 20.98549 8.69754
v 134.62856 20.98549 8.71745
v 134.67250 21.00275 8.72116
v 134.71501 20.98915 8.71751
v 134.71479 20.98892 8.69746
v 134.67239 21.00642 8.68973
v 127.43680 20.96968 9.13850
v 127.44976 20.96827 9.19365
v 127.49972 20.96772 9.19265
v 127.51113 20.96962 9.13800
v 127.48922 20.96503 9.09317
v 127.46097 20.96685 9.09326
v 127.46090 21.00296 9.14409
v 127.46173 20.99306 9.18442
v 127.49027 20.99226 9.18334
v 127.49220 21.00640 9.14408
v 127.86755 20.96345 9.14664
v 127.90618 20.97161 9.13718
v 127.91122 20.96829 9.19515
v 127.96030 20.96714 9.18686
v 127.96998 20.96879 9.13691
v 127.95361 20.95856 9.09538
v 127.92117 20.96650 9.09310
v 127.91935 21.00511 9.14395
v 127.92130 20.99312 9.18417
v 127.95359 20.98549 9.18053
v 127.95775 20.99601 9.14541
v 128.32425 20.96850 9.13750
v 128.33379 20.96670 9.18574
v 128.38203 20.96850 9.19528
v 128.42264 20.95856 9.17989
v 128.38351 20.97158 9.13601
v 128.42641 20.96629 9.14574
v 128.37378 20.96629 9.09312
v 128.33964 20.95856 9.09689
v 128.33541 20.99293 9.14583
v 128.34052 20.98549 9.17902
v 128.37370 20.99293 9.18412
v 128.37557 21.00508 9.14396
v 128.78328 20.96957 9.13764
v 128.79416 20.96796 9.19174
v 128.84413 20.96806 9.19425
v 128.85738 20.96972 9.13880
v 128.83270 20.96663 9.09291
v 128.80405 20.96504 9.09382
v 128.80106 21.00569 9.14395
v 128.80403 20.99130 9.18343
v 128.83268 20.99350 9.18429
v 128.83312 21.00361 9.14415
v 129.24007 20.96975 9.13908
v 129.25422 20.96808 9.19475
v 129.30405 20.96790 9.19058
v 129.31377 20.96952 9.13724
v 129.29538 20.96357 9.09426
v 129.26593 20.96686 9.09290
v 129.26496 21.00428 9.14410
v 129.26578 20.99391 9.18416
v 129.29499 20.98915 9.18349
v 129.29874 21.00423 9.14403
v 129.67124 20.96800 9.14455
v 129.67526 20.96069 9.18084
v 129.71749 20.96870 9.19544
v 129.76421 20.96615 9.18407
v 129.77238 20.96834 9.13916
v 129.71823 20.97136 9.13437
v 129.72292 20.96608 9.09322
v 129.67800 20.98549 9.14664
v 129.72163 21.00519 9.14394
v 129.72292 20.99275 9.18400
v 129.76311 20.98936 9.14664
v 130.12918 20.96918 9.13723
v 130.13774 20.96734 9.18840
v 130.18713 20.96828 9.19511
v 130.19979 20.97065 9.13847
v 130.23162 20.95855 9.14664
v 130.17619 20.96678 9.09304
v 130.14518 20.96016 9.09474
v 130.14177 20.99848 9.14464
v 130.14605 20.98915 9.18062
v 130.17666 20.99325 9.18447
v 130.17808 21.00523 9.14399
v 130.58538 20.96964 9.13818
v 130.59666 20.96800 9.19274
v 130.64672 20.96803 9.19358
v 130.65976 20.96966 9.13834
v 130.63564 20.96630 9.09308
v 130.60726 20.96581 9.09339
v 130.60723 21.00439 9.14420
v 130.60767 20.99261 9.18380
v 130.63613 20.99286 9.18416
v 130.63758 21.00415 9.14398
v 131.01425 20.95855 9.14664
v 131.04609 20.97065 9.13846
v 131.05811 20.96834 9.19505
v 131.10758 20.96725 9.18883
v 131.11669 20.96918 9.13723
v 131.09947 20.96112 9.09468
v 131.06893 20.96683 9.09300
v 131.06753 21.00518 9.14405
v 131.06849 20.99347 9.18439
v 131.09894 20.98854 9.18169
v 131.10358 20.99910 9.14431
v 131.47326 20.96817 9.13963
v 131.48113 20.96504 9.18426
v 131.52717 20.96890 9.19543
v 131.56961 20.96176 9.18124
v 131.57447 20.96794 9.14387
v 131.52680 20.97150 9.13437
v 131.52296 20.96608 9.09322
v 131.48235 20.98892 9.14664
v 131.52296 20.99274 9.18400
v 131.52412 21.00515 9.14395
v 131.56787 20.98549 9.14664
v 131.93211 20.96952 9.13724
v 131.94183 20.96790 9.19058
v 131.99165 20.96808 9.19475
v 132.00581 20.96975 9.13908
v 131.97994 20.96686 9.09290
v 131.95050 20.96357 9.09426
v 131.94705 21.00436 9.14432
v 131.94991 20.98955 9.18272
v 131.97946 20.99364 9.18436
v 131.98088 21.00424 9.14401
v 132.38850 20.96972 9.13880
v 132.40174 20.96805 9.19425
v 132.45172 20.96795 9.19174
v 132.46260 20.96957 9.13764
v 132.44183 20.96503 9.09381
v 132.41318 20.96662 9.09291
v 132.41248 21.00344 9.14411
v 132.41320 20.99349 9.18429
v 132.44184 20.99130 9.18343
v 132.44441 21.00595 9.14403
v 132.81947 20.96628 9.14574
v 132.86236 20.97158 9.13601
v 132.86385 20.96850 9.19528
v 132.82324 20.95855 9.17989
v 132.91209 20.96669 9.18574
v 132.92163 20.96850 9.13750
v 132.90624 20.95855 9.09689
v 132.87209 20.96628 9.09312
v 132.87031 21.00508 9.14396
v 132.87218 20.99293 9.18412
v 132.90536 20.98549 9.17902
v 132.91047 20.99293 9.14583
v 133.27529 20.96872 9.13662
v 133.28557 20.96713 9.18686
v 133.33466 20.96828 9.19515
v 133.33891 20.97159 9.13735
v 133.37833 20.96345 9.14664
v 133.32471 20.96650 9.09310
v 133.29227 20.95855 9.09538
v 133.28765 20.99544 9.14534
v 133.29229 20.98549 9.18053
v 133.32458 20.99312 9.18417
v 133.32636 21.00511 9.14397
v 133.73474 20.96961 9.13800
v 133.74555 20.96761 9.19245
v 133.79548 20.96834 9.19378
v 133.80908 20.96968 9.13850
v 133.78416 20.96704 9.09327
v 133.75591 20.96460 9.09314
v 133.75316 21.00628 9.14398
v 133.75561 20.99226 9.18334
v 133.78415 20.99305 9.18441
v 133.78462 21.00309 9.14414
v 134.19143 20.96984 9.13886
v 134.20627 20.96827 9.19491
v 134.25591 20.96749 9.18980
v 134.26479 20.96939 9.13746
v 134.24736 20.96223 9.09431
v 134.21753 20.96695 9.09297
v 134.21604 21.00475 9.14404
v 134.21720 20.99367 9.18433
v 134.24706 20.98892 9.18262
v 134.25062 21.00237 9.14426
v 134.62225 20.96822 9.14267
v 134.62801 20.96284 9.18240
v 134.67185 20.96884 9.19547
v 134.71662 20.96505 9.18241
v 134.72341 20.96834 9.14153
v 134.67218 20.97128 9.13368
v 134.67303 20.96608 9.09322
v 134.62870 20.98549 9.14664
v 134.67241 21.00504 9.14396
v 134.67303 20.99274 9.18400
v 134.71492 20.98904 9.14664
v 127.44082 20.96908 9.61036
v 127.50804 20.96886 9.60852
v 127.50286 20.96837 9.54752
v 127.44684 20.96876 9.54656
v 127.46132 21.00195 9.59195
v 127.49222 21.00669 9.59295
v 127.49164 21.00172 9.55920
v 127.45961 21.00371 9.55821
v 127.86729 20.96404 9.59001
v 127.90988 20.97008 9.61590
v 127.96883 20.96847 9.60325
v 127.96524 20.96773 9.55161
v 127.91083 20.96930 9.54446
v 127.86857 20.96112 9.56339
v 127.91946 21.00440 9.59239
v 127.95788 20.99679 9.59164
v 127.95670 20.99175 9.56116
v 127.91954 21.00399 9.55837
v 128.32479 20.96828 9.60272
v 128.38080 20.96983 9.61710
v 128.42663 20.96686 9.59166
v 128.42526 20.96357 9.56221
v 128.38186 20.96942 9.54352
v 128.32908 20.96755 9.55297
v 128.33517 20.99364 9.59117
v 128.37549 21.00442 9.59240
v 128.37527 21.00377 9.55842
v 128.33681 20.98956 9.56162
v 128.78604 20.96895 9.60734
v 128.85315 20.96900 9.61123
v 128.84673 20.96866 9.54614
v 128.79068 20.96847 9.54818
v 128.80111 21.00631 9.59295
v 128.83283 21.00254 9.59204
v 128.83404 21.00455 9.55838
v 128.80172 20.99974 9.55908
v 129.67078 20.96808 9.59466
v 129.71930 20.96958 9.61838
v 129.77234 20.96828 9.60050
v 129.76852 20.96742 9.55496
v 129.71839 20.96929 9.54247
v 129.67317 20.96636 9.56009
v 129.67800 20.98549 9.58468
v 129.72184 21.00460 9.59249
v 129.76375 20.98961 9.59107
v 129.76096 20.98854 9.56340
v 129.72128 21.00351 9.55841
v 130.13088 20.96875 9.60282
v 130.19506 20.96964 9.61459
v 130.23186 20.95855 9.58758
v 130.18888 20.96898 9.54538
v 130.23019 20.95855 9.56731
v 130.13302 20.96787 9.55037
v 130.14186 20.99909 9.59159
v 130.17805 21.00448 9.59244
v 130.17779 21.00431 9.55831
v 130.14253 20.99400 9.56051
v 130.58843 20.96898 9.60883
v 130.65571 20.96897 9.61010
v 130.64987 20.96859 9.54656
v 130.59380 20.96857 9.54748
v 130.60757 21.00393 9.59214
v 130.63729 21.00352 9.59249
v 130.63814 21.00301 9.55841
v 130.60619 21.00276 9.55885
v 131.47323 20.96805 9.60007
v 131.52585 20.96970 9.61838
v 131.57487 20.96799 9.59534
v 131.57232 20.96627 9.55938
v 131.52658 20.96945 9.54247
v 131.47693 20.96696 9.55519
v 131.48183 20.98934 9.59041
v 131.52396 21.00457 9.59251
v 131.56787 20.98549 9.58468
v 131.52434 21.00344 9.55846
v 131.48435 20.98732 9.56291
v 131.93420 20.96893 9.60576
v 132.00101 20.96900 9.61217
v 131.99416 20.96869 9.54572
v 131.93810 20.96838 9.54912
v 131.94687 21.00538 9.59287
v 131.98060 21.00323 9.59216
v 131.98143 21.00467 9.55817
v 131.94828 20.99767 9.55991
v 132.39273 20.96899 9.61123
v 132.45984 20.96895 9.60734
v 132.45520 20.96846 9.54818
v 132.39915 20.96866 9.54614
v 132.41278 21.00240 9.59210
v 132.44435 21.00647 9.59278
v 132.44390 21.00031 9.55927
v 132.41163 21.00428 9.55826
v 133.27635 20.96839 9.60393
v 133.33532 20.97008 9.61537
v 133.37858 20.96403 9.59001
v 133.37731 20.96111 9.56339
v 133.33505 20.96929 9.54446
v 133.28063 20.96772 9.55161
v 133.28739 20.99612 9.59214
v 133.32622 21.00440 9.59234
v 133.32633 21.00398 9.55837
v 133.28918 20.99174 9.56116
v 133.73751 20.96883 9.60820
v 133.80469 20.96910 9.61062
v 133.79858 20.96880 9.54634
v 133.74259 20.96831 9.54779
v 133.75318 21.00662 9.59299
v 133.78425 21.00207 9.59194
v 133.78584 21.00389 9.55832
v 133.75377 21.00138 9.55906
v 134.19648 20.96908 9.61273
v 134.26301 20.96880 9.60458
v 134.25967 20.96810 9.54987
v 134.20360 20.96882 9.54548
v 134.21620 21.00381 9.59226
v 134.25067 21.00335 9.59255
v 134.24952 20.99580 9.55982
v 134.21582 21.00481 9.55829
v 134.62187 20.96810 9.59709
v 134.67231 20.96958 9.61860
v 134.72364 20.96826 9.59818
v 134.72034 20.96723 9.55705
v 134.67213 20.96929 9.54220
v 134.62489 20.96677 9.55791
v 134.62845 20.98549 9.58687
v 134.67237 21.00451 9.59259
v 134.71498 20.98949 9.58713
v 134.71437 20.98549 9.56513
v 134.67275 21.00325 9.55846
v 134.63074 20.98549 9.56716
v 127.44008 20.96910 9.99938
v 127.44804 20.96888 10.06259
v 127.50182 20.96847 10.06182
v 127.50835 20.96878 10.00096
v 127.47286 20.95856 9.96289
v 127.46102 21.00274 10.01708
v 127.46057 21.00014 10.05250
v 127.49087 20.99862 10.05163
v 127.49233 21.00693 10.01658
v 127.86729 20.96383 10.01942
v 127.90988 20.97020 9.99372
v 127.86947 20.96069 10.04697
v 127.91072 20.96920 10.06438
v 127.96403 20.96801 10.05752
v 127.96924 20.96830 10.00591
v 127.92287 20.95856 9.96289
v 127.91934 21.00510 10.01675
v 127.92014 21.00039 10.05231
v 127.95632 20.98892 10.05018
v 127.95782 20.99674 10.01825
v 128.32445 20.96810 10.00661
v 128.33028 20.96784 10.05621
v 128.38228 20.96936 10.06507
v 128.42440 20.96285 10.04823
v 128.42666 20.96669 10.01795
v 128.38059 20.96996 9.99222
v 128.37288 20.95856 9.96289
v 128.33514 20.99347 10.01827
v 128.33784 20.98854 10.04872
v 128.37499 21.00018 10.05235
v 128.37553 21.00509 10.01679
v 128.78580 20.96886 10.00219
v 128.79159 20.96858 10.06130
v 128.84545 20.96876 10.06291
v 128.85392 20.96901 9.99843
v 128.82289 20.95856 9.96289
v 128.80095 21.00624 10.01656
v 128.80271 20.99751 10.05170
v 128.83328 21.00055 10.05238
v 128.83306 21.00344 10.01704
v 129.24406 20.96902 9.99741
v 129.25307 20.96879 10.06322
v 129.30704 20.96851 10.06053
v 129.31182 20.96884 10.00383
v 129.27290 20.95855 9.96289
v 129.26497 21.00414 10.01695
v 129.26519 21.00097 10.05225
v 129.29666 20.99507 10.05183
v 129.29887 21.00493 10.01667
v 129.67063 20.96785 10.01473
v 129.67427 20.96669 10.04937
v 129.71817 20.96923 10.06620
v 129.76736 20.96774 10.05427
v 129.77262 20.96808 10.00885
v 129.71940 20.96972 9.99104
v 129.72292 20.95855 9.96288
v 129.67800 20.98549 10.02273
v 129.72169 21.00525 10.01669
v 129.72181 20.99993 10.05227
v 129.76087 20.98549 10.04808
v 129.76340 20.98987 10.01942
v 130.13065 20.96863 10.00644
v 130.13378 20.96805 10.05925
v 130.18831 20.96894 10.06341
v 130.19539 20.96974 9.99498
v 130.23162 20.95855 10.02273
v 130.17293 20.95855 9.96288
v 130.14186 20.99901 10.01796
v 130.14290 20.99175 10.05095
v 130.17713 21.00061 10.05231
v 130.17816 21.00522 10.01671
v 130.58809 20.96889 10.00063
v 130.59488 20.96868 10.06180
v 130.64870 20.96869 10.06264
v 130.65643 20.96899 9.99967
v 130.62294 20.95855 9.96288
v 130.60731 21.00449 10.01706
v 130.60698 20.99940 10.05194
v 130.63719 20.99963 10.05233
v 130.63754 21.00417 10.01672
v 131.01425 20.95855 10.02273
v 131.05013 20.96978 9.99518
v 131.05713 20.96899 10.06327
v 131.11158 20.96795 10.05971
v 131.11495 20.96858 10.00596
v 131.07295 20.95855 9.96288
v 131.06742 21.00517 10.01673
v 131.06847 21.00077 10.05220
v 131.10238 20.99130 10.05182
v 131.10345 20.99966 10.01776
v 131.47296 20.96787 10.00928
v 131.47808 20.96724 10.05409
v 131.52676 20.96938 10.06620
v 131.57122 20.96656 10.05008
v 131.57503 20.96778 10.01405
v 131.52577 20.96984 9.99105
v 131.52296 20.95855 9.96288
v 131.48197 20.98941 10.01910
v 131.48501 20.98549 10.04808
v 131.52406 20.99993 10.05227
v 131.52404 21.00520 10.01671
v 131.56787 20.98549 10.02273
v 131.93406 20.96884 10.00382
v 131.93883 20.96851 10.06053
v 131.99281 20.96879 10.06322
v 132.00182 20.96902 9.99741
v 131.97298 20.95855 9.96288
v 131.94691 21.00508 10.01698
v 131.94880 20.99545 10.05124
v 131.98043 21.00078 10.05243
v 131.98085 21.00410 10.01686
v 132.81921 20.96668 10.01795
v 132.82148 20.96285 10.04823
v 132.86359 20.96936 10.06507
v 132.91560 20.96783 10.05621
v 132.92142 20.96810 10.00661
v 132.86528 20.96995 9.99222
v 132.87299 20.95855 9.96288
v 132.87034 21.00509 10.01679
v 132.87089 21.00018 10.05235
v 132.90804 20.98854 10.04872
v 132.91074 20.99346 10.01827
v 133.27597 20.96821 10.00533
v 133.28185 20.96800 10.05752
v 133.33516 20.96920 10.06438
v 133.37641 20.96069 10.04697
v 133.37859 20.96382 10.01942
v 133.33534 20.97021 9.99420
v 133.32300 20.95855 9.96288
v 133.28752 20.99614 10.01795
v 133.28956 20.98892 10.05017
v 133.32573 21.00038 10.05231
v 133.32635 21.00510 10.01679
v 133.73721 20.96875 10.00129
v 133.74361 20.96840 10.06156
v 133.79736 20.96891 10.06279
v 133.80544 20.96911 9.99910
v 133.77301 20.95855 9.96288
v 133.75303 21.00676 10.01649
v 133.75470 20.99871 10.05169
v 133.78503 21.00005 10.05245
v 133.78451 21.00292 10.01712
v 134.19565 20.96909 9.99679
v 134.20499 20.96892 10.06339
v 134.25909 20.96821 10.05991
v 134.26308 20.96871 10.00504
v 134.22302 20.95855 9.96288
v 134.21601 21.00468 10.01682
v 134.21664 21.00078 10.05235
v 134.24887 20.99440 10.05134
v 134.25069 21.00292 10.01716
v 134.62167 20.96789 10.01228
v 134.62600 20.96710 10.05144
v 134.67209 20.96922 10.06648
v 134.71920 20.96761 10.05223
v 134.72387 20.96805 10.01118
v 134.67233 20.96972 9.99083
v 134.67303 20.95855 9.96288
v 134.62870 20.98549 10.02273
v 134.67265 20.99965 10.05222
v 134.71341 20.98549 10.04431
v 134.71500 20.98925 10.02146
v 134.67241 21.00516 10.01663
v 127.43776 20.96987 10.47596
v 127.46251 20.96285 10.51676
v 127.48666 20.96213 10.51658
v 127.51010 20.96959 10.47455
v 127.50066 20.96792 10.41735
v 127.44988 20.96851 10.41718
v 127.46081 21.00300 10.46450
v 127.49227 21.00659 10.46443
v 127.49023 20.99515 10.42708
v 127.46218 20.99620 10.42670
v 127.86744 20.96366 10.46195
v 127.90794 20.97161 10.47910
v 127.92146 20.96274 10.51684
v 127.95108 20.95856 10.51355
v 127.96976 20.96866 10.47344
v 127.96199 20.96735 10.42267
v 127.91095 20.96867 10.41529
v 127.87010 20.95856 10.43256
v 127.91934 21.00520 10.46461
v 127.95787 20.99623 10.46313
v 127.95414 20.98778 10.42951
v 127.92076 20.99634 10.42666
v 128.32440 20.96834 10.47307
v 128.38235 20.97152 10.48034
v 128.37288 20.96254 10.51668
v 128.42653 20.96654 10.46329
v 128.42366 20.96069 10.43141
v 128.38207 20.96889 10.41483
v 128.33219 20.96703 10.42388
v 128.33535 20.99312 10.46234
v 128.37561 21.00519 10.46463
v 128.37400 20.99614 10.42674
v 128.33900 20.98549 10.43006
v 128.78503 20.96956 10.47430
v 128.80497 20.96069 10.51634
v 128.83007 20.96328 10.51682
v 128.85722 20.96988 10.47617
v 128.84334 20.96840 10.41712
v 128.79223 20.96800 10.41747
v 128.80111 21.00589 10.46430
v 128.83326 21.00365 10.46456
v 128.83162 20.99698 10.42710
v 128.80270 20.99307 10.42624
v 129.24099 20.97000 10.47624
v 129.26791 20.96310 10.51694
v 129.29412 20.96016 10.51561
v 129.31254 20.96939 10.47408
v 129.30592 20.96796 10.41870
v 129.25450 20.96840 10.41645
v 129.26492 21.00435 10.46446
v 129.29881 21.00446 10.46452
v 129.29560 20.99210 10.42680
v 129.26581 20.99695 10.42686
v 129.67107 20.96820 10.46484
v 129.71905 20.97119 10.48245
v 129.72292 20.96254 10.51668
v 129.77255 20.96834 10.47079
v 129.76566 20.96670 10.42569
v 129.71752 20.96902 10.41439
v 129.67460 20.96285 10.42960
v 129.67800 20.98549 10.46077
v 129.72164 21.00530 10.46464
v 129.76330 20.98952 10.46193
v 129.75832 20.98549 10.43172
v 129.72235 20.99597 10.42676
v 130.12971 20.96903 10.47313
v 130.14737 20.95855 10.51480
v 130.19780 20.97085 10.47753
v 130.17562 20.96296 10.51688
v 130.23162 20.95855 10.46077
v 130.18760 20.96854 10.41575
v 130.13597 20.96749 10.42105
v 130.14178 20.99868 10.46351
v 130.17816 21.00533 10.46464
v 130.17646 20.99660 10.42666
v 130.14464 20.98941 10.42832
v 130.58636 20.96968 10.47504
v 130.60914 20.96213 10.51658
v 130.63329 20.96285 10.51676
v 130.65880 20.96978 10.47551
v 130.64700 20.96827 10.41697
v 130.59621 20.96821 10.41758
v 130.60718 21.00450 10.46429
v 130.63769 21.00426 10.46465
v 130.63570 20.99595 10.42678
v 130.60798 20.99562 10.42692
v 131.01425 20.95855 10.46077
v 131.04768 20.97090 10.47723
v 131.07026 20.96296 10.51688
v 131.11589 20.96898 10.47364
v 131.09850 20.95855 10.51480
v 131.10936 20.96740 10.42060
v 131.05773 20.96859 10.41586
v 131.06744 21.00529 10.46459
v 131.10355 20.99931 10.46381
v 131.10040 20.98892 10.42732
v 131.06896 20.99680 10.42677
v 131.47307 20.96816 10.47033
v 131.52605 20.97132 10.48244
v 131.52296 20.96254 10.51668
v 131.57464 20.96813 10.46551
v 131.57061 20.96315 10.42893
v 131.52728 20.96920 10.41440
v 131.47972 20.96592 10.42570
v 131.48213 20.98907 10.46203
v 131.52410 21.00526 10.46462
v 131.56787 20.98549 10.46077
v 131.52353 20.99596 10.42676
v 131.48756 20.98549 10.43172
v 131.93334 20.96939 10.47407
v 131.95175 20.96015 10.51561
v 131.97796 20.96310 10.51694
v 132.00489 20.97000 10.47624
v 131.99137 20.96840 10.41645
v 131.93995 20.96795 10.41870
v 131.94698 21.00459 10.46422
v 131.98091 21.00431 10.46455
v 131.97965 20.99672 10.42665
v 131.94960 20.99257 10.42750
v 132.38865 20.96988 10.47617
v 132.41581 20.96328 10.51682
v 132.44091 20.96069 10.51634
v 132.46085 20.96956 10.47430
v 132.45365 20.96799 10.41746
v 132.40253 20.96840 10.41712
v 132.41233 21.00348 10.46462
v 132.44434 21.00616 10.46419
v 132.44318 20.99306 10.42624
v 132.41426 20.99698 10.42710
v 132.81934 20.96654 10.46328
v 132.86353 20.97152 10.48034
v 132.87299 20.96254 10.51668
v 132.92148 20.96834 10.47306
v 132.91369 20.96702 10.42388
v 132.86380 20.96889 10.41483
v 132.82221 20.96069 10.43141
v 132.87027 21.00519 10.46463
v 132.91052 20.99311 10.46234
v 132.90688 20.98549 10.43006
v 132.87188 20.99613 10.42674
v 133.27548 20.96859 10.47384
v 133.33722 20.97159 10.47878
v 133.29478 20.95855 10.51354
v 133.32441 20.96274 10.51684
v 133.37843 20.96365 10.46194
v 133.33493 20.96866 10.41529
v 133.37578 20.95855 10.43256
v 133.28389 20.96734 10.42266
v 133.28751 20.99565 10.46327
v 133.32637 21.00520 10.46459
v 133.32512 20.99634 10.42666
v 133.29174 20.98777 10.42951
v 133.73577 20.96958 10.47455
v 133.75814 20.96095 10.51692
v 133.78216 20.96351 10.51654
v 133.80812 20.96986 10.47596
v 133.79547 20.96856 10.41700
v 133.74468 20.96782 10.41758
v 133.75314 21.00643 10.46442
v 133.78473 21.00316 10.46450
v 133.78330 20.99615 10.42689
v 133.75512 20.99518 10.42675
v 134.19271 20.97010 10.47656
v 134.21922 20.96320 10.51682
v 134.24585 20.95855 10.51588
v 134.26379 20.96923 10.47355
v 134.25774 20.96760 10.41956
v 134.20621 20.96854 10.41614
v 134.21599 21.00483 10.46455
v 134.25067 21.00256 10.46418
v 134.24769 20.99150 10.42751
v 134.21722 20.99680 10.42668
v 134.62196 20.96820 10.46730
v 134.67226 20.97118 10.48267
v 134.67303 20.96254 10.51668
v 134.72366 20.96834 10.46843
v 134.71779 20.96614 10.42757
v 134.67196 20.96902 10.41407
v 134.62717 20.96504 10.42809
v 134.62870 20.98549 10.46077
v 134.67253 21.00514 10.46464
v 134.71537 20.98834 10.46077
v 134.67303 20.99579 10.42684
v 127.44170 20.96896 10.86998
v 127.44513 20.96894 10.93409
v 127.50432 20.96862 10.93286
v 127.50737 20.96870 10.87166
v 127.46132 21.00079 10.88868
v 127.46018 21.00553 10.91995
v 127.49196 21.00431 10.91995
v 127.49213 21.00609 10.88758
v 127.86727 20.96386 10.89060
v 127.86813 20.96258 10.91626
v 127.91082 20.96957 10.93664
v 127.96663 20.96808 10.92896
v 127.96819 20.96829 10.87736
v 127.90981 20.96989 10.86449
v 127.91947 21.00337 10.88819
v 127.91949 21.00617 10.92011
v 127.95744 20.99350 10.91831
v 127.95769 20.99671 10.88906
v 128.32528 20.96806 10.87757
v 128.32779 20.96796 10.92755
v 128.38170 20.96959 10.93777
v 128.42571 20.96504 10.91766
v 128.42661 20.96662 10.88901
v 128.38087 20.96970 10.86353
v 128.33524 20.99350 10.88903
v 128.33610 20.99130 10.91767
v 128.37547 21.00601 10.92011
v 128.37543 21.00340 10.88822
v 128.78658 20.96879 10.87274
v 128.78938 20.96873 10.93203
v 128.84855 20.96884 10.93464
v 128.85217 20.96888 10.86920
v 128.80146 21.00557 10.88783
v 128.80087 21.00300 10.92046
v 128.83345 21.00602 10.91970
v 128.83291 21.00147 10.88848
v 129.24596 20.96889 10.86836
v 129.24978 20.96886 10.93521
v 129.30883 20.96868 10.93087
v 129.31130 20.96877 10.87422
v 129.26536 21.00230 10.88868
v 129.26427 21.00641 10.92004
v 129.29771 21.00112 10.91968
v 129.29893 21.00443 10.88686
v 129.67086 20.96772 10.88549
v 129.67245 20.96735 10.92013
v 129.71868 20.96939 10.93897
v 129.76969 20.96790 10.92550
v 129.77196 20.96803 10.87975
v 129.71909 20.96951 10.86255
v 129.67779 20.98549 10.89437
v 129.67855 20.98549 10.90992
v 129.72160 21.00597 10.92019
v 129.76238 20.98854 10.91676
v 129.76349 20.98980 10.88931
v 129.72177 21.00354 10.88815
v 130.13090 20.96853 10.87691
v 130.13260 20.96833 10.92899
v 130.19062 20.96922 10.93605
v 130.23090 20.95855 10.91333
v 130.19393 20.96948 10.86631
v 130.23191 20.95855 10.89300
v 130.14194 20.99901 10.88890
v 130.14214 20.99585 10.91864
v 130.17797 21.00655 10.92016
v 130.17799 21.00339 10.88817
v 130.58915 20.96884 10.87140
v 130.59228 20.96879 10.93298
v 130.65152 20.96879 10.93400
v 130.65487 20.96884 10.87019
v 130.60762 21.00300 10.88846
v 130.60653 21.00501 10.91972
v 130.63801 21.00507 10.92015
v 130.63722 21.00257 10.88809
v 131.01397 20.95855 10.89300
v 131.05155 20.96952 10.86649
v 131.05484 20.96926 10.93589
v 131.01497 20.95855 10.91333
v 131.11286 20.96826 10.92946
v 131.11465 20.96847 10.87643
v 131.06759 21.00333 10.88821
v 131.06761 21.00663 10.92008
v 131.10316 20.99602 10.91921
v 131.10336 20.99965 10.88861
v 131.47358 20.96778 10.88015
v 131.47579 20.96754 10.92520
v 131.52635 20.96953 10.93897
v 131.57310 20.96724 10.92082
v 131.57476 20.96764 10.88481
v 131.52602 20.96964 10.86255
v 131.48205 20.98949 10.88989
v 131.48296 20.98777 10.91665
v 131.52410 21.00591 10.92017
v 131.56732 20.98549 10.90992
v 131.56809 20.98549 10.89437
v 131.52402 21.00351 10.88813
v 131.93458 20.96876 10.87422
v 131.93705 20.96868 10.93087
v 131.99609 20.96886 10.93521
v 131.99992 20.96889 10.86836
v 131.94681 21.00463 10.88719
v 131.94795 21.00141 10.91925
v 131.98147 21.00627 10.92018
v 131.98046 21.00224 10.88858
v 132.39371 20.96887 10.86920
v 132.39733 20.96884 10.93464
v 132.45649 20.96872 10.93203
v 132.45929 20.96879 10.87274
v 132.41264 21.00129 10.88835
v 132.41229 21.00586 10.91973
v 132.44481 21.00336 10.92038
v 132.44395 21.00578 10.88810
v 132.81926 20.96662 10.88901
v 132.82016 20.96503 10.91766
v 132.86417 20.96959 10.93777
v 132.91809 20.96795 10.92755
v 132.92060 20.96805 10.87757
v 132.86500 20.96970 10.86353
v 132.87045 21.00340 10.88822
v 132.87040 21.00601 10.92011
v 132.90978 20.99130 10.91767
v 132.91064 20.99349 10.88903
v 133.27695 20.96819 10.87650
v 133.27925 20.96807 10.92896
v 133.33505 20.96956 10.93663
v 133.37774 20.96257 10.91626
v 133.37860 20.96386 10.89060
v 133.33534 20.96990 10.86511
v 133.28773 20.99636 10.88875
v 133.28800 20.99249 10.91894
v 133.32623 21.00620 10.92004
v 133.32625 21.00336 10.88822
v 133.73815 20.96867 10.87197
v 133.74116 20.96857 10.93257
v 133.80031 20.96897 10.93432
v 133.80379 20.96898 10.86972
v 133.75338 21.00600 10.88769
v 133.75322 21.00405 10.92022
v 133.78516 21.00564 10.91978
v 133.78431 21.00091 10.88860
v 134.19764 20.96898 10.86787
v 134.20159 20.96897 10.93554
v 134.26053 20.96847 10.92996
v 134.26275 20.96861 10.87533
v 134.21627 21.00272 10.88839
v 134.21579 21.00671 10.92008
v 134.25002 20.99879 10.91945
v 134.25060 21.00300 10.88775
v 134.62207 20.96779 10.88309
v 134.62395 20.96751 10.92239
v 134.67219 20.96938 10.93922
v 134.72136 20.96783 10.92333
v 134.72338 20.96799 10.88203
v 134.67227 20.96951 10.86232
v 134.62837 20.98548 10.89219
v 134.62935 20.98548 10.91206
v 134.67284 21.00570 10.92017
v 134.71589 20.98548 10.91414
v 134.71520 20.98930 10.89370
v 134.67245 21.00342 10.88805
v 127.43577 20.96969 11.33920
v 127.45605 20.96760 11.38792
v 127.49371 20.96663 11.38741
v 127.51230 20.96962 11.33935
v 127.49668 20.96738 11.28844
v 127.45291 20.96808 11.28767
v 127.46073 21.00306 11.33759
v 127.46624 20.98549 11.38151
v 127.48611 20.98549 11.38053
v 127.49227 21.00625 11.33752
v 127.48803 20.98811 11.29588
v 127.46470 20.98901 11.29507
v 127.86755 20.96345 11.33685
v 127.90427 20.97148 11.33918
v 127.91801 20.96787 11.38830
v 127.95695 20.96224 11.38343
v 127.97043 20.96921 11.34029
v 127.95793 20.96607 11.29355
v 127.91459 20.96816 11.28671
v 127.91930 21.00517 11.33763
v 127.92287 20.98549 11.38119
v 127.95761 20.99564 11.33685
v 127.92287 20.98869 11.29535
v 128.32408 20.96900 11.33986
v 128.33674 20.96112 11.38264
v 128.37643 20.96776 11.38819
v 128.38517 20.97157 11.33985
v 128.42631 20.96608 11.33685
v 128.37927 20.96823 11.28691
v 128.33587 20.96505 11.29442
v 128.33553 20.99275 11.33685
v 128.37557 21.00511 11.33761
v 128.37288 20.98549 11.38119
v 128.37289 20.98869 11.29535
v 128.78201 20.96957 11.33946
v 128.79997 20.96684 11.38664
v 128.83773 20.96737 11.38838
v 128.85833 20.96973 11.33911
v 128.84093 20.96785 11.28714
v 128.79712 20.96764 11.28928
v 128.80097 21.00554 11.33745
v 128.80965 20.98549 11.38053
v 128.82952 20.98549 11.38151
v 128.83325 21.00369 11.33761
v 128.82992 20.98941 11.29526
v 128.80650 20.98701 11.29557
v 129.23920 20.96976 11.33903
v 129.26076 20.96748 11.38862
v 129.29855 20.96651 11.38573
v 129.31514 20.96952 11.33958
v 129.30119 20.96752 11.29032
v 129.25748 20.96789 11.28676
v 129.26485 21.00438 11.33761
v 129.26850 20.98549 11.38155
v 129.28832 20.98549 11.37991
v 129.29880 21.00396 11.33739
v 129.29237 20.98549 11.29571
v 129.26804 20.98949 11.29527
v 129.67137 20.96776 11.33760
v 129.71708 20.97148 11.34076
v 129.72073 20.96753 11.38807
v 129.76162 20.96069 11.38093
v 129.77223 20.96881 11.33869
v 129.76292 20.96285 11.29555
v 129.71974 20.96839 11.28710
v 129.67665 20.95855 11.29889
v 129.67800 20.98549 11.33685
v 129.72165 21.00518 11.33760
v 129.72292 20.98549 11.38119
v 129.76311 20.98936 11.33685
v 129.72292 20.98869 11.29535
v 130.12825 20.96940 11.33985
v 130.14231 20.96445 11.38433
v 130.18041 20.96783 11.38851
v 130.20128 20.97054 11.33901
v 130.23162 20.95855 11.33685
v 130.18379 20.96814 11.28662
v 130.14034 20.96660 11.29220
v 130.14194 20.99810 11.33728
v 130.17821 21.00534 11.33761
v 130.17293 20.98549 11.38119
v 130.17427 20.98886 11.29517
v 130.14749 20.98549 11.29878
v 130.58426 20.96964 11.33930
v 130.60271 20.96707 11.38738
v 130.64047 20.96724 11.38796
v 130.66084 20.96966 11.33925
v 130.64358 20.96779 11.28768
v 130.59972 20.96772 11.28840
v 130.60710 21.00437 11.33752
v 130.61188 20.98549 11.38100
v 130.63178 20.98549 11.38133
v 130.63772 21.00420 11.33760
v 130.63335 20.98881 11.29523
v 130.61021 20.98854 11.29550
v 131.47318 20.96850 11.33875
v 131.48426 20.96069 11.38093
v 131.52687 20.97181 11.34076
v 131.52515 20.96753 11.38807
v 131.57420 20.96765 11.33757
v 131.56921 20.95855 11.29889
v 131.52614 20.96839 11.28710
v 131.48296 20.96285 11.29555
v 131.48235 20.98892 11.33685
v 131.52410 21.00514 11.33760
v 131.52296 20.98549 11.38119
v 131.56787 20.98549 11.33685
v 131.52296 20.98869 11.29535
v 131.93074 20.96952 11.33958
v 131.94732 20.96651 11.38573
v 131.98512 20.96747 11.38862
v 132.00667 20.96976 11.33903
v 131.98839 20.96789 11.28676
v 131.94469 20.96751 11.29032
v 131.94708 21.00396 11.33739
v 131.95544 20.98549 11.37916
v 131.97516 20.98549 11.38144
v 131.98103 21.00438 11.33761
v 131.97677 20.98926 11.29513
v 131.95145 20.98549 11.29660
v 132.38755 20.96972 11.33911
v 132.40814 20.96737 11.38837
v 132.44591 20.96684 11.38663
v 132.46386 20.96957 11.33946
v 132.44875 20.96763 11.28928
v 132.40494 20.96784 11.28714
v 132.41235 21.00353 11.33762
v 132.41635 20.98549 11.38151
v 132.43623 20.98549 11.38053
v 132.44450 21.00580 11.33743
v 132.43938 20.98701 11.29557
v 132.41595 20.98941 11.29526
v 132.81957 20.96608 11.33685
v 132.86071 20.97157 11.33985
v 132.86945 20.96775 11.38819
v 132.90913 20.96111 11.38264
v 132.92180 20.96900 11.33986
v 132.91000 20.96504 11.29442
v 132.86661 20.96822 11.28691
v 132.87030 21.00511 11.33761
v 132.87299 20.98549 11.38118
v 132.91034 20.99274 11.33685
v 132.87299 20.98869 11.29535
v 133.27483 20.96916 11.34039
v 133.28892 20.96223 11.38343
v 133.32787 20.96787 11.38830
v 133.34073 20.97146 11.33913
v 133.37833 20.96345 11.33685
v 133.33129 20.96816 11.28671
v 133.28795 20.96606 11.29355
v 133.28782 20.99507 11.33685
v 133.32641 21.00517 11.33763
v 133.32300 20.98549 11.38118
v 133.32300 20.98869 11.29535
v 133.73357 20.96962 11.33935
v 133.75152 20.96642 11.38731
v 133.78913 20.96772 11.38798
v 133.81011 20.96968 11.33920
v 133.79230 20.96816 11.28756
v 133.74858 20.96724 11.28859
v 133.75310 21.00613 11.33754
v 133.75977 20.98549 11.38053
v 133.77963 20.98549 11.38151
v 133.78478 21.00318 11.33757
v 133.78118 20.98901 11.29507
v 133.75785 20.98810 11.29587
v 134.19019 20.96977 11.33899
v 134.21289 20.96777 11.38856
v 134.25071 20.96549 11.38532
v 134.26589 20.96949 11.33964
v 134.25314 20.96693 11.29095
v 134.20957 20.96812 11.28671
v 134.21593 21.00485 11.33758
v 134.22083 20.98548 11.38144
v 134.24054 20.98548 11.37916
v 134.25061 21.00205 11.33748
v 134.24454 20.98548 11.29660
v 134.21923 20.98925 11.29513
v 134.62248 20.96816 11.33752
v 134.67155 20.97164 11.34138
v 134.63072 20.95855 11.37917
v 134.67303 20.96748 11.38801
v 134.72301 20.96844 11.33815
v 134.71535 20.95855 11.37917
v 134.71587 20.96069 11.29678
v 134.67240 20.96838 11.28732
v 134.62875 20.95855 11.29671
v 134.62870 20.98548 11.33685
v 134.67256 21.00500 11.33759
v 134.67303 20.98548 11.38118
v 134.71537 20.98834 11.33685
v 134.67303 20.98869 11.29535
v 127.44271 20.96897 11.80567
v 127.44382 20.96894 11.74147
v 127.50645 20.96870 11.80411
v 127.50554 20.96863 11.74284
v 127.45924 21.00590 11.75601
v 127.46200 21.00014 11.78646
v 127.49216 21.00578 11.78883
v 127.49196 21.00507 11.75692
v 127.86742 20.96362 11.78605
v 127.86771 20.96324 11.76070
v 127.90991 20.96979 11.81035
v 127.96742 20.96829 11.79859
v 127.96769 20.96810 11.74716
v 127.91069 20.96968 11.73804
v 127.91926 21.00670 11.75620
v 127.91962 21.00271 11.78734
v 127.95736 20.99652 11.78697
v 127.95794 20.99442 11.75829
v 128.32595 20.96803 11.79867
v 128.32678 20.96800 11.74862
v 128.38102 20.96968 11.81096
v 128.42645 20.96630 11.78759
v 128.42613 20.96581 11.75921
v 128.38152 20.96962 11.73663
v 128.33552 20.99202 11.75896
v 128.33554 20.99332 11.78737
v 128.37527 21.00274 11.78731
v 128.37570 21.00657 11.75620
v 128.78744 20.96879 11.80309
v 128.78822 20.96873 11.74375
v 128.85110 20.96888 11.80639
v 128.84990 20.96884 11.74084
v 128.80096 21.00408 11.75660
v 128.80148 21.00517 11.78839
v 128.83243 21.00084 11.78683
v 128.83412 21.00631 11.75629
v 129.24707 20.96889 11.80715
v 129.24837 20.96886 11.74018
v 129.31052 20.96876 11.80169
v 129.30990 20.96869 11.74502
v 129.26398 21.00663 11.75626
v 129.26566 21.00171 11.78674
v 129.29870 21.00382 11.78936
v 129.29822 21.00249 11.75675
v 129.67123 20.96763 11.79089
v 129.67176 20.96752 11.75624
v 129.71901 20.96949 11.81198
v 129.77137 20.96799 11.79653
v 129.77061 20.96795 11.75072
v 129.71877 20.96941 11.73547
v 129.67815 20.98549 11.76599
v 129.67789 20.98549 11.78157
v 129.72186 21.00285 11.78736
v 129.76330 20.98941 11.78759
v 129.76288 20.98930 11.76009
v 129.72149 21.00661 11.75609
v 130.13152 20.96850 11.79919
v 130.13173 20.96838 11.74720
v 130.19297 20.96941 11.80882
v 130.23177 20.95855 11.78362
v 130.19177 20.96930 11.73893
v 130.23143 20.95855 11.76326
v 130.14181 20.99668 11.75804
v 130.14215 20.99888 11.78721
v 130.17776 21.00269 11.78733
v 130.17833 21.00709 11.75610
v 130.59009 20.96884 11.80433
v 130.59104 20.96879 11.74267
v 130.65388 20.96884 11.80549
v 130.65281 20.96879 11.74159
v 130.60605 21.00554 11.75667
v 130.60807 21.00240 11.78718
v 130.63669 21.00196 11.78744
v 130.63868 21.00556 11.75613
v 131.01411 20.95855 11.78362
v 131.01444 20.95855 11.76326
v 131.05251 20.96945 11.80865
v 131.05370 20.96935 11.73910
v 131.11402 20.96844 11.79967
v 131.11376 20.96831 11.74672
v 131.06717 21.00711 11.75614
v 131.06787 21.00266 11.78724
v 131.10323 20.99926 11.78771
v 131.10337 20.99734 11.75770
v 131.47415 20.96771 11.79616
v 131.47489 20.96764 11.75105
v 131.52608 20.96962 11.81198
v 131.57437 20.96754 11.79157
v 131.57381 20.96741 11.75555
v 131.52628 20.96955 11.73547
v 131.48256 20.98881 11.76045
v 131.48218 20.98901 11.78712
v 131.52392 21.00282 11.78738
v 131.56798 20.98549 11.78157
v 131.56772 20.98549 11.76599
v 131.52423 21.00656 11.75609
v 131.93536 20.96876 11.80169
v 131.93597 20.96869 11.74502
v 131.99880 20.96889 11.80715
v 131.99750 20.96885 11.74018
v 131.94748 21.00274 11.75714
v 131.94702 21.00404 11.78901
v 131.98015 21.00165 11.78684
v 131.98178 21.00652 11.75613
v 132.39477 20.96887 11.80639
v 132.39597 20.96884 11.74083
v 132.45843 20.96879 11.80309
v 132.45765 20.96873 11.74375
v 132.41140 21.00616 11.75613
v 132.41324 21.00068 11.78686
v 132.44407 21.00539 11.78829
v 132.44446 21.00442 11.75688
v 132.81943 20.96629 11.78759
v 132.81974 20.96581 11.75921
v 132.86485 20.96968 11.81096
v 132.91993 20.96803 11.79867
v 132.91909 20.96799 11.74862
v 132.86435 20.96961 11.73662
v 132.87018 21.00657 11.75620
v 132.87060 21.00274 11.78731
v 132.91034 20.99331 11.78737
v 132.91035 20.99201 11.75896
v 133.27769 20.96818 11.79962
v 133.27818 20.96810 11.74716
v 133.33522 20.96980 11.80968
v 133.37846 20.96361 11.78605
v 133.37816 20.96323 11.76069
v 133.33519 20.96967 11.73804
v 133.28757 20.99367 11.75792
v 133.28801 20.99610 11.78749
v 133.32608 21.00270 11.78729
v 133.32648 21.00672 11.75624
v 133.73906 20.96866 11.80380
v 133.73995 20.96859 11.74314
v 133.80276 20.96899 11.80592
v 133.80164 20.96896 11.74123
v 133.75337 21.00490 11.75682
v 133.75329 21.00567 11.78878
v 133.78362 21.00029 11.78652
v 133.78615 21.00598 11.75610
v 134.19879 20.96898 11.80760
v 134.20015 20.96896 11.73980
v 134.26202 20.96859 11.80063
v 134.26154 20.96850 11.74600
v 134.21541 21.00699 11.75616
v 134.21657 21.00211 11.78704
v 134.25043 21.00241 11.78845
v 134.25034 21.00039 11.75722
v 134.62253 20.96772 11.79325
v 134.62316 20.96763 11.75391
v 134.67226 20.96949 11.81221
v 134.72287 20.96795 11.79428
v 134.72220 20.96790 11.75292
v 134.67221 20.96941 11.73522
v 134.62888 20.98548 11.76384
v 134.62855 20.98548 11.78374
v 134.67260 21.00273 11.78745
v 134.71543 20.98853 11.78351
v 134.71530 20.98810 11.76382
v 134.67255 21.00637 11.75606
v 127.43680 20.96968 12.20480
v 127.44975 20.96827 12.25994
v 127.49972 20.96772 12.25894
v 127.51113 20.96962 12.20430
v 127.48922 20.96503 12.15946
v 127.46097 20.96684 12.15955
v 127.46090 21.00295 12.21039
v 127.46173 20.99306 12.25071
v 127.49027 20.99226 12.24964
v 127.49220 21.00640 12.21037
v 127.86755 20.96345 12.21294
v 127.90618 20.97161 12.20347
v 127.91121 20.96829 12.26145
v 127.96030 20.96713 12.25316
v 127.96997 20.96878 12.20321
v 127.95360 20.95855 12.16167
v 127.92117 20.96650 12.15940
v 127.91935 21.00510 12.21025
v 127.92130 20.99312 12.25047
v 127.95359 20.98549 12.24683
v 127.95775 20.99601 12.21171
v 128.32424 20.96850 12.20380
v 128.33379 20.96670 12.25204
v 128.38202 20.96850 12.26158
v 128.42264 20.95855 12.24618
v 128.38351 20.97158 12.20231
v 128.42640 20.96628 12.21204
v 128.37378 20.96628 12.15942
v 128.33964 20.95855 12.16318
v 128.33541 20.99293 12.21213
v 128.34050 20.98549 12.24532
v 128.37369 20.99293 12.25042
v 128.37557 21.00508 12.21026
v 128.78328 20.96957 12.20393
v 128.79416 20.96795 12.25804
v 128.84413 20.96806 12.26054
v 128.85738 20.96972 12.20510
v 128.83270 20.96662 12.15921
v 128.80404 20.96504 12.16011
v 128.80106 21.00569 12.21024
v 128.80403 20.99130 12.24972
v 128.83267 20.99349 12.25059
v 128.83312 21.00360 12.21045
v 129.24007 20.96975 12.20538
v 129.25422 20.96808 12.26104
v 129.30405 20.96790 12.25687
v 129.31377 20.96952 12.20353
v 129.29538 20.96357 12.16056
v 129.26593 20.96686 12.15919
v 129.26495 21.00428 12.21040
v 129.26578 20.99391 12.25045
v 129.29499 20.98915 12.24979
v 129.29874 21.00423 12.21032
v 129.67124 20.96800 12.21084
v 129.67526 20.96069 12.24713
v 129.71749 20.96869 12.26173
v 129.76421 20.96615 12.25036
v 129.77238 20.96834 12.20545
v 129.71823 20.97136 12.20066
v 129.72292 20.96608 12.15951
v 129.67800 20.98549 12.21294
v 129.72163 21.00518 12.21023
v 129.72292 20.99274 12.25029
v 129.76311 20.98936 12.21294
v 130.12918 20.96918 12.20353
v 130.13774 20.96734 12.25469
v 130.18713 20.96828 12.26141
v 130.19979 20.97065 12.20476
v 130.23162 20.95855 12.21294
v 130.17619 20.96678 12.15934
v 130.14518 20.96015 12.16103
v 130.14177 20.99847 12.21094
v 130.14605 20.98915 12.24692
v 130.17666 20.99324 12.25076
v 130.17808 21.00523 12.21029
v 130.58538 20.96964 12.20447
v 130.59666 20.96799 12.25904
v 130.64671 20.96803 12.25988
v 130.65976 20.96966 12.20464
v 130.63563 20.96629 12.15937
v 130.60725 20.96581 12.15969
v 130.60723 21.00439 12.21049
v 130.60767 20.99261 12.25010
v 130.63612 20.99286 12.25046
v 130.63758 21.00415 12.21027
v 131.01425 20.95855 12.21294
v 131.04609 20.97065 12.20476
v 131.05811 20.96834 12.26134
v 131.10757 20.96724 12.25512
v 131.11669 20.96918 12.20353
v 131.09947 20.96112 12.16098
v 131.06893 20.96683 12.15929
v 131.06753 21.00518 12.21034
v 131.06849 20.99346 12.25069
v 131.09894 20.98854 12.24798
v 131.10358 20.99910 12.21060
v 131.47326 20.96817 12.20592
v 131.48112 20.96504 12.25055
v 131.52717 20.96890 12.26172
v 131.56961 20.96176 12.24754
v 131.57447 20.96794 12.21017
v 131.52679 20.97150 12.20067
v 131.52296 20.96608 12.15951
v 131.48235 20.98892 12.21294
v 131.52296 20.99274 12.25029
v 131.52412 21.00515 12.21024
v 131.56787 20.98549 12.21294
v 131.93211 20.96952 12.20353
v 131.94183 20.96790 12.25687
v 131.99165 20.96808 12.26104
v 132.00581 20.96975 12.20538
v 131.97994 20.96686 12.15919
v 131.95050 20.96356 12.16056
v 131.94705 21.00436 12.21062
v 131.94991 20.98955 12.24901
v 131.97946 20.99364 12.25065
v 131.98087 21.00424 12.21031
v 132.38850 20.96972 12.20510
v 132.40174 20.96805 12.26054
v 132.45171 20.96795 12.25803
v 132.46260 20.96957 12.20393
v 132.44183 20.96503 12.16011
v 132.41318 20.96662 12.15920
v 132.41248 21.00344 12.21041
v 132.41320 20.99349 12.25058
v 132.44184 20.99130 12.24972
v 132.44441 21.00595 12.21032
v 132.81947 20.96628 12.21204
v 132.86236 20.97158 12.20231
v 132.86385 20.96849 12.26158
v 132.82323 20.95855 12.24618
v 132.91209 20.96669 12.25204
v 132.92163 20.96849 12.20380
v 132.90624 20.95855 12.16318
v 132.87209 20.96628 12.15941
v 132.87031 21.00508 12.21025
v 132.87218 20.99292 12.25041
v 132.90536 20.98549 12.24531
v 132.91047 20.99292 12.21213
v 133.27529 20.96872 12.20291
v 133.28557 20.96713 12.25316
v 133.33466 20.96828 12.26144
v 133.33891 20.97159 12.20364
v 133.37833 20.96345 12.21294
v 133.32471 20.96649 12.15939
v 133.29227 20.95855 12.16167
v 133.28765 20.99544 12.21163
v 133.29228 20.98549 12.24682
v 133.32458 20.99311 12.25047
v 133.32636 21.00510 12.21026
v 133.73474 20.96961 12.20430
v 133.74555 20.96761 12.25874
v 133.79548 20.96834 12.26008
v 133.80907 20.96967 12.20480
v 133.78416 20.96704 12.15956
v 133.75591 20.96459 12.15944
v 133.75316 21.00628 12.21028
v 133.75561 20.99225 12.24964
v 133.78415 20.99305 12.25071
v 133.78462 21.00308 12.21044
v 134.19143 20.96984 12.20516
v 134.20627 20.96827 12.26120
v 134.25591 20.96749 12.25609
v 134.26478 20.96939 12.20375
v 134.24736 20.96223 12.16060
v 134.21753 20.96694 12.15927
v 134.21604 21.00474 12.21033
v 134.21719 20.99367 12.25062
v 134.24706 20.98891 12.24891
v 134.25061 21.00237 12.21056
v 134.62225 20.96821 12.20896
v 134.62801 20.96284 12.24870
v 134.67184 20.96884 12.26176
v 134.71662 20.96505 12.24870
v 134.72340 20.96834 12.20783
v 134.67218 20.97128 12.19997
v 134.67303 20.96608 12.15951
v 134.62870 20.98548 12.21294
v 134.67255 21.00500 12.21027
v 134.67303 20.99274 12.25029
v 134.71537 20.98834 12.21294
v 126.39153 20.74433 12.92506
v 126.22107 20.74433 12.76821
v 126.33337 20.74433 12.91306
v 126.28112 20.74433 12.88487
v 126.24428 20.74433 12.83831
v 126.22107 20.95918 12.76821
v 126.39153 20.95918 12.92506
v 126.24428 20.95918 12.83831
v 126.28112 20.95918 12.88487
v 126.33337 20.95918 12.91306
v 126.21976 20.74433 6.43956
v 126.39153 20.74433 6.26780
v 126.23175 20.74433 6.38141
v 126.27053 20.74433 6.31857
v 126.33337 20.74433 6.27980
v 126.39153 20.95918 6.26780
v 126.21976 20.95918 6.43956
v 126.33337 20.95918 6.27980
v 126.27053 20.95918 6.31857
v 126.23175 20.95918 6.38141
v 135.94776 20.74433 12.76820
v 135.79221 20.74433 12.92375
v 135.92455 20.74433 12.83830
v 135.86231 20.74433 12.90053
v 135.79221 20.95917 12.92375
v 135.94776 20.95917 12.76820
v 135.86231 20.95917 12.90053
v 135.92455 20.95917 12.83830
v 135.79221 20.74432 6.26910
v 135.94907 20.74432 6.43956
v 135.86231 20.74432 6.29232
v 135.90887 20.74432 6.32915
v 135.93707 20.74432 6.38141
v 135.94907 20.95917 6.43956
v 135.79221 20.95917 6.26910
v 135.93707 20.95917 6.38141
v 135.90887 20.95917 6.32915
v 135.86231 20.95917 6.29232
f 1 25 33
f 1 33 34
f 1 34 40
f 1 40 37
f 1 37 36
f 1 36 27
f 1 27 20
f 1 20 19
f 1 19 13
f 1 13 12
f 1 12 9
f 1 9 10
f 1 10 5
f 25 1 2
f 25 2 3
f 1 5 4
f 1 4 2
f 5 10 6
f 5 6 4
f 4 6 7
f 7 6 8
f 10 9 8
f 10 8 6
f 9 12 11
f 9 11 8
f 12 13 14
f 12 14 11
f 15 11 14
f 16 11 15
f 16 8 11
f 7 8 16
f 17 4 7
f 2 4 17
f 17 7 18
f 18 7 16
f 13 19 15
f 13 15 14
f 19 20 21
f 19 21 15
f 18 15 22
f 18 16 15
f 24 17 18
f 24 18 23
f 3 17 24
f 3 2 17
f 23 18 22
f 26 22 21
f 22 15 21
f 20 27 26
f 20 26 21
f 29 22 26
f 29 23 22
f 30 24 23
f 31 24 30
f 32 3 24
f 32 24 31
f 34 33 32
f 34 32 31
f 30 23 35
f 35 23 29
f 29 26 28
f 27 36 28
f 27 28 26
f 36 37 35
f 36 35 28
f 35 29 28
f 37 39 38
f 37 38 35
f 39 37 35
f 39 35 38
f 37 40 30
f 37 30 35
f 40 34 31
f 40 31 30
f 33 25 3
f 33 3 32
f 41 65 73
f 41 73 74
f 41 74 80
f 41 80 77
f 41 77 76
f 41 76 67
f 41 67 60
f 41 60 59
f 41 59 53
f 41 53 52
f 41 52 49
f 41 49 50
f 41 50 45
f 65 41 42
f 65 42 43
f 41 45 44
f 41 44 42
f 45 50 46
f 45 46 44
f 44 46 48
f 44 48 47
f 50 49 48
f 50 48 46
f 49 52 51
f 49 51 48
f 52 53 54
f 52 54 51
f 55 51 54
f 56 51 55
f 56 48 51
f 47 48 56
f 57 44 47
f 42 44 57
f 57 47 58
f 58 47 56
f 53 59 55
f 53 55 54
f 59 60 61
f 59 61 55
f 62 56 55
f 58 56 62
f 64 57 58
f 64 58 63
f 43 57 64
f 43 42 57
f 63 58 62
f 66 62 61
f 62 55 61
f 60 67 66
f 60 66 61
f 63 62 69
f 70 64 63
f 71 64 70
f 72 43 64
f 72 64 71
f 74 73 72
f 74 72 71
f 70 63 75
f 75 63 69
f 69 62 68
f 68 62 66
f 67 76 68
f 67 68 66
f 76 77 75
f 76 75 68
f 75 69 68
f 77 79 78
f 77 78 75
f 79 77 75
f 79 75 78
f 77 80 70
f 77 70 75
f 80 74 71
f 80 71 70
f 73 65 43
f 73 43 72
f 81 105 112
f 81 112 113
f 81 113 121
f 81 121 119
f 81 119 118
f 81 118 117
f 81 117 109
f 81 109 99
f 81 99 93
f 81 93 90
f 81 90 88
f 81 88 86
f 81 86 82
f 81 82 84
f 81 84 83
f 82 86 85
f 82 85 84
f 84 85 86
f 84 86 82
f 84 85 87
f 86 88 87
f 86 87 85
f 88 90 89
f 88 89 87
f 89 91 92
f 89 92 90
f 90 92 91
f 90 91 89
f 90 93 94
f 90 94 89
f 95 87 89
f 84 87 95
f 83 95 96
f 83 84 95
f 97 95 89
f 97 89 98
f 98 89 94
f 99 100 93
f 93 100 101
f 93 101 94
f 102 101 100
f 102 100 99
f 94 101 102
f 98 94 102
f 96 95 97
f 96 97 103
f 105 81 83
f 105 83 104
f 104 83 106
f 106 83 96
f 107 106 103
f 106 96 103
f 103 97 98
f 103 98 108
f 99 109 110
f 99 110 102
f 110 98 102
f 108 98 110
f 111 103 108
f 107 103 111
f 112 105 104
f 112 104 106
f 106 114 113
f 106 113 112
f 114 106 115
f 115 106 107
f 115 107 111
f 111 108 110
f 111 110 116
f 109 117 116
f 109 116 110
f 117 118 111
f 117 111 116
f 118 119 120
f 118 120 111
f 111 120 119
f 111 119 118
f 120 115 111
f 119 121 115
f 119 115 120
f 121 113 114
f 121 114 115
f 122 143 152
f 122 152 153
f 122 153 160
f 122 160 159
f 122 159 158
f 122 158 157
f 122 157 147
f 122 147 139
f 122 139 138
f 122 138 133
f 122 133 132
f 122 132 130
f 122 130 126
f 122 126 125
f 122 125 124
f 122 124 123
f 125 126 127
f 125 127 124
f 124 127 128
f 128 127 129
f 126 130 129
f 126 129 127
f 130 132 131
f 130 131 129
f 132 133 134
f 132 134 131
f 128 129 131
f 128 131 135
f 123 124 136
f 136 124 128
f 135 131 137
f 137 131 134
f 133 138 137
f 133 137 134
f 138 133 134
f 138 134 137
f 139 133 138
f 133 139 140
f 133 140 134
f 137 134 140
f 141 135 137
f 141 128 135
f 136 128 141
f 142 123 136
f 143 122 123
f 143 123 142
f 122 143 142
f 122 142 123
f 144 142 136
f 144 136 141
f 144 141 145
f 141 137 146
f 146 137 140
f 139 147 148
f 139 148 140
f 148 146 140
f 149 145 146
f 145 141 146
f 150 144 145
f 150 142 144
f 151 142 150
f 152 143 142
f 152 142 151
f 153 152 151
f 153 151 150
f 154 150 145
f 154 145 149
f 154 149 155
f 149 148 156
f 149 146 148
f 147 157 156
f 147 156 148
f 157 158 149
f 157 149 156
f 158 159 155
f 158 155 149
f 159 160 154
f 159 154 155
f 160 153 150
f 160 150 154
f 161 162 167
f 161 167 166
f 166 167 169
f 166 169 168
f 168 169 171
f 168 171 170
f 170 171 172
f 170 172 165
f 165 172 182
f 165 182 173
f 173 182 183
f 173 183 174
f 174 183 175
f 174 175 176
f 176 175 184
f 176 184 177
f 177 184 185
f 177 185 178
f 178 185 179
f 178 179 164
f 164 179 181
f 164 181 180
f 180 181 162
f 180 162 161
f 161 166 168
f 161 168 170
f 161 170 165
f 161 165 173
f 161 173 174
f 161 174 176
f 161 176 177
f 161 177 178
f 161 178 164
f 161 164 180
f 172 175 183
f 172 183 182
f 175 179 185
f 175 185 184
f 167 162 181
f 167 181 179
f 167 179 162
f 167 162 186
f 167 186 169
f 179 175 172
f 179 172 171
f 179 171 169
f 179 169 186
f 179 186 172
f 163 161 164
f 163 164 165
f 162 161 163
f 162 163 186
f 179 164 161
f 179 161 162
f 172 165 164
f 172 164 179
f 163 165 172
f 163 172 186
f 179 186 162
f 187 188 192
f 187 192 191
f 191 192 196
f 191 196 194
f 194 196 209
f 194 209 197
f 197 209 198
f 197 198 199
f 199 198 210
f 199 210 200
f 200 210 211
f 200 211 201
f 201 211 202
f 201 202 193
f 193 202 204
f 193 204 203
f 203 204 206
f 203 206 205
f 205 206 208
f 205 208 207
f 207 208 188
f 207 188 187
f 187 191 194
f 187 194 197
f 187 197 199
f 187 199 200
f 187 200 201
f 187 201 193
f 187 193 203
f 187 203 205
f 187 205 207
f 192 195 196
f 196 198 209
f 198 202 211
f 198 211 210
f 192 188 208
f 192 208 212
f 192 212 188
f 192 188 195
f 206 204 202
f 206 202 198
f 206 198 196
f 206 196 195
f 206 195 202
f 206 202 212
f 206 212 208
f 189 187 190
f 189 190 193
f 188 187 189
f 188 189 195
f 212 190 187
f 212 187 188
f 202 193 190
f 202 190 212
f 189 193 202
f 189 202 195
f 188 212 195
f 195 212 202
f 213 215 220
f 213 220 219
f 219 220 221
f 219 221 222
f 222 221 224
f 222 224 223
f 223 224 226
f 223 226 225
f 225 226 228
f 225 228 227
f 227 228 230
f 227 230 229
f 229 230 231
f 229 231 217
f 217 231 237
f 217 237 232
f 232 237 238
f 232 238 233
f 233 238 234
f 233 234 216
f 216 234 236
f 216 236 235
f 235 236 215
f 235 215 213
f 213 219 222
f 213 222 223
f 213 223 225
f 213 225 227
f 213 227 229
f 213 229 217
f 213 217 232
f 213 232 233
f 213 233 216
f 213 216 235
f 231 234 238
f 231 238 237
f 221 220 215
f 221 215 236
f 221 236 234
f 221 234 239
f 221 239 240
f 221 240 224
f 234 231 230
f 234 230 228
f 234 228 226
f 234 226 224
f 234 224 240
f 234 240 231
f 214 216 217
f 214 217 218
f 234 216 214
f 234 214 239
f 231 217 216
f 231 216 234
f 240 218 217
f 240 217 231
f 214 218 240
f 214 240 239
f 239 234 231
f 239 231 240
f 241 243 247
f 241 247 246
f 246 247 249
f 246 249 244
f 244 249 251
f 244 251 250
f 250 251 253
f 250 253 252
f 252 253 254
f 252 254 248
f 248 254 256
f 248 256 255
f 255 256 258
f 255 258 257
f 257 258 260
f 257 260 259
f 259 260 261
f 259 261 262
f 262 261 264
f 262 264 263
f 263 264 266
f 263 266 265
f 265 266 243
f 265 243 241
f 241 246 244
f 241 244 250
f 241 250 252
f 241 252 248
f 241 248 255
f 241 255 257
f 241 257 259
f 241 259 262
f 241 262 263
f 241 263 265
f 249 247 243
f 249 243 266
f 249 266 264
f 249 264 267
f 249 254 253
f 249 253 251
f 264 261 260
f 264 260 258
f 264 258 256
f 264 256 254
f 264 254 253
f 264 254 268
f 264 268 267
f 244 242 245
f 244 245 248
f 267 242 244
f 267 244 249
f 268 245 242
f 268 242 267
f 248 245 268
f 248 268 254
f 244 248 254
f 244 254 249
f 249 267 268
f 249 268 254
f 269 272 271
f 269 271 270
f 270 274 269
f 270 275 274
f 271 276 275
f 271 275 270
f 271 277 276
f 272 277 271
f 269 274 277
f 269 277 272
f 274 272 269
f 274 270 271
f 274 271 272
f 274 277 276
f 274 276 275
f 285 282 279
f 285 279 286
f 278 280 281
f 278 281 283
f 278 283 284
f 284 279 278
f 284 286 279
f 283 286 284
f 283 285 286
f 283 282 285
f 281 282 283
f 281 279 282
f 278 279 281
f 278 281 282
f 278 282 279
f 279 284 283
f 279 283 281
f 279 286 282
f 287 288 293
f 287 288 292
f 287 292 291
f 287 291 290
f 287 290 289
f 289 290 288
f 289 288 287
f 290 294 288
f 290 295 294
f 291 295 290
f 291 296 295
f 291 297 296
f 292 297 291
f 292 294 297
f 288 294 292
f 296 297 295
f 297 294 295
f 298 303 304
f 298 303 302
f 298 302 301
f 298 301 300
f 298 300 299
f 299 305 298
f 299 306 305
f 299 307 306
f 300 307 299
f 300 308 307
f 303 308 300
f 302 303 300
f 302 300 301
f 302 308 303
f 298 308 303
f 298 305 308
f 306 308 305
f 306 307 308
f 309 312 313
f 309 312 311
f 309 311 310
f 310 314 309
f 310 315 314
f 311 316 315
f 311 315 310
f 311 317 316
f 312 317 311
f 309 314 317
f 309 317 312
f 317 309 310
f 317 310 311
f 317 316 315
f 317 315 314
f 318 321 320
f 318 320 319
f 319 323 318
f 319 324 323
f 320 325 324
f 320 324 319
f 320 326 325
f 321 326 320
f 318 323 326
f 318 326 321
f 325 323 324
f 325 326 323
f 323 321 318
f 323 319 320
f 323 320 321
f 327 332 333
f 327 332 331
f 327 331 330
f 327 330 329
f 327 329 328
f 328 335 334
f 328 334 327
f 328 336 335
f 329 336 328
f 330 336 329
f 330 337 336
f 330 338 337
f 331 338 330
f 331 335 338
f 332 335 331
f 327 335 332
f 327 334 335
f 337 338 336
f 338 335 336
f 335 332 329
f 329 335 336
f 339 342 344
f 339 342 343
f 339 343 341
f 339 341 340
f 343 342 341
f 340 345 339
f 340 346 345
f 340 347 346
f 341 347 340
f 341 348 347
f 342 348 341
f 339 348 342
f 339 345 348
f 346 348 345
f 346 347 348
f 342 339 345
f 342 345 348
f 349 353 352
f 349 352 351
f 349 351 350
f 350 354 349
f 350 355 354
f 351 356 355
f 351 355 350
f 351 357 356
f 352 357 351
f 349 354 357
f 349 357 352
f 357 354 350
f 357 350 351
f 354 357 356
f 357 356 355
f 357 355 354
f 356 354 355
f 358 359 363
f 358 359 362
f 358 362 361
f 358 361 360
f 360 359 358
f 360 364 359
f 360 365 364
f 361 366 365
f 361 365 360
f 361 367 366
f 362 367 361
f 359 364 367
f 359 367 362
f 367 364 365
f 366 367 365
f 364 362 359
f 362 364 367
f 368 373 374
f 368 373 372
f 368 372 371
f 368 371 370
f 368 370 369
f 369 375 368
f 369 376 375
f 370 377 376
f 370 376 369
f 371 377 370
f 371 378 377
f 372 379 378
f 372 378 371
f 373 378 372
f 368 375 378
f 368 378 373
f 376 378 375
f 376 377 378
f 378 373 370
f 370 378 377
f 380 383 384
f 380 383 382
f 380 382 381
f 381 385 380
f 381 386 385
f 381 387 386
f 382 387 381
f 382 388 387
f 383 388 382
f 380 388 383
f 380 385 388
f 386 388 385
f 387 388 386
f 388 380 381
f 388 381 382
f 382 381 386
f 382 386 387
f 389 392 391
f 389 391 390
f 390 394 389
f 390 395 394
f 391 396 395
f 391 395 390
f 391 397 396
f 392 397 391
f 389 394 397
f 389 397 392
f 394 392 389
f 394 390 391
f 394 391 392
f 394 397 396
f 394 396 395
f 398 403 404
f 398 403 402
f 398 402 401
f 398 401 400
f 398 400 399
f 403 405 398
f 400 405 403
f 399 400 403
f 399 403 398
f 400 406 405
f 401 406 400
f 401 407 406
f 401 408 407
f 402 408 401
f 402 405 408
f 403 405 402
f 407 405 406
f 408 405 407
f 409 414 415
f 409 414 413
f 409 413 412
f 409 412 411
f 409 411 410
f 413 414 411
f 413 411 412
f 410 416 409
f 410 417 416
f 410 418 417
f 411 418 410
f 411 419 418
f 414 419 411
f 409 419 414
f 409 416 419
f 417 418 416
f 418 419 416
f 420 424 423
f 420 423 422
f 420 422 421
f 421 425 420
f 421 426 425
f 422 427 426
f 422 426 421
f 422 428 427
f 423 428 422
f 420 425 428
f 420 428 423
f 428 420 421
f 421 426 427
f 428 421 422
f 422 421 427
f 425 428 427
f 428 427 426
f 428 426 425
f 429 432 431
f 429 431 430
f 430 434 429
f 430 435 434
f 431 436 435
f 431 435 430
f 431 437 436
f 432 437 431
f 429 434 437
f 429 437 432
f 436 434 435
f 437 434 436
f 434 432 429
f 434 430 431
f 434 431 432
f 438 443 444
f 438 443 442
f 438 442 441
f 438 441 440
f 438 440 439
f 439 445 438
f 439 446 445
f 440 446 439
f 441 446 440
f 441 447 446
f 441 448 447
f 442 448 441
f 442 449 448
f 443 449 442
f 438 449 443
f 438 445 449
f 446 449 445
f 447 449 446
f 448 449 447
f 449 443 440
f 440 449 446
f 450 455 454
f 450 454 453
f 450 453 452
f 450 452 451
f 453 456 450
f 453 457 456
f 454 457 453
f 454 458 457
f 454 459 458
f 455 459 454
f 455 456 459
f 450 456 455
f 458 456 457
f 459 456 458
f 456 453 454
f 456 454 455
f 455 454 458
f 455 458 459
f 460 467 466
f 460 466 465
f 460 465 464
f 460 464 463
f 460 463 462
f 460 462 461
f 463 461 462
f 464 461 463
f 460 461 466
f 464 468 461
f 464 469 468
f 465 469 464
f 465 470 469
f 465 471 470
f 466 471 465
f 466 468 471
f 461 468 466
f 470 468 469
f 471 468 470
f 472 478 477
f 472 477 476
f 472 476 475
f 472 475 473
f 472 473 474
f 476 473 475
f 477 473 476
f 472 480 479
f 473 480 472
f 475 480 473
f 477 480 473
f 477 481 480
f 478 481 477
f 478 482 481
f 478 479 482
f 472 479 478
f 482 479 481
f 479 480 481
f 483 488 487
f 483 487 486
f 483 486 485
f 483 485 484
f 486 490 489
f 486 489 483
f 487 490 486
f 487 491 490
f 488 492 491
f 488 491 487
f 488 489 492
f 483 489 488
f 489 490 491
f 492 489 491
f 490 487 483
f 483 490 489
f 490 483 486
f 493 498 497
f 493 497 496
f 493 496 495
f 493 495 494
f 496 500 499
f 496 499 493
f 497 500 496
f 497 501 500
f 498 502 501
f 498 501 497
f 498 499 502
f 493 499 498
f 501 499 500
f 502 499 501
f 493 496 500
f 493 500 499
f 503 509 508
f 503 508 507
f 503 507 506
f 503 506 504
f 503 504 505
f 503 511 510
f 504 511 503
f 506 511 504
f 506 512 511
f 507 512 506
f 507 513 512
f 507 514 513
f 508 514 507
f 508 511 514
f 503 511 508
f 513 511 512
f 514 511 513
f 511 504 508
f 515 521 520
f 515 520 517
f 515 517 519
f 515 517 518
f 515 518 516
f 516 517 515
f 518 517 516
f 515 523 522
f 517 523 515
f 520 523 517
f 520 524 523
f 521 524 520
f 521 525 524
f 521 522 525
f 515 522 521
f 525 522 524
f 522 523 524
f 517 515 522
f 517 522 523
f 526 531 530
f 526 530 529
f 526 529 528
f 526 528 527
f 529 533 532
f 529 532 526
f 530 533 529
f 530 534 533
f 531 535 534
f 531 534 530
f 531 532 535
f 526 532 531
f 535 532 533
f 535 533 534
f 533 530 531
f 532 533 531
f 533 532 526
f 533 526 529
f 533 534 532
f 536 537 542
f 536 542 541
f 536 541 539
f 536 539 540
f 536 540 538
f 536 538 537
f 540 539 538
f 539 537 538
f 539 544 543
f 539 543 537
f 541 544 539
f 541 545 544
f 542 546 545
f 542 545 541
f 542 543 546
f 537 543 542
f 545 546 544
f 546 543 544
f 537 539 544
f 537 544 543
f 547 553 552
f 547 552 551
f 547 551 550
f 547 550 548
f 547 548 549
f 548 555 554
f 548 554 547
f 550 555 548
f 550 556 555
f 552 555 550
f 551 552 550
f 552 557 555
f 553 558 557
f 553 557 552
f 553 554 558
f 547 554 553
f 558 555 557
f 554 555 558
f 555 548 552
f 559 564 563
f 559 563 562
f 559 562 561
f 559 561 560
f 559 566 565
f 562 566 559
f 563 566 562
f 563 567 566
f 564 567 563
f 564 568 567
f 564 565 568
f 559 565 564
f 568 566 567
f 568 565 566
f 562 559 565
f 562 565 566
f 569 574 573
f 569 573 572
f 569 572 571
f 569 571 570
f 571 572 570
f 572 576 575
f 572 575 569
f 572 569 570
f 573 576 572
f 573 577 576
f 574 578 577
f 574 577 573
f 574 575 578
f 569 575 574
f 578 575 576
f 577 578 576
f 575 572 574
f 574 572 576
f 574 576 575
f 579 585 584
f 579 584 583
f 579 583 582
f 579 582 581
f 579 581 580
f 582 580 581
f 585 580 584
f 579 580 585
f 580 586 579
f 582 586 580
f 582 587 586
f 583 587 582
f 583 588 587
f 583 589 588
f 584 589 583
f 584 586 589
f 580 586 584
f 588 589 587
f 589 586 587
f 590 597 595
f 590 595 596
f 590 596 594
f 590 594 591
f 590 591 593
f 590 593 592
f 592 591 590
f 593 591 592
f 596 595 594
f 595 591 594
f 590 599 598
f 591 599 590
f 595 599 591
f 595 600 599
f 597 600 595
f 597 601 600
f 597 598 601
f 590 598 597
f 601 599 600
f 598 599 601
f 602 607 606
f 602 606 605
f 602 605 604
f 602 604 603
f 605 609 608
f 605 608 602
f 606 609 605
f 606 610 609
f 607 611 610
f 607 610 606
f 607 608 611
f 602 608 607
f 611 609 610
f 611 608 609
f 609 606 607
f 607 610 608
f 609 607 602
f 602 608 609
f 609 602 605
f 609 608 610
f 612 617 616
f 612 616 615
f 612 615 614
f 612 614 613
f 614 615 613
f 615 612 613
f 615 619 618
f 615 618 612
f 616 619 615
f 616 620 619
f 617 621 620
f 617 620 616
f 617 618 621
f 612 618 617
f 620 618 619
f 621 618 620
f 612 615 619
f 612 619 618
f 622 628 627
f 622 627 626
f 622 626 625
f 622 625 623
f 622 623 624
f 622 630 629
f 623 630 622
f 625 630 623
f 625 631 630
f 626 630 631
f 626 631 625
f 626 632 630
f 627 632 626
f 628 630 632
f 628 632 627
f 622 630 628
f 630 623 627
f 627 630 632
f 633 636 635
f 633 635 634
f 634 638 637
f 634 637 633
f 635 638 634
f 635 639 638
f 636 640 639
f 636 639 635
f 636 637 640
f 633 637 636
f 637 640 639
f 635 639 640
f 637 635 636
f 636 635 640
f 633 636 640
f 633 640 637
f 637 634 635
f 637 639 638
f 637 638 640
f 641 646 645
f 641 645 644
f 641 644 643
f 641 643 642
f 643 648 647
f 643 647 646
f 642 643 646
f 642 646 641
f 644 648 643
f 644 649 648
f 645 650 649
f 645 649 644
f 645 647 650
f 646 647 645
f 649 647 648
f 650 647 649
f 651 656 655
f 651 655 654
f 651 654 653
f 651 653 652
f 652 658 657
f 652 657 651
f 652 659 658
f 653 659 652
f 654 659 653
f 655 660 659
f 655 659 654
f 656 660 655
f 651 660 656
f 651 657 660
f 658 659 660
f 658 660 657
f 653 659 660
f 660 653 656
f 661 664 663
f 661 663 662
f 662 666 665
f 662 665 661
f 663 667 666
f 663 666 662
f 664 668 667
f 664 667 663
f 661 665 668
f 661 668 664
f 665 668 667
f 663 667 668
f 668 663 664
f 668 661 662
f 668 662 663
f 668 667 666
f 668 666 665
f 669 672 671
f 669 671 670
f 670 674 673
f 670 673 669
f 671 675 674
f 671 674 670
f 672 676 675
f 672 675 671
f 669 673 676
f 669 676 672
f 673 676 675
f 671 675 676
f 673 671 672
f 672 671 676
f 673 672 669
f 673 670 671
f 673 675 674
f 674 673 676
f 677 682 681
f 677 681 680
f 677 680 679
f 677 679 678
f 678 684 683
f 678 683 677
f 678 685 684
f 679 685 678
f 680 685 679
f 680 686 685
f 681 687 686
f 681 686 680
f 681 688 687
f 682 688 681
f 677 688 682
f 677 683 688
f 684 685 688
f 684 688 683
f 686 688 685
f 687 688 686
f 679 685 688
f 688 679 682
f 689 693 694
f 689 694 692
f 689 692 691
f 689 691 690
f 694 693 691
f 694 691 692
f 690 696 695
f 690 695 689
f 690 697 696
f 691 697 690
f 693 698 697
f 693 697 691
f 689 698 693
f 689 695 698
f 696 698 695
f 696 697 698
f 691 697 698
f 698 691 693
f 698 689 690
f 698 690 691
f 691 690 696
f 691 696 697
f 699 702 701
f 699 701 700
f 700 704 703
f 700 703 699
f 701 705 704
f 701 704 700
f 702 706 705
f 702 705 701
f 699 703 706
f 699 706 702
f 703 706 705
f 701 705 706
f 706 701 702
f 706 703 700
f 706 700 701
f 706 705 704
f 706 704 703
f 707 712 711
f 707 711 710
f 707 710 709
f 707 709 708
f 708 714 713
f 708 713 707
f 709 715 714
f 709 714 708
f 710 715 709
f 710 716 715
f 711 717 716
f 711 716 710
f 711 718 717
f 712 718 711
f 707 713 718
f 707 718 712
f 714 718 713
f 714 715 718
f 717 718 715
f 717 715 716
f 709 715 718
f 718 709 712
f 719 722 721
f 719 721 720
f 720 724 723
f 720 723 719
f 720 725 724
f 721 725 720
f 722 726 725
f 722 725 721
f 719 726 722
f 719 723 726
f 721 725 726
f 726 721 722
f 726 719 720
f 726 720 721
f 721 720 724
f 721 724 725
f 726 725 724
f 726 724 723
f 726 723 725
f 727 730 729
f 727 729 728
f 728 732 731
f 728 731 727
f 729 733 732
f 729 732 728
f 730 734 733
f 730 733 729
f 727 731 734
f 727 734 730
f 731 734 733
f 729 733 734
f 731 729 730
f 730 729 734
f 731 730 727
f 731 728 729
f 731 733 732
f 731 732 734
f 735 740 739
f 735 739 738
f 735 738 737
f 735 737 736
f 736 742 741
f 736 741 735
f 737 742 736
f 738 742 737
f 738 743 742
f 739 744 743
f 739 743 738
f 739 741 744
f 740 741 739
f 735 741 740
f 744 741 742
f 744 742 743
f 737 742 741
f 741 737 740
f 745 750 749
f 745 749 748
f 745 748 747
f 745 747 746
f 746 752 751
f 746 751 745
f 746 753 752
f 747 753 746
f 750 754 753
f 750 753 747
f 749 750 747
f 749 747 748
f 745 754 750
f 745 751 754
f 753 754 751
f 752 753 751
f 747 753 754
f 754 747 750
f 755 758 757
f 755 757 756
f 756 760 759
f 756 759 755
f 757 761 760
f 757 760 756
f 758 762 761
f 758 761 757
f 755 759 762
f 755 762 758
f 759 762 761
f 757 761 762
f 762 757 758
f 762 755 756
f 756 760 761
f 762 756 757
f 757 756 761
f 762 761 760
f 762 760 759
f 763 766 765
f 763 765 764
f 764 768 767
f 764 767 763
f 765 769 768
f 765 768 764
f 766 770 769
f 766 769 765
f 763 767 770
f 763 770 766
f 767 770 769
f 765 769 770
f 767 765 766
f 766 765 770
f 767 766 763
f 767 764 765
f 767 769 768
f 768 767 770
f 771 776 775
f 771 775 774
f 771 774 773
f 771 773 772
f 772 778 777
f 772 777 771
f 772 779 778
f 773 779 772
f 774 779 773
f 774 780 779
f 775 781 780
f 775 780 774
f 775 782 781
f 776 782 775
f 771 782 776
f 771 777 782
f 778 779 782
f 778 782 777
f 780 782 779
f 781 782 780
f 773 779 782
f 782 773 776
f 783 788 787
f 783 787 786
f 783 786 785
f 783 785 784
f 784 789 783
f 784 790 789
f 785 790 784
f 785 791 790
f 785 792 791
f 786 792 785
f 787 792 786
f 787 793 792
f 787 794 793
f 788 794 787
f 788 789 794
f 783 789 788
f 791 792 789
f 791 789 790
f 794 789 792
f 794 792 793
f 789 786 783
f 783 786 792
f 783 792 789
f 786 789 792
f 795 796 801
f 795 801 800
f 795 800 799
f 795 799 798
f 795 798 797
f 795 797 796
f 797 802 796
f 797 803 802
f 798 802 797
f 799 804 802
f 799 802 798
f 800 804 799
f 800 805 804
f 801 805 800
f 801 802 805
f 796 802 801
f 805 802 804
f 802 796 799
f 806 812 811
f 806 811 810
f 806 810 809
f 806 809 808
f 806 808 807
f 811 809 810
f 806 814 813
f 808 814 806
f 808 815 814
f 809 814 808
f 810 814 809
f 811 814 809
f 811 816 814
f 812 814 816
f 812 816 811
f 806 814 812
f 817 822 821
f 817 821 820
f 817 820 819
f 817 819 818
f 818 823 817
f 818 824 823
f 819 825 824
f 819 824 818
f 819 826 825
f 820 826 819
f 821 826 820
f 821 827 826
f 822 828 827
f 822 827 821
f 822 823 828
f 817 823 822
f 824 826 823
f 825 826 824
f 828 823 826
f 828 826 827
f 826 820 817
f 817 826 823
f 820 817 823
f 820 823 826
f 829 834 833
f 829 833 832
f 829 832 831
f 829 831 830
f 830 835 829
f 830 836 835
f 831 837 836
f 831 836 830
f 831 838 837
f 832 838 831
f 833 838 832
f 833 839 838
f 834 840 839
f 834 839 833
f 834 835 840
f 829 835 834
f 837 835 836
f 837 838 835
f 839 840 838
f 840 835 838
f 835 832 829
f 829 832 838
f 829 838 835
f 832 835 838
f 841 848 847
f 841 847 846
f 841 846 845
f 841 845 844
f 841 844 843
f 843 842 841
f 844 842 843
f 845 842 844
f 848 842 847
f 841 842 848
f 841 850 849
f 842 850 841
f 843 850 842
f 843 851 850
f 845 850 842
f 845 852 850
f 847 850 845
f 847 845 846
f 847 853 850
f 842 850 847
f 854 860 859
f 854 859 857
f 854 857 858
f 854 857 856
f 854 856 855
f 855 861 854
f 855 862 861
f 856 863 862
f 856 862 855
f 857 862 856
f 859 862 857
f 859 864 862
f 860 864 859
f 860 865 864
f 860 861 865
f 854 861 860
f 865 861 862
f 865 862 864
f 862 857 854
f 854 862 861
f 857 854 861
f 857 861 862
f 866 871 870
f 866 870 869
f 866 869 868
f 866 868 867
f 867 872 866
f 867 873 872
f 868 874 873
f 868 873 867
f 868 875 874
f 869 875 868
f 870 875 869
f 870 876 875
f 871 877 876
f 871 876 870
f 871 872 877
f 866 872 871
f 874 875 872
f 874 872 873
f 877 872 875
f 877 875 876
f 875 869 866
f 866 875 872
f 869 866 872
f 869 872 875
f 878 879 884
f 878 884 883
f 878 883 882
f 878 882 881
f 878 881 880
f 878 880 879
f 880 885 879
f 880 886 885
f 881 887 886
f 881 886 880
f 882 887 881
f 883 887 882
f 883 888 887
f 884 889 888
f 884 888 883
f 884 885 889
f 879 885 884
f 887 885 886
f 888 885 887
f 889 885 888
f 885 882 879
f 879 882 887
f 879 887 885
f 882 885 887
f 890 897 896
f 890 896 895
f 890 895 894
f 890 894 893
f 890 893 891
f 891 892 890
f 893 892 891
f 894 892 893
f 896 894 895
f 896 892 894
f 892 899 898
f 892 898 890
f 893 899 892
f 893 900 899
f 894 899 892
f 894 901 899
f 896 899 892
f 896 902 899
f 897 892 896
f 890 898 899
f 890 899 892
f 890 892 897
f 903 908 907
f 903 907 906
f 903 906 905
f 903 905 904
f 904 909 903
f 904 910 909
f 904 911 910
f 905 911 904
f 905 912 911
f 906 912 905
f 907 912 906
f 907 913 912
f 908 913 907
f 908 914 913
f 908 909 914
f 903 909 908
f 911 912 909
f 911 909 910
f 914 909 913
f 909 912 913
f 912 906 903
f 903 912 909
f 906 903 909
f 906 909 912
f 915 920 919
f 915 919 918
f 915 918 917
f 915 917 916
f 916 921 915
f 916 922 921
f 917 923 922
f 917 922 916
f 917 924 923
f 918 924 917
f 919 924 918
f 919 925 924
f 920 926 925
f 920 925 919
f 920 921 926
f 915 921 920
f 923 921 922
f 923 924 921
f 926 921 924
f 926 924 925
f 921 918 915
f 915 918 924
f 915 924 921
f 918 921 924
f 927 933 932
f 927 932 931
f 927 931 930
f 927 930 929
f 927 929 928
f 930 931 929
f 927 928 933
f 928 934 927
f 929 934 928
f 929 935 934
f 931 934 929
f 931 936 934
f 932 934 936
f 932 936 931
f 933 937 934
f 933 934 932
f 928 934 933
f 938 944 943
f 938 943 941
f 938 941 942
f 938 941 940
f 938 940 939
f 939 946 945
f 939 945 938
f 940 946 939
f 940 947 946
f 941 946 940
f 943 946 941
f 943 948 946
f 944 948 943
f 944 945 948
f 938 945 944
f 945 946 948
f 946 941 938
f 949 954 953
f 949 953 952
f 949 952 951
f 949 951 950
f 950 955 949
f 950 956 955
f 951 957 956
f 951 956 950
f 951 958 957
f 952 958 951
f 953 958 952
f 953 959 958
f 954 960 959
f 954 959 953
f 954 955 960
f 949 955 954
f 957 958 955
f 957 955 956
f 960 955 958
f 960 958 959
f 958 952 949
f 949 958 955
f 961 966 965
f 961 965 964
f 961 964 963
f 961 963 962
f 962 967 961
f 962 968 967
f 963 969 968
f 963 968 962
f 963 970 969
f 964 970 963
f 965 970 964
f 965 971 970
f 966 972 971
f 966 971 965
f 966 967 972
f 961 967 966
f 969 967 968
f 970 967 969
f 971 967 970
f 972 967 971
f 967 964 961
f 961 964 970
f 961 970 967
f 964 967 970
f 973 981 980
f 973 980 979
f 973 979 977
f 973 977 978
f 973 978 976
f 973 976 975
f 975 974 973
f 976 974 975
f 978 977 976
f 977 974 976
f 979 980 977
f 973 983 982
f 974 983 973
f 976 983 974
f 976 984 983
f 977 983 974
f 977 985 983
f 980 974 977
f 980 983 974
f 980 986 983
f 973 974 980
f 987 988 990
f 987 990 989
f 987 992 991
f 987 991 988
f 989 992 987
f 989 993 992
f 990 994 993
f 990 993 989
f 990 991 994
f 988 991 990
f 992 993 991
f 992 989 990
f 992 990 988
f 988 990 994
f 988 994 991
f 992 988 987
f 991 992 994
f 994 992 993
f 995 996 1000
f 995 1000 999
f 995 999 998
f 995 998 997
f 995 997 1000
f 997 1002 1001
f 997 1001 1000
f 998 1002 997
f 998 1003 1002
f 999 1004 1003
f 999 1003 998
f 999 1001 1004
f 1000 1001 999
f 1004 1001 1002
f 1004 1002 1003
f 1002 998 1000
f 1000 1002 1001
f 1002 1000 997
f 1005 1006 1010
f 1005 1010 1009
f 1005 1009 1008
f 1005 1008 1007
f 1005 1012 1011
f 1005 1011 1006
f 1005 1013 1012
f 1007 1013 1005
f 1008 1013 1007
f 1009 1014 1013
f 1009 1013 1008
f 1010 1014 1009
f 1006 1014 1010
f 1006 1011 1014
f 1012 1013 1014
f 1012 1014 1011
f 1013 1007 1010
f 1010 1013 1014
f 1007 1010 1014
f 1007 1014 1013
f 1015 1016 1018
f 1015 1018 1017
f 1015 1020 1019
f 1015 1019 1016
f 1017 1021 1020
f 1017 1020 1015
f 1018 1022 1021
f 1018 1021 1017
f 1016 1019 1022
f 1016 1022 1018
f 1020 1021 1019
f 1021 1018 1016
f 1021 1016 1015
f 1021 1015 1017
f 1019 1021 1022
f 1022 1021 1020
f 1023 1024 1026
f 1023 1026 1025
f 1023 1028 1027
f 1023 1027 1024
f 1025 1029 1028
f 1025 1028 1023
f 1026 1030 1029
f 1026 1029 1025
f 1024 1027 1030
f 1024 1030 1026
f 1028 1029 1027
f 1028 1025 1026
f 1028 1026 1024
f 1028 1024 1023
f 1027 1028 1030
f 1028 1029 1030
f 1031 1032 1036
f 1031 1036 1035
f 1031 1035 1034
f 1031 1034 1033
f 1031 1038 1037
f 1031 1037 1032
f 1031 1039 1038
f 1033 1039 1031
f 1034 1039 1033
f 1034 1040 1039
f 1035 1041 1040
f 1035 1040 1034
f 1035 1042 1041
f 1036 1042 1035
f 1032 1042 1036
f 1032 1037 1042
f 1038 1039 1042
f 1038 1042 1037
f 1041 1039 1040
f 1041 1042 1039
f 1039 1033 1036
f 1036 1039 1042
f 1033 1036 1042
f 1033 1042 1039
f 1043 1044 1047
f 1043 1047 1048
f 1043 1048 1046
f 1043 1046 1045
f 1048 1047 1045
f 1048 1045 1046
f 1043 1050 1049
f 1043 1049 1044
f 1043 1051 1050
f 1045 1051 1043
f 1047 1052 1051
f 1047 1051 1045
f 1044 1052 1047
f 1044 1049 1052
f 1051 1047 1044
f 1051 1044 1043
f 1045 1043 1050
f 1045 1050 1051
f 1052 1051 1050
f 1051 1050 1049
f 1051 1049 1052
f 1050 1052 1049
f 1053 1054 1056
f 1053 1056 1055
f 1053 1058 1057
f 1053 1057 1054
f 1055 1059 1058
f 1055 1058 1053
f 1056 1060 1059
f 1056 1059 1055
f 1054 1057 1060
f 1054 1060 1056
f 1058 1059 1057
f 1059 1056 1054
f 1058 1059 1054
f 1058 1054 1053
f 1059 1058 1053
f 1059 1053 1055
f 1057 1059 1060
f 1060 1059 1058
f 1061 1063 1064
f 1061 1064 1062
f 1061 1064 1066
f 1061 1066 1065
f 1061 1065 1063
f 1063 1068 1067
f 1063 1067 1064
f 1065 1069 1068
f 1065 1068 1063
f 1066 1070 1069
f 1066 1069 1065
f 1064 1067 1070
f 1064 1070 1066
f 1068 1069 1067
f 1068 1065 1066
f 1068 1066 1064
f 1068 1064 1063
f 1070 1067 1068
f 1070 1068 1069
f 1071 1072 1076
f 1071 1076 1075
f 1071 1075 1074
f 1071 1074 1073
f 1071 1078 1077
f 1071 1077 1072
f 1073 1079 1078
f 1073 1078 1071
f 1074 1079 1073
f 1074 1080 1079
f 1075 1081 1080
f 1075 1080 1074
f 1075 1082 1081
f 1076 1082 1075
f 1072 1077 1082
f 1072 1082 1076
f 1077 1079 1082
f 1078 1079 1077
f 1081 1082 1079
f 1081 1079 1080
f 1079 1073 1076
f 1076 1079 1082
f 1073 1076 1082
f 1073 1082 1079
f 1083 1084 1086
f 1083 1086 1085
f 1083 1088 1087
f 1083 1087 1084
f 1083 1089 1088
f 1085 1089 1083
f 1086 1090 1089
f 1086 1089 1085
f 1084 1090 1086
f 1084 1087 1090
f 1089 1090 1087
f 1089 1086 1084
f 1089 1084 1083
f 1085 1083 1088
f 1085 1088 1089
f 1090 1089 1088
f 1089 1088 1087
f 1091 1092 1094
f 1091 1094 1093
f 1091 1096 1095
f 1091 1095 1092
f 1093 1097 1096
f 1093 1096 1091
f 1094 1098 1097
f 1094 1097 1093
f 1092 1095 1098
f 1092 1098 1094
f 1096 1097 1095
f 1096 1093 1094
f 1096 1094 1092
f 1096 1092 1091
f 1095 1096 1098
f 1098 1096 1097
f 1099 1100 1104
f 1099 1104 1103
f 1099 1103 1102
f 1099 1102 1101
f 1099 1106 1105
f 1099 1105 1100
f 1101 1106 1099
f 1102 1106 1101
f 1102 1107 1106
f 1103 1108 1107
f 1103 1107 1102
f 1103 1105 1108
f 1104 1105 1103
f 1100 1105 1104
f 1108 1105 1106
f 1108 1106 1107
f 1106 1101 1104
f 1104 1106 1105
f 1101 1104 1105
f 1101 1105 1106
f 1109 1110 1114
f 1109 1114 1113
f 1109 1113 1112
f 1109 1112 1111
f 1109 1116 1115
f 1109 1115 1110
f 1109 1117 1116
f 1111 1117 1109
f 1114 1118 1117
f 1114 1117 1111
f 1113 1114 1111
f 1113 1111 1112
f 1110 1118 1114
f 1110 1115 1118
f 1116 1117 1118
f 1116 1118 1115
f 1111 1114 1118
f 1111 1118 1117
f 1119 1120 1122
f 1119 1122 1121
f 1119 1124 1123
f 1119 1123 1120
f 1121 1125 1124
f 1121 1124 1119
f 1122 1126 1125
f 1122 1125 1121
f 1120 1123 1126
f 1120 1126 1122
f 1124 1125 1123
f 1125 1122 1120
f 1125 1120 1119
f 1119 1124 1125
f 1125 1119 1121
f 1123 1125 1126
f 1126 1125 1124
f 1127 1128 1130
f 1127 1130 1129
f 1127 1132 1131
f 1127 1131 1128
f 1129 1133 1132
f 1129 1132 1127
f 1130 1134 1133
f 1130 1133 1129
f 1128 1131 1134
f 1128 1134 1130
f 1132 1133 1131
f 1132 1129 1130
f 1132 1130 1128
f 1132 1128 1127
f 1131 1132 1134
f 1132 1133 1134
f 1135 1136 1140
f 1135 1140 1139
f 1135 1139 1138
f 1135 1138 1137
f 1135 1142 1141
f 1135 1141 1136
f 1135 1143 1142
f 1137 1143 1135
f 1138 1143 1137
f 1138 1144 1143
f 1139 1145 1144
f 1139 1144 1138
f 1139 1146 1145
f 1140 1146 1139
f 1136 1146 1140
f 1136 1141 1146
f 1142 1143 1146
f 1142 1146 1141
f 1145 1143 1144
f 1145 1146 1143
f 1143 1137 1140
f 1140 1143 1146
f 1137 1140 1146
f 1137 1146 1143
f 1147 1152 1151
f 1147 1151 1150
f 1147 1150 1149
f 1147 1149 1148
f 1148 1153 1147
f 1148 1154 1153
f 1149 1155 1154
f 1149 1154 1148
f 1149 1156 1155
f 1150 1156 1149
f 1151 1156 1150
f 1152 1153 1156
f 1152 1156 1151
f 1147 1153 1152
f 1155 1156 1153
f 1155 1153 1154
f 1153 1150 1147
f 1147 1150 1156
f 1147 1156 1153
f 1150 1153 1156
f 1157 1158 1163
f 1157 1163 1162
f 1157 1162 1161
f 1157 1161 1160
f 1157 1160 1159
f 1159 1158 1157
f 1162 1163 1161
f 1163 1158 1161
f 1159 1164 1158
f 1159 1165 1164
f 1160 1165 1159
f 1160 1166 1165
f 1160 1167 1166
f 1161 1167 1160
f 1161 1164 1167
f 1158 1164 1161
f 1163 1164 1158
f 1166 1167 1165
f 1167 1164 1165
f 1168 1175 1174
f 1168 1174 1172
f 1168 1172 1173
f 1168 1173 1171
f 1168 1171 1170
f 1168 1170 1169
f 1173 1170 1171
f 1173 1172 1170
f 1169 1176 1168
f 1169 1177 1176
f 1169 1178 1177
f 1170 1178 1169
f 1170 1179 1178
f 1172 1179 1170
f 1173 1179 1172
f 1174 1179 1172
f 1168 1179 1172
f 1168 1176 1179
f 1177 1179 1176
f 1178 1179 1177
f 1180 1185 1184
f 1180 1184 1183
f 1180 1183 1182
f 1180 1182 1181
f 1181 1186 1180
f 1181 1187 1186
f 1182 1188 1187
f 1182 1187 1181
f 1182 1189 1188
f 1183 1189 1182
f 1184 1189 1183
f 1185 1186 1189
f 1185 1189 1184
f 1180 1186 1185
f 1187 1189 1186
f 1188 1189 1187
f 1189 1183 1180
f 1180 1189 1186
f 1183 1180 1186
f 1183 1186 1189
f 1190 1195 1194
f 1190 1194 1193
f 1190 1193 1192
f 1190 1192 1191
f 1191 1196 1190
f 1191 1197 1196
f 1192 1198 1197
f 1192 1197 1191
f 1192 1199 1198
f 1193 1199 1192
f 1195 1196 1199
f 1195 1199 1193
f 1195 1193 1194
f 1190 1196 1195
f 1198 1199 1197
f 1199 1196 1197
f 1196 1193 1190
f 1190 1193 1199
f 1190 1199 1196
f 1193 1196 1199
f 1200 1205 1206
f 1200 1206 1204
f 1200 1204 1203
f 1200 1203 1202
f 1200 1202 1201
f 1206 1205 1204
f 1200 1208 1207
f 1205 1208 1200
f 1202 1208 1205
f 1202 1205 1200
f 1202 1209 1208
f 1203 1209 1202
f 1203 1210 1209
f 1204 1210 1203
f 1204 1208 1210
f 1205 1208 1204
f 1206 1208 1205
f 1210 1208 1209
f 1211 1217 1216
f 1211 1216 1214
f 1211 1214 1215
f 1211 1214 1213
f 1211 1213 1212
f 1212 1218 1211
f 1212 1219 1218
f 1212 1220 1219
f 1213 1220 1212
f 1213 1221 1220
f 1214 1221 1213
f 1216 1221 1214
f 1211 1221 1214
f 1211 1218 1221
f 1219 1221 1218
f 1220 1221 1219
f 1214 1211 1218
f 1214 1218 1221
f 1222 1227 1226
f 1222 1226 1225
f 1222 1225 1224
f 1222 1224 1223
f 1223 1228 1222
f 1223 1229 1228
f 1224 1230 1229
f 1224 1229 1223
f 1224 1231 1230
f 1225 1231 1224
f 1226 1231 1225
f 1227 1228 1231
f 1227 1231 1226
f 1222 1228 1227
f 1230 1231 1228
f 1230 1228 1229
f 1231 1225 1222
f 1222 1231 1228
f 1225 1222 1228
f 1225 1228 1231
f 1232 1233 1238
f 1232 1238 1237
f 1232 1237 1236
f 1232 1236 1235
f 1232 1235 1234
f 1232 1234 1233
f 1237 1238 1236
f 1234 1239 1233
f 1234 1240 1239
f 1235 1241 1240
f 1235 1240 1234
f 1235 1242 1241
f 1236 1242 1235
f 1233 1239 1242
f 1233 1242 1236
f 1238 1233 1236
f 1238 1239 1233
f 1241 1239 1240
f 1242 1239 1241
f 1239 1236 1233
f 1236 1239 1242
f 1243 1249 1248
f 1243 1248 1247
f 1243 1247 1246
f 1243 1246 1245
f 1243 1245 1244
f 1246 1247 1245
f 1244 1250 1243
f 1245 1251 1250
f 1245 1250 1244
f 1245 1252 1251
f 1248 1252 1245
f 1247 1248 1245
f 1247 1252 1248
f 1247 1253 1252
f 1249 1252 1248
f 1243 1250 1252
f 1243 1252 1248
f 1251 1252 1250
f 1254 1259 1258
f 1254 1258 1257
f 1254 1257 1256
f 1254 1256 1255
f 1255 1260 1254
f 1255 1261 1260
f 1255 1262 1261
f 1256 1262 1255
f 1256 1263 1262
f 1257 1263 1256
f 1258 1263 1257
f 1254 1263 1258
f 1254 1260 1263
f 1261 1262 1260
f 1262 1263 1260
f 1263 1257 1254
f 1257 1254 1260
f 1257 1260 1263
f 1264 1269 1268
f 1264 1268 1267
f 1264 1267 1266
f 1264 1266 1265
f 1265 1270 1264
f 1265 1271 1270
f 1266 1272 1271
f 1266 1271 1265
f 1266 1273 1272
f 1267 1273 1266
f 1268 1273 1267
f 1269 1270 1273
f 1269 1273 1268
f 1264 1270 1269
f 1272 1270 1271
f 1272 1273 1270
f 1270 1267 1264
f 1264 1267 1273
f 1264 1273 1270
f 1267 1270 1273
f 1274 1275 1281
f 1274 1281 1280
f 1274 1280 1279
f 1274 1279 1278
f 1274 1278 1276
f 1274 1276 1277
f 1276 1275 1274
f 1281 1279 1280
f 1281 1275 1279
f 1275 1282 1274
f 1276 1282 1275
f 1276 1283 1282
f 1278 1283 1276
f 1278 1284 1283
f 1278 1285 1284
f 1279 1285 1278
f 1279 1282 1285
f 1275 1282 1279
f 1281 1282 1275
f 1284 1282 1283
f 1285 1282 1284
f 1286 1292 1291
f 1286 1291 1289
f 1286 1289 1290
f 1286 1290 1288
f 1286 1288 1287
f 1290 1289 1288
f 1287 1293 1286
f 1287 1294 1293
f 1287 1295 1294
f 1288 1295 1287
f 1288 1296 1295
f 1289 1296 1288
f 1291 1296 1289
f 1286 1296 1289
f 1286 1293 1296
f 1294 1295 1293
f 1295 1296 1293
f 1297 1302 1301
f 1297 1301 1300
f 1297 1300 1299
f 1297 1299 1298
f 1298 1303 1297
f 1298 1304 1303
f 1299 1305 1304
f 1299 1304 1298
f 1299 1306 1305
f 1300 1306 1299
f 1301 1306 1300
f 1302 1303 1306
f 1302 1306 1301
f 1297 1303 1302
f 1305 1306 1303
f 1305 1303 1304
f 1306 1300 1297
f 1297 1306 1303
f 1307 1312 1311
f 1307 1311 1310
f 1307 1310 1309
f 1307 1309 1308
f 1308 1313 1307
f 1308 1314 1313
f 1309 1315 1314
f 1309 1314 1308
f 1309 1316 1315
f 1310 1316 1309
f 1307 1313 1316
f 1307 1316 1310
f 1312 1307 1310
f 1312 1310 1311
f 1312 1313 1307
f 1315 1313 1314
f 1315 1316 1313
f 1313 1310 1307
f 1310 1313 1316
f 1317 1322 1323
f 1317 1322 1321
f 1317 1321 1320
f 1317 1320 1319
f 1317 1319 1318
f 1317 1325 1324
f 1319 1325 1317
f 1319 1326 1325
f 1320 1325 1326
f 1320 1326 1319
f 1321 1325 1320
f 1321 1327 1325
f 1322 1325 1321
f 1323 1325 1322
f 1317 1325 1322
f 1328 1331 1330
f 1328 1330 1329
f 1329 1333 1332
f 1329 1332 1328
f 1330 1334 1333
f 1330 1333 1329
f 1331 1335 1334
f 1331 1334 1330
f 1328 1332 1335
f 1328 1335 1331
f 1332 1329 1330
f 1332 1330 1331
f 1332 1331 1328
f 1332 1334 1335
f 1332 1333 1334
f 1333 1332 1335
f 1336 1341 1340
f 1336 1340 1339
f 1336 1339 1338
f 1336 1338 1337
f 1336 1337 1340
f 1338 1342 1337
f 1338 1343 1342
f 1339 1344 1343
f 1339 1343 1338
f 1339 1345 1344
f 1340 1345 1339
f 1337 1342 1345
f 1337 1345 1340
f 1344 1342 1343
f 1344 1345 1342
f 1342 1337 1340
f 1340 1342 1345
f 1346 1351 1350
f 1346 1350 1349
f 1346 1349 1348
f 1346 1348 1347
f 1346 1353 1352
f 1347 1353 1346
f 1348 1353 1347
f 1349 1347 1348
f 1350 1354 1353
f 1350 1353 1347
f 1349 1350 1347
f 1351 1354 1350
f 1351 1355 1354
f 1346 1352 1355
f 1346 1355 1351
f 1355 1352 1354
f 1352 1353 1354
f 1347 1350 1354
f 1347 1354 1353
f 1356 1359 1358
f 1356 1358 1357
f 1357 1361 1360
f 1357 1360 1356
f 1358 1362 1361
f 1358 1361 1357
f 1359 1363 1362
f 1359 1362 1358
f 1356 1360 1363
f 1356 1363 1359
f 1361 1358 1359
f 1361 1359 1356
f 1361 1356 1357
f 1361 1363 1360
f 1361 1362 1363
f 1361 1362 1360
f 1364 1369 1368
f 1364 1368 1367
f 1364 1367 1366
f 1364 1366 1365
f 1364 1371 1370
f 1365 1371 1364
f 1366 1371 1365
f 1366 1372 1371
f 1367 1373 1372
f 1367 1372 1366
f 1367 1374 1373
f 1368 1374 1367
f 1369 1374 1368
f 1364 1370 1374
f 1364 1374 1369
f 1370 1371 1374
f 1373 1371 1372
f 1373 1374 1371
f 1371 1365 1368
f 1368 1371 1374
f 1365 1368 1374
f 1365 1374 1371
f 1375 1380 1378
f 1375 1378 1379
f 1375 1379 1377
f 1375 1377 1376
f 1379 1378 1376
f 1379 1376 1377
f 1375 1382 1381
f 1376 1382 1375
f 1378 1383 1382
f 1378 1382 1376
f 1380 1383 1378
f 1380 1384 1383
f 1375 1381 1384
f 1375 1384 1380
f 1384 1382 1383
f 1381 1382 1384
f 1382 1378 1380
f 1382 1380 1375
f 1376 1375 1381
f 1376 1381 1382
f 1385 1388 1387
f 1385 1387 1386
f 1386 1390 1389
f 1386 1389 1385
f 1387 1391 1390
f 1387 1390 1386
f 1388 1392 1391
f 1388 1391 1387
f 1385 1389 1392
f 1385 1392 1388
f 1390 1387 1388
f 1389 1390 1388
f 1389 1388 1385
f 1390 1389 1385
f 1390 1385 1386
f 1389 1390 1391
f 1389 1391 1392
f 1390 1389 1392
f 1390 1392 1391
f 1393 1398 1397
f 1393 1397 1396
f 1393 1396 1395
f 1393 1395 1394
f 1394 1400 1399
f 1394 1399 1393
f 1395 1400 1394
f 1395 1401 1400
f 1396 1402 1401
f 1396 1401 1395
f 1397 1402 1396
f 1398 1403 1402
f 1398 1402 1397
f 1393 1399 1403
f 1393 1403 1398
f 1402 1400 1401
f 1403 1400 1402
f 1399 1400 1403
f 1400 1394 1397
f 1397 1400 1402
f 1394 1397 1402
f 1394 1402 1400
f 1404 1407 1406
f 1404 1406 1405
f 1404 1409 1408
f 1405 1409 1404
f 1406 1410 1409
f 1406 1409 1405
f 1407 1410 1406
f 1407 1411 1410
f 1404 1408 1411
f 1404 1411 1407
f 1409 1406 1407
f 1409 1407 1404
f 1405 1404 1408
f 1405 1408 1409
f 1408 1409 1411
f 1411 1409 1410
f 1412 1415 1414
f 1412 1414 1413
f 1413 1417 1416
f 1413 1416 1412
f 1414 1418 1417
f 1414 1417 1413
f 1415 1419 1418
f 1415 1418 1414
f 1412 1416 1419
f 1412 1419 1415
f 1416 1413 1414
f 1416 1414 1415
f 1416 1415 1412
f 1416 1418 1419
f 1416 1417 1418
f 1417 1416 1419
f 1420 1425 1424
f 1420 1424 1423
f 1420 1423 1422
f 1420 1422 1421
f 1423 1424 1422
f 1420 1427 1426
f 1421 1427 1420
f 1424 1421 1422
f 1424 1428 1427
f 1424 1427 1421
f 1425 1428 1424
f 1425 1429 1428
f 1420 1426 1429
f 1420 1429 1425
f 1426 1427 1429
f 1429 1427 1428
f 1421 1424 1428
f 1421 1428 1427
f 1430 1433 1432
f 1430 1432 1431
f 1431 1435 1434
f 1431 1434 1430
f 1432 1436 1435
f 1432 1435 1431
f 1433 1437 1436
f 1433 1436 1432
f 1430 1434 1437
f 1430 1437 1433
f 1435 1432 1433
f 1435 1433 1430
f 1430 1434 1435
f 1435 1430 1431
f 1434 1435 1437
f 1435 1436 1437
f 1435 1436 1434
f 1438 1441 1440
f 1438 1440 1439
f 1439 1443 1442
f 1439 1442 1438
f 1440 1444 1443
f 1440 1443 1439
f 1441 1445 1444
f 1441 1444 1440
f 1438 1442 1445
f 1438 1445 1441
f 1444 1445 1443
f 1442 1439 1440
f 1442 1440 1441
f 1442 1441 1438
f 1445 1442 1443
f 1442 1445 1444
f 1442 1444 1443
f 1446 1451 1450
f 1446 1450 1449
f 1446 1449 1448
f 1446 1448 1447
f 1446 1453 1452
f 1447 1453 1446
f 1448 1453 1447
f 1448 1454 1453
f 1449 1455 1454
f 1449 1454 1448
f 1449 1456 1455
f 1450 1456 1449
f 1451 1456 1450
f 1451 1457 1456
f 1446 1452 1457
f 1446 1457 1451
f 1452 1453 1456
f 1452 1456 1457
f 1455 1456 1454
f 1456 1453 1454
f 1453 1447 1450
f 1450 1453 1456
f 1447 1450 1456
f 1447 1456 1453
f 1458 1462 1461
f 1458 1461 1460
f 1458 1460 1459
f 1459 1463 1458
f 1459 1464 1463
f 1460 1465 1464
f 1460 1464 1459
f 1460 1466 1465
f 1461 1466 1460
f 1458 1463 1466
f 1458 1466 1461
f 1463 1461 1458
f 1463 1459 1460
f 1463 1460 1461
f 1463 1466 1465
f 1463 1465 1464
f 1463 1464 1466
f 1467 1468 1473
f 1467 1468 1472
f 1467 1472 1471
f 1467 1471 1470
f 1467 1470 1469
f 1469 1470 1468
f 1469 1468 1467
f 1470 1474 1468
f 1470 1475 1474
f 1471 1475 1470
f 1471 1476 1475
f 1471 1477 1476
f 1472 1477 1471
f 1472 1474 1477
f 1468 1474 1472
f 1476 1477 1475
f 1477 1474 1475
f 1478 1483 1484
f 1478 1483 1482
f 1478 1482 1481
f 1478 1481 1480
f 1478 1480 1479
f 1479 1485 1478
f 1479 1486 1485
f 1479 1487 1486
f 1480 1487 1479
f 1480 1488 1487
f 1483 1488 1480
f 1482 1483 1480
f 1482 1480 1481
f 1482 1488 1483
f 1478 1488 1483
f 1478 1485 1488
f 1486 1488 1485
f 1486 1487 1488
f 1489 1492 1493
f 1489 1492 1491
f 1489 1491 1490
f 1490 1494 1489
f 1490 1495 1494
f 1491 1496 1495
f 1491 1495 1490
f 1491 1497 1496
f 1492 1497 1491
f 1489 1494 1497
f 1489 1497 1492
f 1497 1489 1490
f 1497 1490 1491
f 1497 1496 1495
f 1497 1495 1494
f 1498 1501 1500
f 1498 1500 1499
f 1499 1503 1498
f 1499 1504 1503
f 1500 1505 1504
f 1500 1504 1499
f 1500 1506 1505
f 1501 1506 1500
f 1498 1503 1506
f 1498 1506 1501
f 1505 1503 1504
f 1505 1506 1503
f 1503 1501 1498
f 1503 1499 1500
f 1503 1500 1501
f 1507 1512 1513
f 1507 1512 1511
f 1507 1511 1510
f 1507 1510 1509
f 1507 1509 1508
f 1508 1515 1514
f 1508 1514 1507
f 1508 1516 1515
f 1509 1516 1508
f 1510 1516 1509
f 1510 1517 1516
f 1510 1518 1517
f 1511 1518 1510
f 1511 1515 1518
f 1512 1515 1511
f 1507 1515 1512
f 1507 1514 1515
f 1517 1518 1516
f 1518 1515 1516
f 1515 1512 1509
f 1509 1515 1516
f 1519 1522 1524
f 1519 1522 1523
f 1519 1523 1521
f 1519 1521 1520
f 1523 1522 1521
f 1520 1525 1519
f 1520 1526 1525
f 1520 1527 1526
f 1521 1527 1520
f 1521 1528 1527
f 1522 1528 1521
f 1519 1528 1522
f 1519 1525 1528
f 1526 1528 1525
f 1526 1527 1528
f 1522 1519 1525
f 1522 1525 1528
f 1529 1533 1532
f 1529 1532 1531
f 1529 1531 1530
f 1530 1534 1529
f 1530 1535 1534
f 1531 1536 1535
f 1531 1535 1530
f 1531 1537 1536
f 1532 1537 1531
f 1529 1534 1537
f 1529 1537 1532
f 1537 1534 1530
f 1537 1530 1531
f 1534 1537 1536
f 1537 1536 1535
f 1537 1535 1534
f 1536 1534 1535
f 1538 1539 1543
f 1538 1539 1542
f 1538 1542 1541
f 1538 1541 1540
f 1540 1539 1538
f 1540 1544 1539
f 1540 1545 1544
f 1541 1546 1545
f 1541 1545 1540
f 1541 1547 1546
f 1542 1547 1541
f 1539 1544 1547
f 1539 1547 1542
f 1547 1544 1545
f 1546 1547 1545
f 1544 1542 1539
f 1542 1544 1547
f 1548 1553 1554
f 1548 1553 1552
f 1548 1552 1551
f 1548 1551 1550
f 1548 1550 1549
f 1549 1555 1548
f 1549 1556 1555
f 1550 1557 1556
f 1550 1556 1549
f 1551 1557 1550
f 1551 1558 1557
f 1552 1559 1558
f 1552 1558 1551
f 1553 1558 1552
f 1548 1555 1558
f 1548 1558 1553
f 1556 1558 1555
f 1556 1557 1558
f 1558 1553 1550
f 1550 1558 1557
f 1560 1563 1564
f 1560 1563 1562
f 1560 1562 1561
f 1561 1565 1560
f 1561 1566 1565
f 1561 1567 1566
f 1562 1567 1561
f 1562 1568 1567
f 1563 1568 1562
f 1560 1568 1563
f 1560 1565 1568
f 1566 1568 1565
f 1567 1568 1566
f 1568 1560 1561
f 1568 1561 1562
f 1562 1561 1566
f 1562 1566 1567
f 1569 1574 1575
f 1569 1574 1573
f 1569 1573 1572
f 1569 1572 1571
f 1569 1571 1570
f 1574 1576 1569
f 1571 1576 1574
f 1570 1571 1574
f 1570 1574 1569
f 1571 1577 1576
f 1572 1577 1571
f 1572 1578 1577
f 1572 1579 1578
f 1573 1579 1572
f 1573 1576 1579
f 1574 1576 1573
f 1578 1576 1577
f 1579 1576 1578
f 1580 1585 1586
f 1580 1585 1584
f 1580 1584 1583
f 1580 1583 1582
f 1580 1582 1581
f 1584 1585 1582
f 1584 1582 1583
f 1581 1587 1580
f 1581 1588 1587
f 1581 1589 1588
f 1582 1589 1581
f 1582 1590 1589
f 1585 1590 1582
f 1580 1590 1585
f 1580 1587 1590
f 1588 1589 1587
f 1589 1590 1587
f 1591 1595 1594
f 1591 1594 1593
f 1591 1593 1592
f 1592 1596 1591
f 1592 1597 1596
f 1593 1598 1597
f 1593 1597 1592
f 1593 1599 1598
f 1594 1599 1593
f 1591 1596 1599
f 1591 1599 1594
f 1599 1591 1592
f 1592 1597 1598
f 1599 1592 1593
f 1593 1592 1598
f 1596 1599 1598
f 1599 1598 1597
f 1599 1597 1596
f 1600 1603 1602
f 1600 1602 1601
f 1601 1605 1600
f 1601 1606 1605
f 1602 1607 1606
f 1602 1606 1601
f 1602 1608 1607
f 1603 1608 1602
f 1600 1605 1608
f 1600 1608 1603
f 1607 1605 1606
f 1608 1605 1607
f 1605 1603 1600
f 1605 1601 1602
f 1605 1602 1603
f 1609 1614 1615
f 1609 1614 1613
f 1609 1613 1612
f 1609 1612 1611
f 1609 1611 1610
f 1610 1616 1609
f 1610 1617 1616
f 1611 1617 1610
f 1612 1617 1611
f 1612 1618 1617
f 1612 1619 1618
f 1613 1619 1612
f 1613 1620 1619
f 1614 1620 1613
f 1609 1620 1614
f 1609 1616 1620
f 1617 1620 1616
f 1618 1620 1617
f 1619 1620 1618
f 1620 1614 1611
f 1611 1620 1617
f 1621 1626 1625
f 1621 1625 1624
f 1621 1624 1623
f 1621 1623 1622
f 1624 1628 1627
f 1624 1627 1621
f 1625 1628 1624
f 1625 1629 1628
f 1626 1630 1629
f 1626 1629 1625
f 1626 1627 1630
f 1621 1627 1626
f 1629 1627 1628
f 1630 1627 1629
f 1627 1624 1625
f 1627 1625 1626
f 1631 1638 1637
f 1631 1637 1636
f 1631 1636 1635
f 1631 1635 1634
f 1631 1634 1633
f 1631 1633 1632
f 1634 1632 1633
f 1635 1632 1634
f 1631 1632 1637
f 1635 1639 1632
f 1635 1640 1639
f 1636 1640 1635
f 1636 1641 1640
f 1636 1642 1641
f 1637 1642 1636
f 1637 1639 1642
f 1632 1639 1637
f 1641 1639 1640
f 1642 1639 1641
f 1643 1649 1648
f 1643 1648 1647
f 1643 1647 1646
f 1643 1646 1644
f 1643 1644 1645
f 1647 1644 1646
f 1648 1644 1647
f 1643 1651 1650
f 1644 1651 1643
f 1646 1651 1644
f 1648 1651 1644
f 1648 1652 1651
f 1649 1652 1648
f 1649 1653 1652
f 1649 1650 1653
f 1643 1650 1649
f 1653 1650 1652
f 1650 1651 1652
f 1654 1659 1658
f 1654 1658 1657
f 1654 1657 1656
f 1654 1656 1655
f 1657 1661 1660
f 1657 1660 1654
f 1658 1661 1657
f 1658 1662 1661
f 1659 1663 1662
f 1659 1662 1658
f 1659 1660 1663
f 1654 1660 1659
f 1660 1661 1662
f 1663 1660 1662
f 1661 1658 1654
f 1654 1661 1660
f 1661 1654 1657
f 1664 1669 1668
f 1664 1668 1667
f 1664 1667 1666
f 1664 1666 1665
f 1667 1671 1670
f 1667 1670 1664
f 1668 1671 1667
f 1668 1672 1671
f 1669 1673 1672
f 1669 1672 1668
f 1669 1670 1673
f 1664 1670 1669
f 1672 1670 1671
f 1673 1670 1672
f 1664 1667 1671
f 1664 1671 1670
f 1674 1680 1679
f 1674 1679 1678
f 1674 1678 1677
f 1674 1677 1675
f 1674 1675 1676
f 1674 1682 1681
f 1675 1682 1674
f 1677 1682 1675
f 1677 1683 1682
f 1678 1683 1677
f 1678 1684 1683
f 1678 1685 1684
f 1679 1685 1678
f 1679 1682 1685
f 1674 1682 1679
f 1684 1682 1683
f 1685 1682 1684
f 1682 1675 1679
f 1686 1692 1691
f 1686 1691 1688
f 1686 1688 1690
f 1686 1688 1689
f 1686 1689 1687
f 1687 1688 1686
f 1689 1688 1687
f 1686 1694 1693
f 1688 1694 1686
f 1691 1694 1688
f 1691 1695 1694
f 1692 1695 1691
f 1692 1696 1695
f 1692 1693 1696
f 1686 1693 1692
f 1696 1693 1695
f 1693 1694 1695
f 1688 1686 1693
f 1688 1693 1694
f 1697 1702 1701
f 1697 1701 1700
f 1697 1700 1699
f 1697 1699 1698
f 1700 1704 1703
f 1700 1703 1697
f 1701 1704 1700
f 1701 1705 1704
f 1702 1706 1705
f 1702 1705 1701
f 1702 1703 1706
f 1697 1703 1702
f 1706 1703 1704
f 1706 1704 1705
f 1704 1701 1702
f 1703 1704 1702
f 1704 1703 1697
f 1704 1697 1700
f 1704 1705 1703
f 1707 1708 1713
f 1707 1713 1712
f 1707 1712 1710
f 1707 1710 1711
f 1707 1711 1709
f 1707 1709 1708
f 1711 1710 1709
f 1710 1708 1709
f 1710 1715 1714
f 1710 1714 1708
f 1712 1715 1710
f 1712 1716 1715
f 1713 1717 1716
f 1713 1716 1712
f 1713 1714 1717
f 1708 1714 1713
f 1716 1717 1715
f 1717 1714 1715
f 1708 1710 1715
f 1708 1715 1714
f 1718 1724 1723
f 1718 1723 1722
f 1718 1722 1721
f 1718 1721 1719
f 1718 1719 1720
f 1719 1726 1725
f 1719 1725 1718
f 1721 1726 1719
f 1721 1727 1726
f 1723 1726 1721
f 1722 1723 1721
f 1723 1728 1726
f 1724 1729 1728
f 1724 1728 1723
f 1724 1725 1729
f 1718 1725 1724
f 1729 1726 1728
f 1725 1726 1729
f 1726 1719 1723
f 1730 1735 1734
f 1730 1734 1733
f 1730 1733 1732
f 1730 1732 1731
f 1730 1737 1736
f 1733 1737 1730
f 1734 1737 1733
f 1734 1738 1737
f 1735 1738 1734
f 1735 1739 1738
f 1735 1736 1739
f 1730 1736 1735
f 1739 1737 1738
f 1739 1736 1737
f 1733 1730 1736
f 1733 1736 1737
f 1740 1745 1744
f 1740 1744 1743
f 1740 1743 1742
f 1740 1742 1741
f 1742 1743 1741
f 1743 1747 1746
f 1743 1746 1740
f 1743 1740 1741
f 1744 1747 1743
f 1744 1748 1747
f 1745 1749 1748
f 1745 1748 1744
f 1745 1746 1749
f 1740 1746 1745
f 1749 1746 1747
f 1748 1749 1747
f 1746 1743 1745
f 1745 1743 1747
f 1745 1747 1746
f 1750 1756 1755
f 1750 1755 1754
f 1750 1754 1753
f 1750 1753 1752
f 1750 1752 1751
f 1753 1751 1752
f 1756 1751 1755
f 1750 1751 1756
f 1751 1757 1750
f 1753 1757 1751
f 1753 1758 1757
f 1754 1758 1753
f 1754 1759 1758
f 1754 1760 1759
f 1755 1760 1754
f 1755 1757 1760
f 1751 1757 1755
f 1759 1760 1758
f 1760 1757 1758
f 1761 1768 1766
f 1761 1766 1767
f 1761 1767 1765
f 1761 1765 1762
f 1761 1762 1764
f 1761 1764 1763
f 1763 1762 1761
f 1764 1762 1763
f 1767 1766 1765
f 1766 1762 1765
f 1761 1770 1769
f 1762 1770 1761
f 1766 1770 1762
f 1766 1771 1770
f 1768 1771 1766
f 1768 1772 1771
f 1768 1769 1772
f 1761 1769 1768
f 1772 1770 1771
f 1769 1770 1772
f 1773 1778 1777
f 1773 1777 1776
f 1773 1776 1775
f 1773 1775 1774
f 1776 1780 1779
f 1776 1779 1773
f 1777 1780 1776
f 1777 1781 1780
f 1778 1782 1781
f 1778 1781 1777
f 1778 1779 1782
f 1773 1779 1778
f 1782 1780 1781
f 1782 1779 1780
f 1780 1777 1778
f 1778 1781 1779
f 1780 1778 1773
f 1773 1779 1780
f 1780 1773 1776
f 1780 1779 1781
f 1783 1788 1787
f 1783 1787 1786
f 1783 1786 1785
f 1783 1785 1784
f 1785 1786 1784
f 1786 1783 1784
f 1786 1790 1789
f 1786 1789 1783
f 1787 1790 1786
f 1787 1791 1790
f 1788 1792 1791
f 1788 1791 1787
f 1788 1789 1792
f 1783 1789 1788
f 1791 1789 1790
f 1792 1789 1791
f 1783 1786 1790
f 1783 1790 1789
f 1793 1799 1798
f 1793 1798 1797
f 1793 1797 1796
f 1793 1796 1794
f 1793 1794 1795
f 1793 1801 1800
f 1794 1801 1793
f 1796 1801 1794
f 1796 1802 1801
f 1797 1801 1802
f 1797 1802 1796
f 1797 1803 1801
f 1798 1803 1797
f 1799 1801 1803
f 1799 1803 1798
f 1793 1801 1799
f 1801 1794 1798
f 1798 1801 1803
f 1804 1807 1806
f 1804 1806 1805
f 1805 1809 1808
f 1805 1808 1804
f 1806 1810 1809
f 1806 1809 1805
f 1807 1811 1810
f 1807 1810 1806
f 1804 1808 1811
f 1804 1811 1807
f 1808 1811 1810
f 1806 1810 1811
f 1808 1806 1807
f 1807 1806 1811
f 1808 1807 1804
f 1808 1805 1806
f 1808 1810 1809
f 1808 1809 1811
f 1812 1817 1816
f 1812 1816 1815
f 1812 1815 1814
f 1812 1814 1813
f 1814 1819 1818
f 1814 1818 1817
f 1813 1814 1817
f 1813 1817 1812
f 1815 1819 1814
f 1815 1820 1819
f 1816 1821 1820
f 1816 1820 1815
f 1816 1818 1821
f 1817 1818 1816
f 1820 1818 1819
f 1821 1818 1820
f 1822 1827 1826
f 1822 1826 1825
f 1822 1825 1824
f 1822 1824 1823
f 1823 1829 1828
f 1823 1828 1822
f 1823 1830 1829
f 1824 1830 1823
f 1825 1830 1824
f 1826 1831 1830
f 1826 1830 1825
f 1827 1831 1826
f 1822 1831 1827
f 1822 1828 1831
f 1829 1830 1831
f 1829 1831 1828
f 1824 1830 1831
f 1831 1824 1827
f 1832 1835 1834
f 1832 1834 1833
f 1833 1837 1836
f 1833 1836 1832
f 1834 1838 1837
f 1834 1837 1833
f 1835 1839 1838
f 1835 1838 1834
f 1832 1836 1839
f 1832 1839 1835
f 1836 1839 1838
f 1834 1838 1839
f 1839 1834 1835
f 1839 1832 1833
f 1839 1833 1834
f 1839 1838 1837
f 1839 1837 1836
f 1840 1843 1842
f 1840 1842 1841
f 1841 1845 1844
f 1841 1844 1840
f 1842 1846 1845
f 1842 1845 1841
f 1843 1847 1846
f 1843 1846 1842
f 1840 1844 1847
f 1840 1847 1843
f 1844 1847 1846
f 1842 1846 1847
f 1844 1842 1843
f 1843 1842 1847
f 1844 1843 1840
f 1844 1841 1842
f 1844 1846 1845
f 1845 1844 1847
f 1848 1853 1852
f 1848 1852 1851
f 1848 1851 1850
f 1848 1850 1849
f 1849 1855 1854
f 1849 1854 1848
f 1849 1856 1855
f 1850 1856 1849
f 1851 1856 1850
f 1851 1857 1856
f 1852 1858 1857
f 1852 1857 1851
f 1852 1859 1858
f 1853 1859 1852
f 1848 1859 1853
f 1848 1854 1859
f 1855 1859 1854
f 1855 1856 1859
f 1858 1859 1856
f 1858 1856 1857
f 1850 1856 1859
f 1859 1850 1853
f 1860 1864 1865
f 1860 1865 1863
f 1860 1863 1862
f 1860 1862 1861
f 1865 1864 1862
f 1865 1862 1863
f 1861 1867 1866
f 1861 1866 1860
f 1861 1868 1867
f 1862 1868 1861
f 1864 1869 1868
f 1864 1868 1862
f 1860 1869 1864
f 1860 1866 1869
f 1867 1869 1866
f 1867 1868 1869
f 1862 1868 1869
f 1869 1862 1864
f 1869 1860 1861
f 1869 1861 1862
f 1862 1861 1867
f 1862 1867 1868
f 1870 1873 1872
f 1870 1872 1871
f 1871 1875 1874
f 1871 1874 1870
f 1872 1876 1875
f 1872 1875 1871
f 1873 1877 1876
f 1873 1876 1872
f 1870 1874 1877
f 1870 1877 1873
f 1874 1877 1876
f 1872 1876 1877
f 1877 1872 1873
f 1877 1874 1871
f 1877 1871 1872
f 1877 1876 1875
f 1877 1875 1874
f 1878 1879 1883
f 1878 1883 1882
f 1878 1882 1880
f 1878 1880 1881
f 1881 1880 1879
f 1881 1879 1878
f 1880 1885 1884
f 1880 1884 1879
f 1882 1886 1885
f 1882 1885 1880
f 1883 1887 1886
f 1883 1886 1882
f 1879 1884 1887
f 1879 1887 1883
f 1886 1887 1885
f 1884 1887 1886
f 1882 1886 1887
f 1884 1882 1883
f 1883 1882 1887
f 1884 1883 1879
f 1884 1880 1882
f 1884 1886 1885
f 1887 1884 1885
f 1888 1893 1892
f 1888 1892 1891
f 1888 1891 1890
f 1888 1890 1889
f 1889 1895 1894
f 1889 1894 1888
f 1890 1896 1895
f 1890 1895 1889
f 1891 1896 1890
f 1891 1897 1896
f 1892 1898 1897
f 1892 1897 1891
f 1892 1899 1898
f 1893 1899 1892
f 1888 1894 1899
f 1888 1899 1893
f 1895 1896 1899
f 1895 1899 1894
f 1897 1899 1896
f 1898 1899 1897
f 1890 1896 1899
f 1899 1890 1893
f 1900 1903 1902
f 1900 1902 1901
f 1901 1905 1904
f 1901 1904 1900
f 1901 1906 1905
f 1902 1906 1901
f 1903 1907 1906
f 1903 1906 1902
f 1900 1907 1903
f 1900 1904 1907
f 1902 1906 1907
f 1907 1902 1903
f 1907 1900 1901
f 1907 1901 1902
f 1902 1901 1905
f 1902 1905 1906
f 1907 1906 1905
f 1907 1905 1904
f 1907 1904 1906
f 1908 1911 1910
f 1908 1910 1909
f 1909 1913 1912
f 1909 1912 1908
f 1910 1914 1913
f 1910 1913 1909
f 1911 1915 1914
f 1911 1914 1910
f 1908 1912 1915
f 1908 1915 1911
f 1912 1915 1914
f 1910 1914 1915
f 1912 1910 1911
f 1911 1910 1915
f 1912 1911 1908
f 1912 1909 1910
f 1912 1914 1913
f 1912 1913 1915
f 1916 1921 1920
f 1916 1920 1919
f 1916 1919 1918
f 1916 1918 1917
f 1917 1923 1922
f 1917 1922 1916
f 1918 1923 1917
f 1919 1923 1918
f 1919 1924 1923
f 1920 1925 1924
f 1920 1924 1919
f 1920 1922 1925
f 1921 1922 1920
f 1916 1922 1921
f 1925 1922 1923
f 1925 1923 1924
f 1918 1923 1922
f 1922 1918 1921
f 1926 1931 1930
f 1926 1930 1929
f 1926 1929 1928
f 1926 1928 1927
f 1927 1933 1932
f 1927 1932 1926
f 1927 1934 1933
f 1928 1934 1927
f 1931 1935 1934
f 1931 1934 1928
f 1930 1931 1928
f 1930 1928 1929
f 1926 1935 1931
f 1926 1932 1935
f 1934 1935 1932
f 1933 1934 1932
f 1928 1934 1935
f 1935 1928 1931
f 1936 1939 1938
f 1936 1938 1937
f 1937 1941 1940
f 1937 1940 1936
f 1938 1942 1941
f 1938 1941 1937
f 1939 1943 1942
f 1939 1942 1938
f 1936 1940 1943
f 1936 1943 1939
f 1940 1943 1942
f 1938 1942 1943
f 1943 1938 1939
f 1943 1936 1937
f 1937 1941 1942
f 1943 1937 1938
f 1938 1937 1942
f 1943 1942 1941
f 1943 1941 1940
f 1944 1947 1946
f 1944 1946 1945
f 1945 1949 1948
f 1945 1948 1944
f 1946 1950 1949
f 1946 1949 1945
f 1947 1951 1950
f 1947 1950 1946
f 1944 1948 1951
f 1944 1951 1947
f 1948 1951 1950
f 1946 1950 1951
f 1948 1946 1947
f 1947 1946 1951
f 1948 1947 1944
f 1948 1945 1946
f 1948 1950 1949
f 1949 1948 1951
f 1952 1957 1956
f 1952 1956 1955
f 1952 1955 1954
f 1952 1954 1953
f 1953 1959 1958
f 1953 1958 1952
f 1953 1960 1959
f 1954 1960 1953
f 1955 1960 1954
f 1955 1961 1960
f 1956 1962 1961
f 1956 1961 1955
f 1956 1963 1962
f 1957 1963 1956
f 1952 1963 1957
f 1952 1958 1963
f 1959 1963 1958
f 1959 1960 1963
f 1961 1962 1960
f 1962 1963 1960
f 1954 1960 1963
f 1963 1954 1957
f 1964 1969 1968
f 1964 1968 1967
f 1964 1967 1966
f 1964 1966 1965
f 1965 1970 1964
f 1965 1971 1970
f 1966 1972 1971
f 1966 1971 1965
f 1966 1973 1972
f 1967 1973 1966
f 1968 1973 1967
f 1968 1974 1973
f 1969 1975 1974
f 1969 1974 1968
f 1969 1970 1975
f 1964 1970 1969
f 1972 1973 1970
f 1972 1970 1971
f 1975 1970 1973
f 1975 1973 1974
f 1970 1967 1964
f 1964 1967 1973
f 1964 1973 1970
f 1967 1970 1973
f 1976 1977 1982
f 1976 1982 1981
f 1976 1981 1980
f 1976 1980 1979
f 1976 1979 1978
f 1976 1978 1977
f 1978 1983 1977
f 1978 1984 1983
f 1980 1983 1978
f 1979 1980 1978
f 1980 1985 1983
f 1981 1985 1980
f 1981 1986 1985
f 1982 1986 1981
f 1982 1983 1986
f 1977 1983 1982
f 1986 1983 1985
f 1983 1977 1980
f 1987 1993 1992
f 1987 1992 1991
f 1987 1991 1990
f 1987 1990 1989
f 1987 1989 1988
f 1992 1990 1991
f 1987 1995 1994
f 1990 1995 1987
f 1989 1995 1990
f 1989 1996 1995
f 1991 1995 1990
f 1992 1995 1990
f 1992 1997 1995
f 1993 1995 1997
f 1993 1997 1992
f 1987 1995 1993
f 1998 2003 2002
f 1998 2002 2001
f 1998 2001 2000
f 1998 2000 1999
f 1999 2004 1998
f 1999 2005 2004
f 2000 2006 2005
f 2000 2005 1999
f 2000 2007 2006
f 2001 2007 2000
f 2002 2007 2001
f 2002 2008 2007
f 2003 2009 2008
f 2003 2008 2002
f 2003 2004 2009
f 1998 2004 2003
f 2005 2007 2004
f 2006 2007 2005
f 2009 2004 2007
f 2009 2007 2008
f 2007 2001 1998
f 1998 2007 2004
f 2001 1998 2004
f 2001 2004 2007
f 2010 2015 2014
f 2010 2014 2013
f 2010 2013 2012
f 2010 2012 2011
f 2011 2016 2010
f 2011 2017 2016
f 2012 2018 2017
f 2012 2017 2011
f 2012 2019 2018
f 2013 2019 2012
f 2014 2019 2013
f 2014 2020 2019
f 2015 2021 2020
f 2015 2020 2014
f 2015 2016 2021
f 2010 2016 2015
f 2018 2016 2017
f 2018 2019 2016
f 2020 2021 2019
f 2021 2016 2019
f 2016 2013 2010
f 2010 2013 2019
f 2010 2019 2016
f 2013 2016 2019
f 2022 2029 2028
f 2022 2028 2027
f 2022 2027 2026
f 2022 2026 2025
f 2022 2025 2024
f 2024 2023 2022
f 2025 2023 2024
f 2026 2023 2025
f 2029 2023 2028
f 2022 2023 2029
f 2022 2031 2030
f 2023 2031 2022
f 2024 2031 2023
f 2024 2032 2031
f 2026 2031 2023
f 2026 2033 2031
f 2028 2031 2026
f 2028 2026 2027
f 2028 2034 2031
f 2023 2031 2028
f 2035 2041 2040
f 2035 2040 2038
f 2035 2038 2039
f 2035 2038 2037
f 2035 2037 2036
f 2036 2043 2042
f 2036 2042 2035
f 2037 2044 2043
f 2037 2043 2036
f 2038 2043 2037
f 2040 2043 2038
f 2040 2045 2043
f 2041 2045 2040
f 2041 2046 2045
f 2041 2042 2046
f 2035 2042 2041
f 2046 2042 2043
f 2046 2043 2045
f 2043 2038 2035
f 2035 2043 2042
f 2038 2035 2042
f 2038 2042 2043
f 2047 2052 2051
f 2047 2051 2050
f 2047 2050 2049
f 2047 2049 2048
f 2048 2053 2047
f 2048 2054 2053
f 2049 2055 2054
f 2049 2054 2048
f 2049 2056 2055
f 2050 2056 2049
f 2051 2056 2050
f 2051 2057 2056
f 2052 2058 2057
f 2052 2057 2051
f 2052 2053 2058
f 2047 2053 2052
f 2055 2056 2053
f 2055 2053 2054
f 2058 2053 2056
f 2058 2056 2057
f 2056 2050 2047
f 2047 2056 2053
f 2050 2047 2053
f 2050 2053 2056
f 2059 2066 2065
f 2059 2065 2064
f 2059 2064 2063
f 2059 2063 2062
f 2059 2062 2060
f 2060 2061 2059
f 2062 2061 2060
f 2063 2061 2062
f 2065 2063 2064
f 2065 2061 2063
f 2061 2068 2067
f 2061 2067 2059
f 2062 2068 2061
f 2062 2069 2068
f 2063 2068 2061
f 2063 2070 2068
f 2065 2068 2061
f 2065 2071 2068
f 2066 2061 2065
f 2059 2067 2068
f 2059 2068 2061
f 2059 2061 2066
f 2072 2077 2076
f 2072 2076 2075
f 2072 2075 2074
f 2072 2074 2073
f 2073 2078 2072
f 2073 2079 2078
f 2073 2080 2079
f 2074 2080 2073
f 2074 2081 2080
f 2075 2081 2074
f 2076 2081 2075
f 2076 2082 2081
f 2077 2082 2076
f 2077 2083 2082
f 2077 2078 2083
f 2072 2078 2077
f 2080 2081 2078
f 2080 2078 2079
f 2083 2078 2082
f 2078 2081 2082
f 2081 2075 2072
f 2072 2081 2078
f 2075 2072 2078
f 2075 2078 2081
f 2084 2089 2088
f 2084 2088 2087
f 2084 2087 2086
f 2084 2086 2085
f 2085 2090 2084
f 2085 2091 2090
f 2086 2092 2091
f 2086 2091 2085
f 2086 2093 2092
f 2087 2093 2086
f 2088 2093 2087
f 2088 2094 2093
f 2089 2095 2094
f 2089 2094 2088
f 2089 2090 2095
f 2084 2090 2089
f 2092 2090 2091
f 2092 2093 2090
f 2095 2090 2093
f 2095 2093 2094
f 2090 2087 2084
f 2084 2087 2093
f 2084 2093 2090
f 2087 2090 2093
f 2096 2102 2101
f 2096 2101 2100
f 2096 2100 2099
f 2096 2099 2098
f 2096 2098 2097
f 2099 2100 2098
f 2096 2097 2102
f 2097 2103 2096
f 2098 2103 2097
f 2098 2104 2103
f 2100 2103 2097
f 2100 2097 2098
f 2100 2105 2103
f 2101 2103 2105
f 2101 2105 2100
f 2102 2106 2103
f 2102 2103 2101
f 2097 2103 2102
f 2107 2113 2112
f 2107 2112 2110
f 2107 2110 2111
f 2107 2110 2109
f 2107 2109 2108
f 2107 2115 2114
f 2109 2115 2107
f 2109 2116 2115
f 2110 2115 2109
f 2112 2115 2110
f 2112 2117 2115
f 2113 2117 2112
f 2113 2114 2117
f 2107 2114 2113
f 2114 2115 2117
f 2115 2110 2107
f 2118 2123 2122
f 2118 2122 2121
f 2118 2121 2120
f 2118 2120 2119
f 2119 2124 2118
f 2119 2125 2124
f 2120 2126 2125
f 2120 2125 2119
f 2120 2127 2126
f 2121 2127 2120
f 2122 2127 2121
f 2122 2128 2127
f 2123 2129 2128
f 2123 2128 2122
f 2123 2124 2129
f 2118 2124 2123
f 2126 2127 2124
f 2126 2124 2125
f 2129 2124 2127
f 2129 2127 2128
f 2127 2121 2118
f 2118 2127 2124
f 2130 2135 2134
f 2130 2134 2133
f 2130 2133 2132
f 2130 2132 2131
f 2131 2136 2130
f 2131 2137 2136
f 2132 2138 2137
f 2132 2137 2131
f 2132 2139 2138
f 2133 2139 2132
f 2134 2139 2133
f 2134 2140 2139
f 2135 2141 2140
f 2135 2140 2134
f 2135 2136 2141
f 2130 2136 2135
f 2138 2136 2137
f 2139 2136 2138
f 2140 2136 2139
f 2141 2136 2140
f 2136 2133 2130
f 2130 2133 2139
f 2130 2139 2136
f 2133 2136 2139
f 2142 2150 2149
f 2142 2149 2148
f 2142 2148 2146
f 2142 2146 2147
f 2142 2147 2145
f 2142 2145 2144
f 2144 2143 2142
f 2145 2143 2144
f 2147 2146 2145
f 2146 2143 2145
f 2148 2149 2146
f 2142 2152 2151
f 2143 2152 2142
f 2145 2152 2143
f 2145 2153 2152
f 2146 2152 2143
f 2146 2154 2152
f 2149 2143 2146
f 2149 2152 2143
f 2149 2155 2152
f 2142 2143 2149
f 2156 2157 2159
f 2156 2159 2158
f 2156 2161 2160
f 2156 2160 2157
f 2158 2162 2161
f 2158 2161 2156
f 2159 2163 2162
f 2159 2162 2158
f 2157 2160 2163
f 2157 2163 2159
f 2161 2162 2160
f 2161 2158 2159
f 2161 2159 2157
f 2161 2157 2156
f 2160 2161 2163
f 2163 2161 2162
f 2164 2165 2169
f 2164 2169 2168
f 2164 2168 2167
f 2164 2167 2166
f 2164 2166 2169
f 2166 2171 2170
f 2166 2170 2169
f 2167 2171 2166
f 2167 2172 2171
f 2168 2173 2172
f 2168 2172 2167
f 2168 2170 2173
f 2169 2170 2168
f 2173 2170 2171
f 2173 2171 2172
f 2171 2167 2169
f 2169 2171 2170
f 2171 2169 2166
f 2174 2175 2179
f 2174 2179 2178
f 2174 2178 2177
f 2174 2177 2176
f 2174 2181 2180
f 2174 2180 2175
f 2174 2182 2181
f 2176 2182 2174
f 2177 2182 2176
f 2178 2183 2182
f 2178 2182 2177
f 2179 2183 2178
f 2175 2183 2179
f 2175 2180 2183
f 2181 2182 2183
f 2181 2183 2180
f 2182 2176 2179
f 2179 2182 2183
f 2176 2179 2183
f 2176 2183 2182
f 2184 2185 2187
f 2184 2187 2186
f 2184 2189 2188
f 2184 2188 2185
f 2186 2190 2189
f 2186 2189 2184
f 2187 2191 2190
f 2187 2190 2186
f 2185 2188 2191
f 2185 2191 2187
f 2189 2190 2188
f 2190 2187 2185
f 2190 2185 2184
f 2190 2184 2186
f 2188 2190 2191
f 2191 2190 2189
f 2192 2193 2195
f 2192 2195 2194
f 2192 2197 2196
f 2192 2196 2193
f 2194 2198 2197
f 2194 2197 2192
f 2195 2199 2198
f 2195 2198 2194
f 2193 2196 2199
f 2193 2199 2195
f 2197 2198 2196
f 2197 2194 2195
f 2197 2195 2193
f 2197 2193 2192
f 2196 2197 2199
f 2197 2198 2199
f 2200 2201 2205
f 2200 2205 2204
f 2200 2204 2203
f 2200 2203 2202
f 2200 2207 2206
f 2200 2206 2201
f 2200 2208 2207
f 2202 2208 2200
f 2203 2208 2202
f 2203 2209 2208
f 2204 2210 2209
f 2204 2209 2203
f 2204 2211 2210
f 2205 2211 2204
f 2201 2211 2205
f 2201 2206 2211
f 2207 2208 2211
f 2207 2211 2206
f 2210 2208 2209
f 2210 2211 2208
f 2208 2202 2205
f 2205 2208 2211
f 2202 2205 2211
f 2202 2211 2208
f 2212 2213 2216
f 2212 2216 2217
f 2212 2217 2215
f 2212 2215 2214
f 2217 2216 2214
f 2217 2214 2215
f 2212 2219 2218
f 2212 2218 2213
f 2212 2220 2219
f 2214 2220 2212
f 2216 2221 2220
f 2216 2220 2214
f 2213 2221 2216
f 2213 2218 2221
f 2220 2216 2213
f 2220 2213 2212
f 2214 2212 2219
f 2214 2219 2220
f 2221 2220 2219
f 2220 2219 2218
f 2220 2218 2221
f 2219 2221 2218
f 2222 2223 2225
f 2222 2225 2224
f 2222 2227 2226
f 2222 2226 2223
f 2224 2228 2227
f 2224 2227 2222
f 2225 2229 2228
f 2225 2228 2224
f 2223 2226 2229
f 2223 2229 2225
f 2227 2228 2226
f 2228 2225 2223
f 2227 2228 2223
f 2227 2223 2222
f 2228 2227 2222
f 2228 2222 2224
f 2226 2228 2229
f 2229 2228 2227
f 2230 2232 2233
f 2230 2233 2231
f 2230 2233 2235
f 2230 2235 2234
f 2230 2234 2232
f 2232 2237 2236
f 2232 2236 2233
f 2234 2238 2237
f 2234 2237 2232
f 2235 2239 2238
f 2235 2238 2234
f 2233 2236 2239
f 2233 2239 2235
f 2237 2238 2236
f 2237 2234 2235
f 2237 2235 2233
f 2237 2233 2232
f 2239 2236 2237
f 2239 2237 2238
f 2240 2241 2245
f 2240 2245 2244
f 2240 2244 2243
f 2240 2243 2242
f 2240 2247 2246
f 2240 2246 2241
f 2242 2248 2247
f 2242 2247 2240
f 2243 2248 2242
f 2243 2249 2248
f 2244 2250 2249
f 2244 2249 2243
f 2244 2251 2250
f 2245 2251 2244
f 2241 2246 2251
f 2241 2251 2245
f 2246 2248 2251
f 2247 2248 2246
f 2250 2251 2248
f 2250 2248 2249
f 2248 2242 2245
f 2245 2248 2251
f 2242 2245 2251
f 2242 2251 2248
f 2252 2253 2255
f 2252 2255 2254
f 2252 2257 2256
f 2252 2256 2253
f 2252 2258 2257
f 2254 2258 2252
f 2255 2259 2258
f 2255 2258 2254
f 2253 2259 2255
f 2253 2256 2259
f 2258 2259 2256
f 2258 2255 2253
f 2258 2253 2252
f 2254 2252 2257
f 2254 2257 2258
f 2259 2258 2257
f 2258 2257 2256
f 2260 2261 2263
f 2260 2263 2262
f 2260 2265 2264
f 2260 2264 2261
f 2262 2266 2265
f 2262 2265 2260
f 2263 2267 2266
f 2263 2266 2262
f 2261 2264 2267
f 2261 2267 2263
f 2265 2266 2264
f 2265 2262 2263
f 2265 2263 2261
f 2265 2261 2260
f 2264 2265 2267
f 2267 2265 2266
f 2268 2269 2273
f 2268 2273 2272
f 2268 2272 2271
f 2268 2271 2270
f 2268 2275 2274
f 2268 2274 2269
f 2270 2275 2268
f 2271 2275 2270
f 2271 2276 2275
f 2272 2277 2276
f 2272 2276 2271
f 2272 2274 2277
f 2273 2274 2272
f 2269 2274 2273
f 2277 2274 2275
f 2277 2275 2276
f 2275 2270 2273
f 2273 2275 2274
f 2270 2273 2274
f 2270 2274 2275
f 2278 2279 2283
f 2278 2283 2282
f 2278 2282 2281
f 2278 2281 2280
f 2278 2285 2284
f 2278 2284 2279
f 2278 2286 2285
f 2280 2286 2278
f 2283 2287 2286
f 2283 2286 2280
f 2282 2283 2280
f 2282 2280 2281
f 2279 2287 2283
f 2279 2284 2287
f 2285 2286 2287
f 2285 2287 2284
f 2280 2283 2287
f 2280 2287 2286
f 2288 2289 2291
f 2288 2291 2290
f 2288 2293 2292
f 2288 2292 2289
f 2290 2294 2293
f 2290 2293 2288
f 2291 2295 2294
f 2291 2294 2290
f 2289 2292 2295
f 2289 2295 2291
f 2293 2294 2292
f 2294 2291 2289
f 2294 2289 2288
f 2288 2293 2294
f 2294 2288 2290
f 2292 2294 2295
f 2295 2294 2293
f 2296 2297 2299
f 2296 2299 2298
f 2296 2301 2300
f 2296 2300 2297
f 2298 2302 2301
f 2298 2301 2296
f 2299 2303 2302
f 2299 2302 2298
f 2297 2300 2303
f 2297 2303 2299
f 2301 2302 2300
f 2301 2298 2299
f 2301 2299 2297
f 2301 2297 2296
f 2300 2301 2303
f 2301 2302 2303
f 2304 2305 2309
f 2304 2309 2308
f 2304 2308 2307
f 2304 2307 2306
f 2304 2311 2310
f 2304 2310 2305
f 2304 2312 2311
f 2306 2312 2304
f 2307 2312 2306
f 2307 2313 2312
f 2308 2314 2313
f 2308 2313 2307
f 2308 2315 2314
f 2309 2315 2308
f 2305 2315 2309
f 2305 2310 2315
f 2311 2312 2315
f 2311 2315 2310
f 2314 2312 2313
f 2314 2315 2312
f 2312 2306 2309
f 2309 2312 2315
f 2306 2309 2315
f 2306 2315 2312
f 2316 2321 2320
f 2316 2320 2319
f 2316 2319 2318
f 2316 2318 2317
f 2317 2322 2316
f 2317 2323 2322
f 2318 2324 2323
f 2318 2323 2317
f 2318 2325 2324
f 2319 2325 2318
f 2320 2325 2319
f 2321 2322 2325
f 2321 2325 2320
f 2316 2322 2321
f 2324 2325 2322
f 2324 2322 2323
f 2322 2319 2316
f 2316 2319 2325
f 2316 2325 2322
f 2319 2322 2325
f 2326 2327 2332
f 2326 2332 2331
f 2326 2331 2330
f 2326 2330 2329
f 2326 2329 2328
f 2328 2327 2326
f 2331 2332 2330
f 2332 2327 2330
f 2328 2333 2327
f 2328 2334 2333
f 2329 2334 2328
f 2329 2335 2334
f 2329 2336 2335
f 2330 2336 2329
f 2330 2333 2336
f 2327 2333 2330
f 2332 2333 2327
f 2335 2336 2334
f 2336 2333 2334
f 2337 2344 2343
f 2337 2343 2341
f 2337 2341 2342
f 2337 2342 2340
f 2337 2340 2339
f 2337 2339 2338
f 2342 2339 2340
f 2342 2341 2339
f 2338 2345 2337
f 2338 2346 2345
f 2338 2347 2346
f 2339 2347 2338
f 2339 2348 2347
f 2341 2348 2339
f 2342 2348 2341
f 2343 2348 2341
f 2337 2348 2341
f 2337 2345 2348
f 2346 2348 2345
f 2347 2348 2346
f 2349 2354 2353
f 2349 2353 2352
f 2349 2352 2351
f 2349 2351 2350
f 2350 2355 2349
f 2350 2356 2355
f 2351 2357 2356
f 2351 2356 2350
f 2351 2358 2357
f 2352 2358 2351
f 2353 2358 2352
f 2354 2355 2358
f 2354 2358 2353
f 2349 2355 2354
f 2356 2358 2355
f 2357 2358 2356
f 2358 2352 2349
f 2349 2358 2355
f 2352 2349 2355
f 2352 2355 2358
f 2359 2364 2363
f 2359 2363 2362
f 2359 2362 2361
f 2359 2361 2360
f 2360 2365 2359
f 2360 2366 2365
f 2361 2367 2366
f 2361 2366 2360
f 2361 2368 2367
f 2362 2368 2361
f 2364 2365 2368
f 2364 2368 2362
f 2364 2362 2363
f 2359 2365 2364
f 2367 2368 2366
f 2368 2365 2366
f 2365 2362 2359
f 2359 2362 2368
f 2359 2368 2365
f 2362 2365 2368
f 2369 2374 2375
f 2369 2375 2373
f 2369 2373 2372
f 2369 2372 2371
f 2369 2371 2370
f 2375 2374 2373
f 2369 2377 2376
f 2374 2377 2369
f 2371 2377 2374
f 2371 2374 2369
f 2371 2378 2377
f 2372 2378 2371
f 2372 2379 2378
f 2373 2379 2372
f 2373 2377 2379
f 2374 2377 2373
f 2375 2377 2374
f 2379 2377 2378
f 2380 2386 2385
f 2380 2385 2383
f 2380 2383 2384
f 2380 2383 2382
f 2380 2382 2381
f 2381 2387 2380
f 2381 2388 2387
f 2381 2389 2388
f 2382 2389 2381
f 2382 2390 2389
f 2383 2390 2382
f 2385 2390 2383
f 2380 2390 2383
f 2380 2387 2390
f 2388 2390 2387
f 2389 2390 2388
f 2383 2380 2387
f 2383 2387 2390
f 2391 2396 2395
f 2391 2395 2394
f 2391 2394 2393
f 2391 2393 2392
f 2392 2397 2391
f 2392 2398 2397
f 2393 2399 2398
f 2393 2398 2392
f 2393 2400 2399
f 2394 2400 2393
f 2395 2400 2394
f 2396 2397 2400
f 2396 2400 2395
f 2391 2397 2396
f 2399 2400 2397
f 2399 2397 2398
f 2400 2394 2391
f 2391 2400 2397
f 2394 2391 2397
f 2394 2397 2400
f 2401 2402 2407
f 2401 2407 2406
f 2401 2406 2405
f 2401 2405 2404
f 2401 2404 2403
f 2401 2403 2402
f 2406 2407 2405
f 2403 2408 2402
f 2403 2409 2408
f 2404 2410 2409
f 2404 2409 2403
f 2404 2411 2410
f 2405 2411 2404
f 2402 2408 2411
f 2402 2411 2405
f 2407 2402 2405
f 2407 2408 2402
f 2410 2408 2409
f 2411 2408 2410
f 2408 2405 2402
f 2405 2408 2411
f 2412 2418 2417
f 2412 2417 2416
f 2412 2416 2415
f 2412 2415 2414
f 2412 2414 2413
f 2415 2416 2414
f 2413 2419 2412
f 2414 2420 2419
f 2414 2419 2413
f 2414 2421 2420
f 2417 2421 2414
f 2416 2417 2414
f 2416 2421 2417
f 2416 2422 2421
f 2418 2421 2417
f 2412 2419 2421
f 2412 2421 2417
f 2420 2421 2419
f 2423 2428 2427
f 2423 2427 2426
f 2423 2426 2425
f 2423 2425 2424
f 2424 2429 2423
f 2424 2430 2429
f 2424 2431 2430
f 2425 2431 2424
f 2425 2432 2431
f 2426 2432 2425
f 2427 2432 2426
f 2423 2432 2427
f 2423 2429 2432
f 2430 2431 2429
f 2431 2432 2429
f 2432 2426 2423
f 2426 2423 2429
f 2426 2429 2432
f 2433 2438 2437
f 2433 2437 2436
f 2433 2436 2435
f 2433 2435 2434
f 2434 2439 2433
f 2434 2440 2439
f 2435 2441 2440
f 2435 2440 2434
f 2435 2442 2441
f 2436 2442 2435
f 2437 2442 2436
f 2438 2439 2442
f 2438 2442 2437
f 2433 2439 2438
f 2441 2439 2440
f 2441 2442 2439
f 2439 2436 2433
f 2433 2436 2442
f 2433 2442 2439
f 2436 2439 2442
f 2443 2444 2450
f 2443 2450 2449
f 2443 2449 2448
f 2443 2448 2447
f 2443 2447 2445
f 2443 2445 2446
f 2445 2444 2443
f 2450 2448 2449
f 2450 2444 2448
f 2444 2451 2443
f 2445 2451 2444
f 2445 2452 2451
f 2447 2452 2445
f 2447 2453 2452
f 2447 2454 2453
f 2448 2454 2447
f 2448 2451 2454
f 2444 2451 2448
f 2450 2451 2444
f 2453 2451 2452
f 2454 2451 2453
f 2455 2461 2460
f 2455 2460 2458
f 2455 2458 2459
f 2455 2459 2457
f 2455 2457 2456
f 2459 2458 2457
f 2456 2462 2455
f 2456 2463 2462
f 2456 2464 2463
f 2457 2464 2456
f 2457 2465 2464
f 2458 2465 2457
f 2460 2465 2458
f 2455 2465 2458
f 2455 2462 2465
f 2463 2464 2462
f 2464 2465 2462
f 2466 2471 2470
f 2466 2470 2469
f 2466 2469 2468
f 2466 2468 2467
f 2467 2472 2466
f 2467 2473 2472
f 2468 2474 2473
f 2468 2473 2467
f 2468 2475 2474
f 2469 2475 2468
f 2470 2475 2469
f 2471 2472 2475
f 2471 2475 2470
f 2466 2472 2471
f 2474 2475 2472
f 2474 2472 2473
f 2475 2469 2466
f 2466 2475 2472
f 2476 2481 2480
f 2476 2480 2479
f 2476 2479 2478
f 2476 2478 2477
f 2477 2482 2476
f 2477 2483 2482
f 2478 2484 2483
f 2478 2483 2477
f 2478 2485 2484
f 2479 2485 2478
f 2476 2482 2485
f 2476 2485 2479
f 2481 2476 2479
f 2481 2479 2480
f 2481 2482 2476
f 2484 2482 2483
f 2484 2485 2482
f 2482 2479 2476
f 2479 2482 2485
f 2486 2491 2492
f 2486 2491 2490
f 2486 2490 2489
f 2486 2489 2488
f 2486 2488 2487
f 2486 2494 2493
f 2488 2494 2486
f 2488 2495 2494
f 2489 2494 2495
f 2489 2495 2488
f 2490 2494 2489
f 2490 2496 2494
f 2491 2494 2490
f 2492 2494 2491
f 2486 2494 2491
f 2518 2521 2503
f 2518 2503 2497
f 2526 2530 2522
f 2526 2522 2517
f 2530 2532 2533
f 2530 2533 2534
f 2530 2534 2531
f 2530 2531 2512
f 2530 2512 2514
f 2530 2514 2515
f 2530 2515 2516
f 2530 2516 2513
f 2530 2513 2502
f 2530 2502 2504
f 2530 2504 2505
f 2530 2505 2506
f 2530 2506 2503
f 2530 2503 2521
f 2530 2521 2523
f 2530 2523 2524
f 2530 2524 2522
f 2498 2502 2513
f 2498 2513 2507
f 2508 2512 2531
f 2508 2531 2525
f 2497 2503 2506
f 2497 2506 2499
f 2499 2506 2505
f 2499 2505 2500
f 2500 2505 2504
f 2500 2504 2501
f 2501 2504 2502
f 2501 2502 2498
f 2512 2508 2511
f 2512 2511 2514
f 2514 2511 2510
f 2514 2510 2515
f 2515 2510 2509
f 2515 2509 2516
f 2516 2509 2507
f 2516 2507 2513
f 2530 2526 2529
f 2530 2529 2532
f 2532 2529 2528
f 2532 2528 2533
f 2533 2528 2527
f 2533 2527 2534
f 2534 2527 2525
f 2534 2525 2531
f 2521 2518 2520
f 2521 2520 2523
f 2523 2520 2519
f 2523 2519 2524
f 2524 2519 2517
f 2524 2517 2522
f 2507 2509 2510
f 2507 2510 2511
f 2507 2511 2508
f 2507 2508 2525
f 2507 2525 2527
f 2507 2527 2528
f 2507 2528 2529
f 2507 2529 2526
f 2507 2526 2517
f 2507 2517 2519
f 2507 2519 2520
f 2507 2520 2518
f 2507 2518 2497
f 2507 2497 2499
f 2507 2499 2500
f 2507 2500 2501
f 2507 2501 2498
