v -0.83218 0.04587 1.63724
v -0.83219 0.06055 1.67075
v -0.87544 0.06024 1.63727
v -0.87128 0.06196 1.66763
v -0.83218 0.07864 1.63724
v -0.83218 0.04575 -1.95210
v -0.87555 0.06009 -1.95211
v -0.83219 0.06009 -1.99555
v -0.87159 0.06184 -1.99159
v -0.83218 0.07876 -1.95210
v 0.85482 0.04623 1.63723
v 0.87675 0.06133 1.63728
v 0.85489 0.06092 1.67040
v 0.87425 0.06218 1.66699
v 0.85482 0.07828 1.63723
v 0.85482 0.04611 -1.95210
v 0.85489 0.06048 -1.99523
v 0.87688 0.06119 -1.95211
v 0.87446 0.06212 -1.99079
v 0.85482 0.07840 -1.95210
v 0.69320 0.04550 -1.95211
v 0.53073 0.04550 -1.95211
v 0.34660 0.04550 -1.95211
v 0.18413 0.04550 -1.95211
v -0.01083 0.04550 -1.95211
v -0.16247 0.04550 -1.95211
v -0.35743 0.04550 -1.95211
v -0.51448 0.04550 -1.95211
v -0.70401 0.04550 -1.95211
v -0.70401 0.05992 -1.99575
v -0.51448 0.05992 -1.99575
v -0.35743 0.05992 -1.99575
v -0.16247 0.05992 -1.99575
v -0.01083 0.05992 -1.99575
v 0.18413 0.05992 -1.99575
v 0.34660 0.05992 -1.99575
v 0.53073 0.05992 -1.99575
v 0.69320 0.05992 -1.99575
v -0.70401 0.07901 -1.95211
v -0.51448 0.07901 -1.95211
v -0.35743 0.07901 -1.95211
v -0.16247 0.07901 -1.95211
v -0.01083 0.07901 -1.95211
v 0.18413 0.07901 -1.95211
v 0.34660 0.07901 -1.95211
v 0.53073 0.07901 -1.95211
v 0.69320 0.07901 -1.95211
v -0.70401 0.04562 1.63725
v -0.51448 0.04562 1.63725
v -0.35743 0.04562 1.63725
v -0.16247 0.04562 1.63725
v -0.01083 0.04562 1.63725
v 0.18413 0.04562 1.63725
v 0.34660 0.04562 1.63725
v 0.53073 0.04562 1.63725
v 0.69320 0.04562 1.63725
v 0.69320 0.06038 1.67096
v 0.53073 0.06038 1.67096
v 0.34660 0.06038 1.67096
v 0.18413 0.06038 1.67096
v -0.01083 0.06038 1.67096
v -0.16247 0.06038 1.67096
v -0.35743 0.06038 1.67096
v -0.51448 0.06038 1.67096
v -0.70401 0.06038 1.67096
v 0.69320 0.07889 1.63725
v 0.53073 0.07889 1.63725
v 0.34660 0.07889 1.63725
v 0.18413 0.07889 1.63725
v -0.01083 0.07889 1.63725
v -0.16247 0.07889 1.63725
v -0.35743 0.07889 1.63725
v -0.51448 0.07889 1.63725
v -0.70401 0.07889 1.63725
v -0.83219 0.04550 -1.82365
v -0.83219 0.04550 -1.63912
v -0.83219 0.04550 -1.47629
v -0.83219 0.04550 -1.28089
v -0.83219 0.04550 -1.12891
v -0.83219 0.04550 -0.93351
v -0.83219 0.04550 -0.78154
v -0.83219 0.04550 -0.58614
v -0.83219 0.04550 -0.42330
v -0.83219 0.04550 -0.23876
v -0.83219 0.04550 -0.07593
v -0.83219 0.04550 0.10862
v -0.83219 0.04550 0.27145
v -0.83219 0.04550 0.45599
v -0.83219 0.04550 0.61883
v -0.83219 0.04550 0.78166
v -0.83219 0.04550 0.96620
v -0.83219 0.04550 1.12904
v -0.83219 0.04550 1.31358
v -0.83219 0.04550 1.47641
v -0.87576 0.05992 1.47641
v -0.87576 0.05992 1.31358
v -0.87576 0.05992 1.12904
v -0.87576 0.05992 0.96620
v -0.87576 0.05992 0.78166
v -0.87576 0.05992 0.61883
v -0.87576 0.05992 0.45599
v -0.87576 0.05992 0.27145
v -0.87576 0.05992 0.10862
v -0.87576 0.05992 -0.07593
v -0.87576 0.05992 -0.23876
v -0.87576 0.05992 -0.42330
v -0.87576 0.05992 -0.58614
v -0.87576 0.05992 -0.78154
v -0.87576 0.05992 -0.93351
v -0.87576 0.05992 -1.12891
v -0.87576 0.05992 -1.28089
v -0.87576 0.05992 -1.47629
v -0.87576 0.05992 -1.63912
v -0.87576 0.05992 -1.82365
v -0.83219 0.07901 1.47641
v -0.83219 0.07901 1.31358
v -0.83219 0.07901 1.12904
v -0.83219 0.07901 0.96620
v -0.83219 0.07901 0.78166
v -0.83219 0.07901 0.61883
v -0.83219 0.07901 0.45599
v -0.83219 0.07901 0.27145
v -0.83219 0.07901 0.10862
v -0.83219 0.07901 -0.07593
v -0.83219 0.07901 -0.23876
v -0.83219 0.07901 -0.42330
v -0.83219 0.07901 -0.58614
v -0.83219 0.07901 -0.78154
v -0.83219 0.07901 -0.93351
v -0.83219 0.07901 -1.12891
v -0.83219 0.07901 -1.28089
v -0.83219 0.07901 -1.47629
v -0.83219 0.07901 -1.63912
v -0.83219 0.07901 -1.82365
v 0.85484 0.04586 1.47641
v 0.85484 0.04586 1.31358
v 0.85484 0.04586 1.12904
v 0.85484 0.04586 0.96620
v 0.85484 0.04586 0.78166
v 0.85484 0.04586 0.61883
v 0.85484 0.04586 0.45599
v 0.85484 0.04586 0.27145
v 0.85484 0.04586 0.10862
v 0.85484 0.04586 -0.07593
v 0.85484 0.04586 -0.23876
v 0.85484 0.04586 -0.42330
v 0.85484 0.04586 -0.58614
v 0.85484 0.04586 -0.78154
v 0.85484 0.04586 -0.93351
v 0.85484 0.04586 -1.12891
v 0.85484 0.04586 -1.28089
v 0.85484 0.04586 -1.47629
v 0.85484 0.04586 -1.63912
v 0.85484 0.04586 -1.82365
v 0.87711 0.06103 -1.82365
v 0.87711 0.06103 -1.63912
v 0.87711 0.06103 -1.47629
v 0.87711 0.06103 -1.28089
v 0.87711 0.06103 -1.12891
v 0.87711 0.06103 -0.93351
v 0.87711 0.06103 -0.78154
v 0.87711 0.06103 -0.58614
v 0.87711 0.06103 -0.42330
v 0.87711 0.06103 -0.23876
v 0.87711 0.06103 -0.07593
v 0.87711 0.06103 0.10862
v 0.87711 0.06103 0.27145
v 0.87711 0.06103 0.45599
v 0.87711 0.06103 0.61883
v 0.87711 0.06103 0.78166
v 0.87711 0.06103 0.96620
v 0.87711 0.06103 1.12904
v 0.87711 0.06103 1.31358
v 0.87711 0.06103 1.47641
v 0.85484 0.07865 -1.82365
v 0.85484 0.07865 -1.63912
v 0.85484 0.07865 -1.47629
v 0.85484 0.07865 -1.28089
v 0.85484 0.07865 -1.12891
v 0.85484 0.07865 -0.93351
v 0.85484 0.07865 -0.78154
v 0.85484 0.07865 -0.58614
v 0.85484 0.07865 -0.42330
v 0.85484 0.07865 -0.23876
v 0.85484 0.07865 -0.07593
v 0.85484 0.07865 0.10862
v 0.85484 0.07865 0.27145
v 0.85484 0.07865 0.45599
v 0.85484 0.07865 0.61883
v 0.85484 0.07865 0.78166
v 0.85484 0.07865 0.96620
v 0.85484 0.07865 1.12904
v 0.85484 0.07865 1.31358
v 0.85484 0.07865 1.47641
v -0.70401 0.04524 -1.82365
v -0.70401 0.04524 -1.63912
v -0.70401 0.04524 -1.47629
v -0.70401 0.04524 -1.28089
v -0.70401 0.04524 -1.12891
v -0.70401 0.04524 -0.93351
v -0.70401 0.04524 -0.78154
v -0.70401 0.04524 -0.58614
v -0.70401 0.04524 -0.42330
v -0.70401 0.04524 -0.23876
v -0.70401 0.04524 -0.07593
v -0.70401 0.04524 0.10862
v -0.70401 0.04524 0.27145
v -0.70401 0.04524 0.45599
v -0.70401 0.04524 0.61883
v -0.70401 0.04524 0.78166
v -0.70401 0.04524 0.96620
v -0.70401 0.04524 1.12904
v -0.70401 0.04524 1.31358
v -0.70401 0.04524 1.47641
v -0.51448 0.04524 -1.82365
v -0.51448 0.04524 -1.63912
v -0.51448 0.04524 -1.47629
v -0.51448 0.04524 -1.28089
v -0.51448 0.04524 -1.12891
v -0.51448 0.04524 -0.93351
v -0.51448 0.04524 -0.78154
v -0.51448 0.04524 -0.58614
v -0.51448 0.04524 -0.42330
v -0.51448 0.04524 -0.23876
v -0.51448 0.04524 -0.07593
v -0.51448 0.04524 0.10862
v -0.51448 0.04524 0.27145
v -0.51448 0.04524 0.45599
v -0.51448 0.04524 0.61883
v -0.51448 0.04524 0.78166
v -0.51448 0.04524 0.96620
v -0.51448 0.04524 1.12904
v -0.51448 0.04524 1.31358
v -0.51448 0.04524 1.47641
v -0.35743 0.04524 -1.82365
v -0.35743 0.04524 -1.63912
v -0.35743 0.04524 -1.47629
v -0.35743 0.04524 -1.28089
v -0.35743 0.04524 -1.12891
v -0.35743 0.04524 -0.93351
v -0.35743 0.04524 -0.78154
v -0.35743 0.04524 -0.58614
v -0.35743 0.04524 -0.42330
v -0.35743 0.04524 -0.23876
v -0.35743 0.04524 -0.07593
v -0.35743 0.04524 0.10862
v -0.35743 0.04524 0.27145
v -0.35743 0.04524 0.45599
v -0.35743 0.04524 0.61883
v -0.35743 0.04524 0.78166
v -0.35743 0.04524 0.96620
v -0.35743 0.04524 1.12904
v -0.35743 0.04524 1.31358
v -0.35743 0.04524 1.47641
v -0.16247 0.04524 -1.82365
v -0.16247 0.04524 -1.63912
v -0.16247 0.04524 -1.47629
v -0.16247 0.04524 -1.28089
v -0.16615 0.05375 -1.12790
v -0.16428 0.05199 -0.93673
v -0.15385 0.05260 -0.78970
v -0.16247 0.04524 -0.58614
v -0.16247 0.04524 -0.42330
v -0.16247 0.04524 -0.23876
v -0.16247 0.04524 -0.07593
v -0.16247 0.04524 0.10862
v -0.16247 0.04524 0.27145
v -0.16247 0.04524 0.45599
v -0.16247 0.04524 0.61883
v -0.16247 0.04524 0.78166
v -0.16247 0.04524 0.96620
v -0.16247 0.04524 1.12904
v -0.16247 0.04524 1.31358
v -0.16247 0.04524 1.47641
v -0.01083 0.04524 -1.82365
v -0.01083 0.04524 -1.63912
v -0.01083 0.04524 -1.47629
v -0.01083 0.04524 -1.28089
v -0.00438 0.06575 -1.11847
v -0.00083 0.05295 -0.93809
v -0.00109 0.05294 -0.77559
v -0.01083 0.04524 -0.58614
v -0.01083 0.04524 -0.42330
v -0.01083 0.04524 -0.23876
v -0.01083 0.04524 -0.07593
v -0.01083 0.04524 0.10862
v -0.01083 0.04524 0.27145
v -0.01083 0.04524 0.45599
v -0.01083 0.04524 0.61883
v -0.01083 0.04524 0.78166
v -0.01083 0.04524 0.96620
v -0.01083 0.04524 1.12904
v -0.01083 0.04524 1.31358
v -0.01083 0.04524 1.47641
v 0.18413 0.04524 -1.82365
v 0.18413 0.04524 -1.63912
v 0.18413 0.04524 -1.47629
v 0.18413 0.04524 -1.28089
v 0.17731 0.05376 -1.12103
v 0.18424 0.05198 -0.93673
v 0.18413 0.04524 -0.78154
v 0.18413 0.04524 -0.58614
v 0.18413 0.04524 -0.42330
v 0.18413 0.04524 -0.23876
v 0.18413 0.04524 -0.07593
v 0.18413 0.04524 0.10862
v 0.18413 0.04524 0.27145
v 0.18413 0.04524 0.45599
v 0.18413 0.04524 0.61883
v 0.18413 0.04524 0.78166
v 0.18413 0.04524 0.96620
v 0.18413 0.04524 1.12904
v 0.18413 0.04524 1.31358
v 0.18413 0.04524 1.47641
v 0.34660 0.04524 -1.82365
v 0.34660 0.04524 -1.63912
v 0.34660 0.04524 -1.47629
v 0.34660 0.04524 -1.28089
v 0.34660 0.04524 -1.12891
v 0.34660 0.04524 -0.93351
v 0.34660 0.04524 -0.78154
v 0.34660 0.04524 -0.58614
v 0.34660 0.04524 -0.42330
v 0.34660 0.04524 -0.23876
v 0.34660 0.04524 -0.07593
v 0.34660 0.04524 0.10862
v 0.34660 0.04524 0.27145
v 0.34660 0.04524 0.45599
v 0.34660 0.04524 0.61883
v 0.34660 0.04524 0.78166
v 0.34660 0.04524 0.96620
v 0.34660 0.04524 1.12904
v 0.34660 0.04524 1.31358
v 0.34660 0.04524 1.47641
v 0.53073 0.04524 -1.82365
v 0.53073 0.04524 -1.63912
v 0.53073 0.04524 -1.47629
v 0.53073 0.04524 -1.28089
v 0.53073 0.04524 -1.12891
v 0.53073 0.04524 -0.93351
v 0.53073 0.04524 -0.78154
v 0.53073 0.04524 -0.58614
v 0.53073 0.04524 -0.42330
v 0.53073 0.04524 -0.23876
v 0.53073 0.04524 -0.07593
v 0.53073 0.04524 0.10862
v 0.53073 0.04524 0.27145
v 0.53073 0.04524 0.45599
v 0.53073 0.04524 0.61883
v 0.53073 0.04524 0.78166
v 0.53073 0.04524 0.96620
v 0.53073 0.04524 1.12904
v 0.53073 0.04524 1.31358
v 0.53073 0.04524 1.47641
v 0.69320 0.04524 -1.82365
v 0.69320 0.04524 -1.63912
v 0.69320 0.04524 -1.47629
v 0.69320 0.04524 -1.28089
v 0.69320 0.04524 -1.12891
v 0.69320 0.04524 -0.93351
v 0.69320 0.04524 -0.78154
v 0.69320 0.04524 -0.58614
v 0.69320 0.04524 -0.42330
v 0.69320 0.04524 -0.23876
v 0.69320 0.04524 -0.07593
v 0.69320 0.04524 0.10862
v 0.69320 0.04524 0.27145
v 0.69320 0.04524 0.45599
v 0.69320 0.04524 0.61883
v 0.69320 0.04524 0.78166
v 0.69320 0.04524 0.96620
v 0.69320 0.04524 1.12904
v 0.69320 0.04524 1.31358
v 0.69320 0.04524 1.47641
v 0.69320 0.07926 -1.82365
v 0.69320 0.07926 -1.63912
v 0.69320 0.07926 -1.47629
v 0.69320 0.07926 -1.28089
v 0.69320 0.07926 -1.12891
v 0.69320 0.07926 -0.93351
v 0.69320 0.07926 -0.78154
v 0.69320 0.07926 -0.58614
v 0.69320 0.07926 -0.42330
v 0.69320 0.07926 -0.23876
v 0.69320 0.07926 -0.07593
v 0.69320 0.07926 0.10862
v 0.69320 0.07926 0.27145
v 0.69320 0.07926 0.45599
v 0.69320 0.07926 0.61883
v 0.69320 0.07926 0.78166
v 0.69320 0.07926 0.96620
v 0.69320 0.07926 1.12904
v 0.69320 0.07926 1.31358
v 0.69320 0.07926 1.47641
v 0.53073 0.07926 -1.82365
v 0.53073 0.07926 -1.63912
v 0.53073 0.07926 -1.47629
v 0.53073 0.07926 -1.28089
v 0.53073 0.07926 -1.12891
v 0.53073 0.07926 -0.93351
v 0.53073 0.07926 -0.78154
v 0.53073 0.07926 -0.58614
v 0.53073 0.07926 -0.42330
v 0.53073 0.07926 -0.23876
v 0.53073 0.07926 -0.07593
v 0.53073 0.07926 1.31358
v 0.53073 0.07926 1.47641
v 0.34660 0.07926 -1.82365
v 0.34660 0.07926 -1.63912
v 0.34660 0.07926 -1.47629
v 0.34660 0.07926 -0.42331
v 0.34660 0.07926 -0.23876
v 0.34660 0.07926 -0.07593
v 0.34500 0.07926 1.15957
v 0.34660 0.07926 1.31358
v 0.34660 0.07926 1.47641
v 0.18413 0.07926 -1.82365
v 0.18413 0.07926 -1.63912
v 0.18413 0.07926 -1.47629
v 0.15205 0.07926 -0.62029
v 0.18413 0.07926 -0.42330
v 0.18413 0.07926 -0.23876
v 0.18413 0.07926 -0.07593
v 0.18413 0.07926 1.15956
v 0.18413 0.07926 1.31358
v 0.18413 0.07926 1.47641
v -0.01083 0.07926 -1.82365
v -0.01083 0.07926 -1.63912
v -0.01083 0.07926 -1.47629
v -0.00920 0.07926 -0.61661
v -0.01083 0.07926 -0.42330
v -0.01083 0.07926 -0.23876
v -0.01083 0.07926 -0.07593
v -0.01083 0.07926 1.15956
v -0.01083 0.07926 1.31358
v -0.01083 0.07926 1.47641
v -0.16247 0.07926 -1.82365
v -0.16247 0.07926 -1.63912
v -0.16247 0.07926 -1.47629
v -0.16416 0.07926 -0.61942
v -0.16247 0.07926 -0.42330
v -0.16247 0.07926 -0.23876
v -0.16247 0.07926 -0.07593
v -0.16247 0.07926 1.15956
v -0.16247 0.07926 1.31358
v -0.16247 0.07926 1.47641
v -0.35743 0.07926 -1.82365
v -0.35743 0.07926 -1.63912
v -0.35743 0.07926 -1.47629
v -0.35743 0.07926 -0.42331
v -0.35743 0.07926 -0.23876
v -0.35743 0.07926 -0.07593
v -0.35552 0.07926 1.15956
v -0.35743 0.07926 1.31358
v -0.35743 0.07926 1.47641
v -0.51448 0.07926 -1.82365
v -0.51448 0.07926 -1.63912
v -0.51448 0.07926 -1.47629
v -0.51448 0.07926 -1.28089
v -0.51448 0.07926 -1.12891
v -0.51448 0.07926 -0.93351
v -0.51448 0.07926 -0.78154
v -0.51448 0.07926 -0.58614
v -0.51448 0.07926 -0.42330
v -0.51448 0.07926 -0.23876
v -0.51448 0.07926 -0.07593
v -0.51448 0.07926 1.31358
v -0.51448 0.07926 1.47641
v -0.70401 0.07926 -1.82365
v -0.70401 0.07926 -1.63912
v -0.70401 0.07926 -1.47629
v -0.70401 0.07926 -1.28089
v -0.70401 0.07926 -1.12891
v -0.70401 0.07926 -0.93351
v -0.70401 0.07926 -0.78154
v -0.70401 0.07926 -0.58614
v -0.70401 0.07926 -0.42330
v -0.70401 0.07926 -0.23876
v -0.70401 0.07926 -0.07593
v -0.70401 0.07926 0.10862
v -0.70401 0.07926 0.27145
v -0.70401 0.07926 0.45599
v -0.70401 0.07926 0.61883
v -0.70401 0.07926 0.78166
v -0.70401 0.07926 0.96620
v -0.70401 0.07926 1.12904
v -0.70401 0.07926 1.31358
v -0.70401 0.07926 1.47641
v 0.31226 0.07926 -1.25699
v 0.34038 0.07926 -1.09462
v 0.34218 0.07926 -0.93659
v 0.34170 0.07926 -0.80808
v 0.30828 0.07926 -0.61462
v -0.32147 0.07926 -1.25334
v -0.35301 0.07926 -1.09550
v -0.35442 0.07926 -0.93754
v -0.35196 0.07926 -0.80768
v -0.32542 0.07926 -0.61382
v -0.16512 0.07926 -1.28864
v -0.00921 0.07926 -1.28126
v 0.15521 0.07926 -1.28867
v 0.12029 0.05355 -1.16207
v 0.09231 0.05367 -1.18699
v 0.10979 0.05362 -1.17885
v 0.09725 0.05300 -1.16155
v 0.12006 0.05315 -1.08934
v 0.08674 0.06538 -1.08895
v 0.09776 0.06650 -1.07281
v 0.15556 0.05285 -1.07138
v 0.14815 0.05290 -1.08728
v 0.11716 0.06449 -1.06236
v 0.14462 0.07035 -0.99983
v 0.09004 0.05195 -0.99823
v 0.09004 0.05195 -0.93750
v 0.14461 0.07034 -0.93568
v 0.12055 0.05301 -0.99806
v 0.14856 0.06572 -0.96785
v 0.12056 0.05314 -0.96818
v 0.09055 0.05296 -0.96813
v 0.12060 0.05301 -0.93814
v 0.15534 0.05287 -0.86431
v 0.09780 0.06632 -0.86309
v 0.08681 0.06551 -0.84705
v 0.12005 0.05316 -0.84701
v 0.11732 0.06459 -0.87359
v 0.14798 0.05299 -0.84875
v 0.12043 0.05358 -0.77368
v 0.09719 0.05301 -0.77462
v 0.09229 0.05368 -0.74936
v 0.10949 0.05358 -0.75761
v 0.02313 0.05378 -1.20003
v -0.00364 0.05348 -1.19849
v 0.00098 0.05369 -1.20726
v 0.02729 0.05819 -1.09552
v -0.00058 0.05315 -1.08961
v -0.00077 0.05300 -1.06528
v 0.02345 0.05239 -1.06516
v 0.02341 0.05219 -0.99821
v -0.00083 0.05295 -0.99817
v 0.02341 0.05219 -0.93764
v 0.02361 0.05301 -0.96814
v -0.00058 0.05314 -0.96818
v 0.02345 0.05239 -0.87080
v -0.00077 0.05300 -0.87100
v -0.00056 0.05316 -0.84678
v 0.02716 0.05788 -0.84111
v 0.02288 0.05378 -0.73635
v -0.00309 0.05351 -0.73693
v 0.00104 0.05368 -0.72904
v -0.07309 0.05387 -1.19104
v -0.09391 0.05366 -1.18547
v -0.10232 0.05319 -1.16153
v -0.10835 0.05589 -1.08973
v -0.12441 0.05312 -1.08742
v -0.12386 0.05932 -1.06114
v -0.10747 0.06726 -1.06653
v -0.11020 0.05276 -0.99816
v -0.13707 0.06721 -0.99945
v -0.13705 0.06718 -0.93620
v -0.11020 0.05276 -0.93799
v -0.11081 0.05311 -0.96817
v -0.13062 0.05921 -0.96803
v -0.10758 0.06720 -0.86935
v -0.12409 0.05970 -0.87476
v -0.12430 0.05314 -0.84890
v -0.10831 0.05600 -0.84660
v -0.07184 0.05253 -0.77604
v -0.10235 0.05321 -0.77413
v -0.09378 0.05366 -0.75081
v -0.07311 0.05388 -0.74536
v -0.20212 0.05332 -1.06730
v -0.19536 0.05382 -1.09352
v -0.21852 0.05369 -1.06007
v -0.22432 0.05385 -1.03312
v -0.23017 0.05382 -0.93697
v -0.23037 0.05383 -0.99880
v -0.23429 0.05364 -0.96806
v -0.19522 0.05388 -0.84259
v -0.19901 0.05229 -0.90265
v -0.21850 0.05369 -0.87620
v -0.20213 0.05333 -0.86881
v -0.22429 0.05386 -0.90280
v 0.21797 0.05365 -1.06190
v 0.18928 0.05354 -1.09825
v 0.22474 0.05379 -1.03312
v 0.22128 0.05280 -0.93406
v 0.23895 0.05371 -0.96804
v 0.22130 0.05279 -1.00190
v 0.23485 0.05392 -0.93803
v 0.21812 0.05307 -0.96815
v 0.23496 0.05393 -0.99768
v 0.18941 0.05362 -0.83775
v 0.21791 0.05365 -0.87432
v 0.22470 0.05380 -0.90281
v 0.15809 0.05343 -1.13263
v 0.15801 0.05343 -0.80382
v -0.16611 0.05375 -0.80847
v 0.15108 0.07921 -1.09418
v 0.11848 0.07835 -1.06304
v 0.12689 0.06513 -1.03431
v 0.18090 0.07921 -1.03001
v 0.14116 0.06818 -1.02339
v 0.14308 0.07855 -1.02730
v 0.18304 0.07920 -0.96880
v 0.15245 0.07834 -0.96800
v 0.12690 0.06491 -0.90171
v 0.18352 0.07922 -0.87227
v 0.14123 0.06812 -0.91206
v 0.14325 0.07850 -0.90880
v 0.15186 0.07922 -0.80928
v 0.11869 0.07834 -0.87201
v 0.05726 0.06657 -1.09911
v 0.08784 0.07919 -1.12476
v 0.05993 0.07818 -1.10581
v -0.00664 0.07922 -1.15487
v -0.00649 0.07839 -1.11908
v -0.07059 0.06693 -1.09395
v -0.06870 0.07916 -1.12324
v -0.07134 0.07829 -1.09982
v -0.13179 0.07918 -1.09278
v -0.10931 0.07820 -1.06996
v -0.16295 0.07918 -1.03045
v -0.12905 0.06812 -1.03176
v -0.13553 0.07834 -1.03205
v -0.19372 0.07922 -0.96901
v -0.15665 0.07903 -0.96803
v -0.14837 0.07799 -0.96806
v -0.16338 0.07920 -0.87337
v -0.12913 0.06798 -0.90414
v -0.13607 0.07831 -0.90405
v -0.13250 0.07921 -0.81094
v -0.10994 0.07820 -0.86553
v -0.07033 0.07922 -0.77921
v -0.07055 0.06694 -0.84185
v -0.07149 0.07827 -0.83530
v -0.00709 0.07921 -0.77824
v -0.00437 0.06575 -0.81748
v -0.00642 0.07838 -0.81577
v 0.08855 0.07922 -0.77765
v 0.05747 0.06646 -0.83685
v 0.06133 0.07813 -0.82977
v 0.49823 0.07926 0.11278
v 0.53198 0.07926 0.26970
v 0.53195 0.07926 0.43045
v 0.53241 0.07926 0.61813
v 0.53187 0.07926 0.77780
v 0.53181 0.07926 0.97066
v 0.49896 0.07926 1.12632
v -0.51685 0.07926 0.11307
v -0.54263 0.07926 0.27012
v -0.54260 0.07926 0.43138
v -0.54257 0.07926 0.61592
v -0.54255 0.07926 0.77874
v -0.54534 0.07926 0.97175
v -0.51542 0.07926 1.12526
v -0.35495 0.07926 0.08175
v -0.16247 0.07926 0.08170
v -0.01083 0.07926 0.08169
v 0.18413 0.07926 0.08170
v 0.34453 0.07926 0.08173
v 0.34323 0.07195 0.14388
v 0.34309 0.07195 1.05257
v 0.18412 0.07195 0.14387
v 0.18412 0.07195 1.05256
v -0.01083 0.07195 0.14387
v -0.01083 0.07195 1.05255
v -0.16247 0.07195 0.14387
v -0.16247 0.07195 1.05256
v -0.32585 0.07195 0.14388
v -0.32575 0.07195 1.05256
v -0.45298 0.07195 0.27153
v -0.45294 0.07234 0.42453
v -0.45296 0.07195 0.58718
v -0.45295 0.07195 0.78257
v -0.45292 0.07224 0.93749
v 0.45185 0.07141 0.27155
v 0.45214 0.07184 0.42451
v 0.45186 0.07150 0.58715
v 0.45188 0.07157 0.78255
v 0.45211 0.07194 0.93747
v 0.45011 0.07332 0.14601
v 0.45234 0.07202 0.17263
v 0.44634 0.07791 0.14268
v 0.45539 0.07273 0.17413
v 0.45769 0.07844 0.17381
v 0.45533 0.07807 0.14488
v 0.45963 0.07856 0.27131
v 0.45745 0.06730 0.27143
v 0.45888 0.07853 0.42624
v 0.45650 0.06975 0.42562
v 0.45871 0.07853 0.58832
v 0.45781 0.06627 0.58710
v 0.45896 0.07849 0.77979
v 0.45829 0.06498 0.78244
v 0.45825 0.07847 0.93825
v 0.45793 0.06591 0.93636
v 0.44945 0.07374 1.05102
v 0.44839 0.07781 1.05427
v 0.45232 0.07141 1.04142
v 0.45647 0.07838 1.03518
v 0.45506 0.07826 1.05413
v 0.34090 0.07853 0.14025
v 0.18412 0.07850 0.14024
v -0.01083 0.07850 0.14021
v -0.16247 0.07850 0.14023
v -0.32404 0.07858 0.14008
v -0.42110 0.07238 0.14401
v -0.45338 0.07798 0.14426
v -0.45292 0.07257 0.17281
v -0.45089 0.07338 0.14611
v -0.45663 0.07839 0.17366
v -0.47924 0.07925 0.26926
v -0.45686 0.07844 0.27157
v -0.48112 0.07925 0.43008
v -0.45688 0.07845 0.42563
v -0.48156 0.07925 0.58741
v -0.45678 0.07845 0.58844
v -0.48059 0.07925 0.77957
v -0.45667 0.07838 0.77992
v -0.48092 0.07925 0.93764
v -0.45639 0.07838 0.93833
v -0.42097 0.07245 1.05221
v -0.45247 0.07152 1.04133
v -0.45237 0.07795 1.05397
v -0.45029 0.07378 1.05099
v -0.42108 0.07844 1.05700
v -0.45573 0.07835 1.03533
v -0.32489 0.07856 1.05799
v -0.16247 0.07849 1.05746
v -0.01083 0.07849 1.05744
v 0.18412 0.07849 1.05747
v 0.34145 0.07856 1.05784
v -0.83191 0.07776 1.66199
v -0.86366 0.07787 1.63672
v -0.86416 0.07793 -1.95189
v -0.83197 0.07793 -1.98415
v 0.87011 0.07745 1.63607
v 0.85341 0.07758 1.66096
v 0.85378 0.07774 -1.98279
v 0.87037 0.07750 -1.95166
v -0.83219 0.04550 1.50890
v -0.83219 0.04551 1.54063
v -0.83219 0.04553 1.57053
v -0.83219 0.04561 1.60148
v -0.87575 0.05992 -1.85574
v -0.87574 0.05992 -1.88637
v -0.87569 0.05993 -1.91865
v -0.83219 0.07900 -1.85574
v -0.83219 0.07898 -1.88637
v -0.83219 0.07892 -1.91866
v -0.87576 0.05992 1.50890
v -0.87575 0.05992 1.54063
v -0.87573 0.05992 1.57052
v -0.87568 0.05993 1.60147
v -0.73604 0.04550 -1.95211
v -0.76660 0.04552 -1.95211
v -0.79881 0.04558 -1.95211
v 0.72547 0.05992 -1.99575
v 0.75664 0.05992 -1.99574
v 0.78561 0.05992 -1.99572
v 0.81862 0.06001 -1.99562
v 0.72547 0.07901 -1.95211
v 0.75664 0.07899 -1.95211
v 0.78562 0.07895 -1.95211
v 0.81858 0.07884 -1.95210
v -0.73604 0.05992 -1.99575
v -0.76660 0.05992 -1.99574
v -0.79881 0.05993 -1.99569
v 0.85484 0.04586 -1.85574
v 0.85484 0.04588 -1.88637
v 0.85483 0.04594 -1.91866
v 0.87711 0.06103 1.50890
v 0.87711 0.06103 1.54063
v 0.87709 0.06103 1.57052
v 0.87703 0.06104 1.60147
v 0.85484 0.07865 1.50890
v 0.85484 0.07864 1.54063
v 0.85483 0.07861 1.57052
v 0.85483 0.07854 1.60148
v 0.87711 0.06103 -1.85574
v 0.87709 0.06103 -1.88637
v 0.87705 0.06103 -1.91865
v 0.72547 0.04562 1.63725
v 0.75664 0.04563 1.63725
v 0.78562 0.04567 1.63724
v 0.81858 0.04578 1.63724
v -0.73604 0.06038 1.67096
v -0.76660 0.06038 1.67095
v -0.79881 0.06039 1.67090
v -0.73604 0.07888 1.63725
v -0.76660 0.07886 1.63724
v -0.79881 0.07880 1.63724
v 0.72547 0.06038 1.67096
v 0.75664 0.06038 1.67095
v 0.78561 0.06038 1.67093
v 0.81862 0.06047 1.67083
v 0.81858 0.04566 -1.95210
v 0.78562 0.04555 -1.95211
v 0.75664 0.04551 -1.95211
v 0.72547 0.04550 -1.95211
v 0.66071 0.04550 -1.95211
v 0.62821 0.04550 -1.95211
v 0.59572 0.04550 -1.95211
v 0.56322 0.04550 -1.95211
v 0.49824 0.04550 -1.95211
v 0.46574 0.04550 -1.95211
v 0.43325 0.04550 -1.95211
v 0.40617 0.04550 -1.95211
v 0.37909 0.04550 -1.95211
v 0.31411 0.04550 -1.95211
v 0.28161 0.04550 -1.95211
v 0.24912 0.04550 -1.95211
v 0.21663 0.04550 -1.95211
v 0.15164 0.04550 -1.95211
v 0.11914 0.04550 -1.95211
v 0.08665 0.04550 -1.95211
v 0.05416 0.04550 -1.95211
v 0.02166 0.04550 -1.95211
v -0.04332 0.04550 -1.95211
v -0.07040 0.04550 -1.95211
v -0.09748 0.04550 -1.95211
v -0.12997 0.04550 -1.95211
v -0.19496 0.04550 -1.95211
v -0.22746 0.04550 -1.95211
v -0.25995 0.04550 -1.95211
v -0.29244 0.04550 -1.95211
v -0.32494 0.04550 -1.95211
v -0.38992 0.04550 -1.95211
v -0.42242 0.04550 -1.95211
v -0.45491 0.04550 -1.95211
v -0.48741 0.04550 -1.95211
v -0.54156 0.04550 -1.95211
v -0.57406 0.04550 -1.95211
v -0.60655 0.04550 -1.95211
v -0.63904 0.04550 -1.95211
v -0.67154 0.04550 -1.95211
v -0.67154 0.05992 -1.99575
v -0.63904 0.05992 -1.99575
v -0.60655 0.05992 -1.99575
v -0.57406 0.05992 -1.99575
v -0.54156 0.05992 -1.99575
v -0.48741 0.05992 -1.99575
v -0.45491 0.05992 -1.99575
v -0.42242 0.05992 -1.99575
v -0.38992 0.05992 -1.99575
v -0.32494 0.05992 -1.99575
v -0.29244 0.05992 -1.99575
v -0.25995 0.05992 -1.99575
v -0.22746 0.05992 -1.99575
v -0.19496 0.05992 -1.99575
v -0.12998 0.05992 -1.99575
v -0.09748 0.05992 -1.99575
v -0.07040 0.05992 -1.99575
v -0.04332 0.05992 -1.99575
v 0.02166 0.05992 -1.99575
v 0.05416 0.05992 -1.99575
v 0.08665 0.05992 -1.99575
v 0.11914 0.05992 -1.99575
v 0.15164 0.05992 -1.99575
v 0.21662 0.05992 -1.99575
v 0.24912 0.05992 -1.99575
v 0.28161 0.05992 -1.99575
v 0.31411 0.05992 -1.99575
v 0.37909 0.05992 -1.99575
v 0.40617 0.05992 -1.99575
v 0.43325 0.05992 -1.99575
v 0.46574 0.05992 -1.99575
v 0.49824 0.05992 -1.99575
v 0.56322 0.05992 -1.99575
v 0.59572 0.05992 -1.99575
v 0.62821 0.05992 -1.99575
v 0.66071 0.05992 -1.99575
v -0.79881 0.07892 -1.95211
v -0.76660 0.07898 -1.95211
v -0.73604 0.07900 -1.95211
v -0.67154 0.07901 -1.95211
v -0.63904 0.07901 -1.95211
v -0.60655 0.07901 -1.95211
v -0.57406 0.07901 -1.95211
v -0.54156 0.07901 -1.95211
v -0.48741 0.07901 -1.95211
v -0.45491 0.07901 -1.95211
v -0.42242 0.07901 -1.95211
v -0.38992 0.07901 -1.95211
v -0.32494 0.07901 -1.95211
v -0.29244 0.07901 -1.95211
v -0.25995 0.07901 -1.95211
v -0.22746 0.07901 -1.95211
v -0.19496 0.07901 -1.95211
v -0.12997 0.07901 -1.95211
v -0.09748 0.07901 -1.95211
v -0.07040 0.07901 -1.95211
v -0.04333 0.07901 -1.95211
v 0.02166 0.07901 -1.95211
v 0.05416 0.07901 -1.95211
v 0.08665 0.07901 -1.95211
v 0.11914 0.07901 -1.95211
v 0.15164 0.07901 -1.95211
v 0.21663 0.07901 -1.95211
v 0.24912 0.07901 -1.95211
v 0.28161 0.07901 -1.95211
v 0.31411 0.07901 -1.95211
v 0.37909 0.07901 -1.95211
v 0.40617 0.07901 -1.95211
v 0.43325 0.07901 -1.95211
v 0.46574 0.07901 -1.95211
v 0.49824 0.07901 -1.95211
v 0.56322 0.07901 -1.95211
v 0.59572 0.07901 -1.95211
v 0.62821 0.07901 -1.95211
v 0.66071 0.07901 -1.95211
v -0.79881 0.04570 1.63724
v -0.76660 0.04564 1.63724
v -0.73604 0.04562 1.63725
v -0.67154 0.04562 1.63725
v -0.63904 0.04562 1.63725
v -0.60655 0.04562 1.63725
v -0.57406 0.04562 1.63725
v -0.54156 0.04562 1.63725
v -0.48741 0.04562 1.63725
v -0.45491 0.04562 1.63725
v -0.42242 0.04562 1.63725
v -0.38992 0.04562 1.63725
v -0.32494 0.04562 1.63725
v -0.29244 0.04562 1.63725
v -0.25995 0.04562 1.63725
v -0.22746 0.04562 1.63725
v -0.19496 0.04562 1.63725
v -0.12997 0.04562 1.63725
v -0.09748 0.04562 1.63725
v -0.07040 0.04562 1.63725
v -0.04332 0.04562 1.63725
v 0.02166 0.04562 1.63725
v 0.05416 0.04562 1.63725
v 0.08665 0.04562 1.63725
v 0.11914 0.04562 1.63725
v 0.15164 0.04562 1.63725
v 0.21663 0.04562 1.63725
v 0.24912 0.04562 1.63725
v 0.28161 0.04562 1.63725
v 0.31411 0.04562 1.63725
v 0.37909 0.04562 1.63725
v 0.40617 0.04562 1.63725
v 0.43325 0.04562 1.63725
v 0.46574 0.04562 1.63725
v 0.49824 0.04562 1.63725
v 0.56322 0.04562 1.63725
v 0.59572 0.04562 1.63725
v 0.62821 0.04562 1.63725
v 0.66071 0.04562 1.63725
v 0.66071 0.06038 1.67096
v 0.62821 0.06038 1.67096
v 0.59572 0.06038 1.67096
v 0.56322 0.06038 1.67096
v 0.49824 0.06038 1.67096
v 0.46574 0.06038 1.67096
v 0.43325 0.06038 1.67096
v 0.40617 0.06038 1.67096
v 0.37909 0.06038 1.67096
v 0.31411 0.06038 1.67096
v 0.28161 0.06038 1.67096
v 0.24912 0.06038 1.67096
v 0.21662 0.06038 1.67096
v 0.15164 0.06038 1.67096
v 0.11914 0.06038 1.67096
v 0.08665 0.06038 1.67096
v 0.05416 0.06038 1.67096
v 0.02166 0.06038 1.67096
v -0.04332 0.06038 1.67096
v -0.07040 0.06038 1.67096
v -0.09748 0.06038 1.67096
v -0.12998 0.06038 1.67096
v -0.19496 0.06038 1.67096
v -0.22746 0.06038 1.67096
v -0.25995 0.06038 1.67096
v -0.29244 0.06038 1.67096
v -0.32494 0.06038 1.67096
v -0.38992 0.06038 1.67096
v -0.42242 0.06038 1.67096
v -0.45491 0.06038 1.67096
v -0.48741 0.06038 1.67096
v -0.54156 0.06038 1.67096
v -0.57406 0.06038 1.67096
v -0.60655 0.06038 1.67096
v -0.63904 0.06038 1.67096
v -0.67154 0.06038 1.67096
v 0.81858 0.07872 1.63724
v 0.78562 0.07883 1.63724
v 0.75664 0.07887 1.63725
v 0.72547 0.07889 1.63725
v 0.66071 0.07889 1.63725
v 0.62821 0.07889 1.63725
v 0.59572 0.07889 1.63725
v 0.56322 0.07889 1.63725
v 0.49824 0.07889 1.63725
v 0.46574 0.07889 1.63725
v 0.43325 0.07889 1.63725
v 0.40617 0.07889 1.63725
v 0.37909 0.07889 1.63725
v 0.31411 0.07889 1.63725
v 0.28161 0.07889 1.63725
v 0.24912 0.07889 1.63725
v 0.21663 0.07889 1.63725
v 0.15164 0.07889 1.63725
v 0.11914 0.07889 1.63725
v 0.08665 0.07889 1.63725
v 0.05416 0.07889 1.63725
v 0.02166 0.07889 1.63725
v -0.04333 0.07889 1.63725
v -0.07040 0.07889 1.63725
v -0.09748 0.07889 1.63725
v -0.12997 0.07889 1.63725
v -0.19496 0.07889 1.63725
v -0.22746 0.07889 1.63725
v -0.25995 0.07889 1.63725
v -0.29244 0.07889 1.63725
v -0.32494 0.07889 1.63725
v -0.38993 0.07889 1.63725
v -0.42242 0.07889 1.63725
v -0.45491 0.07889 1.63725
v -0.48741 0.07889 1.63725
v -0.54156 0.07889 1.63725
v -0.57406 0.07889 1.63725
v -0.60655 0.07889 1.63725
v -0.63904 0.07889 1.63725
v -0.67154 0.07889 1.63725
v -0.70401 0.04524 1.50890
v -0.70401 0.04525 1.54063
v -0.70401 0.04528 1.57053
v -0.70401 0.04536 1.60148
v -0.51448 0.04524 1.50890
v -0.51448 0.04525 1.54063
v -0.51448 0.04528 1.57053
v -0.51448 0.04536 1.60148
v -0.35743 0.04524 1.50890
v -0.35743 0.04525 1.54063
v -0.35743 0.04528 1.57053
v -0.35743 0.04536 1.60148
v -0.16247 0.04524 1.50890
v -0.16247 0.04525 1.54063
v -0.16247 0.04528 1.57053
v -0.16247 0.04536 1.60148
v -0.01083 0.04524 1.50890
v -0.01083 0.04525 1.54063
v -0.01083 0.04528 1.57053
v -0.01083 0.04536 1.60148
v 0.18413 0.04524 1.50890
v 0.18413 0.04525 1.54063
v 0.18413 0.04528 1.57053
v 0.18413 0.04536 1.60148
v 0.34660 0.04524 1.50890
v 0.34660 0.04525 1.54063
v 0.34660 0.04528 1.57053
v 0.34660 0.04536 1.60148
v 0.53073 0.04524 1.50890
v 0.53073 0.04525 1.54063
v 0.53073 0.04528 1.57053
v 0.53073 0.04536 1.60148
v 0.69320 0.04524 1.50890
v 0.69320 0.04525 1.54063
v 0.69320 0.04528 1.57053
v 0.69320 0.04536 1.60148
v 0.69320 0.07794 1.66239
v 0.53073 0.07794 1.66239
v 0.34660 0.07794 1.66239
v 0.18413 0.07794 1.66239
v -0.01083 0.07794 1.66239
v -0.16247 0.07794 1.66239
v -0.35743 0.07794 1.66239
v -0.51448 0.07794 1.66239
v -0.70401 0.07794 1.66239
v -0.70401 0.07812 -1.98466
v -0.51448 0.07812 -1.98466
v -0.35743 0.07812 -1.98466
v -0.16247 0.07812 -1.98466
v -0.01083 0.07812 -1.98466
v 0.18413 0.07812 -1.98466
v 0.34660 0.07812 -1.98466
v 0.53073 0.07812 -1.98466
v 0.69320 0.07812 -1.98466
v 0.69320 0.07926 1.50890
v 0.69320 0.07925 1.54063
v 0.69320 0.07922 1.57053
v 0.69320 0.07915 1.60148
v 0.53073 0.07926 1.50890
v 0.53073 0.07925 1.54063
v 0.53073 0.07923 1.57053
v 0.53073 0.07915 1.60148
v 0.34660 0.07926 1.50890
v 0.34660 0.07925 1.54063
v 0.34660 0.07923 1.57053
v 0.34660 0.07915 1.60148
v 0.18413 0.07926 1.50890
v 0.18413 0.07925 1.54063
v 0.18413 0.07923 1.57053
v 0.18413 0.07915 1.60148
v -0.01083 0.07926 1.50890
v -0.01083 0.07925 1.54063
v -0.01083 0.07923 1.57053
v -0.01083 0.07915 1.60148
v -0.16247 0.07926 1.50890
v -0.16247 0.07925 1.54063
v -0.16247 0.07923 1.57053
v -0.16247 0.07915 1.60148
v -0.35743 0.07926 1.50890
v -0.35743 0.07925 1.54063
v -0.35743 0.07923 1.57053
v -0.35743 0.07915 1.60148
v -0.51448 0.07926 1.50890
v -0.51448 0.07925 1.54063
v -0.51448 0.07923 1.57053
v -0.51448 0.07915 1.60148
v -0.70401 0.07926 1.50890
v -0.70401 0.07925 1.54063
v -0.70401 0.07922 1.57053
v -0.70401 0.07915 1.60148
v -0.83219 0.04558 -1.91866
v -0.83219 0.04552 -1.88637
v -0.83219 0.04550 -1.85574
v -0.83219 0.04550 -1.79110
v -0.83219 0.04550 -1.75853
v -0.83219 0.04550 -1.72597
v -0.83219 0.04550 -1.69340
v -0.83219 0.04550 -1.66626
v -0.83219 0.04550 -1.60656
v -0.83219 0.04550 -1.57399
v -0.83219 0.04550 -1.54142
v -0.83219 0.04550 -1.50886
v -0.83219 0.04550 -1.44372
v -0.83219 0.04550 -1.41116
v -0.83219 0.04550 -1.37859
v -0.83219 0.04550 -1.34602
v -0.83219 0.04550 -1.31346
v -0.83219 0.04550 -1.25375
v -0.83219 0.04550 -1.22661
v -0.83219 0.04550 -1.19405
v -0.83219 0.04550 -1.16148
v -0.83219 0.04550 -1.09635
v -0.83219 0.04550 -1.06378
v -0.83219 0.04550 -1.03121
v -0.83219 0.04550 -0.99865
v -0.83219 0.04550 -0.96608
v -0.83219 0.04550 -0.90095
v -0.83219 0.04550 -0.86838
v -0.83219 0.04550 -0.84124
v -0.83219 0.04550 -0.81410
v -0.83219 0.04550 -0.74897
v -0.83219 0.04550 -0.71640
v -0.83219 0.04550 -0.68384
v -0.83219 0.04550 -0.65127
v -0.83219 0.04550 -0.61870
v -0.83219 0.04550 -0.55357
v -0.83219 0.04550 -0.52100
v -0.83219 0.04550 -0.48844
v -0.83219 0.04550 -0.45587
v -0.83219 0.04550 -0.39617
v -0.83219 0.04550 -0.36903
v -0.83219 0.04550 -0.33646
v -0.83219 0.04550 -0.30389
v -0.83219 0.04550 -0.27133
v -0.83219 0.04550 -0.20619
v -0.83219 0.04550 -0.17363
v -0.83219 0.04550 -0.14106
v -0.83219 0.04550 -0.10849
v -0.83219 0.04550 -0.04336
v -0.83219 0.04550 -0.01079
v -0.83219 0.04550 0.01634
v -0.83219 0.04550 0.04348
v -0.83219 0.04550 0.07605
v -0.83219 0.04550 0.14118
v -0.83219 0.04550 0.17375
v -0.83219 0.04550 0.20632
v -0.83219 0.04550 0.23888
v -0.83219 0.04550 0.30402
v -0.83219 0.04550 0.33658
v -0.83219 0.04550 0.36915
v -0.83219 0.04550 0.40172
v -0.83219 0.04550 0.42885
v -0.83219 0.04550 0.48856
v -0.83219 0.04550 0.52113
v -0.83219 0.04550 0.55369
v -0.83219 0.04550 0.58626
v -0.83219 0.04550 0.65139
v -0.83219 0.04550 0.68396
v -0.83219 0.04550 0.71653
v -0.83219 0.04550 0.74909
v -0.83219 0.04550 0.81423
v -0.83219 0.04550 0.84679
v -0.83219 0.04550 0.87393
v -0.83219 0.04550 0.90107
v -0.83219 0.04550 0.93364
v -0.83219 0.04550 0.99877
v -0.83219 0.04550 1.03134
v -0.83219 0.04550 1.06390
v -0.83219 0.04550 1.09647
v -0.83219 0.04550 1.16160
v -0.83219 0.04550 1.19417
v -0.83219 0.04550 1.22674
v -0.83219 0.04550 1.25930
v -0.83219 0.04550 1.28644
v -0.83219 0.04550 1.34615
v -0.83219 0.04550 1.37871
v -0.83219 0.04550 1.41128
v -0.83219 0.04550 1.44385
v -0.87576 0.05992 1.44385
v -0.87576 0.05992 1.41128
v -0.87576 0.05992 1.37871
v -0.87576 0.05992 1.34615
v -0.87576 0.05992 1.28644
v -0.87576 0.05992 1.25930
v -0.87576 0.05992 1.22674
v -0.87576 0.05992 1.19417
v -0.87576 0.05992 1.16160
v -0.87576 0.05992 1.09647
v -0.87576 0.05992 1.06390
v -0.87576 0.05992 1.03134
v -0.87576 0.05992 0.99877
v -0.87576 0.05992 0.93364
v -0.87576 0.05992 0.90107
v -0.87576 0.05992 0.87393
v -0.87576 0.05992 0.84679
v -0.87576 0.05992 0.81423
v -0.87576 0.05992 0.74909
v -0.87576 0.05992 0.71653
v -0.87576 0.05992 0.68396
v -0.87576 0.05992 0.65139
v -0.87576 0.05992 0.58626
v -0.87576 0.05992 0.55369
v -0.87576 0.05992 0.52113
v -0.87576 0.05992 0.48856
v -0.87576 0.05992 0.42885
v -0.87576 0.05992 0.40172
v -0.87576 0.05992 0.36915
v -0.87576 0.05992 0.33658
v -0.87576 0.05992 0.30402
v -0.87576 0.05992 0.23888
v -0.87576 0.05992 0.20632
v -0.87576 0.05992 0.17375
v -0.87576 0.05992 0.14118
v -0.87576 0.05992 0.07605
v -0.87576 0.05992 0.04348
v -0.87576 0.05992 0.01635
v -0.87576 0.05992 -0.01079
v -0.87576 0.05992 -0.04336
v -0.87576 0.05992 -0.10849
v -0.87576 0.05992 -0.14106
v -0.87576 0.05992 -0.17363
v -0.87576 0.05992 -0.20619
v -0.87576 0.05992 -0.27133
v -0.87576 0.05992 -0.30389
v -0.87576 0.05992 -0.33646
v -0.87576 0.05992 -0.36903
v -0.87576 0.05992 -0.39617
v -0.87576 0.05992 -0.45587
v -0.87576 0.05992 -0.48844
v -0.87576 0.05992 -0.52100
v -0.87576 0.05992 -0.55357
v -0.87576 0.05992 -0.61870
v -0.87576 0.05992 -0.65127
v -0.87576 0.05992 -0.68384
v -0.87576 0.05992 -0.71640
v -0.87576 0.05992 -0.74897
v -0.87576 0.05992 -0.81410
v -0.87576 0.05992 -0.84124
v -0.87576 0.05992 -0.86838
v -0.87576 0.05992 -0.90095
v -0.87576 0.05992 -0.96608
v -0.87576 0.05992 -0.99865
v -0.87576 0.05992 -1.03121
v -0.87576 0.05992 -1.06378
v -0.87576 0.05992 -1.09635
v -0.87576 0.05992 -1.16148
v -0.87576 0.05992 -1.19405
v -0.87576 0.05992 -1.22661
v -0.87576 0.05992 -1.25375
v -0.87576 0.05992 -1.31346
v -0.87576 0.05992 -1.34602
v -0.87576 0.05992 -1.37859
v -0.87576 0.05992 -1.41116
v -0.87576 0.05992 -1.44372
v -0.87576 0.05992 -1.50886
v -0.87576 0.05992 -1.54142
v -0.87576 0.05992 -1.57399
v -0.87576 0.05992 -1.60656
v -0.87576 0.05992 -1.66626
v -0.87576 0.05992 -1.69340
v -0.87576 0.05992 -1.72597
v -0.87576 0.05992 -1.75853
v -0.87576 0.05992 -1.79110
v -0.83219 0.07890 1.60148
v -0.83219 0.07897 1.57053
v -0.83219 0.07900 1.54063
v -0.83219 0.07901 1.50890
v -0.83219 0.07901 1.44385
v -0.83219 0.07901 1.41128
v -0.83219 0.07901 1.37871
v -0.83219 0.07901 1.34615
v -0.83219 0.07901 1.28644
v -0.83219 0.07901 1.25930
v -0.83219 0.07901 1.22674
v -0.83219 0.07901 1.19417
v -0.83219 0.07901 1.16160
v -0.83219 0.07901 1.09647
v -0.83219 0.07901 1.06390
v -0.83219 0.07901 1.03134
v -0.83219 0.07901 0.99877
v -0.83219 0.07901 0.93364
v -0.83219 0.07901 0.90107
v -0.83219 0.07901 0.87393
v -0.83219 0.07901 0.84679
v -0.83219 0.07901 0.81423
v -0.83219 0.07901 0.74909
v -0.83219 0.07901 0.71653
v -0.83219 0.07901 0.68396
v -0.83219 0.07901 0.65139
v -0.83219 0.07901 0.58626
v -0.83219 0.07901 0.55369
v -0.83219 0.07901 0.52113
v -0.83219 0.07901 0.48856
v -0.83219 0.07901 0.42885
v -0.83219 0.07901 0.40172
v -0.83219 0.07901 0.36915
v -0.83219 0.07901 0.33658
v -0.83219 0.07901 0.30402
v -0.83219 0.07901 0.23888
v -0.83219 0.07901 0.20632
v -0.83219 0.07901 0.17375
v -0.83219 0.07901 0.14118
v -0.83219 0.07901 0.07605
v -0.83219 0.07901 0.04348
v -0.83219 0.07901 0.01634
v -0.83219 0.07901 -0.01079
v -0.83219 0.07901 -0.04336
v -0.83219 0.07901 -0.10849
v -0.83219 0.07901 -0.14106
v -0.83219 0.07901 -0.17363
v -0.83219 0.07901 -0.20619
v -0.83219 0.07901 -0.27133
v -0.83219 0.07901 -0.30389
v -0.83219 0.07901 -0.33646
v -0.83219 0.07901 -0.36903
v -0.83219 0.07901 -0.39617
v -0.83219 0.07901 -0.45587
v -0.83219 0.07901 -0.48844
v -0.83219 0.07901 -0.52100
v -0.83219 0.07901 -0.55357
v -0.83219 0.07901 -0.61870
v -0.83219 0.07901 -0.65127
v -0.83219 0.07901 -0.68384
v -0.83219 0.07901 -0.71640
v -0.83219 0.07901 -0.74897
v -0.83219 0.07901 -0.81410
v -0.83219 0.07901 -0.84124
v -0.83219 0.07901 -0.86838
v -0.83219 0.07901 -0.90095
v -0.83219 0.07901 -0.96608
v -0.83219 0.07901 -0.99865
v -0.83219 0.07901 -1.03121
v -0.83219 0.07901 -1.06378
v -0.83219 0.07901 -1.09635
v -0.83219 0.07901 -1.16148
v -0.83219 0.07901 -1.19405
v -0.83219 0.07901 -1.22661
v -0.83219 0.07901 -1.25375
v -0.83219 0.07901 -1.31346
v -0.83219 0.07901 -1.34602
v -0.83219 0.07901 -1.37859
v -0.83219 0.07901 -1.41116
v -0.83219 0.07901 -1.44372
v -0.83219 0.07901 -1.50886
v -0.83219 0.07901 -1.54142
v -0.83219 0.07901 -1.57399
v -0.83219 0.07901 -1.60656
v -0.83219 0.07901 -1.66626
v -0.83219 0.07901 -1.69340
v -0.83219 0.07901 -1.72597
v -0.83219 0.07901 -1.75853
v -0.83219 0.07901 -1.79110
v 0.85483 0.04597 1.60148
v 0.85483 0.04589 1.57052
v 0.85484 0.04587 1.54063
v 0.85484 0.04586 1.50890
v 0.85484 0.04586 1.44385
v 0.85484 0.04586 1.41128
v 0.85484 0.04586 1.37871
v 0.85484 0.04586 1.34615
v 0.85484 0.04586 1.28644
v 0.85484 0.04586 1.25930
v 0.85484 0.04586 1.22674
v 0.85484 0.04586 1.19417
v 0.85484 0.04586 1.16160
v 0.85484 0.04586 1.09647
v 0.85484 0.04586 1.06390
v 0.85484 0.04586 1.03134
v 0.85484 0.04586 0.99877
v 0.85484 0.04586 0.93364
v 0.85484 0.04586 0.90107
v 0.85484 0.04586 0.87393
v 0.85484 0.04586 0.84679
v 0.85484 0.04586 0.81423
v 0.85484 0.04586 0.74909
v 0.85484 0.04586 0.71653
v 0.85484 0.04586 0.68396
v 0.85484 0.04586 0.65139
v 0.85484 0.04586 0.58626
v 0.85484 0.04586 0.55369
v 0.85484 0.04586 0.52113
v 0.85484 0.04586 0.48856
v 0.85484 0.04586 0.42885
v 0.85484 0.04586 0.40172
v 0.85484 0.04586 0.36915
v 0.85484 0.04586 0.33658
v 0.85484 0.04586 0.30402
v 0.85484 0.04586 0.23888
v 0.85484 0.04586 0.20632
v 0.85484 0.04586 0.17375
v 0.85484 0.04586 0.14118
v 0.85484 0.04586 0.07605
v 0.85484 0.04586 0.04348
v 0.85484 0.04586 0.01634
v 0.85484 0.04586 -0.01079
v 0.85484 0.04586 -0.04336
v 0.85484 0.04586 -0.10849
v 0.85484 0.04586 -0.14106
v 0.85484 0.04586 -0.17363
v 0.85484 0.04586 -0.20619
v 0.85484 0.04586 -0.27133
v 0.85484 0.04586 -0.30389
v 0.85484 0.04586 -0.33646
v 0.85484 0.04586 -0.36903
v 0.85484 0.04586 -0.39616
v 0.85484 0.04586 -0.45587
v 0.85484 0.04586 -0.48844
v 0.85484 0.04586 -0.52100
v 0.85484 0.04586 -0.55357
v 0.85484 0.04586 -0.61870
v 0.85484 0.04586 -0.65127
v 0.85484 0.04586 -0.68384
v 0.85484 0.04586 -0.71640
v 0.85484 0.04586 -0.74897
v 0.85484 0.04586 -0.81410
v 0.85484 0.04586 -0.84124
v 0.85484 0.04586 -0.86838
v 0.85484 0.04586 -0.90095
v 0.85484 0.04586 -0.96608
v 0.85484 0.04586 -0.99865
v 0.85484 0.04586 -1.03121
v 0.85484 0.04586 -1.06378
v 0.85484 0.04586 -1.09635
v 0.85484 0.04586 -1.16148
v 0.85484 0.04586 -1.19405
v 0.85484 0.04586 -1.22661
v 0.85484 0.04586 -1.25375
v 0.85484 0.04586 -1.31346
v 0.85484 0.04586 -1.34602
v 0.85484 0.04586 -1.37859
v 0.85484 0.04586 -1.41116
v 0.85484 0.04586 -1.44372
v 0.85484 0.04586 -1.50886
v 0.85484 0.04586 -1.54142
v 0.85484 0.04586 -1.57399
v 0.85484 0.04586 -1.60656
v 0.85484 0.04586 -1.66626
v 0.85484 0.04586 -1.69340
v 0.85484 0.04586 -1.72597
v 0.85484 0.04586 -1.75853
v 0.85484 0.04586 -1.79110
v 0.87711 0.06103 -1.79110
v 0.87711 0.06103 -1.75853
v 0.87711 0.06103 -1.72597
v 0.87711 0.06103 -1.69340
v 0.87711 0.06103 -1.66626
v 0.87711 0.06103 -1.60656
v 0.87711 0.06103 -1.57399
v 0.87711 0.06103 -1.54142
v 0.87711 0.06103 -1.50886
v 0.87711 0.06103 -1.44372
v 0.87711 0.06103 -1.41116
v 0.87711 0.06103 -1.37859
v 0.87711 0.06103 -1.34602
v 0.87711 0.06103 -1.31346
v 0.87711 0.06103 -1.25375
v 0.87711 0.06103 -1.22661
v 0.87711 0.06103 -1.19405
v 0.87711 0.06103 -1.16148
v 0.87711 0.06103 -1.09635
v 0.87711 0.06103 -1.06378
v 0.87711 0.06103 -1.03121
v 0.87711 0.06103 -0.99865
v 0.87711 0.06103 -0.96608
v 0.87711 0.06103 -0.90095
v 0.87711 0.06103 -0.86838
v 0.87711 0.06103 -0.84124
v 0.87711 0.06103 -0.81410
v 0.87711 0.06103 -0.74897
v 0.87711 0.06103 -0.71640
v 0.87711 0.06103 -0.68384
v 0.87711 0.06103 -0.65127
v 0.87711 0.06103 -0.61870
v 0.87711 0.06103 -0.55357
v 0.87711 0.06103 -0.52100
v 0.87711 0.06103 -0.48844
v 0.87711 0.06103 -0.45587
v 0.87711 0.06103 -0.39616
v 0.87711 0.06103 -0.36903
v 0.87711 0.06103 -0.33646
v 0.87711 0.06103 -0.30389
v 0.87711 0.06103 -0.27133
v 0.87711 0.06103 -0.20619
v 0.87711 0.06103 -0.17363
v 0.87711 0.06103 -0.14106
v 0.87711 0.06103 -0.10849
v 0.87711 0.06103 -0.04336
v 0.87711 0.06103 -0.01079
v 0.87711 0.06103 0.01635
v 0.87711 0.06103 0.04348
v 0.87711 0.06103 0.07605
v 0.87711 0.06103 0.14118
v 0.87711 0.06103 0.17375
v 0.87711 0.06103 0.20632
v 0.87711 0.06103 0.23888
v 0.87711 0.06103 0.30402
v 0.87711 0.06103 0.33658
v 0.87711 0.06103 0.36915
v 0.87711 0.06103 0.40172
v 0.87711 0.06103 0.42885
v 0.87711 0.06103 0.48856
v 0.87711 0.06103 0.52113
v 0.87711 0.06103 0.55369
v 0.87711 0.06103 0.58626
v 0.87711 0.06103 0.65139
v 0.87711 0.06103 0.68396
v 0.87711 0.06103 0.71653
v 0.87711 0.06103 0.74909
v 0.87711 0.06103 0.81423
v 0.87711 0.06103 0.84679
v 0.87711 0.06103 0.87393
v 0.87711 0.06103 0.90107
v 0.87711 0.06103 0.93364
v 0.87711 0.06103 0.99877
v 0.87711 0.06103 1.03134
v 0.87711 0.06103 1.06390
v 0.87711 0.06103 1.09647
v 0.87711 0.06103 1.16160
v 0.87711 0.06103 1.19417
v 0.87711 0.06103 1.22674
v 0.87711 0.06103 1.25930
v 0.87711 0.06103 1.28644
v 0.87711 0.06103 1.34615
v 0.87711 0.06103 1.37871
v 0.87711 0.06103 1.41128
v 0.87711 0.06103 1.44385
v 0.85483 0.07856 -1.91866
v 0.85484 0.07862 -1.88637
v 0.85484 0.07864 -1.85574
v 0.85484 0.07865 -1.79110
v 0.85484 0.07865 -1.75853
v 0.85484 0.07865 -1.72597
v 0.85484 0.07865 -1.69340
v 0.85484 0.07865 -1.66626
v 0.85484 0.07865 -1.60656
v 0.85484 0.07865 -1.57399
v 0.85484 0.07865 -1.54142
v 0.85484 0.07865 -1.50886
v 0.85484 0.07865 -1.44372
v 0.85484 0.07865 -1.41116
v 0.85484 0.07865 -1.37859
v 0.85484 0.07865 -1.34602
v 0.85484 0.07865 -1.31346
v 0.85484 0.07865 -1.25375
v 0.85484 0.07865 -1.22661
v 0.85484 0.07865 -1.19405
v 0.85484 0.07865 -1.16148
v 0.85484 0.07865 -1.09635
v 0.85484 0.07865 -1.06378
v 0.85484 0.07865 -1.03121
v 0.85484 0.07865 -0.99865
v 0.85484 0.07865 -0.96608
v 0.85484 0.07865 -0.90095
v 0.85484 0.07865 -0.86838
v 0.85484 0.07865 -0.84124
v 0.85484 0.07865 -0.81410
v 0.85484 0.07865 -0.74897
v 0.85484 0.07865 -0.71640
v 0.85484 0.07865 -0.68384
v 0.85484 0.07865 -0.65127
v 0.85484 0.07865 -0.61870
v 0.85484 0.07865 -0.55357
v 0.85484 0.07865 -0.52100
v 0.85484 0.07865 -0.48844
v 0.85484 0.07865 -0.45587
v 0.85484 0.07865 -0.39616
v 0.85484 0.07865 -0.36903
v 0.85484 0.07865 -0.33646
v 0.85484 0.07865 -0.30389
v 0.85484 0.07865 -0.27133
v 0.85484 0.07865 -0.20619
v 0.85484 0.07865 -0.17363
v 0.85484 0.07865 -0.14106
v 0.85484 0.07865 -0.10849
v 0.85484 0.07865 -0.04336
v 0.85484 0.07865 -0.01079
v 0.85484 0.07865 0.01634
v 0.85484 0.07865 0.04348
v 0.85484 0.07865 0.07605
v 0.85484 0.07865 0.14118
v 0.85484 0.07865 0.17375
v 0.85484 0.07865 0.20632
v 0.85484 0.07865 0.23888
v 0.85484 0.07865 0.30402
v 0.85484 0.07865 0.33658
v 0.85484 0.07865 0.36915
v 0.85484 0.07865 0.40172
v 0.85484 0.07865 0.42885
v 0.85484 0.07865 0.48856
v 0.85484 0.07865 0.52113
v 0.85484 0.07865 0.55369
v 0.85484 0.07865 0.58626
v 0.85484 0.07865 0.65139
v 0.85484 0.07865 0.68396
v 0.85484 0.07865 0.71653
v 0.85484 0.07865 0.74909
v 0.85484 0.07865 0.81423
v 0.85484 0.07865 0.84679
v 0.85484 0.07865 0.87393
v 0.85484 0.07865 0.90107
v 0.85484 0.07865 0.93364
v 0.85484 0.07865 0.99877
v 0.85484 0.07865 1.03134
v 0.85484 0.07865 1.06390
v 0.85484 0.07865 1.09647
v 0.85484 0.07865 1.16160
v 0.85484 0.07865 1.19417
v 0.85484 0.07865 1.22674
v 0.85484 0.07865 1.25930
v 0.85484 0.07865 1.28644
v 0.85484 0.07865 1.34615
v 0.85484 0.07865 1.37871
v 0.85484 0.07865 1.41128
v 0.85484 0.07865 1.44385
v -0.70401 0.04533 -1.91866
v -0.70401 0.04527 -1.88637
v -0.70401 0.04525 -1.85574
v -0.70401 0.04524 -1.79110
v -0.70401 0.04524 -1.75853
v -0.70401 0.04524 -1.72597
v -0.70401 0.04524 -1.69340
v -0.70401 0.04524 -1.66626
v -0.70401 0.04524 -1.60656
v -0.70401 0.04524 -1.57399
v -0.70401 0.04524 -1.54142
v -0.70401 0.04524 -1.50886
v -0.70401 0.04524 -1.44372
v -0.70401 0.04524 -1.41116
v -0.70401 0.04524 -1.37859
v -0.70401 0.04524 -1.34602
v -0.70401 0.04524 -1.31346
v -0.70401 0.04524 -1.25375
v -0.70401 0.04524 -1.22661
v -0.70401 0.04524 -1.19405
v -0.70401 0.04524 -1.16148
v -0.70401 0.04524 -1.09635
v -0.70401 0.04524 -1.06378
v -0.70401 0.04524 -1.03121
v -0.70401 0.04524 -0.99865
v -0.70401 0.04524 -0.96608
v -0.70401 0.04524 -0.90095
v -0.70401 0.04524 -0.86838
v -0.70401 0.04524 -0.84124
v -0.70401 0.04524 -0.81410
v -0.70401 0.04524 -0.74897
v -0.70401 0.04524 -0.71640
v -0.70401 0.04524 -0.68384
v -0.70401 0.04524 -0.65127
v -0.70401 0.04524 -0.61870
v -0.70401 0.04524 -0.55357
v -0.70401 0.04524 -0.52100
v -0.70401 0.04524 -0.48844
v -0.70401 0.04524 -0.45587
v -0.70401 0.04524 -0.39617
v -0.70401 0.04524 -0.36903
v -0.70401 0.04524 -0.33646
v -0.70401 0.04524 -0.30389
v -0.70401 0.04524 -0.27133
v -0.70401 0.04524 -0.20619
v -0.70401 0.04524 -0.17363
v -0.70401 0.04524 -0.14106
v -0.70401 0.04524 -0.10849
v -0.70401 0.04524 -0.04336
v -0.70401 0.04524 -0.01079
v -0.70401 0.04524 0.01634
v -0.70401 0.04524 0.04348
v -0.70401 0.04524 0.07605
v -0.70401 0.04524 0.14118
v -0.70401 0.04524 0.17375
v -0.70401 0.04524 0.20632
v -0.70401 0.04524 0.23888
v -0.70401 0.04524 0.30402
v -0.70401 0.04524 0.33658
v -0.70401 0.04524 0.36915
v -0.70401 0.04524 0.40172
v -0.70401 0.04524 0.42885
v -0.70401 0.04524 0.48856
v -0.70401 0.04524 0.52113
v -0.70401 0.04524 0.55369
v -0.70401 0.04524 0.58626
v -0.70401 0.04524 0.65139
v -0.70401 0.04524 0.68396
v -0.70401 0.04524 0.71653
v -0.70401 0.04524 0.74909
v -0.70401 0.04524 0.81423
v -0.70401 0.04524 0.84679
v -0.70401 0.04524 0.87393
v -0.70401 0.04524 0.90107
v -0.70401 0.04524 0.93364
v -0.70401 0.04524 0.99877
v -0.70401 0.04524 1.03134
v -0.70401 0.04524 1.06390
v -0.70401 0.04524 1.09647
v -0.70401 0.04524 1.16160
v -0.70401 0.04524 1.19417
v -0.70401 0.04524 1.22674
v -0.70401 0.04524 1.25930
v -0.70401 0.04524 1.28644
v -0.70401 0.04524 1.34615
v -0.70401 0.04524 1.37871
v -0.70401 0.04524 1.41128
v -0.70401 0.04524 1.44385
v -0.51448 0.04533 -1.91866
v -0.51448 0.04527 -1.88637
v -0.51448 0.04525 -1.85574
v -0.51448 0.04524 -1.79110
v -0.51448 0.04524 -1.75853
v -0.51448 0.04524 -1.72597
v -0.51448 0.04524 -1.69340
v -0.51448 0.04524 -1.66626
v -0.51448 0.04524 -1.60656
v -0.51448 0.04524 -1.57399
v -0.51448 0.04524 -1.54142
v -0.51448 0.04524 -1.50886
v -0.51448 0.04524 -1.44372
v -0.51448 0.04524 -1.41116
v -0.51448 0.04524 -1.37859
v -0.51448 0.04524 -1.34602
v -0.51448 0.04524 -1.31346
v -0.51448 0.04524 -1.25375
v -0.51448 0.04524 -1.22661
v -0.51448 0.04524 -1.19405
v -0.51448 0.04524 -1.16148
v -0.51448 0.04524 -1.09635
v -0.51448 0.04524 -1.06378
v -0.51448 0.04524 -1.03121
v -0.51448 0.04524 -0.99865
v -0.51448 0.04524 -0.96608
v -0.51448 0.04524 -0.90095
v -0.51448 0.04524 -0.86838
v -0.51448 0.04524 -0.84124
v -0.51448 0.04524 -0.81410
v -0.51448 0.04524 -0.74897
v -0.51448 0.04524 -0.71640
v -0.51448 0.04524 -0.68384
v -0.51448 0.04524 -0.65127
v -0.51448 0.04524 -0.61870
v -0.51448 0.04524 -0.55357
v -0.51448 0.04524 -0.52100
v -0.51448 0.04524 -0.48844
v -0.51448 0.04524 -0.45587
v -0.51448 0.04524 -0.39616
v -0.51448 0.04524 -0.36903
v -0.51448 0.04524 -0.33646
v -0.51448 0.04524 -0.30389
v -0.51448 0.04524 -0.27133
v -0.51448 0.04524 -0.20619
v -0.51448 0.04524 -0.17363
v -0.51448 0.04524 -0.14106
v -0.51448 0.04524 -0.10849
v -0.51448 0.04524 -0.04336
v -0.51448 0.04524 -0.01079
v -0.51448 0.04524 0.01634
v -0.51448 0.04524 0.04348
v -0.51448 0.04524 0.07605
v -0.51448 0.04524 0.14118
v -0.51448 0.04524 0.17375
v -0.51448 0.04524 0.20632
v -0.51448 0.04524 0.23888
v -0.51448 0.04524 0.30402
v -0.51448 0.04524 0.33658
v -0.51448 0.04524 0.36915
v -0.51448 0.04524 0.40172
v -0.51448 0.04524 0.42885
v -0.51448 0.04524 0.48856
v -0.51448 0.04524 0.52113
v -0.51448 0.04524 0.55369
v -0.51448 0.04524 0.58626
v -0.51448 0.04524 0.65139
v -0.51448 0.04524 0.68396
v -0.51448 0.04524 0.71653
v -0.51448 0.04524 0.74909
v -0.51448 0.04524 0.81423
v -0.51448 0.04524 0.84679
v -0.51448 0.04524 0.87393
v -0.51448 0.04524 0.90107
v -0.51448 0.04524 0.93364
v -0.51448 0.04524 0.99877
v -0.51448 0.04524 1.03134
v -0.51448 0.04524 1.06390
v -0.51448 0.04524 1.09647
v -0.51448 0.04524 1.16160
v -0.51448 0.04524 1.19417
v -0.51448 0.04524 1.22674
v -0.51448 0.04524 1.25930
v -0.51448 0.04524 1.28644
v -0.51448 0.04524 1.34615
v -0.51448 0.04524 1.37871
v -0.51448 0.04524 1.41128
v -0.51448 0.04524 1.44385
v -0.35743 0.04533 -1.91866
v -0.35743 0.04527 -1.88637
v -0.35743 0.04525 -1.85574
v -0.35743 0.04524 -1.79110
v -0.35743 0.04524 -1.75853
v -0.35743 0.04524 -1.72597
v -0.35743 0.04524 -1.69340
v -0.35743 0.04524 -1.66626
v -0.35743 0.04524 -1.60656
v -0.35743 0.04524 -1.57399
v -0.35743 0.04524 -1.54142
v -0.35743 0.04524 -1.50886
v -0.35743 0.04524 -1.44372
v -0.35743 0.04524 -1.41116
v -0.35743 0.04524 -1.37859
v -0.35743 0.04524 -1.34602
v -0.35743 0.04524 -1.31346
v -0.35743 0.04524 -1.25375
v -0.35743 0.04524 -1.22661
v -0.35743 0.04524 -1.19405
v -0.35743 0.04524 -1.16148
v -0.35743 0.04524 -1.09635
v -0.35743 0.04524 -1.06378
v -0.35743 0.04524 -1.03121
v -0.35743 0.04524 -0.99865
v -0.35743 0.04524 -0.96608
v -0.35743 0.04524 -0.90095
v -0.35743 0.04524 -0.86838
v -0.35743 0.04524 -0.84124
v -0.35743 0.04524 -0.81410
v -0.35743 0.04524 -0.74897
v -0.35743 0.04524 -0.71640
v -0.35743 0.04524 -0.68384
v -0.35743 0.04524 -0.65127
v -0.35743 0.04524 -0.61870
v -0.35743 0.04524 -0.55357
v -0.35743 0.04524 -0.52100
v -0.35743 0.04524 -0.48844
v -0.35743 0.04524 -0.45587
v -0.35743 0.04524 -0.39617
v -0.35743 0.04524 -0.36903
v -0.35743 0.04524 -0.33646
v -0.35743 0.04524 -0.30389
v -0.35743 0.04524 -0.27133
v -0.35743 0.04524 -0.20619
v -0.35743 0.04524 -0.17363
v -0.35743 0.04524 -0.14106
v -0.35743 0.04524 -0.10849
v -0.35743 0.04524 -0.04336
v -0.35743 0.04524 -0.01079
v -0.35743 0.04524 0.01634
v -0.35743 0.04524 0.04348
v -0.35743 0.04524 0.07605
v -0.35522 0.07224 0.14391
v -0.35743 0.04524 0.17375
v -0.35743 0.04524 0.20632
v -0.35743 0.04524 0.23888
v -0.35743 0.04524 0.30402
v -0.35743 0.04524 0.33658
v -0.35743 0.04524 0.36915
v -0.35743 0.04524 0.40172
v -0.35743 0.04524 0.42885
v -0.35743 0.04524 0.48856
v -0.35743 0.04524 0.52113
v -0.35743 0.04524 0.55369
v -0.35743 0.04524 0.58626
v -0.35743 0.04524 0.65139
v -0.35743 0.04524 0.68396
v -0.35743 0.04524 0.71653
v -0.35743 0.04524 0.74909
v -0.35743 0.04524 0.81423
v -0.35743 0.04524 0.84679
v -0.35743 0.04524 0.87393
v -0.35743 0.04524 0.90107
v -0.35743 0.04524 0.93364
v -0.35743 0.04524 0.99877
v -0.35743 0.04524 1.03134
v -0.35504 0.07224 1.05244
v -0.35743 0.04524 1.09647
v -0.35743 0.04524 1.16160
v -0.35743 0.04524 1.19417
v -0.35743 0.04524 1.22674
v -0.35743 0.04524 1.25930
v -0.35743 0.04524 1.28644
v -0.35743 0.04524 1.34615
v -0.35743 0.04524 1.37871
v -0.35743 0.04524 1.41128
v -0.35743 0.04524 1.44385
v -0.16247 0.04533 -1.91866
v -0.16247 0.04527 -1.88637
v -0.16247 0.04525 -1.85574
v -0.16247 0.04524 -1.79110
v -0.16247 0.04524 -1.75853
v -0.16247 0.04524 -1.72597
v -0.16247 0.04524 -1.69340
v -0.16247 0.04524 -1.66626
v -0.16247 0.04524 -1.60656
v -0.16247 0.04524 -1.57399
v -0.16247 0.04524 -1.54142
v -0.16247 0.04524 -1.50886
v -0.16247 0.04524 -1.44372
v -0.16247 0.04524 -1.41116
v -0.16247 0.04524 -1.37859
v -0.16247 0.04524 -1.34602
v -0.16247 0.04524 -1.31346
v -0.16247 0.04524 -1.25375
v -0.16247 0.04524 -1.22661
v -0.16247 0.04524 -1.19405
v -0.15380 0.05261 -1.14780
v -0.16408 0.05270 -1.09180
v -0.16600 0.05295 -1.07152
v -0.16519 0.05189 -1.03122
v -0.16437 0.05201 -0.99826
v -0.16503 0.05293 -0.96801
v -0.16471 0.05188 -0.90389
v -0.16583 0.05295 -0.86443
v -0.16454 0.05284 -0.84348
v -0.16247 0.04524 -0.74897
v -0.16247 0.04524 -0.71640
v -0.16247 0.04524 -0.68384
v -0.16247 0.04524 -0.65127
v -0.16247 0.04524 -0.61870
v -0.16247 0.04524 -0.55357
v -0.16247 0.04524 -0.52100
v -0.16247 0.04524 -0.48844
v -0.16247 0.04524 -0.45587
v -0.16247 0.04524 -0.39617
v -0.16247 0.04524 -0.36903
v -0.16247 0.04524 -0.33646
v -0.16247 0.04524 -0.30389
v -0.16247 0.04524 -0.27133
v -0.16247 0.04524 -0.20619
v -0.16247 0.04524 -0.17363
v -0.16247 0.04524 -0.14106
v -0.16247 0.04524 -0.10849
v -0.16247 0.04524 -0.04336
v -0.16247 0.04524 -0.01079
v -0.16247 0.04524 0.01634
v -0.16247 0.04524 0.04348
v -0.16247 0.04524 0.07605
v -0.16247 0.04524 0.17375
v -0.16247 0.04524 0.20632
v -0.16247 0.04524 0.23888
v -0.16247 0.04524 0.30402
v -0.16247 0.04524 0.33658
v -0.16247 0.04524 0.36915
v -0.16247 0.04524 0.40172
v -0.16247 0.04524 0.42885
v -0.16247 0.04524 0.48856
v -0.16247 0.04524 0.52113
v -0.16247 0.04524 0.55369
v -0.16247 0.04524 0.58626
v -0.16247 0.04524 0.65139
v -0.16247 0.04524 0.68396
v -0.16247 0.04524 0.71653
v -0.16247 0.04524 0.74909
v -0.16247 0.04524 0.81423
v -0.16247 0.04524 0.84679
v -0.16247 0.04524 0.87393
v -0.16247 0.04524 0.90107
v -0.16247 0.04524 0.93364
v -0.16247 0.04524 0.99877
v -0.16247 0.04524 1.03134
v -0.16247 0.04524 1.09647
v -0.16247 0.04524 1.16160
v -0.16247 0.04524 1.19417
v -0.16247 0.04524 1.22674
v -0.16247 0.04524 1.25930
v -0.16247 0.04524 1.28644
v -0.16247 0.04524 1.34615
v -0.16247 0.04524 1.37871
v -0.16247 0.04524 1.41128
v -0.16247 0.04524 1.44385
v -0.01083 0.04533 -1.91866
v -0.01083 0.04527 -1.88637
v -0.01083 0.04525 -1.85574
v -0.01083 0.04524 -1.79110
v -0.01083 0.04524 -1.75853
v -0.01083 0.04524 -1.72597
v -0.01083 0.04524 -1.69340
v -0.01083 0.04524 -1.66626
v -0.01083 0.04524 -1.60656
v -0.01083 0.04524 -1.57399
v -0.01083 0.04524 -1.54142
v -0.01083 0.04524 -1.50886
v -0.01083 0.04524 -1.44372
v -0.01083 0.04524 -1.41116
v -0.01083 0.04524 -1.37859
v -0.01083 0.04524 -1.34602
v -0.01083 0.04524 -1.31346
v -0.01083 0.04524 -1.25375
v -0.00109 0.05294 -1.16100
v -0.00088 0.05292 -1.03070
v -0.00088 0.05292 -0.90554
v -0.01083 0.04524 -0.68384
v -0.01083 0.04524 -0.65127
v -0.01083 0.04524 -0.61870
v -0.01083 0.04524 -0.55357
v -0.01083 0.04524 -0.52100
v -0.01083 0.04524 -0.48844
v -0.01083 0.04524 -0.45587
v -0.01083 0.04524 -0.39617
v -0.01083 0.04524 -0.36903
v -0.01083 0.04524 -0.33646
v -0.01083 0.04524 -0.30389
v -0.01083 0.04524 -0.27133
v -0.01083 0.04524 -0.20619
v -0.01083 0.04524 -0.17363
v -0.01083 0.04524 -0.14106
v -0.01083 0.04524 -0.10849
v -0.01083 0.04524 -0.04336
v -0.01083 0.04524 -0.01079
v -0.01083 0.04524 0.01634
v -0.01083 0.04524 0.04348
v -0.01083 0.04524 0.07605
v -0.01083 0.04524 0.17375
v -0.01083 0.04524 0.20632
v -0.01083 0.04524 0.23888
v -0.01083 0.04524 0.30402
v -0.01083 0.04524 0.33658
v -0.01083 0.04524 0.36915
v -0.01083 0.04524 0.40172
v -0.01083 0.04524 0.42885
v -0.01083 0.04524 0.48856
v -0.01083 0.04524 0.52113
v -0.01083 0.04524 0.55369
v -0.01083 0.04524 0.58626
v -0.01083 0.04524 0.65139
v -0.01083 0.04524 0.68396
v -0.01083 0.04524 0.71653
v -0.01083 0.04524 0.74909
v -0.01083 0.04524 0.81423
v -0.01083 0.04524 0.84679
v -0.01083 0.04524 0.87393
v -0.01083 0.04524 0.90107
v -0.01083 0.04524 0.93364
v -0.01083 0.04524 0.99877
v -0.01083 0.04524 1.03134
v -0.01083 0.04524 1.09647
v -0.01083 0.04524 1.16160
v -0.01083 0.04524 1.19417
v -0.01083 0.04524 1.22674
v -0.01083 0.04524 1.25930
v -0.01083 0.04524 1.28644
v -0.01083 0.04524 1.34615
v -0.01083 0.04524 1.37871
v -0.01083 0.04524 1.41128
v -0.01083 0.04524 1.44385
v 0.18413 0.04533 -1.91866
v 0.18413 0.04527 -1.88637
v 0.18413 0.04525 -1.85574
v 0.18413 0.04524 -1.79110
v 0.18413 0.04524 -1.75853
v 0.18413 0.04524 -1.72597
v 0.18413 0.04524 -1.69340
v 0.18413 0.04524 -1.66626
v 0.18413 0.04524 -1.60656
v 0.18413 0.04524 -1.57399
v 0.18413 0.04524 -1.54142
v 0.18413 0.04524 -1.50886
v 0.18413 0.04524 -1.44372
v 0.18413 0.04524 -1.41116
v 0.18413 0.04524 -1.37859
v 0.18413 0.04524 -1.34602
v 0.18413 0.04524 -1.31346
v 0.18413 0.04524 -1.25375
v 0.18413 0.04524 -1.22661
v 0.18413 0.04524 -1.19405
v 0.18413 0.04524 -1.16148
v 0.18502 0.05299 -1.06856
v 0.18442 0.05196 -1.03225
v 0.18406 0.05202 -0.99800
v 0.18347 0.05294 -0.96796
v 0.18460 0.05196 -0.90292
v 0.18493 0.05299 -0.86750
v 0.17731 0.05376 -0.81551
v 0.18413 0.04524 -0.74897
v 0.18413 0.04524 -0.71640
v 0.18413 0.04524 -0.68384
v 0.18413 0.04524 -0.65127
v 0.18413 0.04524 -0.61870
v 0.18413 0.04524 -0.55357
v 0.18413 0.04524 -0.52100
v 0.18413 0.04524 -0.48844
v 0.18413 0.04524 -0.45587
v 0.18413 0.04524 -0.39617
v 0.18413 0.04524 -0.36903
v 0.18413 0.04524 -0.33646
v 0.18413 0.04524 -0.30389
v 0.18413 0.04524 -0.27133
v 0.18413 0.04524 -0.20619
v 0.18413 0.04524 -0.17363
v 0.18413 0.04524 -0.14106
v 0.18413 0.04524 -0.10849
v 0.18413 0.04524 -0.04336
v 0.18413 0.04524 -0.01079
v 0.18413 0.04524 0.01634
v 0.18413 0.04524 0.04348
v 0.18413 0.04524 0.07605
v 0.18413 0.04524 0.17375
v 0.18413 0.04524 0.20632
v 0.18413 0.04524 0.23888
v 0.18413 0.04524 0.30402
v 0.18413 0.04524 0.33658
v 0.18413 0.04524 0.36915
v 0.18413 0.04524 0.40172
v 0.18413 0.04524 0.42885
v 0.18413 0.04524 0.48856
v 0.18413 0.04524 0.52113
v 0.18413 0.04524 0.55369
v 0.18413 0.04524 0.58626
v 0.18413 0.04524 0.65139
v 0.18413 0.04524 0.68396
v 0.18413 0.04524 0.71653
v 0.18413 0.04524 0.74909
v 0.18413 0.04524 0.81423
v 0.18413 0.04524 0.84679
v 0.18413 0.04524 0.87393
v 0.18413 0.04524 0.90107
v 0.18413 0.04524 0.93364
v 0.18413 0.04524 0.99877
v 0.18413 0.04524 1.03134
v 0.18413 0.04524 1.09647
v 0.18413 0.04524 1.16160
v 0.18413 0.04524 1.19417
v 0.18413 0.04524 1.22674
v 0.18413 0.04524 1.25930
v 0.18413 0.04524 1.28644
v 0.18413 0.04524 1.34615
v 0.18413 0.04524 1.37871
v 0.18413 0.04524 1.41128
v 0.18413 0.04524 1.44385
v 0.34660 0.04533 -1.91866
v 0.34660 0.04527 -1.88637
v 0.34660 0.04525 -1.85574
v 0.34660 0.04524 -1.79110
v 0.34660 0.04524 -1.75853
v 0.34660 0.04524 -1.72597
v 0.34660 0.04524 -1.69340
v 0.34660 0.04524 -1.66626
v 0.34660 0.04524 -1.60656
v 0.34660 0.04524 -1.57399
v 0.34660 0.04524 -1.54142
v 0.34660 0.04524 -1.50886
v 0.34660 0.04524 -1.44372
v 0.34660 0.04524 -1.41116
v 0.34660 0.04524 -1.37859
v 0.34660 0.04524 -1.34602
v 0.34660 0.04524 -1.31346
v 0.34660 0.04524 -1.25375
v 0.34660 0.04524 -1.22661
v 0.34660 0.04524 -1.19405
v 0.34660 0.04524 -1.16148
v 0.34660 0.04524 -1.09635
v 0.34660 0.04524 -1.06378
v 0.34660 0.04524 -1.03121
v 0.34660 0.04524 -0.99865
v 0.34660 0.04524 -0.96608
v 0.34660 0.04524 -0.90095
v 0.34660 0.04524 -0.86838
v 0.34660 0.04524 -0.84124
v 0.34660 0.04524 -0.81410
v 0.34660 0.04524 -0.74897
v 0.34660 0.04524 -0.71640
v 0.34660 0.04524 -0.68384
v 0.34660 0.04524 -0.65127
v 0.34660 0.04524 -0.61870
v 0.34660 0.04524 -0.55357
v 0.34660 0.04524 -0.52100
v 0.34660 0.04524 -0.48844
v 0.34660 0.04524 -0.45587
v 0.34660 0.04524 -0.39617
v 0.34660 0.04524 -0.36903
v 0.34660 0.04524 -0.33646
v 0.34660 0.04524 -0.30389
v 0.34660 0.04524 -0.27133
v 0.34660 0.04524 -0.20619
v 0.34660 0.04524 -0.17363
v 0.34660 0.04524 -0.14106
v 0.34660 0.04524 -0.10849
v 0.34660 0.04524 -0.04336
v 0.34660 0.04524 -0.01079
v 0.34660 0.04524 0.01634
v 0.34660 0.04524 0.04348
v 0.34660 0.04524 0.07605
v 0.34660 0.04524 0.17375
v 0.34660 0.04524 0.20632
v 0.34660 0.04524 0.23888
v 0.34660 0.04524 0.30402
v 0.34660 0.04524 0.33658
v 0.34660 0.04524 0.36915
v 0.34660 0.04524 0.40172
v 0.34660 0.04524 0.42885
v 0.34660 0.04524 0.48856
v 0.34660 0.04524 0.52113
v 0.34660 0.04524 0.55369
v 0.34660 0.04524 0.58626
v 0.34660 0.04524 0.65139
v 0.34660 0.04524 0.68396
v 0.34660 0.04524 0.71653
v 0.34660 0.04524 0.74909
v 0.34660 0.04524 0.81423
v 0.34660 0.04524 0.84679
v 0.34660 0.04524 0.87393
v 0.34660 0.04524 0.90107
v 0.34660 0.04524 0.93364
v 0.34660 0.04524 0.99877
v 0.34660 0.04524 1.03134
v 0.34660 0.04524 1.09647
v 0.34660 0.04524 1.16160
v 0.34660 0.04524 1.19417
v 0.34660 0.04524 1.22674
v 0.34660 0.04524 1.25930
v 0.34660 0.04524 1.28644
v 0.34660 0.04524 1.34615
v 0.34660 0.04524 1.37871
v 0.34660 0.04524 1.41128
v 0.34660 0.04524 1.44385
v 0.53073 0.04533 -1.91866
v 0.53073 0.04527 -1.88637
v 0.53073 0.04525 -1.85574
v 0.53073 0.04524 -1.79110
v 0.53073 0.04524 -1.75853
v 0.53073 0.04524 -1.72597
v 0.53073 0.04524 -1.69340
v 0.53073 0.04524 -1.66626
v 0.53073 0.04524 -1.60656
v 0.53073 0.04524 -1.57399
v 0.53073 0.04524 -1.54142
v 0.53073 0.04524 -1.50886
v 0.53073 0.04524 -1.44372
v 0.53073 0.04524 -1.41116
v 0.53073 0.04524 -1.37859
v 0.53073 0.04524 -1.34602
v 0.53073 0.04524 -1.31346
v 0.53073 0.04524 -1.25375
v 0.53073 0.04524 -1.22661
v 0.53073 0.04524 -1.19405
v 0.53073 0.04524 -1.16148
v 0.53073 0.04524 -1.09635
v 0.53073 0.04524 -1.06378
v 0.53073 0.04524 -1.03121
v 0.53073 0.04524 -0.99865
v 0.53073 0.04524 -0.96608
v 0.53073 0.04524 -0.90095
v 0.53073 0.04524 -0.86838
v 0.53073 0.04524 -0.84124
v 0.53073 0.04524 -0.81410
v 0.53073 0.04524 -0.74897
v 0.53073 0.04524 -0.71640
v 0.53073 0.04524 -0.68384
v 0.53073 0.04524 -0.65127
v 0.53073 0.04524 -0.61870
v 0.53073 0.04524 -0.55357
v 0.53073 0.04524 -0.52100
v 0.53073 0.04524 -0.48844
v 0.53073 0.04524 -0.45587
v 0.53073 0.04524 -0.39617
v 0.53073 0.04524 -0.36903
v 0.53073 0.04524 -0.33646
v 0.53073 0.04524 -0.30389
v 0.53073 0.04524 -0.27133
v 0.53073 0.04524 -0.20619
v 0.53073 0.04524 -0.17363
v 0.53073 0.04524 -0.14106
v 0.53073 0.04524 -0.10849
v 0.53073 0.04524 -0.04336
v 0.53073 0.04524 -0.01079
v 0.53073 0.04524 0.01634
v 0.53073 0.04524 0.04348
v 0.53073 0.04524 0.07605
v 0.53073 0.04524 0.14118
v 0.53073 0.04524 0.17375
v 0.53073 0.04524 0.20632
v 0.53073 0.04524 0.23888
v 0.53073 0.04524 0.30402
v 0.53073 0.04524 0.33658
v 0.53073 0.04524 0.36915
v 0.53073 0.04524 0.40172
v 0.53073 0.04524 0.42885
v 0.53073 0.04524 0.48856
v 0.53073 0.04524 0.52113
v 0.53073 0.04524 0.55369
v 0.53073 0.04524 0.58626
v 0.53073 0.04524 0.65139
v 0.53073 0.04524 0.68396
v 0.53073 0.04524 0.71653
v 0.53073 0.04524 0.74909
v 0.53073 0.04524 0.81423
v 0.53073 0.04524 0.84679
v 0.53073 0.04524 0.87393
v 0.53073 0.04524 0.90107
v 0.53073 0.04524 0.93364
v 0.53073 0.04524 0.99877
v 0.53073 0.04524 1.03134
v 0.53073 0.04524 1.06390
v 0.53073 0.04524 1.09647
v 0.53073 0.04524 1.16160
v 0.53073 0.04524 1.19417
v 0.53073 0.04524 1.22674
v 0.53073 0.04524 1.25930
v 0.53073 0.04524 1.28644
v 0.53073 0.04524 1.34615
v 0.53073 0.04524 1.37871
v 0.53073 0.04524 1.41128
v 0.53073 0.04524 1.44385
v 0.69320 0.04533 -1.91866
v 0.69320 0.04527 -1.88637
v 0.69320 0.04525 -1.85574
v 0.69320 0.04524 -1.79110
v 0.69320 0.04524 -1.75853
v 0.69320 0.04524 -1.72597
v 0.69320 0.04524 -1.69340
v 0.69320 0.04524 -1.66626
v 0.69320 0.04524 -1.60656
v 0.69320 0.04524 -1.57399
v 0.69320 0.04524 -1.54142
v 0.69320 0.04524 -1.50886
v 0.69320 0.04524 -1.44372
v 0.69320 0.04524 -1.41116
v 0.69320 0.04524 -1.37859
v 0.69320 0.04524 -1.34602
v 0.69320 0.04524 -1.31346
v 0.69320 0.04524 -1.25375
v 0.69320 0.04524 -1.22661
v 0.69320 0.04524 -1.19405
v 0.69320 0.04524 -1.16148
v 0.69320 0.04524 -1.09635
v 0.69320 0.04524 -1.06378
v 0.69320 0.04524 -1.03121
v 0.69320 0.04524 -0.99865
v 0.69320 0.04524 -0.96608
v 0.69320 0.04524 -0.90095
v 0.69320 0.04524 -0.86838
v 0.69320 0.04524 -0.84124
v 0.69320 0.04524 -0.81410
v 0.69320 0.04524 -0.74897
v 0.69320 0.04524 -0.71640
v 0.69320 0.04524 -0.68384
v 0.69320 0.04524 -0.65127
v 0.69320 0.04524 -0.61870
v 0.69320 0.04524 -0.55357
v 0.69320 0.04524 -0.52100
v 0.69320 0.04524 -0.48844
v 0.69320 0.04524 -0.45587
v 0.69320 0.04524 -0.39617
v 0.69320 0.04524 -0.36903
v 0.69320 0.04524 -0.33646
v 0.69320 0.04524 -0.30389
v 0.69320 0.04524 -0.27133
v 0.69320 0.04524 -0.20619
v 0.69320 0.04524 -0.17363
v 0.69320 0.04524 -0.14106
v 0.69320 0.04524 -0.10849
v 0.69320 0.04524 -0.04336
v 0.69320 0.04524 -0.01079
v 0.69320 0.04524 0.01634
v 0.69320 0.04524 0.04348
v 0.69320 0.04524 0.07605
v 0.69320 0.04524 0.14118
v 0.69320 0.04524 0.17375
v 0.69320 0.04524 0.20632
v 0.69320 0.04524 0.23888
v 0.69320 0.04524 0.30402
v 0.69320 0.04524 0.33658
v 0.69320 0.04524 0.36915
v 0.69320 0.04524 0.40172
v 0.69320 0.04524 0.42885
v 0.69320 0.04524 0.48856
v 0.69320 0.04524 0.52113
v 0.69320 0.04524 0.55369
v 0.69320 0.04524 0.58626
v 0.69320 0.04524 0.65139
v 0.69320 0.04524 0.68396
v 0.69320 0.04524 0.71653
v 0.69320 0.04524 0.74909
v 0.69320 0.04524 0.81423
v 0.69320 0.04524 0.84679
v 0.69320 0.04524 0.87393
v 0.69320 0.04524 0.90107
v 0.69320 0.04524 0.93364
v 0.69320 0.04524 0.99877
v 0.69320 0.04524 1.03134
v 0.69320 0.04524 1.06390
v 0.69320 0.04524 1.09647
v 0.69320 0.04524 1.16160
v 0.69320 0.04524 1.19417
v 0.69320 0.04524 1.22674
v 0.69320 0.04524 1.25930
v 0.69320 0.04524 1.28644
v 0.69320 0.04524 1.34615
v 0.69320 0.04524 1.37871
v 0.69320 0.04524 1.41128
v 0.69320 0.04524 1.44385
v 0.69320 0.07918 -1.91866
v 0.69320 0.07924 -1.88637
v 0.69320 0.07926 -1.85574
v 0.69320 0.07926 -1.79110
v 0.69320 0.07926 -1.75853
v 0.69320 0.07926 -1.72597
v 0.69320 0.07926 -1.69340
v 0.69320 0.07926 -1.66626
v 0.69320 0.07926 -1.60656
v 0.69320 0.07926 -1.57399
v 0.69320 0.07926 -1.54142
v 0.69320 0.07926 -1.50886
v 0.69320 0.07926 -1.44372
v 0.69320 0.07926 -1.41116
v 0.69320 0.07926 -1.37859
v 0.69320 0.07926 -1.34602
v 0.69320 0.07926 -1.31346
v 0.69320 0.07926 -1.25375
v 0.69320 0.07926 -1.22661
v 0.69320 0.07926 -1.19405
v 0.69320 0.07926 -1.16148
v 0.69320 0.07926 -1.09635
v 0.69320 0.07926 -1.06378
v 0.69320 0.07926 -1.03121
v 0.69320 0.07926 -0.99865
v 0.69320 0.07926 -0.96608
v 0.69320 0.07926 -0.90095
v 0.69320 0.07926 -0.86838
v 0.69320 0.07926 -0.84124
v 0.69320 0.07926 -0.81410
v 0.69320 0.07926 -0.74897
v 0.69320 0.07926 -0.71640
v 0.69320 0.07926 -0.68384
v 0.69320 0.07926 -0.65127
v 0.69320 0.07926 -0.61870
v 0.69320 0.07926 -0.55357
v 0.69320 0.07926 -0.52100
v 0.69320 0.07926 -0.48844
v 0.69320 0.07926 -0.45587
v 0.69320 0.07926 -0.39617
v 0.69320 0.07926 -0.36903
v 0.69320 0.07926 -0.33646
v 0.69320 0.07926 -0.30389
v 0.69320 0.07926 -0.27133
v 0.69320 0.07926 -0.20619
v 0.69320 0.07926 -0.17363
v 0.69320 0.07926 -0.14106
v 0.69320 0.07926 -0.10849
v 0.69320 0.07926 -0.04336
v 0.69320 0.07926 -0.01079
v 0.69320 0.07926 0.01635
v 0.69320 0.07926 0.04348
v 0.69320 0.07926 0.07605
v 0.69320 0.07926 0.14118
v 0.69320 0.07926 0.17375
v 0.69320 0.07926 0.20632
v 0.69320 0.07926 0.23888
v 0.69320 0.07926 0.30402
v 0.69320 0.07926 0.33658
v 0.69320 0.07926 0.36915
v 0.69320 0.07926 0.40172
v 0.69320 0.07926 0.42885
v 0.69320 0.07926 0.48856
v 0.69320 0.07926 0.52113
v 0.69320 0.07926 0.55369
v 0.69320 0.07926 0.58626
v 0.69320 0.07926 0.65139
v 0.69320 0.07926 0.68396
v 0.69320 0.07926 0.71653
v 0.69320 0.07926 0.74909
v 0.69320 0.07926 0.81423
v 0.69320 0.07926 0.84679
v 0.69320 0.07926 0.87393
v 0.69320 0.07926 0.90107
v 0.69320 0.07926 0.93364
v 0.69320 0.07926 0.99877
v 0.69320 0.07926 1.03134
v 0.69320 0.07926 1.06390
v 0.69320 0.07926 1.09647
v 0.69320 0.07926 1.16160
v 0.69320 0.07926 1.19417
v 0.69320 0.07926 1.22674
v 0.69320 0.07926 1.25930
v 0.69320 0.07926 1.28644
v 0.69320 0.07926 1.34615
v 0.69320 0.07926 1.37871
v 0.69320 0.07926 1.41128
v 0.69320 0.07926 1.44385
v 0.53073 0.07918 -1.91866
v 0.53073 0.07924 -1.88637
v 0.53073 0.07926 -1.85574
v 0.53073 0.07926 -1.79110
v 0.53073 0.07926 -1.75853
v 0.53073 0.07926 -1.72597
v 0.53073 0.07926 -1.69340
v 0.53073 0.07926 -1.66626
v 0.53073 0.07926 -1.60656
v 0.53073 0.07926 -1.57399
v 0.53073 0.07926 -1.54142
v 0.53073 0.07926 -1.50886
v 0.53073 0.07926 -1.44372
v 0.53073 0.07926 -1.41116
v 0.53073 0.07926 -1.37859
v 0.53073 0.07926 -1.34602
v 0.53073 0.07926 -1.31346
v 0.53073 0.07926 -1.25375
v 0.53073 0.07926 -1.22661
v 0.53073 0.07926 -1.19405
v 0.53073 0.07926 -1.16148
v 0.53073 0.07926 -1.09635
v 0.53073 0.07926 -1.06378
v 0.53073 0.07926 -1.03121
v 0.53073 0.07926 -0.99865
v 0.53073 0.07926 -0.96608
v 0.53073 0.07926 -0.90095
v 0.53073 0.07926 -0.86838
v 0.53073 0.07926 -0.84124
v 0.53073 0.07926 -0.81410
v 0.53073 0.07926 -0.74897
v 0.53073 0.07926 -0.71640
v 0.53073 0.07926 -0.68384
v 0.53073 0.07926 -0.65127
v 0.53073 0.07926 -0.61870
v 0.53073 0.07926 -0.55357
v 0.53073 0.07926 -0.52100
v 0.53073 0.07926 -0.48844
v 0.53073 0.07926 -0.45587
v 0.53073 0.07926 -0.39617
v 0.53073 0.07926 -0.36903
v 0.53073 0.07926 -0.33646
v 0.53073 0.07926 -0.30389
v 0.53073 0.07926 -0.27133
v 0.53073 0.07926 -0.20619
v 0.53073 0.07926 -0.17363
v 0.53073 0.07926 -0.14106
v 0.53073 0.07926 -0.10849
v 0.53070 0.07926 -0.04336
v 0.53050 0.07926 -0.01081
v 0.53009 0.07926 0.01632
v 0.52933 0.07926 0.04355
v 0.53136 0.07926 0.07548
v 0.50226 0.07926 0.08334
v 0.53237 0.07926 0.11352
v 0.53419 0.07926 0.14562
v 0.53046 0.07926 0.17587
v 0.53182 0.07926 0.20849
v 0.53182 0.07926 0.23852
v 0.53197 0.07926 0.30131
v 0.53197 0.07926 0.33327
v 0.53196 0.07926 0.36550
v 0.53195 0.07926 0.39792
v 0.53194 0.07926 0.46301
v 0.53193 0.07926 0.49558
v 0.53192 0.07926 0.52814
v 0.53031 0.07926 0.55889
v 0.53194 0.07926 0.58784
v 0.53286 0.07926 0.64842
v 0.53189 0.07926 0.68011
v 0.53189 0.07926 0.71267
v 0.53188 0.07926 0.74524
v 0.53186 0.07926 0.81036
v 0.53186 0.07926 0.84286
v 0.53185 0.07926 0.87523
v 0.53184 0.07926 0.90737
v 0.53183 0.07926 0.93921
v 0.53144 0.07926 1.00168
v 0.53336 0.07926 1.03320
v 0.53139 0.07926 1.06490
v 0.53210 0.07926 1.09528
v 0.53353 0.07926 1.12409
v 0.50493 0.07926 1.15988
v 0.52930 0.07926 1.19296
v 0.53018 0.07926 1.22632
v 0.53059 0.07926 1.25920
v 0.53071 0.07926 1.28643
v 0.53073 0.07926 1.34615
v 0.53073 0.07926 1.37871
v 0.53073 0.07926 1.41128
v 0.53073 0.07926 1.44385
v 0.34660 0.07918 -1.91866
v 0.34660 0.07924 -1.88637
v 0.34660 0.07926 -1.85574
v 0.34660 0.07926 -1.79110
v 0.34660 0.07926 -1.75853
v 0.34660 0.07926 -1.72597
v 0.34660 0.07926 -1.69340
v 0.34660 0.07926 -1.66626
v 0.34660 0.07926 -1.60656
v 0.34660 0.07926 -1.57399
v 0.34660 0.07926 -1.54142
v 0.34660 0.07926 -1.50886
v 0.34654 0.07926 -1.44368
v 0.34594 0.07926 -1.41069
v 0.34403 0.07926 -1.37675
v 0.34084 0.07926 -1.34729
v 0.34355 0.07926 -1.31405
v 0.34405 0.07926 -1.28389
v 0.34656 0.07926 -1.25082
v 0.33827 0.07926 -1.22146
v 0.34410 0.07926 -1.19035
v 0.34091 0.07926 -1.15626
v 0.34067 0.07926 -1.12665
v 0.34223 0.07926 -1.06410
v 0.34380 0.07926 -1.03170
v 0.34197 0.07926 -0.99830
v 0.34331 0.07926 -0.96743
v 0.34317 0.07926 -0.90459
v 0.34400 0.07926 -0.87244
v 0.34118 0.07926 -0.84018
v 0.34091 0.07926 -0.77765
v 0.34094 0.07926 -0.74679
v 0.34385 0.07926 -0.71255
v 0.34073 0.07926 -0.68142
v 0.34342 0.07926 -0.65061
v 0.30860 0.07926 -0.64901
v 0.34338 0.07926 -0.61663
v 0.34561 0.07926 -0.58603
v 0.34148 0.07926 -0.55411
v 0.34294 0.07926 -0.52444
v 0.34549 0.07926 -0.48948
v 0.34644 0.07926 -0.45602
v 0.34660 0.07926 -0.39617
v 0.34660 0.07926 -0.36903
v 0.34660 0.07926 -0.33646
v 0.34660 0.07926 -0.30389
v 0.34660 0.07926 -0.27133
v 0.34660 0.07926 -0.20619
v 0.34660 0.07926 -0.17363
v 0.34660 0.07926 -0.14106
v 0.34660 0.07926 -0.10849
v 0.34659 0.07926 -0.04354
v 0.34651 0.07926 -0.01202
v 0.34629 0.07926 0.01776
v 0.34577 0.07926 0.04902
v 0.34586 0.07926 1.18992
v 0.34628 0.07926 1.21870
v 0.34652 0.07926 1.25458
v 0.34659 0.07926 1.28651
v 0.34660 0.07926 1.34615
v 0.34660 0.07926 1.37871
v 0.34660 0.07926 1.41128
v 0.34660 0.07926 1.44385
v 0.18413 0.07918 -1.91866
v 0.18413 0.07924 -1.88637
v 0.18413 0.07926 -1.85574
v 0.18413 0.07926 -1.79110
v 0.18413 0.07926 -1.75853
v 0.18413 0.07926 -1.72597
v 0.18413 0.07926 -1.69340
v 0.18413 0.07926 -1.66626
v 0.18413 0.07926 -1.60656
v 0.18413 0.07926 -1.57399
v 0.18413 0.07926 -1.54142
v 0.18413 0.07926 -1.50886
v 0.18407 0.07926 -1.44372
v 0.18347 0.07926 -1.41109
v 0.18156 0.07926 -1.37834
v 0.18446 0.07926 -1.34532
v 0.15317 0.07926 -1.34557
v 0.14970 0.07926 -1.31390
v 0.15195 0.07926 -0.58835
v 0.15495 0.07926 -0.55741
v 0.18048 0.07926 -0.52273
v 0.18302 0.07926 -0.48896
v 0.18397 0.07926 -0.45595
v 0.18413 0.07926 -0.39617
v 0.18413 0.07926 -0.36903
v 0.18413 0.07926 -0.33646
v 0.18413 0.07926 -0.30389
v 0.18413 0.07926 -0.27133
v 0.18413 0.07926 -0.20619
v 0.18413 0.07926 -0.17363
v 0.18413 0.07926 -0.14106
v 0.18413 0.07926 -0.10849
v 0.18413 0.07926 -0.04354
v 0.18413 0.07926 -0.01202
v 0.18413 0.07926 0.01775
v 0.18413 0.07926 0.04901
v 0.18413 0.07926 1.18991
v 0.18413 0.07926 1.21869
v 0.18413 0.07926 1.25458
v 0.18413 0.07926 1.28651
v 0.18413 0.07926 1.34615
v 0.18413 0.07926 1.37871
v 0.18413 0.07926 1.41128
v 0.18413 0.07926 1.44385
v -0.01083 0.07918 -1.91866
v -0.01083 0.07924 -1.88637
v -0.01083 0.07926 -1.85574
v -0.01083 0.07926 -1.79110
v -0.01083 0.07926 -1.75853
v -0.01083 0.07926 -1.72597
v -0.01083 0.07926 -1.69340
v -0.01083 0.07926 -1.66626
v -0.01083 0.07926 -1.60656
v -0.01083 0.07926 -1.57399
v -0.01083 0.07926 -1.54142
v -0.01083 0.07926 -1.50886
v -0.01083 0.07926 -1.44372
v -0.01079 0.07926 -1.41117
v -0.01066 0.07926 -1.37863
v -0.01039 0.07926 -1.34612
v -0.00992 0.07926 -1.31365
v -0.00982 0.07926 -0.58615
v -0.01025 0.07926 -0.55669
v -0.01058 0.07926 -0.52233
v -0.01076 0.07926 -0.48884
v -0.01082 0.07926 -0.45593
v -0.01083 0.07926 -0.39617
v -0.01083 0.07926 -0.36903
v -0.01083 0.07926 -0.33646
v -0.01083 0.07926 -0.30389
v -0.01083 0.07926 -0.27133
v -0.01083 0.07926 -0.20619
v -0.01083 0.07926 -0.17363
v -0.01083 0.07926 -0.14106
v -0.01083 0.07926 -0.10849
v -0.01083 0.07926 -0.04354
v -0.01083 0.07926 -0.01202
v -0.01083 0.07926 0.01775
v -0.01083 0.07926 0.04900
v -0.01083 0.07926 1.18991
v -0.01083 0.07926 1.21869
v -0.01083 0.07926 1.25458
v -0.01083 0.07926 1.28651
v -0.01083 0.07926 1.34615
v -0.01083 0.07926 1.37871
v -0.01083 0.07926 1.41128
v -0.01083 0.07926 1.44385
v -0.16247 0.07918 -1.91866
v -0.16247 0.07924 -1.88637
v -0.16247 0.07926 -1.85574
v -0.16247 0.07926 -1.79110
v -0.16247 0.07926 -1.75853
v -0.16247 0.07926 -1.72597
v -0.16247 0.07926 -1.69340
v -0.16247 0.07926 -1.66626
v -0.16247 0.07926 -1.60656
v -0.16247 0.07926 -1.57399
v -0.16247 0.07926 -1.54142
v -0.16247 0.07926 -1.50886
v -0.16242 0.07926 -1.44372
v -0.16188 0.07926 -1.41111
v -0.16547 0.07926 -1.37839
v -0.16699 0.07926 -1.34548
v -0.16445 0.07926 -1.31705
v -0.16626 0.07926 -0.58686
v -0.16510 0.07926 -0.55751
v -0.16833 0.07926 -0.52410
v -0.16147 0.07926 -0.48894
v -0.16232 0.07926 -0.45594
v -0.16247 0.07926 -0.39617
v -0.16247 0.07926 -0.36903
v -0.16247 0.07926 -0.33646
v -0.16247 0.07926 -0.30389
v -0.16247 0.07926 -0.27133
v -0.16247 0.07926 -0.20619
v -0.16247 0.07926 -0.17363
v -0.16247 0.07926 -0.14106
v -0.16247 0.07926 -0.10849
v -0.16247 0.07926 -0.04354
v -0.16247 0.07926 -0.01202
v -0.16247 0.07926 0.01775
v -0.16247 0.07926 0.04900
v -0.16247 0.07926 1.18991
v -0.16247 0.07926 1.21869
v -0.16247 0.07926 1.25458
v -0.16247 0.07926 1.28651
v -0.16247 0.07926 1.34615
v -0.16247 0.07926 1.37871
v -0.16247 0.07926 1.41128
v -0.16247 0.07926 1.44385
v -0.35743 0.07918 -1.91866
v -0.35743 0.07924 -1.88637
v -0.35743 0.07926 -1.85574
v -0.35743 0.07926 -1.79110
v -0.35743 0.07926 -1.75853
v -0.35743 0.07926 -1.72597
v -0.35743 0.07926 -1.69340
v -0.35743 0.07926 -1.66626
v -0.35743 0.07926 -1.60656
v -0.35743 0.07926 -1.57399
v -0.35743 0.07926 -1.54142
v -0.35743 0.07926 -1.50886
v -0.35738 0.07926 -1.44368
v -0.35683 0.07926 -1.41070
v -0.35508 0.07926 -1.37682
v -0.35466 0.07926 -1.34871
v -0.32699 0.07926 -1.34610
v -0.32484 0.07926 -1.31732
v -0.32678 0.07926 -1.28297
v -0.32474 0.07926 -1.22302
v -0.32477 0.07926 -1.18867
v -0.32618 0.07926 -1.15913
v -0.32334 0.07926 -1.12976
v -0.35237 0.07926 -1.12502
v -0.35469 0.07926 -1.06410
v -0.35293 0.07926 -1.02995
v -0.35427 0.07926 -0.99684
v -0.35440 0.07926 -0.96719
v -0.35316 0.07926 -0.90610
v -0.35405 0.07926 -0.87339
v -0.35482 0.07926 -0.84056
v -0.35250 0.07926 -0.77655
v -0.32673 0.07926 -0.74644
v -0.32409 0.07926 -0.71607
v -0.32663 0.07926 -0.68362
v -0.32193 0.07926 -0.65339
v -0.32408 0.07926 -0.58135
v -0.32729 0.07926 -0.55561
v -0.35409 0.07926 -0.52426
v -0.35641 0.07926 -0.48942
v -0.35728 0.07926 -0.45601
v -0.35743 0.07926 -0.39617
v -0.35743 0.07926 -0.36903
v -0.35743 0.07926 -0.33646
v -0.35743 0.07926 -0.30389
v -0.35743 0.07926 -0.27133
v -0.35743 0.07926 -0.20619
v -0.35743 0.07926 -0.17363
v -0.35743 0.07926 -0.14106
v -0.35743 0.07926 -0.10849
v -0.35741 0.07926 -0.04354
v -0.35732 0.07926 -0.01202
v -0.35706 0.07926 0.01776
v -0.35644 0.07926 0.04903
v -0.35655 0.07926 1.18991
v -0.35705 0.07926 1.21869
v -0.35734 0.07926 1.25458
v -0.35742 0.07926 1.28651
v -0.35743 0.07926 1.34615
v -0.35743 0.07926 1.37871
v -0.35743 0.07926 1.41128
v -0.35743 0.07926 1.44385
v -0.51448 0.07918 -1.91866
v -0.51448 0.07924 -1.88637
v -0.51448 0.07926 -1.85574
v -0.51448 0.07926 -1.79110
v -0.51448 0.07926 -1.75853
v -0.51448 0.07926 -1.72597
v -0.51448 0.07926 -1.69340
v -0.51448 0.07926 -1.66626
v -0.51448 0.07926 -1.60656
v -0.51448 0.07926 -1.57399
v -0.51448 0.07926 -1.54142
v -0.51448 0.07926 -1.50886
v -0.51448 0.07926 -1.44372
v -0.51448 0.07926 -1.41116
v -0.51448 0.07926 -1.37859
v -0.51448 0.07926 -1.34602
v -0.51448 0.07926 -1.31345
v -0.51448 0.07926 -1.25375
v -0.51448 0.07926 -1.22661
v -0.51448 0.07926 -1.19404
v -0.51448 0.07926 -1.16148
v -0.51448 0.07926 -1.09634
v -0.51448 0.07926 -1.06378
v -0.51448 0.07926 -1.03121
v -0.51448 0.07926 -0.99865
v -0.51448 0.07926 -0.96608
v -0.51448 0.07926 -0.90095
v -0.51448 0.07926 -0.86838
v -0.51448 0.07926 -0.84124
v -0.51448 0.07926 -0.81410
v -0.51448 0.07926 -0.74897
v -0.51448 0.07926 -0.71641
v -0.51448 0.07926 -0.68384
v -0.51448 0.07926 -0.65127
v -0.51448 0.07926 -0.61871
v -0.51448 0.07926 -0.55357
v -0.51448 0.07926 -0.52100
v -0.51448 0.07926 -0.48844
v -0.51448 0.07926 -0.45587
v -0.51448 0.07926 -0.39616
v -0.51448 0.07926 -0.36903
v -0.51448 0.07926 -0.33646
v -0.51448 0.07926 -0.30389
v -0.51448 0.07926 -0.27133
v -0.51448 0.07926 -0.20619
v -0.51448 0.07926 -0.17363
v -0.51448 0.07926 -0.14106
v -0.51448 0.07926 -0.10849
v -0.51445 0.07926 -0.04338
v -0.51964 0.07926 -0.01087
v -0.51758 0.07926 0.01840
v -0.51814 0.07926 0.04671
v -0.51590 0.07926 0.07970
v -0.51371 0.07926 0.14343
v -0.54571 0.07926 0.14508
v -0.54717 0.07926 0.17583
v -0.54797 0.07926 0.20798
v -0.54531 0.07926 0.23785
v -0.54262 0.07926 0.30196
v -0.54262 0.07926 0.33407
v -0.54261 0.07926 0.36639
v -0.54261 0.07926 0.39884
v -0.54260 0.07926 0.46394
v -0.54259 0.07926 0.49651
v -0.54154 0.07926 0.52802
v -0.54262 0.07926 0.55621
v -0.54359 0.07926 0.58442
v -0.54257 0.07926 0.64848
v -0.54256 0.07926 0.68104
v -0.54256 0.07926 0.71361
v -0.54255 0.07926 0.74617
v -0.54254 0.07926 0.81130
v -0.54651 0.07926 0.84407
v -0.54650 0.07926 0.87649
v -0.54650 0.07926 0.90876
v -0.54649 0.07926 0.94083
v -0.54619 0.07926 1.00202
v -0.54884 0.07926 1.03358
v -0.54613 0.07926 1.06507
v -0.51522 0.07926 1.09415
v -0.51633 0.07926 1.15865
v -0.51831 0.07926 1.19321
v -0.51930 0.07926 1.22642
v -0.51838 0.07926 1.25786
v -0.51446 0.07926 1.28643
v -0.51448 0.07926 1.34615
v -0.51448 0.07926 1.37871
v -0.51448 0.07926 1.41128
v -0.51448 0.07926 1.44385
v -0.70401 0.07918 -1.91866
v -0.70401 0.07924 -1.88637
v -0.70401 0.07926 -1.85574
v -0.70401 0.07926 -1.79110
v -0.70401 0.07926 -1.75853
v -0.70401 0.07926 -1.72597
v -0.70401 0.07926 -1.69340
v -0.70401 0.07926 -1.66626
v -0.70401 0.07926 -1.60656
v -0.70401 0.07926 -1.57399
v -0.70401 0.07926 -1.54142
v -0.70401 0.07926 -1.50886
v -0.70401 0.07926 -1.44372
v -0.70401 0.07926 -1.41116
v -0.70401 0.07926 -1.37859
v -0.70401 0.07926 -1.34602
v -0.70401 0.07926 -1.31346
v -0.70401 0.07926 -1.25375
v -0.70401 0.07926 -1.22661
v -0.70401 0.07926 -1.19405
v -0.70401 0.07926 -1.16148
v -0.70401 0.07926 -1.09635
v -0.70401 0.07926 -1.06378
v -0.70401 0.07926 -1.03121
v -0.70401 0.07926 -0.99865
v -0.70401 0.07926 -0.96608
v -0.70401 0.07926 -0.90095
v -0.70401 0.07926 -0.86838
v -0.70401 0.07926 -0.84124
v -0.70401 0.07926 -0.81410
v -0.70401 0.07926 -0.74897
v -0.70401 0.07926 -0.71640
v -0.70401 0.07926 -0.68384
v -0.70401 0.07926 -0.65127
v -0.70401 0.07926 -0.61870
v -0.70401 0.07926 -0.55357
v -0.70401 0.07926 -0.52100
v -0.70401 0.07926 -0.48844
v -0.70401 0.07926 -0.45587
v -0.70401 0.07926 -0.39617
v -0.70401 0.07926 -0.36903
v -0.70401 0.07926 -0.33646
v -0.70401 0.07926 -0.30389
v -0.70401 0.07926 -0.27133
v -0.70401 0.07926 -0.20619
v -0.70401 0.07926 -0.17363
v -0.70401 0.07926 -0.14106
v -0.70401 0.07926 -0.10849
v -0.70401 0.07926 -0.04336
v -0.70401 0.07926 -0.01079
v -0.70401 0.07926 0.01634
v -0.70401 0.07926 0.04348
v -0.70401 0.07926 0.07605
v -0.70401 0.07926 0.14118
v -0.70401 0.07926 0.17375
v -0.70401 0.07926 0.20632
v -0.70401 0.07926 0.23888
v -0.70401 0.07926 0.30402
v -0.70401 0.07926 0.33658
v -0.70401 0.07926 0.36915
v -0.70401 0.07926 0.40172
v -0.70401 0.07926 0.42885
v -0.70401 0.07926 0.48856
v -0.70401 0.07926 0.52113
v -0.70401 0.07926 0.55369
v -0.70401 0.07926 0.58626
v -0.70401 0.07926 0.65139
v -0.70401 0.07926 0.68396
v -0.70401 0.07926 0.71653
v -0.70401 0.07926 0.74909
v -0.70401 0.07926 0.81423
v -0.70401 0.07926 0.84679
v -0.70401 0.07926 0.87393
v -0.70401 0.07926 0.90107
v -0.70401 0.07926 0.93364
v -0.70401 0.07926 0.99877
v -0.70401 0.07926 1.03134
v -0.70401 0.07926 1.06390
v -0.70401 0.07926 1.09647
v -0.70401 0.07926 1.16160
v -0.70401 0.07926 1.19417
v -0.70401 0.07926 1.22674
v -0.70401 0.07926 1.25930
v -0.70401 0.07926 1.28644
v -0.70401 0.07926 1.34615
v -0.70401 0.07926 1.37871
v -0.70401 0.07926 1.41128
v -0.70401 0.07926 1.44385
v -0.67154 0.07926 -1.82365
v -0.63904 0.07926 -1.82365
v -0.60655 0.07926 -1.82365
v -0.57406 0.07926 -1.82365
v -0.54156 0.07926 -1.82365
v -0.67154 0.07926 -1.63912
v -0.63904 0.07926 -1.63912
v -0.60655 0.07926 -1.63912
v -0.57406 0.07926 -1.63912
v -0.54156 0.07926 -1.63912
v -0.67154 0.07926 -1.47629
v -0.63904 0.07926 -1.47629
v -0.60655 0.07926 -1.47629
v -0.57406 0.07926 -1.47629
v -0.54156 0.07926 -1.47629
v -0.67154 0.07926 -1.28089
v -0.63904 0.07926 -1.28089
v -0.60655 0.07926 -1.28089
v -0.57406 0.07926 -1.28089
v -0.54156 0.07926 -1.28089
v -0.67154 0.07926 -1.12891
v -0.63904 0.07926 -1.12891
v -0.60655 0.07926 -1.12891
v -0.57406 0.07926 -1.12891
v -0.54156 0.07926 -1.12891
v -0.67154 0.07926 -0.93351
v -0.63904 0.07926 -0.93351
v -0.60655 0.07926 -0.93351
v -0.57406 0.07926 -0.93351
v -0.54156 0.07926 -0.93351
v -0.67154 0.07926 -0.78154
v -0.63904 0.07926 -0.78154
v -0.60655 0.07926 -0.78154
v -0.57406 0.07926 -0.78154
v -0.54156 0.07926 -0.78154
v -0.67154 0.07926 -0.58614
v -0.63904 0.07926 -0.58614
v -0.60655 0.07926 -0.58614
v -0.57406 0.07926 -0.58614
v -0.54156 0.07926 -0.58614
v -0.67154 0.07926 -0.42330
v -0.63904 0.07926 -0.42330
v -0.60655 0.07926 -0.42330
v -0.57406 0.07926 -0.42330
v -0.54156 0.07926 -0.42330
v -0.67154 0.07926 -0.23876
v -0.63904 0.07926 -0.23876
v -0.60655 0.07926 -0.23876
v -0.57406 0.07926 -0.23876
v -0.54156 0.07926 -0.23876
v -0.67154 0.07926 -0.07593
v -0.63904 0.07926 -0.07593
v -0.60655 0.07926 -0.07593
v -0.57406 0.07926 -0.07593
v -0.54156 0.07926 -0.07593
v -0.67154 0.07926 0.10863
v -0.63907 0.07926 0.10871
v -0.60666 0.07926 0.10898
v -0.57426 0.07926 0.10961
v -0.54509 0.07926 0.11253
v -0.67159 0.07926 0.27145
v -0.63966 0.07926 0.27140
v -0.60897 0.07926 0.27126
v -0.57580 0.07926 0.27090
v -0.67159 0.07926 0.45598
v -0.64097 0.07926 0.45725
v -0.63817 0.07926 0.43107
v -0.60896 0.07926 0.43388
v -0.57579 0.07926 0.43308
v -0.67159 0.07926 0.61882
v -0.63966 0.07926 0.61872
v -0.60896 0.07926 0.61842
v -0.57578 0.07926 0.61762
v -0.67159 0.07926 0.78165
v -0.63966 0.07926 0.78156
v -0.60896 0.07926 0.78125
v -0.57577 0.07926 0.78045
v -0.67159 0.07926 0.96619
v -0.63966 0.07926 0.96604
v -0.60895 0.07926 0.96557
v -0.58021 0.07926 0.96458
v -0.67154 0.07926 1.12902
v -0.63907 0.07926 1.12880
v -0.60665 0.07926 1.12813
v -0.57422 0.07926 1.12661
v -0.54699 0.07926 1.12420
v -0.67154 0.07926 1.31358
v -0.63904 0.07926 1.31358
v -0.60655 0.07926 1.31358
v -0.57406 0.07926 1.31358
v -0.54156 0.07926 1.31358
v -0.67154 0.07926 1.47641
v -0.63904 0.07926 1.47641
v -0.60655 0.07926 1.47641
v -0.57406 0.07926 1.47641
v -0.54156 0.07926 1.47641
v -0.48741 0.07926 -1.82365
v -0.45491 0.07926 -1.82365
v -0.42242 0.07926 -1.82365
v -0.38992 0.07926 -1.82365
v -0.48741 0.07926 -1.63912
v -0.45491 0.07926 -1.63912
v -0.42242 0.07926 -1.63912
v -0.38992 0.07926 -1.63912
v -0.48741 0.07926 -1.47629
v -0.45491 0.07926 -1.47629
v -0.42242 0.07926 -1.47629
v -0.38992 0.07926 -1.47629
v -0.48727 0.07926 -1.28073
v -0.45237 0.07926 -1.28756
v -0.41938 0.07926 -1.28847
v -0.38886 0.07926 -1.28486
v -0.35843 0.07926 -1.28677
v -0.48736 0.07926 -1.12878
v -0.45459 0.07926 -1.12799
v -0.42136 0.07926 -1.12590
v -0.38739 0.07926 -1.12525
v -0.38658 0.07926 -1.09274
v -0.48738 0.07926 -0.93355
v -0.45471 0.07926 -0.93378
v -0.42176 0.07926 -0.93440
v -0.38837 0.07926 -0.93559
v -0.48736 0.07926 -0.78171
v -0.45460 0.07926 -0.77736
v -0.42140 0.07926 -0.77483
v -0.38637 0.07926 -0.77862
v -0.48728 0.07926 -0.58630
v -0.45403 0.07926 -0.58726
v -0.41952 0.07926 -0.58983
v -0.38880 0.07926 -0.61726
v -0.35727 0.07926 -0.62002
v -0.48741 0.07926 -0.42330
v -0.45491 0.07926 -0.42330
v -0.42242 0.07926 -0.42330
v -0.38992 0.07926 -0.42330
v -0.48741 0.07926 -0.23876
v -0.45491 0.07926 -0.23876
v -0.42242 0.07926 -0.23876
v -0.38992 0.07926 -0.23876
v -0.48741 0.07926 -0.07593
v -0.45491 0.07926 -0.07593
v -0.42242 0.07926 -0.07593
v -0.38992 0.07926 -0.07593
v -0.48077 0.07926 0.08093
v -0.44984 0.07926 0.07934
v -0.41714 0.07926 0.08337
v -0.38592 0.07926 0.08212
v -0.48377 0.07926 1.12459
v -0.48120 0.07926 1.16033
v -0.44827 0.07926 1.15762
v -0.41792 0.07926 1.15797
v -0.38686 0.07926 1.15926
v -0.48741 0.07926 1.31358
v -0.45491 0.07926 1.31358
v -0.42242 0.07926 1.31358
v -0.38992 0.07926 1.31358
v -0.48741 0.07926 1.47641
v -0.45491 0.07926 1.47641
v -0.42242 0.07926 1.47641
v -0.38992 0.07926 1.47641
v -0.32494 0.07926 -1.82365
v -0.29244 0.07926 -1.82365
v -0.25995 0.07926 -1.82365
v -0.22746 0.07926 -1.82365
v -0.19496 0.07926 -1.82365
v -0.32494 0.07926 -1.63912
v -0.29244 0.07926 -1.63912
v -0.25995 0.07926 -1.63912
v -0.22746 0.07926 -1.63912
v -0.19496 0.07926 -1.63912
v -0.32494 0.07926 -1.47629
v -0.29244 0.07926 -1.47629
v -0.25995 0.07926 -1.47629
v -0.22746 0.07926 -1.47629
v -0.19496 0.07926 -1.47629
v -0.29293 0.07926 -1.28417
v -0.25761 0.07926 -1.28493
v -0.22824 0.07926 -1.28651
v -0.19730 0.07926 -1.28856
v -0.29476 0.07926 -0.61842
v -0.26115 0.07926 -0.62131
v -0.22886 0.07926 -0.61641
v -0.19510 0.07926 -0.61785
v -0.32494 0.07926 -0.42331
v -0.29244 0.07926 -0.42331
v -0.25995 0.07926 -0.42330
v -0.22745 0.07926 -0.42330
v -0.19496 0.07926 -0.42330
v -0.32494 0.07926 -0.23876
v -0.29244 0.07926 -0.23876
v -0.25995 0.07926 -0.23876
v -0.22746 0.07926 -0.23876
v -0.19496 0.07926 -0.23876
v -0.32494 0.07926 -0.07593
v -0.29244 0.07926 -0.07593
v -0.25995 0.07926 -0.07593
v -0.22746 0.07926 -0.07593
v -0.19496 0.07926 -0.07593
v -0.32355 0.07926 0.08172
v -0.29177 0.07926 0.08171
v -0.25969 0.07926 0.08171
v -0.22739 0.07926 0.08170
v -0.19496 0.07926 0.08170
v -0.32387 0.07926 1.15957
v -0.29192 0.07926 1.15957
v -0.25975 0.07926 1.15957
v -0.22740 0.07926 1.15957
v -0.19496 0.07926 1.15956
v -0.32494 0.07926 1.31358
v -0.29244 0.07926 1.31358
v -0.25995 0.07926 1.31358
v -0.22746 0.07926 1.31358
v -0.19496 0.07926 1.31358
v -0.32494 0.07926 1.47641
v -0.29244 0.07926 1.47641
v -0.25995 0.07926 1.47641
v -0.22746 0.07926 1.47641
v -0.19496 0.07926 1.47641
v -0.12998 0.07926 -1.82365
v -0.09748 0.07926 -1.82365
v -0.07040 0.07926 -1.82365
v -0.04333 0.07926 -1.82365
v -0.12998 0.07926 -1.63912
v -0.09748 0.07926 -1.63912
v -0.07040 0.07926 -1.63912
v -0.04333 0.07926 -1.63912
v -0.12998 0.07926 -1.47629
v -0.09748 0.07926 -1.47629
v -0.07040 0.07926 -1.47629
v -0.04333 0.07926 -1.47629
v -0.13330 0.07926 -1.28500
v -0.10220 0.07926 -1.28645
v -0.06898 0.07926 -1.27976
v -0.03750 0.07926 -1.28112
v -0.13293 0.07926 -0.61973
v -0.10166 0.07926 -0.61644
v -0.06894 0.07926 -0.61825
v -0.03747 0.07926 -0.61675
v -0.12997 0.07926 -0.42330
v -0.09748 0.07926 -0.42330
v -0.07040 0.07926 -0.42330
v -0.04332 0.07926 -0.42330
v -0.12998 0.07926 -0.23876
v -0.09748 0.07926 -0.23876
v -0.07040 0.07926 -0.23876
v -0.04333 0.07926 -0.23876
v -0.12998 0.07926 -0.07593
v -0.09748 0.07926 -0.07593
v -0.07040 0.07926 -0.07593
v -0.04333 0.07926 -0.07593
v -0.12997 0.07926 0.08169
v -0.09748 0.07926 0.08169
v -0.07040 0.07926 0.08169
v -0.04332 0.07926 0.08169
v -0.12997 0.07926 1.15956
v -0.09748 0.07926 1.15956
v -0.07040 0.07926 1.15956
v -0.04333 0.07926 1.15956
v -0.12998 0.07926 1.31358
v -0.09748 0.07926 1.31358
v -0.07040 0.07926 1.31358
v -0.04333 0.07926 1.31358
v -0.12998 0.07926 1.47641
v -0.09748 0.07926 1.47641
v -0.07040 0.07926 1.47641
v -0.04333 0.07926 1.47641
v 0.02166 0.07926 -1.82365
v 0.05416 0.07926 -1.82365
v 0.08665 0.07926 -1.82365
v 0.11914 0.07926 -1.82365
v 0.15164 0.07926 -1.82365
v 0.02166 0.07926 -1.63912
v 0.05416 0.07926 -1.63912
v 0.08665 0.07926 -1.63912
v 0.11914 0.07926 -1.63912
v 0.15164 0.07926 -1.63912
v 0.02166 0.07926 -1.47629
v 0.05416 0.07926 -1.47629
v 0.08665 0.07926 -1.47629
v 0.11914 0.07926 -1.47629
v 0.15164 0.07926 -1.47629
v 0.02379 0.07926 -1.28121
v 0.05678 0.07926 -1.28093
v 0.08635 0.07926 -1.28170
v 0.12166 0.07926 -1.28606
v 0.02378 0.07926 -0.61667
v 0.05675 0.07926 -0.61694
v 0.08815 0.07926 -0.61856
v 0.12092 0.07926 -0.61686
v 0.02166 0.07926 -0.42330
v 0.05416 0.07926 -0.42330
v 0.08665 0.07926 -0.42330
v 0.11914 0.07926 -0.42330
v 0.15164 0.07926 -0.42330
v 0.02166 0.07926 -0.23876
v 0.05416 0.07926 -0.23876
v 0.08665 0.07926 -0.23876
v 0.11914 0.07926 -0.23876
v 0.15164 0.07926 -0.23876
v 0.02166 0.07926 -0.07593
v 0.05416 0.07926 -0.07593
v 0.08665 0.07926 -0.07593
v 0.11914 0.07926 -0.07593
v 0.15164 0.07926 -0.07593
v 0.02166 0.07926 0.08169
v 0.05416 0.07926 0.08169
v 0.08665 0.07926 0.08169
v 0.11914 0.07926 0.08169
v 0.15164 0.07926 0.08169
v 0.02166 0.07926 1.15956
v 0.05416 0.07926 1.15956
v 0.08665 0.07926 1.15956
v 0.11914 0.07926 1.15956
v 0.15164 0.07926 1.15956
v 0.02166 0.07926 1.31358
v 0.05416 0.07926 1.31358
v 0.08665 0.07926 1.31358
v 0.11914 0.07926 1.31358
v 0.15164 0.07926 1.31358
v 0.02166 0.07926 1.47641
v 0.05416 0.07926 1.47641
v 0.08665 0.07926 1.47641
v 0.11914 0.07926 1.47641
v 0.15164 0.07926 1.47641
v 0.21663 0.07926 -1.82365
v 0.24912 0.07926 -1.82365
v 0.28161 0.07926 -1.82365
v 0.31411 0.07926 -1.82365
v 0.21663 0.07926 -1.63912
v 0.24912 0.07926 -1.63912
v 0.28161 0.07926 -1.63912
v 0.31411 0.07926 -1.63912
v 0.21663 0.07926 -1.47629
v 0.24912 0.07926 -1.47629
v 0.28161 0.07926 -1.47629
v 0.31411 0.07926 -1.47629
v 0.18468 0.07926 -1.28799
v 0.21548 0.07926 -1.28751
v 0.24696 0.07926 -1.28466
v 0.27912 0.07926 -1.28817
v 0.30495 0.07926 -1.28213
v 0.18334 0.07926 -0.62020
v 0.21459 0.07926 -0.61531
v 0.24664 0.07926 -0.61722
v 0.27692 0.07926 -0.62440
v 0.21662 0.07926 -0.42330
v 0.24912 0.07926 -0.42330
v 0.28161 0.07926 -0.42330
v 0.31410 0.07926 -0.42331
v 0.21663 0.07926 -0.23876
v 0.24912 0.07926 -0.23876
v 0.28161 0.07926 -0.23876
v 0.31411 0.07926 -0.23876
v 0.21663 0.07926 -0.07593
v 0.24912 0.07926 -0.07593
v 0.28161 0.07926 -0.07593
v 0.31411 0.07926 -0.07593
v 0.21659 0.07926 0.08170
v 0.24894 0.07926 0.08171
v 0.28110 0.07926 0.08171
v 0.31299 0.07926 0.08172
v 0.21660 0.07926 1.15956
v 0.24898 0.07926 1.15957
v 0.28122 0.07926 1.15957
v 0.31325 0.07926 1.15957
v 0.21663 0.07926 1.31358
v 0.24912 0.07926 1.31358
v 0.28161 0.07926 1.31358
v 0.31411 0.07926 1.31358
v 0.21663 0.07926 1.47641
v 0.24912 0.07926 1.47641
v 0.28161 0.07926 1.47641
v 0.31411 0.07926 1.47641
v 0.37909 0.07926 -1.82365
v 0.40617 0.07926 -1.82365
v 0.43325 0.07926 -1.82365
v 0.46574 0.07926 -1.82365
v 0.49824 0.07926 -1.82365
v 0.37909 0.07926 -1.63912
v 0.40617 0.07926 -1.63912
v 0.43325 0.07926 -1.63912
v 0.46574 0.07926 -1.63912
v 0.49824 0.07926 -1.63912
v 0.37909 0.07926 -1.47629
v 0.40617 0.07926 -1.47629
v 0.43325 0.07926 -1.47629
v 0.46574 0.07926 -1.47629
v 0.49824 0.07926 -1.47629
v 0.37740 0.07926 -1.28537
v 0.40745 0.07926 -1.28723
v 0.43696 0.07926 -1.28988
v 0.46679 0.07926 -1.28342
v 0.49819 0.07926 -1.28083
v 0.37646 0.07926 -1.09443
v 0.37603 0.07926 -1.12670
v 0.41023 0.07926 -1.12480
v 0.43810 0.07926 -1.12719
v 0.46556 0.07926 -1.12837
v 0.49822 0.07926 -1.12886
v 0.37733 0.07926 -0.93614
v 0.41078 0.07926 -0.93472
v 0.43833 0.07926 -0.93402
v 0.46564 0.07926 -0.93367
v 0.49823 0.07926 -0.93353
v 0.37620 0.07926 -0.77796
v 0.41029 0.07926 -0.77634
v 0.43812 0.07926 -0.77305
v 0.46694 0.07926 -0.78084
v 0.49822 0.07926 -0.78160
v 0.37599 0.07926 -0.62020
v 0.40741 0.07926 -0.61960
v 0.40919 0.07926 -0.58955
v 0.43704 0.07926 -0.58825
v 0.46523 0.07926 -0.58680
v 0.49819 0.07926 -0.58620
v 0.37909 0.07926 -0.42330
v 0.40617 0.07926 -0.42330
v 0.43325 0.07926 -0.42330
v 0.46574 0.07926 -0.42330
v 0.49824 0.07926 -0.42330
v 0.37909 0.07926 -0.23876
v 0.40617 0.07926 -0.23876
v 0.43325 0.07926 -0.23876
v 0.46574 0.07926 -0.23876
v 0.49824 0.07926 -0.23876
v 0.37909 0.07926 -0.07593
v 0.40617 0.07926 -0.07593
v 0.43325 0.07926 -0.07593
v 0.46574 0.07926 -0.07593
v 0.49824 0.07926 -0.07593
v 0.37565 0.07926 0.08191
v 0.40629 0.07926 0.08297
v 0.43844 0.07926 0.08016
v 0.46957 0.07926 0.08083
v 0.37645 0.07926 1.15943
v 0.40760 0.07926 1.15855
v 0.43779 0.07926 1.15746
v 0.47200 0.07926 1.15925
v 0.37909 0.07926 1.31358
v 0.40617 0.07926 1.31358
v 0.43325 0.07926 1.31358
v 0.46574 0.07926 1.31358
v 0.49824 0.07926 1.31358
v 0.37909 0.07926 1.47641
v 0.40617 0.07926 1.47641
v 0.43325 0.07926 1.47641
v 0.46574 0.07926 1.47641
v 0.49824 0.07926 1.47641
v 0.56322 0.07926 -1.82365
v 0.59572 0.07926 -1.82365
v 0.62821 0.07926 -1.82365
v 0.66071 0.07926 -1.82365
v 0.56322 0.07926 -1.63912
v 0.59572 0.07926 -1.63912
v 0.62821 0.07926 -1.63912
v 0.66071 0.07926 -1.63912
v 0.56322 0.07926 -1.47629
v 0.59572 0.07926 -1.47629
v 0.62821 0.07926 -1.47629
v 0.66071 0.07926 -1.47629
v 0.56322 0.07926 -1.28089
v 0.59572 0.07926 -1.28089
v 0.62821 0.07926 -1.28089
v 0.66071 0.07926 -1.28089
v 0.56322 0.07926 -1.12891
v 0.59572 0.07926 -1.12891
v 0.62821 0.07926 -1.12891
v 0.66071 0.07926 -1.12891
v 0.56322 0.07926 -0.93351
v 0.59572 0.07926 -0.93351
v 0.62821 0.07926 -0.93351
v 0.66071 0.07926 -0.93351
v 0.56322 0.07926 -0.78154
v 0.59572 0.07926 -0.78154
v 0.62821 0.07926 -0.78154
v 0.66071 0.07926 -0.78154
v 0.56322 0.07926 -0.58614
v 0.59572 0.07926 -0.58614
v 0.62821 0.07926 -0.58614
v 0.66071 0.07926 -0.58614
v 0.56322 0.07926 -0.42330
v 0.59572 0.07926 -0.42330
v 0.62821 0.07926 -0.42330
v 0.66071 0.07926 -0.42330
v 0.56322 0.07926 -0.23876
v 0.59572 0.07926 -0.23876
v 0.62821 0.07926 -0.23876
v 0.66071 0.07926 -0.23876
v 0.56322 0.07926 -0.07593
v 0.59572 0.07926 -0.07593
v 0.62821 0.07926 -0.07593
v 0.66071 0.07926 -0.07593
v 0.56341 0.07926 0.10997
v 0.59587 0.07926 0.10914
v 0.62826 0.07926 0.10877
v 0.66071 0.07926 0.10864
v 0.56696 0.07926 0.27075
v 0.59914 0.07926 0.27119
v 0.62926 0.07926 0.27137
v 0.66086 0.07926 0.27144
v 0.56695 0.07926 0.43275
v 0.59913 0.07926 0.43371
v 0.62796 0.07926 0.43274
v 0.63073 0.07926 0.45893
v 0.66086 0.07926 0.45597
v 0.56694 0.07926 0.61729
v 0.59913 0.07926 0.61825
v 0.62925 0.07926 0.61865
v 0.66086 0.07926 0.61880
v 0.56692 0.07926 0.78012
v 0.59912 0.07926 0.78108
v 0.62925 0.07926 0.78148
v 0.66086 0.07926 0.78163
v 0.56731 0.07926 0.96770
v 0.59912 0.07926 0.96531
v 0.62925 0.07926 0.96593
v 0.66086 0.07926 0.96616
v 0.56336 0.07926 1.12580
v 0.59585 0.07926 1.12775
v 0.62825 0.07926 1.12865
v 0.66071 0.07926 1.12898
v 0.56322 0.07926 1.31358
v 0.59572 0.07926 1.31358
v 0.62821 0.07926 1.31358
v 0.66071 0.07926 1.31358
v 0.56322 0.07926 1.47641
v 0.59572 0.07926 1.47641
v 0.62821 0.07926 1.47641
v 0.66071 0.07926 1.47641
v 0.72547 0.07926 -1.82365
v 0.75664 0.07925 -1.82365
v 0.78562 0.07921 -1.82365
v 0.81859 0.07910 -1.82365
v 0.72547 0.07926 -1.63912
v 0.75664 0.07925 -1.63912
v 0.78562 0.07921 -1.63912
v 0.81859 0.07910 -1.63912
v 0.72547 0.07926 -1.47629
v 0.75664 0.07925 -1.47629
v 0.78562 0.07921 -1.47629
v 0.81859 0.07910 -1.47629
v 0.72547 0.07926 -1.28089
v 0.75664 0.07925 -1.28089
v 0.78562 0.07921 -1.28089
v 0.81859 0.07910 -1.28089
v 0.72547 0.07926 -1.12891
v 0.75664 0.07925 -1.12891
v 0.78562 0.07921 -1.12891
v 0.81859 0.07910 -1.12891
v 0.72547 0.07926 -0.93351
v 0.75664 0.07925 -0.93351
v 0.78562 0.07921 -0.93351
v 0.81859 0.07910 -0.93351
v 0.72547 0.07926 -0.78154
v 0.75664 0.07925 -0.78154
v 0.78562 0.07921 -0.78154
v 0.81859 0.07910 -0.78154
v 0.72547 0.07926 -0.58614
v 0.75664 0.07925 -0.58614
v 0.78562 0.07921 -0.58614
v 0.81859 0.07910 -0.58614
v 0.72547 0.07926 -0.42330
v 0.75664 0.07925 -0.42330
v 0.78562 0.07921 -0.42330
v 0.81859 0.07910 -0.42330
v 0.72547 0.07926 -0.23876
v 0.75664 0.07925 -0.23876
v 0.78562 0.07921 -0.23876
v 0.81859 0.07910 -0.23876
v 0.72547 0.07926 -0.07593
v 0.75664 0.07925 -0.07593
v 0.78562 0.07921 -0.07593
v 0.81859 0.07910 -0.07593
v 0.72547 0.07926 0.10862
v 0.75664 0.07925 0.10862
v 0.78562 0.07921 0.10862
v 0.81859 0.07910 0.10862
v 0.72547 0.07926 0.27145
v 0.75664 0.07925 0.27145
v 0.78562 0.07921 0.27145
v 0.81859 0.07910 0.27145
v 0.72547 0.07926 0.45599
v 0.75664 0.07925 0.45599
v 0.78562 0.07921 0.45599
v 0.81859 0.07910 0.45599
v 0.72547 0.07926 0.61883
v 0.75664 0.07925 0.61883
v 0.78562 0.07921 0.61883
v 0.81859 0.07910 0.61883
v 0.72547 0.07926 0.78166
v 0.75664 0.07925 0.78166
v 0.78562 0.07921 0.78166
v 0.81859 0.07910 0.78166
v 0.72547 0.07926 0.96620
v 0.75664 0.07925 0.96620
v 0.78562 0.07921 0.96620
v 0.81859 0.07910 0.96620
v 0.72547 0.07926 1.12904
v 0.75664 0.07925 1.12904
v 0.78562 0.07921 1.12904
v 0.81859 0.07910 1.12904
v 0.72547 0.07926 1.31358
v 0.75664 0.07925 1.31358
v 0.78562 0.07921 1.31358
v 0.81859 0.07910 1.31358
v 0.72547 0.07926 1.47641
v 0.75664 0.07925 1.47641
v 0.78562 0.07921 1.47641
v 0.81859 0.07910 1.47641
v 0.66071 0.04524 -1.82365
v 0.62821 0.04524 -1.82365
v 0.59572 0.04524 -1.82365
v 0.56322 0.04524 -1.82365
v 0.66071 0.04524 -1.63912
v 0.62821 0.04524 -1.63912
v 0.59572 0.04524 -1.63912
v 0.56322 0.04524 -1.63912
v 0.66071 0.04524 -1.47629
v 0.62821 0.04524 -1.47629
v 0.59572 0.04524 -1.47629
v 0.56322 0.04524 -1.47629
v 0.66071 0.04524 -1.28089
v 0.62821 0.04524 -1.28089
v 0.59572 0.04524 -1.28089
v 0.56322 0.04524 -1.28089
v 0.66071 0.04524 -1.12891
v 0.62821 0.04524 -1.12891
v 0.59572 0.04524 -1.12891
v 0.56322 0.04524 -1.12891
v 0.66071 0.04524 -0.93351
v 0.62821 0.04524 -0.93351
v 0.59572 0.04524 -0.93351
v 0.56322 0.04524 -0.93351
v 0.66071 0.04524 -0.78154
v 0.62821 0.04524 -0.78154
v 0.59572 0.04524 -0.78154
v 0.56322 0.04524 -0.78154
v 0.66071 0.04524 -0.58614
v 0.62821 0.04524 -0.58614
v 0.59572 0.04524 -0.58614
v 0.56322 0.04524 -0.58614
v 0.66071 0.04524 -0.42330
v 0.62821 0.04524 -0.42330
v 0.59572 0.04524 -0.42330
v 0.56322 0.04524 -0.42330
v 0.66071 0.04524 -0.23876
v 0.62821 0.04524 -0.23876
v 0.59572 0.04524 -0.23876
v 0.56322 0.04524 -0.23876
v 0.66071 0.04524 -0.07593
v 0.62821 0.04524 -0.07593
v 0.59572 0.04524 -0.07593
v 0.56322 0.04524 -0.07593
v 0.66071 0.04524 0.10862
v 0.62821 0.04524 0.10862
v 0.59572 0.04524 0.10862
v 0.56322 0.04524 0.10862
v 0.66071 0.04524 0.27145
v 0.62821 0.04524 0.27145
v 0.59572 0.04524 0.27145
v 0.56322 0.04524 0.27145
v 0.66071 0.04524 0.45599
v 0.62821 0.04524 0.45599
v 0.59572 0.04524 0.45599
v 0.56322 0.04524 0.45599
v 0.66071 0.04524 0.61883
v 0.62821 0.04524 0.61883
v 0.59572 0.04524 0.61883
v 0.56322 0.04524 0.61883
v 0.66071 0.04524 0.78166
v 0.62821 0.04524 0.78166
v 0.59572 0.04524 0.78166
v 0.56322 0.04524 0.78166
v 0.66071 0.04524 0.96620
v 0.62821 0.04524 0.96620
v 0.59572 0.04524 0.96620
v 0.56322 0.04524 0.96620
v 0.66071 0.04524 1.12904
v 0.62821 0.04524 1.12904
v 0.59572 0.04524 1.12904
v 0.56322 0.04524 1.12904
v 0.66071 0.04524 1.31358
v 0.62821 0.04524 1.31358
v 0.59572 0.04524 1.31358
v 0.56322 0.04524 1.31358
v 0.66071 0.04524 1.47641
v 0.62821 0.04524 1.47641
v 0.59572 0.04524 1.47641
v 0.56322 0.04524 1.47641
v 0.49824 0.04524 -1.82365
v 0.46574 0.04524 -1.82365
v 0.43325 0.04524 -1.82365
v 0.40617 0.04524 -1.82365
v 0.37909 0.04524 -1.82365
v 0.49824 0.04524 -1.63912
v 0.46574 0.04524 -1.63912
v 0.43325 0.04524 -1.63912
v 0.40617 0.04524 -1.63912
v 0.37909 0.04524 -1.63912
v 0.49824 0.04524 -1.47629
v 0.46574 0.04524 -1.47629
v 0.43325 0.04524 -1.47629
v 0.40617 0.04524 -1.47629
v 0.37909 0.04524 -1.47629
v 0.49824 0.04524 -1.28089
v 0.46574 0.04524 -1.28089
v 0.43325 0.04524 -1.28089
v 0.40617 0.04524 -1.28089
v 0.37909 0.04524 -1.28089
v 0.49824 0.04524 -1.12891
v 0.46574 0.04524 -1.12891
v 0.43325 0.04524 -1.12891
v 0.40617 0.04524 -1.12891
v 0.37909 0.04524 -1.12891
v 0.49824 0.04524 -0.93351
v 0.46574 0.04524 -0.93351
v 0.43325 0.04524 -0.93351
v 0.40617 0.04524 -0.93351
v 0.37909 0.04524 -0.93351
v 0.49824 0.04524 -0.78154
v 0.46574 0.04524 -0.78154
v 0.43325 0.04524 -0.78154
v 0.40617 0.04524 -0.78154
v 0.37909 0.04524 -0.78154
v 0.49824 0.04524 -0.58614
v 0.46574 0.04524 -0.58614
v 0.43325 0.04524 -0.58614
v 0.40617 0.04524 -0.58614
v 0.37909 0.04524 -0.58614
v 0.49824 0.04524 -0.42330
v 0.46574 0.04524 -0.42330
v 0.43325 0.04524 -0.42330
v 0.40617 0.04524 -0.42330
v 0.37909 0.04524 -0.42330
v 0.49824 0.04524 -0.23876
v 0.46574 0.04524 -0.23876
v 0.43325 0.04524 -0.23876
v 0.40617 0.04524 -0.23876
v 0.37909 0.04524 -0.23876
v 0.49824 0.04524 -0.07593
v 0.46574 0.04524 -0.07593
v 0.43325 0.04524 -0.07593
v 0.40617 0.04524 -0.07593
v 0.37909 0.04524 -0.07593
v 0.49824 0.04524 0.10862
v 0.46574 0.04524 0.10862
v 0.43325 0.04524 0.10862
v 0.40617 0.04524 0.10862
v 0.37909 0.04524 0.10862
v 0.49824 0.04524 0.27145
v 0.40617 0.04524 0.27145
v 0.37909 0.04524 0.27145
v 0.49824 0.04524 0.45599
v 0.45754 0.06698 0.45649
v 0.45185 0.07144 0.45694
v 0.40617 0.04524 0.45599
v 0.37909 0.04524 0.45599
v 0.49824 0.04524 0.61883
v 0.45780 0.06627 0.61967
v 0.45186 0.07150 0.61972
v 0.40617 0.04524 0.61883
v 0.37909 0.04524 0.61883
v 0.49824 0.04524 0.78166
v 0.40617 0.04524 0.78166
v 0.37909 0.04524 0.78166
v 0.49824 0.04524 0.96620
v 0.45810 0.06547 0.96906
v 0.45211 0.07195 0.96898
v 0.40617 0.04524 0.96620
v 0.37909 0.04524 0.96620
v 0.49824 0.04524 1.12904
v 0.46574 0.04524 1.12904
v 0.43325 0.04524 1.12904
v 0.40617 0.04524 1.12904
v 0.37909 0.04524 1.12904
v 0.49824 0.04524 1.31358
v 0.46574 0.04524 1.31358
v 0.43325 0.04524 1.31358
v 0.40617 0.04524 1.31358
v 0.37909 0.04524 1.31358
v 0.49824 0.04524 1.47641
v 0.46574 0.04524 1.47641
v 0.43325 0.04524 1.47641
v 0.40617 0.04524 1.47641
v 0.37909 0.04524 1.47641
v 0.31411 0.04524 -1.82365
v 0.28161 0.04524 -1.82365
v 0.24912 0.04524 -1.82365
v 0.21663 0.04524 -1.82365
v 0.31411 0.04524 -1.63912
v 0.28161 0.04524 -1.63912
v 0.24912 0.04524 -1.63912
v 0.21663 0.04524 -1.63912
v 0.31411 0.04524 -1.47629
v 0.28161 0.04524 -1.47629
v 0.24912 0.04524 -1.47629
v 0.21663 0.04524 -1.47629
v 0.31411 0.04524 -1.28089
v 0.28161 0.04524 -1.28089
v 0.24912 0.04524 -1.28089
v 0.21663 0.04524 -1.28089
v 0.31411 0.04524 -1.12891
v 0.28161 0.04524 -1.12891
v 0.24912 0.04524 -1.12891
v 0.21663 0.04524 -1.12891
v 0.31411 0.04524 -0.93351
v 0.28161 0.04524 -0.93351
v 0.31411 0.04524 -0.78154
v 0.28161 0.04524 -0.78154
v 0.24912 0.04524 -0.78154
v 0.21663 0.04524 -0.78154
v 0.31411 0.04524 -0.58614
v 0.28161 0.04524 -0.58614
v 0.24912 0.04524 -0.58614
v 0.21663 0.04524 -0.58614
v 0.31411 0.04524 -0.42330
v 0.28161 0.04524 -0.42330
v 0.24912 0.04524 -0.42330
v 0.21663 0.04524 -0.42330
v 0.31411 0.04524 -0.23876
v 0.28161 0.04524 -0.23876
v 0.24912 0.04524 -0.23876
v 0.21663 0.04524 -0.23876
v 0.31411 0.04524 -0.07593
v 0.28161 0.04524 -0.07593
v 0.24912 0.04524 -0.07593
v 0.21663 0.04524 -0.07593
v 0.31411 0.04524 0.10862
v 0.28161 0.04524 0.10862
v 0.24912 0.04524 0.10862
v 0.21663 0.04524 0.10862
v 0.31411 0.04524 0.27145
v 0.28161 0.04524 0.27145
v 0.24912 0.04524 0.27145
v 0.21663 0.04524 0.27145
v 0.31411 0.04524 0.45599
v 0.28161 0.04524 0.45599
v 0.24912 0.04524 0.45599
v 0.21663 0.04524 0.45599
v 0.31411 0.04524 0.61883
v 0.28161 0.04524 0.61883
v 0.24912 0.04524 0.61883
v 0.21663 0.04524 0.61883
v 0.31411 0.04524 0.78166
v 0.28161 0.04524 0.78166
v 0.24912 0.04524 0.78166
v 0.21663 0.04524 0.78166
v 0.31411 0.04524 0.96620
v 0.28161 0.04524 0.96620
v 0.24912 0.04524 0.96620
v 0.21663 0.04524 0.96620
v 0.31411 0.04524 1.12904
v 0.28161 0.04524 1.12904
v 0.24912 0.04524 1.12904
v 0.21663 0.04524 1.12904
v 0.31411 0.04524 1.31358
v 0.28161 0.04524 1.31358
v 0.24912 0.04524 1.31358
v 0.21663 0.04524 1.31358
v 0.31411 0.04524 1.47641
v 0.28161 0.04524 1.47641
v 0.24912 0.04524 1.47641
v 0.21663 0.04524 1.47641
v 0.15164 0.04524 -1.82365
v 0.11914 0.04524 -1.82365
v 0.08665 0.04524 -1.82365
v 0.05416 0.04524 -1.82365
v 0.02166 0.04524 -1.82365
v 0.15164 0.04524 -1.63912
v 0.11914 0.04524 -1.63912
v 0.08665 0.04524 -1.63912
v 0.05416 0.04524 -1.63912
v 0.02166 0.04524 -1.63912
v 0.15164 0.04524 -1.47629
v 0.11914 0.04524 -1.47629
v 0.08665 0.04524 -1.47629
v 0.05416 0.04524 -1.47629
v 0.02166 0.04524 -1.47629
v 0.15164 0.04524 -1.28089
v 0.11914 0.04524 -1.28089
v 0.08665 0.04524 -1.28089
v 0.05416 0.04524 -1.28089
v 0.02166 0.04524 -1.28089
v 0.11372 0.05297 -1.12588
v 0.09155 0.05233 -1.12805
v 0.05672 0.05193 -1.12551
v 0.02216 0.06989 -1.11489
v 0.05749 0.05178 -0.93739
v 0.14581 0.05377 -0.78504
v 0.05679 0.05203 -0.77709
v 0.02272 0.05219 -0.77740
v 0.15164 0.04524 -0.58614
v 0.11914 0.04524 -0.58614
v 0.08665 0.04524 -0.58614
v 0.05416 0.04524 -0.58614
v 0.02166 0.04524 -0.58614
v 0.15164 0.04524 -0.42330
v 0.11914 0.04524 -0.42330
v 0.08665 0.04524 -0.42330
v 0.05416 0.04524 -0.42330
v 0.02166 0.04524 -0.42330
v 0.15164 0.04524 -0.23876
v 0.11914 0.04524 -0.23876
v 0.08665 0.04524 -0.23876
v 0.05416 0.04524 -0.23876
v 0.02166 0.04524 -0.23876
v 0.15164 0.04524 -0.07593
v 0.11914 0.04524 -0.07593
v 0.08665 0.04524 -0.07593
v 0.05416 0.04524 -0.07593
v 0.02166 0.04524 -0.07593
v 0.15164 0.04524 0.10862
v 0.11914 0.04524 0.10862
v 0.08665 0.04524 0.10862
v 0.05416 0.04524 0.10862
v 0.02166 0.04524 0.10862
v 0.15164 0.04524 0.27145
v 0.11914 0.04524 0.27145
v 0.08665 0.04524 0.27145
v 0.05416 0.04524 0.27145
v 0.02166 0.04524 0.27145
v 0.15164 0.04524 0.45599
v 0.11914 0.04524 0.45599
v 0.08665 0.04524 0.45599
v 0.05416 0.04524 0.45599
v 0.02166 0.04524 0.45599
v 0.15164 0.04524 0.61883
v 0.11914 0.04524 0.61883
v 0.08665 0.04524 0.61883
v 0.05416 0.04524 0.61883
v 0.02166 0.04524 0.61883
v 0.15164 0.04524 0.78166
v 0.11914 0.04524 0.78166
v 0.08665 0.04524 0.78166
v 0.05416 0.04524 0.78166
v 0.02166 0.04524 0.78166
v 0.15164 0.04524 0.96620
v 0.11914 0.04524 0.96620
v 0.08665 0.04524 0.96620
v 0.05416 0.04524 0.96620
v 0.02166 0.04524 0.96620
v 0.15164 0.04524 1.12904
v 0.11914 0.04524 1.12904
v 0.08665 0.04524 1.12904
v 0.05416 0.04524 1.12904
v 0.02166 0.04524 1.12904
v 0.15164 0.04524 1.31358
v 0.11914 0.04524 1.31358
v 0.08665 0.04524 1.31358
v 0.05416 0.04524 1.31358
v 0.02166 0.04524 1.31358
v 0.15164 0.04524 1.47641
v 0.11914 0.04524 1.47641
v 0.08665 0.04524 1.47641
v 0.05416 0.04524 1.47641
v 0.02166 0.04524 1.47641
v -0.04333 0.04524 -1.82365
v -0.07040 0.04524 -1.82365
v -0.09748 0.04524 -1.82365
v -0.12998 0.04524 -1.82365
v -0.04333 0.04524 -1.63912
v -0.07040 0.04524 -1.63912
v -0.09748 0.04524 -1.63912
v -0.12998 0.04524 -1.63912
v -0.04333 0.04524 -1.47629
v -0.07040 0.04524 -1.47629
v -0.09748 0.04524 -1.47629
v -0.12998 0.04524 -1.47629
v -0.04333 0.04524 -1.28089
v -0.07040 0.04524 -1.28089
v -0.09748 0.04524 -1.28089
v -0.12998 0.04524 -1.28089
v -0.03036 0.06822 -1.11544
v -0.07094 0.05235 -1.12681
v -0.10659 0.05297 -1.12609
v -0.13346 0.05252 -1.12764
v -0.03875 0.05195 -0.93749
v -0.07152 0.05219 -0.93764
v -0.03880 0.05199 -0.77764
v -0.13307 0.05382 -0.77850
v -0.04333 0.04524 -0.58614
v -0.07040 0.04524 -0.58614
v -0.09748 0.04524 -0.58614
v -0.12998 0.04524 -0.58614
v -0.04333 0.04524 -0.42330
v -0.07040 0.04524 -0.42330
v -0.09748 0.04524 -0.42330
v -0.12998 0.04524 -0.42330
v -0.04333 0.04524 -0.23876
v -0.07040 0.04524 -0.23876
v -0.09748 0.04524 -0.23876
v -0.12998 0.04524 -0.23876
v -0.04333 0.04524 -0.07593
v -0.07040 0.04524 -0.07593
v -0.09748 0.04524 -0.07593
v -0.12998 0.04524 -0.07593
v -0.04333 0.04524 0.10862
v -0.07040 0.04524 0.10862
v -0.09748 0.04524 0.10862
v -0.12998 0.04524 0.10862
v -0.04333 0.04524 0.27145
v -0.07040 0.04524 0.27145
v -0.09748 0.04524 0.27145
v -0.12998 0.04524 0.27145
v -0.04333 0.04524 0.45599
v -0.07040 0.04524 0.45599
v -0.09748 0.04524 0.45599
v -0.12998 0.04524 0.45599
v -0.04333 0.04524 0.61883
v -0.07040 0.04524 0.61883
v -0.09748 0.04524 0.61883
v -0.12998 0.04524 0.61883
v -0.04333 0.04524 0.78166
v -0.07040 0.04524 0.78166
v -0.09748 0.04524 0.78166
v -0.12998 0.04524 0.78166
v -0.04333 0.04524 0.96620
v -0.07040 0.04524 0.96620
v -0.09748 0.04524 0.96620
v -0.12998 0.04524 0.96620
v -0.04333 0.04524 1.12904
v -0.07040 0.04524 1.12904
v -0.09748 0.04524 1.12904
v -0.12998 0.04524 1.12904
v -0.04333 0.04524 1.31358
v -0.07040 0.04524 1.31358
v -0.09748 0.04524 1.31358
v -0.12998 0.04524 1.31358
v -0.04333 0.04524 1.47641
v -0.07040 0.04524 1.47641
v -0.09748 0.04524 1.47641
v -0.12998 0.04524 1.47641
v -0.19496 0.04524 -1.82365
v -0.22746 0.04524 -1.82365
v -0.25995 0.04524 -1.82365
v -0.29244 0.04524 -1.82365
v -0.32494 0.04524 -1.82365
v -0.19496 0.04524 -1.63912
v -0.22746 0.04524 -1.63912
v -0.25995 0.04524 -1.63912
v -0.29244 0.04524 -1.63912
v -0.32494 0.04524 -1.63912
v -0.19496 0.04524 -1.47629
v -0.22746 0.04524 -1.47629
v -0.25995 0.04524 -1.47629
v -0.29244 0.04524 -1.47629
v -0.32494 0.04524 -1.47629
v -0.19496 0.04524 -1.28089
v -0.22746 0.04524 -1.28089
v -0.25995 0.04524 -1.28089
v -0.29244 0.04524 -1.28089
v -0.32494 0.04524 -1.28089
v -0.18503 0.05254 -1.11606
v -0.22746 0.04524 -1.12891
v -0.25995 0.04524 -1.12891
v -0.29244 0.04524 -1.12891
v -0.32494 0.04524 -1.12891
v -0.19773 0.05209 -0.93660
v -0.25995 0.04524 -0.93351
v -0.29244 0.04524 -0.93351
v -0.32494 0.04524 -0.93351
v -0.19496 0.04524 -0.78154
v -0.22746 0.04524 -0.78154
v -0.25995 0.04524 -0.78154
v -0.29244 0.04524 -0.78154
v -0.32494 0.04524 -0.78154
v -0.19496 0.04524 -0.58614
v -0.22746 0.04524 -0.58614
v -0.25995 0.04524 -0.58614
v -0.29244 0.04524 -0.58614
v -0.32494 0.04524 -0.58614
v -0.19496 0.04524 -0.42330
v -0.22746 0.04524 -0.42330
v -0.25995 0.04524 -0.42330
v -0.29244 0.04524 -0.42330
v -0.32494 0.04524 -0.42330
v -0.19496 0.04524 -0.23876
v -0.22746 0.04524 -0.23876
v -0.25995 0.04524 -0.23876
v -0.29244 0.04524 -0.23876
v -0.32494 0.04524 -0.23876
v -0.19496 0.04524 -0.07593
v -0.22746 0.04524 -0.07593
v -0.25995 0.04524 -0.07593
v -0.29244 0.04524 -0.07593
v -0.32494 0.04524 -0.07593
v -0.19496 0.04524 0.10862
v -0.22746 0.04524 0.10862
v -0.25995 0.04524 0.10862
v -0.29244 0.04524 0.10862
v -0.32494 0.04524 0.10862
v -0.19496 0.04524 0.27145
v -0.22746 0.04524 0.27145
v -0.25995 0.04524 0.27145
v -0.29244 0.04524 0.27145
v -0.32494 0.04524 0.27145
v -0.19496 0.04524 0.45599
v -0.22746 0.04524 0.45599
v -0.25995 0.04524 0.45599
v -0.29244 0.04524 0.45599
v -0.32494 0.04524 0.45599
v -0.19496 0.04524 0.61883
v -0.22746 0.04524 0.61883
v -0.25995 0.04524 0.61883
v -0.29244 0.04524 0.61883
v -0.32494 0.04524 0.61883
v -0.19496 0.04524 0.78166
v -0.22746 0.04524 0.78166
v -0.25995 0.04524 0.78166
v -0.29244 0.04524 0.78166
v -0.32494 0.04524 0.78166
v -0.19496 0.04524 0.96620
v -0.22746 0.04524 0.96620
v -0.25995 0.04524 0.96620
v -0.29244 0.04524 0.96620
v -0.32494 0.04524 0.96620
v -0.19496 0.04524 1.12904
v -0.22746 0.04524 1.12904
v -0.25995 0.04524 1.12904
v -0.29244 0.04524 1.12904
v -0.32494 0.04524 1.12904
v -0.19496 0.04524 1.31358
v -0.22746 0.04524 1.31358
v -0.25995 0.04524 1.31358
v -0.29244 0.04524 1.31358
v -0.32494 0.04524 1.31358
v -0.19496 0.04524 1.47641
v -0.22746 0.04524 1.47641
v -0.25995 0.04524 1.47641
v -0.29244 0.04524 1.47641
v -0.32494 0.04524 1.47641
v -0.38992 0.04524 -1.82365
v -0.42242 0.04524 -1.82365
v -0.45491 0.04524 -1.82365
v -0.48741 0.04524 -1.82365
v -0.38992 0.04524 -1.63912
v -0.42242 0.04524 -1.63912
v -0.45491 0.04524 -1.63912
v -0.48741 0.04524 -1.63912
v -0.38992 0.04524 -1.47629
v -0.42242 0.04524 -1.47629
v -0.45491 0.04524 -1.47629
v -0.48741 0.04524 -1.47629
v -0.38992 0.04524 -1.28089
v -0.42242 0.04524 -1.28089
v -0.45491 0.04524 -1.28089
v -0.48741 0.04524 -1.28089
v -0.38992 0.04524 -1.12891
v -0.42242 0.04524 -1.12891
v -0.45491 0.04524 -1.12891
v -0.48741 0.04524 -1.12891
v -0.38992 0.04524 -0.93351
v -0.42242 0.04524 -0.93351
v -0.45491 0.04524 -0.93351
v -0.48741 0.04524 -0.93351
v -0.38992 0.04524 -0.78154
v -0.42242 0.04524 -0.78154
v -0.45491 0.04524 -0.78154
v -0.48741 0.04524 -0.78154
v -0.38992 0.04524 -0.58614
v -0.42242 0.04524 -0.58614
v -0.45491 0.04524 -0.58614
v -0.48741 0.04524 -0.58614
v -0.38992 0.04524 -0.42330
v -0.42242 0.04524 -0.42330
v -0.45491 0.04524 -0.42330
v -0.48741 0.04524 -0.42330
v -0.38992 0.04524 -0.23876
v -0.42242 0.04524 -0.23876
v -0.45491 0.04524 -0.23876
v -0.48741 0.04524 -0.23876
v -0.38992 0.04524 -0.07593
v -0.42242 0.04524 -0.07593
v -0.45491 0.04524 -0.07593
v -0.48741 0.04524 -0.07593
v -0.38992 0.04524 0.10862
v -0.42242 0.04524 0.10862
v -0.45491 0.04524 0.10862
v -0.48741 0.04524 0.10862
v -0.38992 0.04524 0.27145
v -0.42242 0.04524 0.27145
v -0.48741 0.04524 0.27145
v -0.38992 0.04524 0.45599
v -0.42242 0.04524 0.45599
v -0.45297 0.07195 0.45692
v -0.48741 0.04524 0.45599
v -0.38992 0.04524 0.61883
v -0.42242 0.04524 0.61883
v -0.45296 0.07195 0.61975
v -0.48741 0.04524 0.61883
v -0.38992 0.04524 0.78166
v -0.42242 0.04524 0.78166
v -0.48741 0.04524 0.78166
v -0.38992 0.04524 0.96620
v -0.42242 0.04524 0.96620
v -0.45291 0.07224 0.96908
v -0.48741 0.04524 0.96620
v -0.38992 0.04524 1.12904
v -0.42242 0.04524 1.12904
v -0.45491 0.04524 1.12904
v -0.48741 0.04524 1.12904
v -0.38992 0.04524 1.31358
v -0.42242 0.04524 1.31358
v -0.45491 0.04524 1.31358
v -0.48741 0.04524 1.31358
v -0.38992 0.04524 1.47641
v -0.42242 0.04524 1.47641
v -0.45491 0.04524 1.47641
v -0.48741 0.04524 1.47641
v -0.54156 0.04524 -1.82365
v -0.57406 0.04524 -1.82365
v -0.60655 0.04524 -1.82365
v -0.63904 0.04524 -1.82365
v -0.67154 0.04524 -1.82365
v -0.54156 0.04524 -1.63912
v -0.57406 0.04524 -1.63912
v -0.60655 0.04524 -1.63912
v -0.63904 0.04524 -1.63912
v -0.67154 0.04524 -1.63912
v -0.54156 0.04524 -1.47629
v -0.57406 0.04524 -1.47629
v -0.60655 0.04524 -1.47629
v -0.63904 0.04524 -1.47629
v -0.67154 0.04524 -1.47629
v -0.54156 0.04524 -1.28089
v -0.57406 0.04524 -1.28089
v -0.60655 0.04524 -1.28089
v -0.63904 0.04524 -1.28089
v -0.67154 0.04524 -1.28089
v -0.54156 0.04524 -1.12891
v -0.57406 0.04524 -1.12891
v -0.60655 0.04524 -1.12891
v -0.63904 0.04524 -1.12891
v -0.67154 0.04524 -1.12891
v -0.54156 0.04524 -0.93351
v -0.57406 0.04524 -0.93351
v -0.60655 0.04524 -0.93351
v -0.63904 0.04524 -0.93351
v -0.67154 0.04524 -0.93351
v -0.54156 0.04524 -0.78154
v -0.57406 0.04524 -0.78154
v -0.60655 0.04524 -0.78154
v -0.63904 0.04524 -0.78154
v -0.67154 0.04524 -0.78154
v -0.54156 0.04524 -0.58614
v -0.57406 0.04524 -0.58614
v -0.60655 0.04524 -0.58614
v -0.63904 0.04524 -0.58614
v -0.67154 0.04524 -0.58614
v -0.54156 0.04524 -0.42330
v -0.57406 0.04524 -0.42330
v -0.60655 0.04524 -0.42330
v -0.63904 0.04524 -0.42330
v -0.67154 0.04524 -0.42330
v -0.54156 0.04524 -0.23876
v -0.57406 0.04524 -0.23876
v -0.60655 0.04524 -0.23876
v -0.63904 0.04524 -0.23876
v -0.67154 0.04524 -0.23876
v -0.54156 0.04524 -0.07593
v -0.57406 0.04524 -0.07593
v -0.60655 0.04524 -0.07593
v -0.63904 0.04524 -0.07593
v -0.67154 0.04524 -0.07593
v -0.54156 0.04524 0.10862
v -0.57406 0.04524 0.10862
v -0.60655 0.04524 0.10862
v -0.63904 0.04524 0.10862
v -0.67154 0.04524 0.10862
v -0.54156 0.04524 0.27145
v -0.57406 0.04524 0.27145
v -0.60655 0.04524 0.27145
v -0.63904 0.04524 0.27145
v -0.67154 0.04524 0.27145
v -0.54156 0.04524 0.45599
v -0.57406 0.04524 0.45599
v -0.60655 0.04524 0.45599
v -0.63904 0.04524 0.45599
v -0.67154 0.04524 0.45599
v -0.54156 0.04524 0.61883
v -0.57406 0.04524 0.61883
v -0.60655 0.04524 0.61883
v -0.63904 0.04524 0.61883
v -0.67154 0.04524 0.61883
v -0.54156 0.04524 0.78166
v -0.57406 0.04524 0.78166
v -0.60655 0.04524 0.78166
v -0.63904 0.04524 0.78166
v -0.67154 0.04524 0.78166
v -0.54156 0.04524 0.96620
v -0.57406 0.04524 0.96620
v -0.60655 0.04524 0.96620
v -0.63904 0.04524 0.96620
v -0.67154 0.04524 0.96620
v -0.54156 0.04524 1.12904
v -0.57406 0.04524 1.12904
v -0.60655 0.04524 1.12904
v -0.63904 0.04524 1.12904
v -0.67154 0.04524 1.12904
v -0.54156 0.04524 1.31358
v -0.57406 0.04524 1.31358
v -0.60655 0.04524 1.31358
v -0.63904 0.04524 1.31358
v -0.67154 0.04524 1.31358
v -0.54156 0.04524 1.47641
v -0.57406 0.04524 1.47641
v -0.60655 0.04524 1.47641
v -0.63904 0.04524 1.47641
v -0.67154 0.04524 1.47641
v -0.73604 0.04525 -1.82365
v -0.76660 0.04527 -1.82365
v -0.79882 0.04533 -1.82365
v -0.73604 0.04525 -1.63912
v -0.76660 0.04527 -1.63912
v -0.79882 0.04533 -1.63912
v -0.73604 0.04525 -1.47629
v -0.76660 0.04527 -1.47629
v -0.79882 0.04533 -1.47629
v -0.73604 0.04525 -1.28089
v -0.76660 0.04527 -1.28089
v -0.79882 0.04533 -1.28089
v -0.73604 0.04525 -1.12891
v -0.76660 0.04527 -1.12891
v -0.79882 0.04533 -1.12891
v -0.73604 0.04525 -0.93351
v -0.76660 0.04527 -0.93351
v -0.79882 0.04533 -0.93351
v -0.73604 0.04525 -0.78154
v -0.76660 0.04527 -0.78154
v -0.79882 0.04533 -0.78154
v -0.73604 0.04525 -0.58614
v -0.76660 0.04527 -0.58614
v -0.79882 0.04533 -0.58614
v -0.73604 0.04525 -0.42330
v -0.76660 0.04527 -0.42330
v -0.79882 0.04533 -0.42330
v -0.73604 0.04525 -0.23876
v -0.76660 0.04527 -0.23876
v -0.79882 0.04533 -0.23876
v -0.73604 0.04525 -0.07593
v -0.76660 0.04527 -0.07593
v -0.79882 0.04533 -0.07593
v -0.73604 0.04525 0.10862
v -0.76660 0.04527 0.10862
v -0.79882 0.04533 0.10862
v -0.73604 0.04525 0.27145
v -0.76660 0.04527 0.27145
v -0.79882 0.04533 0.27145
v -0.73604 0.04525 0.45599
v -0.76660 0.04527 0.45599
v -0.79882 0.04533 0.45599
v -0.73604 0.04525 0.61883
v -0.76660 0.04527 0.61883
v -0.79882 0.04533 0.61883
v -0.73604 0.04525 0.78166
v -0.76660 0.04527 0.78166
v -0.79882 0.04533 0.78166
v -0.73604 0.04525 0.96620
v -0.76660 0.04527 0.96620
v -0.79882 0.04533 0.96620
v -0.73604 0.04525 1.12904
v -0.76660 0.04527 1.12904
v -0.79882 0.04533 1.12904
v -0.73604 0.04525 1.31358
v -0.76660 0.04527 1.31358
v -0.79882 0.04533 1.31358
v -0.73604 0.04525 1.47641
v -0.76660 0.04527 1.47641
v -0.79882 0.04533 1.47641
v 0.81859 0.04541 -1.82365
v 0.78562 0.04530 -1.82365
v 0.75664 0.04526 -1.82365
v 0.72547 0.04524 -1.82365
v 0.81859 0.04541 -1.63912
v 0.78562 0.04530 -1.63912
v 0.75664 0.04526 -1.63912
v 0.72547 0.04524 -1.63912
v 0.81859 0.04541 -1.47629
v 0.78562 0.04530 -1.47629
v 0.75664 0.04526 -1.47629
v 0.72547 0.04524 -1.47629
v 0.81859 0.04541 -1.28089
v 0.78562 0.04530 -1.28089
v 0.75664 0.04526 -1.28089
v 0.72547 0.04524 -1.28089
v 0.81859 0.04541 -1.12891
v 0.78562 0.04530 -1.12891
v 0.75664 0.04526 -1.12891
v 0.72547 0.04524 -1.12891
v 0.81859 0.04541 -0.93351
v 0.78562 0.04530 -0.93351
v 0.75664 0.04526 -0.93351
v 0.72547 0.04524 -0.93351
v 0.81859 0.04541 -0.78154
v 0.78562 0.04530 -0.78154
v 0.75664 0.04526 -0.78154
v 0.72547 0.04524 -0.78154
v 0.81859 0.04541 -0.58614
v 0.78562 0.04530 -0.58614
v 0.75664 0.04526 -0.58614
v 0.72547 0.04524 -0.58614
v 0.81859 0.04541 -0.42330
v 0.78562 0.04530 -0.42330
v 0.75664 0.04526 -0.42330
v 0.72547 0.04524 -0.42330
v 0.81859 0.04541 -0.23876
v 0.78562 0.04530 -0.23876
v 0.75664 0.04526 -0.23876
v 0.72547 0.04524 -0.23876
v 0.81859 0.04541 -0.07593
v 0.78562 0.04530 -0.07593
v 0.75664 0.04526 -0.07593
v 0.72547 0.04524 -0.07593
v 0.81859 0.04541 0.10862
v 0.78562 0.04530 0.10862
v 0.75664 0.04526 0.10862
v 0.72547 0.04524 0.10862
v 0.81859 0.04541 0.27145
v 0.78562 0.04530 0.27145
v 0.75664 0.04526 0.27145
v 0.72547 0.04524 0.27145
v 0.81859 0.04541 0.45599
v 0.78562 0.04530 0.45599
v 0.75664 0.04526 0.45599
v 0.72547 0.04524 0.45599
v 0.81859 0.04541 0.61883
v 0.78562 0.04530 0.61883
v 0.75664 0.04526 0.61883
v 0.72547 0.04524 0.61883
v 0.81859 0.04541 0.78166
v 0.78562 0.04530 0.78166
v 0.75664 0.04526 0.78166
v 0.72547 0.04524 0.78166
v 0.81859 0.04541 0.96620
v 0.78562 0.04530 0.96620
v 0.75664 0.04526 0.96620
v 0.72547 0.04524 0.96620
v 0.81859 0.04541 1.12904
v 0.78562 0.04530 1.12904
v 0.75664 0.04526 1.12904
v 0.72547 0.04524 1.12904
v 0.81859 0.04541 1.31358
v 0.78562 0.04530 1.31358
v 0.75664 0.04526 1.31358
v 0.72547 0.04524 1.31358
v 0.81859 0.04541 1.47641
v 0.78562 0.04530 1.47641
v 0.75664 0.04526 1.47641
v 0.72547 0.04524 1.47641
v 0.87066 0.07766 -1.82365
v 0.87066 0.07766 -1.63912
v 0.87066 0.07766 -1.47629
v 0.87066 0.07766 -1.28089
v 0.87066 0.07766 -1.12891
v 0.87066 0.07766 -0.93351
v 0.87066 0.07766 -0.78154
v 0.87066 0.07766 -0.58614
v 0.87066 0.07766 -0.42330
v 0.87066 0.07766 -0.23876
v 0.87066 0.07766 -0.07593
v 0.87066 0.07766 0.10862
v 0.87066 0.07766 0.27145
v 0.87066 0.07766 0.45599
v 0.87066 0.07766 0.61883
v 0.87066 0.07766 0.78166
v 0.87066 0.07766 0.96620
v 0.87066 0.07766 1.12904
v 0.87066 0.07766 1.31358
v 0.87066 0.07766 1.47641
v -0.86467 0.07812 1.47641
v -0.86467 0.07812 1.31358
v -0.86467 0.07812 1.12904
v -0.86467 0.07812 0.96620
v -0.86467 0.07812 0.78166
v -0.86467 0.07812 0.61883
v -0.86467 0.07812 0.45599
v -0.86467 0.07812 0.27145
v -0.86467 0.07812 0.10862
v -0.86467 0.07812 -0.07593
v -0.86467 0.07812 -0.23876
v -0.86467 0.07812 -0.42330
v -0.86467 0.07812 -0.58614
v -0.86467 0.07812 -0.78154
v -0.86467 0.07812 -0.93351
v -0.86467 0.07812 -1.12891
v -0.86467 0.07812 -1.28089
v -0.86467 0.07812 -1.47629
v -0.86467 0.07812 -1.63912
v -0.86467 0.07812 -1.82365
v -0.79882 0.07918 -1.82365
v -0.76660 0.07924 -1.82365
v -0.73604 0.07926 -1.82365
v -0.79882 0.07918 -1.63912
v -0.76660 0.07924 -1.63912
v -0.73604 0.07926 -1.63912
v -0.79882 0.07918 -1.47629
v -0.76660 0.07924 -1.47629
v -0.73604 0.07926 -1.47629
v -0.79882 0.07918 -1.28089
v -0.76660 0.07924 -1.28089
v -0.73604 0.07926 -1.28089
v -0.79882 0.07918 -1.12891
v -0.76660 0.07924 -1.12891
v -0.73604 0.07926 -1.12891
v -0.79882 0.07918 -0.93351
v -0.76660 0.07924 -0.93351
v -0.73604 0.07926 -0.93351
v -0.79882 0.07918 -0.78154
v -0.76660 0.07924 -0.78154
v -0.73604 0.07926 -0.78154
v -0.79882 0.07918 -0.58614
v -0.76660 0.07924 -0.58614
v -0.73604 0.07926 -0.58614
v -0.79882 0.07918 -0.42330
v -0.76660 0.07924 -0.42330
v -0.73604 0.07926 -0.42330
v -0.79882 0.07918 -0.23876
v -0.76660 0.07924 -0.23876
v -0.73604 0.07926 -0.23876
v -0.79882 0.07918 -0.07593
v -0.76660 0.07924 -0.07593
v -0.73604 0.07926 -0.07593
v -0.79882 0.07918 0.10862
v -0.76660 0.07924 0.10862
v -0.73604 0.07926 0.10862
v -0.79882 0.07918 0.27145
v -0.76660 0.07924 0.27145
v -0.73604 0.07926 0.27145
v -0.79882 0.07918 0.45599
v -0.76660 0.07924 0.45599
v -0.73604 0.07926 0.45599
v -0.79882 0.07918 0.61883
v -0.76660 0.07924 0.61883
v -0.73604 0.07926 0.61883
v -0.79882 0.07918 0.78166
v -0.76660 0.07924 0.78166
v -0.73604 0.07926 0.78166
v -0.79882 0.07918 0.96620
v -0.76660 0.07924 0.96620
v -0.73604 0.07926 0.96620
v -0.79882 0.07918 1.12904
v -0.76660 0.07924 1.12904
v -0.73604 0.07926 1.12904
v -0.79882 0.07918 1.31358
v -0.76660 0.07924 1.31358
v -0.73604 0.07926 1.31358
v -0.79882 0.07918 1.47641
v -0.76660 0.07924 1.47641
v -0.73604 0.07926 1.47641
v 0.01569 0.04976 -1.21645
v -0.07182 0.05252 -1.16025
v -0.19905 0.05226 -1.03285
v 0.08994 0.05178 -1.03077
v 0.08994 0.05178 -0.90487
v 0.09155 0.05233 -0.80904
v 0.11354 0.05298 -0.81014
v 0.02272 0.05219 -1.15982
v 0.02337 0.05205 -1.03076
v 0.02337 0.05205 -0.90502
v 0.02254 0.06999 -0.82106
v -0.11033 0.05276 -1.03084
v -0.11033 0.05276 -0.90528
v -0.13335 0.05253 -0.80901
v -0.10649 0.05298 -0.80998
v -0.07132 0.05232 -0.80914
v -0.19734 0.05296 -0.96808
v -0.19749 0.05211 -0.99895
v -0.07177 0.05252 -1.06527
v -0.03858 0.05219 -1.06511
v -0.04027 0.06412 -1.10032
v -0.03806 0.05296 -0.96813
v -0.07166 0.05301 -0.96814
v -0.03875 0.05195 -0.99823
v -0.07152 0.05219 -0.99821
v -0.04044 0.06383 -0.83601
v -0.03858 0.05219 -0.87074
v -0.07177 0.05252 -0.87067
v 0.05762 0.05205 -1.06508
v 0.05808 0.05292 -0.96812
v 0.05749 0.05178 -0.99824
v 0.05762 0.05205 -0.87069
v 0.20526 0.05370 -1.08607
v 0.20495 0.05382 -0.85025
v -0.18503 0.05254 -0.82162
v -0.13305 0.05382 -1.15795
v -0.03866 0.05381 -1.19731
v -0.03866 0.05381 -0.73922
v 0.05723 0.05382 -1.19443
v 0.05723 0.05383 -0.74205
v 0.14582 0.05377 -1.15151
v 0.13278 0.07815 -1.04014
v 0.11788 0.07915 -1.09206
v 0.18374 0.07923 -1.06298
v 0.15028 0.07917 -1.06156
v 0.14899 0.07837 -1.00030
v 0.18164 0.07921 -0.99945
v 0.14965 0.07840 -0.93639
v 0.18151 0.07921 -0.90429
v 0.18237 0.07920 -0.93652
v 0.13283 0.07811 -0.89474
v 0.11734 0.07913 -0.84389
v 0.15141 0.07920 -0.84127
v 0.14974 0.07917 -0.87382
v -0.09578 0.07855 -1.08775
v -0.16407 0.07922 -1.09460
v -0.16416 0.07920 -1.06246
v -0.12564 0.07854 -1.05636
v -0.16011 0.07913 -0.99851
v -0.19601 0.07923 -1.00038
v -0.14519 0.07824 -1.00069
v -0.19477 0.07923 -0.93600
v -0.16006 0.07913 -0.93795
v -0.16305 0.07918 -0.90555
v -0.14575 0.07826 -0.93597
v -0.16487 0.07922 -0.84111
v -0.13227 0.07918 -0.84272
v -0.09620 0.07851 -0.84779
v -0.12575 0.07855 -0.87857
v -0.10048 0.07920 -1.12504
v -0.13259 0.07922 -1.12573
v -0.10047 0.07919 -0.81015
v -0.10174 0.07923 -0.77770
v -0.06817 0.07914 -0.81298
v -0.03543 0.07854 -1.11680
v -0.04923 0.07806 -1.10883
v -0.03909 0.07923 -1.15828
v -0.07034 0.07923 -1.15720
v -0.03768 0.07921 -0.77893
v -0.03643 0.07849 -0.81887
v -0.05045 0.07798 -0.82664
v -0.03075 0.06885 -0.82101
v 0.05068 0.07883 -1.11789
v 0.02540 0.07842 -1.11805
v 0.05560 0.07923 -1.15776
v 0.02480 0.07922 -1.15683
v 0.02484 0.07921 -0.77927
v 0.05653 0.07922 -0.77904
v 0.08692 0.07917 -0.81074
v 0.05027 0.07872 -0.81856
v 0.02529 0.07840 -0.81706
v 0.05432 0.05535 -0.81279
v 0.10250 0.07770 -1.07784
v 0.08826 0.07839 -1.09167
v 0.15153 0.07923 -1.12533
v 0.11961 0.07921 -1.12549
v 0.11938 0.07920 -0.81083
v 0.08886 0.07836 -0.84378
v 0.27629 0.07926 -1.25372
v 0.27847 0.07926 -1.21936
v 0.24787 0.07926 -1.19144
v 0.21592 0.07926 -1.19146
v 0.21520 0.07925 -1.15753
v 0.18375 0.07925 -1.15898
v 0.18245 0.07924 -1.12763
v 0.21558 0.07925 -1.06435
v 0.24888 0.07926 -1.06363
v 0.28146 0.07926 -1.09424
v 0.31072 0.07926 -1.09681
v 0.15085 0.07926 -1.25623
v 0.12083 0.07926 -1.22462
v 0.11863 0.07925 -1.19093
v 0.08929 0.07925 -1.18938
v 0.08735 0.07923 -1.15685
v 0.21439 0.07924 -0.96859
v 0.24364 0.07925 -0.96696
v 0.27524 0.07926 -0.96535
v 0.30892 0.07926 -0.93709
v 0.21626 0.07925 -0.87277
v 0.21387 0.07925 -0.83992
v 0.24728 0.07926 -0.84141
v 0.27919 0.07926 -0.83837
v 0.28120 0.07926 -0.80810
v 0.31261 0.07926 -0.80785
v 0.18466 0.07925 -0.77728
v 0.21632 0.07926 -0.74672
v 0.21701 0.07926 -0.71456
v 0.24965 0.07926 -0.71294
v 0.27884 0.07926 -0.68610
v 0.27577 0.07926 -0.65488
v 0.08748 0.07924 -0.74746
v 0.11922 0.07925 -0.74539
v 0.11929 0.07926 -0.71517
v 0.12070 0.07926 -0.68262
v 0.15053 0.07926 -0.65261
v -0.00516 0.07926 -1.24844
v -0.00601 0.07926 -1.21833
v -0.00587 0.07925 -1.18719
v -0.13265 0.07926 -1.25703
v -0.13298 0.07926 -1.22364
v -0.10123 0.07925 -1.19104
v -0.10314 0.07924 -1.15634
v -0.29258 0.07926 -1.25324
v -0.29326 0.07926 -1.21938
v -0.25861 0.07926 -1.22146
v -0.25951 0.07926 -1.19171
v -0.23060 0.07926 -1.19259
v -0.22901 0.07926 -1.15971
v -0.19653 0.07925 -1.15847
v -0.16525 0.07924 -1.12704
v -0.32406 0.07926 -1.09559
v -0.29274 0.07926 -1.09581
v -0.25911 0.07926 -1.09161
v -0.25926 0.07926 -1.06248
v -0.22561 0.07925 -1.06349
v -0.19566 0.07924 -1.06406
v -0.32562 0.07926 -0.93519
v -0.29786 0.07926 -0.93720
v -0.29568 0.07926 -0.96701
v -0.26338 0.07926 -0.96589
v -0.22606 0.07925 -0.96702
v -0.32245 0.07926 -0.80743
v -0.29166 0.07926 -0.80868
v -0.25882 0.07926 -0.84147
v -0.22679 0.07925 -0.84041
v -0.22784 0.07925 -0.87140
v -0.19674 0.07923 -0.87319
v -0.29475 0.07926 -0.65018
v -0.29276 0.07926 -0.68228
v -0.25894 0.07926 -0.68552
v -0.25743 0.07926 -0.71536
v -0.23033 0.07926 -0.71332
v -0.23134 0.07926 -0.74459
v -0.19843 0.07925 -0.74676
v -0.19857 0.07925 -0.77819
v -0.16674 0.07924 -0.77906
v -0.16427 0.07923 -0.80901
v -0.13261 0.07926 -0.65172
v -0.13285 0.07926 -0.68360
v -0.10153 0.07926 -0.71439
v -0.10245 0.07925 -0.74524
v -0.00515 0.07926 -0.65495
v -0.00555 0.07926 -0.68508
v -0.00640 0.07925 -0.71340
v -0.00636 0.07924 -0.74548
v 0.45185 0.07142 0.29948
v 0.45207 0.07173 0.33409
v 0.45185 0.07142 0.37042
v 0.45141 0.07081 0.39758
v 0.45174 0.07144 0.48943
v 0.45187 0.07150 0.52202
v 0.45187 0.07150 0.55459
v 0.45186 0.07150 0.65228
v 0.45186 0.07150 0.68485
v 0.45188 0.07155 0.71748
v 0.45188 0.07157 0.74999
v 0.45188 0.07157 0.81492
v 0.45188 0.07157 0.84669
v 0.45217 0.07199 0.87721
v 0.45187 0.07157 0.90612
v -0.45298 0.07195 0.29947
v -0.45296 0.07224 0.33410
v -0.45298 0.07195 0.37046
v -0.45301 0.07139 0.39759
v -0.45297 0.07195 0.48949
v -0.45297 0.07195 0.52205
v -0.45296 0.07195 0.55462
v -0.45296 0.07195 0.65232
v -0.45296 0.07195 0.68488
v -0.45295 0.07195 0.71745
v -0.45295 0.07195 0.75001
v -0.45295 0.07195 0.81495
v -0.45294 0.07195 0.84672
v -0.45291 0.07234 0.87725
v -0.45294 0.07195 0.90618
v -0.29329 0.07224 0.14390
v -0.25848 0.07195 0.14387
v -0.22708 0.07195 0.14387
v -0.19493 0.07195 0.14387
v -0.29325 0.07224 1.05244
v -0.25847 0.07195 1.05256
v -0.22708 0.07195 1.05256
v -0.19493 0.07195 1.05256
v -0.12998 0.07195 0.14387
v -0.09748 0.07195 0.14387
v -0.07040 0.07195 0.14387
v -0.04332 0.07195 0.14387
v -0.12998 0.07195 1.05256
v -0.09748 0.07195 1.05256
v -0.07040 0.07195 1.05256
v -0.04332 0.07195 1.05255
v 0.02166 0.07195 0.14387
v 0.05416 0.07195 0.14387
v 0.08665 0.07195 0.14387
v 0.11914 0.07195 0.14387
v 0.15164 0.07195 0.14387
v 0.02166 0.07195 1.05255
v 0.05416 0.07195 1.05255
v 0.08665 0.07195 1.05256
v 0.11914 0.07195 1.05256
v 0.15164 0.07195 1.05256
v 0.21642 0.07195 0.14387
v 0.24813 0.07195 0.14387
v 0.27878 0.07195 0.14387
v 0.31230 0.07224 0.14391
v 0.21642 0.07195 1.05256
v 0.24812 0.07195 1.05256
v 0.27875 0.07195 1.05256
v 0.31222 0.07224 1.05244
v 0.45499 0.07374 0.14874
v 0.45357 0.07920 1.04792
v 0.45675 0.06899 1.03249
v -0.42071 0.07847 0.14097
v 0.45218 0.07180 0.20446
v 0.45219 0.07183 0.23880
v 0.45663 0.06946 0.24073
v 0.45606 0.07093 0.20855
v 0.45847 0.07850 0.24107
v 0.45844 0.07850 0.20780
v 0.45851 0.06442 0.39922
v 0.45743 0.06730 0.37031
v 0.45676 0.06909 0.33481
v 0.45744 0.06730 0.30075
v 0.45890 0.07853 0.39376
v 0.45897 0.07855 0.36181
v 0.45890 0.07852 0.33063
v 0.45897 0.07853 0.30041
v 0.45781 0.06627 0.55454
v 0.45782 0.06627 0.52197
v 0.45782 0.06627 0.48941
v 0.45872 0.07853 0.55592
v 0.45873 0.07853 0.52352
v 0.45873 0.07853 0.49111
v 0.45873 0.07853 0.45871
v 0.45830 0.06498 0.74988
v 0.45812 0.06545 0.71690
v 0.45780 0.06627 0.68480
v 0.45780 0.06627 0.65223
v 0.45867 0.07851 0.74960
v 0.45867 0.07852 0.71755
v 0.45867 0.07852 0.68531
v 0.45871 0.07853 0.65297
v 0.45866 0.07852 0.62065
v 0.45827 0.06498 0.90479
v 0.45721 0.06780 0.87668
v 0.45828 0.06498 0.84696
v 0.45829 0.06498 0.81489
v 0.45864 0.07855 0.90714
v 0.45821 0.07854 0.87408
v 0.45839 0.07847 0.83933
v 0.45916 0.07863 0.80780
v 0.45230 0.07218 1.00076
v 0.45749 0.06704 1.00013
v 0.45780 0.07850 1.00206
v 0.45819 0.07853 0.97016
v -0.48010 0.07925 0.20750
v -0.48090 0.07925 0.23802
v -0.45688 0.07843 0.24135
v -0.45690 0.07843 0.20778
v -0.45293 0.07227 0.23902
v -0.45295 0.07238 0.20500
v -0.48207 0.07925 0.30324
v -0.48144 0.07925 0.33525
v -0.48102 0.07925 0.36645
v -0.48140 0.07925 0.39811
v -0.45690 0.07845 0.39316
v -0.45695 0.07846 0.36123
v -0.45691 0.07843 0.33011
v -0.45696 0.07845 0.29995
v -0.48123 0.07925 0.46155
v -0.48132 0.07925 0.49302
v -0.48141 0.07925 0.52448
v -0.48149 0.07925 0.55595
v -0.45680 0.07845 0.55587
v -0.45682 0.07845 0.52331
v -0.45684 0.07845 0.49075
v -0.45686 0.07845 0.45819
v -0.48208 0.07925 0.61828
v -0.48124 0.07925 0.64984
v -0.48121 0.07925 0.68240
v -0.48119 0.07925 0.71496
v -0.48117 0.07925 0.74752
v -0.45661 0.07843 0.75000
v -0.45664 0.07844 0.71800
v -0.45664 0.07844 0.68579
v -0.45669 0.07844 0.65348
v -0.45676 0.07845 0.62100
v -0.48072 0.07925 0.81099
v -0.48110 0.07925 0.84267
v -0.48108 0.07925 0.87441
v -0.48105 0.07925 0.90536
v -0.45672 0.07847 0.90728
v -0.45652 0.07848 0.87398
v -0.45648 0.07839 0.83888
v -0.45693 0.07855 0.80734
v -0.48065 0.07925 0.96969
v -0.47944 0.07925 1.00038
v -0.45635 0.07843 1.00221
v -0.45651 0.07847 0.97025
v -0.45286 0.07243 1.00080
v -0.38743 0.07241 0.14393
v -0.35715 0.07848 0.14055
v -0.38868 0.07843 0.14063
v -0.38885 0.07842 1.05725
v -0.35672 0.07847 1.05723
v -0.38711 0.07241 1.05237
v -0.19493 0.07850 0.14024
v -0.22712 0.07850 0.14026
v -0.25862 0.07850 0.14027
v -0.29121 0.07841 0.14053
v -0.29224 0.07842 1.05705
v -0.25858 0.07849 1.05749
v -0.22710 0.07849 1.05748
v -0.19493 0.07849 1.05747
v -0.04332 0.07850 0.14021
v -0.07040 0.07850 0.14021
v -0.09748 0.07850 0.14022
v -0.12998 0.07850 0.14022
v -0.12998 0.07849 1.05745
v -0.09748 0.07849 1.05745
v -0.07040 0.07849 1.05745
v -0.04332 0.07849 1.05745
v 0.15164 0.07850 0.14023
v 0.11914 0.07850 0.14022
v 0.08665 0.07850 0.14021
v 0.05416 0.07850 0.14021
v 0.02166 0.07850 0.14021
v 0.02166 0.07849 1.05744
v 0.05416 0.07849 1.05745
v 0.08665 0.07849 1.05745
v 0.11914 0.07849 1.05745
v 0.15164 0.07849 1.05746
v 0.30912 0.07845 0.14039
v 0.27904 0.07850 0.14028
v 0.24822 0.07850 0.14027
v 0.21644 0.07850 0.14025
v 0.21644 0.07849 1.05747
v 0.24819 0.07849 1.05748
v 0.27896 0.07849 1.05749
v 0.31019 0.07840 1.05716
v 0.37392 0.07241 0.14393
v 0.40721 0.07260 0.14399
v 0.40658 0.07847 0.14082
v 0.37393 0.07844 0.14062
v 0.37423 0.07841 1.05714
v 0.40686 0.07850 1.05730
v 0.40723 0.07271 1.05222
v 0.37366 0.07241 1.05237
v 0.34211 0.07926 0.11427
v 0.50031 0.07926 0.26773
v 0.50090 0.07926 0.42691
v 0.50015 0.07926 0.62152
v 0.50025 0.07926 0.77797
v 0.49949 0.07926 0.93667
v 0.50003 0.07926 0.96914
v 0.46742 0.07926 1.09517
v 0.49876 0.07926 1.09462
v 0.34197 0.07926 1.09300
v 0.34328 0.07926 1.12670
v 0.18413 0.07926 0.11377
v -0.01083 0.07926 0.11374
v -0.16247 0.07926 0.11376
v -0.35508 0.07926 0.11451
v -0.32217 0.07926 0.11425
v -0.48225 0.07926 0.11313
v -0.48106 0.07926 0.14443
v -0.51316 0.07926 0.26869
v -0.51310 0.07926 0.42825
v -0.51220 0.07926 0.62274
v -0.51299 0.07926 0.77559
v -0.51220 0.07926 0.96805
v -0.48150 0.07926 1.09468
v -0.48045 0.07926 1.06306
v -0.35345 0.07926 1.12669
v -0.35658 0.07926 1.09497
v -0.32315 0.07926 1.09283
v -0.16247 0.07926 1.12667
v -0.16247 0.07926 1.09389
v -0.01083 0.07926 1.12666
v -0.01083 0.07926 1.09387
v 0.18413 0.07926 1.12667
v 0.18413 0.07926 1.09389
v -0.73604 0.07926 1.50890
v -0.76660 0.07924 1.50890
v -0.79882 0.07917 1.50890
v -0.73604 0.07925 1.54063
v -0.76660 0.07923 1.54063
v -0.79882 0.07917 1.54063
v -0.73604 0.07922 1.57053
v -0.76660 0.07920 1.57053
v -0.79881 0.07914 1.57053
v -0.73604 0.07914 1.60148
v -0.76660 0.07912 1.60148
v -0.79881 0.07906 1.60148
v -0.86002 0.07747 1.65999
v -0.86108 0.07759 -1.98106
v 0.86897 0.07720 1.65737
v 0.86939 0.07730 -1.97743
v -0.86467 0.07811 -1.85574
v -0.86467 0.07809 -1.88637
v -0.86466 0.07803 -1.91866
v 0.72547 0.07811 -1.98466
v 0.75664 0.07810 -1.98465
v 0.78561 0.07806 -1.98465
v 0.81825 0.07799 -1.98441
v 0.87066 0.07766 1.50890
v 0.87066 0.07765 1.54063
v 0.87065 0.07763 1.57052
v 0.87064 0.07756 1.60147
v -0.73604 0.07794 1.66239
v -0.76660 0.07792 1.66238
v -0.79881 0.07786 1.66237
v 0.72547 0.04525 1.50890
v 0.75664 0.04526 1.50890
v 0.78562 0.04530 1.50890
v 0.81859 0.04541 1.50890
v 0.72547 0.04525 1.54063
v 0.75664 0.04527 1.54063
v 0.78562 0.04531 1.54063
v 0.81859 0.04542 1.54063
v 0.72547 0.04528 1.57053
v 0.75664 0.04530 1.57053
v 0.78562 0.04534 1.57053
v 0.81859 0.04545 1.57053
v 0.72547 0.04536 1.60148
v 0.75664 0.04537 1.60148
v 0.78562 0.04541 1.60148
v 0.81859 0.04552 1.60148
v -0.79882 0.04533 1.50890
v -0.76660 0.04527 1.50890
v -0.73604 0.04525 1.50890
v -0.79882 0.04534 1.54063
v -0.76660 0.04528 1.54063
v -0.73604 0.04526 1.54063
v -0.79881 0.04537 1.57053
v -0.76660 0.04531 1.57053
v -0.73604 0.04529 1.57053
v -0.79881 0.04544 1.60148
v -0.76660 0.04538 1.60148
v -0.73604 0.04536 1.60148
v -0.67154 0.04524 1.50890
v -0.63904 0.04524 1.50890
v -0.60655 0.04524 1.50890
v -0.57406 0.04524 1.50890
v -0.54156 0.04524 1.50890
v -0.67154 0.04525 1.54063
v -0.63904 0.04525 1.54063
v -0.60655 0.04525 1.54063
v -0.57406 0.04525 1.54063
v -0.54156 0.04525 1.54063
v -0.67154 0.04528 1.57053
v -0.63904 0.04528 1.57053
v -0.60655 0.04528 1.57053
v -0.57406 0.04528 1.57053
v -0.54156 0.04528 1.57053
v -0.67154 0.04536 1.60148
v -0.63904 0.04536 1.60148
v -0.60655 0.04536 1.60148
v -0.57406 0.04536 1.60148
v -0.54156 0.04536 1.60148
v -0.48741 0.04524 1.50890
v -0.45491 0.04524 1.50890
v -0.42242 0.04524 1.50890
v -0.38992 0.04524 1.50890
v -0.48741 0.04525 1.54063
v -0.45491 0.04525 1.54063
v -0.42242 0.04525 1.54063
v -0.38992 0.04525 1.54063
v -0.48741 0.04528 1.57053
v -0.45491 0.04528 1.57053
v -0.42242 0.04528 1.57053
v -0.38992 0.04528 1.57053
v -0.48741 0.04536 1.60148
v -0.45491 0.04536 1.60148
v -0.42242 0.04536 1.60148
v -0.38992 0.04536 1.60148
v -0.32494 0.04524 1.50890
v -0.29244 0.04524 1.50890
v -0.25995 0.04524 1.50890
v -0.22746 0.04524 1.50890
v -0.19496 0.04524 1.50890
v -0.32494 0.04525 1.54063
v -0.29244 0.04525 1.54063
v -0.25995 0.04525 1.54063
v -0.22746 0.04525 1.54063
v -0.19496 0.04525 1.54063
v -0.32494 0.04528 1.57053
v -0.29244 0.04528 1.57053
v -0.25995 0.04528 1.57053
v -0.22746 0.04528 1.57053
v -0.19496 0.04528 1.57053
v -0.32494 0.04536 1.60148
v -0.29244 0.04536 1.60148
v -0.25995 0.04536 1.60148
v -0.22746 0.04536 1.60148
v -0.19496 0.04536 1.60148
v -0.12998 0.04524 1.50890
v -0.09748 0.04524 1.50890
v -0.07040 0.04524 1.50890
v -0.04333 0.04524 1.50890
v -0.12998 0.04525 1.54063
v -0.09748 0.04525 1.54063
v -0.07040 0.04525 1.54063
v -0.04333 0.04525 1.54063
v -0.12998 0.04528 1.57053
v -0.09748 0.04528 1.57053
v -0.07040 0.04528 1.57053
v -0.04333 0.04528 1.57053
v -0.12997 0.04536 1.60148
v -0.09748 0.04536 1.60148
v -0.07040 0.04536 1.60148
v -0.04333 0.04536 1.60148
v 0.02166 0.04524 1.50890
v 0.05416 0.04524 1.50890
v 0.08665 0.04524 1.50890
v 0.11914 0.04524 1.50890
v 0.15164 0.04524 1.50890
v 0.02166 0.04525 1.54063
v 0.05416 0.04525 1.54063
v 0.08665 0.04525 1.54063
v 0.11914 0.04525 1.54063
v 0.15164 0.04525 1.54063
v 0.02166 0.04528 1.57053
v 0.05416 0.04528 1.57053
v 0.08665 0.04528 1.57053
v 0.11914 0.04528 1.57053
v 0.15164 0.04528 1.57053
v 0.02166 0.04536 1.60148
v 0.05416 0.04536 1.60148
v 0.08665 0.04536 1.60148
v 0.11914 0.04536 1.60148
v 0.15164 0.04536 1.60148
v 0.21663 0.04524 1.50890
v 0.24912 0.04524 1.50890
v 0.28161 0.04524 1.50890
v 0.31411 0.04524 1.50890
v 0.21663 0.04525 1.54063
v 0.24912 0.04525 1.54063
v 0.28161 0.04525 1.54063
v 0.31411 0.04525 1.54063
v 0.21663 0.04528 1.57053
v 0.24912 0.04528 1.57053
v 0.28161 0.04528 1.57053
v 0.31411 0.04528 1.57053
v 0.21663 0.04536 1.60148
v 0.24912 0.04536 1.60148
v 0.28161 0.04536 1.60148
v 0.31411 0.04536 1.60148
v 0.37909 0.04524 1.50890
v 0.40617 0.04524 1.50890
v 0.43325 0.04524 1.50890
v 0.46574 0.04524 1.50890
v 0.49824 0.04524 1.50890
v 0.37909 0.04525 1.54063
v 0.40617 0.04525 1.54063
v 0.43325 0.04525 1.54063
v 0.46574 0.04525 1.54063
v 0.49824 0.04525 1.54063
v 0.37909 0.04528 1.57053
v 0.40617 0.04528 1.57053
v 0.43325 0.04528 1.57053
v 0.46574 0.04528 1.57053
v 0.49824 0.04528 1.57053
v 0.37909 0.04536 1.60148
v 0.40617 0.04536 1.60148
v 0.43325 0.04536 1.60148
v 0.46574 0.04536 1.60148
v 0.49824 0.04536 1.60148
v 0.56322 0.04524 1.50890
v 0.59572 0.04524 1.50890
v 0.62821 0.04524 1.50890
v 0.66071 0.04524 1.50890
v 0.56322 0.04525 1.54063
v 0.59572 0.04525 1.54063
v 0.62821 0.04525 1.54063
v 0.66071 0.04525 1.54063
v 0.56322 0.04528 1.57053
v 0.59572 0.04528 1.57053
v 0.62821 0.04528 1.57053
v 0.66071 0.04528 1.57053
v 0.56322 0.04536 1.60148
v 0.59572 0.04536 1.60148
v 0.62821 0.04536 1.60148
v 0.66071 0.04536 1.60148
v 0.81816 0.07782 1.66219
v 0.78561 0.07789 1.66238
v 0.75664 0.07792 1.66238
v 0.72547 0.07794 1.66239
v 0.66071 0.07794 1.66239
v 0.62821 0.07794 1.66239
v 0.59572 0.07794 1.66239
v 0.56322 0.07794 1.66239
v 0.49824 0.07794 1.66239
v 0.46574 0.07794 1.66239
v 0.43325 0.07794 1.66239
v 0.40617 0.07794 1.66239
v 0.37909 0.07794 1.66239
v 0.31411 0.07794 1.66239
v 0.28161 0.07794 1.66239
v 0.24912 0.07794 1.66239
v 0.21662 0.07794 1.66239
v 0.15164 0.07794 1.66239
v 0.11914 0.07794 1.66239
v 0.08665 0.07794 1.66239
v 0.05416 0.07794 1.66239
v 0.02166 0.07794 1.66239
v -0.04333 0.07794 1.66239
v -0.07040 0.07794 1.66239
v -0.09748 0.07794 1.66239
v -0.12997 0.07794 1.66239
v -0.19496 0.07794 1.66239
v -0.22746 0.07794 1.66239
v -0.25995 0.07794 1.66239
v -0.29244 0.07794 1.66239
v -0.32494 0.07794 1.66239
v -0.38992 0.07794 1.66239
v -0.42242 0.07794 1.66239
v -0.45491 0.07794 1.66239
v -0.48741 0.07794 1.66239
v -0.54156 0.07794 1.66239
v -0.57406 0.07794 1.66239
v -0.60655 0.07794 1.66239
v -0.63904 0.07794 1.66239
v -0.67154 0.07794 1.66239
v -0.79881 0.07803 -1.98465
v -0.76660 0.07809 -1.98465
v -0.73604 0.07811 -1.98466
v -0.67154 0.07812 -1.98466
v -0.63904 0.07812 -1.98466
v -0.60655 0.07812 -1.98466
v -0.57406 0.07812 -1.98466
v -0.54156 0.07812 -1.98466
v -0.48741 0.07812 -1.98466
v -0.45491 0.07812 -1.98466
v -0.42242 0.07812 -1.98466
v -0.38992 0.07812 -1.98466
v -0.32494 0.07812 -1.98466
v -0.29244 0.07812 -1.98466
v -0.25995 0.07812 -1.98466
v -0.22746 0.07812 -1.98466
v -0.19496 0.07812 -1.98466
v -0.12998 0.07812 -1.98466
v -0.09748 0.07812 -1.98466
v -0.07040 0.07812 -1.98466
v -0.04333 0.07812 -1.98466
v 0.02166 0.07812 -1.98466
v 0.05416 0.07812 -1.98466
v 0.08665 0.07812 -1.98466
v 0.11914 0.07812 -1.98466
v 0.15164 0.07812 -1.98466
v 0.21662 0.07812 -1.98466
v 0.24912 0.07812 -1.98466
v 0.28161 0.07812 -1.98466
v 0.31411 0.07812 -1.98466
v 0.37909 0.07812 -1.98466
v 0.40617 0.07812 -1.98466
v 0.43325 0.07812 -1.98466
v 0.46574 0.07812 -1.98466
v 0.49824 0.07812 -1.98466
v 0.56322 0.07812 -1.98466
v 0.59572 0.07812 -1.98466
v 0.62821 0.07812 -1.98466
v 0.66071 0.07812 -1.98466
v 0.81859 0.07910 1.50890
v 0.78562 0.07921 1.50890
v 0.75664 0.07925 1.50890
v 0.72547 0.07926 1.50890
v 0.81859 0.07909 1.54063
v 0.78562 0.07920 1.54063
v 0.75664 0.07924 1.54063
v 0.72547 0.07925 1.54063
v 0.81859 0.07906 1.57053
v 0.78562 0.07917 1.57053
v 0.75664 0.07921 1.57053
v 0.72547 0.07922 1.57053
v 0.81859 0.07898 1.60148
v 0.78562 0.07909 1.60148
v 0.75664 0.07913 1.60148
v 0.72547 0.07915 1.60148
v 0.66071 0.07926 1.50890
v 0.62821 0.07926 1.50890
v 0.59572 0.07926 1.50890
v 0.56322 0.07926 1.50890
v 0.66071 0.07925 1.54063
v 0.62821 0.07925 1.54063
v 0.59572 0.07925 1.54063
v 0.56322 0.07925 1.54063
v 0.66071 0.07923 1.57053
v 0.62821 0.07923 1.57053
v 0.59572 0.07923 1.57053
v 0.56322 0.07923 1.57053
v 0.66071 0.07915 1.60148
v 0.62821 0.07915 1.60148
v 0.59572 0.07915 1.60148
v 0.56322 0.07915 1.60148
v 0.49824 0.07926 1.50890
v 0.46574 0.07926 1.50890
v 0.43325 0.07926 1.50890
v 0.40617 0.07926 1.50890
v 0.37909 0.07926 1.50890
v 0.49824 0.07925 1.54063
v 0.46574 0.07925 1.54063
v 0.43325 0.07925 1.54063
v 0.40617 0.07925 1.54063
v 0.37909 0.07925 1.54063
v 0.49824 0.07923 1.57053
v 0.46574 0.07923 1.57053
v 0.43325 0.07923 1.57053
v 0.40617 0.07923 1.57053
v 0.37909 0.07923 1.57053
v 0.49824 0.07915 1.60148
v 0.46574 0.07915 1.60148
v 0.43325 0.07915 1.60148
v 0.40617 0.07915 1.60148
v 0.37909 0.07915 1.60148
v 0.31411 0.07926 1.50890
v 0.28161 0.07926 1.50890
v 0.24912 0.07926 1.50890
v 0.21663 0.07926 1.50890
v 0.31411 0.07925 1.54063
v 0.28161 0.07925 1.54063
v 0.24912 0.07925 1.54063
v 0.21663 0.07925 1.54063
v 0.31411 0.07923 1.57053
v 0.28161 0.07923 1.57053
v 0.24912 0.07923 1.57053
v 0.21663 0.07923 1.57053
v 0.31411 0.07915 1.60148
v 0.28161 0.07915 1.60148
v 0.24912 0.07915 1.60148
v 0.21663 0.07915 1.60148
v 0.15164 0.07926 1.50890
v 0.11914 0.07926 1.50890
v 0.08665 0.07926 1.50890
v 0.05416 0.07926 1.50890
v 0.02166 0.07926 1.50890
v 0.15164 0.07925 1.54063
v 0.11914 0.07925 1.54063
v 0.08665 0.07925 1.54063
v 0.05416 0.07925 1.54063
v 0.02166 0.07925 1.54063
v 0.15164 0.07923 1.57053
v 0.11914 0.07923 1.57053
v 0.08665 0.07923 1.57053
v 0.05416 0.07923 1.57053
v 0.02166 0.07923 1.57053
v 0.15164 0.07915 1.60148
v 0.11914 0.07915 1.60148
v 0.08665 0.07915 1.60148
v 0.05416 0.07915 1.60148
v 0.02166 0.07915 1.60148
v -0.04333 0.07926 1.50890
v -0.07040 0.07926 1.50890
v -0.09748 0.07926 1.50890
v -0.12998 0.07926 1.50890
v -0.04333 0.07925 1.54063
v -0.07040 0.07925 1.54063
v -0.09748 0.07925 1.54063
v -0.12998 0.07925 1.54063
v -0.04333 0.07923 1.57053
v -0.07040 0.07923 1.57053
v -0.09748 0.07923 1.57053
v -0.12998 0.07923 1.57053
v -0.04333 0.07915 1.60148
v -0.07040 0.07915 1.60148
v -0.09748 0.07915 1.60148
v -0.12997 0.07915 1.60148
v -0.19496 0.07926 1.50890
v -0.22746 0.07926 1.50890
v -0.25995 0.07926 1.50890
v -0.29244 0.07926 1.50890
v -0.32494 0.07926 1.50890
v -0.19496 0.07925 1.54063
v -0.22746 0.07925 1.54063
v -0.25995 0.07925 1.54063
v -0.29244 0.07925 1.54063
v -0.32494 0.07925 1.54063
v -0.19496 0.07923 1.57053
v -0.22746 0.07923 1.57053
v -0.25995 0.07923 1.57053
v -0.29244 0.07923 1.57053
v -0.32494 0.07923 1.57053
v -0.19496 0.07915 1.60148
v -0.22746 0.07915 1.60148
v -0.25995 0.07915 1.60148
v -0.29244 0.07915 1.60148
v -0.32494 0.07915 1.60148
v -0.38992 0.07926 1.50890
v -0.42242 0.07926 1.50890
v -0.45491 0.07926 1.50890
v -0.48741 0.07926 1.50890
v -0.38992 0.07925 1.54063
v -0.42242 0.07925 1.54063
v -0.45491 0.07925 1.54063
v -0.48741 0.07925 1.54063
v -0.38992 0.07923 1.57053
v -0.42242 0.07923 1.57053
v -0.45491 0.07923 1.57053
v -0.48741 0.07923 1.57053
v -0.38993 0.07915 1.60148
v -0.42242 0.07915 1.60148
v -0.45491 0.07915 1.60148
v -0.48741 0.07915 1.60148
v -0.54156 0.07926 1.50890
v -0.57406 0.07926 1.50890
v -0.60655 0.07926 1.50890
v -0.63904 0.07926 1.50890
v -0.67154 0.07926 1.50890
v -0.54156 0.07925 1.54063
v -0.57406 0.07925 1.54063
v -0.60655 0.07925 1.54063
v -0.63904 0.07925 1.54063
v -0.67154 0.07925 1.54063
v -0.54156 0.07923 1.57053
v -0.57406 0.07923 1.57053
v -0.60655 0.07923 1.57053
v -0.63904 0.07923 1.57053
v -0.67154 0.07923 1.57053
v -0.54156 0.07915 1.60148
v -0.57406 0.07915 1.60148
v -0.60655 0.07915 1.60148
v -0.63904 0.07915 1.60148
v -0.67154 0.07915 1.60148
v -0.54156 0.07918 -1.91866
v -0.57406 0.07918 -1.91866
v -0.60655 0.07918 -1.91866
v -0.63904 0.07918 -1.91866
v -0.67154 0.07918 -1.91866
v -0.54156 0.07924 -1.88637
v -0.57406 0.07924 -1.88637
v -0.60655 0.07924 -1.88637
v -0.63904 0.07924 -1.88637
v -0.67154 0.07924 -1.88637
v -0.54156 0.07926 -1.85574
v -0.57406 0.07926 -1.85574
v -0.60655 0.07926 -1.85574
v -0.63904 0.07926 -1.85574
v -0.67154 0.07926 -1.85574
v -0.54156 0.07926 -1.79110
v -0.57406 0.07926 -1.79110
v -0.60655 0.07926 -1.79110
v -0.63904 0.07926 -1.79110
v -0.67154 0.07926 -1.79110
v -0.54156 0.07926 -1.75853
v -0.57406 0.07926 -1.75853
v -0.60655 0.07926 -1.75853
v -0.63904 0.07926 -1.75853
v -0.67154 0.07926 -1.75853
v -0.54156 0.07926 -1.72597
v -0.57406 0.07926 -1.72597
v -0.60655 0.07926 -1.72597
v -0.63904 0.07926 -1.72597
v -0.67154 0.07926 -1.72597
v -0.54156 0.07926 -1.69340
v -0.57406 0.07926 -1.69340
v -0.60655 0.07926 -1.69340
v -0.63904 0.07926 -1.69340
v -0.67154 0.07926 -1.69340
v -0.54156 0.07926 -1.66626
v -0.57406 0.07926 -1.66626
v -0.60655 0.07926 -1.66626
v -0.63904 0.07926 -1.66626
v -0.67154 0.07926 -1.66626
v -0.54156 0.07926 -1.60656
v -0.57406 0.07926 -1.60656
v -0.60655 0.07926 -1.60656
v -0.63904 0.07926 -1.60656
v -0.67154 0.07926 -1.60656
v -0.54156 0.07926 -1.57399
v -0.57406 0.07926 -1.57399
v -0.60655 0.07926 -1.57399
v -0.63904 0.07926 -1.57399
v -0.67154 0.07926 -1.57399
v -0.54156 0.07926 -1.54142
v -0.57406 0.07926 -1.54142
v -0.60655 0.07926 -1.54142
v -0.63904 0.07926 -1.54142
v -0.67154 0.07926 -1.54142
v -0.54156 0.07926 -1.50886
v -0.57406 0.07926 -1.50886
v -0.60655 0.07926 -1.50886
v -0.63904 0.07926 -1.50886
v -0.67154 0.07926 -1.50886
v -0.54156 0.07926 -1.44372
v -0.57406 0.07926 -1.44372
v -0.60655 0.07926 -1.44372
v -0.63904 0.07926 -1.44372
v -0.67154 0.07926 -1.44372
v -0.54156 0.07926 -1.41116
v -0.57406 0.07926 -1.41116
v -0.60655 0.07926 -1.41116
v -0.63904 0.07926 -1.41116
v -0.67154 0.07926 -1.41116
v -0.54156 0.07926 -1.37859
v -0.57406 0.07926 -1.37859
v -0.60655 0.07926 -1.37859
v -0.63904 0.07926 -1.37859
v -0.67154 0.07926 -1.37859
v -0.54156 0.07926 -1.34602
v -0.57406 0.07926 -1.34602
v -0.60655 0.07926 -1.34602
v -0.63904 0.07926 -1.34602
v -0.67154 0.07926 -1.34602
v -0.54156 0.07926 -1.31346
v -0.57406 0.07926 -1.31346
v -0.60655 0.07926 -1.31346
v -0.63904 0.07926 -1.31346
v -0.67154 0.07926 -1.31346
v -0.54156 0.07926 -1.25375
v -0.57406 0.07926 -1.25375
v -0.60655 0.07926 -1.25375
v -0.63904 0.07926 -1.25375
v -0.67154 0.07926 -1.25375
v -0.54156 0.07926 -1.22661
v -0.57406 0.07926 -1.22661
v -0.60655 0.07926 -1.22661
v -0.63904 0.07926 -1.22661
v -0.67154 0.07926 -1.22661
v -0.54156 0.07926 -1.19405
v -0.57406 0.07926 -1.19405
v -0.60655 0.07926 -1.19405
v -0.63904 0.07926 -1.19405
v -0.67154 0.07926 -1.19405
v -0.54156 0.07926 -1.16148
v -0.57406 0.07926 -1.16148
v -0.60655 0.07926 -1.16148
v -0.63904 0.07926 -1.16148
v -0.67154 0.07926 -1.16148
v -0.54156 0.07926 -1.09635
v -0.57406 0.07926 -1.09635
v -0.60655 0.07926 -1.09635
v -0.63904 0.07926 -1.09635
v -0.67154 0.07926 -1.09635
v -0.54156 0.07926 -1.06378
v -0.57406 0.07926 -1.06378
v -0.60655 0.07926 -1.06378
v -0.63904 0.07926 -1.06378
v -0.67154 0.07926 -1.06378
v -0.54156 0.07926 -1.03121
v -0.57406 0.07926 -1.03121
v -0.60655 0.07926 -1.03121
v -0.63904 0.07926 -1.03121
v -0.67154 0.07926 -1.03121
v -0.54156 0.07926 -0.99865
v -0.57406 0.07926 -0.99865
v -0.60655 0.07926 -0.99865
v -0.63904 0.07926 -0.99865
v -0.67154 0.07926 -0.99865
v -0.54156 0.07926 -0.96608
v -0.57406 0.07926 -0.96608
v -0.60655 0.07926 -0.96608
v -0.63904 0.07926 -0.96608
v -0.67154 0.07926 -0.96608
v -0.54156 0.07926 -0.90095
v -0.57406 0.07926 -0.90095
v -0.60655 0.07926 -0.90095
v -0.63904 0.07926 -0.90095
v -0.67154 0.07926 -0.90095
v -0.54156 0.07926 -0.86838
v -0.57406 0.07926 -0.86838
v -0.60655 0.07926 -0.86838
v -0.63904 0.07926 -0.86838
v -0.67154 0.07926 -0.86838
v -0.54156 0.07926 -0.84124
v -0.57406 0.07926 -0.84124
v -0.60655 0.07926 -0.84124
v -0.63904 0.07926 -0.84124
v -0.67154 0.07926 -0.84124
v -0.54156 0.07926 -0.81410
v -0.57406 0.07926 -0.81410
v -0.60655 0.07926 -0.81410
v -0.63904 0.07926 -0.81410
v -0.67154 0.07926 -0.81410
v -0.54156 0.07926 -0.74897
v -0.57406 0.07926 -0.74897
v -0.60655 0.07926 -0.74897
v -0.63904 0.07926 -0.74897
v -0.67154 0.07926 -0.74897
v -0.54156 0.07926 -0.71640
v -0.57406 0.07926 -0.71640
v -0.60655 0.07926 -0.71640
v -0.63904 0.07926 -0.71640
v -0.67154 0.07926 -0.71640
v -0.54156 0.07926 -0.68384
v -0.57406 0.07926 -0.68384
v -0.60655 0.07926 -0.68384
v -0.63904 0.07926 -0.68384
v -0.67154 0.07926 -0.68384
v -0.54156 0.07926 -0.65127
v -0.57406 0.07926 -0.65127
v -0.60655 0.07926 -0.65127
v -0.63904 0.07926 -0.65127
v -0.67154 0.07926 -0.65127
v -0.54156 0.07926 -0.61870
v -0.57406 0.07926 -0.61870
v -0.60655 0.07926 -0.61870
v -0.63904 0.07926 -0.61870
v -0.67154 0.07926 -0.61870
v -0.54156 0.07926 -0.55357
v -0.57406 0.07926 -0.55357
v -0.60655 0.07926 -0.55357
v -0.63904 0.07926 -0.55357
v -0.67154 0.07926 -0.55357
v -0.54156 0.07926 -0.52100
v -0.57406 0.07926 -0.52100
v -0.60655 0.07926 -0.52100
v -0.63904 0.07926 -0.52100
v -0.67154 0.07926 -0.52100
v -0.54156 0.07926 -0.48844
v -0.57406 0.07926 -0.48844
v -0.60655 0.07926 -0.48844
v -0.63904 0.07926 -0.48844
v -0.67154 0.07926 -0.48844
v -0.54156 0.07926 -0.45587
v -0.57406 0.07926 -0.45587
v -0.60655 0.07926 -0.45587
v -0.63904 0.07926 -0.45587
v -0.67154 0.07926 -0.45587
v -0.54156 0.07926 -0.39617
v -0.57406 0.07926 -0.39617
v -0.60655 0.07926 -0.39617
v -0.63904 0.07926 -0.39617
v -0.67154 0.07926 -0.39617
v -0.54156 0.07926 -0.36903
v -0.57406 0.07926 -0.36903
v -0.60655 0.07926 -0.36903
v -0.63904 0.07926 -0.36903
v -0.67154 0.07926 -0.36903
v -0.54156 0.07926 -0.33646
v -0.57406 0.07926 -0.33646
v -0.60655 0.07926 -0.33646
v -0.63904 0.07926 -0.33646
v -0.67154 0.07926 -0.33646
v -0.54156 0.07926 -0.30389
v -0.57406 0.07926 -0.30389
v -0.60655 0.07926 -0.30389
v -0.63904 0.07926 -0.30389
v -0.67154 0.07926 -0.30389
v -0.54156 0.07926 -0.27133
v -0.57406 0.07926 -0.27133
v -0.60655 0.07926 -0.27133
v -0.63904 0.07926 -0.27133
v -0.67154 0.07926 -0.27133
v -0.54156 0.07926 -0.20619
v -0.57406 0.07926 -0.20619
v -0.60655 0.07926 -0.20619
v -0.63904 0.07926 -0.20619
v -0.67154 0.07926 -0.20619
v -0.54156 0.07926 -0.17363
v -0.57406 0.07926 -0.17363
v -0.60655 0.07926 -0.17363
v -0.63904 0.07926 -0.17363
v -0.67154 0.07926 -0.17363
v -0.54156 0.07926 -0.14106
v -0.57406 0.07926 -0.14106
v -0.60655 0.07926 -0.14106
v -0.63904 0.07926 -0.14106
v -0.67154 0.07926 -0.14106
v -0.54156 0.07926 -0.10849
v -0.57406 0.07926 -0.10849
v -0.60655 0.07926 -0.10849
v -0.63904 0.07926 -0.10849
v -0.67154 0.07926 -0.10849
v -0.54153 0.07926 -0.04336
v -0.57404 0.07926 -0.04335
v -0.60654 0.07926 -0.04336
v -0.63904 0.07926 -0.04336
v -0.67154 0.07926 -0.04336
v -0.54678 0.07926 -0.01074
v -0.57393 0.07926 -0.01073
v -0.60650 0.07926 -0.01076
v -0.63903 0.07926 -0.01078
v -0.67154 0.07926 -0.01079
v -0.54644 0.07926 0.01648
v -0.57371 0.07926 0.01653
v -0.60640 0.07926 0.01644
v -0.63901 0.07926 0.01637
v -0.67153 0.07926 0.01635
v -0.54997 0.07926 0.04526
v -0.57657 0.07926 0.04230
v -0.60629 0.07926 0.04367
v -0.63898 0.07926 0.04353
v -0.67153 0.07926 0.04349
v -0.55085 0.07926 0.07713
v -0.57884 0.07926 0.07670
v -0.60629 0.07926 0.07635
v -0.63898 0.07926 0.07613
v -0.67153 0.07926 0.07606
v -0.57641 0.07926 0.14216
v -0.60741 0.07926 0.14152
v -0.63926 0.07926 0.14127
v -0.67156 0.07926 0.14119
v -0.57846 0.07926 0.17444
v -0.60821 0.07926 0.17399
v -0.63947 0.07926 0.17381
v -0.67157 0.07926 0.17376
v -0.57970 0.07926 0.20661
v -0.60874 0.07926 0.20642
v -0.63960 0.07926 0.20634
v -0.67159 0.07926 0.20632
v -0.57840 0.07926 0.23982
v -0.60893 0.07926 0.23884
v -0.63965 0.07926 0.23887
v -0.67159 0.07926 0.23888
v -0.57580 0.07926 0.30317
v -0.60897 0.07926 0.30373
v -0.63966 0.07926 0.30394
v -0.67159 0.07926 0.30401
v -0.57580 0.07926 0.33554
v -0.60897 0.07926 0.33623
v -0.63966 0.07926 0.33649
v -0.67159 0.07926 0.33658
v -0.57579 0.07926 0.36801
v -0.60896 0.07926 0.36876
v -0.63966 0.07926 0.36905
v -0.67159 0.07926 0.36914
v -0.57579 0.07926 0.40053
v -0.60896 0.07926 0.40132
v -0.63966 0.07926 0.40161
v -0.67159 0.07926 0.40171
v -0.67159 0.07926 0.42885
v -0.57455 0.07926 0.46462
v -0.60896 0.07926 0.46102
v -0.57731 0.07926 0.49103
v -0.60896 0.07926 0.48815
v -0.63966 0.07926 0.48846
v -0.67159 0.07926 0.48855
v -0.57578 0.07926 0.51992
v -0.60896 0.07926 0.52072
v -0.63966 0.07926 0.52102
v -0.67159 0.07926 0.52112
v -0.57578 0.07926 0.55249
v -0.60896 0.07926 0.55329
v -0.63966 0.07926 0.55359
v -0.67159 0.07926 0.55368
v -0.57578 0.07926 0.58506
v -0.60896 0.07926 0.58585
v -0.63966 0.07926 0.58616
v -0.67159 0.07926 0.58625
v -0.57578 0.07926 0.65019
v -0.60896 0.07926 0.65099
v -0.63966 0.07926 0.65129
v -0.67159 0.07926 0.65138
v -0.57577 0.07926 0.68275
v -0.60896 0.07926 0.68355
v -0.63966 0.07926 0.68386
v -0.67159 0.07926 0.68395
v -0.57577 0.07926 0.71532
v -0.60896 0.07926 0.71612
v -0.63966 0.07926 0.71642
v -0.67159 0.07926 0.71652
v -0.57577 0.07926 0.74789
v -0.60896 0.07926 0.74869
v -0.63966 0.07926 0.74899
v -0.67159 0.07926 0.74908
v -0.57576 0.07926 0.81302
v -0.60895 0.07926 0.81382
v -0.63966 0.07926 0.81412
v -0.67159 0.07926 0.81422
v -0.58022 0.07926 0.84573
v -0.60895 0.07926 0.84638
v -0.63966 0.07926 0.84669
v -0.67159 0.07926 0.84678
v -0.58021 0.07926 0.87824
v -0.60895 0.07926 0.87350
v -0.63966 0.07926 0.87382
v -0.67159 0.07926 0.87392
v -0.60895 0.07926 0.90061
v -0.63966 0.07926 0.90095
v -0.67159 0.07926 0.90106
v -0.57891 0.07926 0.90755
v -0.58135 0.07926 0.93367
v -0.60895 0.07926 0.93311
v -0.63966 0.07926 0.93350
v -0.67159 0.07926 0.93363
v -0.58013 0.07926 0.99679
v -0.60892 0.07926 0.99800
v -0.63965 0.07926 0.99857
v -0.67159 0.07926 0.99875
v -0.57965 0.07926 1.02898
v -0.60872 0.07926 1.03043
v -0.63960 0.07926 1.03110
v -0.67159 0.07926 1.03132
v -0.57841 0.07926 1.06126
v -0.60820 0.07926 1.06290
v -0.63946 0.07926 1.06365
v -0.67157 0.07926 1.06388
v -0.54610 0.07926 1.09547
v -0.57636 0.07926 1.09375
v -0.60740 0.07926 1.09546
v -0.63926 0.07926 1.09621
v -0.67156 0.07926 1.09645
v -0.55081 0.07926 1.15890
v -0.57882 0.07926 1.16010
v -0.60628 0.07926 1.16091
v -0.63897 0.07926 1.16143
v -0.67153 0.07926 1.16159
v -0.54995 0.07926 1.19152
v -0.57655 0.07926 1.19488
v -0.60628 0.07926 1.19376
v -0.63897 0.07926 1.19406
v -0.67153 0.07926 1.19416
v -0.54651 0.07926 1.22626
v -0.57375 0.07926 1.22636
v -0.60642 0.07926 1.22656
v -0.63901 0.07926 1.22669
v -0.67153 0.07926 1.22673
v -0.54454 0.07926 1.26074
v -0.57398 0.07926 1.25921
v -0.60652 0.07926 1.25926
v -0.63904 0.07926 1.25929
v -0.67154 0.07926 1.25930
v -0.54155 0.07926 1.28643
v -0.57405 0.07926 1.28643
v -0.60655 0.07926 1.28644
v -0.63904 0.07926 1.28644
v -0.67154 0.07926 1.28644
v -0.54156 0.07926 1.34615
v -0.57406 0.07926 1.34615
v -0.60655 0.07926 1.34615
v -0.63904 0.07926 1.34615
v -0.67154 0.07926 1.34615
v -0.54156 0.07926 1.37871
v -0.57406 0.07926 1.37871
v -0.60655 0.07926 1.37871
v -0.63904 0.07926 1.37871
v -0.67154 0.07926 1.37871
v -0.54156 0.07926 1.41128
v -0.57406 0.07926 1.41128
v -0.60655 0.07926 1.41128
v -0.63904 0.07926 1.41128
v -0.67154 0.07926 1.41128
v -0.54156 0.07926 1.44385
v -0.57406 0.07926 1.44385
v -0.60655 0.07926 1.44385
v -0.63904 0.07926 1.44385
v -0.67154 0.07926 1.44385
v -0.38992 0.07918 -1.91866
v -0.42242 0.07918 -1.91866
v -0.45491 0.07918 -1.91866
v -0.48741 0.07918 -1.91866
v -0.38992 0.07924 -1.88637
v -0.42242 0.07924 -1.88637
v -0.45491 0.07924 -1.88637
v -0.48741 0.07924 -1.88637
v -0.38992 0.07926 -1.85574
v -0.42242 0.07926 -1.85574
v -0.45491 0.07926 -1.85574
v -0.48741 0.07926 -1.85574
v -0.38992 0.07926 -1.79110
v -0.42242 0.07926 -1.79110
v -0.45491 0.07926 -1.79110
v -0.48741 0.07926 -1.79110
v -0.38992 0.07926 -1.75853
v -0.42242 0.07926 -1.75853
v -0.45491 0.07926 -1.75853
v -0.48741 0.07926 -1.75853
v -0.38992 0.07926 -1.72597
v -0.42242 0.07926 -1.72597
v -0.45491 0.07926 -1.72597
v -0.48741 0.07926 -1.72597
v -0.38992 0.07926 -1.69340
v -0.42242 0.07926 -1.69340
v -0.45491 0.07926 -1.69340
v -0.48741 0.07926 -1.69340
v -0.38992 0.07926 -1.66626
v -0.42242 0.07926 -1.66626
v -0.45491 0.07926 -1.66626
v -0.48741 0.07926 -1.66626
v -0.38992 0.07926 -1.60656
v -0.42242 0.07926 -1.60656
v -0.45491 0.07926 -1.60656
v -0.48741 0.07926 -1.60656
v -0.38992 0.07926 -1.57399
v -0.42242 0.07926 -1.57399
v -0.45491 0.07926 -1.57399
v -0.48741 0.07926 -1.57399
v -0.38992 0.07926 -1.54142
v -0.42242 0.07926 -1.54142
v -0.45491 0.07926 -1.54142
v -0.48741 0.07926 -1.54142
v -0.38992 0.07926 -1.50886
v -0.42242 0.07926 -1.50886
v -0.45491 0.07926 -1.50886
v -0.48741 0.07926 -1.50886
v -0.38989 0.07926 -1.44369
v -0.42240 0.07926 -1.44371
v -0.45491 0.07926 -1.44372
v -0.48741 0.07926 -1.44372
v -0.38954 0.07926 -1.41083
v -0.42223 0.07926 -1.41099
v -0.45486 0.07926 -1.41111
v -0.48740 0.07926 -1.41115
v -0.38842 0.07926 -1.37731
v -0.42170 0.07926 -1.37795
v -0.45469 0.07926 -1.37839
v -0.48737 0.07926 -1.37856
v -0.38669 0.07926 -1.34866
v -0.42222 0.07926 -1.34597
v -0.45440 0.07926 -1.34555
v -0.48733 0.07926 -1.34596
v -0.35594 0.07926 -1.31493
v -0.38607 0.07926 -1.32093
v -0.41831 0.07926 -1.31876
v -0.45552 0.07926 -1.31408
v -0.48729 0.07926 -1.31334
v -0.35611 0.07926 -1.25408
v -0.38935 0.07926 -1.25079
v -0.41953 0.07926 -1.25523
v -0.45403 0.07926 -1.25798
v -0.48728 0.07926 -1.25357
v -0.35702 0.07926 -1.22346
v -0.38631 0.07926 -1.21984
v -0.42016 0.07926 -1.22241
v -0.45422 0.07926 -1.22533
v -0.48731 0.07926 -1.22643
v -0.35468 0.07926 -1.18969
v -0.38587 0.07926 -1.19138
v -0.42079 0.07926 -1.18997
v -0.45441 0.07926 -1.19280
v -0.48733 0.07926 -1.19387
v -0.35739 0.07926 -1.15653
v -0.38686 0.07926 -1.15812
v -0.42116 0.07926 -1.15785
v -0.45453 0.07926 -1.16037
v -0.48735 0.07926 -1.16132
v -0.42149 0.07926 -1.09400
v -0.45463 0.07926 -1.09563
v -0.48736 0.07926 -1.09624
v -0.38798 0.07926 -1.05982
v -0.42159 0.07926 -1.06209
v -0.45466 0.07926 -1.06326
v -0.48737 0.07926 -1.06371
v -0.38817 0.07926 -1.02877
v -0.42167 0.07926 -1.03017
v -0.45468 0.07926 -1.03090
v -0.48737 0.07926 -1.03117
v -0.38830 0.07926 -0.99772
v -0.42172 0.07926 -0.99825
v -0.45470 0.07926 -0.99853
v -0.48738 0.07926 -0.99863
v -0.38837 0.07926 -0.96665
v -0.42175 0.07926 -0.96632
v -0.45471 0.07926 -0.96615
v -0.48738 0.07926 -0.96609
v -0.38832 0.07926 -0.90452
v -0.42174 0.07926 -0.90247
v -0.45470 0.07926 -0.90141
v -0.48738 0.07926 -0.90101
v -0.38821 0.07926 -0.87347
v -0.42169 0.07926 -0.87055
v -0.45469 0.07926 -0.86904
v -0.48737 0.07926 -0.86848
v -0.38804 0.07926 -0.84243
v -0.42162 0.07926 -0.83863
v -0.45467 0.07926 -0.83667
v -0.48582 0.07926 -0.83906
v -0.48873 0.07926 -0.81288
v -0.38782 0.07926 -0.81141
v -0.42152 0.07926 -0.80673
v -0.45327 0.07926 -0.80572
v -0.45594 0.07926 -0.74894
v -0.48736 0.07926 -0.74917
v -0.38709 0.07926 -0.74596
v -0.42124 0.07926 -0.74291
v -0.35677 0.07926 -0.74526
v -0.45450 0.07926 -0.71797
v -0.48735 0.07926 -0.71663
v -0.38635 0.07926 -0.71456
v -0.42094 0.07926 -0.71083
v -0.35608 0.07926 -0.71230
v -0.45436 0.07926 -0.68549
v -0.48733 0.07926 -0.68408
v -0.38507 0.07926 -0.68250
v -0.41898 0.07926 -0.68001
v -0.35361 0.07926 -0.68073
v -0.41978 0.07926 -0.65111
v -0.45415 0.07926 -0.65289
v -0.48730 0.07926 -0.65150
v -0.38981 0.07926 -0.65138
v -0.35713 0.07926 -0.65031
v -0.42086 0.07926 -0.62185
v -0.45399 0.07926 -0.62014
v -0.48727 0.07926 -0.61891
v -0.35806 0.07926 -0.58661
v -0.38595 0.07926 -0.58473
v -0.38697 0.07926 -0.55698
v -0.42038 0.07926 -0.55591
v -0.45429 0.07926 -0.55429
v -0.48732 0.07926 -0.55367
v -0.35637 0.07926 -0.55476
v -0.38781 0.07926 -0.52326
v -0.42142 0.07926 -0.52211
v -0.45460 0.07926 -0.52134
v -0.48736 0.07926 -0.52105
v -0.38927 0.07926 -0.48913
v -0.42211 0.07926 -0.48878
v -0.45482 0.07926 -0.48854
v -0.48739 0.07926 -0.48845
v -0.38983 0.07926 -0.45597
v -0.42237 0.07926 -0.45592
v -0.45490 0.07926 -0.45589
v -0.48740 0.07926 -0.45587
v -0.38992 0.07926 -0.39617
v -0.42242 0.07926 -0.39617
v -0.45491 0.07926 -0.39617
v -0.48741 0.07926 -0.39617
v -0.38992 0.07926 -0.36903
v -0.42242 0.07926 -0.36903
v -0.45491 0.07926 -0.36903
v -0.48741 0.07926 -0.36903
v -0.38992 0.07926 -0.33646
v -0.42242 0.07926 -0.33646
v -0.45491 0.07926 -0.33646
v -0.48741 0.07926 -0.33646
v -0.38992 0.07926 -0.30389
v -0.42242 0.07926 -0.30389
v -0.45491 0.07926 -0.30389
v -0.48741 0.07926 -0.30389
v -0.38992 0.07926 -0.27133
v -0.42242 0.07926 -0.27133
v -0.45491 0.07926 -0.27133
v -0.48741 0.07926 -0.27133
v -0.38992 0.07926 -0.20619
v -0.42242 0.07926 -0.20619
v -0.45491 0.07926 -0.20619
v -0.48741 0.07926 -0.20619
v -0.38992 0.07926 -0.17363
v -0.42242 0.07926 -0.17363
v -0.45491 0.07926 -0.17363
v -0.48741 0.07926 -0.17363
v -0.38992 0.07926 -0.14106
v -0.42242 0.07926 -0.14106
v -0.45491 0.07926 -0.14106
v -0.48741 0.07926 -0.14106
v -0.38992 0.07926 -0.10849
v -0.42242 0.07926 -0.10849
v -0.45491 0.07926 -0.10849
v -0.48741 0.07926 -0.10849
v -0.38990 0.07926 -0.04353
v -0.42238 0.07926 -0.04351
v -0.45487 0.07926 -0.04347
v -0.48736 0.07926 -0.04342
v -0.38975 0.07926 -0.01199
v -0.42218 0.07926 -0.01185
v -0.45464 0.07926 -0.01156
v -0.48712 0.07926 -0.01118
v -0.38935 0.07926 0.01787
v -0.42165 0.07926 0.01830
v -0.45400 0.07926 0.01924
v -0.48646 0.07926 0.02049
v -0.38837 0.07926 0.04927
v -0.42024 0.07926 0.05024
v -0.45258 0.07926 0.04805
v -0.48494 0.07926 0.05114
v -0.38854 0.07926 1.18972
v -0.42050 0.07926 1.18891
v -0.45372 0.07926 1.19067
v -0.48556 0.07926 1.19490
v -0.39045 0.07926 1.22062
v -0.42174 0.07926 1.22332
v -0.45312 0.07926 1.22574
v -0.48673 0.07926 1.22700
v -0.38881 0.07926 1.25599
v -0.42228 0.07926 1.25972
v -0.45475 0.07926 1.25957
v -0.48723 0.07926 1.25937
v -0.38991 0.07926 1.28651
v -0.42240 0.07926 1.28650
v -0.45489 0.07926 1.28648
v -0.48738 0.07926 1.28645
v -0.38992 0.07926 1.34615
v -0.42242 0.07926 1.34615
v -0.45491 0.07926 1.34615
v -0.48741 0.07926 1.34615
v -0.38992 0.07926 1.37871
v -0.42242 0.07926 1.37871
v -0.45491 0.07926 1.37871
v -0.48741 0.07926 1.37871
v -0.38992 0.07926 1.41128
v -0.42242 0.07926 1.41128
v -0.45491 0.07926 1.41128
v -0.48741 0.07926 1.41128
v -0.38992 0.07926 1.44385
v -0.42242 0.07926 1.44385
v -0.45491 0.07926 1.44385
v -0.48741 0.07926 1.44385
v -0.19496 0.07918 -1.91866
v -0.22746 0.07918 -1.91866
v -0.25995 0.07918 -1.91866
v -0.29244 0.07918 -1.91866
v -0.32494 0.07918 -1.91866
v -0.19496 0.07924 -1.88637
v -0.22746 0.07924 -1.88637
v -0.25995 0.07924 -1.88637
v -0.29244 0.07924 -1.88637
v -0.32494 0.07924 -1.88637
v -0.19496 0.07926 -1.85574
v -0.22746 0.07926 -1.85574
v -0.25995 0.07926 -1.85574
v -0.29244 0.07926 -1.85574
v -0.32494 0.07926 -1.85574
v -0.19496 0.07926 -1.79110
v -0.22746 0.07926 -1.79110
v -0.25995 0.07926 -1.79110
v -0.29244 0.07926 -1.79110
v -0.32494 0.07926 -1.79110
v -0.19496 0.07926 -1.75853
v -0.22746 0.07926 -1.75853
v -0.25995 0.07926 -1.75853
v -0.29244 0.07926 -1.75853
v -0.32494 0.07926 -1.75853
v -0.19496 0.07926 -1.72597
v -0.22746 0.07926 -1.72597
v -0.25995 0.07926 -1.72597
v -0.29244 0.07926 -1.72597
v -0.32494 0.07926 -1.72597
v -0.19496 0.07926 -1.69340
v -0.22746 0.07926 -1.69340
v -0.25995 0.07926 -1.69340
v -0.29244 0.07926 -1.69340
v -0.32494 0.07926 -1.69340
v -0.19496 0.07926 -1.66626
v -0.22746 0.07926 -1.66626
v -0.25995 0.07926 -1.66626
v -0.29244 0.07926 -1.66626
v -0.32494 0.07926 -1.66626
v -0.19496 0.07926 -1.60656
v -0.22746 0.07926 -1.60656
v -0.25995 0.07926 -1.60656
v -0.29244 0.07926 -1.60656
v -0.32494 0.07926 -1.60656
v -0.19496 0.07926 -1.57399
v -0.22746 0.07926 -1.57399
v -0.25995 0.07926 -1.57399
v -0.29244 0.07926 -1.57399
v -0.32494 0.07926 -1.57399
v -0.19496 0.07926 -1.54142
v -0.22746 0.07926 -1.54142
v -0.25995 0.07926 -1.54142
v -0.29244 0.07926 -1.54142
v -0.32494 0.07926 -1.54142
v -0.19496 0.07926 -1.50886
v -0.22746 0.07926 -1.50886
v -0.25995 0.07926 -1.50886
v -0.29244 0.07926 -1.50886
v -0.32494 0.07926 -1.50886
v -0.19490 0.07926 -1.44372
v -0.22738 0.07926 -1.44371
v -0.25987 0.07926 -1.44370
v -0.29237 0.07926 -1.44369
v -0.32487 0.07926 -1.44368
v -0.19425 0.07926 -1.41108
v -0.22664 0.07926 -1.41104
v -0.25908 0.07926 -1.41095
v -0.29159 0.07926 -1.41081
v -0.32417 0.07926 -1.41070
v -0.19573 0.07926 -1.37828
v -0.22785 0.07926 -1.37808
v -0.25806 0.07926 -1.37915
v -0.28909 0.07926 -1.37725
v -0.32193 0.07926 -1.37682
v -0.19830 0.07926 -1.34518
v -0.22884 0.07926 -1.34606
v -0.26317 0.07926 -1.34933
v -0.29592 0.07926 -1.34813
v -0.22930 0.07926 -1.31856
v -0.25932 0.07926 -1.32021
v -0.29215 0.07926 -1.31769
v -0.19713 0.07926 -1.31721
v 0.18202 0.07923 -0.84222
v 0.18377 0.07924 -0.81120
v 0.21447 0.07925 -0.80730
v 0.21638 0.07925 -0.77910
v 0.24770 0.07926 -0.81125
v 0.24390 0.07926 -0.77725
v 0.24819 0.07926 -0.74521
v 0.27814 0.07926 -0.77573
v 0.27930 0.07926 -0.74469
v 0.27901 0.07926 -0.71613
v 0.30934 0.07926 -0.77670
v 0.31057 0.07926 -0.74516
v 0.31087 0.07926 -0.71594
v 0.31186 0.07926 -0.68251
v -0.13386 0.07924 -1.15848
v -0.16574 0.07925 -1.15818
v -0.16568 0.07926 -1.18951
v -0.13382 0.07925 -1.18904
v -0.19826 0.07926 -1.19036
v -0.16524 0.07926 -1.22034
v -0.22838 0.07926 -1.22339
v -0.19978 0.07926 -1.22069
v -0.19844 0.07926 -1.25257
v -0.16488 0.07926 -1.25435
v -0.26143 0.07926 -1.25325
v -0.22915 0.07926 -1.25490
v 0.21512 0.07924 -0.93730
v 0.21396 0.07924 -0.90442
v 0.24274 0.07925 -0.93658
v 0.24451 0.07925 -0.90421
v 0.25003 0.07926 -0.87273
v 0.27416 0.07926 -0.93466
v 0.27557 0.07926 -0.90521
v 0.27893 0.07926 -0.87156
v 0.30745 0.07926 -0.90443
v 0.30903 0.07926 -0.87332
v 0.30704 0.07926 -0.84198
v -0.19876 0.07926 -0.58853
v -0.22905 0.07926 -0.58980
v -0.25879 0.07926 -0.58528
v -0.29031 0.07926 -0.58618
v -0.19607 0.07926 -0.55789
v -0.22730 0.07926 -0.55854
v -0.26067 0.07926 -0.55348
v -0.29344 0.07926 -0.55481
v -0.19809 0.07926 -0.52283
v -0.23007 0.07926 -0.52311
v -0.26051 0.07926 -0.52357
v -0.29134 0.07926 -0.52415
v -0.32224 0.07926 -0.52301
v -0.19376 0.07926 -0.48898
v -0.22608 0.07926 -0.48905
v -0.25848 0.07926 -0.48918
v -0.29100 0.07926 -0.48937
v -0.32364 0.07926 -0.48950
v -0.19479 0.07926 -0.45595
v -0.22726 0.07926 -0.45596
v -0.25974 0.07926 -0.45598
v -0.29223 0.07926 -0.45601
v -0.32475 0.07926 -0.45602
v -0.19496 0.07926 -0.39617
v -0.22746 0.07926 -0.39617
v -0.25995 0.07926 -0.39617
v -0.29244 0.07926 -0.39617
v -0.32494 0.07926 -0.39617
v -0.19496 0.07926 -0.36903
v -0.22746 0.07926 -0.36903
v -0.25995 0.07926 -0.36903
v -0.29244 0.07926 -0.36903
v -0.32494 0.07926 -0.36903
v -0.19496 0.07926 -0.33646
v -0.22746 0.07926 -0.33646
v -0.25995 0.07926 -0.33646
v -0.29244 0.07926 -0.33646
v -0.32494 0.07926 -0.33646
v -0.19496 0.07926 -0.30389
v -0.22746 0.07926 -0.30389
v -0.25995 0.07926 -0.30389
v -0.29244 0.07926 -0.30389
v -0.32494 0.07926 -0.30389
v -0.19496 0.07926 -0.27133
v -0.22746 0.07926 -0.27133
v -0.25995 0.07926 -0.27133
v -0.29244 0.07926 -0.27133
v -0.32494 0.07926 -0.27133
v -0.19496 0.07926 -0.20619
v -0.22746 0.07926 -0.20619
v -0.25995 0.07926 -0.20619
v -0.29244 0.07926 -0.20619
v -0.32494 0.07926 -0.20619
v -0.19496 0.07926 -0.17363
v -0.22746 0.07926 -0.17363
v -0.25995 0.07926 -0.17363
v -0.29244 0.07926 -0.17363
v -0.32494 0.07926 -0.17363
v -0.19496 0.07926 -0.14106
v -0.22746 0.07926 -0.14106
v -0.25995 0.07926 -0.14106
v -0.29244 0.07926 -0.14106
v -0.32494 0.07926 -0.14106
v -0.19496 0.07926 -0.10849
v -0.22746 0.07926 -0.10849
v -0.25995 0.07926 -0.10849
v -0.29244 0.07926 -0.10849
v -0.32494 0.07926 -0.10849
v -0.19496 0.07926 -0.04354
v -0.22746 0.07926 -0.04354
v -0.25995 0.07926 -0.04354
v -0.29244 0.07926 -0.04354
v -0.32493 0.07926 -0.04354
v -0.19496 0.07926 -0.01202
v -0.22745 0.07926 -0.01202
v -0.25994 0.07926 -0.01202
v -0.29241 0.07926 -0.01202
v -0.32487 0.07926 -0.01202
v -0.19496 0.07926 0.01775
v -0.22745 0.07926 0.01775
v -0.25991 0.07926 0.01776
v -0.29234 0.07926 0.01776
v -0.32473 0.07926 0.01776
v -0.19496 0.07926 0.04901
v -0.22743 0.07926 0.04901
v -0.25984 0.07926 0.04901
v -0.29217 0.07926 0.04901
v -0.32438 0.07926 0.04902
v -0.19496 0.07926 1.18991
v -0.22743 0.07926 1.18991
v -0.25986 0.07926 1.18992
v -0.29220 0.07926 1.18992
v -0.32444 0.07926 1.18992
v -0.19496 0.07926 1.21869
v -0.22745 0.07926 1.21869
v -0.25991 0.07926 1.21869
v -0.29234 0.07926 1.21870
v -0.32473 0.07926 1.21870
v -0.19496 0.07926 1.25458
v -0.22745 0.07926 1.25458
v -0.25994 0.07926 1.25458
v -0.29242 0.07926 1.25458
v -0.32488 0.07926 1.25458
v -0.19496 0.07926 1.28651
v -0.22746 0.07926 1.28651
v -0.25995 0.07926 1.28651
v -0.29244 0.07926 1.28651
v -0.32493 0.07926 1.28651
v -0.19496 0.07926 1.34615
v -0.22746 0.07926 1.34615
v -0.25995 0.07926 1.34615
v -0.29244 0.07926 1.34615
v -0.32494 0.07926 1.34615
v -0.19496 0.07926 1.37871
v -0.22746 0.07926 1.37871
v -0.25995 0.07926 1.37871
v -0.29244 0.07926 1.37871
v -0.32494 0.07926 1.37871
v -0.19496 0.07926 1.41128
v -0.22746 0.07926 1.41128
v -0.25995 0.07926 1.41128
v -0.29244 0.07926 1.41128
v -0.32494 0.07926 1.41128
v -0.19496 0.07926 1.44385
v -0.22746 0.07926 1.44385
v -0.25995 0.07926 1.44385
v -0.29244 0.07926 1.44385
v -0.32494 0.07926 1.44385
v -0.04333 0.07918 -1.91866
v -0.07040 0.07918 -1.91866
v -0.09748 0.07918 -1.91866
v -0.12997 0.07918 -1.91866
v -0.04333 0.07924 -1.88637
v -0.07040 0.07924 -1.88637
v -0.09748 0.07924 -1.88637
v -0.12998 0.07924 -1.88637
v -0.04333 0.07926 -1.85574
v -0.07040 0.07926 -1.85574
v -0.09748 0.07926 -1.85574
v -0.12998 0.07926 -1.85574
v -0.04333 0.07926 -1.79110
v -0.07040 0.07926 -1.79110
v -0.09748 0.07926 -1.79110
v -0.12998 0.07926 -1.79110
v -0.04333 0.07926 -1.75853
v -0.07040 0.07926 -1.75853
v -0.09748 0.07926 -1.75853
v -0.12998 0.07926 -1.75853
v -0.04333 0.07926 -1.72597
v -0.07040 0.07926 -1.72597
v -0.09748 0.07926 -1.72597
v -0.12998 0.07926 -1.72597
v -0.04333 0.07926 -1.69340
v -0.07040 0.07926 -1.69340
v -0.09748 0.07926 -1.69340
v -0.12998 0.07926 -1.69340
v -0.04333 0.07926 -1.66626
v -0.07040 0.07926 -1.66626
v -0.09748 0.07926 -1.66626
v -0.12997 0.07926 -1.66626
v -0.04333 0.07926 -1.60656
v -0.07040 0.07926 -1.60656
v -0.09748 0.07926 -1.60656
v -0.12998 0.07926 -1.60656
v -0.04333 0.07926 -1.57399
v -0.07040 0.07926 -1.57399
v -0.09748 0.07926 -1.57399
v -0.12998 0.07926 -1.57399
v -0.04333 0.07926 -1.54142
v -0.07040 0.07926 -1.54142
v -0.09748 0.07926 -1.54142
v -0.12998 0.07926 -1.54142
v -0.04333 0.07926 -1.50886
v -0.07040 0.07926 -1.50886
v -0.09748 0.07926 -1.50886
v -0.12998 0.07926 -1.50886
v -0.04331 0.07926 -1.44372
v -0.07038 0.07926 -1.44372
v -0.09745 0.07926 -1.44372
v -0.12993 0.07926 -1.44372
v -0.04317 0.07926 -1.41116
v -0.07015 0.07926 -1.41116
v -0.09713 0.07926 -1.41115
v -0.12950 0.07926 -1.41113
v -0.04270 0.07926 -1.37861
v -0.07474 0.07926 -1.37858
v -0.10537 0.07926 -1.37717
v -0.13523 0.07926 -1.37847
v -0.04173 0.07926 -1.34608
v -0.07306 0.07926 -1.34600
v -0.10439 0.07926 -1.34587
v -0.13570 0.07926 -1.34569
v -0.04005 0.07926 -1.31357
v -0.07017 0.07926 -1.31340
v -0.10027 0.07926 -1.31313
v -0.13207 0.07926 -1.31165
v 0.21469 0.07924 -1.03217
v 0.21416 0.07924 -0.99973
v 0.25003 0.07926 -1.03125
v 0.24277 0.07925 -0.99852
v 0.27471 0.07926 -0.99733
v 0.27945 0.07926 -1.06367
v 0.27914 0.07926 -1.03026
v 0.30932 0.07926 -1.06226
v 0.30671 0.07926 -1.03219
v 0.30857 0.07926 -0.99949
v 0.30891 0.07926 -0.96830
v -0.03970 0.07926 -0.58624
v -0.06956 0.07926 -0.58643
v -0.09940 0.07926 -0.58672
v -0.13185 0.07926 -0.58803
v -0.04125 0.07926 -0.55674
v -0.07223 0.07926 -0.55685
v -0.10321 0.07926 -0.55701
v -0.13417 0.07926 -0.55724
v -0.04244 0.07926 -0.52235
v -0.07429 0.07926 -0.52240
v -0.10614 0.07926 -0.52247
v -0.13797 0.07926 -0.52257
v -0.04305 0.07926 -0.48885
v -0.07224 0.07926 -0.49044
v -0.09826 0.07926 -0.48749
v -0.12918 0.07926 -0.48890
v -0.04329 0.07926 -0.45593
v -0.07034 0.07926 -0.45593
v -0.09739 0.07926 -0.45593
v -0.12986 0.07926 -0.45594
v -0.04333 0.07926 -0.39617
v -0.07040 0.07926 -0.39616
v -0.09748 0.07926 -0.39617
v -0.12997 0.07926 -0.39617
v -0.04333 0.07926 -0.36903
v -0.07040 0.07926 -0.36903
v -0.09748 0.07926 -0.36903
v -0.12998 0.07926 -0.36903
v -0.04333 0.07926 -0.33646
v -0.07040 0.07926 -0.33646
v -0.09748 0.07926 -0.33646
v -0.12998 0.07926 -0.33646
v -0.04333 0.07926 -0.30389
v -0.07040 0.07926 -0.30389
v -0.09748 0.07926 -0.30389
v -0.12998 0.07926 -0.30389
v -0.04333 0.07926 -0.27133
v -0.07040 0.07926 -0.27133
v -0.09748 0.07926 -0.27133
v -0.12998 0.07926 -0.27133
v -0.04333 0.07926 -0.20619
v -0.07040 0.07926 -0.20619
v -0.09748 0.07926 -0.20619
v -0.12998 0.07926 -0.20619
v -0.04333 0.07926 -0.17363
v -0.07040 0.07926 -0.17363
v -0.09748 0.07926 -0.17363
v -0.12998 0.07926 -0.17363
v -0.04333 0.07926 -0.14106
v -0.07040 0.07926 -0.14106
v -0.09748 0.07926 -0.14106
v -0.12998 0.07926 -0.14106
v -0.04333 0.07926 -0.10849
v -0.07040 0.07926 -0.10849
v -0.09748 0.07926 -0.10849
v -0.12998 0.07926 -0.10849
v -0.04333 0.07926 -0.04354
v -0.07040 0.07926 -0.04354
v -0.09748 0.07926 -0.04354
v -0.12998 0.07926 -0.04354
v -0.04333 0.07926 -0.01202
v -0.07040 0.07926 -0.01202
v -0.09748 0.07926 -0.01202
v -0.12998 0.07926 -0.01202
v -0.04333 0.07926 0.01775
v -0.07040 0.07926 0.01775
v -0.09748 0.07926 0.01775
v -0.12998 0.07926 0.01775
v -0.04333 0.07926 0.04900
v -0.07040 0.07926 0.04900
v -0.09748 0.07926 0.04900
v -0.12997 0.07926 0.04900
v -0.51378 0.07926 0.74392
v -0.51343 0.07926 0.71362
v -0.51305 0.07926 0.68333
v -0.51264 0.07926 0.65303
v -0.12997 0.07926 0.11375
v -0.09748 0.07926 0.11375
v -0.07040 0.07926 0.11374
v -0.04333 0.07926 0.11374
v 0.49937 0.07926 0.30019
v 0.50028 0.07926 0.33304
v 0.50069 0.07926 0.36399
v 0.50025 0.07926 0.39546
v 0.40679 0.07926 1.09320
v 0.37445 0.07926 1.09449
v 0.43726 0.07926 1.09452
v 0.40497 0.07926 1.12485
v 0.37353 0.07926 1.12653
v 0.43816 0.07926 1.12628
v 0.46812 0.07926 1.12553
v -0.51305 0.07926 0.59107
v -0.51306 0.07926 0.55850
v -0.51307 0.07926 0.52594
v -0.51308 0.07926 0.49338
v -0.51309 0.07926 0.46081
v -0.19494 0.07926 1.09390
v -0.22726 0.07926 1.09390
v -0.25916 0.07926 1.09391
v -0.29043 0.07926 1.09393
v -0.19495 0.07926 1.12667
v -0.22735 0.07926 1.12668
v -0.25953 0.07926 1.12668
v -0.29136 0.07926 1.12669
v -0.32271 0.07926 1.12670
v -0.04333 0.07926 1.18991
v -0.07040 0.07926 1.18991
v -0.09748 0.07926 1.18991
v -0.12998 0.07926 1.18991
v -0.04333 0.07926 1.21869
v -0.07040 0.07926 1.21869
v -0.09748 0.07926 1.21869
v -0.12998 0.07926 1.21869
v -0.04333 0.07926 1.25458
v -0.07040 0.07926 1.25458
v -0.09748 0.07926 1.25458
v -0.12997 0.07926 1.25458
v -0.04333 0.07926 1.28651
v -0.07040 0.07926 1.28651
v -0.09748 0.07926 1.28651
v -0.12997 0.07926 1.28651
v -0.04333 0.07926 1.34615
v -0.07040 0.07926 1.34615
v -0.09748 0.07926 1.34615
v -0.12998 0.07926 1.34615
v -0.04333 0.07926 1.37871
v -0.07040 0.07926 1.37871
v -0.09748 0.07926 1.37871
v -0.12998 0.07926 1.37871
v -0.04333 0.07926 1.41128
v -0.07040 0.07926 1.41128
v -0.09748 0.07926 1.41128
v -0.12998 0.07926 1.41128
v -0.04333 0.07926 1.44385
v -0.07040 0.07926 1.44385
v -0.09748 0.07926 1.44385
v -0.12998 0.07926 1.44385
v 0.15164 0.07918 -1.91866
v 0.11914 0.07918 -1.91866
v 0.08665 0.07918 -1.91866
v 0.05416 0.07918 -1.91866
v 0.02166 0.07918 -1.91866
v 0.15164 0.07924 -1.88637
v 0.11914 0.07924 -1.88637
v 0.08665 0.07924 -1.88637
v 0.05416 0.07924 -1.88637
v 0.02166 0.07924 -1.88637
v 0.15164 0.07926 -1.85574
v 0.11914 0.07926 -1.85574
v 0.08665 0.07926 -1.85574
v 0.05416 0.07926 -1.85574
v 0.02166 0.07926 -1.85574
v 0.15164 0.07926 -1.79110
v 0.11914 0.07926 -1.79110
v 0.08665 0.07926 -1.79110
v 0.05416 0.07926 -1.79110
v 0.02166 0.07926 -1.79110
v 0.15164 0.07926 -1.75853
v 0.11914 0.07926 -1.75853
v 0.08665 0.07926 -1.75853
v 0.05416 0.07926 -1.75853
v 0.02166 0.07926 -1.75853
v 0.15164 0.07926 -1.72597
v 0.11914 0.07926 -1.72597
v 0.08665 0.07926 -1.72597
v 0.05416 0.07926 -1.72597
v 0.02166 0.07926 -1.72597
v 0.15164 0.07926 -1.69340
v 0.11914 0.07926 -1.69340
v 0.08665 0.07926 -1.69340
v 0.05416 0.07926 -1.69340
v 0.02166 0.07926 -1.69340
v 0.15164 0.07926 -1.66626
v 0.11914 0.07926 -1.66626
v 0.08665 0.07926 -1.66626
v 0.05416 0.07926 -1.66626
v 0.02166 0.07926 -1.66626
v 0.15164 0.07926 -1.60656
v 0.11914 0.07926 -1.60656
v 0.08665 0.07926 -1.60656
v 0.05416 0.07926 -1.60656
v 0.02166 0.07926 -1.60656
v 0.15164 0.07926 -1.57399
v 0.11914 0.07926 -1.57399
v 0.08665 0.07926 -1.57399
v 0.05416 0.07926 -1.57399
v 0.02166 0.07926 -1.57399
v 0.15164 0.07926 -1.54142
v 0.11914 0.07926 -1.54142
v 0.08665 0.07926 -1.54142
v 0.05416 0.07926 -1.54142
v 0.02166 0.07926 -1.54142
v 0.15164 0.07926 -1.50886
v 0.11914 0.07926 -1.50886
v 0.08665 0.07926 -1.50886
v 0.05416 0.07926 -1.50886
v 0.02166 0.07926 -1.50886
v 0.15159 0.07926 -1.44372
v 0.11911 0.07926 -1.44372
v 0.08662 0.07926 -1.44372
v 0.05414 0.07926 -1.44372
v 0.02166 0.07926 -1.44372
v 0.15110 0.07926 -1.41112
v 0.11872 0.07926 -1.41114
v 0.08635 0.07926 -1.41115
v 0.05397 0.07926 -1.41116
v 0.02159 0.07926 -1.41117
v 0.14953 0.07926 -1.37843
v 0.11751 0.07926 -1.37851
v 0.08547 0.07926 -1.37856
v 0.05343 0.07926 -1.37860
v 0.02139 0.07926 -1.37862
v 0.12014 0.07926 -1.34578
v 0.08707 0.07926 -1.34594
v 0.05431 0.07926 -1.34496
v 0.02095 0.07926 -1.34611
v 0.12056 0.07926 -1.31291
v 0.09049 0.07926 -1.31323
v 0.05843 0.07926 -1.31456
v 0.02381 0.07926 -1.31264
v -0.19664 0.07924 -0.84087
v -0.19521 0.07924 -0.81075
v -0.22925 0.07925 -0.80797
v -0.22843 0.07926 -0.77760
v -0.25958 0.07926 -0.81028
v -0.26293 0.07926 -0.74656
v -0.25951 0.07926 -0.77525
v -0.29174 0.07926 -0.77744
v -0.29060 0.07926 -0.71474
v -0.29387 0.07926 -0.74646
v -0.32219 0.07926 -0.77741
v -0.19755 0.07923 -0.90444
v -0.22951 0.07925 -0.93721
v -0.22936 0.07925 -0.90425
v -0.26093 0.07926 -0.87169
v -0.26161 0.07926 -0.90342
v -0.26329 0.07926 -0.93520
v -0.29442 0.07926 -0.84123
v -0.29564 0.07926 -0.87406
v -0.29538 0.07926 -0.90546
v -0.32510 0.07926 -0.83990
v -0.32410 0.07926 -0.87223
v -0.32539 0.07926 -0.90257
v -0.19674 0.07924 -1.09545
v -0.19774 0.07925 -1.12688
v -0.23023 0.07925 -1.09632
v -0.22882 0.07925 -1.12535
v -0.25969 0.07926 -1.12888
v -0.26295 0.07926 -1.15967
v -0.29051 0.07926 -1.12690
v -0.29324 0.07926 -1.15981
v -0.29042 0.07926 -1.19066
v 0.11955 0.07926 -0.58697
v 0.08973 0.07926 -0.58661
v 0.05988 0.07926 -0.58636
v 0.02503 0.07926 -0.58619
v 0.12206 0.07926 -0.55597
v 0.08956 0.07926 -0.55694
v 0.05542 0.07926 -0.55784
v 0.02074 0.07926 -0.55670
v 0.14865 0.07926 -0.52260
v 0.11682 0.07926 -0.52250
v 0.08497 0.07926 -0.52242
v 0.05312 0.07926 -0.52237
v 0.02127 0.07926 -0.52234
v 0.15073 0.07926 -0.48893
v 0.11843 0.07926 -0.48889
v 0.08614 0.07926 -0.48887
v 0.05384 0.07926 -0.48885
v 0.02154 0.07926 -0.48884
v 0.15151 0.07926 -0.45594
v 0.11904 0.07926 -0.45594
v 0.08658 0.07926 -0.45593
v 0.05411 0.07926 -0.45593
v 0.02165 0.07926 -0.45593
v 0.15164 0.07926 -0.39617
v 0.11914 0.07926 -0.39617
v 0.08665 0.07926 -0.39617
v 0.05416 0.07926 -0.39617
v 0.02166 0.07926 -0.39617
v 0.15164 0.07926 -0.36903
v 0.11914 0.07926 -0.36903
v 0.08665 0.07926 -0.36903
v 0.05416 0.07926 -0.36903
v 0.02166 0.07926 -0.36903
v 0.15164 0.07926 -0.33646
v 0.11914 0.07926 -0.33646
v 0.08665 0.07926 -0.33646
v 0.05416 0.07926 -0.33646
v 0.02166 0.07926 -0.33646
v 0.15164 0.07926 -0.30389
v 0.11914 0.07926 -0.30389
v 0.08665 0.07926 -0.30389
v 0.05416 0.07926 -0.30389
v 0.02166 0.07926 -0.30389
v 0.15164 0.07926 -0.27133
v 0.11914 0.07926 -0.27133
v 0.08665 0.07926 -0.27133
v 0.05416 0.07926 -0.27133
v 0.02166 0.07926 -0.27133
v 0.15164 0.07926 -0.20619
v 0.11914 0.07926 -0.20619
v 0.08665 0.07926 -0.20619
v 0.05416 0.07926 -0.20619
v 0.02166 0.07926 -0.20619
v 0.15164 0.07926 -0.17363
v 0.11914 0.07926 -0.17363
v 0.08665 0.07926 -0.17363
v 0.05416 0.07926 -0.17363
v 0.02166 0.07926 -0.17363
v 0.15164 0.07926 -0.14106
v 0.11914 0.07926 -0.14106
v 0.08665 0.07926 -0.14106
v 0.05416 0.07926 -0.14106
v 0.02166 0.07926 -0.14106
v 0.15164 0.07926 -0.10849
v 0.11914 0.07926 -0.10849
v 0.08665 0.07926 -0.10849
v 0.05416 0.07926 -0.10849
v 0.02166 0.07926 -0.10849
v 0.15164 0.07926 -0.04354
v 0.11914 0.07926 -0.04354
v 0.08665 0.07926 -0.04354
v 0.05416 0.07926 -0.04354
v 0.02166 0.07926 -0.04354
v 0.15164 0.07926 -0.01202
v 0.11914 0.07926 -0.01202
v 0.08665 0.07926 -0.01202
v 0.05416 0.07926 -0.01202
v 0.02166 0.07926 -0.01202
v 0.15164 0.07926 0.01775
v 0.11914 0.07926 0.01775
v 0.08665 0.07926 0.01775
v 0.05416 0.07926 0.01775
v 0.02166 0.07926 0.01775
v 0.15164 0.07926 0.04900
v 0.11914 0.07926 0.04900
v 0.08665 0.07926 0.04900
v 0.05416 0.07926 0.04900
v 0.02166 0.07926 0.04900
v 0.49871 0.07926 0.20647
v 0.50014 0.07926 0.23816
v 0.50035 0.07926 0.17545
v 0.49945 0.07926 0.14310
v 0.37358 0.07926 0.11484
v 0.40560 0.07926 0.11549
v 0.43642 0.07926 0.11290
v 0.46755 0.07926 0.11276
v -0.51311 0.07926 0.39574
v -0.51312 0.07926 0.36341
v -0.51314 0.07926 0.33136
v -0.51315 0.07926 0.29975
v -0.29077 0.07926 0.11381
v -0.25930 0.07926 0.11379
v -0.22729 0.07926 0.11378
v -0.19495 0.07926 0.11377
v 0.31080 0.07926 1.09393
v 0.28009 0.07926 1.09392
v 0.24859 0.07926 1.09391
v 0.21652 0.07926 1.09390
v 0.31232 0.07926 1.12669
v 0.28079 0.07926 1.12669
v 0.24883 0.07926 1.12668
v 0.21657 0.07926 1.12668
v -0.47934 0.07925 0.17574
v -0.51298 0.07926 0.23834
v -0.51321 0.07926 0.20729
v -0.51348 0.07926 0.17598
v 0.15164 0.07926 1.18991
v 0.11914 0.07926 1.18991
v 0.08665 0.07926 1.18991
v 0.05416 0.07926 1.18991
v 0.02166 0.07926 1.18991
v 0.15164 0.07926 1.21869
v 0.11914 0.07926 1.21869
v 0.08665 0.07926 1.21869
v 0.05416 0.07926 1.21869
v 0.02166 0.07926 1.21869
v 0.15164 0.07926 1.25458
v 0.11914 0.07926 1.25458
v 0.08665 0.07926 1.25458
v 0.05416 0.07926 1.25458
v 0.02166 0.07926 1.25458
v 0.15164 0.07926 1.28651
v 0.11914 0.07926 1.28651
v 0.08665 0.07926 1.28651
v 0.05416 0.07926 1.28651
v 0.02166 0.07926 1.28651
v 0.15164 0.07926 1.34615
v 0.11914 0.07926 1.34615
v 0.08665 0.07926 1.34615
v 0.05416 0.07926 1.34615
v 0.02166 0.07926 1.34615
v 0.15164 0.07926 1.37871
v 0.11914 0.07926 1.37871
v 0.08665 0.07926 1.37871
v 0.05416 0.07926 1.37871
v 0.02166 0.07926 1.37871
v 0.15164 0.07926 1.41128
v 0.11914 0.07926 1.41128
v 0.08665 0.07926 1.41128
v 0.05416 0.07926 1.41128
v 0.02166 0.07926 1.41128
v 0.15164 0.07926 1.44385
v 0.11914 0.07926 1.44385
v 0.08665 0.07926 1.44385
v 0.05416 0.07926 1.44385
v 0.02166 0.07926 1.44385
v 0.31411 0.07918 -1.91866
v 0.28161 0.07918 -1.91866
v 0.24912 0.07918 -1.91866
v 0.21663 0.07918 -1.91866
v 0.31411 0.07924 -1.88637
v 0.28161 0.07924 -1.88637
v 0.24912 0.07924 -1.88637
v 0.21663 0.07924 -1.88637
v 0.31411 0.07926 -1.85574
v 0.28161 0.07926 -1.85574
v 0.24912 0.07926 -1.85574
v 0.21663 0.07926 -1.85574
v 0.31411 0.07926 -1.79110
v 0.28161 0.07926 -1.79110
v 0.24912 0.07926 -1.79110
v 0.21663 0.07926 -1.79110
v 0.31411 0.07926 -1.75853
v 0.28161 0.07926 -1.75853
v 0.24912 0.07926 -1.75853
v 0.21663 0.07926 -1.75853
v 0.31411 0.07926 -1.72597
v 0.28161 0.07926 -1.72597
v 0.24912 0.07926 -1.72597
v 0.21663 0.07926 -1.72597
v 0.31411 0.07926 -1.69340
v 0.28161 0.07926 -1.69340
v 0.24912 0.07926 -1.69340
v 0.21663 0.07926 -1.69340
v 0.31411 0.07926 -1.66626
v 0.28161 0.07926 -1.66626
v 0.24912 0.07926 -1.66626
v 0.21662 0.07926 -1.66626
v 0.31411 0.07926 -1.60656
v 0.28161 0.07926 -1.60656
v 0.24912 0.07926 -1.60656
v 0.21663 0.07926 -1.60656
v 0.31411 0.07926 -1.57399
v 0.28161 0.07926 -1.57399
v 0.24912 0.07926 -1.57399
v 0.21663 0.07926 -1.57399
v 0.31411 0.07926 -1.54142
v 0.28161 0.07926 -1.54142
v 0.24912 0.07926 -1.54142
v 0.21663 0.07926 -1.54142
v 0.31411 0.07926 -1.50886
v 0.28161 0.07926 -1.50886
v 0.24912 0.07926 -1.50886
v 0.21663 0.07926 -1.50886
v 0.31404 0.07926 -1.44369
v 0.28154 0.07926 -1.44370
v 0.24904 0.07926 -1.44371
v 0.21656 0.07926 -1.44371
v 0.31331 0.07926 -1.41073
v 0.28075 0.07926 -1.41086
v 0.24827 0.07926 -1.41098
v 0.21586 0.07926 -1.41106
v 0.31099 0.07926 -1.37693
v 0.27826 0.07926 -1.37743
v 0.24582 0.07926 -1.37792
v 0.21362 0.07926 -1.37820
v 0.30953 0.07926 -1.34888
v 0.27956 0.07926 -1.34871
v 0.24713 0.07926 -1.34981
v 0.21588 0.07926 -1.34489
v 0.31128 0.07926 -1.31635
v 0.27937 0.07926 -1.32035
v 0.24713 0.07926 -1.31980
v 0.21268 0.07926 -1.31679
v 0.18219 0.07926 -1.31756
v -0.03880 0.05199 -1.15976
v 0.12052 0.07923 -0.77847
v 0.15077 0.07924 -0.77834
v 0.18244 0.07925 -0.74512
v 0.15189 0.07925 -0.74700
v 0.15348 0.07926 -0.71474
v 0.18471 0.07926 -0.71319
v 0.15118 0.07926 -0.68244
v 0.21675 0.07926 -0.68298
v 0.18518 0.07926 -0.68252
v 0.24590 0.07926 -0.68174
v 0.21473 0.07926 -0.64750
v 0.18288 0.07926 -0.65396
v 0.24775 0.07926 -0.64853
v -0.19641 0.07923 -1.03063
v -0.23038 0.07925 -0.99710
v -0.22848 0.07925 -1.03183
v -0.26191 0.07926 -0.99792
v -0.26132 0.07926 -1.03086
v -0.29642 0.07926 -0.99880
v -0.29452 0.07926 -1.03183
v -0.29439 0.07926 -1.06310
v -0.32562 0.07926 -0.96783
v -0.32534 0.07926 -1.00046
v -0.32484 0.07926 -1.03306
v -0.32329 0.07926 -1.06340
v 0.27874 0.07926 -0.58692
v 0.25016 0.07926 -0.58625
v 0.21654 0.07926 -0.58830
v 0.18403 0.07926 -0.58813
v 0.30955 0.07926 -0.58224
v 0.24793 0.07926 -0.55565
v 0.21700 0.07926 -0.55828
v 0.18589 0.07926 -0.55774
v 0.31346 0.07926 -0.55676
v 0.28253 0.07926 -0.55436
v 0.30967 0.07926 -0.52440
v 0.27685 0.07926 -0.52385
v 0.24443 0.07926 -0.52328
v 0.21236 0.07926 -0.52292
v 0.31276 0.07926 -0.48947
v 0.28016 0.07926 -0.48931
v 0.24769 0.07926 -0.48913
v 0.21532 0.07926 -0.48902
v 0.31391 0.07926 -0.45602
v 0.28140 0.07926 -0.45600
v 0.24891 0.07926 -0.45597
v 0.21644 0.07926 -0.45595
v 0.31411 0.07926 -0.39617
v 0.28161 0.07926 -0.39617
v 0.24912 0.07926 -0.39617
v 0.21662 0.07926 -0.39617
v 0.31411 0.07926 -0.36903
v 0.28161 0.07926 -0.36903
v 0.24912 0.07926 -0.36903
v 0.21663 0.07926 -0.36903
v 0.31411 0.07926 -0.33646
v 0.28161 0.07926 -0.33646
v 0.24912 0.07926 -0.33646
v 0.21663 0.07926 -0.33646
v 0.31411 0.07926 -0.30389
v 0.28161 0.07926 -0.30389
v 0.24912 0.07926 -0.30389
v 0.21663 0.07926 -0.30389
v 0.31411 0.07926 -0.27133
v 0.28161 0.07926 -0.27133
v 0.24912 0.07926 -0.27133
v 0.21663 0.07926 -0.27133
v 0.31411 0.07926 -0.20619
v 0.28161 0.07926 -0.20619
v 0.24912 0.07926 -0.20619
v 0.21663 0.07926 -0.20619
v 0.31411 0.07926 -0.17363
v 0.28161 0.07926 -0.17363
v 0.24912 0.07926 -0.17363
v 0.21663 0.07926 -0.17363
v 0.31411 0.07926 -0.14106
v 0.28161 0.07926 -0.14106
v 0.24912 0.07926 -0.14106
v 0.21663 0.07926 -0.14106
v 0.31411 0.07926 -0.10849
v 0.28161 0.07926 -0.10849
v 0.24912 0.07926 -0.10849
v 0.21663 0.07926 -0.10849
v 0.31410 0.07926 -0.04354
v 0.28161 0.07926 -0.04354
v 0.24912 0.07926 -0.04354
v 0.21662 0.07926 -0.04354
v 0.31406 0.07926 -0.01202
v 0.28159 0.07926 -0.01202
v 0.24911 0.07926 -0.01202
v 0.21662 0.07926 -0.01202
v 0.31394 0.07926 0.01776
v 0.28154 0.07926 0.01776
v 0.24909 0.07926 0.01775
v 0.21662 0.07926 0.01775
v 0.31366 0.07926 0.04901
v 0.28141 0.07926 0.04901
v 0.24905 0.07926 0.04901
v 0.21661 0.07926 0.04901
v -0.38799 0.07926 1.09257
v -0.41911 0.07926 1.09450
v -0.45021 0.07926 1.09479
v -0.38645 0.07926 1.12508
v -0.41932 0.07926 1.12712
v -0.45208 0.07926 1.12615
v 0.21654 0.07926 0.11378
v 0.24868 0.07926 0.11379
v 0.28035 0.07926 0.11380
v 0.31136 0.07926 0.11382
v 0.49902 0.07926 1.00031
v 0.50098 0.07926 1.03168
v 0.50013 0.07926 1.06465
v -0.38837 0.07926 0.11429
v -0.41936 0.07926 0.11465
v -0.45034 0.07926 0.11309
v 0.15164 0.07926 1.09389
v 0.11914 0.07926 1.09388
v 0.08665 0.07926 1.09388
v 0.05416 0.07926 1.09388
v 0.02166 0.07926 1.09387
v 0.15164 0.07926 1.12667
v 0.11914 0.07926 1.12667
v 0.08665 0.07926 1.12666
v 0.05416 0.07926 1.12666
v 0.02166 0.07926 1.12666
v 0.50049 0.07926 0.80865
v 0.50005 0.07926 0.84024
v 0.50004 0.07926 0.87234
v 0.50002 0.07926 0.90397
v 0.31371 0.07926 1.18992
v 0.28143 0.07926 1.18992
v 0.24905 0.07926 1.18991
v 0.21661 0.07926 1.18991
v 0.31394 0.07926 1.21870
v 0.28153 0.07926 1.21870
v 0.24909 0.07926 1.21869
v 0.21662 0.07926 1.21869
v 0.31406 0.07926 1.25458
v 0.28159 0.07926 1.25458
v 0.24911 0.07926 1.25458
v 0.21662 0.07926 1.25458
v 0.31410 0.07926 1.28651
v 0.28161 0.07926 1.28651
v 0.24912 0.07926 1.28651
v 0.21662 0.07926 1.28651
v 0.31411 0.07926 1.34615
v 0.28161 0.07926 1.34615
v 0.24912 0.07926 1.34615
v 0.21663 0.07926 1.34615
v 0.31411 0.07926 1.37871
v 0.28161 0.07926 1.37871
v 0.24912 0.07926 1.37871
v 0.21663 0.07926 1.37871
v 0.31411 0.07926 1.41128
v 0.28161 0.07926 1.41128
v 0.24912 0.07926 1.41128
v 0.21663 0.07926 1.41128
v 0.31411 0.07926 1.44385
v 0.28161 0.07926 1.44385
v 0.24912 0.07926 1.44385
v 0.21663 0.07926 1.44385
v 0.49824 0.07918 -1.91866
v 0.46574 0.07918 -1.91866
v 0.43325 0.07918 -1.91866
v 0.40617 0.07918 -1.91866
v 0.37909 0.07918 -1.91866
v 0.49824 0.07924 -1.88637
v 0.46574 0.07924 -1.88637
v 0.43325 0.07924 -1.88637
v 0.40617 0.07924 -1.88637
v 0.37909 0.07924 -1.88637
v 0.49824 0.07926 -1.85574
v 0.46574 0.07926 -1.85574
v 0.43325 0.07926 -1.85574
v 0.40617 0.07926 -1.85574
v 0.37909 0.07926 -1.85574
v 0.49824 0.07926 -1.79110
v 0.46574 0.07926 -1.79110
v 0.43325 0.07926 -1.79110
v 0.40617 0.07926 -1.79110
v 0.37909 0.07926 -1.79110
v 0.49824 0.07926 -1.75853
v 0.46574 0.07926 -1.75853
v 0.43325 0.07926 -1.75853
v 0.40617 0.07926 -1.75853
v 0.37909 0.07926 -1.75853
v 0.49824 0.07926 -1.72597
v 0.46574 0.07926 -1.72597
v 0.43325 0.07926 -1.72597
v 0.40617 0.07926 -1.72597
v 0.37909 0.07926 -1.72597
v 0.49824 0.07926 -1.69340
v 0.46574 0.07926 -1.69340
v 0.43325 0.07926 -1.69340
v 0.40617 0.07926 -1.69340
v 0.37909 0.07926 -1.69340
v 0.49824 0.07926 -1.66626
v 0.46574 0.07926 -1.66626
v 0.43325 0.07926 -1.66626
v 0.40617 0.07926 -1.66626
v 0.37909 0.07926 -1.66626
v 0.49824 0.07926 -1.60656
v 0.46574 0.07926 -1.60656
v 0.43325 0.07926 -1.60656
v 0.40617 0.07926 -1.60656
v 0.37909 0.07926 -1.60656
v 0.49824 0.07926 -1.57399
v 0.46574 0.07926 -1.57399
v 0.43325 0.07926 -1.57399
v 0.40617 0.07926 -1.57399
v 0.37909 0.07926 -1.57399
v 0.49824 0.07926 -1.54142
v 0.46574 0.07926 -1.54142
v 0.43325 0.07926 -1.54142
v 0.40617 0.07926 -1.54142
v 0.37909 0.07926 -1.54142
v 0.49824 0.07926 -1.50886
v 0.46574 0.07926 -1.50886
v 0.43325 0.07926 -1.50886
v 0.40617 0.07926 -1.50886
v 0.37909 0.07926 -1.50886
v 0.49824 0.07926 -1.44372
v 0.46574 0.07926 -1.44372
v 0.43324 0.07926 -1.44371
v 0.40615 0.07926 -1.44370
v 0.37905 0.07926 -1.44369
v 0.49823 0.07926 -1.41115
v 0.46571 0.07926 -1.41113
v 0.43312 0.07926 -1.41104
v 0.40590 0.07926 -1.41091
v 0.37864 0.07926 -1.41078
v 0.49823 0.07926 -1.37858
v 0.46561 0.07926 -1.37847
v 0.43593 0.07926 -1.37977
v 0.40923 0.07926 -1.37634
v 0.37732 0.07926 -1.37711
v 0.49821 0.07926 -1.34600
v 0.46544 0.07926 -1.34574
v 0.43771 0.07926 -1.34514
v 0.41115 0.07926 -1.34732
v 0.37523 0.07926 -1.34818
v 0.40688 0.07926 -1.31975
v 0.37395 0.07926 -1.31984
v 0.49820 0.07926 -1.31341
v 0.46527 0.07926 -1.31298
v 0.43723 0.07926 -1.31748
v 0.37655 0.07926 -1.25382
v 0.46385 0.07926 -1.25706
v 0.43705 0.07926 -1.25693
v 0.40770 0.07926 -1.25373
v 0.49819 0.07926 -1.25369
v 0.37061 0.07926 -1.22243
v 0.49820 0.07926 -1.22655
v 0.46535 0.07926 -1.22586
v 0.43741 0.07926 -1.22422
v 0.40861 0.07926 -1.22083
v 0.37407 0.07926 -1.19213
v 0.49821 0.07926 -1.19398
v 0.46546 0.07926 -1.19331
v 0.43777 0.07926 -1.19172
v 0.40946 0.07926 -1.18847
v 0.37651 0.07926 -1.15908
v 0.49822 0.07926 -1.16142
v 0.46553 0.07926 -1.16082
v 0.43798 0.07926 -1.15940
v 0.40996 0.07926 -1.15652
v 0.49822 0.07926 -1.09631
v 0.46559 0.07926 -1.09592
v 0.43817 0.07926 -1.09500
v 0.41041 0.07926 -1.09314
v 0.37567 0.07926 -1.06065
v 0.49822 0.07926 -1.06375
v 0.46561 0.07926 -1.06347
v 0.43823 0.07926 -1.06281
v 0.41055 0.07926 -1.06147
v 0.49823 0.07926 -1.03120
v 0.46562 0.07926 -1.03103
v 0.43828 0.07926 -1.03062
v 0.41066 0.07926 -1.02979
v 0.37707 0.07926 -1.02812
v 0.49823 0.07926 -0.99864
v 0.46563 0.07926 -0.99857
v 0.43831 0.07926 -0.99842
v 0.41073 0.07926 -0.99811
v 0.37723 0.07926 -0.99747
v 0.49823 0.07926 -0.96608
v 0.46564 0.07926 -0.96612
v 0.43832 0.07926 -0.96622
v 0.41077 0.07926 -0.96641
v 0.37732 0.07926 -0.96681
v 0.49823 0.07926 -0.90097
v 0.46563 0.07926 -0.90122
v 0.43831 0.07926 -0.90182
v 0.41075 0.07926 -0.90303
v 0.37726 0.07926 -0.90548
v 0.49823 0.07926 -0.86842
v 0.46562 0.07926 -0.86877
v 0.43829 0.07926 -0.86962
v 0.41068 0.07926 -0.87134
v 0.37712 0.07926 -0.87484
v 0.49823 0.07926 -0.84129
v 0.46561 0.07926 -0.83632
v 0.43825 0.07926 -0.83743
v 0.41059 0.07926 -0.83966
v 0.37576 0.07926 -0.84239
v 0.49822 0.07926 -0.81415
v 0.46403 0.07926 -0.80702
v 0.43819 0.07926 -0.80524
v 0.41046 0.07926 -0.80800
v 0.37658 0.07926 -0.81025
v 0.49822 0.07926 -0.74904
v 0.46555 0.07926 -0.74980
v 0.43693 0.07926 -0.74312
v 0.41007 0.07926 -0.74466
v 0.37563 0.07926 -0.74562
v 0.49822 0.07926 -0.71649
v 0.46551 0.07926 -0.71733
v 0.43788 0.07926 -0.71397
v 0.40966 0.07926 -0.71278
v 0.37466 0.07926 -0.71455
v 0.49821 0.07926 -0.68392
v 0.46543 0.07926 -0.68482
v 0.43876 0.07926 -0.68466
v 0.40892 0.07926 -0.68047
v 0.37300 0.07926 -0.68269
v 0.49820 0.07926 -0.65135
v 0.46530 0.07926 -0.65223
v 0.43727 0.07926 -0.65431
v 0.40651 0.07926 -0.64921
v 0.37533 0.07926 -0.65373
v 0.49819 0.07926 -0.61878
v 0.46521 0.07926 -0.61956
v 0.43697 0.07926 -0.62141
v 0.37322 0.07926 -0.58424
v 0.49820 0.07926 -0.55361
v 0.46538 0.07926 -0.55400
v 0.43751 0.07926 -0.55492
v 0.40886 0.07926 -0.55672
v 0.37559 0.07926 -0.55598
v 0.49822 0.07926 -0.52102
v 0.46556 0.07926 -0.52121
v 0.43809 0.07926 -0.52164
v 0.41026 0.07926 -0.52247
v 0.37659 0.07926 -0.52364
v 0.49823 0.07926 -0.48844
v 0.46569 0.07926 -0.48850
v 0.43303 0.07926 -0.48868
v 0.40571 0.07926 -0.48895
v 0.37833 0.07926 -0.48924
v 0.49824 0.07926 -0.45587
v 0.46574 0.07926 -0.45588
v 0.43322 0.07926 -0.45591
v 0.40610 0.07926 -0.45594
v 0.37898 0.07926 -0.45599
v 0.49824 0.07926 -0.39617
v 0.46574 0.07926 -0.39617
v 0.43325 0.07926 -0.39617
v 0.40617 0.07926 -0.39616
v 0.37909 0.07926 -0.39617
v 0.49824 0.07926 -0.36903
v 0.46574 0.07926 -0.36903
v 0.43325 0.07926 -0.36903
v 0.40617 0.07926 -0.36903
v 0.37909 0.07926 -0.36903
v 0.49824 0.07926 -0.33646
v 0.46574 0.07926 -0.33646
v 0.43325 0.07926 -0.33646
v 0.40617 0.07926 -0.33646
v 0.37909 0.07926 -0.33646
v 0.49824 0.07926 -0.30389
v 0.46574 0.07926 -0.30389
v 0.43325 0.07926 -0.30389
v 0.40617 0.07926 -0.30389
v 0.37909 0.07926 -0.30389
v 0.49824 0.07926 -0.27133
v 0.46574 0.07926 -0.27133
v 0.43325 0.07926 -0.27133
v 0.40617 0.07926 -0.27133
v 0.37909 0.07926 -0.27133
v 0.49824 0.07926 -0.20619
v 0.46574 0.07926 -0.20619
v 0.43325 0.07926 -0.20619
v 0.40617 0.07926 -0.20619
v 0.37909 0.07926 -0.20619
v 0.49824 0.07926 -0.17363
v 0.46574 0.07926 -0.17363
v 0.43325 0.07926 -0.17363
v 0.40617 0.07926 -0.17363
v 0.37909 0.07926 -0.17363
v 0.49824 0.07926 -0.14106
v 0.46574 0.07926 -0.14106
v 0.43325 0.07926 -0.14106
v 0.40617 0.07926 -0.14106
v 0.37909 0.07926 -0.14106
v 0.49824 0.07926 -0.10849
v 0.46574 0.07926 -0.10849
v 0.43325 0.07926 -0.10849
v 0.40617 0.07926 -0.10849
v 0.37909 0.07926 -0.10849
v 0.49820 0.07926 -0.04340
v 0.46570 0.07926 -0.04345
v 0.43321 0.07926 -0.04350
v 0.40614 0.07926 -0.04353
v 0.37907 0.07926 -0.04354
v 0.49796 0.07926 -0.01106
v 0.46546 0.07926 -0.01144
v 0.43300 0.07926 -0.01177
v 0.40597 0.07926 -0.01194
v 0.37894 0.07926 -0.01200
v 0.49731 0.07926 0.02089
v 0.46620 0.07926 0.01845
v 0.44008 0.07926 0.02019
v 0.41088 0.07926 0.01810
v 0.37859 0.07926 0.01781
v 0.49906 0.07926 0.05113
v 0.47266 0.07926 0.05114
v 0.44068 0.07926 0.04887
v 0.40961 0.07926 0.04980
v 0.37773 0.07926 0.04913
v -0.48077 0.07925 1.03193
v -0.51424 0.07926 1.03137
v -0.51200 0.07926 0.99990
v -0.51219 0.07926 1.06396
v 0.02166 0.07926 0.11374
v 0.05416 0.07926 0.11374
v 0.08665 0.07926 0.11375
v 0.11914 0.07926 0.11375
v 0.15164 0.07926 0.11376
v 0.50014 0.07926 0.65408
v 0.49939 0.07926 0.68588
v 0.49970 0.07926 0.71657
v 0.49998 0.07926 0.74727
v -0.51293 0.07926 0.93618
v -0.51294 0.07926 0.90476
v -0.51295 0.07926 0.87286
v -0.51296 0.07926 0.84061
v -0.51298 0.07926 0.80815
v -0.04333 0.07926 1.09387
v -0.07040 0.07926 1.09388
v -0.09748 0.07926 1.09388
v -0.12997 0.07926 1.09388
v -0.04333 0.07926 1.12666
v -0.07040 0.07926 1.12666
v -0.09748 0.07926 1.12666
v -0.12997 0.07926 1.12667
v 0.50022 0.07926 0.45871
v 0.50021 0.07926 0.49127
v 0.50020 0.07926 0.52383
v 0.50018 0.07926 0.55639
v 0.50017 0.07926 0.58896
v 0.47041 0.07926 1.19207
v 0.44302 0.07926 1.18974
v 0.40984 0.07926 1.18927
v 0.37788 0.07926 1.18983
v 0.49787 0.07926 1.19546
v 0.43615 0.07926 1.22475
v 0.40995 0.07926 1.22209
v 0.37858 0.07926 1.21865
v 0.49758 0.07926 1.22676
v 0.46508 0.07926 1.22752
v 0.37897 0.07926 1.25457
v 0.49807 0.07926 1.25931
v 0.46557 0.07926 1.25950
v 0.43310 0.07926 1.25968
v 0.40605 0.07926 1.25977
v 0.49822 0.07926 1.28644
v 0.46572 0.07926 1.28647
v 0.43323 0.07926 1.28649
v 0.40616 0.07926 1.28650
v 0.37908 0.07926 1.28651
v 0.49824 0.07926 1.34615
v 0.46574 0.07926 1.34615
v 0.43325 0.07926 1.34615
v 0.40617 0.07926 1.34615
v 0.37909 0.07926 1.34615
v 0.49824 0.07926 1.37871
v 0.46574 0.07926 1.37871
v 0.43325 0.07926 1.37871
v 0.40617 0.07926 1.37871
v 0.37909 0.07926 1.37871
v 0.49824 0.07926 1.41128
v 0.46574 0.07926 1.41128
v 0.43325 0.07926 1.41128
v 0.40617 0.07926 1.41128
v 0.37909 0.07926 1.41128
v 0.49824 0.07926 1.44385
v 0.46574 0.07926 1.44385
v 0.43325 0.07926 1.44385
v 0.40617 0.07926 1.44385
v 0.37909 0.07926 1.44385
v 0.66071 0.07918 -1.91866
v 0.62821 0.07918 -1.91866
v 0.59572 0.07918 -1.91866
v 0.56322 0.07918 -1.91866
v 0.66071 0.07924 -1.88637
v 0.62821 0.07924 -1.88637
v 0.59572 0.07924 -1.88637
v 0.56322 0.07924 -1.88637
v 0.66071 0.07926 -1.85574
v 0.62821 0.07926 -1.85574
v 0.59572 0.07926 -1.85574
v 0.56322 0.07926 -1.85574
v 0.66071 0.07926 -1.79110
v 0.62821 0.07926 -1.79110
v 0.59572 0.07926 -1.79110
v 0.56322 0.07926 -1.79110
v 0.66071 0.07926 -1.75853
v 0.62821 0.07926 -1.75853
v 0.59572 0.07926 -1.75853
v 0.56322 0.07926 -1.75853
v 0.66071 0.07926 -1.72597
v 0.62821 0.07926 -1.72597
v 0.59572 0.07926 -1.72597
v 0.56322 0.07926 -1.72597
v 0.66071 0.07926 -1.69340
v 0.62821 0.07926 -1.69340
v 0.59572 0.07926 -1.69340
v 0.56322 0.07926 -1.69340
v 0.66071 0.07926 -1.66626
v 0.62821 0.07926 -1.66626
v 0.59572 0.07926 -1.66626
v 0.56322 0.07926 -1.66626
v 0.66071 0.07926 -1.60656
v 0.62821 0.07926 -1.60656
v 0.59572 0.07926 -1.60656
v 0.56322 0.07926 -1.60656
v 0.66071 0.07926 -1.57399
v 0.62821 0.07926 -1.57399
v 0.59572 0.07926 -1.57399
v 0.56322 0.07926 -1.57399
v 0.66071 0.07926 -1.54142
v 0.62821 0.07926 -1.54142
v 0.59572 0.07926 -1.54142
v 0.56322 0.07926 -1.54142
v 0.66071 0.07926 -1.50886
v 0.62821 0.07926 -1.50886
v 0.59572 0.07926 -1.50886
v 0.56322 0.07926 -1.50886
v 0.66071 0.07926 -1.44372
v 0.62821 0.07926 -1.44372
v 0.59572 0.07926 -1.44372
v 0.56322 0.07926 -1.44372
v 0.66071 0.07926 -1.41116
v 0.62821 0.07926 -1.41116
v 0.59572 0.07926 -1.41116
v 0.56322 0.07926 -1.41116
v 0.66071 0.07926 -1.37859
v 0.62821 0.07926 -1.37859
v 0.59572 0.07926 -1.37859
v 0.56322 0.07926 -1.37859
v 0.66071 0.07926 -1.34602
v 0.62821 0.07926 -1.34602
v 0.59572 0.07926 -1.34602
v 0.56322 0.07926 -1.34602
v 0.66071 0.07926 -1.31346
v 0.62821 0.07926 -1.31346
v 0.59572 0.07926 -1.31346
v 0.56322 0.07926 -1.31346
v 0.66071 0.07926 -1.25375
v 0.62821 0.07926 -1.25375
v 0.59572 0.07926 -1.25375
v 0.56322 0.07926 -1.25375
v 0.66071 0.07926 -1.22661
v 0.62821 0.07926 -1.22661
v 0.59572 0.07926 -1.22661
v 0.56322 0.07926 -1.22661
v 0.66071 0.07926 -1.19405
v 0.62821 0.07926 -1.19405
v 0.59572 0.07926 -1.19405
v 0.56322 0.07926 -1.19405
v 0.66071 0.07926 -1.16148
v 0.62821 0.07926 -1.16148
v 0.59572 0.07926 -1.16148
v 0.56322 0.07926 -1.16148
v 0.66071 0.07926 -1.09635
v 0.62821 0.07926 -1.09635
v 0.59572 0.07926 -1.09635
v 0.56322 0.07926 -1.09635
v 0.66071 0.07926 -1.06378
v 0.62821 0.07926 -1.06378
v 0.59572 0.07926 -1.06378
v 0.56322 0.07926 -1.06378
v 0.66071 0.07926 -1.03121
v 0.62821 0.07926 -1.03121
v 0.59572 0.07926 -1.03121
v 0.56322 0.07926 -1.03121
v 0.66071 0.07926 -0.99865
v 0.62821 0.07926 -0.99865
v 0.59572 0.07926 -0.99865
v 0.56322 0.07926 -0.99865
v 0.66071 0.07926 -0.96608
v 0.62821 0.07926 -0.96608
v 0.59572 0.07926 -0.96608
v 0.56322 0.07926 -0.96608
v 0.66071 0.07926 -0.90095
v 0.62821 0.07926 -0.90095
v 0.59572 0.07926 -0.90095
v 0.56322 0.07926 -0.90095
v 0.66071 0.07926 -0.86838
v 0.62821 0.07926 -0.86838
v 0.59572 0.07926 -0.86838
v 0.56322 0.07926 -0.86838
v 0.66071 0.07926 -0.84124
v 0.62821 0.07926 -0.84124
v 0.59572 0.07926 -0.84124
v 0.56322 0.07926 -0.84124
v 0.66071 0.07926 -0.81410
v 0.62821 0.07926 -0.81410
v 0.59572 0.07926 -0.81410
v 0.56322 0.07926 -0.81410
v 0.66071 0.07926 -0.74897
v 0.62821 0.07926 -0.74897
v 0.59572 0.07926 -0.74897
v 0.56322 0.07926 -0.74897
v 0.66071 0.07926 -0.71640
v 0.62821 0.07926 -0.71640
v 0.59572 0.07926 -0.71640
v 0.56322 0.07926 -0.71640
v 0.66071 0.07926 -0.68384
v 0.62821 0.07926 -0.68384
v 0.59572 0.07926 -0.68384
v 0.56322 0.07926 -0.68384
v 0.66071 0.07926 -0.65127
v 0.62821 0.07926 -0.65127
v 0.59572 0.07926 -0.65127
v 0.56322 0.07926 -0.65127
v 0.66071 0.07926 -0.61870
v 0.62821 0.07926 -0.61870
v 0.59572 0.07926 -0.61870
v 0.56322 0.07926 -0.61870
v 0.66071 0.07926 -0.55357
v 0.62821 0.07926 -0.55357
v 0.59572 0.07926 -0.55357
v 0.56322 0.07926 -0.55357
v 0.66071 0.07926 -0.52100
v 0.62821 0.07926 -0.52100
v 0.59572 0.07926 -0.52100
v 0.56322 0.07926 -0.52100
v 0.66071 0.07926 -0.48844
v 0.62821 0.07926 -0.48844
v 0.59572 0.07926 -0.48844
v 0.56322 0.07926 -0.48844
v 0.66071 0.07926 -0.45587
v 0.62821 0.07926 -0.45587
v 0.59572 0.07926 -0.45587
v 0.56322 0.07926 -0.45587
v 0.66071 0.07926 -0.39617
v 0.62821 0.07926 -0.39617
v 0.59572 0.07926 -0.39617
v 0.56322 0.07926 -0.39617
v 0.66071 0.07926 -0.36903
v 0.62821 0.07926 -0.36903
v 0.59572 0.07926 -0.36903
v 0.56322 0.07926 -0.36903
v 0.66071 0.07926 -0.33646
v 0.62821 0.07926 -0.33646
v 0.59572 0.07926 -0.33646
v 0.56322 0.07926 -0.33646
v 0.66071 0.07926 -0.30389
v 0.62821 0.07926 -0.30389
v 0.59572 0.07926 -0.30389
v 0.56322 0.07926 -0.30389
v 0.66071 0.07926 -0.27133
v 0.62821 0.07926 -0.27133
v 0.59572 0.07926 -0.27133
v 0.56322 0.07926 -0.27133
v 0.66071 0.07926 -0.20619
v 0.62821 0.07926 -0.20619
v 0.59572 0.07926 -0.20619
v 0.56322 0.07926 -0.20619
v 0.66071 0.07926 -0.17363
v 0.62821 0.07926 -0.17363
v 0.59572 0.07926 -0.17363
v 0.56322 0.07926 -0.17363
v 0.66071 0.07926 -0.14106
v 0.62821 0.07926 -0.14106
v 0.59572 0.07926 -0.14106
v 0.56322 0.07926 -0.14106
v 0.66071 0.07926 -0.10849
v 0.62821 0.07926 -0.10849
v 0.59572 0.07926 -0.10849
v 0.56322 0.07926 -0.10849
v 0.66071 0.07926 -0.04336
v 0.62821 0.07926 -0.04336
v 0.59571 0.07926 -0.04335
v 0.56320 0.07926 -0.04335
v 0.66070 0.07926 -0.01079
v 0.62819 0.07926 -0.01078
v 0.59564 0.07926 -0.01075
v 0.56307 0.07926 -0.01073
v 0.66070 0.07926 0.01635
v 0.62815 0.07926 0.01639
v 0.59551 0.07926 0.01647
v 0.56280 0.07926 0.01653
v 0.66069 0.07926 0.04350
v 0.62810 0.07926 0.04357
v 0.59535 0.07926 0.04374
v 0.56239 0.07926 0.04391
v 0.66069 0.07926 0.07607
v 0.62810 0.07926 0.07618
v 0.59534 0.07926 0.07648
v 0.56212 0.07926 0.07697
v 0.66076 0.07926 0.14120
v 0.62858 0.07926 0.14133
v 0.59695 0.07926 0.14167
v 0.56640 0.07926 0.14255
v 0.66081 0.07926 0.17377
v 0.62893 0.07926 0.17386
v 0.59808 0.07926 0.17410
v 0.56456 0.07926 0.17490
v 0.66084 0.07926 0.20632
v 0.62916 0.07926 0.20636
v 0.59881 0.07926 0.20647
v 0.56623 0.07926 0.20679
v 0.66085 0.07926 0.23888
v 0.62924 0.07926 0.23886
v 0.59909 0.07926 0.23882
v 0.56686 0.07926 0.23872
v 0.66086 0.07926 0.30400
v 0.62926 0.07926 0.30389
v 0.59914 0.07926 0.30361
v 0.56696 0.07926 0.30293
v 0.66086 0.07926 0.33656
v 0.62926 0.07926 0.33643
v 0.59914 0.07926 0.33609
v 0.56696 0.07926 0.33525
v 0.66086 0.07926 0.36913
v 0.62926 0.07926 0.36898
v 0.59914 0.07926 0.36860
v 0.56696 0.07926 0.36769
v 0.66086 0.07926 0.40169
v 0.62925 0.07926 0.40154
v 0.59913 0.07926 0.40115
v 0.56695 0.07926 0.40020
v 0.66086 0.07926 0.42883
v 0.59913 0.07926 0.46085
v 0.56695 0.07926 0.46531
v 0.66086 0.07926 0.48854
v 0.62925 0.07926 0.48839
v 0.59913 0.07926 0.48799
v 0.56552 0.07926 0.49420
v 0.66086 0.07926 0.52110
v 0.62925 0.07926 0.52095
v 0.59913 0.07926 0.52055
v 0.56811 0.07926 0.52063
v 0.66086 0.07926 0.55367
v 0.62925 0.07926 0.55352
v 0.59913 0.07926 0.55312
v 0.56694 0.07926 0.55216
v 0.66086 0.07926 0.58623
v 0.62925 0.07926 0.58608
v 0.59913 0.07926 0.58569
v 0.56694 0.07926 0.58472
v 0.66086 0.07926 0.65137
v 0.62925 0.07926 0.65122
v 0.59913 0.07926 0.65082
v 0.56693 0.07926 0.64985
v 0.66086 0.07926 0.68393
v 0.62925 0.07926 0.68378
v 0.59913 0.07926 0.68338
v 0.56693 0.07926 0.68242
v 0.66086 0.07926 0.71650
v 0.62925 0.07926 0.71635
v 0.59912 0.07926 0.71595
v 0.56693 0.07926 0.71498
v 0.66086 0.07926 0.74907
v 0.62925 0.07926 0.74892
v 0.59912 0.07926 0.74852
v 0.56693 0.07926 0.74755
v 0.66086 0.07926 0.81420
v 0.62925 0.07926 0.81405
v 0.59912 0.07926 0.81365
v 0.56692 0.07926 0.81268
v 0.66086 0.07926 0.84677
v 0.62925 0.07926 0.84661
v 0.59912 0.07926 0.84620
v 0.56692 0.07926 0.84522
v 0.66086 0.07926 0.87390
v 0.62925 0.07926 0.87375
v 0.59774 0.07926 0.87561
v 0.56691 0.07926 0.87770
v 0.66086 0.07926 0.90104
v 0.62925 0.07926 0.90087
v 0.60033 0.07926 0.90180
v 0.56571 0.07926 0.90906
v 0.66086 0.07926 0.93360
v 0.62925 0.07926 0.93341
v 0.59912 0.07926 0.93289
v 0.56653 0.07926 0.93843
v 0.66085 0.07926 0.99872
v 0.62923 0.07926 0.99844
v 0.59907 0.07926 0.99768
v 0.56675 0.07926 0.99848
v 0.66084 0.07926 1.03128
v 0.62915 0.07926 1.03094
v 0.59879 0.07926 1.03005
v 0.56603 0.07926 1.03044
v 0.66081 0.07926 1.06384
v 0.62892 0.07926 1.06347
v 0.59806 0.07926 1.06248
v 0.56563 0.07926 1.06095
v 0.66076 0.07926 1.09641
v 0.62858 0.07926 1.09604
v 0.59693 0.07926 1.09504
v 0.56634 0.07926 1.09282
v 0.66069 0.07926 1.16156
v 0.62809 0.07926 1.16131
v 0.59532 0.07926 1.16063
v 0.56209 0.07926 1.15940
v 0.53367 0.07926 1.15823
v 0.66069 0.07926 1.19414
v 0.62810 0.07926 1.19399
v 0.59534 0.07926 1.19360
v 0.56238 0.07926 1.19306
v 0.66070 0.07926 1.22673
v 0.62816 0.07926 1.22666
v 0.59554 0.07926 1.22650
v 0.56286 0.07926 1.22630
v 0.66070 0.07926 1.25930
v 0.62820 0.07926 1.25928
v 0.59567 0.07926 1.25924
v 0.56313 0.07926 1.25919
v 0.66071 0.07926 1.28644
v 0.62821 0.07926 1.28644
v 0.59571 0.07926 1.28643
v 0.56321 0.07926 1.28643
v 0.66071 0.07926 1.34615
v 0.62821 0.07926 1.34615
v 0.59572 0.07926 1.34615
v 0.56322 0.07926 1.34615
v 0.66071 0.07926 1.37871
v 0.62821 0.07926 1.37871
v 0.59572 0.07926 1.37871
v 0.56322 0.07926 1.37871
v 0.66071 0.07926 1.41128
v 0.62821 0.07926 1.41128
v 0.59572 0.07926 1.41128
v 0.56322 0.07926 1.41128
v 0.66071 0.07926 1.44385
v 0.62821 0.07926 1.44385
v 0.59572 0.07926 1.44385
v 0.56322 0.07926 1.44385
v 0.81859 0.07901 -1.91866
v 0.78562 0.07912 -1.91866
v 0.75664 0.07916 -1.91866
v 0.72547 0.07917 -1.91866
v 0.81859 0.07907 -1.88637
v 0.78562 0.07918 -1.88637
v 0.75664 0.07922 -1.88637
v 0.72547 0.07924 -1.88637
v 0.81859 0.07909 -1.85574
v 0.78562 0.07920 -1.85574
v 0.75664 0.07924 -1.85574
v 0.72547 0.07926 -1.85574
v 0.81859 0.07910 -1.79110
v 0.78562 0.07921 -1.79110
v 0.75664 0.07925 -1.79110
v 0.72547 0.07926 -1.79110
v 0.81859 0.07910 -1.75853
v 0.78562 0.07921 -1.75853
v 0.75664 0.07925 -1.75853
v 0.72547 0.07926 -1.75853
v 0.81859 0.07910 -1.72597
v 0.78562 0.07921 -1.72597
v 0.75664 0.07925 -1.72597
v 0.72547 0.07926 -1.72597
v 0.81859 0.07910 -1.69340
v 0.78562 0.07921 -1.69340
v 0.75664 0.07925 -1.69340
v 0.72547 0.07926 -1.69340
v 0.81859 0.07910 -1.66626
v 0.78562 0.07921 -1.66626
v 0.75664 0.07925 -1.66626
v 0.72547 0.07926 -1.66626
v 0.81859 0.07910 -1.60656
v 0.78562 0.07921 -1.60656
v 0.75664 0.07925 -1.60656
v 0.72547 0.07926 -1.60656
v 0.81859 0.07910 -1.57399
v 0.78562 0.07921 -1.57399
v 0.75664 0.07925 -1.57399
v 0.72547 0.07926 -1.57399
v 0.81859 0.07910 -1.54142
v 0.78562 0.07921 -1.54142
v 0.75664 0.07925 -1.54142
v 0.72547 0.07926 -1.54142
v 0.81859 0.07910 -1.50886
v 0.78562 0.07921 -1.50886
v 0.75664 0.07925 -1.50886
v 0.72547 0.07926 -1.50886
v 0.81859 0.07910 -1.44372
v 0.78562 0.07921 -1.44372
v 0.75664 0.07925 -1.44372
v 0.72547 0.07926 -1.44372
v 0.81859 0.07910 -1.41116
v 0.78562 0.07921 -1.41116
v 0.75664 0.07925 -1.41116
v 0.72547 0.07926 -1.41116
v 0.81859 0.07910 -1.37859
v 0.78562 0.07921 -1.37859
v 0.75664 0.07925 -1.37859
v 0.72547 0.07926 -1.37859
v 0.81859 0.07910 -1.34602
v 0.78562 0.07921 -1.34602
v 0.75664 0.07925 -1.34602
v 0.72547 0.07926 -1.34602
v 0.81859 0.07910 -1.31346
v 0.78562 0.07921 -1.31346
v 0.75664 0.07925 -1.31346
v 0.72547 0.07926 -1.31346
v 0.81859 0.07910 -1.25375
v 0.78562 0.07921 -1.25375
v 0.75664 0.07925 -1.25375
v 0.72547 0.07926 -1.25375
v 0.81859 0.07910 -1.22661
v 0.78562 0.07921 -1.22661
v 0.75664 0.07925 -1.22661
v 0.72547 0.07926 -1.22661
v 0.81859 0.07910 -1.19405
v 0.78562 0.07921 -1.19405
v 0.75664 0.07925 -1.19405
v 0.72547 0.07926 -1.19405
v 0.81859 0.07910 -1.16148
v 0.78562 0.07921 -1.16148
v 0.75664 0.07925 -1.16148
v 0.72547 0.07926 -1.16148
v 0.81859 0.07910 -1.09635
v 0.78562 0.07921 -1.09635
v 0.75664 0.07925 -1.09635
v 0.72547 0.07926 -1.09635
v 0.81859 0.07910 -1.06378
v 0.78562 0.07921 -1.06378
v 0.75664 0.07925 -1.06378
v 0.72547 0.07926 -1.06378
v 0.81859 0.07910 -1.03121
v 0.78562 0.07921 -1.03121
v 0.75664 0.07925 -1.03121
v 0.72547 0.07926 -1.03121
v 0.81859 0.07910 -0.99865
v 0.78562 0.07921 -0.99865
v 0.75664 0.07925 -0.99865
v 0.72547 0.07926 -0.99865
v 0.81859 0.07910 -0.96608
v 0.78562 0.07921 -0.96608
v 0.75664 0.07925 -0.96608
v 0.72547 0.07926 -0.96608
v 0.81859 0.07910 -0.90095
v 0.78562 0.07921 -0.90095
v 0.75664 0.07925 -0.90095
v 0.72547 0.07926 -0.90095
v 0.81859 0.07910 -0.86838
v 0.78562 0.07921 -0.86838
v 0.75664 0.07925 -0.86838
v 0.72547 0.07926 -0.86838
v 0.81859 0.07910 -0.84124
v 0.78562 0.07921 -0.84124
v 0.75664 0.07925 -0.84124
v 0.72547 0.07926 -0.84124
v 0.81859 0.07910 -0.81410
v 0.78562 0.07921 -0.81410
v 0.75664 0.07925 -0.81410
v 0.72547 0.07926 -0.81410
v 0.81859 0.07910 -0.74897
v 0.78562 0.07921 -0.74897
v 0.75664 0.07925 -0.74897
v 0.72547 0.07926 -0.74897
v 0.81859 0.07910 -0.71640
v 0.78562 0.07921 -0.71640
v 0.75664 0.07925 -0.71640
v 0.72547 0.07926 -0.71640
v 0.81859 0.07910 -0.68384
v 0.78562 0.07921 -0.68384
v 0.75664 0.07925 -0.68384
v 0.72547 0.07926 -0.68384
v 0.81859 0.07910 -0.65127
v 0.78562 0.07921 -0.65127
v 0.75664 0.07925 -0.65127
v 0.72547 0.07926 -0.65127
v 0.81859 0.07910 -0.61870
v 0.78562 0.07921 -0.61870
v 0.75664 0.07925 -0.61870
v 0.72547 0.07926 -0.61870
v 0.81859 0.07910 -0.55357
v 0.78562 0.07921 -0.55357
v 0.75664 0.07925 -0.55357
v 0.72547 0.07926 -0.55357
v 0.81859 0.07910 -0.52100
v 0.78562 0.07921 -0.52100
v 0.75664 0.07925 -0.52100
v 0.72547 0.07926 -0.52100
v 0.81859 0.07910 -0.48844
v 0.78562 0.07921 -0.48844
v 0.75664 0.07925 -0.48844
v 0.72547 0.07926 -0.48844
v 0.81859 0.07910 -0.45587
v 0.78562 0.07921 -0.45587
v 0.75664 0.07925 -0.45587
v 0.72547 0.07926 -0.45587
v 0.81859 0.07910 -0.39617
v 0.78562 0.07921 -0.39617
v 0.75664 0.07925 -0.39617
v 0.72547 0.07926 -0.39617
v 0.81859 0.07910 -0.36903
v 0.78562 0.07921 -0.36903
v 0.75664 0.07925 -0.36903
v 0.72547 0.07926 -0.36903
v 0.81859 0.07910 -0.33646
v 0.78562 0.07921 -0.33646
v 0.75664 0.07925 -0.33646
v 0.72547 0.07926 -0.33646
v 0.81859 0.07910 -0.30389
v 0.78562 0.07921 -0.30389
v 0.75664 0.07925 -0.30389
v 0.72547 0.07926 -0.30389
v 0.81859 0.07910 -0.27133
v 0.78562 0.07921 -0.27133
v 0.75664 0.07925 -0.27133
v 0.72547 0.07926 -0.27133
v 0.81859 0.07910 -0.20619
v 0.78562 0.07921 -0.20619
v 0.75664 0.07925 -0.20619
v 0.72547 0.07926 -0.20619
v 0.81859 0.07910 -0.17363
v 0.78562 0.07921 -0.17363
v 0.75664 0.07925 -0.17363
v 0.72547 0.07926 -0.17363
v 0.81859 0.07910 -0.14106
v 0.78562 0.07921 -0.14106
v 0.75664 0.07925 -0.14106
v 0.72547 0.07926 -0.14106
v 0.81859 0.07910 -0.10849
v 0.78562 0.07921 -0.10849
v 0.75664 0.07925 -0.10849
v 0.72547 0.07926 -0.10849
v 0.81859 0.07910 -0.04336
v 0.78562 0.07921 -0.04336
v 0.75664 0.07925 -0.04336
v 0.72547 0.07926 -0.04336
v 0.81859 0.07910 -0.01079
v 0.78562 0.07921 -0.01079
v 0.75664 0.07925 -0.01079
v 0.72547 0.07926 -0.01079
v 0.81859 0.07910 0.01634
v 0.78562 0.07921 0.01635
v 0.75664 0.07925 0.01635
v 0.72547 0.07926 0.01635
v 0.81859 0.07910 0.04348
v 0.78562 0.07921 0.04348
v 0.75664 0.07925 0.04348
v 0.72547 0.07926 0.04348
v 0.81859 0.07910 0.07605
v 0.78562 0.07921 0.07605
v 0.75664 0.07925 0.07605
v 0.72547 0.07926 0.07605
v 0.81859 0.07910 0.14118
v 0.78562 0.07921 0.14118
v 0.75664 0.07925 0.14118
v 0.72547 0.07926 0.14118
v 0.81859 0.07910 0.17375
v 0.78562 0.07921 0.17375
v 0.75664 0.07925 0.17375
v 0.72547 0.07926 0.17375
v 0.81859 0.07910 0.20632
v 0.78562 0.07921 0.20632
v 0.75664 0.07925 0.20632
v 0.72547 0.07926 0.20632
v 0.81859 0.07910 0.23888
v 0.78562 0.07921 0.23888
v 0.75664 0.07925 0.23888
v 0.72547 0.07926 0.23888
v 0.81859 0.07910 0.30402
v 0.78562 0.07921 0.30402
v 0.75664 0.07925 0.30402
v 0.72547 0.07926 0.30402
v 0.81859 0.07910 0.33658
v 0.78562 0.07921 0.33658
v 0.75664 0.07925 0.33658
v 0.72547 0.07926 0.33658
v 0.81859 0.07910 0.36915
v 0.78562 0.07921 0.36915
v 0.75664 0.07925 0.36915
v 0.72547 0.07926 0.36915
v 0.81859 0.07910 0.40172
v 0.78562 0.07921 0.40172
v 0.75664 0.07925 0.40172
v 0.72547 0.07926 0.40172
v 0.81859 0.07910 0.42885
v 0.78562 0.07921 0.42885
v 0.75664 0.07925 0.42885
v 0.72547 0.07926 0.42885
v 0.81859 0.07910 0.48856
v 0.78562 0.07921 0.48856
v 0.75664 0.07925 0.48856
v 0.72547 0.07926 0.48856
v 0.81859 0.07910 0.52113
v 0.78562 0.07921 0.52113
v 0.75664 0.07925 0.52113
v 0.72547 0.07926 0.52113
v 0.81859 0.07910 0.55369
v 0.78562 0.07921 0.55369
v 0.75664 0.07925 0.55369
v 0.72547 0.07926 0.55369
v 0.81859 0.07910 0.58626
v 0.78562 0.07921 0.58626
v 0.75664 0.07925 0.58626
v 0.72547 0.07926 0.58626
v 0.81859 0.07910 0.65139
v 0.78562 0.07921 0.65139
v 0.75664 0.07925 0.65139
v 0.72547 0.07926 0.65139
v 0.81859 0.07910 0.68396
v 0.78562 0.07921 0.68396
v 0.75664 0.07925 0.68396
v 0.72547 0.07926 0.68396
v 0.81859 0.07910 0.71653
v 0.78562 0.07921 0.71653
v 0.75664 0.07925 0.71653
v 0.72547 0.07926 0.71653
v 0.81859 0.07910 0.74909
v 0.78562 0.07921 0.74909
v 0.75664 0.07925 0.74909
v 0.72547 0.07926 0.74909
v 0.81859 0.07910 0.81423
v 0.78562 0.07921 0.81423
v 0.75664 0.07925 0.81423
v 0.72547 0.07926 0.81423
v 0.81859 0.07910 0.84679
v 0.78562 0.07921 0.84679
v 0.75664 0.07925 0.84679
v 0.72547 0.07926 0.84679
v 0.81859 0.07910 0.87393
v 0.78562 0.07921 0.87393
v 0.75664 0.07925 0.87393
v 0.72547 0.07926 0.87393
v 0.81859 0.07910 0.90107
v 0.78562 0.07921 0.90107
v 0.75664 0.07925 0.90107
v 0.72547 0.07926 0.90107
v 0.81859 0.07910 0.93364
v 0.78562 0.07921 0.93364
v 0.75664 0.07925 0.93364
v 0.72547 0.07926 0.93364
v 0.81859 0.07910 0.99877
v 0.78562 0.07921 0.99877
v 0.75664 0.07925 0.99877
v 0.72547 0.07926 0.99877
v 0.81859 0.07910 1.03134
v 0.78562 0.07921 1.03134
v 0.75664 0.07925 1.03134
v 0.72547 0.07926 1.03134
v 0.81859 0.07910 1.06390
v 0.78562 0.07921 1.06390
v 0.75664 0.07925 1.06390
v 0.72547 0.07926 1.06390
v 0.81859 0.07910 1.09647
v 0.78562 0.07921 1.09647
v 0.75664 0.07925 1.09647
v 0.72547 0.07926 1.09647
v 0.81859 0.07910 1.16160
v 0.78562 0.07921 1.16160
v 0.75664 0.07925 1.16160
v 0.72547 0.07926 1.16160
v 0.81859 0.07910 1.19417
v 0.78562 0.07921 1.19417
v 0.75664 0.07925 1.19417
v 0.72547 0.07926 1.19417
v 0.81859 0.07910 1.22674
v 0.78562 0.07921 1.22674
v 0.75664 0.07925 1.22674
v 0.72547 0.07926 1.22674
v 0.81859 0.07910 1.25930
v 0.78562 0.07921 1.25930
v 0.75664 0.07925 1.25930
v 0.72547 0.07926 1.25930
v 0.81859 0.07910 1.28644
v 0.78562 0.07921 1.28644
v 0.75664 0.07925 1.28644
v 0.72547 0.07926 1.28644
v 0.81859 0.07910 1.34615
v 0.78562 0.07921 1.34615
v 0.75664 0.07925 1.34615
v 0.72547 0.07926 1.34615
v 0.81859 0.07910 1.37871
v 0.78562 0.07921 1.37871
v 0.75664 0.07925 1.37871
v 0.72547 0.07926 1.37871
v 0.81859 0.07910 1.41128
v 0.78562 0.07921 1.41128
v 0.75664 0.07925 1.41128
v 0.72547 0.07926 1.41128
v 0.81859 0.07910 1.44385
v 0.78562 0.07921 1.44385
v 0.75664 0.07925 1.44385
v 0.72547 0.07926 1.44385
v 0.56322 0.04533 -1.91866
v 0.59572 0.04533 -1.91866
v 0.62821 0.04533 -1.91866
v 0.66071 0.04533 -1.91866
v 0.56322 0.04527 -1.88637
v 0.59572 0.04527 -1.88637
v 0.62821 0.04527 -1.88637
v 0.66071 0.04527 -1.88637
v 0.56322 0.04525 -1.85574
v 0.59572 0.04525 -1.85574
v 0.62821 0.04525 -1.85574
v 0.66071 0.04525 -1.85574
v 0.56322 0.04524 -1.79110
v 0.59572 0.04524 -1.79110
v 0.62821 0.04524 -1.79110
v 0.66071 0.04524 -1.79110
v 0.56322 0.04524 -1.75853
v 0.59572 0.04524 -1.75853
v 0.62821 0.04524 -1.75853
v 0.66071 0.04524 -1.75853
v 0.56322 0.04524 -1.72597
v 0.59572 0.04524 -1.72597
v 0.62821 0.04524 -1.72597
v 0.66071 0.04524 -1.72597
v 0.56322 0.04524 -1.69340
v 0.59572 0.04524 -1.69340
v 0.62821 0.04524 -1.69340
v 0.66071 0.04524 -1.69340
v 0.56322 0.04524 -1.66626
v 0.59572 0.04524 -1.66626
v 0.62821 0.04524 -1.66626
v 0.66071 0.04524 -1.66626
v 0.56322 0.04524 -1.60656
v 0.59572 0.04524 -1.60656
v 0.62821 0.04524 -1.60656
v 0.66071 0.04524 -1.60656
v 0.56322 0.04524 -1.57399
v 0.59572 0.04524 -1.57399
v 0.62821 0.04524 -1.57399
v 0.66071 0.04524 -1.57399
v 0.56322 0.04524 -1.54142
v 0.59572 0.04524 -1.54142
v 0.62821 0.04524 -1.54142
v 0.66071 0.04524 -1.54142
v 0.56322 0.04524 -1.50886
v 0.59572 0.04524 -1.50886
v 0.62821 0.04524 -1.50886
v 0.66071 0.04524 -1.50886
v 0.56322 0.04524 -1.44372
v 0.59572 0.04524 -1.44372
v 0.62821 0.04524 -1.44372
v 0.66071 0.04524 -1.44372
v 0.56322 0.04524 -1.41116
v 0.59572 0.04524 -1.41116
v 0.62821 0.04524 -1.41116
v 0.66071 0.04524 -1.41116
v 0.56322 0.04524 -1.37859
v 0.59572 0.04524 -1.37859
v 0.62821 0.04524 -1.37859
v 0.66071 0.04524 -1.37859
v 0.56322 0.04524 -1.34602
v 0.59572 0.04524 -1.34602
v 0.62821 0.04524 -1.34602
v 0.66071 0.04524 -1.34602
v 0.56322 0.04524 -1.31346
v 0.59572 0.04524 -1.31346
v 0.62821 0.04524 -1.31346
v 0.66071 0.04524 -1.31346
v 0.56322 0.04524 -1.25375
v 0.59572 0.04524 -1.25375
v 0.62821 0.04524 -1.25375
v 0.66071 0.04524 -1.25375
v 0.56322 0.04524 -1.22661
v 0.59572 0.04524 -1.22661
v 0.62821 0.04524 -1.22661
v 0.66071 0.04524 -1.22661
v 0.56322 0.04524 -1.19405
v 0.59572 0.04524 -1.19405
v 0.62821 0.04524 -1.19405
v 0.66071 0.04524 -1.19405
v 0.56322 0.04524 -1.16148
v 0.59572 0.04524 -1.16148
v 0.62821 0.04524 -1.16148
v 0.66071 0.04524 -1.16148
v 0.56322 0.04524 -1.09635
v 0.59572 0.04524 -1.09635
v 0.62821 0.04524 -1.09635
v 0.66071 0.04524 -1.09635
v 0.56322 0.04524 -1.06378
v 0.59572 0.04524 -1.06378
v 0.62821 0.04524 -1.06378
v 0.66071 0.04524 -1.06378
v 0.56322 0.04524 -1.03121
v 0.59572 0.04524 -1.03121
v 0.62821 0.04524 -1.03121
v 0.66071 0.04524 -1.03121
v 0.56322 0.04524 -0.99865
v 0.59572 0.04524 -0.99865
v 0.62821 0.04524 -0.99865
v 0.66071 0.04524 -0.99865
v 0.56322 0.04524 -0.96608
v 0.59572 0.04524 -0.96608
v 0.62821 0.04524 -0.96608
v 0.66071 0.04524 -0.96608
v 0.56322 0.04524 -0.90095
v 0.59572 0.04524 -0.90095
v 0.62821 0.04524 -0.90095
v 0.66071 0.04524 -0.90095
v 0.56322 0.04524 -0.86838
v 0.59572 0.04524 -0.86838
v 0.62821 0.04524 -0.86838
v 0.66071 0.04524 -0.86838
v 0.56322 0.04524 -0.84124
v 0.59572 0.04524 -0.84124
v 0.62821 0.04524 -0.84124
v 0.66071 0.04524 -0.84124
v 0.56322 0.04524 -0.81410
v 0.59572 0.04524 -0.81410
v 0.62821 0.04524 -0.81410
v 0.66071 0.04524 -0.81410
v 0.56322 0.04524 -0.74897
v 0.59572 0.04524 -0.74897
v 0.62821 0.04524 -0.74897
v 0.66071 0.04524 -0.74897
v 0.56322 0.04524 -0.71640
v 0.59572 0.04524 -0.71640
v 0.62821 0.04524 -0.71640
v 0.66071 0.04524 -0.71640
v 0.56322 0.04524 -0.68384
v 0.59572 0.04524 -0.68384
v 0.62821 0.04524 -0.68384
v 0.66071 0.04524 -0.68384
v 0.56322 0.04524 -0.65127
v 0.59572 0.04524 -0.65127
v 0.62821 0.04524 -0.65127
v 0.66071 0.04524 -0.65127
v 0.56322 0.04524 -0.61870
v 0.59572 0.04524 -0.61870
v 0.62821 0.04524 -0.61870
v 0.66071 0.04524 -0.61870
v 0.56322 0.04524 -0.55357
v 0.59572 0.04524 -0.55357
v 0.62821 0.04524 -0.55357
v 0.66071 0.04524 -0.55357
v 0.56322 0.04524 -0.52100
v 0.59572 0.04524 -0.52100
v 0.62821 0.04524 -0.52100
v 0.66071 0.04524 -0.52100
v 0.56322 0.04524 -0.48844
v 0.59572 0.04524 -0.48844
v 0.62821 0.04524 -0.48844
v 0.66071 0.04524 -0.48844
v 0.56322 0.04524 -0.45587
v 0.59572 0.04524 -0.45587
v 0.62821 0.04524 -0.45587
v 0.66071 0.04524 -0.45587
v 0.56322 0.04524 -0.39617
v 0.59572 0.04524 -0.39617
v 0.62821 0.04524 -0.39617
v 0.66071 0.04524 -0.39617
v 0.56322 0.04524 -0.36903
v 0.59572 0.04524 -0.36903
v 0.62821 0.04524 -0.36903
v 0.66071 0.04524 -0.36903
v 0.56322 0.04524 -0.33646
v 0.59572 0.04524 -0.33646
v 0.62821 0.04524 -0.33646
v 0.66071 0.04524 -0.33646
v 0.56322 0.04524 -0.30389
v 0.59572 0.04524 -0.30389
v 0.62821 0.04524 -0.30389
v 0.66071 0.04524 -0.30389
v 0.56322 0.04524 -0.27133
v 0.59572 0.04524 -0.27133
v 0.62821 0.04524 -0.27133
v 0.66071 0.04524 -0.27133
v 0.56322 0.04524 -0.20619
v 0.59572 0.04524 -0.20619
v 0.62821 0.04524 -0.20619
v 0.66071 0.04524 -0.20619
v 0.56322 0.04524 -0.17363
v 0.59572 0.04524 -0.17363
v 0.62821 0.04524 -0.17363
v 0.66071 0.04524 -0.17363
v 0.56322 0.04524 -0.14106
v 0.59572 0.04524 -0.14106
v 0.62821 0.04524 -0.14106
v 0.66071 0.04524 -0.14106
v 0.56322 0.04524 -0.10849
v 0.59572 0.04524 -0.10849
v 0.62821 0.04524 -0.10849
v 0.66071 0.04524 -0.10849
v 0.56322 0.04524 -0.04336
v 0.59572 0.04524 -0.04336
v 0.62821 0.04524 -0.04336
v 0.66071 0.04524 -0.04336
v 0.56322 0.04524 -0.01079
v 0.59572 0.04524 -0.01079
v 0.62821 0.04524 -0.01079
v 0.66071 0.04524 -0.01079
v 0.56322 0.04524 0.01635
v 0.59572 0.04524 0.01635
v 0.62821 0.04524 0.01635
v 0.66071 0.04524 0.01635
v 0.56322 0.04524 0.04348
v 0.59572 0.04524 0.04348
v 0.62821 0.04524 0.04348
v 0.66071 0.04524 0.04348
v 0.56322 0.04524 0.07605
v 0.59572 0.04524 0.07605
v 0.62821 0.04524 0.07605
v 0.66071 0.04524 0.07605
v 0.56322 0.04524 0.14118
v 0.59572 0.04524 0.14118
v 0.62821 0.04524 0.14118
v 0.66071 0.04524 0.14118
v 0.56322 0.04524 0.17375
v 0.59572 0.04524 0.17375
v 0.62821 0.04524 0.17375
v 0.66071 0.04524 0.17375
v 0.56322 0.04524 0.20632
v 0.59572 0.04524 0.20632
v 0.62821 0.04524 0.20632
v 0.66071 0.04524 0.20632
v 0.56322 0.04524 0.23888
v 0.59572 0.04524 0.23888
v 0.62821 0.04524 0.23888
v 0.66071 0.04524 0.23888
v 0.56322 0.04524 0.30402
v 0.59572 0.04524 0.30402
v 0.62821 0.04524 0.30402
v 0.66071 0.04524 0.30402
v 0.56322 0.04524 0.33658
v 0.59572 0.04524 0.33658
v 0.62821 0.04524 0.33658
v 0.66071 0.04524 0.33658
v 0.56322 0.04524 0.36915
v 0.59572 0.04524 0.36915
v 0.62821 0.04524 0.36915
v 0.66071 0.04524 0.36915
v 0.56322 0.04524 0.40172
v 0.59572 0.04524 0.40172
v 0.62821 0.04524 0.40172
v 0.66071 0.04524 0.40172
v 0.56322 0.04524 0.42885
v 0.59572 0.04524 0.42885
v 0.62821 0.04524 0.42885
v 0.66071 0.04524 0.42885
v 0.56322 0.04524 0.48856
v 0.59572 0.04524 0.48856
v 0.62821 0.04524 0.48856
v 0.66071 0.04524 0.48856
v 0.56322 0.04524 0.52113
v 0.59572 0.04524 0.52113
v 0.62821 0.04524 0.52113
v 0.66071 0.04524 0.52113
v 0.56322 0.04524 0.55369
v 0.59572 0.04524 0.55369
v 0.62821 0.04524 0.55369
v 0.66071 0.04524 0.55369
v 0.56322 0.04524 0.58626
v 0.59572 0.04524 0.58626
v 0.62821 0.04524 0.58626
v 0.66071 0.04524 0.58626
v 0.56322 0.04524 0.65139
v 0.59572 0.04524 0.65139
v 0.62821 0.04524 0.65139
v 0.66071 0.04524 0.65139
v 0.56322 0.04524 0.68396
v 0.59572 0.04524 0.68396
v 0.62821 0.04524 0.68396
v 0.66071 0.04524 0.68396
v 0.56322 0.04524 0.71653
v 0.59572 0.04524 0.71653
v 0.62821 0.04524 0.71653
v 0.66071 0.04524 0.71653
v 0.56322 0.04524 0.74909
v 0.59572 0.04524 0.74909
v 0.62821 0.04524 0.74909
v 0.66071 0.04524 0.74909
v 0.56322 0.04524 0.81423
v 0.59572 0.04524 0.81423
v 0.62821 0.04524 0.81423
v 0.66071 0.04524 0.81423
v 0.56322 0.04524 0.84679
v 0.59572 0.04524 0.84679
v 0.62821 0.04524 0.84679
v 0.66071 0.04524 0.84679
v 0.56322 0.04524 0.87393
v 0.59572 0.04524 0.87393
v 0.62821 0.04524 0.87393
v 0.66071 0.04524 0.87393
v 0.56322 0.04524 0.90107
v 0.59572 0.04524 0.90107
v 0.62821 0.04524 0.90107
v 0.66071 0.04524 0.90107
v 0.56322 0.04524 0.93364
v 0.59572 0.04524 0.93364
v 0.62821 0.04524 0.93364
v 0.66071 0.04524 0.93364
v 0.56322 0.04524 0.99877
v 0.59572 0.04524 0.99877
v 0.62821 0.04524 0.99877
v 0.66071 0.04524 0.99877
v 0.56322 0.04524 1.03134
v 0.59572 0.04524 1.03134
v 0.62821 0.04524 1.03134
v 0.66071 0.04524 1.03134
v 0.56322 0.04524 1.06390
v 0.59572 0.04524 1.06390
v 0.62821 0.04524 1.06390
v 0.66071 0.04524 1.06390
v 0.56322 0.04524 1.09647
v 0.59572 0.04524 1.09647
v 0.62821 0.04524 1.09647
v 0.66071 0.04524 1.09647
v 0.56322 0.04524 1.16160
v 0.59572 0.04524 1.16160
v 0.62821 0.04524 1.16160
v 0.66071 0.04524 1.16160
v 0.56322 0.04524 1.19417
v 0.59572 0.04524 1.19417
v 0.62821 0.04524 1.19417
v 0.66071 0.04524 1.19417
v 0.56322 0.04524 1.22674
v 0.59572 0.04524 1.22674
v 0.62821 0.04524 1.22674
v 0.66071 0.04524 1.22674
v 0.56322 0.04524 1.25930
v 0.59572 0.04524 1.25930
v 0.62821 0.04524 1.25930
v 0.66071 0.04524 1.25930
v 0.56322 0.04524 1.28644
v 0.59572 0.04524 1.28644
v 0.62821 0.04524 1.28644
v 0.66071 0.04524 1.28644
v 0.56322 0.04524 1.34615
v 0.59572 0.04524 1.34615
v 0.62821 0.04524 1.34615
v 0.66071 0.04524 1.34615
v 0.56322 0.04524 1.37871
v 0.59572 0.04524 1.37871
v 0.62821 0.04524 1.37871
v 0.66071 0.04524 1.37871
v 0.56322 0.04524 1.41128
v 0.59572 0.04524 1.41128
v 0.62821 0.04524 1.41128
v 0.66071 0.04524 1.41128
v 0.56322 0.04524 1.44385
v 0.59572 0.04524 1.44385
v 0.62821 0.04524 1.44385
v 0.66071 0.04524 1.44385
v 0.37909 0.04533 -1.91866
v 0.40617 0.04533 -1.91866
v 0.43325 0.04533 -1.91866
v 0.46574 0.04533 -1.91866
v 0.49824 0.04533 -1.91866
v 0.37909 0.04527 -1.88637
v 0.40617 0.04527 -1.88637
v 0.43325 0.04527 -1.88637
v 0.46574 0.04527 -1.88637
v 0.49824 0.04527 -1.88637
v 0.37909 0.04525 -1.85574
v 0.40617 0.04525 -1.85574
v 0.43325 0.04525 -1.85574
v 0.46574 0.04525 -1.85574
v 0.49824 0.04525 -1.85574
v 0.37909 0.04524 -1.79110
v 0.40617 0.04524 -1.79110
v 0.43325 0.04524 -1.79110
v 0.46574 0.04524 -1.79110
v 0.49824 0.04524 -1.79110
v 0.37909 0.04524 -1.75853
v 0.40617 0.04524 -1.75853
v 0.43325 0.04524 -1.75853
v 0.46574 0.04524 -1.75853
v 0.49824 0.04524 -1.75853
v 0.37909 0.04524 -1.72597
v 0.40617 0.04524 -1.72597
v 0.43325 0.04524 -1.72597
v 0.46574 0.04524 -1.72597
v 0.49824 0.04524 -1.72597
v 0.37909 0.04524 -1.69340
v 0.40617 0.04524 -1.69340
v 0.43325 0.04524 -1.69340
v 0.46574 0.04524 -1.69340
v 0.49824 0.04524 -1.69340
v 0.37909 0.04524 -1.66626
v 0.40617 0.04524 -1.66626
v 0.43325 0.04524 -1.66626
v 0.46574 0.04524 -1.66626
v 0.49824 0.04524 -1.66626
v 0.37909 0.04524 -1.60656
v 0.40617 0.04524 -1.60656
v 0.43325 0.04524 -1.60656
v 0.46574 0.04524 -1.60656
v 0.49824 0.04524 -1.60656
v 0.37909 0.04524 -1.57399
v 0.40617 0.04524 -1.57399
v 0.43325 0.04524 -1.57399
v 0.46574 0.04524 -1.57399
v 0.49824 0.04524 -1.57399
v 0.37909 0.04524 -1.54142
v 0.40617 0.04524 -1.54142
v 0.43325 0.04524 -1.54142
v 0.46574 0.04524 -1.54142
v 0.49824 0.04524 -1.54142
v 0.37909 0.04524 -1.50886
v 0.40617 0.04524 -1.50886
v 0.43325 0.04524 -1.50886
v 0.46574 0.04524 -1.50886
v 0.49824 0.04524 -1.50886
v 0.37909 0.04524 -1.44372
v 0.40617 0.04524 -1.44372
v 0.43325 0.04524 -1.44372
v 0.46574 0.04524 -1.44372
v 0.49824 0.04524 -1.44372
v 0.37909 0.04524 -1.41116
v 0.40617 0.04524 -1.41116
v 0.43325 0.04524 -1.41116
v 0.46574 0.04524 -1.41116
v 0.49824 0.04524 -1.41116
v 0.37909 0.04524 -1.37859
v 0.40617 0.04524 -1.37859
v 0.43325 0.04524 -1.37859
v 0.46574 0.04524 -1.37859
v 0.49824 0.04524 -1.37859
v 0.37909 0.04524 -1.34602
v 0.40617 0.04524 -1.34602
v 0.43325 0.04524 -1.34602
v 0.46574 0.04524 -1.34602
v 0.49824 0.04524 -1.34602
v 0.37909 0.04524 -1.31346
v 0.40617 0.04524 -1.31346
v 0.43325 0.04524 -1.31346
v 0.46574 0.04524 -1.31346
v 0.49824 0.04524 -1.31346
v 0.37909 0.04524 -1.25375
v 0.40617 0.04524 -1.25375
v 0.43325 0.04524 -1.25375
v 0.46574 0.04524 -1.25375
v 0.49824 0.04524 -1.25375
v 0.37909 0.04524 -1.22661
v 0.40617 0.04524 -1.22661
v 0.43325 0.04524 -1.22661
v 0.46574 0.04524 -1.22661
v 0.49824 0.04524 -1.22661
v 0.37909 0.04524 -1.19405
v 0.40617 0.04524 -1.19405
v 0.43325 0.04524 -1.19405
v 0.46574 0.04524 -1.19405
v 0.49824 0.04524 -1.19405
v 0.37909 0.04524 -1.16148
v 0.40617 0.04524 -1.16148
v 0.43325 0.04524 -1.16148
v 0.46574 0.04524 -1.16148
v 0.49824 0.04524 -1.16148
v 0.37909 0.04524 -1.09635
v 0.40617 0.04524 -1.09635
v 0.43325 0.04524 -1.09635
v 0.46574 0.04524 -1.09635
v 0.49824 0.04524 -1.09635
v 0.37909 0.04524 -1.06378
v 0.40617 0.04524 -1.06378
v 0.43325 0.04524 -1.06378
v 0.46574 0.04524 -1.06378
v 0.49824 0.04524 -1.06378
v 0.37909 0.04524 -1.03121
v 0.40617 0.04524 -1.03121
v 0.43325 0.04524 -1.03121
v 0.46574 0.04524 -1.03121
v 0.49824 0.04524 -1.03121
v 0.37909 0.04524 -0.99865
v 0.40617 0.04524 -0.99865
v 0.43325 0.04524 -0.99865
v 0.46574 0.04524 -0.99865
v 0.49824 0.04524 -0.99865
v 0.37909 0.04524 -0.96608
v 0.40617 0.04524 -0.96608
v 0.43325 0.04524 -0.96608
v 0.46574 0.04524 -0.96608
v 0.49824 0.04524 -0.96608
v 0.37909 0.04524 -0.90095
v 0.40617 0.04524 -0.90095
v 0.43325 0.04524 -0.90095
v 0.46574 0.04524 -0.90095
v 0.49824 0.04524 -0.90095
v 0.37909 0.04524 -0.86838
v 0.40617 0.04524 -0.86838
v 0.43325 0.04524 -0.86838
v 0.46574 0.04524 -0.86838
v 0.49824 0.04524 -0.86838
v 0.37909 0.04524 -0.84124
v 0.40617 0.04524 -0.84124
v 0.43325 0.04524 -0.84124
v 0.46574 0.04524 -0.84124
v 0.49824 0.04524 -0.84124
v 0.37909 0.04524 -0.81410
v 0.40617 0.04524 -0.81410
v 0.43325 0.04524 -0.81410
v 0.46574 0.04524 -0.81410
v 0.49824 0.04524 -0.81410
v 0.37909 0.04524 -0.74897
v 0.40617 0.04524 -0.74897
v 0.43325 0.04524 -0.74897
v 0.46574 0.04524 -0.74897
v 0.49824 0.04524 -0.74897
v 0.37909 0.04524 -0.71640
v 0.40617 0.04524 -0.71640
v 0.43325 0.04524 -0.71640
v 0.46574 0.04524 -0.71640
v 0.49824 0.04524 -0.71640
v 0.37909 0.04524 -0.68384
v 0.40617 0.04524 -0.68384
v 0.43325 0.04524 -0.68384
v 0.46574 0.04524 -0.68384
v 0.49824 0.04524 -0.68384
v 0.37909 0.04524 -0.65127
v 0.40617 0.04524 -0.65127
v 0.43325 0.04524 -0.65127
v 0.46574 0.04524 -0.65127
v 0.49824 0.04524 -0.65127
v 0.37909 0.04524 -0.61870
v 0.40617 0.04524 -0.61870
v 0.43325 0.04524 -0.61870
v 0.46574 0.04524 -0.61870
v 0.49824 0.04524 -0.61870
v 0.37909 0.04524 -0.55357
v 0.40617 0.04524 -0.55357
v 0.43325 0.04524 -0.55357
v 0.46574 0.04524 -0.55357
v 0.49824 0.04524 -0.55357
v 0.37909 0.04524 -0.52100
v 0.40617 0.04524 -0.52100
v 0.43325 0.04524 -0.52100
v 0.46574 0.04524 -0.52100
v 0.49824 0.04524 -0.52100
v 0.37909 0.04524 -0.48844
v 0.40617 0.04524 -0.48844
v 0.43325 0.04524 -0.48844
v 0.46574 0.04524 -0.48844
v 0.49824 0.04524 -0.48844
v 0.37909 0.04524 -0.45587
v 0.40617 0.04524 -0.45587
v 0.43325 0.04524 -0.45587
v 0.46574 0.04524 -0.45587
v 0.49824 0.04524 -0.45587
v 0.37909 0.04524 -0.39617
v 0.40617 0.04524 -0.39616
v 0.43325 0.04524 -0.39617
v 0.46574 0.04524 -0.39617
v 0.49824 0.04524 -0.39617
v 0.37909 0.04524 -0.36903
v 0.40617 0.04524 -0.36903
v 0.43325 0.04524 -0.36903
v 0.46574 0.04524 -0.36903
v 0.49824 0.04524 -0.36903
v 0.37909 0.04524 -0.33646
v 0.40617 0.04524 -0.33646
v 0.43325 0.04524 -0.33646
v 0.46574 0.04524 -0.33646
v 0.49824 0.04524 -0.33646
v 0.37909 0.04524 -0.30389
v 0.40617 0.04524 -0.30389
v 0.43325 0.04524 -0.30389
v 0.46574 0.04524 -0.30389
v 0.49824 0.04524 -0.30389
v 0.37909 0.04524 -0.27133
v 0.40617 0.04524 -0.27133
v 0.43325 0.04524 -0.27133
v 0.46574 0.04524 -0.27133
v 0.49824 0.04524 -0.27133
v 0.37909 0.04524 -0.20619
v 0.40617 0.04524 -0.20619
v 0.43325 0.04524 -0.20619
v 0.46574 0.04524 -0.20619
v 0.49824 0.04524 -0.20619
v 0.37909 0.04524 -0.17363
v 0.40617 0.04524 -0.17363
v 0.43325 0.04524 -0.17363
v 0.46574 0.04524 -0.17363
v 0.49824 0.04524 -0.17363
v 0.37909 0.04524 -0.14106
v 0.40617 0.04524 -0.14106
v 0.43325 0.04524 -0.14106
v 0.46574 0.04524 -0.14106
v 0.49824 0.04524 -0.14106
v 0.37909 0.04524 -0.10849
v 0.40617 0.04524 -0.10849
v 0.43325 0.04524 -0.10849
v 0.46574 0.04524 -0.10849
v 0.49824 0.04524 -0.10849
v 0.37909 0.04524 -0.04336
v 0.40617 0.04524 -0.04336
v 0.43325 0.04524 -0.04336
v 0.46574 0.04524 -0.04336
v 0.49824 0.04524 -0.04336
v 0.37909 0.04524 -0.01079
v 0.40617 0.04524 -0.01079
v 0.43325 0.04524 -0.01079
v 0.46574 0.04524 -0.01079
v 0.49824 0.04524 -0.01079
v 0.37909 0.04524 0.01635
v 0.40617 0.04524 0.01634
v 0.43325 0.04524 0.01635
v 0.46574 0.04524 0.01635
v 0.49824 0.04524 0.01635
v 0.37909 0.04524 0.04348
v 0.40617 0.04524 0.04348
v 0.43325 0.04524 0.04348
v 0.46574 0.04524 0.04348
v 0.49824 0.04524 0.04348
v 0.37909 0.04524 0.07605
v 0.40617 0.04524 0.07605
v 0.43325 0.04524 0.07605
v 0.46574 0.04524 0.07605
v 0.49824 0.04524 0.07605
v 0.49824 0.04524 0.14118
v 0.37909 0.04524 0.17375
v 0.40640 0.04755 0.17609
v 0.49824 0.04524 0.17375
v 0.37909 0.04524 0.20632
v 0.40617 0.04524 0.20632
v 0.49824 0.04524 0.20632
v 0.37909 0.04524 0.23888
v 0.40617 0.04524 0.23888
v 0.49824 0.04524 0.23888
v 0.37909 0.04524 0.30402
v 0.40617 0.04524 0.30402
v 0.49824 0.04524 0.30402
v 0.37909 0.04524 0.33658
v 0.40617 0.04524 0.33658
v 0.49824 0.04524 0.33658
v 0.37909 0.04524 0.36915
v 0.40617 0.04524 0.36915
v 0.49824 0.04524 0.36915
v 0.37909 0.04524 0.40172
v 0.40617 0.04524 0.40172
v 0.49824 0.04524 0.40172
v 0.37909 0.04524 0.42885
v 0.40617 0.04524 0.42885
v 0.49824 0.04524 0.42885
v 0.37909 0.04524 0.48856
v 0.40640 0.04755 0.48789
v 0.49824 0.04524 0.48856
v 0.37909 0.04524 0.52113
v 0.40617 0.04524 0.52113
v 0.49824 0.04524 0.52113
v 0.37909 0.04524 0.55369
v 0.40617 0.04524 0.55369
v 0.49824 0.04524 0.55369
v 0.37909 0.04524 0.58626
v 0.40617 0.04524 0.58626
v 0.49824 0.04524 0.58626
v 0.37909 0.04524 0.65139
v 0.40617 0.04524 0.65139
v 0.49824 0.04524 0.65139
v 0.37909 0.04524 0.68396
v 0.40617 0.04524 0.68396
v 0.49824 0.04524 0.68396
v 0.37909 0.04524 0.71653
v 0.40617 0.04524 0.71653
v 0.49824 0.04524 0.71653
v 0.37909 0.04524 0.74909
v 0.40617 0.04524 0.74909
v 0.49824 0.04524 0.74909
v 0.37909 0.04524 0.81423
v 0.40617 0.04524 0.81423
v 0.49824 0.04524 0.81423
v 0.37909 0.04524 0.84679
v 0.40617 0.04524 0.84679
v 0.49824 0.04524 0.84679
v 0.37909 0.04524 0.87393
v 0.40617 0.04524 0.87393
v 0.49824 0.04524 0.87393
v 0.37909 0.04524 0.90107
v 0.40617 0.04524 0.90107
v 0.49824 0.04524 0.90107
v 0.37909 0.04524 0.93364
v 0.40617 0.04524 0.93364
v 0.49824 0.04524 0.93364
v 0.37909 0.04524 0.99877
v 0.40640 0.04755 0.99976
v 0.49824 0.04524 0.99877
v 0.37909 0.04524 1.03134
v 0.40617 0.04524 1.03134
v 0.49824 0.04524 1.03134
v 0.46574 0.04524 1.06390
v 0.49824 0.04524 1.06390
v 0.37909 0.04524 1.09647
v 0.40617 0.04524 1.09647
v 0.43325 0.04524 1.09647
v 0.46574 0.04524 1.09647
v 0.49824 0.04524 1.09647
v 0.37909 0.04524 1.16160
v 0.40617 0.04524 1.16160
v 0.43325 0.04524 1.16160
v 0.46574 0.04524 1.16160
v 0.49824 0.04524 1.16160
v 0.37909 0.04524 1.19417
v 0.40617 0.04524 1.19417
v 0.43325 0.04524 1.19417
v 0.46574 0.04524 1.19417
v 0.49824 0.04524 1.19417
v 0.37909 0.04524 1.22674
v 0.40617 0.04524 1.22674
v 0.43325 0.04524 1.22674
v 0.46574 0.04524 1.22674
v 0.49824 0.04524 1.22674
v 0.37909 0.04524 1.25930
v 0.40617 0.04524 1.25930
v 0.43325 0.04524 1.25930
v 0.46574 0.04524 1.25930
v 0.49824 0.04524 1.25930
v 0.37909 0.04524 1.28644
v 0.40617 0.04524 1.28644
v 0.43325 0.04524 1.28644
v 0.46574 0.04524 1.28644
v 0.49824 0.04524 1.28644
v 0.37909 0.04524 1.34615
v 0.40617 0.04524 1.34615
v 0.43325 0.04524 1.34615
v 0.46574 0.04524 1.34615
v 0.49824 0.04524 1.34615
v 0.37909 0.04524 1.37871
v 0.40617 0.04524 1.37871
v 0.43325 0.04524 1.37871
v 0.46574 0.04524 1.37871
v 0.49824 0.04524 1.37871
v 0.37909 0.04524 1.41128
v 0.40617 0.04524 1.41128
v 0.43325 0.04524 1.41128
v 0.46574 0.04524 1.41128
v 0.49824 0.04524 1.41128
v 0.37909 0.04524 1.44385
v 0.40617 0.04524 1.44385
v 0.43325 0.04524 1.44385
v 0.46574 0.04524 1.44385
v 0.49824 0.04524 1.44385
v 0.21663 0.04533 -1.91866
v 0.24912 0.04533 -1.91866
v 0.28161 0.04533 -1.91866
v 0.31411 0.04533 -1.91866
v 0.21663 0.04527 -1.88637
v 0.24912 0.04527 -1.88637
v 0.28161 0.04527 -1.88637
v 0.31411 0.04527 -1.88637
v 0.21663 0.04525 -1.85574
v 0.24912 0.04525 -1.85574
v 0.28161 0.04525 -1.85574
v 0.31411 0.04525 -1.85574
v 0.21663 0.04524 -1.79110
v 0.24912 0.04524 -1.79110
v 0.28161 0.04524 -1.79110
v 0.31411 0.04524 -1.79110
v 0.21663 0.04524 -1.75853
v 0.24912 0.04524 -1.75853
v 0.28161 0.04524 -1.75853
v 0.31411 0.04524 -1.75853
v 0.21663 0.04524 -1.72597
v 0.24912 0.04524 -1.72597
v 0.28161 0.04524 -1.72597
v 0.31411 0.04524 -1.72597
v 0.21663 0.04524 -1.69340
v 0.24912 0.04524 -1.69340
v 0.28161 0.04524 -1.69340
v 0.31411 0.04524 -1.69340
v 0.21662 0.04524 -1.66626
v 0.24912 0.04524 -1.66626
v 0.28161 0.04524 -1.66626
v 0.31411 0.04524 -1.66626
v 0.21663 0.04524 -1.60656
v 0.24912 0.04524 -1.60656
v 0.28161 0.04524 -1.60656
v 0.31411 0.04524 -1.60656
v 0.21663 0.04524 -1.57399
v 0.24912 0.04524 -1.57399
v 0.28161 0.04524 -1.57399
v 0.31411 0.04524 -1.57399
v 0.21663 0.04524 -1.54142
v 0.24912 0.04524 -1.54142
v 0.28161 0.04524 -1.54142
v 0.31411 0.04524 -1.54142
v 0.21663 0.04524 -1.50886
v 0.24912 0.04524 -1.50886
v 0.28161 0.04524 -1.50886
v 0.31411 0.04524 -1.50886
v 0.21663 0.04524 -1.44372
v 0.24912 0.04524 -1.44372
v 0.28161 0.04524 -1.44372
v 0.31411 0.04524 -1.44372
v 0.21663 0.04524 -1.41116
v 0.24912 0.04524 -1.41116
v 0.28161 0.04524 -1.41116
v 0.31411 0.04524 -1.41116
v 0.21663 0.04524 -1.37859
v 0.24912 0.04524 -1.37859
v 0.28161 0.04524 -1.37859
v 0.31411 0.04524 -1.37859
v 0.21663 0.04524 -1.34602
v 0.24912 0.04524 -1.34602
v 0.28161 0.04524 -1.34602
v 0.31411 0.04524 -1.34602
v 0.21663 0.04524 -1.31346
v 0.24912 0.04524 -1.31346
v 0.28161 0.04524 -1.31346
v 0.31411 0.04524 -1.31346
v 0.21662 0.04524 -1.25375
v 0.24912 0.04524 -1.25375
v 0.28161 0.04524 -1.25375
v 0.31411 0.04524 -1.25375
v 0.21663 0.04524 -1.22661
v 0.24912 0.04524 -1.22661
v 0.28161 0.04524 -1.22661
v 0.31411 0.04524 -1.22661
v 0.21663 0.04524 -1.19405
v 0.24912 0.04524 -1.19405
v 0.28161 0.04524 -1.19405
v 0.31411 0.04524 -1.19405
v 0.21663 0.04524 -1.16148
v 0.24912 0.04524 -1.16148
v 0.28161 0.04524 -1.16148
v 0.31411 0.04524 -1.16148
v 0.24912 0.04524 -1.09635
v 0.28161 0.04524 -1.09635
v 0.31411 0.04524 -1.09635
v 0.24912 0.04524 -1.06378
v 0.28161 0.04524 -1.06378
v 0.31411 0.04524 -1.06378
v 0.24912 0.04524 -1.03121
v 0.28161 0.04524 -1.03121
v 0.31411 0.04524 -1.03121
v 0.28161 0.04524 -0.99865
v 0.31411 0.04524 -0.99865
v 0.28161 0.04524 -0.96608
v 0.31411 0.04524 -0.96608
v 0.24912 0.04524 -0.90095
v 0.28161 0.04524 -0.90095
v 0.31411 0.04524 -0.90095
v 0.24912 0.04524 -0.86838
v 0.28161 0.04524 -0.86838
v 0.31411 0.04524 -0.86838
v 0.24912 0.04524 -0.84124
v 0.28161 0.04524 -0.84124
v 0.31411 0.04524 -0.84124
v 0.21663 0.04524 -0.81410
v 0.24912 0.04524 -0.81410
v 0.28161 0.04524 -0.81410
v 0.31411 0.04524 -0.81410
v 0.21663 0.04524 -0.74897
v 0.24912 0.04524 -0.74897
v 0.28161 0.04524 -0.74897
v 0.31411 0.04524 -0.74897
v 0.21663 0.04524 -0.71640
v 0.24912 0.04524 -0.71640
v 0.28161 0.04524 -0.71640
v 0.31411 0.04524 -0.71640
v 0.21663 0.04524 -0.68384
v 0.24912 0.04524 -0.68384
v 0.28161 0.04524 -0.68384
v 0.31411 0.04524 -0.68384
v 0.21663 0.04524 -0.65127
v 0.24912 0.04524 -0.65127
v 0.28161 0.04524 -0.65127
v 0.31411 0.04524 -0.65127
v 0.21663 0.04524 -0.61870
v 0.24912 0.04524 -0.61870
v 0.28161 0.04524 -0.61870
v 0.31411 0.04524 -0.61870
v 0.21663 0.04524 -0.55357
v 0.24912 0.04524 -0.55357
v 0.28161 0.04524 -0.55357
v 0.31411 0.04524 -0.55357
v 0.21663 0.04524 -0.52100
v 0.24912 0.04524 -0.52100
v 0.28161 0.04524 -0.52100
v 0.31411 0.04524 -0.52100
v 0.21663 0.04524 -0.48844
v 0.24912 0.04524 -0.48844
v 0.28161 0.04524 -0.48844
v 0.31411 0.04524 -0.48844
v 0.21663 0.04524 -0.45587
v 0.24912 0.04524 -0.45587
v 0.28161 0.04524 -0.45587
v 0.31411 0.04524 -0.45587
v 0.21662 0.04524 -0.39617
v 0.24912 0.04524 -0.39617
v 0.28161 0.04524 -0.39617
v 0.31411 0.04524 -0.39617
v 0.21663 0.04524 -0.36903
v 0.24912 0.04524 -0.36903
v 0.28161 0.04524 -0.36903
v 0.31411 0.04524 -0.36903
v 0.21663 0.04524 -0.33646
v 0.24912 0.04524 -0.33646
v 0.28161 0.04524 -0.33646
v 0.31411 0.04524 -0.33646
v 0.21663 0.04524 -0.30389
v 0.24912 0.04524 -0.30389
v 0.28161 0.04524 -0.30389
v 0.31411 0.04524 -0.30389
v 0.21663 0.04524 -0.27133
v 0.24912 0.04524 -0.27133
v 0.28161 0.04524 -0.27133
v 0.31411 0.04524 -0.27133
v 0.21663 0.04524 -0.20619
v 0.24912 0.04524 -0.20619
v 0.28161 0.04524 -0.20619
v 0.31411 0.04524 -0.20619
v 0.21663 0.04524 -0.17363
v 0.24912 0.04524 -0.17363
v 0.28161 0.04524 -0.17363
v 0.31411 0.04524 -0.17363
v 0.21663 0.04524 -0.14106
v 0.24912 0.04524 -0.14106
v 0.28161 0.04524 -0.14106
v 0.31411 0.04524 -0.14106
v 0.21663 0.04524 -0.10849
v 0.24912 0.04524 -0.10849
v 0.28161 0.04524 -0.10849
v 0.31411 0.04524 -0.10849
v 0.21663 0.04524 -0.04336
v 0.24912 0.04524 -0.04336
v 0.28161 0.04524 -0.04336
v 0.31411 0.04524 -0.04336
v 0.21663 0.04524 -0.01079
v 0.24912 0.04524 -0.01079
v 0.28161 0.04524 -0.01079
v 0.31411 0.04524 -0.01079
v 0.21662 0.04524 0.01635
v 0.24912 0.04524 0.01635
v 0.28161 0.04524 0.01635
v 0.31411 0.04524 0.01635
v 0.21663 0.04524 0.04348
v 0.24912 0.04524 0.04348
v 0.28161 0.04524 0.04348
v 0.31411 0.04524 0.04348
v 0.21663 0.04524 0.07605
v 0.24912 0.04524 0.07605
v 0.28161 0.04524 0.07605
v 0.31411 0.04524 0.07605
v 0.21663 0.04524 0.17375
v 0.24912 0.04524 0.17375
v 0.28161 0.04524 0.17375
v 0.31411 0.04524 0.17375
v 0.21663 0.04524 0.20632
v 0.24912 0.04524 0.20632
v 0.28161 0.04524 0.20632
v 0.31411 0.04524 0.20632
v 0.21663 0.04524 0.23888
v 0.24912 0.04524 0.23888
v 0.28161 0.04524 0.23888
v 0.31411 0.04524 0.23888
v 0.21663 0.04524 0.30402
v 0.24912 0.04524 0.30402
v 0.28161 0.04524 0.30402
v 0.31411 0.04524 0.30402
v 0.21663 0.04524 0.33658
v 0.24912 0.04524 0.33658
v 0.28161 0.04524 0.33658
v 0.31411 0.04524 0.33658
v 0.21663 0.04524 0.36915
v 0.24912 0.04524 0.36915
v 0.28161 0.04524 0.36915
v 0.31411 0.04524 0.36915
v 0.21663 0.04524 0.40172
v 0.24912 0.04524 0.40172
v 0.28161 0.04524 0.40172
v 0.31411 0.04524 0.40172
v 0.21662 0.04524 0.42885
v 0.24912 0.04524 0.42885
v 0.28161 0.04524 0.42885
v 0.31411 0.04524 0.42885
v 0.21663 0.04524 0.48856
v 0.24912 0.04524 0.48856
v 0.28161 0.04524 0.48856
v 0.31411 0.04524 0.48856
v 0.21663 0.04524 0.52113
v 0.24912 0.04524 0.52113
v 0.28161 0.04524 0.52113
v 0.31411 0.04524 0.52113
v 0.21663 0.04524 0.55369
v 0.24912 0.04524 0.55369
v 0.28161 0.04524 0.55369
v 0.31411 0.04524 0.55369
v 0.21663 0.04524 0.58626
v 0.24912 0.04524 0.58626
v 0.28161 0.04524 0.58626
v 0.31411 0.04524 0.58626
v 0.21663 0.04524 0.65139
v 0.24912 0.04524 0.65139
v 0.28161 0.04524 0.65139
v 0.31411 0.04524 0.65139
v 0.21663 0.04524 0.68396
v 0.24912 0.04524 0.68396
v 0.28161 0.04524 0.68396
v 0.31411 0.04524 0.68396
v 0.21663 0.04524 0.71653
v 0.24912 0.04524 0.71653
v 0.28161 0.04524 0.71653
v 0.31411 0.04524 0.71653
v 0.21663 0.04524 0.74909
v 0.24912 0.04524 0.74909
v 0.28161 0.04524 0.74909
v 0.31411 0.04524 0.74909
v 0.21663 0.04524 0.81423
v 0.24912 0.04524 0.81423
v 0.28161 0.04524 0.81423
v 0.31411 0.04524 0.81423
v 0.21663 0.04524 0.84679
v 0.24912 0.04524 0.84679
v 0.28161 0.04524 0.84679
v 0.31411 0.04524 0.84679
v 0.21662 0.04524 0.87393
v 0.24912 0.04524 0.87393
v 0.28161 0.04524 0.87393
v 0.31411 0.04524 0.87393
v 0.21663 0.04524 0.90107
v 0.24912 0.04524 0.90107
v 0.28161 0.04524 0.90107
v 0.31411 0.04524 0.90107
v 0.21663 0.04524 0.93364
v 0.24912 0.04524 0.93364
v 0.28161 0.04524 0.93364
v 0.31411 0.04524 0.93364
v 0.21663 0.04524 0.99877
v 0.24912 0.04524 0.99877
v 0.28161 0.04524 0.99877
v 0.31411 0.04524 0.99877
v 0.21663 0.04524 1.03134
v 0.24912 0.04524 1.03134
v 0.28161 0.04524 1.03134
v 0.31411 0.04524 1.03134
v 0.21663 0.04524 1.09647
v 0.24912 0.04524 1.09647
v 0.28161 0.04524 1.09647
v 0.31411 0.04524 1.09647
v 0.21663 0.04524 1.16160
v 0.24912 0.04524 1.16160
v 0.28161 0.04524 1.16160
v 0.31411 0.04524 1.16160
v 0.21663 0.04524 1.19417
v 0.24912 0.04524 1.19417
v 0.28161 0.04524 1.19417
v 0.31411 0.04524 1.19417
v 0.21663 0.04524 1.22674
v 0.24912 0.04524 1.22674
v 0.28161 0.04524 1.22674
v 0.31411 0.04524 1.22674
v 0.21663 0.04524 1.25930
v 0.24912 0.04524 1.25930
v 0.28161 0.04524 1.25930
v 0.31411 0.04524 1.25930
v 0.21662 0.04524 1.28644
v 0.24912 0.04524 1.28644
v 0.28161 0.04524 1.28644
v 0.31411 0.04524 1.28644
v 0.21663 0.04524 1.34615
v 0.24912 0.04524 1.34615
v 0.28161 0.04524 1.34615
v 0.31411 0.04524 1.34615
v 0.21663 0.04524 1.37871
v 0.24912 0.04524 1.37871
v 0.28161 0.04524 1.37871
v 0.31411 0.04524 1.37871
v 0.21663 0.04524 1.41128
v 0.24912 0.04524 1.41128
v 0.28161 0.04524 1.41128
v 0.31411 0.04524 1.41128
v 0.21663 0.04524 1.44385
v 0.24912 0.04524 1.44385
v 0.28161 0.04524 1.44385
v 0.31411 0.04524 1.44385
v 0.02166 0.04533 -1.91866
v 0.05416 0.04533 -1.91866
v 0.08665 0.04533 -1.91866
v 0.11914 0.04533 -1.91866
v 0.15164 0.04533 -1.91866
v 0.02166 0.04527 -1.88637
v 0.05416 0.04527 -1.88637
v 0.08665 0.04527 -1.88637
v 0.11914 0.04527 -1.88637
v 0.15164 0.04527 -1.88637
v 0.02166 0.04525 -1.85574
v 0.05416 0.04525 -1.85574
v 0.08665 0.04525 -1.85574
v 0.11914 0.04525 -1.85574
v 0.15164 0.04525 -1.85574
v 0.02166 0.04524 -1.79110
v 0.05416 0.04524 -1.79110
v 0.08665 0.04524 -1.79110
v 0.11914 0.04524 -1.79110
v 0.15164 0.04524 -1.79110
v 0.02166 0.04524 -1.75853
v 0.05416 0.04524 -1.75853
v 0.08665 0.04524 -1.75853
v 0.11914 0.04524 -1.75853
v 0.15164 0.04524 -1.75853
v 0.02166 0.04524 -1.72597
v 0.05416 0.04524 -1.72597
v 0.08665 0.04524 -1.72597
v 0.11914 0.04524 -1.72597
v 0.15164 0.04524 -1.72597
v 0.02166 0.04524 -1.69340
v 0.05416 0.04524 -1.69340
v 0.08665 0.04524 -1.69340
v 0.11914 0.04524 -1.69340
v 0.15164 0.04524 -1.69340
v 0.02166 0.04524 -1.66626
v 0.05416 0.04524 -1.66626
v 0.08665 0.04524 -1.66626
v 0.11914 0.04524 -1.66626
v 0.15164 0.04524 -1.66626
v 0.02166 0.04524 -1.60656
v 0.05416 0.04524 -1.60656
v 0.08665 0.04524 -1.60656
v 0.11914 0.04524 -1.60656
v 0.15164 0.04524 -1.60656
v 0.02166 0.04524 -1.57399
v 0.05416 0.04524 -1.57399
v 0.08665 0.04524 -1.57399
v 0.11914 0.04524 -1.57399
v 0.15164 0.04524 -1.57399
v 0.02166 0.04524 -1.54142
v 0.05416 0.04524 -1.54142
v 0.08665 0.04524 -1.54142
v 0.11914 0.04524 -1.54142
v 0.15164 0.04524 -1.54142
v 0.02166 0.04524 -1.50886
v 0.05416 0.04524 -1.50886
v 0.08665 0.04524 -1.50886
v 0.11914 0.04524 -1.50886
v 0.15164 0.04524 -1.50886
v 0.02166 0.04524 -1.44372
v 0.05416 0.04524 -1.44372
v 0.08665 0.04524 -1.44372
v 0.11914 0.04524 -1.44372
v 0.15164 0.04524 -1.44372
v 0.02166 0.04524 -1.41116
v 0.05416 0.04524 -1.41116
v 0.08665 0.04524 -1.41116
v 0.11914 0.04524 -1.41116
v 0.15164 0.04524 -1.41116
v 0.02166 0.04524 -1.37859
v 0.05416 0.04524 -1.37859
v 0.08665 0.04524 -1.37859
v 0.11914 0.04524 -1.37859
v 0.15164 0.04524 -1.37859
v 0.02166 0.04524 -1.34602
v 0.05416 0.04524 -1.34602
v 0.08665 0.04524 -1.34602
v 0.11914 0.04524 -1.34602
v 0.15164 0.04524 -1.34602
v 0.02166 0.04524 -1.31346
v 0.05416 0.04524 -1.31346
v 0.08665 0.04524 -1.31346
v 0.11914 0.04524 -1.31346
v 0.15164 0.04524 -1.31346
v 0.02166 0.04524 -1.25375
v 0.05416 0.04524 -1.25375
v 0.08665 0.04524 -1.25375
v 0.11914 0.04524 -1.25375
v 0.15164 0.04524 -1.25375
v 0.05416 0.04524 -1.22661
v 0.08665 0.04524 -1.22661
v 0.11914 0.04524 -1.22661
v 0.15164 0.04524 -1.22661
v 0.15164 0.04524 -1.19405
v 0.05687 0.05203 -1.15975
v 0.05740 0.05159 -1.03079
v 0.05740 0.05159 -0.90475
v 0.15164 0.04524 -0.74897
v 0.02166 0.04524 -0.71640
v 0.05416 0.04524 -0.71640
v 0.08665 0.04524 -0.71640
v 0.11914 0.04524 -0.71640
v 0.15164 0.04524 -0.71640
v 0.02166 0.04524 -0.68384
v 0.05416 0.04524 -0.68384
v 0.08665 0.04524 -0.68384
v 0.11914 0.04524 -0.68384
v 0.15164 0.04524 -0.68384
v 0.02166 0.04524 -0.65127
v 0.05416 0.04524 -0.65127
v 0.08665 0.04524 -0.65127
v 0.11914 0.04524 -0.65127
v 0.15164 0.04524 -0.65127
v 0.02166 0.04524 -0.61870
v 0.05416 0.04524 -0.61870
v 0.08665 0.04524 -0.61870
v 0.11914 0.04524 -0.61870
v 0.15164 0.04524 -0.61870
v 0.02166 0.04524 -0.55357
v 0.05416 0.04524 -0.55357
v 0.08665 0.04524 -0.55357
v 0.11914 0.04524 -0.55357
v 0.15164 0.04524 -0.55357
v 0.02166 0.04524 -0.52100
v 0.05416 0.04524 -0.52100
v 0.08665 0.04524 -0.52100
v 0.11914 0.04524 -0.52100
v 0.15164 0.04524 -0.52100
v 0.02166 0.04524 -0.48844
v 0.05416 0.04524 -0.48844
v 0.08665 0.04524 -0.48844
v 0.11914 0.04524 -0.48844
v 0.15164 0.04524 -0.48844
v 0.02166 0.04524 -0.45587
v 0.05416 0.04524 -0.45587
v 0.08665 0.04524 -0.45587
v 0.11914 0.04524 -0.45587
v 0.15164 0.04524 -0.45587
v 0.02166 0.04524 -0.39617
v 0.05416 0.04524 -0.39617
v 0.08665 0.04524 -0.39617
v 0.11914 0.04524 -0.39617
v 0.15164 0.04524 -0.39617
v 0.02166 0.04524 -0.36903
v 0.05416 0.04524 -0.36903
v 0.08665 0.04524 -0.36903
v 0.11914 0.04524 -0.36903
v 0.15164 0.04524 -0.36903
v 0.02166 0.04524 -0.33646
v 0.05416 0.04524 -0.33646
v 0.08665 0.04524 -0.33646
v 0.11914 0.04524 -0.33646
v 0.15164 0.04524 -0.33646
v 0.02166 0.04524 -0.30389
v 0.05416 0.04524 -0.30389
v 0.08665 0.04524 -0.30389
v 0.11914 0.04524 -0.30389
v 0.15164 0.04524 -0.30389
v 0.02166 0.04524 -0.27133
v 0.05416 0.04524 -0.27133
v 0.08665 0.04524 -0.27133
v 0.11914 0.04524 -0.27133
v 0.15164 0.04524 -0.27133
v 0.02166 0.04524 -0.20619
v 0.05416 0.04524 -0.20619
v 0.08665 0.04524 -0.20619
v 0.11914 0.04524 -0.20619
v 0.15164 0.04524 -0.20619
v 0.02166 0.04524 -0.17363
v 0.05416 0.04524 -0.17363
v 0.08665 0.04524 -0.17363
v 0.11914 0.04524 -0.17363
v 0.15164 0.04524 -0.17363
v 0.02166 0.04524 -0.14106
v 0.05416 0.04524 -0.14106
v 0.08665 0.04524 -0.14106
v 0.11914 0.04524 -0.14106
v 0.15164 0.04524 -0.14106
v 0.02166 0.04524 -0.10849
v 0.05416 0.04524 -0.10849
v 0.08665 0.04524 -0.10849
v 0.11914 0.04524 -0.10849
v 0.15164 0.04524 -0.10849
v 0.02166 0.04524 -0.04336
v 0.05416 0.04524 -0.04336
v 0.08665 0.04524 -0.04336
v 0.11914 0.04524 -0.04336
v 0.15164 0.04524 -0.04336
v 0.02166 0.04524 -0.01079
v 0.05416 0.04524 -0.01079
v 0.08665 0.04524 -0.01079
v 0.11914 0.04524 -0.01079
v 0.15164 0.04524 -0.01079
v 0.02166 0.04524 0.01635
v 0.05416 0.04524 0.01635
v 0.08665 0.04524 0.01635
v 0.11914 0.04524 0.01635
v 0.15164 0.04524 0.01635
v 0.02166 0.04524 0.04348
v 0.05416 0.04524 0.04348
v 0.08665 0.04524 0.04348
v 0.11914 0.04524 0.04348
v 0.15164 0.04524 0.04348
v 0.02166 0.04524 0.07605
v 0.05416 0.04524 0.07605
v 0.08665 0.04524 0.07605
v 0.11914 0.04524 0.07605
v 0.15164 0.04524 0.07605
v 0.02166 0.04524 0.17375
v 0.05416 0.04524 0.17375
v 0.08665 0.04524 0.17375
v 0.11914 0.04524 0.17375
v 0.15164 0.04524 0.17375
v 0.02166 0.04524 0.20632
v 0.05416 0.04524 0.20632
v 0.08665 0.04524 0.20632
v 0.11914 0.04524 0.20632
v 0.15164 0.04524 0.20632
v 0.02166 0.04524 0.23888
v 0.05416 0.04524 0.23888
v 0.08665 0.04524 0.23888
v 0.11914 0.04524 0.23888
v 0.15164 0.04524 0.23888
v 0.02166 0.04524 0.30402
v 0.05416 0.04524 0.30402
v 0.08665 0.04524 0.30402
v 0.11914 0.04524 0.30402
v 0.15164 0.04524 0.30402
v 0.02166 0.04524 0.33658
v 0.05416 0.04524 0.33658
v 0.08665 0.04524 0.33658
v 0.11914 0.04524 0.33658
v 0.15164 0.04524 0.33658
v 0.02166 0.04524 0.36915
v 0.05416 0.04524 0.36915
v 0.08665 0.04524 0.36915
v 0.11914 0.04524 0.36915
v 0.15164 0.04524 0.36915
v 0.02166 0.04524 0.40172
v 0.05416 0.04524 0.40172
v 0.08665 0.04524 0.40172
v 0.11914 0.04524 0.40172
v 0.15164 0.04524 0.40172
v 0.02166 0.04524 0.42885
v 0.05416 0.04524 0.42885
v 0.08665 0.04524 0.42885
v 0.11914 0.04524 0.42885
v 0.15164 0.04524 0.42885
v 0.02166 0.04524 0.48856
v 0.05416 0.04524 0.48856
v 0.08665 0.04524 0.48856
v 0.11914 0.04524 0.48856
v 0.15164 0.04524 0.48856
v 0.02166 0.04524 0.52113
v 0.05416 0.04524 0.52113
v 0.08665 0.04524 0.52113
v 0.11914 0.04524 0.52113
v 0.15164 0.04524 0.52113
v 0.02166 0.04524 0.55369
v 0.05416 0.04524 0.55369
v 0.08665 0.04524 0.55369
v 0.11914 0.04524 0.55369
v 0.15164 0.04524 0.55369
v 0.02166 0.04524 0.58626
v 0.05416 0.04524 0.58626
v 0.08665 0.04524 0.58626
v 0.11914 0.04524 0.58626
v 0.15164 0.04524 0.58626
v 0.02166 0.04524 0.65139
v 0.05416 0.04524 0.65139
v 0.08665 0.04524 0.65139
v 0.11914 0.04524 0.65139
v 0.15164 0.04524 0.65139
v 0.02166 0.04524 0.68396
v 0.05416 0.04524 0.68396
v 0.08665 0.04524 0.68396
v 0.11914 0.04524 0.68396
v 0.15164 0.04524 0.68396
v 0.02166 0.04524 0.71653
v 0.05416 0.04524 0.71653
v 0.08665 0.04524 0.71653
v 0.11914 0.04524 0.71653
v 0.15164 0.04524 0.71653
v 0.02166 0.04524 0.74909
v 0.05416 0.04524 0.74909
v 0.08665 0.04524 0.74909
v 0.11914 0.04524 0.74909
v 0.15164 0.04524 0.74909
v 0.02166 0.04524 0.81423
v 0.05416 0.04524 0.81423
v 0.08665 0.04524 0.81423
v 0.11914 0.04524 0.81423
v 0.15164 0.04524 0.81423
v 0.02166 0.04524 0.84679
v 0.05416 0.04524 0.84679
v 0.08665 0.04524 0.84679
v 0.11914 0.04524 0.84679
v 0.15164 0.04524 0.84679
v 0.02166 0.04524 0.87393
v 0.05416 0.04524 0.87393
v 0.08665 0.04524 0.87393
v 0.11914 0.04524 0.87393
v 0.15164 0.04524 0.87393
v 0.02166 0.04524 0.90107
v 0.05416 0.04524 0.90107
v 0.08665 0.04524 0.90107
v 0.11914 0.04524 0.90107
v 0.15164 0.04524 0.90107
v 0.02166 0.04524 0.93364
v 0.05416 0.04524 0.93364
v 0.08665 0.04524 0.93364
v 0.11914 0.04524 0.93364
v 0.15164 0.04524 0.93364
v 0.02166 0.04524 0.99877
v 0.05416 0.04524 0.99877
v 0.08665 0.04524 0.99877
v 0.11914 0.04524 0.99877
v 0.15164 0.04524 0.99877
v 0.02166 0.04524 1.03134
v 0.05416 0.04524 1.03134
v 0.08665 0.04524 1.03134
v 0.11914 0.04524 1.03134
v 0.15164 0.04524 1.03134
v 0.02166 0.04524 1.09647
v 0.05416 0.04524 1.09647
v 0.08665 0.04524 1.09647
v 0.11914 0.04524 1.09647
v 0.15164 0.04524 1.09647
v 0.02166 0.04524 1.16160
v 0.05416 0.04524 1.16160
v 0.08665 0.04524 1.16160
v 0.11914 0.04524 1.16160
v 0.15164 0.04524 1.16160
v 0.02166 0.04524 1.19417
v 0.05416 0.04524 1.19417
v 0.08665 0.04524 1.19417
v 0.11914 0.04524 1.19417
v 0.15164 0.04524 1.19417
v 0.02166 0.04524 1.22674
v 0.05416 0.04524 1.22674
v 0.08665 0.04524 1.22674
v 0.11914 0.04524 1.22674
v 0.15164 0.04524 1.22674
v 0.02166 0.04524 1.25930
v 0.05416 0.04524 1.25930
v 0.08665 0.04524 1.25930
v 0.11914 0.04524 1.25930
v 0.15164 0.04524 1.25930
v 0.02166 0.04524 1.28644
v 0.05416 0.04524 1.28644
v 0.08665 0.04524 1.28644
v 0.11914 0.04524 1.28644
v 0.15164 0.04524 1.28644
v 0.02166 0.04524 1.34615
v 0.05416 0.04524 1.34615
v 0.08665 0.04524 1.34615
v 0.11914 0.04524 1.34615
v 0.15164 0.04524 1.34615
v 0.02166 0.04524 1.37871
v 0.05416 0.04524 1.37871
v 0.08665 0.04524 1.37871
v 0.11914 0.04524 1.37871
v 0.15164 0.04524 1.37871
v 0.02166 0.04524 1.41128
v 0.05416 0.04524 1.41128
v 0.08665 0.04524 1.41128
v 0.11914 0.04524 1.41128
v 0.15164 0.04524 1.41128
v 0.02166 0.04524 1.44385
v 0.05416 0.04524 1.44385
v 0.08665 0.04524 1.44385
v 0.11914 0.04524 1.44385
v 0.15164 0.04524 1.44385
v -0.12997 0.04533 -1.91866
v -0.09748 0.04533 -1.91866
v -0.07040 0.04533 -1.91866
v -0.04333 0.04533 -1.91866
v -0.12998 0.04527 -1.88637
v -0.09748 0.04527 -1.88637
v -0.07040 0.04527 -1.88637
v -0.04333 0.04527 -1.88637
v -0.12998 0.04525 -1.85574
v -0.09748 0.04525 -1.85574
v -0.07040 0.04525 -1.85574
v -0.04333 0.04525 -1.85574
v -0.12998 0.04524 -1.79110
v -0.09748 0.04524 -1.79110
v -0.07040 0.04524 -1.79110
v -0.04333 0.04524 -1.79110
v -0.12998 0.04524 -1.75853
v -0.09748 0.04524 -1.75853
v -0.07040 0.04524 -1.75853
v -0.04333 0.04524 -1.75853
v -0.12998 0.04524 -1.72597
v -0.09748 0.04524 -1.72597
v -0.07040 0.04524 -1.72597
v -0.04333 0.04524 -1.72597
v -0.12998 0.04524 -1.69340
v -0.09748 0.04524 -1.69340
v -0.07040 0.04524 -1.69340
v -0.04333 0.04524 -1.69340
v -0.12998 0.04524 -1.66626
v -0.09748 0.04524 -1.66626
v -0.07040 0.04524 -1.66626
v -0.04333 0.04524 -1.66626
v -0.12998 0.04524 -1.60656
v -0.09748 0.04524 -1.60656
v -0.07040 0.04524 -1.60656
v -0.04333 0.04524 -1.60656
v -0.12998 0.04524 -1.57399
v -0.09748 0.04524 -1.57399
v -0.07040 0.04524 -1.57399
v -0.04333 0.04524 -1.57399
v -0.12998 0.04524 -1.54142
v -0.09748 0.04524 -1.54142
v -0.07040 0.04524 -1.54142
v -0.04333 0.04524 -1.54142
v -0.12998 0.04524 -1.50886
v -0.09748 0.04524 -1.50886
v -0.07040 0.04524 -1.50886
v -0.04333 0.04524 -1.50886
v -0.12998 0.04524 -1.44372
v -0.09748 0.04524 -1.44372
v -0.07040 0.04524 -1.44372
v -0.04333 0.04524 -1.44372
v -0.12998 0.04524 -1.41116
v -0.09748 0.04524 -1.41116
v -0.07040 0.04524 -1.41116
v -0.04333 0.04524 -1.41116
v -0.12998 0.04524 -1.37859
v -0.09748 0.04524 -1.37859
v -0.07040 0.04524 -1.37859
v -0.04333 0.04524 -1.37859
v -0.12998 0.04524 -1.34602
v -0.09748 0.04524 -1.34602
v -0.07040 0.04524 -1.34602
v -0.04333 0.04524 -1.34602
v -0.12998 0.04524 -1.31346
v -0.09748 0.04524 -1.31346
v -0.07040 0.04524 -1.31346
v -0.04333 0.04524 -1.31346
v -0.12998 0.04524 -1.25375
v -0.09748 0.04524 -1.25375
v -0.07040 0.04524 -1.25375
v -0.04333 0.04524 -1.25375
v -0.12998 0.04524 -1.22661
v -0.09748 0.04524 -1.22661
v -0.07040 0.04524 -1.22661
v -0.04333 0.04524 -1.22661
v -0.12998 0.04524 -1.19405
v -0.07150 0.05205 -1.03075
v -0.03887 0.05178 -1.03077
v -0.07150 0.05205 -0.90502
v -0.03887 0.05178 -0.90486
v -0.12998 0.04524 -0.74897
v -0.12998 0.04524 -0.71640
v -0.09748 0.04524 -0.71640
v -0.07040 0.04524 -0.71640
v -0.04333 0.04524 -0.71640
v -0.12998 0.04524 -0.68384
v -0.09748 0.04524 -0.68384
v -0.07040 0.04524 -0.68384
v -0.04333 0.04524 -0.68384
v -0.12998 0.04524 -0.65127
v -0.09748 0.04524 -0.65127
v -0.07040 0.04524 -0.65127
v -0.04333 0.04524 -0.65127
v -0.12998 0.04524 -0.61870
v -0.09748 0.04524 -0.61870
v -0.07040 0.04524 -0.61870
v -0.04333 0.04524 -0.61870
v -0.12998 0.04524 -0.55357
v -0.09748 0.04524 -0.55357
v -0.07040 0.04524 -0.55357
v -0.04333 0.04524 -0.55357
v -0.12998 0.04524 -0.52100
v -0.09748 0.04524 -0.52100
v -0.07040 0.04524 -0.52100
v -0.04333 0.04524 -0.52100
v -0.12998 0.04524 -0.48844
v -0.09748 0.04524 -0.48844
v -0.07040 0.04524 -0.48844
v -0.04333 0.04524 -0.48844
v -0.12998 0.04524 -0.45587
v -0.09748 0.04524 -0.45587
v -0.07040 0.04524 -0.45587
v -0.04333 0.04524 -0.45587
v -0.12998 0.04524 -0.39617
v -0.09748 0.04524 -0.39617
v -0.07040 0.04524 -0.39616
v -0.04333 0.04524 -0.39617
v -0.12998 0.04524 -0.36903
v -0.09748 0.04524 -0.36903
v -0.07040 0.04524 -0.36903
v -0.04333 0.04524 -0.36903
v -0.12998 0.04524 -0.33646
v -0.09748 0.04524 -0.33646
v -0.07040 0.04524 -0.33646
v -0.04333 0.04524 -0.33646
v -0.12998 0.04524 -0.30389
v -0.09748 0.04524 -0.30389
v -0.07040 0.04524 -0.30389
v -0.04333 0.04524 -0.30389
v -0.12998 0.04524 -0.27133
v -0.09748 0.04524 -0.27133
v -0.07040 0.04524 -0.27133
v -0.04333 0.04524 -0.27133
v -0.12998 0.04524 -0.20619
v -0.09748 0.04524 -0.20619
v -0.07040 0.04524 -0.20619
v -0.04333 0.04524 -0.20619
v -0.12998 0.04524 -0.17363
v -0.09748 0.04524 -0.17363
v -0.07040 0.04524 -0.17363
v -0.04333 0.04524 -0.17363
v -0.12998 0.04524 -0.14106
v -0.09748 0.04524 -0.14106
v -0.07040 0.04524 -0.14106
v -0.04333 0.04524 -0.14106
v -0.12998 0.04524 -0.10849
v -0.09748 0.04524 -0.10849
v -0.07040 0.04524 -0.10849
v -0.04333 0.04524 -0.10849
v -0.12998 0.04524 -0.04336
v -0.09748 0.04524 -0.04336
v -0.07040 0.04524 -0.04336
v -0.04333 0.04524 -0.04336
v -0.12998 0.04524 -0.01079
v -0.09748 0.04524 -0.01079
v -0.07040 0.04524 -0.01079
v -0.04333 0.04524 -0.01079
v -0.12998 0.04524 0.01635
v -0.09748 0.04524 0.01635
v -0.07040 0.04524 0.01634
v -0.04333 0.04524 0.01635
v -0.12998 0.04524 0.04348
v -0.09748 0.04524 0.04348
v -0.07040 0.04524 0.04348
v -0.04333 0.04524 0.04348
v -0.12998 0.04524 0.07605
v -0.09748 0.04524 0.07605
v -0.07040 0.04524 0.07605
v -0.04333 0.04524 0.07605
v -0.12998 0.04524 0.17375
v -0.09748 0.04524 0.17375
v -0.07040 0.04524 0.17375
v -0.04333 0.04524 0.17375
v -0.12998 0.04524 0.20632
v -0.09748 0.04524 0.20632
v -0.07040 0.04524 0.20632
v -0.04333 0.04524 0.20632
v -0.12998 0.04524 0.23888
v -0.09748 0.04524 0.23888
v -0.07040 0.04524 0.23888
v -0.04333 0.04524 0.23888
v -0.12998 0.04524 0.30402
v -0.09748 0.04524 0.30402
v -0.07040 0.04524 0.30402
v -0.04333 0.04524 0.30402
v -0.12998 0.04524 0.33658
v -0.09748 0.04524 0.33658
v -0.07040 0.04524 0.33658
v -0.04333 0.04524 0.33658
v -0.12998 0.04524 0.36915
v -0.09748 0.04524 0.36915
v -0.07040 0.04524 0.36915
v -0.04333 0.04524 0.36915
v -0.12998 0.04524 0.40172
v -0.09748 0.04524 0.40172
v -0.07040 0.04524 0.40172
v -0.04333 0.04524 0.40172
v -0.12998 0.04524 0.42885
v -0.09748 0.04524 0.42885
v -0.07040 0.04524 0.42885
v -0.04333 0.04524 0.42885
v -0.12998 0.04524 0.48856
v -0.09748 0.04524 0.48856
v -0.07040 0.04524 0.48856
v -0.04333 0.04524 0.48856
v -0.12998 0.04524 0.52113
v -0.09748 0.04524 0.52113
v -0.07040 0.04524 0.52113
v -0.04333 0.04524 0.52113
v -0.12998 0.04524 0.55369
v -0.09748 0.04524 0.55369
v -0.07040 0.04524 0.55369
v -0.04333 0.04524 0.55369
v -0.12998 0.04524 0.58626
v -0.09748 0.04524 0.58626
v -0.07040 0.04524 0.58626
v -0.04333 0.04524 0.58626
v -0.12998 0.04524 0.65139
v -0.09748 0.04524 0.65139
v -0.07040 0.04524 0.65139
v -0.04333 0.04524 0.65139
v -0.12998 0.04524 0.68396
v -0.09748 0.04524 0.68396
v -0.07040 0.04524 0.68396
v -0.04333 0.04524 0.68396
v -0.12998 0.04524 0.71653
v -0.09748 0.04524 0.71653
v -0.07040 0.04524 0.71653
v -0.04333 0.04524 0.71653
v -0.12998 0.04524 0.74909
v -0.09748 0.04524 0.74909
v -0.07040 0.04524 0.74909
v -0.04333 0.04524 0.74909
v -0.12998 0.04524 0.81423
v -0.09748 0.04524 0.81423
v -0.07040 0.04524 0.81423
v -0.04333 0.04524 0.81423
v -0.12998 0.04524 0.84679
v -0.09748 0.04524 0.84679
v -0.07040 0.04524 0.84679
v -0.04333 0.04524 0.84679
v -0.12998 0.04524 0.87393
v -0.09748 0.04524 0.87393
v -0.07040 0.04524 0.87393
v -0.04333 0.04524 0.87393
v -0.12998 0.04524 0.90107
v -0.09748 0.04524 0.90107
v -0.07040 0.04524 0.90107
v -0.04333 0.04524 0.90107
v -0.12998 0.04524 0.93364
v -0.09748 0.04524 0.93364
v -0.07040 0.04524 0.93364
v -0.04333 0.04524 0.93364
v -0.12998 0.04524 0.99877
v -0.09748 0.04524 0.99877
v -0.07040 0.04524 0.99877
v -0.04333 0.04524 0.99877
v -0.12998 0.04524 1.03134
v -0.09748 0.04524 1.03134
v -0.07040 0.04524 1.03134
v -0.04333 0.04524 1.03134
v -0.12998 0.04524 1.09647
v -0.09748 0.04524 1.09647
v -0.07040 0.04524 1.09647
v -0.04333 0.04524 1.09647
v -0.12998 0.04524 1.16160
v -0.09748 0.04524 1.16160
v -0.07040 0.04524 1.16160
v -0.04333 0.04524 1.16160
v -0.12998 0.04524 1.19417
v -0.09748 0.04524 1.19417
v -0.07040 0.04524 1.19417
v -0.04333 0.04524 1.19417
v -0.12998 0.04524 1.22674
v -0.09748 0.04524 1.22674
v -0.07040 0.04524 1.22674
v -0.04333 0.04524 1.22674
v -0.12998 0.04524 1.25930
v -0.09748 0.04524 1.25930
v -0.07040 0.04524 1.25930
v -0.04333 0.04524 1.25930
v -0.12998 0.04524 1.28644
v -0.09748 0.04524 1.28644
v -0.07040 0.04524 1.28644
v -0.04333 0.04524 1.28644
v -0.12998 0.04524 1.34615
v -0.09748 0.04524 1.34615
v -0.07040 0.04524 1.34615
v -0.04333 0.04524 1.34615
v -0.12998 0.04524 1.37871
v -0.09748 0.04524 1.37871
v -0.07040 0.04524 1.37871
v -0.04333 0.04524 1.37871
v -0.12998 0.04524 1.41128
v -0.09748 0.04524 1.41128
v -0.07040 0.04524 1.41128
v -0.04333 0.04524 1.41128
v -0.12998 0.04524 1.44385
v -0.09748 0.04524 1.44385
v -0.07040 0.04524 1.44385
v -0.04333 0.04524 1.44385
v -0.32494 0.04533 -1.91866
v -0.29244 0.04533 -1.91866
v -0.25995 0.04533 -1.91866
v -0.22746 0.04533 -1.91866
v -0.19496 0.04533 -1.91866
v -0.32494 0.04527 -1.88637
v -0.29244 0.04527 -1.88637
v -0.25995 0.04527 -1.88637
v -0.22746 0.04527 -1.88637
v -0.19496 0.04527 -1.88637
v -0.32494 0.04525 -1.85574
v -0.29244 0.04525 -1.85574
v -0.25995 0.04525 -1.85574
v -0.22746 0.04525 -1.85574
v -0.19496 0.04525 -1.85574
v -0.32494 0.04524 -1.79110
v -0.29244 0.04524 -1.79110
v -0.25995 0.04524 -1.79110
v -0.22746 0.04524 -1.79110
v -0.19496 0.04524 -1.79110
v -0.32494 0.04524 -1.75853
v -0.29244 0.04524 -1.75853
v -0.25995 0.04524 -1.75853
v -0.22746 0.04524 -1.75853
v -0.19496 0.04524 -1.75853
v -0.32494 0.04524 -1.72597
v -0.29244 0.04524 -1.72597
v -0.25995 0.04524 -1.72597
v -0.22746 0.04524 -1.72597
v -0.19496 0.04524 -1.72597
v -0.32494 0.04524 -1.69340
v -0.29244 0.04524 -1.69340
v -0.25995 0.04524 -1.69340
v -0.22746 0.04524 -1.69340
v -0.19496 0.04524 -1.69340
v -0.32494 0.04524 -1.66626
v -0.29244 0.04524 -1.66626
v -0.25995 0.04524 -1.66626
v -0.22746 0.04524 -1.66626
v -0.19496 0.04524 -1.66626
v -0.32494 0.04524 -1.60656
v -0.29244 0.04524 -1.60656
v -0.25995 0.04524 -1.60656
v -0.22746 0.04524 -1.60656
v -0.19496 0.04524 -1.60656
v -0.32494 0.04524 -1.57399
v -0.29244 0.04524 -1.57399
v -0.25995 0.04524 -1.57399
v -0.22746 0.04524 -1.57399
v -0.19496 0.04524 -1.57399
v -0.32494 0.04524 -1.54142
v -0.29244 0.04524 -1.54142
v -0.25995 0.04524 -1.54142
v -0.22746 0.04524 -1.54142
v -0.19496 0.04524 -1.54142
v -0.32494 0.04524 -1.50886
v -0.29244 0.04524 -1.50886
v -0.25995 0.04524 -1.50886
v -0.22746 0.04524 -1.50886
v -0.19496 0.04524 -1.50886
v -0.32494 0.04524 -1.44372
v -0.29244 0.04524 -1.44372
v -0.25995 0.04524 -1.44372
v -0.22746 0.04524 -1.44372
v -0.19496 0.04524 -1.44372
v -0.32494 0.04524 -1.41116
v -0.29244 0.04524 -1.41116
v -0.25995 0.04524 -1.41116
v -0.22746 0.04524 -1.41116
v -0.19496 0.04524 -1.41116
v -0.32494 0.04524 -1.37859
v -0.29244 0.04524 -1.37859
v -0.25995 0.04524 -1.37859
v -0.22746 0.04524 -1.37859
v -0.19496 0.04524 -1.37859
v -0.32494 0.04524 -1.34602
v -0.29244 0.04524 -1.34602
v -0.25995 0.04524 -1.34602
v -0.22746 0.04524 -1.34602
v -0.19496 0.04524 -1.34602
v -0.32494 0.04524 -1.31346
v -0.29244 0.04524 -1.31346
v -0.25995 0.04524 -1.31346
v -0.22746 0.04524 -1.31346
v -0.19496 0.04524 -1.31346
v -0.32494 0.04524 -1.25375
v -0.29244 0.04524 -1.25375
v -0.25995 0.04524 -1.25375
v -0.22746 0.04524 -1.25375
v -0.19496 0.04524 -1.25375
v -0.32494 0.04524 -1.22661
v -0.29244 0.04524 -1.22661
v -0.25995 0.04524 -1.22661
v -0.22746 0.04524 -1.22661
v -0.19496 0.04524 -1.22661
v -0.32494 0.04524 -1.19405
v -0.29244 0.04524 -1.19405
v -0.25995 0.04524 -1.19405
v -0.22746 0.04524 -1.19405
v -0.19496 0.04524 -1.19405
v -0.32494 0.04524 -1.16148
v -0.29244 0.04524 -1.16148
v -0.25995 0.04524 -1.16148
v -0.22746 0.04524 -1.16148
v -0.19496 0.04524 -1.16148
v -0.32494 0.04524 -1.09635
v -0.29244 0.04524 -1.09635
v -0.25995 0.04524 -1.09635
v -0.22746 0.04524 -1.09635
v -0.32494 0.04524 -1.06378
v -0.29244 0.04524 -1.06378
v -0.25995 0.04524 -1.06378
v -0.32494 0.04524 -1.03121
v -0.29244 0.04524 -1.03121
v -0.25995 0.04524 -1.03121
v -0.32494 0.04524 -0.99865
v -0.29244 0.04524 -0.99865
v -0.25995 0.04524 -0.99865
v -0.32494 0.04524 -0.96608
v -0.29244 0.04524 -0.96608
v -0.25995 0.04524 -0.96608
v -0.32494 0.04524 -0.90095
v -0.29244 0.04524 -0.90095
v -0.25995 0.04524 -0.90095
v -0.32494 0.04524 -0.86838
v -0.29244 0.04524 -0.86838
v -0.25995 0.04524 -0.86838
v -0.32494 0.04524 -0.84124
v -0.29244 0.04524 -0.84124
v -0.25995 0.04524 -0.84124
v -0.22746 0.04524 -0.84124
v -0.32494 0.04524 -0.81410
v -0.29244 0.04524 -0.81410
v -0.25995 0.04524 -0.81410
v -0.22746 0.04524 -0.81410
v -0.32494 0.04524 -0.74897
v -0.29244 0.04524 -0.74897
v -0.25995 0.04524 -0.74897
v -0.22746 0.04524 -0.74897
v -0.19496 0.04524 -0.74897
v -0.32494 0.04524 -0.71640
v -0.29244 0.04524 -0.71640
v -0.25995 0.04524 -0.71640
v -0.22746 0.04524 -0.71640
v -0.19496 0.04524 -0.71640
v -0.32494 0.04524 -0.68384
v -0.29244 0.04524 -0.68384
v -0.25995 0.04524 -0.68384
v -0.22746 0.04524 -0.68384
v -0.19496 0.04524 -0.68384
v -0.32494 0.04524 -0.65127
v -0.29244 0.04524 -0.65127
v -0.25995 0.04524 -0.65127
v -0.22746 0.04524 -0.65127
v -0.19496 0.04524 -0.65127
v -0.32494 0.04524 -0.61870
v -0.29244 0.04524 -0.61870
v -0.25995 0.04524 -0.61870
v -0.22746 0.04524 -0.61870
v -0.19496 0.04524 -0.61870
v -0.32494 0.04524 -0.55357
v -0.29244 0.04524 -0.55357
v -0.25995 0.04524 -0.55357
v -0.22746 0.04524 -0.55357
v -0.19496 0.04524 -0.55357
v -0.32494 0.04524 -0.52100
v -0.29244 0.04524 -0.52100
v -0.25995 0.04524 -0.52100
v -0.22746 0.04524 -0.52100
v -0.19496 0.04524 -0.52100
v -0.32494 0.04524 -0.48844
v -0.29244 0.04524 -0.48844
v -0.25995 0.04524 -0.48844
v -0.22746 0.04524 -0.48844
v -0.19496 0.04524 -0.48844
v -0.32494 0.04524 -0.45587
v -0.29244 0.04524 -0.45587
v -0.25995 0.04524 -0.45587
v -0.22746 0.04524 -0.45587
v -0.19496 0.04524 -0.45587
v -0.32494 0.04524 -0.39617
v -0.29244 0.04524 -0.39617
v -0.25995 0.04524 -0.39617
v -0.22746 0.04524 -0.39617
v -0.19496 0.04524 -0.39617
v -0.32494 0.04524 -0.36903
v -0.29244 0.04524 -0.36903
v -0.25995 0.04524 -0.36903
v -0.22746 0.04524 -0.36903
v -0.19496 0.04524 -0.36903
v -0.32494 0.04524 -0.33646
v -0.29244 0.04524 -0.33646
v -0.25995 0.04524 -0.33646
v -0.22746 0.04524 -0.33646
v -0.19496 0.04524 -0.33646
v -0.32494 0.04524 -0.30389
v -0.29244 0.04524 -0.30389
v -0.25995 0.04524 -0.30389
v -0.22746 0.04524 -0.30389
v -0.19496 0.04524 -0.30389
v -0.32494 0.04524 -0.27133
v -0.29244 0.04524 -0.27133
v -0.25995 0.04524 -0.27133
v -0.22746 0.04524 -0.27133
v -0.19496 0.04524 -0.27133
v -0.32494 0.04524 -0.20619
v -0.29244 0.04524 -0.20619
v -0.25995 0.04524 -0.20619
v -0.22746 0.04524 -0.20619
v -0.19496 0.04524 -0.20619
v -0.32494 0.04524 -0.17363
v -0.29244 0.04524 -0.17363
v -0.25995 0.04524 -0.17363
v -0.22746 0.04524 -0.17363
v -0.19496 0.04524 -0.17363
v -0.32494 0.04524 -0.14106
v -0.29244 0.04524 -0.14106
v -0.25995 0.04524 -0.14106
v -0.22746 0.04524 -0.14106
v -0.19496 0.04524 -0.14106
v -0.32494 0.04524 -0.10849
v -0.29244 0.04524 -0.10849
v -0.25995 0.04524 -0.10849
v -0.22746 0.04524 -0.10849
v -0.19496 0.04524 -0.10849
v -0.32494 0.04524 -0.04336
v -0.29244 0.04524 -0.04336
v -0.25995 0.04524 -0.04336
v -0.22746 0.04524 -0.04336
v -0.19496 0.04524 -0.04336
v -0.32494 0.04524 -0.01079
v -0.29244 0.04524 -0.01079
v -0.25995 0.04524 -0.01079
v -0.22746 0.04524 -0.01079
v -0.19496 0.04524 -0.01079
v -0.32494 0.04524 0.01635
v -0.29244 0.04524 0.01635
v -0.25995 0.04524 0.01635
v -0.22746 0.04524 0.01635
v -0.19496 0.04524 0.01635
v -0.32494 0.04524 0.04348
v -0.29244 0.04524 0.04348
v -0.25995 0.04524 0.04348
v -0.22746 0.04524 0.04348
v -0.19496 0.04524 0.04348
v -0.32494 0.04524 0.07605
v -0.29244 0.04524 0.07605
v -0.25995 0.04524 0.07605
v -0.22746 0.04524 0.07605
v -0.19496 0.04524 0.07605
v -0.32494 0.04524 0.17375
v -0.29244 0.04524 0.17375
v -0.25995 0.04524 0.17375
v -0.22746 0.04524 0.17375
v -0.19496 0.04524 0.17375
v -0.32494 0.04524 0.20632
v -0.29244 0.04524 0.20632
v -0.25995 0.04524 0.20632
v -0.22746 0.04524 0.20632
v -0.19496 0.04524 0.20632
v -0.32494 0.04524 0.23888
v -0.29244 0.04524 0.23888
v -0.25995 0.04524 0.23888
v -0.22746 0.04524 0.23888
v -0.19496 0.04524 0.23888
v -0.32494 0.04524 0.30402
v -0.29244 0.04524 0.30402
v -0.25995 0.04524 0.30402
v -0.22746 0.04524 0.30402
v -0.19496 0.04524 0.30402
v -0.32494 0.04524 0.33658
v -0.29244 0.04524 0.33658
v -0.25995 0.04524 0.33658
v -0.22746 0.04524 0.33658
v -0.19496 0.04524 0.33658
v -0.32494 0.04524 0.36915
v -0.29244 0.04524 0.36915
v -0.25995 0.04524 0.36915
v -0.22746 0.04524 0.36915
v -0.19496 0.04524 0.36915
v -0.32494 0.04524 0.40172
v -0.29244 0.04524 0.40172
v -0.25995 0.04524 0.40172
v -0.22746 0.04524 0.40172
v -0.19496 0.04524 0.40172
v -0.32494 0.04524 0.42885
v -0.29244 0.04524 0.42885
v -0.25995 0.04524 0.42885
v -0.22746 0.04524 0.42885
v -0.19496 0.04524 0.42885
v -0.32494 0.04524 0.48856
v -0.29244 0.04524 0.48856
v -0.25995 0.04524 0.48856
v -0.22746 0.04524 0.48856
v -0.19496 0.04524 0.48856
v -0.32494 0.04524 0.52113
v -0.29244 0.04524 0.52113
v -0.25995 0.04524 0.52113
v -0.22746 0.04524 0.52113
v -0.19496 0.04524 0.52113
v -0.32494 0.04524 0.55369
v -0.29244 0.04524 0.55369
v -0.25995 0.04524 0.55369
v -0.22746 0.04524 0.55369
v -0.19496 0.04524 0.55369
v -0.32494 0.04524 0.58626
v -0.29244 0.04524 0.58626
v -0.25995 0.04524 0.58626
v -0.22746 0.04524 0.58626
v -0.19496 0.04524 0.58626
v -0.32494 0.04524 0.65139
v -0.29244 0.04524 0.65139
v -0.25995 0.04524 0.65139
v -0.22746 0.04524 0.65139
v -0.19496 0.04524 0.65139
v -0.32494 0.04524 0.68396
v -0.29244 0.04524 0.68396
v -0.25995 0.04524 0.68396
v -0.22746 0.04524 0.68396
v -0.19496 0.04524 0.68396
v -0.32494 0.04524 0.71653
v -0.29244 0.04524 0.71653
v -0.25995 0.04524 0.71653
v -0.22746 0.04524 0.71653
v -0.19496 0.04524 0.71653
v -0.32494 0.04524 0.74909
v -0.29244 0.04524 0.74909
v -0.25995 0.04524 0.74909
v -0.22746 0.04524 0.74909
v -0.19496 0.04524 0.74909
v -0.32494 0.04524 0.81423
v -0.29244 0.04524 0.81423
v -0.25995 0.04524 0.81423
v -0.22746 0.04524 0.81423
v -0.19496 0.04524 0.81423
v -0.32494 0.04524 0.84679
v -0.29244 0.04524 0.84679
v -0.25995 0.04524 0.84679
v -0.22746 0.04524 0.84679
v -0.19496 0.04524 0.84679
v -0.32494 0.04524 0.87393
v -0.29244 0.04524 0.87393
v -0.25995 0.04524 0.87393
v -0.22746 0.04524 0.87393
v -0.19496 0.04524 0.87393
v -0.32494 0.04524 0.90107
v -0.29244 0.04524 0.90107
v -0.25995 0.04524 0.90107
v -0.22746 0.04524 0.90107
v -0.19496 0.04524 0.90107
v -0.32494 0.04524 0.93364
v -0.29244 0.04524 0.93364
v -0.25995 0.04524 0.93364
v -0.22746 0.04524 0.93364
v -0.19496 0.04524 0.93364
v -0.32494 0.04524 0.99877
v -0.29244 0.04524 0.99877
v -0.25995 0.04524 0.99877
v -0.22746 0.04524 0.99877
v -0.19496 0.04524 0.99877
v -0.32494 0.04524 1.03134
v -0.29244 0.04524 1.03134
v -0.25995 0.04524 1.03134
v -0.22746 0.04524 1.03134
v -0.19496 0.04524 1.03134
v -0.32494 0.04524 1.09647
v -0.29244 0.04524 1.09647
v -0.25995 0.04524 1.09647
v -0.22746 0.04524 1.09647
v -0.19496 0.04524 1.09647
v -0.32494 0.04524 1.16160
v -0.29244 0.04524 1.16160
v -0.25995 0.04524 1.16160
v -0.22746 0.04524 1.16160
v -0.19496 0.04524 1.16160
v -0.32494 0.04524 1.19417
v -0.29244 0.04524 1.19417
v -0.25995 0.04524 1.19417
v -0.22746 0.04524 1.19417
v -0.19496 0.04524 1.19417
v -0.32494 0.04524 1.22674
v -0.29244 0.04524 1.22674
v -0.25995 0.04524 1.22674
v -0.22746 0.04524 1.22674
v -0.19496 0.04524 1.22674
v -0.32494 0.04524 1.25930
v -0.29244 0.04524 1.25930
v -0.25995 0.04524 1.25930
v -0.22746 0.04524 1.25930
v -0.19496 0.04524 1.25930
v -0.32494 0.04524 1.28644
v -0.29244 0.04524 1.28644
v -0.25995 0.04524 1.28644
v -0.22746 0.04524 1.28644
v -0.19496 0.04524 1.28644
v -0.32494 0.04524 1.34615
v -0.29244 0.04524 1.34615
v -0.25995 0.04524 1.34615
v -0.22746 0.04524 1.34615
v -0.19496 0.04524 1.34615
v -0.32494 0.04524 1.37871
v -0.29244 0.04524 1.37871
v -0.25995 0.04524 1.37871
v -0.22746 0.04524 1.37871
v -0.19496 0.04524 1.37871
v -0.32494 0.04524 1.41128
v -0.29244 0.04524 1.41128
v -0.25995 0.04524 1.41128
v -0.22746 0.04524 1.41128
v -0.19496 0.04524 1.41128
v -0.32494 0.04524 1.44385
v -0.29244 0.04524 1.44385
v -0.25995 0.04524 1.44385
v -0.22746 0.04524 1.44385
v -0.19496 0.04524 1.44385
v -0.48741 0.04533 -1.91866
v -0.45491 0.04533 -1.91866
v -0.42242 0.04533 -1.91866
v -0.38993 0.04533 -1.91866
v -0.48741 0.04527 -1.88637
v -0.45491 0.04527 -1.88637
v -0.42242 0.04527 -1.88637
v -0.38992 0.04527 -1.88637
v -0.48741 0.04525 -1.85574
v -0.45491 0.04525 -1.85574
v -0.42242 0.04525 -1.85574
v -0.38992 0.04525 -1.85574
v -0.48741 0.04524 -1.79110
v -0.45491 0.04524 -1.79110
v -0.42242 0.04524 -1.79110
v -0.38992 0.04524 -1.79110
v -0.48741 0.04524 -1.75853
v -0.45491 0.04524 -1.75853
v -0.42242 0.04524 -1.75853
v -0.38992 0.04524 -1.75853
v -0.48741 0.04524 -1.72597
v -0.45491 0.04524 -1.72597
v -0.42242 0.04524 -1.72597
v -0.38992 0.04524 -1.72597
v -0.48741 0.04524 -1.69340
v -0.45491 0.04524 -1.69340
v -0.42242 0.04524 -1.69340
v -0.38992 0.04524 -1.69340
v -0.48741 0.04524 -1.66626
v -0.45491 0.04524 -1.66626
v -0.42242 0.04524 -1.66626
v -0.38993 0.04524 -1.66626
v -0.48741 0.04524 -1.60656
v -0.45491 0.04524 -1.60656
v -0.42242 0.04524 -1.60656
v -0.38992 0.04524 -1.60656
v -0.48741 0.04524 -1.57399
v -0.45491 0.04524 -1.57399
v -0.42242 0.04524 -1.57399
v -0.38992 0.04524 -1.57399
v -0.48741 0.04524 -1.54142
v -0.45491 0.04524 -1.54142
v -0.42242 0.04524 -1.54142
v -0.38992 0.04524 -1.54142
v -0.48741 0.04524 -1.50886
v -0.45491 0.04524 -1.50886
v -0.42242 0.04524 -1.50886
v -0.38992 0.04524 -1.50886
v -0.48741 0.04524 -1.44372
v -0.45491 0.04524 -1.44372
v -0.42242 0.04524 -1.44372
v -0.38992 0.04524 -1.44372
v -0.48741 0.04524 -1.41116
v -0.45491 0.04524 -1.41116
v -0.42242 0.04524 -1.41116
v -0.38992 0.04524 -1.41116
v -0.48741 0.04524 -1.37859
v -0.45491 0.04524 -1.37859
v -0.42242 0.04524 -1.37859
v -0.38992 0.04524 -1.37859
v -0.48741 0.04524 -1.34602
v -0.45491 0.04524 -1.34602
v -0.42242 0.04524 -1.34602
v -0.38992 0.04524 -1.34602
v -0.48741 0.04524 -1.31346
v -0.45491 0.04524 -1.31346
v -0.42242 0.04524 -1.31346
v -0.38992 0.04524 -1.31346
v -0.48741 0.04524 -1.25375
v -0.45491 0.04524 -1.25375
v -0.42242 0.04524 -1.25375
v -0.38993 0.04524 -1.25375
v -0.48741 0.04524 -1.22661
v -0.45491 0.04524 -1.22661
v -0.42242 0.04524 -1.22661
v -0.38992 0.04524 -1.22661
v -0.48741 0.04524 -1.19405
v -0.45491 0.04524 -1.19405
v -0.42242 0.04524 -1.19405
v -0.38992 0.04524 -1.19405
v -0.48741 0.04524 -1.16148
v -0.45491 0.04524 -1.16148
v -0.42242 0.04524 -1.16148
v -0.38992 0.04524 -1.16148
v -0.48741 0.04524 -1.09635
v -0.45491 0.04524 -1.09635
v -0.42242 0.04524 -1.09635
v -0.38992 0.04524 -1.09635
v -0.48741 0.04524 -1.06378
v -0.45491 0.04524 -1.06378
v -0.42242 0.04524 -1.06378
v -0.38992 0.04524 -1.06378
v -0.48741 0.04524 -1.03121
v -0.45491 0.04524 -1.03121
v -0.42242 0.04524 -1.03121
v -0.38992 0.04524 -1.03121
v -0.48741 0.04524 -0.99865
v -0.45491 0.04524 -0.99865
v -0.42242 0.04524 -0.99865
v -0.38992 0.04524 -0.99865
v -0.48741 0.04524 -0.96608
v -0.45491 0.04524 -0.96608
v -0.42242 0.04524 -0.96608
v -0.38992 0.04524 -0.96608
v -0.48741 0.04524 -0.90095
v -0.45491 0.04524 -0.90095
v -0.42242 0.04524 -0.90095
v -0.38992 0.04524 -0.90095
v -0.48741 0.04524 -0.86838
v -0.45491 0.04524 -0.86838
v -0.42242 0.04524 -0.86838
v -0.38992 0.04524 -0.86838
v -0.48741 0.04524 -0.84124
v -0.45491 0.04524 -0.84124
v -0.42242 0.04524 -0.84124
v -0.38993 0.04524 -0.84124
v -0.48741 0.04524 -0.81410
v -0.45491 0.04524 -0.81410
v -0.42242 0.04524 -0.81410
v -0.38992 0.04524 -0.81410
v -0.48741 0.04524 -0.74897
v -0.45491 0.04524 -0.74897
v -0.42242 0.04524 -0.74897
v -0.38992 0.04524 -0.74897
v -0.48741 0.04524 -0.71640
v -0.45491 0.04524 -0.71640
v -0.42242 0.04524 -0.71640
v -0.38992 0.04524 -0.71640
v -0.48741 0.04524 -0.68384
v -0.45491 0.04524 -0.68384
v -0.42242 0.04524 -0.68384
v -0.38992 0.04524 -0.68384
v -0.48741 0.04524 -0.65127
v -0.45491 0.04524 -0.65127
v -0.42242 0.04524 -0.65127
v -0.38992 0.04524 -0.65127
v -0.48741 0.04524 -0.61870
v -0.45491 0.04524 -0.61870
v -0.42242 0.04524 -0.61870
v -0.38992 0.04524 -0.61870
v -0.48741 0.04524 -0.55357
v -0.45491 0.04524 -0.55357
v -0.42242 0.04524 -0.55357
v -0.38992 0.04524 -0.55357
v -0.48741 0.04524 -0.52100
v -0.45491 0.04524 -0.52100
v -0.42242 0.04524 -0.52100
v -0.38992 0.04524 -0.52100
v -0.48741 0.04524 -0.48844
v -0.45491 0.04524 -0.48844
v -0.42242 0.04524 -0.48844
v -0.38992 0.04524 -0.48844
v -0.48741 0.04524 -0.45587
v -0.45491 0.04524 -0.45587
v -0.42242 0.04524 -0.45587
v -0.38992 0.04524 -0.45587
v -0.48741 0.04524 -0.39617
v -0.45491 0.04524 -0.39617
v -0.42242 0.04524 -0.39617
v -0.38993 0.04524 -0.39617
v -0.48741 0.04524 -0.36903
v -0.45491 0.04524 -0.36903
v -0.42242 0.04524 -0.36903
v -0.38992 0.04524 -0.36903
v -0.48741 0.04524 -0.33646
v -0.45491 0.04524 -0.33646
v -0.42242 0.04524 -0.33646
v -0.38992 0.04524 -0.33646
v -0.48741 0.04524 -0.30389
v -0.45491 0.04524 -0.30389
v -0.42242 0.04524 -0.30389
v -0.38992 0.04524 -0.30389
v -0.48741 0.04524 -0.27133
v -0.45491 0.04524 -0.27133
v -0.42242 0.04524 -0.27133
v -0.38992 0.04524 -0.27133
v -0.48741 0.04524 -0.20619
v -0.45491 0.04524 -0.20619
v -0.42242 0.04524 -0.20619
v -0.38992 0.04524 -0.20619
v -0.48741 0.04524 -0.17363
v -0.45491 0.04524 -0.17363
v -0.42242 0.04524 -0.17363
v -0.38992 0.04524 -0.17363
v -0.48741 0.04524 -0.14106
v -0.45491 0.04524 -0.14106
v -0.42242 0.04524 -0.14106
v -0.38992 0.04524 -0.14106
v -0.48741 0.04524 -0.10849
v -0.45491 0.04524 -0.10849
v -0.42242 0.04524 -0.10849
v -0.38992 0.04524 -0.10849
v -0.48741 0.04524 -0.04336
v -0.45491 0.04524 -0.04336
v -0.42242 0.04524 -0.04336
v -0.38992 0.04524 -0.04336
v -0.48741 0.04524 -0.01079
v -0.45491 0.04524 -0.01079
v -0.42242 0.04524 -0.01079
v -0.38992 0.04524 -0.01079
v -0.48741 0.04524 0.01635
v -0.45491 0.04524 0.01635
v -0.42242 0.04524 0.01635
v -0.38993 0.04524 0.01635
v -0.48741 0.04524 0.04348
v -0.45491 0.04524 0.04348
v -0.42242 0.04524 0.04348
v -0.38992 0.04524 0.04348
v -0.48741 0.04524 0.07605
v -0.45491 0.04524 0.07605
v -0.42242 0.04524 0.07605
v -0.38992 0.04524 0.07605
v -0.48741 0.04524 0.14118
v -0.48741 0.04524 0.17375
v -0.42145 0.04818 0.17504
v -0.38992 0.04524 0.17375
v -0.48741 0.04524 0.20632
v -0.42242 0.04524 0.20632
v -0.38992 0.04524 0.20632
v -0.48741 0.04524 0.23888
v -0.42242 0.04524 0.23888
v -0.38992 0.04524 0.23888
v -0.48741 0.04524 0.30402
v -0.42242 0.04524 0.30402
v -0.38992 0.04524 0.30402
v -0.48741 0.04524 0.33658
v -0.42242 0.04524 0.33658
v -0.38992 0.04524 0.33658
v -0.48741 0.04524 0.36915
v -0.42242 0.04524 0.36915
v -0.38992 0.04524 0.36915
v -0.48741 0.04524 0.40172
v -0.42242 0.04524 0.40172
v -0.38992 0.04524 0.40172
v -0.48741 0.04524 0.42885
v -0.42242 0.04524 0.42885
v -0.38993 0.04524 0.42885
v -0.48741 0.04524 0.48856
v -0.42145 0.04818 0.48771
v -0.38992 0.04524 0.48856
v -0.48741 0.04524 0.52113
v -0.42242 0.04524 0.52113
v -0.38992 0.04524 0.52113
v -0.48741 0.04524 0.55369
v -0.42242 0.04524 0.55369
v -0.38992 0.04524 0.55369
v -0.48741 0.04524 0.58626
v -0.42242 0.04524 0.58626
v -0.38992 0.04524 0.58626
v -0.48741 0.04524 0.65139
v -0.42242 0.04524 0.65139
v -0.38992 0.04524 0.65139
v -0.48741 0.04524 0.68396
v -0.42242 0.04524 0.68396
v -0.38992 0.04524 0.68396
v -0.48741 0.04524 0.71653
v -0.42242 0.04524 0.71653
v -0.38992 0.04524 0.71653
v -0.48741 0.04524 0.74909
v -0.42242 0.04524 0.74909
v -0.38992 0.04524 0.74909
v -0.48741 0.04524 0.81423
v -0.42242 0.04524 0.81423
v -0.38992 0.04524 0.81423
v -0.48741 0.04524 0.84679
v -0.42242 0.04524 0.84679
v -0.38992 0.04524 0.84679
v -0.48741 0.04524 0.87393
v -0.42242 0.04524 0.87393
v -0.38993 0.04524 0.87393
v -0.48741 0.04524 0.90107
v -0.42242 0.04524 0.90107
v -0.38992 0.04524 0.90107
v -0.48741 0.04524 0.93364
v -0.42242 0.04524 0.93364
v -0.38992 0.04524 0.93364
v -0.48741 0.04524 0.99877
v -0.42095 0.04686 0.99946
v -0.38992 0.04524 0.99877
v -0.48741 0.04524 1.03134
v -0.42282 0.04686 1.03064
v -0.38992 0.04524 1.03134
v -0.48741 0.04524 1.06390
v -0.48741 0.04524 1.09647
v -0.45491 0.04524 1.09647
v -0.42242 0.04524 1.09647
v -0.38992 0.04524 1.09647
v -0.48741 0.04524 1.16160
v -0.45491 0.04524 1.16160
v -0.42242 0.04524 1.16160
v -0.38992 0.04524 1.16160
v -0.48741 0.04524 1.19417
v -0.45491 0.04524 1.19417
v -0.42242 0.04524 1.19417
v -0.38992 0.04524 1.19417
v -0.48741 0.04524 1.22674
v -0.45491 0.04524 1.22674
v -0.42242 0.04524 1.22674
v -0.38992 0.04524 1.22674
v -0.48741 0.04524 1.25930
v -0.45491 0.04524 1.25930
v -0.42242 0.04524 1.25930
v -0.38992 0.04524 1.25930
v -0.48741 0.04524 1.28644
v -0.45491 0.04524 1.28644
v -0.42242 0.04524 1.28644
v -0.38992 0.04524 1.28644
v -0.48741 0.04524 1.34615
v -0.45491 0.04524 1.34615
v -0.42242 0.04524 1.34615
v -0.38992 0.04524 1.34615
v -0.48741 0.04524 1.37871
v -0.45491 0.04524 1.37871
v -0.42242 0.04524 1.37871
v -0.38992 0.04524 1.37871
v -0.48741 0.04524 1.41128
v -0.45491 0.04524 1.41128
v -0.42242 0.04524 1.41128
v -0.38992 0.04524 1.41128
v -0.48741 0.04524 1.44385
v -0.45491 0.04524 1.44385
v -0.42242 0.04524 1.44385
v -0.38992 0.04524 1.44385
v -0.67154 0.04533 -1.91866
v -0.63904 0.04533 -1.91866
v -0.60655 0.04533 -1.91866
v -0.57406 0.04533 -1.91866
v -0.54156 0.04533 -1.91866
v -0.67154 0.04527 -1.88637
v -0.63904 0.04527 -1.88637
v -0.60655 0.04527 -1.88637
v -0.57406 0.04527 -1.88637
v -0.54156 0.04527 -1.88637
v -0.67154 0.04525 -1.85574
v -0.63904 0.04525 -1.85574
v -0.60655 0.04525 -1.85574
v -0.57406 0.04525 -1.85574
v -0.54156 0.04525 -1.85574
v -0.67154 0.04524 -1.79110
v -0.63904 0.04524 -1.79110
v -0.60655 0.04524 -1.79110
v -0.57406 0.04524 -1.79110
v -0.54156 0.04524 -1.79110
v -0.67154 0.04524 -1.75853
v -0.63904 0.04524 -1.75853
v -0.60655 0.04524 -1.75853
v -0.57406 0.04524 -1.75853
v -0.54156 0.04524 -1.75853
v -0.67154 0.04524 -1.72597
v -0.63904 0.04524 -1.72597
v -0.60655 0.04524 -1.72597
v -0.57406 0.04524 -1.72597
v -0.54156 0.04524 -1.72597
v -0.67154 0.04524 -1.69340
v -0.63904 0.04524 -1.69340
v -0.60655 0.04524 -1.69340
v -0.57406 0.04524 -1.69340
v -0.54156 0.04524 -1.69340
v -0.67154 0.04524 -1.66626
v -0.63904 0.04524 -1.66626
v -0.60655 0.04524 -1.66626
v -0.57406 0.04524 -1.66626
v -0.54156 0.04524 -1.66626
v -0.67154 0.04524 -1.60656
v -0.63904 0.04524 -1.60656
v -0.60655 0.04524 -1.60656
v -0.57406 0.04524 -1.60656
v -0.54156 0.04524 -1.60656
v -0.67154 0.04524 -1.57399
v -0.63904 0.04524 -1.57399
v -0.60655 0.04524 -1.57399
v -0.57406 0.04524 -1.57399
v -0.54156 0.04524 -1.57399
v -0.67154 0.04524 -1.54142
v -0.63904 0.04524 -1.54142
v -0.60655 0.04524 -1.54142
v -0.57406 0.04524 -1.54142
v -0.54156 0.04524 -1.54142
v -0.67154 0.04524 -1.50886
v -0.63904 0.04524 -1.50886
v -0.60655 0.04524 -1.50886
v -0.57406 0.04524 -1.50886
v -0.54156 0.04524 -1.50886
v -0.67154 0.04524 -1.44372
v -0.63904 0.04524 -1.44372
v -0.60655 0.04524 -1.44372
v -0.57406 0.04524 -1.44372
v -0.54156 0.04524 -1.44372
v -0.67154 0.04524 -1.41116
v -0.63904 0.04524 -1.41116
v -0.60655 0.04524 -1.41116
v -0.57406 0.04524 -1.41116
v -0.54156 0.04524 -1.41116
v -0.67154 0.04524 -1.37859
v -0.63904 0.04524 -1.37859
v -0.60655 0.04524 -1.37859
v -0.57406 0.04524 -1.37859
v -0.54156 0.04524 -1.37859
v -0.67154 0.04524 -1.34602
v -0.63904 0.04524 -1.34602
v -0.60655 0.04524 -1.34602
v -0.57406 0.04524 -1.34602
v -0.54156 0.04524 -1.34602
v -0.67154 0.04524 -1.31346
v -0.63904 0.04524 -1.31346
v -0.60655 0.04524 -1.31346
v -0.57406 0.04524 -1.31346
v -0.54156 0.04524 -1.31346
v -0.67154 0.04524 -1.25375
v -0.63904 0.04524 -1.25375
v -0.60655 0.04524 -1.25375
v -0.57406 0.04524 -1.25375
v -0.54156 0.04524 -1.25375
v -0.67154 0.04524 -1.22661
v -0.63904 0.04524 -1.22661
v -0.60655 0.04524 -1.22661
v -0.57406 0.04524 -1.22661
v -0.54156 0.04524 -1.22661
v -0.67154 0.04524 -1.19405
v -0.63904 0.04524 -1.19405
v -0.60655 0.04524 -1.19405
v -0.57406 0.04524 -1.19405
v -0.54156 0.04524 -1.19405
v -0.67154 0.04524 -1.16148
v -0.63904 0.04524 -1.16148
v -0.60655 0.04524 -1.16148
v -0.57406 0.04524 -1.16148
v -0.54156 0.04524 -1.16148
v -0.67154 0.04524 -1.09635
v -0.63904 0.04524 -1.09635
v -0.60655 0.04524 -1.09635
v -0.57406 0.04524 -1.09635
v -0.54156 0.04524 -1.09635
v -0.67154 0.04524 -1.06378
v -0.63904 0.04524 -1.06378
v -0.60655 0.04524 -1.06378
v -0.57406 0.04524 -1.06378
v -0.54156 0.04524 -1.06378
v -0.67154 0.04524 -1.03121
v -0.63904 0.04524 -1.03121
v -0.60655 0.04524 -1.03121
v -0.57406 0.04524 -1.03121
v -0.54156 0.04524 -1.03121
v -0.67154 0.04524 -0.99865
v -0.63904 0.04524 -0.99865
v -0.60655 0.04524 -0.99865
v -0.57406 0.04524 -0.99865
v -0.54156 0.04524 -0.99865
v -0.67154 0.04524 -0.96608
v -0.63904 0.04524 -0.96608
v -0.60655 0.04524 -0.96608
v -0.57406 0.04524 -0.96608
v -0.54156 0.04524 -0.96608
v -0.67154 0.04524 -0.90095
v -0.63904 0.04524 -0.90095
v -0.60655 0.04524 -0.90095
v -0.57406 0.04524 -0.90095
v -0.54156 0.04524 -0.90095
v -0.67154 0.04524 -0.86838
v -0.63904 0.04524 -0.86838
v -0.60655 0.04524 -0.86838
v -0.57406 0.04524 -0.86838
v -0.54156 0.04524 -0.86838
v -0.67154 0.04524 -0.84124
v -0.63904 0.04524 -0.84124
v -0.60655 0.04524 -0.84124
v -0.57406 0.04524 -0.84124
v -0.54156 0.04524 -0.84124
v -0.67154 0.04524 -0.81410
v -0.63904 0.04524 -0.81410
v -0.60655 0.04524 -0.81410
v -0.57406 0.04524 -0.81410
v -0.54156 0.04524 -0.81410
v -0.67154 0.04524 -0.74897
v -0.63904 0.04524 -0.74897
v -0.60655 0.04524 -0.74897
v -0.57406 0.04524 -0.74897
v -0.54156 0.04524 -0.74897
v -0.67154 0.04524 -0.71640
v -0.63904 0.04524 -0.71640
v -0.60655 0.04524 -0.71640
v -0.57406 0.04524 -0.71640
v -0.54156 0.04524 -0.71640
v -0.67154 0.04524 -0.68384
v -0.63904 0.04524 -0.68384
v -0.60655 0.04524 -0.68384
v -0.57406 0.04524 -0.68384
v -0.54156 0.04524 -0.68384
v -0.67154 0.04524 -0.65127
v -0.63904 0.04524 -0.65127
v -0.60655 0.04524 -0.65127
v -0.57406 0.04524 -0.65127
v -0.54156 0.04524 -0.65127
v -0.67154 0.04524 -0.61870
v -0.63904 0.04524 -0.61870
v -0.60655 0.04524 -0.61870
v -0.57406 0.04524 -0.61870
v -0.54156 0.04524 -0.61870
v -0.67154 0.04524 -0.55357
v -0.63904 0.04524 -0.55357
v -0.60655 0.04524 -0.55357
v -0.57406 0.04524 -0.55357
v -0.54156 0.04524 -0.55357
v -0.67154 0.04524 -0.52100
v -0.63904 0.04524 -0.52100
v -0.60655 0.04524 -0.52100
v -0.57406 0.04524 -0.52100
v -0.54156 0.04524 -0.52100
v -0.67154 0.04524 -0.48844
v -0.63904 0.04524 -0.48844
v -0.60655 0.04524 -0.48844
v -0.57406 0.04524 -0.48844
v -0.54156 0.04524 -0.48844
v -0.67154 0.04524 -0.45587
v -0.63904 0.04524 -0.45587
v -0.60655 0.04524 -0.45587
v -0.57406 0.04524 -0.45587
v -0.54156 0.04524 -0.45587
v -0.67154 0.04524 -0.39617
v -0.63904 0.04524 -0.39617
v -0.60655 0.04524 -0.39617
v -0.57406 0.04524 -0.39617
v -0.54156 0.04524 -0.39617
v -0.67154 0.04524 -0.36903
v -0.63904 0.04524 -0.36903
v -0.60655 0.04524 -0.36903
v -0.57406 0.04524 -0.36903
v -0.54156 0.04524 -0.36903
v -0.67154 0.04524 -0.33646
v -0.63904 0.04524 -0.33646
v -0.60655 0.04524 -0.33646
v -0.57406 0.04524 -0.33646
v -0.54156 0.04524 -0.33646
v -0.67154 0.04524 -0.30389
v -0.63904 0.04524 -0.30389
v -0.60655 0.04524 -0.30389
v -0.57406 0.04524 -0.30389
v -0.54156 0.04524 -0.30389
v -0.67154 0.04524 -0.27133
v -0.63904 0.04524 -0.27133
v -0.60655 0.04524 -0.27133
v -0.57406 0.04524 -0.27133
v -0.54156 0.04524 -0.27133
v -0.67154 0.04524 -0.20619
v -0.63904 0.04524 -0.20619
v -0.60655 0.04524 -0.20619
v -0.57406 0.04524 -0.20619
v -0.54156 0.04524 -0.20619
v -0.67154 0.04524 -0.17363
v -0.63904 0.04524 -0.17363
v -0.60655 0.04524 -0.17363
v -0.57406 0.04524 -0.17363
v -0.54156 0.04524 -0.17363
v -0.67154 0.04524 -0.14106
v -0.63904 0.04524 -0.14106
v -0.60655 0.04524 -0.14106
v -0.57406 0.04524 -0.14106
v -0.54156 0.04524 -0.14106
v -0.67154 0.04524 -0.10849
v -0.63904 0.04524 -0.10849
v -0.60655 0.04524 -0.10849
v -0.57406 0.04524 -0.10849
v -0.54156 0.04524 -0.10849
v -0.67154 0.04524 -0.04336
v -0.63904 0.04524 -0.04336
v -0.60655 0.04524 -0.04336
v -0.57406 0.04524 -0.04336
v -0.54156 0.04524 -0.04336
v -0.67154 0.04524 -0.01079
v -0.63904 0.04524 -0.01079
v -0.60655 0.04524 -0.01079
v -0.57406 0.04524 -0.01079
v -0.54156 0.04524 -0.01079
v -0.67154 0.04524 0.01635
v -0.63904 0.04524 0.01635
v -0.60655 0.04524 0.01635
v -0.57406 0.04524 0.01635
v -0.54156 0.04524 0.01635
v -0.67154 0.04524 0.04348
v -0.63904 0.04524 0.04348
v -0.60655 0.04524 0.04348
v -0.57406 0.04524 0.04348
v -0.54156 0.04524 0.04348
v -0.67154 0.04524 0.07605
v -0.63904 0.04524 0.07605
v -0.60655 0.04524 0.07605
v -0.57406 0.04524 0.07605
v -0.54156 0.04524 0.07605
v -0.67154 0.04524 0.14118
v -0.63904 0.04524 0.14118
v -0.60655 0.04524 0.14118
v -0.57406 0.04524 0.14118
v -0.54156 0.04524 0.14118
v -0.67154 0.04524 0.17375
v -0.63904 0.04524 0.17375
v -0.60655 0.04524 0.17375
v -0.57406 0.04524 0.17375
v -0.54156 0.04524 0.17375
v -0.67154 0.04524 0.20632
v -0.63904 0.04524 0.20632
v -0.60655 0.04524 0.20632
v -0.57406 0.04524 0.20632
v -0.54156 0.04524 0.20632
v -0.67154 0.04524 0.23888
v -0.63904 0.04524 0.23888
v -0.60655 0.04524 0.23888
v -0.57406 0.04524 0.23888
v -0.54156 0.04524 0.23888
v -0.67154 0.04524 0.30402
v -0.63904 0.04524 0.30402
v -0.60655 0.04524 0.30402
v -0.57406 0.04524 0.30402
v -0.54156 0.04524 0.30402
v -0.67154 0.04524 0.33658
v -0.63904 0.04524 0.33658
v -0.60655 0.04524 0.33658
v -0.57406 0.04524 0.33658
v -0.54156 0.04524 0.33658
v -0.67154 0.04524 0.36915
v -0.63904 0.04524 0.36915
v -0.60655 0.04524 0.36915
v -0.57406 0.04524 0.36915
v -0.54156 0.04524 0.36915
v -0.67154 0.04524 0.40172
v -0.63904 0.04524 0.40172
v -0.60655 0.04524 0.40172
v -0.57406 0.04524 0.40172
v -0.54156 0.04524 0.40172
v -0.67154 0.04524 0.42885
v -0.63904 0.04524 0.42885
v -0.60655 0.04524 0.42885
v -0.57406 0.04524 0.42885
v -0.54156 0.04524 0.42885
v -0.67154 0.04524 0.48856
v -0.63904 0.04524 0.48856
v -0.60655 0.04524 0.48856
v -0.57406 0.04524 0.48856
v -0.54156 0.04524 0.48856
v -0.67154 0.04524 0.52113
v -0.63904 0.04524 0.52113
v -0.60655 0.04524 0.52113
v -0.57406 0.04524 0.52113
v -0.54156 0.04524 0.52113
v -0.67154 0.04524 0.55369
v -0.63904 0.04524 0.55369
v -0.60655 0.04524 0.55369
v -0.57406 0.04524 0.55369
v -0.54156 0.04524 0.55369
v -0.67154 0.04524 0.58626
v -0.63904 0.04524 0.58626
v -0.60655 0.04524 0.58626
v -0.57406 0.04524 0.58626
v -0.54156 0.04524 0.58626
v -0.67154 0.04524 0.65139
v -0.63904 0.04524 0.65139
v -0.60655 0.04524 0.65139
v -0.57406 0.04524 0.65139
v -0.54156 0.04524 0.65139
v -0.67154 0.04524 0.68396
v -0.63904 0.04524 0.68396
v -0.60655 0.04524 0.68396
v -0.57406 0.04524 0.68396
v -0.54156 0.04524 0.68396
v -0.67154 0.04524 0.71653
v -0.63904 0.04524 0.71653
v -0.60655 0.04524 0.71653
v -0.57406 0.04524 0.71653
v -0.54156 0.04524 0.71653
v -0.67154 0.04524 0.74909
v -0.63904 0.04524 0.74909
v -0.60655 0.04524 0.74909
v -0.57406 0.04524 0.74909
v -0.54156 0.04524 0.74909
v -0.67154 0.04524 0.81423
v -0.63904 0.04524 0.81423
v -0.60655 0.04524 0.81423
v -0.57406 0.04524 0.81423
v -0.54156 0.04524 0.81423
v -0.67154 0.04524 0.84679
v -0.63904 0.04524 0.84679
v -0.60655 0.04524 0.84679
v -0.57406 0.04524 0.84679
v -0.54156 0.04524 0.84679
v -0.67154 0.04524 0.87393
v -0.63904 0.04524 0.87393
v -0.60655 0.04524 0.87393
v -0.57406 0.04524 0.87393
v -0.54156 0.04524 0.87393
v -0.67154 0.04524 0.90107
v -0.63904 0.04524 0.90107
v -0.60655 0.04524 0.90107
v -0.57406 0.04524 0.90107
v -0.54156 0.04524 0.90107
v -0.67154 0.04524 0.93364
v -0.63904 0.04524 0.93364
v -0.60655 0.04524 0.93364
v -0.57406 0.04524 0.93364
v -0.54156 0.04524 0.93364
v -0.67154 0.04524 0.99877
v -0.63904 0.04524 0.99877
v -0.60655 0.04524 0.99877
v -0.57406 0.04524 0.99877
v -0.54156 0.04524 0.99877
v -0.67154 0.04524 1.03134
v -0.63904 0.04524 1.03134
v -0.60655 0.04524 1.03134
v -0.57406 0.04524 1.03134
v -0.54156 0.04524 1.03134
v -0.67154 0.04524 1.06390
v -0.63904 0.04524 1.06390
v -0.60655 0.04524 1.06390
v -0.57406 0.04524 1.06390
v -0.54156 0.04524 1.06390
v -0.67154 0.04524 1.09647
v -0.63904 0.04524 1.09647
v -0.60655 0.04524 1.09647
v -0.57406 0.04524 1.09647
v -0.54156 0.04524 1.09647
v -0.67154 0.04524 1.16160
v -0.63904 0.04524 1.16160
v -0.60655 0.04524 1.16160
v -0.57406 0.04524 1.16160
v -0.54156 0.04524 1.16160
v -0.67154 0.04524 1.19417
v -0.63904 0.04524 1.19417
v -0.60655 0.04524 1.19417
v -0.57406 0.04524 1.19417
v -0.54156 0.04524 1.19417
v -0.67154 0.04524 1.22674
v -0.63904 0.04524 1.22674
v -0.60655 0.04524 1.22674
v -0.57406 0.04524 1.22674
v -0.54156 0.04524 1.22674
v -0.67154 0.04524 1.25930
v -0.63904 0.04524 1.25930
v -0.60655 0.04524 1.25930
v -0.57406 0.04524 1.25930
v -0.54156 0.04524 1.25930
v -0.67154 0.04524 1.28644
v -0.63904 0.04524 1.28644
v -0.60655 0.04524 1.28644
v -0.57406 0.04524 1.28644
v -0.54156 0.04524 1.28644
v -0.67154 0.04524 1.34615
v -0.63904 0.04524 1.34615
v -0.60655 0.04524 1.34615
v -0.57406 0.04524 1.34615
v -0.54156 0.04524 1.34615
v -0.67154 0.04524 1.37871
v -0.63904 0.04524 1.37871
v -0.60655 0.04524 1.37871
v -0.57406 0.04524 1.37871
v -0.54156 0.04524 1.37871
v -0.67154 0.04524 1.41128
v -0.63904 0.04524 1.41128
v -0.60655 0.04524 1.41128
v -0.57406 0.04524 1.41128
v -0.54156 0.04524 1.41128
v -0.67154 0.04524 1.44385
v -0.63904 0.04524 1.44385
v -0.60655 0.04524 1.44385
v -0.57406 0.04524 1.44385
v -0.54156 0.04524 1.44385
v -0.79881 0.04542 -1.91866
v -0.76660 0.04536 -1.91866
v -0.73604 0.04534 -1.91866
v -0.79882 0.04536 -1.88637
v -0.76660 0.04529 -1.88637
v -0.73604 0.04527 -1.88637
v -0.79882 0.04534 -1.85574
v -0.76660 0.04527 -1.85574
v -0.73604 0.04525 -1.85574
v -0.79882 0.04533 -1.79110
v -0.76660 0.04527 -1.79110
v -0.73604 0.04525 -1.79110
v -0.79882 0.04533 -1.75853
v -0.76660 0.04527 -1.75853
v -0.73604 0.04525 -1.75853
v -0.79882 0.04533 -1.72597
v -0.76660 0.04527 -1.72597
v -0.73604 0.04525 -1.72597
v -0.79882 0.04533 -1.69340
v -0.76660 0.04527 -1.69340
v -0.73604 0.04525 -1.69340
v -0.79882 0.04533 -1.66626
v -0.76660 0.04527 -1.66626
v -0.73604 0.04525 -1.66626
v -0.79882 0.04533 -1.60656
v -0.76660 0.04527 -1.60656
v -0.73604 0.04525 -1.60656
v -0.79882 0.04533 -1.57399
v -0.76660 0.04527 -1.57399
v -0.73604 0.04525 -1.57399
v -0.79882 0.04533 -1.54142
v -0.76660 0.04527 -1.54142
v -0.73604 0.04525 -1.54142
v -0.79882 0.04533 -1.50886
v -0.76660 0.04527 -1.50886
v -0.73604 0.04525 -1.50886
v -0.79882 0.04533 -1.44372
v -0.76660 0.04527 -1.44372
v -0.73604 0.04525 -1.44372
v -0.79882 0.04533 -1.41116
v -0.76660 0.04527 -1.41116
v -0.73604 0.04525 -1.41116
v -0.79882 0.04533 -1.37859
v -0.76660 0.04527 -1.37859
v -0.73604 0.04525 -1.37859
v -0.79882 0.04533 -1.34602
v -0.76660 0.04527 -1.34602
v -0.73604 0.04525 -1.34602
v -0.79882 0.04533 -1.31346
v -0.76660 0.04527 -1.31346
v -0.73604 0.04525 -1.31346
v -0.79882 0.04533 -1.25375
v -0.76660 0.04527 -1.25375
v -0.73604 0.04525 -1.25375
v -0.79882 0.04533 -1.22661
v -0.76660 0.04527 -1.22661
v -0.73604 0.04525 -1.22661
v -0.79882 0.04533 -1.19405
v -0.76660 0.04527 -1.19405
v -0.73604 0.04525 -1.19405
v -0.79882 0.04533 -1.16148
v -0.76660 0.04527 -1.16148
v -0.73604 0.04525 -1.16148
v -0.79882 0.04533 -1.09635
v -0.76660 0.04527 -1.09635
v -0.73604 0.04525 -1.09635
v -0.79882 0.04533 -1.06378
v -0.76660 0.04527 -1.06378
v -0.73604 0.04525 -1.06378
v -0.79882 0.04533 -1.03121
v -0.76660 0.04527 -1.03121
v -0.73604 0.04525 -1.03121
v -0.79882 0.04533 -0.99865
v -0.76660 0.04527 -0.99865
v -0.73604 0.04525 -0.99865
v -0.79882 0.04533 -0.96608
v -0.76660 0.04527 -0.96608
v -0.73604 0.04525 -0.96608
v -0.79882 0.04533 -0.90095
v -0.76660 0.04527 -0.90095
v -0.73604 0.04525 -0.90095
v -0.79882 0.04533 -0.86838
v -0.76660 0.04527 -0.86838
v -0.73604 0.04525 -0.86838
v -0.79882 0.04533 -0.84124
v -0.76660 0.04527 -0.84124
v -0.73604 0.04525 -0.84124
v -0.79882 0.04533 -0.81410
v -0.76660 0.04527 -0.81410
v -0.73604 0.04525 -0.81410
v -0.79882 0.04533 -0.74897
v -0.76660 0.04527 -0.74897
v -0.73604 0.04525 -0.74897
v -0.79882 0.04533 -0.71640
v -0.76660 0.04527 -0.71640
v -0.73604 0.04525 -0.71640
v -0.79882 0.04533 -0.68384
v -0.76660 0.04527 -0.68384
v -0.73604 0.04525 -0.68384
v -0.79882 0.04533 -0.65127
v -0.76660 0.04527 -0.65127
v -0.73604 0.04525 -0.65127
v -0.79882 0.04533 -0.61870
v -0.76660 0.04527 -0.61870
v -0.73604 0.04525 -0.61870
v -0.79882 0.04533 -0.55357
v -0.76660 0.04527 -0.55357
v -0.73604 0.04525 -0.55357
v -0.79882 0.04533 -0.52100
v -0.76660 0.04527 -0.52100
v -0.73604 0.04525 -0.52100
v -0.79882 0.04533 -0.48844
v -0.76660 0.04527 -0.48844
v -0.73604 0.04525 -0.48844
v -0.79882 0.04533 -0.45587
v -0.76660 0.04527 -0.45587
v -0.73604 0.04525 -0.45587
v -0.79882 0.04533 -0.39617
v -0.76660 0.04527 -0.39617
v -0.73604 0.04525 -0.39617
v -0.79882 0.04533 -0.36903
v -0.76660 0.04527 -0.36903
v -0.73604 0.04525 -0.36903
v -0.79882 0.04533 -0.33646
v -0.76660 0.04527 -0.33646
v -0.73604 0.04525 -0.33646
v -0.79882 0.04533 -0.30389
v -0.76660 0.04527 -0.30389
v -0.73604 0.04525 -0.30389
v -0.79882 0.04533 -0.27133
v -0.76660 0.04527 -0.27133
v -0.73604 0.04525 -0.27133
v -0.79882 0.04533 -0.20619
v -0.76660 0.04527 -0.20619
v -0.73604 0.04525 -0.20619
v -0.79882 0.04533 -0.17363
v -0.76660 0.04527 -0.17363
v -0.73604 0.04525 -0.17363
v -0.79882 0.04533 -0.14106
v -0.76660 0.04527 -0.14106
v -0.73604 0.04525 -0.14106
v -0.79882 0.04533 -0.10849
v -0.76660 0.04527 -0.10849
v -0.73604 0.04525 -0.10849
v -0.79882 0.04533 -0.04336
v -0.76660 0.04527 -0.04336
v -0.73604 0.04525 -0.04336
v -0.79882 0.04533 -0.01079
v -0.76660 0.04527 -0.01079
v -0.73604 0.04525 -0.01079
v -0.79882 0.04533 0.01634
v -0.76660 0.04527 0.01635
v -0.73604 0.04525 0.01635
v -0.79882 0.04533 0.04348
v -0.76660 0.04527 0.04348
v -0.73604 0.04525 0.04348
v -0.79882 0.04533 0.07605
v -0.76660 0.04527 0.07605
v -0.73604 0.04525 0.07605
v -0.79882 0.04533 0.14118
v -0.76660 0.04527 0.14118
v -0.73604 0.04525 0.14118
v -0.79882 0.04533 0.17375
v -0.76660 0.04527 0.17375
v -0.73604 0.04525 0.17375
v -0.79882 0.04533 0.20632
v -0.76660 0.04527 0.20632
v -0.73604 0.04525 0.20632
v -0.79882 0.04533 0.23888
v -0.76660 0.04527 0.23888
v -0.73604 0.04525 0.23888
v -0.79882 0.04533 0.30402
v -0.76660 0.04527 0.30402
v -0.73604 0.04525 0.30402
v -0.79882 0.04533 0.33658
v -0.76660 0.04527 0.33658
v -0.73604 0.04525 0.33658
v -0.79882 0.04533 0.36915
v -0.76660 0.04527 0.36915
v -0.73604 0.04525 0.36915
v -0.79882 0.04533 0.40172
v -0.76660 0.04527 0.40172
v -0.73604 0.04525 0.40172
v -0.79882 0.04533 0.42885
v -0.76660 0.04527 0.42885
v -0.73604 0.04525 0.42885
v -0.79882 0.04533 0.48856
v -0.76660 0.04527 0.48856
v -0.73604 0.04525 0.48856
v -0.79882 0.04533 0.52113
v -0.76660 0.04527 0.52113
v -0.73604 0.04525 0.52113
v -0.79882 0.04533 0.55369
v -0.76660 0.04527 0.55369
v -0.73604 0.04525 0.55369
v -0.79882 0.04533 0.58626
v -0.76660 0.04527 0.58626
v -0.73604 0.04525 0.58626
v -0.79882 0.04533 0.65139
v -0.76660 0.04527 0.65139
v -0.73604 0.04525 0.65139
v -0.79882 0.04533 0.68396
v -0.76660 0.04527 0.68396
v -0.73604 0.04525 0.68396
v -0.79882 0.04533 0.71653
v -0.76660 0.04527 0.71653
v -0.73604 0.04525 0.71653
v -0.79882 0.04533 0.74909
v -0.76660 0.04527 0.74909
v -0.73604 0.04525 0.74909
v -0.79882 0.04533 0.81423
v -0.76660 0.04527 0.81423
v -0.73604 0.04525 0.81423
v -0.79882 0.04533 0.84679
v -0.76660 0.04527 0.84679
v -0.73604 0.04525 0.84679
v -0.79882 0.04533 0.87393
v -0.76660 0.04527 0.87393
v -0.73604 0.04525 0.87393
v -0.79882 0.04533 0.90107
v -0.76660 0.04527 0.90107
v -0.73604 0.04525 0.90107
v -0.79882 0.04533 0.93364
v -0.76660 0.04527 0.93364
v -0.73604 0.04525 0.93364
v -0.79882 0.04533 0.99877
v -0.76660 0.04527 0.99877
v -0.73604 0.04525 0.99877
v -0.79882 0.04533 1.03134
v -0.76660 0.04527 1.03134
v -0.73604 0.04525 1.03134
v -0.79882 0.04533 1.06390
v -0.76660 0.04527 1.06390
v -0.73604 0.04525 1.06390
v -0.79882 0.04533 1.09647
v -0.76660 0.04527 1.09647
v -0.73604 0.04525 1.09647
v -0.79882 0.04533 1.16160
v -0.76660 0.04527 1.16160
v -0.73604 0.04525 1.16160
v -0.79882 0.04533 1.19417
v -0.76660 0.04527 1.19417
v -0.73604 0.04525 1.19417
v -0.79882 0.04533 1.22674
v -0.76660 0.04527 1.22674
v -0.73604 0.04525 1.22674
v -0.79882 0.04533 1.25930
v -0.76660 0.04527 1.25930
v -0.73604 0.04525 1.25930
v -0.79882 0.04533 1.28644
v -0.76660 0.04527 1.28644
v -0.73604 0.04525 1.28644
v -0.79882 0.04533 1.34615
v -0.76660 0.04527 1.34615
v -0.73604 0.04525 1.34615
v -0.79882 0.04533 1.37871
v -0.76660 0.04527 1.37871
v -0.73604 0.04525 1.37871
v -0.79882 0.04533 1.41128
v -0.76660 0.04527 1.41128
v -0.73604 0.04525 1.41128
v -0.79882 0.04533 1.44385
v -0.76660 0.04527 1.44385
v -0.73604 0.04525 1.44385
v 0.72547 0.04533 -1.91866
v 0.75664 0.04535 -1.91866
v 0.78562 0.04538 -1.91866
v 0.81859 0.04550 -1.91866
v 0.72547 0.04527 -1.88637
v 0.75664 0.04528 -1.88637
v 0.78562 0.04532 -1.88637
v 0.81859 0.04543 -1.88637
v 0.72547 0.04525 -1.85574
v 0.75664 0.04526 -1.85574
v 0.78562 0.04530 -1.85574
v 0.81859 0.04541 -1.85574
v 0.72547 0.04524 -1.79110
v 0.75664 0.04526 -1.79110
v 0.78562 0.04530 -1.79110
v 0.81859 0.04541 -1.79110
v 0.72547 0.04524 -1.75853
v 0.75664 0.04526 -1.75853
v 0.78562 0.04530 -1.75853
v 0.81859 0.04541 -1.75853
v 0.72547 0.04524 -1.72597
v 0.75664 0.04526 -1.72597
v 0.78562 0.04530 -1.72597
v 0.81859 0.04541 -1.72597
v 0.72547 0.04524 -1.69340
v 0.75664 0.04526 -1.69340
v 0.78562 0.04530 -1.69340
v 0.81859 0.04541 -1.69340
v 0.72547 0.04524 -1.66626
v 0.75664 0.04526 -1.66626
v 0.78562 0.04530 -1.66626
v 0.81859 0.04541 -1.66626
v 0.72547 0.04524 -1.60656
v 0.75664 0.04526 -1.60656
v 0.78562 0.04530 -1.60656
v 0.81859 0.04541 -1.60656
v 0.72547 0.04524 -1.57399
v 0.75664 0.04526 -1.57399
v 0.78562 0.04530 -1.57399
v 0.81859 0.04541 -1.57399
v 0.72547 0.04524 -1.54142
v 0.75664 0.04526 -1.54142
v 0.78562 0.04530 -1.54142
v 0.81859 0.04541 -1.54142
v 0.72547 0.04524 -1.50886
v 0.75664 0.04526 -1.50886
v 0.78562 0.04530 -1.50886
v 0.81859 0.04541 -1.50886
v 0.72547 0.04524 -1.44372
v 0.75664 0.04526 -1.44372
v 0.78562 0.04530 -1.44372
v 0.81859 0.04541 -1.44372
v 0.72547 0.04524 -1.41116
v 0.75664 0.04526 -1.41116
v 0.78562 0.04530 -1.41116
v 0.81859 0.04541 -1.41116
v 0.72547 0.04524 -1.37859
v 0.75664 0.04526 -1.37859
v 0.78562 0.04530 -1.37859
v 0.81859 0.04541 -1.37859
v 0.72547 0.04524 -1.34602
v 0.75664 0.04526 -1.34602
v 0.78562 0.04530 -1.34602
v 0.81859 0.04541 -1.34602
v 0.72547 0.04524 -1.31346
v 0.75664 0.04526 -1.31346
v 0.78562 0.04530 -1.31346
v 0.81859 0.04541 -1.31346
v 0.72547 0.04524 -1.25375
v 0.75664 0.04526 -1.25375
v 0.78562 0.04530 -1.25375
v 0.81859 0.04541 -1.25375
v 0.72547 0.04524 -1.22661
v 0.75664 0.04526 -1.22661
v 0.78562 0.04530 -1.22661
v 0.81859 0.04541 -1.22661
v 0.72547 0.04524 -1.19405
v 0.75664 0.04526 -1.19405
v 0.78562 0.04530 -1.19405
v 0.81859 0.04541 -1.19405
v 0.72547 0.04524 -1.16148
v 0.75664 0.04526 -1.16148
v 0.78562 0.04530 -1.16148
v 0.81859 0.04541 -1.16148
v 0.72547 0.04524 -1.09635
v 0.75664 0.04526 -1.09635
v 0.78562 0.04530 -1.09635
v 0.81859 0.04541 -1.09635
v 0.72547 0.04524 -1.06378
v 0.75664 0.04526 -1.06378
v 0.78562 0.04530 -1.06378
v 0.81859 0.04541 -1.06378
v 0.72547 0.04524 -1.03121
v 0.75664 0.04526 -1.03121
v 0.78562 0.04530 -1.03121
v 0.81859 0.04541 -1.03121
v 0.72547 0.04524 -0.99865
v 0.75664 0.04526 -0.99865
v 0.78562 0.04530 -0.99865
v 0.81859 0.04541 -0.99865
v 0.72547 0.04524 -0.96608
v 0.75664 0.04526 -0.96608
v 0.78562 0.04530 -0.96608
v 0.81859 0.04541 -0.96608
v 0.72547 0.04524 -0.90095
v 0.75664 0.04526 -0.90095
v 0.78562 0.04530 -0.90095
v 0.81859 0.04541 -0.90095
v 0.72547 0.04524 -0.86838
v 0.75664 0.04526 -0.86838
v 0.78562 0.04530 -0.86838
v 0.81859 0.04541 -0.86838
v 0.72547 0.04524 -0.84124
v 0.75664 0.04526 -0.84124
v 0.78562 0.04530 -0.84124
v 0.81859 0.04541 -0.84124
v 0.72547 0.04524 -0.81410
v 0.75664 0.04526 -0.81410
v 0.78562 0.04530 -0.81410
v 0.81859 0.04541 -0.81410
v 0.72547 0.04524 -0.74897
v 0.75664 0.04526 -0.74897
v 0.78562 0.04530 -0.74897
v 0.81859 0.04541 -0.74897
v 0.72547 0.04524 -0.71640
v 0.75664 0.04526 -0.71640
v 0.78562 0.04530 -0.71640
v 0.81859 0.04541 -0.71640
v 0.72547 0.04524 -0.68384
v 0.75664 0.04526 -0.68384
v 0.78562 0.04530 -0.68384
v 0.81859 0.04541 -0.68384
v 0.72547 0.04524 -0.65127
v 0.75664 0.04526 -0.65127
v 0.78562 0.04530 -0.65127
v 0.81859 0.04541 -0.65127
v 0.72547 0.04524 -0.61870
v 0.75664 0.04526 -0.61870
v 0.78562 0.04530 -0.61870
v 0.81859 0.04541 -0.61870
v 0.72547 0.04524 -0.55357
v 0.75664 0.04526 -0.55357
v 0.78562 0.04530 -0.55357
v 0.81859 0.04541 -0.55357
v 0.72547 0.04524 -0.52100
v 0.75664 0.04526 -0.52100
v 0.78562 0.04530 -0.52100
v 0.81859 0.04541 -0.52100
v 0.72547 0.04524 -0.48844
v 0.75664 0.04526 -0.48844
v 0.78562 0.04530 -0.48844
v 0.81859 0.04541 -0.48844
v 0.72547 0.04524 -0.45587
v 0.75664 0.04526 -0.45587
v 0.78562 0.04530 -0.45587
v 0.81859 0.04541 -0.45587
v 0.72547 0.04524 -0.39617
v 0.75664 0.04526 -0.39617
v 0.78562 0.04530 -0.39617
v 0.81859 0.04541 -0.39617
v 0.72547 0.04524 -0.36903
v 0.75664 0.04526 -0.36903
v 0.78562 0.04530 -0.36903
v 0.81859 0.04541 -0.36903
v 0.72547 0.04524 -0.33646
v 0.75664 0.04526 -0.33646
v 0.78562 0.04530 -0.33646
v 0.81859 0.04541 -0.33646
v 0.72547 0.04524 -0.30389
v 0.75664 0.04526 -0.30389
v 0.78562 0.04530 -0.30389
v 0.81859 0.04541 -0.30389
v 0.72547 0.04524 -0.27133
v 0.75664 0.04526 -0.27133
v 0.78562 0.04530 -0.27133
v 0.81859 0.04541 -0.27133
v 0.72547 0.04524 -0.20619
v 0.75664 0.04526 -0.20619
v 0.78562 0.04530 -0.20619
v 0.81859 0.04541 -0.20619
v 0.72547 0.04524 -0.17363
v 0.75664 0.04526 -0.17363
v 0.78562 0.04530 -0.17363
v 0.81859 0.04541 -0.17363
v 0.72547 0.04524 -0.14106
v 0.75664 0.04526 -0.14106
v 0.78562 0.04530 -0.14106
v 0.81859 0.04541 -0.14106
v 0.72547 0.04524 -0.10849
v 0.75664 0.04526 -0.10849
v 0.78562 0.04530 -0.10849
v 0.81859 0.04541 -0.10849
v 0.72547 0.04524 -0.04336
v 0.75664 0.04526 -0.04336
v 0.78562 0.04530 -0.04336
v 0.81859 0.04541 -0.04336
v 0.72547 0.04524 -0.01079
v 0.75664 0.04526 -0.01079
v 0.78562 0.04530 -0.01079
v 0.81859 0.04541 -0.01079
v 0.72547 0.04524 0.01635
v 0.75664 0.04526 0.01635
v 0.78562 0.04530 0.01635
v 0.81859 0.04541 0.01634
v 0.72547 0.04524 0.04348
v 0.75664 0.04526 0.04348
v 0.78562 0.04530 0.04348
v 0.81859 0.04541 0.04348
v 0.72547 0.04524 0.07605
v 0.75664 0.04526 0.07605
v 0.78562 0.04530 0.07605
v 0.81859 0.04541 0.07605
v 0.72547 0.04524 0.14118
v 0.75664 0.04526 0.14118
v 0.78562 0.04530 0.14118
v 0.81859 0.04541 0.14118
v 0.72547 0.04524 0.17375
v 0.75664 0.04526 0.17375
v 0.78562 0.04530 0.17375
v 0.81859 0.04541 0.17375
v 0.72547 0.04524 0.20632
v 0.75664 0.04526 0.20632
v 0.78562 0.04530 0.20632
v 0.81859 0.04541 0.20632
v 0.72547 0.04524 0.23888
v 0.75664 0.04526 0.23888
v 0.78562 0.04530 0.23888
v 0.81859 0.04541 0.23888
v 0.72547 0.04524 0.30402
v 0.75664 0.04526 0.30402
v 0.78562 0.04530 0.30402
v 0.81859 0.04541 0.30402
v 0.72547 0.04524 0.33658
v 0.75664 0.04526 0.33658
v 0.78562 0.04530 0.33658
v 0.81859 0.04541 0.33658
v 0.72547 0.04524 0.36915
v 0.75664 0.04526 0.36915
v 0.78562 0.04530 0.36915
v 0.81859 0.04541 0.36915
v 0.72547 0.04524 0.40172
v 0.75664 0.04526 0.40172
v 0.78562 0.04530 0.40172
v 0.81859 0.04541 0.40172
v 0.72547 0.04524 0.42885
v 0.75664 0.04526 0.42885
v 0.78562 0.04530 0.42885
v 0.81859 0.04541 0.42885
v 0.72547 0.04524 0.48856
v 0.75664 0.04526 0.48856
v 0.78562 0.04530 0.48856
v 0.81859 0.04541 0.48856
v 0.72547 0.04524 0.52113
v 0.75664 0.04526 0.52113
v 0.78562 0.04530 0.52113
v 0.81859 0.04541 0.52113
v 0.72547 0.04524 0.55369
v 0.75664 0.04526 0.55369
v 0.78562 0.04530 0.55369
v 0.81859 0.04541 0.55369
v 0.72547 0.04524 0.58626
v 0.75664 0.04526 0.58626
v 0.78562 0.04530 0.58626
v 0.81859 0.04541 0.58626
v 0.72547 0.04524 0.65139
v 0.75664 0.04526 0.65139
v 0.78562 0.04530 0.65139
v 0.81859 0.04541 0.65139
v 0.72547 0.04524 0.68396
v 0.75664 0.04526 0.68396
v 0.78562 0.04530 0.68396
v 0.81859 0.04541 0.68396
v 0.72547 0.04524 0.71653
v 0.75664 0.04526 0.71653
v 0.78562 0.04530 0.71653
v 0.81859 0.04541 0.71653
v 0.72547 0.04524 0.74909
v 0.75664 0.04526 0.74909
v 0.78562 0.04530 0.74909
v 0.81859 0.04541 0.74909
v 0.72547 0.04524 0.81423
v 0.75664 0.04526 0.81423
v 0.78562 0.04530 0.81423
v 0.81859 0.04541 0.81423
v 0.72547 0.04524 0.84679
v 0.75664 0.04526 0.84679
v 0.78562 0.04530 0.84679
v 0.81859 0.04541 0.84679
v 0.72547 0.04524 0.87393
v 0.75664 0.04526 0.87393
v 0.78562 0.04530 0.87393
v 0.81859 0.04541 0.87393
v 0.72547 0.04524 0.90107
v 0.75664 0.04526 0.90107
v 0.78562 0.04530 0.90107
v 0.81859 0.04541 0.90107
v 0.72547 0.04524 0.93364
v 0.75664 0.04526 0.93364
v 0.78562 0.04530 0.93364
v 0.81859 0.04541 0.93364
v 0.72547 0.04524 0.99877
v 0.75664 0.04526 0.99877
v 0.78562 0.04530 0.99877
v 0.81859 0.04541 0.99877
v 0.72547 0.04524 1.03134
v 0.75664 0.04526 1.03134
v 0.78562 0.04530 1.03134
v 0.81859 0.04541 1.03134
v 0.72547 0.04524 1.06390
v 0.75664 0.04526 1.06390
v 0.78562 0.04530 1.06390
v 0.81859 0.04541 1.06390
v 0.72547 0.04524 1.09647
v 0.75664 0.04526 1.09647
v 0.78562 0.04530 1.09647
v 0.81859 0.04541 1.09647
v 0.72547 0.04524 1.16160
v 0.75664 0.04526 1.16160
v 0.78562 0.04530 1.16160
v 0.81859 0.04541 1.16160
v 0.72547 0.04524 1.19417
v 0.75664 0.04526 1.19417
v 0.78562 0.04530 1.19417
v 0.81859 0.04541 1.19417
v 0.72547 0.04524 1.22674
v 0.75664 0.04526 1.22674
v 0.78562 0.04530 1.22674
v 0.81859 0.04541 1.22674
v 0.72547 0.04524 1.25930
v 0.75664 0.04526 1.25930
v 0.78562 0.04530 1.25930
v 0.81859 0.04541 1.25930
v 0.72547 0.04524 1.28644
v 0.75664 0.04526 1.28644
v 0.78562 0.04530 1.28644
v 0.81859 0.04541 1.28644
v 0.72547 0.04524 1.34615
v 0.75664 0.04526 1.34615
v 0.78562 0.04530 1.34615
v 0.81859 0.04541 1.34615
v 0.72547 0.04524 1.37871
v 0.75664 0.04526 1.37871
v 0.78562 0.04530 1.37871
v 0.81859 0.04541 1.37871
v 0.72547 0.04524 1.41128
v 0.75664 0.04526 1.41128
v 0.78562 0.04530 1.41128
v 0.81859 0.04541 1.41128
v 0.72547 0.04524 1.44385
v 0.75664 0.04526 1.44385
v 0.78562 0.04530 1.44385
v 0.81859 0.04541 1.44385
v 0.87065 0.07758 -1.91865
v 0.87066 0.07764 -1.88637
v 0.87066 0.07766 -1.85574
v 0.87066 0.07766 -1.79110
v 0.87066 0.07766 -1.75853
v 0.87066 0.07766 -1.72597
v 0.87066 0.07766 -1.69340
v 0.87066 0.07766 -1.66626
v 0.87066 0.07766 -1.60656
v 0.87066 0.07766 -1.57399
v 0.87066 0.07766 -1.54142
v 0.87066 0.07766 -1.50886
v 0.87066 0.07766 -1.44372
v 0.87066 0.07766 -1.41116
v 0.87066 0.07766 -1.37859
v 0.87066 0.07766 -1.34602
v 0.87066 0.07766 -1.31346
v 0.87066 0.07766 -1.25375
v 0.87066 0.07766 -1.22661
v 0.87066 0.07766 -1.19405
v 0.87066 0.07766 -1.16148
v 0.87066 0.07766 -1.09635
v 0.87066 0.07766 -1.06378
v 0.87066 0.07766 -1.03121
v 0.87066 0.07766 -0.99865
v 0.87066 0.07766 -0.96608
v 0.87066 0.07766 -0.90095
v 0.87066 0.07766 -0.86838
v 0.87066 0.07766 -0.84124
v 0.87066 0.07766 -0.81410
v 0.87066 0.07766 -0.74897
v 0.87066 0.07766 -0.71640
v 0.87066 0.07766 -0.68384
v 0.87066 0.07766 -0.65127
v 0.87066 0.07766 -0.61870
v 0.87066 0.07766 -0.55357
v 0.87066 0.07766 -0.52100
v 0.87066 0.07766 -0.48844
v 0.87066 0.07766 -0.45587
v 0.87066 0.07766 -0.39616
v 0.87066 0.07766 -0.36903
v 0.87066 0.07766 -0.33646
v 0.87066 0.07766 -0.30389
v 0.87066 0.07766 -0.27133
v 0.87066 0.07766 -0.20619
v 0.87066 0.07766 -0.17363
v 0.87066 0.07766 -0.14106
v 0.87066 0.07766 -0.10849
v 0.87066 0.07766 -0.04336
v 0.87066 0.07766 -0.01079
v 0.87066 0.07766 0.01634
v 0.87066 0.07766 0.04348
v 0.87066 0.07766 0.07605
v 0.87066 0.07766 0.14118
v 0.87066 0.07766 0.17375
v 0.87066 0.07766 0.20632
v 0.87066 0.07766 0.23888
v 0.87066 0.07766 0.30402
v 0.87066 0.07766 0.33658
v 0.87066 0.07766 0.36915
v 0.87066 0.07766 0.40172
v 0.87066 0.07766 0.42885
v 0.87066 0.07766 0.48856
v 0.87066 0.07766 0.52113
v 0.87066 0.07766 0.55369
v 0.87066 0.07766 0.58626
v 0.87066 0.07766 0.65139
v 0.87066 0.07766 0.68396
v 0.87066 0.07766 0.71653
v 0.87066 0.07766 0.74909
v 0.87066 0.07766 0.81423
v 0.87066 0.07766 0.84679
v 0.87066 0.07766 0.87393
v 0.87066 0.07766 0.90107
v 0.87066 0.07766 0.93364
v 0.87066 0.07766 0.99877
v 0.87066 0.07766 1.03134
v 0.87066 0.07766 1.06390
v 0.87066 0.07766 1.09647
v 0.87066 0.07766 1.16160
v 0.87066 0.07766 1.19417
v 0.87066 0.07766 1.22674
v 0.87066 0.07766 1.25930
v 0.87066 0.07766 1.28644
v 0.87066 0.07766 1.34615
v 0.87066 0.07766 1.37871
v 0.87066 0.07766 1.41128
v 0.87066 0.07766 1.44385
v -0.86466 0.07801 1.60147
v -0.86466 0.07808 1.57052
v -0.86467 0.07811 1.54063
v -0.86467 0.07812 1.50890
v -0.86467 0.07812 1.44385
v -0.86467 0.07812 1.41128
v -0.86467 0.07812 1.37871
v -0.86467 0.07812 1.34615
v -0.86467 0.07812 1.28644
v -0.86467 0.07812 1.25930
v -0.86467 0.07812 1.22674
v -0.86467 0.07812 1.19417
v -0.86467 0.07812 1.16160
v -0.86467 0.07812 1.09647
v -0.86467 0.07812 1.06390
v -0.86467 0.07812 1.03134
v -0.86467 0.07812 0.99877
v -0.86467 0.07812 0.93364
v -0.86467 0.07812 0.90107
v -0.86467 0.07812 0.87393
v -0.86467 0.07812 0.84679
v -0.86467 0.07812 0.81423
v -0.86467 0.07812 0.74909
v -0.86467 0.07812 0.71653
v -0.86467 0.07812 0.68396
v -0.86467 0.07812 0.65139
v -0.86467 0.07812 0.58626
v -0.86467 0.07812 0.55369
v -0.86467 0.07812 0.52113
v -0.86467 0.07812 0.48856
v -0.86467 0.07812 0.42886
v -0.86467 0.07812 0.40172
v -0.86467 0.07812 0.36915
v -0.86467 0.07812 0.33658
v -0.86467 0.07812 0.30402
v -0.86467 0.07812 0.23888
v -0.86467 0.07812 0.20632
v -0.86467 0.07812 0.17375
v -0.86467 0.07812 0.14118
v -0.86467 0.07812 0.07605
v -0.86467 0.07812 0.04348
v -0.86467 0.07812 0.01634
v -0.86467 0.07812 -0.01079
v -0.86467 0.07812 -0.04336
v -0.86467 0.07812 -0.10849
v -0.86467 0.07812 -0.14106
v -0.86467 0.07812 -0.17363
v -0.86467 0.07812 -0.20619
v -0.86467 0.07812 -0.27133
v -0.86467 0.07812 -0.30389
v -0.86467 0.07812 -0.33646
v -0.86467 0.07812 -0.36903
v -0.86467 0.07812 -0.39616
v -0.86467 0.07812 -0.45587
v -0.86467 0.07812 -0.48844
v -0.86467 0.07812 -0.52100
v -0.86467 0.07812 -0.55357
v -0.86467 0.07812 -0.61870
v -0.86467 0.07812 -0.65127
v -0.86467 0.07812 -0.68384
v -0.86467 0.07812 -0.71640
v -0.86467 0.07812 -0.74897
v -0.86467 0.07812 -0.81410
v -0.86467 0.07812 -0.84124
v -0.86467 0.07812 -0.86838
v -0.86467 0.07812 -0.90095
v -0.86467 0.07812 -0.96608
v -0.86467 0.07812 -0.99865
v -0.86467 0.07812 -1.03121
v -0.86467 0.07812 -1.06378
v -0.86467 0.07812 -1.09635
v -0.86467 0.07812 -1.16148
v -0.86467 0.07812 -1.19405
v -0.86467 0.07812 -1.22661
v -0.86467 0.07812 -1.25375
v -0.86467 0.07812 -1.31346
v -0.86467 0.07812 -1.34602
v -0.86467 0.07812 -1.37859
v -0.86467 0.07812 -1.41116
v -0.86467 0.07812 -1.44372
v -0.86467 0.07812 -1.50886
v -0.86467 0.07812 -1.54142
v -0.86467 0.07812 -1.57399
v -0.86467 0.07812 -1.60656
v -0.86467 0.07812 -1.66626
v -0.86467 0.07812 -1.69340
v -0.86467 0.07812 -1.72597
v -0.86467 0.07812 -1.75853
v -0.86467 0.07812 -1.79110
v -0.73604 0.07917 -1.91866
v -0.76660 0.07915 -1.91866
v -0.79881 0.07909 -1.91866
v -0.73604 0.07923 -1.88637
v -0.76660 0.07921 -1.88637
v -0.79882 0.07915 -1.88637
v -0.73604 0.07925 -1.85574
v -0.76660 0.07923 -1.85574
v -0.79882 0.07917 -1.85574
v -0.73604 0.07926 -1.79110
v -0.76660 0.07924 -1.79110
v -0.79882 0.07918 -1.79110
v -0.73604 0.07926 -1.75853
v -0.76660 0.07924 -1.75853
v -0.79882 0.07918 -1.75853
v -0.73604 0.07926 -1.72597
v -0.76660 0.07924 -1.72597
v -0.79882 0.07918 -1.72597
v -0.73604 0.07926 -1.69340
v -0.76660 0.07924 -1.69340
v -0.79882 0.07918 -1.69340
v -0.73604 0.07926 -1.66626
v -0.76660 0.07924 -1.66626
v -0.79882 0.07918 -1.66626
v -0.73604 0.07926 -1.60656
v -0.76660 0.07924 -1.60656
v -0.79882 0.07918 -1.60656
v -0.73604 0.07926 -1.57399
v -0.76660 0.07924 -1.57399
v -0.79882 0.07918 -1.57399
v -0.73604 0.07926 -1.54142
v -0.76660 0.07924 -1.54142
v -0.79882 0.07918 -1.54142
v -0.73604 0.07926 -1.50886
v -0.76660 0.07924 -1.50886
v -0.79882 0.07918 -1.50886
v -0.73604 0.07926 -1.44372
v -0.76660 0.07924 -1.44372
v -0.79882 0.07918 -1.44372
v -0.73604 0.07926 -1.41116
v -0.76660 0.07924 -1.41116
v -0.79882 0.07918 -1.41116
v -0.73604 0.07926 -1.37859
v -0.76660 0.07924 -1.37859
v -0.79882 0.07918 -1.37859
v -0.73604 0.07926 -1.34602
v -0.76660 0.07924 -1.34602
v -0.79882 0.07918 -1.34602
v -0.73604 0.07926 -1.31346
v -0.76660 0.07924 -1.31346
v -0.79882 0.07918 -1.31346
v -0.73604 0.07926 -1.25375
v -0.76660 0.07924 -1.25375
v -0.79882 0.07918 -1.25375
v -0.73604 0.07926 -1.22661
v -0.76660 0.07924 -1.22661
v -0.79882 0.07918 -1.22661
v -0.73604 0.07926 -1.19405
v -0.76660 0.07924 -1.19405
v -0.79882 0.07918 -1.19405
v -0.73604 0.07926 -1.16148
v -0.76660 0.07924 -1.16148
v -0.79882 0.07918 -1.16148
v -0.73604 0.07926 -1.09635
v -0.76660 0.07924 -1.09635
v -0.79882 0.07918 -1.09635
v -0.73604 0.07926 -1.06378
v -0.76660 0.07924 -1.06378
v -0.79882 0.07918 -1.06378
v -0.73604 0.07926 -1.03121
v -0.76660 0.07924 -1.03121
v -0.79882 0.07918 -1.03121
v -0.73604 0.07926 -0.99865
v -0.76660 0.07924 -0.99865
v -0.79882 0.07918 -0.99865
v -0.73604 0.07926 -0.96608
v -0.76660 0.07924 -0.96608
v -0.79882 0.07918 -0.96608
v -0.73604 0.07926 -0.90095
v -0.76660 0.07924 -0.90095
v -0.79882 0.07918 -0.90095
v -0.73604 0.07926 -0.86838
v -0.76660 0.07924 -0.86838
v -0.79882 0.07918 -0.86838
v -0.73604 0.07926 -0.84124
v -0.76660 0.07924 -0.84124
v -0.79882 0.07918 -0.84124
v -0.73604 0.07926 -0.81410
v -0.76660 0.07924 -0.81410
v -0.79882 0.07918 -0.81410
v -0.73604 0.07926 -0.74897
v -0.76660 0.07924 -0.74897
v -0.79882 0.07918 -0.74897
v -0.73604 0.07926 -0.71640
v -0.76660 0.07924 -0.71640
v -0.79882 0.07918 -0.71640
v -0.73604 0.07926 -0.68384
v -0.76660 0.07924 -0.68384
v -0.79882 0.07918 -0.68384
v -0.73604 0.07926 -0.65127
v -0.76660 0.07924 -0.65127
v -0.79882 0.07918 -0.65127
v -0.73604 0.07926 -0.61870
v -0.76660 0.07924 -0.61870
v -0.79882 0.07918 -0.61870
v -0.73604 0.07926 -0.55357
v -0.76660 0.07924 -0.55357
v -0.79882 0.07918 -0.55357
v -0.73604 0.07926 -0.52100
v -0.76660 0.07924 -0.52100
v -0.79882 0.07918 -0.52100
v -0.73604 0.07926 -0.48844
v -0.76660 0.07924 -0.48844
v -0.79882 0.07918 -0.48844
v -0.73604 0.07926 -0.45587
v -0.76660 0.07924 -0.45587
v -0.79882 0.07918 -0.45587
v -0.73604 0.07926 -0.39617
v -0.76660 0.07924 -0.39617
v -0.79882 0.07918 -0.39617
v -0.73604 0.07926 -0.36903
v -0.76660 0.07924 -0.36903
v -0.79882 0.07918 -0.36903
v -0.73604 0.07926 -0.33646
v -0.76660 0.07924 -0.33646
v -0.79882 0.07918 -0.33646
v -0.73604 0.07926 -0.30389
v -0.76660 0.07924 -0.30389
v -0.79882 0.07918 -0.30389
v -0.73604 0.07926 -0.27133
v -0.76660 0.07924 -0.27133
v -0.79882 0.07918 -0.27133
v -0.73604 0.07926 -0.20619
v -0.76660 0.07924 -0.20619
v -0.79882 0.07918 -0.20619
v -0.73604 0.07926 -0.17363
v -0.76660 0.07924 -0.17363
v -0.79882 0.07918 -0.17363
v -0.73604 0.07926 -0.14106
v -0.76660 0.07924 -0.14106
v -0.79882 0.07918 -0.14106
v -0.73604 0.07926 -0.10849
v -0.76660 0.07924 -0.10849
v -0.79882 0.07918 -0.10849
v -0.73604 0.07926 -0.04336
v -0.76660 0.07924 -0.04336
v -0.79882 0.07918 -0.04336
v -0.73604 0.07926 -0.01079
v -0.76660 0.07924 -0.01079
v -0.79882 0.07918 -0.01079
v -0.73604 0.07926 0.01635
v -0.76660 0.07924 0.01635
v -0.79882 0.07918 0.01634
v -0.73604 0.07926 0.04348
v -0.76660 0.07924 0.04348
v -0.79882 0.07918 0.04348
v -0.73604 0.07926 0.07605
v -0.76660 0.07924 0.07605
v -0.79882 0.07918 0.07605
v -0.73604 0.07926 0.14118
v -0.76660 0.07924 0.14118
v -0.79882 0.07918 0.14118
v -0.73604 0.07926 0.17375
v -0.76660 0.07924 0.17375
v -0.79882 0.07918 0.17375
v -0.73604 0.07926 0.20632
v -0.76660 0.07924 0.20632
v -0.79882 0.07918 0.20632
v -0.73604 0.07926 0.23888
v -0.76660 0.07924 0.23888
v -0.79882 0.07918 0.23888
v -0.73604 0.07926 0.30402
v -0.76660 0.07924 0.30402
v -0.79882 0.07918 0.30402
v -0.73604 0.07926 0.33658
v -0.76660 0.07924 0.33658
v -0.79882 0.07918 0.33658
v -0.73604 0.07926 0.36915
v -0.76660 0.07924 0.36915
v -0.79882 0.07918 0.36915
v -0.73604 0.07926 0.40172
v -0.76660 0.07924 0.40172
v -0.79882 0.07918 0.40172
v -0.73604 0.07926 0.42885
v -0.76660 0.07924 0.42885
v -0.79882 0.07918 0.42885
v -0.73604 0.07926 0.48856
v -0.76660 0.07924 0.48856
v -0.79882 0.07918 0.48856
v -0.73604 0.07926 0.52113
v -0.76660 0.07924 0.52113
v -0.79882 0.07918 0.52113
v -0.73604 0.07926 0.55369
v -0.76660 0.07924 0.55369
v -0.79882 0.07918 0.55369
v -0.73604 0.07926 0.58626
v -0.76660 0.07924 0.58626
v -0.79882 0.07918 0.58626
v -0.73604 0.07926 0.65139
v -0.76660 0.07924 0.65139
v -0.79882 0.07918 0.65139
v -0.73604 0.07926 0.68396
v -0.76660 0.07924 0.68396
v -0.79882 0.07918 0.68396
v -0.73604 0.07926 0.71653
v -0.76660 0.07924 0.71653
v -0.79882 0.07918 0.71653
v -0.73604 0.07926 0.74909
v -0.76660 0.07924 0.74909
v -0.79882 0.07918 0.74909
v -0.73604 0.07926 0.81423
v -0.76660 0.07924 0.81423
v -0.79882 0.07918 0.81423
v -0.73604 0.07926 0.84679
v -0.76660 0.07924 0.84679
v -0.79882 0.07918 0.84679
v -0.73604 0.07926 0.87393
v -0.76660 0.07924 0.87393
v -0.79882 0.07918 0.87393
v -0.73604 0.07926 0.90107
v -0.76660 0.07924 0.90107
v -0.79882 0.07918 0.90107
v -0.73604 0.07926 0.93364
v -0.76660 0.07924 0.93364
v -0.79882 0.07918 0.93364
v -0.73604 0.07926 0.99877
v -0.76660 0.07924 0.99877
v -0.79882 0.07918 0.99877
v -0.73604 0.07926 1.03134
v -0.76660 0.07924 1.03134
v -0.79882 0.07918 1.03134
v -0.73604 0.07926 1.06390
v -0.76660 0.07924 1.06390
v -0.79882 0.07918 1.06390
v -0.73604 0.07926 1.09647
v -0.76660 0.07924 1.09647
v -0.79882 0.07918 1.09647
v -0.73604 0.07926 1.16160
v -0.76660 0.07924 1.16160
v -0.79882 0.07918 1.16160
v -0.73604 0.07926 1.19417
v -0.76660 0.07924 1.19417
v -0.79882 0.07918 1.19417
v -0.73604 0.07926 1.22674
v -0.76660 0.07924 1.22674
v -0.79882 0.07918 1.22674
v -0.73604 0.07926 1.25930
v -0.76660 0.07924 1.25930
v -0.79882 0.07918 1.25930
v -0.73604 0.07926 1.28644
v -0.76660 0.07924 1.28644
v -0.79882 0.07918 1.28644
v -0.73604 0.07926 1.34615
v -0.76660 0.07924 1.34615
v -0.79882 0.07918 1.34615
v -0.73604 0.07926 1.37871
v -0.76660 0.07924 1.37871
v -0.79882 0.07918 1.37871
v -0.73604 0.07926 1.41128
v -0.76660 0.07924 1.41128
v -0.79882 0.07918 1.41128
v -0.73604 0.07926 1.44385
v -0.76660 0.07924 1.44385
v -0.79882 0.07918 1.44385
v -0.07029 0.07925 -1.18822
v -0.03832 0.07925 -1.18978
v -0.07079 0.07926 -1.22015
v -0.03899 0.07926 -1.21848
v -0.10156 0.07926 -1.22581
v -0.06973 0.07926 -1.24958
v -0.03839 0.07926 -1.24909
v -0.10178 0.07926 -1.25819
v -0.13411 0.07923 -0.77767
v -0.13206 0.07925 -0.74482
v -0.16621 0.07925 -0.74611
v -0.13373 0.07926 -0.71645
v -0.16306 0.07926 -0.71246
v -0.19695 0.07926 -0.71565
v -0.16661 0.07926 -0.68089
v -0.19971 0.07926 -0.68534
v -0.22834 0.07926 -0.68087
v -0.16498 0.07926 -0.65261
v -0.20064 0.07926 -0.65162
v -0.22911 0.07926 -0.64514
v -0.26043 0.07926 -0.65233
v -0.03840 0.07924 -0.74619
v -0.06926 0.07924 -0.74910
v -0.03900 0.07925 -0.71506
v -0.07023 0.07925 -0.71685
v -0.03799 0.07926 -0.67878
v -0.06979 0.07926 -0.67982
v -0.10144 0.07926 -0.68142
v -0.03905 0.07926 -0.64792
v -0.07190 0.07926 -0.64948
v -0.10220 0.07926 -0.64861
v 0.12034 0.07924 -1.15804
v 0.15215 0.07924 -1.15773
v 0.15059 0.07925 -1.18863
v 0.18384 0.07926 -1.19056
v 0.15315 0.07926 -1.22096
v 0.18399 0.07926 -1.22177
v 0.21680 0.07926 -1.22214
v 0.24593 0.07926 -1.22169
v 0.18299 0.07926 -1.25307
v 0.21478 0.07926 -1.25323
v 0.24778 0.07926 -1.25127
v 0.05589 0.07924 -0.74810
v 0.02494 0.07924 -0.74533
v 0.08655 0.07925 -0.71628
v 0.05638 0.07925 -0.71501
v 0.02629 0.07925 -0.71457
v 0.08918 0.07926 -0.68068
v 0.05745 0.07926 -0.67931
v 0.02815 0.07926 -0.68099
v 0.02321 0.07926 -0.64927
v 0.12027 0.07926 -0.64928
v 0.08996 0.07926 -0.64999
v 0.05718 0.07926 -0.64822
v 0.02501 0.07925 -1.18836
v 0.05726 0.07925 -1.18937
v 0.02732 0.07926 -1.21880
v 0.05792 0.07926 -1.21787
v 0.08758 0.07926 -1.22374
v 0.02448 0.07926 -1.25032
v 0.05628 0.07926 -1.24876
v 0.09148 0.07926 -1.25613
v 0.12007 0.07926 -1.25756
v 0.10318 0.07730 -0.85849
v 0.18316 0.07923 -1.09557
v 0.21467 0.07925 -1.09495
v 0.21512 0.07925 -1.12488
v 0.24561 0.07926 -1.09338
v 0.24824 0.07926 -1.15977
v 0.24590 0.07926 -1.12784
v 0.27736 0.07926 -1.12792
v 0.27756 0.07926 -1.19127
v 0.28001 0.07926 -1.16107
v 0.31316 0.07926 -1.18827
v 0.30883 0.07926 -1.16027
v 0.31086 0.07926 -1.12815
v 0.30881 0.07926 -1.22226
v -0.00555 0.36645 -1.10387
v -0.03839 0.36645 -1.09790
v -0.06902 0.36645 -1.08462
v -0.08554 0.36645 -1.07318
v -0.09998 0.36645 -1.05921
v -0.11247 0.36645 -1.04347
v -0.12224 0.36645 -1.02590
v -0.13125 0.36645 -1.00071
v -0.13507 0.36645 -0.96755
v -0.13125 0.36645 -0.93438
v -0.12224 0.36645 -0.90919
v -0.11247 0.36645 -0.89163
v -0.09998 0.36645 -0.87589
v -0.08554 0.36645 -0.86191
v -0.06902 0.36645 -0.85048
v -0.03839 0.36645 -0.83720
v -0.00555 0.36645 -0.83122
v 0.02772 0.36645 -0.83395
v 0.05950 0.36645 -0.84416
v 0.07707 0.36645 -0.85392
v 0.09281 0.36645 -0.86642
v 0.10678 0.36645 -0.88086
v 0.12128 0.36645 -0.90334
v 0.13355 0.36645 -0.93438
v 0.13736 0.36645 -0.96755
v 0.13355 0.36645 -1.00071
v 0.12128 0.36645 -1.03176
v 0.10678 0.36645 -1.05424
v 0.09281 0.36645 -1.06868
v 0.07707 0.36645 -1.08117
v 0.05950 0.36645 -1.09093
v 0.02772 0.36645 -1.10114
v -0.19247 0.22574 -0.77393
v -0.19247 0.51309 -0.77393
v -0.19247 0.22574 -1.16116
v -0.19247 0.51309 -1.16116
v 0.19476 0.22574 -0.77393
v 0.19476 0.51309 -0.77393
v 0.19476 0.22574 -1.16116
v 0.19476 0.51309 -1.16116
v -0.42642 0.29419 1.02436
v 0.42642 0.29419 1.02436
v -0.41710 0.29419 0.18083
v 0.42642 0.29419 0.17151
v -0.41244 0.29419 1.01037
v 0.41244 0.29419 1.01037
v 0.41244 0.29419 0.18550
v 0.42642 0.29419 0.48386
v 0.41244 0.29419 0.48386
v -0.41710 0.29419 0.48386
v -0.41710 0.29419 0.74945
v 0.00000 0.29419 1.02436
v 0.42642 0.29419 0.32769
v 0.00000 0.29419 0.18083
v 0.00000 0.29419 1.01037
v 0.41244 0.29419 0.33468
v 0.42642 0.29419 0.75411
v 0.41244 0.29419 0.74712
v -0.41710 0.29419 0.33235
v -0.42642 0.33432 1.02436
v 0.42642 0.33432 1.02436
v -0.41710 0.44236 0.18083
v 0.42642 0.44236 0.17151
v -0.42642 0.63342 1.02436
v 0.42642 0.63342 1.02436
v -0.41710 0.63342 0.18083
v 0.42642 0.63342 0.17151
v -0.40778 0.33432 1.00571
v 0.40778 0.33432 1.00571
v 0.40778 0.44236 0.19016
v -0.40778 0.63342 1.00571
v 0.40778 0.63342 1.00571
v 0.40778 0.63342 0.19016
v -0.41710 0.33432 0.48386
v -0.41710 0.63342 0.48386
v 0.42642 0.33432 0.48386
v 0.42642 0.63342 0.48386
v 0.40778 0.33432 0.48386
v 0.40778 0.63342 0.48386
v -0.42642 0.57720 1.02436
v -0.42642 0.58115 0.17151
v 0.42642 0.58115 0.17151
v 0.42642 0.57720 1.02436
v -0.42642 0.57720 0.48386
v 0.42642 0.57720 0.48386
v -0.42642 0.63342 2.38665
v 0.42642 0.63342 2.38665
v -0.42642 0.57720 2.38665
v 0.42642 0.57720 2.38665
v -0.00000 0.08141 0.31896
v -0.00000 0.57938 0.31896
v 0.02362 0.08141 0.32012
v 0.02362 0.57938 0.32012
v 0.05848 0.08141 0.32646
v 0.05848 0.57938 0.32646
v 0.09221 0.08141 0.33730
v 0.09221 0.57938 0.33730
v 0.11358 0.08141 0.34741
v 0.11358 0.57938 0.34741
v 0.13386 0.08141 0.35957
v 0.13386 0.57938 0.35957
v 0.15286 0.08141 0.37365
v 0.15286 0.57938 0.37365
v 0.17832 0.08141 0.39829
v 0.17832 0.57938 0.39829
v 0.20034 0.08141 0.42605
v 0.20034 0.57938 0.42605
v 0.21755 0.08141 0.45702
v 0.21755 0.57938 0.45702
v 0.23057 0.08141 0.48997
v 0.23057 0.57938 0.48997
v 0.23805 0.08141 0.52460
v 0.23805 0.57938 0.52460
v 0.24095 0.08141 0.55991
v 0.24095 0.57938 0.55991
v 0.23979 0.08141 0.58353
v 0.23979 0.57938 0.58353
v 0.23632 0.08141 0.60692
v 0.23632 0.57938 0.60692
v 0.23057 0.08141 0.62985
v 0.23057 0.57938 0.62985
v 0.22261 0.08141 0.65212
v 0.22261 0.57938 0.65212
v 0.20642 0.08141 0.68363
v 0.20642 0.57938 0.68363
v 0.17832 0.08141 0.72153
v 0.17832 0.57938 0.72153
v 0.15286 0.08141 0.74617
v 0.15286 0.57938 0.74617
v 0.13386 0.08141 0.76025
v 0.13386 0.57938 0.76025
v 0.11358 0.08141 0.77241
v 0.11358 0.57938 0.77241
v 0.09221 0.08141 0.78252
v 0.09221 0.57938 0.78252
v 0.06994 0.08141 0.79048
v 0.06994 0.57938 0.79048
v 0.04701 0.08141 0.79623
v 0.04701 0.57938 0.79623
v 0.02362 0.08141 0.79970
v 0.02362 0.57938 0.79970
v -0.00000 0.08141 0.80086
v -0.00000 0.57938 0.80086
v -0.03531 0.08141 0.79796
v -0.03531 0.57938 0.79796
v -0.06994 0.08141 0.79048
v -0.06994 0.57938 0.79048
v -0.10289 0.08141 0.77746
v -0.10289 0.57938 0.77746
v -0.13386 0.08141 0.76025
v -0.13386 0.57938 0.76025
v -0.15286 0.08141 0.74617
v -0.15286 0.57938 0.74617
v -0.17038 0.08141 0.73029
v -0.17038 0.57938 0.73029
v -0.18626 0.08141 0.71277
v -0.18626 0.57938 0.71277
v -0.20642 0.08141 0.68363
v -0.20642 0.57938 0.68363
v -0.22261 0.08141 0.65212
v -0.22261 0.57938 0.65212
v -0.23345 0.08141 0.61839
v -0.23345 0.57938 0.61839
v -0.23979 0.08141 0.58353
v -0.23979 0.57938 0.58353
v -0.24095 0.08141 0.55991
v -0.24095 0.57938 0.55991
v -0.23805 0.08141 0.52460
v -0.23805 0.57938 0.52460
v -0.23057 0.08141 0.48997
v -0.23057 0.57938 0.48997
v -0.22261 0.08141 0.46770
v -0.22261 0.57938 0.46770
v -0.21250 0.08141 0.44633
v -0.21250 0.57938 0.44633
v -0.20034 0.08141 0.42605
v -0.20034 0.57938 0.42605
v -0.18626 0.08141 0.40705
v -0.18626 0.57938 0.40705
v -0.17038 0.08141 0.38953
v -0.17038 0.57938 0.38953
v -0.15286 0.08141 0.37365
v -0.15286 0.57938 0.37365
v -0.13386 0.08141 0.35957
v -0.13386 0.57938 0.35957
v -0.10289 0.08141 0.34236
v -0.10289 0.57938 0.34236
v -0.06994 0.08141 0.32934
v -0.06994 0.57938 0.32934
v -0.03531 0.08141 0.32186
v -0.03531 0.57938 0.32186
f 1113 4993 4996
f 1113 4996 1114
f 4993 4994 4997
f 4993 4997 4996
f 4994 4995 4998
f 4994 4998 4997
f 4995 1293 1292
f 4995 1292 4998
f 1114 4996 4999
f 1114 4999 1115
f 4996 4997 5000
f 4996 5000 4999
f 4997 4998 5001
f 4997 5001 5000
f 4998 1292 1291
f 4998 1291 5001
f 1115 4999 5002
f 1115 5002 1116
f 4999 5000 5003
f 4999 5003 5002
f 5000 5001 5004
f 5000 5004 5003
f 5001 1291 1290
f 5001 1290 5004
f 1116 5002 790
f 1116 790 74
f 5002 5003 791
f 5002 791 790
f 5003 5004 792
f 5003 792 791
f 5004 1290 5
f 5004 5 792
f 488 4570 4993
f 488 4993 1113
f 4570 4569 4994
f 4570 4994 4993
f 4569 4568 4995
f 4569 4995 4994
f 4568 115 1293
f 4568 1293 4995
f 1 2 4
f 1 4 3
f 5 734 5005
f 5 5005 733
f 734 3 4
f 734 4 5005
f 733 5005 4
f 733 4 2
f 6 7 9
f 6 9 8
f 10 736 5006
f 10 5006 735
f 736 9 5006
f 736 8 9
f 735 5006 9
f 735 9 7
f 11 12 14
f 11 14 13
f 15 738 5007
f 15 5007 737
f 738 14 5007
f 738 13 14
f 737 5007 14
f 737 14 12
f 16 17 19
f 16 19 18
f 20 740 5008
f 20 5008 739
f 740 19 5008
f 740 18 19
f 739 5008 19
f 739 19 17
f 741 742 752
f 741 752 751
f 742 743 753
f 742 753 752
f 743 744 754
f 743 754 753
f 744 1 3
f 744 3 754
f 94 741 751
f 94 751 95
f 134 748 5009
f 134 5009 4510
f 748 749 5010
f 748 5010 5009
f 749 750 5011
f 749 5011 5010
f 750 10 735
f 750 735 5011
f 5011 735 7
f 5011 7 747
f 5010 5011 747
f 5010 747 746
f 5009 5010 746
f 5009 746 745
f 4510 5009 745
f 4510 745 114
f 29 755 766
f 29 766 30
f 755 756 767
f 755 767 766
f 756 757 768
f 756 768 767
f 757 6 8
f 757 8 768
f 47 762 5012
f 47 5012 1080
f 762 763 5013
f 762 5013 5012
f 763 764 5014
f 763 5014 5013
f 764 765 5015
f 764 5015 5014
f 765 20 739
f 765 739 5015
f 5015 739 17
f 5015 17 761
f 5014 5015 761
f 5014 761 760
f 5013 5014 760
f 5013 760 759
f 5012 5013 759
f 5012 759 758
f 1080 5012 758
f 1080 758 38
f 154 769 780
f 154 780 155
f 769 770 781
f 769 781 780
f 770 771 782
f 770 782 781
f 771 16 18
f 771 18 782
f 776 777 5017
f 776 5017 5016
f 777 778 5018
f 777 5018 5017
f 778 779 5019
f 778 5019 5018
f 779 15 737
f 779 737 5019
f 5019 737 12
f 5019 12 775
f 5018 5019 775
f 5018 775 774
f 5017 5018 774
f 5017 774 773
f 5016 5017 773
f 5016 773 772
f 4490 5016 772
f 4490 772 174
f 194 776 5016
f 194 5016 4490
f 56 783 793
f 56 793 57
f 783 784 794
f 783 794 793
f 784 785 795
f 784 795 794
f 785 786 796
f 785 796 795
f 786 11 13
f 786 13 796
f 74 790 5020
f 74 5020 1071
f 790 791 5021
f 790 5021 5020
f 791 792 5022
f 791 5022 5021
f 792 5 733
f 792 733 5022
f 5022 733 2
f 5022 2 789
f 5021 5022 789
f 5021 789 788
f 5020 5021 788
f 5020 788 787
f 1071 5020 787
f 1071 787 65
f 1059 5023 5027
f 1059 5027 1060
f 5023 5024 5028
f 5023 5028 5027
f 5024 5025 5029
f 5024 5029 5028
f 5025 5026 5030
f 5025 5030 5029
f 1060 5027 5031
f 1060 5031 1061
f 5027 5028 5032
f 5027 5032 5031
f 5028 5029 5033
f 5028 5033 5032
f 5029 5030 5034
f 5029 5034 5033
f 1061 5031 5035
f 1061 5035 1062
f 5031 5032 5036
f 5031 5036 5035
f 5032 5033 5037
f 5032 5037 5036
f 5033 5034 5038
f 5033 5038 5037
f 1062 5035 783
f 1062 783 56
f 5035 5036 784
f 5035 784 783
f 5036 5037 785
f 5036 785 784
f 5037 5038 786
f 5037 786 785
f 374 4470 5023
f 374 5023 1059
f 4470 4469 5024
f 4470 5024 5023
f 4469 4468 5025
f 4469 5025 5024
f 4468 4467 5026
f 4468 5026 5025
f 4467 135 1382
f 4467 1382 5026
f 5026 1382 1381
f 5026 1381 5030
f 5030 1381 1380
f 5030 1380 5034
f 5034 1380 1379
f 5034 1379 5038
f 5038 1379 11
f 5038 11 786
f 741 5039 5042
f 741 5042 742
f 5039 5040 5043
f 5039 5043 5042
f 5040 5041 5044
f 5040 5044 5043
f 5041 1027 1028
f 5041 1028 5044
f 742 5042 5045
f 742 5045 743
f 5042 5043 5046
f 5042 5046 5045
f 5043 5044 5047
f 5043 5047 5046
f 5044 1028 1029
f 5044 1029 5047
f 743 5045 5048
f 743 5048 744
f 5045 5046 5049
f 5045 5049 5048
f 5046 5047 5050
f 5046 5050 5049
f 5047 1029 1030
f 5047 1030 5050
f 744 5048 912
f 744 912 1
f 5048 5049 913
f 5048 913 912
f 5049 5050 914
f 5049 914 913
f 5050 1030 48
f 5050 48 914
f 94 4390 5039
f 94 5039 741
f 4390 4389 5040
f 4390 5040 5039
f 4389 4388 5041
f 4389 5041 5040
f 4388 214 1027
f 4388 1027 5041
f 5051 5052 5057
f 5051 5057 5056
f 5052 5053 5058
f 5052 5058 5057
f 5053 5054 5059
f 5053 5059 5058
f 5054 5055 5060
f 5054 5060 5059
f 5056 5057 5062
f 5056 5062 5061
f 5057 5058 5063
f 5057 5063 5062
f 5058 5059 5064
f 5058 5064 5063
f 5059 5060 5065
f 5059 5065 5064
f 5061 5062 5067
f 5061 5067 5066
f 5062 5063 5068
f 5062 5068 5067
f 5063 5064 5069
f 5063 5069 5068
f 5064 5065 5070
f 5064 5070 5069
f 5066 5067 916
f 5066 916 915
f 5067 5068 917
f 5067 917 916
f 5068 5069 918
f 5068 918 917
f 5069 5070 919
f 5069 919 918
f 214 4330 5051
f 214 5051 1027
f 4330 4329 5052
f 4330 5052 5051
f 4329 4328 5053
f 4329 5053 5052
f 4328 4327 5054
f 4328 5054 5053
f 4327 4326 5055
f 4327 5055 5054
f 4326 234 1031
f 4326 1031 5055
f 5055 1031 1032
f 5055 1032 5060
f 5060 1032 1033
f 5060 1033 5065
f 5065 1033 1034
f 5065 1034 5070
f 5070 1034 49
f 5070 49 919
f 1030 5066 915
f 1030 915 48
f 1029 5061 5066
f 1029 5066 1030
f 1028 5056 5061
f 1028 5061 1029
f 1027 5051 5056
f 1027 5056 1028
f 1031 5071 5075
f 1031 5075 1032
f 5071 5072 5076
f 5071 5076 5075
f 5072 5073 5077
f 5072 5077 5076
f 5073 5074 5078
f 5073 5078 5077
f 5074 1035 1036
f 5074 1036 5078
f 1032 5075 5079
f 1032 5079 1033
f 5075 5076 5080
f 5075 5080 5079
f 5076 5077 5081
f 5076 5081 5080
f 5077 5078 5082
f 5077 5082 5081
f 5078 1036 1037
f 5078 1037 5082
f 1033 5079 5083
f 1033 5083 1034
f 5079 5080 5084
f 5079 5084 5083
f 5080 5081 5085
f 5080 5085 5084
f 5081 5082 5086
f 5081 5086 5085
f 5082 1037 1038
f 5082 1038 5086
f 1034 5083 920
f 1034 920 49
f 5083 5084 921
f 5083 921 920
f 5084 5085 922
f 5084 922 921
f 5085 5086 923
f 5085 923 922
f 5086 1038 50
f 5086 50 923
f 234 4230 5071
f 234 5071 1031
f 4230 4229 5072
f 4230 5072 5071
f 4229 4228 5073
f 4229 5073 5072
f 4228 4227 5074
f 4228 5074 5073
f 4227 254 1035
f 4227 1035 5074
f 5087 5088 5093
f 5087 5093 5092
f 5088 5089 5094
f 5088 5094 5093
f 5089 5090 5095
f 5089 5095 5094
f 5090 5091 5096
f 5090 5096 5095
f 5092 5093 5098
f 5092 5098 5097
f 5093 5094 5099
f 5093 5099 5098
f 5094 5095 5100
f 5094 5100 5099
f 5095 5096 5101
f 5095 5101 5100
f 5097 5098 5103
f 5097 5103 5102
f 5098 5099 5104
f 5098 5104 5103
f 5099 5100 5105
f 5099 5105 5104
f 5100 5101 5106
f 5100 5106 5105
f 5102 5103 925
f 5102 925 924
f 5103 5104 926
f 5103 926 925
f 5104 5105 927
f 5104 927 926
f 5105 5106 928
f 5105 928 927
f 254 4152 5087
f 254 5087 1035
f 4152 4151 5088
f 4152 5088 5087
f 4151 4150 5089
f 4151 5089 5088
f 4150 4149 5090
f 4150 5090 5089
f 4149 4148 5091
f 4149 5091 5090
f 4148 274 1039
f 4148 1039 5091
f 5091 1039 1040
f 5091 1040 5096
f 5096 1040 1041
f 5096 1041 5101
f 5101 1041 1042
f 5101 1042 5106
f 5106 1042 51
f 5106 51 928
f 1038 5102 924
f 1038 924 50
f 1037 5097 5102
f 1037 5102 1038
f 1036 5092 5097
f 1036 5097 1037
f 1035 5087 5092
f 1035 5092 1036
f 1039 5107 5111
f 1039 5111 1040
f 5107 5108 5112
f 5107 5112 5111
f 5108 5109 5113
f 5108 5113 5112
f 5109 5110 5114
f 5109 5114 5113
f 5110 1043 1044
f 5110 1044 5114
f 1040 5111 5115
f 1040 5115 1041
f 5111 5112 5116
f 5111 5116 5115
f 5112 5113 5117
f 5112 5117 5116
f 5113 5114 5118
f 5113 5118 5117
f 5114 1044 1045
f 5114 1045 5118
f 1041 5115 5119
f 1041 5119 1042
f 5115 5116 5120
f 5115 5120 5119
f 5116 5117 5121
f 5116 5121 5120
f 5117 5118 5122
f 5117 5122 5121
f 5118 1045 1046
f 5118 1046 5122
f 1042 5119 929
f 1042 929 51
f 5119 5120 930
f 5119 930 929
f 5120 5121 931
f 5120 931 930
f 5121 5122 932
f 5121 932 931
f 5122 1046 52
f 5122 52 932
f 274 4053 5107
f 274 5107 1039
f 4053 4052 5108
f 4053 5108 5107
f 4052 4051 5109
f 4052 5109 5108
f 4051 4050 5110
f 4051 5110 5109
f 4050 294 1043
f 4050 1043 5110
f 5123 5124 5129
f 5123 5129 5128
f 5124 5125 5130
f 5124 5130 5129
f 5125 5126 5131
f 5125 5131 5130
f 5126 5127 5132
f 5126 5132 5131
f 5128 5129 5134
f 5128 5134 5133
f 5129 5130 5135
f 5129 5135 5134
f 5130 5131 5136
f 5130 5136 5135
f 5131 5132 5137
f 5131 5137 5136
f 5133 5134 5139
f 5133 5139 5138
f 5134 5135 5140
f 5134 5140 5139
f 5135 5136 5141
f 5135 5141 5140
f 5136 5137 5142
f 5136 5142 5141
f 5138 5139 934
f 5138 934 933
f 5139 5140 935
f 5139 935 934
f 5140 5141 936
f 5140 936 935
f 5141 5142 937
f 5141 937 936
f 294 3977 5123
f 294 5123 1043
f 3977 3976 5124
f 3977 5124 5123
f 3976 3975 5125
f 3976 5125 5124
f 3975 3974 5126
f 3975 5126 5125
f 3974 3973 5127
f 3974 5127 5126
f 3973 314 1047
f 3973 1047 5127
f 5127 1047 1048
f 5127 1048 5132
f 5132 1048 1049
f 5132 1049 5137
f 5137 1049 1050
f 5137 1050 5142
f 5142 1050 53
f 5142 53 937
f 1046 5138 933
f 1046 933 52
f 1045 5133 5138
f 1045 5138 1046
f 1044 5128 5133
f 1044 5133 1045
f 1043 5123 5128
f 1043 5128 1044
f 1047 5143 5147
f 1047 5147 1048
f 5143 5144 5148
f 5143 5148 5147
f 5144 5145 5149
f 5144 5149 5148
f 5145 5146 5150
f 5145 5150 5149
f 5146 1051 1052
f 5146 1052 5150
f 1048 5147 5151
f 1048 5151 1049
f 5147 5148 5152
f 5147 5152 5151
f 5148 5149 5153
f 5148 5153 5152
f 5149 5150 5154
f 5149 5154 5153
f 5150 1052 1053
f 5150 1053 5154
f 1049 5151 5155
f 1049 5155 1050
f 5151 5152 5156
f 5151 5156 5155
f 5152 5153 5157
f 5152 5157 5156
f 5153 5154 5158
f 5153 5158 5157
f 5154 1053 1054
f 5154 1054 5158
f 1050 5155 938
f 1050 938 53
f 5155 5156 939
f 5155 939 938
f 5156 5157 940
f 5156 940 939
f 5157 5158 941
f 5157 941 940
f 5158 1054 54
f 5158 54 941
f 314 3884 5143
f 314 5143 1047
f 3884 3883 5144
f 3884 5144 5143
f 3883 3882 5145
f 3883 5145 5144
f 3882 3881 5146
f 3882 5146 5145
f 3881 334 1051
f 3881 1051 5146
f 1051 5159 5164
f 1051 5164 1052
f 5159 5160 5165
f 5159 5165 5164
f 5160 5161 5166
f 5160 5166 5165
f 5161 5162 5167
f 5161 5167 5166
f 5162 5163 5168
f 5162 5168 5167
f 1052 5164 5169
f 1052 5169 1053
f 5164 5165 5170
f 5164 5170 5169
f 5165 5166 5171
f 5165 5171 5170
f 5166 5167 5172
f 5166 5172 5171
f 5167 5168 5173
f 5167 5173 5172
f 1053 5169 5174
f 1053 5174 1054
f 5169 5170 5175
f 5169 5175 5174
f 5170 5171 5176
f 5170 5176 5175
f 5171 5172 5177
f 5171 5177 5176
f 5172 5173 5178
f 5172 5178 5177
f 1054 5174 942
f 1054 942 54
f 5174 5175 943
f 5174 943 942
f 5175 5176 944
f 5175 944 943
f 5176 5177 945
f 5176 945 944
f 5177 5178 946
f 5177 946 945
f 334 3806 5159
f 334 5159 1051
f 3806 3805 5160
f 3806 5160 5159
f 3805 3804 5161
f 3805 5161 5160
f 3804 3803 5162
f 3804 5162 5161
f 3803 3802 5163
f 3803 5163 5162
f 3802 354 1055
f 3802 1055 5163
f 5163 1055 1056
f 5163 1056 5168
f 5168 1056 1057
f 5168 1057 5173
f 5173 1057 1058
f 5173 1058 5178
f 5178 1058 55
f 5178 55 946
f 1055 5179 5183
f 1055 5183 1056
f 5179 5180 5184
f 5179 5184 5183
f 5180 5181 5185
f 5180 5185 5184
f 5181 5182 5186
f 5181 5186 5185
f 5182 1059 1060
f 5182 1060 5186
f 1056 5183 5187
f 1056 5187 1057
f 5183 5184 5188
f 5183 5188 5187
f 5184 5185 5189
f 5184 5189 5188
f 5185 5186 5190
f 5185 5190 5189
f 5186 1060 1061
f 5186 1061 5190
f 1057 5187 5191
f 1057 5191 1058
f 5187 5188 5192
f 5187 5192 5191
f 5188 5189 5193
f 5188 5193 5192
f 5189 5190 5194
f 5189 5194 5193
f 5190 1061 1062
f 5190 1062 5194
f 1058 5191 947
f 1058 947 55
f 5191 5192 948
f 5191 948 947
f 5192 5193 949
f 5192 949 948
f 5193 5194 950
f 5193 950 949
f 5194 1062 56
f 5194 56 950
f 354 3710 5179
f 354 5179 1055
f 3710 3709 5180
f 3710 5180 5179
f 3709 3708 5181
f 3709 5181 5180
f 3708 3707 5182
f 3708 5182 5181
f 3707 374 1059
f 3707 1059 5182
f 987 988 5196
f 987 5196 5195
f 988 989 5197
f 988 5197 5196
f 989 990 5198
f 989 5198 5197
f 990 66 1063
f 990 1063 5198
f 5198 1063 57
f 5198 57 793
f 5197 5198 793
f 5197 793 794
f 5196 5197 794
f 5196 794 795
f 5195 5196 795
f 5195 795 796
f 738 5195 796
f 738 796 13
f 15 987 5195
f 15 5195 738
f 66 991 5199
f 66 5199 1063
f 991 992 5200
f 991 5200 5199
f 992 993 5201
f 992 5201 5200
f 993 994 5202
f 993 5202 5201
f 994 67 1064
f 994 1064 5202
f 5202 1064 58
f 5202 58 954
f 5201 5202 954
f 5201 954 953
f 5200 5201 953
f 5200 953 952
f 5199 5200 952
f 5199 952 951
f 1063 5199 951
f 1063 951 57
f 995 996 5204
f 995 5204 5203
f 996 997 5205
f 996 5205 5204
f 997 998 5206
f 997 5206 5205
f 998 999 5207
f 998 5207 5206
f 999 68 1065
f 999 1065 5207
f 5207 1065 59
f 5207 59 959
f 5206 5207 959
f 5206 959 958
f 5205 5206 958
f 5205 958 957
f 5204 5205 957
f 5204 957 956
f 5203 5204 956
f 5203 956 955
f 1064 5203 955
f 1064 955 58
f 67 995 5203
f 67 5203 1064
f 68 1000 5208
f 68 5208 1065
f 1000 1001 5209
f 1000 5209 5208
f 1001 1002 5210
f 1001 5210 5209
f 1002 1003 5211
f 1002 5211 5210
f 1003 69 1066
f 1003 1066 5211
f 5211 1066 60
f 5211 60 963
f 5210 5211 963
f 5210 963 962
f 5209 5210 962
f 5209 962 961
f 5208 5209 961
f 5208 961 960
f 1065 5208 960
f 1065 960 59
f 1004 1005 5213
f 1004 5213 5212
f 1005 1006 5214
f 1005 5214 5213
f 1006 1007 5215
f 1006 5215 5214
f 1007 1008 5216
f 1007 5216 5215
f 1008 70 1067
f 1008 1067 5216
f 5216 1067 61
f 5216 61 968
f 5215 5216 968
f 5215 968 967
f 5214 5215 967
f 5214 967 966
f 5213 5214 966
f 5213 966 965
f 5212 5213 965
f 5212 965 964
f 1066 5212 964
f 1066 964 60
f 69 1004 5212
f 69 5212 1066
f 70 1009 5217
f 70 5217 1067
f 1009 1010 5218
f 1009 5218 5217
f 1010 1011 5219
f 1010 5219 5218
f 1011 1012 5220
f 1011 5220 5219
f 1012 71 1068
f 1012 1068 5220
f 5220 1068 62
f 5220 62 972
f 5219 5220 972
f 5219 972 971
f 5218 5219 971
f 5218 971 970
f 5217 5218 970
f 5217 970 969
f 1067 5217 969
f 1067 969 61
f 1013 1014 5222
f 1013 5222 5221
f 1014 1015 5223
f 1014 5223 5222
f 1015 1016 5224
f 1015 5224 5223
f 1016 1017 5225
f 1016 5225 5224
f 1017 72 1069
f 1017 1069 5225
f 5225 1069 63
f 5225 63 977
f 5224 5225 977
f 5224 977 976
f 5223 5224 976
f 5223 976 975
f 5222 5223 975
f 5222 975 974
f 5221 5222 974
f 5221 974 973
f 1068 5221 973
f 1068 973 62
f 71 1013 5221
f 71 5221 1068
f 72 1018 5226
f 72 5226 1069
f 1018 1019 5227
f 1018 5227 5226
f 1019 1020 5228
f 1019 5228 5227
f 1020 1021 5229
f 1020 5229 5228
f 1021 73 1070
f 1021 1070 5229
f 5229 1070 64
f 5229 64 981
f 5228 5229 981
f 5228 981 980
f 5227 5228 980
f 5227 980 979
f 5226 5227 979
f 5226 979 978
f 1069 5226 978
f 1069 978 63
f 1022 1023 5231
f 1022 5231 5230
f 1023 1024 5232
f 1023 5232 5231
f 1024 1025 5233
f 1024 5233 5232
f 1025 1026 5234
f 1025 5234 5233
f 1026 74 1071
f 1026 1071 5234
f 5234 1071 65
f 5234 65 986
f 5233 5234 986
f 5233 986 985
f 5232 5233 985
f 5232 985 984
f 5231 5232 984
f 5231 984 983
f 5230 5231 983
f 5230 983 982
f 1070 5230 982
f 1070 982 64
f 73 1022 5230
f 73 5230 1070
f 1 912 789
f 1 789 2
f 912 913 788
f 912 788 789
f 913 914 787
f 913 787 788
f 914 48 65
f 914 65 787
f 915 916 985
f 915 985 986
f 916 917 984
f 916 984 985
f 917 918 983
f 917 983 984
f 918 919 982
f 918 982 983
f 919 49 64
f 919 64 982
f 48 915 986
f 48 986 65
f 49 920 981
f 49 981 64
f 920 921 980
f 920 980 981
f 921 922 979
f 921 979 980
f 922 923 978
f 922 978 979
f 923 50 63
f 923 63 978
f 924 925 976
f 924 976 977
f 925 926 975
f 925 975 976
f 926 927 974
f 926 974 975
f 927 928 973
f 927 973 974
f 928 51 62
f 928 62 973
f 50 924 977
f 50 977 63
f 51 929 972
f 51 972 62
f 929 930 971
f 929 971 972
f 930 931 970
f 930 970 971
f 931 932 969
f 931 969 970
f 932 52 61
f 932 61 969
f 933 934 967
f 933 967 968
f 934 935 966
f 934 966 967
f 935 936 965
f 935 965 966
f 936 937 964
f 936 964 965
f 937 53 60
f 937 60 964
f 52 933 968
f 52 968 61
f 53 938 963
f 53 963 60
f 938 939 962
f 938 962 963
f 939 940 961
f 939 961 962
f 940 941 960
f 940 960 961
f 941 54 59
f 941 59 960
f 54 942 959
f 54 959 59
f 942 943 958
f 942 958 959
f 943 944 957
f 943 957 958
f 944 945 956
f 944 956 957
f 945 946 955
f 945 955 956
f 946 55 58
f 946 58 955
f 55 947 954
f 55 954 58
f 947 948 953
f 947 953 954
f 948 949 952
f 948 952 953
f 949 950 951
f 949 951 952
f 950 56 57
f 950 57 951
f 10 873 5235
f 10 5235 736
f 873 874 5236
f 873 5236 5235
f 874 875 5237
f 874 5237 5236
f 875 39 1072
f 875 1072 5237
f 5237 1072 30
f 5237 30 766
f 5236 5237 766
f 5236 766 767
f 5235 5236 767
f 5235 767 768
f 736 5235 768
f 736 768 8
f 876 877 5239
f 876 5239 5238
f 877 878 5240
f 877 5240 5239
f 878 879 5241
f 878 5241 5240
f 879 880 5242
f 879 5242 5241
f 880 40 1073
f 880 1073 5242
f 5242 1073 31
f 5242 31 841
f 5241 5242 841
f 5241 841 840
f 5240 5241 840
f 5240 840 839
f 5239 5240 839
f 5239 839 838
f 5238 5239 838
f 5238 838 837
f 1072 5238 837
f 1072 837 30
f 39 876 5238
f 39 5238 1072
f 40 881 5243
f 40 5243 1073
f 881 882 5244
f 881 5244 5243
f 882 883 5245
f 882 5245 5244
f 883 884 5246
f 883 5246 5245
f 884 41 1074
f 884 1074 5246
f 5246 1074 32
f 5246 32 845
f 5245 5246 845
f 5245 845 844
f 5244 5245 844
f 5244 844 843
f 5243 5244 843
f 5243 843 842
f 1073 5243 842
f 1073 842 31
f 885 886 5248
f 885 5248 5247
f 886 887 5249
f 886 5249 5248
f 887 888 5250
f 887 5250 5249
f 888 889 5251
f 888 5251 5250
f 889 42 1075
f 889 1075 5251
f 5251 1075 33
f 5251 33 850
f 5250 5251 850
f 5250 850 849
f 5249 5250 849
f 5249 849 848
f 5248 5249 848
f 5248 848 847
f 5247 5248 847
f 5247 847 846
f 1074 5247 846
f 1074 846 32
f 41 885 5247
f 41 5247 1074
f 42 890 5252
f 42 5252 1075
f 890 891 5253
f 890 5253 5252
f 891 892 5254
f 891 5254 5253
f 892 893 5255
f 892 5255 5254
f 893 43 1076
f 893 1076 5255
f 5255 1076 34
f 5255 34 854
f 5254 5255 854
f 5254 854 853
f 5253 5254 853
f 5253 853 852
f 5252 5253 852
f 5252 852 851
f 1075 5252 851
f 1075 851 33
f 894 895 5257
f 894 5257 5256
f 895 896 5258
f 895 5258 5257
f 896 897 5259
f 896 5259 5258
f 897 898 5260
f 897 5260 5259
f 898 44 1077
f 898 1077 5260
f 5260 1077 35
f 5260 35 859
f 5259 5260 859
f 5259 859 858
f 5258 5259 858
f 5258 858 857
f 5257 5258 857
f 5257 857 856
f 5256 5257 856
f 5256 856 855
f 1076 5256 855
f 1076 855 34
f 43 894 5256
f 43 5256 1076
f 44 899 5261
f 44 5261 1077
f 899 900 5262
f 899 5262 5261
f 900 901 5263
f 900 5263 5262
f 901 902 5264
f 901 5264 5263
f 902 45 1078
f 902 1078 5264
f 5264 1078 36
f 5264 36 863
f 5263 5264 863
f 5263 863 862
f 5262 5263 862
f 5262 862 861
f 5261 5262 861
f 5261 861 860
f 1077 5261 860
f 1077 860 35
f 45 903 5265
f 45 5265 1078
f 903 904 5266
f 903 5266 5265
f 904 905 5267
f 904 5267 5266
f 905 906 5268
f 905 5268 5267
f 906 907 5269
f 906 5269 5268
f 907 46 1079
f 907 1079 5269
f 5269 1079 37
f 5269 37 868
f 5268 5269 868
f 5268 868 867
f 5267 5268 867
f 5267 867 866
f 5266 5267 866
f 5266 866 865
f 5265 5266 865
f 5265 865 864
f 1078 5265 864
f 1078 864 36
f 46 908 5270
f 46 5270 1079
f 908 909 5271
f 908 5271 5270
f 909 910 5272
f 909 5272 5271
f 910 911 5273
f 910 5273 5272
f 911 47 1080
f 911 1080 5273
f 5273 1080 38
f 5273 38 872
f 5272 5273 872
f 5272 872 871
f 5271 5272 871
f 5271 871 870
f 5270 5271 870
f 5270 870 869
f 1079 5270 869
f 1079 869 37
f 797 798 760
f 797 760 761
f 798 799 759
f 798 759 760
f 799 800 758
f 799 758 759
f 800 21 38
f 800 38 758
f 16 797 761
f 16 761 17
f 21 801 872
f 21 872 38
f 801 802 871
f 801 871 872
f 802 803 870
f 802 870 871
f 803 804 869
f 803 869 870
f 804 22 37
f 804 37 869
f 805 806 867
f 805 867 868
f 806 807 866
f 806 866 867
f 807 808 865
f 807 865 866
f 808 809 864
f 808 864 865
f 809 23 36
f 809 36 864
f 22 805 868
f 22 868 37
f 23 810 863
f 23 863 36
f 810 811 862
f 810 862 863
f 811 812 861
f 811 861 862
f 812 813 860
f 812 860 861
f 813 24 35
f 813 35 860
f 814 815 858
f 814 858 859
f 815 816 857
f 815 857 858
f 816 817 856
f 816 856 857
f 817 818 855
f 817 855 856
f 818 25 34
f 818 34 855
f 24 814 859
f 24 859 35
f 25 819 854
f 25 854 34
f 819 820 853
f 819 853 854
f 820 821 852
f 820 852 853
f 821 822 851
f 821 851 852
f 822 26 33
f 822 33 851
f 823 824 849
f 823 849 850
f 824 825 848
f 824 848 849
f 825 826 847
f 825 847 848
f 826 827 846
f 826 846 847
f 827 27 32
f 827 32 846
f 26 823 850
f 26 850 33
f 27 828 845
f 27 845 32
f 828 829 844
f 828 844 845
f 829 830 843
f 829 843 844
f 830 831 842
f 830 842 843
f 831 28 31
f 831 31 842
f 832 833 840
f 832 840 841
f 833 834 839
f 833 839 840
f 834 835 838
f 834 838 839
f 835 836 837
f 835 837 838
f 836 29 30
f 836 30 837
f 28 832 841
f 28 841 31
f 5274 5275 5279
f 5274 5279 5278
f 5275 5276 5280
f 5275 5280 5279
f 5276 5277 5281
f 5276 5281 5280
f 5277 1081 1082
f 5277 1082 5281
f 5278 5279 5283
f 5278 5283 5282
f 5279 5280 5284
f 5279 5284 5283
f 5280 5281 5285
f 5280 5285 5284
f 5281 1082 1083
f 5281 1083 5285
f 5282 5283 5287
f 5282 5287 5286
f 5283 5284 5288
f 5283 5288 5287
f 5284 5285 5289
f 5284 5289 5288
f 5285 1083 1084
f 5285 1084 5289
f 5286 5287 988
f 5286 988 987
f 5287 5288 989
f 5287 989 988
f 5288 5289 990
f 5288 990 989
f 5289 1084 66
f 5289 66 990
f 194 3630 5274
f 194 5274 776
f 3630 3629 5275
f 3630 5275 5274
f 3629 3628 5276
f 3629 5276 5275
f 3628 3627 5277
f 3628 5277 5276
f 3627 394 1081
f 3627 1081 5277
f 779 5286 987
f 779 987 15
f 778 5282 5286
f 778 5286 779
f 777 5278 5282
f 777 5282 778
f 776 5274 5278
f 776 5278 777
f 1081 5290 5294
f 1081 5294 1082
f 5290 5291 5295
f 5290 5295 5294
f 5291 5292 5296
f 5291 5296 5295
f 5292 5293 5297
f 5292 5297 5296
f 5293 1085 1086
f 5293 1086 5297
f 1082 5294 5298
f 1082 5298 1083
f 5294 5295 5299
f 5294 5299 5298
f 5295 5296 5300
f 5295 5300 5299
f 5296 5297 5301
f 5296 5301 5300
f 5297 1086 1087
f 5297 1087 5301
f 1083 5298 5302
f 1083 5302 1084
f 5298 5299 5303
f 5298 5303 5302
f 5299 5300 5304
f 5299 5304 5303
f 5300 5301 5305
f 5300 5305 5304
f 5301 1087 1088
f 5301 1088 5305
f 1084 5302 991
f 1084 991 66
f 5302 5303 992
f 5302 992 991
f 5303 5304 993
f 5303 993 992
f 5304 5305 994
f 5304 994 993
f 5305 1088 67
f 5305 67 994
f 394 3550 5290
f 394 5290 1081
f 3550 3549 5291
f 3550 5291 5290
f 3549 3548 5292
f 3549 5292 5291
f 3548 3547 5293
f 3548 5293 5292
f 3547 407 1085
f 3547 1085 5293
f 5306 5307 5312
f 5306 5312 5311
f 5307 5308 5313
f 5307 5313 5312
f 5308 5309 5314
f 5308 5314 5313
f 5309 5310 5315
f 5309 5315 5314
f 5310 1089 1090
f 5310 1090 5315
f 5311 5312 5317
f 5311 5317 5316
f 5312 5313 5318
f 5312 5318 5317
f 5313 5314 5319
f 5313 5319 5318
f 5314 5315 5320
f 5314 5320 5319
f 5315 1090 1091
f 5315 1091 5320
f 5316 5317 5322
f 5316 5322 5321
f 5317 5318 5323
f 5317 5323 5322
f 5318 5319 5324
f 5318 5324 5323
f 5319 5320 5325
f 5319 5325 5324
f 5320 1091 1092
f 5320 1092 5325
f 5321 5322 996
f 5321 996 995
f 5322 5323 997
f 5322 997 996
f 5323 5324 998
f 5323 998 997
f 5324 5325 999
f 5324 999 998
f 5325 1092 68
f 5325 68 999
f 407 3469 5306
f 407 5306 1085
f 3469 3468 5307
f 3469 5307 5306
f 3468 3467 5308
f 3468 5308 5307
f 3467 3466 5309
f 3467 5309 5308
f 3466 3465 5310
f 3466 5310 5309
f 3465 416 1089
f 3465 1089 5310
f 1088 5321 995
f 1088 995 67
f 1087 5316 5321
f 1087 5321 1088
f 1086 5311 5316
f 1086 5316 1087
f 1085 5306 5311
f 1085 5311 1086
f 1089 5326 5330
f 1089 5330 1090
f 5326 5327 5331
f 5326 5331 5330
f 5327 5328 5332
f 5327 5332 5331
f 5328 5329 5333
f 5328 5333 5332
f 5329 1093 1094
f 5329 1094 5333
f 1090 5330 5334
f 1090 5334 1091
f 5330 5331 5335
f 5330 5335 5334
f 5331 5332 5336
f 5331 5336 5335
f 5332 5333 5337
f 5332 5337 5336
f 5333 1094 1095
f 5333 1095 5337
f 1091 5334 5338
f 1091 5338 1092
f 5334 5335 5339
f 5334 5339 5338
f 5335 5336 5340
f 5335 5340 5339
f 5336 5337 5341
f 5336 5341 5340
f 5337 1095 1096
f 5337 1096 5341
f 1092 5338 1000
f 1092 1000 68
f 5338 5339 1001
f 5338 1001 1000
f 5339 5340 1002
f 5339 1002 1001
f 5340 5341 1003
f 5340 1003 1002
f 5341 1096 69
f 5341 69 1003
f 416 3394 5326
f 416 5326 1089
f 3394 3393 5327
f 3394 5327 5326
f 3393 3392 5328
f 3393 5328 5327
f 3392 3391 5329
f 3392 5329 5328
f 3391 426 1093
f 3391 1093 5329
f 5342 5343 5348
f 5342 5348 5347
f 5343 5344 5349
f 5343 5349 5348
f 5344 5345 5350
f 5344 5350 5349
f 5345 5346 5351
f 5345 5351 5350
f 5347 5348 5353
f 5347 5353 5352
f 5348 5349 5354
f 5348 5354 5353
f 5349 5350 5355
f 5349 5355 5354
f 5350 5351 5356
f 5350 5356 5355
f 5352 5353 5358
f 5352 5358 5357
f 5353 5354 5359
f 5353 5359 5358
f 5354 5355 5360
f 5354 5360 5359
f 5355 5356 5361
f 5355 5361 5360
f 5357 5358 1005
f 5357 1005 1004
f 5358 5359 1006
f 5358 1006 1005
f 5359 5360 1007
f 5359 1007 1006
f 5360 5361 1008
f 5360 1008 1007
f 426 3345 5342
f 426 5342 1093
f 3345 3344 5343
f 3345 5343 5342
f 3344 3343 5344
f 3344 5344 5343
f 3343 3342 5345
f 3343 5345 5344
f 3342 3341 5346
f 3342 5346 5345
f 3341 436 1097
f 3341 1097 5346
f 5346 1097 1098
f 5346 1098 5351
f 5351 1098 1099
f 5351 1099 5356
f 5356 1099 1100
f 5356 1100 5361
f 5361 1100 70
f 5361 70 1008
f 1096 5357 1004
f 1096 1004 69
f 1095 5352 5357
f 1095 5357 1096
f 1094 5347 5352
f 1094 5352 1095
f 1093 5342 5347
f 1093 5347 1094
f 1097 5362 5366
f 1097 5366 1098
f 5362 5363 5367
f 5362 5367 5366
f 5363 5364 5368
f 5363 5368 5367
f 5364 5365 5369
f 5364 5369 5368
f 5365 1101 1102
f 5365 1102 5369
f 1098 5366 5370
f 1098 5370 1099
f 5366 5367 5371
f 5366 5371 5370
f 5367 5368 5372
f 5367 5372 5371
f 5368 5369 5373
f 5368 5373 5372
f 5369 1102 1103
f 5369 1103 5373
f 1099 5370 5374
f 1099 5374 1100
f 5370 5371 5375
f 5370 5375 5374
f 5371 5372 5376
f 5371 5376 5375
f 5372 5373 5377
f 5372 5377 5376
f 5373 1103 1104
f 5373 1104 5377
f 1100 5374 1009
f 1100 1009 70
f 5374 5375 1010
f 5374 1010 1009
f 5375 5376 1011
f 5375 1011 1010
f 5376 5377 1012
f 5376 1012 1011
f 5377 1104 71
f 5377 71 1012
f 436 3287 5362
f 436 5362 1097
f 3287 3286 5363
f 3287 5363 5362
f 3286 3285 5364
f 3286 5364 5363
f 3285 3284 5365
f 3285 5365 5364
f 3284 446 1101
f 3284 1101 5365
f 5378 5379 5384
f 5378 5384 5383
f 5379 5380 5385
f 5379 5385 5384
f 5380 5381 5386
f 5380 5386 5385
f 5381 5382 5387
f 5381 5387 5386
f 5383 5384 5389
f 5383 5389 5388
f 5384 5385 5390
f 5384 5390 5389
f 5385 5386 5391
f 5385 5391 5390
f 5386 5387 5392
f 5386 5392 5391
f 5388 5389 5394
f 5388 5394 5393
f 5389 5390 5395
f 5389 5395 5394
f 5390 5391 5396
f 5390 5396 5395
f 5391 5392 5397
f 5391 5397 5396
f 5393 5394 1014
f 5393 1014 1013
f 5394 5395 1015
f 5394 1015 1014
f 5395 5396 1016
f 5395 1016 1015
f 5396 5397 1017
f 5396 1017 1016
f 446 3239 5378
f 446 5378 1101
f 3239 3238 5379
f 3239 5379 5378
f 3238 3237 5380
f 3238 5380 5379
f 3237 3236 5381
f 3237 5381 5380
f 3236 3235 5382
f 3236 5382 5381
f 3235 455 1105
f 3235 1105 5382
f 5382 1105 1106
f 5382 1106 5387
f 5387 1106 1107
f 5387 1107 5392
f 5392 1107 1108
f 5392 1108 5397
f 5397 1108 72
f 5397 72 1017
f 1104 5393 1013
f 1104 1013 71
f 1103 5388 5393
f 1103 5393 1104
f 1102 5383 5388
f 1102 5388 1103
f 1101 5378 5383
f 1101 5383 1102
f 1105 5398 5402
f 1105 5402 1106
f 5398 5399 5403
f 5398 5403 5402
f 5399 5400 5404
f 5399 5404 5403
f 5400 5401 5405
f 5400 5405 5404
f 5401 1109 1110
f 5401 1110 5405
f 1106 5402 5406
f 1106 5406 1107
f 5402 5403 5407
f 5402 5407 5406
f 5403 5404 5408
f 5403 5408 5407
f 5404 5405 5409
f 5404 5409 5408
f 5405 1110 1111
f 5405 1111 5409
f 1107 5406 5410
f 1107 5410 1108
f 5406 5407 5411
f 5406 5411 5410
f 5407 5408 5412
f 5407 5412 5411
f 5408 5409 5413
f 5408 5413 5412
f 5409 1111 1112
f 5409 1112 5413
f 1108 5410 1018
f 1108 1018 72
f 5410 5411 1019
f 5410 1019 1018
f 5411 5412 1020
f 5411 1020 1019
f 5412 5413 1021
f 5412 1021 1020
f 5413 1112 73
f 5413 73 1021
f 455 3181 5398
f 455 5398 1105
f 3181 3180 5399
f 3181 5399 5398
f 3180 3179 5400
f 3180 5400 5399
f 3179 3178 5401
f 3179 5401 5400
f 3178 468 1109
f 3178 1109 5401
f 5414 5415 5420
f 5414 5420 5419
f 5415 5416 5421
f 5415 5421 5420
f 5416 5417 5422
f 5416 5422 5421
f 5417 5418 5423
f 5417 5423 5422
f 5419 5420 5425
f 5419 5425 5424
f 5420 5421 5426
f 5420 5426 5425
f 5421 5422 5427
f 5421 5427 5426
f 5422 5423 5428
f 5422 5428 5427
f 5424 5425 5430
f 5424 5430 5429
f 5425 5426 5431
f 5425 5431 5430
f 5426 5427 5432
f 5426 5432 5431
f 5427 5428 5433
f 5427 5433 5432
f 5429 5430 1023
f 5429 1023 1022
f 5430 5431 1024
f 5430 1024 1023
f 5431 5432 1025
f 5431 1025 1024
f 5432 5433 1026
f 5432 1026 1025
f 468 3117 5414
f 468 5414 1109
f 3117 3116 5415
f 3117 5415 5414
f 3116 3115 5416
f 3116 5416 5415
f 3115 3114 5417
f 3115 5417 5416
f 3114 3113 5418
f 3114 5418 5417
f 3113 488 1113
f 3113 1113 5418
f 5418 1113 1114
f 5418 1114 5423
f 5423 1114 1115
f 5423 1115 5428
f 5428 1115 1116
f 5428 1116 5433
f 5433 1116 74
f 5433 74 1026
f 1112 5429 1022
f 1112 1022 73
f 1111 5424 5429
f 1111 5429 1112
f 1110 5419 5424
f 1110 5424 1111
f 1109 5414 5419
f 1109 5419 1110
f 880 879 5435
f 880 5435 5434
f 879 878 5436
f 879 5436 5435
f 878 877 5437
f 878 5437 5436
f 877 876 5438
f 877 5438 5437
f 5434 5435 5440
f 5434 5440 5439
f 5435 5436 5441
f 5435 5441 5440
f 5436 5437 5442
f 5436 5442 5441
f 5437 5438 5443
f 5437 5443 5442
f 5439 5440 5445
f 5439 5445 5444
f 5440 5441 5446
f 5440 5446 5445
f 5441 5442 5447
f 5441 5447 5446
f 5442 5443 5448
f 5442 5448 5447
f 5444 5445 3025
f 5444 3025 3026
f 5445 5446 3024
f 5445 3024 3025
f 5446 5447 3023
f 5446 3023 3024
f 5447 5448 3022
f 5447 3022 3023
f 876 39 2934
f 876 2934 5438
f 5438 2934 2935
f 5438 2935 5443
f 5443 2935 2936
f 5443 2936 5448
f 5448 2936 469
f 5448 469 3022
f 2847 5444 3026
f 2847 3026 456
f 2846 5439 5444
f 2846 5444 2847
f 2845 5434 5439
f 2845 5439 2846
f 40 880 5434
f 40 5434 2845
f 5449 5450 5455
f 5449 5455 5454
f 5450 5451 5456
f 5450 5456 5455
f 5451 5452 5457
f 5451 5457 5456
f 5452 5453 5458
f 5452 5458 5457
f 5454 5455 5460
f 5454 5460 5459
f 5455 5456 5461
f 5455 5461 5460
f 5456 5457 5462
f 5456 5462 5461
f 5457 5458 5463
f 5457 5463 5462
f 5459 5460 5465
f 5459 5465 5464
f 5460 5461 5466
f 5460 5466 5465
f 5461 5462 5467
f 5461 5467 5466
f 5462 5463 5468
f 5462 5468 5467
f 5464 5465 5470
f 5464 5470 5469
f 5465 5466 5471
f 5465 5471 5470
f 5466 5467 5472
f 5466 5472 5471
f 5467 5468 5473
f 5467 5473 5472
f 5469 5470 3030
f 5469 3030 3031
f 5470 5471 3029
f 5470 3029 3030
f 5471 5472 3028
f 5471 3028 3029
f 5472 5473 3027
f 5472 3027 3028
f 456 3026 5449
f 456 5449 2848
f 3026 3025 5450
f 3026 5450 5449
f 3025 3024 5451
f 3025 5451 5450
f 3024 3023 5452
f 3024 5452 5451
f 3023 3022 5453
f 3023 5453 5452
f 3022 469 2937
f 3022 2937 5453
f 5453 2937 2938
f 5453 2938 5458
f 5458 2938 2939
f 5458 2939 5463
f 5463 2939 2940
f 5463 2940 5468
f 5468 2940 2941
f 5468 2941 5473
f 5473 2941 470
f 5473 470 3027
f 2852 5469 3031
f 2852 3031 457
f 2851 5464 5469
f 2851 5469 2852
f 2850 5459 5464
f 2850 5464 2851
f 2849 5454 5459
f 2849 5459 2850
f 2848 5449 5454
f 2848 5454 2849
f 3031 3030 5475
f 3031 5475 5474
f 3030 3029 5476
f 3030 5476 5475
f 3029 3028 5477
f 3029 5477 5476
f 3028 3027 5478
f 3028 5478 5477
f 5474 5475 5480
f 5474 5480 5479
f 5475 5476 5481
f 5475 5481 5480
f 5476 5477 5482
f 5476 5482 5481
f 5477 5478 5483
f 5477 5483 5482
f 5479 5480 5485
f 5479 5485 5484
f 5480 5481 5486
f 5480 5486 5485
f 5481 5482 5487
f 5481 5487 5486
f 5482 5483 5488
f 5482 5488 5487
f 5484 5485 5490
f 5484 5490 5489
f 5485 5486 5491
f 5485 5491 5490
f 5486 5487 5492
f 5486 5492 5491
f 5487 5488 5493
f 5487 5493 5492
f 5489 5490 3035
f 5489 3035 3036
f 5490 5491 3034
f 5490 3034 3035
f 5491 5492 3033
f 5491 3033 3034
f 5492 5493 3032
f 5492 3032 3033
f 3027 470 2942
f 3027 2942 5478
f 5478 2942 2943
f 5478 2943 5483
f 5483 2943 2944
f 5483 2944 5488
f 5488 2944 2945
f 5488 2945 5493
f 5493 2945 471
f 5493 471 3032
f 2856 5489 3036
f 2856 3036 458
f 2855 5484 5489
f 2855 5489 2856
f 2854 5479 5484
f 2854 5484 2855
f 2853 5474 5479
f 2853 5479 2854
f 457 3031 5474
f 457 5474 2853
f 5494 5495 5500
f 5494 5500 5499
f 5495 5496 5501
f 5495 5501 5500
f 5496 5497 5502
f 5496 5502 5501
f 5497 5498 5503
f 5497 5503 5502
f 5499 5500 5505
f 5499 5505 5504
f 5500 5501 5506
f 5500 5506 5505
f 5501 5502 5507
f 5501 5507 5506
f 5502 5503 5508
f 5502 5508 5507
f 5504 5505 5510
f 5504 5510 5509
f 5505 5506 5511
f 5505 5511 5510
f 5506 5507 5512
f 5506 5512 5511
f 5507 5508 5513
f 5507 5513 5512
f 5509 5510 5515
f 5509 5515 5514
f 5510 5511 5516
f 5510 5516 5515
f 5511 5512 5517
f 5511 5517 5516
f 5512 5513 5518
f 5512 5518 5517
f 458 3036 5494
f 458 5494 2857
f 3036 3035 5495
f 3036 5495 5494
f 3035 3034 5496
f 3035 5496 5495
f 3034 3033 5497
f 3034 5497 5496
f 3033 3032 5498
f 3033 5498 5497
f 3032 471 2946
f 3032 2946 5498
f 5498 2946 2947
f 5498 2947 5503
f 5503 2947 2948
f 5503 2948 5508
f 5508 2948 2949
f 5508 2949 5513
f 5513 2949 2950
f 5513 2950 5518
f 5518 2950 472
f 5518 472 3037
f 5517 5518 3037
f 5517 3037 3038
f 5516 5517 3038
f 5516 3038 3039
f 5515 5516 3039
f 5515 3039 3040
f 5514 5515 3040
f 5514 3040 3041
f 2861 5514 3041
f 2861 3041 459
f 2860 5509 5514
f 2860 5514 2861
f 2859 5504 5509
f 2859 5509 2860
f 2858 5499 5504
f 2858 5504 2859
f 2857 5494 5499
f 2857 5499 2858
f 3041 3040 5520
f 3041 5520 5519
f 3040 3039 5521
f 3040 5521 5520
f 3039 3038 5522
f 3039 5522 5521
f 3038 3037 5523
f 3038 5523 5522
f 5519 5520 5525
f 5519 5525 5524
f 5520 5521 5526
f 5520 5526 5525
f 5521 5522 5527
f 5521 5527 5526
f 5522 5523 5528
f 5522 5528 5527
f 5524 5525 5530
f 5524 5530 5529
f 5525 5526 5531
f 5525 5531 5530
f 5526 5527 5532
f 5526 5532 5531
f 5527 5528 5533
f 5527 5533 5532
f 5529 5530 5535
f 5529 5535 5534
f 5530 5531 5536
f 5530 5536 5535
f 5531 5532 5537
f 5531 5537 5536
f 5532 5533 5538
f 5532 5538 5537
f 5534 5535 3045
f 5534 3045 3046
f 5535 5536 3044
f 5535 3044 3045
f 5536 5537 3043
f 5536 3043 3044
f 5537 5538 3042
f 5537 3042 3043
f 3037 472 2951
f 3037 2951 5523
f 5523 2951 2952
f 5523 2952 5528
f 5528 2952 2953
f 5528 2953 5533
f 5533 2953 2954
f 5533 2954 5538
f 5538 2954 473
f 5538 473 3042
f 2865 5534 3046
f 2865 3046 460
f 2864 5529 5534
f 2864 5534 2865
f 2863 5524 5529
f 2863 5529 2864
f 2862 5519 5524
f 2862 5524 2863
f 459 3041 5519
f 459 5519 2862
f 5539 5540 5545
f 5539 5545 5544
f 5540 5541 5546
f 5540 5546 5545
f 5541 5542 5547
f 5541 5547 5546
f 5542 5543 5548
f 5542 5548 5547
f 5544 5545 5550
f 5544 5550 5549
f 5545 5546 5551
f 5545 5551 5550
f 5546 5547 5552
f 5546 5552 5551
f 5547 5548 5553
f 5547 5553 5552
f 5549 5550 5555
f 5549 5555 5554
f 5550 5551 5556
f 5550 5556 5555
f 5551 5552 5557
f 5551 5557 5556
f 5552 5553 5558
f 5552 5558 5557
f 5554 5555 5560
f 5554 5560 5559
f 5555 5556 5561
f 5555 5561 5560
f 5556 5557 5562
f 5556 5562 5561
f 5557 5558 5563
f 5557 5563 5562
f 460 3046 5539
f 460 5539 2866
f 3046 3045 5540
f 3046 5540 5539
f 3045 3044 5541
f 3045 5541 5540
f 3044 3043 5542
f 3044 5542 5541
f 3043 3042 5543
f 3043 5543 5542
f 3042 473 2955
f 3042 2955 5543
f 5543 2955 2956
f 5543 2956 5548
f 5548 2956 2957
f 5548 2957 5553
f 5553 2957 2958
f 5553 2958 5558
f 5558 2958 2959
f 5558 2959 5563
f 5563 2959 474
f 5563 474 3047
f 5562 5563 3047
f 5562 3047 3048
f 5561 5562 3048
f 5561 3048 3049
f 5560 5561 3049
f 5560 3049 3050
f 5559 5560 3050
f 5559 3050 3051
f 2870 5559 3051
f 2870 3051 461
f 2869 5554 5559
f 2869 5559 2870
f 2868 5549 5554
f 2868 5554 2869
f 2867 5544 5549
f 2867 5549 2868
f 2866 5539 5544
f 2866 5544 2867
f 3051 3050 5565
f 3051 5565 5564
f 3050 3049 5566
f 3050 5566 5565
f 3049 3048 5567
f 3049 5567 5566
f 3048 3047 5568
f 3048 5568 5567
f 5564 5565 5570
f 5564 5570 5569
f 5565 5566 5571
f 5565 5571 5570
f 5566 5567 5572
f 5566 5572 5571
f 5567 5568 5573
f 5567 5573 5572
f 5569 5570 5575
f 5569 5575 5574
f 5570 5571 5576
f 5570 5576 5575
f 5571 5572 5577
f 5571 5577 5576
f 5572 5573 5578
f 5572 5578 5577
f 5574 5575 5580
f 5574 5580 5579
f 5575 5576 5581
f 5575 5581 5580
f 5576 5577 5582
f 5576 5582 5581
f 5577 5578 5583
f 5577 5583 5582
f 5579 5580 3055
f 5579 3055 3056
f 5580 5581 3054
f 5580 3054 3055
f 5581 5582 3053
f 5581 3053 3054
f 5582 5583 3052
f 5582 3052 3053
f 3047 474 2960
f 3047 2960 5568
f 5568 2960 2961
f 5568 2961 5573
f 5573 2961 2962
f 5573 2962 5578
f 5578 2962 2963
f 5578 2963 5583
f 5583 2963 475
f 5583 475 3052
f 2874 5579 3056
f 2874 3056 462
f 2873 5574 5579
f 2873 5579 2874
f 2872 5569 5574
f 2872 5574 2873
f 2871 5564 5569
f 2871 5569 2872
f 461 3051 5564
f 461 5564 2871
f 5584 5585 5590
f 5584 5590 5589
f 5585 5586 5591
f 5585 5591 5590
f 5586 5587 5592
f 5586 5592 5591
f 5587 5588 5593
f 5587 5593 5592
f 5589 5590 5595
f 5589 5595 5594
f 5590 5591 5596
f 5590 5596 5595
f 5591 5592 5597
f 5591 5597 5596
f 5592 5593 5598
f 5592 5598 5597
f 5594 5595 5600
f 5594 5600 5599
f 5595 5596 5601
f 5595 5601 5600
f 5596 5597 5602
f 5596 5602 5601
f 5597 5598 5603
f 5597 5603 5602
f 5599 5600 5605
f 5599 5605 5604
f 5600 5601 5606
f 5600 5606 5605
f 5601 5602 5607
f 5601 5607 5606
f 5602 5603 5608
f 5602 5608 5607
f 462 3056 5584
f 462 5584 2875
f 3056 3055 5585
f 3056 5585 5584
f 3055 3054 5586
f 3055 5586 5585
f 3054 3053 5587
f 3054 5587 5586
f 3053 3052 5588
f 3053 5588 5587
f 3052 475 2964
f 3052 2964 5588
f 5588 2964 2965
f 5588 2965 5593
f 5593 2965 2966
f 5593 2966 5598
f 5598 2966 2967
f 5598 2967 5603
f 5603 2967 2968
f 5603 2968 5608
f 5608 2968 476
f 5608 476 3057
f 5607 5608 3057
f 5607 3057 3058
f 5606 5607 3058
f 5606 3058 3059
f 5605 5606 3059
f 5605 3059 3060
f 5604 5605 3060
f 5604 3060 3061
f 2879 5604 3061
f 2879 3061 463
f 2878 5599 5604
f 2878 5604 2879
f 2877 5594 5599
f 2877 5599 2878
f 2876 5589 5594
f 2876 5594 2877
f 2875 5584 5589
f 2875 5589 2876
f 3061 3060 5610
f 3061 5610 5609
f 3060 3059 5611
f 3060 5611 5610
f 3059 3058 5612
f 3059 5612 5611
f 3058 3057 5613
f 3058 5613 5612
f 5609 5610 5615
f 5609 5615 5614
f 5610 5611 5616
f 5610 5616 5615
f 5611 5612 5617
f 5611 5617 5616
f 5612 5613 5618
f 5612 5618 5617
f 5614 5615 5620
f 5614 5620 5619
f 5615 5616 5621
f 5615 5621 5620
f 5616 5617 5622
f 5616 5622 5621
f 5617 5618 5623
f 5617 5623 5622
f 5619 5620 5625
f 5619 5625 5624
f 5620 5621 5626
f 5620 5626 5625
f 5621 5622 5627
f 5621 5627 5626
f 5622 5623 5628
f 5622 5628 5627
f 5624 5625 3065
f 5624 3065 3066
f 5625 5626 3064
f 5625 3064 3065
f 5626 5627 3063
f 5626 3063 3064
f 5627 5628 3062
f 5627 3062 3063
f 3057 476 2969
f 3057 2969 5613
f 5613 2969 2970
f 5613 2970 5618
f 5618 2970 2971
f 5618 2971 5623
f 5623 2971 2972
f 5623 2972 5628
f 5628 2972 477
f 5628 477 3062
f 2883 5624 3066
f 2883 3066 464
f 2882 5619 5624
f 2882 5624 2883
f 2881 5614 5619
f 2881 5619 2882
f 2880 5609 5614
f 2880 5614 2881
f 463 3061 5609
f 463 5609 2880
f 3066 3065 5630
f 3066 5630 5629
f 3065 3064 5631
f 3065 5631 5630
f 3064 3063 5632
f 3064 5632 5631
f 3063 3062 5633
f 3063 5633 5632
f 5629 5630 5635
f 5629 5635 5634
f 5630 5631 5636
f 5630 5636 5635
f 5631 5632 5637
f 5631 5637 5636
f 5632 5633 5638
f 5632 5638 5637
f 5634 5635 5640
f 5634 5640 5639
f 5635 5636 5641
f 5635 5641 5640
f 5636 5637 5642
f 5636 5642 5641
f 5637 5638 5643
f 5637 5643 5642
f 5639 5640 5645
f 5639 5645 5644
f 5640 5641 5646
f 5640 5646 5645
f 5641 5642 5647
f 5641 5647 5646
f 5642 5643 5648
f 5642 5648 5647
f 5644 5645 5650
f 5644 5650 5649
f 5645 5646 5651
f 5645 5651 5650
f 5646 5647 5652
f 5646 5652 5651
f 5647 5648 5653
f 5647 5653 5652
f 3062 477 2973
f 3062 2973 5633
f 5633 2973 2974
f 5633 2974 5638
f 5638 2974 2975
f 5638 2975 5643
f 5643 2975 2976
f 5643 2976 5648
f 5648 2976 2977
f 5648 2977 5653
f 5653 2977 478
f 5653 478 3067
f 5652 5653 3067
f 5652 3067 3068
f 5651 5652 3068
f 5651 3068 3069
f 5650 5651 3069
f 5650 3069 3070
f 5649 5650 3070
f 5649 3070 3071
f 2888 5649 3071
f 2888 3071 465
f 2887 5644 5649
f 2887 5649 2888
f 2886 5639 5644
f 2886 5644 2887
f 2885 5634 5639
f 2885 5639 2886
f 2884 5629 5634
f 2884 5634 2885
f 464 3066 5629
f 464 5629 2884
f 3071 3070 5655
f 3071 5655 5654
f 3070 3069 5656
f 3070 5656 5655
f 3069 3068 5657
f 3069 5657 5656
f 3068 3067 5658
f 3068 5658 5657
f 5654 5655 5660
f 5654 5660 5659
f 5655 5656 5661
f 5655 5661 5660
f 5656 5657 5662
f 5656 5662 5661
f 5657 5658 5663
f 5657 5663 5662
f 5659 5660 5665
f 5659 5665 5664
f 5660 5661 5666
f 5660 5666 5665
f 5661 5662 5667
f 5661 5667 5666
f 5662 5663 5668
f 5662 5668 5667
f 5664 5665 5670
f 5664 5670 5669
f 5665 5666 5671
f 5665 5671 5670
f 5666 5667 5672
f 5666 5672 5671
f 5667 5668 5673
f 5667 5673 5672
f 5669 5670 3075
f 5669 3075 3076
f 5670 5671 3074
f 5670 3074 3075
f 5671 5672 3073
f 5671 3073 3074
f 5672 5673 3072
f 5672 3072 3073
f 3067 478 2978
f 3067 2978 5658
f 5658 2978 2979
f 5658 2979 5663
f 5663 2979 2980
f 5663 2980 5668
f 5668 2980 2981
f 5668 2981 5673
f 5673 2981 479
f 5673 479 3072
f 2892 5669 3076
f 2892 3076 466
f 2891 5664 5669
f 2891 5669 2892
f 2890 5659 5664
f 2890 5664 2891
f 2889 5654 5659
f 2889 5659 2890
f 465 3071 5654
f 465 5654 2889
f 3076 3075 5675
f 3076 5675 5674
f 3075 3074 5676
f 3075 5676 5675
f 3074 3073 5677
f 3074 5677 5676
f 3073 3072 5678
f 3073 5678 5677
f 5674 5679 2894
f 5674 5675 5680
f 5674 5680 5679
f 5675 5676 5681
f 5675 5681 5680
f 5676 5677 5682
f 5676 5682 5681
f 5677 5678 5683
f 5677 5683 5682
f 2894 5679 5684
f 2894 5684 2895
f 5679 5680 5685
f 5679 5685 5684
f 5680 5681 5686
f 5680 5686 5685
f 5681 5682 5687
f 5681 5687 5686
f 5682 5683 5688
f 5682 5688 5687
f 2895 5684 5689
f 2895 5689 2896
f 5684 5685 5690
f 5684 5690 5689
f 5685 5686 5691
f 5685 5691 5690
f 5686 5687 5692
f 5686 5692 5691
f 5687 5688 5693
f 5687 5693 5692
f 2896 5689 5694
f 2896 5694 2897
f 5689 5690 5695
f 5689 5695 5694
f 5690 5691 5696
f 5690 5696 5695
f 5691 5692 5697
f 5691 5697 5696
f 5692 5693 5698
f 5692 5698 5697
f 3072 479 2982
f 3072 2982 5678
f 5678 2982 2983
f 5678 2983 5683
f 5683 2983 2984
f 5683 2984 5688
f 5688 2984 2985
f 5688 2985 5693
f 5693 2985 2986
f 5693 2986 5698
f 5698 2986 480
f 5698 480 3077
f 5697 5698 3077
f 5697 3077 3078
f 5696 5697 3078
f 5696 3078 3079
f 5695 5696 3079
f 5695 3079 3080
f 5694 5695 3080
f 5694 3080 3081
f 2897 5694 3081
f 2897 3081 649
f 2893 5674 2894
f 466 3076 5674
f 466 5674 2893
f 3081 3080 5699
f 3081 5699 2899
f 3080 3079 5700
f 3080 5700 5699
f 3079 3078 5701
f 3079 5701 5700
f 3078 3077 5702
f 3078 5702 5701
f 2899 5699 5703
f 2899 5703 2900
f 5699 5700 5704
f 5699 5704 5703
f 5700 5701 5705
f 5700 5705 5704
f 5701 5702 5706
f 5701 5706 5705
f 2900 5703 5707
f 2900 5707 2901
f 5703 5704 5708
f 5703 5708 5707
f 5704 5705 5709
f 5704 5709 5708
f 5705 5706 5710
f 5705 5710 5709
f 2901 5707 5711
f 2901 5711 2902
f 5707 5708 5712
f 5707 5712 5711
f 5708 5709 5713
f 5708 5713 5712
f 5709 5710 5714
f 5709 5714 5713
f 2902 5711 3085
f 2902 3085 650
f 5711 5712 3084
f 5711 3084 3085
f 5712 5713 3083
f 5712 3083 3084
f 5713 5714 3082
f 5713 3082 3083
f 3077 480 2987
f 3077 2987 5702
f 5702 2987 2988
f 5702 2988 5706
f 5706 2988 2989
f 5706 2989 5710
f 5710 2989 2990
f 5710 2990 5714
f 5714 2990 481
f 5714 481 3082
f 649 3081 2899
f 649 2899 2898
f 650 3085 5715
f 650 5715 2903
f 3085 3084 5716
f 3085 5716 5715
f 3084 3083 5717
f 3084 5717 5716
f 3083 3082 5718
f 3083 5718 5717
f 2903 5715 5719
f 2903 5719 2904
f 5715 5716 5720
f 5715 5720 5719
f 5716 5717 5721
f 5716 5721 5720
f 5717 5718 5722
f 5717 5722 5721
f 2904 5719 5723
f 2904 5723 2905
f 5719 5720 5724
f 5719 5724 5723
f 5720 5721 5725
f 5720 5725 5724
f 5721 5722 5726
f 5721 5726 5725
f 2905 5723 5727
f 2905 5727 2906
f 5723 5724 5728
f 5723 5728 5727
f 5724 5725 5729
f 5724 5729 5728
f 5725 5726 5730
f 5725 5730 5729
f 2906 5727 3090
f 2906 3090 651
f 5727 5728 3089
f 5727 3089 3090
f 5728 5729 3088
f 5728 3088 3089
f 5729 5730 5731
f 5729 5731 3088
f 3082 481 2991
f 3082 2991 5718
f 5718 2991 2992
f 5718 2992 5722
f 5722 2992 2993
f 5722 2993 5726
f 5726 2993 2994
f 5726 2994 5730
f 5730 2994 2995
f 5730 2995 5731
f 5731 2995 482
f 5731 482 3086
f 3088 5731 3086
f 3088 3086 3087
f 5732 5733 5735
f 5732 5735 5734
f 5733 3087 5736
f 5733 5736 5735
f 3087 3086 5737
f 3087 5737 5736
f 2907 5732 5734
f 2907 5734 2908
f 2908 5734 5738
f 5734 5735 5739
f 5734 5739 5738
f 5735 5736 5740
f 5735 5740 5739
f 5736 5737 5741
f 5736 5741 5740
f 2908 5738 2909
f 2909 5738 5742
f 2909 5742 2910
f 5738 5739 5743
f 5738 5743 5742
f 5739 5740 5744
f 5739 5744 5743
f 5740 5741 5745
f 5740 5745 5744
f 2910 5742 5746
f 2910 5746 2911
f 5742 5743 5747
f 5742 5747 5746
f 5743 5744 5748
f 5743 5748 5747
f 5744 5745 5749
f 5744 5749 5748
f 2911 5746 3094
f 2911 3094 652
f 5746 5747 3093
f 5746 3093 3094
f 5747 5748 3092
f 5747 3092 3093
f 5748 5749 3091
f 5748 3091 3092
f 651 3090 5732
f 651 5732 2907
f 3090 3089 5733
f 3090 5733 5732
f 3089 3088 3087
f 3089 3087 5733
f 3086 482 2996
f 3086 2996 5737
f 5737 2996 2997
f 5737 2997 5741
f 5741 2997 2998
f 5741 2998 5745
f 5745 2998 2999
f 5745 2999 5749
f 5749 2999 483
f 5749 483 3091
f 652 3094 5750
f 652 5750 2912
f 3094 3093 5751
f 3094 5751 5750
f 3093 3092 5752
f 3093 5752 5751
f 3092 3091 5753
f 3092 5753 5752
f 2912 5750 5754
f 2912 5754 2913
f 5750 5751 5755
f 5750 5755 5754
f 5751 5752 5756
f 5751 5756 5755
f 5752 5753 5757
f 5752 5757 5756
f 2913 5754 5758
f 2913 5758 2914
f 5754 5755 5759
f 5754 5759 5758
f 5755 5756 5760
f 5755 5760 5759
f 5756 5757 5761
f 5756 5761 5760
f 2914 5758 5762
f 2914 5762 2915
f 5758 5759 5763
f 5758 5763 5762
f 5759 5760 5764
f 5759 5764 5763
f 5760 5761 5765
f 5760 5765 5764
f 2915 5762 3098
f 2915 3098 653
f 5762 5763 3097
f 5762 3097 3098
f 5763 5764 3096
f 5763 3096 3097
f 5764 5765 3095
f 5764 3095 3096
f 3091 483 3000
f 3091 3000 5753
f 5753 3000 3001
f 5753 3001 5757
f 5757 3001 3002
f 5757 3002 5761
f 5761 3002 3003
f 5761 3003 5765
f 5765 3003 484
f 5765 484 3095
f 2916 5766 2917
f 5766 5770 2917
f 5766 5767 5771
f 5766 5771 5770
f 5767 5768 5772
f 5767 5772 5771
f 5768 5769 5773
f 5768 5773 5772
f 2917 5770 5774
f 2917 5774 2918
f 5770 5771 5775
f 5770 5775 5774
f 5771 5772 5776
f 5771 5776 5775
f 5772 5773 5777
f 5772 5777 5776
f 5774 5775 5778
f 5775 5776 5779
f 5775 5779 5778
f 5776 5777 5780
f 5776 5780 5779
f 2918 5774 5781
f 2918 5781 2919
f 5774 5778 5781
f 5781 5778 5783
f 5781 5783 5782
f 5778 5779 5784
f 5778 5784 5783
f 5779 5780 5785
f 5779 5785 5784
f 2919 5781 5782
f 2919 5782 2920
f 2920 5782 3102
f 5782 5783 3101
f 5782 3101 3102
f 5783 5784 3100
f 5783 3100 3101
f 5784 5785 3099
f 5784 3099 3100
f 653 3098 5766
f 653 5766 2916
f 3098 3097 5767
f 3098 5767 5766
f 3097 3096 5768
f 3097 5768 5767
f 3096 3095 5769
f 3096 5769 5768
f 3095 484 3004
f 3095 3004 5769
f 5769 3004 3005
f 5769 3005 5773
f 5773 3005 3006
f 5773 3006 5777
f 5777 3006 3007
f 5777 3007 5780
f 5780 3007 3008
f 5780 3008 5785
f 5785 3008 485
f 5785 485 3099
f 2920 3102 654
f 654 3102 5786
f 654 5786 2921
f 3102 3101 5787
f 3102 5787 5786
f 3101 3100 5788
f 3101 5788 5787
f 3100 3099 5789
f 3100 5789 5788
f 2921 5786 5790
f 2921 5790 2922
f 5786 5787 5791
f 5786 5791 5790
f 5787 5788 5792
f 5787 5792 5791
f 5788 5789 5793
f 5788 5793 5792
f 2922 5790 5794
f 2922 5794 2923
f 5790 5791 5795
f 5790 5795 5794
f 5791 5792 5796
f 5791 5796 5795
f 5792 5793 5797
f 5792 5797 5796
f 2923 5794 5799
f 2923 5799 5798
f 5794 5795 5800
f 5794 5800 5799
f 5795 5796 5801
f 5795 5801 5800
f 5796 5797 5802
f 5796 5802 5801
f 5798 5799 3106
f 5798 3106 3107
f 5799 5800 3105
f 5799 3105 3106
f 5800 5801 3104
f 5800 3104 3105
f 5801 5802 3103
f 5801 3103 3104
f 5798 3107 655
f 3099 485 3009
f 3099 3009 5789
f 5789 3009 3010
f 5789 3010 5793
f 5793 3010 3011
f 5793 3011 5797
f 5797 3011 3012
f 5797 3012 5802
f 5802 3012 486
f 5802 486 3103
f 2924 5798 655
f 2923 5798 2924
f 2925 5803 5808
f 2925 5808 2926
f 5803 5804 5809
f 5803 5809 5808
f 5804 5805 5810
f 5804 5810 5809
f 5805 5806 5811
f 5805 5811 5810
f 5806 5807 5812
f 5806 5812 5811
f 2926 5808 5813
f 2926 5813 2927
f 5808 5809 5814
f 5808 5814 5813
f 5809 5810 5815
f 5809 5815 5814
f 5810 5811 5816
f 5810 5816 5815
f 5811 5812 5817
f 5811 5817 5816
f 2927 5813 5818
f 2927 5818 2928
f 5813 5814 5819
f 5813 5819 5818
f 5814 5815 5820
f 5814 5820 5819
f 5815 5816 5821
f 5815 5821 5820
f 5816 5817 5822
f 5816 5822 5821
f 5818 5819 5824
f 5818 5824 5823
f 5819 5820 5825
f 5819 5825 5824
f 5820 5821 5826
f 5820 5826 5825
f 5821 5822 5827
f 5821 5827 5826
f 5823 5824 3111
f 5823 3111 3112
f 5824 5825 3110
f 5824 3110 3111
f 5825 5826 3109
f 5825 3109 3110
f 5826 5827 3108
f 5826 3108 3109
f 655 3107 5803
f 655 5803 2925
f 3107 3106 5803
f 3106 5804 5803
f 3106 3105 5805
f 3106 5805 5804
f 3105 3104 5806
f 3105 5806 5805
f 3104 3103 5807
f 3104 5807 5806
f 3103 486 3013
f 3103 3013 5807
f 5807 3013 3014
f 5807 3014 5812
f 5812 3014 3015
f 5812 3015 5817
f 5817 3015 3016
f 5817 3016 5822
f 5822 3016 3017
f 5822 3017 5827
f 5827 3017 487
f 5827 487 3108
f 2929 5823 3112
f 2929 3112 467
f 2928 5818 5823
f 2928 5823 2929
f 3112 3111 5829
f 3112 5829 5828
f 3111 3110 5830
f 3111 5830 5829
f 3110 3109 5831
f 3110 5831 5830
f 3109 3108 5832
f 3109 5832 5831
f 5828 5829 5834
f 5828 5834 5833
f 5829 5830 5835
f 5829 5835 5834
f 5830 5831 5836
f 5830 5836 5835
f 5831 5832 5837
f 5831 5837 5836
f 5833 5834 5839
f 5833 5839 5838
f 5834 5835 5840
f 5834 5840 5839
f 5835 5836 5841
f 5835 5841 5840
f 5836 5837 5842
f 5836 5842 5841
f 5838 5839 5844
f 5838 5844 5843
f 5839 5840 5845
f 5839 5845 5844
f 5840 5841 5846
f 5840 5846 5845
f 5841 5842 5847
f 5841 5847 5846
f 5843 5844 3116
f 5843 3116 3117
f 5844 5845 3115
f 5844 3115 3116
f 5845 5846 3114
f 5845 3114 3115
f 5846 5847 3113
f 5846 3113 3114
f 3108 487 3018
f 3108 3018 5832
f 5832 3018 3019
f 5832 3019 5837
f 5837 3019 3020
f 5837 3020 5842
f 5842 3020 3021
f 5842 3021 5847
f 5847 3021 488
f 5847 488 3113
f 2933 5843 3117
f 2933 3117 468
f 2932 5838 5843
f 2932 5843 2933
f 2931 5833 5838
f 2931 5838 2932
f 2930 5828 5833
f 2930 5833 2931
f 467 3112 5828
f 467 5828 2930
f 41 884 5848
f 41 5848 2783
f 884 883 5849
f 884 5849 5848
f 883 882 5850
f 883 5850 5849
f 882 881 5851
f 882 5851 5850
f 881 40 2845
f 881 2845 5851
f 2783 5848 5852
f 2783 5852 2784
f 5848 5849 5853
f 5848 5853 5852
f 5849 5850 5854
f 5849 5854 5853
f 5850 5851 5855
f 5850 5855 5854
f 5851 2845 2846
f 5851 2846 5855
f 2784 5852 5856
f 2784 5856 2785
f 5852 5853 5857
f 5852 5857 5856
f 5853 5854 5858
f 5853 5858 5857
f 5854 5855 5859
f 5854 5859 5858
f 5855 2846 2847
f 5855 2847 5859
f 2785 5856 3121
f 2785 3121 447
f 5856 5857 3120
f 5856 3120 3121
f 5857 5858 3119
f 5857 3119 3120
f 5858 5859 3118
f 5858 3118 3119
f 5859 2847 456
f 5859 456 3118
f 2786 5860 5864
f 2786 5864 2787
f 5860 5861 5865
f 5860 5865 5864
f 5861 5862 5866
f 5861 5866 5865
f 5862 5863 5867
f 5862 5867 5866
f 5863 2848 2849
f 5863 2849 5867
f 2787 5864 5868
f 2787 5868 2788
f 5864 5865 5869
f 5864 5869 5868
f 5865 5866 5870
f 5865 5870 5869
f 5866 5867 5871
f 5866 5871 5870
f 5867 2849 2850
f 5867 2850 5871
f 2788 5868 5872
f 2788 5872 2789
f 5868 5869 5873
f 5868 5873 5872
f 5869 5870 5874
f 5869 5874 5873
f 5870 5871 5875
f 5870 5875 5874
f 5871 2850 2851
f 5871 2851 5875
f 2789 5872 5876
f 2789 5876 2790
f 5872 5873 5877
f 5872 5877 5876
f 5873 5874 5878
f 5873 5878 5877
f 5874 5875 5879
f 5874 5879 5878
f 5875 2851 2852
f 5875 2852 5879
f 2790 5876 3125
f 2790 3125 448
f 5876 5877 3124
f 5876 3124 3125
f 5877 5878 3123
f 5877 3123 3124
f 5878 5879 3122
f 5878 3122 3123
f 5879 2852 457
f 5879 457 3122
f 447 3121 5860
f 447 5860 2786
f 3121 3120 5861
f 3121 5861 5860
f 3120 3119 5862
f 3120 5862 5861
f 3119 3118 5863
f 3119 5863 5862
f 3118 456 2848
f 3118 2848 5863
f 448 3125 5880
f 448 5880 2791
f 3125 3124 5881
f 3125 5881 5880
f 3124 3123 5882
f 3124 5882 5881
f 3123 3122 5883
f 3123 5883 5882
f 3122 457 2853
f 3122 2853 5883
f 2791 5880 5884
f 2791 5884 2792
f 5880 5881 5885
f 5880 5885 5884
f 5881 5882 5886
f 5881 5886 5885
f 5882 5883 5887
f 5882 5887 5886
f 5883 2853 2854
f 5883 2854 5887
f 2792 5884 5888
f 2792 5888 2793
f 5884 5885 5889
f 5884 5889 5888
f 5885 5886 5890
f 5885 5890 5889
f 5886 5887 5891
f 5886 5891 5890
f 5887 2854 2855
f 5887 2855 5891
f 2793 5888 5892
f 2793 5892 2794
f 5888 5889 5893
f 5888 5893 5892
f 5889 5890 5894
f 5889 5894 5893
f 5890 5891 5895
f 5890 5895 5894
f 5891 2855 2856
f 5891 2856 5895
f 2794 5892 3129
f 2794 3129 449
f 5892 5893 3128
f 5892 3128 3129
f 5893 5894 3127
f 5893 3127 3128
f 5894 5895 3126
f 5894 3126 3127
f 5895 2856 458
f 5895 458 3126
f 2795 5896 5900
f 2795 5900 2796
f 5896 5897 5901
f 5896 5901 5900
f 5897 5898 5902
f 5897 5902 5901
f 5898 5899 5903
f 5898 5903 5902
f 5899 2857 2858
f 5899 2858 5903
f 2796 5900 5904
f 2796 5904 2797
f 5900 5901 5905
f 5900 5905 5904
f 5901 5902 5906
f 5901 5906 5905
f 5902 5903 5907
f 5902 5907 5906
f 5903 2858 2859
f 5903 2859 5907
f 2797 5904 5908
f 2797 5908 2798
f 5904 5905 5909
f 5904 5909 5908
f 5905 5906 5910
f 5905 5910 5909
f 5906 5907 5911
f 5906 5911 5910
f 5907 2859 2860
f 5907 2860 5911
f 2798 5908 5913
f 2798 5913 5912
f 5908 5909 5914
f 5908 5914 5913
f 5909 5910 5915
f 5909 5915 5914
f 5910 5911 5916
f 5910 5916 5915
f 5911 2860 2861
f 5911 2861 5916
f 5912 5913 3133
f 5912 3133 3134
f 5913 5914 3132
f 5913 3132 3133
f 5914 5915 3131
f 5914 3131 3132
f 449 3129 5896
f 449 5896 2795
f 3129 3128 5897
f 3129 5897 5896
f 3128 3127 5898
f 3128 5898 5897
f 3127 3126 5899
f 3127 5899 5898
f 3126 458 2857
f 3126 2857 5899
f 5916 2861 459
f 5916 459 3130
f 5915 5916 3130
f 5915 3130 3131
f 2800 5912 3134
f 2800 3134 2801
f 2799 2798 5912
f 2799 5912 2800
f 5917 3133 5918
f 3133 3132 5919
f 3133 5919 5918
f 3132 3131 5920
f 3132 5920 5919
f 3131 3130 5920
f 5920 3130 5921
f 3130 459 2862
f 3130 2862 5921
f 5917 5918 5922
f 5922 5918 5923
f 5918 5919 5924
f 5918 5924 5923
f 5919 5920 5925
f 5919 5925 5924
f 5920 5921 5926
f 5920 5926 5925
f 5921 2862 2863
f 5921 2863 5926
f 5922 5923 5928
f 5922 5928 5927
f 5923 5924 5929
f 5923 5929 5928
f 5924 5925 5930
f 5924 5930 5929
f 5925 5926 5931
f 5925 5931 5930
f 5926 2863 2864
f 5926 2864 5931
f 5927 5928 5933
f 5927 5933 5932
f 5928 5929 5934
f 5928 5934 5933
f 5929 5930 5935
f 5929 5935 5934
f 5930 5931 5936
f 5930 5936 5935
f 5931 2864 2865
f 5931 2865 5936
f 5932 5933 3138
f 5932 3138 2806
f 5933 5934 3137
f 5933 3137 3138
f 5934 5935 3136
f 5934 3136 3137
f 5935 5936 3135
f 5935 3135 3136
f 5936 2865 460
f 5936 460 3135
f 494 2801 5917
f 2801 3134 5917
f 3134 3133 5917
f 2806 3138 3139
f 2806 3139 495
f 2805 5932 2806
f 2804 5932 2805
f 2804 5927 5932
f 2803 5927 2804
f 2802 5922 5927
f 2802 5927 2803
f 2802 5917 5922
f 494 5917 2802
f 495 3139 2807
f 2807 3139 5940
f 3139 5937 5941
f 3139 5941 5940
f 5937 5938 5942
f 5937 5942 5941
f 5938 5939 5943
f 5938 5943 5942
f 5939 2866 2867
f 5939 2867 5943
f 2807 5940 5944
f 2807 5944 2808
f 5940 5941 5945
f 5940 5945 5944
f 5941 5942 5946
f 5941 5946 5945
f 5942 5943 5947
f 5942 5947 5946
f 5943 2867 2868
f 5943 2868 5947
f 2808 5944 5948
f 2808 5948 2809
f 5944 5945 5949
f 5944 5949 5948
f 5945 5946 5950
f 5945 5950 5949
f 5946 5947 5951
f 5946 5951 5950
f 5947 2868 2869
f 5947 2869 5951
f 2809 5948 5952
f 2809 5952 2810
f 5948 5949 5953
f 5948 5953 5952
f 5949 5950 5954
f 5949 5954 5953
f 5950 5951 5955
f 5950 5955 5954
f 5951 2869 2870
f 5951 2870 5955
f 3138 3137 5937
f 3138 5937 3139
f 3137 3136 5938
f 3137 5938 5937
f 3136 3135 5939
f 3136 5939 5938
f 3135 460 2866
f 3135 2866 5939
f 5955 2870 461
f 5955 461 3140
f 5954 5955 3140
f 5954 3140 3141
f 5953 5954 3141
f 5953 3141 3142
f 5952 5953 3142
f 5952 3142 3143
f 2810 5952 3143
f 2810 3143 496
f 496 3143 5956
f 496 5956 2811
f 3143 3142 5957
f 3143 5957 5956
f 3142 3141 5958
f 3142 5958 5957
f 3141 3140 5959
f 3141 5959 5958
f 3140 461 2871
f 3140 2871 5959
f 2811 5956 5960
f 2811 5960 2812
f 5956 5957 5961
f 5956 5961 5960
f 5957 5958 5962
f 5957 5962 5961
f 5958 5959 5963
f 5958 5963 5962
f 5959 2871 2872
f 5959 2872 5963
f 2812 5960 5964
f 2812 5964 2813
f 5960 5961 5965
f 5960 5965 5964
f 5961 5962 5966
f 5961 5966 5965
f 5962 5963 5967
f 5962 5967 5966
f 5963 2872 2873
f 5963 2873 5967
f 5967 2873 2874
f 5967 2874 5968
f 2813 5964 5969
f 5964 5965 5970
f 5964 5970 5969
f 5965 5966 5971
f 5965 5971 5970
f 5966 5967 5968
f 5966 5968 5971
f 2813 5969 497
f 5971 5968 3144
f 5971 3144 3145
f 5968 2874 462
f 5968 462 3144
f 497 5969 3147
f 5969 5970 3146
f 5969 3146 3147
f 5970 5971 3145
f 5970 3145 3146
f 497 3147 2814
f 3147 3146 5975
f 3147 5975 5974
f 3146 3145 5972
f 3146 5972 5975
f 2814 3147 5974
f 2814 5974 5976
f 5975 5972 5977
f 5972 5973 5978
f 5972 5978 5977
f 5973 2875 2876
f 5973 2876 5978
f 5974 5975 5980
f 5974 5980 5979
f 5975 5977 5980
f 5976 5974 5979
f 5976 5979 5981
f 5980 5977 5982
f 5977 5978 5983
f 5977 5983 5982
f 5978 2876 2877
f 5978 2877 5983
f 5979 5980 5985
f 5979 5985 5984
f 5980 5982 5985
f 5981 5979 5984
f 5981 5984 5986
f 5985 5982 5988
f 5985 5988 5987
f 5982 5983 5989
f 5982 5989 5988
f 5983 2877 2878
f 5983 2878 5989
f 5984 5985 5987
f 5984 5987 5990
f 5986 5984 5991
f 5984 5990 5991
f 5987 5988 5993
f 5987 5993 5992
f 5988 5989 5994
f 5988 5994 5993
f 5989 2878 2879
f 5989 2879 5994
f 5991 5990 3151
f 5991 3151 3152
f 5990 5987 5992
f 5990 5992 3151
f 3145 3144 5973
f 3145 5973 5972
f 3144 462 2875
f 3144 2875 5973
f 5994 2879 463
f 5994 463 3148
f 5993 5994 3148
f 5993 3148 3149
f 5992 5993 3149
f 5992 3149 3150
f 3151 5992 3150
f 2818 3152 498
f 2818 5991 3152
f 2817 5986 5991
f 2817 5991 2818
f 2816 5981 5986
f 2816 5986 2817
f 2815 5976 5981
f 2815 5981 2816
f 2814 5976 2815
f 5995 5996 5997
f 5996 3150 5998
f 5996 5998 5997
f 3150 3149 5999
f 3150 5999 5998
f 3149 3148 6000
f 3149 6000 5999
f 3148 463 2880
f 3148 2880 6000
f 5995 5997 6001
f 6001 5997 6002
f 6001 6002 2821
f 5997 5998 6003
f 5997 6003 6002
f 5998 5999 6004
f 5998 6004 6003
f 5999 6000 6005
f 5999 6005 6004
f 6000 2880 2881
f 6000 2881 6005
f 2821 6002 6006
f 2821 6006 2822
f 6002 6003 6007
f 6002 6007 6006
f 6003 6004 6008
f 6003 6008 6007
f 6004 6005 6009
f 6004 6009 6008
f 6005 2881 2882
f 6005 2882 6009
f 2822 6006 6010
f 2822 6010 2823
f 6006 6007 6011
f 6006 6011 6010
f 6007 6008 6012
f 6007 6012 6011
f 6008 6009 6013
f 6008 6013 6012
f 6009 2882 2883
f 6009 2883 6013
f 2823 6010 3156
f 2823 3156 450
f 6010 6011 3155
f 6010 3155 3156
f 6011 6012 3154
f 6011 3154 3155
f 6012 6013 3153
f 6012 3153 3154
f 6013 2883 464
f 6013 464 3153
f 498 3152 5995
f 3152 3151 5996
f 3152 5996 5995
f 3151 3150 5996
f 2820 6001 2821
f 2819 5995 6001
f 2819 6001 2820
f 498 5995 2819
f 450 3156 6014
f 450 6014 2824
f 3156 3155 6015
f 3156 6015 6014
f 3155 3154 6016
f 3155 6016 6015
f 3154 3153 6017
f 3154 6017 6016
f 3153 464 2884
f 3153 2884 6017
f 2824 6014 6018
f 2824 6018 2825
f 6014 6015 6019
f 6014 6019 6018
f 6015 6016 6020
f 6015 6020 6019
f 6016 6017 6021
f 6016 6021 6020
f 6017 2884 2885
f 6017 2885 6021
f 2825 6018 6022
f 2825 6022 2826
f 6018 6019 6023
f 6018 6023 6022
f 6019 6020 6024
f 6019 6024 6023
f 6020 6021 6025
f 6020 6025 6024
f 6021 2885 2886
f 6021 2886 6025
f 2826 6022 6026
f 2826 6026 2827
f 6022 6023 6027
f 6022 6027 6026
f 6023 6024 6028
f 6023 6028 6027
f 6024 6025 6029
f 6024 6029 6028
f 6025 2886 2887
f 6025 2887 6029
f 2827 6026 6030
f 2827 6030 2828
f 6026 6027 6031
f 6026 6031 6030
f 6027 6028 6032
f 6027 6032 6031
f 6028 6029 6033
f 6028 6033 6032
f 6029 2887 2888
f 6029 2888 6033
f 6033 2888 465
f 6033 465 3157
f 6032 6033 3157
f 6032 3157 3158
f 6031 6032 3158
f 6031 3158 3159
f 6030 6031 3159
f 6030 3159 3160
f 2828 6030 3160
f 2828 3160 451
f 451 3160 6034
f 451 6034 2829
f 3160 3159 6035
f 3160 6035 6034
f 3159 3158 6036
f 3159 6036 6035
f 3158 3157 6037
f 3158 6037 6036
f 3157 465 2889
f 3157 2889 6037
f 2829 6034 6038
f 2829 6038 2830
f 6034 6035 6039
f 6034 6039 6038
f 6035 6036 6040
f 6035 6040 6039
f 6036 6037 6041
f 6036 6041 6040
f 6037 2889 2890
f 6037 2890 6041
f 2830 6038 6042
f 2830 6042 2831
f 6038 6039 6043
f 6038 6043 6042
f 6039 6040 6044
f 6039 6044 6043
f 6040 6041 6045
f 6040 6045 6044
f 6041 2890 2891
f 6041 2891 6045
f 2831 6042 6046
f 2831 6046 2832
f 6042 6043 6047
f 6042 6047 6046
f 6043 6044 6048
f 6043 6048 6047
f 6044 6045 6049
f 6044 6049 6048
f 6045 2891 2892
f 6045 2892 6049
f 2832 6046 3164
f 2832 3164 452
f 6046 6047 3163
f 6046 3163 3164
f 6047 6048 3162
f 6047 3162 3163
f 6048 6049 3161
f 6048 3161 3162
f 6049 2892 466
f 6049 466 3161
f 452 3164 6050
f 452 6050 2833
f 3164 3163 6051
f 3164 6051 6050
f 3163 3162 6052
f 3163 6052 6051
f 3162 3161 6053
f 3162 6053 6052
f 3161 466 2893
f 3161 2893 6053
f 2833 6050 6054
f 2833 6054 2834
f 6050 6051 6055
f 6050 6055 6054
f 6051 6052 6056
f 6051 6056 6055
f 6052 6053 6057
f 6052 6057 6056
f 6053 2893 2894
f 6053 2894 6057
f 2834 6054 6058
f 2834 6058 2835
f 6054 6055 6059
f 6054 6059 6058
f 6055 6056 6060
f 6055 6060 6059
f 6056 6057 6061
f 6056 6061 6060
f 6057 2894 2895
f 6057 2895 6061
f 2835 6058 6062
f 2835 6062 2836
f 6058 6059 6063
f 6058 6063 6062
f 6059 6060 6064
f 6059 6064 6063
f 6060 6061 6065
f 6060 6065 6064
f 6061 2895 2896
f 6061 2896 6065
f 6063 6064 3166
f 6064 6065 3165
f 6064 3165 3166
f 6065 2896 2897
f 6065 2897 3165
f 2836 6062 3168
f 2836 3168 656
f 6062 6063 3167
f 6062 3167 3168
f 6063 3166 3167
f 453 3173 6066
f 453 6066 2837
f 3173 3172 6067
f 3173 6067 6066
f 3172 3171 6068
f 3172 6068 6067
f 3171 3170 6068
f 6068 3170 6069
f 3170 2925 2926
f 3170 2926 6069
f 2837 6066 6070
f 2837 6070 2838
f 6066 6067 6071
f 6066 6071 6070
f 6067 6068 6072
f 6067 6072 6071
f 6068 6069 6073
f 6068 6073 6072
f 6069 2926 2927
f 6069 2927 6073
f 2838 6070 6074
f 2838 6074 2839
f 6070 6071 6075
f 6070 6075 6074
f 6071 6072 6076
f 6071 6076 6075
f 6072 6073 6077
f 6072 6077 6076
f 6073 2927 2928
f 6073 2928 6077
f 2839 6074 6078
f 2839 6078 2840
f 6074 6075 6079
f 6074 6079 6078
f 6075 6076 6080
f 6075 6080 6079
f 6076 6077 6081
f 6076 6081 6080
f 6077 2928 2929
f 6077 2929 6081
f 2840 6078 3177
f 2840 3177 454
f 6078 6079 3176
f 6078 3176 3177
f 6079 6080 3175
f 6079 3175 3176
f 6080 6081 3174
f 6080 3174 3175
f 6081 2929 467
f 6081 467 3174
f 3169 655 2925
f 3169 2925 3170
f 454 3177 6082
f 454 6082 2841
f 3177 3176 6083
f 3177 6083 6082
f 3176 3175 6084
f 3176 6084 6083
f 3175 3174 6085
f 3175 6085 6084
f 3174 467 2930
f 3174 2930 6085
f 2841 6082 6086
f 2841 6086 2842
f 6082 6083 6087
f 6082 6087 6086
f 6083 6084 6088
f 6083 6088 6087
f 6084 6085 6089
f 6084 6089 6088
f 6085 2930 2931
f 6085 2931 6089
f 2842 6086 6090
f 2842 6090 2843
f 6086 6087 6091
f 6086 6091 6090
f 6087 6088 6092
f 6087 6092 6091
f 6088 6089 6093
f 6088 6093 6092
f 6089 2931 2932
f 6089 2932 6093
f 2843 6090 6094
f 2843 6094 2844
f 6090 6091 6095
f 6090 6095 6094
f 6091 6092 6096
f 6091 6096 6095
f 6092 6093 6097
f 6092 6097 6096
f 6093 2932 2933
f 6093 2933 6097
f 2844 6094 3181
f 2844 3181 455
f 6094 6095 3180
f 6094 3180 3181
f 6095 6096 3179
f 6095 3179 3180
f 6096 6097 3178
f 6096 3178 3179
f 6097 2933 468
f 6097 468 3178
f 889 888 6099
f 889 6099 6098
f 888 887 6100
f 888 6100 6099
f 887 886 6101
f 887 6101 6100
f 886 885 6102
f 886 6102 6101
f 6098 6099 6104
f 6098 6104 6103
f 6099 6100 6105
f 6099 6105 6104
f 6100 6101 6106
f 6100 6106 6105
f 6101 6102 6107
f 6101 6107 6106
f 6103 6104 6109
f 6103 6109 6108
f 6104 6105 6110
f 6104 6110 6109
f 6105 6106 6111
f 6105 6111 6110
f 6106 6107 6112
f 6106 6112 6111
f 6108 6109 3185
f 6108 3185 3186
f 6109 6110 3184
f 6109 3184 3185
f 6110 6111 3183
f 6110 3183 3184
f 6111 6112 3182
f 6111 3182 3183
f 885 41 2783
f 885 2783 6102
f 6102 2783 2784
f 6102 2784 6107
f 6107 2784 2785
f 6107 2785 6112
f 6112 2785 447
f 6112 447 3182
f 2742 6108 3186
f 2742 3186 437
f 2741 6103 6108
f 2741 6108 2742
f 2740 6098 6103
f 2740 6103 2741
f 42 889 6098
f 42 6098 2740
f 6113 6114 6119
f 6113 6119 6118
f 6114 6115 6120
f 6114 6120 6119
f 6115 6116 6121
f 6115 6121 6120
f 6116 6117 6122
f 6116 6122 6121
f 6118 6119 6124
f 6118 6124 6123
f 6119 6120 6125
f 6119 6125 6124
f 6120 6121 6126
f 6120 6126 6125
f 6121 6122 6127
f 6121 6127 6126
f 6123 6124 6129
f 6123 6129 6128
f 6124 6125 6130
f 6124 6130 6129
f 6125 6126 6131
f 6125 6131 6130
f 6126 6127 6132
f 6126 6132 6131
f 6128 6129 6134
f 6128 6134 6133
f 6129 6130 6135
f 6129 6135 6134
f 6130 6131 6136
f 6130 6136 6135
f 6131 6132 6137
f 6131 6137 6136
f 6133 6134 3190
f 6133 3190 3191
f 6134 6135 3189
f 6134 3189 3190
f 6135 6136 3188
f 6135 3188 3189
f 6136 6137 3187
f 6136 3187 3188
f 437 3186 6113
f 437 6113 2743
f 3186 3185 6114
f 3186 6114 6113
f 3185 3184 6115
f 3185 6115 6114
f 3184 3183 6116
f 3184 6116 6115
f 3183 3182 6117
f 3183 6117 6116
f 3182 447 2786
f 3182 2786 6117
f 6117 2786 2787
f 6117 2787 6122
f 6122 2787 2788
f 6122 2788 6127
f 6127 2788 2789
f 6127 2789 6132
f 6132 2789 2790
f 6132 2790 6137
f 6137 2790 448
f 6137 448 3187
f 2747 6133 3191
f 2747 3191 438
f 2746 6128 6133
f 2746 6133 2747
f 2745 6123 6128
f 2745 6128 2746
f 2744 6118 6123
f 2744 6123 2745
f 2743 6113 6118
f 2743 6118 2744
f 3191 3190 6139
f 3191 6139 6138
f 3190 3189 6140
f 3190 6140 6139
f 3189 3188 6141
f 3189 6141 6140
f 3188 3187 6142
f 3188 6142 6141
f 6138 6139 6144
f 6138 6144 6143
f 6139 6140 6145
f 6139 6145 6144
f 6140 6141 6146
f 6140 6146 6145
f 6141 6142 6147
f 6141 6147 6146
f 6143 6144 6149
f 6143 6149 6148
f 6144 6145 6150
f 6144 6150 6149
f 6145 6146 6151
f 6145 6151 6150
f 6146 6147 6152
f 6146 6152 6151
f 6148 6149 6154
f 6148 6154 6153
f 6149 6150 6155
f 6149 6155 6154
f 6150 6151 6156
f 6150 6156 6155
f 6151 6152 6157
f 6151 6157 6156
f 6153 6154 3195
f 6153 3195 3196
f 6154 6155 3194
f 6154 3194 3195
f 6155 6156 3193
f 6155 3193 3194
f 6156 6157 3192
f 6156 3192 3193
f 3187 448 2791
f 3187 2791 6142
f 6142 2791 2792
f 6142 2792 6147
f 6147 2792 2793
f 6147 2793 6152
f 6152 2793 2794
f 6152 2794 6157
f 6157 2794 449
f 6157 449 3192
f 2751 6153 3196
f 2751 3196 439
f 2750 6148 6153
f 2750 6153 2751
f 2749 6143 6148
f 2749 6148 2750
f 2748 6138 6143
f 2748 6143 2749
f 438 3191 6138
f 438 6138 2748
f 6158 6159 6164
f 6158 6164 6163
f 6159 6160 6165
f 6159 6165 6164
f 6160 6161 6166
f 6160 6166 6165
f 6161 6162 6167
f 6161 6167 6166
f 6163 6164 6169
f 6163 6169 6168
f 6164 6165 6170
f 6164 6170 6169
f 6165 6166 6171
f 6165 6171 6170
f 6166 6167 6172
f 6166 6172 6171
f 2754 6168 6173
f 2754 6173 2755
f 6168 6169 6174
f 6168 6174 6173
f 6169 6170 6175
f 6169 6175 6174
f 6170 6171 6175
f 6171 6176 6175
f 6171 6172 6176
f 6172 2799 6176
f 6174 6175 6178
f 6174 6178 6177
f 6175 6176 6179
f 6175 6179 6178
f 6176 2799 2800
f 6176 2800 6179
f 2755 6173 6180
f 2755 6180 2756
f 6173 6174 6177
f 6173 6177 6180
f 2756 6180 3200
f 2756 3200 499
f 6180 6177 3199
f 6180 3199 3200
f 6177 6178 3198
f 6177 3198 3199
f 6178 6179 3197
f 6178 3197 3198
f 6179 2800 2801
f 6179 2801 3197
f 439 3196 6158
f 439 6158 2752
f 3196 3195 6159
f 3196 6159 6158
f 3195 3194 6160
f 3195 6160 6159
f 3194 3193 6161
f 3194 6161 6160
f 3193 3192 6162
f 3193 6162 6161
f 3192 449 2795
f 3192 2795 6162
f 6162 2795 2796
f 6162 2796 6167
f 6167 2796 2797
f 6167 2797 6172
f 6172 2797 2798
f 6172 2798 2799
f 2801 494 3197
f 2753 6163 6168
f 2753 6168 2754
f 2752 6158 6163
f 2752 6163 2753
f 4623 6182 6181
f 4623 610 6182
f 607 4690 4689
f 607 6181 4690
f 6181 6182 4690
f 4690 6182 6183
f 6182 4695 6183
f 6183 4695 6184
f 4690 6185 4691
f 4690 6183 6185
f 6184 4695 4696
f 6183 6186 6185
f 6183 6184 6186
f 6184 4696 6186
f 6186 4696 6187
f 6185 6188 4693
f 6185 6186 6188
f 6186 6187 6188
f 6188 6187 6189
f 6187 6190 6189
f 6187 4698 6190
f 6190 4698 4699
f 4693 6191 4694
f 4693 6188 6191
f 6188 6192 6191
f 6188 6189 6192
f 6189 6193 6192
f 6189 6190 6193
f 6193 6190 6194
f 6190 4699 6194
f 4699 2625 6194
f 4694 6191 2620
f 6191 2621 2620
f 6191 6192 2621
f 607 4624 6181
f 4624 4623 6181
f 6182 610 4695
f 4696 4697 6187
f 6187 4697 4698
f 4699 4700 2625
f 6194 2625 2624
f 6194 2624 2623
f 6193 6194 2623
f 6193 2623 2622
f 6192 6193 2622
f 2621 6192 2622
f 4694 2620 492
f 4691 6185 4693
f 4691 4693 4692
f 3997 1926 554
f 3997 259 1926
f 552 4606 3997
f 4640 4712 4641
f 4641 4712 6195
f 4720 4641 6196
f 4641 6195 6196
f 6196 6195 6197
f 6195 6198 6197
f 6195 4712 6198
f 4712 4711 6198
f 4719 6196 6199
f 6196 6197 6199
f 6197 6198 6200
f 6198 4710 6200
f 6199 6201 4717
f 6199 6202 6201
f 6199 6197 6202
f 6197 6200 6202
f 4717 6201 4715
f 6202 6203 6201
f 6202 6200 6203
f 6200 6204 6203
f 6200 4710 6204
f 4710 4709 6204
f 4715 6201 6205
f 6201 6206 6205
f 6201 6203 6206
f 4715 6205 4713
f 6205 6206 3198
f 6206 3199 3198
f 6206 6203 3199
f 6203 3200 3199
f 6203 6204 499
f 6203 499 3200
f 4640 618 4712
f 618 4648 4712
f 6198 4711 4710
f 6204 4709 499
f 6205 3198 3197
f 4713 6205 3197
f 4713 3197 494
f 4714 4715 4713
f 4717 4715 4716
f 4718 6199 4717
f 4719 6199 4718
f 4720 6196 4719
f 604 4620 6207
f 604 6207 4685
f 4620 6208 6207
f 4620 4619 6208
f 4619 4689 6208
f 4619 607 4689
f 6207 6208 6210
f 6207 6210 6209
f 6210 6208 6211
f 6208 4689 6211
f 4689 4691 6211
f 6209 6210 6213
f 6209 6213 6212
f 6210 6211 6214
f 6210 6214 6213
f 6211 4691 4692
f 6211 4692 6214
f 6212 6213 6215
f 6212 6215 4688
f 6213 6214 6216
f 6213 6216 6215
f 6214 6217 6216
f 6214 4692 6217
f 4692 4693 4694
f 4692 4694 6217
f 4688 6215 2617
f 4688 2617 491
f 6215 6216 2618
f 6215 2618 2617
f 6216 2619 2618
f 6216 6217 2619
f 6217 4694 492
f 6217 492 2619
f 4689 4690 4691
f 4687 6212 4688
f 4686 6209 6212
f 4686 6212 4687
f 4685 6207 6209
f 4685 6209 4686
f 3201 498 2819
f 3201 2819 6221
f 2757 6222 2758
f 2757 6218 6222
f 6218 6223 6222
f 6218 6219 6223
f 6219 6220 6223
f 6223 6220 6224
f 6220 6221 6225
f 6220 6225 6224
f 6221 2819 2820
f 6221 2820 6225
f 2758 6222 6226
f 2758 6226 2759
f 6222 6223 6227
f 6222 6227 6226
f 6223 6224 6228
f 6223 6228 6227
f 6224 6225 6229
f 6224 6229 6228
f 6225 2820 6230
f 6225 6230 6229
f 6226 6227 6232
f 6226 6232 6231
f 6227 6228 6233
f 6227 6233 6232
f 6228 6229 6234
f 6228 6234 6233
f 6229 6230 6235
f 6229 6235 6234
f 6231 6232 6237
f 6231 6237 6236
f 6232 6233 6238
f 6232 6238 6237
f 6233 6234 6239
f 6233 6239 6238
f 6234 6235 6240
f 6234 6240 6239
f 6236 6237 3208
f 6236 3208 3209
f 6237 6238 3207
f 6237 3207 3208
f 6238 6239 3206
f 6238 3206 3207
f 6239 6240 3205
f 6239 3205 3206
f 440 3204 6218
f 440 6218 2757
f 3204 6219 6218
f 3204 3203 6219
f 3203 6220 6219
f 3203 3202 6220
f 3202 6221 6220
f 3202 3201 6221
f 2820 2821 6230
f 6230 2821 2822
f 6230 2822 6235
f 6235 2822 2823
f 6235 2823 6240
f 6240 2823 450
f 6240 450 3205
f 2761 6236 3209
f 2761 3209 441
f 2760 6231 6236
f 2760 6236 2761
f 2759 6226 6231
f 2759 6231 2760
f 3209 3208 6242
f 3209 6242 6241
f 3208 3207 6243
f 3208 6243 6242
f 3207 3206 6244
f 3207 6244 6243
f 3206 3205 6245
f 3206 6245 6244
f 6241 6242 6247
f 6241 6247 6246
f 6242 6243 6248
f 6242 6248 6247
f 6243 6244 6249
f 6243 6249 6248
f 6244 6245 6250
f 6244 6250 6249
f 6246 6247 6252
f 6246 6252 6251
f 6247 6248 6253
f 6247 6253 6252
f 6248 6249 6254
f 6248 6254 6253
f 6249 6250 6255
f 6249 6255 6254
f 6251 6252 6257
f 6251 6257 6256
f 6252 6253 6258
f 6252 6258 6257
f 6253 6254 6259
f 6253 6259 6258
f 6254 6255 6260
f 6254 6260 6259
f 6256 6257 6262
f 6256 6262 6261
f 6257 6258 6263
f 6257 6263 6262
f 6258 6259 6264
f 6258 6264 6263
f 6259 6260 6265
f 6259 6265 6264
f 3205 450 2824
f 3205 2824 6245
f 6245 2824 2825
f 6245 2825 6250
f 6250 2825 2826
f 6250 2826 6255
f 6255 2826 2827
f 6255 2827 6260
f 6260 2827 2828
f 6260 2828 6265
f 6265 2828 451
f 6265 451 3210
f 6264 6265 3210
f 6264 3210 3211
f 6263 6264 3211
f 6263 3211 3212
f 6262 6263 3212
f 6262 3212 3213
f 6261 6262 3213
f 6261 3213 3214
f 2766 6261 3214
f 2766 3214 442
f 2765 6256 6261
f 2765 6261 2766
f 2764 6251 6256
f 2764 6256 2765
f 2763 6246 6251
f 2763 6251 2764
f 2762 6241 6246
f 2762 6246 2763
f 441 3209 6241
f 441 6241 2762
f 3214 3213 6267
f 3214 6267 6266
f 3213 3212 6268
f 3213 6268 6267
f 3212 3211 6269
f 3212 6269 6268
f 3211 3210 6270
f 3211 6270 6269
f 6266 6267 6272
f 6266 6272 6271
f 6267 6268 6273
f 6267 6273 6272
f 6268 6269 6274
f 6268 6274 6273
f 6269 6270 6275
f 6269 6275 6274
f 6271 6272 6277
f 6271 6277 6276
f 6272 6273 6278
f 6272 6278 6277
f 6273 6274 6279
f 6273 6279 6278
f 6274 6275 6280
f 6274 6280 6279
f 6276 6277 6282
f 6276 6282 6281
f 6277 6278 6283
f 6277 6283 6282
f 6278 6279 6284
f 6278 6284 6283
f 6279 6280 6285
f 6279 6285 6284
f 6281 6282 3218
f 6281 3218 3219
f 6282 6283 3217
f 6282 3217 3218
f 6283 6284 3216
f 6283 3216 3217
f 6284 6285 3215
f 6284 3215 3216
f 3210 451 2829
f 3210 2829 6270
f 6270 2829 2830
f 6270 2830 6275
f 6275 2830 2831
f 6275 2831 6280
f 6280 2831 2832
f 6280 2832 6285
f 6285 2832 452
f 6285 452 3215
f 2770 6281 3219
f 2770 3219 443
f 2769 6276 6281
f 2769 6281 2770
f 2768 6271 6276
f 2768 6276 2769
f 2767 6266 6271
f 2767 6271 2768
f 442 3214 6266
f 442 6266 2767
f 3219 3218 6287
f 3219 6287 6286
f 3218 3217 6288
f 3218 6288 6287
f 3217 3216 6289
f 3217 6289 6288
f 3216 3215 6290
f 3216 6290 6289
f 6286 6287 6292
f 6286 6292 6291
f 6287 6288 6293
f 6287 6293 6292
f 6288 6289 6294
f 6288 6294 6293
f 6289 6290 6295
f 6289 6295 6294
f 6291 6292 6297
f 6291 6297 6296
f 6292 6293 6298
f 6292 6298 6297
f 6293 6294 6299
f 6293 6299 6298
f 6294 6295 6300
f 6294 6300 6299
f 6296 6297 6302
f 6296 6302 6301
f 6297 6298 6303
f 6297 6303 6302
f 6298 6299 6304
f 6298 6304 6303
f 6299 6300 6305
f 6299 6305 6304
f 6301 6302 3223
f 6301 3223 3224
f 6302 6303 3222
f 6302 3222 3223
f 6303 6304 3221
f 6303 3221 3222
f 6304 6305 3220
f 6304 3220 3221
f 3215 452 2833
f 3215 2833 6290
f 6290 2833 2834
f 6290 2834 6295
f 6295 2834 2835
f 6295 2835 6300
f 6300 2835 2836
f 6300 2836 6305
f 6305 2836 656
f 6305 656 3220
f 2774 6301 3224
f 2774 3224 657
f 2773 6296 6301
f 2773 6301 2774
f 2772 6291 6296
f 2772 6296 2773
f 2771 6286 6291
f 2771 6291 2772
f 443 3219 6286
f 443 6286 2771
f 3229 3228 6307
f 3229 6307 6306
f 3228 3227 6308
f 3228 6308 6307
f 3227 3226 6309
f 3227 6309 6308
f 3226 3225 6310
f 3226 6310 6309
f 6306 6307 6312
f 6306 6312 6311
f 6307 6308 6313
f 6307 6313 6312
f 6308 6309 6314
f 6308 6314 6313
f 6309 6310 6315
f 6309 6315 6314
f 6311 6312 6317
f 6311 6317 6316
f 6312 6313 6318
f 6312 6318 6317
f 6313 6314 6319
f 6313 6319 6318
f 6314 6315 6320
f 6314 6320 6319
f 6316 6317 6322
f 6316 6322 6321
f 6317 6318 6323
f 6317 6323 6322
f 6318 6319 6324
f 6318 6324 6323
f 6319 6320 6325
f 6319 6325 6324
f 6321 6322 3233
f 6321 3233 3234
f 6322 6323 3232
f 6322 3232 3233
f 6323 6324 3231
f 6323 3231 3232
f 6324 6325 3230
f 6324 3230 3231
f 3225 453 2837
f 3225 2837 6310
f 6310 2837 2838
f 6310 2838 6315
f 6315 2838 2839
f 6315 2839 6320
f 6320 2839 2840
f 6320 2840 6325
f 6325 2840 454
f 6325 454 3230
f 2778 6321 3234
f 2778 3234 445
f 2777 6316 6321
f 2777 6321 2778
f 2776 6311 6316
f 2776 6316 2777
f 2775 6306 6311
f 2775 6311 2776
f 444 3229 6306
f 444 6306 2775
f 3234 3233 6327
f 3234 6327 6326
f 3233 3232 6328
f 3233 6328 6327
f 3232 3231 6329
f 3232 6329 6328
f 3231 3230 6330
f 3231 6330 6329
f 6326 6327 6332
f 6326 6332 6331
f 6327 6328 6333
f 6327 6333 6332
f 6328 6329 6334
f 6328 6334 6333
f 6329 6330 6335
f 6329 6335 6334
f 6331 6332 6337
f 6331 6337 6336
f 6332 6333 6338
f 6332 6338 6337
f 6333 6334 6339
f 6333 6339 6338
f 6334 6335 6340
f 6334 6340 6339
f 6336 6337 6342
f 6336 6342 6341
f 6337 6338 6343
f 6337 6343 6342
f 6338 6339 6344
f 6338 6344 6343
f 6339 6340 6345
f 6339 6345 6344
f 6341 6342 3238
f 6341 3238 3239
f 6342 6343 3237
f 6342 3237 3238
f 6343 6344 3236
f 6343 3236 3237
f 6344 6345 3235
f 6344 3235 3236
f 3230 454 2841
f 3230 2841 6330
f 6330 2841 2842
f 6330 2842 6335
f 6335 2842 2843
f 6335 2843 6340
f 6340 2843 2844
f 6340 2844 6345
f 6345 2844 455
f 6345 455 3235
f 2782 6341 3239
f 2782 3239 446
f 2781 6336 6341
f 2781 6341 2782
f 2780 6331 6336
f 2780 6336 2781
f 2779 6326 6331
f 2779 6331 2780
f 445 3234 6326
f 445 6326 2779
f 43 893 6346
f 43 6346 2697
f 893 892 6347
f 893 6347 6346
f 892 891 6348
f 892 6348 6347
f 891 890 6349
f 891 6349 6348
f 890 42 2740
f 890 2740 6349
f 2697 6346 6350
f 2697 6350 2698
f 6346 6347 6351
f 6346 6351 6350
f 6347 6348 6352
f 6347 6352 6351
f 6348 6349 6353
f 6348 6353 6352
f 6349 2740 2741
f 6349 2741 6353
f 2698 6350 6354
f 2698 6354 2699
f 6350 6351 6355
f 6350 6355 6354
f 6351 6352 6356
f 6351 6356 6355
f 6352 6353 6357
f 6352 6357 6356
f 6353 2741 2742
f 6353 2742 6357
f 2699 6354 3243
f 2699 3243 427
f 6354 6355 3242
f 6354 3242 3243
f 6355 6356 3241
f 6355 3241 3242
f 6356 6357 3240
f 6356 3240 3241
f 6357 2742 437
f 6357 437 3240
f 2700 6358 6362
f 2700 6362 2701
f 6358 6359 6363
f 6358 6363 6362
f 6359 6360 6364
f 6359 6364 6363
f 6360 6361 6365
f 6360 6365 6364
f 6361 2743 2744
f 6361 2744 6365
f 2701 6362 6366
f 2701 6366 2702
f 6362 6363 6367
f 6362 6367 6366
f 6363 6364 6368
f 6363 6368 6367
f 6364 6365 6369
f 6364 6369 6368
f 6365 2744 2745
f 6365 2745 6369
f 2702 6366 6370
f 2702 6370 2703
f 6366 6367 6371
f 6366 6371 6370
f 6367 6368 6372
f 6367 6372 6371
f 6368 6369 6373
f 6368 6373 6372
f 6369 2745 2746
f 6369 2746 6373
f 2703 6370 6374
f 2703 6374 2704
f 6370 6371 6375
f 6370 6375 6374
f 6371 6372 6376
f 6371 6376 6375
f 6372 6373 6377
f 6372 6377 6376
f 6373 2746 2747
f 6373 2747 6377
f 2704 6374 3247
f 2704 3247 428
f 6374 6375 3246
f 6374 3246 3247
f 6375 6376 3245
f 6375 3245 3246
f 6376 6377 3244
f 6376 3244 3245
f 6377 2747 438
f 6377 438 3244
f 427 3243 6358
f 427 6358 2700
f 3243 3242 6359
f 3243 6359 6358
f 3242 3241 6360
f 3242 6360 6359
f 3241 3240 6361
f 3241 6361 6360
f 3240 437 2743
f 3240 2743 6361
f 428 3247 6378
f 428 6378 2705
f 3247 3246 6379
f 3247 6379 6378
f 3246 3245 6380
f 3246 6380 6379
f 3245 3244 6381
f 3245 6381 6380
f 3244 438 2748
f 3244 2748 6381
f 2705 6378 6382
f 2705 6382 2706
f 6378 6379 6383
f 6378 6383 6382
f 6379 6380 6384
f 6379 6384 6383
f 6380 6381 6385
f 6380 6385 6384
f 6381 2748 2749
f 6381 2749 6385
f 2706 6382 6386
f 2706 6386 2707
f 6382 6383 6387
f 6382 6387 6386
f 6383 6384 6388
f 6383 6388 6387
f 6384 6385 6389
f 6384 6389 6388
f 6385 2749 2750
f 6385 2750 6389
f 2707 6386 6390
f 2707 6390 2708
f 6386 6387 6391
f 6386 6391 6390
f 6387 6388 6392
f 6387 6392 6391
f 6388 6389 6393
f 6388 6393 6392
f 6389 2750 2751
f 6389 2751 6393
f 2708 6390 3251
f 2708 3251 429
f 6390 6391 3250
f 6390 3250 3251
f 6391 6392 3249
f 6391 3249 3250
f 6392 6393 3248
f 6392 3248 3249
f 6393 2751 439
f 6393 439 3248
f 2709 6394 6398
f 2709 6398 2710
f 6394 6395 6399
f 6394 6399 6398
f 6395 6396 6400
f 6395 6400 6399
f 6396 6397 6401
f 6396 6401 6400
f 6397 2752 2753
f 6397 2753 6401
f 2710 6398 6402
f 2710 6402 2711
f 6398 6399 6403
f 6398 6403 6402
f 6399 6400 6403
f 6400 6404 6403
f 6400 6401 6405
f 6400 6405 6404
f 6401 2753 2754
f 6401 2754 6405
f 2711 6402 6406
f 2711 6406 2712
f 6402 6403 6407
f 6402 6407 6406
f 6403 6404 6408
f 6403 6408 6407
f 6404 6405 6409
f 6404 6409 6408
f 6405 2754 2755
f 6405 2755 6409
f 2712 6406 6410
f 2712 6410 2713
f 6406 6407 6411
f 6406 6411 6410
f 6407 6408 6412
f 6407 6412 6411
f 6408 6409 6413
f 6408 6413 6412
f 6409 2755 2756
f 6409 2756 6413
f 429 3251 6394
f 429 6394 2709
f 3251 3250 6395
f 3251 6395 6394
f 3250 3249 6396
f 3250 6396 6395
f 3249 3248 6397
f 3249 6397 6396
f 3248 439 2752
f 3248 2752 6397
f 2756 499 6413
f 6413 499 3252
f 6413 3252 3253
f 6412 6413 3253
f 6411 6412 3253
f 6411 3253 3254
f 6410 6411 3254
f 6410 3254 3255
f 2713 6410 3255
f 2713 3255 500
f 601 4617 6415
f 601 6415 6414
f 4617 604 4685
f 4617 4685 6415
f 6414 6415 6417
f 6414 6417 6416
f 6415 4685 4686
f 6415 4686 6417
f 4676 6414 6416
f 4676 6416 4677
f 6417 6418 6416
f 6417 4686 4687
f 6417 4687 6418
f 4677 6416 6419
f 6416 6420 6419
f 6416 6418 6420
f 6419 6420 6422
f 6419 6422 6421
f 6420 6418 6423
f 6420 6423 6422
f 6418 4687 6424
f 6418 6424 6423
f 4678 6419 6421
f 4678 6421 4679
f 4679 6421 490
f 6421 2613 490
f 6421 6422 2614
f 6421 2614 2613
f 6422 6423 2615
f 6422 2615 2614
f 6423 6424 2616
f 6423 2616 2615
f 4687 4688 6424
f 6424 4688 491
f 6424 491 2616
f 4677 6419 4678
f 4614 6414 4676
f 4614 601 6414
f 2086 509 602
f 2086 602 2087
f 585 2087 2088
f 585 2088 588
f 2087 602 512
f 2087 512 2088
f 583 2086 2087
f 583 2087 585
f 2714 6425 6429
f 2714 6429 2715
f 6425 6426 6430
f 6425 6430 6429
f 6426 6427 6431
f 6426 6431 6430
f 6427 6428 6432
f 6427 6432 6431
f 6428 2757 2758
f 6428 2758 6432
f 2715 6429 6433
f 2715 6433 2716
f 6429 6430 6434
f 6429 6434 6433
f 6430 6431 6435
f 6430 6435 6434
f 6431 6432 6436
f 6431 6436 6435
f 6432 2758 2759
f 6432 2759 6436
f 2716 6433 6437
f 2716 6437 2717
f 6433 6434 6438
f 6433 6438 6437
f 6434 6435 6439
f 6434 6439 6438
f 6435 6440 6439
f 6435 6436 6440
f 6436 2760 6440
f 6436 2759 2760
f 2717 6437 6441
f 2717 6441 2718
f 6437 6438 6442
f 6437 6442 6441
f 6438 6439 6443
f 6438 6443 6442
f 6439 6440 6444
f 6439 6444 6443
f 6440 2760 2761
f 6440 2761 6444
f 2718 6441 3263
f 2718 3263 431
f 6441 6442 3262
f 6441 3262 3263
f 6442 6443 3261
f 6442 3261 3262
f 6443 6444 3260
f 6443 3260 3261
f 6444 2761 441
f 6444 441 3260
f 430 3259 6425
f 430 6425 2714
f 3259 3258 6426
f 3259 6426 6425
f 3258 3257 6427
f 3258 6427 6426
f 3257 6428 6427
f 3257 3256 6428
f 3256 440 2757
f 3256 2757 6428
f 431 3263 6445
f 431 6445 2719
f 3263 3262 6446
f 3263 6446 6445
f 3262 3261 6447
f 3262 6447 6446
f 3261 3260 6448
f 3261 6448 6447
f 3260 441 2762
f 3260 2762 6448
f 2719 6445 6449
f 2719 6449 2720
f 6445 6446 6450
f 6445 6450 6449
f 6446 6447 6451
f 6446 6451 6450
f 6447 6448 6452
f 6447 6452 6451
f 6448 2762 2763
f 6448 2763 6452
f 2720 6449 6453
f 2720 6453 2721
f 6449 6450 6454
f 6449 6454 6453
f 6450 6451 6455
f 6450 6455 6454
f 6451 6452 6456
f 6451 6456 6455
f 6452 2763 2764
f 6452 2764 6456
f 2721 6453 6457
f 2721 6457 2722
f 6453 6454 6458
f 6453 6458 6457
f 6454 6455 6459
f 6454 6459 6458
f 6455 6456 6460
f 6455 6460 6459
f 6456 2764 2765
f 6456 2765 6460
f 2722 6457 6461
f 2722 6461 2723
f 6457 6458 6462
f 6457 6462 6461
f 6458 6459 6463
f 6458 6463 6462
f 6459 6460 6464
f 6459 6464 6463
f 6460 2765 2766
f 6460 2766 6464
f 6464 2766 442
f 6464 442 3264
f 6463 6464 3264
f 6463 3264 3265
f 6462 6463 3265
f 6462 3265 3266
f 6461 6462 3266
f 6461 3266 3267
f 2723 6461 3267
f 2723 3267 432
f 432 3267 6465
f 432 6465 2724
f 3267 3266 6466
f 3267 6466 6465
f 3266 3265 6467
f 3266 6467 6466
f 3265 3264 6468
f 3265 6468 6467
f 3264 442 2767
f 3264 2767 6468
f 2724 6465 6469
f 2724 6469 2725
f 6465 6466 6470
f 6465 6470 6469
f 6466 6467 6471
f 6466 6471 6470
f 6467 6468 6472
f 6467 6472 6471
f 6468 2767 2768
f 6468 2768 6472
f 2725 6469 6473
f 2725 6473 2726
f 6469 6470 6474
f 6469 6474 6473
f 6470 6471 6475
f 6470 6475 6474
f 6471 6472 6476
f 6471 6476 6475
f 6472 2768 2769
f 6472 2769 6476
f 2726 6473 6477
f 2726 6477 2727
f 6473 6474 6478
f 6473 6478 6477
f 6474 6475 6479
f 6474 6479 6478
f 6475 6476 6480
f 6475 6480 6479
f 6476 2769 2770
f 6476 2770 6480
f 2727 6477 3271
f 2727 3271 433
f 6477 6478 3270
f 6477 3270 3271
f 6478 6479 3269
f 6478 3269 3270
f 6479 6480 3268
f 6479 3268 3269
f 6480 2770 443
f 6480 443 3268
f 433 3271 6481
f 433 6481 2728
f 3271 3270 6482
f 3271 6482 6481
f 3270 3269 6483
f 3270 6483 6482
f 3269 3268 6484
f 3269 6484 6483
f 3268 443 2771
f 3268 2771 6484
f 2728 6481 6485
f 2728 6485 2729
f 6481 6482 6486
f 6481 6486 6485
f 6482 6483 6487
f 6482 6487 6486
f 6483 6484 6488
f 6483 6488 6487
f 6484 2771 2772
f 6484 2772 6488
f 2729 6485 6489
f 2729 6489 2730
f 6485 6486 6490
f 6485 6490 6489
f 6486 6487 6491
f 6486 6491 6490
f 6487 6488 6492
f 6487 6492 6491
f 6488 2772 2773
f 6488 2773 6492
f 2730 6489 6493
f 2730 6493 2731
f 6489 6490 6494
f 6489 6494 6493
f 6490 6491 6495
f 6490 6495 6494
f 6491 6492 6496
f 6491 6496 6495
f 6492 2773 2774
f 6492 2774 6496
f 2731 6493 3275
f 2731 3275 658
f 6493 6494 3274
f 6493 3274 3275
f 6494 6495 3273
f 6494 3273 3274
f 6495 6496 3272
f 6495 3272 3273
f 6496 2774 657
f 6496 657 3272
f 718 4892 4980
f 4892 6497 4980
f 4892 4891 6498
f 4892 6498 6497
f 4891 4890 6499
f 4891 6499 6498
f 4890 4889 6500
f 4890 6500 6499
f 4889 4888 4979
f 4889 4979 6500
f 4980 6497 2915
f 4980 2915 653
f 6497 6498 2914
f 6497 2914 2915
f 6498 6499 2913
f 6498 2913 2914
f 6499 6500 2912
f 6499 2912 2913
f 6500 4979 652
f 6500 652 2912
f 705 4928 6501
f 705 6501 4972
f 4928 4927 6502
f 4928 6502 6501
f 4927 4926 6503
f 4927 6503 6502
f 4926 4925 6504
f 4926 6504 6503
f 4925 704 4971
f 4925 4971 6504
f 4972 6501 3272
f 4972 3272 657
f 6501 6502 3273
f 6501 3273 3272
f 6502 6503 3274
f 6502 3274 3273
f 6503 6504 3275
f 6503 3275 3274
f 6504 4971 658
f 6504 658 3275
f 687 6505 4960
f 687 4837 6505
f 4837 4836 6506
f 4837 6506 6505
f 4836 4835 6507
f 4836 6507 6506
f 4835 4834 6508
f 4835 6508 6507
f 4834 689 4961
f 4834 4961 6508
f 4960 6505 2558
f 4960 2558 643
f 6505 6506 2559
f 6505 2559 2558
f 6506 6507 2560
f 6506 2560 2559
f 6507 6508 2561
f 6507 2561 2560
f 6508 4961 644
f 6508 644 2561
f 4956 4955 6510
f 4956 6510 6509
f 4955 732 4968
f 4955 4968 6510
f 4956 6509 698
f 698 6509 6511
f 701 698 4966
f 698 6511 4966
f 6509 6510 6512
f 6510 6513 6512
f 6510 4968 4969
f 6510 4969 6513
f 6511 6514 4966
f 6511 6509 6512
f 6511 6512 6514
f 4966 6514 6515
f 6514 6512 3457
f 6514 3457 3458
f 6512 6513 3456
f 6512 3456 3457
f 6513 4969 414
f 6513 414 3456
f 6515 6514 3458
f 6515 3458 3459
f 648 6515 3459
f 4967 6515 648
f 4967 4966 6515
f 716 4883 6517
f 716 6517 6516
f 4883 4882 6518
f 4883 6518 6517
f 4882 4881 6519
f 4882 6519 6518
f 4881 4880 6520
f 4881 6520 6519
f 6516 2911 652
f 6516 6517 2910
f 6516 2910 2911
f 6517 6518 2909
f 6517 2909 2910
f 6518 6519 2908
f 6518 2908 2909
f 6519 6520 2907
f 6519 2907 2908
f 4880 714 4978
f 4880 4978 6520
f 6520 4978 651
f 6520 651 2907
f 4979 6516 652
f 4888 716 6516
f 4888 6516 4979
f 4924 4923 6522
f 4924 6522 6521
f 4923 4922 6523
f 4923 6523 6522
f 4922 4921 6524
f 4922 6524 6523
f 4921 728 4986
f 4921 4986 6524
f 6521 6522 6526
f 6521 6526 6525
f 6522 6523 6527
f 6522 6527 6526
f 6523 6524 6528
f 6523 6528 6527
f 6524 4986 6529
f 6524 6529 6528
f 6525 6526 3228
f 6525 3228 3229
f 6526 6527 3227
f 6526 3227 3228
f 6527 6528 3226
f 6527 3226 3227
f 6528 6529 3225
f 6528 3225 3226
f 4986 4985 4984
f 4986 4984 6529
f 6529 4984 453
f 6529 453 3225
f 4987 6525 3229
f 4987 3229 444
f 4988 6521 6525
f 4988 6525 4987
f 729 4924 6521
f 729 6521 4988
f 434 3279 6530
f 434 6530 2732
f 3279 3278 6531
f 3279 6531 6530
f 3278 3277 6532
f 3278 6532 6531
f 3277 3276 6533
f 3277 6533 6532
f 3276 444 2775
f 3276 2775 6533
f 2732 6530 6534
f 2732 6534 2733
f 6530 6531 6535
f 6530 6535 6534
f 6531 6532 6536
f 6531 6536 6535
f 6532 6533 6537
f 6532 6537 6536
f 6533 2775 2776
f 6533 2776 6537
f 2733 6534 6538
f 2733 6538 2734
f 6534 6535 6539
f 6534 6539 6538
f 6535 6536 6540
f 6535 6540 6539
f 6536 6537 6541
f 6536 6541 6540
f 6537 2776 2777
f 6537 2777 6541
f 2734 6538 6542
f 2734 6542 2735
f 6538 6539 6543
f 6538 6543 6542
f 6539 6540 6544
f 6539 6544 6543
f 6540 6541 6545
f 6540 6545 6544
f 6541 2777 2778
f 6541 2778 6545
f 2735 6542 3283
f 2735 3283 435
f 6542 6543 3282
f 6542 3282 3283
f 6543 6544 3281
f 6543 3281 3282
f 6544 6545 3280
f 6544 3280 3281
f 6545 2778 445
f 6545 445 3280
f 435 3283 6546
f 435 6546 2736
f 3283 3282 6547
f 3283 6547 6546
f 3282 3281 6548
f 3282 6548 6547
f 3281 3280 6549
f 3281 6549 6548
f 3280 445 2779
f 3280 2779 6549
f 2736 6546 6550
f 2736 6550 2737
f 6546 6547 6551
f 6546 6551 6550
f 6547 6548 6552
f 6547 6552 6551
f 6548 6549 6553
f 6548 6553 6552
f 6549 2779 2780
f 6549 2780 6553
f 2737 6550 6554
f 2737 6554 2738
f 6550 6551 6555
f 6550 6555 6554
f 6551 6552 6556
f 6551 6556 6555
f 6552 6553 6557
f 6552 6557 6556
f 6553 2780 2781
f 6553 2781 6557
f 2738 6554 6558
f 2738 6558 2739
f 6554 6555 6559
f 6554 6559 6558
f 6555 6556 6560
f 6555 6560 6559
f 6556 6557 6561
f 6556 6561 6560
f 6557 2781 2782
f 6557 2782 6561
f 2739 6558 3287
f 2739 3287 436
f 6558 6559 3286
f 6558 3286 3287
f 6559 6560 3285
f 6559 3285 3286
f 6560 6561 3284
f 6560 3284 3285
f 6561 2782 446
f 6561 446 3284
f 898 897 6563
f 898 6563 6562
f 897 896 6564
f 897 6564 6563
f 896 895 6565
f 896 6565 6564
f 895 894 6566
f 895 6566 6565
f 6562 6563 6568
f 6562 6568 6567
f 6563 6564 6569
f 6563 6569 6568
f 6564 6565 6570
f 6564 6570 6569
f 6565 6566 6571
f 6565 6571 6570
f 6567 6568 6573
f 6567 6573 6572
f 6568 6569 6574
f 6568 6574 6573
f 6569 6570 6575
f 6569 6575 6574
f 6570 6571 6576
f 6570 6576 6575
f 6572 6573 3291
f 6572 3291 3292
f 6573 6574 3290
f 6573 3290 3291
f 6574 6575 3289
f 6574 3289 3290
f 6575 6576 3288
f 6575 3288 3289
f 894 43 2697
f 894 2697 6566
f 6566 2697 2698
f 6566 2698 6571
f 6571 2698 2699
f 6571 2699 6576
f 6576 2699 427
f 6576 427 3288
f 2655 6572 3292
f 2655 3292 417
f 2654 6567 6572
f 2654 6572 2655
f 2653 6562 6567
f 2653 6567 2654
f 44 898 6562
f 44 6562 2653
f 6577 6578 6583
f 6577 6583 6582
f 6578 6579 6584
f 6578 6584 6583
f 6579 6580 6585
f 6579 6585 6584
f 6580 6581 6586
f 6580 6586 6585
f 6582 6583 6588
f 6582 6588 6587
f 6583 6584 6589
f 6583 6589 6588
f 6584 6585 6590
f 6584 6590 6589
f 6585 6586 6591
f 6585 6591 6590
f 6587 6588 6593
f 6587 6593 6592
f 6588 6589 6594
f 6588 6594 6593
f 6589 6590 6595
f 6589 6595 6594
f 6590 6591 6596
f 6590 6596 6595
f 6592 6593 6598
f 6592 6598 6597
f 6593 6594 6599
f 6593 6599 6598
f 6594 6595 6600
f 6594 6600 6599
f 6595 6596 6601
f 6595 6601 6600
f 6597 6598 3296
f 6597 3296 3297
f 6598 6599 3295
f 6598 3295 3296
f 6599 6600 3294
f 6599 3294 3295
f 6600 6601 3293
f 6600 3293 3294
f 417 3292 6577
f 417 6577 2656
f 3292 3291 6578
f 3292 6578 6577
f 3291 3290 6579
f 3291 6579 6578
f 3290 3289 6580
f 3290 6580 6579
f 3289 3288 6581
f 3289 6581 6580
f 3288 427 2700
f 3288 2700 6581
f 6581 2700 2701
f 6581 2701 6586
f 6586 2701 2702
f 6586 2702 6591
f 6591 2702 2703
f 6591 2703 6596
f 6596 2703 2704
f 6596 2704 6601
f 6601 2704 428
f 6601 428 3293
f 2660 6597 3297
f 2660 3297 418
f 2659 6592 6597
f 2659 6597 2660
f 2658 6587 6592
f 2658 6592 2659
f 2657 6582 6587
f 2657 6587 2658
f 2656 6577 6582
f 2656 6582 2657
f 3297 3296 6603
f 3297 6603 6602
f 3296 3295 6604
f 3296 6604 6603
f 3295 3294 6605
f 3295 6605 6604
f 3294 3293 6606
f 3294 6606 6605
f 6602 6603 6608
f 6602 6608 6607
f 6603 6604 6609
f 6603 6609 6608
f 6604 6605 6610
f 6604 6610 6609
f 6605 6606 6611
f 6605 6611 6610
f 6607 6608 6613
f 6607 6613 6612
f 6608 6609 6614
f 6608 6614 6613
f 6609 6610 6615
f 6609 6615 6614
f 6610 6611 6616
f 6610 6616 6615
f 6612 6613 6618
f 6612 6618 6617
f 6613 6614 6619
f 6613 6619 6618
f 6614 6615 6620
f 6614 6620 6619
f 6615 6616 6621
f 6615 6621 6620
f 6617 6618 3301
f 6617 3301 3302
f 6618 6619 3300
f 6618 3300 3301
f 6619 6620 3299
f 6619 3299 3300
f 6620 6621 3298
f 6620 3298 3299
f 3293 428 2705
f 3293 2705 6606
f 6606 2705 2706
f 6606 2706 6611
f 6611 2706 2707
f 6611 2707 6616
f 6616 2707 2708
f 6616 2708 6621
f 6621 2708 429
f 6621 429 3298
f 2664 6617 3302
f 2664 3302 419
f 2663 6612 6617
f 2663 6617 2664
f 2662 6607 6612
f 2662 6612 2663
f 2661 6602 6607
f 2661 6607 2662
f 418 3297 6602
f 418 6602 2661
f 6622 6623 6628
f 6622 6628 6627
f 6623 6624 6629
f 6623 6629 6628
f 6624 6625 6630
f 6624 6630 6629
f 6625 6626 6631
f 6625 6631 6630
f 6627 6628 6633
f 6627 6633 6632
f 6628 6629 6634
f 6628 6634 6633
f 6629 6630 6635
f 6629 6635 6634
f 6630 6631 6636
f 6630 6636 6635
f 6632 6633 6637
f 6632 6637 2669
f 6633 6634 6638
f 6633 6638 6637
f 6634 6635 6639
f 6634 6639 6638
f 6635 6636 6640
f 6635 6640 6639
f 2669 6637 6641
f 2669 6641 2670
f 6637 6638 6642
f 6637 6642 6641
f 6638 6639 6643
f 6638 6643 6642
f 6639 6640 6644
f 6639 6644 6643
f 419 3302 6622
f 419 6622 2665
f 3302 3301 6623
f 3302 6623 6622
f 3301 3300 6624
f 3301 6624 6623
f 3300 3299 6625
f 3300 6625 6624
f 3299 3298 6626
f 3299 6626 6625
f 3298 429 2709
f 3298 2709 6626
f 6626 2709 2710
f 6626 2710 6631
f 6631 2710 2711
f 6631 2711 6636
f 6636 2711 2712
f 6636 2712 6640
f 6640 2712 2713
f 6640 2713 6644
f 6644 2713 500
f 6644 500 3303
f 6643 6644 3303
f 6643 3303 3304
f 6642 6643 3304
f 6642 3304 3305
f 6641 6642 3305
f 6641 3305 3306
f 2670 6641 3306
f 2670 3306 501
f 2667 6632 2669
f 2667 2669 2668
f 2666 6627 6632
f 2666 6632 2667
f 2665 6622 6627
f 2665 6627 2666
f 4636 628 6645
f 628 4737 6645
f 4747 4636 6646
f 4636 6645 6646
f 4747 6646 4746
f 4746 6646 4745
f 6645 4737 4735
f 6646 6647 4745
f 6646 6645 6647
f 6645 4735 6647
f 4745 6648 4744
f 4745 6647 6648
f 4744 6648 4743
f 4735 6649 6647
f 4735 4734 6649
f 6648 6650 4743
f 6648 6651 6650
f 6648 6647 6651
f 6647 6649 6651
f 4743 4741 4742
f 4743 6650 4741
f 6651 6649 6652
f 6649 4733 6652
f 4741 6653 4740
f 4741 6650 6653
f 6650 6654 6653
f 6650 6651 6654
f 6651 6652 6654
f 4740 6653 4739
f 6653 6654 2816
f 6654 2815 2816
f 6654 6652 2815
f 6652 6655 2815
f 6652 4733 4732
f 6652 4732 6655
f 4738 4739 2818
f 4739 2817 2818
f 4739 6653 2817
f 6653 2816 2817
f 631 4637 4747
f 4637 4636 4747
f 4737 4736 4735
f 6649 4734 4733
f 6655 4732 497
f 6655 497 2814
f 2815 6655 2814
f 4738 2818 498
f 4611 502 3905
f 4611 3905 595
f 299 595 584
f 595 510 584
f 595 3905 510
f 3905 506 510
f 4632 625 4731
f 4632 4731 6657
f 4737 6656 6658
f 4737 6658 4736
f 6656 4632 6658
f 4632 6657 6658
f 4735 4736 4734
f 4736 6659 4734
f 4736 6658 6660
f 4736 6660 6659
f 6658 6657 6660
f 6657 6661 6660
f 4734 6659 6662
f 6659 6663 6662
f 6659 6660 6663
f 6660 6664 6663
f 6660 6661 6664
f 6661 4728 6664
f 4733 6662 4732
f 6662 6665 4732
f 6662 6663 6666
f 6662 6666 6665
f 6663 6664 6667
f 6663 6667 6666
f 6664 4728 4727
f 6664 4727 6667
f 628 4634 4737
f 4634 6656 4737
f 4634 4633 4632
f 4634 4632 6656
f 6657 4731 4730
f 6657 4730 6661
f 6661 4730 4729
f 6661 4729 4728
f 4727 496 2811
f 6667 4727 2811
f 6666 6667 2811
f 6666 2811 2812
f 6665 6666 2812
f 6665 2812 2813
f 6665 2813 497
f 4732 6665 497
f 4734 6662 4733
f 4726 4627 6668
f 4627 4626 6668
f 6668 4626 6669
f 4626 4720 6669
f 4725 4726 6670
f 4726 6668 6670
f 6668 6671 6670
f 6668 6669 6671
f 6669 4718 6671
f 6669 4719 4718
f 4725 6670 4723
f 6670 6672 4723
f 6670 6671 6672
f 6671 6673 6672
f 6671 4718 6673
f 4718 4716 6673
f 4718 4717 4716
f 4723 6672 6674
f 4723 6674 4722
f 6674 6672 6675
f 6672 6673 6675
f 6673 6676 6675
f 6673 4716 6676
f 6676 4716 4714
f 4716 4715 4714
f 4722 2805 4721
f 4722 6674 2805
f 6674 6675 2804
f 6674 2804 2805
f 6675 2803 2804
f 6675 6676 2803
f 6676 4714 2802
f 6676 2802 2803
f 4714 494 2802
f 620 4641 4626
f 4626 4641 4720
f 4720 4719 6669
f 4714 4713 494
f 4721 2805 2806
f 4721 2806 495
f 4725 4723 4724
f 622 4627 4726
f 2671 6677 6681
f 2671 6681 2672
f 6677 6678 6682
f 6677 6682 6681
f 6678 6679 6683
f 6678 6683 6682
f 6679 6680 6683
f 6680 6684 6683
f 2672 6681 6685
f 6681 6686 6685
f 6681 6682 6687
f 6681 6687 6686
f 6682 6683 6688
f 6682 6688 6687
f 6683 6684 6689
f 6683 6689 6688
f 6685 6686 6691
f 6685 6691 6690
f 6686 6687 6692
f 6686 6692 6691
f 6687 6688 6693
f 6687 6693 6692
f 6688 6689 6694
f 6688 6694 6693
f 6690 6691 6696
f 6690 6696 6695
f 6691 6692 6697
f 6691 6697 6696
f 6692 6693 6698
f 6692 6698 6697
f 6693 6694 6699
f 6693 6699 6698
f 6695 6696 3314
f 6695 3314 3315
f 6696 6697 3313
f 6696 3313 3314
f 6697 6698 3312
f 6697 3312 3313
f 6698 6699 3311
f 6698 3311 3312
f 420 3310 2671
f 3310 6677 2671
f 3310 3309 6678
f 3310 6678 6677
f 3309 3308 6679
f 3309 6679 6678
f 3308 3307 6680
f 3308 6680 6679
f 3307 430 2714
f 3307 2714 6680
f 6680 2714 2715
f 6680 2715 6684
f 6684 2715 2716
f 6684 2716 6689
f 6689 2716 2717
f 6689 2717 6694
f 6694 2717 2718
f 6694 2718 6699
f 6699 2718 431
f 6699 431 3311
f 2675 6695 3315
f 2675 3315 421
f 2674 6690 6695
f 2674 6695 2675
f 2673 6685 6690
f 2673 6690 2674
f 2672 6685 2673
f 3315 3314 6701
f 3315 6701 6700
f 3314 3313 6702
f 3314 6702 6701
f 3313 3312 6703
f 3313 6703 6702
f 3312 3311 6704
f 3312 6704 6703
f 6700 6701 6706
f 6700 6706 6705
f 6701 6702 6707
f 6701 6707 6706
f 6702 6703 6708
f 6702 6708 6707
f 6703 6704 6709
f 6703 6709 6708
f 6705 6706 6711
f 6705 6711 6710
f 6706 6707 6712
f 6706 6712 6711
f 6707 6708 6713
f 6707 6713 6712
f 6708 6709 6714
f 6708 6714 6713
f 6710 6711 6716
f 6710 6716 6715
f 6711 6712 6717
f 6711 6717 6716
f 6712 6713 6718
f 6712 6718 6717
f 6713 6714 6719
f 6713 6719 6718
f 6715 6716 6721
f 6715 6721 6720
f 6716 6717 6722
f 6716 6722 6721
f 6717 6718 6723
f 6717 6723 6722
f 6718 6719 6724
f 6718 6724 6723
f 3311 431 2719
f 3311 2719 6704
f 6704 2719 2720
f 6704 2720 6709
f 6709 2720 2721
f 6709 2721 6714
f 6714 2721 2722
f 6714 2722 6719
f 6719 2722 2723
f 6719 2723 6724
f 6724 2723 432
f 6724 432 3316
f 6723 6724 3316
f 6723 3316 3317
f 6722 6723 3317
f 6722 3317 3318
f 6721 6722 3318
f 6721 3318 3319
f 6720 6721 3319
f 6720 3319 3320
f 2680 6720 3320
f 2680 3320 422
f 2679 6715 6720
f 2679 6720 2680
f 2678 6710 6715
f 2678 6715 2679
f 2677 6705 6710
f 2677 6710 2678
f 2676 6700 6705
f 2676 6705 2677
f 421 3315 6700
f 421 6700 2676
f 3320 3319 6726
f 3320 6726 6725
f 3319 3318 6727
f 3319 6727 6726
f 3318 3317 6728
f 3318 6728 6727
f 3317 3316 6729
f 3317 6729 6728
f 6725 6726 6731
f 6725 6731 6730
f 6726 6727 6732
f 6726 6732 6731
f 6727 6728 6733
f 6727 6733 6732
f 6728 6729 6734
f 6728 6734 6733
f 6730 6731 6736
f 6730 6736 6735
f 6731 6732 6737
f 6731 6737 6736
f 6732 6733 6738
f 6732 6738 6737
f 6733 6734 6739
f 6733 6739 6738
f 6735 6736 6741
f 6735 6741 6740
f 6736 6737 6742
f 6736 6742 6741
f 6737 6738 6743
f 6737 6743 6742
f 6738 6739 6744
f 6738 6744 6743
f 6740 6741 3324
f 6740 3324 3325
f 6741 6742 3323
f 6741 3323 3324
f 6742 6743 3322
f 6742 3322 3323
f 6743 6744 3321
f 6743 3321 3322
f 3316 432 2724
f 3316 2724 6729
f 6729 2724 2725
f 6729 2725 6734
f 6734 2725 2726
f 6734 2726 6739
f 6739 2726 2727
f 6739 2727 6744
f 6744 2727 433
f 6744 433 3321
f 2684 6740 3325
f 2684 3325 423
f 2683 6735 6740
f 2683 6740 2684
f 2682 6730 6735
f 2682 6735 2683
f 2681 6725 6730
f 2681 6730 2682
f 422 3320 6725
f 422 6725 2681
f 3325 3324 6746
f 3325 6746 6745
f 3324 3323 6747
f 3324 6747 6746
f 3323 3322 6748
f 3323 6748 6747
f 3322 3321 6749
f 3322 6749 6748
f 6745 6746 6751
f 6745 6751 6750
f 6746 6747 6752
f 6746 6752 6751
f 6747 6748 6753
f 6747 6753 6752
f 6748 6749 6754
f 6748 6754 6753
f 6750 6751 6756
f 6750 6756 6755
f 6751 6752 6757
f 6751 6757 6756
f 6752 6753 6758
f 6752 6758 6757
f 6753 6754 6759
f 6753 6759 6758
f 6755 6756 6761
f 6755 6761 6760
f 6756 6757 6762
f 6756 6762 6761
f 6757 6758 6763
f 6757 6763 6762
f 6758 6759 6764
f 6758 6764 6763
f 6760 6761 3329
f 6760 3329 3330
f 6761 6762 3328
f 6761 3328 3329
f 6762 6763 3327
f 6762 3327 3328
f 6763 6764 3326
f 6763 3326 3327
f 3321 433 2728
f 3321 2728 6749
f 6749 2728 2729
f 6749 2729 6754
f 6754 2729 2730
f 6754 2730 6759
f 6759 2730 2731
f 6759 2731 6764
f 6764 2731 658
f 6764 658 3326
f 2688 6760 3330
f 2688 3330 659
f 2687 6755 6760
f 2687 6760 2688
f 2686 6750 6755
f 2686 6755 2687
f 2685 6745 6750
f 2685 6750 2686
f 423 3325 6745
f 423 6745 2685
f 685 4829 6765
f 4829 4828 6766
f 4829 6766 6765
f 4828 687 4960
f 4828 4960 6766
f 685 6765 6767
f 686 685 6767
f 686 6767 6768
f 6765 6766 2557
f 6765 2557 2556
f 6766 4960 643
f 6766 643 2557
f 6768 6767 2555
f 6767 6765 2556
f 6767 2556 2555
f 6768 2555 2554
f 6768 2554 2553
f 642 6768 2553
f 686 6768 642
f 702 4954 6769
f 702 6769 4959
f 4954 4953 6770
f 4954 6770 6769
f 4953 683 6770
f 6770 683 6771
f 6771 683 6772
f 683 686 6772
f 4959 6769 3452
f 4959 3452 660
f 6769 6770 3453
f 6769 3453 3452
f 6770 6771 3453
f 3453 6771 3454
f 6771 6772 3454
f 3454 6772 3455
f 6772 642 3455
f 6772 686 642
f 3455 642 2552
f 714 4875 6773
f 714 6773 4978
f 4875 4874 6774
f 4875 6774 6773
f 4874 4873 6775
f 4874 6775 6774
f 4873 4872 6776
f 4873 6776 6775
f 4872 712 4977
f 4872 4977 6776
f 4978 6773 2906
f 4978 2906 651
f 6773 6774 2905
f 6773 2905 2906
f 6774 6775 2904
f 6774 2904 2905
f 6775 6776 2903
f 6775 2903 2904
f 6776 4977 650
f 6776 650 2903
f 706 4920 6777
f 706 6777 4974
f 4920 4919 6778
f 4920 6778 6777
f 4919 4918 6779
f 4919 6779 6778
f 4918 4917 6780
f 4918 6780 6779
f 4974 6777 3221
f 4974 3221 3220
f 6777 6778 3222
f 6777 3222 3221
f 6778 6779 3223
f 6778 3223 3222
f 6779 6780 3224
f 6779 3224 3223
f 4917 705 4972
f 4917 4972 6780
f 6780 4972 657
f 6780 657 3224
f 4973 4974 3220
f 4973 3220 656
f 732 4950 6781
f 732 6781 4968
f 4950 4949 6782
f 4950 6782 6781
f 4949 4948 6783
f 4949 6783 6782
f 4948 4947 6784
f 4948 6784 6783
f 4947 731 4992
f 4947 4992 6784
f 4968 6781 6785
f 4968 6785 4969
f 6781 6782 6786
f 6781 6786 6785
f 6782 6783 6787
f 6782 6787 6786
f 6783 6784 6788
f 6783 6788 6787
f 6784 4992 4991
f 6784 4991 6788
f 4969 6785 3386
f 4969 3386 414
f 6785 6786 3385
f 6785 3385 3386
f 6786 6787 3384
f 6786 3384 3385
f 6787 6788 3383
f 6787 3383 3384
f 6788 4991 424
f 6788 424 3383
f 711 708 6789
f 6789 708 4976
f 712 4867 6790
f 712 6790 4977
f 4867 4866 6791
f 4867 6791 6790
f 4866 6789 6791
f 6791 6789 6792
f 6789 4976 6792
f 6792 4976 2898
f 2898 4976 649
f 4977 6790 2902
f 4977 2902 650
f 6790 6791 2901
f 6790 2901 2902
f 4866 711 6789
f 4976 4975 649
f 6792 2898 2899
f 6792 2899 2900
f 6791 6792 2900
f 6791 2900 2901
f 3335 3334 6794
f 3335 6794 6793
f 3334 3333 6795
f 3334 6795 6794
f 3333 3332 6796
f 3333 6796 6795
f 3332 3331 6797
f 3332 6797 6796
f 6793 6794 6799
f 6793 6799 6798
f 6794 6795 6800
f 6794 6800 6799
f 6795 6796 6801
f 6795 6801 6800
f 6796 6797 6802
f 6796 6802 6801
f 6798 6799 6804
f 6798 6804 6803
f 6799 6800 6805
f 6799 6805 6804
f 6800 6801 6806
f 6800 6806 6805
f 6801 6802 6807
f 6801 6807 6806
f 6803 6804 6809
f 6803 6809 6808
f 6804 6805 6810
f 6804 6810 6809
f 6805 6806 6811
f 6805 6811 6810
f 6806 6807 6812
f 6806 6812 6811
f 6808 6809 3339
f 6808 3339 3340
f 6809 6810 3338
f 6809 3338 3339
f 6810 6811 3337
f 6810 3337 3338
f 6811 6812 3336
f 6811 3336 3337
f 3331 434 2732
f 3331 2732 6797
f 6797 2732 2733
f 6797 2733 6802
f 6802 2733 2734
f 6802 2734 6807
f 6807 2734 2735
f 6807 2735 6812
f 6812 2735 435
f 6812 435 3336
f 2692 6808 3340
f 2692 3340 425
f 2691 6803 6808
f 2691 6808 2692
f 2690 6798 6803
f 2690 6803 2691
f 2689 6793 6798
f 2689 6798 2690
f 424 3335 6793
f 424 6793 2689
f 3340 3339 6814
f 3340 6814 6813
f 3339 3338 6815
f 3339 6815 6814
f 3338 3337 6816
f 3338 6816 6815
f 3337 3336 6817
f 3337 6817 6816
f 6813 6814 6819
f 6813 6819 6818
f 6814 6815 6820
f 6814 6820 6819
f 6815 6816 6821
f 6815 6821 6820
f 6816 6817 6822
f 6816 6822 6821
f 6818 6819 6824
f 6818 6824 6823
f 6819 6820 6825
f 6819 6825 6824
f 6820 6821 6826
f 6820 6826 6825
f 6821 6822 6827
f 6821 6827 6826
f 6823 6824 6829
f 6823 6829 6828
f 6824 6825 6830
f 6824 6830 6829
f 6825 6826 6831
f 6825 6831 6830
f 6826 6827 6832
f 6826 6832 6831
f 6828 6829 3344
f 6828 3344 3345
f 6829 6830 3343
f 6829 3343 3344
f 6830 6831 3342
f 6830 3342 3343
f 6831 6832 3341
f 6831 3341 3342
f 3336 435 2736
f 3336 2736 6817
f 6817 2736 2737
f 6817 2737 6822
f 6822 2737 2738
f 6822 2738 6827
f 6827 2738 2739
f 6827 2739 6832
f 6832 2739 436
f 6832 436 3341
f 2696 6828 3345
f 2696 3345 426
f 2695 6823 6828
f 2695 6828 2696
f 2694 6818 6823
f 2694 6823 2695
f 2693 6813 6818
f 2693 6818 2694
f 425 3340 6813
f 425 6813 2693
f 45 902 6833
f 45 6833 2590
f 902 901 6834
f 902 6834 6833
f 901 900 6835
f 901 6835 6834
f 900 899 6836
f 900 6836 6835
f 899 44 2653
f 899 2653 6836
f 2590 6833 6837
f 2590 6837 2591
f 6833 6834 6838
f 6833 6838 6837
f 6834 6835 6839
f 6834 6839 6838
f 6835 6836 6840
f 6835 6840 6839
f 6836 2653 2654
f 6836 2654 6840
f 2591 6837 6841
f 2591 6841 2592
f 6837 6838 6842
f 6837 6842 6841
f 6838 6839 6843
f 6838 6843 6842
f 6839 6840 6844
f 6839 6844 6843
f 6840 2654 2655
f 6840 2655 6844
f 2592 6841 3349
f 2592 3349 408
f 6841 6842 3348
f 6841 3348 3349
f 6842 6843 3347
f 6842 3347 3348
f 6843 6844 3346
f 6843 3346 3347
f 6844 2655 417
f 6844 417 3346
f 2593 6845 6849
f 2593 6849 2594
f 6845 6846 6850
f 6845 6850 6849
f 6846 6847 6851
f 6846 6851 6850
f 6847 6848 6852
f 6847 6852 6851
f 6848 2656 2657
f 6848 2657 6852
f 2594 6849 6853
f 2594 6853 2595
f 6849 6850 6854
f 6849 6854 6853
f 6850 6851 6855
f 6850 6855 6854
f 6851 6852 6856
f 6851 6856 6855
f 6852 2657 2658
f 6852 2658 6856
f 2595 6853 6857
f 2595 6857 2596
f 6853 6854 6858
f 6853 6858 6857
f 6854 6855 6859
f 6854 6859 6858
f 6855 6856 6860
f 6855 6860 6859
f 6856 2658 2659
f 6856 2659 6860
f 2596 6857 6861
f 2596 6861 2597
f 6857 6858 6862
f 6857 6862 6861
f 6858 6859 6863
f 6858 6863 6862
f 6859 6860 6864
f 6859 6864 6863
f 6860 2659 2660
f 6860 2660 6864
f 2597 6861 3353
f 2597 3353 409
f 6861 6862 3352
f 6861 3352 3353
f 6862 6863 3351
f 6862 3351 3352
f 6863 6864 3350
f 6863 3350 3351
f 6864 2660 418
f 6864 418 3350
f 408 3349 6845
f 408 6845 2593
f 3349 3348 6846
f 3349 6846 6845
f 3348 3347 6847
f 3348 6847 6846
f 3347 3346 6848
f 3347 6848 6847
f 3346 417 2656
f 3346 2656 6848
f 409 3353 6865
f 409 6865 2598
f 3353 3352 6866
f 3353 6866 6865
f 3352 3351 6867
f 3352 6867 6866
f 3351 3350 6868
f 3351 6868 6867
f 3350 418 2661
f 3350 2661 6868
f 2598 6865 6869
f 2598 6869 2599
f 6865 6866 6870
f 6865 6870 6869
f 6866 6867 6871
f 6866 6871 6870
f 6867 6868 6872
f 6867 6872 6871
f 6868 2661 2662
f 6868 2662 6872
f 2599 6869 6873
f 2599 6873 2600
f 6869 6870 6874
f 6869 6874 6873
f 6870 6871 6875
f 6870 6875 6874
f 6871 6872 6876
f 6871 6876 6875
f 6872 2662 2663
f 6872 2663 6876
f 2600 6873 6877
f 2600 6877 2601
f 6873 6874 6878
f 6873 6878 6877
f 6874 6875 6879
f 6874 6879 6878
f 6875 6876 6880
f 6875 6880 6879
f 6876 2663 2664
f 6876 2664 6880
f 2601 6877 3357
f 2601 3357 410
f 6877 6878 3356
f 6877 3356 3357
f 6878 6879 3355
f 6878 3355 3356
f 6879 6880 3354
f 6879 3354 3355
f 6880 2664 419
f 6880 419 3354
f 2602 6881 6885
f 2602 6885 2603
f 6881 6882 6886
f 6881 6886 6885
f 6882 6883 6887
f 6882 6887 6886
f 6883 6884 6888
f 6883 6888 6887
f 6884 2665 2666
f 6884 2666 6888
f 2603 6885 6889
f 2603 6889 2604
f 6885 6886 6890
f 6885 6890 6889
f 6886 6887 6891
f 6886 6891 6890
f 6887 6888 6892
f 6887 6892 6891
f 6888 2666 2667
f 6888 2667 6892
f 2604 6889 6893
f 2604 6893 2605
f 6889 6890 6894
f 6889 6894 6893
f 6890 6891 6895
f 6890 6895 6894
f 6891 6892 6896
f 6891 6896 6895
f 6892 2667 2668
f 6892 2668 6896
f 2605 6893 6897
f 6893 6894 6898
f 6893 6898 6897
f 6894 6895 6899
f 6894 6899 6898
f 6895 6896 6899
f 6899 6896 6900
f 6896 2668 6901
f 6896 6901 6900
f 6897 3361 3362
f 6897 6898 3361
f 6898 6899 3360
f 6898 3360 3361
f 6899 3359 3360
f 6899 6900 3359
f 6900 3358 3359
f 6900 6901 3358
f 6901 501 3358
f 410 3357 6881
f 410 6881 2602
f 3357 3356 6882
f 3357 6882 6881
f 3356 3355 6883
f 3356 6883 6882
f 3355 3354 6884
f 3355 6884 6883
f 3354 419 2665
f 3354 2665 6884
f 2668 2669 2670
f 2668 2670 6901
f 6901 2670 501
f 2607 3362 489
f 2606 6897 3362
f 2606 3362 2607
f 2605 6897 2606
f 4607 550 4572
f 4607 4572 6902
f 532 4607 6902
f 532 6902 2008
f 2008 6902 3994
f 2008 3994 279
f 6902 4572 3995
f 6902 3995 3994
f 3995 3996 553
f 3995 553 617
f 3994 3995 617
f 3994 617 4591
f 279 3994 4591
f 279 4591 535
f 610 4667 6904
f 4667 6903 6904
f 6903 639 4702
f 639 4701 4702
f 6904 6905 4695
f 6904 6906 6905
f 6904 6903 6906
f 6903 4702 6906
f 6906 6907 6905
f 6906 4702 6907
f 4702 4703 6907
f 6905 4697 4696
f 6905 6908 4697
f 6905 6907 6908
f 6907 4703 6909
f 4703 4704 6909
f 4697 6908 6910
f 6908 6911 6910
f 6908 6907 6911
f 6907 6909 6911
f 4698 4697 6912
f 4697 6910 6912
f 6910 6911 6913
f 6911 6914 6913
f 6911 6909 6914
f 6909 4705 6914
f 6912 6915 4700
f 6912 6910 6915
f 6910 6913 6915
f 6914 3363 6913
f 6914 4705 420
f 6914 420 3363
f 4700 3366 2625
f 4700 6915 3366
f 6915 3365 3366
f 6915 6913 3365
f 6913 3364 3365
f 6913 3363 3364
f 4667 4659 6903
f 4659 639 6903
f 6909 4704 4705
f 2625 3366 493
f 4699 6912 4700
f 4698 6912 4699
f 4695 6905 4696
f 610 6904 4695
f 625 4630 6917
f 625 6917 4731
f 4630 6918 6917
f 4630 6916 6918
f 6916 4726 4725
f 6916 4725 6918
f 4731 6917 6919
f 4731 6919 4730
f 6917 6918 6920
f 6917 6920 6919
f 6918 4724 6920
f 6918 4725 4724
f 4730 6919 6921
f 4730 6921 4729
f 6919 6920 6922
f 6919 6922 6921
f 6920 4724 6923
f 6920 6923 6922
f 4729 6921 6925
f 4729 6925 6924
f 6921 6922 6926
f 6921 6926 6925
f 6922 6923 6927
f 6922 6927 6926
f 6923 4722 4721
f 6923 4721 6927
f 4629 622 6916
f 4629 6916 4630
f 6916 622 4726
f 4724 4723 4722
f 4724 4722 6923
f 6927 4721 495
f 6927 495 2807
f 6926 6927 2807
f 6926 2807 2808
f 6925 6926 2808
f 6925 2808 2809
f 6924 6925 2809
f 6924 2809 2810
f 4727 6924 2810
f 4727 2810 496
f 4728 4729 6924
f 4728 6924 4727
f 493 6928 6932
f 6929 6930 6933
f 6930 6934 6933
f 6930 6931 6935
f 6930 6935 6934
f 6932 6928 6937
f 6932 6937 6936
f 6928 6929 6933
f 6928 6933 6937
f 2628 6936 6938
f 2628 6938 2629
f 6936 6937 6938
f 6937 6939 6938
f 6937 6933 6939
f 6933 6940 6939
f 6933 6934 6940
f 6934 6941 6940
f 6934 6935 6941
f 6935 2673 6941
f 2629 6938 6942
f 2629 6942 2630
f 6938 6939 6943
f 6938 6943 6942
f 6939 6940 6944
f 6939 6944 6943
f 6940 6941 6945
f 6940 6945 6944
f 6941 2673 2674
f 6941 2674 6945
f 2630 6942 6946
f 2630 6946 2631
f 6942 6943 6947
f 6942 6947 6946
f 6943 6944 6948
f 6943 6948 6947
f 6944 6945 6949
f 6944 6949 6948
f 6945 2674 2675
f 6945 2675 6949
f 2631 6946 3370
f 2631 3370 411
f 6946 6947 3369
f 6946 3369 3370
f 6947 6948 3368
f 6947 3368 3369
f 6948 6949 3367
f 6948 3367 3368
f 6949 2675 421
f 6949 421 3367
f 493 3366 6928
f 3366 3365 6928
f 3365 6929 6928
f 3365 3364 6930
f 3365 6930 6929
f 3364 3363 6931
f 3364 6931 6930
f 3363 420 2671
f 3363 2671 6931
f 6931 2671 2672
f 6931 2672 6935
f 6935 2672 2673
f 2627 6932 6936
f 2627 6936 2628
f 2626 493 6932
f 2626 6932 2627
f 411 3370 6950
f 411 6950 2632
f 3370 3369 6951
f 3370 6951 6950
f 3369 3368 6952
f 3369 6952 6951
f 3368 3367 6953
f 3368 6953 6952
f 3367 421 2676
f 3367 2676 6953
f 2632 6950 6954
f 2632 6954 2633
f 6950 6951 6955
f 6950 6955 6954
f 6951 6952 6956
f 6951 6956 6955
f 6952 6953 6957
f 6952 6957 6956
f 6953 2676 2677
f 6953 2677 6957
f 2633 6954 6958
f 2633 6958 2634
f 6954 6955 6959
f 6954 6959 6958
f 6955 6956 6960
f 6955 6960 6959
f 6956 6957 6961
f 6956 6961 6960
f 6957 2677 2678
f 6957 2678 6961
f 2634 6958 6962
f 2634 6962 2635
f 6958 6959 6963
f 6958 6963 6962
f 6959 6960 6964
f 6959 6964 6963
f 6960 6961 6965
f 6960 6965 6964
f 6961 2678 2679
f 6961 2679 6965
f 2635 6962 6966
f 2635 6966 2636
f 6962 6963 6967
f 6962 6967 6966
f 6963 6964 6968
f 6963 6968 6967
f 6964 6965 6969
f 6964 6969 6968
f 6965 2679 2680
f 6965 2680 6969
f 6969 2680 422
f 6969 422 3371
f 6968 6969 3371
f 6968 3371 3372
f 6967 6968 3372
f 6967 3372 3373
f 6966 6967 3373
f 6966 3373 3374
f 2636 6966 3374
f 2636 3374 412
f 412 3374 6970
f 412 6970 2637
f 3374 3373 6971
f 3374 6971 6970
f 3373 3372 6972
f 3373 6972 6971
f 3372 3371 6973
f 3372 6973 6972
f 3371 422 2681
f 3371 2681 6973
f 2637 6970 6974
f 2637 6974 2638
f 6970 6971 6975
f 6970 6975 6974
f 6971 6972 6976
f 6971 6976 6975
f 6972 6973 6977
f 6972 6977 6976
f 6973 2681 2682
f 6973 2682 6977
f 2638 6974 6978
f 2638 6978 2639
f 6974 6975 6979
f 6974 6979 6978
f 6975 6976 6980
f 6975 6980 6979
f 6976 6977 6981
f 6976 6981 6980
f 6977 2682 2683
f 6977 2683 6981
f 2639 6978 6982
f 2639 6982 2640
f 6978 6979 6983
f 6978 6983 6982
f 6979 6980 6984
f 6979 6984 6983
f 6980 6981 6985
f 6980 6985 6984
f 6981 2683 2684
f 6981 2684 6985
f 2640 6982 3378
f 2640 3378 413
f 6982 6983 3377
f 6982 3377 3378
f 6983 6984 3376
f 6983 3376 3377
f 6984 6985 3375
f 6984 3375 3376
f 6985 2684 423
f 6985 423 3375
f 413 3378 6986
f 413 6986 2641
f 3378 3377 6987
f 3378 6987 6986
f 3377 3376 6988
f 3377 6988 6987
f 3376 3375 6989
f 3376 6989 6988
f 3375 423 2685
f 3375 2685 6989
f 2641 6986 6990
f 2641 6990 2642
f 6986 6987 6991
f 6986 6991 6990
f 6987 6988 6992
f 6987 6992 6991
f 6988 6989 6993
f 6988 6993 6992
f 6989 2685 2686
f 6989 2686 6993
f 2642 6990 6994
f 2642 6994 2643
f 6990 6991 6995
f 6990 6995 6994
f 6991 6992 6996
f 6991 6996 6995
f 6992 6993 6997
f 6992 6997 6996
f 6993 2686 2687
f 6993 2687 6997
f 2643 6994 6998
f 2643 6998 2644
f 6994 6995 6999
f 6994 6999 6998
f 6995 6996 7000
f 6995 7000 6999
f 6996 6997 7001
f 6996 7001 7000
f 6997 2687 2688
f 6997 2688 7001
f 2644 6998 3382
f 2644 3382 660
f 6998 6999 3381
f 6998 3381 3382
f 6999 7000 3380
f 6999 3380 3381
f 7000 7001 3379
f 7000 3379 3380
f 7001 2688 659
f 7001 659 3379
f 4915 4914 7002
f 4915 7002 4985
f 4914 726 7003
f 4914 7003 7002
f 726 724 7003
f 7003 724 7004
f 4985 7005 4984
f 4985 7002 7005
f 7002 7003 7006
f 7002 7006 7005
f 7003 7004 7007
f 7003 7007 7006
f 7004 4982 7007
f 7007 4982 3169
f 4984 7005 3173
f 4984 3173 453
f 7005 7006 3172
f 7005 3172 3173
f 7006 3171 3172
f 7006 7007 3171
f 724 4983 7004
f 7004 4983 4982
f 7007 3169 3170
f 7007 3170 3171
f 728 4915 4985
f 728 4985 4986
f 703 4946 7008
f 703 7008 4970
f 4946 4945 7009
f 4946 7009 7008
f 4945 4944 7010
f 4945 7010 7009
f 4944 4943 7011
f 4944 7011 7010
f 4943 702 4959
f 4943 4959 7011
f 4970 7008 3379
f 4970 3379 659
f 7008 7009 3380
f 7008 3380 3379
f 7009 7010 3381
f 7009 3381 3380
f 7010 7011 3382
f 7010 3382 3381
f 7011 4959 660
f 7011 660 3382
f 4865 4864 7012
f 4865 7012 4965
f 4864 700 7013
f 4864 7013 7012
f 700 701 7013
f 7013 701 7014
f 7014 701 4967
f 701 4966 4967
f 4965 7012 2576
f 4965 2576 647
f 7012 7013 2576
f 2576 7013 2577
f 7013 2578 2577
f 7013 7014 2578
f 2578 7014 2579
f 7014 4967 2579
f 4967 648 2580
f 4967 2580 2579
f 695 4865 4965
f 695 4965 4964
f 4823 4913 7015
f 4913 4912 4973
f 4913 4973 7015
f 4823 7015 7016
f 708 4823 7017
f 4823 7016 7017
f 4976 708 7017
f 4976 7017 4975
f 7016 7015 3167
f 7015 3168 3167
f 7015 4973 656
f 7015 656 3168
f 7017 7016 3167
f 7017 3167 3166
f 4975 7017 3166
f 4975 3166 3165
f 4912 706 4974
f 4912 4974 4973
f 4975 3165 2897
f 649 4975 2897
f 4942 4941 7019
f 4942 7019 7018
f 4941 4940 7020
f 4941 7020 7019
f 4940 4939 7021
f 4940 7021 7020
f 4939 4938 7022
f 4939 7022 7021
f 7018 7019 7024
f 7018 7024 7023
f 7019 7020 7025
f 7019 7025 7024
f 7020 7021 7026
f 7020 7026 7025
f 7021 7022 7027
f 7021 7027 7026
f 7023 7024 3334
f 7023 3334 3335
f 7024 7025 3333
f 7024 3333 3334
f 7025 7026 3332
f 7025 3332 3333
f 7026 7027 3331
f 7026 3331 3332
f 4938 730 4990
f 4938 4990 7022
f 7022 4990 4989
f 7022 4989 7027
f 7027 4989 434
f 7027 434 3331
f 4991 7023 3335
f 4991 3335 424
f 4992 7018 7023
f 4992 7023 4991
f 731 4942 7018
f 731 7018 4992
f 693 4861 7028
f 693 7028 4963
f 4861 4860 7029
f 4861 7029 7028
f 4860 4859 7030
f 4860 7030 7029
f 4859 4858 7031
f 4859 7031 7030
f 4858 695 4964
f 4858 4964 7031
f 7028 7029 2572
f 7028 2572 2571
f 7029 7030 2573
f 7029 2573 2572
f 7030 7031 2574
f 7030 2574 2573
f 7031 4964 2575
f 7031 2575 2574
f 4964 4965 647
f 4964 647 2575
f 4963 7028 2571
f 4963 2571 646
f 414 3386 7032
f 414 7032 2645
f 3386 3385 7033
f 3386 7033 7032
f 3385 3384 7034
f 3385 7034 7033
f 3384 3383 7035
f 3384 7035 7034
f 3383 424 2689
f 3383 2689 7035
f 2645 7032 7036
f 2645 7036 2646
f 7032 7033 7037
f 7032 7037 7036
f 7033 7034 7038
f 7033 7038 7037
f 7034 7035 7039
f 7034 7039 7038
f 7035 2689 2690
f 7035 2690 7039
f 2646 7036 7040
f 2646 7040 2647
f 7036 7037 7041
f 7036 7041 7040
f 7037 7038 7042
f 7037 7042 7041
f 7038 7039 7043
f 7038 7043 7042
f 7039 2690 2691
f 7039 2691 7043
f 2647 7040 7044
f 2647 7044 2648
f 7040 7041 7045
f 7040 7045 7044
f 7041 7042 7046
f 7041 7046 7045
f 7042 7043 7047
f 7042 7047 7046
f 7043 2691 2692
f 7043 2692 7047
f 2648 7044 3390
f 2648 3390 415
f 7044 7045 3389
f 7044 3389 3390
f 7045 7046 3388
f 7045 3388 3389
f 7046 7047 3387
f 7046 3387 3388
f 7047 2692 425
f 7047 425 3387
f 415 3390 7048
f 415 7048 2649
f 3390 3389 7049
f 3390 7049 7048
f 3389 3388 7050
f 3389 7050 7049
f 3388 3387 7051
f 3388 7051 7050
f 3387 425 2693
f 3387 2693 7051
f 2649 7048 7052
f 2649 7052 2650
f 7048 7049 7053
f 7048 7053 7052
f 7049 7050 7054
f 7049 7054 7053
f 7050 7051 7055
f 7050 7055 7054
f 7051 2693 2694
f 7051 2694 7055
f 2650 7052 7056
f 2650 7056 2651
f 7052 7053 7057
f 7052 7057 7056
f 7053 7054 7058
f 7053 7058 7057
f 7054 7055 7059
f 7054 7059 7058
f 7055 2694 2695
f 7055 2695 7059
f 2651 7056 7060
f 2651 7060 2652
f 7056 7057 7061
f 7056 7061 7060
f 7057 7058 7062
f 7057 7062 7061
f 7058 7059 7063
f 7058 7063 7062
f 7059 2695 2696
f 7059 2696 7063
f 2652 7060 3394
f 2652 3394 416
f 7060 7061 3393
f 7060 3393 3394
f 7061 7062 3392
f 7061 3392 3393
f 7062 7063 3391
f 7062 3391 3392
f 7063 2696 426
f 7063 426 3391
f 907 906 7065
f 907 7065 7064
f 906 905 7066
f 906 7066 7065
f 905 904 7067
f 905 7067 7066
f 904 903 7068
f 904 7068 7067
f 903 45 2590
f 903 2590 7068
f 7064 7065 7070
f 7064 7070 7069
f 7065 7066 7071
f 7065 7071 7070
f 7066 7067 7072
f 7066 7072 7071
f 7067 7068 7073
f 7067 7073 7072
f 7068 2590 2591
f 7068 2591 7073
f 7069 7070 7075
f 7069 7075 7074
f 7070 7071 7076
f 7070 7076 7075
f 7071 7072 7077
f 7071 7077 7076
f 7072 7073 7078
f 7072 7078 7077
f 7073 2591 2592
f 7073 2592 7078
f 7074 7075 3398
f 7074 3398 3399
f 7075 7076 3397
f 7075 3397 3398
f 7076 7077 3396
f 7076 3396 3397
f 7077 7078 3395
f 7077 3395 3396
f 7078 2592 408
f 7078 408 3395
f 2501 7074 3399
f 2501 3399 395
f 2500 7069 7074
f 2500 7074 2501
f 2499 7064 7069
f 2499 7069 2500
f 46 907 7064
f 46 7064 2499
f 7079 7080 7085
f 7079 7085 7084
f 7080 7081 7086
f 7080 7086 7085
f 7081 7082 7087
f 7081 7087 7086
f 7082 7083 7088
f 7082 7088 7087
f 7083 2593 2594
f 7083 2594 7088
f 7084 7085 7090
f 7084 7090 7089
f 7085 7086 7091
f 7085 7091 7090
f 7086 7087 7092
f 7086 7092 7091
f 7087 7088 7093
f 7087 7093 7092
f 7088 2594 2595
f 7088 2595 7093
f 7089 7090 7095
f 7089 7095 7094
f 7090 7091 7096
f 7090 7096 7095
f 7091 7092 7097
f 7091 7097 7096
f 7092 7093 7098
f 7092 7098 7097
f 7093 2595 2596
f 7093 2596 7098
f 7094 7095 7100
f 7094 7100 7099
f 7095 7096 7101
f 7095 7101 7100
f 7096 7097 7102
f 7096 7102 7101
f 7097 7098 7103
f 7097 7103 7102
f 7098 2596 2597
f 7098 2597 7103
f 7099 7100 3403
f 7099 3403 3404
f 7100 7101 3402
f 7100 3402 3403
f 7101 7102 3401
f 7101 3401 3402
f 7102 7103 3400
f 7102 3400 3401
f 7103 2597 409
f 7103 409 3400
f 395 3399 7079
f 395 7079 2502
f 3399 3398 7080
f 3399 7080 7079
f 3398 3397 7081
f 3398 7081 7080
f 3397 3396 7082
f 3397 7082 7081
f 3396 3395 7083
f 3396 7083 7082
f 3395 408 2593
f 3395 2593 7083
f 2506 7099 3404
f 2506 3404 396
f 2505 7094 7099
f 2505 7099 2506
f 2504 7089 7094
f 2504 7094 2505
f 2503 7084 7089
f 2503 7089 2504
f 2502 7079 7084
f 2502 7084 2503
f 3404 3403 7105
f 3404 7105 7104
f 3403 3402 7106
f 3403 7106 7105
f 3402 3401 7107
f 3402 7107 7106
f 3401 3400 7108
f 3401 7108 7107
f 3400 409 2598
f 3400 2598 7108
f 7104 7105 7110
f 7104 7110 7109
f 7105 7106 7111
f 7105 7111 7110
f 7106 7107 7112
f 7106 7112 7111
f 7107 7108 7113
f 7107 7113 7112
f 7108 2598 2599
f 7108 2599 7113
f 7109 7110 7115
f 7109 7115 7114
f 7110 7111 7116
f 7110 7116 7115
f 7111 7112 7117
f 7111 7117 7116
f 7112 7113 7118
f 7112 7118 7117
f 7113 2599 2600
f 7113 2600 7118
f 7114 7115 7120
f 7114 7120 7119
f 7115 7116 7121
f 7115 7121 7120
f 7116 7117 7122
f 7116 7122 7121
f 7117 7118 7123
f 7117 7123 7122
f 7118 2600 2601
f 7118 2601 7123
f 7119 7120 3408
f 7119 3408 3409
f 7120 7121 3407
f 7120 3407 3408
f 7121 7122 3406
f 7121 3406 3407
f 7122 7123 3405
f 7122 3405 3406
f 7123 2601 410
f 7123 410 3405
f 2510 7119 3409
f 2510 3409 397
f 2509 7114 7119
f 2509 7119 2510
f 2508 7109 7114
f 2508 7114 2509
f 2507 7104 7109
f 2507 7109 2508
f 396 3404 7104
f 396 7104 2507
f 7124 7125 7130
f 7124 7130 7129
f 7125 7126 7131
f 7125 7131 7130
f 7126 7127 7132
f 7126 7132 7131
f 7127 7128 7133
f 7127 7133 7132
f 7128 2602 2603
f 7128 2603 7133
f 7129 7130 7135
f 7129 7135 7134
f 7130 7131 7136
f 7130 7136 7135
f 7131 7132 7137
f 7131 7137 7136
f 7132 7133 7138
f 7132 7138 7137
f 7133 2603 2604
f 7133 2604 7138
f 7134 7135 7140
f 7134 7140 7139
f 7135 7136 7141
f 7135 7141 7140
f 7136 7137 7142
f 7136 7142 7141
f 7137 7138 7143
f 7137 7143 7142
f 7138 2604 2605
f 7138 2605 7143
f 7142 7143 7145
f 7142 7145 7144
f 7143 2605 2606
f 7143 2606 7145
f 7139 7140 7147
f 7139 7147 7146
f 7140 7141 7148
f 7140 7148 7147
f 7141 7142 7144
f 7141 7144 7148
f 7147 7148 3412
f 7148 7144 3411
f 7148 3411 3412
f 7144 7145 3410
f 7144 3410 3411
f 7145 2606 2607
f 7145 2607 3410
f 397 3409 7124
f 397 7124 2511
f 3409 3408 7125
f 3409 7125 7124
f 3408 3407 7126
f 3408 7126 7125
f 3407 3406 7127
f 3407 7127 7126
f 3406 3405 7128
f 3406 7128 7127
f 3405 410 2602
f 3405 2602 7128
f 7147 3412 3413
f 7146 7147 3413
f 7146 3413 3414
f 2515 7146 3414
f 2515 3414 398
f 2514 7139 7146
f 2514 7146 2515
f 2513 7134 7139
f 2513 7139 2514
f 2512 7129 7134
f 2512 7134 2513
f 2511 7124 7129
f 2511 7129 2512
f 3413 3412 7151
f 3413 7151 7150
f 3412 3411 7152
f 3412 7152 7151
f 3411 3410 7149
f 3411 7149 7152
f 3414 3413 7150
f 3414 7150 7153
f 7149 2608 7154
f 2608 2609 7154
f 7153 7150 7156
f 7153 7156 7155
f 7150 7151 7157
f 7150 7157 7156
f 7151 7152 7158
f 7151 7158 7157
f 7152 7149 7154
f 7152 7154 7158
f 7154 2609 2610
f 7158 7154 7159
f 7154 2610 7159
f 7155 7156 7161
f 7155 7161 7160
f 7156 7157 7162
f 7156 7162 7161
f 7157 7158 7163
f 7157 7163 7162
f 7158 7159 7163
f 7163 7159 7164
f 7159 2610 2611
f 7159 2611 7164
f 7160 7161 7166
f 7160 7166 7165
f 7161 7162 7167
f 7161 7167 7166
f 7162 7163 7168
f 7162 7168 7167
f 7163 7164 7168
f 7164 2611 2612
f 7164 2612 3416
f 7165 7166 3419
f 7165 3419 3420
f 7166 7167 3418
f 7166 3418 3419
f 7167 7168 3417
f 7167 3417 3418
f 7168 7164 3416
f 7168 3416 3417
f 3410 2607 2608
f 3410 2608 7149
f 2607 489 2608
f 3416 2612 490
f 3416 490 3415
f 2519 7165 3420
f 2519 3420 399
f 2518 7160 7165
f 2518 7165 2519
f 2517 7155 7160
f 2517 7160 2518
f 2516 7153 7155
f 2516 7155 2517
f 398 3414 7153
f 398 7153 2516
f 3415 490 2613
f 3415 2613 7173
f 7169 7170 7175
f 7169 7175 7174
f 7170 7171 7176
f 7170 7176 7175
f 7171 7172 7177
f 7171 7177 7176
f 7172 3415 7173
f 7172 7173 7177
f 7173 2613 2614
f 7174 7175 7179
f 7174 7179 7178
f 7175 7176 7180
f 7175 7180 7179
f 7176 7177 7181
f 7176 7181 7180
f 7177 7173 7182
f 7177 7182 7181
f 7173 2614 7182
f 7178 7179 7184
f 7178 7184 7183
f 7179 7180 7185
f 7179 7185 7184
f 7180 7181 7186
f 7180 7186 7185
f 7181 7182 7187
f 7181 7187 7186
f 7182 2614 2615
f 7182 2615 7187
f 7183 7184 7189
f 7183 7189 7188
f 7184 7185 7190
f 7184 7190 7189
f 7185 7186 7191
f 7185 7191 7190
f 7186 7187 7192
f 7186 7192 7191
f 7187 2615 2616
f 7187 2616 7192
f 399 3420 7169
f 399 7169 2520
f 3420 3419 7170
f 3420 7170 7169
f 3419 3418 7171
f 3419 7171 7170
f 3418 3417 7172
f 3418 7172 7171
f 3417 3416 3415
f 3417 3415 7172
f 7192 2616 491
f 7192 491 3421
f 7191 7192 3421
f 7191 3421 3422
f 7190 7191 3422
f 7190 3422 3423
f 7189 7190 3423
f 7189 3423 3424
f 7188 7189 3424
f 7188 3424 3425
f 2524 7188 3425
f 2524 3425 400
f 2523 7183 7188
f 2523 7188 2524
f 2522 7178 7183
f 2522 7183 2523
f 2521 7174 7178
f 2521 7178 2522
f 2520 7169 7174
f 2520 7174 2521
f 3425 3424 7194
f 3425 7194 7193
f 3424 3423 7195
f 3424 7195 7194
f 3423 3422 7196
f 3423 7196 7195
f 3422 3421 7197
f 3422 7197 7196
f 3421 491 2617
f 3421 2617 7197
f 7193 7194 7199
f 7193 7199 7198
f 7194 7195 7200
f 7194 7200 7199
f 7195 7196 7201
f 7195 7201 7200
f 7196 7197 7202
f 7196 7202 7201
f 7197 2617 2618
f 7197 2618 7202
f 7198 7199 7204
f 7198 7204 7203
f 7199 7200 7205
f 7199 7205 7204
f 7200 7201 7206
f 7200 7206 7205
f 7201 7202 7207
f 7201 7207 7206
f 7202 2618 7207
f 7207 2618 2619
f 7203 7204 7208
f 7208 7204 7209
f 7204 7205 7210
f 7204 7210 7209
f 7205 7206 7211
f 7205 7211 7210
f 7206 7207 7212
f 7206 7212 7211
f 7207 2619 492
f 7207 492 7212
f 7208 7209 3429
f 7208 3429 3430
f 7209 7210 3428
f 7209 3428 3429
f 7210 7211 3427
f 7210 3427 3428
f 7211 7212 3426
f 7211 3426 3427
f 7212 492 2620
f 7212 2620 3426
f 2528 7208 3430
f 2528 3430 401
f 2527 7203 7208
f 2527 7208 2528
f 2526 7198 7203
f 2526 7203 2527
f 2525 7193 7198
f 2525 7198 2526
f 400 3425 7193
f 400 7193 2525
f 7214 3428 7215
f 3428 3427 7216
f 3428 7216 7215
f 3427 3426 7217
f 3427 7217 7216
f 3426 2620 2621
f 3426 2621 7217
f 7213 7214 7219
f 7213 7219 7218
f 7214 7215 7220
f 7214 7220 7219
f 7215 7216 7221
f 7215 7221 7220
f 7216 7217 7222
f 7216 7222 7221
f 7217 2621 7222
f 7218 7219 7224
f 7218 7224 7223
f 7219 7220 7225
f 7219 7225 7224
f 7222 2621 2622
f 7220 7221 7226
f 7220 7226 7225
f 7221 7222 7227
f 7221 7227 7226
f 7222 2622 7227
f 7223 7224 7229
f 7223 7229 7228
f 7224 7225 7230
f 7224 7230 7229
f 7225 7226 7230
f 7227 2622 2623
f 7230 7226 7231
f 7226 7227 7232
f 7226 7232 7231
f 7227 2623 7232
f 7228 7229 7234
f 7228 7234 7233
f 7229 7230 7235
f 7229 7235 7234
f 7230 7231 3432
f 7230 3432 7235
f 7232 2623 2624
f 7231 7232 3431
f 7231 3431 3432
f 7232 2624 3431
f 3431 2624 2626
f 401 3430 7213
f 401 7213 2529
f 3430 3429 7214
f 3430 7214 7213
f 3429 3428 7214
f 2624 2625 2626
f 2626 2625 493
f 7235 3432 3433
f 7235 3433 3434
f 7234 7235 3434
f 7234 3434 3435
f 7233 7234 3435
f 7233 3435 3436
f 2533 7233 3436
f 2533 3436 402
f 2532 7228 7233
f 2532 7233 2533
f 2531 7223 7228
f 2531 7228 2532
f 2530 7218 7223
f 2530 7223 2531
f 2529 7213 7218
f 2529 7218 2530
f 3436 3435 7238
f 3436 7238 7237
f 3435 3434 7239
f 3435 7239 7238
f 3434 3433 7240
f 3434 7240 7239
f 3433 7236 7241
f 3433 7241 7240
f 7236 2627 2628
f 7236 2628 7241
f 7237 7238 7243
f 7237 7243 7242
f 7238 7239 7244
f 7238 7244 7243
f 7239 7240 7245
f 7239 7245 7244
f 7240 7241 7246
f 7240 7246 7245
f 7241 2628 2629
f 7241 2629 7246
f 7242 7243 7248
f 7242 7248 7247
f 7243 7244 7249
f 7243 7249 7248
f 7244 7245 7249
f 7245 7250 7249
f 7245 7246 7251
f 7245 7251 7250
f 7246 2629 2630
f 7246 2630 7251
f 7247 7248 7253
f 7247 7253 7252
f 7248 7249 7254
f 7248 7254 7253
f 7249 7250 7255
f 7249 7255 7254
f 7250 7251 7256
f 7250 7256 7255
f 7251 2630 2631
f 7251 2631 7256
f 7252 7253 3440
f 7252 3440 3441
f 7253 7254 3439
f 7253 3439 3440
f 7254 7255 3438
f 7254 3438 3439
f 7255 7256 3437
f 7255 3437 3438
f 7256 2631 411
f 7256 411 3437
f 3432 3431 7236
f 3432 7236 3433
f 3431 2626 2627
f 3431 2627 7236
f 2537 7252 3441
f 2537 3441 403
f 2536 7247 7252
f 2536 7252 2537
f 2535 7242 7247
f 2535 7247 2536
f 2534 7237 7242
f 2534 7242 2535
f 402 3436 7237
f 402 7237 2534
f 3441 3440 7258
f 3441 7258 7257
f 3440 3439 7259
f 3440 7259 7258
f 3439 3438 7260
f 3439 7260 7259
f 3438 3437 7261
f 3438 7261 7260
f 3437 411 2632
f 3437 2632 7261
f 7257 7258 7263
f 7257 7263 7262
f 7258 7259 7264
f 7258 7264 7263
f 7259 7260 7265
f 7259 7265 7264
f 7260 7261 7266
f 7260 7266 7265
f 7261 2632 2633
f 7261 2633 7266
f 7262 7263 7268
f 7262 7268 7267
f 7263 7264 7269
f 7263 7269 7268
f 7264 7265 7270
f 7264 7270 7269
f 7265 7266 7271
f 7265 7271 7270
f 7266 2633 2634
f 7266 2634 7271
f 7267 7268 7273
f 7267 7273 7272
f 7268 7269 7274
f 7268 7274 7273
f 7269 7270 7275
f 7269 7275 7274
f 7270 7271 7276
f 7270 7276 7275
f 7271 2634 2635
f 7271 2635 7276
f 7272 7273 7278
f 7272 7278 7277
f 7273 7274 7279
f 7273 7279 7278
f 7274 7275 7280
f 7274 7280 7279
f 7275 7276 7281
f 7275 7281 7280
f 7276 2635 2636
f 7276 2636 7281
f 7281 2636 412
f 7281 412 3442
f 7280 7281 3442
f 7280 3442 3443
f 7279 7280 3443
f 7279 3443 3444
f 7278 7279 3444
f 7278 3444 3445
f 7277 7278 3445
f 7277 3445 3446
f 2542 7277 3446
f 2542 3446 404
f 2541 7272 7277
f 2541 7277 2542
f 2540 7267 7272
f 2540 7272 2541
f 2539 7262 7267
f 2539 7267 2540
f 2538 7257 7262
f 2538 7262 2539
f 403 3441 7257
f 403 7257 2538
f 3446 3445 7283
f 3446 7283 7282
f 3445 3444 7284
f 3445 7284 7283
f 3444 3443 7285
f 3444 7285 7284
f 3443 3442 7286
f 3443 7286 7285
f 3442 412 2637
f 3442 2637 7286
f 7282 7283 7288
f 7282 7288 7287
f 7283 7284 7289
f 7283 7289 7288
f 7284 7285 7290
f 7284 7290 7289
f 7285 7286 7291
f 7285 7291 7290
f 7286 2637 2638
f 7286 2638 7291
f 7287 7288 7293
f 7287 7293 7292
f 7288 7289 7294
f 7288 7294 7293
f 7289 7290 7295
f 7289 7295 7294
f 7290 7291 7296
f 7290 7296 7295
f 7291 2638 2639
f 7291 2639 7296
f 7292 7293 7298
f 7292 7298 7297
f 7293 7294 7299
f 7293 7299 7298
f 7294 7295 7300
f 7294 7300 7299
f 7295 7296 7301
f 7295 7301 7300
f 7296 2639 2640
f 7296 2640 7301
f 7297 7298 3450
f 7297 3450 3451
f 7298 7299 3449
f 7298 3449 3450
f 7299 7300 3448
f 7299 3448 3449
f 7300 7301 3447
f 7300 3447 3448
f 7301 2640 413
f 7301 413 3447
f 2546 7297 3451
f 2546 3451 405
f 2545 7292 7297
f 2545 7297 2546
f 2544 7287 7292
f 2544 7292 2545
f 2543 7282 7287
f 2543 7287 2544
f 404 3446 7282
f 404 7282 2543
f 3451 3450 7303
f 3451 7303 7302
f 3450 3449 7304
f 3450 7304 7303
f 3449 3448 7305
f 3449 7305 7304
f 3448 3447 7306
f 3448 7306 7305
f 3447 413 2641
f 3447 2641 7306
f 7302 7303 7308
f 7302 7308 7307
f 7303 7304 7309
f 7303 7309 7308
f 7304 7305 7310
f 7304 7310 7309
f 7305 7306 7311
f 7305 7311 7310
f 7306 2641 2642
f 7306 2642 7311
f 7307 7308 7313
f 7307 7313 7312
f 7308 7309 7314
f 7308 7314 7313
f 7309 7315 7314
f 7309 7310 7315
f 7310 7311 7316
f 7310 7316 7315
f 7311 2642 2643
f 7311 2643 7316
f 7312 7313 7318
f 7312 7318 7317
f 7313 7314 7319
f 7313 7319 7318
f 7314 7315 7320
f 7314 7320 7319
f 7315 7316 7321
f 7315 7321 7320
f 7316 2643 2644
f 7316 2644 7321
f 7317 7318 3455
f 7317 3455 2552
f 7318 7319 3454
f 7318 3454 3455
f 7319 7320 3453
f 7319 3453 3454
f 7320 7321 3452
f 7320 3452 3453
f 7321 2644 660
f 7321 660 3452
f 2551 7317 2552
f 2550 7317 2551
f 2550 7312 7317
f 2549 7312 2550
f 2548 7307 7312
f 2548 7312 2549
f 2547 7302 7307
f 2547 7307 2548
f 405 3451 7302
f 405 7302 2547
f 727 4907 7322
f 724 727 4983
f 727 7322 4983
f 7322 4907 7324
f 7322 7324 7323
f 4907 4906 4981
f 4907 4981 7324
f 4983 7322 7325
f 7322 7323 7325
f 4982 4983 7325
f 4982 7325 2924
f 7323 7324 2921
f 7324 4981 654
f 7324 654 2921
f 727 4908 4907
f 4906 720 4981
f 7323 2921 2922
f 7325 7323 2922
f 7325 2922 2923
f 2924 7325 2923
f 3169 2924 655
f 4982 2924 3169
f 4937 4936 7327
f 4937 7327 7326
f 4936 4935 7328
f 4936 7328 7327
f 4935 4934 7329
f 4935 7329 7328
f 4934 4933 7330
f 4934 7330 7329
f 7326 7327 3327
f 7326 3327 3326
f 7327 7328 3328
f 7327 3328 3327
f 7328 7329 3329
f 7328 3329 3328
f 7329 7330 3330
f 7329 3330 3329
f 4933 703 4970
f 4933 4970 7330
f 7330 4970 659
f 7330 659 3330
f 4971 7326 3326
f 4971 3326 658
f 704 4937 7326
f 704 7326 4971
f 4853 4852 7331
f 4853 7331 4962
f 4852 4851 7332
f 4852 7332 7331
f 4851 4850 7333
f 4851 7333 7332
f 4850 4849 7334
f 4850 7334 7333
f 4849 693 4963
f 4849 4963 7334
f 4962 7331 2567
f 4962 2567 645
f 7331 2568 2567
f 7331 7332 2568
f 7332 7333 2569
f 7332 2569 2568
f 7333 7334 2570
f 7333 2570 2569
f 7334 4963 646
f 7334 646 2570
f 720 4901 7336
f 720 7336 7335
f 4901 4900 7337
f 4901 7337 7336
f 4900 4899 7338
f 4900 7338 7337
f 4899 4898 7339
f 4899 7339 7338
f 7335 7336 2919
f 7335 2919 2920
f 7336 7337 2918
f 7336 2918 2919
f 7337 7338 2917
f 7337 2917 2918
f 7338 7339 2916
f 7338 2916 2917
f 4898 718 4980
f 4898 4980 7339
f 7339 4980 653
f 7339 653 2916
f 4981 7335 2920
f 4981 2920 654
f 720 7335 4981
f 730 4932 7340
f 730 7340 4990
f 4932 4931 7341
f 4932 7341 7340
f 4931 4930 7342
f 4931 7342 7341
f 4930 4929 7343
f 4930 7343 7342
f 4929 729 4988
f 4929 4988 7343
f 4990 7340 7344
f 4990 7344 4989
f 7340 7341 7345
f 7340 7345 7344
f 7341 7342 7346
f 7341 7346 7345
f 7342 7343 7347
f 7342 7347 7346
f 7343 4988 4987
f 7343 4987 7347
f 4989 7344 3279
f 4989 3279 434
f 7344 7345 3278
f 7344 3278 3279
f 7345 7346 3277
f 7345 3277 3278
f 7346 7347 3276
f 7346 3276 3277
f 7347 4987 444
f 7347 444 3276
f 689 4844 7348
f 4844 4843 7349
f 4844 7349 7348
f 4843 4842 7350
f 4843 7350 7349
f 4842 4841 7351
f 4842 7351 7350
f 4841 691 7352
f 4841 7352 7351
f 7348 7349 2563
f 7348 2563 2562
f 7349 7350 2564
f 7349 2564 2563
f 7350 7351 2565
f 7350 2565 2564
f 7351 7352 2566
f 7351 2566 2565
f 691 4853 4962
f 691 4962 7352
f 7352 4962 645
f 7352 645 2566
f 4961 7348 2562
f 4961 2562 644
f 689 7348 4961
f 3459 3458 7354
f 3459 7354 7353
f 3458 3457 7355
f 3458 7355 7354
f 3457 3456 7356
f 3457 7356 7355
f 3456 414 2645
f 3456 2645 7356
f 2581 3459 7353
f 2581 7353 7357
f 7354 7355 7359
f 7354 7359 7358
f 7355 7356 7360
f 7355 7360 7359
f 7356 2645 2646
f 7356 2646 7360
f 7357 7353 7362
f 7357 7362 7361
f 7353 7354 7362
f 7354 7358 7362
f 7359 7360 7363
f 7360 2646 2647
f 7360 2647 7363
f 7361 7362 7365
f 7361 7365 7364
f 7362 7358 7366
f 7362 7366 7365
f 7358 7359 7367
f 7358 7367 7366
f 7359 7363 7367
f 7364 7365 7369
f 7364 7369 7368
f 7365 7366 7370
f 7365 7370 7369
f 7366 7367 7371
f 7366 7371 7370
f 7367 7363 7372
f 7367 7372 7371
f 7363 2647 2648
f 7363 2648 7372
f 7368 7369 3463
f 7368 3463 3464
f 7369 7370 3462
f 7369 3462 3463
f 7370 7371 3461
f 7370 3461 3462
f 7371 7372 3460
f 7371 3460 3461
f 7372 2648 415
f 7372 415 3460
f 648 3459 2581
f 2585 7368 3464
f 2585 3464 406
f 2584 7364 7368
f 2584 7368 2585
f 2583 7361 7364
f 2583 7364 2584
f 2582 7357 7361
f 2582 7361 2583
f 2581 7357 2582
f 3464 3463 7374
f 3464 7374 7373
f 3463 3462 7375
f 3463 7375 7374
f 3462 3461 7376
f 3462 7376 7375
f 3461 3460 7377
f 3461 7377 7376
f 3460 415 2649
f 3460 2649 7377
f 7373 7374 7379
f 7373 7379 7378
f 7374 7375 7380
f 7374 7380 7379
f 7375 7376 7381
f 7375 7381 7380
f 7376 7377 7382
f 7376 7382 7381
f 7377 2649 2650
f 7377 2650 7382
f 7378 7379 7384
f 7378 7384 7383
f 7379 7380 7385
f 7379 7385 7384
f 7380 7381 7386
f 7380 7386 7385
f 7381 7382 7387
f 7381 7387 7386
f 7382 2650 2651
f 7382 2651 7387
f 7383 7384 7389
f 7383 7389 7388
f 7384 7385 7390
f 7384 7390 7389
f 7385 7386 7391
f 7385 7391 7390
f 7386 7387 7392
f 7386 7392 7391
f 7387 2651 2652
f 7387 2652 7392
f 7388 7389 3468
f 7388 3468 3469
f 7389 7390 3467
f 7389 3467 3468
f 7390 7391 3466
f 7390 3466 3467
f 7391 7392 3465
f 7391 3465 3466
f 7392 2652 416
f 7392 416 3465
f 2589 7388 3469
f 2589 3469 407
f 2588 7383 7388
f 2588 7388 2589
f 2587 7378 7383
f 2587 7383 2588
f 2586 7373 7378
f 2586 7378 2587
f 406 3464 7373
f 406 7373 2586
f 47 911 7393
f 47 7393 2411
f 911 910 7394
f 911 7394 7393
f 910 909 7395
f 910 7395 7394
f 909 908 7396
f 909 7396 7395
f 908 46 2499
f 908 2499 7396
f 2411 7393 7397
f 2411 7397 2412
f 7393 7394 7398
f 7393 7398 7397
f 7394 7395 7399
f 7394 7399 7398
f 7395 7396 7400
f 7395 7400 7399
f 7396 2499 2500
f 7396 2500 7400
f 2412 7397 7401
f 2412 7401 2413
f 7397 7398 7402
f 7397 7402 7401
f 7398 7399 7403
f 7398 7403 7402
f 7399 7400 7404
f 7399 7404 7403
f 7400 2500 2501
f 7400 2501 7404
f 2413 7401 3473
f 2413 3473 375
f 7401 7402 3472
f 7401 3472 3473
f 7402 7403 3471
f 7402 3471 3472
f 7403 7404 3470
f 7403 3470 3471
f 7404 2501 395
f 7404 395 3470
f 2414 7405 7409
f 2414 7409 2415
f 7405 7406 7410
f 7405 7410 7409
f 7406 7407 7411
f 7406 7411 7410
f 7407 7408 7412
f 7407 7412 7411
f 7408 2502 2503
f 7408 2503 7412
f 2415 7409 7413
f 2415 7413 2416
f 7409 7410 7414
f 7409 7414 7413
f 7410 7411 7415
f 7410 7415 7414
f 7411 7412 7416
f 7411 7416 7415
f 7412 2503 2504
f 7412 2504 7416
f 2416 7413 7417
f 2416 7417 2417
f 7413 7414 7418
f 7413 7418 7417
f 7414 7415 7419
f 7414 7419 7418
f 7415 7416 7420
f 7415 7420 7419
f 7416 2504 2505
f 7416 2505 7420
f 2417 7417 7421
f 2417 7421 2418
f 7417 7418 7422
f 7417 7422 7421
f 7418 7419 7423
f 7418 7423 7422
f 7419 7420 7424
f 7419 7424 7423
f 7420 2505 2506
f 7420 2506 7424
f 2418 7421 3477
f 2418 3477 376
f 7421 7422 3476
f 7421 3476 3477
f 7422 7423 3475
f 7422 3475 3476
f 7423 7424 3474
f 7423 3474 3475
f 7424 2506 396
f 7424 396 3474
f 375 3473 7405
f 375 7405 2414
f 3473 3472 7406
f 3473 7406 7405
f 3472 3471 7407
f 3472 7407 7406
f 3471 3470 7408
f 3471 7408 7407
f 3470 395 2502
f 3470 2502 7408
f 376 3477 7425
f 376 7425 2419
f 3477 3476 7426
f 3477 7426 7425
f 3476 3475 7427
f 3476 7427 7426
f 3475 3474 7428
f 3475 7428 7427
f 3474 396 2507
f 3474 2507 7428
f 2419 7425 7429
f 2419 7429 2420
f 7425 7426 7430
f 7425 7430 7429
f 7426 7427 7431
f 7426 7431 7430
f 7427 7428 7432
f 7427 7432 7431
f 7428 2507 2508
f 7428 2508 7432
f 2420 7429 7433
f 2420 7433 2421
f 7429 7430 7434
f 7429 7434 7433
f 7430 7431 7435
f 7430 7435 7434
f 7431 7432 7436
f 7431 7436 7435
f 7432 2508 2509
f 7432 2509 7436
f 2421 7433 7437
f 2421 7437 2422
f 7433 7434 7438
f 7433 7438 7437
f 7434 7435 7439
f 7434 7439 7438
f 7435 7436 7440
f 7435 7440 7439
f 7436 2509 2510
f 7436 2510 7440
f 2422 7437 3481
f 2422 3481 377
f 7437 7438 3480
f 7437 3480 3481
f 7438 7439 3479
f 7438 3479 3480
f 7439 7440 3478
f 7439 3478 3479
f 7440 2510 397
f 7440 397 3478
f 2423 7441 7445
f 2423 7445 2424
f 7441 7442 7446
f 7441 7446 7445
f 7442 7443 7447
f 7442 7447 7446
f 7443 7444 7448
f 7443 7448 7447
f 7444 2511 2512
f 7444 2512 7448
f 2424 7445 7449
f 2424 7449 2425
f 7445 7446 7450
f 7445 7450 7449
f 7446 7447 7451
f 7446 7451 7450
f 7447 7448 7452
f 7447 7452 7451
f 7448 2512 2513
f 7448 2513 7452
f 2425 7449 7453
f 2425 7453 2426
f 7449 7450 7454
f 7449 7454 7453
f 7450 7451 7455
f 7450 7455 7454
f 7451 7452 7456
f 7451 7456 7455
f 7452 2513 2514
f 7452 2514 7456
f 2426 7453 7457
f 2426 7457 2427
f 7453 7454 7458
f 7453 7458 7457
f 7454 7455 7459
f 7454 7459 7458
f 7455 7456 7460
f 7455 7460 7459
f 7456 2514 2515
f 7456 2515 7460
f 377 3481 7441
f 377 7441 2423
f 3481 3480 7442
f 3481 7442 7441
f 3480 3479 7443
f 3480 7443 7442
f 3479 3478 7444
f 3479 7444 7443
f 3478 397 2511
f 3478 2511 7444
f 7460 2515 398
f 7460 398 3482
f 7459 7460 3482
f 7459 3482 3483
f 7458 7459 3483
f 7458 3483 3484
f 7457 7458 3484
f 7457 3484 3485
f 2427 7457 3485
f 2427 3485 378
f 378 3485 7461
f 378 7461 2428
f 3485 3484 7462
f 3485 7462 7461
f 3484 3483 7463
f 3484 7463 7462
f 3483 3482 7464
f 3483 7464 7463
f 3482 398 2516
f 3482 2516 7464
f 2428 7461 7465
f 2428 7465 2429
f 7461 7462 7466
f 7461 7466 7465
f 7462 7463 7467
f 7462 7467 7466
f 7463 7464 7468
f 7463 7468 7467
f 7464 2516 2517
f 7464 2517 7468
f 2429 7465 7469
f 2429 7469 2430
f 7465 7466 7470
f 7465 7470 7469
f 7466 7467 7471
f 7466 7471 7470
f 7467 7468 7472
f 7467 7472 7471
f 7468 2517 2518
f 7468 2518 7472
f 2430 7469 7473
f 2430 7473 2431
f 7469 7470 7474
f 7469 7474 7473
f 7470 7471 7475
f 7470 7475 7474
f 7471 7472 7476
f 7471 7476 7475
f 7472 2518 2519
f 7472 2519 7476
f 2431 7473 3489
f 2431 3489 379
f 7473 7474 3488
f 7473 3488 3489
f 7474 7475 3487
f 7474 3487 3488
f 7475 7476 3486
f 7475 3486 3487
f 7476 2519 399
f 7476 399 3486
f 2432 7477 7481
f 2432 7481 2433
f 7477 7478 7482
f 7477 7482 7481
f 7478 7479 7483
f 7478 7483 7482
f 7479 7480 7484
f 7479 7484 7483
f 7480 2520 2521
f 7480 2521 7484
f 2433 7481 7485
f 2433 7485 2434
f 7481 7482 7486
f 7481 7486 7485
f 7482 7483 7487
f 7482 7487 7486
f 7483 7484 7488
f 7483 7488 7487
f 7484 2521 2522
f 7484 2522 7488
f 2434 7485 7489
f 2434 7489 2435
f 7485 7486 7490
f 7485 7490 7489
f 7486 7487 7491
f 7486 7491 7490
f 7487 7488 7492
f 7487 7492 7491
f 7488 2522 2523
f 7488 2523 7492
f 2435 7489 7493
f 2435 7493 2436
f 7489 7490 7494
f 7489 7494 7493
f 7490 7491 7495
f 7490 7495 7494
f 7491 7492 7496
f 7491 7496 7495
f 7492 2523 2524
f 7492 2524 7496
f 379 3489 7477
f 379 7477 2432
f 3489 3488 7478
f 3489 7478 7477
f 3488 3487 7479
f 3488 7479 7478
f 3487 3486 7480
f 3487 7480 7479
f 3486 399 2520
f 3486 2520 7480
f 7496 2524 400
f 7496 400 3490
f 7495 7496 3490
f 7495 3490 3491
f 7494 7495 3491
f 7494 3491 3492
f 7493 7494 3492
f 7493 3492 3493
f 2436 7493 3493
f 2436 3493 380
f 380 3493 7497
f 380 7497 2437
f 3493 3492 7498
f 3493 7498 7497
f 3492 3491 7499
f 3492 7499 7498
f 3491 3490 7500
f 3491 7500 7499
f 3490 400 2525
f 3490 2525 7500
f 2437 7497 7501
f 2437 7501 2438
f 7497 7498 7502
f 7497 7502 7501
f 7498 7499 7503
f 7498 7503 7502
f 7499 7500 7504
f 7499 7504 7503
f 7500 2525 2526
f 7500 2526 7504
f 2438 7501 7505
f 2438 7505 2439
f 7501 7502 7506
f 7501 7506 7505
f 7502 7503 7507
f 7502 7507 7506
f 7503 7504 7508
f 7503 7508 7507
f 7504 2526 2527
f 7504 2527 7508
f 2439 7505 7509
f 2439 7509 2440
f 7505 7506 7510
f 7505 7510 7509
f 7506 7507 7511
f 7506 7511 7510
f 7507 7508 7512
f 7507 7512 7511
f 7508 2527 2528
f 7508 2528 7512
f 2440 7509 3497
f 2440 3497 381
f 7509 7510 3496
f 7509 3496 3497
f 7510 7511 3495
f 7510 3495 3496
f 7511 7512 3494
f 7511 3494 3495
f 7512 2528 401
f 7512 401 3494
f 2441 7513 7517
f 2441 7517 2442
f 7513 7514 7518
f 7513 7518 7517
f 7514 7515 7519
f 7514 7519 7518
f 7515 7516 7520
f 7515 7520 7519
f 7516 2529 2530
f 7516 2530 7520
f 2442 7517 7521
f 2442 7521 2443
f 7517 7518 7522
f 7517 7522 7521
f 7518 7519 7523
f 7518 7523 7522
f 7519 7520 7524
f 7519 7524 7523
f 7520 2530 2531
f 7520 2531 7524
f 2443 7521 7525
f 2443 7525 2444
f 7521 7522 7526
f 7521 7526 7525
f 7522 7523 7527
f 7522 7527 7526
f 7523 7524 7528
f 7523 7528 7527
f 7524 2531 2532
f 7524 2532 7528
f 2444 7525 7529
f 2444 7529 2445
f 7525 7526 7530
f 7525 7530 7529
f 7526 7527 7531
f 7526 7531 7530
f 7527 7528 7532
f 7527 7532 7531
f 7528 2532 2533
f 7528 2533 7532
f 381 3497 7513
f 381 7513 2441
f 3497 3496 7514
f 3497 7514 7513
f 3496 3495 7515
f 3496 7515 7514
f 3495 3494 7516
f 3495 7516 7515
f 3494 401 2529
f 3494 2529 7516
f 7532 2533 402
f 7532 402 3498
f 7531 7532 3498
f 7531 3498 3499
f 7530 7531 3499
f 7530 3499 3500
f 7529 7530 3500
f 7529 3500 3501
f 2445 7529 3501
f 2445 3501 382
f 382 3501 7533
f 382 7533 2446
f 3501 3500 7534
f 3501 7534 7533
f 3500 3499 7535
f 3500 7535 7534
f 3499 3498 7536
f 3499 7536 7535
f 3498 402 2534
f 3498 2534 7536
f 2446 7533 7537
f 2446 7537 2447
f 7533 7534 7538
f 7533 7538 7537
f 7534 7535 7539
f 7534 7539 7538
f 7535 7536 7540
f 7535 7540 7539
f 7536 2534 2535
f 7536 2535 7540
f 2447 7537 7541
f 2447 7541 2448
f 7537 7538 7542
f 7537 7542 7541
f 7538 7539 7543
f 7538 7543 7542
f 7539 7540 7544
f 7539 7544 7543
f 7540 2535 2536
f 7540 2536 7544
f 2448 7541 7545
f 2448 7545 2449
f 7541 7542 7546
f 7541 7546 7545
f 7542 7543 7547
f 7542 7547 7546
f 7543 7544 7548
f 7543 7548 7547
f 7544 2536 2537
f 7544 2537 7548
f 2449 7545 3505
f 2449 3505 383
f 7545 7546 3504
f 7545 3504 3505
f 7546 7547 3503
f 7546 3503 3504
f 7547 7548 3502
f 7547 3502 3503
f 7548 2537 403
f 7548 403 3502
f 383 3505 7549
f 383 7549 2450
f 3505 3504 7550
f 3505 7550 7549
f 3504 3503 7551
f 3504 7551 7550
f 3503 3502 7552
f 3503 7552 7551
f 3502 403 2538
f 3502 2538 7552
f 2450 7549 7553
f 2450 7553 2451
f 7549 7550 7554
f 7549 7554 7553
f 7550 7551 7555
f 7550 7555 7554
f 7551 7552 7556
f 7551 7556 7555
f 7552 2538 2539
f 7552 2539 7556
f 2451 7553 7557
f 2451 7557 2452
f 7553 7554 7558
f 7553 7558 7557
f 7554 7555 7559
f 7554 7559 7558
f 7555 7556 7560
f 7555 7560 7559
f 7556 2539 2540
f 7556 2540 7560
f 2452 7557 7561
f 2452 7561 2453
f 7557 7558 7562
f 7557 7562 7561
f 7558 7559 7563
f 7558 7563 7562
f 7559 7560 7564
f 7559 7564 7563
f 7560 2540 2541
f 7560 2541 7564
f 2453 7561 7565
f 2453 7565 2454
f 7561 7562 7566
f 7561 7566 7565
f 7562 7563 7567
f 7562 7567 7566
f 7563 7564 7568
f 7563 7568 7567
f 7564 2541 2542
f 7564 2542 7568
f 7568 2542 404
f 7568 404 3506
f 7567 7568 3506
f 7567 3506 3507
f 7566 7567 3507
f 7566 3507 3508
f 7565 7566 3508
f 7565 3508 3509
f 2454 7565 3509
f 2454 3509 384
f 384 3509 7569
f 384 7569 2455
f 3509 3508 7570
f 3509 7570 7569
f 3508 3507 7571
f 3508 7571 7570
f 3507 3506 7572
f 3507 7572 7571
f 3506 404 2543
f 3506 2543 7572
f 2455 7569 7573
f 2455 7573 2456
f 7569 7570 7574
f 7569 7574 7573
f 7570 7571 7575
f 7570 7575 7574
f 7571 7572 7576
f 7571 7576 7575
f 7572 2543 2544
f 7572 2544 7576
f 2456 7573 7577
f 2456 7577 2457
f 7573 7574 7578
f 7573 7578 7577
f 7574 7575 7579
f 7574 7579 7578
f 7575 7576 7580
f 7575 7580 7579
f 7576 2544 2545
f 7576 2545 7580
f 2457 7577 7581
f 2457 7581 2458
f 7577 7578 7582
f 7577 7582 7581
f 7578 7579 7583
f 7578 7583 7582
f 7579 7580 7584
f 7579 7584 7583
f 7580 2545 2546
f 7580 2546 7584
f 2458 7581 3513
f 2458 3513 385
f 7581 7582 3512
f 7581 3512 3513
f 7582 7583 3511
f 7582 3511 3512
f 7583 7584 3510
f 7583 3510 3511
f 7584 2546 405
f 7584 405 3510
f 385 3513 7585
f 385 7585 2459
f 3513 3512 7586
f 3513 7586 7585
f 3512 3511 7587
f 3512 7587 7586
f 3511 3510 7588
f 3511 7588 7587
f 3510 405 2547
f 3510 2547 7588
f 2459 7585 7589
f 2459 7589 2460
f 7585 7586 7590
f 7585 7590 7589
f 7586 7587 7591
f 7586 7591 7590
f 7587 7588 7592
f 7587 7592 7591
f 7588 2547 2548
f 7588 2548 7592
f 2460 7589 7593
f 2460 7593 2461
f 7589 7590 7594
f 7589 7594 7593
f 7590 7591 7595
f 7590 7595 7594
f 7591 7592 7596
f 7591 7596 7595
f 7592 2548 2549
f 7592 2549 7596
f 2461 7593 7597
f 2461 7597 2462
f 7593 7594 7598
f 7593 7598 7597
f 7594 7595 7599
f 7594 7599 7598
f 7595 7596 7600
f 7595 7600 7599
f 7596 2549 2550
f 7596 2550 7600
f 2462 7597 7601
f 2462 7601 2463
f 7597 7598 7602
f 7597 7602 7601
f 7598 7599 7603
f 7598 7603 7602
f 7599 7600 7604
f 7599 7604 7603
f 7600 2550 2551
f 7600 2551 7604
f 2551 2552 642
f 2551 642 2553
f 7604 2551 2553
f 7604 2553 3514
f 7603 7604 3514
f 7603 3514 3515
f 7602 7603 3515
f 7602 3515 3516
f 7601 7602 3516
f 7601 3516 3517
f 2463 7601 3517
f 2463 3517 386
f 386 3517 7605
f 386 7605 2464
f 3517 3516 7606
f 3517 7606 7605
f 3516 3515 7607
f 3516 7607 7606
f 3515 3514 7608
f 3515 7608 7607
f 3514 2553 2554
f 3514 2554 7608
f 2464 7605 7609
f 2464 7609 2465
f 7605 7606 7610
f 7605 7610 7609
f 7606 7607 7611
f 7606 7611 7610
f 7607 7608 7612
f 7607 7612 7611
f 7608 2554 7612
f 2554 2555 7612
f 2465 7609 7613
f 2465 7613 2466
f 7609 7610 7614
f 7609 7614 7613
f 7610 7611 7615
f 7610 7615 7614
f 7611 7612 7616
f 7611 7616 7615
f 7612 2555 2556
f 7612 2556 7616
f 2466 7613 7617
f 2466 7617 2467
f 7613 7614 7618
f 7613 7618 7617
f 7614 7615 7619
f 7614 7619 7618
f 7615 7616 7620
f 7615 7620 7619
f 7616 2556 2557
f 7616 2557 7620
f 2467 7617 3521
f 2467 3521 387
f 7617 7618 3520
f 7617 3520 3521
f 7618 7619 3519
f 7618 3519 3520
f 7619 7620 3518
f 7619 3518 3519
f 7620 2557 643
f 7620 643 3518
f 387 3521 7621
f 387 7621 2468
f 3521 3520 7622
f 3521 7622 7621
f 3520 3519 7623
f 3520 7623 7622
f 3519 3518 7624
f 3519 7624 7623
f 3518 643 2558
f 3518 2558 7624
f 2468 7621 7625
f 2468 7625 2469
f 7621 7622 7626
f 7621 7626 7625
f 7622 7623 7627
f 7622 7627 7626
f 7623 7624 7628
f 7623 7628 7627
f 7624 2558 2559
f 7624 2559 7628
f 2469 7625 7629
f 2469 7629 2470
f 7625 7626 7630
f 7625 7630 7629
f 7626 7627 7631
f 7626 7631 7630
f 7627 7628 7632
f 7627 7632 7631
f 7628 2559 2560
f 7628 2560 7632
f 2470 7629 7633
f 2470 7633 2471
f 7629 7630 7634
f 7629 7634 7633
f 7630 7631 7635
f 7630 7635 7634
f 7631 7632 7636
f 7631 7636 7635
f 7632 2560 2561
f 7632 2561 7636
f 2471 7633 7637
f 2471 7637 2472
f 7633 7634 3524
f 7633 3524 7637
f 7634 7635 3523
f 7634 3523 3524
f 7635 7636 3522
f 7635 3522 3523
f 7636 2561 644
f 7636 644 3522
f 7637 3524 3525
f 7637 3525 3526
f 2472 7637 3526
f 2472 3526 388
f 388 3526 7640
f 388 7640 2473
f 3526 3525 7641
f 3526 7641 7640
f 3525 7638 7642
f 3525 7642 7641
f 7638 7639 7642
f 7642 7639 7643
f 7639 2562 2563
f 7639 2563 7643
f 2473 7640 7644
f 2473 7644 2474
f 7640 7641 7645
f 7640 7645 7644
f 7641 7642 7646
f 7641 7646 7645
f 7642 7643 7647
f 7642 7647 7646
f 7643 2563 2564
f 7643 2564 7647
f 2474 7644 7648
f 2474 7648 2475
f 7644 7645 7649
f 7644 7649 7648
f 7645 7646 7650
f 7645 7650 7649
f 7646 7647 7651
f 7646 7651 7650
f 7647 2564 7651
f 7651 2564 2565
f 2475 7648 7652
f 2475 7652 2476
f 7648 7649 7653
f 7648 7653 7652
f 7649 7650 7654
f 7649 7654 7653
f 7650 7651 7655
f 7650 7655 7654
f 7651 2565 2566
f 7651 2566 7655
f 2476 7652 3530
f 2476 3530 389
f 7652 7653 3529
f 7652 3529 3530
f 7653 7654 3528
f 7653 3528 3529
f 7654 7655 3527
f 7654 3527 3528
f 7655 2566 645
f 7655 645 3527
f 3524 3523 7638
f 3524 7638 3525
f 3523 3522 7639
f 3523 7639 7638
f 3522 644 2562
f 3522 2562 7639
f 389 3530 7656
f 389 7656 2477
f 3530 3529 7657
f 3530 7657 7656
f 3529 3528 7658
f 3529 7658 7657
f 3528 3527 7659
f 3528 7659 7658
f 3527 645 2567
f 3527 2567 7659
f 2477 7656 7660
f 2477 7660 2478
f 7656 7657 7661
f 7656 7661 7660
f 7657 7658 7662
f 7657 7662 7661
f 7658 7659 7663
f 7658 7663 7662
f 7659 2567 2568
f 7659 2568 7663
f 2478 7660 7664
f 2478 7664 2479
f 7660 7661 7665
f 7660 7665 7664
f 7661 7662 7666
f 7661 7666 7665
f 7662 7663 7667
f 7662 7667 7666
f 7663 2568 2569
f 7663 2569 7667
f 2479 7664 7668
f 2479 7668 2480
f 7664 7665 7669
f 7664 7669 7668
f 7665 7666 7670
f 7665 7670 7669
f 7666 7667 7671
f 7666 7671 7670
f 7667 2569 2570
f 7667 2570 7671
f 2480 7668 3534
f 2480 3534 390
f 7668 7669 3533
f 7668 3533 3534
f 7669 7670 3532
f 7669 3532 3533
f 7670 7671 3531
f 7670 3531 3532
f 7671 2570 646
f 7671 646 3531
f 2481 7672 7676
f 2481 7676 2482
f 7672 7673 7677
f 7672 7677 7676
f 7673 7674 7678
f 7673 7678 7677
f 7674 7675 7679
f 7674 7679 7678
f 7675 2571 2572
f 7675 2572 7679
f 2482 7676 7680
f 2482 7680 2483
f 7676 7677 7681
f 7676 7681 7680
f 7677 7678 7682
f 7677 7682 7681
f 7678 7679 7683
f 7678 7683 7682
f 7679 2572 2573
f 7679 2573 7683
f 2483 7680 7684
f 2483 7684 2484
f 7680 7681 7685
f 7680 7685 7684
f 7681 7682 7686
f 7681 7686 7685
f 7682 7683 7687
f 7682 7687 7686
f 7683 2573 2574
f 7683 2574 7687
f 2484 7684 7688
f 2484 7688 2485
f 7684 7685 7689
f 7684 7689 7688
f 7685 7686 7690
f 7685 7690 7689
f 7686 7687 7691
f 7686 7691 7690
f 7687 2574 2575
f 7687 2575 7691
f 2485 7688 3538
f 2485 3538 391
f 7688 7689 3537
f 7688 3537 3538
f 7689 7690 3536
f 7689 3536 3537
f 7690 7691 3535
f 7690 3535 3536
f 390 3534 7672
f 390 7672 2481
f 3534 3533 7673
f 3534 7673 7672
f 3533 3532 7674
f 3533 7674 7673
f 3532 3531 7675
f 3532 7675 7674
f 3531 646 2571
f 3531 2571 7675
f 7691 2575 647
f 7691 647 3535
f 391 3538 7692
f 391 7692 2486
f 3538 3537 7693
f 3538 7693 7692
f 3537 3536 7694
f 3537 7694 7693
f 3536 3535 7695
f 3536 7695 7694
f 3535 647 2576
f 3535 2576 7695
f 2486 7692 7696
f 2486 7696 2487
f 7692 7693 7697
f 7692 7697 7696
f 7693 7694 7698
f 7693 7698 7697
f 7694 7695 7699
f 7694 7699 7698
f 7695 2576 2577
f 7695 2577 7699
f 2487 7696 7700
f 2487 7700 2488
f 7696 7697 7701
f 7696 7701 7700
f 7697 7698 7702
f 7697 7702 7701
f 7698 7699 7703
f 7698 7703 7702
f 7699 2577 2578
f 7699 2578 7703
f 2488 7700 7704
f 2488 7704 2489
f 7700 7701 7705
f 7700 7705 7704
f 7701 7702 7706
f 7701 7706 7705
f 7702 7703 7707
f 7702 7707 7706
f 7703 2578 7707
f 7707 2578 2579
f 2489 7704 3542
f 2489 3542 392
f 7704 7705 3541
f 7704 3541 3542
f 7705 7706 3540
f 7705 3540 3541
f 7706 7707 3539
f 7706 3539 3540
f 7707 2579 2580
f 7707 2580 3539
f 2490 7708 7713
f 2490 7713 2491
f 7708 7709 7714
f 7708 7714 7713
f 7709 7710 7715
f 7709 7715 7714
f 7710 7711 7716
f 7710 7716 7715
f 7711 7712 2582
f 7711 2582 7716
f 2491 7713 7717
f 2491 7717 2492
f 7713 7714 7718
f 7713 7718 7717
f 7714 7715 7719
f 7714 7719 7718
f 7715 7716 7720
f 7715 7720 7719
f 7716 2582 2583
f 7716 2583 7720
f 2492 7717 7721
f 2492 7721 2493
f 7717 7718 7722
f 7717 7722 7721
f 7718 7719 7723
f 7718 7723 7722
f 7719 7720 7724
f 7719 7724 7723
f 7720 2583 2584
f 7720 2584 7724
f 2493 7721 7725
f 2493 7725 2494
f 7721 7722 7726
f 7721 7726 7725
f 7722 7723 7727
f 7722 7727 7726
f 7723 7724 7728
f 7723 7728 7727
f 7724 2584 2585
f 7724 2585 7728
f 2494 7725 3546
f 2494 3546 393
f 7725 7726 3545
f 7725 3545 3546
f 7726 7727 3544
f 7726 3544 3545
f 7727 7728 3543
f 7727 3543 3544
f 7728 2585 406
f 7728 406 3543
f 392 3542 7708
f 392 7708 2490
f 3542 3541 7709
f 3542 7709 7708
f 3541 3540 7710
f 3541 7710 7709
f 3540 3539 7711
f 3540 7711 7710
f 3539 2580 7712
f 3539 7712 7711
f 2580 648 2581
f 2580 2581 7712
f 7712 2581 2582
f 393 3546 7729
f 393 7729 2495
f 3546 3545 7730
f 3546 7730 7729
f 3545 3544 7731
f 3545 7731 7730
f 3544 3543 7732
f 3544 7732 7731
f 3543 406 2586
f 3543 2586 7732
f 2495 7729 7733
f 2495 7733 2496
f 7729 7730 7734
f 7729 7734 7733
f 7730 7731 7735
f 7730 7735 7734
f 7731 7732 7736
f 7731 7736 7735
f 7732 2586 2587
f 7732 2587 7736
f 2496 7733 7737
f 2496 7737 2497
f 7733 7734 7738
f 7733 7738 7737
f 7734 7735 7739
f 7734 7739 7738
f 7735 7736 7740
f 7735 7740 7739
f 7736 2587 2588
f 7736 2588 7740
f 2497 7737 7741
f 2497 7741 2498
f 7737 7738 7742
f 7737 7742 7741
f 7738 7739 7743
f 7738 7743 7742
f 7739 7740 7744
f 7739 7744 7743
f 7740 2588 2589
f 7740 2589 7744
f 2498 7741 3550
f 2498 3550 394
f 7741 7742 3549
f 7741 3549 3550
f 7742 7743 3548
f 7742 3548 3549
f 7743 7744 3547
f 7743 3547 3548
f 7744 2589 407
f 7744 407 3547
f 765 764 7746
f 765 7746 7745
f 764 763 7747
f 764 7747 7746
f 763 762 7748
f 763 7748 7747
f 762 47 2411
f 762 2411 7748
f 7745 7746 7750
f 7745 7750 7749
f 7746 7747 7751
f 7746 7751 7750
f 7747 7748 7752
f 7747 7752 7751
f 7748 2411 2412
f 7748 2412 7752
f 7749 7750 7754
f 7749 7754 7753
f 7750 7751 7755
f 7750 7755 7754
f 7751 7752 7756
f 7751 7756 7755
f 7752 2412 2413
f 7752 2413 7756
f 7753 7754 3553
f 7753 3553 3554
f 7754 7755 3552
f 7754 3552 3553
f 7755 7756 3551
f 7755 3551 3552
f 7756 2413 375
f 7756 375 3551
f 1555 7753 3554
f 1555 3554 175
f 1554 7749 7753
f 1554 7753 1555
f 1553 7745 7749
f 1553 7749 1554
f 20 765 7745
f 20 7745 1553
f 7757 7758 7762
f 7757 7762 7761
f 7758 7759 7763
f 7758 7763 7762
f 7759 7760 7764
f 7759 7764 7763
f 7760 2414 2415
f 7760 2415 7764
f 7761 7762 7766
f 7761 7766 7765
f 7762 7763 7767
f 7762 7767 7766
f 7763 7764 7768
f 7763 7768 7767
f 7764 2415 2416
f 7764 2416 7768
f 7765 7766 7770
f 7765 7770 7769
f 7766 7767 7771
f 7766 7771 7770
f 7767 7768 7772
f 7767 7772 7771
f 7768 2416 2417
f 7768 2417 7772
f 7769 7770 7774
f 7769 7774 7773
f 7770 7771 7775
f 7770 7775 7774
f 7771 7772 7776
f 7771 7776 7775
f 7772 2417 2418
f 7772 2418 7776
f 7773 7774 3557
f 7773 3557 3558
f 7774 7775 3556
f 7774 3556 3557
f 7775 7776 3555
f 7775 3555 3556
f 7776 2418 376
f 7776 376 3555
f 175 3554 7757
f 175 7757 1556
f 3554 3553 7758
f 3554 7758 7757
f 3553 3552 7759
f 3553 7759 7758
f 3552 3551 7760
f 3552 7760 7759
f 3551 375 2414
f 3551 2414 7760
f 1560 7773 3558
f 1560 3558 176
f 1559 7769 7773
f 1559 7773 1560
f 1558 7765 7769
f 1558 7769 1559
f 1557 7761 7765
f 1557 7765 1558
f 1556 7757 7761
f 1556 7761 1557
f 3558 3557 7778
f 3558 7778 7777
f 3557 3556 7779
f 3557 7779 7778
f 3556 3555 7780
f 3556 7780 7779
f 3555 376 2419
f 3555 2419 7780
f 7777 7778 7782
f 7777 7782 7781
f 7778 7779 7783
f 7778 7783 7782
f 7779 7780 7784
f 7779 7784 7783
f 7780 2419 2420
f 7780 2420 7784
f 7781 7782 7786
f 7781 7786 7785
f 7782 7783 7787
f 7782 7787 7786
f 7783 7784 7788
f 7783 7788 7787
f 7784 2420 2421
f 7784 2421 7788
f 7785 7786 7790
f 7785 7790 7789
f 7786 7787 7791
f 7786 7791 7790
f 7787 7788 7792
f 7787 7792 7791
f 7788 2421 2422
f 7788 2422 7792
f 7789 7790 3561
f 7789 3561 3562
f 7790 7791 3560
f 7790 3560 3561
f 7791 7792 3559
f 7791 3559 3560
f 7792 2422 377
f 7792 377 3559
f 1564 7789 3562
f 1564 3562 177
f 1563 7785 7789
f 1563 7789 1564
f 1562 7781 7785
f 1562 7785 1563
f 1561 7777 7781
f 1561 7781 1562
f 176 3558 7777
f 176 7777 1561
f 7793 7794 7798
f 7793 7798 7797
f 7794 7795 7799
f 7794 7799 7798
f 7795 7796 7800
f 7795 7800 7799
f 7796 2423 2424
f 7796 2424 7800
f 7797 7798 7802
f 7797 7802 7801
f 7798 7799 7803
f 7798 7803 7802
f 7799 7800 7804
f 7799 7804 7803
f 7800 2424 2425
f 7800 2425 7804
f 7801 7802 7806
f 7801 7806 7805
f 7802 7803 7807
f 7802 7807 7806
f 7803 7804 7808
f 7803 7808 7807
f 7804 2425 2426
f 7804 2426 7808
f 7805 7806 7810
f 7805 7810 7809
f 7806 7807 7811
f 7806 7811 7810
f 7807 7808 7812
f 7807 7812 7811
f 7808 2426 2427
f 7808 2427 7812
f 177 3562 7793
f 177 7793 1565
f 3562 3561 7794
f 3562 7794 7793
f 3561 3560 7795
f 3561 7795 7794
f 3560 3559 7796
f 3560 7796 7795
f 3559 377 2423
f 3559 2423 7796
f 7812 2427 378
f 7812 378 3563
f 7811 7812 3563
f 7811 3563 3564
f 7810 7811 3564
f 7810 3564 3565
f 7809 7810 3565
f 7809 3565 3566
f 1569 7809 3566
f 1569 3566 178
f 1568 7805 7809
f 1568 7809 1569
f 1567 7801 7805
f 1567 7805 1568
f 1566 7797 7801
f 1566 7801 1567
f 1565 7793 7797
f 1565 7797 1566
f 3566 3565 7814
f 3566 7814 7813
f 3565 3564 7815
f 3565 7815 7814
f 3564 3563 7816
f 3564 7816 7815
f 3563 378 2428
f 3563 2428 7816
f 7813 7814 7818
f 7813 7818 7817
f 7814 7815 7819
f 7814 7819 7818
f 7815 7816 7820
f 7815 7820 7819
f 7816 2428 2429
f 7816 2429 7820
f 7817 7818 7822
f 7817 7822 7821
f 7818 7819 7823
f 7818 7823 7822
f 7819 7820 7824
f 7819 7824 7823
f 7820 2429 2430
f 7820 2430 7824
f 7821 7822 7826
f 7821 7826 7825
f 7822 7823 7827
f 7822 7827 7826
f 7823 7824 7828
f 7823 7828 7827
f 7824 2430 2431
f 7824 2431 7828
f 7825 7826 3569
f 7825 3569 3570
f 7826 7827 3568
f 7826 3568 3569
f 7827 7828 3567
f 7827 3567 3568
f 7828 2431 379
f 7828 379 3567
f 1573 7825 3570
f 1573 3570 179
f 1572 7821 7825
f 1572 7825 1573
f 1571 7817 7821
f 1571 7821 1572
f 1570 7813 7817
f 1570 7817 1571
f 178 3566 7813
f 178 7813 1570
f 7829 7830 7834
f 7829 7834 7833
f 7830 7831 7835
f 7830 7835 7834
f 7831 7832 7836
f 7831 7836 7835
f 7832 2432 2433
f 7832 2433 7836
f 7833 7834 7838
f 7833 7838 7837
f 7834 7835 7839
f 7834 7839 7838
f 7835 7836 7840
f 7835 7840 7839
f 7836 2433 2434
f 7836 2434 7840
f 7837 7838 7842
f 7837 7842 7841
f 7838 7839 7843
f 7838 7843 7842
f 7839 7840 7844
f 7839 7844 7843
f 7840 2434 2435
f 7840 2435 7844
f 7841 7842 7846
f 7841 7846 7845
f 7842 7843 7847
f 7842 7847 7846
f 7843 7844 7848
f 7843 7848 7847
f 7844 2435 2436
f 7844 2436 7848
f 179 3570 7829
f 179 7829 1574
f 3570 3569 7830
f 3570 7830 7829
f 3569 3568 7831
f 3569 7831 7830
f 3568 3567 7832
f 3568 7832 7831
f 3567 379 2432
f 3567 2432 7832
f 7848 2436 380
f 7848 380 3571
f 7847 7848 3571
f 7847 3571 3572
f 7846 7847 3572
f 7846 3572 3573
f 7845 7846 3573
f 7845 3573 3574
f 1578 7845 3574
f 1578 3574 180
f 1577 7841 7845
f 1577 7845 1578
f 1576 7837 7841
f 1576 7841 1577
f 1575 7833 7837
f 1575 7837 1576
f 1574 7829 7833
f 1574 7833 1575
f 3574 3573 7850
f 3574 7850 7849
f 3573 3572 7851
f 3573 7851 7850
f 3572 3571 7852
f 3572 7852 7851
f 3571 380 2437
f 3571 2437 7852
f 7849 7850 7854
f 7849 7854 7853
f 7850 7851 7855
f 7850 7855 7854
f 7851 7852 7856
f 7851 7856 7855
f 7852 2437 2438
f 7852 2438 7856
f 7853 7854 7858
f 7853 7858 7857
f 7854 7855 7859
f 7854 7859 7858
f 7855 7856 7860
f 7855 7860 7859
f 7856 2438 2439
f 7856 2439 7860
f 7857 7858 7862
f 7857 7862 7861
f 7858 7859 7863
f 7858 7863 7862
f 7859 7860 7864
f 7859 7864 7863
f 7860 2439 2440
f 7860 2440 7864
f 7861 7862 3577
f 7861 3577 3578
f 7862 7863 3576
f 7862 3576 3577
f 7863 7864 3575
f 7863 3575 3576
f 7864 2440 381
f 7864 381 3575
f 1582 7861 3578
f 1582 3578 181
f 1581 7857 7861
f 1581 7861 1582
f 1580 7853 7857
f 1580 7857 1581
f 1579 7849 7853
f 1579 7853 1580
f 180 3574 7849
f 180 7849 1579
f 7865 7866 7870
f 7865 7870 7869
f 7866 7867 7871
f 7866 7871 7870
f 7867 7868 7872
f 7867 7872 7871
f 7868 2441 2442
f 7868 2442 7872
f 7869 7870 7874
f 7869 7874 7873
f 7870 7871 7875
f 7870 7875 7874
f 7871 7872 7876
f 7871 7876 7875
f 7872 2442 2443
f 7872 2443 7876
f 7873 7874 7878
f 7873 7878 7877
f 7874 7875 7879
f 7874 7879 7878
f 7875 7876 7880
f 7875 7880 7879
f 7876 2443 2444
f 7876 2444 7880
f 7877 7878 7882
f 7877 7882 7881
f 7878 7879 7883
f 7878 7883 7882
f 7879 7880 7884
f 7879 7884 7883
f 7880 2444 2445
f 7880 2445 7884
f 181 3578 7865
f 181 7865 1583
f 3578 3577 7866
f 3578 7866 7865
f 3577 3576 7867
f 3577 7867 7866
f 3576 3575 7868
f 3576 7868 7867
f 3575 381 2441
f 3575 2441 7868
f 7884 2445 382
f 7884 382 3579
f 7883 7884 3579
f 7883 3579 3580
f 7882 7883 3580
f 7882 3580 3581
f 7881 7882 3581
f 7881 3581 3582
f 1587 7881 3582
f 1587 3582 182
f 1586 7877 7881
f 1586 7881 1587
f 1585 7873 7877
f 1585 7877 1586
f 1584 7869 7873
f 1584 7873 1585
f 1583 7865 7869
f 1583 7869 1584
f 3582 3581 7886
f 3582 7886 7885
f 3581 3580 7887
f 3581 7887 7886
f 3580 3579 7888
f 3580 7888 7887
f 3579 382 2446
f 3579 2446 7888
f 7885 7886 7890
f 7885 7890 7889
f 7886 7887 7891
f 7886 7891 7890
f 7887 7888 7892
f 7887 7892 7891
f 7888 2446 2447
f 7888 2447 7892
f 7889 7890 7894
f 7889 7894 7893
f 7890 7891 7895
f 7890 7895 7894
f 7891 7892 7896
f 7891 7896 7895
f 7892 2447 2448
f 7892 2448 7896
f 7893 7894 7898
f 7893 7898 7897
f 7894 7895 7899
f 7894 7899 7898
f 7895 7896 7900
f 7895 7900 7899
f 7896 2448 2449
f 7896 2449 7900
f 7897 7898 3585
f 7897 3585 3586
f 7898 7899 3584
f 7898 3584 3585
f 7899 7900 3583
f 7899 3583 3584
f 7900 2449 383
f 7900 383 3583
f 1591 7897 3586
f 1591 3586 183
f 1590 7893 7897
f 1590 7897 1591
f 1589 7889 7893
f 1589 7893 1590
f 1588 7885 7889
f 1588 7889 1589
f 182 3582 7885
f 182 7885 1588
f 3586 3585 7902
f 3586 7902 7901
f 3585 3584 7903
f 3585 7903 7902
f 3584 3583 7904
f 3584 7904 7903
f 3583 383 2450
f 3583 2450 7904
f 7901 7902 7906
f 7901 7906 7905
f 7902 7903 7907
f 7902 7907 7906
f 7903 7904 7908
f 7903 7908 7907
f 7904 2450 2451
f 7904 2451 7908
f 7905 7906 7910
f 7905 7910 7909
f 7906 7907 7911
f 7906 7911 7910
f 7907 7908 7912
f 7907 7912 7911
f 7908 2451 2452
f 7908 2452 7912
f 7909 7910 7914
f 7909 7914 7913
f 7910 7911 7915
f 7910 7915 7914
f 7911 7912 7916
f 7911 7916 7915
f 7912 2452 2453
f 7912 2453 7916
f 7913 7914 7918
f 7913 7918 7917
f 7914 7915 7919
f 7914 7919 7918
f 7915 7916 7920
f 7915 7920 7919
f 7916 2453 2454
f 7916 2454 7920
f 7920 2454 384
f 7920 384 3587
f 7919 7920 3587
f 7919 3587 3588
f 7918 7919 3588
f 7918 3588 3589
f 7917 7918 3589
f 7917 3589 3590
f 1596 7917 3590
f 1596 3590 184
f 1595 7913 7917
f 1595 7917 1596
f 1594 7909 7913
f 1594 7913 1595
f 1593 7905 7909
f 1593 7909 1594
f 1592 7901 7905
f 1592 7905 1593
f 183 3586 7901
f 183 7901 1592
f 3590 3589 7922
f 3590 7922 7921
f 3589 3588 7923
f 3589 7923 7922
f 3588 3587 7924
f 3588 7924 7923
f 3587 384 2455
f 3587 2455 7924
f 7921 7922 7926
f 7921 7926 7925
f 7922 7923 7927
f 7922 7927 7926
f 7923 7924 7928
f 7923 7928 7927
f 7924 2455 2456
f 7924 2456 7928
f 7925 7926 7930
f 7925 7930 7929
f 7926 7927 7931
f 7926 7931 7930
f 7927 7928 7932
f 7927 7932 7931
f 7928 2456 2457
f 7928 2457 7932
f 7929 7930 7934
f 7929 7934 7933
f 7930 7931 7935
f 7930 7935 7934
f 7931 7932 7936
f 7931 7936 7935
f 7932 2457 2458
f 7932 2458 7936
f 7933 7934 3593
f 7933 3593 3594
f 7934 7935 3592
f 7934 3592 3593
f 7935 7936 3591
f 7935 3591 3592
f 7936 2458 385
f 7936 385 3591
f 1600 7933 3594
f 1600 3594 185
f 1599 7929 7933
f 1599 7933 1600
f 1598 7925 7929
f 1598 7929 1599
f 1597 7921 7925
f 1597 7925 1598
f 184 3590 7921
f 184 7921 1597
f 3594 3593 7938
f 3594 7938 7937
f 3593 3592 7939
f 3593 7939 7938
f 3592 3591 7940
f 3592 7940 7939
f 3591 385 2459
f 3591 2459 7940
f 7937 7938 7942
f 7937 7942 7941
f 7938 7939 7943
f 7938 7943 7942
f 7939 7940 7944
f 7939 7944 7943
f 7940 2459 2460
f 7940 2460 7944
f 7941 7942 7946
f 7941 7946 7945
f 7942 7943 7947
f 7942 7947 7946
f 7943 7944 7948
f 7943 7948 7947
f 7944 2460 2461
f 7944 2461 7948
f 7945 7946 7950
f 7945 7950 7949
f 7946 7947 7951
f 7946 7951 7950
f 7947 7948 7952
f 7947 7952 7951
f 7948 2461 2462
f 7948 2462 7952
f 7949 7950 7954
f 7949 7954 7953
f 7950 7951 7955
f 7950 7955 7954
f 7951 7952 7956
f 7951 7956 7955
f 7952 2462 2463
f 7952 2463 7956
f 7956 2463 386
f 7956 386 3595
f 7955 7956 3595
f 7955 3595 3596
f 7954 7955 3596
f 7954 3596 3597
f 7953 7954 3597
f 7953 3597 3598
f 1605 7953 3598
f 1605 3598 186
f 1604 7949 7953
f 1604 7953 1605
f 1603 7945 7949
f 1603 7949 1604
f 1602 7941 7945
f 1602 7945 1603
f 1601 7937 7941
f 1601 7941 1602
f 185 3594 7937
f 185 7937 1601
f 3598 3597 7958
f 3598 7958 7957
f 3597 3596 7959
f 3597 7959 7958
f 3596 3595 7960
f 3596 7960 7959
f 3595 386 2464
f 3595 2464 7960
f 7957 7958 7962
f 7957 7962 7961
f 7958 7959 7963
f 7958 7963 7962
f 7959 7960 7964
f 7959 7964 7963
f 7960 2464 2465
f 7960 2465 7964
f 7961 7962 7966
f 7961 7966 7965
f 7962 7963 7967
f 7962 7967 7966
f 7963 7964 7968
f 7963 7968 7967
f 7964 2465 2466
f 7964 2466 7968
f 7965 7966 7970
f 7965 7970 7969
f 7966 7967 7971
f 7966 7971 7970
f 7967 7968 7972
f 7967 7972 7971
f 7968 2466 2467
f 7968 2467 7972
f 7969 7970 3601
f 7969 3601 3602
f 7970 7971 3600
f 7970 3600 3601
f 7971 7972 3599
f 7971 3599 3600
f 7972 2467 387
f 7972 387 3599
f 1609 7969 3602
f 1609 3602 187
f 1608 7965 7969
f 1608 7969 1609
f 1607 7961 7965
f 1607 7965 1608
f 1606 7957 7961
f 1606 7961 1607
f 186 3598 7957
f 186 7957 1606
f 3602 3601 7974
f 3602 7974 7973
f 3601 3600 7975
f 3601 7975 7974
f 3600 3599 7976
f 3600 7976 7975
f 3599 387 2468
f 3599 2468 7976
f 7973 7974 7978
f 7973 7978 7977
f 7974 7975 7979
f 7974 7979 7978
f 7975 7976 7980
f 7975 7980 7979
f 7976 2468 2469
f 7976 2469 7980
f 7977 7978 7982
f 7977 7982 7981
f 7978 7979 7983
f 7978 7983 7982
f 7979 7980 7984
f 7979 7984 7983
f 7980 2469 2470
f 7980 2470 7984
f 7981 7982 7986
f 7981 7986 7985
f 7982 7983 7987
f 7982 7987 7986
f 7983 7984 7988
f 7983 7988 7987
f 7984 2470 2471
f 7984 2471 7988
f 7985 7986 7990
f 7985 7990 7989
f 7986 7987 7991
f 7986 7991 7990
f 7987 7988 7992
f 7987 7992 7991
f 7988 2471 2472
f 7988 2472 7992
f 7992 2472 388
f 7992 388 3603
f 7991 7992 3603
f 7991 3603 3604
f 7990 7991 3604
f 7990 3604 3605
f 7989 7990 3605
f 7989 3605 3606
f 1614 7989 3606
f 1614 3606 188
f 1613 7985 7989
f 1613 7989 1614
f 1612 7981 7985
f 1612 7985 1613
f 1611 7977 7981
f 1611 7981 1612
f 1610 7973 7977
f 1610 7977 1611
f 187 3602 7973
f 187 7973 1610
f 3606 3605 7994
f 3606 7994 7993
f 3605 3604 7995
f 3605 7995 7994
f 3604 3603 7996
f 3604 7996 7995
f 3603 388 2473
f 3603 2473 7996
f 7993 7994 7998
f 7993 7998 7997
f 7994 7995 7999
f 7994 7999 7998
f 7995 7996 8000
f 7995 8000 7999
f 7996 2473 2474
f 7996 2474 8000
f 7997 7998 8002
f 7997 8002 8001
f 7998 7999 8003
f 7998 8003 8002
f 7999 8000 8004
f 7999 8004 8003
f 8000 2474 2475
f 8000 2475 8004
f 8001 8002 8006
f 8001 8006 8005
f 8002 8003 8007
f 8002 8007 8006
f 8003 8004 8008
f 8003 8008 8007
f 8004 2475 2476
f 8004 2476 8008
f 8005 8006 3609
f 8005 3609 3610
f 8006 8007 3608
f 8006 3608 3609
f 8007 8008 3607
f 8007 3607 3608
f 8008 2476 389
f 8008 389 3607
f 1618 8005 3610
f 1618 3610 189
f 1617 8001 8005
f 1617 8005 1618
f 1616 7997 8001
f 1616 8001 1617
f 1615 7993 7997
f 1615 7997 1616
f 188 3606 7993
f 188 7993 1615
f 3610 3609 8010
f 3610 8010 8009
f 3609 3608 8011
f 3609 8011 8010
f 3608 3607 8012
f 3608 8012 8011
f 3607 389 2477
f 3607 2477 8012
f 8009 8010 8014
f 8009 8014 8013
f 8010 8011 8015
f 8010 8015 8014
f 8011 8012 8016
f 8011 8016 8015
f 8012 2477 2478
f 8012 2478 8016
f 8013 8014 8018
f 8013 8018 8017
f 8014 8015 8019
f 8014 8019 8018
f 8015 8016 8020
f 8015 8020 8019
f 8016 2478 2479
f 8016 2479 8020
f 8017 8018 8022
f 8017 8022 8021
f 8018 8019 8023
f 8018 8023 8022
f 8019 8020 8024
f 8019 8024 8023
f 8020 2479 2480
f 8020 2480 8024
f 8021 8022 3613
f 8021 3613 3614
f 8022 8023 3612
f 8022 3612 3613
f 8023 8024 3611
f 8023 3611 3612
f 8024 2480 390
f 8024 390 3611
f 1622 8021 3614
f 1622 3614 190
f 1621 8017 8021
f 1621 8021 1622
f 1620 8013 8017
f 1620 8017 1621
f 1619 8009 8013
f 1619 8013 1620
f 189 3610 8009
f 189 8009 1619
f 8025 8026 8030
f 8025 8030 8029
f 8026 8027 8031
f 8026 8031 8030
f 8027 8028 8032
f 8027 8032 8031
f 8028 2481 2482
f 8028 2482 8032
f 8029 8030 8034
f 8029 8034 8033
f 8030 8031 8035
f 8030 8035 8034
f 8031 8032 8036
f 8031 8036 8035
f 8032 2482 2483
f 8032 2483 8036
f 8033 8034 8038
f 8033 8038 8037
f 8034 8035 8039
f 8034 8039 8038
f 8035 8036 8040
f 8035 8040 8039
f 8036 2483 2484
f 8036 2484 8040
f 8037 8038 8042
f 8037 8042 8041
f 8038 8039 8043
f 8038 8043 8042
f 8039 8040 8044
f 8039 8044 8043
f 8040 2484 2485
f 8040 2485 8044
f 8041 8042 3617
f 8041 3617 3618
f 8042 8043 3616
f 8042 3616 3617
f 8043 8044 3615
f 8043 3615 3616
f 8044 2485 391
f 8044 391 3615
f 190 3614 8025
f 190 8025 1623
f 3614 3613 8026
f 3614 8026 8025
f 3613 3612 8027
f 3613 8027 8026
f 3612 3611 8028
f 3612 8028 8027
f 3611 390 2481
f 3611 2481 8028
f 1627 8041 3618
f 1627 3618 191
f 1626 8037 8041
f 1626 8041 1627
f 1625 8033 8037
f 1625 8037 1626
f 1624 8029 8033
f 1624 8033 1625
f 1623 8025 8029
f 1623 8029 1624
f 3618 3617 8046
f 3618 8046 8045
f 3617 3616 8047
f 3617 8047 8046
f 3616 3615 8048
f 3616 8048 8047
f 3615 391 2486
f 3615 2486 8048
f 8045 8046 8050
f 8045 8050 8049
f 8046 8047 8051
f 8046 8051 8050
f 8047 8048 8052
f 8047 8052 8051
f 8048 2486 2487
f 8048 2487 8052
f 8049 8050 8054
f 8049 8054 8053
f 8050 8051 8055
f 8050 8055 8054
f 8051 8052 8056
f 8051 8056 8055
f 8052 2487 2488
f 8052 2488 8056
f 8053 8054 8058
f 8053 8058 8057
f 8054 8055 8059
f 8054 8059 8058
f 8055 8056 8060
f 8055 8060 8059
f 8056 2488 2489
f 8056 2489 8060
f 8057 8058 3621
f 8057 3621 3622
f 8058 8059 3620
f 8058 3620 3621
f 8059 8060 3619
f 8059 3619 3620
f 8060 2489 392
f 8060 392 3619
f 1631 8057 3622
f 1631 3622 192
f 1630 8053 8057
f 1630 8057 1631
f 1629 8049 8053
f 1629 8053 1630
f 1628 8045 8049
f 1628 8049 1629
f 191 3618 8045
f 191 8045 1628
f 8061 8062 8066
f 8061 8066 8065
f 8062 8063 8067
f 8062 8067 8066
f 8063 8064 8068
f 8063 8068 8067
f 8064 2490 2491
f 8064 2491 8068
f 8065 8066 8070
f 8065 8070 8069
f 8066 8067 8071
f 8066 8071 8070
f 8067 8068 8072
f 8067 8072 8071
f 8068 2491 2492
f 8068 2492 8072
f 8069 8070 8074
f 8069 8074 8073
f 8070 8071 8075
f 8070 8075 8074
f 8071 8072 8076
f 8071 8076 8075
f 8072 2492 2493
f 8072 2493 8076
f 8073 8074 8078
f 8073 8078 8077
f 8074 8075 8079
f 8074 8079 8078
f 8075 8076 8080
f 8075 8080 8079
f 8076 2493 2494
f 8076 2494 8080
f 8077 8078 3625
f 8077 3625 3626
f 8078 8079 3624
f 8078 3624 3625
f 8079 8080 3623
f 8079 3623 3624
f 8080 2494 393
f 8080 393 3623
f 192 3622 8061
f 192 8061 1632
f 3622 3621 8062
f 3622 8062 8061
f 3621 3620 8063
f 3621 8063 8062
f 3620 3619 8064
f 3620 8064 8063
f 3619 392 2490
f 3619 2490 8064
f 1636 8077 3626
f 1636 3626 193
f 1635 8073 8077
f 1635 8077 1636
f 1634 8069 8073
f 1634 8073 1635
f 1633 8065 8069
f 1633 8069 1634
f 1632 8061 8065
f 1632 8065 1633
f 3626 3625 8082
f 3626 8082 8081
f 3625 3624 8083
f 3625 8083 8082
f 3624 3623 8084
f 3624 8084 8083
f 3623 393 2495
f 3623 2495 8084
f 8081 8082 8086
f 8081 8086 8085
f 8082 8083 8087
f 8082 8087 8086
f 8083 8084 8088
f 8083 8088 8087
f 8084 2495 2496
f 8084 2496 8088
f 8085 8086 8090
f 8085 8090 8089
f 8086 8087 8091
f 8086 8091 8090
f 8087 8088 8092
f 8087 8092 8091
f 8088 2496 2497
f 8088 2497 8092
f 8089 8090 8094
f 8089 8094 8093
f 8090 8091 8095
f 8090 8095 8094
f 8091 8092 8096
f 8091 8096 8095
f 8092 2497 2498
f 8092 2498 8096
f 8093 8094 3629
f 8093 3629 3630
f 8094 8095 3628
f 8094 3628 3629
f 8095 8096 3627
f 8095 3627 3628
f 8096 2498 394
f 8096 394 3627
f 1640 8093 3630
f 1640 3630 194
f 1639 8089 8093
f 1639 8093 1640
f 1638 8085 8089
f 1638 8089 1639
f 1637 8081 8085
f 1637 8085 1638
f 193 3626 8081
f 193 8081 1637
f 22 804 8097
f 22 8097 2235
f 804 803 8098
f 804 8098 8097
f 803 802 8099
f 803 8099 8098
f 802 801 8100
f 802 8100 8099
f 801 21 2323
f 801 2323 8100
f 2235 8097 8101
f 2235 8101 2236
f 8097 8098 8102
f 8097 8102 8101
f 8098 8099 8103
f 8098 8103 8102
f 8099 8100 8104
f 8099 8104 8103
f 8100 2323 2324
f 8100 2324 8104
f 2236 8101 8105
f 2236 8105 2237
f 8101 8102 8106
f 8101 8106 8105
f 8102 8103 8107
f 8102 8107 8106
f 8103 8104 8108
f 8103 8108 8107
f 8104 2324 2325
f 8104 2325 8108
f 2237 8105 3634
f 2237 3634 335
f 8105 8106 3633
f 8105 3633 3634
f 8106 8107 3632
f 8106 3632 3633
f 8107 8108 3631
f 8107 3631 3632
f 8108 2325 355
f 8108 355 3631
f 2238 8109 8113
f 2238 8113 2239
f 8109 8110 8114
f 8109 8114 8113
f 8110 8111 8115
f 8110 8115 8114
f 8111 8112 8116
f 8111 8116 8115
f 8112 2326 2327
f 8112 2327 8116
f 2239 8113 8117
f 2239 8117 2240
f 8113 8114 8118
f 8113 8118 8117
f 8114 8115 8119
f 8114 8119 8118
f 8115 8116 8120
f 8115 8120 8119
f 8116 2327 2328
f 8116 2328 8120
f 2240 8117 8121
f 2240 8121 2241
f 8117 8118 8122
f 8117 8122 8121
f 8118 8119 8123
f 8118 8123 8122
f 8119 8120 8124
f 8119 8124 8123
f 8120 2328 2329
f 8120 2329 8124
f 2241 8121 8125
f 2241 8125 2242
f 8121 8122 8126
f 8121 8126 8125
f 8122 8123 8127
f 8122 8127 8126
f 8123 8124 8128
f 8123 8128 8127
f 8124 2329 2330
f 8124 2330 8128
f 2242 8125 3638
f 2242 3638 336
f 8125 8126 3637
f 8125 3637 3638
f 8126 8127 3636
f 8126 3636 3637
f 8127 8128 3635
f 8127 3635 3636
f 8128 2330 356
f 8128 356 3635
f 335 3634 8109
f 335 8109 2238
f 3634 3633 8110
f 3634 8110 8109
f 3633 3632 8111
f 3633 8111 8110
f 3632 3631 8112
f 3632 8112 8111
f 3631 355 2326
f 3631 2326 8112
f 336 3638 8129
f 336 8129 2243
f 3638 3637 8130
f 3638 8130 8129
f 3637 3636 8131
f 3637 8131 8130
f 3636 3635 8132
f 3636 8132 8131
f 3635 356 2331
f 3635 2331 8132
f 2243 8129 8133
f 2243 8133 2244
f 8129 8130 8134
f 8129 8134 8133
f 8130 8131 8135
f 8130 8135 8134
f 8131 8132 8136
f 8131 8136 8135
f 8132 2331 2332
f 8132 2332 8136
f 2244 8133 8137
f 2244 8137 2245
f 8133 8134 8138
f 8133 8138 8137
f 8134 8135 8139
f 8134 8139 8138
f 8135 8136 8140
f 8135 8140 8139
f 8136 2332 2333
f 8136 2333 8140
f 2245 8137 8141
f 2245 8141 2246
f 8137 8138 8142
f 8137 8142 8141
f 8138 8139 8143
f 8138 8143 8142
f 8139 8140 8144
f 8139 8144 8143
f 8140 2333 2334
f 8140 2334 8144
f 2246 8141 3642
f 2246 3642 337
f 8141 8142 3641
f 8141 3641 3642
f 8142 8143 3640
f 8142 3640 3641
f 8143 8144 3639
f 8143 3639 3640
f 8144 2334 357
f 8144 357 3639
f 2247 8145 8149
f 2247 8149 2248
f 8145 8146 8150
f 8145 8150 8149
f 8146 8147 8151
f 8146 8151 8150
f 8147 8148 8152
f 8147 8152 8151
f 8148 2335 2336
f 8148 2336 8152
f 2248 8149 8153
f 2248 8153 2249
f 8149 8150 8154
f 8149 8154 8153
f 8150 8151 8155
f 8150 8155 8154
f 8151 8152 8156
f 8151 8156 8155
f 8152 2336 2337
f 8152 2337 8156
f 2249 8153 8157
f 2249 8157 2250
f 8153 8154 8158
f 8153 8158 8157
f 8154 8155 8159
f 8154 8159 8158
f 8155 8156 8160
f 8155 8160 8159
f 8156 2337 2338
f 8156 2338 8160
f 2250 8157 8161
f 2250 8161 2251
f 8157 8158 8162
f 8157 8162 8161
f 8158 8159 8163
f 8158 8163 8162
f 8159 8160 8164
f 8159 8164 8163
f 8160 2338 2339
f 8160 2339 8164
f 337 3642 8145
f 337 8145 2247
f 3642 3641 8146
f 3642 8146 8145
f 3641 3640 8147
f 3641 8147 8146
f 3640 3639 8148
f 3640 8148 8147
f 3639 357 2335
f 3639 2335 8148
f 8164 2339 358
f 8164 358 3643
f 8163 8164 3643
f 8163 3643 3644
f 8162 8163 3644
f 8162 3644 3645
f 8161 8162 3645
f 8161 3645 3646
f 2251 8161 3646
f 2251 3646 338
f 338 3646 8165
f 338 8165 2252
f 3646 3645 8166
f 3646 8166 8165
f 3645 3644 8167
f 3645 8167 8166
f 3644 3643 8168
f 3644 8168 8167
f 3643 358 2340
f 3643 2340 8168
f 2252 8165 8169
f 2252 8169 2253
f 8165 8166 8170
f 8165 8170 8169
f 8166 8167 8171
f 8166 8171 8170
f 8167 8168 8172
f 8167 8172 8171
f 8168 2340 2341
f 8168 2341 8172
f 2253 8169 8173
f 2253 8173 2254
f 8169 8170 8174
f 8169 8174 8173
f 8170 8171 8175
f 8170 8175 8174
f 8171 8172 8176
f 8171 8176 8175
f 8172 2341 2342
f 8172 2342 8176
f 2254 8173 8177
f 2254 8177 2255
f 8173 8174 8178
f 8173 8178 8177
f 8174 8175 8179
f 8174 8179 8178
f 8175 8176 8180
f 8175 8180 8179
f 8176 2342 2343
f 8176 2343 8180
f 2255 8177 3650
f 2255 3650 339
f 8177 8178 3649
f 8177 3649 3650
f 8178 8179 3648
f 8178 3648 3649
f 8179 8180 3647
f 8179 3647 3648
f 8180 2343 359
f 8180 359 3647
f 2256 8181 8185
f 2256 8185 2257
f 8181 8182 8186
f 8181 8186 8185
f 8182 8183 8187
f 8182 8187 8186
f 8183 8184 8188
f 8183 8188 8187
f 8184 2344 2345
f 8184 2345 8188
f 2257 8185 8189
f 2257 8189 2258
f 8185 8186 8190
f 8185 8190 8189
f 8186 8187 8191
f 8186 8191 8190
f 8187 8188 8192
f 8187 8192 8191
f 8188 2345 2346
f 8188 2346 8192
f 2258 8189 8193
f 2258 8193 2259
f 8189 8190 8194
f 8189 8194 8193
f 8190 8191 8195
f 8190 8195 8194
f 8191 8192 8196
f 8191 8196 8195
f 8192 2346 2347
f 8192 2347 8196
f 2259 8193 8197
f 2259 8197 2260
f 8193 8194 8198
f 8193 8198 8197
f 8194 8195 8199
f 8194 8199 8198
f 8195 8196 8200
f 8195 8200 8199
f 8196 2347 2348
f 8196 2348 8200
f 339 3650 8181
f 339 8181 2256
f 3650 3649 8182
f 3650 8182 8181
f 3649 3648 8183
f 3649 8183 8182
f 3648 3647 8184
f 3648 8184 8183
f 3647 359 2344
f 3647 2344 8184
f 8200 2348 360
f 8200 360 3651
f 8199 8200 3651
f 8199 3651 3652
f 8198 8199 3652
f 8198 3652 3653
f 8197 8198 3653
f 8197 3653 3654
f 2260 8197 3654
f 2260 3654 340
f 340 3654 8201
f 340 8201 2261
f 3654 3653 8202
f 3654 8202 8201
f 3653 3652 8203
f 3653 8203 8202
f 3652 3651 8204
f 3652 8204 8203
f 3651 360 2349
f 3651 2349 8204
f 2261 8201 8205
f 2261 8205 2262
f 8201 8202 8206
f 8201 8206 8205
f 8202 8203 8207
f 8202 8207 8206
f 8203 8204 8208
f 8203 8208 8207
f 8204 2349 2350
f 8204 2350 8208
f 2262 8205 8209
f 2262 8209 2263
f 8205 8206 8210
f 8205 8210 8209
f 8206 8207 8211
f 8206 8211 8210
f 8207 8208 8212
f 8207 8212 8211
f 8208 2350 2351
f 8208 2351 8212
f 2263 8209 8213
f 2263 8213 2264
f 8209 8210 8214
f 8209 8214 8213
f 8210 8211 8215
f 8210 8215 8214
f 8211 8212 8216
f 8211 8216 8215
f 8212 2351 2352
f 8212 2352 8216
f 2264 8213 3658
f 2264 3658 341
f 8213 8214 3657
f 8213 3657 3658
f 8214 8215 3656
f 8214 3656 3657
f 8215 8216 3655
f 8215 3655 3656
f 8216 2352 361
f 8216 361 3655
f 2265 8217 8221
f 2265 8221 2266
f 8217 8218 8222
f 8217 8222 8221
f 8218 8219 8223
f 8218 8223 8222
f 8219 8220 8224
f 8219 8224 8223
f 8220 2353 2354
f 8220 2354 8224
f 2266 8221 8225
f 2266 8225 2267
f 8221 8222 8226
f 8221 8226 8225
f 8222 8223 8227
f 8222 8227 8226
f 8223 8224 8228
f 8223 8228 8227
f 8224 2354 2355
f 8224 2355 8228
f 2267 8225 8229
f 2267 8229 2268
f 8225 8226 8230
f 8225 8230 8229
f 8226 8227 8231
f 8226 8231 8230
f 8227 8228 8232
f 8227 8232 8231
f 8228 2355 2356
f 8228 2356 8232
f 2268 8229 8233
f 2268 8233 2269
f 8229 8230 8234
f 8229 8234 8233
f 8230 8231 8235
f 8230 8235 8234
f 8231 8232 8236
f 8231 8236 8235
f 8232 2356 2357
f 8232 2357 8236
f 341 3658 8217
f 341 8217 2265
f 3658 3657 8218
f 3658 8218 8217
f 3657 3656 8219
f 3657 8219 8218
f 3656 3655 8220
f 3656 8220 8219
f 3655 361 2353
f 3655 2353 8220
f 8236 2357 362
f 8236 362 3659
f 8235 8236 3659
f 8235 3659 3660
f 8234 8235 3660
f 8234 3660 3661
f 8233 8234 3661
f 8233 3661 3662
f 2269 8233 3662
f 2269 3662 342
f 342 3662 8237
f 342 8237 2270
f 3662 3661 8238
f 3662 8238 8237
f 3661 3660 8239
f 3661 8239 8238
f 3660 3659 8240
f 3660 8240 8239
f 3659 362 2358
f 3659 2358 8240
f 2270 8237 8241
f 2270 8241 2271
f 8237 8238 8242
f 8237 8242 8241
f 8238 8239 8243
f 8238 8243 8242
f 8239 8240 8244
f 8239 8244 8243
f 8240 2358 2359
f 8240 2359 8244
f 2271 8241 8245
f 2271 8245 2272
f 8241 8242 8246
f 8241 8246 8245
f 8242 8243 8247
f 8242 8247 8246
f 8243 8244 8248
f 8243 8248 8247
f 8244 2359 2360
f 8244 2360 8248
f 2272 8245 8249
f 2272 8249 2273
f 8245 8246 8250
f 8245 8250 8249
f 8246 8247 8251
f 8246 8251 8250
f 8247 8248 8252
f 8247 8252 8251
f 8248 2360 2361
f 8248 2361 8252
f 2273 8249 3666
f 2273 3666 343
f 8249 8250 3665
f 8249 3665 3666
f 8250 8251 3664
f 8250 3664 3665
f 8251 8252 3663
f 8251 3663 3664
f 8252 2361 363
f 8252 363 3663
f 343 3666 8253
f 343 8253 2274
f 3666 3665 8254
f 3666 8254 8253
f 3665 3664 8255
f 3665 8255 8254
f 3664 3663 8256
f 3664 8256 8255
f 3663 363 2362
f 3663 2362 8256
f 2274 8253 8257
f 2274 8257 2275
f 8253 8254 8258
f 8253 8258 8257
f 8254 8255 8259
f 8254 8259 8258
f 8255 8256 8260
f 8255 8260 8259
f 8256 2362 2363
f 8256 2363 8260
f 2275 8257 8261
f 2275 8261 2276
f 8257 8258 8262
f 8257 8262 8261
f 8258 8259 8263
f 8258 8263 8262
f 8259 8260 8264
f 8259 8264 8263
f 8260 2363 2364
f 8260 2364 8264
f 2276 8261 8265
f 2276 8265 2277
f 8261 8262 8266
f 8261 8266 8265
f 8262 8263 8267
f 8262 8267 8266
f 8263 8264 8268
f 8263 8268 8267
f 8264 2364 2365
f 8264 2365 8268
f 2277 8265 8269
f 2277 8269 2278
f 8265 8266 8270
f 8265 8270 8269
f 8266 8267 8271
f 8266 8271 8270
f 8267 8268 8272
f 8267 8272 8271
f 8268 2365 2366
f 8268 2366 8272
f 8272 2366 364
f 8272 364 3667
f 8271 8272 3667
f 8271 3667 3668
f 8270 8271 3668
f 8270 3668 3669
f 8269 8270 3669
f 8269 3669 3670
f 2278 8269 3670
f 2278 3670 344
f 344 3670 8273
f 344 8273 2279
f 3670 3669 8274
f 3670 8274 8273
f 3669 3668 8275
f 3669 8275 8274
f 3668 3667 8276
f 3668 8276 8275
f 3667 364 2367
f 3667 2367 8276
f 2279 8273 8277
f 2279 8277 2280
f 8273 8274 8278
f 8273 8278 8277
f 8274 8275 8279
f 8274 8279 8278
f 8275 8276 8280
f 8275 8280 8279
f 8276 2367 2368
f 8276 2368 8280
f 2280 8277 8281
f 2280 8281 2281
f 8277 8278 8282
f 8277 8282 8281
f 8278 8279 8283
f 8278 8283 8282
f 8279 8280 8284
f 8279 8284 8283
f 8280 2368 2369
f 8280 2369 8284
f 2281 8281 8285
f 2281 8285 2282
f 8281 8282 8286
f 8281 8286 8285
f 8282 8283 8287
f 8282 8287 8286
f 8283 8284 8288
f 8283 8288 8287
f 8284 2369 2370
f 8284 2370 8288
f 2282 8285 3674
f 2282 3674 345
f 8285 8286 3673
f 8285 3673 3674
f 8286 8287 3672
f 8286 3672 3673
f 8287 8288 3671
f 8287 3671 3672
f 8288 2370 365
f 8288 365 3671
f 345 3674 8289
f 345 8289 2283
f 3674 3673 8290
f 3674 8290 8289
f 3673 3672 8291
f 3673 8291 8290
f 3672 3671 8292
f 3672 8292 8291
f 3671 365 2371
f 3671 2371 8292
f 2283 8289 8293
f 2283 8293 2284
f 8289 8290 8294
f 8289 8294 8293
f 8290 8291 8295
f 8290 8295 8294
f 8291 8292 8296
f 8291 8296 8295
f 8292 2371 2372
f 8292 2372 8296
f 2284 8293 8297
f 2284 8297 2285
f 8293 8294 8298
f 8293 8298 8297
f 8294 8295 8299
f 8294 8299 8298
f 8295 8296 8300
f 8295 8300 8299
f 8296 2372 2373
f 8296 2373 8300
f 2285 8297 8301
f 2285 8301 2286
f 8297 8298 8302
f 8297 8302 8301
f 8298 8299 8303
f 8298 8303 8302
f 8299 8300 8304
f 8299 8304 8303
f 8300 2373 2374
f 8300 2374 8304
f 2286 8301 8305
f 2286 8305 2287
f 8301 8302 8306
f 8301 8306 8305
f 8302 8303 8307
f 8302 8307 8306
f 8303 8304 8308
f 8303 8308 8307
f 8304 2374 2375
f 8304 2375 8308
f 8308 2375 366
f 8308 366 3675
f 8307 8308 3675
f 8307 3675 3676
f 8306 8307 3676
f 8306 3676 3677
f 8305 8306 3677
f 8305 3677 3678
f 2287 8305 3678
f 2287 3678 346
f 346 3678 8309
f 346 8309 2288
f 3678 3677 8310
f 3678 8310 8309
f 3677 3676 8311
f 3677 8311 8310
f 3676 3675 8312
f 3676 8312 8311
f 3675 366 2376
f 3675 2376 8312
f 2288 8309 8313
f 2288 8313 2289
f 8309 8310 8314
f 8309 8314 8313
f 8310 8311 8315
f 8310 8315 8314
f 8311 8312 8316
f 8311 8316 8315
f 8312 2376 2377
f 8312 2377 8316
f 2289 8313 8317
f 2289 8317 2290
f 8313 8314 8318
f 8313 8318 8317
f 8314 8315 8319
f 8314 8319 8318
f 8315 8316 8320
f 8315 8320 8319
f 8316 2377 2378
f 8316 2378 8320
f 2290 8317 8321
f 2290 8321 2291
f 8317 8318 8322
f 8317 8322 8321
f 8318 8319 8323
f 8318 8323 8322
f 8319 8320 8324
f 8319 8324 8323
f 8320 2378 2379
f 8320 2379 8324
f 2291 8321 3682
f 2291 3682 347
f 8321 8322 3681
f 8321 3681 3682
f 8322 8323 3680
f 8322 3680 3681
f 8323 8324 3679
f 8323 3679 3680
f 8324 2379 367
f 8324 367 3679
f 347 3682 8325
f 347 8325 2292
f 3682 3681 8326
f 3682 8326 8325
f 3681 3680 8327
f 3681 8327 8326
f 3680 3679 8328
f 3680 8328 8327
f 3679 367 2380
f 3679 2380 8328
f 2292 8325 8329
f 2292 8329 2293
f 8325 8326 8330
f 8325 8330 8329
f 8326 8327 8331
f 8326 8331 8330
f 8327 8328 8332
f 8327 8332 8331
f 8328 2380 2381
f 8328 2381 8332
f 2293 8329 8333
f 2293 8333 2294
f 8329 8330 8334
f 8329 8334 8333
f 8330 8331 8335
f 8330 8335 8334
f 8331 8332 8336
f 8331 8336 8335
f 8332 2381 2382
f 8332 2382 8336
f 2294 8333 8337
f 2294 8337 2295
f 8333 8334 8338
f 8333 8338 8337
f 8334 8335 8339
f 8334 8339 8338
f 8335 8336 8340
f 8335 8340 8339
f 8336 2382 2383
f 8336 2383 8340
f 2295 8337 8341
f 2295 8341 2296
f 8337 8338 8342
f 8337 8342 8341
f 8338 8339 8343
f 8338 8343 8342
f 8339 8340 8344
f 8339 8344 8343
f 8340 2383 2384
f 8340 2384 8344
f 8344 2384 368
f 8344 368 3683
f 8343 8344 3683
f 8343 3683 3684
f 8342 8343 3684
f 8342 3684 3685
f 8341 8342 3685
f 8341 3685 3686
f 2296 8341 3686
f 2296 3686 348
f 348 3686 8345
f 348 8345 2297
f 3686 3685 8346
f 3686 8346 8345
f 3685 3684 8347
f 3685 8347 8346
f 3684 3683 8348
f 3684 8348 8347
f 3683 368 2385
f 3683 2385 8348
f 2297 8345 8349
f 2297 8349 2298
f 8345 8346 8350
f 8345 8350 8349
f 8346 8347 8351
f 8346 8351 8350
f 8347 8348 8352
f 8347 8352 8351
f 8348 2385 2386
f 8348 2386 8352
f 2298 8349 8353
f 2298 8353 2299
f 8349 8350 8354
f 8349 8354 8353
f 8350 8351 8355
f 8350 8355 8354
f 8351 8352 8356
f 8351 8356 8355
f 8352 2386 2387
f 8352 2387 8356
f 2299 8353 8357
f 2299 8357 2300
f 8353 8354 8358
f 8353 8358 8357
f 8354 8355 8359
f 8354 8359 8358
f 8355 8356 8360
f 8355 8360 8359
f 8356 2387 2388
f 8356 2388 8360
f 2300 8357 3690
f 2300 3690 349
f 8357 8358 3689
f 8357 3689 3690
f 8358 8359 3688
f 8358 3688 3689
f 8359 8360 3687
f 8359 3687 3688
f 8360 2388 369
f 8360 369 3687
f 349 3690 8361
f 349 8361 2301
f 3690 3689 8362
f 3690 8362 8361
f 3689 3688 8363
f 3689 8363 8362
f 3688 3687 8364
f 3688 8364 8363
f 3687 369 2389
f 3687 2389 8364
f 2301 8361 8365
f 2301 8365 2302
f 8361 8362 8366
f 8361 8366 8365
f 8362 8363 8367
f 8362 8367 8366
f 8363 8364 8368
f 8363 8368 8367
f 8364 2389 2390
f 8364 2390 8368
f 2302 8365 8369
f 2302 8369 2303
f 8365 8366 8370
f 8365 8370 8369
f 8366 8367 8371
f 8366 8371 8370
f 8367 8368 8372
f 8367 8372 8371
f 8368 2390 2391
f 8368 2391 8372
f 2303 8369 8373
f 2303 8373 2304
f 8369 8370 8374
f 8369 8374 8373
f 8370 8371 8375
f 8370 8375 8374
f 8371 8372 8376
f 8371 8376 8375
f 8372 2391 2392
f 8372 2392 8376
f 2304 8373 3694
f 2304 3694 350
f 8373 8374 3693
f 8373 3693 3694
f 8374 8375 3692
f 8374 3692 3693
f 8375 8376 3691
f 8375 3691 3692
f 8376 2392 370
f 8376 370 3691
f 2305 8377 8381
f 2305 8381 2306
f 8377 8378 8382
f 8377 8382 8381
f 8378 8379 8383
f 8378 8383 8382
f 8379 8380 8384
f 8379 8384 8383
f 8380 2393 2394
f 8380 2394 8384
f 2306 8381 8385
f 2306 8385 2307
f 8381 8382 8386
f 8381 8386 8385
f 8382 8383 8387
f 8382 8387 8386
f 8383 8384 8388
f 8383 8388 8387
f 8384 2394 2395
f 8384 2395 8388
f 2307 8385 8389
f 2307 8389 2308
f 8385 8386 8390
f 8385 8390 8389
f 8386 8387 8391
f 8386 8391 8390
f 8387 8388 8392
f 8387 8392 8391
f 8388 2395 2396
f 8388 2396 8392
f 2308 8389 8393
f 2308 8393 2309
f 8389 8390 8394
f 8389 8394 8393
f 8390 8391 8395
f 8390 8395 8394
f 8391 8392 8396
f 8391 8396 8395
f 8392 2396 2397
f 8392 2397 8396
f 2309 8393 3698
f 2309 3698 351
f 8393 8394 3697
f 8393 3697 3698
f 8394 8395 3696
f 8394 3696 3697
f 8395 8396 3695
f 8395 3695 3696
f 8396 2397 371
f 8396 371 3695
f 350 3694 8377
f 350 8377 2305
f 3694 3693 8378
f 3694 8378 8377
f 3693 3692 8379
f 3693 8379 8378
f 3692 3691 8380
f 3692 8380 8379
f 3691 370 2393
f 3691 2393 8380
f 351 3698 8397
f 351 8397 2310
f 3698 3697 8398
f 3698 8398 8397
f 3697 3696 8399
f 3697 8399 8398
f 3696 3695 8400
f 3696 8400 8399
f 3695 371 2398
f 3695 2398 8400
f 2310 8397 8401
f 2310 8401 2311
f 8397 8398 8402
f 8397 8402 8401
f 8398 8399 8403
f 8398 8403 8402
f 8399 8400 8404
f 8399 8404 8403
f 8400 2398 2399
f 8400 2399 8404
f 2311 8401 8405
f 2311 8405 2312
f 8401 8402 8406
f 8401 8406 8405
f 8402 8403 8407
f 8402 8407 8406
f 8403 8404 8408
f 8403 8408 8407
f 8404 2399 2400
f 8404 2400 8408
f 2312 8405 8409
f 2312 8409 2313
f 8405 8406 8410
f 8405 8410 8409
f 8406 8407 8411
f 8406 8411 8410
f 8407 8408 8412
f 8407 8412 8411
f 8408 2400 2401
f 8408 2401 8412
f 2313 8409 3702
f 2313 3702 352
f 8409 8410 3701
f 8409 3701 3702
f 8410 8411 3700
f 8410 3700 3701
f 8411 8412 3699
f 8411 3699 3700
f 8412 2401 372
f 8412 372 3699
f 2314 8413 8417
f 2314 8417 2315
f 8413 8414 8418
f 8413 8418 8417
f 8414 8415 8419
f 8414 8419 8418
f 8415 8416 8420
f 8415 8420 8419
f 8416 2402 2403
f 8416 2403 8420
f 2315 8417 8421
f 2315 8421 2316
f 8417 8418 8422
f 8417 8422 8421
f 8418 8419 8423
f 8418 8423 8422
f 8419 8420 8424
f 8419 8424 8423
f 8420 2403 2404
f 8420 2404 8424
f 2316 8421 8425
f 2316 8425 2317
f 8421 8422 8426
f 8421 8426 8425
f 8422 8423 8427
f 8422 8427 8426
f 8423 8424 8428
f 8423 8428 8427
f 8424 2404 2405
f 8424 2405 8428
f 2317 8425 8429
f 2317 8429 2318
f 8425 8426 8430
f 8425 8430 8429
f 8426 8427 8431
f 8426 8431 8430
f 8427 8428 8432
f 8427 8432 8431
f 8428 2405 2406
f 8428 2406 8432
f 2318 8429 3706
f 2318 3706 353
f 8429 8430 3705
f 8429 3705 3706
f 8430 8431 3704
f 8430 3704 3705
f 8431 8432 3703
f 8431 3703 3704
f 8432 2406 373
f 8432 373 3703
f 352 3702 8413
f 352 8413 2314
f 3702 3701 8414
f 3702 8414 8413
f 3701 3700 8415
f 3701 8415 8414
f 3700 3699 8416
f 3700 8416 8415
f 3699 372 2402
f 3699 2402 8416
f 353 3706 8433
f 353 8433 2319
f 3706 3705 8434
f 3706 8434 8433
f 3705 3704 8435
f 3705 8435 8434
f 3704 3703 8436
f 3704 8436 8435
f 3703 373 2407
f 3703 2407 8436
f 2319 8433 8437
f 2319 8437 2320
f 8433 8434 8438
f 8433 8438 8437
f 8434 8435 8439
f 8434 8439 8438
f 8435 8436 8440
f 8435 8440 8439
f 8436 2407 2408
f 8436 2408 8440
f 2320 8437 8441
f 2320 8441 2321
f 8437 8438 8442
f 8437 8442 8441
f 8438 8439 8443
f 8438 8443 8442
f 8439 8440 8444
f 8439 8444 8443
f 8440 2408 2409
f 8440 2409 8444
f 2321 8441 8445
f 2321 8445 2322
f 8441 8442 8446
f 8441 8446 8445
f 8442 8443 8447
f 8442 8447 8446
f 8443 8444 8448
f 8443 8448 8447
f 8444 2409 2410
f 8444 2410 8448
f 2322 8445 3710
f 2322 3710 354
f 8445 8446 3709
f 8445 3709 3710
f 8446 8447 3708
f 8446 3708 3709
f 8447 8448 3707
f 8447 3707 3708
f 8448 2410 374
f 8448 374 3707
f 23 809 8449
f 23 8449 2149
f 809 808 8450
f 809 8450 8449
f 808 807 8451
f 808 8451 8450
f 807 806 8452
f 807 8452 8451
f 806 805 8453
f 806 8453 8452
f 2149 8449 8454
f 2149 8454 2150
f 8449 8450 8455
f 8449 8455 8454
f 8450 8451 8456
f 8450 8456 8455
f 8451 8452 8457
f 8451 8457 8456
f 8452 8453 8458
f 8452 8458 8457
f 2150 8454 8459
f 2150 8459 2151
f 8454 8455 8460
f 8454 8460 8459
f 8455 8456 8461
f 8455 8461 8460
f 8456 8457 8462
f 8456 8462 8461
f 8457 8458 8463
f 8457 8463 8462
f 2151 8459 3715
f 2151 3715 315
f 8459 8460 3714
f 8459 3714 3715
f 8460 8461 3713
f 8460 3713 3714
f 8461 8462 3712
f 8461 3712 3713
f 8462 8463 3711
f 8462 3711 3712
f 805 22 2235
f 805 2235 8453
f 8453 2235 2236
f 8453 2236 8458
f 8458 2236 2237
f 8458 2237 8463
f 8463 2237 335
f 8463 335 3711
f 2152 8464 8469
f 2152 8469 2153
f 8464 8465 8470
f 8464 8470 8469
f 8465 8466 8471
f 8465 8471 8470
f 8466 8467 8472
f 8466 8472 8471
f 8467 8468 8473
f 8467 8473 8472
f 2153 8469 8474
f 2153 8474 2154
f 8469 8470 8475
f 8469 8475 8474
f 8470 8471 8476
f 8470 8476 8475
f 8471 8472 8477
f 8471 8477 8476
f 8472 8473 8478
f 8472 8478 8477
f 2154 8474 8479
f 2154 8479 2155
f 8474 8475 8480
f 8474 8480 8479
f 8475 8476 8481
f 8475 8481 8480
f 8476 8477 8482
f 8476 8482 8481
f 8477 8478 8483
f 8477 8483 8482
f 2155 8479 8484
f 2155 8484 2156
f 8479 8480 8485
f 8479 8485 8484
f 8480 8481 8486
f 8480 8486 8485
f 8481 8482 8487
f 8481 8487 8486
f 8482 8483 8488
f 8482 8488 8487
f 2156 8484 3720
f 2156 3720 316
f 8484 8485 3719
f 8484 3719 3720
f 8485 8486 3718
f 8485 3718 3719
f 8486 8487 3717
f 8486 3717 3718
f 8487 8488 3716
f 8487 3716 3717
f 315 3715 8464
f 315 8464 2152
f 3715 3714 8465
f 3715 8465 8464
f 3714 3713 8466
f 3714 8466 8465
f 3713 3712 8467
f 3713 8467 8466
f 3712 3711 8468
f 3712 8468 8467
f 3711 335 2238
f 3711 2238 8468
f 8468 2238 2239
f 8468 2239 8473
f 8473 2239 2240
f 8473 2240 8478
f 8478 2240 2241
f 8478 2241 8483
f 8483 2241 2242
f 8483 2242 8488
f 8488 2242 336
f 8488 336 3716
f 316 3720 8489
f 316 8489 2157
f 3720 3719 8490
f 3720 8490 8489
f 3719 3718 8491
f 3719 8491 8490
f 3718 3717 8492
f 3718 8492 8491
f 3717 3716 8493
f 3717 8493 8492
f 2157 8489 8494
f 2157 8494 2158
f 8489 8490 8495
f 8489 8495 8494
f 8490 8491 8496
f 8490 8496 8495
f 8491 8492 8497
f 8491 8497 8496
f 8492 8493 8498
f 8492 8498 8497
f 2158 8494 8499
f 2158 8499 2159
f 8494 8495 8500
f 8494 8500 8499
f 8495 8496 8501
f 8495 8501 8500
f 8496 8497 8502
f 8496 8502 8501
f 8497 8498 8503
f 8497 8503 8502
f 2159 8499 8504
f 2159 8504 2160
f 8499 8500 8505
f 8499 8505 8504
f 8500 8501 8506
f 8500 8506 8505
f 8501 8502 8507
f 8501 8507 8506
f 8502 8503 8508
f 8502 8508 8507
f 2160 8504 3725
f 2160 3725 317
f 8504 8505 3724
f 8504 3724 3725
f 8505 8506 3723
f 8505 3723 3724
f 8506 8507 3722
f 8506 3722 3723
f 8507 8508 3721
f 8507 3721 3722
f 3716 336 2243
f 3716 2243 8493
f 8493 2243 2244
f 8493 2244 8498
f 8498 2244 2245
f 8498 2245 8503
f 8503 2245 2246
f 8503 2246 8508
f 8508 2246 337
f 8508 337 3721
f 2161 8509 8514
f 2161 8514 2162
f 8509 8510 8515
f 8509 8515 8514
f 8510 8511 8516
f 8510 8516 8515
f 8511 8512 8517
f 8511 8517 8516
f 8512 8513 8518
f 8512 8518 8517
f 2162 8514 8519
f 2162 8519 2163
f 8514 8515 8520
f 8514 8520 8519
f 8515 8516 8521
f 8515 8521 8520
f 8516 8517 8522
f 8516 8522 8521
f 8517 8518 8523
f 8517 8523 8522
f 2163 8519 8524
f 2163 8524 2164
f 8519 8520 8525
f 8519 8525 8524
f 8520 8521 8526
f 8520 8526 8525
f 8521 8522 8527
f 8521 8527 8526
f 8522 8523 8528
f 8522 8528 8527
f 2164 8524 8529
f 2164 8529 2165
f 8524 8525 8530
f 8524 8530 8529
f 8525 8526 8531
f 8525 8531 8530
f 8526 8527 8532
f 8526 8532 8531
f 8527 8528 8533
f 8527 8533 8532
f 317 3725 8509
f 317 8509 2161
f 3725 3724 8510
f 3725 8510 8509
f 3724 3723 8511
f 3724 8511 8510
f 3723 3722 8512
f 3723 8512 8511
f 3722 3721 8513
f 3722 8513 8512
f 3721 337 2247
f 3721 2247 8513
f 8513 2247 2248
f 8513 2248 8518
f 8518 2248 2249
f 8518 2249 8523
f 8523 2249 2250
f 8523 2250 8528
f 8528 2250 2251
f 8528 2251 8533
f 8533 2251 338
f 8533 338 3726
f 8532 8533 3726
f 8532 3726 3727
f 8531 8532 3727
f 8531 3727 3728
f 8530 8531 3728
f 8530 3728 3729
f 8529 8530 3729
f 8529 3729 3730
f 2165 8529 3730
f 2165 3730 318
f 318 3730 8534
f 318 8534 2166
f 3730 3729 8535
f 3730 8535 8534
f 3729 3728 8536
f 3729 8536 8535
f 3728 3727 8537
f 3728 8537 8536
f 3727 3726 8538
f 3727 8538 8537
f 2166 8534 8539
f 2166 8539 2167
f 8534 8535 8540
f 8534 8540 8539
f 8535 8536 8541
f 8535 8541 8540
f 8536 8537 8542
f 8536 8542 8541
f 8537 8538 8543
f 8537 8543 8542
f 2167 8539 8544
f 2167 8544 2168
f 8539 8540 8545
f 8539 8545 8544
f 8540 8541 8546
f 8540 8546 8545
f 8541 8542 8547
f 8541 8547 8546
f 8542 8543 8548
f 8542 8548 8547
f 2168 8544 8549
f 2168 8549 2169
f 8544 8545 8550
f 8544 8550 8549
f 8545 8546 8551
f 8545 8551 8550
f 8546 8547 8552
f 8546 8552 8551
f 8547 8548 8553
f 8547 8553 8552
f 2169 8549 3735
f 2169 3735 319
f 8549 8550 3734
f 8549 3734 3735
f 8550 8551 3733
f 8550 3733 3734
f 8551 8552 3732
f 8551 3732 3733
f 8552 8553 3731
f 8552 3731 3732
f 3726 338 2252
f 3726 2252 8538
f 8538 2252 2253
f 8538 2253 8543
f 8543 2253 2254
f 8543 2254 8548
f 8548 2254 2255
f 8548 2255 8553
f 8553 2255 339
f 8553 339 3731
f 2170 8554 8559
f 2170 8559 2171
f 8554 8555 8560
f 8554 8560 8559
f 8555 8556 8561
f 8555 8561 8560
f 8556 8557 8562
f 8556 8562 8561
f 8557 8558 8563
f 8557 8563 8562
f 2171 8559 8564
f 2171 8564 2172
f 8559 8560 8565
f 8559 8565 8564
f 8560 8561 8566
f 8560 8566 8565
f 8561 8562 8567
f 8561 8567 8566
f 8562 8563 8568
f 8562 8568 8567
f 2172 8564 8569
f 2172 8569 2173
f 8564 8565 8570
f 8564 8570 8569
f 8565 8566 8571
f 8565 8571 8570
f 8566 8567 8572
f 8566 8572 8571
f 8567 8568 8573
f 8567 8573 8572
f 2173 8569 8574
f 2173 8574 2174
f 8569 8570 8575
f 8569 8575 8574
f 8570 8571 8576
f 8570 8576 8575
f 8571 8572 8577
f 8571 8577 8576
f 8572 8573 8578
f 8572 8578 8577
f 319 3735 8554
f 319 8554 2170
f 3735 3734 8555
f 3735 8555 8554
f 3734 3733 8556
f 3734 8556 8555
f 3733 3732 8557
f 3733 8557 8556
f 3732 3731 8558
f 3732 8558 8557
f 3731 339 2256
f 3731 2256 8558
f 8558 2256 2257
f 8558 2257 8563
f 8563 2257 2258
f 8563 2258 8568
f 8568 2258 2259
f 8568 2259 8573
f 8573 2259 2260
f 8573 2260 8578
f 8578 2260 340
f 8578 340 3736
f 8577 8578 3736
f 8577 3736 3737
f 8576 8577 3737
f 8576 3737 3738
f 8575 8576 3738
f 8575 3738 3739
f 8574 8575 3739
f 8574 3739 3740
f 2174 8574 3740
f 2174 3740 320
f 320 3740 8579
f 320 8579 2175
f 3740 3739 8580
f 3740 8580 8579
f 3739 3738 8581
f 3739 8581 8580
f 3738 3737 8582
f 3738 8582 8581
f 3737 3736 8583
f 3737 8583 8582
f 2175 8579 8584
f 2175 8584 2176
f 8579 8580 8585
f 8579 8585 8584
f 8580 8581 8586
f 8580 8586 8585
f 8581 8582 8587
f 8581 8587 8586
f 8582 8583 8588
f 8582 8588 8587
f 2176 8584 8589
f 2176 8589 2177
f 8584 8585 8590
f 8584 8590 8589
f 8585 8586 8591
f 8585 8591 8590
f 8586 8587 8592
f 8586 8592 8591
f 8587 8588 8593
f 8587 8593 8592
f 2177 8589 8594
f 2177 8594 2178
f 8589 8590 8595
f 8589 8595 8594
f 8590 8591 8596
f 8590 8596 8595
f 8591 8592 8597
f 8591 8597 8596
f 8592 8593 8598
f 8592 8598 8597
f 2178 8594 3745
f 2178 3745 321
f 8594 8595 3744
f 8594 3744 3745
f 8595 8596 3743
f 8595 3743 3744
f 8596 8597 3742
f 8596 3742 3743
f 8597 8598 3741
f 8597 3741 3742
f 3736 340 2261
f 3736 2261 8583
f 8583 2261 2262
f 8583 2262 8588
f 8588 2262 2263
f 8588 2263 8593
f 8593 2263 2264
f 8593 2264 8598
f 8598 2264 341
f 8598 341 3741
f 2179 8599 8604
f 2179 8604 2180
f 8599 8600 8605
f 8599 8605 8604
f 8600 8601 8606
f 8600 8606 8605
f 8601 8602 8607
f 8601 8607 8606
f 8602 8603 8608
f 8602 8608 8607
f 2180 8604 8609
f 2180 8609 2181
f 8604 8605 8610
f 8604 8610 8609
f 8605 8606 8611
f 8605 8611 8610
f 8606 8607 8612
f 8606 8612 8611
f 8607 8608 8613
f 8607 8613 8612
f 2181 8609 8614
f 2181 8614 2182
f 8609 8610 8615
f 8609 8615 8614
f 8610 8611 8616
f 8610 8616 8615
f 8611 8612 8617
f 8611 8617 8616
f 8612 8613 8618
f 8612 8618 8617
f 2182 8614 8619
f 2182 8619 2183
f 8614 8615 8620
f 8614 8620 8619
f 8615 8616 8621
f 8615 8621 8620
f 8616 8617 8622
f 8616 8622 8621
f 8617 8618 8623
f 8617 8623 8622
f 321 3745 8599
f 321 8599 2179
f 3745 3744 8600
f 3745 8600 8599
f 3744 3743 8601
f 3744 8601 8600
f 3743 3742 8602
f 3743 8602 8601
f 3742 3741 8603
f 3742 8603 8602
f 3741 341 2265
f 3741 2265 8603
f 8603 2265 2266
f 8603 2266 8608
f 8608 2266 2267
f 8608 2267 8613
f 8613 2267 2268
f 8613 2268 8618
f 8618 2268 2269
f 8618 2269 8623
f 8623 2269 342
f 8623 342 3746
f 8622 8623 3746
f 8622 3746 3747
f 8621 8622 3747
f 8621 3747 3748
f 8620 8621 3748
f 8620 3748 3749
f 8619 8620 3749
f 8619 3749 3750
f 2183 8619 3750
f 2183 3750 322
f 322 3750 8624
f 322 8624 2184
f 3750 3749 8625
f 3750 8625 8624
f 3749 3748 8626
f 3749 8626 8625
f 3748 3747 8627
f 3748 8627 8626
f 3747 3746 8628
f 3747 8628 8627
f 2184 8624 8629
f 2184 8629 2185
f 8624 8625 8630
f 8624 8630 8629
f 8625 8626 8631
f 8625 8631 8630
f 8626 8627 8632
f 8626 8632 8631
f 8627 8628 8633
f 8627 8633 8632
f 2185 8629 8634
f 2185 8634 2186
f 8629 8630 8635
f 8629 8635 8634
f 8630 8631 8636
f 8630 8636 8635
f 8631 8632 8637
f 8631 8637 8636
f 8632 8633 8638
f 8632 8638 8637
f 2186 8634 8639
f 2186 8639 2187
f 8634 8635 8640
f 8634 8640 8639
f 8635 8636 8641
f 8635 8641 8640
f 8636 8637 8642
f 8636 8642 8641
f 8637 8638 8643
f 8637 8643 8642
f 2187 8639 3755
f 2187 3755 323
f 8639 8640 3754
f 8639 3754 3755
f 8640 8641 3753
f 8640 3753 3754
f 8641 8642 3752
f 8641 3752 3753
f 8642 8643 3751
f 8642 3751 3752
f 3746 342 2270
f 3746 2270 8628
f 8628 2270 2271
f 8628 2271 8633
f 8633 2271 2272
f 8633 2272 8638
f 8638 2272 2273
f 8638 2273 8643
f 8643 2273 343
f 8643 343 3751
f 323 3755 8644
f 323 8644 2188
f 3755 3754 8645
f 3755 8645 8644
f 3754 3753 8646
f 3754 8646 8645
f 3753 3752 8647
f 3753 8647 8646
f 3752 3751 8648
f 3752 8648 8647
f 2188 8644 8649
f 2188 8649 2189
f 8644 8645 8650
f 8644 8650 8649
f 8645 8646 8651
f 8645 8651 8650
f 8646 8647 8652
f 8646 8652 8651
f 8647 8648 8653
f 8647 8653 8652
f 2189 8649 8654
f 2189 8654 2190
f 8649 8650 8655
f 8649 8655 8654
f 8650 8651 8656
f 8650 8656 8655
f 8651 8652 8657
f 8651 8657 8656
f 8652 8653 8658
f 8652 8658 8657
f 2190 8654 8659
f 2190 8659 2191
f 8654 8655 8660
f 8654 8660 8659
f 8655 8656 8661
f 8655 8661 8660
f 8656 8657 8662
f 8656 8662 8661
f 8657 8658 8663
f 8657 8663 8662
f 2191 8659 8664
f 2191 8664 2192
f 8659 8660 8665
f 8659 8665 8664
f 8660 8661 8666
f 8660 8666 8665
f 8661 8662 8667
f 8661 8667 8666
f 8662 8663 8668
f 8662 8668 8667
f 3751 343 2274
f 3751 2274 8648
f 8648 2274 2275
f 8648 2275 8653
f 8653 2275 2276
f 8653 2276 8658
f 8658 2276 2277
f 8658 2277 8663
f 8663 2277 2278
f 8663 2278 8668
f 8668 2278 344
f 8668 344 3756
f 8667 8668 3756
f 8667 3756 3757
f 8666 8667 3757
f 8666 3757 3758
f 8665 8666 3758
f 8665 3758 3759
f 8664 8665 3759
f 8664 3759 3760
f 2192 8664 3760
f 2192 3760 324
f 324 3760 8669
f 324 8669 2193
f 3760 3759 8670
f 3760 8670 8669
f 3759 3758 8671
f 3759 8671 8670
f 3758 3757 8672
f 3758 8672 8671
f 3757 3756 8673
f 3757 8673 8672
f 2193 8669 8674
f 2193 8674 2194
f 8669 8670 8675
f 8669 8675 8674
f 8670 8671 8676
f 8670 8676 8675
f 8671 8672 8677
f 8671 8677 8676
f 8672 8673 8678
f 8672 8678 8677
f 2194 8674 8679
f 2194 8679 2195
f 8674 8675 8680
f 8674 8680 8679
f 8675 8676 8681
f 8675 8681 8680
f 8676 8677 8682
f 8676 8682 8681
f 8677 8678 8683
f 8677 8683 8682
f 2195 8679 8684
f 2195 8684 2196
f 8679 8680 8685
f 8679 8685 8684
f 8680 8681 8686
f 8680 8686 8685
f 8681 8682 8687
f 8681 8687 8686
f 8682 8683 8688
f 8682 8688 8687
f 2196 8684 3765
f 2196 3765 325
f 8684 8685 3764
f 8684 3764 3765
f 8685 8686 3763
f 8685 3763 3764
f 8686 8687 3762
f 8686 3762 3763
f 8687 8688 3761
f 8687 3761 3762
f 3756 344 2279
f 3756 2279 8673
f 8673 2279 2280
f 8673 2280 8678
f 8678 2280 2281
f 8678 2281 8683
f 8683 2281 2282
f 8683 2282 8688
f 8688 2282 345
f 8688 345 3761
f 325 3765 8689
f 325 8689 2197
f 3765 3764 8690
f 3765 8690 8689
f 3764 3763 8691
f 3764 8691 8690
f 3763 3762 8692
f 3763 8692 8691
f 3762 3761 8693
f 3762 8693 8692
f 2197 8689 8694
f 2197 8694 2198
f 8689 8690 8695
f 8689 8695 8694
f 8690 8691 8696
f 8690 8696 8695
f 8691 8692 8697
f 8691 8697 8696
f 8692 8693 8698
f 8692 8698 8697
f 2198 8694 8699
f 2198 8699 2199
f 8694 8695 8700
f 8694 8700 8699
f 8695 8696 8701
f 8695 8701 8700
f 8696 8697 8702
f 8696 8702 8701
f 8697 8698 8703
f 8697 8703 8702
f 2199 8699 8704
f 2199 8704 2200
f 8699 8700 8705
f 8699 8705 8704
f 8700 8701 8706
f 8700 8706 8705
f 8701 8702 8707
f 8701 8707 8706
f 8702 8703 8708
f 8702 8708 8707
f 2200 8704 8709
f 2200 8709 2201
f 8704 8705 8710
f 8704 8710 8709
f 8705 8706 8711
f 8705 8711 8710
f 8706 8707 8712
f 8706 8712 8711
f 8707 8708 8713
f 8707 8713 8712
f 3761 345 2283
f 3761 2283 8693
f 8693 2283 2284
f 8693 2284 8698
f 8698 2284 2285
f 8698 2285 8703
f 8703 2285 2286
f 8703 2286 8708
f 8708 2286 2287
f 8708 2287 8713
f 8713 2287 346
f 8713 346 3766
f 8712 8713 3766
f 8712 3766 3767
f 8711 8712 3767
f 8711 3767 3768
f 8710 8711 3768
f 8710 3768 3769
f 8709 8710 3769
f 8709 3769 3770
f 2201 8709 3770
f 2201 3770 326
f 326 3770 4951
f 326 4951 661
f 3770 3769 4952
f 3770 4952 4951
f 3769 3768 681
f 3769 681 4952
f 3768 3767 4820
f 3768 4820 681
f 3767 3766 8714
f 3767 8714 4820
f 661 4951 8715
f 661 8715 2202
f 4951 4952 8716
f 4951 8716 8715
f 4952 681 682
f 4952 682 8716
f 681 4820 684
f 681 684 682
f 4820 8714 8717
f 4820 8717 684
f 2202 8715 8718
f 2202 8718 2203
f 8715 8716 8719
f 8715 8719 8718
f 8716 682 4824
f 8716 4824 8719
f 682 684 4827
f 682 4827 4824
f 684 8717 8720
f 684 8720 4827
f 2203 8718 8721
f 2203 8721 2204
f 8718 8719 8722
f 8718 8722 8721
f 8719 4824 4825
f 8719 4825 8722
f 4824 4827 4826
f 4824 4826 4825
f 4827 8720 8723
f 4827 8723 4826
f 2204 8721 3773
f 2204 3773 327
f 8721 8722 3772
f 8721 3772 3773
f 8722 4825 676
f 8722 676 3772
f 4825 4826 688
f 4825 688 676
f 4826 8723 3771
f 4826 3771 688
f 3766 346 2288
f 3766 2288 8714
f 8714 2288 2289
f 8714 2289 8717
f 8717 2289 2290
f 8717 2290 8720
f 8720 2290 2291
f 8720 2291 8723
f 8723 2291 347
f 8723 347 3771
f 327 3773 8724
f 327 8724 2205
f 3773 3772 8725
f 3773 8725 8724
f 3772 676 4756
f 3772 4756 8725
f 676 688 4833
f 676 4833 4756
f 688 3771 8726
f 688 8726 4833
f 2205 8724 8727
f 2205 8727 2206
f 8724 8725 8728
f 8724 8728 8727
f 8725 4756 4757
f 8725 4757 8728
f 4756 4833 4832
f 4756 4832 4757
f 4833 8726 8729
f 4833 8729 4832
f 2206 8727 8730
f 2206 8730 2207
f 8727 8728 8731
f 8727 8731 8730
f 8728 4757 4758
f 8728 4758 8731
f 4757 4832 4831
f 4757 4831 4758
f 4832 8729 8732
f 4832 8732 4831
f 2207 8730 8733
f 2207 8733 2208
f 8730 8731 8734
f 8730 8734 8733
f 8731 4758 4759
f 8731 4759 8734
f 4758 4831 4830
f 4758 4830 4759
f 4831 8732 8735
f 4831 8735 4830
f 2208 8733 8736
f 2208 8736 2209
f 8733 8734 8737
f 8733 8737 8736
f 8734 4759 677
f 8734 677 8737
f 4759 4830 690
f 4759 690 677
f 4830 8735 8738
f 4830 8738 690
f 3771 347 2292
f 3771 2292 8726
f 8726 2292 2293
f 8726 2293 8729
f 8729 2293 2294
f 8729 2294 8732
f 8732 2294 2295
f 8732 2295 8735
f 8735 2295 2296
f 8735 2296 8738
f 8738 2296 348
f 8738 348 3774
f 690 8738 3774
f 690 3774 3775
f 677 690 3775
f 677 3775 3776
f 8737 677 3776
f 8737 3776 3777
f 8736 8737 3777
f 8736 3777 3778
f 2209 8736 3778
f 2209 3778 328
f 328 3778 8739
f 328 8739 2210
f 3778 3777 8740
f 3778 8740 8739
f 3777 3776 4760
f 3777 4760 8740
f 3776 3775 4840
f 3776 4840 4760
f 3775 3774 8741
f 3775 8741 4840
f 2210 8739 8742
f 2210 8742 2211
f 8739 8740 8743
f 8739 8743 8742
f 8740 4760 4761
f 8740 4761 8743
f 4760 4840 4839
f 4760 4839 4761
f 4840 8741 8744
f 4840 8744 4839
f 2211 8742 8745
f 2211 8745 2212
f 8742 8743 8746
f 8742 8746 8745
f 8743 4761 4762
f 8743 4762 8746
f 4761 4839 4838
f 4761 4838 4762
f 4839 8744 8747
f 4839 8747 4838
f 2212 8745 8748
f 2212 8748 2213
f 8745 8746 8749
f 8745 8749 8748
f 8746 4762 678
f 8746 678 8749
f 4762 4838 692
f 4762 692 678
f 4838 8747 8750
f 4838 8750 692
f 2213 8748 3783
f 2213 3783 329
f 8748 8749 3782
f 8748 3782 3783
f 8749 678 3781
f 8749 3781 3782
f 678 692 3780
f 678 3780 3781
f 692 8750 3779
f 692 3779 3780
f 3774 348 2297
f 3774 2297 8741
f 8741 2297 2298
f 8741 2298 8744
f 8744 2298 2299
f 8744 2299 8747
f 8747 2299 2300
f 8747 2300 8750
f 8750 2300 349
f 8750 349 3779
f 329 3783 8751
f 329 8751 2214
f 3783 3782 8752
f 3783 8752 8751
f 3782 3781 4763
f 3782 4763 8752
f 3781 3780 4848
f 3781 4848 4763
f 3780 3779 8753
f 3780 8753 4848
f 2214 8751 8754
f 2214 8754 2215
f 8751 8752 8755
f 8751 8755 8754
f 8752 4763 4764
f 8752 4764 8755
f 4763 4848 4847
f 4763 4847 4764
f 4848 8753 8756
f 4848 8756 4847
f 2215 8754 8757
f 2215 8757 2216
f 8754 8755 8758
f 8754 8758 8757
f 8755 4764 4765
f 8755 4765 8758
f 4764 4847 4846
f 4764 4846 4765
f 4847 8756 8759
f 4847 8759 4846
f 2216 8757 8760
f 2216 8760 2217
f 8757 8758 8761
f 8757 8761 8760
f 8758 4765 4766
f 8758 4766 8761
f 4765 4846 4845
f 4765 4845 4766
f 4846 8759 8762
f 4846 8762 4845
f 2217 8760 3786
f 2217 3786 330
f 8760 8761 3785
f 8760 3785 3786
f 8761 4766 679
f 8761 679 3785
f 4766 4845 694
f 4766 694 679
f 4845 8762 3784
f 4845 3784 694
f 3779 349 2301
f 3779 2301 8753
f 8753 2301 2302
f 8753 2302 8756
f 8756 2302 2303
f 8756 2303 8759
f 8759 2303 2304
f 8759 2304 8762
f 8762 2304 350
f 8762 350 3784
f 2218 8763 8766
f 2218 8766 2219
f 8763 8764 8767
f 8763 8767 8766
f 8764 4767 4768
f 8764 4768 8767
f 4767 4857 4856
f 4767 4856 4768
f 4857 8765 8768
f 4857 8768 4856
f 2219 8766 8769
f 2219 8769 2220
f 8766 8767 8770
f 8766 8770 8769
f 8767 4768 4769
f 8767 4769 8770
f 4768 4856 4855
f 4768 4855 4769
f 4856 8768 8771
f 4856 8771 4855
f 2220 8769 8772
f 2220 8772 2221
f 8769 8770 8773
f 8769 8773 8772
f 8770 4769 4770
f 8770 4770 8773
f 4769 4855 4854
f 4769 4854 4770
f 4855 8771 8774
f 4855 8774 4854
f 2221 8772 8775
f 2221 8775 2222
f 8772 8773 8776
f 8772 8776 8775
f 8773 4770 680
f 8773 680 8776
f 4770 4854 696
f 4770 696 680
f 4854 8774 8777
f 4854 8777 696
f 2222 8775 3791
f 2222 3791 331
f 8775 8776 3790
f 8775 3790 3791
f 8776 680 3789
f 8776 3789 3790
f 680 696 3788
f 680 3788 3789
f 696 8777 3787
f 696 3787 3788
f 330 3786 8763
f 330 8763 2218
f 3786 3785 8764
f 3786 8764 8763
f 3785 679 4767
f 3785 4767 8764
f 679 694 4857
f 679 4857 4767
f 694 3784 8765
f 694 8765 4857
f 3784 350 2305
f 3784 2305 8765
f 8765 2305 2306
f 8765 2306 8768
f 8768 2306 2307
f 8768 2307 8771
f 8771 2307 2308
f 8771 2308 8774
f 8774 2308 2309
f 8774 2309 8777
f 8777 2309 351
f 8777 351 3787
f 331 3791 8778
f 331 8778 2223
f 3791 3790 8779
f 3791 8779 8778
f 3790 3789 4862
f 3790 4862 8779
f 3789 3788 4863
f 3789 4863 4862
f 3788 3787 8780
f 3788 8780 4863
f 2223 8778 8781
f 2223 8781 2224
f 8778 8779 8782
f 8778 8782 8781
f 8779 4862 699
f 8779 699 8782
f 4862 4863 4822
f 4862 4822 699
f 4863 8780 8783
f 4863 8783 4822
f 2224 8781 4958
f 2224 4958 662
f 8781 8782 4957
f 8781 4957 4958
f 8782 699 697
f 8782 697 4957
f 699 4822 8784
f 699 8784 697
f 4822 8783 8785
f 4822 8785 8784
f 662 4958 8786
f 662 8786 2225
f 4958 4957 8787
f 4958 8787 8786
f 4957 697 8788
f 4957 8788 8787
f 697 8784 8789
f 697 8789 8788
f 8784 8785 8790
f 8784 8790 8789
f 2225 8786 3796
f 2225 3796 332
f 8786 8787 3795
f 8786 3795 3796
f 8787 8788 3794
f 8787 3794 3795
f 8788 8789 3793
f 8788 3793 3794
f 8789 8790 3792
f 8789 3792 3793
f 3787 351 2310
f 3787 2310 8780
f 8780 2310 2311
f 8780 2311 8783
f 8783 2311 2312
f 8783 2312 8785
f 8785 2312 2313
f 8785 2313 8790
f 8790 2313 352
f 8790 352 3792
f 2226 8791 8796
f 2226 8796 2227
f 8791 8792 8797
f 8791 8797 8796
f 8792 8793 8798
f 8792 8798 8797
f 8793 8794 8799
f 8793 8799 8798
f 8794 8795 8800
f 8794 8800 8799
f 2227 8796 8801
f 2227 8801 2228
f 8796 8797 8802
f 8796 8802 8801
f 8797 8798 8803
f 8797 8803 8802
f 8798 8799 8804
f 8798 8804 8803
f 8799 8800 8805
f 8799 8805 8804
f 2228 8801 8806
f 2228 8806 2229
f 8801 8802 8807
f 8801 8807 8806
f 8802 8803 8808
f 8802 8808 8807
f 8803 8804 8809
f 8803 8809 8808
f 8804 8805 8810
f 8804 8810 8809
f 2229 8806 8811
f 2229 8811 2230
f 8806 8807 8812
f 8806 8812 8811
f 8807 8808 8813
f 8807 8813 8812
f 8808 8809 8814
f 8808 8814 8813
f 8809 8810 8815
f 8809 8815 8814
f 2230 8811 3801
f 2230 3801 333
f 8811 8812 3800
f 8811 3800 3801
f 8812 8813 3799
f 8812 3799 3800
f 8813 8814 3798
f 8813 3798 3799
f 8814 8815 3797
f 8814 3797 3798
f 332 3796 8791
f 332 8791 2226
f 3796 3795 8792
f 3796 8792 8791
f 3795 3794 8793
f 3795 8793 8792
f 3794 3793 8794
f 3794 8794 8793
f 3793 3792 8795
f 3793 8795 8794
f 3792 352 2314
f 3792 2314 8795
f 8795 2314 2315
f 8795 2315 8800
f 8800 2315 2316
f 8800 2316 8805
f 8805 2316 2317
f 8805 2317 8810
f 8810 2317 2318
f 8810 2318 8815
f 8815 2318 353
f 8815 353 3797
f 333 3801 8816
f 333 8816 2231
f 3801 3800 8817
f 3801 8817 8816
f 3800 3799 8818
f 3800 8818 8817
f 3799 3798 8819
f 3799 8819 8818
f 3798 3797 8820
f 3798 8820 8819
f 2231 8816 8821
f 2231 8821 2232
f 8816 8817 8822
f 8816 8822 8821
f 8817 8818 8823
f 8817 8823 8822
f 8818 8819 8824
f 8818 8824 8823
f 8819 8820 8825
f 8819 8825 8824
f 2232 8821 8826
f 2232 8826 2233
f 8821 8822 8827
f 8821 8827 8826
f 8822 8823 8828
f 8822 8828 8827
f 8823 8824 8829
f 8823 8829 8828
f 8824 8825 8830
f 8824 8830 8829
f 2233 8826 8831
f 2233 8831 2234
f 8826 8827 8832
f 8826 8832 8831
f 8827 8828 8833
f 8827 8833 8832
f 8828 8829 8834
f 8828 8834 8833
f 8829 8830 8835
f 8829 8835 8834
f 2234 8831 3806
f 2234 3806 334
f 8831 8832 3805
f 8831 3805 3806
f 8832 8833 3804
f 8832 3804 3805
f 8833 8834 3803
f 8833 3803 3804
f 8834 8835 3802
f 8834 3802 3803
f 3797 353 2319
f 3797 2319 8820
f 8820 2319 2320
f 8820 2320 8825
f 8825 2320 2321
f 8825 2321 8830
f 8830 2321 2322
f 8830 2322 8835
f 8835 2322 354
f 8835 354 3802
f 24 813 8836
f 24 8836 2065
f 813 812 8837
f 813 8837 8836
f 812 811 8838
f 812 8838 8837
f 811 810 8839
f 811 8839 8838
f 810 23 2149
f 810 2149 8839
f 2065 8836 8840
f 2065 8840 2066
f 8836 8837 8841
f 8836 8841 8840
f 8837 8838 8842
f 8837 8842 8841
f 8838 8839 8843
f 8838 8843 8842
f 8839 2149 2150
f 8839 2150 8843
f 2066 8840 8844
f 2066 8844 2067
f 8840 8841 8845
f 8840 8845 8844
f 8841 8842 8846
f 8841 8846 8845
f 8842 8843 8847
f 8842 8847 8846
f 8843 2150 2151
f 8843 2151 8847
f 2067 8844 3810
f 2067 3810 295
f 8844 8845 3809
f 8844 3809 3810
f 8845 8846 3808
f 8845 3808 3809
f 8846 8847 3807
f 8846 3807 3808
f 8847 2151 315
f 8847 315 3807
f 2068 8848 8852
f 2068 8852 2069
f 8848 8849 8853
f 8848 8853 8852
f 8849 8850 8854
f 8849 8854 8853
f 8850 8851 8855
f 8850 8855 8854
f 8851 2152 2153
f 8851 2153 8855
f 2069 8852 8856
f 2069 8856 2070
f 8852 8853 8857
f 8852 8857 8856
f 8853 8854 8858
f 8853 8858 8857
f 8854 8855 8859
f 8854 8859 8858
f 8855 2153 2154
f 8855 2154 8859
f 2070 8856 8860
f 2070 8860 2071
f 8856 8857 8861
f 8856 8861 8860
f 8857 8858 8862
f 8857 8862 8861
f 8858 8859 8863
f 8858 8863 8862
f 8859 2154 2155
f 8859 2155 8863
f 2071 8860 8864
f 2071 8864 2072
f 8860 8861 8865
f 8860 8865 8864
f 8861 8862 8866
f 8861 8866 8865
f 8862 8863 8867
f 8862 8867 8866
f 8863 2155 2156
f 8863 2156 8867
f 2072 8864 3814
f 2072 3814 296
f 8864 8865 3813
f 8864 3813 3814
f 8865 8866 3812
f 8865 3812 3813
f 8866 8867 3811
f 8866 3811 3812
f 8867 2156 316
f 8867 316 3811
f 295 3810 8848
f 295 8848 2068
f 3810 3809 8849
f 3810 8849 8848
f 3809 3808 8850
f 3809 8850 8849
f 3808 3807 8851
f 3808 8851 8850
f 3807 315 2152
f 3807 2152 8851
f 296 3814 8868
f 296 8868 2073
f 3814 3813 8869
f 3814 8869 8868
f 3813 3812 8870
f 3813 8870 8869
f 3812 3811 8871
f 3812 8871 8870
f 3811 316 2157
f 3811 2157 8871
f 2073 8868 8872
f 2073 8872 2074
f 8868 8869 8873
f 8868 8873 8872
f 8869 8870 8874
f 8869 8874 8873
f 8870 8871 8875
f 8870 8875 8874
f 8871 2157 2158
f 8871 2158 8875
f 2074 8872 8876
f 2074 8876 2075
f 8872 8873 8877
f 8872 8877 8876
f 8873 8874 8878
f 8873 8878 8877
f 8874 8875 8879
f 8874 8879 8878
f 8875 2158 2159
f 8875 2159 8879
f 2075 8876 8880
f 2075 8880 2076
f 8876 8877 8881
f 8876 8881 8880
f 8877 8878 8882
f 8877 8882 8881
f 8878 8879 8883
f 8878 8883 8882
f 8879 2159 2160
f 8879 2160 8883
f 2076 8880 3818
f 2076 3818 297
f 8880 8881 3817
f 8880 3817 3818
f 8881 8882 3816
f 8881 3816 3817
f 8882 8883 3815
f 8882 3815 3816
f 8883 2160 317
f 8883 317 3815
f 2077 8884 8888
f 2077 8888 2078
f 8884 8885 8889
f 8884 8889 8888
f 8885 8886 8890
f 8885 8890 8889
f 8886 8887 8891
f 8886 8891 8890
f 8887 2161 2162
f 8887 2162 8891
f 2078 8888 8892
f 2078 8892 2079
f 8888 8889 8893
f 8888 8893 8892
f 8889 8890 8894
f 8889 8894 8893
f 8890 8891 8895
f 8890 8895 8894
f 8891 2162 2163
f 8891 2163 8895
f 2079 8892 8896
f 2079 8896 2080
f 8892 8893 8897
f 8892 8897 8896
f 8893 8894 8898
f 8893 8898 8897
f 8894 8895 8899
f 8894 8899 8898
f 8895 2163 2164
f 8895 2164 8899
f 2080 8896 8900
f 2080 8900 2081
f 8896 8897 8901
f 8896 8901 8900
f 8897 8898 8902
f 8897 8902 8901
f 8898 8899 8903
f 8898 8903 8902
f 8899 2164 2165
f 8899 2165 8903
f 297 3818 8884
f 297 8884 2077
f 3818 3817 8885
f 3818 8885 8884
f 3817 3816 8886
f 3817 8886 8885
f 3816 3815 8887
f 3816 8887 8886
f 3815 317 2161
f 3815 2161 8887
f 8903 2165 318
f 8903 318 3819
f 8902 8903 3819
f 8902 3819 3820
f 8901 8902 3820
f 8901 3820 3821
f 8900 8901 3821
f 8900 3821 3822
f 2081 8900 3822
f 2081 3822 298
f 298 3822 8904
f 298 8904 2082
f 3822 3821 8905
f 3822 8905 8904
f 3821 3820 8906
f 3821 8906 8905
f 3820 3819 8907
f 3820 8907 8906
f 3819 318 2166
f 3819 2166 8907
f 2082 8904 8908
f 2082 8908 2083
f 8904 8905 8909
f 8904 8909 8908
f 8905 8906 8910
f 8905 8910 8909
f 8906 8907 8911
f 8906 8911 8910
f 8907 2166 2167
f 8907 2167 8911
f 2083 8908 8912
f 2083 8912 2084
f 8908 8909 8913
f 8908 8913 8912
f 8909 8910 8914
f 8909 8914 8913
f 8910 8911 8915
f 8910 8915 8914
f 8911 2167 2168
f 8911 2168 8915
f 2084 8912 8916
f 2084 8916 2085
f 8912 8913 8917
f 8912 8917 8916
f 8913 8914 8918
f 8913 8918 8917
f 8914 8915 8919
f 8914 8919 8918
f 8915 2168 2169
f 8915 2169 8919
f 2085 8916 3826
f 2085 3826 299
f 8916 8917 3825
f 8916 3825 3826
f 8917 8918 3824
f 8917 3824 3825
f 8918 8919 3823
f 8918 3823 3824
f 8919 2169 319
f 8919 319 3823
f 584 4603 583
f 584 583 2086
f 4603 8920 8923
f 4603 8923 583
f 8920 8921 8924
f 8920 8924 8923
f 8921 8922 8925
f 8921 8925 8924
f 8922 2170 2171
f 8922 2171 8925
f 2086 583 585
f 2086 585 2087
f 583 8923 8926
f 583 8926 585
f 8923 8924 8927
f 8923 8927 8926
f 8924 8925 8928
f 8924 8928 8927
f 8925 2171 2172
f 8925 2172 8928
f 2087 585 588
f 2087 588 2088
f 585 8926 591
f 585 591 588
f 8926 8927 8929
f 8926 8929 591
f 8927 8928 8930
f 8927 8930 8929
f 8928 2172 2173
f 8928 2173 8930
f 2088 588 590
f 2088 590 2089
f 588 591 587
f 588 587 590
f 591 8929 8931
f 591 8931 587
f 8929 8930 8932
f 8929 8932 8931
f 8930 2173 2174
f 8930 2174 8932
f 299 3826 4603
f 299 4603 584
f 3826 3825 8920
f 3826 8920 4603
f 3825 3824 8921
f 3825 8921 8920
f 3824 3823 8922
f 3824 8922 8921
f 3823 319 2170
f 3823 2170 8922
f 8932 2174 320
f 8932 320 3827
f 8931 8932 3827
f 8931 3827 3828
f 587 8931 3828
f 587 3828 589
f 590 587 589
f 590 589 586
f 2089 590 586
f 2089 586 300
f 300 586 594
f 300 594 2090
f 586 589 8933
f 586 8933 594
f 589 3828 8934
f 589 8934 8933
f 3828 3827 8935
f 3828 8935 8934
f 3827 320 2175
f 3827 2175 8935
f 2090 594 593
f 2090 593 2091
f 594 8933 8936
f 594 8936 593
f 8933 8934 8937
f 8933 8937 8936
f 8934 8935 8938
f 8934 8938 8937
f 8935 2175 2176
f 8935 2176 8938
f 2091 593 4604
f 2091 4604 592
f 593 8936 8939
f 593 8939 4604
f 8936 8937 8940
f 8936 8940 8939
f 8937 8938 8941
f 8937 8941 8940
f 8938 2176 2177
f 8938 2177 8941
f 592 4604 8942
f 592 8942 2092
f 4604 8939 8943
f 4604 8943 8942
f 8939 8940 8944
f 8939 8944 8943
f 8940 8941 8945
f 8940 8945 8944
f 8941 2177 2178
f 8941 2178 8945
f 2092 8942 3832
f 2092 3832 301
f 8942 8943 3831
f 8942 3831 3832
f 8943 8944 3830
f 8943 3830 3831
f 8944 8945 3829
f 8944 3829 3830
f 8945 2178 321
f 8945 321 3829
f 2093 8946 8950
f 2093 8950 2094
f 8946 8947 8951
f 8946 8951 8950
f 8947 8948 8952
f 8947 8952 8951
f 8948 8949 8953
f 8948 8953 8952
f 8949 2179 2180
f 8949 2180 8953
f 2094 8950 8954
f 2094 8954 2095
f 8950 8951 8955
f 8950 8955 8954
f 8951 8952 8956
f 8951 8956 8955
f 8952 8953 8957
f 8952 8957 8956
f 8953 2180 2181
f 8953 2181 8957
f 2095 8954 8958
f 2095 8958 2096
f 8954 8955 8959
f 8954 8959 8958
f 8955 8956 8960
f 8955 8960 8959
f 8956 8957 8961
f 8956 8961 8960
f 8957 2181 2182
f 8957 2182 8961
f 2096 8958 8962
f 2096 8962 2097
f 8958 8959 8963
f 8958 8963 8962
f 8959 8960 8964
f 8959 8964 8963
f 8960 8961 8965
f 8960 8965 8964
f 8961 2182 2183
f 8961 2183 8965
f 301 3832 8946
f 301 8946 2093
f 3832 3831 8947
f 3832 8947 8946
f 3831 3830 8948
f 3831 8948 8947
f 3830 3829 8949
f 3830 8949 8948
f 3829 321 2179
f 3829 2179 8949
f 8965 2183 322
f 8965 322 3833
f 8964 8965 3833
f 8964 3833 3834
f 8963 8964 3834
f 8963 3834 3835
f 8962 8963 3835
f 8962 3835 3836
f 2097 8962 3836
f 2097 3836 302
f 302 3836 8966
f 302 8966 2098
f 3836 3835 8967
f 3836 8967 8966
f 3835 3834 8968
f 3835 8968 8967
f 3834 3833 8969
f 3834 8969 8968
f 3833 322 2184
f 3833 2184 8969
f 2098 8966 8970
f 2098 8970 2099
f 8966 8967 8971
f 8966 8971 8970
f 8967 8968 8972
f 8967 8972 8971
f 8968 8969 8973
f 8968 8973 8972
f 8969 2184 2185
f 8969 2185 8973
f 2099 8970 8974
f 2099 8974 2100
f 8970 8971 8975
f 8970 8975 8974
f 8971 8972 8976
f 8971 8976 8975
f 8972 8973 8977
f 8972 8977 8976
f 8973 2185 2186
f 8973 2186 8977
f 2100 8974 8978
f 2100 8978 2101
f 8974 8975 8979
f 8974 8979 8978
f 8975 8976 8980
f 8975 8980 8979
f 8976 8977 8981
f 8976 8981 8980
f 8977 2186 2187
f 8977 2187 8981
f 2101 8978 3840
f 2101 3840 303
f 8978 8979 3839
f 8978 3839 3840
f 8979 8980 3838
f 8979 3838 3839
f 8980 8981 3837
f 8980 3837 3838
f 8981 2187 323
f 8981 323 3837
f 303 3840 8982
f 303 8982 2102
f 3840 3839 8983
f 3840 8983 8982
f 3839 3838 8984
f 3839 8984 8983
f 3838 3837 8985
f 3838 8985 8984
f 3837 323 2188
f 3837 2188 8985
f 2102 8982 8986
f 2102 8986 2103
f 8982 8983 8987
f 8982 8987 8986
f 8983 8984 8988
f 8983 8988 8987
f 8984 8985 8989
f 8984 8989 8988
f 8985 2188 2189
f 8985 2189 8989
f 2103 8986 8990
f 2103 8990 2104
f 8986 8987 8991
f 8986 8991 8990
f 8987 8988 8992
f 8987 8992 8991
f 8988 8989 8993
f 8988 8993 8992
f 8989 2189 2190
f 8989 2190 8993
f 2104 8990 8994
f 2104 8994 2105
f 8990 8991 8995
f 8990 8995 8994
f 8991 8992 8996
f 8991 8996 8995
f 8992 8993 8997
f 8992 8997 8996
f 8993 2190 2191
f 8993 2191 8997
f 2105 8994 8998
f 2105 8998 2106
f 8994 8995 8999
f 8994 8999 8998
f 8995 8996 9000
f 8995 9000 8999
f 8996 8997 9001
f 8996 9001 9000
f 8997 2191 2192
f 8997 2192 9001
f 9001 2192 324
f 9001 324 3841
f 9000 9001 3841
f 9000 3841 3842
f 8999 9000 3842
f 8999 3842 3843
f 8998 8999 3843
f 8998 3843 3844
f 2106 8998 3844
f 2106 3844 304
f 304 3844 9002
f 304 9002 2107
f 3844 3843 9003
f 3844 9003 9002
f 3843 3842 9004
f 3843 9004 9003
f 3842 3841 9005
f 3842 9005 9004
f 3841 324 2193
f 3841 2193 9005
f 2107 9002 9006
f 2107 9006 2108
f 9002 9003 9007
f 9002 9007 9006
f 9003 9004 9008
f 9003 9008 9007
f 9004 9005 9009
f 9004 9009 9008
f 9005 2193 2194
f 9005 2194 9009
f 2108 9006 9010
f 2108 9010 2109
f 9006 9007 9011
f 9006 9011 9010
f 9007 9008 9012
f 9007 9012 9011
f 9008 9009 9013
f 9008 9013 9012
f 9009 2194 2195
f 9009 2195 9013
f 2109 9010 9014
f 2109 9014 2110
f 9010 9011 9015
f 9010 9015 9014
f 9011 9012 9016
f 9011 9016 9015
f 9012 9013 9017
f 9012 9017 9016
f 9013 2195 2196
f 9013 2196 9017
f 2110 9014 3848
f 2110 3848 305
f 9014 9015 3847
f 9014 3847 3848
f 9015 9016 3846
f 9015 3846 3847
f 9016 9017 3845
f 9016 3845 3846
f 9017 2196 325
f 9017 325 3845
f 305 3848 9018
f 305 9018 2111
f 3848 3847 9019
f 3848 9019 9018
f 3847 3846 9020
f 3847 9020 9019
f 3846 3845 9021
f 3846 9021 9020
f 3845 325 2197
f 3845 2197 9021
f 2111 9018 9022
f 2111 9022 2112
f 9018 9019 9023
f 9018 9023 9022
f 9019 9020 9024
f 9019 9024 9023
f 9020 9021 9025
f 9020 9025 9024
f 9021 2197 2198
f 9021 2198 9025
f 2112 9022 9026
f 2112 9026 2113
f 9022 9023 9027
f 9022 9027 9026
f 9023 9024 9028
f 9023 9028 9027
f 9024 9025 9029
f 9024 9029 9028
f 9025 2198 2199
f 9025 2199 9029
f 2113 9026 9030
f 2113 9030 2114
f 9026 9027 9031
f 9026 9031 9030
f 9027 9028 9032
f 9027 9032 9031
f 9028 9029 9033
f 9028 9033 9032
f 9029 2199 2200
f 9029 2200 9033
f 2114 9030 9034
f 2114 9034 2115
f 9030 9031 9035
f 9030 9035 9034
f 9031 9032 9036
f 9031 9036 9035
f 9032 9033 9037
f 9032 9037 9036
f 9033 2200 2201
f 9033 2201 9037
f 9037 2201 326
f 9037 326 3849
f 9036 9037 3849
f 9036 3849 3850
f 9035 9036 3850
f 9035 3850 3851
f 9034 9035 3851
f 9034 3851 3852
f 2115 9034 3852
f 2115 3852 306
f 306 3852 4812
f 306 4812 663
f 3852 3851 4813
f 3852 4813 4812
f 3851 3850 4814
f 3851 4814 4813
f 3850 3849 4815
f 3850 4815 4814
f 3849 326 661
f 3849 661 4815
f 663 4812 9038
f 663 9038 2116
f 4812 4813 9039
f 4812 9039 9038
f 4813 4814 9040
f 4813 9040 9039
f 4814 4815 9041
f 4814 9041 9040
f 4815 661 2202
f 4815 2202 9041
f 2116 9038 9042
f 2116 9042 2117
f 9038 9039 9043
f 9038 9043 9042
f 9039 9040 9044
f 9039 9044 9043
f 9040 9041 9045
f 9040 9045 9044
f 9041 2202 2203
f 9041 2203 9045
f 2117 9042 9046
f 2117 9046 2118
f 9042 9043 9047
f 9042 9047 9046
f 9043 9044 9048
f 9043 9048 9047
f 9044 9045 9049
f 9044 9049 9048
f 9045 2203 2204
f 9045 2204 9049
f 2118 9046 3856
f 2118 3856 307
f 9046 9047 3855
f 9046 3855 3856
f 9047 9048 3854
f 9047 3854 3855
f 9048 9049 3853
f 9048 3853 3854
f 9049 2204 327
f 9049 327 3853
f 307 3856 9050
f 307 9050 2119
f 3856 3855 9051
f 3856 9051 9050
f 3855 3854 9052
f 3855 9052 9051
f 3854 3853 9053
f 3854 9053 9052
f 3853 327 2205
f 3853 2205 9053
f 2119 9050 9054
f 2119 9054 2120
f 9050 9051 9055
f 9050 9055 9054
f 9051 9052 9056
f 9051 9056 9055
f 9052 9053 9057
f 9052 9057 9056
f 9053 2205 2206
f 9053 2206 9057
f 2120 9054 9058
f 2120 9058 2121
f 9054 9055 9059
f 9054 9059 9058
f 9055 9056 9060
f 9055 9060 9059
f 9056 9057 9061
f 9056 9061 9060
f 9057 2206 2207
f 9057 2207 9061
f 2121 9058 9062
f 2121 9062 2122
f 9058 9059 9063
f 9058 9063 9062
f 9059 9060 9064
f 9059 9064 9063
f 9060 9061 9065
f 9060 9065 9064
f 9061 2207 2208
f 9061 2208 9065
f 2122 9062 9066
f 2122 9066 2123
f 9062 9063 9067
f 9062 9067 9066
f 9063 9064 9068
f 9063 9068 9067
f 9064 9065 9069
f 9064 9069 9068
f 9065 2208 2209
f 9065 2209 9069
f 9069 2209 328
f 9069 328 3857
f 9068 9069 3857
f 9068 3857 3858
f 9067 9068 3858
f 9067 3858 3859
f 9066 9067 3859
f 9066 3859 3860
f 2123 9066 3860
f 2123 3860 308
f 308 3860 9070
f 308 9070 2124
f 3860 3859 9071
f 3860 9071 9070
f 3859 3858 9072
f 3859 9072 9071
f 3858 3857 9073
f 3858 9073 9072
f 3857 328 2210
f 3857 2210 9073
f 2124 9070 9074
f 2124 9074 2125
f 9070 9071 9075
f 9070 9075 9074
f 9071 9072 9076
f 9071 9076 9075
f 9072 9073 9077
f 9072 9077 9076
f 9073 2210 2211
f 9073 2211 9077
f 2125 9074 9078
f 2125 9078 2126
f 9074 9075 9079
f 9074 9079 9078
f 9075 9076 9080
f 9075 9080 9079
f 9076 9077 9081
f 9076 9081 9080
f 9077 2211 2212
f 9077 2212 9081
f 2126 9078 9082
f 2126 9082 2127
f 9078 9079 9083
f 9078 9083 9082
f 9079 9080 9084
f 9079 9084 9083
f 9080 9081 9085
f 9080 9085 9084
f 9081 2212 2213
f 9081 2213 9085
f 2127 9082 3864
f 2127 3864 309
f 9082 9083 3863
f 9082 3863 3864
f 9083 9084 3862
f 9083 3862 3863
f 9084 9085 3861
f 9084 3861 3862
f 9085 2213 329
f 9085 329 3861
f 309 3864 9086
f 309 9086 2128
f 3864 3863 9087
f 3864 9087 9086
f 3863 3862 9088
f 3863 9088 9087
f 3862 3861 9089
f 3862 9089 9088
f 3861 329 2214
f 3861 2214 9089
f 2128 9086 9090
f 2128 9090 2129
f 9086 9087 9091
f 9086 9091 9090
f 9087 9088 9092
f 9087 9092 9091
f 9088 9089 9093
f 9088 9093 9092
f 9089 2214 2215
f 9089 2215 9093
f 2129 9090 9094
f 2129 9094 2130
f 9090 9091 9095
f 9090 9095 9094
f 9091 9092 9096
f 9091 9096 9095
f 9092 9093 9097
f 9092 9097 9096
f 9093 2215 2216
f 9093 2216 9097
f 2130 9094 9098
f 2130 9098 2131
f 9094 9095 9099
f 9094 9099 9098
f 9095 9096 9100
f 9095 9100 9099
f 9096 9097 9101
f 9096 9101 9100
f 9097 2216 2217
f 9097 2217 9101
f 2131 9098 3868
f 2131 3868 310
f 9098 9099 3867
f 9098 3867 3868
f 9099 9100 3866
f 9099 3866 3867
f 9100 9101 3865
f 9100 3865 3866
f 9101 2217 330
f 9101 330 3865
f 2132 9102 9106
f 2132 9106 2133
f 9102 9103 9107
f 9102 9107 9106
f 9103 9104 9108
f 9103 9108 9107
f 9104 9105 9109
f 9104 9109 9108
f 9105 2218 2219
f 9105 2219 9109
f 2133 9106 9110
f 2133 9110 2134
f 9106 9107 9111
f 9106 9111 9110
f 9107 9108 9112
f 9107 9112 9111
f 9108 9109 9113
f 9108 9113 9112
f 9109 2219 2220
f 9109 2220 9113
f 2134 9110 9114
f 2134 9114 2135
f 9110 9111 9115
f 9110 9115 9114
f 9111 9112 9116
f 9111 9116 9115
f 9112 9113 9117
f 9112 9117 9116
f 9113 2220 2221
f 9113 2221 9117
f 2135 9114 9118
f 2135 9118 2136
f 9114 9115 9119
f 9114 9119 9118
f 9115 9116 9120
f 9115 9120 9119
f 9116 9117 9121
f 9116 9121 9120
f 9117 2221 2222
f 9117 2222 9121
f 2136 9118 3872
f 2136 3872 311
f 9118 9119 3871
f 9118 3871 3872
f 9119 9120 3870
f 9119 3870 3871
f 9120 9121 3869
f 9120 3869 3870
f 9121 2222 331
f 9121 331 3869
f 310 3868 9102
f 310 9102 2132
f 3868 3867 9103
f 3868 9103 9102
f 3867 3866 9104
f 3867 9104 9103
f 3866 3865 9105
f 3866 9105 9104
f 3865 330 2218
f 3865 2218 9105
f 311 3872 9122
f 311 9122 2137
f 3872 3871 9123
f 3872 9123 9122
f 3871 3870 9124
f 3871 9124 9123
f 3870 3869 9125
f 3870 9125 9124
f 3869 331 2223
f 3869 2223 9125
f 2137 9122 9126
f 2137 9126 2138
f 9122 9123 9127
f 9122 9127 9126
f 9123 9124 9128
f 9123 9128 9127
f 9124 9125 9129
f 9124 9129 9128
f 9125 2223 2224
f 9125 2224 9129
f 2138 9126 4816
f 2138 4816 664
f 9126 9127 4817
f 9126 4817 4816
f 9127 9128 4818
f 9127 4818 4817
f 9128 9129 4819
f 9128 4819 4818
f 9129 2224 662
f 9129 662 4819
f 664 4816 9130
f 664 9130 2139
f 4816 4817 9131
f 4816 9131 9130
f 4817 4818 9132
f 4817 9132 9131
f 4818 4819 9133
f 4818 9133 9132
f 4819 662 2225
f 4819 2225 9133
f 2139 9130 3876
f 2139 3876 312
f 9130 9131 3875
f 9130 3875 3876
f 9131 9132 3874
f 9131 3874 3875
f 9132 9133 3873
f 9132 3873 3874
f 9133 2225 332
f 9133 332 3873
f 2140 9134 9138
f 2140 9138 2141
f 9134 9135 9139
f 9134 9139 9138
f 9135 9136 9140
f 9135 9140 9139
f 9136 9137 9141
f 9136 9141 9140
f 9137 2226 2227
f 9137 2227 9141
f 2141 9138 9142
f 2141 9142 2142
f 9138 9139 9143
f 9138 9143 9142
f 9139 9140 9144
f 9139 9144 9143
f 9140 9141 9145
f 9140 9145 9144
f 9141 2227 2228
f 9141 2228 9145
f 2142 9142 9146
f 2142 9146 2143
f 9142 9143 9147
f 9142 9147 9146
f 9143 9144 9148
f 9143 9148 9147
f 9144 9145 9149
f 9144 9149 9148
f 9145 2228 2229
f 9145 2229 9149
f 2143 9146 9150
f 2143 9150 2144
f 9146 9147 9151
f 9146 9151 9150
f 9147 9148 9152
f 9147 9152 9151
f 9148 9149 9153
f 9148 9153 9152
f 9149 2229 2230
f 9149 2230 9153
f 2144 9150 3880
f 2144 3880 313
f 9150 9151 3879
f 9150 3879 3880
f 9151 9152 3878
f 9151 3878 3879
f 9152 9153 3877
f 9152 3877 3878
f 9153 2230 333
f 9153 333 3877
f 312 3876 9134
f 312 9134 2140
f 3876 3875 9135
f 3876 9135 9134
f 3875 3874 9136
f 3875 9136 9135
f 3874 3873 9137
f 3874 9137 9136
f 3873 332 2226
f 3873 2226 9137
f 313 3880 9154
f 313 9154 2145
f 3880 3879 9155
f 3880 9155 9154
f 3879 3878 9156
f 3879 9156 9155
f 3878 3877 9157
f 3878 9157 9156
f 3877 333 2231
f 3877 2231 9157
f 2145 9154 9158
f 2145 9158 2146
f 9154 9155 9159
f 9154 9159 9158
f 9155 9156 9160
f 9155 9160 9159
f 9156 9157 9161
f 9156 9161 9160
f 9157 2231 2232
f 9157 2232 9161
f 2146 9158 9162
f 2146 9162 2147
f 9158 9159 9163
f 9158 9163 9162
f 9159 9160 9164
f 9159 9164 9163
f 9160 9161 9165
f 9160 9165 9164
f 9161 2232 2233
f 9161 2233 9165
f 2147 9162 9166
f 2147 9166 2148
f 9162 9163 9167
f 9162 9167 9166
f 9163 9164 9168
f 9163 9168 9167
f 9164 9165 9169
f 9164 9169 9168
f 9165 2233 2234
f 9165 2234 9169
f 2148 9166 3884
f 2148 3884 314
f 9166 9167 3883
f 9166 3883 3884
f 9167 9168 3882
f 9167 3882 3883
f 9168 9169 3881
f 9168 3881 3882
f 9169 2234 334
f 9169 334 3881
f 818 817 9171
f 818 9171 9170
f 817 816 9172
f 817 9172 9171
f 816 815 9173
f 816 9173 9172
f 815 814 9174
f 815 9174 9173
f 9170 9171 9176
f 9170 9176 9175
f 9171 9172 9177
f 9171 9177 9176
f 9172 9173 9178
f 9172 9178 9177
f 9173 9174 9179
f 9173 9179 9178
f 9175 9176 9181
f 9175 9181 9180
f 9176 9177 9182
f 9176 9182 9181
f 9177 9178 9183
f 9177 9183 9182
f 9178 9179 9184
f 9178 9184 9183
f 9180 9181 3888
f 9180 3888 3889
f 9181 9182 3887
f 9181 3887 3888
f 9182 9183 3886
f 9182 3886 3887
f 9183 9184 3885
f 9183 3885 3886
f 814 24 2065
f 814 2065 9174
f 9174 2065 2066
f 9174 2066 9179
f 9179 2066 2067
f 9179 2067 9184
f 9184 2067 295
f 9184 295 3885
f 1992 9180 3889
f 1992 3889 275
f 1991 9175 9180
f 1991 9180 1992
f 1990 9170 9175
f 1990 9175 1991
f 25 818 9170
f 25 9170 1990
f 9185 9186 9191
f 9185 9191 9190
f 9186 9187 9192
f 9186 9192 9191
f 9187 9188 9193
f 9187 9193 9192
f 9188 9189 9194
f 9188 9194 9193
f 9190 9191 9196
f 9190 9196 9195
f 9191 9192 9197
f 9191 9197 9196
f 9192 9193 9198
f 9192 9198 9197
f 9193 9194 9199
f 9193 9199 9198
f 9195 9196 9201
f 9195 9201 9200
f 9196 9197 9202
f 9196 9202 9201
f 9197 9198 9203
f 9197 9203 9202
f 9198 9199 9204
f 9198 9204 9203
f 9200 9201 9206
f 9200 9206 9205
f 9201 9202 9207
f 9201 9207 9206
f 9202 9203 9208
f 9202 9208 9207
f 9203 9204 9209
f 9203 9209 9208
f 9205 9206 3893
f 9205 3893 3894
f 9206 9207 3892
f 9206 3892 3893
f 9207 9208 3891
f 9207 3891 3892
f 9208 9209 3890
f 9208 3890 3891
f 275 3889 9185
f 275 9185 1993
f 3889 3888 9186
f 3889 9186 9185
f 3888 3887 9187
f 3888 9187 9186
f 3887 3886 9188
f 3887 9188 9187
f 3886 3885 9189
f 3886 9189 9188
f 3885 295 2068
f 3885 2068 9189
f 9189 2068 2069
f 9189 2069 9194
f 9194 2069 2070
f 9194 2070 9199
f 9199 2070 2071
f 9199 2071 9204
f 9204 2071 2072
f 9204 2072 9209
f 9209 2072 296
f 9209 296 3890
f 1997 9205 3894
f 1997 3894 276
f 1996 9200 9205
f 1996 9205 1997
f 1995 9195 9200
f 1995 9200 1996
f 1994 9190 9195
f 1994 9195 1995
f 1993 9185 9190
f 1993 9190 1994
f 3894 3893 9211
f 3894 9211 9210
f 3893 3892 9212
f 3893 9212 9211
f 3892 3891 9213
f 3892 9213 9212
f 3891 3890 9214
f 3891 9214 9213
f 9210 9211 9216
f 9210 9216 9215
f 9211 9212 9217
f 9211 9217 9216
f 9212 9213 9218
f 9212 9218 9217
f 9213 9214 9219
f 9213 9219 9218
f 9215 9216 9221
f 9215 9221 9220
f 9216 9217 9222
f 9216 9222 9221
f 9217 9218 9223
f 9217 9223 9222
f 9218 9219 9224
f 9218 9224 9223
f 9220 9221 9226
f 9220 9226 9225
f 9221 9222 9227
f 9221 9227 9226
f 9222 9223 9228
f 9222 9228 9227
f 9223 9224 9229
f 9223 9229 9228
f 9225 9226 3898
f 9225 3898 3899
f 9226 9227 3897
f 9226 3897 3898
f 9227 9228 3896
f 9227 3896 3897
f 9228 9229 3895
f 9228 3895 3896
f 3890 296 2073
f 3890 2073 9214
f 9214 2073 2074
f 9214 2074 9219
f 9219 2074 2075
f 9219 2075 9224
f 9224 2075 2076
f 9224 2076 9229
f 9229 2076 297
f 9229 297 3895
f 2001 9225 3899
f 2001 3899 277
f 2000 9220 9225
f 2000 9225 2001
f 1999 9215 9220
f 1999 9220 2000
f 1998 9210 9215
f 1998 9215 1999
f 276 3894 9210
f 276 9210 1998
f 9230 9231 9236
f 9230 9236 9235
f 9231 9232 9237
f 9231 9237 9236
f 9232 9233 9238
f 9232 9238 9237
f 9233 9234 9239
f 9233 9239 9238
f 9235 9236 9241
f 9235 9241 9240
f 9236 9237 9242
f 9236 9242 9241
f 9237 9238 9243
f 9237 9243 9242
f 9238 9239 9244
f 9238 9244 9243
f 9240 9241 9246
f 9240 9246 9245
f 9241 9242 9247
f 9241 9247 9246
f 9242 9243 9248
f 9242 9248 9247
f 9243 9244 9249
f 9243 9249 9248
f 9245 9246 9251
f 9245 9251 9250
f 9246 9247 9252
f 9246 9252 9251
f 9247 9248 9253
f 9247 9253 9252
f 9248 9249 9254
f 9248 9254 9253
f 277 3899 9230
f 277 9230 2002
f 3899 3898 9231
f 3899 9231 9230
f 3898 3897 9232
f 3898 9232 9231
f 3897 3896 9233
f 3897 9233 9232
f 3896 3895 9234
f 3896 9234 9233
f 3895 297 2077
f 3895 2077 9234
f 9234 2077 2078
f 9234 2078 9239
f 9239 2078 2079
f 9239 2079 9244
f 9244 2079 2080
f 9244 2080 9249
f 9249 2080 2081
f 9249 2081 9254
f 9254 2081 298
f 9254 298 3900
f 9253 9254 3900
f 9253 3900 3901
f 9252 9253 3901
f 9252 3901 3902
f 9251 9252 3902
f 9251 3902 3903
f 9250 9251 3903
f 9250 3903 3904
f 2006 9250 3904
f 2006 3904 278
f 2005 9245 9250
f 2005 9250 2006
f 2004 9240 9245
f 2004 9245 2005
f 2003 9235 9240
f 2003 9240 2004
f 2002 9230 9235
f 2002 9235 2003
f 3904 3903 9256
f 3904 9256 9255
f 3903 3902 9257
f 3903 9257 9256
f 3902 3901 9258
f 3902 9258 9257
f 3901 3900 9259
f 3901 9259 9258
f 9255 9256 9260
f 9255 9260 4571
f 9256 9257 9261
f 9256 9261 9260
f 9257 9258 9262
f 9257 9262 9261
f 9258 9259 9263
f 9258 9263 9262
f 4571 9260 4609
f 4571 4609 531
f 9260 9261 503
f 9260 503 4609
f 9261 9262 504
f 9261 504 503
f 9262 9263 9264
f 9262 9264 504
f 531 4609 9265
f 531 9265 4578
f 4609 503 505
f 4609 505 9265
f 503 504 502
f 503 502 505
f 504 9264 4611
f 504 4611 502
f 4578 9265 3907
f 4578 3907 3908
f 9265 505 3906
f 9265 3906 3907
f 505 502 3905
f 505 3905 3906
f 502 4611 595
f 502 595 3905
f 3900 298 2082
f 3900 2082 9259
f 9259 2082 2083
f 9259 2083 9263
f 9263 2083 2084
f 9263 2084 9264
f 9264 2084 2085
f 9264 2085 4611
f 4611 2085 299
f 4611 299 595
f 2008 4578 3908
f 2008 3908 279
f 532 531 4578
f 532 4578 2008
f 533 4571 531
f 533 531 532
f 2007 9255 4571
f 2007 4571 533
f 278 3904 9255
f 278 9255 2007
f 534 612 4599
f 534 4599 537
f 612 507 508
f 612 508 4599
f 507 506 511
f 507 511 508
f 506 510 509
f 506 509 511
f 537 4599 9266
f 537 9266 4579
f 4599 508 4574
f 4599 4574 9266
f 508 511 600
f 508 600 4574
f 511 509 602
f 511 602 600
f 4579 9266 4601
f 4579 4601 538
f 9266 4574 513
f 9266 513 4601
f 4574 600 516
f 4574 516 513
f 600 602 512
f 600 512 516
f 538 4601 4600
f 538 4600 541
f 4601 513 519
f 4601 519 4600
f 513 516 518
f 513 518 519
f 516 512 517
f 516 517 518
f 279 3908 534
f 279 534 535
f 3908 3907 612
f 3908 612 534
f 3907 3906 507
f 3907 507 612
f 3906 3905 506
f 3906 506 507
f 510 584 2086
f 510 2086 509
f 509 2086 2087
f 509 2087 602
f 602 2087 2088
f 602 2088 512
f 512 2088 2089
f 512 2089 517
f 517 2089 300
f 517 300 515
f 518 517 515
f 518 515 520
f 519 518 520
f 519 520 514
f 4600 519 514
f 4600 514 3909
f 541 4600 3909
f 541 3909 540
f 542 541 540
f 542 540 280
f 539 538 541
f 539 541 542
f 2009 4579 538
f 2009 538 539
f 536 537 4579
f 536 4579 2009
f 535 534 537
f 535 537 536
f 540 3909 9267
f 540 9267 4580
f 3909 514 4575
f 3909 4575 9267
f 514 520 606
f 514 606 4575
f 520 515 608
f 520 608 606
f 4580 9267 4602
f 4580 4602 543
f 9267 4575 522
f 9267 522 4602
f 4575 606 525
f 4575 525 522
f 606 608 521
f 606 521 525
f 543 4602 640
f 543 640 546
f 4602 522 523
f 4602 523 640
f 522 525 524
f 522 524 523
f 525 521 526
f 525 526 524
f 546 640 4662
f 546 4662 4581
f 640 523 4576
f 640 4576 4662
f 523 524 4577
f 523 4577 4576
f 524 526 596
f 524 596 4577
f 4581 4662 3911
f 4581 3911 3912
f 4662 4576 528
f 4662 528 3911
f 4576 4577 527
f 4576 527 528
f 4577 596 3910
f 4577 3910 527
f 515 300 2090
f 515 2090 608
f 608 2090 2091
f 608 2091 521
f 521 2091 592
f 521 592 526
f 526 592 2092
f 526 2092 596
f 596 2092 301
f 596 301 3910
f 637 4581 3912
f 637 3912 281
f 545 546 4581
f 545 4581 637
f 544 543 546
f 544 546 545
f 2010 4580 543
f 2010 543 544
f 280 540 4580
f 280 4580 2010
f 547 4610 9270
f 547 9270 9269
f 4610 529 9271
f 4610 9271 9270
f 529 530 9272
f 529 9272 9271
f 530 9268 9273
f 530 9273 9272
f 9269 9270 9275
f 9269 9275 9274
f 9270 9271 9276
f 9270 9276 9275
f 9271 9272 9277
f 9271 9277 9276
f 9272 9273 9278
f 9272 9278 9277
f 9274 9275 9280
f 9274 9280 9279
f 9275 9276 9281
f 9275 9281 9280
f 9276 9277 9282
f 9276 9282 9281
f 9277 9278 9283
f 9277 9283 9282
f 9279 9280 9285
f 9279 9285 9284
f 9280 9281 9286
f 9280 9286 9285
f 9281 9282 9287
f 9281 9287 9286
f 9282 9283 9288
f 9282 9288 9287
f 281 3912 547
f 281 547 548
f 3912 3911 4610
f 3912 4610 547
f 3911 528 529
f 3911 529 4610
f 528 527 530
f 528 530 529
f 527 3910 9268
f 527 9268 530
f 3910 301 2093
f 3910 2093 9268
f 9268 2093 2094
f 9268 2094 9273
f 9273 2094 2095
f 9273 2095 9278
f 9278 2095 2096
f 9278 2096 9283
f 9283 2096 2097
f 9283 2097 9288
f 9288 2097 302
f 9288 302 3913
f 9287 9288 3913
f 9287 3913 3914
f 9286 9287 3914
f 9286 3914 3915
f 9285 9286 3915
f 9285 3915 3916
f 9284 9285 3916
f 9284 3916 3917
f 2013 9284 3917
f 2013 3917 282
f 2012 9279 9284
f 2012 9284 2013
f 2011 9274 9279
f 2011 9279 2012
f 549 9269 9274
f 549 9274 2011
f 548 547 9269
f 548 9269 549
f 3917 3916 9290
f 3917 9290 9289
f 3916 3915 9291
f 3916 9291 9290
f 3915 3914 9292
f 3915 9292 9291
f 3914 3913 9293
f 3914 9293 9292
f 9289 9290 9295
f 9289 9295 9294
f 9290 9291 9296
f 9290 9296 9295
f 9291 9292 9297
f 9291 9297 9296
f 9292 9293 9298
f 9292 9298 9297
f 9294 9295 9300
f 9294 9300 9299
f 9295 9296 9301
f 9295 9301 9300
f 9296 9297 9302
f 9296 9302 9301
f 9297 9298 9303
f 9297 9303 9302
f 9299 9300 9305
f 9299 9305 9304
f 9300 9301 9306
f 9300 9306 9305
f 9301 9302 9307
f 9301 9307 9306
f 9302 9303 9308
f 9302 9308 9307
f 9304 9305 3921
f 9304 3921 3922
f 9305 9306 3920
f 9305 3920 3921
f 9306 9307 3919
f 9306 3919 3920
f 9307 9308 3918
f 9307 3918 3919
f 3913 302 2098
f 3913 2098 9293
f 9293 2098 2099
f 9293 2099 9298
f 9298 2099 2100
f 9298 2100 9303
f 9303 2100 2101
f 9303 2101 9308
f 9308 2101 303
f 9308 303 3918
f 2017 9304 3922
f 2017 3922 283
f 2016 9299 9304
f 2016 9304 2017
f 2015 9294 9299
f 2015 9299 2016
f 2014 9289 9294
f 2014 9294 2015
f 282 3917 9289
f 282 9289 2014
f 3922 3921 9310
f 3922 9310 9309
f 3921 3920 9311
f 3921 9311 9310
f 3920 3919 9312
f 3920 9312 9311
f 3919 3918 9313
f 3919 9313 9312
f 9309 9310 9315
f 9309 9315 9314
f 9310 9311 9316
f 9310 9316 9315
f 9311 9312 9317
f 9311 9317 9316
f 9312 9313 9318
f 9312 9318 9317
f 9314 9315 9320
f 9314 9320 9319
f 9315 9316 9321
f 9315 9321 9320
f 9316 9317 9322
f 9316 9322 9321
f 9317 9318 9323
f 9317 9323 9322
f 9319 9320 9325
f 9319 9325 9324
f 9320 9321 9326
f 9320 9326 9325
f 9321 9322 9327
f 9321 9327 9326
f 9322 9323 9328
f 9322 9328 9327
f 9324 9325 9330
f 9324 9330 9329
f 9325 9326 9331
f 9325 9331 9330
f 9326 9327 9332
f 9326 9332 9331
f 9327 9328 9333
f 9327 9333 9332
f 3918 303 2102
f 3918 2102 9313
f 9313 2102 2103
f 9313 2103 9318
f 9318 2103 2104
f 9318 2104 9323
f 9323 2104 2105
f 9323 2105 9328
f 9328 2105 2106
f 9328 2106 9333
f 9333 2106 304
f 9333 304 3923
f 9332 9333 3923
f 9332 3923 3924
f 9331 9332 3924
f 9331 3924 3925
f 9330 9331 3925
f 9330 3925 3926
f 9329 9330 3926
f 9329 3926 3927
f 2022 9329 3927
f 2022 3927 284
f 2021 9324 9329
f 2021 9329 2022
f 2020 9319 9324
f 2020 9324 2021
f 2019 9314 9319
f 2019 9319 2020
f 2018 9309 9314
f 2018 9314 2019
f 283 3922 9309
f 283 9309 2018
f 3927 3926 9335
f 3927 9335 9334
f 3926 3925 9336
f 3926 9336 9335
f 3925 3924 9337
f 3925 9337 9336
f 3924 3923 9338
f 3924 9338 9337
f 9334 9335 9340
f 9334 9340 9339
f 9335 9336 9341
f 9335 9341 9340
f 9336 9337 9342
f 9336 9342 9341
f 9337 9338 9343
f 9337 9343 9342
f 9339 9340 9345
f 9339 9345 9344
f 9340 9341 9346
f 9340 9346 9345
f 9341 9342 9347
f 9341 9347 9346
f 9342 9343 9348
f 9342 9348 9347
f 9344 9345 9350
f 9344 9350 9349
f 9345 9346 9351
f 9345 9351 9350
f 9346 9347 9352
f 9346 9352 9351
f 9347 9348 9353
f 9347 9353 9352
f 9349 9350 3931
f 9349 3931 3932
f 9350 9351 3930
f 9350 3930 3931
f 9351 9352 3929
f 9351 3929 3930
f 9352 9353 3928
f 9352 3928 3929
f 3923 304 2107
f 3923 2107 9338
f 9338 2107 2108
f 9338 2108 9343
f 9343 2108 2109
f 9343 2109 9348
f 9348 2109 2110
f 9348 2110 9353
f 9353 2110 305
f 9353 305 3928
f 2026 9349 3932
f 2026 3932 285
f 2025 9344 9349
f 2025 9349 2026
f 2024 9339 9344
f 2024 9344 2025
f 2023 9334 9339
f 2023 9339 2024
f 284 3927 9334
f 284 9334 2023
f 3932 3931 9355
f 3932 9355 9354
f 3931 3930 9356
f 3931 9356 9355
f 3930 3929 9357
f 3930 9357 9356
f 3929 3928 9358
f 3929 9358 9357
f 9354 9355 9360
f 9354 9360 9359
f 9355 9356 9361
f 9355 9361 9360
f 9356 9357 9362
f 9356 9362 9361
f 9357 9358 9363
f 9357 9363 9362
f 9359 9360 9365
f 9359 9365 9364
f 9360 9361 9366
f 9360 9366 9365
f 9361 9362 9367
f 9361 9367 9366
f 9362 9363 9368
f 9362 9368 9367
f 9364 9365 9370
f 9364 9370 9369
f 9365 9366 9371
f 9365 9371 9370
f 9366 9367 9372
f 9366 9372 9371
f 9367 9368 9373
f 9367 9373 9372
f 9369 9370 9375
f 9369 9375 9374
f 9370 9371 9376
f 9370 9376 9375
f 9371 9372 9377
f 9371 9377 9376
f 9372 9373 9378
f 9372 9378 9377
f 3928 305 2111
f 3928 2111 9358
f 9358 2111 2112
f 9358 2112 9363
f 9363 2112 2113
f 9363 2113 9368
f 9368 2113 2114
f 9368 2114 9373
f 9373 2114 2115
f 9373 2115 9378
f 9378 2115 306
f 9378 306 3933
f 9377 9378 3933
f 9377 3933 3934
f 9376 9377 3934
f 9376 3934 3935
f 9375 9376 3935
f 9375 3935 3936
f 9374 9375 3936
f 9374 3936 3937
f 2031 9374 3937
f 2031 3937 286
f 2030 9369 9374
f 2030 9374 2031
f 2029 9364 9369
f 2029 9369 2030
f 2028 9359 9364
f 2028 9364 2029
f 2027 9354 9359
f 2027 9359 2028
f 285 3932 9354
f 285 9354 2027
f 3937 3936 4803
f 3937 4803 4802
f 3936 3935 4804
f 3936 4804 4803
f 3935 3934 4805
f 3935 4805 4804
f 3934 3933 4806
f 3934 4806 4805
f 4802 4803 9380
f 4802 9380 9379
f 4803 4804 9381
f 4803 9381 9380
f 4804 4805 9382
f 4804 9382 9381
f 4805 4806 9383
f 4805 9383 9382
f 9379 9380 9385
f 9379 9385 9384
f 9380 9381 9386
f 9380 9386 9385
f 9381 9382 9387
f 9381 9387 9386
f 9382 9383 9388
f 9382 9388 9387
f 9384 9385 9390
f 9384 9390 9389
f 9385 9386 9391
f 9385 9391 9390
f 9386 9387 9392
f 9386 9392 9391
f 9387 9388 9393
f 9387 9393 9392
f 9389 9390 3941
f 9389 3941 3942
f 9390 9391 3940
f 9390 3940 3941
f 9391 9392 3939
f 9391 3939 3940
f 9392 9393 3938
f 9392 3938 3939
f 3933 306 663
f 3933 663 4806
f 4806 663 2116
f 4806 2116 9383
f 9383 2116 2117
f 9383 2117 9388
f 9388 2117 2118
f 9388 2118 9393
f 9393 2118 307
f 9393 307 3938
f 2034 9389 3942
f 2034 3942 287
f 2033 9384 9389
f 2033 9389 2034
f 2032 9379 9384
f 2032 9384 2033
f 665 4802 9379
f 665 9379 2032
f 286 3937 4802
f 286 4802 665
f 3942 3941 9395
f 3942 9395 9394
f 3941 3940 9396
f 3941 9396 9395
f 3940 3939 9397
f 3940 9397 9396
f 3939 3938 9398
f 3939 9398 9397
f 9394 9395 9400
f 9394 9400 9399
f 9395 9396 9401
f 9395 9401 9400
f 9396 9397 9402
f 9396 9402 9401
f 9397 9398 9403
f 9397 9403 9402
f 9399 9400 9405
f 9399 9405 9404
f 9400 9401 9406
f 9400 9406 9405
f 9401 9402 9407
f 9401 9407 9406
f 9402 9403 9408
f 9402 9408 9407
f 9404 9405 9410
f 9404 9410 9409
f 9405 9406 9411
f 9405 9411 9410
f 9406 9407 9412
f 9406 9412 9411
f 9407 9408 9413
f 9407 9413 9412
f 9409 9410 9415
f 9409 9415 9414
f 9410 9411 9416
f 9410 9416 9415
f 9411 9412 9417
f 9411 9417 9416
f 9412 9413 9418
f 9412 9418 9417
f 3938 307 2119
f 3938 2119 9398
f 9398 2119 2120
f 9398 2120 9403
f 9403 2120 2121
f 9403 2121 9408
f 9408 2121 2122
f 9408 2122 9413
f 9413 2122 2123
f 9413 2123 9418
f 9418 2123 308
f 9418 308 3943
f 9417 9418 3943
f 9417 3943 3944
f 9416 9417 3944
f 9416 3944 3945
f 9415 9416 3945
f 9415 3945 3946
f 9414 9415 3946
f 9414 3946 3947
f 2039 9414 3947
f 2039 3947 288
f 2038 9409 9414
f 2038 9414 2039
f 2037 9404 9409
f 2037 9409 2038
f 2036 9399 9404
f 2036 9404 2037
f 2035 9394 9399
f 2035 9399 2036
f 287 3942 9394
f 287 9394 2035
f 3947 3946 9420
f 3947 9420 9419
f 3946 3945 9421
f 3946 9421 9420
f 3945 3944 9422
f 3945 9422 9421
f 3944 3943 9423
f 3944 9423 9422
f 9419 9420 9425
f 9419 9425 9424
f 9420 9421 9426
f 9420 9426 9425
f 9421 9422 9427
f 9421 9427 9426
f 9422 9423 9428
f 9422 9428 9427
f 9424 9425 9430
f 9424 9430 9429
f 9425 9426 9431
f 9425 9431 9430
f 9426 9427 9432
f 9426 9432 9431
f 9427 9428 9433
f 9427 9433 9432
f 9429 9430 9435
f 9429 9435 9434
f 9430 9431 9436
f 9430 9436 9435
f 9431 9432 9437
f 9431 9437 9436
f 9432 9433 9438
f 9432 9438 9437
f 9434 9435 3951
f 9434 3951 3952
f 9435 9436 3950
f 9435 3950 3951
f 9436 9437 3949
f 9436 3949 3950
f 9437 9438 3948
f 9437 3948 3949
f 3943 308 2124
f 3943 2124 9423
f 9423 2124 2125
f 9423 2125 9428
f 9428 2125 2126
f 9428 2126 9433
f 9433 2126 2127
f 9433 2127 9438
f 9438 2127 309
f 9438 309 3948
f 2043 9434 3952
f 2043 3952 289
f 2042 9429 9434
f 2042 9434 2043
f 2041 9424 9429
f 2041 9429 2042
f 2040 9419 9424
f 2040 9424 2041
f 288 3947 9419
f 288 9419 2040
f 3952 3951 9440
f 3952 9440 9439
f 3951 3950 9441
f 3951 9441 9440
f 3950 3949 9442
f 3950 9442 9441
f 3949 3948 9443
f 3949 9443 9442
f 9439 9440 9445
f 9439 9445 9444
f 9440 9441 9446
f 9440 9446 9445
f 9441 9442 9447
f 9441 9447 9446
f 9442 9443 9448
f 9442 9448 9447
f 9444 9445 9450
f 9444 9450 9449
f 9445 9446 9451
f 9445 9451 9450
f 9446 9447 9452
f 9446 9452 9451
f 9447 9448 9453
f 9447 9453 9452
f 9449 9450 9455
f 9449 9455 9454
f 9450 9451 9456
f 9450 9456 9455
f 9451 9452 9457
f 9451 9457 9456
f 9452 9453 9458
f 9452 9458 9457
f 9454 9455 3956
f 9454 3956 3957
f 9455 9456 3955
f 9455 3955 3956
f 9456 9457 3954
f 9456 3954 3955
f 9457 9458 3953
f 9457 3953 3954
f 3948 309 2128
f 3948 2128 9443
f 9443 2128 2129
f 9443 2129 9448
f 9448 2129 2130
f 9448 2130 9453
f 9453 2130 2131
f 9453 2131 9458
f 9458 2131 310
f 9458 310 3953
f 2047 9454 3957
f 2047 3957 290
f 2046 9449 9454
f 2046 9454 2047
f 2045 9444 9449
f 2045 9449 2046
f 2044 9439 9444
f 2044 9444 2045
f 289 3952 9439
f 289 9439 2044
f 9459 9460 9465
f 9459 9465 9464
f 9460 9461 9466
f 9460 9466 9465
f 9461 9462 9467
f 9461 9467 9466
f 9462 9463 9468
f 9462 9468 9467
f 9464 9465 9470
f 9464 9470 9469
f 9465 9466 9471
f 9465 9471 9470
f 9466 9467 9472
f 9466 9472 9471
f 9467 9468 9473
f 9467 9473 9472
f 9469 9470 9475
f 9469 9475 9474
f 9470 9471 9476
f 9470 9476 9475
f 9471 9472 9477
f 9471 9477 9476
f 9472 9473 9478
f 9472 9478 9477
f 9474 9475 9480
f 9474 9480 9479
f 9475 9476 9481
f 9475 9481 9480
f 9476 9477 9482
f 9476 9482 9481
f 9477 9478 9483
f 9477 9483 9482
f 9479 9480 3961
f 9479 3961 3962
f 9480 9481 3960
f 9480 3960 3961
f 9481 9482 3959
f 9481 3959 3960
f 9482 9483 3958
f 9482 3958 3959
f 290 3957 9459
f 290 9459 2048
f 3957 3956 9460
f 3957 9460 9459
f 3956 3955 9461
f 3956 9461 9460
f 3955 3954 9462
f 3955 9462 9461
f 3954 3953 9463
f 3954 9463 9462
f 3953 310 2132
f 3953 2132 9463
f 9463 2132 2133
f 9463 2133 9468
f 9468 2133 2134
f 9468 2134 9473
f 9473 2134 2135
f 9473 2135 9478
f 9478 2135 2136
f 9478 2136 9483
f 9483 2136 311
f 9483 311 3958
f 2052 9479 3962
f 2052 3962 291
f 2051 9474 9479
f 2051 9479 2052
f 2050 9469 9474
f 2050 9474 2051
f 2049 9464 9469
f 2049 9469 2050
f 2048 9459 9464
f 2048 9464 2049
f 3962 3961 9485
f 3962 9485 9484
f 3961 3960 9486
f 3961 9486 9485
f 3960 3959 9487
f 3960 9487 9486
f 3959 3958 9488
f 3959 9488 9487
f 9484 9485 9490
f 9484 9490 9489
f 9485 9486 9491
f 9485 9491 9490
f 9486 9487 9492
f 9486 9492 9491
f 9487 9488 9493
f 9487 9493 9492
f 9489 9490 4808
f 9489 4808 4807
f 9490 9491 4809
f 9490 4809 4808
f 9491 9492 4810
f 9491 4810 4809
f 9492 9493 4811
f 9492 4811 4810
f 4807 4808 9495
f 4807 9495 9494
f 4808 4809 9496
f 4808 9496 9495
f 4809 4810 9497
f 4809 9497 9496
f 4810 4811 9498
f 4810 9498 9497
f 9494 9495 3966
f 9494 3966 3967
f 9495 9496 3965
f 9495 3965 3966
f 9496 9497 3964
f 9496 3964 3965
f 9497 9498 3963
f 9497 3963 3964
f 3958 311 2137
f 3958 2137 9488
f 9488 2137 2138
f 9488 2138 9493
f 9493 2138 664
f 9493 664 4811
f 4811 664 2139
f 4811 2139 9498
f 9498 2139 312
f 9498 312 3963
f 2055 9494 3967
f 2055 3967 292
f 666 4807 9494
f 666 9494 2055
f 2054 9489 4807
f 2054 4807 666
f 2053 9484 9489
f 2053 9489 2054
f 291 3962 9484
f 291 9484 2053
f 9499 9500 9505
f 9499 9505 9504
f 9500 9501 9506
f 9500 9506 9505
f 9501 9502 9507
f 9501 9507 9506
f 9502 9503 9508
f 9502 9508 9507
f 9504 9505 9510
f 9504 9510 9509
f 9505 9506 9511
f 9505 9511 9510
f 9506 9507 9512
f 9506 9512 9511
f 9507 9508 9513
f 9507 9513 9512
f 9509 9510 9515
f 9509 9515 9514
f 9510 9511 9516
f 9510 9516 9515
f 9511 9512 9517
f 9511 9517 9516
f 9512 9513 9518
f 9512 9518 9517
f 9514 9515 9520
f 9514 9520 9519
f 9515 9516 9521
f 9515 9521 9520
f 9516 9517 9522
f 9516 9522 9521
f 9517 9518 9523
f 9517 9523 9522
f 9519 9520 3971
f 9519 3971 3972
f 9520 9521 3970
f 9520 3970 3971
f 9521 9522 3969
f 9521 3969 3970
f 9522 9523 3968
f 9522 3968 3969
f 292 3967 9499
f 292 9499 2056
f 3967 3966 9500
f 3967 9500 9499
f 3966 3965 9501
f 3966 9501 9500
f 3965 3964 9502
f 3965 9502 9501
f 3964 3963 9503
f 3964 9503 9502
f 3963 312 2140
f 3963 2140 9503
f 9503 2140 2141
f 9503 2141 9508
f 9508 2141 2142
f 9508 2142 9513
f 9513 2142 2143
f 9513 2143 9518
f 9518 2143 2144
f 9518 2144 9523
f 9523 2144 313
f 9523 313 3968
f 2060 9519 3972
f 2060 3972 293
f 2059 9514 9519
f 2059 9519 2060
f 2058 9509 9514
f 2058 9514 2059
f 2057 9504 9509
f 2057 9509 2058
f 2056 9499 9504
f 2056 9504 2057
f 3972 3971 9525
f 3972 9525 9524
f 3971 3970 9526
f 3971 9526 9525
f 3970 3969 9527
f 3970 9527 9526
f 3969 3968 9528
f 3969 9528 9527
f 9524 9525 9530
f 9524 9530 9529
f 9525 9526 9531
f 9525 9531 9530
f 9526 9527 9532
f 9526 9532 9531
f 9527 9528 9533
f 9527 9533 9532
f 9529 9530 9535
f 9529 9535 9534
f 9530 9531 9536
f 9530 9536 9535
f 9531 9532 9537
f 9531 9537 9536
f 9532 9533 9538
f 9532 9538 9537
f 9534 9535 9540
f 9534 9540 9539
f 9535 9536 9541
f 9535 9541 9540
f 9536 9537 9542
f 9536 9542 9541
f 9537 9538 9543
f 9537 9543 9542
f 9539 9540 3976
f 9539 3976 3977
f 9540 9541 3975
f 9540 3975 3976
f 9541 9542 3974
f 9541 3974 3975
f 9542 9543 3973
f 9542 3973 3974
f 3968 313 2145
f 3968 2145 9528
f 9528 2145 2146
f 9528 2146 9533
f 9533 2146 2147
f 9533 2147 9538
f 9538 2147 2148
f 9538 2148 9543
f 9543 2148 314
f 9543 314 3973
f 2064 9539 3977
f 2064 3977 294
f 2063 9534 9539
f 2063 9539 2064
f 2062 9529 9534
f 2062 9534 2063
f 2061 9524 9529
f 2061 9529 2062
f 293 3972 9524
f 293 9524 2061
f 26 822 9544
f 26 9544 1905
f 822 821 9545
f 822 9545 9544
f 821 820 9546
f 821 9546 9545
f 820 819 9547
f 820 9547 9546
f 819 25 1990
f 819 1990 9547
f 1905 9544 9548
f 1905 9548 1906
f 9544 9545 9549
f 9544 9549 9548
f 9545 9546 9550
f 9545 9550 9549
f 9546 9547 9551
f 9546 9551 9550
f 9547 1990 1991
f 9547 1991 9551
f 1906 9548 9552
f 1906 9552 1907
f 9548 9549 9553
f 9548 9553 9552
f 9549 9550 9554
f 9549 9554 9553
f 9550 9551 9555
f 9550 9555 9554
f 9551 1991 1992
f 9551 1992 9555
f 1907 9552 3981
f 1907 3981 255
f 9552 9553 3980
f 9552 3980 3981
f 9553 9554 3979
f 9553 3979 3980
f 9554 9555 3978
f 9554 3978 3979
f 9555 1992 275
f 9555 275 3978
f 1908 9556 9560
f 1908 9560 1909
f 9556 9557 9561
f 9556 9561 9560
f 9557 9558 9562
f 9557 9562 9561
f 9558 9559 9563
f 9558 9563 9562
f 9559 1993 1994
f 9559 1994 9563
f 1909 9560 9564
f 1909 9564 1910
f 9560 9561 9565
f 9560 9565 9564
f 9561 9562 9566
f 9561 9566 9565
f 9562 9563 9567
f 9562 9567 9566
f 9563 1994 1995
f 9563 1995 9567
f 1910 9564 9568
f 1910 9568 1911
f 9564 9565 9569
f 9564 9569 9568
f 9565 9566 9570
f 9565 9570 9569
f 9566 9567 9571
f 9566 9571 9570
f 9567 1995 1996
f 9567 1996 9571
f 1911 9568 9572
f 1911 9572 1912
f 9568 9569 9573
f 9568 9573 9572
f 9569 9570 9574
f 9569 9574 9573
f 9570 9571 9575
f 9570 9575 9574
f 9571 1996 1997
f 9571 1997 9575
f 1912 9572 3985
f 1912 3985 256
f 9572 9573 3984
f 9572 3984 3985
f 9573 9574 3983
f 9573 3983 3984
f 9574 9575 3982
f 9574 3982 3983
f 9575 1997 276
f 9575 276 3982
f 255 3981 9556
f 255 9556 1908
f 3981 3980 9557
f 3981 9557 9556
f 3980 3979 9558
f 3980 9558 9557
f 3979 3978 9559
f 3979 9559 9558
f 3978 275 1993
f 3978 1993 9559
f 256 3985 9576
f 256 9576 1913
f 3985 3984 9577
f 3985 9577 9576
f 3984 3983 9578
f 3984 9578 9577
f 3983 3982 9579
f 3983 9579 9578
f 3982 276 1998
f 3982 1998 9579
f 1913 9576 9580
f 1913 9580 1914
f 9576 9577 9581
f 9576 9581 9580
f 9577 9578 9582
f 9577 9582 9581
f 9578 9579 9583
f 9578 9583 9582
f 9579 1998 1999
f 9579 1999 9583
f 1914 9580 9584
f 1914 9584 1915
f 9580 9581 9585
f 9580 9585 9584
f 9581 9582 9586
f 9581 9586 9585
f 9582 9583 9587
f 9582 9587 9586
f 9583 1999 2000
f 9583 2000 9587
f 1915 9584 9588
f 1915 9588 1916
f 9584 9585 9589
f 9584 9589 9588
f 9585 9586 9590
f 9585 9590 9589
f 9586 9587 9591
f 9586 9591 9590
f 9587 2000 2001
f 9587 2001 9591
f 1916 9588 3989
f 1916 3989 257
f 9588 9589 3988
f 9588 3988 3989
f 9589 9590 3987
f 9589 3987 3988
f 9590 9591 3986
f 9590 3986 3987
f 9591 2001 277
f 9591 277 3986
f 1917 9592 9596
f 1917 9596 1918
f 9592 9593 9597
f 9592 9597 9596
f 9593 9594 9598
f 9593 9598 9597
f 9594 9595 9599
f 9594 9599 9598
f 9595 2002 2003
f 9595 2003 9599
f 1918 9596 9600
f 1918 9600 1919
f 9596 9597 9601
f 9596 9601 9600
f 9597 9598 9602
f 9597 9602 9601
f 9598 9599 9603
f 9598 9603 9602
f 9599 2003 2004
f 9599 2004 9603
f 1919 9600 9604
f 1919 9604 1920
f 9600 9601 9605
f 9600 9605 9604
f 9601 9602 9606
f 9601 9606 9605
f 9602 9603 9607
f 9602 9607 9606
f 9603 2004 2005
f 9603 2005 9607
f 1920 9604 9608
f 1920 9608 1921
f 9604 9605 9609
f 9604 9609 9608
f 9605 9606 9610
f 9605 9610 9609
f 9606 9607 9611
f 9606 9611 9610
f 9607 2005 2006
f 9607 2006 9611
f 257 3989 9592
f 257 9592 1917
f 3989 3988 9593
f 3989 9593 9592
f 3988 3987 9594
f 3988 9594 9593
f 3987 3986 9595
f 3987 9595 9594
f 3986 277 2002
f 3986 2002 9595
f 9611 2006 278
f 9611 278 3990
f 9610 9611 3990
f 9610 3990 3991
f 9609 9610 3991
f 9609 3991 3992
f 9608 9609 3992
f 9608 3992 3993
f 1921 9608 3993
f 1921 3993 258
f 258 3993 9612
f 258 9612 1922
f 3993 3992 9613
f 3993 9613 9612
f 3992 3991 9614
f 3992 9614 9613
f 3991 3990 9615
f 3991 9615 9614
f 3990 278 2007
f 3990 2007 9615
f 1922 9612 9616
f 1922 9616 1923
f 9612 9613 9617
f 9612 9617 9616
f 9613 9614 9618
f 9613 9618 9617
f 9614 9615 9619
f 9614 9619 9618
f 9615 2007 533
f 9615 533 9619
f 1923 9616 9620
f 1923 9620 1924
f 9616 9617 551
f 9616 551 9620
f 9617 9618 550
f 9617 550 551
f 9618 9619 4607
f 9618 4607 550
f 9619 533 532
f 9619 532 4607
f 1924 9620 4606
f 1924 4606 1925
f 9620 551 552
f 9620 552 4606
f 551 550 4572
f 551 4572 552
f 550 4607 6902
f 550 6902 4572
f 4607 532 2008
f 4607 2008 6902
f 1925 4606 3997
f 1925 3997 259
f 4606 552 3996
f 4606 3996 3997
f 552 4572 3995
f 552 3995 3996
f 4572 6902 3994
f 4572 3994 3995
f 6902 2008 279
f 6902 279 3994
f 1926 554 555
f 1926 555 1927
f 554 553 556
f 554 556 555
f 553 617 4589
f 553 4589 556
f 617 4591 4590
f 617 4590 4589
f 4591 535 536
f 4591 536 4590
f 1927 555 623
f 1927 623 1928
f 555 556 4582
f 555 4582 623
f 556 4589 9621
f 556 9621 4582
f 4589 4590 9622
f 4589 9622 9621
f 4590 536 2009
f 4590 2009 9622
f 1928 623 558
f 1928 558 1929
f 623 4582 557
f 623 557 558
f 4582 9621 4595
f 4582 4595 557
f 9621 9622 4594
f 9621 4594 4595
f 9622 2009 539
f 9622 539 4594
f 1929 558 562
f 1929 562 1930
f 558 557 561
f 558 561 562
f 557 4595 4593
f 557 4593 561
f 4595 4594 4592
f 4595 4592 4593
f 4594 539 542
f 4594 542 4592
f 259 3997 554
f 259 554 1926
f 3997 3996 553
f 3997 553 554
f 3996 3995 617
f 3996 617 553
f 3995 3994 4591
f 3995 4591 617
f 3994 279 535
f 3994 535 4591
f 4592 542 280
f 4592 280 3998
f 4593 4592 3998
f 4593 3998 3999
f 561 4593 3999
f 561 3999 560
f 562 561 560
f 562 560 559
f 1930 562 559
f 1930 559 260
f 260 559 629
f 260 629 1931
f 559 560 4583
f 559 4583 629
f 560 3999 9623
f 560 9623 4583
f 3999 3998 9624
f 3999 9624 9623
f 3998 280 2010
f 3998 2010 9624
f 1931 629 564
f 1931 564 1932
f 629 4583 563
f 629 563 564
f 4583 9623 4598
f 4583 4598 563
f 9623 9624 4597
f 9623 4597 4598
f 9624 2010 544
f 9624 544 4597
f 1932 564 565
f 1932 565 1933
f 564 563 566
f 564 566 565
f 563 4598 634
f 563 634 566
f 4598 4597 4596
f 4598 4596 634
f 4597 544 545
f 4597 545 4596
f 1933 565 4584
f 1933 4584 597
f 565 566 4585
f 565 4585 4584
f 566 634 4586
f 566 4586 4585
f 634 4596 4652
f 634 4652 4586
f 4596 545 637
f 4596 637 4652
f 597 4584 4001
f 597 4001 261
f 4584 4585 568
f 4584 568 4001
f 4585 4586 567
f 4585 567 568
f 4586 4652 4000
f 4586 4000 567
f 4652 637 281
f 4652 281 4000
f 1934 9625 9626
f 1934 9626 1935
f 9625 569 9627
f 9625 9627 9626
f 569 570 9628
f 569 9628 9627
f 570 4608 9629
f 570 9629 9628
f 4608 548 549
f 4608 549 9629
f 1935 9626 9630
f 1935 9630 1936
f 9626 9627 9631
f 9626 9631 9630
f 9627 9628 9632
f 9627 9632 9631
f 9628 9629 9633
f 9628 9633 9632
f 9629 549 2011
f 9629 2011 9633
f 1936 9630 9634
f 1936 9634 1937
f 9630 9631 9635
f 9630 9635 9634
f 9631 9632 9636
f 9631 9636 9635
f 9632 9633 9637
f 9632 9637 9636
f 9633 2011 2012
f 9633 2012 9637
f 1937 9634 9638
f 1937 9638 1938
f 9634 9635 9639
f 9634 9639 9638
f 9635 9636 9640
f 9635 9640 9639
f 9636 9637 9641
f 9636 9641 9640
f 9637 2012 2013
f 9637 2013 9641
f 261 4001 9625
f 261 9625 1934
f 4001 568 569
f 4001 569 9625
f 568 567 570
f 568 570 569
f 567 4000 4608
f 567 4608 570
f 4000 281 548
f 4000 548 4608
f 9641 2013 282
f 9641 282 4002
f 9640 9641 4002
f 9640 4002 4003
f 9639 9640 4003
f 9639 4003 4004
f 9638 9639 4004
f 9638 4004 4005
f 1938 9638 4005
f 1938 4005 262
f 262 4005 9642
f 262 9642 1939
f 4005 4004 9643
f 4005 9643 9642
f 4004 4003 9644
f 4004 9644 9643
f 4003 4002 9645
f 4003 9645 9644
f 4002 282 2014
f 4002 2014 9645
f 1939 9642 9646
f 1939 9646 1940
f 9642 9643 9647
f 9642 9647 9646
f 9643 9644 9648
f 9643 9648 9647
f 9644 9645 9649
f 9644 9649 9648
f 9645 2014 2015
f 9645 2015 9649
f 1940 9646 9650
f 1940 9650 1941
f 9646 9647 9651
f 9646 9651 9650
f 9647 9648 9652
f 9647 9652 9651
f 9648 9649 9653
f 9648 9653 9652
f 9649 2015 2016
f 9649 2016 9653
f 1941 9650 9654
f 1941 9654 1942
f 9650 9651 9655
f 9650 9655 9654
f 9651 9652 9656
f 9651 9656 9655
f 9652 9653 9657
f 9652 9657 9656
f 9653 2016 2017
f 9653 2017 9657
f 1942 9654 4009
f 1942 4009 263
f 9654 9655 4008
f 9654 4008 4009
f 9655 9656 4007
f 9655 4007 4008
f 9656 9657 4006
f 9656 4006 4007
f 9657 2017 283
f 9657 283 4006
f 263 4009 9658
f 263 9658 1943
f 4009 4008 9659
f 4009 9659 9658
f 4008 4007 9660
f 4008 9660 9659
f 4007 4006 9661
f 4007 9661 9660
f 4006 283 2018
f 4006 2018 9661
f 1943 9658 9662
f 1943 9662 1944
f 9658 9659 9663
f 9658 9663 9662
f 9659 9660 9664
f 9659 9664 9663
f 9660 9661 9665
f 9660 9665 9664
f 9661 2018 2019
f 9661 2019 9665
f 1944 9662 9666
f 1944 9666 1945
f 9662 9663 9667
f 9662 9667 9666
f 9663 9664 9668
f 9663 9668 9667
f 9664 9665 9669
f 9664 9669 9668
f 9665 2019 2020
f 9665 2020 9669
f 1945 9666 9670
f 1945 9670 1946
f 9666 9667 9671
f 9666 9671 9670
f 9667 9668 9672
f 9667 9672 9671
f 9668 9669 9673
f 9668 9673 9672
f 9669 2020 2021
f 9669 2021 9673
f 1946 9670 9674
f 1946 9674 1947
f 9670 9671 9675
f 9670 9675 9674
f 9671 9672 9676
f 9671 9676 9675
f 9672 9673 9677
f 9672 9677 9676
f 9673 2021 2022
f 9673 2022 9677
f 9677 2022 284
f 9677 284 4010
f 9676 9677 4010
f 9676 4010 4011
f 9675 9676 4011
f 9675 4011 4012
f 9674 9675 4012
f 9674 4012 4013
f 1947 9674 4013
f 1947 4013 264
f 264 4013 9678
f 264 9678 1948
f 4013 4012 9679
f 4013 9679 9678
f 4012 4011 9680
f 4012 9680 9679
f 4011 4010 9681
f 4011 9681 9680
f 4010 284 2023
f 4010 2023 9681
f 1948 9678 9682
f 1948 9682 1949
f 9678 9679 9683
f 9678 9683 9682
f 9679 9680 9684
f 9679 9684 9683
f 9680 9681 9685
f 9680 9685 9684
f 9681 2023 2024
f 9681 2024 9685
f 1949 9682 9686
f 1949 9686 1950
f 9682 9683 9687
f 9682 9687 9686
f 9683 9684 9688
f 9683 9688 9687
f 9684 9685 9689
f 9684 9689 9688
f 9685 2024 2025
f 9685 2025 9689
f 1950 9686 9690
f 1950 9690 1951
f 9686 9687 9691
f 9686 9691 9690
f 9687 9688 9692
f 9687 9692 9691
f 9688 9689 9693
f 9688 9693 9692
f 9689 2025 2026
f 9689 2026 9693
f 1951 9690 4017
f 1951 4017 265
f 9690 9691 4016
f 9690 4016 4017
f 9691 9692 4015
f 9691 4015 4016
f 9692 9693 4014
f 9692 4014 4015
f 9693 2026 285
f 9693 285 4014
f 265 4017 9694
f 265 9694 1952
f 4017 4016 9695
f 4017 9695 9694
f 4016 4015 9696
f 4016 9696 9695
f 4015 4014 9697
f 4015 9697 9696
f 4014 285 2027
f 4014 2027 9697
f 1952 9694 9698
f 1952 9698 1953
f 9694 9695 9699
f 9694 9699 9698
f 9695 9696 9700
f 9695 9700 9699
f 9696 9697 9701
f 9696 9701 9700
f 9697 2027 2028
f 9697 2028 9701
f 1953 9698 9702
f 1953 9702 1954
f 9698 9699 9703
f 9698 9703 9702
f 9699 9700 9704
f 9699 9704 9703
f 9700 9701 9705
f 9700 9705 9704
f 9701 2028 2029
f 9701 2029 9705
f 1954 9702 9706
f 1954 9706 1955
f 9702 9703 9707
f 9702 9707 9706
f 9703 9704 9708
f 9703 9708 9707
f 9704 9705 9709
f 9704 9709 9708
f 9705 2029 2030
f 9705 2030 9709
f 1955 9706 9710
f 1955 9710 1956
f 9706 9707 9711
f 9706 9711 9710
f 9707 9708 9712
f 9707 9712 9711
f 9708 9709 9713
f 9708 9713 9712
f 9709 2030 2031
f 9709 2031 9713
f 9713 2031 286
f 9713 286 4018
f 9712 9713 4018
f 9712 4018 4019
f 9711 9712 4019
f 9711 4019 4020
f 9710 9711 4020
f 9710 4020 4021
f 1956 9710 4021
f 1956 4021 266
f 266 4021 4794
f 266 4794 667
f 4021 4020 4795
f 4021 4795 4794
f 4020 4019 4796
f 4020 4796 4795
f 4019 4018 4797
f 4019 4797 4796
f 4018 286 665
f 4018 665 4797
f 667 4794 9714
f 667 9714 1957
f 4794 4795 9715
f 4794 9715 9714
f 4795 4796 9716
f 4795 9716 9715
f 4796 4797 9717
f 4796 9717 9716
f 4797 665 2032
f 4797 2032 9717
f 1957 9714 9718
f 1957 9718 1958
f 9714 9715 9719
f 9714 9719 9718
f 9715 9716 9720
f 9715 9720 9719
f 9716 9717 9721
f 9716 9721 9720
f 9717 2032 2033
f 9717 2033 9721
f 1958 9718 9722
f 1958 9722 1959
f 9718 9719 9723
f 9718 9723 9722
f 9719 9720 9724
f 9719 9724 9723
f 9720 9721 9725
f 9720 9725 9724
f 9721 2033 2034
f 9721 2034 9725
f 1959 9722 4025
f 1959 4025 267
f 9722 9723 4024
f 9722 4024 4025
f 9723 9724 4023
f 9723 4023 4024
f 9724 9725 4022
f 9724 4022 4023
f 9725 2034 287
f 9725 287 4022
f 267 4025 9726
f 267 9726 1960
f 4025 4024 9727
f 4025 9727 9726
f 4024 4023 9728
f 4024 9728 9727
f 4023 4022 9729
f 4023 9729 9728
f 4022 287 2035
f 4022 2035 9729
f 1960 9726 9730
f 1960 9730 1961
f 9726 9727 9731
f 9726 9731 9730
f 9727 9728 9732
f 9727 9732 9731
f 9728 9729 9733
f 9728 9733 9732
f 9729 2035 2036
f 9729 2036 9733
f 1961 9730 9734
f 1961 9734 1962
f 9730 9731 9735
f 9730 9735 9734
f 9731 9732 9736
f 9731 9736 9735
f 9732 9733 9737
f 9732 9737 9736
f 9733 2036 2037
f 9733 2037 9737
f 1962 9734 9738
f 1962 9738 1963
f 9734 9735 9739
f 9734 9739 9738
f 9735 9736 9740
f 9735 9740 9739
f 9736 9737 9741
f 9736 9741 9740
f 9737 2037 2038
f 9737 2038 9741
f 1963 9738 9742
f 1963 9742 1964
f 9738 9739 9743
f 9738 9743 9742
f 9739 9740 9744
f 9739 9744 9743
f 9740 9741 9745
f 9740 9745 9744
f 9741 2038 2039
f 9741 2039 9745
f 9745 2039 288
f 9745 288 4026
f 9744 9745 4026
f 9744 4026 4027
f 9743 9744 4027
f 9743 4027 4028
f 9742 9743 4028
f 9742 4028 4029
f 1964 9742 4029
f 1964 4029 268
f 268 4029 9746
f 268 9746 1965
f 4029 4028 9747
f 4029 9747 9746
f 4028 4027 9748
f 4028 9748 9747
f 4027 4026 9749
f 4027 9749 9748
f 4026 288 2040
f 4026 2040 9749
f 1965 9746 9750
f 1965 9750 1966
f 9746 9747 9751
f 9746 9751 9750
f 9747 9748 9752
f 9747 9752 9751
f 9748 9749 9753
f 9748 9753 9752
f 9749 2040 2041
f 9749 2041 9753
f 1966 9750 9754
f 1966 9754 1967
f 9750 9751 9755
f 9750 9755 9754
f 9751 9752 9756
f 9751 9756 9755
f 9752 9753 9757
f 9752 9757 9756
f 9753 2041 2042
f 9753 2042 9757
f 1967 9754 9758
f 1967 9758 1968
f 9754 9755 9759
f 9754 9759 9758
f 9755 9756 9760
f 9755 9760 9759
f 9756 9757 9761
f 9756 9761 9760
f 9757 2042 2043
f 9757 2043 9761
f 1968 9758 4033
f 1968 4033 269
f 9758 9759 4032
f 9758 4032 4033
f 9759 9760 4031
f 9759 4031 4032
f 9760 9761 4030
f 9760 4030 4031
f 9761 2043 289
f 9761 289 4030
f 269 4033 9762
f 269 9762 1969
f 4033 4032 9763
f 4033 9763 9762
f 4032 4031 9764
f 4032 9764 9763
f 4031 4030 9765
f 4031 9765 9764
f 4030 289 2044
f 4030 2044 9765
f 1969 9762 9766
f 1969 9766 1970
f 9762 9763 9767
f 9762 9767 9766
f 9763 9764 9768
f 9763 9768 9767
f 9764 9765 9769
f 9764 9769 9768
f 9765 2044 2045
f 9765 2045 9769
f 1970 9766 9770
f 1970 9770 1971
f 9766 9767 9771
f 9766 9771 9770
f 9767 9768 9772
f 9767 9772 9771
f 9768 9769 9773
f 9768 9773 9772
f 9769 2045 2046
f 9769 2046 9773
f 1971 9770 9774
f 1971 9774 1972
f 9770 9771 9775
f 9770 9775 9774
f 9771 9772 9776
f 9771 9776 9775
f 9772 9773 9777
f 9772 9777 9776
f 9773 2046 2047
f 9773 2047 9777
f 1972 9774 4037
f 1972 4037 270
f 9774 9775 4036
f 9774 4036 4037
f 9775 9776 4035
f 9775 4035 4036
f 9776 9777 4034
f 9776 4034 4035
f 9777 2047 290
f 9777 290 4034
f 1973 9778 9782
f 1973 9782 1974
f 9778 9779 9783
f 9778 9783 9782
f 9779 9780 9784
f 9779 9784 9783
f 9780 9781 9785
f 9780 9785 9784
f 9781 2048 2049
f 9781 2049 9785
f 1974 9782 9786
f 1974 9786 1975
f 9782 9783 9787
f 9782 9787 9786
f 9783 9784 9788
f 9783 9788 9787
f 9784 9785 9789
f 9784 9789 9788
f 9785 2049 2050
f 9785 2050 9789
f 1975 9786 9790
f 1975 9790 1976
f 9786 9787 9791
f 9786 9791 9790
f 9787 9788 9792
f 9787 9792 9791
f 9788 9789 9793
f 9788 9793 9792
f 9789 2050 2051
f 9789 2051 9793
f 1976 9790 9794
f 1976 9794 1977
f 9790 9791 9795
f 9790 9795 9794
f 9791 9792 9796
f 9791 9796 9795
f 9792 9793 9797
f 9792 9797 9796
f 9793 2051 2052
f 9793 2052 9797
f 1977 9794 4041
f 1977 4041 271
f 9794 9795 4040
f 9794 4040 4041
f 9795 9796 4039
f 9795 4039 4040
f 9796 9797 4038
f 9796 4038 4039
f 9797 2052 291
f 9797 291 4038
f 270 4037 9778
f 270 9778 1973
f 4037 4036 9779
f 4037 9779 9778
f 4036 4035 9780
f 4036 9780 9779
f 4035 4034 9781
f 4035 9781 9780
f 4034 290 2048
f 4034 2048 9781
f 271 4041 9798
f 271 9798 1978
f 4041 4040 9799
f 4041 9799 9798
f 4040 4039 9800
f 4040 9800 9799
f 4039 4038 9801
f 4039 9801 9800
f 4038 291 2053
f 4038 2053 9801
f 1978 9798 9802
f 1978 9802 1979
f 9798 9799 9803
f 9798 9803 9802
f 9799 9800 9804
f 9799 9804 9803
f 9800 9801 9805
f 9800 9805 9804
f 9801 2053 2054
f 9801 2054 9805
f 1979 9802 4798
f 1979 4798 668
f 9802 9803 4799
f 9802 4799 4798
f 9803 9804 4800
f 9803 4800 4799
f 9804 9805 4801
f 9804 4801 4800
f 9805 2054 666
f 9805 666 4801
f 668 4798 9806
f 668 9806 1980
f 4798 4799 9807
f 4798 9807 9806
f 4799 4800 9808
f 4799 9808 9807
f 4800 4801 9809
f 4800 9809 9808
f 4801 666 2055
f 4801 2055 9809
f 1980 9806 4045
f 1980 4045 272
f 9806 9807 4044
f 9806 4044 4045
f 9807 9808 4043
f 9807 4043 4044
f 9808 9809 4042
f 9808 4042 4043
f 9809 2055 292
f 9809 292 4042
f 1981 9810 9814
f 1981 9814 1982
f 9810 9811 9815
f 9810 9815 9814
f 9811 9812 9816
f 9811 9816 9815
f 9812 9813 9817
f 9812 9817 9816
f 9813 2056 2057
f 9813 2057 9817
f 1982 9814 9818
f 1982 9818 1983
f 9814 9815 9819
f 9814 9819 9818
f 9815 9816 9820
f 9815 9820 9819
f 9816 9817 9821
f 9816 9821 9820
f 9817 2057 2058
f 9817 2058 9821
f 1983 9818 9822
f 1983 9822 1984
f 9818 9819 9823
f 9818 9823 9822
f 9819 9820 9824
f 9819 9824 9823
f 9820 9821 9825
f 9820 9825 9824
f 9821 2058 2059
f 9821 2059 9825
f 1984 9822 9826
f 1984 9826 1985
f 9822 9823 9827
f 9822 9827 9826
f 9823 9824 9828
f 9823 9828 9827
f 9824 9825 9829
f 9824 9829 9828
f 9825 2059 2060
f 9825 2060 9829
f 1985 9826 4049
f 1985 4049 273
f 9826 9827 4048
f 9826 4048 4049
f 9827 9828 4047
f 9827 4047 4048
f 9828 9829 4046
f 9828 4046 4047
f 9829 2060 293
f 9829 293 4046
f 272 4045 9810
f 272 9810 1981
f 4045 4044 9811
f 4045 9811 9810
f 4044 4043 9812
f 4044 9812 9811
f 4043 4042 9813
f 4043 9813 9812
f 4042 292 2056
f 4042 2056 9813
f 273 4049 9830
f 273 9830 1986
f 4049 4048 9831
f 4049 9831 9830
f 4048 4047 9832
f 4048 9832 9831
f 4047 4046 9833
f 4047 9833 9832
f 4046 293 2061
f 4046 2061 9833
f 1986 9830 9834
f 1986 9834 1987
f 9830 9831 9835
f 9830 9835 9834
f 9831 9832 9836
f 9831 9836 9835
f 9832 9833 9837
f 9832 9837 9836
f 9833 2061 2062
f 9833 2062 9837
f 1987 9834 9838
f 1987 9838 1988
f 9834 9835 9839
f 9834 9839 9838
f 9835 9836 9840
f 9835 9840 9839
f 9836 9837 9841
f 9836 9841 9840
f 9837 2062 2063
f 9837 2063 9841
f 1988 9838 9842
f 1988 9842 1989
f 9838 9839 9843
f 9838 9843 9842
f 9839 9840 9844
f 9839 9844 9843
f 9840 9841 9845
f 9840 9845 9844
f 9841 2063 2064
f 9841 2064 9845
f 1989 9842 4053
f 1989 4053 274
f 9842 9843 4052
f 9842 4052 4053
f 9843 9844 4051
f 9843 4051 4052
f 9844 9845 4050
f 9844 4050 4051
f 9845 2064 294
f 9845 294 4050
f 827 826 9847
f 827 9847 9846
f 826 825 9848
f 826 9848 9847
f 825 824 9849
f 825 9849 9848
f 824 823 9850
f 824 9850 9849
f 9846 9847 9852
f 9846 9852 9851
f 9847 9848 9853
f 9847 9853 9852
f 9848 9849 9854
f 9848 9854 9853
f 9849 9850 9855
f 9849 9855 9854
f 9851 9852 9857
f 9851 9857 9856
f 9852 9853 9858
f 9852 9858 9857
f 9853 9854 9859
f 9853 9859 9858
f 9854 9855 9860
f 9854 9860 9859
f 9856 9857 4057
f 9856 4057 4058
f 9857 9858 4056
f 9857 4056 4057
f 9858 9859 4055
f 9858 4055 4056
f 9859 9860 4054
f 9859 4054 4055
f 823 26 1905
f 823 1905 9850
f 9850 1905 1906
f 9850 1906 9855
f 9855 1906 1907
f 9855 1907 9860
f 9860 1907 255
f 9860 255 4054
f 1819 9856 4058
f 1819 4058 235
f 1818 9851 9856
f 1818 9856 1819
f 1817 9846 9851
f 1817 9851 1818
f 27 827 9846
f 27 9846 1817
f 9861 9862 9867
f 9861 9867 9866
f 9862 9863 9868
f 9862 9868 9867
f 9863 9864 9869
f 9863 9869 9868
f 9864 9865 9870
f 9864 9870 9869
f 9866 9867 9872
f 9866 9872 9871
f 9867 9868 9873
f 9867 9873 9872
f 9868 9869 9874
f 9868 9874 9873
f 9869 9870 9875
f 9869 9875 9874
f 9871 9872 9877
f 9871 9877 9876
f 9872 9873 9878
f 9872 9878 9877
f 9873 9874 9879
f 9873 9879 9878
f 9874 9875 9880
f 9874 9880 9879
f 9876 9877 9882
f 9876 9882 9881
f 9877 9878 9883
f 9877 9883 9882
f 9878 9879 9884
f 9878 9884 9883
f 9879 9880 9885
f 9879 9885 9884
f 9881 9882 4062
f 9881 4062 4063
f 9882 9883 4061
f 9882 4061 4062
f 9883 9884 4060
f 9883 4060 4061
f 9884 9885 4059
f 9884 4059 4060
f 235 4058 9861
f 235 9861 1820
f 4058 4057 9862
f 4058 9862 9861
f 4057 4056 9863
f 4057 9863 9862
f 4056 4055 9864
f 4056 9864 9863
f 4055 4054 9865
f 4055 9865 9864
f 4054 255 1908
f 4054 1908 9865
f 9865 1908 1909
f 9865 1909 9870
f 9870 1909 1910
f 9870 1910 9875
f 9875 1910 1911
f 9875 1911 9880
f 9880 1911 1912
f 9880 1912 9885
f 9885 1912 256
f 9885 256 4059
f 1824 9881 4063
f 1824 4063 236
f 1823 9876 9881
f 1823 9881 1824
f 1822 9871 9876
f 1822 9876 1823
f 1821 9866 9871
f 1821 9871 1822
f 1820 9861 9866
f 1820 9866 1821
f 4063 4062 9887
f 4063 9887 9886
f 4062 4061 9888
f 4062 9888 9887
f 4061 4060 9889
f 4061 9889 9888
f 4060 4059 9890
f 4060 9890 9889
f 9886 9887 9892
f 9886 9892 9891
f 9887 9888 9893
f 9887 9893 9892
f 9888 9889 9894
f 9888 9894 9893
f 9889 9890 9895
f 9889 9895 9894
f 9891 9892 9897
f 9891 9897 9896
f 9892 9893 9898
f 9892 9898 9897
f 9893 9894 9899
f 9893 9899 9898
f 9894 9895 9900
f 9894 9900 9899
f 9896 9897 9902
f 9896 9902 9901
f 9897 9898 9903
f 9897 9903 9902
f 9898 9899 9904
f 9898 9904 9903
f 9899 9900 9905
f 9899 9905 9904
f 9901 9902 4067
f 9901 4067 4068
f 9902 9903 4066
f 9902 4066 4067
f 9903 9904 4065
f 9903 4065 4066
f 9904 9905 4064
f 9904 4064 4065
f 4059 256 1913
f 4059 1913 9890
f 9890 1913 1914
f 9890 1914 9895
f 9895 1914 1915
f 9895 1915 9900
f 9900 1915 1916
f 9900 1916 9905
f 9905 1916 257
f 9905 257 4064
f 1828 9901 4068
f 1828 4068 237
f 1827 9896 9901
f 1827 9901 1828
f 1826 9891 9896
f 1826 9896 1827
f 1825 9886 9891
f 1825 9891 1826
f 236 4063 9886
f 236 9886 1825
f 9906 9907 9912
f 9906 9912 9911
f 9907 9908 9913
f 9907 9913 9912
f 9908 9909 9914
f 9908 9914 9913
f 9909 9910 9915
f 9909 9915 9914
f 9911 9912 9917
f 9911 9917 9916
f 9912 9913 9918
f 9912 9918 9917
f 9913 9914 9919
f 9913 9919 9918
f 9914 9915 9920
f 9914 9920 9919
f 9916 9917 9922
f 9916 9922 9921
f 9917 9918 9923
f 9917 9923 9922
f 9918 9919 9924
f 9918 9924 9923
f 9919 9920 9925
f 9919 9925 9924
f 9921 9922 9927
f 9921 9927 9926
f 9922 9923 9928
f 9922 9928 9927
f 9923 9924 9929
f 9923 9929 9928
f 9924 9925 9930
f 9924 9930 9929
f 237 4068 9906
f 237 9906 1829
f 4068 4067 9907
f 4068 9907 9906
f 4067 4066 9908
f 4067 9908 9907
f 4066 4065 9909
f 4066 9909 9908
f 4065 4064 9910
f 4065 9910 9909
f 4064 257 1917
f 4064 1917 9910
f 9910 1917 1918
f 9910 1918 9915
f 9915 1918 1919
f 9915 1919 9920
f 9920 1919 1920
f 9920 1920 9925
f 9925 1920 1921
f 9925 1921 9930
f 9930 1921 258
f 9930 258 4069
f 9929 9930 4069
f 9929 4069 4070
f 9928 9929 4070
f 9928 4070 4071
f 9927 9928 4071
f 9927 4071 4072
f 9926 9927 4072
f 9926 4072 4073
f 1833 9926 4073
f 1833 4073 238
f 1832 9921 9926
f 1832 9926 1833
f 1831 9916 9921
f 1831 9921 1832
f 1830 9911 9916
f 1830 9916 1831
f 1829 9906 9911
f 1829 9911 1830
f 4073 4072 9932
f 4073 9932 9931
f 4072 4071 9933
f 4072 9933 9932
f 4071 4070 9934
f 4071 9934 9933
f 4070 4069 9935
f 4070 9935 9934
f 9931 9932 9937
f 9931 9937 9936
f 9932 9933 9938
f 9932 9938 9937
f 9933 9934 9939
f 9933 9939 9938
f 9934 9935 9940
f 9934 9940 9939
f 9936 9937 9942
f 9936 9942 9941
f 9937 9938 9943
f 9937 9943 9942
f 9938 9939 9944
f 9938 9944 9943
f 9939 9940 9945
f 9939 9945 9944
f 9941 9942 9947
f 9941 9947 9946
f 9942 9943 9948
f 9942 9948 9947
f 9943 9944 9949
f 9943 9949 9948
f 9944 9945 9950
f 9944 9950 9949
f 9946 9947 4077
f 9946 4077 4078
f 9947 9948 4076
f 9947 4076 4077
f 9948 9949 4075
f 9948 4075 4076
f 9949 9950 4074
f 9949 4074 4075
f 4069 258 1922
f 4069 1922 9935
f 9935 1922 1923
f 9935 1923 9940
f 9940 1923 1924
f 9940 1924 9945
f 9945 1924 1925
f 9945 1925 9950
f 9950 1925 259
f 9950 259 4074
f 1837 9946 4078
f 1837 4078 239
f 1836 9941 9946
f 1836 9946 1837
f 1835 9936 9941
f 1835 9941 1836
f 1834 9931 9936
f 1834 9936 1835
f 238 4073 9931
f 238 9931 1834
f 9951 9952 9956
f 9951 9956 9955
f 9952 9953 9957
f 9952 9957 9956
f 9953 9954 573
f 9953 573 9957
f 9954 572 571
f 9954 571 573
f 9955 9956 9959
f 9955 9959 9958
f 9956 9957 9960
f 9956 9960 9959
f 9957 573 574
f 9957 574 9960
f 573 571 4573
f 573 4573 574
f 9958 9959 9962
f 9958 9962 9961
f 9959 9960 9963
f 9959 9963 9962
f 9960 574 576
f 9960 576 9963
f 574 4573 4588
f 574 4588 576
f 9961 9962 9965
f 9961 9965 9964
f 9962 9963 9966
f 9962 9966 9965
f 9963 576 577
f 9963 577 9966
f 576 4588 4587
f 576 4587 577
f 239 4078 9951
f 239 9951 1838
f 4078 4077 9952
f 4078 9952 9951
f 4077 4076 9953
f 4077 9953 9952
f 4076 4075 9954
f 4076 9954 9953
f 4075 4074 572
f 4075 572 9954
f 4074 259 1926
f 4074 1926 572
f 572 1926 1927
f 572 1927 571
f 571 1927 1928
f 571 1928 4573
f 4573 1928 1929
f 4573 1929 4588
f 4588 1929 1930
f 4588 1930 4587
f 4587 1930 260
f 4587 260 4079
f 577 4587 4079
f 577 4079 575
f 9966 577 575
f 9966 575 4080
f 9965 9966 4080
f 9965 4080 4081
f 9964 9965 4081
f 9964 4081 4082
f 1842 9964 4082
f 1842 4082 240
f 1841 9961 9964
f 1841 9964 1842
f 1840 9958 9961
f 1840 9961 1841
f 1839 9955 9958
f 1839 9958 1840
f 1838 9951 9955
f 1838 9955 1839
f 4082 4081 9968
f 4082 9968 9967
f 4081 4080 9969
f 4081 9969 9968
f 4080 575 582
f 4080 582 9969
f 575 4079 579
f 575 579 582
f 9967 9968 9971
f 9967 9971 9970
f 9968 9969 9972
f 9968 9972 9971
f 9969 582 580
f 9969 580 9972
f 582 579 581
f 582 581 580
f 9970 9971 9974
f 9970 9974 9973
f 9971 9972 9975
f 9971 9975 9974
f 9972 580 9976
f 9972 9976 9975
f 580 581 578
f 580 578 9976
f 9973 9974 9978
f 9973 9978 9977
f 9974 9975 9979
f 9974 9979 9978
f 9975 9976 9980
f 9975 9980 9979
f 9976 578 4605
f 9976 4605 9980
f 9977 9978 4086
f 9977 4086 4087
f 9978 9979 4085
f 9978 4085 4086
f 9979 9980 4084
f 9979 4084 4085
f 9980 4605 4083
f 9980 4083 4084
f 4079 260 1931
f 4079 1931 579
f 579 1931 1932
f 579 1932 581
f 581 1932 1933
f 581 1933 578
f 578 1933 597
f 578 597 4605
f 4605 597 261
f 4605 261 4083
f 1846 9977 4087
f 1846 4087 241
f 1845 9973 9977
f 1845 9977 1846
f 1844 9970 9973
f 1844 9973 1845
f 1843 9967 9970
f 1843 9970 1844
f 240 4082 9967
f 240 9967 1843
f 9981 9982 9987
f 9981 9987 9986
f 9982 9983 9988
f 9982 9988 9987
f 9983 9984 9989
f 9983 9989 9988
f 9984 9985 9990
f 9984 9990 9989
f 9986 9987 9992
f 9986 9992 9991
f 9987 9988 9993
f 9987 9993 9992
f 9988 9989 9994
f 9988 9994 9993
f 9989 9990 9995
f 9989 9995 9994
f 9991 9992 9997
f 9991 9997 9996
f 9992 9993 9998
f 9992 9998 9997
f 9993 9994 9999
f 9993 9999 9998
f 9994 9995 10000
f 9994 10000 9999
f 9996 9997 10002
f 9996 10002 10001
f 9997 9998 10003
f 9997 10003 10002
f 9998 9999 10004
f 9998 10004 10003
f 9999 10000 10005
f 9999 10005 10004
f 241 4087 9981
f 241 9981 1847
f 4087 4086 9982
f 4087 9982 9981
f 4086 4085 9983
f 4086 9983 9982
f 4085 4084 9984
f 4085 9984 9983
f 4084 4083 9985
f 4084 9985 9984
f 4083 261 1934
f 4083 1934 9985
f 9985 1934 1935
f 9985 1935 9990
f 9990 1935 1936
f 9990 1936 9995
f 9995 1936 1937
f 9995 1937 10000
f 10000 1937 1938
f 10000 1938 10005
f 10005 1938 262
f 10005 262 4088
f 10004 10005 4088
f 10004 4088 4089
f 10003 10004 4089
f 10003 4089 4090
f 10002 10003 4090
f 10002 4090 4091
f 10001 10002 4091
f 10001 4091 4092
f 1851 10001 4092
f 1851 4092 242
f 1850 9996 10001
f 1850 10001 1851
f 1849 9991 9996
f 1849 9996 1850
f 1848 9986 9991
f 1848 9991 1849
f 1847 9981 9986
f 1847 9986 1848
f 4092 4091 10007
f 4092 10007 10006
f 4091 4090 10008
f 4091 10008 10007
f 4090 4089 10009
f 4090 10009 10008
f 4089 4088 10010
f 4089 10010 10009
f 10006 10007 10012
f 10006 10012 10011
f 10007 10008 10013
f 10007 10013 10012
f 10008 10009 10014
f 10008 10014 10013
f 10009 10010 10015
f 10009 10015 10014
f 10011 10012 10017
f 10011 10017 10016
f 10012 10013 10018
f 10012 10018 10017
f 10013 10014 10019
f 10013 10019 10018
f 10014 10015 10020
f 10014 10020 10019
f 10016 10017 10022
f 10016 10022 10021
f 10017 10018 10023
f 10017 10023 10022
f 10018 10019 10024
f 10018 10024 10023
f 10019 10020 10025
f 10019 10025 10024
f 10021 10022 4096
f 10021 4096 4097
f 10022 10023 4095
f 10022 4095 4096
f 10023 10024 4094
f 10023 4094 4095
f 10024 10025 4093
f 10024 4093 4094
f 4088 262 1939
f 4088 1939 10010
f 10010 1939 1940
f 10010 1940 10015
f 10015 1940 1941
f 10015 1941 10020
f 10020 1941 1942
f 10020 1942 10025
f 10025 1942 263
f 10025 263 4093
f 1855 10021 4097
f 1855 4097 243
f 1854 10016 10021
f 1854 10021 1855
f 1853 10011 10016
f 1853 10016 1854
f 1852 10006 10011
f 1852 10011 1853
f 242 4092 10006
f 242 10006 1852
f 4097 4096 10027
f 4097 10027 10026
f 4096 4095 10028
f 4096 10028 10027
f 4095 4094 10029
f 4095 10029 10028
f 4094 4093 10030
f 4094 10030 10029
f 10026 10027 10032
f 10026 10032 10031
f 10027 10028 10033
f 10027 10033 10032
f 10028 10029 10034
f 10028 10034 10033
f 10029 10030 10035
f 10029 10035 10034
f 10031 10032 10037
f 10031 10037 10036
f 10032 10033 10038
f 10032 10038 10037
f 10033 10034 10039
f 10033 10039 10038
f 10034 10035 10040
f 10034 10040 10039
f 10036 10037 10042
f 10036 10042 10041
f 10037 10038 10043
f 10037 10043 10042
f 10038 10039 10044
f 10038 10044 10043
f 10039 10040 10045
f 10039 10045 10044
f 10041 10042 10047
f 10041 10047 10046
f 10042 10043 10048
f 10042 10048 10047
f 10043 10044 10049
f 10043 10049 10048
f 10044 10045 10050
f 10044 10050 10049
f 4093 263 1943
f 4093 1943 10030
f 10030 1943 1944
f 10030 1944 10035
f 10035 1944 1945
f 10035 1945 10040
f 10040 1945 1946
f 10040 1946 10045
f 10045 1946 1947
f 10045 1947 10050
f 10050 1947 264
f 10050 264 4098
f 10049 10050 4098
f 10049 4098 4099
f 10048 10049 4099
f 10048 4099 4100
f 10047 10048 4100
f 10047 4100 4101
f 10046 10047 4101
f 10046 4101 4102
f 1860 10046 4102
f 1860 4102 244
f 1859 10041 10046
f 1859 10046 1860
f 1858 10036 10041
f 1858 10041 1859
f 1857 10031 10036
f 1857 10036 1858
f 1856 10026 10031
f 1856 10031 1857
f 243 4097 10026
f 243 10026 1856
f 4102 4101 10052
f 4102 10052 10051
f 4101 4100 10053
f 4101 10053 10052
f 4100 4099 10054
f 4100 10054 10053
f 4099 4098 10055
f 4099 10055 10054
f 10051 10052 10057
f 10051 10057 10056
f 10052 10053 10058
f 10052 10058 10057
f 10053 10054 10059
f 10053 10059 10058
f 10054 10055 10060
f 10054 10060 10059
f 10056 10057 10062
f 10056 10062 10061
f 10057 10058 10063
f 10057 10063 10062
f 10058 10059 10064
f 10058 10064 10063
f 10059 10060 10065
f 10059 10065 10064
f 10061 10062 10067
f 10061 10067 10066
f 10062 10063 10068
f 10062 10068 10067
f 10063 10064 10069
f 10063 10069 10068
f 10064 10065 10070
f 10064 10070 10069
f 10066 10067 4106
f 10066 4106 4107
f 10067 10068 4105
f 10067 4105 4106
f 10068 10069 4104
f 10068 4104 4105
f 10069 10070 4103
f 10069 4103 4104
f 4098 264 1948
f 4098 1948 10055
f 10055 1948 1949
f 10055 1949 10060
f 10060 1949 1950
f 10060 1950 10065
f 10065 1950 1951
f 10065 1951 10070
f 10070 1951 265
f 10070 265 4103
f 1864 10066 4107
f 1864 4107 245
f 1863 10061 10066
f 1863 10066 1864
f 1862 10056 10061
f 1862 10061 1863
f 1861 10051 10056
f 1861 10056 1862
f 244 4102 10051
f 244 10051 1861
f 4107 4106 10072
f 4107 10072 10071
f 4106 4105 10073
f 4106 10073 10072
f 4105 4104 10074
f 4105 10074 10073
f 4104 4103 10075
f 4104 10075 10074
f 10071 10072 10077
f 10071 10077 10076
f 10072 10073 10078
f 10072 10078 10077
f 10073 10074 10079
f 10073 10079 10078
f 10074 10075 10080
f 10074 10080 10079
f 10076 10077 10082
f 10076 10082 10081
f 10077 10078 10083
f 10077 10083 10082
f 10078 10079 10084
f 10078 10084 10083
f 10079 10080 10085
f 10079 10085 10084
f 10081 10082 10087
f 10081 10087 10086
f 10082 10083 10088
f 10082 10088 10087
f 10083 10084 10089
f 10083 10089 10088
f 10084 10085 10090
f 10084 10090 10089
f 10086 10087 10092
f 10086 10092 10091
f 10087 10088 10093
f 10087 10093 10092
f 10088 10089 10094
f 10088 10094 10093
f 10089 10090 10095
f 10089 10095 10094
f 4103 265 1952
f 4103 1952 10075
f 10075 1952 1953
f 10075 1953 10080
f 10080 1953 1954
f 10080 1954 10085
f 10085 1954 1955
f 10085 1955 10090
f 10090 1955 1956
f 10090 1956 10095
f 10095 1956 266
f 10095 266 4108
f 10094 10095 4108
f 10094 4108 4109
f 10093 10094 4109
f 10093 4109 4110
f 10092 10093 4110
f 10092 4110 4111
f 10091 10092 4111
f 10091 4111 4112
f 1869 10091 4112
f 1869 4112 246
f 1868 10086 10091
f 1868 10091 1869
f 1867 10081 10086
f 1867 10086 1868
f 1866 10076 10081
f 1866 10081 1867
f 1865 10071 10076
f 1865 10076 1866
f 245 4107 10071
f 245 10071 1865
f 4112 4111 4786
f 4112 4786 669
f 4111 4110 4787
f 4111 4787 4786
f 4110 4109 4788
f 4110 4788 4787
f 4109 4108 4789
f 4109 4789 4788
f 669 4786 10097
f 669 10097 10096
f 4786 4787 10098
f 4786 10098 10097
f 4787 4788 10099
f 4787 10099 10098
f 4788 4789 10100
f 4788 10100 10099
f 10096 10097 10102
f 10096 10102 10101
f 10097 10098 10103
f 10097 10103 10102
f 10098 10099 10104
f 10098 10104 10103
f 10099 10100 10105
f 10099 10105 10104
f 10101 10102 10107
f 10101 10107 10106
f 10102 10103 10108
f 10102 10108 10107
f 10103 10104 10109
f 10103 10109 10108
f 10104 10105 10110
f 10104 10110 10109
f 10106 10107 4116
f 10106 4116 4117
f 10107 10108 4115
f 10107 4115 4116
f 10108 10109 4114
f 10108 4114 4115
f 10109 10110 4113
f 10109 4113 4114
f 4108 266 667
f 4108 667 4789
f 4789 667 1957
f 4789 1957 10100
f 10100 1957 1958
f 10100 1958 10105
f 10105 1958 1959
f 10105 1959 10110
f 10110 1959 267
f 10110 267 4113
f 1873 10106 4117
f 1873 4117 247
f 1872 10101 10106
f 1872 10106 1873
f 1871 10096 10101
f 1871 10101 1872
f 1870 669 10096
f 1870 10096 1871
f 246 4112 669
f 246 669 1870
f 4117 4116 10112
f 4117 10112 10111
f 4116 4115 10113
f 4116 10113 10112
f 4115 4114 10114
f 4115 10114 10113
f 4114 4113 10115
f 4114 10115 10114
f 10111 10112 10117
f 10111 10117 10116
f 10112 10113 10118
f 10112 10118 10117
f 10113 10114 10119
f 10113 10119 10118
f 10114 10115 10120
f 10114 10120 10119
f 10116 10117 10122
f 10116 10122 10121
f 10117 10118 10123
f 10117 10123 10122
f 10118 10119 10124
f 10118 10124 10123
f 10119 10120 10125
f 10119 10125 10124
f 10121 10122 10127
f 10121 10127 10126
f 10122 10123 10128
f 10122 10128 10127
f 10123 10124 10129
f 10123 10129 10128
f 10124 10125 10130
f 10124 10130 10129
f 10126 10127 10132
f 10126 10132 10131
f 10127 10128 10133
f 10127 10133 10132
f 10128 10129 10134
f 10128 10134 10133
f 10129 10130 10135
f 10129 10135 10134
f 4113 267 1960
f 4113 1960 10115
f 10115 1960 1961
f 10115 1961 10120
f 10120 1961 1962
f 10120 1962 10125
f 10125 1962 1963
f 10125 1963 10130
f 10130 1963 1964
f 10130 1964 10135
f 10135 1964 268
f 10135 268 4118
f 10134 10135 4118
f 10134 4118 4119
f 10133 10134 4119
f 10133 4119 4120
f 10132 10133 4120
f 10132 4120 4121
f 10131 10132 4121
f 10131 4121 4122
f 1878 10131 4122
f 1878 4122 248
f 1877 10126 10131
f 1877 10131 1878
f 1876 10121 10126
f 1876 10126 1877
f 1875 10116 10121
f 1875 10121 1876
f 1874 10111 10116
f 1874 10116 1875
f 247 4117 10111
f 247 10111 1874
f 4122 4121 10137
f 4122 10137 10136
f 4121 4120 10138
f 4121 10138 10137
f 4120 4119 10139
f 4120 10139 10138
f 4119 4118 10140
f 4119 10140 10139
f 10136 10137 10142
f 10136 10142 10141
f 10137 10138 10143
f 10137 10143 10142
f 10138 10139 10144
f 10138 10144 10143
f 10139 10140 10145
f 10139 10145 10144
f 10141 10142 10147
f 10141 10147 10146
f 10142 10143 10148
f 10142 10148 10147
f 10143 10144 10149
f 10143 10149 10148
f 10144 10145 10150
f 10144 10150 10149
f 10146 10147 10152
f 10146 10152 10151
f 10147 10148 10153
f 10147 10153 10152
f 10148 10149 10154
f 10148 10154 10153
f 10149 10150 10155
f 10149 10155 10154
f 10151 10152 4126
f 10151 4126 4127
f 10152 10153 4125
f 10152 4125 4126
f 10153 10154 4124
f 10153 4124 4125
f 10154 10155 4123
f 10154 4123 4124
f 4118 268 1965
f 4118 1965 10140
f 10140 1965 1966
f 10140 1966 10145
f 10145 1966 1967
f 10145 1967 10150
f 10150 1967 1968
f 10150 1968 10155
f 10155 1968 269
f 10155 269 4123
f 1882 10151 4127
f 1882 4127 249
f 1881 10146 10151
f 1881 10151 1882
f 1880 10141 10146
f 1880 10146 1881
f 1879 10136 10141
f 1879 10141 1880
f 248 4122 10136
f 248 10136 1879
f 4127 4126 10157
f 4127 10157 10156
f 4126 4125 10158
f 4126 10158 10157
f 4125 4124 10159
f 4125 10159 10158
f 4124 4123 10160
f 4124 10160 10159
f 10156 10157 10162
f 10156 10162 10161
f 10157 10158 10163
f 10157 10163 10162
f 10158 10159 10164
f 10158 10164 10163
f 10159 10160 10165
f 10159 10165 10164
f 10161 10162 10167
f 10161 10167 10166
f 10162 10163 10168
f 10162 10168 10167
f 10163 10164 10169
f 10163 10169 10168
f 10164 10165 10170
f 10164 10170 10169
f 10166 10167 10172
f 10166 10172 10171
f 10167 10168 10173
f 10167 10173 10172
f 10168 10169 10174
f 10168 10174 10173
f 10169 10170 10175
f 10169 10175 10174
f 10171 10172 4131
f 10171 4131 4132
f 10172 10173 4130
f 10172 4130 4131
f 10173 10174 4129
f 10173 4129 4130
f 10174 10175 4128
f 10174 4128 4129
f 4123 269 1969
f 4123 1969 10160
f 10160 1969 1970
f 10160 1970 10165
f 10165 1970 1971
f 10165 1971 10170
f 10170 1971 1972
f 10170 1972 10175
f 10175 1972 270
f 10175 270 4128
f 1886 10171 4132
f 1886 4132 250
f 1885 10166 10171
f 1885 10171 1886
f 1884 10161 10166
f 1884 10166 1885
f 1883 10156 10161
f 1883 10161 1884
f 249 4127 10156
f 249 10156 1883
f 10176 10177 10182
f 10176 10182 10181
f 10177 10178 10183
f 10177 10183 10182
f 10178 10179 10184
f 10178 10184 10183
f 10179 10180 10185
f 10179 10185 10184
f 10181 10182 10187
f 10181 10187 10186
f 10182 10183 10188
f 10182 10188 10187
f 10183 10184 10189
f 10183 10189 10188
f 10184 10185 10190
f 10184 10190 10189
f 10186 10187 10192
f 10186 10192 10191
f 10187 10188 10193
f 10187 10193 10192
f 10188 10189 10194
f 10188 10194 10193
f 10189 10190 10195
f 10189 10195 10194
f 10191 10192 10197
f 10191 10197 10196
f 10192 10193 10198
f 10192 10198 10197
f 10193 10194 10199
f 10193 10199 10198
f 10194 10195 10200
f 10194 10200 10199
f 10196 10197 4136
f 10196 4136 4137
f 10197 10198 4135
f 10197 4135 4136
f 10198 10199 4134
f 10198 4134 4135
f 10199 10200 4133
f 10199 4133 4134
f 250 4132 10176
f 250 10176 1887
f 4132 4131 10177
f 4132 10177 10176
f 4131 4130 10178
f 4131 10178 10177
f 4130 4129 10179
f 4130 10179 10178
f 4129 4128 10180
f 4129 10180 10179
f 4128 270 1973
f 4128 1973 10180
f 10180 1973 1974
f 10180 1974 10185
f 10185 1974 1975
f 10185 1975 10190
f 10190 1975 1976
f 10190 1976 10195
f 10195 1976 1977
f 10195 1977 10200
f 10200 1977 271
f 10200 271 4133
f 1891 10196 4137
f 1891 4137 251
f 1890 10191 10196
f 1890 10196 1891
f 1889 10186 10191
f 1889 10191 1890
f 1888 10181 10186
f 1888 10186 1889
f 1887 10176 10181
f 1887 10181 1888
f 4137 4136 10202
f 4137 10202 10201
f 4136 4135 10203
f 4136 10203 10202
f 4135 4134 10204
f 4135 10204 10203
f 4134 4133 10205
f 4134 10205 10204
f 10201 10202 10207
f 10201 10207 10206
f 10202 10203 10208
f 10202 10208 10207
f 10203 10204 10209
f 10203 10209 10208
f 10204 10205 10210
f 10204 10210 10209
f 10206 10207 4790
f 10206 4790 670
f 10207 10208 4791
f 10207 4791 4790
f 10208 10209 4792
f 10208 4792 4791
f 10209 10210 4793
f 10209 4793 4792
f 670 4790 10212
f 670 10212 10211
f 4790 4791 10213
f 4790 10213 10212
f 4791 4792 10214
f 4791 10214 10213
f 4792 4793 10215
f 4792 10215 10214
f 10211 10212 4141
f 10211 4141 4142
f 10212 10213 4140
f 10212 4140 4141
f 10213 10214 4139
f 10213 4139 4140
f 10214 10215 4138
f 10214 4138 4139
f 4133 271 1978
f 4133 1978 10205
f 10205 1978 1979
f 10205 1979 10210
f 10210 1979 668
f 10210 668 4793
f 4793 668 1980
f 4793 1980 10215
f 10215 1980 272
f 10215 272 4138
f 1895 10211 4142
f 1895 4142 252
f 1894 670 10211
f 1894 10211 1895
f 1893 10206 670
f 1893 670 1894
f 1892 10201 10206
f 1892 10206 1893
f 251 4137 10201
f 251 10201 1892
f 10216 10217 10222
f 10216 10222 10221
f 10217 10218 10223
f 10217 10223 10222
f 10218 10219 10224
f 10218 10224 10223
f 10219 10220 10225
f 10219 10225 10224
f 10221 10222 10227
f 10221 10227 10226
f 10222 10223 10228
f 10222 10228 10227
f 10223 10224 10229
f 10223 10229 10228
f 10224 10225 10230
f 10224 10230 10229
f 10226 10227 10232
f 10226 10232 10231
f 10227 10228 10233
f 10227 10233 10232
f 10228 10229 10234
f 10228 10234 10233
f 10229 10230 10235
f 10229 10235 10234
f 10231 10232 10237
f 10231 10237 10236
f 10232 10233 10238
f 10232 10238 10237
f 10233 10234 10239
f 10233 10239 10238
f 10234 10235 10240
f 10234 10240 10239
f 10236 10237 4146
f 10236 4146 4147
f 10237 10238 4145
f 10237 4145 4146
f 10238 10239 4144
f 10238 4144 4145
f 10239 10240 4143
f 10239 4143 4144
f 252 4142 10216
f 252 10216 1896
f 4142 4141 10217
f 4142 10217 10216
f 4141 4140 10218
f 4141 10218 10217
f 4140 4139 10219
f 4140 10219 10218
f 4139 4138 10220
f 4139 10220 10219
f 4138 272 1981
f 4138 1981 10220
f 10220 1981 1982
f 10220 1982 10225
f 10225 1982 1983
f 10225 1983 10230
f 10230 1983 1984
f 10230 1984 10235
f 10235 1984 1985
f 10235 1985 10240
f 10240 1985 273
f 10240 273 4143
f 1900 10236 4147
f 1900 4147 253
f 1899 10231 10236
f 1899 10236 1900
f 1898 10226 10231
f 1898 10231 1899
f 1897 10221 10226
f 1897 10226 1898
f 1896 10216 10221
f 1896 10221 1897
f 4147 4146 10242
f 4147 10242 10241
f 4146 4145 10243
f 4146 10243 10242
f 4145 4144 10244
f 4145 10244 10243
f 4144 4143 10245
f 4144 10245 10244
f 10241 10242 10247
f 10241 10247 10246
f 10242 10243 10248
f 10242 10248 10247
f 10243 10244 10249
f 10243 10249 10248
f 10244 10245 10250
f 10244 10250 10249
f 10246 10247 10252
f 10246 10252 10251
f 10247 10248 10253
f 10247 10253 10252
f 10248 10249 10254
f 10248 10254 10253
f 10249 10250 10255
f 10249 10255 10254
f 10251 10252 10257
f 10251 10257 10256
f 10252 10253 10258
f 10252 10258 10257
f 10253 10254 10259
f 10253 10259 10258
f 10254 10255 10260
f 10254 10260 10259
f 10256 10257 4151
f 10256 4151 4152
f 10257 10258 4150
f 10257 4150 4151
f 10258 10259 4149
f 10258 4149 4150
f 10259 10260 4148
f 10259 4148 4149
f 4143 273 1986
f 4143 1986 10245
f 10245 1986 1987
f 10245 1987 10250
f 10250 1987 1988
f 10250 1988 10255
f 10255 1988 1989
f 10255 1989 10260
f 10260 1989 274
f 10260 274 4148
f 1904 10256 4152
f 1904 4152 254
f 1903 10251 10256
f 1903 10256 1904
f 1902 10246 10251
f 1902 10251 1903
f 1901 10241 10246
f 1901 10246 1902
f 253 4147 10241
f 253 10241 1901
f 28 831 10261
f 28 10261 1729
f 831 830 10262
f 831 10262 10261
f 830 829 10263
f 830 10263 10262
f 829 828 10264
f 829 10264 10263
f 828 27 1817
f 828 1817 10264
f 1729 10261 10265
f 1729 10265 1730
f 10261 10262 10266
f 10261 10266 10265
f 10262 10263 10267
f 10262 10267 10266
f 10263 10264 10268
f 10263 10268 10267
f 10264 1817 1818
f 10264 1818 10268
f 1730 10265 10269
f 1730 10269 1731
f 10265 10266 10270
f 10265 10270 10269
f 10266 10267 10271
f 10266 10271 10270
f 10267 10268 10272
f 10267 10272 10271
f 10268 1818 1819
f 10268 1819 10272
f 1731 10269 4156
f 1731 4156 215
f 10269 10270 4155
f 10269 4155 4156
f 10270 10271 4154
f 10270 4154 4155
f 10271 10272 4153
f 10271 4153 4154
f 10272 1819 235
f 10272 235 4153
f 1732 10273 10277
f 1732 10277 1733
f 10273 10274 10278
f 10273 10278 10277
f 10274 10275 10279
f 10274 10279 10278
f 10275 10276 10280
f 10275 10280 10279
f 10276 1820 1821
f 10276 1821 10280
f 1733 10277 10281
f 1733 10281 1734
f 10277 10278 10282
f 10277 10282 10281
f 10278 10279 10283
f 10278 10283 10282
f 10279 10280 10284
f 10279 10284 10283
f 10280 1821 1822
f 10280 1822 10284
f 1734 10281 10285
f 1734 10285 1735
f 10281 10282 10286
f 10281 10286 10285
f 10282 10283 10287
f 10282 10287 10286
f 10283 10284 10288
f 10283 10288 10287
f 10284 1822 1823
f 10284 1823 10288
f 1735 10285 10289
f 1735 10289 1736
f 10285 10286 10290
f 10285 10290 10289
f 10286 10287 10291
f 10286 10291 10290
f 10287 10288 10292
f 10287 10292 10291
f 10288 1823 1824
f 10288 1824 10292
f 1736 10289 4160
f 1736 4160 216
f 10289 10290 4159
f 10289 4159 4160
f 10290 10291 4158
f 10290 4158 4159
f 10291 10292 4157
f 10291 4157 4158
f 10292 1824 236
f 10292 236 4157
f 215 4156 10273
f 215 10273 1732
f 4156 4155 10274
f 4156 10274 10273
f 4155 4154 10275
f 4155 10275 10274
f 4154 4153 10276
f 4154 10276 10275
f 4153 235 1820
f 4153 1820 10276
f 216 4160 10293
f 216 10293 1737
f 4160 4159 10294
f 4160 10294 10293
f 4159 4158 10295
f 4159 10295 10294
f 4158 4157 10296
f 4158 10296 10295
f 4157 236 1825
f 4157 1825 10296
f 1737 10293 10297
f 1737 10297 1738
f 10293 10294 10298
f 10293 10298 10297
f 10294 10295 10299
f 10294 10299 10298
f 10295 10296 10300
f 10295 10300 10299
f 10296 1825 1826
f 10296 1826 10300
f 1738 10297 10301
f 1738 10301 1739
f 10297 10298 10302
f 10297 10302 10301
f 10298 10299 10303
f 10298 10303 10302
f 10299 10300 10304
f 10299 10304 10303
f 10300 1826 1827
f 10300 1827 10304
f 1739 10301 10305
f 1739 10305 1740
f 10301 10302 10306
f 10301 10306 10305
f 10302 10303 10307
f 10302 10307 10306
f 10303 10304 10308
f 10303 10308 10307
f 10304 1827 1828
f 10304 1828 10308
f 1740 10305 4164
f 1740 4164 217
f 10305 10306 4163
f 10305 4163 4164
f 10306 10307 4162
f 10306 4162 4163
f 10307 10308 4161
f 10307 4161 4162
f 10308 1828 237
f 10308 237 4161
f 1741 10309 10313
f 1741 10313 1742
f 10309 10310 10314
f 10309 10314 10313
f 10310 10311 10315
f 10310 10315 10314
f 10311 10312 10316
f 10311 10316 10315
f 10312 1829 1830
f 10312 1830 10316
f 1742 10313 10317
f 1742 10317 1743
f 10313 10314 10318
f 10313 10318 10317
f 10314 10315 10319
f 10314 10319 10318
f 10315 10316 10320
f 10315 10320 10319
f 10316 1830 1831
f 10316 1831 10320
f 1743 10317 10321
f 1743 10321 1744
f 10317 10318 10322
f 10317 10322 10321
f 10318 10319 10323
f 10318 10323 10322
f 10319 10320 10324
f 10319 10324 10323
f 10320 1831 1832
f 10320 1832 10324
f 1744 10321 10325
f 1744 10325 1745
f 10321 10322 10326
f 10321 10326 10325
f 10322 10323 10327
f 10322 10327 10326
f 10323 10324 10328
f 10323 10328 10327
f 10324 1832 1833
f 10324 1833 10328
f 217 4164 10309
f 217 10309 1741
f 4164 4163 10310
f 4164 10310 10309
f 4163 4162 10311
f 4163 10311 10310
f 4162 4161 10312
f 4162 10312 10311
f 4161 237 1829
f 4161 1829 10312
f 10328 1833 238
f 10328 238 4165
f 10327 10328 4165
f 10327 4165 4166
f 10326 10327 4166
f 10326 4166 4167
f 10325 10326 4167
f 10325 4167 4168
f 1745 10325 4168
f 1745 4168 218
f 218 4168 10329
f 218 10329 1746
f 4168 4167 10330
f 4168 10330 10329
f 4167 4166 10331
f 4167 10331 10330
f 4166 4165 10332
f 4166 10332 10331
f 4165 238 1834
f 4165 1834 10332
f 1746 10329 10333
f 1746 10333 1747
f 10329 10330 10334
f 10329 10334 10333
f 10330 10331 10335
f 10330 10335 10334
f 10331 10332 10336
f 10331 10336 10335
f 10332 1834 1835
f 10332 1835 10336
f 1747 10333 10337
f 1747 10337 1748
f 10333 10334 10338
f 10333 10338 10337
f 10334 10335 10339
f 10334 10339 10338
f 10335 10336 10340
f 10335 10340 10339
f 10336 1835 1836
f 10336 1836 10340
f 1748 10337 10341
f 1748 10341 1749
f 10337 10338 10342
f 10337 10342 10341
f 10338 10339 10343
f 10338 10343 10342
f 10339 10340 10344
f 10339 10344 10343
f 10340 1836 1837
f 10340 1837 10344
f 1749 10341 4172
f 1749 4172 219
f 10341 10342 4171
f 10341 4171 4172
f 10342 10343 4170
f 10342 4170 4171
f 10343 10344 4169
f 10343 4169 4170
f 10344 1837 239
f 10344 239 4169
f 1750 10345 10349
f 1750 10349 1751
f 10345 10346 10350
f 10345 10350 10349
f 10346 10347 10351
f 10346 10351 10350
f 10347 10348 10352
f 10347 10352 10351
f 10348 1838 1839
f 10348 1839 10352
f 1751 10349 10353
f 1751 10353 1752
f 10349 10350 10354
f 10349 10354 10353
f 10350 10351 10355
f 10350 10355 10354
f 10351 10352 10356
f 10351 10356 10355
f 10352 1839 1840
f 10352 1840 10356
f 1752 10353 10357
f 1752 10357 1753
f 10353 10354 10358
f 10353 10358 10357
f 10354 10355 10359
f 10354 10359 10358
f 10355 10356 10360
f 10355 10360 10359
f 10356 1840 1841
f 10356 1841 10360
f 1753 10357 10361
f 1753 10361 1754
f 10357 10358 10362
f 10357 10362 10361
f 10358 10359 10363
f 10358 10363 10362
f 10359 10360 10364
f 10359 10364 10363
f 10360 1841 1842
f 10360 1842 10364
f 219 4172 10345
f 219 10345 1750
f 4172 4171 10346
f 4172 10346 10345
f 4171 4170 10347
f 4171 10347 10346
f 4170 4169 10348
f 4170 10348 10347
f 4169 239 1838
f 4169 1838 10348
f 10364 1842 240
f 10364 240 4173
f 10363 10364 4173
f 10363 4173 4174
f 10362 10363 4174
f 10362 4174 4175
f 10361 10362 4175
f 10361 4175 4176
f 1754 10361 4176
f 1754 4176 220
f 220 4176 10365
f 220 10365 1755
f 4176 4175 10366
f 4176 10366 10365
f 4175 4174 10367
f 4175 10367 10366
f 4174 4173 10368
f 4174 10368 10367
f 4173 240 1843
f 4173 1843 10368
f 1755 10365 10369
f 1755 10369 1756
f 10365 10366 10370
f 10365 10370 10369
f 10366 10367 10371
f 10366 10371 10370
f 10367 10368 10372
f 10367 10372 10371
f 10368 1843 1844
f 10368 1844 10372
f 1756 10369 10373
f 1756 10373 1757
f 10369 10370 10374
f 10369 10374 10373
f 10370 10371 10375
f 10370 10375 10374
f 10371 10372 10376
f 10371 10376 10375
f 10372 1844 1845
f 10372 1845 10376
f 1757 10373 10377
f 1757 10377 1758
f 10373 10374 10378
f 10373 10378 10377
f 10374 10375 10379
f 10374 10379 10378
f 10375 10376 10380
f 10375 10380 10379
f 10376 1845 1846
f 10376 1846 10380
f 1758 10377 4180
f 1758 4180 221
f 10377 10378 4179
f 10377 4179 4180
f 10378 10379 4178
f 10378 4178 4179
f 10379 10380 4177
f 10379 4177 4178
f 10380 1846 241
f 10380 241 4177
f 1759 10381 10385
f 1759 10385 1760
f 10381 10382 10386
f 10381 10386 10385
f 10382 10383 10387
f 10382 10387 10386
f 10383 10384 10388
f 10383 10388 10387
f 10384 1847 1848
f 10384 1848 10388
f 1760 10385 10389
f 1760 10389 1761
f 10385 10386 10390
f 10385 10390 10389
f 10386 10387 10391
f 10386 10391 10390
f 10387 10388 10392
f 10387 10392 10391
f 10388 1848 1849
f 10388 1849 10392
f 1761 10389 10393
f 1761 10393 1762
f 10389 10390 10394
f 10389 10394 10393
f 10390 10391 10395
f 10390 10395 10394
f 10391 10392 10396
f 10391 10396 10395
f 10392 1849 1850
f 10392 1850 10396
f 1762 10393 10397
f 1762 10397 1763
f 10393 10394 10398
f 10393 10398 10397
f 10394 10395 10399
f 10394 10399 10398
f 10395 10396 10400
f 10395 10400 10399
f 10396 1850 1851
f 10396 1851 10400
f 221 4180 10381
f 221 10381 1759
f 4180 4179 10382
f 4180 10382 10381
f 4179 4178 10383
f 4179 10383 10382
f 4178 4177 10384
f 4178 10384 10383
f 4177 241 1847
f 4177 1847 10384
f 10400 1851 242
f 10400 242 4181
f 10399 10400 4181
f 10399 4181 4182
f 10398 10399 4182
f 10398 4182 4183
f 10397 10398 4183
f 10397 4183 4184
f 1763 10397 4184
f 1763 4184 222
f 222 4184 10401
f 222 10401 1764
f 4184 4183 10402
f 4184 10402 10401
f 4183 4182 10403
f 4183 10403 10402
f 4182 4181 10404
f 4182 10404 10403
f 4181 242 1852
f 4181 1852 10404
f 1764 10401 10405
f 1764 10405 1765
f 10401 10402 10406
f 10401 10406 10405
f 10402 10403 10407
f 10402 10407 10406
f 10403 10404 10408
f 10403 10408 10407
f 10404 1852 1853
f 10404 1853 10408
f 1765 10405 10409
f 1765 10409 1766
f 10405 10406 10410
f 10405 10410 10409
f 10406 10407 10411
f 10406 10411 10410
f 10407 10408 10412
f 10407 10412 10411
f 10408 1853 1854
f 10408 1854 10412
f 1766 10409 10413
f 1766 10413 1767
f 10409 10410 10414
f 10409 10414 10413
f 10410 10411 10415
f 10410 10415 10414
f 10411 10412 10416
f 10411 10416 10415
f 10412 1854 1855
f 10412 1855 10416
f 1767 10413 4188
f 1767 4188 223
f 10413 10414 4187
f 10413 4187 4188
f 10414 10415 4186
f 10414 4186 4187
f 10415 10416 4185
f 10415 4185 4186
f 10416 1855 243
f 10416 243 4185
f 223 4188 10417
f 223 10417 1768
f 4188 4187 10418
f 4188 10418 10417
f 4187 4186 10419
f 4187 10419 10418
f 4186 4185 10420
f 4186 10420 10419
f 4185 243 1856
f 4185 1856 10420
f 1768 10417 10421
f 1768 10421 1769
f 10417 10418 10422
f 10417 10422 10421
f 10418 10419 10423
f 10418 10423 10422
f 10419 10420 10424
f 10419 10424 10423
f 10420 1856 1857
f 10420 1857 10424
f 1769 10421 10425
f 1769 10425 1770
f 10421 10422 10426
f 10421 10426 10425
f 10422 10423 10427
f 10422 10427 10426
f 10423 10424 10428
f 10423 10428 10427
f 10424 1857 1858
f 10424 1858 10428
f 1770 10425 10429
f 1770 10429 1771
f 10425 10426 10430
f 10425 10430 10429
f 10426 10427 10431
f 10426 10431 10430
f 10427 10428 10432
f 10427 10432 10431
f 10428 1858 1859
f 10428 1859 10432
f 1771 10429 10433
f 1771 10433 1772
f 10429 10430 10434
f 10429 10434 10433
f 10430 10431 10435
f 10430 10435 10434
f 10431 10432 10436
f 10431 10436 10435
f 10432 1859 1860
f 10432 1860 10436
f 10436 1860 244
f 10436 244 4189
f 10435 10436 4189
f 10435 4189 4190
f 10434 10435 4190
f 10434 4190 4191
f 10433 10434 4191
f 10433 4191 4192
f 1772 10433 4192
f 1772 4192 224
f 224 4192 10437
f 224 10437 1773
f 4192 4191 10438
f 4192 10438 10437
f 4191 4190 10439
f 4191 10439 10438
f 4190 4189 10440
f 4190 10440 10439
f 4189 244 1861
f 4189 1861 10440
f 1773 10437 10441
f 1773 10441 1774
f 10437 10438 10442
f 10437 10442 10441
f 10438 10439 10443
f 10438 10443 10442
f 10439 10440 10444
f 10439 10444 10443
f 10440 1861 1862
f 10440 1862 10444
f 1774 10441 10445
f 1774 10445 1775
f 10441 10442 10446
f 10441 10446 10445
f 10442 10443 10447
f 10442 10447 10446
f 10443 10444 10448
f 10443 10448 10447
f 10444 1862 1863
f 10444 1863 10448
f 1775 10445 10449
f 1775 10449 1776
f 10445 10446 10450
f 10445 10450 10449
f 10446 10447 10451
f 10446 10451 10450
f 10447 10448 10452
f 10447 10452 10451
f 10448 1863 1864
f 10448 1864 10452
f 1776 10449 4196
f 1776 4196 225
f 10449 10450 4195
f 10449 4195 4196
f 10450 10451 4194
f 10450 4194 4195
f 10451 10452 4193
f 10451 4193 4194
f 10452 1864 245
f 10452 245 4193
f 225 4196 10453
f 225 10453 1777
f 4196 4195 10454
f 4196 10454 10453
f 4195 4194 10455
f 4195 10455 10454
f 4194 4193 10456
f 4194 10456 10455
f 4193 245 1865
f 4193 1865 10456
f 1777 10453 10457
f 1777 10457 1778
f 10453 10454 10458
f 10453 10458 10457
f 10454 10455 10459
f 10454 10459 10458
f 10455 10456 10460
f 10455 10460 10459
f 10456 1865 1866
f 10456 1866 10460
f 1778 10457 10461
f 1778 10461 1779
f 10457 10458 10462
f 10457 10462 10461
f 10458 10459 10463
f 10458 10463 10462
f 10459 10460 10464
f 10459 10464 10463
f 10460 1866 1867
f 10460 1867 10464
f 1779 10461 10465
f 1779 10465 1780
f 10461 10462 10466
f 10461 10466 10465
f 10462 10463 10467
f 10462 10467 10466
f 10463 10464 10468
f 10463 10468 10467
f 10464 1867 1868
f 10464 1868 10468
f 1780 10465 10469
f 1780 10469 1781
f 10465 10466 10470
f 10465 10470 10469
f 10466 10467 10471
f 10466 10471 10470
f 10467 10468 10472
f 10467 10472 10471
f 10468 1868 1869
f 10468 1869 10472
f 10472 1869 246
f 10472 246 4197
f 10471 10472 4197
f 10471 4197 4198
f 10470 10471 4198
f 10470 4198 4199
f 10469 10470 4199
f 10469 4199 4200
f 1781 10469 4200
f 1781 4200 226
f 226 4200 10473
f 226 10473 1782
f 4200 4199 710
f 4200 710 10473
f 4199 4198 707
f 4199 707 710
f 4198 4197 4911
f 4198 4911 707
f 4197 246 1870
f 4197 1870 4911
f 1782 10473 10474
f 1782 10474 1783
f 10473 710 709
f 10473 709 10474
f 710 707 10475
f 710 10475 709
f 707 4911 10476
f 707 10476 10475
f 4911 1870 1871
f 4911 1871 10476
f 1783 10474 10477
f 1783 10477 1784
f 10474 709 4871
f 10474 4871 10477
f 709 10475 10478
f 709 10478 4871
f 10475 10476 10479
f 10475 10479 10478
f 10476 1871 1872
f 10476 1872 10479
f 1784 10477 10480
f 1784 10480 1785
f 10477 4871 4870
f 10477 4870 10480
f 4871 10478 10481
f 4871 10481 4870
f 10478 10479 10482
f 10478 10482 10481
f 10479 1872 1873
f 10479 1873 10482
f 1785 10480 4203
f 1785 4203 227
f 10480 4870 671
f 10480 671 4203
f 4870 10481 4202
f 4870 4202 671
f 10481 10482 4201
f 10481 4201 4202
f 10482 1873 247
f 10482 247 4201
f 227 4203 10483
f 227 10483 1786
f 4203 671 4771
f 4203 4771 10483
f 671 4202 10484
f 671 10484 4771
f 4202 4201 10485
f 4202 10485 10484
f 4201 247 1874
f 4201 1874 10485
f 1786 10483 10486
f 1786 10486 1787
f 10483 4771 4772
f 10483 4772 10486
f 4771 10484 10487
f 4771 10487 4772
f 10484 10485 10488
f 10484 10488 10487
f 10485 1874 1875
f 10485 1875 10488
f 1787 10486 10489
f 1787 10489 1788
f 10486 4772 4773
f 10486 4773 10489
f 4772 10487 10490
f 4772 10490 4773
f 10487 10488 10491
f 10487 10491 10490
f 10488 1875 1876
f 10488 1876 10491
f 1788 10489 10492
f 1788 10492 1789
f 10489 4773 4774
f 10489 4774 10492
f 4773 10490 10493
f 4773 10493 4774
f 10490 10491 10494
f 10490 10494 10493
f 10491 1876 1877
f 10491 1877 10494
f 1789 10492 10495
f 1789 10495 1790
f 10492 4774 672
f 10492 672 10495
f 4774 10493 10496
f 4774 10496 672
f 10493 10494 10497
f 10493 10497 10496
f 10494 1877 1878
f 10494 1878 10497
f 10497 1878 248
f 10497 248 4204
f 10496 10497 4204
f 10496 4204 4205
f 672 10496 4205
f 672 4205 4206
f 10495 672 4206
f 10495 4206 4207
f 1790 10495 4207
f 1790 4207 228
f 228 4207 10498
f 228 10498 1791
f 4207 4206 4775
f 4207 4775 10498
f 4206 4205 10499
f 4206 10499 4775
f 4205 4204 10500
f 4205 10500 10499
f 4204 248 1879
f 4204 1879 10500
f 1791 10498 10501
f 1791 10501 1792
f 10498 4775 4776
f 10498 4776 10501
f 4775 10499 10502
f 4775 10502 4776
f 10499 10500 10503
f 10499 10503 10502
f 10500 1879 1880
f 10500 1880 10503
f 1792 10501 10504
f 1792 10504 1793
f 10501 4776 4777
f 10501 4777 10504
f 4776 10502 10505
f 4776 10505 4777
f 10502 10503 10506
f 10502 10506 10505
f 10503 1880 1881
f 10503 1881 10506
f 1793 10504 10507
f 1793 10507 1794
f 10504 4777 673
f 10504 673 10507
f 4777 10505 10508
f 4777 10508 673
f 10505 10506 10509
f 10505 10509 10508
f 10506 1881 1882
f 10506 1882 10509
f 1794 10507 4211
f 1794 4211 229
f 10507 673 4210
f 10507 4210 4211
f 673 10508 4209
f 673 4209 4210
f 10508 10509 4208
f 10508 4208 4209
f 10509 1882 249
f 10509 249 4208
f 229 4211 10510
f 229 10510 1795
f 4211 4210 4778
f 4211 4778 10510
f 4210 4209 10511
f 4210 10511 4778
f 4209 4208 10512
f 4209 10512 10511
f 4208 249 1883
f 4208 1883 10512
f 1795 10510 10513
f 1795 10513 1796
f 10510 4778 4779
f 10510 4779 10513
f 4778 10511 10514
f 4778 10514 4779
f 10511 10512 10515
f 10511 10515 10514
f 10512 1883 1884
f 10512 1884 10515
f 1796 10513 10516
f 1796 10516 1797
f 10513 4779 4780
f 10513 4780 10516
f 4779 10514 10517
f 4779 10517 4780
f 10514 10515 10518
f 10514 10518 10517
f 10515 1884 1885
f 10515 1885 10518
f 1797 10516 10519
f 1797 10519 1798
f 10516 4780 4781
f 10516 4781 10519
f 4780 10517 10520
f 4780 10520 4781
f 10517 10518 10521
f 10517 10521 10520
f 10518 1885 1886
f 10518 1886 10521
f 1798 10519 4214
f 1798 4214 230
f 10519 4781 674
f 10519 674 4214
f 4781 10520 4213
f 4781 4213 674
f 10520 10521 4212
f 10520 4212 4213
f 10521 1886 250
f 10521 250 4212
f 1799 10522 10525
f 1799 10525 1800
f 10522 4782 4783
f 10522 4783 10525
f 4782 10523 10526
f 4782 10526 4783
f 10523 10524 10527
f 10523 10527 10526
f 10524 1887 1888
f 10524 1888 10527
f 1800 10525 10528
f 1800 10528 1801
f 10525 4783 4784
f 10525 4784 10528
f 4783 10526 10529
f 4783 10529 4784
f 10526 10527 10530
f 10526 10530 10529
f 10527 1888 1889
f 10527 1889 10530
f 1801 10528 10531
f 1801 10531 1802
f 10528 4784 4785
f 10528 4785 10531
f 4784 10529 10532
f 4784 10532 4785
f 10529 10530 10533
f 10529 10533 10532
f 10530 1889 1890
f 10530 1890 10533
f 1802 10531 10534
f 1802 10534 1803
f 10531 4785 675
f 10531 675 10534
f 4785 10532 10535
f 4785 10535 675
f 10532 10533 10536
f 10532 10536 10535
f 10533 1890 1891
f 10533 1891 10536
f 1803 10534 4218
f 1803 4218 231
f 10534 675 4217
f 10534 4217 4218
f 675 10535 4216
f 675 4216 4217
f 10535 10536 4215
f 10535 4215 4216
f 10536 1891 251
f 10536 251 4215
f 230 4214 10522
f 230 10522 1799
f 4214 674 4782
f 4214 4782 10522
f 674 4213 10523
f 674 10523 4782
f 4213 4212 10524
f 4213 10524 10523
f 4212 250 1887
f 4212 1887 10524
f 231 4218 10537
f 231 10537 1804
f 4218 4217 4910
f 4218 4910 10537
f 4217 4216 10538
f 4217 10538 4910
f 4216 4215 10539
f 4216 10539 10538
f 4215 251 1892
f 4215 1892 10539
f 1804 10537 10540
f 1804 10540 1805
f 10537 4910 723
f 10537 723 10540
f 4910 10538 10541
f 4910 10541 723
f 10538 10539 10542
f 10538 10542 10541
f 10539 1892 1893
f 10539 1893 10542
f 1805 10540 10543
f 1805 10543 1806
f 10540 723 725
f 10540 725 10543
f 723 10541 722
f 723 722 725
f 10541 10542 4916
f 10541 4916 722
f 10542 1893 1894
f 10542 1894 4916
f 1806 10543 10544
f 1806 10544 1807
f 10543 725 10545
f 10543 10545 10544
f 725 722 10546
f 725 10546 10545
f 722 4916 10547
f 722 10547 10546
f 4916 1894 1895
f 4916 1895 10547
f 1807 10544 4222
f 1807 4222 232
f 10544 10545 4221
f 10544 4221 4222
f 10545 10546 4220
f 10545 4220 4221
f 10546 10547 4219
f 10546 4219 4220
f 10547 1895 252
f 10547 252 4219
f 1808 10548 10552
f 1808 10552 1809
f 10548 10549 10553
f 10548 10553 10552
f 10549 10550 10554
f 10549 10554 10553
f 10550 10551 10555
f 10550 10555 10554
f 10551 1896 1897
f 10551 1897 10555
f 1809 10552 10556
f 1809 10556 1810
f 10552 10553 10557
f 10552 10557 10556
f 10553 10554 10558
f 10553 10558 10557
f 10554 10555 10559
f 10554 10559 10558
f 10555 1897 1898
f 10555 1898 10559
f 1810 10556 10560
f 1810 10560 1811
f 10556 10557 10561
f 10556 10561 10560
f 10557 10558 10562
f 10557 10562 10561
f 10558 10559 10563
f 10558 10563 10562
f 10559 1898 1899
f 10559 1899 10563
f 1811 10560 10564
f 1811 10564 1812
f 10560 10561 10565
f 10560 10565 10564
f 10561 10562 10566
f 10561 10566 10565
f 10562 10563 10567
f 10562 10567 10566
f 10563 1899 1900
f 10563 1900 10567
f 1812 10564 4226
f 1812 4226 233
f 10564 10565 4225
f 10564 4225 4226
f 10565 10566 4224
f 10565 4224 4225
f 10566 10567 4223
f 10566 4223 4224
f 10567 1900 253
f 10567 253 4223
f 232 4222 10548
f 232 10548 1808
f 4222 4221 10549
f 4222 10549 10548
f 4221 4220 10550
f 4221 10550 10549
f 4220 4219 10551
f 4220 10551 10550
f 4219 252 1896
f 4219 1896 10551
f 233 4226 10568
f 233 10568 1813
f 4226 4225 10569
f 4226 10569 10568
f 4225 4224 10570
f 4225 10570 10569
f 4224 4223 10571
f 4224 10571 10570
f 4223 253 1901
f 4223 1901 10571
f 1813 10568 10572
f 1813 10572 1814
f 10568 10569 10573
f 10568 10573 10572
f 10569 10570 10574
f 10569 10574 10573
f 10570 10571 10575
f 10570 10575 10574
f 10571 1901 1902
f 10571 1902 10575
f 1814 10572 10576
f 1814 10576 1815
f 10572 10573 10577
f 10572 10577 10576
f 10573 10574 10578
f 10573 10578 10577
f 10574 10575 10579
f 10574 10579 10578
f 10575 1902 1903
f 10575 1903 10579
f 1815 10576 10580
f 1815 10580 1816
f 10576 10577 10581
f 10576 10581 10580
f 10577 10578 10582
f 10577 10582 10581
f 10578 10579 10583
f 10578 10583 10582
f 10579 1903 1904
f 10579 1904 10583
f 1816 10580 4230
f 1816 4230 234
f 10580 10581 4229
f 10580 4229 4230
f 10581 10582 4228
f 10581 4228 4229
f 10582 10583 4227
f 10582 4227 4228
f 10583 1904 254
f 10583 254 4227
f 836 835 10585
f 836 10585 10584
f 835 834 10586
f 835 10586 10585
f 834 833 10587
f 834 10587 10586
f 833 832 10588
f 833 10588 10587
f 10584 10585 10590
f 10584 10590 10589
f 10585 10586 10591
f 10585 10591 10590
f 10586 10587 10592
f 10586 10592 10591
f 10587 10588 10593
f 10587 10593 10592
f 10589 10590 10595
f 10589 10595 10594
f 10590 10591 10596
f 10590 10596 10595
f 10591 10592 10597
f 10591 10597 10596
f 10592 10593 10598
f 10592 10598 10597
f 10594 10595 4234
f 10594 4234 4235
f 10595 10596 4233
f 10595 4233 4234
f 10596 10597 4232
f 10596 4232 4233
f 10597 10598 4231
f 10597 4231 4232
f 832 28 1729
f 832 1729 10588
f 10588 1729 1730
f 10588 1730 10593
f 10593 1730 1731
f 10593 1731 10598
f 10598 1731 215
f 10598 215 4231
f 1643 10594 4235
f 1643 4235 195
f 1642 10589 10594
f 1642 10594 1643
f 1641 10584 10589
f 1641 10589 1642
f 29 836 10584
f 29 10584 1641
f 10599 10600 10605
f 10599 10605 10604
f 10600 10601 10606
f 10600 10606 10605
f 10601 10602 10607
f 10601 10607 10606
f 10602 10603 10608
f 10602 10608 10607
f 10604 10605 10610
f 10604 10610 10609
f 10605 10606 10611
f 10605 10611 10610
f 10606 10607 10612
f 10606 10612 10611
f 10607 10608 10613
f 10607 10613 10612
f 10609 10610 10615
f 10609 10615 10614
f 10610 10611 10616
f 10610 10616 10615
f 10611 10612 10617
f 10611 10617 10616
f 10612 10613 10618
f 10612 10618 10617
f 10614 10615 10620
f 10614 10620 10619
f 10615 10616 10621
f 10615 10621 10620
f 10616 10617 10622
f 10616 10622 10621
f 10617 10618 10623
f 10617 10623 10622
f 10619 10620 4239
f 10619 4239 4240
f 10620 10621 4238
f 10620 4238 4239
f 10621 10622 4237
f 10621 4237 4238
f 10622 10623 4236
f 10622 4236 4237
f 195 4235 10599
f 195 10599 1644
f 4235 4234 10600
f 4235 10600 10599
f 4234 4233 10601
f 4234 10601 10600
f 4233 4232 10602
f 4233 10602 10601
f 4232 4231 10603
f 4232 10603 10602
f 4231 215 1732
f 4231 1732 10603
f 10603 1732 1733
f 10603 1733 10608
f 10608 1733 1734
f 10608 1734 10613
f 10613 1734 1735
f 10613 1735 10618
f 10618 1735 1736
f 10618 1736 10623
f 10623 1736 216
f 10623 216 4236
f 1648 10619 4240
f 1648 4240 196
f 1647 10614 10619
f 1647 10619 1648
f 1646 10609 10614
f 1646 10614 1647
f 1645 10604 10609
f 1645 10609 1646
f 1644 10599 10604
f 1644 10604 1645
f 4240 4239 10625
f 4240 10625 10624
f 4239 4238 10626
f 4239 10626 10625
f 4238 4237 10627
f 4238 10627 10626
f 4237 4236 10628
f 4237 10628 10627
f 10624 10625 10630
f 10624 10630 10629
f 10625 10626 10631
f 10625 10631 10630
f 10626 10627 10632
f 10626 10632 10631
f 10627 10628 10633
f 10627 10633 10632
f 10629 10630 10635
f 10629 10635 10634
f 10630 10631 10636
f 10630 10636 10635
f 10631 10632 10637
f 10631 10637 10636
f 10632 10633 10638
f 10632 10638 10637
f 10634 10635 10640
f 10634 10640 10639
f 10635 10636 10641
f 10635 10641 10640
f 10636 10637 10642
f 10636 10642 10641
f 10637 10638 10643
f 10637 10643 10642
f 10639 10640 4244
f 10639 4244 4245
f 10640 10641 4243
f 10640 4243 4244
f 10641 10642 4242
f 10641 4242 4243
f 10642 10643 4241
f 10642 4241 4242
f 4236 216 1737
f 4236 1737 10628
f 10628 1737 1738
f 10628 1738 10633
f 10633 1738 1739
f 10633 1739 10638
f 10638 1739 1740
f 10638 1740 10643
f 10643 1740 217
f 10643 217 4241
f 1652 10639 4245
f 1652 4245 197
f 1651 10634 10639
f 1651 10639 1652
f 1650 10629 10634
f 1650 10634 1651
f 1649 10624 10629
f 1649 10629 1650
f 196 4240 10624
f 196 10624 1649
f 10644 10645 10650
f 10644 10650 10649
f 10645 10646 10651
f 10645 10651 10650
f 10646 10647 10652
f 10646 10652 10651
f 10647 10648 10653
f 10647 10653 10652
f 10649 10650 10655
f 10649 10655 10654
f 10650 10651 10656
f 10650 10656 10655
f 10651 10652 10657
f 10651 10657 10656
f 10652 10653 10658
f 10652 10658 10657
f 10654 10655 10660
f 10654 10660 10659
f 10655 10656 10661
f 10655 10661 10660
f 10656 10657 10662
f 10656 10662 10661
f 10657 10658 10663
f 10657 10663 10662
f 10659 10660 10665
f 10659 10665 10664
f 10660 10661 10666
f 10660 10666 10665
f 10661 10662 10667
f 10661 10667 10666
f 10662 10663 10668
f 10662 10668 10667
f 197 4245 10644
f 197 10644 1653
f 4245 4244 10645
f 4245 10645 10644
f 4244 4243 10646
f 4244 10646 10645
f 4243 4242 10647
f 4243 10647 10646
f 4242 4241 10648
f 4242 10648 10647
f 4241 217 1741
f 4241 1741 10648
f 10648 1741 1742
f 10648 1742 10653
f 10653 1742 1743
f 10653 1743 10658
f 10658 1743 1744
f 10658 1744 10663
f 10663 1744 1745
f 10663 1745 10668
f 10668 1745 218
f 10668 218 4246
f 10667 10668 4246
f 10667 4246 4247
f 10666 10667 4247
f 10666 4247 4248
f 10665 10666 4248
f 10665 4248 4249
f 10664 10665 4249
f 10664 4249 4250
f 1657 10664 4250
f 1657 4250 198
f 1656 10659 10664
f 1656 10664 1657
f 1655 10654 10659
f 1655 10659 1656
f 1654 10649 10654
f 1654 10654 1655
f 1653 10644 10649
f 1653 10649 1654
f 4250 4249 10670
f 4250 10670 10669
f 4249 4248 10671
f 4249 10671 10670
f 4248 4247 10672
f 4248 10672 10671
f 4247 4246 10673
f 4247 10673 10672
f 10669 10670 10675
f 10669 10675 10674
f 10670 10671 10676
f 10670 10676 10675
f 10671 10672 10677
f 10671 10677 10676
f 10672 10673 10678
f 10672 10678 10677
f 10674 10675 10680
f 10674 10680 10679
f 10675 10676 10681
f 10675 10681 10680
f 10676 10677 10682
f 10676 10682 10681
f 10677 10678 10683
f 10677 10683 10682
f 10679 10680 10685
f 10679 10685 10684
f 10680 10681 10686
f 10680 10686 10685
f 10681 10682 10687
f 10681 10687 10686
f 10682 10683 10688
f 10682 10688 10687
f 10684 10685 4254
f 10684 4254 4255
f 10685 10686 4253
f 10685 4253 4254
f 10686 10687 4252
f 10686 4252 4253
f 10687 10688 4251
f 10687 4251 4252
f 4246 218 1746
f 4246 1746 10673
f 10673 1746 1747
f 10673 1747 10678
f 10678 1747 1748
f 10678 1748 10683
f 10683 1748 1749
f 10683 1749 10688
f 10688 1749 219
f 10688 219 4251
f 1661 10684 4255
f 1661 4255 199
f 1660 10679 10684
f 1660 10684 1661
f 1659 10674 10679
f 1659 10679 1660
f 1658 10669 10674
f 1658 10674 1659
f 198 4250 10669
f 198 10669 1658
f 10689 10690 10695
f 10689 10695 10694
f 10690 10691 10696
f 10690 10696 10695
f 10691 10692 10697
f 10691 10697 10696
f 10692 10693 10698
f 10692 10698 10697
f 10694 10695 10700
f 10694 10700 10699
f 10695 10696 10701
f 10695 10701 10700
f 10696 10697 10702
f 10696 10702 10701
f 10697 10698 10703
f 10697 10703 10702
f 10699 10700 10705
f 10699 10705 10704
f 10700 10701 10706
f 10700 10706 10705
f 10701 10702 10707
f 10701 10707 10706
f 10702 10703 10708
f 10702 10708 10707
f 10704 10705 10710
f 10704 10710 10709
f 10705 10706 10711
f 10705 10711 10710
f 10706 10707 10712
f 10706 10712 10711
f 10707 10708 10713
f 10707 10713 10712
f 199 4255 10689
f 199 10689 1662
f 4255 4254 10690
f 4255 10690 10689
f 4254 4253 10691
f 4254 10691 10690
f 4253 4252 10692
f 4253 10692 10691
f 4252 4251 10693
f 4252 10693 10692
f 4251 219 1750
f 4251 1750 10693
f 10693 1750 1751
f 10693 1751 10698
f 10698 1751 1752
f 10698 1752 10703
f 10703 1752 1753
f 10703 1753 10708
f 10708 1753 1754
f 10708 1754 10713
f 10713 1754 220
f 10713 220 4256
f 10712 10713 4256
f 10712 4256 4257
f 10711 10712 4257
f 10711 4257 4258
f 10710 10711 4258
f 10710 4258 4259
f 10709 10710 4259
f 10709 4259 4260
f 1666 10709 4260
f 1666 4260 200
f 1665 10704 10709
f 1665 10709 1666
f 1664 10699 10704
f 1664 10704 1665
f 1663 10694 10699
f 1663 10699 1664
f 1662 10689 10694
f 1662 10694 1663
f 4260 4259 10715
f 4260 10715 10714
f 4259 4258 10716
f 4259 10716 10715
f 4258 4257 10717
f 4258 10717 10716
f 4257 4256 10718
f 4257 10718 10717
f 10714 10715 10720
f 10714 10720 10719
f 10715 10716 10721
f 10715 10721 10720
f 10716 10717 10722
f 10716 10722 10721
f 10717 10718 10723
f 10717 10723 10722
f 10719 10720 10725
f 10719 10725 10724
f 10720 10721 10726
f 10720 10726 10725
f 10721 10722 10727
f 10721 10727 10726
f 10722 10723 10728
f 10722 10728 10727
f 10724 10725 10730
f 10724 10730 10729
f 10725 10726 10731
f 10725 10731 10730
f 10726 10727 10732
f 10726 10732 10731
f 10727 10728 10733
f 10727 10733 10732
f 10729 10730 4264
f 10729 4264 4265
f 10730 10731 4263
f 10730 4263 4264
f 10731 10732 4262
f 10731 4262 4263
f 10732 10733 4261
f 10732 4261 4262
f 4256 220 1755
f 4256 1755 10718
f 10718 1755 1756
f 10718 1756 10723
f 10723 1756 1757
f 10723 1757 10728
f 10728 1757 1758
f 10728 1758 10733
f 10733 1758 221
f 10733 221 4261
f 1670 10729 4265
f 1670 4265 201
f 1669 10724 10729
f 1669 10729 1670
f 1668 10719 10724
f 1668 10724 1669
f 1667 10714 10719
f 1667 10719 1668
f 200 4260 10714
f 200 10714 1667
f 10734 10735 10740
f 10734 10740 10739
f 10735 10736 10741
f 10735 10741 10740
f 10736 10737 10742
f 10736 10742 10741
f 10737 10738 10743
f 10737 10743 10742
f 10739 10740 10745
f 10739 10745 10744
f 10740 10741 10746
f 10740 10746 10745
f 10741 10742 10747
f 10741 10747 10746
f 10742 10743 10748
f 10742 10748 10747
f 10744 10745 10750
f 10744 10750 10749
f 10745 10746 10751
f 10745 10751 10750
f 10746 10747 10752
f 10746 10752 10751
f 10747 10748 10753
f 10747 10753 10752
f 10749 10750 10755
f 10749 10755 10754
f 10750 10751 10756
f 10750 10756 10755
f 10751 10752 10757
f 10751 10757 10756
f 10752 10753 10758
f 10752 10758 10757
f 201 4265 10734
f 201 10734 1671
f 4265 4264 10735
f 4265 10735 10734
f 4264 4263 10736
f 4264 10736 10735
f 4263 4262 10737
f 4263 10737 10736
f 4262 4261 10738
f 4262 10738 10737
f 4261 221 1759
f 4261 1759 10738
f 10738 1759 1760
f 10738 1760 10743
f 10743 1760 1761
f 10743 1761 10748
f 10748 1761 1762
f 10748 1762 10753
f 10753 1762 1763
f 10753 1763 10758
f 10758 1763 222
f 10758 222 4266
f 10757 10758 4266
f 10757 4266 4267
f 10756 10757 4267
f 10756 4267 4268
f 10755 10756 4268
f 10755 4268 4269
f 10754 10755 4269
f 10754 4269 4270
f 1675 10754 4270
f 1675 4270 202
f 1674 10749 10754
f 1674 10754 1675
f 1673 10744 10749
f 1673 10749 1674
f 1672 10739 10744
f 1672 10744 1673
f 1671 10734 10739
f 1671 10739 1672
f 4270 4269 10760
f 4270 10760 10759
f 4269 4268 10761
f 4269 10761 10760
f 4268 4267 10762
f 4268 10762 10761
f 4267 4266 10763
f 4267 10763 10762
f 10759 10760 10765
f 10759 10765 10764
f 10760 10761 10766
f 10760 10766 10765
f 10761 10762 10767
f 10761 10767 10766
f 10762 10763 10768
f 10762 10768 10767
f 10764 10765 10770
f 10764 10770 10769
f 10765 10766 10771
f 10765 10771 10770
f 10766 10767 10772
f 10766 10772 10771
f 10767 10768 10773
f 10767 10773 10772
f 10769 10770 10775
f 10769 10775 10774
f 10770 10771 10776
f 10770 10776 10775
f 10771 10772 10777
f 10771 10777 10776
f 10772 10773 10778
f 10772 10778 10777
f 10774 10775 4274
f 10774 4274 4275
f 10775 10776 4273
f 10775 4273 4274
f 10776 10777 4272
f 10776 4272 4273
f 10777 10778 4271
f 10777 4271 4272
f 4266 222 1764
f 4266 1764 10763
f 10763 1764 1765
f 10763 1765 10768
f 10768 1765 1766
f 10768 1766 10773
f 10773 1766 1767
f 10773 1767 10778
f 10778 1767 223
f 10778 223 4271
f 1679 10774 4275
f 1679 4275 203
f 1678 10769 10774
f 1678 10774 1679
f 1677 10764 10769
f 1677 10769 1678
f 1676 10759 10764
f 1676 10764 1677
f 202 4270 10759
f 202 10759 1676
f 4275 4274 10780
f 4275 10780 10779
f 4274 4273 10781
f 4274 10781 10780
f 4273 4272 10782
f 4273 10782 10781
f 4272 4271 10783
f 4272 10783 10782
f 10779 10780 10785
f 10779 10785 10784
f 10780 10781 10786
f 10780 10786 10785
f 10781 10782 10787
f 10781 10787 10786
f 10782 10783 10788
f 10782 10788 10787
f 10784 10785 10790
f 10784 10790 10789
f 10785 10786 10791
f 10785 10791 10790
f 10786 10787 10792
f 10786 10792 10791
f 10787 10788 10793
f 10787 10793 10792
f 10789 10790 10795
f 10789 10795 10794
f 10790 10791 10796
f 10790 10796 10795
f 10791 10792 10797
f 10791 10797 10796
f 10792 10793 10798
f 10792 10798 10797
f 10794 10795 10800
f 10794 10800 10799
f 10795 10796 10801
f 10795 10801 10800
f 10796 10797 10802
f 10796 10802 10801
f 10797 10798 10803
f 10797 10803 10802
f 4271 223 1768
f 4271 1768 10783
f 10783 1768 1769
f 10783 1769 10788
f 10788 1769 1770
f 10788 1770 10793
f 10793 1770 1771
f 10793 1771 10798
f 10798 1771 1772
f 10798 1772 10803
f 10803 1772 224
f 10803 224 4276
f 10802 10803 4276
f 10802 4276 4277
f 10801 10802 4277
f 10801 4277 4278
f 10800 10801 4278
f 10800 4278 4279
f 10799 10800 4279
f 10799 4279 4280
f 1684 10799 4280
f 1684 4280 204
f 1683 10794 10799
f 1683 10799 1684
f 1682 10789 10794
f 1682 10794 1683
f 1681 10784 10789
f 1681 10789 1682
f 1680 10779 10784
f 1680 10784 1681
f 203 4275 10779
f 203 10779 1680
f 4280 4279 10805
f 4280 10805 10804
f 4279 4278 10806
f 4279 10806 10805
f 4278 4277 10807
f 4278 10807 10806
f 4277 4276 10808
f 4277 10808 10807
f 10804 10805 10810
f 10804 10810 10809
f 10805 10806 10811
f 10805 10811 10810
f 10806 10807 10812
f 10806 10812 10811
f 10807 10808 10813
f 10807 10813 10812
f 10809 10810 10815
f 10809 10815 10814
f 10810 10811 10816
f 10810 10816 10815
f 10811 10812 10817
f 10811 10817 10816
f 10812 10813 10818
f 10812 10818 10817
f 10814 10815 10820
f 10814 10820 10819
f 10815 10816 10821
f 10815 10821 10820
f 10816 10817 10822
f 10816 10822 10821
f 10817 10818 10823
f 10817 10823 10822
f 10819 10820 4284
f 10819 4284 4285
f 10820 10821 4283
f 10820 4283 4284
f 10821 10822 4282
f 10821 4282 4283
f 10822 10823 4281
f 10822 4281 4282
f 4276 224 1773
f 4276 1773 10808
f 10808 1773 1774
f 10808 1774 10813
f 10813 1774 1775
f 10813 1775 10818
f 10818 1775 1776
f 10818 1776 10823
f 10823 1776 225
f 10823 225 4281
f 1688 10819 4285
f 1688 4285 205
f 1687 10814 10819
f 1687 10819 1688
f 1686 10809 10814
f 1686 10814 1687
f 1685 10804 10809
f 1685 10809 1686
f 204 4280 10804
f 204 10804 1685
f 4285 4284 10825
f 4285 10825 10824
f 4284 4283 10826
f 4284 10826 10825
f 4283 4282 10827
f 4283 10827 10826
f 4282 4281 10828
f 4282 10828 10827
f 10824 10825 10830
f 10824 10830 10829
f 10825 10826 10831
f 10825 10831 10830
f 10826 10827 10832
f 10826 10832 10831
f 10827 10828 10833
f 10827 10833 10832
f 10829 10830 10835
f 10829 10835 10834
f 10830 10831 10836
f 10830 10836 10835
f 10831 10832 10837
f 10831 10837 10836
f 10832 10833 10838
f 10832 10838 10837
f 10834 10835 10840
f 10834 10840 10839
f 10835 10836 10841
f 10835 10841 10840
f 10836 10837 10842
f 10836 10842 10841
f 10837 10838 10843
f 10837 10843 10842
f 10839 10840 10845
f 10839 10845 10844
f 10840 10841 10846
f 10840 10846 10845
f 10841 10842 10847
f 10841 10847 10846
f 10842 10843 10848
f 10842 10848 10847
f 4281 225 1777
f 4281 1777 10828
f 10828 1777 1778
f 10828 1778 10833
f 10833 1778 1779
f 10833 1779 10838
f 10838 1779 1780
f 10838 1780 10843
f 10843 1780 1781
f 10843 1781 10848
f 10848 1781 226
f 10848 226 4286
f 10847 10848 4286
f 10847 4286 4287
f 10846 10847 4287
f 10846 4287 4288
f 10845 10846 4288
f 10845 4288 4289
f 10844 10845 4289
f 10844 4289 4290
f 1693 10844 4290
f 1693 4290 206
f 1692 10839 10844
f 1692 10844 1693
f 1691 10834 10839
f 1691 10839 1692
f 1690 10829 10834
f 1690 10834 1691
f 1689 10824 10829
f 1689 10829 1690
f 205 4285 10824
f 205 10824 1689
f 4290 4289 10850
f 4290 10850 10849
f 4289 4288 10851
f 4289 10851 10850
f 4288 4287 10852
f 4288 10852 10851
f 4287 4286 10853
f 4287 10853 10852
f 10849 10850 10855
f 10849 10855 10854
f 10850 10851 10856
f 10850 10856 10855
f 10851 10852 10857
f 10851 10857 10856
f 10852 10853 10858
f 10852 10858 10857
f 10854 10855 10860
f 10854 10860 10859
f 10855 10856 10861
f 10855 10861 10860
f 10856 10857 10862
f 10856 10862 10861
f 10857 10858 10863
f 10857 10863 10862
f 10859 10860 10865
f 10859 10865 10864
f 10860 10861 10866
f 10860 10866 10865
f 10861 10862 10867
f 10861 10867 10866
f 10862 10863 10868
f 10862 10868 10867
f 10864 10865 4294
f 10864 4294 4295
f 10865 10866 4293
f 10865 4293 4294
f 10866 10867 4292
f 10866 4292 4293
f 10867 10868 4291
f 10867 4291 4292
f 4286 226 1782
f 4286 1782 10853
f 10853 1782 1783
f 10853 1783 10858
f 10858 1783 1784
f 10858 1784 10863
f 10863 1784 1785
f 10863 1785 10868
f 10868 1785 227
f 10868 227 4291
f 1697 10864 4295
f 1697 4295 207
f 1696 10859 10864
f 1696 10864 1697
f 1695 10854 10859
f 1695 10859 1696
f 1694 10849 10854
f 1694 10854 1695
f 206 4290 10849
f 206 10849 1694
f 4295 4294 10870
f 4295 10870 10869
f 4294 4293 10871
f 4294 10871 10870
f 4293 4292 10872
f 4293 10872 10871
f 4292 4291 10873
f 4292 10873 10872
f 10869 10870 10875
f 10869 10875 10874
f 10870 10871 10876
f 10870 10876 10875
f 10871 10872 10877
f 10871 10877 10876
f 10872 10873 10878
f 10872 10878 10877
f 10874 10875 10880
f 10874 10880 10879
f 10875 10876 10881
f 10875 10881 10880
f 10876 10877 10882
f 10876 10882 10881
f 10877 10878 10883
f 10877 10883 10882
f 10879 10880 10885
f 10879 10885 10884
f 10880 10881 10886
f 10880 10886 10885
f 10881 10882 10887
f 10881 10887 10886
f 10882 10883 10888
f 10882 10888 10887
f 10884 10885 10890
f 10884 10890 10889
f 10885 10886 10891
f 10885 10891 10890
f 10886 10887 10892
f 10886 10892 10891
f 10887 10888 10893
f 10887 10893 10892
f 4291 227 1786
f 4291 1786 10873
f 10873 1786 1787
f 10873 1787 10878
f 10878 1787 1788
f 10878 1788 10883
f 10883 1788 1789
f 10883 1789 10888
f 10888 1789 1790
f 10888 1790 10893
f 10893 1790 228
f 10893 228 4296
f 10892 10893 4296
f 10892 4296 4297
f 10891 10892 4297
f 10891 4297 4298
f 10890 10891 4298
f 10890 4298 4299
f 10889 10890 4299
f 10889 4299 4300
f 1702 10889 4300
f 1702 4300 208
f 1701 10884 10889
f 1701 10889 1702
f 1700 10879 10884
f 1700 10884 1701
f 1699 10874 10879
f 1699 10879 1700
f 1698 10869 10874
f 1698 10874 1699
f 207 4295 10869
f 207 10869 1698
f 4300 4299 10895
f 4300 10895 10894
f 4299 4298 10896
f 4299 10896 10895
f 4298 4297 10897
f 4298 10897 10896
f 4297 4296 10898
f 4297 10898 10897
f 10894 10895 10900
f 10894 10900 10899
f 10895 10896 10901
f 10895 10901 10900
f 10896 10897 10902
f 10896 10902 10901
f 10897 10898 10903
f 10897 10903 10902
f 10899 10900 10905
f 10899 10905 10904
f 10900 10901 10906
f 10900 10906 10905
f 10901 10902 10907
f 10901 10907 10906
f 10902 10903 10908
f 10902 10908 10907
f 10904 10905 10910
f 10904 10910 10909
f 10905 10906 10911
f 10905 10911 10910
f 10906 10907 10912
f 10906 10912 10911
f 10907 10908 10913
f 10907 10913 10912
f 10909 10910 4304
f 10909 4304 4305
f 10910 10911 4303
f 10910 4303 4304
f 10911 10912 4302
f 10911 4302 4303
f 10912 10913 4301
f 10912 4301 4302
f 4296 228 1791
f 4296 1791 10898
f 10898 1791 1792
f 10898 1792 10903
f 10903 1792 1793
f 10903 1793 10908
f 10908 1793 1794
f 10908 1794 10913
f 10913 1794 229
f 10913 229 4301
f 1706 10909 4305
f 1706 4305 209
f 1705 10904 10909
f 1705 10909 1706
f 1704 10899 10904
f 1704 10904 1705
f 1703 10894 10899
f 1703 10899 1704
f 208 4300 10894
f 208 10894 1703
f 4305 4304 10915
f 4305 10915 10914
f 4304 4303 10916
f 4304 10916 10915
f 4303 4302 10917
f 4303 10917 10916
f 4302 4301 10918
f 4302 10918 10917
f 10914 10915 10920
f 10914 10920 10919
f 10915 10916 10921
f 10915 10921 10920
f 10916 10917 10922
f 10916 10922 10921
f 10917 10918 10923
f 10917 10923 10922
f 10919 10920 10925
f 10919 10925 10924
f 10920 10921 10926
f 10920 10926 10925
f 10921 10922 10927
f 10921 10927 10926
f 10922 10923 10928
f 10922 10928 10927
f 10924 10925 10930
f 10924 10930 10929
f 10925 10926 10931
f 10925 10931 10930
f 10926 10927 10932
f 10926 10932 10931
f 10927 10928 10933
f 10927 10933 10932
f 10929 10930 4309
f 10929 4309 4310
f 10930 10931 4308
f 10930 4308 4309
f 10931 10932 4307
f 10931 4307 4308
f 10932 10933 4306
f 10932 4306 4307
f 4301 229 1795
f 4301 1795 10918
f 10918 1795 1796
f 10918 1796 10923
f 10923 1796 1797
f 10923 1797 10928
f 10928 1797 1798
f 10928 1798 10933
f 10933 1798 230
f 10933 230 4306
f 1710 10929 4310
f 1710 4310 210
f 1709 10924 10929
f 1709 10929 1710
f 1708 10919 10924
f 1708 10924 1709
f 1707 10914 10919
f 1707 10919 1708
f 209 4305 10914
f 209 10914 1707
f 10934 10935 10940
f 10934 10940 10939
f 10935 10936 10941
f 10935 10941 10940
f 10936 10937 10942
f 10936 10942 10941
f 10937 10938 10943
f 10937 10943 10942
f 10939 10940 10945
f 10939 10945 10944
f 10940 10941 10946
f 10940 10946 10945
f 10941 10942 10947
f 10941 10947 10946
f 10942 10943 10948
f 10942 10948 10947
f 10944 10945 10950
f 10944 10950 10949
f 10945 10946 10951
f 10945 10951 10950
f 10946 10947 10952
f 10946 10952 10951
f 10947 10948 10953
f 10947 10953 10952
f 10949 10950 10955
f 10949 10955 10954
f 10950 10951 10956
f 10950 10956 10955
f 10951 10952 10957
f 10951 10957 10956
f 10952 10953 10958
f 10952 10958 10957
f 10954 10955 4314
f 10954 4314 4315
f 10955 10956 4313
f 10955 4313 4314
f 10956 10957 4312
f 10956 4312 4313
f 10957 10958 4311
f 10957 4311 4312
f 210 4310 10934
f 210 10934 1711
f 4310 4309 10935
f 4310 10935 10934
f 4309 4308 10936
f 4309 10936 10935
f 4308 4307 10937
f 4308 10937 10936
f 4307 4306 10938
f 4307 10938 10937
f 4306 230 1799
f 4306 1799 10938
f 10938 1799 1800
f 10938 1800 10943
f 10943 1800 1801
f 10943 1801 10948
f 10948 1801 1802
f 10948 1802 10953
f 10953 1802 1803
f 10953 1803 10958
f 10958 1803 231
f 10958 231 4311
f 1715 10954 4315
f 1715 4315 211
f 1714 10949 10954
f 1714 10954 1715
f 1713 10944 10949
f 1713 10949 1714
f 1712 10939 10944
f 1712 10944 1713
f 1711 10934 10939
f 1711 10939 1712
f 4315 4314 10960
f 4315 10960 10959
f 4314 4313 10961
f 4314 10961 10960
f 4313 4312 10962
f 4313 10962 10961
f 4312 4311 10963
f 4312 10963 10962
f 10959 10960 10965
f 10959 10965 10964
f 10960 10961 10966
f 10960 10966 10965
f 10961 10962 10967
f 10961 10967 10966
f 10962 10963 10968
f 10962 10968 10967
f 10964 10965 10970
f 10964 10970 10969
f 10965 10966 10971
f 10965 10971 10970
f 10966 10967 10972
f 10966 10972 10971
f 10967 10968 10973
f 10967 10973 10972
f 10969 10970 10975
f 10969 10975 10974
f 10970 10971 10976
f 10970 10976 10975
f 10971 10972 10977
f 10971 10977 10976
f 10972 10973 10978
f 10972 10978 10977
f 10974 10975 4319
f 10974 4319 4320
f 10975 10976 4318
f 10975 4318 4319
f 10976 10977 4317
f 10976 4317 4318
f 10977 10978 4316
f 10977 4316 4317
f 4311 231 1804
f 4311 1804 10963
f 10963 1804 1805
f 10963 1805 10968
f 10968 1805 1806
f 10968 1806 10973
f 10973 1806 1807
f 10973 1807 10978
f 10978 1807 232
f 10978 232 4316
f 1719 10974 4320
f 1719 4320 212
f 1718 10969 10974
f 1718 10974 1719
f 1717 10964 10969
f 1717 10969 1718
f 1716 10959 10964
f 1716 10964 1717
f 211 4315 10959
f 211 10959 1716
f 10979 10980 10985
f 10979 10985 10984
f 10980 10981 10986
f 10980 10986 10985
f 10981 10982 10987
f 10981 10987 10986
f 10982 10983 10988
f 10982 10988 10987
f 10984 10985 10990
f 10984 10990 10989
f 10985 10986 10991
f 10985 10991 10990
f 10986 10987 10992
f 10986 10992 10991
f 10987 10988 10993
f 10987 10993 10992
f 10989 10990 10995
f 10989 10995 10994
f 10990 10991 10996
f 10990 10996 10995
f 10991 10992 10997
f 10991 10997 10996
f 10992 10993 10998
f 10992 10998 10997
f 10994 10995 11000
f 10994 11000 10999
f 10995 10996 11001
f 10995 11001 11000
f 10996 10997 11002
f 10996 11002 11001
f 10997 10998 11003
f 10997 11003 11002
f 10999 11000 4324
f 10999 4324 4325
f 11000 11001 4323
f 11000 4323 4324
f 11001 11002 4322
f 11001 4322 4323
f 11002 11003 4321
f 11002 4321 4322
f 212 4320 10979
f 212 10979 1720
f 4320 4319 10980
f 4320 10980 10979
f 4319 4318 10981
f 4319 10981 10980
f 4318 4317 10982
f 4318 10982 10981
f 4317 4316 10983
f 4317 10983 10982
f 4316 232 1808
f 4316 1808 10983
f 10983 1808 1809
f 10983 1809 10988
f 10988 1809 1810
f 10988 1810 10993
f 10993 1810 1811
f 10993 1811 10998
f 10998 1811 1812
f 10998 1812 11003
f 11003 1812 233
f 11003 233 4321
f 1724 10999 4325
f 1724 4325 213
f 1723 10994 10999
f 1723 10999 1724
f 1722 10989 10994
f 1722 10994 1723
f 1721 10984 10989
f 1721 10989 1722
f 1720 10979 10984
f 1720 10984 1721
f 4325 4324 11005
f 4325 11005 11004
f 4324 4323 11006
f 4324 11006 11005
f 4323 4322 11007
f 4323 11007 11006
f 4322 4321 11008
f 4322 11008 11007
f 11004 11005 11010
f 11004 11010 11009
f 11005 11006 11011
f 11005 11011 11010
f 11006 11007 11012
f 11006 11012 11011
f 11007 11008 11013
f 11007 11013 11012
f 11009 11010 11015
f 11009 11015 11014
f 11010 11011 11016
f 11010 11016 11015
f 11011 11012 11017
f 11011 11017 11016
f 11012 11013 11018
f 11012 11018 11017
f 11014 11015 11020
f 11014 11020 11019
f 11015 11016 11021
f 11015 11021 11020
f 11016 11017 11022
f 11016 11022 11021
f 11017 11018 11023
f 11017 11023 11022
f 11019 11020 4329
f 11019 4329 4330
f 11020 11021 4328
f 11020 4328 4329
f 11021 11022 4327
f 11021 4327 4328
f 11022 11023 4326
f 11022 4326 4327
f 4321 233 1813
f 4321 1813 11008
f 11008 1813 1814
f 11008 1814 11013
f 11013 1814 1815
f 11013 1815 11018
f 11018 1815 1816
f 11018 1816 11023
f 11023 1816 234
f 11023 234 4326
f 1728 11019 4330
f 1728 4330 214
f 1727 11014 11019
f 1727 11019 1728
f 1726 11009 11014
f 1726 11014 1727
f 1725 11004 11009
f 1725 11009 1726
f 213 4325 11004
f 213 11004 1725
f 6 757 11024
f 6 11024 1117
f 757 756 11025
f 757 11025 11024
f 756 755 11026
f 756 11026 11025
f 755 29 1641
f 755 1641 11026
f 1117 11024 11027
f 1117 11027 1118
f 11024 11025 11028
f 11024 11028 11027
f 11025 11026 11029
f 11025 11029 11028
f 11026 1641 1642
f 11026 1642 11029
f 1118 11027 11030
f 1118 11030 1119
f 11027 11028 11031
f 11027 11031 11030
f 11028 11029 11032
f 11028 11032 11031
f 11029 1642 1643
f 11029 1643 11032
f 1119 11030 4333
f 1119 4333 75
f 11030 11031 4332
f 11030 4332 4333
f 11031 11032 4331
f 11031 4331 4332
f 11032 1643 195
f 11032 195 4331
f 1120 11033 11036
f 1120 11036 1121
f 11033 11034 11037
f 11033 11037 11036
f 11034 11035 11038
f 11034 11038 11037
f 11035 1644 1645
f 11035 1645 11038
f 1121 11036 11039
f 1121 11039 1122
f 11036 11037 11040
f 11036 11040 11039
f 11037 11038 11041
f 11037 11041 11040
f 11038 1645 1646
f 11038 1646 11041
f 1122 11039 11042
f 1122 11042 1123
f 11039 11040 11043
f 11039 11043 11042
f 11040 11041 11044
f 11040 11044 11043
f 11041 1646 1647
f 11041 1647 11044
f 1123 11042 11045
f 1123 11045 1124
f 11042 11043 11046
f 11042 11046 11045
f 11043 11044 11047
f 11043 11047 11046
f 11044 1647 1648
f 11044 1648 11047
f 1124 11045 4336
f 1124 4336 76
f 11045 11046 4335
f 11045 4335 4336
f 11046 11047 4334
f 11046 4334 4335
f 11047 1648 196
f 11047 196 4334
f 75 4333 11033
f 75 11033 1120
f 4333 4332 11034
f 4333 11034 11033
f 4332 4331 11035
f 4332 11035 11034
f 4331 195 1644
f 4331 1644 11035
f 76 4336 11048
f 76 11048 1125
f 4336 4335 11049
f 4336 11049 11048
f 4335 4334 11050
f 4335 11050 11049
f 4334 196 1649
f 4334 1649 11050
f 1125 11048 11051
f 1125 11051 1126
f 11048 11049 11052
f 11048 11052 11051
f 11049 11050 11053
f 11049 11053 11052
f 11050 1649 1650
f 11050 1650 11053
f 1126 11051 11054
f 1126 11054 1127
f 11051 11052 11055
f 11051 11055 11054
f 11052 11053 11056
f 11052 11056 11055
f 11053 1650 1651
f 11053 1651 11056
f 1127 11054 11057
f 1127 11057 1128
f 11054 11055 11058
f 11054 11058 11057
f 11055 11056 11059
f 11055 11059 11058
f 11056 1651 1652
f 11056 1652 11059
f 1128 11057 4339
f 1128 4339 77
f 11057 11058 4338
f 11057 4338 4339
f 11058 11059 4337
f 11058 4337 4338
f 11059 1652 197
f 11059 197 4337
f 1129 11060 11063
f 1129 11063 1130
f 11060 11061 11064
f 11060 11064 11063
f 11061 11062 11065
f 11061 11065 11064
f 11062 1653 1654
f 11062 1654 11065
f 1130 11063 11066
f 1130 11066 1131
f 11063 11064 11067
f 11063 11067 11066
f 11064 11065 11068
f 11064 11068 11067
f 11065 1654 1655
f 11065 1655 11068
f 1131 11066 11069
f 1131 11069 1132
f 11066 11067 11070
f 11066 11070 11069
f 11067 11068 11071
f 11067 11071 11070
f 11068 1655 1656
f 11068 1656 11071
f 1132 11069 11072
f 1132 11072 1133
f 11069 11070 11073
f 11069 11073 11072
f 11070 11071 11074
f 11070 11074 11073
f 11071 1656 1657
f 11071 1657 11074
f 77 4339 11060
f 77 11060 1129
f 4339 4338 11061
f 4339 11061 11060
f 4338 4337 11062
f 4338 11062 11061
f 4337 197 1653
f 4337 1653 11062
f 11074 1657 198
f 11074 198 4340
f 11073 11074 4340
f 11073 4340 4341
f 11072 11073 4341
f 11072 4341 4342
f 1133 11072 4342
f 1133 4342 78
f 78 4342 11075
f 78 11075 1134
f 4342 4341 11076
f 4342 11076 11075
f 4341 4340 11077
f 4341 11077 11076
f 4340 198 1658
f 4340 1658 11077
f 1134 11075 11078
f 1134 11078 1135
f 11075 11076 11079
f 11075 11079 11078
f 11076 11077 11080
f 11076 11080 11079
f 11077 1658 1659
f 11077 1659 11080
f 1135 11078 11081
f 1135 11081 1136
f 11078 11079 11082
f 11078 11082 11081
f 11079 11080 11083
f 11079 11083 11082
f 11080 1659 1660
f 11080 1660 11083
f 1136 11081 11084
f 1136 11084 1137
f 11081 11082 11085
f 11081 11085 11084
f 11082 11083 11086
f 11082 11086 11085
f 11083 1660 1661
f 11083 1661 11086
f 1137 11084 4345
f 1137 4345 79
f 11084 11085 4344
f 11084 4344 4345
f 11085 11086 4343
f 11085 4343 4344
f 11086 1661 199
f 11086 199 4343
f 1138 11087 11090
f 1138 11090 1139
f 11087 11088 11091
f 11087 11091 11090
f 11088 11089 11092
f 11088 11092 11091
f 11089 1662 1663
f 11089 1663 11092
f 1139 11090 11093
f 1139 11093 1140
f 11090 11091 11094
f 11090 11094 11093
f 11091 11092 11095
f 11091 11095 11094
f 11092 1663 1664
f 11092 1664 11095
f 1140 11093 11096
f 1140 11096 1141
f 11093 11094 11097
f 11093 11097 11096
f 11094 11095 11098
f 11094 11098 11097
f 11095 1664 1665
f 11095 1665 11098
f 1141 11096 11099
f 1141 11099 1142
f 11096 11097 11100
f 11096 11100 11099
f 11097 11098 11101
f 11097 11101 11100
f 11098 1665 1666
f 11098 1666 11101
f 79 4345 11087
f 79 11087 1138
f 4345 4344 11088
f 4345 11088 11087
f 4344 4343 11089
f 4344 11089 11088
f 4343 199 1662
f 4343 1662 11089
f 11101 1666 200
f 11101 200 4346
f 11100 11101 4346
f 11100 4346 4347
f 11099 11100 4347
f 11099 4347 4348
f 1142 11099 4348
f 1142 4348 80
f 80 4348 11102
f 80 11102 1143
f 4348 4347 11103
f 4348 11103 11102
f 4347 4346 11104
f 4347 11104 11103
f 4346 200 1667
f 4346 1667 11104
f 1143 11102 11105
f 1143 11105 1144
f 11102 11103 11106
f 11102 11106 11105
f 11103 11104 11107
f 11103 11107 11106
f 11104 1667 1668
f 11104 1668 11107
f 1144 11105 11108
f 1144 11108 1145
f 11105 11106 11109
f 11105 11109 11108
f 11106 11107 11110
f 11106 11110 11109
f 11107 1668 1669
f 11107 1669 11110
f 1145 11108 11111
f 1145 11111 1146
f 11108 11109 11112
f 11108 11112 11111
f 11109 11110 11113
f 11109 11113 11112
f 11110 1669 1670
f 11110 1670 11113
f 1146 11111 4351
f 1146 4351 81
f 11111 11112 4350
f 11111 4350 4351
f 11112 11113 4349
f 11112 4349 4350
f 11113 1670 201
f 11113 201 4349
f 1147 11114 11117
f 1147 11117 1148
f 11114 11115 11118
f 11114 11118 11117
f 11115 11116 11119
f 11115 11119 11118
f 11116 1671 1672
f 11116 1672 11119
f 1148 11117 11120
f 1148 11120 1149
f 11117 11118 11121
f 11117 11121 11120
f 11118 11119 11122
f 11118 11122 11121
f 11119 1672 1673
f 11119 1673 11122
f 1149 11120 11123
f 1149 11123 1150
f 11120 11121 11124
f 11120 11124 11123
f 11121 11122 11125
f 11121 11125 11124
f 11122 1673 1674
f 11122 1674 11125
f 1150 11123 11126
f 1150 11126 1151
f 11123 11124 11127
f 11123 11127 11126
f 11124 11125 11128
f 11124 11128 11127
f 11125 1674 1675
f 11125 1675 11128
f 81 4351 11114
f 81 11114 1147
f 4351 4350 11115
f 4351 11115 11114
f 4350 4349 11116
f 4350 11116 11115
f 4349 201 1671
f 4349 1671 11116
f 11128 1675 202
f 11128 202 4352
f 11127 11128 4352
f 11127 4352 4353
f 11126 11127 4353
f 11126 4353 4354
f 1151 11126 4354
f 1151 4354 82
f 82 4354 11129
f 82 11129 1152
f 4354 4353 11130
f 4354 11130 11129
f 4353 4352 11131
f 4353 11131 11130
f 4352 202 1676
f 4352 1676 11131
f 1152 11129 11132
f 1152 11132 1153
f 11129 11130 11133
f 11129 11133 11132
f 11130 11131 11134
f 11130 11134 11133
f 11131 1676 1677
f 11131 1677 11134
f 1153 11132 11135
f 1153 11135 1154
f 11132 11133 11136
f 11132 11136 11135
f 11133 11134 11137
f 11133 11137 11136
f 11134 1677 1678
f 11134 1678 11137
f 1154 11135 11138
f 1154 11138 1155
f 11135 11136 11139
f 11135 11139 11138
f 11136 11137 11140
f 11136 11140 11139
f 11137 1678 1679
f 11137 1679 11140
f 1155 11138 4357
f 1155 4357 83
f 11138 11139 4356
f 11138 4356 4357
f 11139 11140 4355
f 11139 4355 4356
f 11140 1679 203
f 11140 203 4355
f 83 4357 11141
f 83 11141 1156
f 4357 4356 11142
f 4357 11142 11141
f 4356 4355 11143
f 4356 11143 11142
f 4355 203 1680
f 4355 1680 11143
f 1156 11141 11144
f 1156 11144 1157
f 11141 11142 11145
f 11141 11145 11144
f 11142 11143 11146
f 11142 11146 11145
f 11143 1680 1681
f 11143 1681 11146
f 1157 11144 11147
f 1157 11147 1158
f 11144 11145 11148
f 11144 11148 11147
f 11145 11146 11149
f 11145 11149 11148
f 11146 1681 1682
f 11146 1682 11149
f 1158 11147 11150
f 1158 11150 1159
f 11147 11148 11151
f 11147 11151 11150
f 11148 11149 11152
f 11148 11152 11151
f 11149 1682 1683
f 11149 1683 11152
f 1159 11150 11153
f 1159 11153 1160
f 11150 11151 11154
f 11150 11154 11153
f 11151 11152 11155
f 11151 11155 11154
f 11152 1683 1684
f 11152 1684 11155
f 11155 1684 204
f 11155 204 4358
f 11154 11155 4358
f 11154 4358 4359
f 11153 11154 4359
f 11153 4359 4360
f 1160 11153 4360
f 1160 4360 84
f 84 4360 11156
f 84 11156 1161
f 4360 4359 11157
f 4360 11157 11156
f 4359 4358 11158
f 4359 11158 11157
f 4358 204 1685
f 4358 1685 11158
f 1161 11156 11159
f 1161 11159 1162
f 11156 11157 11160
f 11156 11160 11159
f 11157 11158 11161
f 11157 11161 11160
f 11158 1685 1686
f 11158 1686 11161
f 1162 11159 11162
f 1162 11162 1163
f 11159 11160 11163
f 11159 11163 11162
f 11160 11161 11164
f 11160 11164 11163
f 11161 1686 1687
f 11161 1687 11164
f 1163 11162 11165
f 1163 11165 1164
f 11162 11163 11166
f 11162 11166 11165
f 11163 11164 11167
f 11163 11167 11166
f 11164 1687 1688
f 11164 1688 11167
f 1164 11165 4363
f 1164 4363 85
f 11165 11166 4362
f 11165 4362 4363
f 11166 11167 4361
f 11166 4361 4362
f 11167 1688 205
f 11167 205 4361
f 85 4363 11168
f 85 11168 1165
f 4363 4362 11169
f 4363 11169 11168
f 4362 4361 11170
f 4362 11170 11169
f 4361 205 1689
f 4361 1689 11170
f 1165 11168 11171
f 1165 11171 1166
f 11168 11169 11172
f 11168 11172 11171
f 11169 11170 11173
f 11169 11173 11172
f 11170 1689 1690
f 11170 1690 11173
f 1166 11171 11174
f 1166 11174 1167
f 11171 11172 11175
f 11171 11175 11174
f 11172 11173 11176
f 11172 11176 11175
f 11173 1690 1691
f 11173 1691 11176
f 1167 11174 11177
f 1167 11177 1168
f 11174 11175 11178
f 11174 11178 11177
f 11175 11176 11179
f 11175 11179 11178
f 11176 1691 1692
f 11176 1692 11179
f 1168 11177 11180
f 1168 11180 1169
f 11177 11178 11181
f 11177 11181 11180
f 11178 11179 11182
f 11178 11182 11181
f 11179 1692 1693
f 11179 1693 11182
f 11182 1693 206
f 11182 206 4364
f 11181 11182 4364
f 11181 4364 4365
f 11180 11181 4365
f 11180 4365 4366
f 1169 11180 4366
f 1169 4366 86
f 86 4366 11183
f 86 11183 1170
f 4366 4365 11184
f 4366 11184 11183
f 4365 4364 11185
f 4365 11185 11184
f 4364 206 1694
f 4364 1694 11185
f 1170 11183 11186
f 1170 11186 1171
f 11183 11184 11187
f 11183 11187 11186
f 11184 11185 11188
f 11184 11188 11187
f 11185 1694 1695
f 11185 1695 11188
f 1171 11186 11189
f 1171 11189 1172
f 11186 11187 11190
f 11186 11190 11189
f 11187 11188 11191
f 11187 11191 11190
f 11188 1695 1696
f 11188 1696 11191
f 1172 11189 11192
f 1172 11192 1173
f 11189 11190 11193
f 11189 11193 11192
f 11190 11191 11194
f 11190 11194 11193
f 11191 1696 1697
f 11191 1697 11194
f 1173 11192 4369
f 1173 4369 87
f 11192 11193 4368
f 11192 4368 4369
f 11193 11194 4367
f 11193 4367 4368
f 11194 1697 207
f 11194 207 4367
f 87 4369 11195
f 87 11195 1174
f 4369 4368 11196
f 4369 11196 11195
f 4368 4367 11197
f 4368 11197 11196
f 4367 207 1698
f 4367 1698 11197
f 1174 11195 11198
f 1174 11198 1175
f 11195 11196 11199
f 11195 11199 11198
f 11196 11197 11200
f 11196 11200 11199
f 11197 1698 1699
f 11197 1699 11200
f 1175 11198 11201
f 1175 11201 1176
f 11198 11199 11202
f 11198 11202 11201
f 11199 11200 11203
f 11199 11203 11202
f 11200 1699 1700
f 11200 1700 11203
f 1176 11201 11204
f 1176 11204 1177
f 11201 11202 11205
f 11201 11205 11204
f 11202 11203 11206
f 11202 11206 11205
f 11203 1700 1701
f 11203 1701 11206
f 1177 11204 11207
f 1177 11207 1178
f 11204 11205 11208
f 11204 11208 11207
f 11205 11206 11209
f 11205 11209 11208
f 11206 1701 1702
f 11206 1702 11209
f 11209 1702 208
f 11209 208 4370
f 11208 11209 4370
f 11208 4370 4371
f 11207 11208 4371
f 11207 4371 4372
f 1178 11207 4372
f 1178 4372 88
f 88 4372 11210
f 88 11210 1179
f 4372 4371 11211
f 4372 11211 11210
f 4371 4370 11212
f 4371 11212 11211
f 4370 208 1703
f 4370 1703 11212
f 1179 11210 11213
f 1179 11213 1180
f 11210 11211 11214
f 11210 11214 11213
f 11211 11212 11215
f 11211 11215 11214
f 11212 1703 1704
f 11212 1704 11215
f 1180 11213 11216
f 1180 11216 1181
f 11213 11214 11217
f 11213 11217 11216
f 11214 11215 11218
f 11214 11218 11217
f 11215 1704 1705
f 11215 1705 11218
f 1181 11216 11219
f 1181 11219 1182
f 11216 11217 11220
f 11216 11220 11219
f 11217 11218 11221
f 11217 11221 11220
f 11218 1705 1706
f 11218 1706 11221
f 1182 11219 4375
f 1182 4375 89
f 11219 11220 4374
f 11219 4374 4375
f 11220 11221 4373
f 11220 4373 4374
f 11221 1706 209
f 11221 209 4373
f 89 4375 11222
f 89 11222 1183
f 4375 4374 11223
f 4375 11223 11222
f 4374 4373 11224
f 4374 11224 11223
f 4373 209 1707
f 4373 1707 11224
f 1183 11222 11225
f 1183 11225 1184
f 11222 11223 11226
f 11222 11226 11225
f 11223 11224 11227
f 11223 11227 11226
f 11224 1707 1708
f 11224 1708 11227
f 1184 11225 11228
f 1184 11228 1185
f 11225 11226 11229
f 11225 11229 11228
f 11226 11227 11230
f 11226 11230 11229
f 11227 1708 1709
f 11227 1709 11230
f 1185 11228 11231
f 1185 11231 1186
f 11228 11229 11232
f 11228 11232 11231
f 11229 11230 11233
f 11229 11233 11232
f 11230 1709 1710
f 11230 1710 11233
f 1186 11231 4378
f 1186 4378 90
f 11231 11232 4377
f 11231 4377 4378
f 11232 11233 4376
f 11232 4376 4377
f 11233 1710 210
f 11233 210 4376
f 1187 11234 11237
f 1187 11237 1188
f 11234 11235 11238
f 11234 11238 11237
f 11235 11236 11239
f 11235 11239 11238
f 11236 1711 1712
f 11236 1712 11239
f 1188 11237 11240
f 1188 11240 1189
f 11237 11238 11241
f 11237 11241 11240
f 11238 11239 11242
f 11238 11242 11241
f 11239 1712 1713
f 11239 1713 11242
f 1189 11240 11243
f 1189 11243 1190
f 11240 11241 11244
f 11240 11244 11243
f 11241 11242 11245
f 11241 11245 11244
f 11242 1713 1714
f 11242 1714 11245
f 1190 11243 11246
f 1190 11246 1191
f 11243 11244 11247
f 11243 11247 11246
f 11244 11245 11248
f 11244 11248 11247
f 11245 1714 1715
f 11245 1715 11248
f 1191 11246 4381
f 1191 4381 91
f 11246 11247 4380
f 11246 4380 4381
f 11247 11248 4379
f 11247 4379 4380
f 11248 1715 211
f 11248 211 4379
f 90 4378 11234
f 90 11234 1187
f 4378 4377 11235
f 4378 11235 11234
f 4377 4376 11236
f 4377 11236 11235
f 4376 210 1711
f 4376 1711 11236
f 91 4381 11249
f 91 11249 1192
f 4381 4380 11250
f 4381 11250 11249
f 4380 4379 11251
f 4380 11251 11250
f 4379 211 1716
f 4379 1716 11251
f 1192 11249 11252
f 1192 11252 1193
f 11249 11250 11253
f 11249 11253 11252
f 11250 11251 11254
f 11250 11254 11253
f 11251 1716 1717
f 11251 1717 11254
f 1193 11252 11255
f 1193 11255 1194
f 11252 11253 11256
f 11252 11256 11255
f 11253 11254 11257
f 11253 11257 11256
f 11254 1717 1718
f 11254 1718 11257
f 1194 11255 11258
f 1194 11258 1195
f 11255 11256 11259
f 11255 11259 11258
f 11256 11257 11260
f 11256 11260 11259
f 11257 1718 1719
f 11257 1719 11260
f 1195 11258 4384
f 1195 4384 92
f 11258 11259 4383
f 11258 4383 4384
f 11259 11260 4382
f 11259 4382 4383
f 11260 1719 212
f 11260 212 4382
f 1196 11261 11264
f 1196 11264 1197
f 11261 11262 11265
f 11261 11265 11264
f 11262 11263 11266
f 11262 11266 11265
f 11263 1720 1721
f 11263 1721 11266
f 1197 11264 11267
f 1197 11267 1198
f 11264 11265 11268
f 11264 11268 11267
f 11265 11266 11269
f 11265 11269 11268
f 11266 1721 1722
f 11266 1722 11269
f 1198 11267 11270
f 1198 11270 1199
f 11267 11268 11271
f 11267 11271 11270
f 11268 11269 11272
f 11268 11272 11271
f 11269 1722 1723
f 11269 1723 11272
f 1199 11270 11273
f 1199 11273 1200
f 11270 11271 11274
f 11270 11274 11273
f 11271 11272 11275
f 11271 11275 11274
f 11272 1723 1724
f 11272 1724 11275
f 1200 11273 4387
f 1200 4387 93
f 11273 11274 4386
f 11273 4386 4387
f 11274 11275 4385
f 11274 4385 4386
f 11275 1724 213
f 11275 213 4385
f 92 4384 11261
f 92 11261 1196
f 4384 4383 11262
f 4384 11262 11261
f 4383 4382 11263
f 4383 11263 11262
f 4382 212 1720
f 4382 1720 11263
f 93 4387 11276
f 93 11276 1201
f 4387 4386 11277
f 4387 11277 11276
f 4386 4385 11278
f 4386 11278 11277
f 4385 213 1725
f 4385 1725 11278
f 1201 11276 11279
f 1201 11279 1202
f 11276 11277 11280
f 11276 11280 11279
f 11277 11278 11281
f 11277 11281 11280
f 11278 1725 1726
f 11278 1726 11281
f 1202 11279 11282
f 1202 11282 1203
f 11279 11280 11283
f 11279 11283 11282
f 11280 11281 11284
f 11280 11284 11283
f 11281 1726 1727
f 11281 1727 11284
f 1203 11282 11285
f 1203 11285 1204
f 11282 11283 11286
f 11282 11286 11285
f 11283 11284 11287
f 11283 11287 11286
f 11284 1727 1728
f 11284 1728 11287
f 1204 11285 4390
f 1204 4390 94
f 11285 11286 4389
f 11285 4389 4390
f 11286 11287 4388
f 11286 4388 4389
f 11287 1728 214
f 11287 214 4388
f 21 800 11288
f 21 11288 2323
f 800 799 11289
f 800 11289 11288
f 799 798 11290
f 799 11290 11289
f 798 797 11291
f 798 11291 11290
f 2323 11288 11292
f 2323 11292 2324
f 11288 11289 11293
f 11288 11293 11292
f 11289 11290 11294
f 11289 11294 11293
f 11290 11291 11295
f 11290 11295 11294
f 2324 11292 11296
f 2324 11296 2325
f 11292 11293 11297
f 11292 11297 11296
f 11293 11294 11298
f 11293 11298 11297
f 11294 11295 11299
f 11294 11299 11298
f 2325 11296 4394
f 2325 4394 355
f 11296 11297 4393
f 11296 4393 4394
f 11297 11298 4392
f 11297 4392 4393
f 11298 11299 4391
f 11298 4391 4392
f 797 16 771
f 797 771 11291
f 11291 771 770
f 11291 770 11295
f 11295 770 769
f 11295 769 11299
f 11299 769 154
f 11299 154 4391
f 2326 11300 11304
f 2326 11304 2327
f 11300 11301 11305
f 11300 11305 11304
f 11301 11302 11306
f 11301 11306 11305
f 11302 11303 11307
f 11302 11307 11306
f 2327 11304 11308
f 2327 11308 2328
f 11304 11305 11309
f 11304 11309 11308
f 11305 11306 11310
f 11305 11310 11309
f 11306 11307 11311
f 11306 11311 11310
f 2328 11308 11312
f 2328 11312 2329
f 11308 11309 11313
f 11308 11313 11312
f 11309 11310 11314
f 11309 11314 11313
f 11310 11311 11315
f 11310 11315 11314
f 2329 11312 11316
f 2329 11316 2330
f 11312 11313 11317
f 11312 11317 11316
f 11313 11314 11318
f 11313 11318 11317
f 11314 11315 11319
f 11314 11319 11318
f 2330 11316 4398
f 2330 4398 356
f 11316 11317 4397
f 11316 4397 4398
f 11317 11318 4396
f 11317 4396 4397
f 11318 11319 4395
f 11318 4395 4396
f 355 4394 11300
f 355 11300 2326
f 4394 4393 11301
f 4394 11301 11300
f 4393 4392 11302
f 4393 11302 11301
f 4392 4391 11303
f 4392 11303 11302
f 4391 154 1467
f 4391 1467 11303
f 11303 1467 1466
f 11303 1466 11307
f 11307 1466 1465
f 11307 1465 11311
f 11311 1465 1464
f 11311 1464 11315
f 11315 1464 1463
f 11315 1463 11319
f 11319 1463 153
f 11319 153 4395
f 356 4398 11320
f 356 11320 2331
f 4398 4397 11321
f 4398 11321 11320
f 4397 4396 11322
f 4397 11322 11321
f 4396 4395 11323
f 4396 11323 11322
f 2331 11320 11324
f 2331 11324 2332
f 11320 11321 11325
f 11320 11325 11324
f 11321 11322 11326
f 11321 11326 11325
f 11322 11323 11327
f 11322 11327 11326
f 2332 11324 11328
f 2332 11328 2333
f 11324 11325 11329
f 11324 11329 11328
f 11325 11326 11330
f 11325 11330 11329
f 11326 11327 11331
f 11326 11331 11330
f 2333 11328 11332
f 2333 11332 2334
f 11328 11329 11333
f 11328 11333 11332
f 11329 11330 11334
f 11329 11334 11333
f 11330 11331 11335
f 11330 11335 11334
f 2334 11332 4402
f 2334 4402 357
f 11332 11333 4401
f 11332 4401 4402
f 11333 11334 4400
f 11333 4400 4401
f 11334 11335 4399
f 11334 4399 4400
f 4395 153 1462
f 4395 1462 11323
f 11323 1462 1461
f 11323 1461 11327
f 11327 1461 1460
f 11327 1460 11331
f 11331 1460 1459
f 11331 1459 11335
f 11335 1459 152
f 11335 152 4399
f 2335 11336 11340
f 2335 11340 2336
f 11336 11337 11341
f 11336 11341 11340
f 11337 11338 11342
f 11337 11342 11341
f 11338 11339 11343
f 11338 11343 11342
f 2336 11340 11344
f 2336 11344 2337
f 11340 11341 11345
f 11340 11345 11344
f 11341 11342 11346
f 11341 11346 11345
f 11342 11343 11347
f 11342 11347 11346
f 2337 11344 11348
f 2337 11348 2338
f 11344 11345 11349
f 11344 11349 11348
f 11345 11346 11350
f 11345 11350 11349
f 11346 11347 11351
f 11346 11351 11350
f 2338 11348 11352
f 2338 11352 2339
f 11348 11349 11353
f 11348 11353 11352
f 11349 11350 11354
f 11349 11354 11353
f 11350 11351 11355
f 11350 11355 11354
f 357 4402 11336
f 357 11336 2335
f 4402 4401 11337
f 4402 11337 11336
f 4401 4400 11338
f 4401 11338 11337
f 4400 4399 11339
f 4400 11339 11338
f 4399 152 1458
f 4399 1458 11339
f 11339 1458 1457
f 11339 1457 11343
f 11343 1457 1456
f 11343 1456 11347
f 11347 1456 1455
f 11347 1455 11351
f 11351 1455 1454
f 11351 1454 11355
f 11355 1454 151
f 11355 151 4403
f 11354 11355 4403
f 11354 4403 4404
f 11353 11354 4404
f 11353 4404 4405
f 11352 11353 4405
f 11352 4405 4406
f 2339 11352 4406
f 2339 4406 358
f 358 4406 11356
f 358 11356 2340
f 4406 4405 11357
f 4406 11357 11356
f 4405 4404 11358
f 4405 11358 11357
f 4404 4403 11359
f 4404 11359 11358
f 2340 11356 11360
f 2340 11360 2341
f 11356 11357 11361
f 11356 11361 11360
f 11357 11358 11362
f 11357 11362 11361
f 11358 11359 11363
f 11358 11363 11362
f 2341 11360 11364
f 2341 11364 2342
f 11360 11361 11365
f 11360 11365 11364
f 11361 11362 11366
f 11361 11366 11365
f 11362 11363 11367
f 11362 11367 11366
f 2342 11364 11368
f 2342 11368 2343
f 11364 11365 11369
f 11364 11369 11368
f 11365 11366 11370
f 11365 11370 11369
f 11366 11367 11371
f 11366 11371 11370
f 2343 11368 4410
f 2343 4410 359
f 11368 11369 4409
f 11368 4409 4410
f 11369 11370 4408
f 11369 4408 4409
f 11370 11371 4407
f 11370 4407 4408
f 4403 151 1453
f 4403 1453 11359
f 11359 1453 1452
f 11359 1452 11363
f 11363 1452 1451
f 11363 1451 11367
f 11367 1451 1450
f 11367 1450 11371
f 11371 1450 150
f 11371 150 4407
f 2344 11372 11376
f 2344 11376 2345
f 11372 11373 11377
f 11372 11377 11376
f 11373 11374 11378
f 11373 11378 11377
f 11374 11375 11379
f 11374 11379 11378
f 2345 11376 11380
f 2345 11380 2346
f 11376 11377 11381
f 11376 11381 11380
f 11377 11378 11382
f 11377 11382 11381
f 11378 11379 11383
f 11378 11383 11382
f 2346 11380 11384
f 2346 11384 2347
f 11380 11381 11385
f 11380 11385 11384
f 11381 11382 11386
f 11381 11386 11385
f 11382 11383 11387
f 11382 11387 11386
f 2347 11384 11388
f 2347 11388 2348
f 11384 11385 11389
f 11384 11389 11388
f 11385 11386 11390
f 11385 11390 11389
f 11386 11387 11391
f 11386 11391 11390
f 359 4410 11372
f 359 11372 2344
f 4410 4409 11373
f 4410 11373 11372
f 4409 4408 11374
f 4409 11374 11373
f 4408 4407 11375
f 4408 11375 11374
f 4407 150 1449
f 4407 1449 11375
f 11375 1449 1448
f 11375 1448 11379
f 11379 1448 1447
f 11379 1447 11383
f 11383 1447 1446
f 11383 1446 11387
f 11387 1446 1445
f 11387 1445 11391
f 11391 1445 149
f 11391 149 4411
f 11390 11391 4411
f 11390 4411 4412
f 11389 11390 4412
f 11389 4412 4413
f 11388 11389 4413
f 11388 4413 4414
f 2348 11388 4414
f 2348 4414 360
f 360 4414 11392
f 360 11392 2349
f 4414 4413 11393
f 4414 11393 11392
f 4413 4412 11394
f 4413 11394 11393
f 4412 4411 11395
f 4412 11395 11394
f 2349 11392 11396
f 2349 11396 2350
f 11392 11393 11397
f 11392 11397 11396
f 11393 11394 11398
f 11393 11398 11397
f 11394 11395 11399
f 11394 11399 11398
f 2350 11396 11400
f 2350 11400 2351
f 11396 11397 11401
f 11396 11401 11400
f 11397 11398 11402
f 11397 11402 11401
f 11398 11399 11403
f 11398 11403 11402
f 2351 11400 11404
f 2351 11404 2352
f 11400 11401 11405
f 11400 11405 11404
f 11401 11402 11406
f 11401 11406 11405
f 11402 11403 11407
f 11402 11407 11406
f 2352 11404 4418
f 2352 4418 361
f 11404 11405 4417
f 11404 4417 4418
f 11405 11406 4416
f 11405 4416 4417
f 11406 11407 4415
f 11406 4415 4416
f 4411 149 1444
f 4411 1444 11395
f 11395 1444 1443
f 11395 1443 11399
f 11399 1443 1442
f 11399 1442 11403
f 11403 1442 1441
f 11403 1441 11407
f 11407 1441 148
f 11407 148 4415
f 2353 11408 11412
f 2353 11412 2354
f 11408 11409 11413
f 11408 11413 11412
f 11409 11410 11414
f 11409 11414 11413
f 11410 11411 11415
f 11410 11415 11414
f 2354 11412 11416
f 2354 11416 2355
f 11412 11413 11417
f 11412 11417 11416
f 11413 11414 11418
f 11413 11418 11417
f 11414 11415 11419
f 11414 11419 11418
f 2355 11416 11420
f 2355 11420 2356
f 11416 11417 11421
f 11416 11421 11420
f 11417 11418 11422
f 11417 11422 11421
f 11418 11419 11423
f 11418 11423 11422
f 2356 11420 11424
f 2356 11424 2357
f 11420 11421 11425
f 11420 11425 11424
f 11421 11422 11426
f 11421 11426 11425
f 11422 11423 11427
f 11422 11427 11426
f 361 4418 11408
f 361 11408 2353
f 4418 4417 11409
f 4418 11409 11408
f 4417 4416 11410
f 4417 11410 11409
f 4416 4415 11411
f 4416 11411 11410
f 4415 148 1440
f 4415 1440 11411
f 11411 1440 1439
f 11411 1439 11415
f 11415 1439 1438
f 11415 1438 11419
f 11419 1438 1437
f 11419 1437 11423
f 11423 1437 1436
f 11423 1436 11427
f 11427 1436 147
f 11427 147 4419
f 11426 11427 4419
f 11426 4419 4420
f 11425 11426 4420
f 11425 4420 4421
f 11424 11425 4421
f 11424 4421 4422
f 2357 11424 4422
f 2357 4422 362
f 362 4422 11428
f 362 11428 2358
f 4422 4421 11429
f 4422 11429 11428
f 4421 4420 11430
f 4421 11430 11429
f 4420 4419 11431
f 4420 11431 11430
f 2358 11428 11432
f 2358 11432 2359
f 11428 11429 11433
f 11428 11433 11432
f 11429 11430 11434
f 11429 11434 11433
f 11430 11431 11435
f 11430 11435 11434
f 2359 11432 11436
f 2359 11436 2360
f 11432 11433 11437
f 11432 11437 11436
f 11433 11434 11438
f 11433 11438 11437
f 11434 11435 11439
f 11434 11439 11438
f 2360 11436 11440
f 2360 11440 2361
f 11436 11437 11441
f 11436 11441 11440
f 11437 11438 11442
f 11437 11442 11441
f 11438 11439 11443
f 11438 11443 11442
f 2361 11440 4426
f 2361 4426 363
f 11440 11441 4425
f 11440 4425 4426
f 11441 11442 4424
f 11441 4424 4425
f 11442 11443 4423
f 11442 4423 4424
f 4419 147 1435
f 4419 1435 11431
f 11431 1435 1434
f 11431 1434 11435
f 11435 1434 1433
f 11435 1433 11439
f 11439 1433 1432
f 11439 1432 11443
f 11443 1432 146
f 11443 146 4423
f 363 4426 11444
f 363 11444 2362
f 4426 4425 11445
f 4426 11445 11444
f 4425 4424 11446
f 4425 11446 11445
f 4424 4423 11447
f 4424 11447 11446
f 2362 11444 11448
f 2362 11448 2363
f 11444 11445 11449
f 11444 11449 11448
f 11445 11446 11450
f 11445 11450 11449
f 11446 11447 11451
f 11446 11451 11450
f 2363 11448 11452
f 2363 11452 2364
f 11448 11449 11453
f 11448 11453 11452
f 11449 11450 11454
f 11449 11454 11453
f 11450 11451 11455
f 11450 11455 11454
f 2364 11452 11456
f 2364 11456 2365
f 11452 11453 11457
f 11452 11457 11456
f 11453 11454 11458
f 11453 11458 11457
f 11454 11455 11459
f 11454 11459 11458
f 2365 11456 11460
f 2365 11460 2366
f 11456 11457 11461
f 11456 11461 11460
f 11457 11458 11462
f 11457 11462 11461
f 11458 11459 11463
f 11458 11463 11462
f 4423 146 1431
f 4423 1431 11447
f 11447 1431 1430
f 11447 1430 11451
f 11451 1430 1429
f 11451 1429 11455
f 11455 1429 1428
f 11455 1428 11459
f 11459 1428 1427
f 11459 1427 11463
f 11463 1427 145
f 11463 145 4427
f 11462 11463 4427
f 11462 4427 4428
f 11461 11462 4428
f 11461 4428 4429
f 11460 11461 4429
f 11460 4429 4430
f 2366 11460 4430
f 2366 4430 364
f 364 4430 11464
f 364 11464 2367
f 4430 4429 11465
f 4430 11465 11464
f 4429 4428 11466
f 4429 11466 11465
f 4428 4427 11467
f 4428 11467 11466
f 2367 11464 11468
f 2367 11468 2368
f 11464 11465 11469
f 11464 11469 11468
f 11465 11466 11470
f 11465 11470 11469
f 11466 11467 11471
f 11466 11471 11470
f 2368 11468 11472
f 2368 11472 2369
f 11468 11469 11473
f 11468 11473 11472
f 11469 11470 11474
f 11469 11474 11473
f 11470 11471 11475
f 11470 11475 11474
f 2369 11472 11476
f 2369 11476 2370
f 11472 11473 11477
f 11472 11477 11476
f 11473 11474 11478
f 11473 11478 11477
f 11474 11475 11479
f 11474 11479 11478
f 2370 11476 4434
f 2370 4434 365
f 11476 11477 4433
f 11476 4433 4434
f 11477 11478 4432
f 11477 4432 4433
f 11478 11479 4431
f 11478 4431 4432
f 4427 145 1426
f 4427 1426 11467
f 11467 1426 1425
f 11467 1425 11471
f 11471 1425 1424
f 11471 1424 11475
f 11475 1424 1423
f 11475 1423 11479
f 11479 1423 144
f 11479 144 4431
f 365 4434 11480
f 365 11480 2371
f 4434 4433 11481
f 4434 11481 11480
f 4433 4432 11482
f 4433 11482 11481
f 4432 4431 11483
f 4432 11483 11482
f 2371 11480 11484
f 2371 11484 2372
f 11480 11481 11485
f 11480 11485 11484
f 11481 11482 11486
f 11481 11486 11485
f 11482 11483 11487
f 11482 11487 11486
f 2372 11484 11488
f 2372 11488 2373
f 11484 11485 11489
f 11484 11489 11488
f 11485 11486 11490
f 11485 11490 11489
f 11486 11487 11491
f 11486 11491 11490
f 2373 11488 11492
f 2373 11492 2374
f 11488 11489 11493
f 11488 11493 11492
f 11489 11490 11494
f 11489 11494 11493
f 11490 11491 11495
f 11490 11495 11494
f 2374 11492 11496
f 2374 11496 2375
f 11492 11493 11497
f 11492 11497 11496
f 11493 11494 11498
f 11493 11498 11497
f 11494 11495 11499
f 11494 11499 11498
f 4431 144 1422
f 4431 1422 11483
f 11483 1422 1421
f 11483 1421 11487
f 11487 1421 1420
f 11487 1420 11491
f 11491 1420 1419
f 11491 1419 11495
f 11495 1419 1418
f 11495 1418 11499
f 11499 1418 143
f 11499 143 4435
f 11498 11499 4435
f 11498 4435 4436
f 11497 11498 4436
f 11497 4436 4437
f 11496 11497 4437
f 11496 4437 4438
f 2375 11496 4438
f 2375 4438 366
f 366 4438 11500
f 366 11500 2376
f 4438 4437 11501
f 4438 11501 11500
f 4437 4436 11502
f 4437 11502 11501
f 4436 4435 11503
f 4436 11503 11502
f 2376 11500 11504
f 2376 11504 2377
f 11500 11501 11505
f 11500 11505 11504
f 11501 11502 11506
f 11501 11506 11505
f 11502 11503 11507
f 11502 11507 11506
f 2377 11504 11508
f 2377 11508 2378
f 11504 11505 11509
f 11504 11509 11508
f 11505 11506 11510
f 11505 11510 11509
f 11506 11507 11511
f 11506 11511 11510
f 2378 11508 11512
f 2378 11512 2379
f 11508 11509 11513
f 11508 11513 11512
f 11509 11510 11514
f 11509 11514 11513
f 11510 11511 11515
f 11510 11515 11514
f 2379 11512 4442
f 2379 4442 367
f 11512 11513 4441
f 11512 4441 4442
f 11513 11514 4440
f 11513 4440 4441
f 11514 11515 4439
f 11514 4439 4440
f 4435 143 1417
f 4435 1417 11503
f 11503 1417 1416
f 11503 1416 11507
f 11507 1416 1415
f 11507 1415 11511
f 11511 1415 1414
f 11511 1414 11515
f 11515 1414 142
f 11515 142 4439
f 367 4442 11516
f 367 11516 2380
f 4442 4441 11517
f 4442 11517 11516
f 4441 4440 11518
f 4441 11518 11517
f 4440 4439 11519
f 4440 11519 11518
f 2380 11516 11520
f 2380 11520 2381
f 11516 11517 11521
f 11516 11521 11520
f 11517 11518 11522
f 11517 11522 11521
f 11518 11519 11523
f 11518 11523 11522
f 2381 11520 11524
f 2381 11524 2382
f 11520 11521 11525
f 11520 11525 11524
f 11521 11522 11526
f 11521 11526 11525
f 11522 11523 11527
f 11522 11527 11526
f 2382 11524 11528
f 2382 11528 2383
f 11524 11525 11529
f 11524 11529 11528
f 11525 11526 11530
f 11525 11530 11529
f 11526 11527 11531
f 11526 11531 11530
f 2383 11528 11532
f 2383 11532 2384
f 11528 11529 11533
f 11528 11533 11532
f 11529 11530 11534
f 11529 11534 11533
f 11530 11531 11535
f 11530 11535 11534
f 4439 142 1413
f 4439 1413 11519
f 11519 1413 1412
f 11519 1412 11523
f 11523 1412 1411
f 11523 1411 11527
f 11527 1411 1410
f 11527 1410 11531
f 11531 1410 1409
f 11531 1409 11535
f 11535 1409 141
f 11535 141 4443
f 11534 11535 4443
f 11534 4443 4444
f 11533 11534 4444
f 11533 4444 4445
f 11532 11533 4445
f 11532 4445 4446
f 2384 11532 4446
f 2384 4446 368
f 368 4446 11536
f 368 11536 2385
f 4446 4445 11537
f 4446 11537 11536
f 4445 4444 11538
f 4445 11538 11537
f 4444 4443 11539
f 4444 11539 11538
f 2385 11536 11540
f 2385 11540 2386
f 11536 11537 11541
f 11536 11541 11540
f 11537 11538 11542
f 11537 11542 11541
f 11538 11539 11543
f 11538 11543 11542
f 2386 11540 11544
f 2386 11544 2387
f 11540 11541 11545
f 11540 11545 11544
f 11541 11542 11546
f 11541 11546 11545
f 11542 11543 11547
f 11542 11547 11546
f 2387 11544 11548
f 2387 11548 2388
f 11544 11545 11549
f 11544 11549 11548
f 11545 11546 11550
f 11545 11550 11549
f 11546 11547 11551
f 11546 11551 11550
f 2388 11548 4450
f 2388 4450 369
f 11548 11549 4449
f 11548 4449 4450
f 11549 11550 4448
f 11549 4448 4449
f 11550 11551 4447
f 11550 4447 4448
f 4443 141 1408
f 4443 1408 11539
f 11539 1408 1407
f 11539 1407 11543
f 11543 1407 1406
f 11543 1406 11547
f 11547 1406 1405
f 11547 1405 11551
f 11551 1405 140
f 11551 140 4447
f 369 4450 11552
f 369 11552 2389
f 4450 4449 11553
f 4450 11553 11552
f 4449 4448 11554
f 4449 11554 11553
f 4448 4447 11555
f 4448 11555 11554
f 2389 11552 11556
f 2389 11556 2390
f 11552 11553 11557
f 11552 11557 11556
f 11553 11554 11558
f 11553 11558 11557
f 11554 11555 11559
f 11554 11559 11558
f 2390 11556 11560
f 2390 11560 2391
f 11556 11557 11561
f 11556 11561 11560
f 11557 11558 11562
f 11557 11562 11561
f 11558 11559 11563
f 11558 11563 11562
f 2391 11560 11564
f 2391 11564 2392
f 11560 11561 11565
f 11560 11565 11564
f 11561 11562 11566
f 11561 11566 11565
f 11562 11563 11567
f 11562 11567 11566
f 2392 11564 4454
f 2392 4454 370
f 11564 11565 4453
f 11564 4453 4454
f 11565 11566 4452
f 11565 4452 4453
f 11566 11567 4451
f 11566 4451 4452
f 4447 140 1404
f 4447 1404 11555
f 11555 1404 1403
f 11555 1403 11559
f 11559 1403 1402
f 11559 1402 11563
f 11563 1402 1401
f 11563 1401 11567
f 11567 1401 139
f 11567 139 4451
f 2393 11568 11572
f 2393 11572 2394
f 11568 11569 11573
f 11568 11573 11572
f 11569 11570 11574
f 11569 11574 11573
f 11570 11571 11575
f 11570 11575 11574
f 2394 11572 11576
f 2394 11576 2395
f 11572 11573 11577
f 11572 11577 11576
f 11573 11574 11578
f 11573 11578 11577
f 11574 11575 11579
f 11574 11579 11578
f 2395 11576 11580
f 2395 11580 2396
f 11576 11577 11581
f 11576 11581 11580
f 11577 11578 11582
f 11577 11582 11581
f 11578 11579 11583
f 11578 11583 11582
f 2396 11580 11584
f 2396 11584 2397
f 11580 11581 11585
f 11580 11585 11584
f 11581 11582 11586
f 11581 11586 11585
f 11582 11583 11587
f 11582 11587 11586
f 2397 11584 4458
f 2397 4458 371
f 11584 11585 4457
f 11584 4457 4458
f 11585 11586 4456
f 11585 4456 4457
f 11586 11587 4455
f 11586 4455 4456
f 370 4454 11568
f 370 11568 2393
f 4454 4453 11569
f 4454 11569 11568
f 4453 4452 11570
f 4453 11570 11569
f 4452 4451 11571
f 4452 11571 11570
f 4451 139 1400
f 4451 1400 11571
f 11571 1400 1399
f 11571 1399 11575
f 11575 1399 1398
f 11575 1398 11579
f 11579 1398 1397
f 11579 1397 11583
f 11583 1397 1396
f 11583 1396 11587
f 11587 1396 138
f 11587 138 4455
f 371 4458 11588
f 371 11588 2398
f 4458 4457 11589
f 4458 11589 11588
f 4457 4456 11590
f 4457 11590 11589
f 4456 4455 11591
f 4456 11591 11590
f 2398 11588 11592
f 2398 11592 2399
f 11588 11589 11593
f 11588 11593 11592
f 11589 11590 11594
f 11589 11594 11593
f 11590 11591 11595
f 11590 11595 11594
f 2399 11592 11596
f 2399 11596 2400
f 11592 11593 11597
f 11592 11597 11596
f 11593 11594 11598
f 11593 11598 11597
f 11594 11595 11599
f 11594 11599 11598
f 2400 11596 11600
f 2400 11600 2401
f 11596 11597 11601
f 11596 11601 11600
f 11597 11598 11602
f 11597 11602 11601
f 11598 11599 11603
f 11598 11603 11602
f 2401 11600 4462
f 2401 4462 372
f 11600 11601 4461
f 11600 4461 4462
f 11601 11602 4460
f 11601 4460 4461
f 11602 11603 4459
f 11602 4459 4460
f 4455 138 1395
f 4455 1395 11591
f 11591 1395 1394
f 11591 1394 11595
f 11595 1394 1393
f 11595 1393 11599
f 11599 1393 1392
f 11599 1392 11603
f 11603 1392 137
f 11603 137 4459
f 2402 11604 11608
f 2402 11608 2403
f 11604 11605 11609
f 11604 11609 11608
f 11605 11606 11610
f 11605 11610 11609
f 11606 11607 11611
f 11606 11611 11610
f 2403 11608 11612
f 2403 11612 2404
f 11608 11609 11613
f 11608 11613 11612
f 11609 11610 11614
f 11609 11614 11613
f 11610 11611 11615
f 11610 11615 11614
f 2404 11612 11616
f 2404 11616 2405
f 11612 11613 11617
f 11612 11617 11616
f 11613 11614 11618
f 11613 11618 11617
f 11614 11615 11619
f 11614 11619 11618
f 2405 11616 11620
f 2405 11620 2406
f 11616 11617 11621
f 11616 11621 11620
f 11617 11618 11622
f 11617 11622 11621
f 11618 11619 11623
f 11618 11623 11622
f 2406 11620 4466
f 2406 4466 373
f 11620 11621 4465
f 11620 4465 4466
f 11621 11622 4464
f 11621 4464 4465
f 11622 11623 4463
f 11622 4463 4464
f 372 4462 11604
f 372 11604 2402
f 4462 4461 11605
f 4462 11605 11604
f 4461 4460 11606
f 4461 11606 11605
f 4460 4459 11607
f 4460 11607 11606
f 4459 137 1391
f 4459 1391 11607
f 11607 1391 1390
f 11607 1390 11611
f 11611 1390 1389
f 11611 1389 11615
f 11615 1389 1388
f 11615 1388 11619
f 11619 1388 1387
f 11619 1387 11623
f 11623 1387 136
f 11623 136 4463
f 373 4466 11624
f 373 11624 2407
f 4466 4465 11625
f 4466 11625 11624
f 4465 4464 11626
f 4465 11626 11625
f 4464 4463 11627
f 4464 11627 11626
f 2407 11624 11628
f 2407 11628 2408
f 11624 11625 11629
f 11624 11629 11628
f 11625 11626 11630
f 11625 11630 11629
f 11626 11627 11631
f 11626 11631 11630
f 2408 11628 11632
f 2408 11632 2409
f 11628 11629 11633
f 11628 11633 11632
f 11629 11630 11634
f 11629 11634 11633
f 11630 11631 11635
f 11630 11635 11634
f 2409 11632 11636
f 2409 11636 2410
f 11632 11633 11637
f 11632 11637 11636
f 11633 11634 11638
f 11633 11638 11637
f 11634 11635 11639
f 11634 11639 11638
f 2410 11636 4470
f 2410 4470 374
f 11636 11637 4469
f 11636 4469 4470
f 11637 11638 4468
f 11637 4468 4469
f 11638 11639 4467
f 11638 4467 4468
f 4463 136 1386
f 4463 1386 11627
f 11627 1386 1385
f 11627 1385 11631
f 11631 1385 1384
f 11631 1384 11635
f 11635 1384 1383
f 11635 1383 11639
f 11639 1383 135
f 11639 135 4467
f 20 1553 11640
f 20 11640 740
f 1553 1554 11641
f 1553 11641 11640
f 1554 1555 11642
f 1554 11642 11641
f 1555 175 4471
f 1555 4471 11642
f 11642 4471 155
f 11642 155 780
f 11641 11642 780
f 11641 780 781
f 11640 11641 781
f 11640 781 782
f 740 11640 782
f 740 782 18
f 1556 1557 11644
f 1556 11644 11643
f 1557 1558 11645
f 1557 11645 11644
f 1558 1559 11646
f 1558 11646 11645
f 1559 1560 11647
f 1559 11647 11646
f 1560 176 4472
f 1560 4472 11647
f 11647 4472 156
f 11647 156 1472
f 11646 11647 1472
f 11646 1472 1471
f 11645 11646 1471
f 11645 1471 1470
f 11644 11645 1470
f 11644 1470 1469
f 11643 11644 1469
f 11643 1469 1468
f 4471 11643 1468
f 4471 1468 155
f 175 1556 11643
f 175 11643 4471
f 176 1561 11648
f 176 11648 4472
f 1561 1562 11649
f 1561 11649 11648
f 1562 1563 11650
f 1562 11650 11649
f 1563 1564 11651
f 1563 11651 11650
f 1564 177 4473
f 1564 4473 11651
f 11651 4473 157
f 11651 157 1476
f 11650 11651 1476
f 11650 1476 1475
f 11649 11650 1475
f 11649 1475 1474
f 11648 11649 1474
f 11648 1474 1473
f 4472 11648 1473
f 4472 1473 156
f 1565 1566 11653
f 1565 11653 11652
f 1566 1567 11654
f 1566 11654 11653
f 1567 1568 11655
f 1567 11655 11654
f 1568 1569 11656
f 1568 11656 11655
f 1569 178 4474
f 1569 4474 11656
f 11656 4474 158
f 11656 158 1481
f 11655 11656 1481
f 11655 1481 1480
f 11654 11655 1480
f 11654 1480 1479
f 11653 11654 1479
f 11653 1479 1478
f 11652 11653 1478
f 11652 1478 1477
f 4473 11652 1477
f 4473 1477 157
f 177 1565 11652
f 177 11652 4473
f 178 1570 11657
f 178 11657 4474
f 1570 1571 11658
f 1570 11658 11657
f 1571 1572 11659
f 1571 11659 11658
f 1572 1573 11660
f 1572 11660 11659
f 1573 179 4475
f 1573 4475 11660
f 11660 4475 159
f 11660 159 1485
f 11659 11660 1485
f 11659 1485 1484
f 11658 11659 1484
f 11658 1484 1483
f 11657 11658 1483
f 11657 1483 1482
f 4474 11657 1482
f 4474 1482 158
f 1574 1575 11662
f 1574 11662 11661
f 1575 1576 11663
f 1575 11663 11662
f 1576 1577 11664
f 1576 11664 11663
f 1577 1578 11665
f 1577 11665 11664
f 1578 180 4476
f 1578 4476 11665
f 11665 4476 160
f 11665 160 1490
f 11664 11665 1490
f 11664 1490 1489
f 11663 11664 1489
f 11663 1489 1488
f 11662 11663 1488
f 11662 1488 1487
f 11661 11662 1487
f 11661 1487 1486
f 4475 11661 1486
f 4475 1486 159
f 179 1574 11661
f 179 11661 4475
f 180 1579 11666
f 180 11666 4476
f 1579 1580 11667
f 1579 11667 11666
f 1580 1581 11668
f 1580 11668 11667
f 1581 1582 11669
f 1581 11669 11668
f 1582 181 4477
f 1582 4477 11669
f 11669 4477 161
f 11669 161 1494
f 11668 11669 1494
f 11668 1494 1493
f 11667 11668 1493
f 11667 1493 1492
f 11666 11667 1492
f 11666 1492 1491
f 4476 11666 1491
f 4476 1491 160
f 1583 1584 11671
f 1583 11671 11670
f 1584 1585 11672
f 1584 11672 11671
f 1585 1586 11673
f 1585 11673 11672
f 1586 1587 11674
f 1586 11674 11673
f 1587 182 4478
f 1587 4478 11674
f 11674 4478 162
f 11674 162 1499
f 11673 11674 1499
f 11673 1499 1498
f 11672 11673 1498
f 11672 1498 1497
f 11671 11672 1497
f 11671 1497 1496
f 11670 11671 1496
f 11670 1496 1495
f 4477 11670 1495
f 4477 1495 161
f 181 1583 11670
f 181 11670 4477
f 182 1588 11675
f 182 11675 4478
f 1588 1589 11676
f 1588 11676 11675
f 1589 1590 11677
f 1589 11677 11676
f 1590 1591 11678
f 1590 11678 11677
f 1591 183 4479
f 1591 4479 11678
f 11678 4479 163
f 11678 163 1503
f 11677 11678 1503
f 11677 1503 1502
f 11676 11677 1502
f 11676 1502 1501
f 11675 11676 1501
f 11675 1501 1500
f 4478 11675 1500
f 4478 1500 162
f 183 1592 11679
f 183 11679 4479
f 1592 1593 11680
f 1592 11680 11679
f 1593 1594 11681
f 1593 11681 11680
f 1594 1595 11682
f 1594 11682 11681
f 1595 1596 11683
f 1595 11683 11682
f 1596 184 4480
f 1596 4480 11683
f 11683 4480 164
f 11683 164 1508
f 11682 11683 1508
f 11682 1508 1507
f 11681 11682 1507
f 11681 1507 1506
f 11680 11681 1506
f 11680 1506 1505
f 11679 11680 1505
f 11679 1505 1504
f 4479 11679 1504
f 4479 1504 163
f 184 1597 11684
f 184 11684 4480
f 1597 1598 11685
f 1597 11685 11684
f 1598 1599 11686
f 1598 11686 11685
f 1599 1600 11687
f 1599 11687 11686
f 1600 185 4481
f 1600 4481 11687
f 11687 4481 165
f 11687 165 1512
f 11686 11687 1512
f 11686 1512 1511
f 11685 11686 1511
f 11685 1511 1510
f 11684 11685 1510
f 11684 1510 1509
f 4480 11684 1509
f 4480 1509 164
f 185 1601 11688
f 185 11688 4481
f 1601 1602 11689
f 1601 11689 11688
f 1602 1603 11690
f 1602 11690 11689
f 1603 1604 11691
f 1603 11691 11690
f 1604 1605 11692
f 1604 11692 11691
f 1605 186 4482
f 1605 4482 11692
f 11692 4482 166
f 11692 166 1517
f 11691 11692 1517
f 11691 1517 1516
f 11690 11691 1516
f 11690 1516 1515
f 11689 11690 1515
f 11689 1515 1514
f 11688 11689 1514
f 11688 1514 1513
f 4481 11688 1513
f 4481 1513 165
f 186 1606 11693
f 186 11693 4482
f 1606 1607 11694
f 1606 11694 11693
f 1607 1608 11695
f 1607 11695 11694
f 1608 1609 11696
f 1608 11696 11695
f 1609 187 4483
f 1609 4483 11696
f 11696 4483 167
f 11696 167 1521
f 11695 11696 1521
f 11695 1521 1520
f 11694 11695 1520
f 11694 1520 1519
f 11693 11694 1519
f 11693 1519 1518
f 4482 11693 1518
f 4482 1518 166
f 187 1610 11697
f 187 11697 4483
f 1610 1611 11698
f 1610 11698 11697
f 1611 1612 11699
f 1611 11699 11698
f 1612 1613 11700
f 1612 11700 11699
f 1613 1614 11701
f 1613 11701 11700
f 1614 188 4484
f 1614 4484 11701
f 11701 4484 168
f 11701 168 1526
f 11700 11701 1526
f 11700 1526 1525
f 11699 11700 1525
f 11699 1525 1524
f 11698 11699 1524
f 11698 1524 1523
f 11697 11698 1523
f 11697 1523 1522
f 4483 11697 1522
f 4483 1522 167
f 188 1615 11702
f 188 11702 4484
f 1615 1616 11703
f 1615 11703 11702
f 1616 1617 11704
f 1616 11704 11703
f 1617 1618 11705
f 1617 11705 11704
f 1618 189 4485
f 1618 4485 11705
f 11705 4485 169
f 11705 169 1530
f 11704 11705 1530
f 11704 1530 1529
f 11703 11704 1529
f 11703 1529 1528
f 11702 11703 1528
f 11702 1528 1527
f 4484 11702 1527
f 4484 1527 168
f 189 1619 11706
f 189 11706 4485
f 1619 1620 11707
f 1619 11707 11706
f 1620 1621 11708
f 1620 11708 11707
f 1621 1622 11709
f 1621 11709 11708
f 1622 190 4486
f 1622 4486 11709
f 11709 4486 170
f 11709 170 1534
f 11708 11709 1534
f 11708 1534 1533
f 11707 11708 1533
f 11707 1533 1532
f 11706 11707 1532
f 11706 1532 1531
f 4485 11706 1531
f 4485 1531 169
f 1623 1624 11711
f 1623 11711 11710
f 1624 1625 11712
f 1624 11712 11711
f 1625 1626 11713
f 1625 11713 11712
f 1626 1627 11714
f 1626 11714 11713
f 1627 191 4487
f 1627 4487 11714
f 11714 4487 171
f 11714 171 1539
f 11713 11714 1539
f 11713 1539 1538
f 11712 11713 1538
f 11712 1538 1537
f 11711 11712 1537
f 11711 1537 1536
f 11710 11711 1536
f 11710 1536 1535
f 4486 11710 1535
f 4486 1535 170
f 190 1623 11710
f 190 11710 4486
f 191 1628 11715
f 191 11715 4487
f 1628 1629 11716
f 1628 11716 11715
f 1629 1630 11717
f 1629 11717 11716
f 1630 1631 11718
f 1630 11718 11717
f 1631 192 4488
f 1631 4488 11718
f 11718 4488 172
f 11718 172 1543
f 11717 11718 1543
f 11717 1543 1542
f 11716 11717 1542
f 11716 1542 1541
f 11715 11716 1541
f 11715 1541 1540
f 4487 11715 1540
f 4487 1540 171
f 1632 1633 11720
f 1632 11720 11719
f 1633 1634 11721
f 1633 11721 11720
f 1634 1635 11722
f 1634 11722 11721
f 1635 1636 11723
f 1635 11723 11722
f 1636 193 4489
f 1636 4489 11723
f 11723 4489 173
f 11723 173 1548
f 11722 11723 1548
f 11722 1548 1547
f 11721 11722 1547
f 11721 1547 1546
f 11720 11721 1546
f 11720 1546 1545
f 11719 11720 1545
f 11719 1545 1544
f 4488 11719 1544
f 4488 1544 172
f 192 1632 11719
f 192 11719 4488
f 193 1637 11724
f 193 11724 4489
f 1637 1638 11725
f 1637 11725 11724
f 1638 1639 11726
f 1638 11726 11725
f 1639 1640 11727
f 1639 11727 11726
f 1640 194 4490
f 1640 4490 11727
f 11727 4490 174
f 11727 174 1552
f 11726 11727 1552
f 11726 1552 1551
f 11725 11726 1551
f 11725 1551 1550
f 11724 11725 1550
f 11724 1550 1549
f 4489 11724 1549
f 4489 1549 173
f 11 1379 775
f 11 775 12
f 1379 1380 774
f 1379 774 775
f 1380 1381 773
f 1380 773 774
f 1381 1382 772
f 1381 772 773
f 1382 135 174
f 1382 174 772
f 135 1383 1552
f 135 1552 174
f 1383 1384 1551
f 1383 1551 1552
f 1384 1385 1550
f 1384 1550 1551
f 1385 1386 1549
f 1385 1549 1550
f 1386 136 173
f 1386 173 1549
f 136 1387 1548
f 136 1548 173
f 1387 1388 1547
f 1387 1547 1548
f 1388 1389 1546
f 1388 1546 1547
f 1389 1390 1545
f 1389 1545 1546
f 1390 1391 1544
f 1390 1544 1545
f 1391 137 172
f 1391 172 1544
f 137 1392 1543
f 137 1543 172
f 1392 1393 1542
f 1392 1542 1543
f 1393 1394 1541
f 1393 1541 1542
f 1394 1395 1540
f 1394 1540 1541
f 1395 138 171
f 1395 171 1540
f 138 1396 1539
f 138 1539 171
f 1396 1397 1538
f 1396 1538 1539
f 1397 1398 1537
f 1397 1537 1538
f 1398 1399 1536
f 1398 1536 1537
f 1399 1400 1535
f 1399 1535 1536
f 1400 139 170
f 1400 170 1535
f 139 1401 1534
f 139 1534 170
f 1401 1402 1533
f 1401 1533 1534
f 1402 1403 1532
f 1402 1532 1533
f 1403 1404 1531
f 1403 1531 1532
f 1404 140 169
f 1404 169 1531
f 140 1405 1530
f 140 1530 169
f 1405 1406 1529
f 1405 1529 1530
f 1406 1407 1528
f 1406 1528 1529
f 1407 1408 1527
f 1407 1527 1528
f 1408 141 168
f 1408 168 1527
f 1409 1410 1525
f 1409 1525 1526
f 1410 1411 1524
f 1410 1524 1525
f 1411 1412 1523
f 1411 1523 1524
f 1412 1413 1522
f 1412 1522 1523
f 1413 142 167
f 1413 167 1522
f 141 1409 1526
f 141 1526 168
f 142 1414 1521
f 142 1521 167
f 1414 1415 1520
f 1414 1520 1521
f 1415 1416 1519
f 1415 1519 1520
f 1416 1417 1518
f 1416 1518 1519
f 1417 143 166
f 1417 166 1518
f 1418 1419 1516
f 1418 1516 1517
f 1419 1420 1515
f 1419 1515 1516
f 1420 1421 1514
f 1420 1514 1515
f 1421 1422 1513
f 1421 1513 1514
f 1422 144 165
f 1422 165 1513
f 143 1418 1517
f 143 1517 166
f 144 1423 1512
f 144 1512 165
f 1423 1424 1511
f 1423 1511 1512
f 1424 1425 1510
f 1424 1510 1511
f 1425 1426 1509
f 1425 1509 1510
f 1426 145 164
f 1426 164 1509
f 1427 1428 1507
f 1427 1507 1508
f 1428 1429 1506
f 1428 1506 1507
f 1429 1430 1505
f 1429 1505 1506
f 1430 1431 1504
f 1430 1504 1505
f 1431 146 163
f 1431 163 1504
f 145 1427 1508
f 145 1508 164
f 146 1432 1503
f 146 1503 163
f 1432 1433 1502
f 1432 1502 1503
f 1433 1434 1501
f 1433 1501 1502
f 1434 1435 1500
f 1434 1500 1501
f 1435 147 162
f 1435 162 1500
f 1436 1437 1498
f 1436 1498 1499
f 1437 1438 1497
f 1437 1497 1498
f 1438 1439 1496
f 1438 1496 1497
f 1439 1440 1495
f 1439 1495 1496
f 1440 148 161
f 1440 161 1495
f 147 1436 1499
f 147 1499 162
f 148 1441 1494
f 148 1494 161
f 1441 1442 1493
f 1441 1493 1494
f 1442 1443 1492
f 1442 1492 1493
f 1443 1444 1491
f 1443 1491 1492
f 1444 149 160
f 1444 160 1491
f 1445 1446 1489
f 1445 1489 1490
f 1446 1447 1488
f 1446 1488 1489
f 1447 1448 1487
f 1447 1487 1488
f 1448 1449 1486
f 1448 1486 1487
f 1449 150 159
f 1449 159 1486
f 149 1445 1490
f 149 1490 160
f 150 1450 1485
f 150 1485 159
f 1450 1451 1484
f 1450 1484 1485
f 1451 1452 1483
f 1451 1483 1484
f 1452 1453 1482
f 1452 1482 1483
f 1453 151 158
f 1453 158 1482
f 1454 1455 1480
f 1454 1480 1481
f 1455 1456 1479
f 1455 1479 1480
f 1456 1457 1478
f 1456 1478 1479
f 1457 1458 1477
f 1457 1477 1478
f 1458 152 157
f 1458 157 1477
f 151 1454 1481
f 151 1481 158
f 152 1459 1476
f 152 1476 157
f 1459 1460 1475
f 1459 1475 1476
f 1460 1461 1474
f 1460 1474 1475
f 1461 1462 1473
f 1461 1473 1474
f 1462 153 156
f 1462 156 1473
f 153 1463 1472
f 153 1472 156
f 1463 1464 1471
f 1463 1471 1472
f 1464 1465 1470
f 1464 1470 1471
f 1465 1466 1469
f 1465 1469 1470
f 1466 1467 1468
f 1466 1468 1469
f 1467 154 155
f 1467 155 1468
f 5 1290 11728
f 5 11728 734
f 1290 1291 11729
f 1290 11729 11728
f 1291 1292 11730
f 1291 11730 11729
f 1292 1293 11731
f 1292 11731 11730
f 734 11728 3
f 1293 115 4491
f 1293 4491 11731
f 11731 4491 95
f 11731 95 751
f 11730 11731 751
f 11730 751 752
f 11729 11730 752
f 11729 752 753
f 11728 11729 753
f 11728 753 754
f 3 11728 754
f 115 1294 11732
f 115 11732 4491
f 1294 1295 11733
f 1294 11733 11732
f 1295 1296 11734
f 1295 11734 11733
f 1296 1297 11735
f 1296 11735 11734
f 1297 116 4492
f 1297 4492 11735
f 11735 4492 96
f 11735 96 1208
f 11734 11735 1208
f 11734 1208 1207
f 11733 11734 1207
f 11733 1207 1206
f 11732 11733 1206
f 11732 1206 1205
f 4491 11732 1205
f 4491 1205 95
f 116 1298 11736
f 116 11736 4492
f 1298 1299 11737
f 1298 11737 11736
f 1299 1300 11738
f 1299 11738 11737
f 1300 1301 11739
f 1300 11739 11738
f 1301 1302 11740
f 1301 11740 11739
f 1302 117 4493
f 1302 4493 11740
f 11740 4493 97
f 11740 97 1213
f 11739 11740 1213
f 11739 1213 1212
f 11738 11739 1212
f 11738 1212 1211
f 11737 11738 1211
f 11737 1211 1210
f 11736 11737 1210
f 11736 1210 1209
f 4492 11736 1209
f 4492 1209 96
f 117 1303 11741
f 117 11741 4493
f 1303 1304 11742
f 1303 11742 11741
f 1304 1305 11743
f 1304 11743 11742
f 1305 1306 11744
f 1305 11744 11743
f 1306 118 4494
f 1306 4494 11744
f 11744 4494 98
f 11744 98 1217
f 11743 11744 1217
f 11743 1217 1216
f 11742 11743 1216
f 11742 1216 1215
f 11741 11742 1215
f 11741 1215 1214
f 4493 11741 1214
f 4493 1214 97
f 118 1307 11745
f 118 11745 4494
f 1307 1308 11746
f 1307 11746 11745
f 1308 1309 11747
f 1308 11747 11746
f 1309 1310 11748
f 1309 11748 11747
f 1310 1311 11749
f 1310 11749 11748
f 1311 119 4495
f 1311 4495 11749
f 11749 4495 99
f 11749 99 1222
f 11748 11749 1222
f 11748 1222 1221
f 11747 11748 1221
f 11747 1221 1220
f 11746 11747 1220
f 11746 1220 1219
f 11745 11746 1219
f 11745 1219 1218
f 4494 11745 1218
f 4494 1218 98
f 119 1312 11750
f 119 11750 4495
f 1312 1313 11751
f 1312 11751 11750
f 1313 1314 11752
f 1313 11752 11751
f 1314 1315 11753
f 1314 11753 11752
f 1315 120 4496
f 1315 4496 11753
f 11753 4496 100
f 11753 100 1226
f 11752 11753 1226
f 11752 1226 1225
f 11751 11752 1225
f 11751 1225 1224
f 11750 11751 1224
f 11750 1224 1223
f 4495 11750 1223
f 4495 1223 99
f 120 1316 11754
f 120 11754 4496
f 1316 1317 11755
f 1316 11755 11754
f 1317 1318 11756
f 1317 11756 11755
f 1318 1319 11757
f 1318 11757 11756
f 1319 121 4497
f 1319 4497 11757
f 11757 4497 101
f 11757 101 1230
f 11756 11757 1230
f 11756 1230 1229
f 11755 11756 1229
f 11755 1229 1228
f 11754 11755 1228
f 11754 1228 1227
f 4496 11754 1227
f 4496 1227 100
f 1320 1321 11759
f 1320 11759 11758
f 1321 1322 11760
f 1321 11760 11759
f 1322 1323 11761
f 1322 11761 11760
f 1323 1324 11762
f 1323 11762 11761
f 1324 122 4498
f 1324 4498 11762
f 11762 4498 102
f 11762 102 1235
f 11761 11762 1235
f 11761 1235 1234
f 11760 11761 1234
f 11760 1234 1233
f 11759 11760 1233
f 11759 1233 1232
f 11758 11759 1232
f 11758 1232 1231
f 4497 11758 1231
f 4497 1231 101
f 121 1320 11758
f 121 11758 4497
f 122 1325 11763
f 122 11763 4498
f 1325 1326 11764
f 1325 11764 11763
f 1326 1327 11765
f 1326 11765 11764
f 1327 1328 11766
f 1327 11766 11765
f 1328 123 4499
f 1328 4499 11766
f 11766 4499 103
f 11766 103 1239
f 11765 11766 1239
f 11765 1239 1238
f 11764 11765 1238
f 11764 1238 1237
f 11763 11764 1237
f 11763 1237 1236
f 4498 11763 1236
f 4498 1236 102
f 1329 1330 11768
f 1329 11768 11767
f 1330 1331 11769
f 1330 11769 11768
f 1331 1332 11770
f 1331 11770 11769
f 1332 1333 11771
f 1332 11771 11770
f 1333 124 4500
f 1333 4500 11771
f 11771 4500 104
f 11771 104 1244
f 11770 11771 1244
f 11770 1244 1243
f 11769 11770 1243
f 11769 1243 1242
f 11768 11769 1242
f 11768 1242 1241
f 11767 11768 1241
f 11767 1241 1240
f 4499 11767 1240
f 4499 1240 103
f 123 1329 11767
f 123 11767 4499
f 124 1334 11772
f 124 11772 4500
f 1334 1335 11773
f 1334 11773 11772
f 1335 1336 11774
f 1335 11774 11773
f 1336 1337 11775
f 1336 11775 11774
f 1337 125 4501
f 1337 4501 11775
f 11775 4501 105
f 11775 105 1248
f 11774 11775 1248
f 11774 1248 1247
f 11773 11774 1247
f 11773 1247 1246
f 11772 11773 1246
f 11772 1246 1245
f 4500 11772 1245
f 4500 1245 104
f 1338 1339 11777
f 1338 11777 11776
f 1339 1340 11778
f 1339 11778 11777
f 1340 1341 11779
f 1340 11779 11778
f 1341 1342 11780
f 1341 11780 11779
f 1342 126 4502
f 1342 4502 11780
f 11780 4502 106
f 11780 106 1253
f 11779 11780 1253
f 11779 1253 1252
f 11778 11779 1252
f 11778 1252 1251
f 11777 11778 1251
f 11777 1251 1250
f 11776 11777 1250
f 11776 1250 1249
f 4501 11776 1249
f 4501 1249 105
f 125 1338 11776
f 125 11776 4501
f 126 1343 11781
f 126 11781 4502
f 1343 1344 11782
f 1343 11782 11781
f 1344 1345 11783
f 1344 11783 11782
f 1345 1346 11784
f 1345 11784 11783
f 1346 127 4503
f 1346 4503 11784
f 11784 4503 107
f 11784 107 1257
f 11783 11784 1257
f 11783 1257 1256
f 11782 11783 1256
f 11782 1256 1255
f 11781 11782 1255
f 11781 1255 1254
f 4502 11781 1254
f 4502 1254 106
f 1347 1348 11786
f 1347 11786 11785
f 1348 1349 11787
f 1348 11787 11786
f 1349 1350 11788
f 1349 11788 11787
f 1350 1351 11789
f 1350 11789 11788
f 1351 128 4504
f 1351 4504 11789
f 11789 4504 108
f 11789 108 1262
f 11788 11789 1262
f 11788 1262 1261
f 11787 11788 1261
f 11787 1261 1260
f 11786 11787 1260
f 11786 1260 1259
f 11785 11786 1259
f 11785 1259 1258
f 4503 11785 1258
f 4503 1258 107
f 127 1347 11785
f 127 11785 4503
f 128 1352 11790
f 128 11790 4504
f 1352 1353 11791
f 1352 11791 11790
f 1353 1354 11792
f 1353 11792 11791
f 1354 1355 11793
f 1354 11793 11792
f 1355 129 4505
f 1355 4505 11793
f 11793 4505 109
f 11793 109 1266
f 11792 11793 1266
f 11792 1266 1265
f 11791 11792 1265
f 11791 1265 1264
f 11790 11791 1264
f 11790 1264 1263
f 4504 11790 1263
f 4504 1263 108
f 1356 1357 11795
f 1356 11795 11794
f 1357 1358 11796
f 1357 11796 11795
f 1358 1359 11797
f 1358 11797 11796
f 1359 1360 11798
f 1359 11798 11797
f 1360 130 4506
f 1360 4506 11798
f 11798 4506 110
f 11798 110 1271
f 11797 11798 1271
f 11797 1271 1270
f 11796 11797 1270
f 11796 1270 1269
f 11795 11796 1269
f 11795 1269 1268
f 11794 11795 1268
f 11794 1268 1267
f 4505 11794 1267
f 4505 1267 109
f 129 1356 11794
f 129 11794 4505
f 130 1361 11799
f 130 11799 4506
f 1361 1362 11800
f 1361 11800 11799
f 1362 1363 11801
f 1362 11801 11800
f 1363 1364 11802
f 1363 11802 11801
f 1364 131 4507
f 1364 4507 11802
f 11802 4507 111
f 11802 111 1275
f 11801 11802 1275
f 11801 1275 1274
f 11800 11801 1274
f 11800 1274 1273
f 11799 11800 1273
f 11799 1273 1272
f 4506 11799 1272
f 4506 1272 110
f 1365 1366 11804
f 1365 11804 11803
f 1366 1367 11805
f 1366 11805 11804
f 1367 1368 11806
f 1367 11806 11805
f 1368 1369 11807
f 1368 11807 11806
f 1369 132 4508
f 1369 4508 11807
f 11807 4508 112
f 11807 112 1280
f 11806 11807 1280
f 11806 1280 1279
f 11805 11806 1279
f 11805 1279 1278
f 11804 11805 1278
f 11804 1278 1277
f 11803 11804 1277
f 11803 1277 1276
f 4507 11803 1276
f 4507 1276 111
f 131 1365 11803
f 131 11803 4507
f 132 1370 11808
f 132 11808 4508
f 1370 1371 11809
f 1370 11809 11808
f 1371 1372 11810
f 1371 11810 11809
f 1372 1373 11811
f 1372 11811 11810
f 1373 133 4509
f 1373 4509 11811
f 11811 4509 113
f 11811 113 1284
f 11810 11811 1284
f 11810 1284 1283
f 11809 11810 1283
f 11809 1283 1282
f 11808 11809 1282
f 11808 1282 1281
f 4508 11808 1281
f 4508 1281 112
f 133 1374 11812
f 133 11812 4509
f 1374 1375 11813
f 1374 11813 11812
f 1375 1376 11814
f 1375 11814 11813
f 1376 1377 11815
f 1376 11815 11814
f 1377 1378 11816
f 1377 11816 11815
f 1378 134 4510
f 1378 4510 11816
f 11816 4510 114
f 11816 114 1289
f 11815 11816 1289
f 11815 1289 1288
f 11814 11815 1288
f 11814 1288 1287
f 11813 11814 1287
f 11813 1287 1286
f 11812 11813 1286
f 11812 1286 1285
f 4509 11812 1285
f 4509 1285 113
f 6 1117 747
f 6 747 7
f 1117 1118 746
f 1117 746 747
f 1118 1119 745
f 1118 745 746
f 1119 75 114
f 1119 114 745
f 1120 1121 1288
f 1120 1288 1289
f 1121 1122 1287
f 1121 1287 1288
f 1122 1123 1286
f 1122 1286 1287
f 1123 1124 1285
f 1123 1285 1286
f 1124 76 113
f 1124 113 1285
f 75 1120 1289
f 75 1289 114
f 76 1125 1284
f 76 1284 113
f 1125 1126 1283
f 1125 1283 1284
f 1126 1127 1282
f 1126 1282 1283
f 1127 1128 1281
f 1127 1281 1282
f 1128 77 112
f 1128 112 1281
f 1129 1130 1279
f 1129 1279 1280
f 1130 1131 1278
f 1130 1278 1279
f 1131 1132 1277
f 1131 1277 1278
f 1132 1133 1276
f 1132 1276 1277
f 1133 78 111
f 1133 111 1276
f 77 1129 1280
f 77 1280 112
f 78 1134 1275
f 78 1275 111
f 1134 1135 1274
f 1134 1274 1275
f 1135 1136 1273
f 1135 1273 1274
f 1136 1137 1272
f 1136 1272 1273
f 1137 79 110
f 1137 110 1272
f 1138 1139 1270
f 1138 1270 1271
f 1139 1140 1269
f 1139 1269 1270
f 1140 1141 1268
f 1140 1268 1269
f 1141 1142 1267
f 1141 1267 1268
f 1142 80 109
f 1142 109 1267
f 79 1138 1271
f 79 1271 110
f 80 1143 1266
f 80 1266 109
f 1143 1144 1265
f 1143 1265 1266
f 1144 1145 1264
f 1144 1264 1265
f 1145 1146 1263
f 1145 1263 1264
f 1146 81 108
f 1146 108 1263
f 1147 1148 1261
f 1147 1261 1262
f 1148 1149 1260
f 1148 1260 1261
f 1149 1150 1259
f 1149 1259 1260
f 1150 1151 1258
f 1150 1258 1259
f 1151 82 107
f 1151 107 1258
f 81 1147 1262
f 81 1262 108
f 82 1152 1257
f 82 1257 107
f 1152 1153 1256
f 1152 1256 1257
f 1153 1154 1255
f 1153 1255 1256
f 1154 1155 1254
f 1154 1254 1255
f 1155 83 106
f 1155 106 1254
f 83 1156 1253
f 83 1253 106
f 1156 1157 1252
f 1156 1252 1253
f 1157 1158 1251
f 1157 1251 1252
f 1158 1159 1250
f 1158 1250 1251
f 1159 1160 1249
f 1159 1249 1250
f 1160 84 105
f 1160 105 1249
f 84 1161 1248
f 84 1248 105
f 1161 1162 1247
f 1161 1247 1248
f 1162 1163 1246
f 1162 1246 1247
f 1163 1164 1245
f 1163 1245 1246
f 1164 85 104
f 1164 104 1245
f 85 1165 1244
f 85 1244 104
f 1165 1166 1243
f 1165 1243 1244
f 1166 1167 1242
f 1166 1242 1243
f 1167 1168 1241
f 1167 1241 1242
f 1168 1169 1240
f 1168 1240 1241
f 1169 86 103
f 1169 103 1240
f 86 1170 1239
f 86 1239 103
f 1170 1171 1238
f 1170 1238 1239
f 1171 1172 1237
f 1171 1237 1238
f 1172 1173 1236
f 1172 1236 1237
f 1173 87 102
f 1173 102 1236
f 87 1174 1235
f 87 1235 102
f 1174 1175 1234
f 1174 1234 1235
f 1175 1176 1233
f 1175 1233 1234
f 1176 1177 1232
f 1176 1232 1233
f 1177 1178 1231
f 1177 1231 1232
f 1178 88 101
f 1178 101 1231
f 88 1179 1230
f 88 1230 101
f 1179 1180 1229
f 1179 1229 1230
f 1180 1181 1228
f 1180 1228 1229
f 1181 1182 1227
f 1181 1227 1228
f 1182 89 100
f 1182 100 1227
f 89 1183 1226
f 89 1226 100
f 1183 1184 1225
f 1183 1225 1226
f 1184 1185 1224
f 1184 1224 1225
f 1185 1186 1223
f 1185 1223 1224
f 1186 90 99
f 1186 99 1223
f 1187 1188 1221
f 1187 1221 1222
f 1188 1189 1220
f 1188 1220 1221
f 1189 1190 1219
f 1189 1219 1220
f 1190 1191 1218
f 1190 1218 1219
f 1191 91 98
f 1191 98 1218
f 90 1187 1222
f 90 1222 99
f 91 1192 1217
f 91 1217 98
f 1192 1193 1216
f 1192 1216 1217
f 1193 1194 1215
f 1193 1215 1216
f 1194 1195 1214
f 1194 1214 1215
f 1195 92 97
f 1195 97 1214
f 1196 1197 1212
f 1196 1212 1213
f 1197 1198 1211
f 1197 1211 1212
f 1198 1199 1210
f 1198 1210 1211
f 1199 1200 1209
f 1199 1209 1210
f 1200 93 96
f 1200 96 1209
f 92 1196 1213
f 92 1213 97
f 93 1201 1208
f 93 1208 96
f 1201 1202 1207
f 1201 1207 1208
f 1202 1203 1206
f 1202 1206 1207
f 1203 1204 1205
f 1203 1205 1206
f 1204 94 95
f 1204 95 1205
f 39 875 11817
f 39 11817 2934
f 875 874 11818
f 875 11818 11817
f 874 873 11819
f 874 11819 11818
f 873 10 750
f 873 750 11819
f 2934 11817 11820
f 2934 11820 2935
f 11817 11818 11821
f 11817 11821 11820
f 11818 11819 11822
f 11818 11822 11821
f 11819 750 749
f 11819 749 11822
f 2935 11820 11823
f 2935 11823 2936
f 11820 11821 11824
f 11820 11824 11823
f 11821 11822 11825
f 11821 11825 11824
f 11822 749 748
f 11822 748 11825
f 2936 11823 4513
f 2936 4513 469
f 11823 11824 4512
f 11823 4512 4513
f 11824 11825 4511
f 11824 4511 4512
f 11825 748 134
f 11825 134 4511
f 2937 11826 11829
f 2937 11829 2938
f 11826 11827 11830
f 11826 11830 11829
f 11827 11828 11831
f 11827 11831 11830
f 11828 1378 1377
f 11828 1377 11831
f 2938 11829 11832
f 2938 11832 2939
f 11829 11830 11833
f 11829 11833 11832
f 11830 11831 11834
f 11830 11834 11833
f 11831 1377 1376
f 11831 1376 11834
f 2939 11832 11835
f 2939 11835 2940
f 11832 11833 11836
f 11832 11836 11835
f 11833 11834 11837
f 11833 11837 11836
f 11834 1376 1375
f 11834 1375 11837
f 2940 11835 11838
f 2940 11838 2941
f 11835 11836 11839
f 11835 11839 11838
f 11836 11837 11840
f 11836 11840 11839
f 11837 1375 1374
f 11837 1374 11840
f 2941 11838 4516
f 2941 4516 470
f 11838 11839 4515
f 11838 4515 4516
f 11839 11840 4514
f 11839 4514 4515
f 11840 1374 133
f 11840 133 4514
f 469 4513 11826
f 469 11826 2937
f 4513 4512 11827
f 4513 11827 11826
f 4512 4511 11828
f 4512 11828 11827
f 4511 134 1378
f 4511 1378 11828
f 470 4516 11841
f 470 11841 2942
f 4516 4515 11842
f 4516 11842 11841
f 4515 4514 11843
f 4515 11843 11842
f 4514 133 1373
f 4514 1373 11843
f 2942 11841 11844
f 2942 11844 2943
f 11841 11842 11845
f 11841 11845 11844
f 11842 11843 11846
f 11842 11846 11845
f 11843 1373 1372
f 11843 1372 11846
f 2943 11844 11847
f 2943 11847 2944
f 11844 11845 11848
f 11844 11848 11847
f 11845 11846 11849
f 11845 11849 11848
f 11846 1372 1371
f 11846 1371 11849
f 2944 11847 11850
f 2944 11850 2945
f 11847 11848 11851
f 11847 11851 11850
f 11848 11849 11852
f 11848 11852 11851
f 11849 1371 1370
f 11849 1370 11852
f 2945 11850 4519
f 2945 4519 471
f 11850 11851 4518
f 11850 4518 4519
f 11851 11852 4517
f 11851 4517 4518
f 11852 1370 132
f 11852 132 4517
f 2946 11853 11856
f 2946 11856 2947
f 11853 11854 11857
f 11853 11857 11856
f 11854 11855 11858
f 11854 11858 11857
f 11855 1369 1368
f 11855 1368 11858
f 2947 11856 11859
f 2947 11859 2948
f 11856 11857 11860
f 11856 11860 11859
f 11857 11858 11861
f 11857 11861 11860
f 11858 1368 1367
f 11858 1367 11861
f 2948 11859 11862
f 2948 11862 2949
f 11859 11860 11863
f 11859 11863 11862
f 11860 11861 11864
f 11860 11864 11863
f 11861 1367 1366
f 11861 1366 11864
f 2949 11862 11865
f 2949 11865 2950
f 11862 11863 11866
f 11862 11866 11865
f 11863 11864 11867
f 11863 11867 11866
f 11864 1366 1365
f 11864 1365 11867
f 471 4519 11853
f 471 11853 2946
f 4519 4518 11854
f 4519 11854 11853
f 4518 4517 11855
f 4518 11855 11854
f 4517 132 1369
f 4517 1369 11855
f 11867 1365 131
f 11867 131 4520
f 11866 11867 4520
f 11866 4520 4521
f 11865 11866 4521
f 11865 4521 4522
f 2950 11865 4522
f 2950 4522 472
f 472 4522 11868
f 472 11868 2951
f 4522 4521 11869
f 4522 11869 11868
f 4521 4520 11870
f 4521 11870 11869
f 4520 131 1364
f 4520 1364 11870
f 2951 11868 11871
f 2951 11871 2952
f 11868 11869 11872
f 11868 11872 11871
f 11869 11870 11873
f 11869 11873 11872
f 11870 1364 1363
f 11870 1363 11873
f 2952 11871 11874
f 2952 11874 2953
f 11871 11872 11875
f 11871 11875 11874
f 11872 11873 11876
f 11872 11876 11875
f 11873 1363 1362
f 11873 1362 11876
f 2953 11874 11877
f 2953 11877 2954
f 11874 11875 11878
f 11874 11878 11877
f 11875 11876 11879
f 11875 11879 11878
f 11876 1362 1361
f 11876 1361 11879
f 2954 11877 4525
f 2954 4525 473
f 11877 11878 4524
f 11877 4524 4525
f 11878 11879 4523
f 11878 4523 4524
f 11879 1361 130
f 11879 130 4523
f 2955 11880 11883
f 2955 11883 2956
f 11880 11881 11884
f 11880 11884 11883
f 11881 11882 11885
f 11881 11885 11884
f 11882 1360 1359
f 11882 1359 11885
f 2956 11883 11886
f 2956 11886 2957
f 11883 11884 11887
f 11883 11887 11886
f 11884 11885 11888
f 11884 11888 11887
f 11885 1359 1358
f 11885 1358 11888
f 2957 11886 11889
f 2957 11889 2958
f 11886 11887 11890
f 11886 11890 11889
f 11887 11888 11891
f 11887 11891 11890
f 11888 1358 1357
f 11888 1357 11891
f 2958 11889 11892
f 2958 11892 2959
f 11889 11890 11893
f 11889 11893 11892
f 11890 11891 11894
f 11890 11894 11893
f 11891 1357 1356
f 11891 1356 11894
f 473 4525 11880
f 473 11880 2955
f 4525 4524 11881
f 4525 11881 11880
f 4524 4523 11882
f 4524 11882 11881
f 4523 130 1360
f 4523 1360 11882
f 11894 1356 129
f 11894 129 4526
f 11893 11894 4526
f 11893 4526 4527
f 11892 11893 4527
f 11892 4527 4528
f 2959 11892 4528
f 2959 4528 474
f 474 4528 11895
f 474 11895 2960
f 4528 4527 11896
f 4528 11896 11895
f 4527 4526 11897
f 4527 11897 11896
f 4526 129 1355
f 4526 1355 11897
f 2960 11895 11898
f 2960 11898 2961
f 11895 11896 11899
f 11895 11899 11898
f 11896 11897 11900
f 11896 11900 11899
f 11897 1355 1354
f 11897 1354 11900
f 2961 11898 11901
f 2961 11901 2962
f 11898 11899 11902
f 11898 11902 11901
f 11899 11900 11903
f 11899 11903 11902
f 11900 1354 1353
f 11900 1353 11903
f 2962 11901 11904
f 2962 11904 2963
f 11901 11902 11905
f 11901 11905 11904
f 11902 11903 11906
f 11902 11906 11905
f 11903 1353 1352
f 11903 1352 11906
f 2963 11904 4531
f 2963 4531 475
f 11904 11905 4530
f 11904 4530 4531
f 11905 11906 4529
f 11905 4529 4530
f 11906 1352 128
f 11906 128 4529
f 2964 11907 11910
f 2964 11910 2965
f 11907 11908 11911
f 11907 11911 11910
f 11908 11909 11912
f 11908 11912 11911
f 11909 1351 1350
f 11909 1350 11912
f 2965 11910 11913
f 2965 11913 2966
f 11910 11911 11914
f 11910 11914 11913
f 11911 11912 11915
f 11911 11915 11914
f 11912 1350 1349
f 11912 1349 11915
f 2966 11913 11916
f 2966 11916 2967
f 11913 11914 11917
f 11913 11917 11916
f 11914 11915 11918
f 11914 11918 11917
f 11915 1349 1348
f 11915 1348 11918
f 2967 11916 11919
f 2967 11919 2968
f 11916 11917 11920
f 11916 11920 11919
f 11917 11918 11921
f 11917 11921 11920
f 11918 1348 1347
f 11918 1347 11921
f 475 4531 11907
f 475 11907 2964
f 4531 4530 11908
f 4531 11908 11907
f 4530 4529 11909
f 4530 11909 11908
f 4529 128 1351
f 4529 1351 11909
f 11921 1347 127
f 11921 127 4532
f 11920 11921 4532
f 11920 4532 4533
f 11919 11920 4533
f 11919 4533 4534
f 2968 11919 4534
f 2968 4534 476
f 476 4534 11922
f 476 11922 2969
f 4534 4533 11923
f 4534 11923 11922
f 4533 4532 11924
f 4533 11924 11923
f 4532 127 1346
f 4532 1346 11924
f 2969 11922 11925
f 2969 11925 2970
f 11922 11923 11926
f 11922 11926 11925
f 11923 11924 11927
f 11923 11927 11926
f 11924 1346 1345
f 11924 1345 11927
f 2970 11925 11928
f 2970 11928 2971
f 11925 11926 11929
f 11925 11929 11928
f 11926 11927 11930
f 11926 11930 11929
f 11927 1345 1344
f 11927 1344 11930
f 2971 11928 11931
f 2971 11931 2972
f 11928 11929 11932
f 11928 11932 11931
f 11929 11930 11933
f 11929 11933 11932
f 11930 1344 1343
f 11930 1343 11933
f 2972 11931 4537
f 2972 4537 477
f 11931 11932 4536
f 11931 4536 4537
f 11932 11933 4535
f 11932 4535 4536
f 11933 1343 126
f 11933 126 4535
f 477 4537 11934
f 477 11934 2973
f 4537 4536 11935
f 4537 11935 11934
f 4536 4535 11936
f 4536 11936 11935
f 4535 126 1342
f 4535 1342 11936
f 2973 11934 11937
f 2973 11937 2974
f 11934 11935 11938
f 11934 11938 11937
f 11935 11936 11939
f 11935 11939 11938
f 11936 1342 1341
f 11936 1341 11939
f 2974 11937 11940
f 2974 11940 2975
f 11937 11938 11941
f 11937 11941 11940
f 11938 11939 11942
f 11938 11942 11941
f 11939 1341 1340
f 11939 1340 11942
f 2975 11940 11943
f 2975 11943 2976
f 11940 11941 11944
f 11940 11944 11943
f 11941 11942 11945
f 11941 11945 11944
f 11942 1340 1339
f 11942 1339 11945
f 2976 11943 11946
f 2976 11946 2977
f 11943 11944 11947
f 11943 11947 11946
f 11944 11945 11948
f 11944 11948 11947
f 11945 1339 1338
f 11945 1338 11948
f 11948 1338 125
f 11948 125 4538
f 11947 11948 4538
f 11947 4538 4539
f 11946 11947 4539
f 11946 4539 4540
f 2977 11946 4540
f 2977 4540 478
f 478 4540 11949
f 478 11949 2978
f 4540 4539 11950
f 4540 11950 11949
f 4539 4538 11951
f 4539 11951 11950
f 4538 125 1337
f 4538 1337 11951
f 2978 11949 11952
f 2978 11952 2979
f 11949 11950 11953
f 11949 11953 11952
f 11950 11951 11954
f 11950 11954 11953
f 11951 1337 1336
f 11951 1336 11954
f 2979 11952 11955
f 2979 11955 2980
f 11952 11953 11956
f 11952 11956 11955
f 11953 11954 11957
f 11953 11957 11956
f 11954 1336 1335
f 11954 1335 11957
f 2980 11955 11958
f 2980 11958 2981
f 11955 11956 11959
f 11955 11959 11958
f 11956 11957 11960
f 11956 11960 11959
f 11957 1335 1334
f 11957 1334 11960
f 2981 11958 4543
f 2981 4543 479
f 11958 11959 4542
f 11958 4542 4543
f 11959 11960 4541
f 11959 4541 4542
f 11960 1334 124
f 11960 124 4541
f 479 4543 11961
f 479 11961 2982
f 4543 4542 11962
f 4543 11962 11961
f 4542 4541 11963
f 4542 11963 11962
f 4541 124 1333
f 4541 1333 11963
f 2982 11961 11964
f 2982 11964 2983
f 11961 11962 11965
f 11961 11965 11964
f 11962 11963 11966
f 11962 11966 11965
f 11963 1333 1332
f 11963 1332 11966
f 2983 11964 11967
f 2983 11967 2984
f 11964 11965 11968
f 11964 11968 11967
f 11965 11966 11969
f 11965 11969 11968
f 11966 1332 1331
f 11966 1331 11969
f 2984 11967 11970
f 2984 11970 2985
f 11967 11968 11971
f 11967 11971 11970
f 11968 11969 11972
f 11968 11972 11971
f 11969 1331 1330
f 11969 1330 11972
f 2985 11970 11973
f 2985 11973 2986
f 11970 11971 11974
f 11970 11974 11973
f 11971 11972 11975
f 11971 11975 11974
f 11972 1330 1329
f 11972 1329 11975
f 11975 1329 123
f 11975 123 4544
f 11974 11975 4544
f 11974 4544 4545
f 11973 11974 4545
f 11973 4545 4546
f 2986 11973 4546
f 2986 4546 480
f 480 4546 11976
f 480 11976 2987
f 4546 4545 11977
f 4546 11977 11976
f 4545 4544 11978
f 4545 11978 11977
f 4544 123 1328
f 4544 1328 11978
f 2987 11976 11979
f 2987 11979 2988
f 11976 11977 11980
f 11976 11980 11979
f 11977 11978 11981
f 11977 11981 11980
f 11978 1328 1327
f 11978 1327 11981
f 2988 11979 11982
f 2988 11982 2989
f 11979 11980 11983
f 11979 11983 11982
f 11980 11981 11984
f 11980 11984 11983
f 11981 1327 1326
f 11981 1326 11984
f 2989 11982 11985
f 2989 11985 2990
f 11982 11983 11986
f 11982 11986 11985
f 11983 11984 11987
f 11983 11987 11986
f 11984 1326 1325
f 11984 1325 11987
f 2990 11985 4549
f 2990 4549 481
f 11985 11986 4548
f 11985 4548 4549
f 11986 11987 4547
f 11986 4547 4548
f 11987 1325 122
f 11987 122 4547
f 481 4549 11988
f 481 11988 2991
f 4549 4548 11989
f 4549 11989 11988
f 4548 4547 11990
f 4548 11990 11989
f 4547 122 1324
f 4547 1324 11990
f 2991 11988 11991
f 2991 11991 2992
f 11988 11989 11992
f 11988 11992 11991
f 11989 11990 11993
f 11989 11993 11992
f 11990 1324 1323
f 11990 1323 11993
f 2992 11991 11994
f 2992 11994 2993
f 11991 11992 11995
f 11991 11995 11994
f 11992 11993 11996
f 11992 11996 11995
f 11993 1323 1322
f 11993 1322 11996
f 2993 11994 11997
f 2993 11997 2994
f 11994 11995 11998
f 11994 11998 11997
f 11995 11996 11999
f 11995 11999 11998
f 11996 1322 1321
f 11996 1321 11999
f 2994 11997 12000
f 2994 12000 2995
f 11997 11998 12001
f 11997 12001 12000
f 11998 11999 12002
f 11998 12002 12001
f 11999 1321 1320
f 11999 1320 12002
f 12002 1320 121
f 12002 121 4550
f 12001 12002 4550
f 12001 4550 4551
f 12000 12001 4551
f 12000 4551 4552
f 2995 12000 4552
f 2995 4552 482
f 482 4552 12003
f 482 12003 2996
f 4552 4551 12004
f 4552 12004 12003
f 4551 4550 12005
f 4551 12005 12004
f 4550 121 1319
f 4550 1319 12005
f 2996 12003 12006
f 2996 12006 2997
f 12003 12004 12007
f 12003 12007 12006
f 12004 12005 12008
f 12004 12008 12007
f 12005 1319 1318
f 12005 1318 12008
f 2997 12006 12009
f 2997 12009 2998
f 12006 12007 12010
f 12006 12010 12009
f 12007 12008 12011
f 12007 12011 12010
f 12008 1318 1317
f 12008 1317 12011
f 2998 12009 12012
f 2998 12012 2999
f 12009 12010 12013
f 12009 12013 12012
f 12010 12011 12014
f 12010 12014 12013
f 12011 1317 1316
f 12011 1316 12014
f 2999 12012 4555
f 2999 4555 483
f 12012 12013 4554
f 12012 4554 4555
f 12013 12014 4553
f 12013 4553 4554
f 12014 1316 120
f 12014 120 4553
f 483 4555 12015
f 483 12015 3000
f 4555 4554 12016
f 4555 12016 12015
f 4554 4553 12017
f 4554 12017 12016
f 4553 120 1315
f 4553 1315 12017
f 3000 12015 12018
f 3000 12018 3001
f 12015 12016 12019
f 12015 12019 12018
f 12016 12017 12020
f 12016 12020 12019
f 12017 1315 1314
f 12017 1314 12020
f 3001 12018 12021
f 3001 12021 3002
f 12018 12019 12022
f 12018 12022 12021
f 12019 12020 12023
f 12019 12023 12022
f 12020 1314 1313
f 12020 1313 12023
f 3002 12021 12024
f 3002 12024 3003
f 12021 12022 12025
f 12021 12025 12024
f 12022 12023 12026
f 12022 12026 12025
f 12023 1313 1312
f 12023 1312 12026
f 3003 12024 4558
f 3003 4558 484
f 12024 12025 4557
f 12024 4557 4558
f 12025 12026 4556
f 12025 4556 4557
f 12026 1312 119
f 12026 119 4556
f 3004 12027 12030
f 3004 12030 3005
f 12027 12028 12031
f 12027 12031 12030
f 12028 12029 12032
f 12028 12032 12031
f 12029 1311 1310
f 12029 1310 12032
f 3005 12030 12033
f 3005 12033 3006
f 12030 12031 12034
f 12030 12034 12033
f 12031 12032 12035
f 12031 12035 12034
f 12032 1310 1309
f 12032 1309 12035
f 3006 12033 12036
f 3006 12036 3007
f 12033 12034 12037
f 12033 12037 12036
f 12034 12035 12038
f 12034 12038 12037
f 12035 1309 1308
f 12035 1308 12038
f 3007 12036 12039
f 3007 12039 3008
f 12036 12037 12040
f 12036 12040 12039
f 12037 12038 12041
f 12037 12041 12040
f 12038 1308 1307
f 12038 1307 12041
f 3008 12039 4561
f 3008 4561 485
f 12039 12040 4560
f 12039 4560 4561
f 12040 12041 4559
f 12040 4559 4560
f 12041 1307 118
f 12041 118 4559
f 484 4558 12027
f 484 12027 3004
f 4558 4557 12028
f 4558 12028 12027
f 4557 4556 12029
f 4557 12029 12028
f 4556 119 1311
f 4556 1311 12029
f 485 4561 12042
f 485 12042 3009
f 4561 4560 12043
f 4561 12043 12042
f 4560 4559 12044
f 4560 12044 12043
f 4559 118 1306
f 4559 1306 12044
f 3009 12042 12045
f 3009 12045 3010
f 12042 12043 12046
f 12042 12046 12045
f 12043 12044 12047
f 12043 12047 12046
f 12044 1306 1305
f 12044 1305 12047
f 3010 12045 12048
f 3010 12048 3011
f 12045 12046 12049
f 12045 12049 12048
f 12046 12047 12050
f 12046 12050 12049
f 12047 1305 1304
f 12047 1304 12050
f 3011 12048 12051
f 3011 12051 3012
f 12048 12049 12052
f 12048 12052 12051
f 12049 12050 12053
f 12049 12053 12052
f 12050 1304 1303
f 12050 1303 12053
f 3012 12051 4564
f 3012 4564 486
f 12051 12052 4563
f 12051 4563 4564
f 12052 12053 4562
f 12052 4562 4563
f 12053 1303 117
f 12053 117 4562
f 3013 12054 12057
f 3013 12057 3014
f 12054 12055 12058
f 12054 12058 12057
f 12055 12056 12059
f 12055 12059 12058
f 12056 1302 1301
f 12056 1301 12059
f 3014 12057 12060
f 3014 12060 3015
f 12057 12058 12061
f 12057 12061 12060
f 12058 12059 12062
f 12058 12062 12061
f 12059 1301 1300
f 12059 1300 12062
f 3015 12060 12063
f 3015 12063 3016
f 12060 12061 12064
f 12060 12064 12063
f 12061 12062 12065
f 12061 12065 12064
f 12062 1300 1299
f 12062 1299 12065
f 3016 12063 12066
f 3016 12066 3017
f 12063 12064 12067
f 12063 12067 12066
f 12064 12065 12068
f 12064 12068 12067
f 12065 1299 1298
f 12065 1298 12068
f 3017 12066 4567
f 3017 4567 487
f 12066 12067 4566
f 12066 4566 4567
f 12067 12068 4565
f 12067 4565 4566
f 12068 1298 116
f 12068 116 4565
f 486 4564 12054
f 486 12054 3013
f 4564 4563 12055
f 4564 12055 12054
f 4563 4562 12056
f 4563 12056 12055
f 4562 117 1302
f 4562 1302 12056
f 487 4567 12069
f 487 12069 3018
f 4567 4566 12070
f 4567 12070 12069
f 4566 4565 12071
f 4566 12071 12070
f 4565 116 1297
f 4565 1297 12071
f 3018 12069 12072
f 3018 12072 3019
f 12069 12070 12073
f 12069 12073 12072
f 12070 12071 12074
f 12070 12074 12073
f 12071 1297 1296
f 12071 1296 12074
f 3019 12072 12075
f 3019 12075 3020
f 12072 12073 12076
f 12072 12076 12075
f 12073 12074 12077
f 12073 12077 12076
f 12074 1296 1295
f 12074 1295 12077
f 3020 12075 12078
f 3020 12078 3021
f 12075 12076 12079
f 12075 12079 12078
f 12076 12077 12080
f 12076 12080 12079
f 12077 1295 1294
f 12077 1294 12080
f 3021 12078 4570
f 3021 4570 488
f 12078 12079 4569
f 12078 4569 4570
f 12079 12080 4568
f 12079 4568 4569
f 12080 1294 115
f 12080 115 4568
f 615 4708 4647
f 4712 4648 4711
f 4648 12081 4711
f 4648 4647 12081
f 4647 12082 12081
f 4647 4708 12082
f 12081 12083 4711
f 12081 12082 12084
f 12081 12084 12083
f 12082 4708 4707
f 12082 4707 12084
f 4711 12083 12085
f 12083 12084 12087
f 12083 12087 12086
f 12084 4707 4706
f 12084 4706 12087
f 4710 12085 4709
f 12085 12088 4709
f 12085 12083 12086
f 12085 12086 12088
f 12088 12086 3254
f 12086 12087 3254
f 12087 3255 3254
f 12087 4706 500
f 12087 500 3255
f 4709 12088 3253
f 4709 3253 3252
f 12088 3254 3253
f 4709 3252 499
f 4711 12085 4710
f 1927 571 4573
f 1927 4573 1928
f 555 1927 1928
f 555 1928 623
f 1928 4573 4588
f 623 1928 1929
f 623 1929 558
f 1928 4588 1929
f 559 260 1931
f 559 1931 629
f 260 4079 579
f 260 579 1931
f 1931 579 581
f 1931 581 1932
f 12089 631 4746
f 631 4747 4746
f 4643 12090 4751
f 4643 12089 12090
f 12089 12091 12090
f 12089 4746 12091
f 12091 4746 4744
f 4751 12090 12092
f 4751 12092 4750
f 12090 12093 12092
f 12090 12091 12093
f 12091 12094 12093
f 12091 4744 12094
f 12092 12093 4749
f 12094 4744 4742
f 4749 12093 12095
f 12093 12096 12095
f 12093 12094 12096
f 12094 12097 12096
f 12094 4742 12097
f 4742 4740 12097
f 4749 12098 4748
f 4749 12095 12098
f 12095 12099 12098
f 12095 12096 12099
f 12096 12097 12099
f 12099 12097 12100
f 12097 12101 12100
f 12097 4740 12101
f 12098 3204 440
f 12098 12099 3204
f 12099 3203 3204
f 12099 12100 3203
f 12100 3202 3203
f 12100 12101 3202
f 12101 3201 3202
f 12101 4738 3201
f 4642 12089 4643
f 4642 631 12089
f 4746 4745 4744
f 4744 4743 4742
f 4742 4741 4740
f 4740 4739 12101
f 12101 4739 4738
f 4738 498 3201
f 4748 12098 440
f 4748 440 3256
f 4750 12092 4749
f 4590 4589 9621
f 4590 9621 9622
f 4589 556 4582
f 4589 4582 9621
f 9622 9621 4595
f 9622 4595 4594
f 9621 4582 557
f 9621 557 4595
f 2009 9622 4594
f 2009 4594 539
f 536 4590 9622
f 536 9622 2009
f 3998 3999 9623
f 3998 9623 9624
f 3999 560 4583
f 3999 4583 9623
f 9624 9623 4598
f 9624 4598 4597
f 9623 4583 563
f 9623 563 4598
f 2010 9624 4597
f 2010 4597 544
f 280 3998 9624
f 280 9624 2010
f 634 566 4585
f 634 4585 4586
f 637 4652 4000
f 637 4000 281
f 4652 4586 567
f 4652 567 4000
f 281 4000 4608
f 281 4608 548
f 545 4596 4652
f 545 4652 637
f 636 4649 12102
f 636 12102 4755
f 4649 12103 12102
f 4649 633 12103
f 12103 633 4751
f 4755 12102 12104
f 4755 12104 4754
f 12102 12103 12105
f 12102 12105 12104
f 12103 4751 4750
f 12103 4750 12105
f 4754 12104 12106
f 4754 12106 4753
f 12104 12105 12107
f 12104 12107 12106
f 12105 4750 12108
f 12105 12108 12107
f 4753 12106 4752
f 4752 12106 12109
f 12106 12107 12110
f 12106 12110 12109
f 12107 12108 12111
f 12107 12111 12110
f 12108 4748 12111
f 12108 4749 4748
f 4752 12109 3259
f 4752 3259 430
f 12109 3258 3259
f 12109 12110 3258
f 12110 12111 3257
f 12110 3257 3258
f 12111 3256 3257
f 12111 4748 3256
f 633 4643 4751
f 4750 4749 12108
f 613 12112 4684
f 613 4666 12112
f 4666 12113 12112
f 4666 4665 12113
f 4665 4675 12113
f 4684 12112 4682
f 12113 4675 4674
f 12112 12114 4682
f 12112 12113 12114
f 12114 12113 12115
f 12113 4674 12115
f 12115 4674 4672
f 4674 4673 4672
f 4682 12116 4681
f 4682 12114 12116
f 12114 12117 12116
f 12114 12115 12117
f 12115 12118 12117
f 12115 4672 12118
f 12118 4672 12119
f 4672 4671 12119
f 12116 12120 4680
f 12116 12117 12120
f 12117 12121 12120
f 12117 12118 12121
f 12118 12122 12121
f 12118 12119 12122
f 12119 4669 12122
f 12119 4670 4669
f 4680 3358 501
f 4680 12120 3358
f 12120 12121 3359
f 12120 3359 3358
f 12121 3360 3359
f 12121 12122 3360
f 12122 4669 3360
f 12119 4671 4670
f 4669 489 3362
f 4669 3362 3361
f 3360 4669 3361
f 4681 12116 4680
f 4684 4682 4683
f 300 515 608
f 300 608 2090
f 586 300 2090
f 586 2090 594
f 2090 608 521
f 2090 521 2091
f 594 2090 2091
f 594 2091 593
f 526 524 4577
f 526 4577 596
f 592 526 596
f 592 596 2092
f 596 4577 527
f 596 527 3910
f 639 4658 4701
f 4658 12123 4701
f 4658 4657 12123
f 4657 12124 12123
f 4657 636 4755
f 4657 4755 12124
f 4701 12123 12125
f 12123 12126 12125
f 12123 12124 12127
f 12123 12127 12126
f 12124 4755 4754
f 12124 4754 12127
f 4701 12125 4703
f 4703 12125 4704
f 12125 12128 4704
f 12125 12126 12129
f 12125 12129 12128
f 12126 12127 12130
f 12126 12130 12129
f 12127 4754 4753
f 12127 4753 12130
f 12130 4753 4752
f 12130 4752 12131
f 4704 12128 12133
f 4704 12133 12132
f 12128 12129 12134
f 12128 12134 12133
f 12129 12130 12131
f 12129 12131 12134
f 12132 3310 420
f 12132 12133 3309
f 12132 3309 3310
f 12133 12134 3309
f 12134 3308 3309
f 12134 12131 3307
f 12134 3307 3308
f 12131 4752 430
f 12131 430 3307
f 4705 12132 420
f 4704 12132 4705
f 4702 4701 4703
f 4609 531 4578
f 4609 4578 9265
f 505 9265 3907
f 505 3907 3906
f 9265 4578 3908
f 9265 3908 3907
f 503 4609 9265
f 503 9265 505
f 3907 3908 534
f 3907 534 612
f 508 4599 9266
f 508 9266 4574
f 4599 537 4579
f 4599 4579 9266
f 4574 9266 4601
f 4574 4601 513
f 9266 4579 538
f 9266 538 4601
f 514 3909 9267
f 514 9267 4575
f 3909 540 4580
f 3909 4580 9267
f 4575 9267 4602
f 4575 4602 522
f 9267 4580 543
f 9267 543 4602
f 523 4662 4576
f 523 640 4662
f 4662 4581 3912
f 4662 3912 3911
f 4576 4662 3911
f 4576 3911 528
f 3911 3912 547
f 3911 547 4610
f 640 546 4581
f 640 4581 4662
f 528 3911 4610
f 528 4610 529
f 508 511 506
f 508 506 507
f 512 516 518
f 512 518 517
f 514 520 518
f 514 518 519
f 521 524 526
f 521 525 524
f 527 528 529
f 527 529 530
f 538 539 542
f 538 542 541
f 543 544 545
f 543 545 546
f 548 547 549
f 555 556 553
f 555 553 554
f 557 558 562
f 557 562 561
f 559 560 561
f 559 561 562
f 563 564 565
f 563 565 566
f 567 568 569
f 567 569 570
f 579 582 580
f 579 580 581
f 586 589 587
f 586 587 590
f 592 593 2091
f 523 4576 524
f 524 4576 4577
f 4576 528 4577
f 4577 528 527
f 3997 554 3996
f 3996 554 553
f 552 3997 3996
f 1927 555 554
f 1927 554 1926
f 571 1927 1926
f 571 1926 572
f 260 559 562
f 260 562 1930
f 575 4079 4587
f 575 4587 577
f 4079 260 1930
f 4079 1930 4587
f 4587 1930 1929
f 4587 1929 4588
f 1930 562 558
f 1930 558 1929
f 577 4587 4588
f 577 4588 576
f 556 4589 617
f 556 617 553
f 4589 4590 4591
f 4589 4591 617
f 4590 536 535
f 4590 535 4591
f 560 3999 4593
f 560 4593 561
f 3999 3998 4592
f 3999 4592 4593
f 3998 280 542
f 3998 542 4592
f 561 4593 4595
f 561 4595 557
f 4593 4592 4594
f 4593 4594 4595
f 4592 542 539
f 4592 539 4594
f 566 634 4598
f 566 4598 563
f 634 4596 4597
f 634 4597 4598
f 4596 545 544
f 4596 544 4597
f 537 4599 612
f 537 612 534
f 4599 508 507
f 4599 507 612
f 540 3909 4600
f 540 4600 541
f 3909 514 519
f 3909 519 4600
f 541 4600 4601
f 541 4601 538
f 4600 519 513
f 4600 513 4601
f 546 640 4602
f 546 4602 543
f 640 523 522
f 640 522 4602
f 515 300 2089
f 515 2089 517
f 300 586 590
f 300 590 2089
f 517 2089 2088
f 517 2088 512
f 2089 590 588
f 2089 588 2088
f 526 592 2091
f 526 2091 521
f 586 594 589
f 593 592 4604
f 4074 572 259
f 259 572 1926
f 259 3997 4606
f 259 4606 1925
f 615 4656 12135
f 615 12135 4708
f 4656 4655 12136
f 4656 12136 12135
f 4655 4684 4683
f 4655 4683 12136
f 4708 12135 12137
f 4708 12137 4707
f 12135 12136 12138
f 12135 12138 12137
f 12136 12139 12138
f 12136 4683 12139
f 4683 4681 12139
f 4683 4682 4681
f 4707 12137 12140
f 4707 12140 4706
f 12137 12141 12140
f 12137 12138 12141
f 12138 12139 12141
f 12141 12139 12142
f 12139 4681 12143
f 12139 12143 12142
f 12140 12141 3304
f 12140 3304 3303
f 12141 3305 3304
f 12141 12142 3305
f 12142 12143 3306
f 12142 3306 3305
f 12143 4680 501
f 12143 501 3306
f 4653 4684 4655
f 4653 613 4684
f 4681 4680 12143
f 4706 12140 3303
f 4706 3303 500
f 511 600 4612
f 511 4612 599
f 600 602 603
f 600 603 4612
f 4612 603 599
f 599 603 4615
f 4613 599 598
f 599 4615 598
f 603 601 4615
f 4615 601 4614
f 602 512 4616
f 602 4616 603
f 512 517 605
f 512 605 4616
f 4616 605 604
f 4616 604 4617
f 603 4616 4617
f 603 4617 601
f 517 515 4618
f 517 4618 605
f 515 608 609
f 515 609 4618
f 605 4618 4620
f 605 4620 604
f 4618 4619 4620
f 4618 609 4619
f 608 606 4621
f 608 4621 609
f 606 525 611
f 606 611 4621
f 4621 611 609
f 609 611 4624
f 611 4622 4624
f 4624 4622 4623
f 609 4624 607
f 609 607 4619
f 620 4626 4628
f 4626 4627 4628
f 4627 622 4628
f 4628 622 624
f 620 4628 621
f 4625 620 621
f 621 4628 555
f 621 555 556
f 4628 624 623
f 4628 623 555
f 622 4629 624
f 624 4629 4631
f 4629 626 4631
f 4631 626 627
f 4630 625 626
f 4630 626 4629
f 624 4631 558
f 624 558 623
f 4631 627 562
f 4631 562 558
f 4633 4634 630
f 4633 630 4635
f 626 4633 4635
f 625 4632 4633
f 625 4633 626
f 626 4635 627
f 627 4635 559
f 627 559 562
f 4635 630 629
f 4635 629 559
f 4636 4637 628
f 628 4637 4639
f 4634 628 630
f 628 4639 630
f 4637 4638 4639
f 4639 4638 632
f 630 4639 564
f 630 564 629
f 4639 632 563
f 4639 563 564
f 556 553 4625
f 556 4625 621
f 553 617 619
f 553 619 4625
f 4625 619 618
f 4625 618 4640
f 620 4625 4641
f 4625 4640 4641
f 4637 631 4638
f 631 4642 4638
f 4638 4642 635
f 4642 4644 635
f 4643 4644 4642
f 4643 633 4644
f 632 4638 566
f 632 566 563
f 4638 635 634
f 4638 634 566
f 4591 4645 4646
f 4591 3994 4645
f 3994 279 616
f 3994 616 4645
f 617 4591 4646
f 617 4646 619
f 619 4646 4645
f 619 4645 618
f 4645 616 615
f 4645 615 4647
f 618 4645 4647
f 618 4647 4648
f 633 4650 4644
f 633 4649 4650
f 4649 636 638
f 4649 638 4650
f 4644 4650 635
f 635 4650 4651
f 4651 4650 4652
f 4651 4652 4596
f 4650 638 637
f 4650 637 4652
f 635 4651 4596
f 635 4596 634
f 279 3908 4654
f 279 4654 616
f 3908 612 4653
f 3908 4653 4654
f 612 614 4653
f 616 4654 4656
f 616 4656 615
f 4654 4653 4655
f 4654 4655 4656
f 4657 4658 4660
f 636 4657 4661
f 636 4661 638
f 4657 4660 4661
f 4658 639 4660
f 639 4659 4660
f 638 4661 4581
f 638 4581 637
f 4661 4660 4662
f 4661 4662 4581
f 4660 641 640
f 4660 640 4662
f 612 507 4664
f 612 4664 614
f 507 508 4663
f 507 4663 4664
f 508 511 599
f 508 599 4663
f 4663 599 4664
f 4664 599 4613
f 614 4664 4653
f 4653 4664 613
f 4664 4613 613
f 613 4613 4666
f 4613 598 4665
f 4613 4665 4666
f 4659 4667 4668
f 4667 4622 4668
f 4660 4659 4668
f 4660 4668 641
f 4668 4622 611
f 610 4623 4667
f 4667 4623 4622
f 4668 611 12144
f 641 4668 523
f 641 523 640
f 4668 12144 522
f 4668 522 523
f 12144 611 525
f 12144 525 522
f 4665 598 4675
f 598 12145 4675
f 12145 4614 12146
f 4614 4676 12146
f 4675 12145 12147
f 12145 12146 12147
f 4675 12147 4673
f 12146 4676 12148
f 4676 4677 12148
f 4673 12147 12149
f 12147 12150 12149
f 12147 12146 12150
f 12146 12148 12150
f 4673 12149 4671
f 12150 12151 12149
f 12150 12148 12151
f 12148 4678 12151
f 4671 12149 12152
f 12149 12153 12152
f 12149 12151 12153
f 4671 12152 4670
f 12152 12153 12154
f 12153 12155 12154
f 12153 12151 12155
f 12151 12156 12155
f 12151 4678 4679
f 12151 4679 12156
f 4670 12152 12157
f 12152 12154 12157
f 12155 12156 2611
f 12156 2612 2611
f 12156 4679 490
f 12156 490 2612
f 598 4615 12145
f 4615 4614 12145
f 12148 4677 4678
f 12154 12155 2611
f 12154 2611 2610
f 12154 2610 2609
f 12157 12154 2609
f 12157 2609 2608
f 489 12157 2608
f 4669 12157 489
f 4670 12157 4669
f 4673 4671 4672
f 4674 4675 4673
f 684 685 686
f 684 686 4820
f 4820 686 681
f 681 686 683
f 700 701 698
f 4821 700 698
f 700 4822 697
f 700 697 701
f 4822 699 697
f 701 697 698
f 707 4823 710
f 4823 708 710
f 711 709 710
f 711 710 708
f 723 727 724
f 723 724 725
f 726 722 725
f 726 725 724
f 684 4827 4829
f 684 4829 685
f 4827 4826 4828
f 4827 4828 4829
f 4826 688 687
f 4826 687 4828
f 688 4833 4837
f 688 4837 687
f 4833 4832 4836
f 4833 4836 4837
f 4832 4831 4835
f 4832 4835 4836
f 4831 4834 4835
f 4831 4830 4834
f 4830 690 689
f 4830 689 4834
f 690 3775 4844
f 690 4844 689
f 3775 4840 4843
f 3775 4843 4844
f 4840 4839 4842
f 4840 4842 4843
f 4839 4838 4841
f 4839 4841 4842
f 4838 692 691
f 4838 691 4841
f 3780 4848 4852
f 3780 4852 4853
f 4848 4847 4851
f 4848 4851 4852
f 4847 4846 4850
f 4847 4850 4851
f 4846 4845 4849
f 4846 4849 4850
f 4845 694 693
f 4845 693 4849
f 692 3780 4853
f 692 4853 691
f 694 4857 4861
f 694 4861 693
f 4857 4856 4860
f 4857 4860 4861
f 4856 4855 4859
f 4856 4859 4860
f 4855 4854 4858
f 4855 4858 4859
f 4854 696 695
f 4854 695 4858
f 4862 699 4863
f 4863 699 4822
f 696 3788 4865
f 696 4865 695
f 3788 4863 4864
f 3788 4864 4865
f 4863 4822 700
f 4863 700 4864
f 4867 712 713
f 4867 713 4868
f 711 4866 4869
f 4866 4867 4868
f 4866 4868 4869
f 711 4869 4871
f 711 4871 709
f 4869 4868 4870
f 4869 4870 4871
f 4868 713 671
f 4868 671 4870
f 712 4879 713
f 712 4872 4879
f 4872 4873 4878
f 4872 4878 4879
f 4873 4874 4877
f 4873 4877 4878
f 4874 4875 4876
f 4874 4876 4877
f 4875 714 715
f 4875 715 4876
f 713 4879 4771
f 713 4771 671
f 4879 4878 4772
f 4879 4772 4771
f 4878 4877 4773
f 4878 4773 4772
f 4877 4876 4773
f 4876 4774 4773
f 4876 715 672
f 4876 672 4774
f 714 4880 4887
f 714 4887 715
f 4880 4881 4886
f 4880 4886 4887
f 4881 4882 4885
f 4881 4885 4886
f 4882 4883 4884
f 4882 4884 4885
f 4883 716 717
f 4883 717 4884
f 715 4887 4206
f 715 4206 672
f 4887 4886 4775
f 4887 4775 4206
f 4886 4885 4776
f 4886 4776 4775
f 4885 4884 4777
f 4885 4777 4776
f 4884 717 673
f 4884 673 4777
f 716 4888 4897
f 716 4897 717
f 4888 4889 4897
f 4889 4896 4897
f 4889 4890 4895
f 4889 4895 4896
f 4890 4891 4894
f 4890 4894 4895
f 4891 4892 4893
f 4891 4893 4894
f 4892 718 719
f 4892 719 4893
f 4897 4896 4778
f 4897 4778 4210
f 4896 4895 4779
f 4896 4779 4778
f 4895 4894 4780
f 4895 4780 4779
f 4894 4893 4781
f 4894 4781 4780
f 4893 719 674
f 4893 674 4781
f 717 4897 4210
f 717 4210 673
f 718 4898 4905
f 718 4905 719
f 4898 4899 4904
f 4898 4904 4905
f 4899 4900 4903
f 4899 4903 4904
f 4900 4901 4902
f 4900 4902 4903
f 4901 720 721
f 4901 721 4902
f 719 4905 4782
f 719 4782 674
f 4905 4904 4783
f 4905 4783 4782
f 4904 4903 4784
f 4904 4784 4783
f 4903 4902 4785
f 4903 4785 4784
f 4902 721 675
f 4902 675 4785
f 720 4906 4909
f 720 4909 721
f 4906 4907 4909
f 4907 4908 4909
f 721 4909 4217
f 721 4217 675
f 4909 4908 4910
f 4909 4910 4217
f 4908 727 723
f 4908 723 4910
f 707 4911 4913
f 707 4913 4823
f 4911 1870 4912
f 4911 4912 4913
f 1870 669 706
f 1870 706 4912
f 726 4914 4916
f 726 4916 722
f 4914 4915 1894
f 4914 1894 4916
f 4915 728 670
f 4915 670 1894
f 669 4786 4920
f 669 4920 706
f 4786 4787 4919
f 4786 4919 4920
f 4787 4788 4918
f 4787 4918 4919
f 4788 4789 4917
f 4788 4917 4918
f 4789 667 705
f 4789 705 4917
f 728 4921 4790
f 728 4790 670
f 4921 4922 4791
f 4921 4791 4790
f 4922 4923 4792
f 4922 4792 4791
f 4923 4924 4793
f 4923 4793 4792
f 4924 729 668
f 4924 668 4793
f 667 4794 4928
f 667 4928 705
f 4794 4795 4927
f 4794 4927 4928
f 4795 4796 4926
f 4795 4926 4927
f 4796 4797 4925
f 4796 4925 4926
f 4797 665 704
f 4797 704 4925
f 729 4929 4798
f 729 4798 668
f 4929 4930 4799
f 4929 4799 4798
f 4930 4931 4800
f 4930 4800 4799
f 4931 4932 4801
f 4931 4801 4800
f 4932 730 666
f 4932 666 4801
f 4802 4803 4936
f 4802 4936 4937
f 4803 4804 4935
f 4803 4935 4936
f 4804 4805 4934
f 4804 4934 4935
f 4805 4806 4933
f 4805 4933 4934
f 4806 663 703
f 4806 703 4933
f 665 4802 4937
f 665 4937 704
f 4938 4939 4808
f 4938 4808 4807
f 4939 4940 4809
f 4939 4809 4808
f 4940 4941 4810
f 4940 4810 4809
f 4941 4942 4811
f 4941 4811 4810
f 4942 731 664
f 4942 664 4811
f 730 4938 4807
f 730 4807 666
f 663 4812 4946
f 663 4946 703
f 4812 4813 4945
f 4812 4945 4946
f 4813 4814 4944
f 4813 4944 4945
f 4814 4815 4943
f 4814 4943 4944
f 4815 661 702
f 4815 702 4943
f 731 4947 4816
f 731 4816 664
f 4947 4948 4817
f 4947 4817 4816
f 4948 4949 4818
f 4948 4818 4817
f 4949 4950 4819
f 4949 4819 4818
f 4950 732 662
f 4950 662 4819
f 661 4951 4954
f 661 4954 702
f 4951 4952 4953
f 4951 4953 4954
f 4952 681 683
f 4952 683 4953
f 732 4955 4958
f 732 4958 662
f 4955 4956 4957
f 4955 4957 4958
f 4956 698 697
f 4956 697 4957
f 629 4583 12169
f 629 12169 12168
f 4583 563 12170
f 4583 12170 12169
f 517 516 12183
f 517 12183 12182
f 563 4598 12171
f 563 12171 12170
f 516 600 12184
f 516 12184 12183
f 4598 634 12172
f 4598 12172 12171
f 634 4596 12173
f 634 12173 12172
f 535 4591 12159
f 535 12159 12158
f 600 511 12185
f 600 12185 12184
f 511 508 12186
f 511 12186 12185
f 4596 545 12174
f 4596 12174 12173
f 4591 617 12160
f 4591 12160 12159
f 508 507 12187
f 508 12187 12186
f 507 612 12188
f 507 12188 12187
f 545 546 12175
f 545 12175 12174
f 617 4589 12161
f 617 12161 12160
f 4589 556 12162
f 4589 12162 12161
f 612 534 12189
f 612 12189 12188
f 546 640 12176
f 546 12176 12175
f 556 4582 12163
f 556 12163 12162
f 4582 623 12164
f 4582 12164 12163
f 534 535 12158
f 534 12158 12189
f 640 523 12177
f 640 12177 12176
f 523 522 12178
f 523 12178 12177
f 623 558 12165
f 623 12165 12164
f 522 525 12179
f 522 12179 12178
f 558 562 12166
f 558 12166 12165
f 525 606 12180
f 525 12180 12179
f 562 559 12167
f 562 12167 12166
f 606 520 12181
f 606 12181 12180
f 559 629 12168
f 559 12168 12167
f 520 517 12182
f 520 12182 12181
f 12194 12195 12191
f 12194 12191 12190
f 12196 12197 12195
f 12196 12195 12194
f 12197 12193 12191
f 12197 12191 12195
f 12190 12191 12193
f 12190 12193 12192
f 12192 12193 12197
f 12192 12197 12196
f 12192 12196 12194
f 12192 12194 12190
f 10499 12207 12216
f 10499 12216 12200
f 10499 12200 10475
f 10475 12200 12211
f 10475 12211 12201
f 10475 12201 682
f 699 12199 12209
f 699 12209 12198
f 699 12198 10541
f 4760 12205 12214
f 4760 12214 12199
f 4760 12199 699
f 10475 8716 12204
f 10475 12204 12211
f 8779 10538 12202
f 8779 12202 12212
f 8779 12212 12203
f 8740 8779 12203
f 8740 12203 12215
f 8740 12215 12206
f 10475 682 8716
f 699 10541 10538
f 699 10538 8779
f 4760 699 8779
f 4760 8779 8740
f 682 4760 8740
f 682 8740 8716
f 8716 8740 12206
f 8716 12206 12213
f 8716 12213 12204
f 682 12201 12210
f 682 12210 12205
f 682 12205 4760
f 10541 10499 10538
f 10538 10499 12207
f 10538 12207 12208
f 10538 12208 12202
f 10541 12198 12208
f 10541 12208 12207
f 10541 12207 10499
f 12199 12214 12215
f 12199 12215 12203
f 12214 12205 12206
f 12214 12206 12215
f 12198 12209 12212
f 12198 12212 12202
f 12209 12199 12203
f 12209 12203 12212
f 12201 12211 12204
f 12208 12198 12202
f 12205 12210 12213
f 12205 12213 12206
f 12210 12201 12204
f 12210 12204 12213
f 12241 12232 12223
f 12241 12223 12238
f 12238 12223 12224
f 12238 12224 12239
f 12221 12237 12245
f 12221 12245 12243
f 12242 12234 12222
f 12242 12222 12240
f 12231 12219 12223
f 12231 12223 12232
f 12219 12227 12230
f 12219 12230 12223
f 12226 12225 12228
f 12226 12228 12229
f 12235 12226 12229
f 12235 12229 12236
f 12232 12221 12228
f 12233 12218 12226
f 12233 12226 12235
f 12219 12220 12227
f 12218 12217 12225
f 12218 12225 12226
f 12217 12231 12225
f 12225 12231 12232
f 12225 12232 12228
f 12237 12221 12232
f 12237 12232 12241
f 12220 12233 12235
f 12220 12235 12227
f 12227 12235 12236
f 12227 12236 12230
f 12239 12224 12234
f 12239 12234 12242
f 12223 12232 12228
f 12223 12228 12229
f 12223 12229 12236
f 12223 12236 12230
f 12220 12239 12242
f 12220 12242 12233
f 12217 12237 12241
f 12217 12241 12231
f 12233 12242 12240
f 12233 12240 12218
f 12218 12240 12237
f 12218 12237 12217
f 12219 12238 12239
f 12219 12239 12220
f 12231 12241 12238
f 12231 12238 12219
f 12246 12244 12243
f 12246 12243 12245
f 12237 12240 12246
f 12237 12246 12245
f 12240 12222 12244
f 12240 12244 12246
f 12222 12221 12243
f 12222 12243 12244
f 12247 12248 12250
f 12247 12250 12249
f 12249 12250 12252
f 12249 12252 12251
f 12251 12252 12254
f 12251 12254 12253
f 12253 12254 12256
f 12253 12256 12255
f 12255 12256 12258
f 12255 12258 12257
f 12257 12258 12260
f 12257 12260 12259
f 12259 12260 12262
f 12259 12262 12261
f 12261 12262 12264
f 12261 12264 12263
f 12263 12264 12266
f 12263 12266 12265
f 12265 12266 12268
f 12265 12268 12267
f 12267 12268 12270
f 12267 12270 12269
f 12269 12270 12272
f 12269 12272 12271
f 12271 12272 12274
f 12271 12274 12273
f 12273 12274 12276
f 12273 12276 12275
f 12275 12276 12278
f 12275 12278 12277
f 12277 12278 12280
f 12277 12280 12279
f 12279 12280 12282
f 12279 12282 12281
f 12281 12282 12284
f 12281 12284 12283
f 12283 12284 12286
f 12283 12286 12285
f 12285 12286 12288
f 12285 12288 12287
f 12287 12288 12290
f 12287 12290 12289
f 12289 12290 12292
f 12289 12292 12291
f 12291 12292 12294
f 12291 12294 12293
f 12293 12294 12296
f 12293 12296 12295
f 12295 12296 12298
f 12295 12298 12297
f 12297 12298 12300
f 12297 12300 12299
f 12299 12300 12302
f 12299 12302 12301
f 12301 12302 12304
f 12301 12304 12303
f 12303 12304 12306
f 12303 12306 12305
f 12305 12306 12308
f 12305 12308 12307
f 12307 12308 12310
f 12307 12310 12309
f 12309 12310 12312
f 12309 12312 12311
f 12311 12312 12314
f 12311 12314 12313
f 12313 12314 12316
f 12313 12316 12315
f 12315 12316 12318
f 12315 12318 12317
f 12317 12318 12320
f 12317 12320 12319
f 12319 12320 12322
f 12319 12322 12321
f 12321 12322 12324
f 12321 12324 12323
f 12323 12324 12326
f 12323 12326 12325
f 12325 12326 12328
f 12325 12328 12327
f 12327 12328 12330
f 12327 12330 12329
f 12329 12330 12332
f 12329 12332 12331
f 12331 12332 12334
f 12331 12334 12333
f 12333 12334 12336
f 12333 12336 12335
f 12335 12336 12338
f 12335 12338 12337
f 12337 12338 12340
f 12337 12340 12339
f 12339 12340 12342
f 12339 12342 12341
f 12341 12342 12344
f 12341 12344 12343
f 12343 12344 12346
f 12343 12346 12345
f 12345 12346 12348
f 12345 12348 12347
f 12250 12248 12348
f 12250 12348 12346
f 12250 12346 12344
f 12250 12344 12342
f 12250 12342 12340
f 12250 12340 12338
f 12250 12338 12336
f 12250 12336 12334
f 12250 12334 12332
f 12250 12332 12330
f 12250 12330 12328
f 12250 12328 12326
f 12250 12326 12324
f 12250 12324 12322
f 12250 12322 12320
f 12250 12320 12318
f 12250 12318 12316
f 12250 12316 12314
f 12250 12314 12312
f 12250 12312 12310
f 12250 12310 12308
f 12250 12308 12306
f 12250 12306 12304
f 12250 12304 12302
f 12250 12302 12300
f 12250 12300 12298
f 12250 12298 12296
f 12250 12296 12294
f 12250 12294 12292
f 12250 12292 12290
f 12250 12290 12288
f 12250 12288 12286
f 12250 12286 12284
f 12250 12284 12282
f 12250 12282 12280
f 12250 12280 12278
f 12250 12278 12276
f 12250 12276 12274
f 12250 12274 12272
f 12250 12272 12270
f 12250 12270 12268
f 12250 12268 12266
f 12250 12266 12264
f 12250 12264 12262
f 12250 12262 12260
f 12250 12260 12258
f 12250 12258 12256
f 12250 12256 12254
f 12250 12254 12252
f 12347 12348 12248
f 12347 12248 12247
f 12247 12249 12251
f 12247 12251 12253
f 12247 12253 12255
f 12247 12255 12257
f 12247 12257 12259
f 12247 12259 12261
f 12247 12261 12263
f 12247 12263 12265
f 12247 12265 12267
f 12247 12267 12269
f 12247 12269 12271
f 12247 12271 12273
f 12247 12273 12275
f 12247 12275 12277
f 12247 12277 12279
f 12247 12279 12281
f 12247 12281 12283
f 12247 12283 12285
f 12247 12285 12287
f 12247 12287 12289
f 12247 12289 12291
f 12247 12291 12293
f 12247 12293 12295
f 12247 12295 12297
f 12247 12297 12299
f 12247 12299 12301
f 12247 12301 12303
f 12247 12303 12305
f 12247 12305 12307
f 12247 12307 12309
f 12247 12309 12311
f 12247 12311 12313
f 12247 12313 12315
f 12247 12315 12317
f 12247 12317 12319
f 12247 12319 12321
f 12247 12321 12323
f 12247 12323 12325
f 12247 12325 12327
f 12247 12327 12329
f 12247 12329 12331
f 12247 12331 12333
f 12247 12333 12335
f 12247 12335 12337
f 12247 12337 12339
f 12247 12339 12341
f 12247 12341 12343
f 12247 12343 12345
f 12247 12345 12347
f 12234 12224 12223
f 12234 12223 12232
f 12234 12223 12230
f 12234 12230 12236
f 12234 12236 12229
f 12234 12229 12228
f 12234 12228 12221
f 12234 12221 12222
