# mixer-deck — exported from the client's own 3D files by tools_models.py
o base
v 0.2148 5.4293 0.2718
v 0.2236 5.4293 0.2630
v -0.1860 5.4277 0.2715
v -0.1956 5.4277 0.2614
v -0.1938 5.4293 0.0270
v 0.2260 5.4293 0.0295
v -0.1915 5.4293 -0.0006
v -0.0162 5.4293 -0.1485
v 0.0504 5.4293 -0.1481
v -0.0438 5.4293 -0.1465
v -0.1849 5.4293 -0.0275
v -0.1741 5.4293 -0.0530
v -0.1595 5.4293 -0.0766
v -0.1414 5.4293 -0.0975
v -0.1202 5.4293 -0.1154
v -0.0965 5.4293 -0.1298
v -0.0708 5.4293 -0.1402
v 0.0780 5.4293 -0.1458
v 0.2240 5.4293 0.0018
v 0.1049 5.4293 -0.1392
v 0.1305 5.4293 -0.1284
v 0.1540 5.4293 -0.1138
v 0.1750 5.4293 -0.0957
v 0.1928 5.4293 -0.0745
v 0.2072 5.4293 -0.0508
v 0.2176 5.4293 -0.0251
v -0.2574 5.3819 -0.0710
v -0.1869 5.4160 -0.0750
v -0.2339 5.3933 -0.0723
v -0.2104 5.4046 -0.0737
v 0.0876 5.4154 -0.1685
v 0.1105 5.3824 -0.2228
v 0.0953 5.4044 -0.1866
v 0.1029 5.3934 -0.2047
v -0.2330 5.3821 -0.1155
v -0.1675 5.4158 -0.1026
v -0.2112 5.3933 -0.1112
v -0.1893 5.4046 -0.1069
v -0.2483 5.3753 0.3174
v -0.2327 5.3911 0.2999
v -0.2171 5.4068 0.2823
v -0.2007 5.3822 -0.1547
v -0.1434 5.4157 -0.1267
v -0.1816 5.3934 -0.1454
v -0.1625 5.4045 -0.1361
v 0.2830 5.3789 0.1448
v 0.2375 5.4190 0.0529
v 0.2679 5.3922 0.1141
v 0.2527 5.4056 0.0835
v -0.1616 5.3823 -0.1872
v -0.1155 5.4156 -0.1465
v -0.1462 5.3934 -0.1737
v -0.1308 5.4045 -0.1601
v 0.1506 5.4158 -0.1423
v 0.2008 5.3821 -0.1769
v 0.1673 5.4046 -0.1538
v 0.1841 5.3933 -0.1653
v -0.1170 5.3824 -0.2118
v -0.0844 5.4155 -0.1613
v -0.1061 5.3934 -0.1950
v -0.0953 5.4045 -0.1781
v 0.2377 5.3820 -0.1420
v 0.1776 5.4159 -0.1218
v 0.2177 5.3933 -0.1353
v 0.1977 5.4046 -0.1285
v 0.2040 5.4209 0.2859
v 0.1517 5.3755 0.3773
v 0.1865 5.4068 0.3164
v 0.1691 5.3911 0.3468
v -0.0512 5.4153 -0.1707
v -0.0684 5.3826 -0.2275
v -0.0569 5.4044 -0.1896
v -0.0627 5.3935 -0.2085
v 0.2673 5.3818 -0.1010
v 0.2007 5.4161 -0.0972
v 0.2451 5.3932 -0.0997
v 0.2229 5.4046 -0.0984
v -0.1963 5.4217 0.2732
v -0.2189 5.3750 0.3449
v -0.2038 5.4069 0.2971
v -0.2113 5.3910 0.3210
v -0.2796 5.3811 0.0279
v -0.2094 5.4168 -0.0132
v -0.2562 5.3930 0.0142
v -0.2328 5.4049 0.0005
v 0.2886 5.3816 -0.0552
v 0.2190 5.4162 -0.0692
v 0.2654 5.3932 -0.0599
v 0.2422 5.4047 -0.0646
v -0.1831 5.3750 0.3645
v -0.1847 5.3910 0.3362
v -0.1864 5.4069 0.3080
v 0.3010 5.3813 -0.0063
v 0.2321 5.4166 -0.0390
v 0.2780 5.3931 -0.0172
v 0.2551 5.4048 -0.0281
v 0.3043 5.3808 0.0443
v 0.2395 5.4170 -0.0076
v 0.2827 5.3929 0.0270
v 0.2611 5.4050 0.0097
v 0.2260 5.4215 0.2722
v 0.2288 5.3749 0.3550
v 0.2252 5.4070 0.3026
v 0.2270 5.3909 0.3288
v 0.1916 5.3751 0.3710
v 0.2149 5.4213 0.2829
v 0.1994 5.3910 0.3416
v 0.2071 5.4069 0.3123
v -0.0179 5.3827 -0.2337
v -0.0167 5.4152 -0.1743
v -0.0175 5.3935 -0.2139
v -0.0171 5.4043 -0.1941
v -0.2010 5.4163 -0.0448
v -0.2731 5.3816 -0.0227
v -0.2250 5.4047 -0.0374
v -0.2490 5.3932 -0.0300
v 0.0534 5.4152 -0.1734
v 0.0605 5.3827 -0.2320
v 0.0558 5.4044 -0.1930
v 0.0581 5.3935 -0.2125
v -0.2089 5.4187 0.0488
v -0.2650 5.3792 0.1298
v -0.2276 5.4055 0.0758
v -0.2463 5.3924 0.1028
v 0.2982 5.3801 0.0951
v 0.2412 5.4178 0.0235
v 0.2792 5.3927 0.0712
v 0.2602 5.4052 0.0474
v 0.1579 5.3823 -0.2041
v 0.1203 5.4156 -0.1580
v 0.1454 5.3934 -0.1888
v 0.1328 5.4045 -0.1734
v -0.1436 5.3753 0.3745
v -0.1775 5.4214 0.2831
v -0.1549 5.3911 0.3440
v -0.1662 5.4068 0.3136
v -0.2770 5.3804 0.0791
v -0.2120 5.4175 0.0185
v -0.2553 5.3928 0.0589
v -0.2337 5.4051 0.0387
v 0.2605 5.3750 0.3305
v 0.2392 5.4069 0.2889
v 0.2499 5.3910 0.3097
v 0.2058 5.2800 -0.3339
v 0.1150 5.2790 -0.3665
v 0.1146 5.2810 -0.3656
v 0.0190 5.2800 -0.3786
v -0.0772 5.2800 -0.3709
v -0.1697 5.2800 -0.3435
v -0.2545 5.2800 -0.2973
v -0.3279 5.2800 -0.2346
v -0.3866 5.2800 -0.1580
v -0.4284 5.2796 -0.0709
v -0.4272 5.2814 -0.0709
v -0.4506 5.2800 0.0230
v -0.4531 5.2800 0.1195
v -0.4355 5.2800 0.2144
v -0.3985 5.2800 0.3035
v -0.3437 5.2802 0.3835
v -0.2737 5.2802 0.4498
v -0.1915 5.2802 0.5001
v -0.1005 5.2796 0.5326
v -0.1010 5.2817 0.5309
v -0.0044 5.2791 0.5455
v -0.0031 5.2811 0.5442
v 0.0924 5.2801 0.5372
v 0.1848 5.2801 0.5097
v 0.2695 5.2801 0.4636
v 0.3429 5.2795 0.4010
v 0.3426 5.2812 0.3995
v 0.4015 5.2800 0.3240
v 0.4430 5.2800 0.2368
v 0.4654 5.2800 0.1429
v 0.4678 5.2800 0.0463
v 0.4501 5.2800 -0.0486
v 0.4130 5.2800 -0.1377
v 0.3583 5.2800 -0.2172
v 0.2882 5.2800 -0.2836
v 0.2059 5.2367 -0.3336
v 0.1147 5.2361 -0.3652
v 0.1150 5.2374 -0.3664
v 0.0191 5.2367 -0.3783
v -0.0771 5.2367 -0.3707
v -0.1696 5.2367 -0.3432
v -0.2544 5.2367 -0.2971
v -0.3270 5.2359 -0.2336
v -0.3281 5.2370 -0.2347
v -0.3865 5.2367 -0.1578
v -0.4270 5.2359 -0.0702
v -0.4284 5.2370 -0.0708
v -0.4505 5.2367 0.0233
v -0.4530 5.2367 0.1198
v -0.4353 5.2367 0.2147
v -0.3983 5.2367 0.3038
v -0.3436 5.2367 0.3833
v -0.2736 5.2367 0.4498
v -0.1912 5.2367 0.5001
v -0.0999 5.2359 0.5312
v -0.1003 5.2370 0.5327
v -0.0045 5.2361 0.5442
v -0.0045 5.2374 0.5455
v 0.0917 5.2367 0.5372
v 0.1843 5.2367 0.5098
v 0.2691 5.2367 0.4636
v 0.3425 5.2367 0.4009
v 0.4012 5.2367 0.3243
v 0.4427 5.2367 0.2371
v 0.4652 5.2367 0.1433
v 0.4676 5.2367 0.0468
v 0.4500 5.2367 -0.0482
v 0.4130 5.2367 -0.1373
v 0.3583 5.2367 -0.2168
v 0.2882 5.2367 -0.2832
vn -0.351 -0.005 -0.936
vn -0.148 -0.005 -0.989
vn -0.217 -0.005 -0.976
vn -0.351 -0.005 -0.936
vn -0.217 -0.005 -0.976
vn -0.415 -0.005 -0.910
vn -0.538 -0.005 -0.843
vn -0.351 -0.005 -0.936
vn -0.415 -0.005 -0.910
vn -0.538 -0.005 -0.843
vn -0.415 -0.005 -0.910
vn -0.594 -0.002 -0.804
vn 0.388 0.840 -0.378
vn 0.434 0.838 -0.330
vn 0.366 0.844 -0.392
vn 0.388 0.840 -0.378
vn 0.366 0.844 -0.392
vn 0.315 0.848 -0.426
vn 0.454 0.833 -0.317
vn 0.490 0.833 -0.256
vn 0.434 0.838 -0.330
vn 0.454 0.833 -0.317
vn 0.434 0.838 -0.330
vn 0.388 0.840 -0.378
vn 0.509 0.825 -0.245
vn 0.533 0.829 -0.172
vn 0.490 0.833 -0.256
vn 0.509 0.825 -0.245
vn 0.490 0.833 -0.256
vn 0.454 0.833 -0.317
vn 0.552 0.817 -0.164
vn 0.560 0.825 -0.082
vn 0.533 0.829 -0.172
vn 0.552 0.817 -0.164
vn 0.533 0.829 -0.172
vn 0.509 0.825 -0.245
vn 0.583 0.809 -0.076
vn 0.572 0.820 0.012
vn 0.560 0.825 -0.082
vn 0.583 0.809 -0.076
vn 0.560 0.825 -0.082
vn 0.552 0.817 -0.164
vn -0.930 0.015 -0.367
vn -0.835 0.007 -0.550
vn -0.870 -0.004 -0.493
vn -0.930 0.015 -0.367
vn -0.870 -0.004 -0.493
vn -0.954 -0.003 -0.299
vn 0.315 0.848 -0.426
vn 0.366 0.844 -0.392
vn 0.289 0.851 -0.440
vn 0.315 0.848 -0.426
vn 0.289 0.851 -0.440
vn 0.237 0.856 -0.460
vn -0.148 -0.005 -0.989
vn 0.057 0.003 -0.998
vn -0.012 -0.005 -1.000
vn -0.148 -0.005 -0.989
vn -0.012 -0.005 -1.000
vn -0.217 -0.005 -0.976
vn 0.011 0.868 0.497
vn -0.064 0.876 0.478
vn -0.006 0.887 0.463
vn 0.011 0.868 0.497
vn -0.006 0.887 0.463
vn -0.001 0.896 0.444
vn -0.614 0.789 0.023
vn -0.579 0.815 -0.004
vn -0.559 0.829 0.007
vn 0.011 0.868 0.497
vn 0.214 0.845 0.490
vn 0.640 0.761 0.104
vn 0.011 0.868 0.497
vn 0.640 0.761 0.104
vn 0.487 0.727 0.484
vn -0.064 0.876 0.478
vn -0.614 0.789 0.023
vn -0.421 0.823 0.381
vn -0.010 0.876 -0.483
vn -0.007 0.877 -0.481
vn -0.074 0.875 -0.478
vn -0.010 0.876 -0.483
vn -0.074 0.875 -0.478
vn -0.096 0.871 -0.482
vn 0.745 0.667 0.017
vn 0.657 0.753 0.032
vn 0.572 0.820 0.012
vn 0.745 0.667 0.017
vn 0.572 0.820 0.012
vn 0.583 0.809 -0.076
vn -0.390 0.853 -0.347
vn -0.368 0.868 -0.334
vn -0.420 0.867 -0.268
vn -0.390 0.853 -0.347
vn -0.420 0.867 -0.268
vn -0.448 0.848 -0.284
vn -0.448 0.848 -0.284
vn -0.420 0.867 -0.268
vn -0.460 0.867 -0.195
vn -0.448 0.848 -0.284
vn -0.460 0.867 -0.195
vn -0.495 0.843 -0.213
vn -0.325 0.857 -0.399
vn -0.305 0.869 -0.390
vn -0.368 0.868 -0.334
vn -0.325 0.857 -0.399
vn -0.368 0.868 -0.334
vn -0.390 0.853 -0.347
vn -0.252 0.862 -0.440
vn -0.233 0.871 -0.433
vn -0.305 0.869 -0.390
vn -0.252 0.862 -0.440
vn -0.305 0.869 -0.390
vn -0.325 0.857 -0.399
vn -0.175 0.867 -0.467
vn -0.155 0.873 -0.463
vn -0.233 0.871 -0.433
vn -0.175 0.867 -0.467
vn -0.233 0.871 -0.433
vn -0.252 0.862 -0.440
vn -0.096 0.871 -0.482
vn -0.074 0.875 -0.478
vn -0.155 0.873 -0.463
vn -0.096 0.871 -0.482
vn -0.155 0.873 -0.463
vn -0.175 0.867 -0.467
vn -0.495 0.843 -0.213
vn -0.460 0.867 -0.195
vn -0.486 0.866 -0.116
vn -0.495 0.843 -0.213
vn -0.486 0.866 -0.116
vn -0.531 0.837 -0.134
vn 0.155 0.863 -0.481
vn 0.206 0.857 -0.472
vn 0.120 0.865 -0.488
vn 0.155 0.863 -0.481
vn 0.120 0.865 -0.488
vn 0.074 0.870 -0.487
vn -0.531 0.837 -0.134
vn -0.486 0.866 -0.116
vn -0.501 0.865 -0.035
vn -0.531 0.837 -0.134
vn -0.501 0.865 -0.035
vn -0.556 0.830 -0.050
vn -0.010 0.876 -0.483
vn 0.014 0.875 -0.484
vn 0.027 0.874 -0.486
vn -0.010 0.876 -0.483
vn 0.027 0.874 -0.486
vn -0.007 0.877 -0.481
vn -0.556 0.830 -0.050
vn -0.501 0.865 -0.035
vn -0.559 0.829 0.007
vn -0.556 0.830 -0.050
vn -0.559 0.829 0.007
vn -0.579 0.815 -0.004
vn -0.835 0.007 -0.550
vn -0.700 0.001 -0.714
vn -0.749 0.001 -0.662
vn -0.835 0.007 -0.550
vn -0.749 0.001 -0.662
vn -0.870 -0.004 -0.493
vn 0.968 -0.005 -0.251
vn 0.999 -0.005 -0.045
vn 0.993 -0.005 -0.114
vn 0.968 -0.005 -0.251
vn 0.993 -0.005 -0.114
vn 0.948 -0.005 -0.318
vn 0.057 0.003 -0.998
vn 0.269 0.012 -0.963
vn 0.196 -0.002 -0.981
vn 0.057 0.003 -0.998
vn 0.196 -0.002 -0.981
vn -0.012 -0.005 -1.000
vn -0.895 -0.001 0.446
vn -0.968 -0.002 0.251
vn -0.948 -0.002 0.318
vn -0.895 -0.001 0.446
vn -0.948 -0.002 0.318
vn -0.861 -0.001 0.508
vn 0.782 -0.006 -0.623
vn 0.895 -0.006 -0.447
vn 0.861 -0.005 -0.508
vn 0.782 -0.006 -0.623
vn 0.861 -0.005 -0.508
vn 0.737 -0.005 -0.676
vn 0.000 -1.000 0.000
vn 0.017 -0.999 -0.027
vn 0.010 -1.000 -0.013
vn 0.000 -1.000 0.000
vn 0.010 -1.000 -0.013
vn 0.006 -1.000 -0.005
vn 0.000 -1.000 0.000
vn 0.006 -1.000 -0.005
vn 0.004 -1.000 -0.002
vn 0.000 -1.000 0.000
vn 0.004 -1.000 -0.002
vn 0.003 -1.000 -0.001
vn 0.000 -1.000 0.000
vn 0.003 -1.000 -0.001
vn 0.002 -1.000 -0.000
vn 0.000 -1.000 0.000
vn 0.002 -1.000 -0.000
vn 0.002 -1.000 0.000
vn 0.000 -1.000 0.000
vn 0.002 -1.000 0.000
vn 0.001 -1.000 0.000
vn 0.000 -1.000 0.000
vn 0.001 -1.000 0.000
vn 0.001 -1.000 0.001
vn 0.000 -1.000 0.000
vn 0.001 -1.000 0.001
vn 0.001 -1.000 0.001
vn 0.000 -1.000 0.000
vn 0.001 -1.000 0.001
vn 0.000 -1.000 0.001
vn 0.000 -1.000 0.000
vn 0.000 -1.000 0.001
vn 0.000 -1.000 0.001
vn 0.000 -1.000 0.000
vn 0.000 -1.000 0.001
vn 0.004 -1.000 0.001
vn 0.000 -1.000 0.000
vn 0.004 -1.000 0.001
vn 0.004 -1.000 0.001
vn 0.000 -1.000 0.000
vn 0.004 -1.000 0.001
vn -0.004 -1.000 0.000
vn 0.000 -1.000 0.000
vn -0.004 -1.000 0.000
vn -0.004 -1.000 -0.000
vn 0.000 -1.000 0.000
vn -0.004 -1.000 -0.000
vn -0.000 -1.000 0.001
vn 0.000 -1.000 0.000
vn -0.000 -1.000 0.001
vn -0.001 -1.000 0.001
vn 0.000 -1.000 0.000
vn -0.001 -1.000 0.001
vn -0.001 -1.000 0.000
vn 0.000 -1.000 0.000
vn -0.001 -1.000 0.000
vn -0.001 -1.000 0.000
vn 0.000 -1.000 0.000
vn -0.001 -1.000 0.000
vn -0.001 -1.000 0.000
vn 0.000 -1.000 0.000
vn -0.001 -1.000 0.000
vn 0.001 -1.000 0.004
vn 0.000 -1.000 0.000
vn 0.001 -1.000 0.004
vn -0.002 -1.000 -0.001
vn 0.000 -1.000 0.000
vn -0.002 -1.000 -0.001
vn -0.005 -1.000 -0.003
vn 0.000 -1.000 0.000
vn -0.005 -1.000 -0.003
vn -0.003 -1.000 -0.003
vn 0.000 -1.000 0.000
vn -0.003 -1.000 -0.003
vn -0.006 -1.000 -0.016
vn 0.000 -1.000 0.000
vn -0.006 -1.000 -0.016
vn -0.003 -1.000 -0.007
vn 0.000 -1.000 0.000
vn -0.003 -1.000 -0.007
vn -0.003 -1.000 -0.016
vn 0.000 -1.000 0.000
vn -0.003 -1.000 -0.016
vn -0.003 -0.999 -0.032
vn 0.827 0.523 0.208
vn 0.524 0.819 0.234
vn 0.613 0.785 0.084
vn 0.827 0.523 0.208
vn 0.613 0.785 0.084
vn 0.677 0.723 0.136
vn -0.636 -0.003 0.772
vn -0.783 -0.002 0.622
vn -0.737 -0.003 0.676
vn -0.636 -0.003 0.772
vn -0.737 -0.003 0.676
vn -0.580 -0.003 0.815
vn 0.461 0.002 -0.888
vn 0.635 -0.006 -0.772
vn 0.580 -0.005 -0.815
vn 0.461 0.002 -0.888
vn 0.580 -0.005 -0.815
vn 0.402 -0.004 -0.915
vn -0.999 -0.003 0.044
vn -0.987 0.007 -0.163
vn -0.996 -0.003 -0.094
vn -0.999 -0.003 0.044
vn -0.996 -0.003 -0.094
vn -0.993 -0.003 0.114
vn -0.700 0.001 -0.714
vn -0.538 -0.005 -0.843
vn -0.594 -0.002 -0.804
vn -0.700 0.001 -0.714
vn -0.594 -0.002 -0.804
vn -0.749 0.001 -0.662
vn 0.895 -0.006 -0.447
vn 0.968 -0.005 -0.251
vn 0.948 -0.005 -0.318
vn 0.895 -0.006 -0.447
vn 0.948 -0.005 -0.318
vn 0.861 -0.005 -0.508
vn 0.835 0.004 0.551
vn 0.703 0.001 0.711
vn 0.750 -0.007 0.661
vn 0.835 0.004 0.551
vn 0.750 -0.007 0.661
vn 0.871 -0.003 0.492
vn -0.968 -0.002 0.251
vn -0.999 -0.003 0.044
vn -0.993 -0.003 0.114
vn -0.968 -0.002 0.251
vn -0.993 -0.003 0.114
vn -0.948 -0.002 0.318
vn 0.999 -0.005 -0.045
vn 0.986 -0.004 0.164
vn 0.995 -0.004 0.095
vn 0.999 -0.005 -0.045
vn 0.995 -0.004 0.095
vn 0.993 -0.005 -0.114
vn 0.537 -0.004 0.843
vn 0.351 -0.003 0.936
vn 0.415 -0.003 0.910
vn 0.537 -0.004 0.843
vn 0.415 -0.003 0.910
vn 0.595 -0.006 0.804
vn -0.460 0.009 0.888
vn -0.636 -0.003 0.772
vn -0.580 -0.003 0.815
vn -0.460 0.009 0.888
vn -0.580 -0.003 0.815
vn -0.401 -0.001 0.916
vn -0.783 -0.002 0.622
vn -0.895 -0.001 0.446
vn -0.861 -0.001 0.508
vn -0.783 -0.002 0.622
vn -0.861 -0.001 0.508
vn -0.737 -0.003 0.676
vn 0.152 0.008 0.988
vn -0.060 0.021 0.998
vn 0.014 0.000 1.000
vn 0.152 0.008 0.988
vn 0.014 0.000 1.000
vn 0.219 -0.002 0.976
vn 0.986 -0.004 0.164
vn 0.931 -0.004 0.366
vn 0.954 -0.003 0.300
vn 0.986 -0.004 0.164
vn 0.954 -0.003 0.300
vn 0.995 -0.004 0.095
vn 0.635 -0.006 -0.772
vn 0.782 -0.006 -0.623
vn 0.737 -0.005 -0.676
vn 0.635 -0.006 -0.772
vn 0.737 -0.005 -0.676
vn 0.580 -0.005 -0.815
vn 0.074 0.870 -0.487
vn 0.120 0.865 -0.488
vn 0.027 0.874 -0.486
vn 0.074 0.870 -0.487
vn 0.027 0.874 -0.486
vn 0.014 0.875 -0.484
vn 0.702 0.012 0.712
vn 0.539 0.007 0.842
vn 0.595 -0.006 0.804
vn 0.702 0.012 0.712
vn 0.595 -0.006 0.804
vn 0.750 -0.007 0.661
vn -0.060 0.021 0.998
vn -0.267 0.034 0.963
vn -0.202 0.000 0.979
vn -0.060 0.021 0.998
vn -0.202 0.000 0.979
vn 0.014 0.000 1.000
vn -0.267 0.034 0.963
vn -0.460 0.009 0.888
vn -0.401 -0.001 0.916
vn -0.267 0.034 0.963
vn -0.401 -0.001 0.916
vn -0.202 0.000 0.979
vn 0.351 -0.003 0.936
vn 0.152 0.008 0.988
vn 0.219 -0.002 0.976
vn 0.351 -0.003 0.936
vn 0.219 -0.002 0.976
vn 0.415 -0.003 0.910
vn 0.237 0.856 -0.460
vn 0.289 0.851 -0.440
vn 0.206 0.857 -0.472
vn 0.237 0.856 -0.460
vn 0.206 0.857 -0.472
vn 0.155 0.863 -0.481
vn 0.011 0.868 0.497
vn -0.001 0.896 0.444
vn 0.214 0.845 0.490
vn 0.048 0.818 -0.573
vn -0.003 0.817 -0.576
vn -0.014 0.876 -0.481
vn 0.048 0.818 -0.573
vn -0.014 0.876 -0.481
vn 0.039 0.875 -0.482
vn 0.039 0.875 -0.482
vn -0.014 0.876 -0.481
vn -0.012 0.876 -0.481
vn 0.039 0.875 -0.482
vn -0.012 0.876 -0.481
vn 0.033 0.875 -0.483
vn 0.033 0.875 -0.483
vn -0.012 0.876 -0.481
vn -0.007 0.877 -0.481
vn 0.033 0.875 -0.483
vn -0.007 0.877 -0.481
vn 0.027 0.874 -0.486
vn -0.535 0.841 0.079
vn -0.537 0.821 0.192
vn -0.601 0.792 0.105
vn -0.535 0.841 0.079
vn -0.601 0.792 0.105
vn -0.559 0.827 0.054
vn -0.559 0.827 0.054
vn -0.601 0.792 0.105
vn -0.629 0.775 0.062
vn -0.559 0.827 0.054
vn -0.629 0.775 0.062
vn -0.589 0.808 0.029
vn -0.589 0.808 0.029
vn -0.629 0.775 0.062
vn -0.614 0.789 0.023
vn -0.589 0.808 0.029
vn -0.614 0.789 0.023
vn -0.559 0.829 0.007
vn -0.508 0.859 -0.064
vn -0.491 0.871 0.036
vn -0.468 0.883 -0.031
vn -0.508 0.859 -0.064
vn -0.468 0.883 -0.031
vn -0.461 0.879 -0.119
vn -0.461 0.879 -0.119
vn -0.468 0.883 -0.031
vn -0.482 0.874 -0.062
vn -0.461 0.879 -0.119
vn -0.482 0.874 -0.062
vn -0.467 0.872 -0.147
vn -0.467 0.872 -0.147
vn -0.482 0.874 -0.062
vn -0.486 0.866 -0.116
vn -0.467 0.872 -0.147
vn -0.486 0.866 -0.116
vn -0.460 0.867 -0.195
vn 0.179 0.812 -0.556
vn 0.048 0.818 -0.573
vn 0.039 0.875 -0.482
vn 0.179 0.812 -0.556
vn 0.039 0.875 -0.482
vn 0.133 0.870 -0.474
vn 0.133 0.870 -0.474
vn 0.039 0.875 -0.482
vn 0.033 0.875 -0.483
vn 0.133 0.870 -0.474
vn 0.033 0.875 -0.483
vn 0.123 0.869 -0.478
vn 0.123 0.869 -0.478
vn 0.033 0.875 -0.483
vn 0.027 0.874 -0.486
vn 0.123 0.869 -0.478
vn 0.027 0.874 -0.486
vn 0.120 0.865 -0.488
vn -0.491 0.871 0.036
vn -0.454 0.882 0.127
vn -0.458 0.887 0.055
vn -0.491 0.871 0.036
vn -0.458 0.887 0.055
vn -0.468 0.883 -0.031
vn -0.468 0.883 -0.031
vn -0.458 0.887 0.055
vn -0.482 0.876 0.023
vn -0.468 0.883 -0.031
vn -0.482 0.876 0.023
vn -0.482 0.874 -0.062
vn -0.482 0.874 -0.062
vn -0.482 0.876 0.023
vn -0.501 0.865 -0.035
vn -0.482 0.874 -0.062
vn -0.501 0.865 -0.035
vn -0.486 0.866 -0.116
vn -0.145 0.816 -0.559
vn -0.252 0.816 -0.520
vn -0.187 0.872 -0.451
vn -0.145 0.816 -0.559
vn -0.187 0.872 -0.451
vn -0.100 0.874 -0.475
vn -0.100 0.874 -0.475
vn -0.187 0.872 -0.451
vn -0.179 0.872 -0.456
vn -0.100 0.874 -0.475
vn -0.179 0.872 -0.456
vn -0.094 0.874 -0.477
vn -0.094 0.874 -0.477
vn -0.179 0.872 -0.456
vn -0.155 0.873 -0.463
vn -0.094 0.874 -0.477
vn -0.155 0.873 -0.463
vn -0.074 0.875 -0.478
vn -0.252 0.816 -0.520
vn -0.347 0.820 -0.455
vn -0.268 0.872 -0.410
vn -0.252 0.816 -0.520
vn -0.268 0.872 -0.410
vn -0.187 0.872 -0.451
vn -0.187 0.872 -0.451
vn -0.268 0.872 -0.410
vn -0.258 0.870 -0.420
vn -0.187 0.872 -0.451
vn -0.258 0.870 -0.420
vn -0.179 0.872 -0.456
vn -0.179 0.872 -0.456
vn -0.258 0.870 -0.420
vn -0.233 0.871 -0.433
vn -0.179 0.872 -0.456
vn -0.233 0.871 -0.433
vn -0.155 0.873 -0.463
vn -0.347 0.820 -0.455
vn -0.422 0.827 -0.372
vn -0.338 0.872 -0.354
vn -0.347 0.820 -0.455
vn -0.338 0.872 -0.354
vn -0.268 0.872 -0.410
vn -0.268 0.872 -0.410
vn -0.338 0.872 -0.354
vn -0.330 0.869 -0.368
vn -0.268 0.872 -0.410
vn -0.330 0.869 -0.368
vn -0.258 0.870 -0.420
vn -0.258 0.870 -0.420
vn -0.330 0.869 -0.368
vn -0.305 0.869 -0.390
vn -0.258 0.870 -0.420
vn -0.305 0.869 -0.390
vn -0.233 0.871 -0.433
vn -0.422 0.827 -0.372
vn -0.474 0.836 -0.277
vn -0.395 0.874 -0.284
vn -0.422 0.827 -0.372
vn -0.395 0.874 -0.284
vn -0.338 0.872 -0.354
vn -0.338 0.872 -0.354
vn -0.395 0.874 -0.284
vn -0.390 0.870 -0.303
vn -0.338 0.872 -0.354
vn -0.390 0.870 -0.303
vn -0.330 0.869 -0.368
vn -0.330 0.869 -0.368
vn -0.390 0.870 -0.303
vn -0.368 0.868 -0.334
vn -0.330 0.869 -0.368
vn -0.368 0.868 -0.334
vn -0.305 0.869 -0.390
vn -0.474 0.836 -0.277
vn -0.502 0.849 -0.165
vn -0.437 0.876 -0.204
vn -0.474 0.836 -0.277
vn -0.437 0.876 -0.204
vn -0.395 0.874 -0.284
vn -0.395 0.874 -0.284
vn -0.437 0.876 -0.204
vn -0.436 0.871 -0.229
vn -0.395 0.874 -0.284
vn -0.436 0.871 -0.229
vn -0.390 0.870 -0.303
vn -0.390 0.870 -0.303
vn -0.436 0.871 -0.229
vn -0.420 0.867 -0.268
vn -0.390 0.870 -0.303
vn -0.420 0.867 -0.268
vn -0.368 0.868 -0.334
vn -0.502 0.849 -0.165
vn -0.508 0.859 -0.064
vn -0.461 0.879 -0.119
vn -0.502 0.849 -0.165
vn -0.461 0.879 -0.119
vn -0.437 0.876 -0.204
vn -0.437 0.876 -0.204
vn -0.461 0.879 -0.119
vn -0.467 0.872 -0.147
vn -0.437 0.876 -0.204
vn -0.467 0.872 -0.147
vn -0.436 0.871 -0.229
vn -0.436 0.871 -0.229
vn -0.467 0.872 -0.147
vn -0.460 0.867 -0.195
vn -0.436 0.871 -0.229
vn -0.460 0.867 -0.195
vn -0.420 0.867 -0.268
vn 0.677 0.723 0.136
vn 0.613 0.785 0.084
vn 0.651 0.757 0.054
vn 0.677 0.723 0.136
vn 0.651 0.757 0.054
vn 0.686 0.722 0.088
vn 0.686 0.722 0.088
vn 0.651 0.757 0.054
vn 0.657 0.753 0.032
vn 0.686 0.722 0.088
vn 0.657 0.753 0.032
vn 0.707 0.702 0.091
vn 0.745 0.667 0.017
vn 0.950 0.311 0.010
vn 0.749 0.662 0.025
vn 0.745 0.667 0.017
vn 0.707 0.702 0.091
vn 0.657 0.753 0.032
vn -0.003 0.817 -0.576
vn -0.145 0.816 -0.559
vn -0.100 0.874 -0.475
vn -0.003 0.817 -0.576
vn -0.100 0.874 -0.475
vn -0.014 0.876 -0.481
vn -0.014 0.876 -0.481
vn -0.100 0.874 -0.475
vn -0.094 0.874 -0.477
vn -0.014 0.876 -0.481
vn -0.094 0.874 -0.477
vn -0.012 0.876 -0.481
vn -0.012 0.876 -0.481
vn -0.094 0.874 -0.477
vn -0.074 0.875 -0.478
vn -0.012 0.876 -0.481
vn -0.074 0.875 -0.478
vn -0.007 0.877 -0.481
vn 0.351 0.904 0.245
vn 0.456 0.876 0.155
vn 0.470 0.878 0.090
vn 0.351 0.904 0.245
vn 0.470 0.878 0.090
vn 0.613 0.785 0.084
vn 0.613 0.785 0.084
vn 0.470 0.878 0.090
vn 0.505 0.861 0.055
vn 0.613 0.785 0.084
vn 0.505 0.861 0.055
vn 0.651 0.757 0.054
vn 0.651 0.757 0.054
vn 0.505 0.861 0.055
vn 0.572 0.820 0.012
vn 0.651 0.757 0.054
vn 0.572 0.820 0.012
vn 0.657 0.753 0.032
vn -0.397 0.779 0.485
vn -0.266 0.800 0.537
vn -0.207 0.847 0.489
vn -0.397 0.779 0.485
vn -0.207 0.847 0.489
vn -0.342 0.828 0.444
vn -0.342 0.828 0.444
vn -0.207 0.847 0.489
vn -0.212 0.851 0.481
vn -0.342 0.828 0.444
vn -0.212 0.851 0.481
vn -0.370 0.828 0.421
vn -0.370 0.828 0.421
vn -0.212 0.851 0.481
vn -0.064 0.876 0.478
vn -0.370 0.828 0.421
vn -0.064 0.876 0.478
vn -0.421 0.823 0.381
vn -0.266 0.800 0.537
vn -0.048 0.858 0.511
vn -0.015 0.886 0.463
vn -0.266 0.800 0.537
vn -0.015 0.886 0.463
vn -0.207 0.847 0.489
vn -0.207 0.847 0.489
vn -0.015 0.886 0.463
vn -0.010 0.898 0.441
vn -0.207 0.847 0.489
vn -0.010 0.898 0.441
vn -0.212 0.851 0.481
vn -0.212 0.851 0.481
vn -0.010 0.898 0.441
vn -0.006 0.887 0.463
vn -0.212 0.851 0.481
vn -0.006 0.887 0.463
vn -0.064 0.876 0.478
vn 0.310 0.781 0.542
vn 0.560 0.777 0.287
vn 0.677 0.723 0.136
vn 0.310 0.781 0.542
vn 0.677 0.723 0.136
vn 0.298 0.824 0.482
vn 0.298 0.824 0.482
vn 0.677 0.723 0.136
vn 0.686 0.722 0.088
vn 0.298 0.824 0.482
vn 0.686 0.722 0.088
vn 0.300 0.834 0.464
vn 0.300 0.834 0.464
vn 0.686 0.722 0.088
vn 0.640 0.761 0.104
vn -0.537 0.821 0.192
vn -0.397 0.779 0.485
vn -0.342 0.828 0.444
vn -0.537 0.821 0.192
vn -0.342 0.828 0.444
vn -0.601 0.792 0.105
vn -0.601 0.792 0.105
vn -0.342 0.828 0.444
vn -0.370 0.828 0.421
vn -0.601 0.792 0.105
vn -0.370 0.828 0.421
vn -0.629 0.775 0.062
vn -0.629 0.775 0.062
vn -0.370 0.828 0.421
vn -0.421 0.823 0.381
vn -0.629 0.775 0.062
vn -0.421 0.823 0.381
vn -0.614 0.789 0.023
vn -0.454 0.882 0.127
vn -0.535 0.841 0.079
vn -0.559 0.827 0.054
vn -0.454 0.882 0.127
vn -0.559 0.827 0.054
vn -0.458 0.887 0.055
vn -0.458 0.887 0.055
vn -0.559 0.827 0.054
vn -0.589 0.808 0.029
vn -0.458 0.887 0.055
vn -0.589 0.808 0.029
vn -0.482 0.876 0.023
vn -0.482 0.876 0.023
vn -0.589 0.808 0.029
vn -0.559 0.829 0.007
vn -0.482 0.876 0.023
vn -0.559 0.829 0.007
vn -0.501 0.865 -0.035
vn 0.002 0.866 0.501
vn 0.167 0.819 0.550
vn 0.153 0.853 0.500
vn 0.002 0.866 0.501
vn 0.153 0.853 0.500
vn 0.003 0.888 0.460
vn 0.003 0.888 0.460
vn 0.153 0.853 0.500
vn 0.171 0.859 0.482
vn 0.003 0.888 0.460
vn 0.171 0.859 0.482
vn 0.001 0.895 0.447
vn 0.001 0.895 0.447
vn 0.171 0.859 0.482
vn 0.214 0.845 0.490
vn 0.001 0.895 0.447
vn 0.214 0.845 0.490
vn -0.001 0.896 0.444
vn 0.167 0.819 0.550
vn 0.310 0.781 0.542
vn 0.298 0.824 0.482
vn 0.167 0.819 0.550
vn 0.298 0.824 0.482
vn 0.153 0.853 0.500
vn 0.153 0.853 0.500
vn 0.298 0.824 0.482
vn 0.300 0.834 0.464
vn 0.153 0.853 0.500
vn 0.300 0.834 0.464
vn 0.171 0.859 0.482
vn 0.171 0.859 0.482
vn 0.300 0.834 0.464
vn 0.640 0.761 0.104
vn 0.171 0.859 0.482
vn 0.640 0.761 0.104
vn 0.214 0.845 0.490
vn 0.380 0.810 -0.447
vn 0.285 0.808 -0.515
vn 0.221 0.866 -0.448
vn 0.380 0.810 -0.447
vn 0.221 0.866 -0.448
vn 0.302 0.864 -0.403
vn 0.302 0.864 -0.403
vn 0.221 0.866 -0.448
vn 0.209 0.865 -0.457
vn 0.302 0.864 -0.403
vn 0.209 0.865 -0.457
vn 0.291 0.861 -0.417
vn 0.291 0.861 -0.417
vn 0.209 0.865 -0.457
vn 0.206 0.857 -0.472
vn 0.291 0.861 -0.417
vn 0.206 0.857 -0.472
vn 0.289 0.851 -0.440
vn 0.285 0.808 -0.515
vn 0.179 0.812 -0.556
vn 0.133 0.870 -0.474
vn 0.285 0.808 -0.515
vn 0.133 0.870 -0.474
vn 0.221 0.866 -0.448
vn 0.221 0.866 -0.448
vn 0.133 0.870 -0.474
vn 0.123 0.869 -0.478
vn 0.221 0.866 -0.448
vn 0.123 0.869 -0.478
vn 0.209 0.865 -0.457
vn 0.209 0.865 -0.457
vn 0.123 0.869 -0.478
vn 0.120 0.865 -0.488
vn 0.209 0.865 -0.457
vn 0.120 0.865 -0.488
vn 0.206 0.857 -0.472
vn 0.456 0.876 0.155
vn 0.501 0.863 0.065
vn 0.489 0.873 0.001
vn 0.456 0.876 0.155
vn 0.489 0.873 0.001
vn 0.470 0.878 0.090
vn 0.470 0.878 0.090
vn 0.489 0.873 0.001
vn 0.511 0.859 -0.036
vn 0.470 0.878 0.090
vn 0.511 0.859 -0.036
vn 0.505 0.861 0.055
vn 0.505 0.861 0.055
vn 0.511 0.859 -0.036
vn 0.560 0.825 -0.082
vn 0.505 0.861 0.055
vn 0.560 0.825 -0.082
vn 0.572 0.820 0.012
vn 0.501 0.863 0.065
vn 0.526 0.850 -0.037
vn 0.488 0.868 -0.091
vn 0.501 0.863 0.065
vn 0.488 0.868 -0.091
vn 0.489 0.873 0.001
vn 0.489 0.873 0.001
vn 0.488 0.868 -0.091
vn 0.499 0.857 -0.126
vn 0.489 0.873 0.001
vn 0.499 0.857 -0.126
vn 0.511 0.859 -0.036
vn 0.511 0.859 -0.036
vn 0.499 0.857 -0.126
vn 0.533 0.829 -0.172
vn 0.511 0.859 -0.036
vn 0.533 0.829 -0.172
vn 0.560 0.825 -0.082
vn 0.526 0.850 -0.037
vn 0.528 0.836 -0.146
vn 0.468 0.865 -0.182
vn 0.526 0.850 -0.037
vn 0.468 0.865 -0.182
vn 0.488 0.868 -0.091
vn 0.488 0.868 -0.091
vn 0.468 0.865 -0.182
vn 0.470 0.856 -0.214
vn 0.488 0.868 -0.091
vn 0.470 0.856 -0.214
vn 0.499 0.857 -0.126
vn 0.499 0.857 -0.126
vn 0.470 0.856 -0.214
vn 0.490 0.833 -0.256
vn 0.499 0.857 -0.126
vn 0.490 0.833 -0.256
vn 0.533 0.829 -0.172
vn 0.528 0.836 -0.146
vn 0.504 0.825 -0.256
vn 0.429 0.863 -0.267
vn 0.528 0.836 -0.146
vn 0.429 0.863 -0.267
vn 0.468 0.865 -0.182
vn 0.468 0.865 -0.182
vn 0.429 0.863 -0.267
vn 0.424 0.857 -0.293
vn 0.468 0.865 -0.182
vn 0.424 0.857 -0.293
vn 0.470 0.856 -0.214
vn 0.470 0.856 -0.214
vn 0.424 0.857 -0.293
vn 0.434 0.838 -0.330
vn 0.470 0.856 -0.214
vn 0.434 0.838 -0.330
vn 0.490 0.833 -0.256
vn 0.504 0.825 -0.256
vn 0.454 0.816 -0.358
vn 0.373 0.862 -0.342
vn 0.504 0.825 -0.256
vn 0.373 0.862 -0.342
vn 0.429 0.863 -0.267
vn 0.429 0.863 -0.267
vn 0.373 0.862 -0.342
vn 0.364 0.858 -0.362
vn 0.429 0.863 -0.267
vn 0.364 0.858 -0.362
vn 0.424 0.857 -0.293
vn 0.424 0.857 -0.293
vn 0.364 0.858 -0.362
vn 0.366 0.844 -0.392
vn 0.424 0.857 -0.293
vn 0.366 0.844 -0.392
vn 0.434 0.838 -0.330
vn 0.454 0.816 -0.358
vn 0.380 0.810 -0.447
vn 0.302 0.864 -0.403
vn 0.454 0.816 -0.358
vn 0.302 0.864 -0.403
vn 0.373 0.862 -0.342
vn 0.373 0.862 -0.342
vn 0.302 0.864 -0.403
vn 0.291 0.861 -0.417
vn 0.373 0.862 -0.342
vn 0.291 0.861 -0.417
vn 0.364 0.858 -0.362
vn 0.364 0.858 -0.362
vn 0.291 0.861 -0.417
vn 0.289 0.851 -0.440
vn 0.364 0.858 -0.362
vn 0.289 0.851 -0.440
vn 0.366 0.844 -0.392
vn -0.048 0.858 0.511
vn 0.002 0.866 0.501
vn 0.003 0.888 0.460
vn -0.048 0.858 0.511
vn 0.003 0.888 0.460
vn -0.015 0.886 0.463
vn -0.015 0.886 0.463
vn 0.003 0.888 0.460
vn 0.001 0.895 0.447
vn -0.015 0.886 0.463
vn 0.001 0.895 0.447
vn -0.010 0.898 0.441
vn -0.010 0.898 0.441
vn 0.001 0.895 0.447
vn -0.001 0.896 0.444
vn -0.010 0.898 0.441
vn -0.001 0.896 0.444
vn -0.006 0.887 0.463
vn -0.987 0.007 -0.163
vn -0.930 0.015 -0.367
vn -0.954 -0.003 -0.299
vn -0.987 0.007 -0.163
vn -0.954 -0.003 -0.299
vn -0.996 -0.003 -0.094
vn 0.931 -0.004 0.366
vn 0.835 0.004 0.551
vn 0.871 -0.003 0.492
vn 0.931 -0.004 0.366
vn 0.871 -0.003 0.492
vn 0.954 -0.003 0.300
vn 0.501 0.863 0.065
vn 0.461 0.876 0.142
vn 0.506 0.861 0.047
vn 0.501 0.863 0.065
vn 0.506 0.861 0.047
vn 0.526 0.850 -0.037
vn -0.491 0.871 0.036
vn -0.492 0.870 0.019
vn -0.456 0.883 0.114
vn -0.491 0.871 0.036
vn -0.456 0.883 0.114
vn -0.454 0.882 0.127
vn 0.526 0.850 -0.037
vn 0.506 0.861 0.047
vn 0.530 0.846 -0.060
vn 0.526 0.850 -0.037
vn 0.530 0.846 -0.060
vn 0.528 0.836 -0.146
vn -0.454 0.882 0.127
vn -0.456 0.883 0.114
vn -0.499 0.852 0.158
vn -0.454 0.882 0.127
vn -0.499 0.852 0.158
vn -0.535 0.841 0.079
vn 0.528 0.836 -0.146
vn 0.530 0.846 -0.060
vn 0.528 0.831 -0.174
vn 0.528 0.836 -0.146
vn 0.528 0.831 -0.174
vn 0.504 0.825 -0.256
vn -0.537 0.821 0.192
vn -0.535 0.841 0.079
vn -0.499 0.852 0.158
vn -0.537 0.821 0.192
vn -0.499 0.852 0.158
vn -0.475 0.772 0.422
vn 0.504 0.825 -0.256
vn 0.528 0.831 -0.174
vn 0.498 0.818 -0.288
vn 0.504 0.825 -0.256
vn 0.498 0.818 -0.288
vn 0.454 0.816 -0.358
vn -0.397 0.779 0.485
vn -0.537 0.821 0.192
vn -0.475 0.772 0.422
vn -0.397 0.779 0.485
vn -0.475 0.772 0.422
vn -0.368 0.779 0.507
vn 0.179 0.812 -0.556
vn 0.252 0.801 -0.544
vn 0.103 0.809 -0.579
vn 0.179 0.812 -0.556
vn 0.103 0.809 -0.579
vn 0.048 0.818 -0.573
vn 0.454 0.816 -0.358
vn 0.498 0.818 -0.288
vn 0.439 0.808 -0.392
vn 0.454 0.816 -0.358
vn 0.439 0.808 -0.392
vn 0.380 0.810 -0.447
vn -0.266 0.800 0.537
vn -0.397 0.779 0.485
vn -0.368 0.779 0.507
vn -0.266 0.800 0.537
vn -0.368 0.779 0.507
vn -0.240 0.804 0.543
vn -0.003 0.817 -0.576
vn 0.048 0.818 -0.573
vn 0.103 0.809 -0.579
vn -0.003 0.817 -0.576
vn 0.103 0.809 -0.579
vn 0.012 0.815 -0.579
vn 0.380 0.810 -0.447
vn 0.439 0.808 -0.392
vn 0.354 0.803 -0.480
vn 0.380 0.810 -0.447
vn 0.354 0.803 -0.480
vn 0.285 0.808 -0.515
vn -0.048 0.858 0.511
vn -0.266 0.800 0.537
vn -0.240 0.804 0.543
vn -0.048 0.858 0.511
vn -0.240 0.804 0.543
vn -0.052 0.860 0.508
vn -0.003 0.817 -0.576
vn 0.012 0.815 -0.579
vn -0.100 0.811 -0.577
vn -0.003 0.817 -0.576
vn -0.100 0.811 -0.577
vn -0.145 0.816 -0.559
vn 0.285 0.808 -0.515
vn 0.354 0.803 -0.480
vn 0.252 0.801 -0.544
vn 0.285 0.808 -0.515
vn 0.252 0.801 -0.544
vn 0.179 0.812 -0.556
vn 0.002 0.866 0.501
vn -0.048 0.858 0.511
vn -0.052 0.860 0.508
vn 0.002 0.866 0.501
vn -0.052 0.860 0.508
vn -0.009 0.870 0.493
vn -0.145 0.816 -0.559
vn -0.100 0.811 -0.577
vn -0.216 0.810 -0.546
vn -0.145 0.816 -0.559
vn -0.216 0.810 -0.546
vn -0.252 0.816 -0.520
vn 0.002 0.866 0.501
vn -0.009 0.870 0.493
vn 0.102 0.833 0.544
vn 0.002 0.866 0.501
vn 0.102 0.833 0.544
vn 0.167 0.819 0.550
vn -0.252 0.816 -0.520
vn -0.216 0.810 -0.546
vn -0.320 0.813 -0.486
vn -0.252 0.816 -0.520
vn -0.320 0.813 -0.486
vn -0.347 0.820 -0.455
vn 0.167 0.819 0.550
vn 0.102 0.833 0.544
vn 0.235 0.793 0.561
vn 0.167 0.819 0.550
vn 0.235 0.793 0.561
vn 0.310 0.781 0.542
vn -0.347 0.820 -0.455
vn -0.320 0.813 -0.486
vn -0.405 0.821 -0.403
vn -0.347 0.820 -0.455
vn -0.405 0.821 -0.403
vn -0.422 0.827 -0.372
vn 0.310 0.781 0.542
vn 0.235 0.793 0.561
vn 0.289 0.862 0.416
vn 0.310 0.781 0.542
vn 0.289 0.862 0.416
vn 0.560 0.777 0.287
vn -0.422 0.827 -0.372
vn -0.405 0.821 -0.403
vn -0.466 0.830 -0.307
vn -0.422 0.827 -0.372
vn -0.466 0.830 -0.307
vn -0.474 0.836 -0.277
vn 0.916 0.384 0.119
vn 0.899 0.423 0.113
vn 0.958 0.261 0.121
vn 0.351 0.904 0.245
vn 0.289 0.862 0.416
vn 0.300 0.911 0.283
vn -0.474 0.836 -0.277
vn -0.466 0.830 -0.307
vn -0.501 0.843 -0.195
vn -0.474 0.836 -0.277
vn -0.501 0.843 -0.195
vn -0.502 0.849 -0.165
vn 0.351 0.904 0.245
vn 0.300 0.911 0.283
vn 0.404 0.888 0.220
vn 0.351 0.904 0.245
vn 0.404 0.888 0.220
vn 0.456 0.876 0.155
vn -0.502 0.849 -0.165
vn -0.501 0.843 -0.195
vn -0.509 0.857 -0.083
vn -0.502 0.849 -0.165
vn -0.509 0.857 -0.083
vn -0.508 0.859 -0.064
vn 0.456 0.876 0.155
vn 0.404 0.888 0.220
vn 0.461 0.876 0.142
vn 0.456 0.876 0.155
vn 0.461 0.876 0.142
vn 0.501 0.863 0.065
vn -0.508 0.859 -0.064
vn -0.509 0.857 -0.083
vn -0.492 0.870 0.019
vn -0.508 0.859 -0.064
vn -0.492 0.870 0.019
vn -0.491 0.871 0.036
vn 0.103 0.809 -0.579
vn 0.325 0.665 -0.673
vn 0.269 0.012 -0.963
vn 0.026 0.656 -0.754
vn 0.103 0.809 -0.579
vn 0.269 0.012 -0.963
vn -0.501 0.843 -0.195
vn -0.593 0.704 -0.391
vn -0.930 0.015 -0.367
vn -0.662 0.741 -0.108
vn -0.501 0.843 -0.195
vn -0.930 0.015 -0.367
vn -0.052 0.860 0.508
vn -0.322 0.654 0.685
vn -0.267 0.034 0.963
vn -0.009 0.870 0.493
vn -0.052 0.860 0.508
vn -0.267 0.034 0.963
vn -0.009 0.870 0.493
vn -0.267 0.034 0.963
vn -0.060 0.021 0.998
vn 0.124 0.695 0.708
vn -0.009 0.870 0.493
vn -0.060 0.021 0.998
vn 0.300 0.911 0.283
vn 0.334 0.820 0.464
vn 0.652 0.023 0.758
vn 0.533 0.787 0.311
vn 0.300 0.911 0.283
vn 0.702 0.012 0.712
vn 0.164 -0.709 -0.686
vn 0.236 -0.707 -0.667
vn 0.164 -0.709 -0.686
vn 0.092 -0.707 -0.701
vn 0.164 -0.709 -0.686
vn 0.164 -0.709 -0.686
vn -0.411 -0.824 -0.390
vn -0.006 -1.000 -0.016
vn -0.003 -1.000 -0.003
vn -0.005 -1.000 -0.003
vn -0.411 -0.824 -0.390
vn -0.003 -1.000 -0.003
vn -0.534 -0.824 -0.189
vn -0.005 -1.000 -0.003
vn -0.002 -1.000 -0.001
vn 0.001 -1.000 0.004
vn -0.534 -0.824 -0.189
vn -0.002 -1.000 -0.001
vn -0.119 -0.788 0.604
vn -0.004 -1.000 -0.000
vn -0.004 -1.000 0.000
vn -0.018 -0.709 0.705
vn -0.119 -0.788 0.604
vn -0.037 -0.750 0.661
vn 0.004 -1.000 0.003
vn -0.119 -0.788 0.604
vn -0.004 -1.000 0.000
vn 0.056 -0.707 0.705
vn -0.018 -0.709 0.705
vn -0.037 -0.750 0.661
vn 0.269 0.012 -0.963
vn 0.461 0.002 -0.888
vn 0.402 -0.004 -0.915
vn 0.269 0.012 -0.963
vn 0.402 -0.004 -0.915
vn 0.196 -0.002 -0.981
f 149//1 148//2 183//3
f 149//4 183//5 184//6
f 150//7 149//8 184//9
f 150//10 184//11 185//12
f 23//13 75//14 63//15
f 23//16 63//17 22//18
f 24//19 87//20 75//21
f 24//22 75//23 23//24
f 25//25 94//26 87//27
f 25//28 87//29 24//30
f 26//31 98//32 94//33
f 26//34 94//35 25//36
f 19//37 126//38 98//39
f 19//40 98//41 26//42
f 153//43 152//44 188//45
f 153//46 188//47 190//48
f 22//49 63//50 54//51
f 22//52 54//53 21//54
f 148//55 147//56 182//57
f 148//58 182//59 183//60
f 1//61 3//62 134//63
f 1//64 134//65 66//66
f 4//67 5//68 121//69
f 1//70 106//71 101//72
f 1//73 101//74 2//75
f 3//76 4//77 78//78
f 8//79 110//80 70//81
f 8//82 70//83 10//84
f 6//85 47//86 126//87
f 6//88 126//89 19//90
f 14//91 36//92 28//93
f 14//94 28//95 13//96
f 13//97 28//98 113//99
f 13//100 113//101 12//102
f 15//103 43//104 36//105
f 15//106 36//107 14//108
f 16//109 51//110 43//111
f 16//112 43//113 15//114
f 17//115 59//116 51//117
f 17//118 51//119 16//120
f 10//121 70//122 59//123
f 10//124 59//125 17//126
f 12//127 113//128 83//129
f 12//130 83//131 11//132
f 20//133 130//134 31//135
f 20//136 31//137 18//138
f 11//139 83//140 138//141
f 11//142 138//143 7//144
f 8//145 9//146 117//147
f 8//148 117//149 110//150
f 7//151 138//152 121//153
f 7//154 121//155 5//156
f 152//157 151//158 187//159
f 152//160 187//161 188//162
f 175//163 174//164 209//165
f 175//166 209//167 210//168
f 147//169 145//170 181//171
f 147//172 181//173 182//174
f 158//175 157//176 193//177
f 158//178 193//179 194//180
f 177//181 176//182 211//183
f 177//184 211//185 212//186
f 180//187 179//188 213//189
f 180//190 213//191 212//192
f 180//193 212//194 211//195
f 180//196 211//197 210//198
f 180//199 210//200 209//201
f 180//202 209//203 208//204
f 180//205 208//206 207//207
f 180//208 207//209 206//210
f 180//211 206//212 205//213
f 180//214 205//215 204//216
f 180//217 204//218 203//219
f 180//220 203//221 202//222
f 180//223 202//224 200//225
f 180//226 200//227 198//228
f 180//229 198//230 197//231
f 180//232 197//233 196//234
f 180//235 196//236 195//237
f 180//238 195//239 194//240
f 180//241 194//242 193//243
f 180//244 193//245 192//246
f 180//247 192//248 191//249
f 180//250 191//251 189//252
f 180//253 189//254 188//255
f 180//256 188//257 186//258
f 180//259 186//260 185//261
f 180//262 185//263 184//264
f 180//265 184//266 183//267
f 180//268 183//269 182//270
f 141//271 46//272 48//273
f 141//274 48//275 143//276
f 160//277 159//278 195//279
f 160//280 195//281 196//282
f 144//283 178//284 213//285
f 144//286 213//287 179//288
f 156//289 155//290 191//291
f 156//292 191//293 192//294
f 151//295 150//296 185//297
f 151//298 185//299 187//300
f 176//301 175//302 210//303
f 176//304 210//305 211//306
f 171//307 169//308 205//309
f 171//310 205//311 206//312
f 157//313 156//314 192//315
f 157//316 192//317 193//318
f 174//319 173//320 208//321
f 174//322 208//323 209//324
f 168//325 167//326 203//327
f 168//328 203//329 204//330
f 161//331 160//332 196//333
f 161//334 196//335 197//336
f 159//337 158//338 194//339
f 159//340 194//341 195//342
f 166//343 164//344 201//345
f 166//346 201//347 202//348
f 173//349 172//350 207//351
f 173//352 207//353 208//354
f 178//355 177//356 212//357
f 178//358 212//359 213//360
f 18//361 31//362 117//363
f 18//364 117//365 9//366
f 169//367 168//368 204//369
f 169//370 204//371 205//372
f 164//373 162//374 199//375
f 164//376 199//377 201//378
f 162//379 161//380 197//381
f 162//382 197//383 199//384
f 167//385 166//386 202//387
f 167//388 202//389 203//390
f 21//391 54//392 130//393
f 21//394 130//395 20//396
f 1//397 66//398 106//399
f 118//400 109//401 111//402
f 118//403 111//404 120//405
f 120//406 111//407 112//408
f 120//409 112//410 119//411
f 119//412 112//413 110//414
f 119//415 110//416 117//417
f 122//418 39//419 40//420
f 122//421 40//422 124//423
f 124//424 40//425 41//426
f 124//427 41//428 123//429
f 123//430 41//431 4//432
f 123//433 4//434 121//435
f 114//436 82//437 84//438
f 114//439 84//440 116//441
f 116//442 84//443 85//444
f 116//445 85//446 115//447
f 115//448 85//449 83//450
f 115//451 83//452 113//453
f 32//454 118//455 120//456
f 32//457 120//458 34//459
f 34//460 120//461 119//462
f 34//463 119//464 33//465
f 33//466 119//467 117//468
f 33//469 117//470 31//471
f 82//472 137//473 139//474
f 82//475 139//476 84//477
f 84//478 139//479 140//480
f 84//481 140//482 85//483
f 85//484 140//485 138//486
f 85//487 138//488 83//489
f 71//490 58//491 60//492
f 71//493 60//494 73//495
f 73//496 60//497 61//498
f 73//499 61//500 72//501
f 72//502 61//503 59//504
f 72//505 59//506 70//507
f 58//508 50//509 52//510
f 58//511 52//512 60//513
f 60//514 52//515 53//516
f 60//517 53//518 61//519
f 61//520 53//521 51//522
f 61//523 51//524 59//525
f 50//526 42//527 44//528
f 50//529 44//530 52//531
f 52//532 44//533 45//534
f 52//535 45//536 53//537
f 53//538 45//539 43//540
f 53//541 43//542 51//543
f 42//544 35//545 37//546
f 42//547 37//548 44//549
f 44//550 37//551 38//552
f 44//553 38//554 45//555
f 45//556 38//557 36//558
f 45//559 36//560 43//561
f 35//562 27//563 29//564
f 35//565 29//566 37//567
f 37//568 29//569 30//570
f 37//571 30//572 38//573
f 38//574 30//575 28//576
f 38//577 28//578 36//579
f 27//580 114//581 116//582
f 27//583 116//584 29//585
f 29//586 116//587 115//588
f 29//589 115//590 30//591
f 30//592 115//593 113//594
f 30//595 113//596 28//597
f 143//598 48//599 49//600
f 143//601 49//602 142//603
f 142//604 49//605 47//606
f 142//607 47//608 101//609
f 6//610 2//611 101//612
f 6//613 101//614 47//615
f 109//616 71//617 73//618
f 109//619 73//620 111//621
f 111//622 73//623 72//624
f 111//625 72//626 112//627
f 112//628 72//629 70//630
f 112//631 70//632 110//633
f 46//634 125//635 127//636
f 46//637 127//638 48//639
f 48//640 127//641 128//642
f 48//643 128//644 49//645
f 49//646 128//647 126//648
f 49//649 126//650 47//651
f 79//652 90//653 91//654
f 79//655 91//656 81//657
f 81//658 91//659 92//660
f 81//661 92//662 80//663
f 80//664 92//665 3//666
f 80//667 3//668 78//669
f 90//670 133//671 135//672
f 90//673 135//674 91//675
f 91//676 135//677 136//678
f 91//679 136//680 92//681
f 92//682 136//683 134//684
f 92//685 134//686 3//687
f 102//688 141//689 143//690
f 102//691 143//692 104//693
f 104//694 143//695 142//696
f 104//697 142//698 103//699
f 103//700 142//701 101//702
f 39//703 79//704 81//705
f 39//706 81//707 40//708
f 40//709 81//710 80//711
f 40//712 80//713 41//714
f 41//715 80//716 78//717
f 41//718 78//719 4//720
f 137//721 122//722 124//723
f 137//724 124//725 139//726
f 139//727 124//728 123//729
f 139//730 123//731 140//732
f 140//733 123//734 121//735
f 140//736 121//737 138//738
f 67//739 105//740 107//741
f 67//742 107//743 69//744
f 69//745 107//746 108//747
f 69//748 108//749 68//750
f 68//751 108//752 106//753
f 68//754 106//755 66//756
f 105//757 102//758 104//759
f 105//760 104//761 107//762
f 107//763 104//764 103//765
f 107//766 103//767 108//768
f 108//769 103//770 101//771
f 108//772 101//773 106//774
f 55//775 129//776 131//777
f 55//778 131//779 57//780
f 57//781 131//782 132//783
f 57//784 132//785 56//786
f 56//787 132//788 130//789
f 56//790 130//791 54//792
f 129//793 32//794 34//795
f 129//796 34//797 131//798
f 131//799 34//800 33//801
f 131//802 33//803 132//804
f 132//805 33//806 31//807
f 132//808 31//809 130//810
f 125//811 97//812 99//813
f 125//814 99//815 127//816
f 127//817 99//818 100//819
f 127//820 100//821 128//822
f 128//823 100//824 98//825
f 128//826 98//827 126//828
f 97//829 93//830 95//831
f 97//832 95//833 99//834
f 99//835 95//836 96//837
f 99//838 96//839 100//840
f 100//841 96//842 94//843
f 100//844 94//845 98//846
f 93//847 86//848 88//849
f 93//850 88//851 95//852
f 95//853 88//854 89//855
f 95//856 89//857 96//858
f 96//859 89//860 87//861
f 96//862 87//863 94//864
f 86//865 74//866 76//867
f 86//868 76//869 88//870
f 88//871 76//872 77//873
f 88//874 77//875 89//876
f 89//877 77//878 75//879
f 89//880 75//881 87//882
f 74//883 62//884 64//885
f 74//886 64//887 76//888
f 76//889 64//890 65//891
f 76//892 65//893 77//894
f 77//895 65//896 63//897
f 77//898 63//899 75//900
f 62//901 55//902 57//903
f 62//904 57//905 64//906
f 64//907 57//908 56//909
f 64//910 56//911 65//912
f 65//913 56//914 54//915
f 65//916 54//917 63//918
f 133//919 67//920 69//921
f 133//922 69//923 135//924
f 135//925 69//926 68//927
f 135//928 68//929 136//930
f 136//931 68//932 66//933
f 136//934 66//935 134//936
f 155//937 153//938 190//939
f 155//940 190//941 191//942
f 172//943 171//944 206//945
f 172//946 206//947 207//948
f 97//949 172//950 173//951
f 97//952 173//953 93//954
f 82//955 156//956 157//957
f 82//958 157//959 137//960
f 93//961 173//962 174//963
f 93//964 174//965 86//966
f 137//967 157//968 158//969
f 137//970 158//971 122//972
f 86//973 174//974 175//975
f 86//976 175//977 74//978
f 39//979 122//980 158//981
f 39//982 158//983 159//984
f 74//985 175//986 176//987
f 74//988 176//989 62//990
f 79//991 39//992 159//993
f 79//994 159//995 160//996
f 32//997 144//998 146//999
f 32//1000 146//1001 118//1002
f 62//1003 176//1004 177//1005
f 62//1006 177//1007 55//1008
f 90//1009 79//1010 160//1011
f 90//1012 160//1013 161//1014
f 109//1015 118//1016 146//1017
f 109//1018 146//1019 147//1020
f 55//1021 177//1022 178//1023
f 55//1024 178//1025 129//1026
f 133//1027 90//1028 161//1029
f 133//1030 161//1031 163//1032
f 109//1033 147//1034 148//1035
f 109//1036 148//1037 71//1038
f 129//1039 178//1040 144//1041
f 129//1042 144//1043 32//1044
f 67//1045 133//1046 163//1047
f 67//1048 163//1049 165//1050
f 71//1051 148//1052 149//1053
f 71//1054 149//1055 58//1056
f 67//1057 165//1058 166//1059
f 67//1060 166//1061 105//1062
f 58//1063 149//1064 150//1065
f 58//1066 150//1067 50//1068
f 105//1069 166//1070 167//1071
f 105//1072 167//1073 102//1074
f 50//1075 150//1076 151//1077
f 50//1078 151//1079 42//1080
f 102//1081 167//1082 168//1083
f 102//1084 168//1085 141//1086
f 42//1087 151//1088 152//1089
f 42//1090 152//1091 35//1092
f 46//1093 141//1094 168//1095
f 46//1096 168//1097 170//1098
f 35//1099 152//1100 154//1101
f 35//1102 154//1103 27//1104
f 46//1105 170//1106 171//1107
f 46//1108 171//1109 125//1110
f 27//1111 154//1112 155//1113
f 27//1114 155//1115 114//1116
f 125//1117 171//1118 172//1119
f 125//1120 172//1121 97//1122
f 114//1123 155//1124 156//1125
f 114//1126 156//1127 82//1128
f 146//1129 144//1130 145//1131
f 147//1132 146//1133 145//1134
f 154//1135 152//1136 153//1137
f 155//1138 154//1139 153//1140
f 163//1141 161//1142 162//1143
f 165//1144 163//1145 162//1146
f 165//1147 162//1148 164//1149
f 166//1150 165//1151 164//1152
f 170//1153 168//1154 169//1155
f 171//1156 170//1157 169//1158
f 181//1159 179//1160 180//1161
f 182//1162 181//1163 180//1164
f 187//1165 185//1166 186//1167
f 188//1168 187//1169 186//1170
f 190//1171 188//1172 189//1173
f 191//1174 190//1175 189//1176
f 199//1177 197//1178 198//1179
f 201//1180 199//1181 200//1182
f 200//1183 199//1184 198//1185
f 202//1186 201//1187 200//1188
f 145//1189 144//1190 179//1191
f 145//1192 179//1193 181//1194
o body
v -0.0171 7.4056 -0.1480
v -0.0448 7.4056 -0.1458
v -0.0717 7.4056 -0.1394
v -0.0973 7.4056 -0.1288
v -0.1209 7.4056 -0.1143
v -0.1420 7.4056 -0.0963
v -0.1600 7.4056 -0.0752
v -0.1745 7.4056 -0.0516
v -0.1851 7.4056 -0.0260
v -0.1915 7.4056 0.0009
v -0.1937 7.4056 0.0286
v 0.2261 7.4056 0.0286
v 0.2239 7.4056 0.0009
v 0.2174 7.4056 -0.0260
v 0.2068 7.4056 -0.0516
v 0.1923 7.4056 -0.0752
v 0.1744 7.4056 -0.0963
v 0.1533 7.4056 -0.1143
v 0.1297 7.4056 -0.1288
v 0.1041 7.4056 -0.1394
v 0.0771 7.4056 -0.1458
v 0.0495 7.4056 -0.1480
v -0.1931 7.5972 0.2718
v -0.1840 7.6106 0.2718
v 0.2164 7.6106 0.2718
v 0.2255 7.5972 0.2718
v -0.1929 5.3537 0.0286
v -0.0169 5.3493 -0.1431
v -0.1867 5.3493 0.0017
v -0.1727 5.3406 -0.0220
v -0.1843 5.3537 -0.0257
v -0.1679 5.3450 -0.0483
v -0.1745 5.3581 -0.0516
v -0.1495 5.3406 -0.0676
v -0.1600 5.3581 -0.0752
v -0.1586 5.3493 -0.0742
v -0.1328 5.3406 -0.0871
v -0.1414 5.3537 -0.0957
v -0.1133 5.3406 -0.1038
v -0.1204 5.3537 -0.1136
v -0.0951 5.3493 -0.1244
v -0.0677 5.3406 -0.1270
v -0.0714 5.3537 -0.1385
v -0.0436 5.3450 -0.1386
v -0.0448 5.3581 -0.1458
v -0.0168 7.6106 -0.1383
v -0.0171 7.5987 -0.1471
v -0.1840 7.6106 0.0289
v -0.1929 7.5987 0.0286
v -0.0432 7.6106 -0.1362
v -0.0448 7.5943 -0.1458
v -0.0445 7.6030 -0.1441
v -0.0677 7.6118 -0.1270
v -0.0714 7.5987 -0.1385
v -0.0697 7.6095 -0.1332
v -0.0929 7.6106 -0.1201
v -0.0969 7.5987 -0.1280
v -0.1152 7.6106 -0.1064
v -0.1204 7.5987 -0.1136
v -0.1328 7.6118 -0.0871
v -0.1414 7.5987 -0.0957
v -0.1374 7.6095 -0.0917
v -0.1521 7.6106 -0.0695
v -0.1600 7.5943 -0.0752
v -0.1586 7.6030 -0.0742
v -0.1658 7.6106 -0.0472
v -0.1745 7.5943 -0.0516
v -0.1729 7.6030 -0.0508
v -0.1727 7.6118 -0.0220
v -0.1843 7.5987 -0.0257
v -0.1789 7.6095 -0.0240
v -0.1819 7.6106 0.0025
v -0.1907 7.5987 0.0011
v 0.0493 5.3493 -0.1431
v 0.2252 5.3537 0.0286
v 0.0763 5.3493 -0.1410
v 0.1001 5.3406 -0.1270
v 0.1038 5.3537 -0.1385
v 0.1274 5.3493 -0.1244
v 0.1457 5.3406 -0.1038
v 0.1528 5.3537 -0.1136
v 0.1652 5.3406 -0.0871
v 0.1737 5.3537 -0.0957
v 0.1864 5.3450 -0.0709
v 0.1923 5.3581 -0.0752
v 0.2025 5.3493 -0.0494
v 0.2051 5.3406 -0.0220
v 0.2166 5.3537 -0.0257
v 0.2111 5.3406 0.0030
v 0.2230 5.3537 0.0011
v 0.2164 7.6106 0.0289
v 0.2252 7.5987 0.0286
v 0.0491 7.6106 -0.1383
v 0.0495 7.5987 -0.1471
v 0.2111 7.6118 0.0030
v 0.2230 7.5987 0.0011
v 0.2175 7.6095 0.0020
v 0.2082 7.6106 -0.0230
v 0.2166 7.5987 -0.0257
v 0.1982 7.6106 -0.0472
v 0.2061 7.5987 -0.0512
v 0.1845 7.6106 -0.0695
v 0.1923 7.5943 -0.0752
v 0.1909 7.6030 -0.0742
v 0.1675 7.6106 -0.0894
v 0.1737 7.5987 -0.0957
v 0.1476 7.6106 -0.1064
v 0.1528 7.5987 -0.1136
v 0.1252 7.6106 -0.1201
v 0.1293 7.5987 -0.1280
v 0.1001 7.6118 -0.1270
v 0.1038 7.5987 -0.1385
v 0.1021 7.6095 -0.1332
v 0.0756 7.6106 -0.1362
v 0.0770 7.5987 -0.1450
v -0.1937 6.5274 0.0286
v 0.2261 6.5274 0.0286
v -0.1915 6.5274 0.0009
v -0.0171 6.5274 -0.1480
v 0.0495 6.5274 -0.1480
v -0.0448 6.5274 -0.1458
v -0.1851 6.5274 -0.0260
v -0.1745 6.5274 -0.0516
v -0.1600 6.5274 -0.0752
v -0.1420 6.5274 -0.0963
v -0.1209 6.5274 -0.1143
v -0.0973 6.5274 -0.1288
v -0.0717 6.5274 -0.1394
v 0.0771 6.5274 -0.1458
v 0.2239 6.5274 0.0009
v 0.1041 6.5274 -0.1394
v 0.1297 6.5274 -0.1288
v 0.1533 6.5274 -0.1143
v 0.1744 6.5274 -0.0963
v 0.1923 6.5274 -0.0752
v 0.2068 6.5274 -0.0516
v 0.2174 6.5274 -0.0260
v -0.1541 5.3538 0.2589
v -0.1931 5.3581 0.2262
v -0.1641 5.3538 0.2576
v -0.1825 5.3547 0.2460
v -0.1912 5.3495 0.2262
v -0.1725 5.3495 0.2538
v 0.2246 5.3537 0.2262
v 0.1866 5.3537 0.2589
v 0.2183 5.3552 0.2427
v 0.2083 5.3523 0.2518
v 0.1966 5.3537 0.2576
v 0.1872 6.5274 0.2589
v 0.2252 6.5274 0.2262
v 0.1972 6.5274 0.2576
v 0.2065 6.5274 0.2538
v 0.2176 6.5274 0.2440
v -0.1548 6.5274 0.2589
v -0.1928 6.5274 0.2262
v -0.1648 6.5274 0.2576
v -0.1815 6.5274 0.2473
v -0.1927 6.6157 0.2262
v -0.2384 7.4805 0.8687
v -0.1935 6.7217 0.2261
v -0.1938 6.8185 0.2450
v -0.1953 6.9165 0.2682
v -0.1960 7.0071 0.3041
v -0.2002 7.0986 0.3404
v -0.2041 7.1850 0.3842
v -0.2079 7.2585 0.4395
v -0.2118 7.3175 0.5047
v -0.2170 7.3773 0.5679
v -0.2220 7.4208 0.6392
v -0.2273 7.4527 0.7138
v -0.2328 7.4728 0.7906
v -0.1548 6.6352 0.2589
v -0.1981 7.4351 0.8448
v -0.1551 6.7303 0.2631
v -0.1560 6.8241 0.2759
v -0.1625 6.9143 0.2965
v -0.1647 7.0020 0.3256
v -0.1674 7.0844 0.3624
v -0.1656 7.1606 0.4062
v -0.1693 7.2289 0.4563
v -0.1734 7.2888 0.5120
v -0.1830 7.3397 0.5731
v -0.1827 7.3796 0.6370
v -0.1877 7.4093 0.7046
v -0.1979 7.4287 0.7756
v -0.2354 7.4635 0.8711
v -0.1923 6.7138 0.2358
v -0.1985 7.1687 0.3977
v -0.2050 7.2440 0.4497
v -0.2160 7.3662 0.5747
v -0.2211 7.4095 0.6454
v -0.2264 7.4413 0.7194
v -0.2319 7.4613 0.7957
v -0.1815 6.6183 0.2473
v -0.1854 6.7146 0.2485
v -0.1894 6.8120 0.2584
v -0.1842 6.9093 0.2872
v -0.1959 7.0877 0.3515
v -0.2043 7.2999 0.5124
v -0.2121 7.3567 0.5768
v -0.2139 7.3952 0.6450
v -0.2224 7.4308 0.7186
v -0.2279 7.4504 0.7933
v -0.2224 7.4449 0.8576
v -0.1793 6.8158 0.2685
v -0.1830 6.9997 0.3204
v -0.1858 7.0843 0.3583
v -0.1969 7.2344 0.4546
v -0.2058 7.3490 0.5763
v -0.2159 7.4218 0.7146
v -0.2213 7.4411 0.7875
v -0.1744 6.7220 0.2582
v -0.1803 7.1608 0.4054
v -0.1841 7.2300 0.4563
v -0.1930 7.2919 0.5130
v -0.1976 7.3434 0.5750
v -0.2024 7.3847 0.6411
v -0.2027 7.4128 0.7085
v -0.2128 7.4339 0.7815
v -0.1648 6.6312 0.2576
v -0.2084 7.4367 0.8481
v -0.1651 6.7269 0.2619
v -0.1660 6.8214 0.2748
v -0.1835 7.2893 0.5127
v -0.1928 7.3808 0.6387
v 0.2708 7.4805 0.8687
v 0.2251 6.6157 0.2262
v 0.2652 7.4728 0.7907
v 0.2597 7.4527 0.7138
v 0.2544 7.4208 0.6392
v 0.2493 7.3773 0.5679
v 0.2441 7.3175 0.5047
v 0.2403 7.2585 0.4395
v 0.2365 7.1850 0.3842
v 0.2326 7.0985 0.3404
v 0.2284 7.0071 0.3041
v 0.2276 6.9165 0.2682
v 0.2261 6.8185 0.2450
v 0.2259 6.7217 0.2261
v 0.2305 7.4351 0.8448
v 0.1872 6.6352 0.2589
v 0.2252 7.4279 0.7742
v 0.2252 7.4100 0.7057
v 0.2202 7.3802 0.6379
v 0.2103 7.3392 0.5725
v 0.2058 7.2888 0.5120
v 0.2067 7.2290 0.4564
v 0.2030 7.1605 0.4062
v 0.1998 7.0844 0.3624
v 0.1921 7.0027 0.3260
v 0.1900 6.9153 0.2969
v 0.1884 6.8241 0.2759
v 0.1875 6.7303 0.2631
v 0.2698 7.4690 0.8731
v 0.2642 7.4613 0.7957
v 0.2587 7.4413 0.7195
v 0.2534 7.4095 0.6455
v 0.2484 7.3662 0.5748
v 0.2374 7.2440 0.4497
v 0.2335 7.1713 0.3955
v 0.2246 6.7137 0.2358
v 0.2658 7.4581 0.8692
v 0.2175 6.6149 0.2440
v 0.2602 7.4504 0.7934
v 0.2548 7.4308 0.7187
v 0.2463 7.3951 0.6450
v 0.2413 7.3528 0.5766
v 0.2367 7.2999 0.5124
v 0.2215 7.0854 0.3560
v 0.2203 6.9085 0.2844
v 0.2217 6.8119 0.2584
v 0.2178 6.7145 0.2485
v 0.2548 7.4449 0.8577
v 0.2536 7.4411 0.7876
v 0.2483 7.4218 0.7147
v 0.2252 7.2327 0.4553
v 0.2255 7.1635 0.4022
v 0.2194 6.9994 0.3182
v 0.2157 6.8139 0.2657
v 0.2065 6.6249 0.2538
v 0.2403 7.4317 0.7793
v 0.2399 7.4150 0.7103
v 0.2348 7.3847 0.6411
v 0.2252 7.3418 0.5744
v 0.2206 7.2906 0.5128
v 0.2174 7.1612 0.4047
v 0.2068 7.0006 0.3239
v 0.2093 6.9108 0.2928
v 0.2031 6.8195 0.2730
v 0.2021 6.7244 0.2601
v 0.2408 7.4367 0.8482
v 0.1972 6.6312 0.2576
v 0.2000 6.9133 0.2960
v -0.2939 7.5778 1.8108
v -0.2917 7.5884 1.8081
v -0.3016 7.5735 1.8005
v 0.3281 7.5767 1.8099
v 0.3340 7.5733 1.8007
v 0.3217 7.5804 1.8134
v 0.3219 7.5890 1.8094
v 0.3283 7.5869 1.8060
v -0.2636 7.4482 1.7418
v -0.2631 7.4589 1.7544
v -0.2635 7.4543 1.7512
v -0.2963 7.4978 1.7721
v -0.3021 7.4973 1.7636
v -0.2773 7.4525 1.7431
v -0.2789 7.4632 1.7557
v -0.2722 7.4564 1.7523
v -0.2912 7.4630 1.7447
v -0.2928 7.4699 1.7541
v -0.2963 7.4824 1.7612
v -0.2935 7.4874 1.7680
v 0.3345 7.4972 1.7638
v 0.3287 7.4977 1.7723
v 0.2993 7.4598 1.7550
v 0.2960 7.4481 1.7419
v 0.3002 7.4552 1.7519
v 0.3259 7.4873 1.7681
v 0.3306 7.4831 1.7606
v 0.3210 7.4789 1.7645
v 0.3289 7.4739 1.7544
v 0.3173 7.4657 1.7558
v 0.3236 7.4629 1.7448
v 0.3097 7.4524 1.7432
v 0.3143 7.4578 1.7506
vn -0.990 0.047 -0.130
vn -0.990 0.001 -0.140
vn -1.000 0.000 -0.002
vn -0.990 0.047 -0.130
vn -1.000 0.000 -0.002
vn -0.997 0.082 -0.008
vn -0.998 -0.003 -0.068
vn -0.997 0.002 -0.074
vn -0.934 -0.354 -0.056
vn -0.998 -0.003 -0.068
vn -0.934 -0.354 -0.056
vn -0.951 -0.304 -0.053
vn 0.308 0.951 -0.008
vn 0.016 1.000 0.012
vn 0.002 1.000 0.014
vn -0.960 -0.001 -0.279
vn -0.960 -0.003 -0.279
vn -0.983 -0.003 -0.182
vn -0.960 -0.001 -0.279
vn -0.983 -0.003 -0.182
vn -0.984 -0.002 -0.180
vn -0.029 0.038 -0.999
vn -0.031 0.001 -1.000
vn -0.171 0.000 -0.985
vn -0.029 0.038 -0.999
vn -0.171 0.000 -0.985
vn -0.182 0.007 -0.983
vn -0.166 -0.000 -0.986
vn -0.082 -0.006 -0.997
vn -0.339 -0.003 -0.941
vn -0.166 -0.000 -0.986
vn -0.339 -0.003 -0.941
vn -0.339 -0.001 -0.941
vn -0.339 -0.001 -0.941
vn -0.339 -0.003 -0.941
vn -0.430 -0.003 -0.903
vn -0.339 -0.001 -0.941
vn -0.430 -0.003 -0.903
vn -0.432 -0.002 -0.902
vn -0.432 -0.002 -0.902
vn -0.430 -0.003 -0.903
vn -0.526 -0.002 -0.851
vn -0.432 -0.002 -0.902
vn -0.526 -0.002 -0.851
vn -0.591 -0.000 -0.807
vn -0.591 -0.000 -0.807
vn -0.526 -0.002 -0.851
vn -0.681 -0.001 -0.732
vn -0.591 -0.000 -0.807
vn -0.681 -0.001 -0.732
vn -0.706 -0.000 -0.709
vn -0.706 -0.000 -0.709
vn -0.681 -0.001 -0.732
vn -0.787 -0.001 -0.617
vn -0.706 -0.000 -0.709
vn -0.787 -0.001 -0.617
vn -0.811 0.000 -0.585
vn -0.811 0.000 -0.585
vn -0.787 -0.001 -0.617
vn -0.884 -0.005 -0.468
vn -0.811 0.000 -0.585
vn -0.884 -0.005 -0.468
vn -0.895 -0.000 -0.445
vn -0.895 -0.000 -0.445
vn -0.884 -0.005 -0.468
vn -0.960 -0.003 -0.279
vn -0.895 -0.000 -0.445
vn -0.960 -0.003 -0.279
vn -0.960 -0.001 -0.279
vn -0.005 -0.002 -1.000
vn -0.031 0.001 -1.000
vn 0.017 0.001 -1.000
vn -0.005 -0.002 -1.000
vn 0.017 0.001 -1.000
vn 0.022 -0.003 -1.000
vn 0.279 -0.001 -0.960
vn 0.334 -0.002 -0.942
vn 0.135 -0.003 -0.991
vn 0.279 -0.001 -0.960
vn 0.135 -0.003 -0.991
vn 0.153 -0.002 -0.988
vn 0.999 0.046 -0.015
vn 0.999 0.002 -0.043
vn 0.985 0.001 -0.173
vn 0.999 0.046 -0.015
vn 0.985 0.001 -0.173
vn 0.982 0.037 -0.184
vn 0.987 -0.000 -0.160
vn 0.991 -0.001 -0.130
vn 0.944 -0.001 -0.330
vn 0.987 -0.000 -0.160
vn 0.944 -0.001 -0.330
vn 0.941 -0.001 -0.339
vn 0.941 -0.001 -0.339
vn 0.944 -0.001 -0.330
vn 0.907 -0.005 -0.422
vn 0.941 -0.001 -0.339
vn 0.907 -0.005 -0.422
vn 0.904 -0.002 -0.427
vn 0.904 -0.002 -0.427
vn 0.907 -0.005 -0.422
vn 0.851 -0.006 -0.526
vn 0.904 -0.002 -0.427
vn 0.851 -0.006 -0.526
vn 0.803 -0.000 -0.596
vn 0.803 -0.000 -0.596
vn 0.851 -0.006 -0.526
vn 0.719 -0.003 -0.695
vn 0.803 -0.000 -0.596
vn 0.719 -0.003 -0.695
vn 0.704 -0.000 -0.710
vn 0.704 -0.000 -0.710
vn 0.719 -0.003 -0.695
vn 0.570 -0.001 -0.822
vn 0.704 -0.000 -0.710
vn 0.570 -0.001 -0.822
vn 0.562 -0.001 -0.827
vn 0.562 -0.001 -0.827
vn 0.570 -0.001 -0.822
vn 0.477 -0.003 -0.879
vn 0.562 -0.001 -0.827
vn 0.477 -0.003 -0.879
vn 0.475 -0.002 -0.880
vn 0.475 -0.002 -0.880
vn 0.477 -0.003 -0.879
vn 0.334 -0.002 -0.942
vn 0.475 -0.002 -0.880
vn 0.334 -0.002 -0.942
vn 0.279 -0.001 -0.960
vn 1.000 -0.000 -0.010
vn 1.000 -0.001 -0.002
vn 0.991 -0.001 -0.130
vn 1.000 -0.000 -0.010
vn 0.991 -0.001 -0.130
vn 0.987 -0.000 -0.160
vn -0.998 0.000 0.061
vn -0.999 0.002 -0.047
vn -1.000 0.000 -0.002
vn -0.998 0.000 0.061
vn -1.000 0.000 -0.002
vn -1.000 -0.000 -0.007
vn 0.982 0.037 -0.184
vn 0.985 0.001 -0.173
vn 0.946 0.001 -0.325
vn 0.982 0.037 -0.184
vn 0.946 0.001 -0.325
vn 0.942 0.047 -0.334
vn 0.282 0.037 -0.959
vn 0.293 0.001 -0.956
vn 0.140 0.001 -0.990
vn 0.282 0.037 -0.959
vn 0.140 0.001 -0.990
vn 0.130 0.047 -0.990
vn 0.432 0.042 -0.901
vn 0.439 0.001 -0.899
vn 0.293 0.001 -0.956
vn 0.432 0.042 -0.901
vn 0.293 0.001 -0.956
vn 0.282 0.037 -0.959
vn 0.566 0.047 -0.823
vn 0.574 0.001 -0.819
vn 0.439 0.001 -0.899
vn 0.566 0.047 -0.823
vn 0.439 0.001 -0.899
vn 0.432 0.042 -0.901
vn 0.681 0.049 -0.731
vn 0.694 0.001 -0.720
vn 0.574 0.001 -0.819
vn 0.681 0.049 -0.731
vn 0.574 0.001 -0.819
vn 0.566 0.047 -0.823
vn 0.793 0.007 -0.609
vn 0.800 0.000 -0.600
vn 0.694 0.001 -0.720
vn 0.793 0.007 -0.609
vn 0.694 0.001 -0.720
vn 0.681 0.049 -0.731
vn 0.883 0.034 -0.468
vn 0.883 0.001 -0.469
vn 0.800 0.000 -0.600
vn 0.883 0.034 -0.468
vn 0.800 0.000 -0.600
vn 0.793 0.007 -0.609
vn 0.942 0.047 -0.334
vn 0.946 0.001 -0.325
vn 0.883 0.001 -0.469
vn 0.942 0.047 -0.334
vn 0.883 0.001 -0.469
vn 0.883 0.034 -0.468
vn 0.130 0.047 -0.990
vn 0.140 0.001 -0.990
vn 0.017 0.001 -1.000
vn 0.130 0.047 -0.990
vn 0.017 0.001 -1.000
vn 0.013 0.047 -0.999
vn -0.182 0.007 -0.983
vn -0.171 0.000 -0.985
vn -0.327 0.001 -0.945
vn -0.182 0.007 -0.983
vn -0.327 0.001 -0.945
vn -0.344 0.039 -0.938
vn 0.153 -0.002 -0.988
vn 0.135 -0.003 -0.991
vn 0.036 -0.004 -0.999
vn 0.153 -0.002 -0.988
vn 0.036 -0.004 -0.999
vn 0.022 -0.003 -1.000
vn -0.961 0.039 -0.274
vn -0.957 0.001 -0.291
vn -0.990 0.001 -0.140
vn -0.961 0.039 -0.274
vn -0.990 0.001 -0.140
vn -0.990 0.047 -0.130
vn -0.907 0.007 -0.422
vn -0.899 0.000 -0.439
vn -0.957 0.001 -0.291
vn -0.907 0.007 -0.422
vn -0.957 0.001 -0.291
vn -0.961 0.039 -0.274
vn -0.819 0.009 -0.574
vn -0.818 0.000 -0.576
vn -0.899 0.000 -0.439
vn -0.819 0.009 -0.574
vn -0.899 0.000 -0.439
vn -0.907 0.007 -0.422
vn -0.719 0.024 -0.694
vn -0.719 0.001 -0.695
vn -0.818 0.000 -0.576
vn -0.719 0.024 -0.694
vn -0.818 0.000 -0.576
vn -0.819 0.009 -0.574
vn -0.607 0.042 -0.794
vn -0.601 0.001 -0.799
vn -0.719 0.001 -0.695
vn -0.607 0.042 -0.794
vn -0.719 0.001 -0.695
vn -0.719 0.024 -0.694
vn -0.477 0.047 -0.878
vn -0.469 0.001 -0.883
vn -0.601 0.001 -0.799
vn -0.477 0.047 -0.878
vn -0.601 0.001 -0.799
vn -0.607 0.042 -0.794
vn -0.344 0.039 -0.938
vn -0.327 0.001 -0.945
vn -0.469 0.001 -0.883
vn -0.344 0.039 -0.938
vn -0.469 0.001 -0.883
vn -0.477 0.047 -0.878
vn -0.031 0.001 -1.000
vn -0.029 0.038 -0.999
vn 0.013 0.047 -0.999
vn -0.031 0.001 -1.000
vn 0.013 0.047 -0.999
vn 0.017 0.001 -1.000
vn 1.000 -0.000 -0.010
vn 0.999 0.002 -0.043
vn 0.999 -0.011 -0.037
vn 1.000 -0.000 -0.010
vn 0.999 -0.011 -0.037
vn 1.000 -0.001 0.024
vn -0.998 0.036 -0.055
vn -0.987 0.146 -0.067
vn -0.823 0.566 -0.048
vn -0.998 0.036 -0.055
vn -0.823 0.566 -0.048
vn -0.825 0.565 -0.038
vn -0.005 -0.002 -1.000
vn 0.016 -0.005 -1.000
vn -0.082 -0.006 -0.997
vn -0.005 -0.002 -1.000
vn -0.082 -0.006 -0.997
vn -0.166 -0.000 -0.986
vn -0.698 -0.708 0.110
vn -0.698 -0.708 0.110
vn -0.698 -0.708 0.110
vn 0.001 1.000 0.001
vn 0.121 0.992 -0.029
vn -0.000 1.000 0.000
vn 0.001 1.000 0.001
vn -0.000 1.000 0.000
vn -0.000 1.000 0.000
vn 0.001 1.000 0.001
vn -0.000 1.000 0.000
vn -0.000 1.000 0.000
vn 0.001 1.000 0.001
vn -0.000 1.000 0.000
vn -0.000 1.000 0.000
vn 0.001 1.000 0.001
vn -0.000 1.000 0.000
vn 0.037 0.999 -0.030
vn 0.001 1.000 0.001
vn 0.037 0.999 -0.030
vn 0.003 1.000 -0.009
vn 0.001 1.000 0.001
vn 0.003 1.000 -0.009
vn -0.026 1.000 0.015
vn 0.001 1.000 0.001
vn -0.026 1.000 0.015
vn -0.000 1.000 0.000
vn 0.001 1.000 0.001
vn -0.000 1.000 0.000
vn 0.000 1.000 0.000
vn 0.001 1.000 0.001
vn 0.000 1.000 0.000
vn 0.016 0.999 -0.032
vn 0.001 1.000 0.001
vn 0.013 0.998 -0.065
vn -0.001 1.000 -0.005
vn 0.001 1.000 0.001
vn -0.001 1.000 -0.005
vn -0.015 1.000 0.022
vn 0.001 1.000 0.001
vn -0.015 1.000 0.022
vn 0.007 1.000 -0.026
vn 0.001 1.000 0.001
vn 0.007 1.000 -0.026
vn -0.002 1.000 -0.002
vn 0.001 1.000 0.001
vn -0.002 1.000 -0.002
vn -0.009 1.000 0.022
vn 0.001 1.000 0.001
vn -0.009 1.000 0.022
vn 0.002 1.000 -0.024
vn 0.001 1.000 0.001
vn 0.002 1.000 -0.024
vn -0.003 1.000 -0.001
vn 0.001 1.000 0.001
vn -0.003 1.000 -0.001
vn -0.004 1.000 0.022
vn 0.001 1.000 0.001
vn -0.004 1.000 0.022
vn 0.000 1.000 0.000
vn 0.001 1.000 0.001
vn 0.000 1.000 0.000
vn 0.000 1.000 0.011
vn 0.001 1.000 0.001
vn 0.000 1.000 0.011
vn 0.001 1.000 0.013
vn -0.984 -0.002 -0.180
vn -0.983 -0.003 -0.182
vn -0.999 -0.002 -0.034
vn -0.984 -0.002 -0.180
vn -0.999 -0.002 -0.034
vn -1.000 -0.000 -0.007
vn -0.002 -0.000 1.000
vn -0.007 -0.000 1.000
vn 0.002 -0.000 1.000
vn -0.002 -0.000 1.000
vn 0.002 -0.000 1.000
vn 0.006 -0.000 1.000
vn 0.049 -0.999 0.013
vn 0.480 -0.839 0.257
vn 0.480 -0.839 0.257
vn 0.002 -1.000 0.017
vn -0.213 -0.959 -0.189
vn -0.094 -0.992 -0.084
vn 0.003 -1.000 0.017
vn -0.094 -0.992 -0.084
vn -0.000 -1.000 0.000
vn 0.003 -1.000 0.017
vn -0.000 -1.000 0.000
vn -0.000 -1.000 0.000
vn 0.003 -1.000 0.017
vn -0.000 -1.000 0.000
vn -0.000 -1.000 0.000
vn -0.103 -0.970 0.219
vn 0.056 -0.715 0.697
vn 0.056 -0.715 0.697
vn 0.047 -0.999 -0.024
vn -0.027 -0.851 -0.524
vn -0.027 -0.851 -0.524
vn 0.003 -1.000 0.030
vn 0.010 -0.968 0.250
vn 0.010 -1.000 0.004
vn 0.003 -1.000 0.017
vn 0.010 -1.000 0.004
vn -0.000 -1.000 0.001
vn 0.003 -1.000 0.023
vn -0.000 -1.000 0.001
vn -0.105 -0.972 0.211
vn 0.003 -1.000 0.030
vn -0.105 -0.972 0.211
vn -0.018 -0.997 0.081
vn 0.022 -1.000 0.014
vn -0.018 -0.997 0.081
vn 0.008 -1.000 0.003
vn 0.003 -1.000 0.023
vn 0.008 -1.000 0.003
vn -0.039 -0.996 0.078
vn 0.011 -1.000 0.017
vn -0.044 -0.997 0.070
vn 0.020 -1.000 0.020
vn 0.011 -1.000 0.017
vn 0.020 -1.000 0.020
vn 0.133 -0.986 -0.097
vn 0.034 -0.999 0.009
vn 0.133 -0.986 -0.097
vn 0.004 -1.000 0.009
vn 0.003 -1.000 0.030
vn 0.004 -1.000 0.009
vn -0.061 -0.994 0.087
vn 0.022 -1.000 0.014
vn -0.061 -0.994 0.087
vn 0.144 -0.986 -0.082
vn 0.022 -1.000 0.014
vn 0.144 -0.986 -0.082
vn 0.046 -0.999 -0.018
vn 0.003 -1.000 0.017
vn 0.046 -0.999 -0.018
vn -0.000 -1.000 0.012
vn 0.003 -1.000 0.017
vn -0.000 -1.000 0.012
vn -0.198 -0.976 0.091
vn -0.024 -0.999 0.040
vn -0.198 -0.976 0.091
vn -0.435 -0.881 0.186
vn 0.034 -0.999 0.009
vn 0.309 -0.942 -0.132
vn 0.318 -0.939 -0.128
vn -0.055 -0.997 0.062
vn -0.576 -0.799 0.170
vn -0.333 -0.936 0.117
vn 0.003 -1.000 0.023
vn -0.333 -0.936 0.117
vn 0.087 -0.996 0.025
vn 0.022 -1.000 0.014
vn 0.122 -0.992 -0.019
vn 0.246 -0.969 -0.024
vn 0.034 -0.999 0.009
vn 0.246 -0.969 -0.024
vn 0.319 -0.947 -0.036
vn -0.996 -0.048 0.081
vn -0.996 -0.048 0.081
vn -0.996 -0.048 0.081
vn 0.002 -1.000 0.017
vn -0.311 -0.948 0.075
vn -0.311 -0.948 0.075
vn 0.172 -0.983 -0.069
vn 0.690 -0.724 -0.021
vn 0.686 -0.728 -0.005
vn -0.052 0.726 -0.686
vn -0.011 0.594 -0.805
vn -0.028 0.047 -0.999
vn 0.018 0.989 -0.149
vn -0.017 0.570 -0.821
vn -0.131 0.498 -0.857
vn -0.131 0.498 -0.857
vn -0.028 0.047 -0.999
vn -0.182 0.007 -0.983
vn -0.249 -0.677 -0.693
vn -0.222 -0.624 -0.749
vn -0.151 -0.562 -0.814
vn 0.016 -0.005 -1.000
vn -0.151 -0.562 -0.814
vn -0.082 -0.006 -0.997
vn -0.001 1.000 -0.005
vn 0.011 0.996 -0.090
vn -0.110 0.862 -0.494
vn -0.233 0.687 -0.688
vn 0.018 0.989 -0.149
vn -0.131 0.498 -0.857
vn -0.270 0.551 -0.790
vn -0.131 0.498 -0.857
vn -0.344 0.039 -0.938
vn -0.344 0.039 -0.938
vn -0.131 0.498 -0.857
vn -0.182 0.007 -0.983
vn -0.334 -0.677 -0.656
vn -0.222 -0.624 -0.749
vn -0.249 -0.677 -0.693
vn -0.151 -0.562 -0.814
vn -0.339 -0.009 -0.941
vn -0.082 -0.006 -0.997
vn -0.035 0.999 -0.019
vn -0.001 1.000 -0.005
vn -0.110 0.862 -0.494
vn -0.381 0.556 -0.739
vn -0.270 0.551 -0.790
vn -0.344 0.039 -0.938
vn -0.355 0.624 -0.696
vn -0.344 0.039 -0.938
vn -0.477 0.047 -0.878
vn -0.431 -0.677 -0.596
vn -0.448 -0.677 -0.584
vn -0.334 -0.677 -0.656
vn -0.416 0.652 -0.634
vn -0.355 0.624 -0.696
vn -0.477 0.047 -0.878
vn -0.416 0.652 -0.634
vn -0.477 0.047 -0.878
vn -0.607 0.042 -0.794
vn -0.506 -0.677 -0.535
vn -0.539 -0.644 -0.543
vn -0.448 -0.677 -0.584
vn -0.506 -0.677 -0.535
vn -0.448 -0.677 -0.584
vn -0.431 -0.677 -0.596
vn -0.002 1.000 -0.002
vn -0.023 0.997 -0.072
vn -0.375 0.794 -0.479
vn -0.522 0.653 -0.549
vn -0.416 0.652 -0.634
vn -0.607 0.042 -0.794
vn -0.588 0.515 -0.624
vn -0.607 0.042 -0.794
vn -0.718 0.036 -0.695
vn -0.027 -0.999 -0.024
vn -0.635 -0.625 -0.454
vn -0.539 -0.644 -0.543
vn -0.502 -0.748 -0.434
vn -0.539 -0.644 -0.543
vn -0.506 -0.677 -0.535
vn -0.026 1.000 0.007
vn -0.002 1.000 -0.002
vn -0.375 0.794 -0.479
vn -0.607 0.638 -0.473
vn -0.588 0.515 -0.624
vn -0.718 0.036 -0.695
vn -0.560 0.702 -0.440
vn -0.640 0.482 -0.599
vn -0.664 0.561 -0.495
vn -0.664 0.561 -0.495
vn -0.718 0.036 -0.695
vn -0.819 0.009 -0.574
vn -0.031 -0.999 -0.013
vn -0.676 -0.568 -0.470
vn -0.054 -0.997 0.061
vn -0.681 -0.011 -0.732
vn -0.676 -0.568 -0.470
vn -0.787 -0.001 -0.617
vn -0.556 0.770 -0.312
vn -0.560 0.702 -0.440
vn -0.664 0.561 -0.495
vn -0.556 0.770 -0.312
vn -0.664 0.561 -0.495
vn -0.795 0.455 -0.402
vn -0.795 0.455 -0.402
vn -0.664 0.561 -0.495
vn -0.819 0.009 -0.574
vn -0.795 0.455 -0.402
vn -0.819 0.009 -0.574
vn -0.907 0.007 -0.422
vn -0.707 -0.677 -0.206
vn -0.736 -0.624 -0.261
vn -0.714 -0.618 -0.329
vn -0.676 -0.568 -0.470
vn -0.714 -0.618 -0.329
vn -0.884 -0.005 -0.468
vn -0.747 -0.485 -0.454
vn -0.884 -0.005 -0.468
vn -0.787 -0.001 -0.617
vn -0.003 1.000 -0.001
vn -0.024 0.999 -0.038
vn -0.465 0.862 -0.202
vn -0.694 0.687 -0.216
vn -0.556 0.770 -0.312
vn -0.795 0.455 -0.402
vn -0.798 0.551 -0.246
vn -0.795 0.455 -0.402
vn -0.961 0.039 -0.274
vn -0.961 0.039 -0.274
vn -0.795 0.455 -0.402
vn -0.907 0.007 -0.422
vn -0.717 -0.676 -0.172
vn -0.736 -0.624 -0.261
vn -0.707 -0.677 -0.206
vn -0.714 -0.618 -0.329
vn -0.960 -0.009 -0.279
vn -0.884 -0.005 -0.468
vn -0.034 0.999 0.017
vn -0.003 1.000 -0.001
vn -0.465 0.862 -0.202
vn -0.821 0.556 -0.126
vn -0.798 0.551 -0.246
vn -0.961 0.039 -0.274
vn -0.772 0.624 -0.122
vn -0.961 0.039 -0.274
vn -0.990 0.047 -0.130
vn -0.804 0.594 -0.011
vn -0.772 0.624 -0.122
vn -0.990 0.047 -0.130
vn -0.804 0.594 -0.011
vn -0.990 0.047 -0.130
vn -0.997 0.082 -0.008
vn 0.690 -0.724 -0.021
vn 0.724 -0.677 -0.133
vn 0.686 -0.728 -0.005
vn 0.336 0.940 -0.053
vn 0.022 1.000 0.001
vn 0.609 0.793 -0.022
vn 0.751 0.653 -0.099
vn 0.809 0.588 0.001
vn 0.999 0.046 -0.015
vn 0.850 0.515 -0.109
vn 0.999 0.046 -0.015
vn 0.982 0.037 -0.184
vn 0.706 -0.677 -0.209
vn 0.700 -0.677 -0.227
vn 0.724 -0.677 -0.133
vn 0.706 -0.677 -0.209
vn 0.724 -0.677 -0.133
vn 0.690 -0.724 -0.021
vn 0.561 0.808 -0.177
vn 0.336 0.940 -0.053
vn 0.609 0.793 -0.022
vn 0.789 0.556 -0.261
vn 0.850 0.515 -0.109
vn 0.982 0.037 -0.184
vn 0.743 0.624 -0.241
vn 0.982 0.037 -0.184
vn 0.942 0.047 -0.334
vn 0.362 -0.929 -0.072
vn 0.700 -0.677 -0.227
vn 0.706 -0.677 -0.209
vn 0.726 0.594 -0.345
vn 0.743 0.624 -0.241
vn 0.942 0.047 -0.334
vn 0.726 0.594 -0.345
vn 0.942 0.047 -0.334
vn 0.883 0.047 -0.467
vn 0.628 0.675 -0.388
vn 0.726 0.594 -0.345
vn 0.883 0.047 -0.467
vn 0.628 0.675 -0.388
vn 0.736 0.561 -0.380
vn 0.674 0.534 -0.511
vn 0.674 0.534 -0.511
vn 0.883 0.047 -0.467
vn 0.793 0.007 -0.609
vn 0.249 -0.966 -0.073
vn 0.545 -0.638 -0.544
vn 0.288 -0.956 -0.060
vn 0.907 -0.008 -0.422
vn 0.656 -0.562 -0.504
vn 0.851 -0.006 -0.526
vn 0.541 0.631 -0.556
vn 0.628 0.675 -0.388
vn 0.674 0.534 -0.511
vn 0.541 0.631 -0.556
vn 0.674 0.534 -0.511
vn 0.681 0.049 -0.731
vn 0.681 0.049 -0.731
vn 0.674 0.534 -0.511
vn 0.793 0.007 -0.609
vn 0.448 -0.677 -0.584
vn 0.433 -0.677 -0.595
vn 0.545 -0.638 -0.544
vn 0.448 -0.677 -0.584
vn 0.545 -0.638 -0.544
vn 0.249 -0.966 -0.073
vn 0.656 -0.562 -0.504
vn 0.718 -0.012 -0.696
vn 0.851 -0.006 -0.526
vn 0.490 0.594 -0.637
vn 0.541 0.631 -0.556
vn 0.681 0.049 -0.731
vn 0.490 0.594 -0.637
vn 0.681 0.049 -0.731
vn 0.566 0.047 -0.823
vn 0.318 -0.939 -0.128
vn 0.433 -0.677 -0.595
vn 0.448 -0.677 -0.584
vn 0.376 0.652 -0.658
vn 0.490 0.594 -0.637
vn 0.566 0.047 -0.823
vn 0.376 0.652 -0.658
vn 0.566 0.047 -0.823
vn 0.432 0.042 -0.901
vn 0.309 -0.942 -0.132
vn 0.227 -0.677 -0.700
vn 0.318 -0.939 -0.128
vn 0.003 1.000 -0.009
vn 0.110 0.981 -0.161
vn 0.256 0.794 -0.552
vn 0.252 0.653 -0.714
vn 0.376 0.652 -0.658
vn 0.432 0.042 -0.901
vn 0.288 0.515 -0.807
vn 0.432 0.042 -0.901
vn 0.282 0.037 -0.959
vn 0.172 -0.676 -0.717
vn 0.227 -0.677 -0.700
vn 0.309 -0.942 -0.132
vn -0.010 0.997 -0.071
vn 0.003 1.000 -0.009
vn 0.256 0.794 -0.552
vn 0.126 0.556 -0.821
vn 0.288 0.515 -0.807
vn 0.282 0.037 -0.959
vn 0.122 0.624 -0.772
vn 0.282 0.037 -0.959
vn 0.130 0.047 -0.990
vn 0.029 0.594 -0.804
vn 0.122 0.624 -0.772
vn 0.130 0.047 -0.990
vn 0.029 0.594 -0.804
vn 0.130 0.047 -0.990
vn 0.013 0.047 -0.999
vn -1.000 -0.001 0.027
vn -0.998 0.000 0.061
vn -1.000 -0.000 -0.007
vn -1.000 -0.001 0.027
vn -1.000 -0.000 -0.007
vn -0.999 -0.002 -0.034
vn 1.000 -0.001 -0.002
vn 1.000 -0.000 -0.010
vn 1.000 -0.001 0.024
vn 1.000 -0.001 -0.002
vn 1.000 -0.001 0.024
vn 0.998 -0.001 0.062
vn -0.825 0.565 -0.038
vn -0.804 0.594 -0.011
vn -0.997 0.082 -0.008
vn -0.825 0.565 -0.038
vn -0.997 0.082 -0.008
vn -0.998 0.036 -0.055
vn -0.011 0.594 -0.805
vn 0.029 0.594 -0.804
vn 0.013 0.047 -0.999
vn -0.011 0.594 -0.805
vn 0.013 0.047 -0.999
vn -0.028 0.047 -0.999
vn 0.994 0.090 -0.056
vn 0.999 0.046 -0.015
vn 0.809 0.588 0.001
vn 0.994 0.090 -0.056
vn 0.809 0.588 0.001
vn 0.802 0.596 -0.045
vn 0.978 -0.201 -0.063
vn 0.982 -0.176 -0.062
vn 0.952 -0.299 -0.062
vn 0.978 -0.201 -0.063
vn 0.952 -0.299 -0.062
vn 0.878 -0.476 -0.052
vn -0.998 0.036 -0.055
vn -0.997 0.002 -0.074
vn -0.998 -0.002 -0.070
vn -0.998 0.036 -0.055
vn -0.998 -0.002 -0.070
vn -0.987 0.146 -0.067
vn 0.001 1.000 0.013
vn 0.000 1.000 0.011
vn -0.001 1.000 0.014
vn 0.001 1.000 0.013
vn -0.001 1.000 0.014
vn 0.002 1.000 0.014
vn 0.998 0.004 -0.057
vn 0.994 0.090 -0.056
vn 0.991 0.111 -0.069
vn 0.998 0.004 -0.057
vn 0.991 0.111 -0.069
vn 0.997 -0.006 -0.071
vn -0.432 -0.902 -0.009
vn -0.376 -0.927 -0.004
vn -0.006 -1.000 0.017
vn -0.432 -0.902 -0.009
vn -0.006 -1.000 0.017
vn -0.008 -1.000 0.028
vn 0.991 0.111 -0.069
vn 0.994 0.090 -0.056
vn 0.802 0.596 -0.045
vn 0.991 0.111 -0.069
vn 0.867 0.495 -0.051
vn 0.912 0.407 -0.057
vn -0.319 -0.021 0.947
vn -0.342 -0.000 0.940
vn -0.002 -0.000 1.000
vn -0.319 -0.021 0.947
vn -0.002 -0.000 1.000
vn -0.002 -0.021 1.000
vn -0.990 0.001 -0.140
vn -0.984 -0.002 -0.180
vn -1.000 -0.000 -0.007
vn -0.990 0.001 -0.140
vn -1.000 -0.000 -0.007
vn -1.000 0.000 -0.002
vn -0.031 0.001 -1.000
vn -0.005 -0.002 -1.000
vn -0.166 -0.000 -0.986
vn -0.031 0.001 -1.000
vn -0.166 -0.000 -0.986
vn -0.171 0.000 -0.985
vn 0.140 0.001 -0.990
vn 0.153 -0.002 -0.988
vn 0.022 -0.003 -1.000
vn 0.140 0.001 -0.990
vn 0.022 -0.003 -1.000
vn 0.017 0.001 -1.000
vn 0.999 0.002 -0.043
vn 1.000 -0.000 -0.010
vn 0.987 -0.000 -0.160
vn 0.999 0.002 -0.043
vn 0.987 -0.000 -0.160
vn 0.985 0.001 -0.173
vn 0.439 0.001 -0.899
vn 0.475 -0.002 -0.880
vn 0.279 -0.001 -0.960
vn 0.439 0.001 -0.899
vn 0.279 -0.001 -0.960
vn 0.293 0.001 -0.956
vn 0.574 0.001 -0.819
vn 0.562 -0.001 -0.827
vn 0.475 -0.002 -0.880
vn 0.574 0.001 -0.819
vn 0.475 -0.002 -0.880
vn 0.439 0.001 -0.899
vn 0.694 0.001 -0.720
vn 0.704 -0.000 -0.710
vn 0.562 -0.001 -0.827
vn 0.694 0.001 -0.720
vn 0.562 -0.001 -0.827
vn 0.574 0.001 -0.819
vn 0.800 0.000 -0.600
vn 0.803 -0.000 -0.596
vn 0.704 -0.000 -0.710
vn 0.800 0.000 -0.600
vn 0.704 -0.000 -0.710
vn 0.694 0.001 -0.720
vn 0.883 0.001 -0.469
vn 0.904 -0.002 -0.427
vn 0.803 -0.000 -0.596
vn 0.883 0.001 -0.469
vn 0.803 -0.000 -0.596
vn 0.800 0.000 -0.600
vn 0.946 0.001 -0.325
vn 0.941 -0.001 -0.339
vn 0.904 -0.002 -0.427
vn 0.946 0.001 -0.325
vn 0.904 -0.002 -0.427
vn 0.883 0.001 -0.469
vn 0.985 0.001 -0.173
vn 0.987 -0.000 -0.160
vn 0.941 -0.001 -0.339
vn 0.985 0.001 -0.173
vn 0.941 -0.001 -0.339
vn 0.946 0.001 -0.325
vn 0.293 0.001 -0.956
vn 0.279 -0.001 -0.960
vn 0.153 -0.002 -0.988
vn 0.293 0.001 -0.956
vn 0.153 -0.002 -0.988
vn 0.140 0.001 -0.990
vn 0.016 -0.005 -1.000
vn -0.005 -0.002 -1.000
vn 0.022 -0.003 -1.000
vn 0.016 -0.005 -1.000
vn 0.022 -0.003 -1.000
vn 0.036 -0.004 -0.999
vn -0.899 0.000 -0.439
vn -0.895 -0.000 -0.445
vn -0.960 -0.001 -0.279
vn -0.899 0.000 -0.439
vn -0.960 -0.001 -0.279
vn -0.957 0.001 -0.291
vn -0.818 0.000 -0.576
vn -0.811 0.000 -0.585
vn -0.895 -0.000 -0.445
vn -0.818 0.000 -0.576
vn -0.895 -0.000 -0.445
vn -0.899 0.000 -0.439
vn -0.719 0.001 -0.695
vn -0.706 -0.000 -0.709
vn -0.811 0.000 -0.585
vn -0.719 0.001 -0.695
vn -0.811 0.000 -0.585
vn -0.818 0.000 -0.576
vn -0.601 0.001 -0.799
vn -0.591 -0.000 -0.807
vn -0.706 -0.000 -0.709
vn -0.601 0.001 -0.799
vn -0.706 -0.000 -0.709
vn -0.719 0.001 -0.695
vn -0.469 0.001 -0.883
vn -0.432 -0.002 -0.902
vn -0.591 -0.000 -0.807
vn -0.469 0.001 -0.883
vn -0.591 -0.000 -0.807
vn -0.601 0.001 -0.799
vn -0.327 0.001 -0.945
vn -0.339 -0.001 -0.941
vn -0.432 -0.002 -0.902
vn -0.327 0.001 -0.945
vn -0.432 -0.002 -0.902
vn -0.469 0.001 -0.883
vn -0.171 0.000 -0.985
vn -0.166 -0.000 -0.986
vn -0.339 -0.001 -0.941
vn -0.171 0.000 -0.985
vn -0.339 -0.001 -0.941
vn -0.327 0.001 -0.945
vn -0.957 0.001 -0.291
vn -0.960 -0.001 -0.279
vn -0.984 -0.002 -0.180
vn -0.957 0.001 -0.291
vn -0.984 -0.002 -0.180
vn -0.990 0.001 -0.140
vn 0.998 0.004 -0.057
vn 0.998 -0.012 -0.058
vn 0.982 -0.176 -0.062
vn 0.998 0.004 -0.057
vn 0.982 -0.176 -0.062
vn 0.978 -0.201 -0.063
vn -1.000 -0.001 0.027
vn -0.976 -0.214 0.047
vn -0.793 -0.000 0.609
vn -0.793 -0.000 0.609
vn -0.506 0.269 0.820
vn -0.457 0.000 0.889
vn 0.348 -0.937 -0.005
vn 0.488 -0.873 -0.014
vn 0.006 -1.000 0.019
vn 0.348 -0.937 -0.005
vn 0.006 -1.000 0.019
vn 0.003 -1.000 0.025
vn 0.878 -0.476 -0.052
vn 0.952 -0.299 -0.062
vn 0.768 -0.638 -0.045
vn 0.878 -0.476 -0.052
vn 0.767 -0.640 -0.040
vn 0.643 -0.765 -0.030
vn 0.643 -0.765 -0.030
vn 0.767 -0.640 -0.040
vn 0.488 -0.873 -0.014
vn 0.643 -0.765 -0.030
vn 0.488 -0.873 -0.014
vn 0.348 -0.937 -0.005
vn 1.000 -0.001 0.024
vn 0.999 -0.011 -0.037
vn 0.855 -0.016 0.519
vn 1.000 -0.001 0.024
vn 0.855 -0.016 0.519
vn 0.865 -0.000 0.502
vn -0.998 0.000 0.061
vn -1.000 -0.001 0.027
vn -0.793 -0.000 0.609
vn -0.998 0.000 0.061
vn -0.793 -0.000 0.609
vn -0.689 -0.000 0.725
vn -0.689 -0.000 0.725
vn -0.793 -0.000 0.609
vn -0.457 0.000 0.889
vn -0.689 -0.000 0.725
vn -0.457 0.000 0.889
vn -0.342 -0.000 0.940
vn -0.342 -0.000 0.940
vn -0.457 0.000 0.889
vn -0.007 -0.000 1.000
vn -0.342 -0.000 0.940
vn -0.007 -0.000 1.000
vn -0.002 -0.000 1.000
vn 0.999 0.002 -0.043
vn 0.999 0.046 -0.015
vn 0.994 0.090 -0.056
vn 0.865 -0.000 0.502
vn 0.855 -0.016 0.519
vn 0.574 -0.018 0.818
vn 0.865 -0.000 0.502
vn 0.574 -0.018 0.818
vn 0.593 -0.000 0.805
vn 0.593 -0.000 0.805
vn 0.574 -0.018 0.818
vn 0.269 -0.015 0.963
vn 0.593 -0.000 0.805
vn 0.269 -0.015 0.963
vn 0.319 -0.000 0.948
vn 0.319 -0.000 0.948
vn 0.269 -0.015 0.963
vn 0.009 -0.021 1.000
vn 0.319 -0.000 0.948
vn 0.009 -0.021 1.000
vn 0.006 -0.000 1.000
vn -0.999 0.002 -0.047
vn -0.998 0.000 0.061
vn -0.689 -0.000 0.725
vn -0.999 0.002 -0.047
vn -0.689 -0.000 0.725
vn -0.695 -0.020 0.718
vn -0.670 -0.025 0.742
vn -0.689 -0.000 0.725
vn -0.342 -0.000 0.940
vn -0.670 -0.025 0.742
vn -0.342 -0.000 0.940
vn -0.319 -0.021 0.947
vn -0.002 -0.021 1.000
vn -0.002 -0.000 1.000
vn 0.006 -0.000 1.000
vn -0.002 -0.021 1.000
vn 0.006 -0.000 1.000
vn 0.009 -0.021 1.000
vn 0.998 -0.001 0.062
vn 1.000 -0.001 0.024
vn 0.865 -0.000 0.502
vn 0.998 -0.001 0.062
vn 0.865 -0.000 0.502
vn 0.792 -0.000 0.610
vn 0.792 -0.000 0.610
vn 0.865 -0.000 0.502
vn 0.593 -0.000 0.805
vn 0.792 -0.000 0.610
vn 0.593 -0.000 0.805
vn 0.515 -0.000 0.857
vn 0.515 -0.000 0.857
vn 0.593 -0.000 0.805
vn 0.319 -0.000 0.948
vn 0.515 -0.000 0.857
vn 0.319 -0.000 0.948
vn 0.253 -0.000 0.967
vn 0.253 -0.000 0.967
vn 0.319 -0.000 0.948
vn 0.006 -0.000 1.000
vn 0.253 -0.000 0.967
vn 0.006 -0.000 1.000
vn 0.002 -0.000 1.000
vn -1.000 0.000 -0.002
vn -0.998 0.036 -0.055
vn -0.997 0.082 -0.008
vn -0.951 -0.303 -0.055
vn -0.934 -0.354 -0.056
vn -0.919 -0.391 -0.059
vn -0.918 -0.393 -0.056
vn -0.934 -0.354 -0.056
vn -0.734 -0.678 -0.037
vn -0.919 -0.391 -0.059
vn -0.882 -0.469 -0.051
vn -0.989 -0.127 -0.074
vn -0.605 -0.796 -0.025
vn -0.687 -0.726 -0.032
vn -0.432 -0.902 -0.009
vn -0.006 -1.000 0.017
vn 0.003 -1.000 0.025
vn 0.006 -1.000 0.019
vn -0.006 -1.000 0.017
vn 0.006 -1.000 0.019
vn -0.008 -1.000 0.028
vn -1.000 -0.001 0.027
vn -0.999 -0.002 -0.034
vn -0.976 -0.214 0.047
vn 0.997 -0.001 0.073
vn 1.000 0.008 -0.026
vn 0.999 0.002 0.032
vn 0.997 -0.001 0.073
vn 0.999 0.002 0.032
vn 1.000 0.006 0.019
vn 0.997 -0.001 0.073
vn 1.000 0.006 0.019
vn 0.995 -0.010 0.094
vn 0.997 -0.001 0.073
vn 0.995 -0.010 0.094
vn 0.990 -0.017 0.139
vn 0.997 -0.001 0.073
vn 0.990 -0.017 0.139
vn 0.997 -0.003 0.082
vn 0.997 -0.001 0.073
vn 0.997 -0.003 0.082
vn 0.998 0.004 0.059
vn 0.997 -0.001 0.073
vn 0.998 0.004 0.059
vn 0.997 -0.001 0.071
vn 0.997 -0.001 0.073
vn 0.997 -0.001 0.071
vn 0.997 -0.004 0.079
vn 0.997 -0.001 0.073
vn 0.997 -0.004 0.079
vn 0.997 -0.000 0.071
vn 0.997 -0.001 0.073
vn 0.997 -0.000 0.071
vn 0.997 -0.000 0.071
vn 0.997 -0.001 0.073
vn 0.997 -0.000 0.071
vn 0.997 -0.000 0.071
vn 0.997 -0.001 0.073
vn 0.997 -0.000 0.071
vn 0.997 -0.000 0.072
vn -0.999 0.002 -0.047
vn -0.997 0.002 -0.074
vn -0.998 0.036 -0.055
vn -0.999 0.002 -0.047
vn -0.998 0.036 -0.055
vn -1.000 0.000 -0.002
vn -0.997 -0.001 0.073
vn -0.997 -0.002 0.072
vn -0.997 -0.002 0.072
vn -0.997 -0.001 0.073
vn -0.997 -0.002 0.072
vn -0.997 -0.002 0.072
vn -0.997 -0.001 0.073
vn -0.997 -0.002 0.072
vn -0.998 0.012 0.067
vn -0.997 -0.001 0.073
vn -0.998 0.012 0.067
vn -0.997 -0.006 0.076
vn -0.997 -0.001 0.073
vn -0.997 -0.006 0.076
vn -0.997 -0.013 0.077
vn -0.997 -0.001 0.073
vn -0.997 -0.013 0.077
vn -0.998 0.007 0.066
vn -0.997 -0.001 0.073
vn -0.998 0.007 0.066
vn -0.998 0.019 0.058
vn -0.997 -0.001 0.073
vn -0.998 0.019 0.058
vn -0.997 -0.004 0.078
vn -0.997 -0.001 0.073
vn -0.997 -0.004 0.078
vn -0.996 -0.015 0.086
vn -0.997 -0.001 0.073
vn -0.996 -0.015 0.086
vn -0.997 -0.008 0.080
vn -0.997 -0.001 0.073
vn -0.997 -0.008 0.080
vn -0.997 -0.001 0.071
vn -0.997 -0.001 0.073
vn -0.997 -0.001 0.071
vn -0.998 0.008 0.061
vn 0.998 0.004 -0.057
vn 0.999 -0.011 -0.037
vn 0.999 0.002 -0.043
vn 0.998 0.004 -0.057
vn 0.999 0.002 -0.043
vn 0.994 0.090 -0.056
vn 0.998 0.004 -0.057
vn 0.978 -0.201 -0.063
vn 0.975 -0.221 -0.028
vn 0.998 0.004 -0.057
vn 0.975 -0.221 -0.028
vn 0.993 -0.104 -0.050
vn 0.993 -0.104 -0.050
vn 0.975 -0.221 -0.028
vn 0.969 -0.245 0.018
vn 0.993 -0.104 -0.050
vn 0.969 -0.245 0.018
vn 0.994 -0.100 -0.034
vn 0.994 -0.100 -0.034
vn 0.969 -0.245 0.018
vn 0.956 -0.282 0.084
vn 0.994 -0.100 -0.034
vn 0.956 -0.282 0.084
vn 0.995 -0.096 -0.018
vn 0.995 -0.096 -0.018
vn 0.956 -0.282 0.084
vn 0.960 -0.255 0.113
vn 0.995 -0.096 -0.018
vn 0.960 -0.255 0.113
vn 0.996 -0.092 -0.006
vn 0.996 -0.092 -0.006
vn 0.960 -0.255 0.113
vn 0.965 -0.223 0.139
vn 0.965 -0.223 0.139
vn 0.888 -0.324 0.328
vn 0.987 -0.134 0.092
vn 0.987 -0.134 0.092
vn 0.888 -0.324 0.328
vn 0.933 -0.230 0.275
vn 0.987 -0.134 0.092
vn 0.933 -0.230 0.275
vn 0.986 -0.118 0.114
vn 0.986 -0.118 0.114
vn 0.933 -0.230 0.275
vn 0.917 -0.217 0.335
vn 0.952 -0.059 0.300
vn 0.938 -0.031 0.346
vn 0.993 -0.016 0.115
vn 0.993 -0.016 0.115
vn 0.938 -0.031 0.346
vn 0.999 -0.011 -0.037
vn 0.978 -0.201 -0.063
vn 0.878 -0.476 -0.052
vn 0.881 -0.473 0.024
vn 0.978 -0.201 -0.063
vn 0.881 -0.473 0.024
vn 0.975 -0.221 -0.028
vn 0.975 -0.221 -0.028
vn 0.881 -0.473 0.024
vn 0.883 -0.461 0.085
vn 0.975 -0.221 -0.028
vn 0.883 -0.461 0.085
vn 0.969 -0.245 0.018
vn 0.969 -0.245 0.018
vn 0.883 -0.461 0.085
vn 0.785 -0.577 0.224
vn 0.969 -0.245 0.018
vn 0.731 -0.625 0.272
vn 0.956 -0.282 0.084
vn 0.956 -0.282 0.084
vn 0.731 -0.625 0.272
vn 0.660 -0.628 0.411
vn 0.956 -0.282 0.084
vn 0.660 -0.628 0.411
vn 0.960 -0.255 0.113
vn 0.960 -0.255 0.113
vn 0.660 -0.628 0.411
vn 0.757 -0.502 0.419
vn 0.960 -0.255 0.113
vn 0.876 -0.382 0.293
vn 0.965 -0.223 0.139
vn 0.965 -0.223 0.139
vn 0.876 -0.382 0.293
vn 0.888 -0.324 0.328
vn 0.933 -0.230 0.275
vn 0.830 -0.288 0.478
vn 0.917 -0.217 0.335
vn 0.917 -0.217 0.335
vn 0.781 -0.309 0.543
vn 0.887 -0.186 0.423
vn 0.887 -0.186 0.423
vn 0.817 -0.174 0.550
vn 0.935 -0.106 0.338
vn 0.935 -0.106 0.338
vn 0.817 -0.174 0.550
vn 0.905 -0.094 0.414
vn 0.935 -0.106 0.338
vn 0.905 -0.094 0.414
vn 0.952 -0.059 0.300
vn 0.952 -0.059 0.300
vn 0.905 -0.094 0.414
vn 0.758 -0.064 0.649
vn 0.952 -0.059 0.300
vn 0.758 -0.064 0.649
vn 0.938 -0.031 0.346
vn 0.938 -0.031 0.346
vn 0.758 -0.064 0.649
vn 0.855 -0.016 0.519
vn 0.938 -0.031 0.346
vn 0.855 -0.016 0.519
vn 0.999 -0.011 -0.037
vn 0.878 -0.476 -0.052
vn 0.643 -0.765 -0.030
vn 0.663 -0.743 0.088
vn 0.878 -0.476 -0.052
vn 0.663 -0.743 0.088
vn 0.881 -0.473 0.024
vn 0.881 -0.473 0.024
vn 0.663 -0.743 0.088
vn 0.665 -0.718 0.205
vn 0.881 -0.473 0.024
vn 0.665 -0.718 0.205
vn 0.883 -0.461 0.085
vn 0.883 -0.461 0.085
vn 0.665 -0.718 0.205
vn 0.731 -0.625 0.272
vn 0.757 -0.502 0.419
vn 0.386 -0.598 0.702
vn 0.888 -0.324 0.328
vn 0.888 -0.324 0.328
vn 0.386 -0.598 0.702
vn 0.654 -0.446 0.611
vn 0.888 -0.324 0.328
vn 0.654 -0.446 0.611
vn 0.933 -0.230 0.275
vn 0.933 -0.230 0.275
vn 0.654 -0.446 0.611
vn 0.646 -0.368 0.669
vn 0.781 -0.309 0.543
vn 0.670 -0.273 0.691
vn 0.887 -0.186 0.423
vn 0.887 -0.186 0.423
vn 0.670 -0.273 0.691
vn 0.776 -0.179 0.605
vn 0.776 -0.179 0.605
vn 0.560 -0.146 0.816
vn 0.905 -0.094 0.414
vn 0.905 -0.094 0.414
vn 0.560 -0.146 0.816
vn 0.758 -0.064 0.649
vn 0.643 -0.765 -0.030
vn 0.365 -0.920 0.143
vn 0.663 -0.743 0.088
vn 0.663 -0.743 0.088
vn 0.365 -0.920 0.143
vn 0.344 -0.893 0.291
vn 0.663 -0.743 0.088
vn 0.344 -0.893 0.291
vn 0.665 -0.718 0.205
vn 0.665 -0.718 0.205
vn 0.344 -0.893 0.291
vn 0.387 -0.834 0.394
vn 0.665 -0.718 0.205
vn 0.387 -0.834 0.394
vn 0.731 -0.625 0.272
vn 0.731 -0.625 0.272
vn 0.387 -0.834 0.394
vn 0.262 -0.796 0.545
vn 0.697 -0.653 0.296
vn 0.262 -0.796 0.545
vn 0.660 -0.628 0.411
vn 0.660 -0.628 0.411
vn 0.262 -0.796 0.545
vn 0.265 -0.709 0.654
vn 0.660 -0.628 0.411
vn 0.265 -0.709 0.654
vn 0.601 -0.602 0.527
vn 0.601 -0.602 0.527
vn 0.265 -0.709 0.654
vn 0.386 -0.598 0.702
vn 0.386 -0.598 0.702
vn 0.232 -0.530 0.815
vn 0.654 -0.446 0.611
vn 0.654 -0.446 0.611
vn 0.232 -0.530 0.815
vn 0.646 -0.368 0.669
vn 0.587 -0.376 0.717
vn 0.214 -0.353 0.911
vn 0.670 -0.273 0.691
vn 0.670 -0.273 0.691
vn 0.214 -0.353 0.911
vn 0.418 -0.269 0.868
vn 0.670 -0.273 0.691
vn 0.418 -0.269 0.868
vn 0.776 -0.179 0.605
vn 0.776 -0.179 0.605
vn 0.418 -0.269 0.868
vn 0.306 -0.180 0.935
vn 0.655 -0.210 0.726
vn 0.306 -0.180 0.935
vn 0.560 -0.146 0.816
vn 0.560 -0.146 0.816
vn 0.306 -0.180 0.935
vn 0.375 -0.082 0.924
vn 0.560 -0.146 0.816
vn 0.375 -0.082 0.924
vn 0.758 -0.064 0.649
vn 0.758 -0.064 0.649
vn 0.375 -0.082 0.924
vn 0.574 -0.018 0.818
vn 0.758 -0.064 0.649
vn 0.574 -0.018 0.818
vn 0.855 -0.016 0.519
vn 0.643 -0.765 -0.030
vn 0.348 -0.937 -0.005
vn 0.365 -0.920 0.143
vn 0.365 -0.920 0.143
vn 0.008 -0.936 0.352
vn 0.344 -0.893 0.291
vn 0.344 -0.893 0.291
vn 0.008 -0.936 0.352
vn 0.007 -0.873 0.488
vn 0.344 -0.893 0.291
vn 0.007 -0.873 0.488
vn 0.387 -0.834 0.394
vn 0.387 -0.834 0.394
vn 0.007 -0.873 0.488
vn 0.262 -0.796 0.545
vn 0.265 -0.709 0.654
vn 0.006 -0.623 0.782
vn 0.386 -0.598 0.702
vn 0.386 -0.598 0.702
vn 0.006 -0.623 0.782
vn 0.005 -0.531 0.847
vn 0.386 -0.598 0.702
vn 0.005 -0.531 0.847
vn 0.232 -0.530 0.815
vn 0.232 -0.530 0.815
vn 0.005 -0.531 0.847
vn 0.013 -0.439 0.898
vn 0.232 -0.530 0.815
vn 0.013 -0.439 0.898
vn 0.385 -0.435 0.814
vn 0.385 -0.435 0.814
vn 0.013 -0.439 0.898
vn 0.214 -0.353 0.911
vn 0.214 -0.353 0.911
vn 0.134 -0.258 0.957
vn 0.418 -0.269 0.868
vn 0.418 -0.269 0.868
vn 0.134 -0.258 0.957
vn 0.306 -0.180 0.935
vn 0.375 -0.082 0.924
vn 0.269 -0.015 0.963
vn 0.574 -0.018 0.818
vn 0.348 -0.937 -0.005
vn 0.003 -1.000 0.025
vn 0.005 -0.979 0.205
vn 0.348 -0.937 -0.005
vn 0.005 -0.979 0.205
vn 0.365 -0.920 0.143
vn 0.365 -0.920 0.143
vn 0.005 -0.979 0.205
vn 0.008 -0.936 0.352
vn 0.007 -0.873 0.488
vn 0.002 -0.797 0.605
vn 0.262 -0.796 0.545
vn 0.262 -0.796 0.545
vn 0.002 -0.797 0.605
vn 0.002 -0.712 0.702
vn 0.262 -0.796 0.545
vn 0.002 -0.712 0.702
vn 0.265 -0.709 0.654
vn 0.265 -0.709 0.654
vn 0.002 -0.712 0.702
vn 0.006 -0.623 0.782
vn 0.013 -0.439 0.898
vn 0.002 -0.346 0.938
vn 0.214 -0.353 0.911
vn 0.214 -0.353 0.911
vn 0.002 -0.346 0.938
vn 0.002 -0.256 0.967
vn 0.214 -0.353 0.911
vn 0.002 -0.256 0.967
vn 0.134 -0.258 0.957
vn 0.134 -0.258 0.957
vn 0.002 -0.256 0.967
vn 0.004 -0.166 0.986
vn 0.134 -0.258 0.957
vn 0.004 -0.166 0.986
vn 0.306 -0.180 0.935
vn 0.306 -0.180 0.935
vn 0.004 -0.166 0.986
vn 0.007 -0.076 0.997
vn 0.306 -0.180 0.935
vn 0.007 -0.076 0.997
vn 0.375 -0.082 0.924
vn 0.375 -0.082 0.924
vn 0.007 -0.076 0.997
vn 0.009 -0.021 1.000
vn 0.375 -0.082 0.924
vn 0.009 -0.021 1.000
vn 0.269 -0.015 0.963
vn -0.999 0.002 -0.047
vn -0.947 -0.043 0.319
vn -0.993 -0.016 0.115
vn -0.993 -0.016 0.115
vn -0.947 -0.043 0.319
vn -0.943 -0.066 0.326
vn -0.963 -0.150 0.224
vn -0.911 -0.250 0.328
vn -0.973 -0.162 0.165
vn -0.973 -0.162 0.165
vn -0.911 -0.250 0.328
vn -0.939 -0.254 0.231
vn -0.973 -0.162 0.165
vn -0.939 -0.254 0.231
vn -0.987 -0.137 0.088
vn -0.987 -0.137 0.088
vn -0.939 -0.254 0.231
vn -0.961 -0.237 0.144
vn -0.961 -0.237 0.144
vn -0.961 -0.256 0.103
vn -0.996 -0.092 -0.009
vn -0.996 -0.092 -0.009
vn -0.961 -0.256 0.103
vn -0.963 -0.261 0.061
vn -0.996 -0.092 -0.009
vn -0.963 -0.261 0.061
vn -0.995 -0.097 -0.024
vn -0.995 -0.097 -0.024
vn -0.963 -0.261 0.061
vn -0.976 -0.216 0.002
vn -0.995 -0.097 -0.024
vn -0.976 -0.216 0.002
vn -0.994 -0.101 -0.039
vn -0.994 -0.101 -0.039
vn -0.976 -0.216 0.002
vn -0.980 -0.195 -0.030
vn -0.994 -0.101 -0.039
vn -0.980 -0.195 -0.030
vn -0.990 -0.134 -0.048
vn -0.990 -0.134 -0.048
vn -0.980 -0.195 -0.030
vn -0.934 -0.354 -0.056
vn -0.990 -0.134 -0.048
vn -0.934 -0.354 -0.056
vn -0.997 0.002 -0.074
vn -0.999 0.002 -0.047
vn -0.695 -0.020 0.718
vn -0.788 -0.069 0.612
vn -0.999 0.002 -0.047
vn -0.788 -0.069 0.612
vn -0.947 -0.043 0.319
vn -0.947 -0.043 0.319
vn -0.788 -0.069 0.612
vn -0.859 -0.088 0.505
vn -0.947 -0.043 0.319
vn -0.859 -0.088 0.505
vn -0.943 -0.066 0.326
vn -0.943 -0.066 0.326
vn -0.859 -0.088 0.505
vn -0.857 -0.148 0.494
vn -0.943 -0.066 0.326
vn -0.786 -0.164 0.596
vn -0.879 -0.152 0.453
vn -0.879 -0.152 0.453
vn -0.786 -0.164 0.596
vn -0.838 -0.229 0.496
vn -0.838 -0.229 0.496
vn -0.844 -0.279 0.459
vn -0.963 -0.150 0.224
vn -0.963 -0.150 0.224
vn -0.844 -0.279 0.459
vn -0.911 -0.250 0.328
vn -0.939 -0.254 0.231
vn -0.790 -0.473 0.390
vn -0.961 -0.237 0.144
vn -0.961 -0.237 0.144
vn -0.833 -0.438 0.339
vn -0.877 -0.417 0.237
vn -0.961 -0.237 0.144
vn -0.877 -0.417 0.237
vn -0.961 -0.256 0.103
vn -0.961 -0.256 0.103
vn -0.877 -0.417 0.237
vn -0.772 -0.580 0.259
vn -0.961 -0.256 0.103
vn -0.732 -0.626 0.270
vn -0.963 -0.261 0.061
vn -0.963 -0.261 0.061
vn -0.732 -0.626 0.270
vn -0.860 -0.498 0.108
vn -0.963 -0.261 0.061
vn -0.860 -0.498 0.108
vn -0.976 -0.216 0.002
vn -0.976 -0.216 0.002
vn -0.860 -0.498 0.108
vn -0.872 -0.488 0.024
vn -0.976 -0.216 0.002
vn -0.872 -0.488 0.024
vn -0.980 -0.195 -0.030
vn -0.980 -0.195 -0.030
vn -0.872 -0.488 0.024
vn -0.934 -0.354 -0.056
vn -0.788 -0.069 0.612
vn -0.497 -0.160 0.853
vn -0.859 -0.088 0.505
vn -0.859 -0.088 0.505
vn -0.497 -0.160 0.853
vn -0.679 -0.212 0.703
vn -0.679 -0.212 0.703
vn -0.667 -0.274 0.693
vn -0.838 -0.229 0.496
vn -0.838 -0.229 0.496
vn -0.667 -0.274 0.693
vn -0.648 -0.372 0.664
vn -0.838 -0.229 0.496
vn -0.501 -0.414 0.760
vn -0.844 -0.279 0.459
vn -0.844 -0.279 0.459
vn -0.501 -0.414 0.760
vn -0.774 -0.374 0.511
vn -0.774 -0.374 0.511
vn -0.548 -0.572 0.610
vn -0.939 -0.254 0.231
vn -0.939 -0.254 0.231
vn -0.548 -0.572 0.610
vn -0.762 -0.502 0.410
vn -0.762 -0.502 0.410
vn -0.556 -0.702 0.445
vn -0.877 -0.417 0.237
vn -0.877 -0.417 0.237
vn -0.556 -0.702 0.445
vn -0.732 -0.626 0.270
vn -0.732 -0.626 0.270
vn -0.589 -0.780 0.209
vn -0.860 -0.498 0.108
vn -0.860 -0.498 0.108
vn -0.589 -0.780 0.209
vn -0.722 -0.686 0.087
vn -0.860 -0.498 0.108
vn -0.722 -0.686 0.087
vn -0.872 -0.488 0.024
vn -0.872 -0.488 0.024
vn -0.722 -0.686 0.087
vn -0.734 -0.678 -0.037
vn -0.872 -0.488 0.024
vn -0.734 -0.678 -0.037
vn -0.934 -0.354 -0.056
vn -0.670 -0.025 0.742
vn -0.480 -0.096 0.872
vn -0.788 -0.069 0.612
vn -0.788 -0.069 0.612
vn -0.480 -0.096 0.872
vn -0.497 -0.160 0.853
vn -0.501 -0.414 0.760
vn -0.267 -0.530 0.805
vn -0.542 -0.484 0.687
vn -0.542 -0.484 0.687
vn -0.267 -0.530 0.805
vn -0.235 -0.636 0.735
vn -0.542 -0.484 0.687
vn -0.235 -0.636 0.735
vn -0.548 -0.572 0.610
vn -0.548 -0.572 0.610
vn -0.235 -0.636 0.735
vn -0.306 -0.702 0.643
vn -0.548 -0.572 0.610
vn -0.306 -0.702 0.643
vn -0.698 -0.542 0.468
vn -0.762 -0.502 0.410
vn -0.306 -0.702 0.643
vn -0.296 -0.785 0.544
vn -0.586 -0.617 0.526
vn -0.296 -0.785 0.544
vn -0.556 -0.702 0.445
vn -0.556 -0.702 0.445
vn -0.296 -0.785 0.544
vn -0.432 -0.801 0.414
vn -0.556 -0.702 0.445
vn -0.432 -0.801 0.414
vn -0.732 -0.626 0.270
vn -0.732 -0.626 0.270
vn -0.432 -0.801 0.414
vn -0.332 -0.896 0.295
vn -0.702 -0.655 0.280
vn -0.332 -0.896 0.295
vn -0.589 -0.780 0.209
vn -0.589 -0.780 0.209
vn -0.332 -0.896 0.295
vn -0.441 -0.888 0.129
vn -0.589 -0.780 0.209
vn -0.441 -0.888 0.129
vn -0.722 -0.686 0.087
vn -0.722 -0.686 0.087
vn -0.441 -0.888 0.129
vn -0.687 -0.726 -0.032
vn -0.670 -0.025 0.742
vn -0.319 -0.021 0.947
vn -0.274 -0.088 0.958
vn -0.520 -0.025 0.854
vn -0.274 -0.088 0.958
vn -0.480 -0.096 0.872
vn -0.480 -0.096 0.872
vn -0.274 -0.088 0.958
vn -0.253 -0.164 0.953
vn -0.480 -0.096 0.872
vn -0.253 -0.164 0.953
vn -0.497 -0.160 0.853
vn -0.497 -0.160 0.853
vn -0.253 -0.164 0.953
vn -0.019 -0.283 0.959
vn -0.497 -0.160 0.853
vn -0.019 -0.283 0.959
vn -0.634 -0.229 0.739
vn -0.479 -0.255 0.840
vn -0.019 -0.283 0.959
vn -0.014 -0.376 0.927
vn -0.479 -0.255 0.840
vn -0.014 -0.376 0.927
vn -0.507 -0.335 0.794
vn -0.207 -0.381 0.901
vn -0.014 -0.376 0.927
vn -0.010 -0.468 0.884
vn -0.207 -0.381 0.901
vn -0.010 -0.468 0.884
vn -0.403 -0.443 0.801
vn -0.403 -0.443 0.801
vn -0.010 -0.468 0.884
vn -0.267 -0.530 0.805
vn -0.235 -0.636 0.735
vn -0.082 -0.726 0.683
vn -0.306 -0.702 0.643
vn -0.306 -0.702 0.643
vn -0.082 -0.726 0.683
vn -0.005 -0.822 0.570
vn -0.306 -0.702 0.643
vn -0.005 -0.822 0.570
vn -0.296 -0.785 0.544
vn -0.296 -0.785 0.544
vn -0.005 -0.822 0.570
vn -0.132 -0.880 0.456
vn -0.296 -0.785 0.544
vn -0.132 -0.880 0.456
vn -0.432 -0.801 0.414
vn -0.432 -0.801 0.414
vn -0.132 -0.880 0.456
vn -0.332 -0.896 0.295
vn -0.332 -0.896 0.295
vn -0.010 -0.988 0.155
vn -0.441 -0.888 0.129
vn -0.441 -0.888 0.129
vn -0.010 -0.988 0.155
vn -0.376 -0.927 -0.004
vn -0.441 -0.888 0.129
vn -0.376 -0.927 -0.004
vn -0.687 -0.726 -0.032
vn -0.319 -0.021 0.947
vn -0.002 -0.021 1.000
vn -0.003 -0.104 0.995
vn -0.319 -0.021 0.947
vn -0.003 -0.104 0.995
vn -0.274 -0.088 0.958
vn -0.274 -0.088 0.958
vn -0.003 -0.104 0.995
vn -0.002 -0.193 0.981
vn -0.274 -0.088 0.958
vn -0.002 -0.193 0.981
vn -0.253 -0.164 0.953
vn -0.253 -0.164 0.953
vn -0.002 -0.193 0.981
vn -0.019 -0.283 0.959
vn -0.010 -0.468 0.884
vn -0.001 -0.560 0.828
vn -0.267 -0.530 0.805
vn -0.267 -0.530 0.805
vn -0.001 -0.560 0.828
vn -0.002 -0.650 0.760
vn -0.267 -0.530 0.805
vn -0.002 -0.650 0.760
vn -0.235 -0.636 0.735
vn -0.235 -0.636 0.735
vn -0.002 -0.650 0.760
vn -0.000 -0.740 0.673
vn -0.235 -0.636 0.735
vn -0.000 -0.740 0.673
vn -0.082 -0.726 0.683
vn -0.082 -0.726 0.683
vn -0.000 -0.740 0.673
vn -0.005 -0.822 0.570
vn -0.005 -0.822 0.570
vn -0.000 -0.895 0.446
vn -0.132 -0.880 0.456
vn -0.132 -0.880 0.456
vn -0.000 -0.895 0.446
vn -0.003 -0.951 0.308
vn -0.132 -0.880 0.456
vn -0.003 -0.951 0.308
vn -0.332 -0.896 0.295
vn -0.332 -0.896 0.295
vn -0.003 -0.951 0.308
vn -0.010 -0.988 0.155
vn -0.010 -0.988 0.155
vn -0.006 -1.000 0.017
vn -0.376 -0.927 -0.004
vn -0.002 -0.021 1.000
vn 0.009 -0.021 1.000
vn 0.007 -0.076 0.997
vn -0.002 -0.021 1.000
vn 0.007 -0.076 0.997
vn -0.003 -0.104 0.995
vn -0.003 -0.104 0.995
vn 0.007 -0.076 0.997
vn 0.004 -0.166 0.986
vn -0.003 -0.104 0.995
vn 0.004 -0.166 0.986
vn -0.002 -0.193 0.981
vn -0.002 -0.193 0.981
vn 0.004 -0.166 0.986
vn 0.002 -0.256 0.967
vn -0.002 -0.193 0.981
vn 0.002 -0.256 0.967
vn -0.019 -0.283 0.959
vn -0.019 -0.283 0.959
vn 0.002 -0.256 0.967
vn 0.002 -0.346 0.938
vn -0.019 -0.283 0.959
vn 0.002 -0.346 0.938
vn -0.014 -0.376 0.927
vn -0.014 -0.376 0.927
vn 0.002 -0.346 0.938
vn 0.013 -0.439 0.898
vn -0.014 -0.376 0.927
vn 0.013 -0.439 0.898
vn -0.010 -0.468 0.884
vn -0.010 -0.468 0.884
vn 0.013 -0.439 0.898
vn 0.005 -0.531 0.847
vn -0.010 -0.468 0.884
vn 0.005 -0.531 0.847
vn -0.001 -0.560 0.828
vn -0.001 -0.560 0.828
vn 0.005 -0.531 0.847
vn 0.006 -0.623 0.782
vn -0.001 -0.560 0.828
vn 0.006 -0.623 0.782
vn -0.002 -0.650 0.760
vn -0.002 -0.650 0.760
vn 0.006 -0.623 0.782
vn 0.002 -0.712 0.702
vn -0.002 -0.650 0.760
vn 0.002 -0.712 0.702
vn -0.000 -0.740 0.673
vn -0.000 -0.740 0.673
vn 0.002 -0.712 0.702
vn 0.002 -0.797 0.605
vn -0.000 -0.740 0.673
vn 0.002 -0.797 0.605
vn -0.005 -0.822 0.570
vn -0.005 -0.822 0.570
vn 0.002 -0.797 0.605
vn 0.007 -0.873 0.488
vn -0.005 -0.822 0.570
vn 0.007 -0.873 0.488
vn -0.000 -0.895 0.446
vn -0.000 -0.895 0.446
vn 0.007 -0.873 0.488
vn 0.008 -0.936 0.352
vn -0.000 -0.895 0.446
vn 0.008 -0.936 0.352
vn -0.003 -0.951 0.308
vn -0.003 -0.951 0.308
vn 0.008 -0.936 0.352
vn 0.005 -0.979 0.205
vn -0.003 -0.951 0.308
vn 0.005 -0.979 0.205
vn -0.010 -0.988 0.155
vn -0.010 -0.988 0.155
vn 0.005 -0.979 0.205
vn 0.003 -1.000 0.025
vn -0.010 -0.988 0.155
vn 0.003 -1.000 0.025
vn -0.006 -1.000 0.017
vn -0.432 -0.902 -0.009
vn -0.687 -0.726 -0.032
vn -0.376 -0.927 -0.004
vn -0.730 -0.220 0.647
vn -0.823 0.566 -0.048
vn -0.988 0.142 -0.059
vn 0.779 -0.196 0.596
vn 0.992 0.110 -0.067
vn 0.912 0.408 -0.054
vn 0.002 0.429 0.903
vn 0.779 -0.196 0.596
vn 0.003 0.334 0.942
vn 0.003 0.334 0.942
vn 0.779 -0.196 0.596
vn 0.743 0.225 0.630
vn -0.004 0.334 0.943
vn 0.002 0.429 0.903
vn 0.003 0.334 0.942
vn -0.003 -0.306 0.952
vn 0.003 0.334 0.942
vn -0.002 0.248 0.969
vn 0.013 -0.424 0.906
vn 0.011 -0.387 0.922
vn 0.587 -0.499 0.637
vn 0.775 -0.286 0.564
vn 0.982 -0.184 -0.050
vn 0.965 -0.263 0.012
vn 0.011 -0.387 0.922
vn 0.004 -0.496 0.868
vn 0.587 -0.499 0.637
vn -0.556 0.531 -0.639
vn -0.556 0.531 -0.639
vn -0.556 0.531 -0.639
vn 0.011 -0.387 0.922
vn 0.527 -0.611 0.591
vn 0.587 -0.499 0.637
vn 0.004 -0.496 0.868
vn 0.031 -0.464 0.885
vn 0.587 -0.499 0.637
vn 0.587 -0.499 0.637
vn 0.031 -0.464 0.885
vn 0.527 -0.611 0.591
vn 0.527 -0.611 0.591
vn 0.036 -0.562 0.826
vn 0.699 -0.715 -0.033
vn 0.827 0.062 -0.559
vn 0.827 0.062 -0.559
vn 0.827 0.062 -0.559
vn 0.036 -0.562 0.826
vn 0.488 -0.873 -0.014
vn 0.699 -0.715 -0.033
vn 0.031 -0.464 0.885
vn 0.002 -0.417 0.909
vn 0.008 -0.785 0.620
vn 0.036 -0.562 0.826
vn 0.008 -0.785 0.620
vn 0.488 -0.873 -0.014
vn -0.827 -0.062 0.559
vn -0.827 -0.062 0.559
vn -0.827 -0.062 0.559
vn 0.008 -0.785 0.620
vn 0.006 -1.000 0.019
vn 0.488 -0.873 -0.014
vn -0.689 -0.418 0.592
vn -0.593 -0.373 0.713
vn -0.928 -0.371 -0.017
vn -0.949 -0.312 -0.036
vn -0.692 -0.337 0.638
vn -0.962 -0.268 -0.043
vn -0.252 -0.562 0.788
vn -0.477 -0.506 0.719
vn -0.422 -0.676 0.604
vn -0.252 -0.562 0.788
vn -0.422 -0.676 0.604
vn -0.432 -0.902 -0.009
vn -0.432 -0.902 -0.009
vn -0.830 -0.557 -0.031
vn -0.605 -0.796 -0.025
vn -0.217 -0.708 0.672
vn -0.252 -0.562 0.788
vn -0.432 -0.902 -0.009
vn -0.002 -0.433 0.901
vn -0.252 -0.562 0.788
vn -0.217 -0.708 0.672
vn -0.002 -0.433 0.901
vn -0.217 -0.708 0.672
vn -0.004 -0.721 0.693
vn -0.004 -0.721 0.693
vn -0.217 -0.708 0.672
vn -0.432 -0.902 -0.009
vn -0.004 -0.721 0.693
vn -0.432 -0.902 -0.009
vn -0.008 -1.000 0.028
vn 0.002 -0.417 0.909
vn -0.002 -0.433 0.901
vn -0.004 -0.721 0.693
vn 0.002 -0.417 0.909
vn -0.004 -0.721 0.693
vn 0.008 -0.785 0.620
vn 0.008 -0.785 0.620
vn -0.004 -0.721 0.693
vn -0.008 -1.000 0.028
vn 0.008 -0.785 0.620
vn -0.008 -1.000 0.028
vn 0.006 -1.000 0.019
vn -0.593 -0.373 0.713
vn -0.730 -0.220 0.647
vn -0.756 -0.239 0.609
vn -0.692 -0.337 0.638
vn -0.756 -0.239 0.609
vn -0.962 -0.268 -0.043
vn 0.779 -0.196 0.596
vn 0.775 -0.286 0.564
vn 0.965 -0.263 0.012
vn 0.779 -0.196 0.596
vn 0.965 -0.263 0.012
vn 0.783 -0.220 0.581
vn 0.689 0.418 -0.592
vn 0.689 0.418 -0.592
vn 0.689 0.418 -0.592
vn -0.010 -0.433 0.901
vn -0.477 -0.506 0.719
vn -0.252 -0.562 0.788
vn -0.005 -0.433 0.901
vn -0.252 -0.562 0.788
vn -0.002 -0.433 0.901
vn -0.001 -0.433 0.901
vn -0.002 -0.433 0.901
vn 0.002 -0.417 0.909
vn -0.001 -0.433 0.901
vn 0.002 -0.417 0.909
vn 0.012 -0.448 0.894
vn -0.001 -0.433 0.901
vn 0.031 -0.464 0.885
vn 0.004 -0.496 0.868
vn -0.001 -0.433 0.901
vn 0.004 -0.496 0.868
vn 0.011 -0.387 0.922
vn -0.001 -0.433 0.901
vn 0.011 -0.387 0.922
vn 0.001 -0.424 0.906
vn -0.001 -0.433 0.901
vn 0.001 -0.424 0.906
vn 0.002 -0.446 0.895
vn -0.001 -0.433 0.901
vn 0.002 -0.446 0.895
vn 0.000 -0.450 0.893
vn -0.001 -0.433 0.901
vn 0.000 -0.450 0.893
vn -0.002 -0.369 0.929
f 286//1195 223//1196 224//1197
f 286//1198 224//1199 262//1200
f 519//1201 372//1202 399//1203
f 519//1204 399//1205 525//1206
f 514//1207 238//1208 513//1209
f 335//1210 244//1211 242//1212
f 335//1213 242//1214 331//1215
f 260//1216 214//1217 215//1218
f 260//1219 215//1220 264//1221
f 334//1222 258//1223 256//1224
f 334//1225 256//1226 341//1227
f 341//1228 256//1229 254//1230
f 341//1231 254//1232 340//1233
f 340//1234 254//1235 253//1236
f 340//1237 253//1238 339//1239
f 339//1240 253//1241 251//1242
f 339//1243 251//1244 338//1245
f 338//1246 251//1247 248//1248
f 338//1249 248//1250 337//1251
f 337//1252 248//1253 246//1254
f 337//1255 246//1256 336//1257
f 336//1258 246//1259 244//1260
f 336//1261 244//1262 335//1263
f 332//1264 214//1265 235//1266
f 332//1267 235//1268 333//1269
f 344//1270 291//1271 289//1272
f 344//1273 289//1274 342//1275
f 305//1276 225//1277 226//1278
f 305//1279 226//1280 309//1281
f 343//1282 303//1283 301//1284
f 343//1285 301//1286 350//1287
f 350//1288 301//1289 299//1290
f 350//1291 299//1292 349//1293
f 349//1294 299//1295 298//1296
f 349//1297 298//1298 348//1299
f 348//1300 298//1301 296//1302
f 348//1303 296//1304 347//1305
f 347//1306 296//1307 294//1308
f 347//1309 294//1310 346//1311
f 346//1312 294//1313 292//1314
f 346//1315 292//1316 345//1317
f 345//1318 292//1319 291//1320
f 345//1321 291//1322 344//1323
f 330//1324 288//1325 303//1326
f 330//1327 303//1328 343//1329
f 368//1330 371//1331 224//1332
f 368//1333 224//1334 329//1335
f 309//1336 226//1337 227//1338
f 309//1339 227//1340 312//1341
f 325//1342 233//1343 234//1344
f 325//1345 234//1346 328//1347
f 323//1348 232//1349 233//1350
f 323//1351 233//1352 325//1353
f 321//1354 231//1355 232//1356
f 321//1357 232//1358 323//1359
f 319//1360 230//1361 231//1362
f 319//1363 231//1364 321//1365
f 316//1366 229//1367 230//1368
f 316//1369 230//1370 319//1371
f 314//1372 228//1373 229//1374
f 314//1375 229//1376 316//1377
f 312//1378 227//1379 228//1380
f 312//1381 228//1382 314//1383
f 328//1384 234//1385 235//1386
f 328//1387 235//1388 307//1389
f 264//1390 215//1391 216//1392
f 264//1393 216//1394 267//1395
f 342//1396 289//1397 287//1398
f 342//1399 287//1400 333//1401
f 283//1402 222//1403 223//1404
f 283//1405 223//1406 286//1407
f 280//1408 221//1409 222//1410
f 280//1411 222//1412 283//1413
f 277//1414 220//1415 221//1416
f 277//1417 221//1418 280//1419
f 274//1420 219//1421 220//1422
f 274//1423 220//1424 277//1425
f 272//1426 218//1427 219//1428
f 272//1429 219//1430 274//1431
f 270//1432 217//1433 218//1434
f 270//1435 218//1436 272//1437
f 267//1438 216//1439 217//1440
f 267//1441 217//1442 270//1443
f 214//1444 260//1445 307//1446
f 214//1447 307//1448 235//1449
f 330//1450 225//1451 440//1452
f 330//1453 440//1454 363//1455
f 236//1456 509//1457 508//1458
f 236//1459 508//1460 237//1461
f 332//1462 241//1463 258//1464
f 332//1465 258//1466 334//1467
f 304//1468 308//1469 311//1470
f 304//1471 311//1472 313//1473
f 304//1474 313//1475 315//1476
f 304//1477 315//1478 318//1479
f 304//1480 318//1481 320//1482
f 304//1483 320//1484 322//1485
f 304//1486 322//1487 324//1488
f 304//1489 324//1490 327//1491
f 304//1492 327//1493 306//1494
f 304//1495 306//1496 259//1497
f 304//1498 259//1499 263//1500
f 304//1501 263//1502 266//1503
f 304//1504 266//1505 269//1506
f 304//1507 269//1508 271//1509
f 304//1510 271//1511 273//1512
f 304//1513 273//1514 276//1515
f 304//1516 276//1517 279//1518
f 304//1519 279//1520 282//1521
f 304//1522 282//1523 285//1524
f 304//1525 285//1526 261//1527
f 304//1528 261//1529 237//1530
f 304//1531 237//1532 238//1533
f 331//1534 242//1535 240//1536
f 331//1537 240//1538 329//1539
f 367//1540 351//1541 358//1542
f 367//1543 358//1544 362//1545
f 357//1546 359//1547 360//1548
f 357//1549 360//1550 361//1551
f 357//1552 361//1553 358//1554
f 357//1555 358//1556 351//1557
f 357//1558 351//1559 353//1560
f 357//1561 353//1562 356//1563
f 357//1564 356//1565 354//1566
f 357//1567 354//1568 355//1569
f 357//1570 355//1571 240//1572
f 357//1573 240//1574 242//1575
f 357//1576 242//1577 243//1578
f 357//1579 243//1580 245//1581
f 357//1582 245//1583 247//1584
f 357//1585 247//1586 250//1587
f 357//1588 250//1589 252//1590
f 357//1591 252//1592 254//1593
f 357//1594 254//1595 255//1596
f 357//1597 255//1598 257//1599
f 357//1600 257//1601 241//1602
f 357//1603 241//1604 287//1605
f 357//1606 287//1607 289//1608
f 357//1609 289//1610 290//1611
f 357//1612 290//1613 292//1614
f 357//1615 292//1616 293//1617
f 357//1618 293//1619 295//1620
f 357//1621 295//1622 297//1623
f 357//1624 297//1625 299//1626
f 357//1627 299//1628 300//1629
f 357//1630 300//1631 302//1632
f 357//1633 302//1634 288//1635
f 263//1636 259//1637 260//1638
f 263//1639 260//1640 265//1641
f 265//1642 260//1643 264//1644
f 255//1645 256//1646 257//1647
f 241//1648 257//1649 258//1650
f 266//1651 263//1652 268//1653
f 268//1654 263//1655 265//1656
f 268//1657 265//1658 267//1659
f 267//1660 265//1661 264//1662
f 254//1663 256//1664 255//1665
f 257//1666 256//1667 258//1668
f 269//1669 266//1670 268//1671
f 269//1672 268//1673 267//1674
f 269//1675 267//1676 270//1677
f 252//1678 253//1679 254//1680
f 271//1681 269//1682 270//1683
f 271//1684 270//1685 272//1686
f 250//1687 251//1688 253//1689
f 250//1690 253//1691 252//1692
f 273//1693 271//1694 275//1695
f 275//1696 271//1697 272//1698
f 275//1699 272//1700 274//1701
f 247//1702 249//1703 251//1704
f 247//1705 251//1706 250//1707
f 276//1708 273//1709 275//1710
f 276//1711 275//1712 274//1713
f 276//1714 274//1715 278//1716
f 278//1717 274//1718 277//1719
f 245//1720 249//1721 247//1722
f 251//1723 249//1724 248//1725
f 279//1726 276//1727 278//1728
f 279//1729 278//1730 281//1731
f 281//1732 278//1733 277//1734
f 281//1735 277//1736 280//1737
f 243//1738 244//1739 245//1740
f 249//1741 245//1742 246//1743
f 249//1744 246//1745 248//1746
f 282//1747 279//1748 284//1749
f 284//1750 279//1751 281//1752
f 284//1753 281//1754 283//1755
f 283//1756 281//1757 280//1758
f 242//1759 244//1760 243//1761
f 245//1762 244//1763 246//1764
f 285//1765 282//1766 284//1767
f 285//1768 284//1769 283//1770
f 285//1771 283//1772 286//1773
f 261//1774 285//1775 286//1776
f 261//1777 286//1778 262//1779
f 302//1780 303//1781 288//1782
f 308//1783 304//1784 310//1785
f 310//1786 304//1787 305//1788
f 310//1789 305//1790 309//1791
f 300//1792 301//1793 303//1794
f 300//1795 303//1796 302//1797
f 311//1798 308//1799 310//1800
f 311//1801 310//1802 309//1803
f 311//1804 309//1805 312//1806
f 299//1807 301//1808 300//1809
f 313//1810 311//1811 312//1812
f 313//1813 312//1814 314//1815
f 315//1816 313//1817 314//1818
f 315//1819 314//1820 317//1821
f 317//1822 314//1823 316//1824
f 295//1825 296//1826 297//1827
f 299//1828 297//1829 298//1830
f 318//1831 315//1832 317//1833
f 318//1834 317//1835 319//1836
f 319//1837 317//1838 316//1839
f 293//1840 294//1841 296//1842
f 293//1843 296//1844 295//1845
f 297//1846 296//1847 298//1848
f 320//1849 318//1850 319//1851
f 320//1852 319//1853 321//1854
f 292//1855 294//1856 293//1857
f 322//1858 320//1859 321//1860
f 322//1861 321//1862 323//1863
f 290//1864 291//1865 292//1866
f 324//1867 322//1868 326//1869
f 326//1870 322//1871 323//1872
f 326//1873 323//1874 325//1875
f 289//1876 291//1877 290//1878
f 327//1879 324//1880 326//1881
f 327//1882 326//1883 325//1884
f 327//1885 325//1886 328//1887
f 306//1888 327//1889 328//1890
f 306//1891 328//1892 307//1893
f 352//1894 368//1895 329//1896
f 352//1897 329//1898 240//1899
f 288//1900 330//1901 363//1902
f 288//1903 363//1904 357//1905
f 237//1906 261//1907 262//1908
f 237//1909 262//1910 236//1911
f 259//1912 306//1913 307//1914
f 259//1915 307//1916 260//1917
f 239//1918 305//1919 304//1920
f 239//1921 304//1922 238//1923
f 467//1924 533//1925 535//1926
f 467//1927 535//1928 475//1929
f 236//1930 372//1931 519//1932
f 236//1933 519//1934 509//1935
f 238//1936 237//1937 508//1938
f 238//1939 508//1940 513//1941
f 439//1942 239//1943 511//1944
f 439//1945 511//1946 527//1947
f 520//1948 434//1949 386//1950
f 520//1951 386//1952 515//1953
f 511//1954 239//1955 238//1956
f 511//1957 238//1958 514//1959
f 433//1960 369//1961 367//1962
f 433//1963 367//1964 385//1965
f 223//1966 331//1967 329//1968
f 223//1969 329//1970 224//1971
f 214//1972 332//1973 334//1974
f 214//1975 334//1976 215//1977
f 234//1978 342//1979 333//1980
f 234//1981 333//1982 235//1983
f 225//1984 330//1985 343//1986
f 225//1987 343//1988 226//1989
f 232//1990 345//1991 344//1992
f 232//1993 344//1994 233//1995
f 231//1996 346//1997 345//1998
f 231//1999 345//2000 232//2001
f 230//2002 347//2003 346//2004
f 230//2005 346//2006 231//2007
f 229//2008 348//2009 347//2010
f 229//2011 347//2012 230//2013
f 228//2014 349//2015 348//2016
f 228//2017 348//2018 229//2019
f 227//2020 350//2021 349//2022
f 227//2023 349//2024 228//2025
f 226//2026 343//2027 350//2028
f 226//2029 350//2030 227//2031
f 233//2032 344//2033 342//2034
f 233//2035 342//2036 234//2037
f 241//2038 332//2039 333//2040
f 241//2041 333//2042 287//2043
f 221//2044 336//2045 335//2046
f 221//2047 335//2048 222//2049
f 220//2050 337//2051 336//2052
f 220//2053 336//2054 221//2055
f 219//2056 338//2057 337//2058
f 219//2059 337//2060 220//2061
f 218//2062 339//2063 338//2064
f 218//2065 338//2066 219//2067
f 217//2068 340//2069 339//2070
f 217//2071 339//2072 218//2073
f 216//2074 341//2075 340//2076
f 216//2077 340//2078 217//2079
f 215//2080 334//2081 341//2082
f 215//2083 341//2084 216//2085
f 222//2086 335//2087 331//2088
f 222//2089 331//2090 223//2091
f 439//2092 527//2093 533//2094
f 439//2095 533//2096 467//2097
f 352//2098 355//2099 354//2100
f 354//2101 356//2102 353//2103
f 504//2104 538//2105 530//2106
f 504//2107 530//2108 453//2109
f 475//2110 535//2111 537//2112
f 475//2113 537//2114 486//2115
f 486//2116 537//2117 538//2118
f 486//2119 538//2120 504//2121
f 363//2122 440//2123 476//2124
f 363//2125 476//2126 366//2127
f 368//2128 352//2129 354//2130
f 368//2131 354//2132 370//2133
f 370//2134 354//2135 353//2136
f 370//2137 353//2138 369//2139
f 369//2140 353//2141 351//2142
f 369//2143 351//2144 367//2145
f 225//2146 305//2147 239//2148
f 366//2149 476//2150 493//2151
f 366//2152 493//2153 365//2154
f 365//2155 493//2156 505//2157
f 365//2158 505//2159 364//2160
f 364//2161 505//2162 454//2163
f 364//2164 454//2165 362//2166
f 371//2167 368//2168 370//2169
f 371//2170 370//2171 407//2172
f 407//2173 370//2174 369//2175
f 407//2176 369//2177 433//2178
f 385//2179 367//2180 362//2181
f 385//2182 362//2183 454//2184
f 357//2185 363//2186 366//2187
f 357//2188 366//2189 359//2190
f 359//2191 366//2192 365//2193
f 359//2194 365//2195 360//2196
f 360//2197 365//2198 364//2199
f 360//2200 364//2201 361//2202
f 361//2203 364//2204 362//2205
f 361//2206 362//2207 358//2208
f 224//2209 236//2210 262//2211
f 525//2212 399//2213 524//2214
f 524//2215 399//2216 417//2217
f 524//2218 417//2219 523//2220
f 523//2221 417//2222 520//2223
f 386//2224 453//2225 530//2226
f 386//2227 530//2228 515//2229
f 352//2230 240//2231 355//2232
f 371//2233 373//2234 374//2235
f 371//2236 374//2237 375//2238
f 371//2239 375//2240 376//2241
f 371//2242 376//2243 377//2244
f 371//2245 377//2246 378//2247
f 371//2248 378//2249 379//2250
f 371//2251 379//2252 380//2253
f 371//2254 380//2255 381//2256
f 371//2257 381//2258 382//2259
f 371//2260 382//2261 383//2262
f 371//2263 383//2264 384//2265
f 371//2266 384//2267 372//2268
f 371//2269 372//2270 236//2271
f 371//2272 236//2273 224//2274
f 439//2275 441//2276 442//2277
f 439//2278 442//2279 443//2280
f 439//2281 443//2282 444//2283
f 439//2284 444//2285 445//2286
f 439//2287 445//2288 446//2289
f 439//2290 446//2291 447//2292
f 439//2293 447//2294 448//2295
f 439//2296 448//2297 449//2298
f 439//2299 449//2300 450//2301
f 439//2302 450//2303 451//2304
f 439//2305 451//2306 452//2307
f 439//2308 452//2309 440//2310
f 439//2311 440//2312 225//2313
f 439//2314 225//2315 239//2316
f 439//2317 467//2318 468//2319
f 439//2320 468//2321 441//2322
f 441//2323 468//2324 469//2325
f 441//2326 469//2327 442//2328
f 442//2329 469//2330 470//2331
f 442//2332 470//2333 443//2334
f 443//2335 470//2336 471//2337
f 443//2338 471//2339 444//2340
f 444//2341 471//2342 445//2343
f 445//2344 472//2345 446//2346
f 446//2347 472//2348 473//2349
f 446//2350 473//2351 447//2352
f 447//2353 473//2354 448//2355
f 451//2356 474//2357 452//2358
f 452//2359 474//2360 440//2361
f 467//2362 475//2363 477//2364
f 467//2365 477//2366 468//2367
f 468//2368 477//2369 478//2370
f 468//2371 478//2372 469//2373
f 469//2374 478//2375 479//2376
f 469//2377 479//2378 470//2379
f 470//2380 479//2381 480//2382
f 470//2383 480//2384 471//2385
f 471//2386 480//2387 481//2388
f 471//2389 481//2390 445//2391
f 445//2392 481//2393 472//2394
f 473//2395 482//2396 448//2397
f 448//2398 482//2399 449//2400
f 449//2401 483//2402 450//2403
f 450//2404 483//2405 484//2406
f 450//2407 484//2408 451//2409
f 451//2410 484//2411 485//2412
f 451//2413 485//2414 474//2415
f 474//2416 485//2417 476//2418
f 474//2419 476//2420 440//2421
f 475//2422 486//2423 487//2424
f 475//2425 487//2426 477//2427
f 477//2428 487//2429 488//2430
f 477//2431 488//2432 478//2433
f 478//2434 488//2435 479//2436
f 481//2437 489//2438 472//2439
f 472//2440 489//2441 490//2442
f 472//2443 490//2444 473//2445
f 473//2446 490//2447 482//2448
f 482//2449 491//2450 449//2451
f 449//2452 491//2453 483//2454
f 483//2455 492//2456 484//2457
f 484//2458 492//2459 485//2460
f 486//2461 494//2462 487//2463
f 487//2464 494//2465 495//2466
f 487//2467 495//2468 488//2469
f 488//2470 495//2471 496//2472
f 488//2473 496//2474 479//2475
f 479//2476 496//2477 497//2478
f 479//2479 497//2480 480//2481
f 480//2482 497//2483 498//2484
f 480//2485 498//2486 481//2487
f 481//2488 498//2489 489//2490
f 489//2491 499//2492 490//2493
f 490//2494 499//2495 482//2496
f 482//2497 500//2498 491//2499
f 491//2500 500//2501 501//2502
f 491//2503 501//2504 483//2505
f 483//2506 501//2507 502//2508
f 483//2509 502//2510 492//2511
f 492//2512 502//2513 503//2514
f 492//2515 503//2516 485//2517
f 485//2518 503//2519 493//2520
f 485//2521 493//2522 476//2523
f 486//2524 504//2525 494//2526
f 494//2527 456//2528 495//2529
f 495//2530 456//2531 457//2532
f 495//2533 457//2534 496//2535
f 496//2536 457//2537 497//2538
f 498//2539 460//2540 489//2541
f 489//2542 460//2543 461//2544
f 489//2545 461//2546 499//2547
f 499//2548 461//2549 462//2550
f 499//2551 462//2552 482//2553
f 482//2554 462//2555 500//2556
f 500//2557 506//2558 501//2559
f 501//2560 506//2561 502//2562
f 503//2563 505//2564 493//2565
f 504//2566 453//2567 455//2568
f 504//2569 455//2570 494//2571
f 494//2572 455//2573 456//2574
f 457//2575 458//2576 497//2577
f 497//2578 458//2579 459//2580
f 497//2581 459//2582 498//2583
f 498//2584 459//2585 460//2586
f 462//2587 463//2588 500//2589
f 500//2590 463//2591 464//2592
f 500//2593 464//2594 506//2595
f 506//2596 464//2597 465//2598
f 506//2599 465//2600 502//2601
f 502//2602 465//2603 466//2604
f 502//2605 466//2606 503//2607
f 503//2608 466//2609 454//2610
f 503//2611 454//2612 505//2613
f 371//2614 400//2615 373//2616
f 373//2617 400//2618 374//2619
f 377//2620 401//2621 378//2622
f 378//2623 401//2624 402//2625
f 378//2626 402//2627 379//2628
f 379//2629 402//2630 380//2631
f 380//2632 403//2633 381//2634
f 381//2635 403//2636 404//2637
f 381//2638 404//2639 382//2640
f 382//2641 404//2642 405//2643
f 382//2644 405//2645 383//2646
f 383//2647 405//2648 406//2649
f 383//2650 406//2651 384//2652
f 384//2653 406//2654 399//2655
f 384//2656 399//2657 372//2658
f 371//2659 407//2660 408//2661
f 371//2662 408//2663 400//2664
f 400//2665 408//2666 409//2667
f 400//2668 409//2669 374//2670
f 374//2671 409//2672 410//2673
f 374//2674 410//2675 375//2676
f 375//2677 410//2678 376//2679
f 376//2680 411//2681 377//2682
f 377//2683 411//2684 401//2685
f 402//2686 412//2687 380//2688
f 380//2689 412//2690 413//2691
f 380//2692 413//2693 403//2694
f 403//2695 413//2696 414//2697
f 403//2698 414//2699 404//2700
f 404//2701 414//2702 415//2703
f 404//2704 415//2705 405//2706
f 405//2707 415//2708 416//2709
f 405//2710 416//2711 406//2712
f 406//2713 416//2714 399//2715
f 408//2716 418//2717 409//2718
f 409//2719 418//2720 410//2721
f 410//2722 419//2723 376//2724
f 376//2725 419//2726 420//2727
f 376//2728 420//2729 411//2730
f 411//2731 420//2732 401//2733
f 401//2734 421//2735 402//2736
f 402//2737 421//2738 412//2739
f 412//2740 422//2741 413//2742
f 413//2743 422//2744 414//2745
f 414//2746 423//2747 415//2748
f 415//2749 423//2750 424//2751
f 415//2752 424//2753 416//2754
f 416//2755 424//2756 417//2757
f 416//2758 417//2759 399//2760
f 407//2761 425//2762 408//2763
f 408//2764 425//2765 418//2766
f 420//2767 426//2768 401//2769
f 401//2770 426//2771 427//2772
f 401//2773 427//2774 421//2775
f 421//2776 427//2777 428//2778
f 421//2779 428//2780 412//2781
f 412//2782 428//2783 429//2784
f 412//2785 429//2786 422//2787
f 422//2788 429//2789 430//2790
f 422//2791 430//2792 414//2793
f 414//2794 430//2795 431//2796
f 414//2797 431//2798 423//2799
f 423//2800 431//2801 432//2802
f 423//2803 432//2804 424//2805
f 424//2806 432//2807 417//2808
f 407//2809 433//2810 435//2811
f 407//2812 435//2813 425//2814
f 425//2815 435//2816 436//2817
f 425//2818 436//2819 418//2820
f 418//2821 436//2822 389//2823
f 418//2824 389//2825 410//2826
f 410//2827 389//2828 390//2829
f 410//2830 390//2831 419//2832
f 419//2833 390//2834 391//2835
f 419//2836 391//2837 420//2838
f 420//2839 391//2840 426//2841
f 427//2842 437//2843 428//2844
f 428//2845 437//2846 395//2847
f 428//2848 395//2849 429//2850
f 429//2851 395//2852 438//2853
f 429//2854 438//2855 430//2856
f 430//2857 438//2858 431//2859
f 431//2860 398//2861 432//2862
f 432//2863 398//2864 434//2865
f 432//2866 434//2867 417//2868
f 433//2869 385//2870 387//2871
f 433//2872 387//2873 435//2874
f 435//2875 387//2876 388//2877
f 435//2878 388//2879 436//2880
f 436//2881 388//2882 389//2883
f 391//2884 392//2885 426//2886
f 426//2887 392//2888 393//2889
f 426//2890 393//2891 427//2892
f 427//2893 393//2894 394//2895
f 427//2896 394//2897 437//2898
f 437//2899 394//2900 395//2901
f 395//2902 396//2903 438//2904
f 438//2905 396//2906 397//2907
f 438//2908 397//2909 431//2910
f 431//2911 397//2912 398//2913
f 398//2914 386//2915 434//2916
f 385//2917 454//2918 466//2919
f 385//2920 466//2921 387//2922
f 387//2923 466//2924 465//2925
f 387//2926 465//2927 388//2928
f 388//2929 465//2930 464//2931
f 388//2932 464//2933 389//2934
f 389//2935 464//2936 463//2937
f 389//2938 463//2939 390//2940
f 390//2941 463//2942 462//2943
f 390//2944 462//2945 391//2946
f 391//2947 462//2948 461//2949
f 391//2950 461//2951 392//2952
f 392//2953 461//2954 460//2955
f 392//2956 460//2957 393//2958
f 393//2959 460//2960 459//2961
f 393//2962 459//2963 394//2964
f 394//2965 459//2966 458//2967
f 394//2968 458//2969 395//2970
f 395//2971 458//2972 457//2973
f 395//2974 457//2975 396//2976
f 396//2977 457//2978 456//2979
f 396//2980 456//2981 397//2982
f 397//2983 456//2984 455//2985
f 397//2986 455//2987 398//2988
f 398//2989 455//2990 453//2991
f 398//2992 453//2993 386//2994
f 520//2995 417//2996 434//2997
f 507//2998 508//2999 509//3000
f 510//3001 511//3002 514//3003
f 512//3004 510//3005 513//3006
f 513//3007 510//3008 514//3009
f 507//3010 512//3011 513//3012
f 507//3013 513//3014 508//3015
f 528//3016 532//3017 533//3018
f 528//3019 533//3020 527//3021
f 532//3022 534//3023 533//3024
f 532//3025 533//3026 535//3027
f 532//3028 535//3029 533//3030
f 534//3031 536//3032 533//3033
f 533//3034 536//3035 535//3036
f 535//3037 536//3038 537//3039
f 536//3040 539//3041 538//3042
f 536//3043 538//3044 537//3045
f 536//3046 529//3047 531//3048
f 536//3049 531//3050 538//3051
f 536//3052 538//3053 539//3054
f 531//3055 530//3056 538//3057
f 526//3058 518//3059 525//3060
f 525//3061 518//3062 519//3063
f 521//3064 525//3065 524//3066
f 521//3067 524//3068 520//3069
f 520//3070 524//3071 523//3072
f 522//3073 521//3074 520//3075
f 516//3076 521//3077 522//3078
f 516//3079 522//3080 517//3081
f 517//3082 522//3083 520//3084
f 517//3085 520//3086 515//3087
f 529//3088 516//3089 517//3090
f 529//3091 517//3092 531//3093
f 531//3094 517//3095 515//3096
f 531//3097 515//3098 530//3099
f 518//3100 507//3101 509//3102
f 518//3103 509//3104 519//3105
f 510//3106 528//3107 527//3108
f 510//3109 527//3110 511//3111
f 518//3112 526//3113 525//3114
f 518//3115 525//3116 521//3117
f 518//3118 521//3119 516//3120
f 518//3121 516//3122 529//3123
f 518//3124 529//3125 536//3126
f 518//3127 536//3128 534//3129
f 518//3130 534//3131 532//3132
f 518//3133 532//3134 528//3135
f 518//3136 528//3137 510//3138
f 518//3139 510//3140 512//3141
f 518//3142 512//3143 507//3144
o aerator
v 0.0162 7.4409 1.4232
v -0.0041 7.4409 1.4252
v -0.0236 7.4409 1.4311
v -0.0415 7.4409 1.4407
v -0.0573 7.4409 1.4536
v -0.0702 7.4409 1.4694
v -0.0798 7.4409 1.4874
v -0.0857 7.4409 1.5069
v -0.0877 7.4409 1.5271
v -0.0857 7.4409 1.5474
v -0.0798 7.4409 1.5669
v -0.0702 7.4409 1.5849
v -0.0573 7.4409 1.6006
v -0.0415 7.4409 1.6136
v -0.0236 7.4409 1.6232
v -0.0041 7.4409 1.6291
v 0.0162 7.4409 1.6311
v 0.0365 7.4409 1.6291
v 0.0560 7.4409 1.6232
v 0.0739 7.4409 1.6136
v 0.0897 7.4409 1.6006
v 0.1026 7.4409 1.5849
v 0.1122 7.4409 1.5669
v 0.1181 7.4409 1.5474
v 0.1201 7.4409 1.5271
v 0.1181 7.4409 1.5069
v 0.1122 7.4409 1.4874
v 0.1026 7.4409 1.4694
v 0.0897 7.4409 1.4536
v 0.0739 7.4409 1.4407
v 0.0560 7.4409 1.4311
v 0.0365 7.4409 1.4252
v 0.0162 7.4164 1.4232
v -0.0041 7.4164 1.4252
v -0.0236 7.4164 1.4311
v -0.0415 7.4164 1.4407
v -0.0573 7.4164 1.4536
v -0.0702 7.4164 1.4694
v -0.0798 7.4164 1.4874
v -0.0857 7.4164 1.5069
v -0.0877 7.4164 1.5271
v -0.0857 7.4164 1.5474
v -0.0798 7.4164 1.5669
v -0.0702 7.4164 1.5849
v -0.0573 7.4164 1.6006
v -0.0415 7.4164 1.6136
v -0.0236 7.4164 1.6232
v -0.0041 7.4164 1.6291
v 0.0162 7.4164 1.6311
v 0.0365 7.4164 1.6291
v 0.0560 7.4164 1.6232
v 0.0739 7.4164 1.6136
v 0.0897 7.4164 1.6006
v 0.1026 7.4164 1.5849
v 0.1122 7.4164 1.5669
v 0.1181 7.4164 1.5474
v 0.1201 7.4164 1.5271
v 0.1181 7.4164 1.5069
v 0.1122 7.4164 1.4874
v 0.1026 7.4164 1.4694
v 0.0897 7.4164 1.4536
v 0.0739 7.4164 1.4407
v 0.0560 7.4164 1.4311
v 0.0365 7.4164 1.4252
v 0.0162 7.4164 1.4360
v -0.0016 7.4164 1.4378
v -0.0187 7.4164 1.4429
v -0.0344 7.4164 1.4514
v -0.0482 7.4164 1.4627
v -0.0596 7.4164 1.4765
v -0.0680 7.4164 1.4923
v -0.0732 7.4164 1.5094
v -0.0749 7.4164 1.5271
v -0.0732 7.4164 1.5449
v -0.0680 7.4164 1.5620
v -0.0596 7.4164 1.5778
v -0.0482 7.4164 1.5916
v -0.0344 7.4164 1.6029
v -0.0187 7.4164 1.6113
v -0.0016 7.4164 1.6165
v 0.0162 7.4164 1.6183
v 0.0340 7.4164 1.6165
v 0.0511 7.4164 1.6113
v 0.0668 7.4164 1.6029
v 0.0806 7.4164 1.5916
v 0.0920 7.4164 1.5778
v 0.1004 7.4164 1.5620
v 0.1056 7.4164 1.5449
v 0.1073 7.4164 1.5271
v 0.1056 7.4164 1.5094
v 0.1004 7.4164 1.4923
v 0.0920 7.4164 1.4765
v 0.0806 7.4164 1.4627
v 0.0668 7.4164 1.4514
v 0.0511 7.4164 1.4429
v 0.0340 7.4164 1.4378
v 0.0162 7.4325 1.4360
v -0.0016 7.4325 1.4378
v -0.0187 7.4325 1.4429
v -0.0344 7.4325 1.4514
v -0.0482 7.4325 1.4627
v -0.0596 7.4325 1.4765
v -0.0680 7.4325 1.4923
v -0.0732 7.4325 1.5094
v -0.0749 7.4325 1.5271
v -0.0732 7.4325 1.5449
v -0.0680 7.4325 1.5620
v -0.0596 7.4325 1.5778
v -0.0482 7.4325 1.5916
v -0.0344 7.4325 1.6029
v -0.0187 7.4325 1.6113
v -0.0016 7.4325 1.6165
v 0.0162 7.4325 1.6183
v 0.0340 7.4325 1.6165
v 0.0511 7.4325 1.6113
v 0.0668 7.4325 1.6029
v 0.0806 7.4325 1.5916
v 0.0920 7.4325 1.5778
v 0.1004 7.4325 1.5620
v 0.1056 7.4325 1.5449
v 0.1073 7.4325 1.5271
v 0.1056 7.4325 1.5094
v 0.1004 7.4325 1.4923
v 0.0920 7.4325 1.4765
v 0.0806 7.4325 1.4627
v 0.0668 7.4325 1.4514
v 0.0511 7.4325 1.4429
v 0.0340 7.4325 1.4378
v 0.0162 7.4325 1.4529
v 0.0017 7.4325 1.4543
v -0.0122 7.4325 1.4585
v -0.0251 7.4325 1.4654
v -0.0363 7.4325 1.4746
v -0.0455 7.4325 1.4859
v -0.0524 7.4325 1.4987
v -0.0566 7.4325 1.5127
v -0.0581 7.4325 1.5271
v -0.0566 7.4325 1.5416
v -0.0524 7.4325 1.5556
v -0.0455 7.4325 1.5684
v -0.0363 7.4325 1.5796
v -0.0251 7.4325 1.5889
v -0.0122 7.4325 1.5957
v 0.0017 7.4325 1.6000
v 0.0162 7.4325 1.6014
v 0.0307 7.4325 1.6000
v 0.0446 7.4325 1.5957
v 0.0575 7.4325 1.5889
v 0.0687 7.4325 1.5796
v 0.0779 7.4325 1.5684
v 0.0848 7.4325 1.5556
v 0.0890 7.4325 1.5416
v 0.0905 7.4325 1.5271
v 0.0890 7.4325 1.5127
v 0.0848 7.4325 1.4987
v 0.0779 7.4325 1.4859
v 0.0687 7.4325 1.4746
v 0.0575 7.4325 1.4654
v 0.0446 7.4325 1.4585
v 0.0307 7.4325 1.4543
v 0.0162 7.4171 1.4529
v 0.0017 7.4171 1.4543
v -0.0122 7.4171 1.4585
v -0.0251 7.4171 1.4654
v -0.0363 7.4171 1.4746
v -0.0455 7.4171 1.4859
v -0.0524 7.4171 1.4987
v -0.0566 7.4171 1.5127
v -0.0581 7.4171 1.5271
v -0.0566 7.4171 1.5416
v -0.0524 7.4171 1.5556
v -0.0455 7.4171 1.5684
v -0.0363 7.4171 1.5796
v -0.0251 7.4171 1.5889
v -0.0122 7.4171 1.5957
v 0.0017 7.4171 1.6000
v 0.0162 7.4171 1.6014
v 0.0307 7.4171 1.6000
v 0.0446 7.4171 1.5957
v 0.0575 7.4171 1.5889
v 0.0687 7.4171 1.5796
v 0.0779 7.4171 1.5684
v 0.0848 7.4171 1.5556
v 0.0890 7.4171 1.5416
v 0.0905 7.4171 1.5271
v 0.0890 7.4171 1.5127
v 0.0848 7.4171 1.4987
v 0.0779 7.4171 1.4859
v 0.0687 7.4171 1.4746
v 0.0575 7.4171 1.4654
v 0.0446 7.4171 1.4585
v 0.0307 7.4171 1.4543
vn -0.227 0.000 -0.974
vn -0.413 0.000 -0.911
vn -0.352 0.000 -0.936
vn -0.227 0.000 -0.974
vn -0.352 0.000 -0.936
vn -0.163 0.000 -0.987
vn 0.730 0.000 0.684
vn 0.849 0.000 0.528
vn 0.813 0.000 0.583
vn 0.730 0.000 0.684
vn 0.813 0.000 0.583
vn 0.684 0.000 0.730
vn -0.163 0.000 0.987
vn 0.033 0.000 0.999
vn -0.033 0.000 0.999
vn -0.163 0.000 0.987
vn -0.033 0.000 0.999
vn -0.227 0.000 0.974
vn -0.413 0.000 -0.911
vn -0.583 0.000 -0.813
vn -0.528 0.000 -0.849
vn -0.413 0.000 -0.911
vn -0.528 0.000 -0.849
vn -0.352 0.000 -0.936
vn 0.849 0.000 0.528
vn 0.936 0.000 0.352
vn 0.911 0.000 0.413
vn 0.849 0.000 0.528
vn 0.911 0.000 0.413
vn 0.813 0.000 0.583
vn -0.583 0.000 -0.813
vn -0.730 0.000 -0.684
vn -0.684 0.000 -0.730
vn -0.583 0.000 -0.813
vn -0.684 0.000 -0.730
vn -0.528 0.000 -0.849
vn 0.936 0.000 0.352
vn 0.987 0.000 0.163
vn 0.974 0.000 0.227
vn 0.936 0.000 0.352
vn 0.974 0.000 0.227
vn 0.911 0.000 0.413
vn -0.730 0.000 -0.684
vn -0.849 0.000 -0.528
vn -0.813 0.000 -0.583
vn -0.730 0.000 -0.684
vn -0.813 0.000 -0.583
vn -0.684 0.000 -0.730
vn 0.987 0.000 0.163
vn 0.999 0.000 -0.033
vn 0.999 0.000 0.033
vn 0.987 0.000 0.163
vn 0.999 0.000 0.033
vn 0.974 0.000 0.227
vn -0.849 0.000 -0.528
vn -0.936 0.000 -0.352
vn -0.911 0.000 -0.413
vn -0.849 0.000 -0.528
vn -0.911 0.000 -0.413
vn -0.813 0.000 -0.583
vn 0.999 0.000 -0.033
vn 0.974 0.000 -0.227
vn 0.987 0.000 -0.163
vn 0.999 0.000 -0.033
vn 0.987 0.000 -0.163
vn 0.999 0.000 0.033
vn -0.936 0.000 -0.352
vn -0.987 0.000 -0.163
vn -0.974 0.000 -0.227
vn -0.936 0.000 -0.352
vn -0.974 0.000 -0.227
vn -0.911 0.000 -0.413
vn 0.974 0.000 -0.227
vn 0.911 0.000 -0.413
vn 0.936 0.000 -0.352
vn 0.974 0.000 -0.227
vn 0.936 0.000 -0.352
vn 0.987 0.000 -0.163
vn -0.987 0.000 -0.163
vn -0.999 0.000 0.033
vn -0.999 0.000 -0.033
vn -0.987 0.000 -0.163
vn -0.999 0.000 -0.033
vn -0.974 0.000 -0.227
vn 0.911 0.000 -0.413
vn 0.813 0.000 -0.583
vn 0.849 0.000 -0.528
vn 0.911 0.000 -0.413
vn 0.849 0.000 -0.528
vn 0.936 0.000 -0.352
vn -0.999 0.000 0.033
vn -0.974 0.000 0.227
vn -0.987 0.000 0.163
vn -0.999 0.000 0.033
vn -0.987 0.000 0.163
vn -0.999 0.000 -0.033
vn 0.813 0.000 -0.583
vn 0.684 0.000 -0.730
vn 0.730 0.000 -0.684
vn 0.813 0.000 -0.583
vn 0.730 0.000 -0.684
vn 0.849 0.000 -0.528
vn -0.974 0.000 0.227
vn -0.911 0.000 0.413
vn -0.936 0.000 0.352
vn -0.974 0.000 0.227
vn -0.936 0.000 0.352
vn -0.987 0.000 0.163
vn 0.684 0.000 -0.730
vn 0.528 0.000 -0.849
vn 0.583 0.000 -0.813
vn 0.684 0.000 -0.730
vn 0.583 0.000 -0.813
vn 0.730 0.000 -0.684
vn -0.911 0.000 0.413
vn -0.813 0.000 0.583
vn -0.849 0.000 0.528
vn -0.911 0.000 0.413
vn -0.849 0.000 0.528
vn -0.936 0.000 0.352
vn 0.528 0.000 -0.849
vn 0.352 0.000 -0.936
vn 0.413 0.000 -0.911
vn 0.528 0.000 -0.849
vn 0.413 0.000 -0.911
vn 0.583 0.000 -0.813
vn 0.033 0.000 0.999
vn 0.227 0.000 0.974
vn 0.163 0.000 0.987
vn 0.033 0.000 0.999
vn 0.163 0.000 0.987
vn -0.033 0.000 0.999
vn -0.813 0.000 0.583
vn -0.684 0.000 0.730
vn -0.730 0.000 0.684
vn -0.813 0.000 0.583
vn -0.730 0.000 0.684
vn -0.849 0.000 0.528
vn 0.352 0.000 -0.936
vn 0.163 0.000 -0.987
vn 0.227 0.000 -0.974
vn 0.352 0.000 -0.936
vn 0.227 0.000 -0.974
vn 0.413 0.000 -0.911
vn 0.227 0.000 0.974
vn 0.413 0.000 0.911
vn 0.352 0.000 0.936
vn 0.227 0.000 0.974
vn 0.352 0.000 0.936
vn 0.163 0.000 0.987
vn -0.684 0.000 0.730
vn -0.528 0.000 0.849
vn -0.583 0.000 0.813
vn -0.684 0.000 0.730
vn -0.583 0.000 0.813
vn -0.730 0.000 0.684
vn 0.163 0.000 -0.987
vn -0.033 0.000 -0.999
vn 0.033 0.000 -0.999
vn 0.163 0.000 -0.987
vn 0.033 0.000 -0.999
vn 0.227 0.000 -0.974
vn 0.413 0.000 0.911
vn 0.583 0.000 0.813
vn 0.528 0.000 0.849
vn 0.413 0.000 0.911
vn 0.528 0.000 0.849
vn 0.352 0.000 0.936
vn -0.528 0.000 0.849
vn -0.352 0.000 0.936
vn -0.413 0.000 0.911
vn -0.528 0.000 0.849
vn -0.413 0.000 0.911
vn -0.583 0.000 0.813
vn -0.033 0.000 -0.999
vn -0.227 0.000 -0.974
vn -0.163 0.000 -0.987
vn -0.033 0.000 -0.999
vn -0.163 0.000 -0.987
vn 0.033 0.000 -0.999
vn 0.583 0.000 0.813
vn 0.730 0.000 0.684
vn 0.684 0.000 0.730
vn 0.583 0.000 0.813
vn 0.684 0.000 0.730
vn 0.528 0.000 0.849
vn -0.352 0.000 0.936
vn -0.163 0.000 0.987
vn -0.227 0.000 0.974
vn -0.352 0.000 0.936
vn -0.227 0.000 0.974
vn -0.413 0.000 0.911
vn -0.000 1.000 0.000
vn -0.000 1.000 0.000
vn -0.000 1.000 0.000
vn -0.000 1.000 0.000
vn -0.000 1.000 0.000
vn -0.000 1.000 0.000
vn 0.000 1.000 -0.000
vn 0.000 1.000 -0.000
vn 0.000 1.000 -0.000
vn 0.000 1.000 -0.000
vn 0.000 1.000 -0.000
vn 0.000 1.000 -0.000
vn -0.000 1.000 0.000
vn -0.000 1.000 0.000
vn -0.000 1.000 0.000
vn -0.000 1.000 0.000
vn -0.000 1.000 0.000
vn -0.000 1.000 0.000
vn 0.000 1.000 -0.000
vn 0.000 1.000 -0.000
vn 0.000 1.000 -0.000
vn 0.000 1.000 -0.000
vn 0.000 1.000 -0.000
vn 0.000 1.000 -0.000
vn 0.000 1.000 0.000
vn 0.000 1.000 0.000
vn 0.000 1.000 0.000
vn 0.000 1.000 0.000
vn 0.000 1.000 0.000
vn -0.000 1.000 0.000
vn -0.000 1.000 0.000
vn -0.000 1.000 0.000
vn -0.000 1.000 0.000
vn -0.000 1.000 0.000
vn -0.000 1.000 0.000
vn -0.000 1.000 0.000
vn 0.000 1.000 -0.000
vn 0.000 1.000 -0.000
vn 0.000 1.000 -0.000
vn 0.000 1.000 -0.000
vn 0.000 1.000 -0.000
vn 0.000 1.000 -0.000
vn 0.000 1.000 0.000
vn 0.000 1.000 0.000
vn 0.000 1.000 0.000
vn 0.000 1.000 0.000
vn 0.000 1.000 0.000
vn 0.000 1.000 0.000
vn -0.000 1.000 0.000
vn -0.000 1.000 0.000
vn -0.000 1.000 0.000
vn -0.000 1.000 0.000
vn -0.000 1.000 0.000
vn -0.000 1.000 0.000
vn 0.000 1.000 -0.000
vn -0.000 1.000 -0.000
vn 0.000 1.000 -0.000
vn 0.000 1.000 -0.000
vn 0.000 1.000 -0.000
vn 0.000 1.000 -0.000
vn 0.000 1.000 0.000
vn 0.000 1.000 0.000
vn 0.000 1.000 0.000
vn 0.000 1.000 0.000
vn 0.000 1.000 0.000
vn 0.000 1.000 0.000
vn -0.000 1.000 0.000
vn -0.000 1.000 0.000
vn -0.000 1.000 0.000
vn -0.000 1.000 0.000
vn -0.000 1.000 0.000
vn -0.000 1.000 0.000
vn -0.000 1.000 -0.000
vn -0.000 1.000 -0.000
vn -0.000 1.000 -0.000
vn -0.000 1.000 -0.000
vn -0.000 1.000 -0.000
vn 0.000 1.000 -0.000
vn 0.000 1.000 0.000
vn 0.000 1.000 0.000
vn 0.000 1.000 0.000
vn 0.000 1.000 0.000
vn 0.000 1.000 0.000
vn 0.000 1.000 0.000
vn -0.000 1.000 0.000
vn -0.000 1.000 0.000
vn -0.000 1.000 0.000
vn -0.000 1.000 0.000
vn -0.000 1.000 0.000
vn -0.000 1.000 0.000
vn -0.000 1.000 -0.000
vn -0.000 1.000 -0.000
vn -0.000 1.000 -0.000
vn -0.000 1.000 -0.000
vn -0.000 1.000 -0.000
vn -0.000 1.000 -0.000
vn 0.000 1.000 0.000
vn 0.000 1.000 0.000
vn 0.000 1.000 0.000
vn 0.000 1.000 0.000
vn 0.000 1.000 0.000
vn 0.000 1.000 0.000
vn -0.000 1.000 0.000
vn 0.000 1.000 0.000
vn -0.000 1.000 0.000
vn -0.000 1.000 0.000
vn -0.000 1.000 0.000
vn -0.000 1.000 0.000
vn -0.000 1.000 -0.000
vn -0.000 1.000 -0.000
vn -0.000 1.000 -0.000
vn -0.000 1.000 -0.000
vn -0.000 1.000 -0.000
vn -0.000 1.000 -0.000
vn 0.000 1.000 0.000
vn 0.000 1.000 0.000
vn 0.000 1.000 0.000
vn 0.000 1.000 0.000
vn 0.000 1.000 0.000
vn 0.000 1.000 0.000
vn -0.000 1.000 -0.000
vn -0.000 1.000 -0.000
vn -0.000 1.000 -0.000
vn -0.000 1.000 -0.000
vn -0.000 1.000 -0.000
vn -0.000 1.000 -0.000
vn 0.000 1.000 0.000
vn 0.000 1.000 0.000
vn 0.000 1.000 0.000
vn 0.000 1.000 0.000
vn 0.000 1.000 0.000
vn 0.000 1.000 0.000
vn -0.000 1.000 -0.000
vn -0.000 1.000 -0.000
vn -0.000 1.000 -0.000
vn -0.000 1.000 -0.000
vn -0.000 1.000 -0.000
vn -0.000 1.000 -0.000
vn 0.000 1.000 0.000
vn 0.000 1.000 -0.000
vn 0.000 1.000 0.000
vn 0.000 1.000 0.000
vn 0.000 1.000 0.000
vn 0.000 1.000 0.000
vn -0.000 1.000 -0.000
vn -0.000 1.000 -0.000
vn -0.000 1.000 -0.000
vn -0.000 1.000 -0.000
vn -0.000 1.000 -0.000
vn -0.000 1.000 -0.000
vn 0.000 1.000 -0.000
vn 0.000 1.000 -0.000
vn 0.000 1.000 -0.000
vn 0.000 1.000 -0.000
vn 0.000 1.000 -0.000
vn 0.000 1.000 0.000
vn -0.000 1.000 -0.000
vn -0.000 1.000 -0.000
vn -0.000 1.000 -0.000
vn -0.000 1.000 -0.000
vn -0.000 1.000 -0.000
vn -0.000 1.000 -0.000
vn 0.000 1.000 -0.000
vn 0.000 1.000 -0.000
vn 0.000 1.000 -0.000
vn 0.000 1.000 -0.000
vn 0.000 1.000 -0.000
vn 0.000 1.000 -0.000
vn -0.000 1.000 -0.000
vn -0.000 1.000 0.000
vn -0.000 1.000 -0.000
vn -0.000 1.000 -0.000
vn -0.000 1.000 -0.000
vn -0.000 1.000 -0.000
vn 0.000 1.000 -0.000
vn 0.000 1.000 -0.000
vn 0.000 1.000 -0.000
vn 0.000 1.000 -0.000
vn 0.000 1.000 -0.000
vn 0.000 1.000 -0.000
vn -0.000 1.000 0.000
vn -0.000 1.000 0.000
vn -0.000 1.000 0.000
vn -0.000 1.000 0.000
vn -0.000 1.000 0.000
vn -0.000 1.000 -0.000
vn 0.000 1.000 -0.000
vn 0.000 1.000 -0.000
vn 0.000 1.000 -0.000
vn 0.000 1.000 -0.000
vn 0.000 1.000 -0.000
vn 0.000 1.000 -0.000
vn 0.684 0.000 -0.730
vn 0.528 0.000 -0.849
vn 0.583 0.000 -0.813
vn 0.684 0.000 -0.730
vn 0.583 0.000 -0.813
vn 0.730 0.000 -0.684
vn -0.163 0.000 0.987
vn 0.033 0.000 0.999
vn -0.033 0.000 0.999
vn -0.163 0.000 0.987
vn -0.033 0.000 0.999
vn -0.227 0.000 0.974
vn -0.413 0.000 -0.911
vn -0.583 0.000 -0.813
vn -0.528 0.000 -0.849
vn -0.413 0.000 -0.911
vn -0.528 0.000 -0.849
vn -0.352 0.000 -0.936
vn 0.528 0.000 -0.849
vn 0.352 0.000 -0.936
vn 0.413 0.000 -0.911
vn 0.528 0.000 -0.849
vn 0.413 0.000 -0.911
vn 0.583 0.000 -0.813
vn 0.033 0.000 0.999
vn 0.227 0.000 0.974
vn 0.163 0.000 0.987
vn 0.033 0.000 0.999
vn 0.163 0.000 0.987
vn -0.033 0.000 0.999
vn -0.583 0.000 -0.813
vn -0.730 0.000 -0.684
vn -0.684 0.000 -0.730
vn -0.583 0.000 -0.813
vn -0.684 0.000 -0.730
vn -0.528 0.000 -0.849
vn 0.352 0.000 -0.936
vn 0.163 0.000 -0.987
vn 0.227 0.000 -0.974
vn 0.352 0.000 -0.936
vn 0.227 0.000 -0.974
vn 0.413 0.000 -0.911
vn 0.227 0.000 0.974
vn 0.413 0.000 0.911
vn 0.352 0.000 0.936
vn 0.227 0.000 0.974
vn 0.352 0.000 0.936
vn 0.163 0.000 0.987
vn -0.730 0.000 -0.684
vn -0.849 0.000 -0.528
vn -0.813 0.000 -0.583
vn -0.730 0.000 -0.684
vn -0.813 0.000 -0.583
vn -0.684 0.000 -0.730
vn 0.163 0.000 -0.987
vn -0.033 0.000 -0.999
vn 0.033 0.000 -0.999
vn 0.163 0.000 -0.987
vn 0.033 0.000 -0.999
vn 0.227 0.000 -0.974
vn 0.413 0.000 0.911
vn 0.583 0.000 0.813
vn 0.528 0.000 0.849
vn 0.413 0.000 0.911
vn 0.528 0.000 0.849
vn 0.352 0.000 0.936
vn -0.849 0.000 -0.528
vn -0.936 0.000 -0.352
vn -0.911 0.000 -0.413
vn -0.849 0.000 -0.528
vn -0.911 0.000 -0.413
vn -0.813 0.000 -0.583
vn 0.583 0.000 0.813
vn 0.730 0.000 0.684
vn 0.684 0.000 0.730
vn 0.583 0.000 0.813
vn 0.684 0.000 0.730
vn 0.528 0.000 0.849
vn -0.936 0.000 -0.352
vn -0.987 0.000 -0.163
vn -0.974 0.000 -0.227
vn -0.936 0.000 -0.352
vn -0.974 0.000 -0.227
vn -0.911 0.000 -0.413
vn 0.730 0.000 0.684
vn 0.849 0.000 0.528
vn 0.813 0.000 0.583
vn 0.730 0.000 0.684
vn 0.813 0.000 0.583
vn 0.684 0.000 0.730
vn -0.987 0.000 -0.163
vn -0.999 0.000 0.033
vn -0.999 0.000 -0.033
vn -0.987 0.000 -0.163
vn -0.999 0.000 -0.033
vn -0.974 0.000 -0.227
vn 0.849 0.000 0.528
vn 0.936 0.000 0.352
vn 0.911 0.000 0.413
vn 0.849 0.000 0.528
vn 0.911 0.000 0.413
vn 0.813 0.000 0.583
vn -0.999 0.000 0.033
vn -0.974 0.000 0.227
vn -0.987 0.000 0.163
vn -0.999 0.000 0.033
vn -0.987 0.000 0.163
vn -0.999 0.000 -0.033
vn 0.936 0.000 0.352
vn 0.987 0.000 0.163
vn 0.974 0.000 0.227
vn 0.936 0.000 0.352
vn 0.974 0.000 0.227
vn 0.911 0.000 0.413
vn -0.974 0.000 0.227
vn -0.911 0.000 0.413
vn -0.936 0.000 0.352
vn -0.974 0.000 0.227
vn -0.936 0.000 0.352
vn -0.987 0.000 0.163
vn 0.987 0.000 0.163
vn 0.999 0.000 -0.033
vn 0.999 0.000 0.033
vn 0.987 0.000 0.163
vn 0.999 0.000 0.033
vn 0.974 0.000 0.227
vn -0.911 0.000 0.413
vn -0.813 0.000 0.583
vn -0.849 0.000 0.528
vn -0.911 0.000 0.413
vn -0.849 0.000 0.528
vn -0.936 0.000 0.352
vn 0.999 0.000 -0.033
vn 0.974 0.000 -0.227
vn 0.987 0.000 -0.163
vn 0.999 0.000 -0.033
vn 0.987 0.000 -0.163
vn 0.999 0.000 0.033
vn -0.813 0.000 0.583
vn -0.684 0.000 0.730
vn -0.730 0.000 0.684
vn -0.813 0.000 0.583
vn -0.730 0.000 0.684
vn -0.849 0.000 0.528
vn 0.974 0.000 -0.227
vn 0.911 0.000 -0.413
vn 0.936 0.000 -0.352
vn 0.974 0.000 -0.227
vn 0.936 0.000 -0.352
vn 0.987 0.000 -0.163
vn -0.684 0.000 0.730
vn -0.528 0.000 0.849
vn -0.583 0.000 0.813
vn -0.684 0.000 0.730
vn -0.583 0.000 0.813
vn -0.730 0.000 0.684
vn 0.911 0.000 -0.413
vn 0.813 0.000 -0.583
vn 0.849 0.000 -0.528
vn 0.911 0.000 -0.413
vn 0.849 0.000 -0.528
vn 0.936 0.000 -0.352
vn -0.528 0.000 0.849
vn -0.352 0.000 0.936
vn -0.413 0.000 0.911
vn -0.528 0.000 0.849
vn -0.413 0.000 0.911
vn -0.583 0.000 0.813
vn -0.033 0.000 -0.999
vn -0.227 0.000 -0.974
vn -0.163 0.000 -0.987
vn -0.033 0.000 -0.999
vn -0.163 0.000 -0.987
vn 0.033 0.000 -0.999
vn 0.813 0.000 -0.583
vn 0.684 0.000 -0.730
vn 0.730 0.000 -0.684
vn 0.813 0.000 -0.583
vn 0.730 0.000 -0.684
vn 0.849 0.000 -0.528
vn -0.352 0.000 0.936
vn -0.163 0.000 0.987
vn -0.227 0.000 0.974
vn -0.352 0.000 0.936
vn -0.227 0.000 0.974
vn -0.413 0.000 0.911
vn -0.227 0.000 -0.974
vn -0.413 0.000 -0.911
vn -0.352 0.000 -0.936
vn -0.227 0.000 -0.974
vn -0.352 0.000 -0.936
vn -0.163 0.000 -0.987
vn -0.000 1.000 0.000
vn 0.000 1.000 0.000
vn -0.000 1.000 0.000
vn -0.000 1.000 0.000
vn -0.000 1.000 0.000
vn -0.000 1.000 0.000
vn -0.000 1.000 -0.000
vn -0.000 1.000 -0.000
vn -0.000 1.000 -0.000
vn -0.000 1.000 -0.000
vn -0.000 1.000 -0.000
vn -0.000 1.000 -0.000
vn 0.000 1.000 0.000
vn 0.000 1.000 0.000
vn 0.000 1.000 0.000
vn 0.000 1.000 0.000
vn 0.000 1.000 0.000
vn 0.000 1.000 0.000
vn -0.000 1.000 -0.000
vn -0.000 1.000 -0.000
vn -0.000 1.000 -0.000
vn -0.000 1.000 -0.000
vn -0.000 1.000 -0.000
vn -0.000 1.000 -0.000
vn 0.000 1.000 0.000
vn 0.000 1.000 0.000
vn 0.000 1.000 0.000
vn 0.000 1.000 0.000
vn 0.000 1.000 0.000
vn 0.000 1.000 0.000
vn -0.000 1.000 -0.000
vn -0.000 1.000 -0.000
vn -0.000 1.000 -0.000
vn -0.000 1.000 -0.000
vn -0.000 1.000 -0.000
vn -0.000 1.000 -0.000
vn 0.000 1.000 0.000
vn 0.000 1.000 -0.000
vn 0.000 1.000 0.000
vn 0.000 1.000 0.000
vn 0.000 1.000 0.000
vn 0.000 1.000 0.000
vn -0.000 1.000 -0.000
vn -0.000 1.000 -0.000
vn -0.000 1.000 -0.000
vn -0.000 1.000 -0.000
vn -0.000 1.000 -0.000
vn -0.000 1.000 -0.000
vn 0.000 1.000 -0.000
vn 0.000 1.000 -0.000
vn 0.000 1.000 -0.000
vn 0.000 1.000 -0.000
vn 0.000 1.000 -0.000
vn 0.000 1.000 0.000
vn -0.000 1.000 -0.000
vn -0.000 1.000 -0.000
vn -0.000 1.000 -0.000
vn -0.000 1.000 -0.000
vn -0.000 1.000 -0.000
vn -0.000 1.000 -0.000
vn 0.000 1.000 -0.000
vn 0.000 1.000 -0.000
vn 0.000 1.000 -0.000
vn 0.000 1.000 -0.000
vn 0.000 1.000 -0.000
vn 0.000 1.000 -0.000
vn -0.000 1.000 -0.000
vn -0.000 1.000 0.000
vn -0.000 1.000 -0.000
vn -0.000 1.000 -0.000
vn -0.000 1.000 -0.000
vn -0.000 1.000 -0.000
vn 0.000 1.000 -0.000
vn 0.000 1.000 -0.000
vn 0.000 1.000 -0.000
vn 0.000 1.000 -0.000
vn 0.000 1.000 -0.000
vn 0.000 1.000 -0.000
vn -0.000 1.000 0.000
vn -0.000 1.000 0.000
vn -0.000 1.000 0.000
vn -0.000 1.000 0.000
vn -0.000 1.000 0.000
vn -0.000 1.000 -0.000
vn 0.000 1.000 -0.000
vn 0.000 1.000 -0.000
vn 0.000 1.000 -0.000
vn 0.000 1.000 -0.000
vn 0.000 1.000 -0.000
vn 0.000 1.000 -0.000
vn -0.000 1.000 0.000
vn -0.000 1.000 0.000
vn -0.000 1.000 0.000
vn -0.000 1.000 0.000
vn -0.000 1.000 0.000
vn -0.000 1.000 0.000
vn 0.000 1.000 -0.000
vn 0.000 1.000 -0.000
vn 0.000 1.000 -0.000
vn 0.000 1.000 -0.000
vn 0.000 1.000 -0.000
vn 0.000 1.000 -0.000
vn -0.000 1.000 0.000
vn -0.000 1.000 0.000
vn -0.000 1.000 0.000
vn -0.000 1.000 0.000
vn -0.000 1.000 0.000
vn -0.000 1.000 0.000
vn 0.000 1.000 -0.000
vn 0.000 1.000 -0.000
vn 0.000 1.000 -0.000
vn 0.000 1.000 -0.000
vn 0.000 1.000 -0.000
vn 0.000 1.000 -0.000
vn 0.000 1.000 0.000
vn 0.000 1.000 0.000
vn 0.000 1.000 0.000
vn 0.000 1.000 0.000
vn 0.000 1.000 0.000
vn -0.000 1.000 0.000
vn -0.000 1.000 0.000
vn -0.000 1.000 0.000
vn -0.000 1.000 0.000
vn -0.000 1.000 0.000
vn -0.000 1.000 0.000
vn -0.000 1.000 0.000
vn 0.000 1.000 -0.000
vn 0.000 1.000 -0.000
vn 0.000 1.000 -0.000
vn 0.000 1.000 -0.000
vn 0.000 1.000 -0.000
vn 0.000 1.000 -0.000
vn 0.000 1.000 0.000
vn 0.000 1.000 0.000
vn 0.000 1.000 0.000
vn 0.000 1.000 0.000
vn 0.000 1.000 0.000
vn 0.000 1.000 0.000
vn -0.000 1.000 0.000
vn -0.000 1.000 0.000
vn -0.000 1.000 0.000
vn -0.000 1.000 0.000
vn -0.000 1.000 0.000
vn -0.000 1.000 0.000
vn 0.000 1.000 -0.000
vn -0.000 1.000 -0.000
vn 0.000 1.000 -0.000
vn 0.000 1.000 -0.000
vn 0.000 1.000 -0.000
vn 0.000 1.000 -0.000
vn 0.000 1.000 0.000
vn 0.000 1.000 0.000
vn 0.000 1.000 0.000
vn 0.000 1.000 0.000
vn 0.000 1.000 0.000
vn 0.000 1.000 0.000
vn -0.000 1.000 0.000
vn -0.000 1.000 0.000
vn -0.000 1.000 0.000
vn -0.000 1.000 0.000
vn -0.000 1.000 0.000
vn -0.000 1.000 0.000
vn -0.000 1.000 -0.000
vn -0.000 1.000 -0.000
vn -0.000 1.000 -0.000
vn -0.000 1.000 -0.000
vn -0.000 1.000 -0.000
vn 0.000 1.000 -0.000
vn 0.000 1.000 0.000
vn 0.000 1.000 0.000
vn 0.000 1.000 0.000
vn 0.000 1.000 0.000
vn 0.000 1.000 0.000
vn 0.000 1.000 0.000
vn -0.000 1.000 0.000
vn -0.000 1.000 0.000
vn -0.000 1.000 0.000
vn -0.000 1.000 0.000
vn -0.000 1.000 0.000
vn -0.000 1.000 0.000
vn -0.000 1.000 -0.000
vn -0.000 1.000 -0.000
vn -0.000 1.000 -0.000
vn -0.000 1.000 -0.000
vn -0.000 1.000 -0.000
vn -0.000 1.000 -0.000
vn 0.000 1.000 0.000
vn 0.000 1.000 0.000
vn 0.000 1.000 0.000
vn 0.000 1.000 0.000
vn 0.000 1.000 0.000
vn 0.000 1.000 0.000
vn -0.849 0.000 -0.528
vn -0.936 0.000 -0.352
vn -0.911 0.000 -0.413
vn -0.849 0.000 -0.528
vn -0.911 0.000 -0.413
vn -0.813 0.000 -0.583
vn 0.999 0.000 -0.033
vn 0.974 0.000 -0.227
vn 0.987 0.000 -0.163
vn 0.999 0.000 -0.033
vn 0.987 0.000 -0.163
vn 0.999 0.000 0.033
vn -0.936 0.000 -0.352
vn -0.987 0.000 -0.163
vn -0.974 0.000 -0.227
vn -0.936 0.000 -0.352
vn -0.974 0.000 -0.227
vn -0.911 0.000 -0.413
vn 0.974 0.000 -0.227
vn 0.911 0.000 -0.413
vn 0.936 0.000 -0.352
vn 0.974 0.000 -0.227
vn 0.936 0.000 -0.352
vn 0.987 0.000 -0.163
vn -0.987 0.000 -0.163
vn -0.999 0.000 0.033
vn -0.999 0.000 -0.033
vn -0.987 0.000 -0.163
vn -0.999 0.000 -0.033
vn -0.974 0.000 -0.227
vn 0.911 0.000 -0.413
vn 0.813 0.000 -0.583
vn 0.849 0.000 -0.528
vn 0.911 0.000 -0.413
vn 0.849 0.000 -0.528
vn 0.936 0.000 -0.352
vn -0.999 0.000 0.033
vn -0.974 0.000 0.227
vn -0.987 0.000 0.163
vn -0.999 0.000 0.033
vn -0.987 0.000 0.163
vn -0.999 0.000 -0.033
vn 0.813 0.000 -0.583
vn 0.684 0.000 -0.730
vn 0.730 0.000 -0.684
vn 0.813 0.000 -0.583
vn 0.730 0.000 -0.684
vn 0.849 0.000 -0.528
vn -0.974 0.000 0.227
vn -0.911 0.000 0.413
vn -0.936 0.000 0.352
vn -0.974 0.000 0.227
vn -0.936 0.000 0.352
vn -0.987 0.000 0.163
vn 0.684 0.000 -0.730
vn 0.528 0.000 -0.849
vn 0.583 0.000 -0.813
vn 0.684 0.000 -0.730
vn 0.583 0.000 -0.813
vn 0.730 0.000 -0.684
vn -0.911 0.000 0.413
vn -0.813 0.000 0.583
vn -0.849 0.000 0.528
vn -0.911 0.000 0.413
vn -0.849 0.000 0.528
vn -0.936 0.000 0.352
vn 0.528 0.000 -0.849
vn 0.352 0.000 -0.936
vn 0.413 0.000 -0.911
vn 0.528 0.000 -0.849
vn 0.413 0.000 -0.911
vn 0.583 0.000 -0.813
vn 0.033 0.000 0.999
vn 0.227 0.000 0.974
vn 0.163 0.000 0.987
vn 0.033 0.000 0.999
vn 0.163 0.000 0.987
vn -0.033 0.000 0.999
vn -0.813 0.000 0.583
vn -0.683 0.000 0.730
vn -0.730 0.000 0.684
vn -0.813 0.000 0.583
vn -0.730 0.000 0.684
vn -0.849 0.000 0.528
vn 0.352 0.000 -0.936
vn 0.163 0.000 -0.987
vn 0.227 0.000 -0.974
vn 0.352 0.000 -0.936
vn 0.227 0.000 -0.974
vn 0.413 0.000 -0.911
vn 0.227 0.000 0.974
vn 0.413 0.000 0.911
vn 0.352 0.000 0.936
vn 0.227 0.000 0.974
vn 0.352 0.000 0.936
vn 0.163 0.000 0.987
vn -0.683 0.000 0.730
vn -0.528 0.000 0.849
vn -0.583 0.000 0.813
vn -0.683 0.000 0.730
vn -0.583 0.000 0.813
vn -0.730 0.000 0.684
vn 0.163 0.000 -0.987
vn -0.033 0.000 -0.999
vn 0.033 0.000 -0.999
vn 0.163 0.000 -0.987
vn 0.033 0.000 -0.999
vn 0.227 0.000 -0.974
vn 0.413 0.000 0.911
vn 0.583 0.000 0.813
vn 0.528 0.000 0.849
vn 0.413 0.000 0.911
vn 0.528 0.000 0.849
vn 0.352 0.000 0.936
vn -0.528 0.000 0.849
vn -0.352 0.000 0.936
vn -0.413 0.000 0.911
vn -0.528 0.000 0.849
vn -0.413 0.000 0.911
vn -0.583 0.000 0.813
vn -0.033 0.000 -0.999
vn -0.227 0.000 -0.974
vn -0.163 0.000 -0.987
vn -0.033 0.000 -0.999
vn -0.163 0.000 -0.987
vn 0.033 0.000 -0.999
vn 0.583 0.000 0.813
vn 0.730 0.000 0.684
vn 0.684 0.000 0.730
vn 0.583 0.000 0.813
vn 0.684 0.000 0.730
vn 0.528 0.000 0.849
vn -0.352 0.000 0.936
vn -0.163 0.000 0.987
vn -0.227 0.000 0.974
vn -0.352 0.000 0.936
vn -0.227 0.000 0.974
vn -0.413 0.000 0.911
vn -0.227 0.000 -0.974
vn -0.413 0.000 -0.911
vn -0.352 0.000 -0.936
vn -0.227 0.000 -0.974
vn -0.352 0.000 -0.936
vn -0.163 0.000 -0.987
vn 0.730 0.000 0.684
vn 0.849 0.000 0.528
vn 0.813 0.000 0.583
vn 0.730 0.000 0.684
vn 0.813 0.000 0.583
vn 0.684 0.000 0.730
vn -0.163 0.000 0.987
vn 0.033 0.000 0.999
vn -0.033 0.000 0.999
vn -0.163 0.000 0.987
vn -0.033 0.000 0.999
vn -0.227 0.000 0.974
vn -0.413 0.000 -0.911
vn -0.583 0.000 -0.813
vn -0.528 0.000 -0.849
vn -0.413 0.000 -0.911
vn -0.528 0.000 -0.849
vn -0.352 0.000 -0.936
vn 0.849 0.000 0.528
vn 0.936 0.000 0.352
vn 0.911 0.000 0.413
vn 0.849 0.000 0.528
vn 0.911 0.000 0.413
vn 0.813 0.000 0.583
vn -0.583 0.000 -0.813
vn -0.730 0.000 -0.684
vn -0.683 0.000 -0.730
vn -0.583 0.000 -0.813
vn -0.683 0.000 -0.730
vn -0.528 0.000 -0.849
vn 0.936 0.000 0.352
vn 0.987 0.000 0.163
vn 0.974 0.000 0.227
vn 0.936 0.000 0.352
vn 0.974 0.000 0.227
vn 0.911 0.000 0.413
vn -0.730 0.000 -0.684
vn -0.849 0.000 -0.528
vn -0.813 0.000 -0.583
vn -0.730 0.000 -0.684
vn -0.813 0.000 -0.583
vn -0.683 0.000 -0.730
vn 0.987 0.000 0.163
vn 0.999 0.000 -0.033
vn 0.999 0.000 0.033
vn 0.987 0.000 0.163
vn 0.999 0.000 0.033
vn 0.974 0.000 0.227
vn 0.000 1.000 0.000
vn 0.000 1.000 0.000
vn 0.000 1.000 0.000
vn 0.000 1.000 0.000
vn 0.000 1.000 0.000
vn 0.000 1.000 0.000
vn 0.000 1.000 0.000
vn 0.000 1.000 0.000
vn 0.000 1.000 0.000
vn 0.000 1.000 0.000
vn 0.000 1.000 0.000
vn 0.000 1.000 0.000
vn 0.000 1.000 0.000
vn 0.000 1.000 0.000
vn 0.000 1.000 0.000
vn 0.000 1.000 0.000
vn 0.000 1.000 0.000
vn 0.000 1.000 0.000
vn 0.000 1.000 0.000
vn 0.000 1.000 0.000
vn 0.000 1.000 0.000
vn 0.000 1.000 0.000
vn 0.000 1.000 0.000
vn 0.000 1.000 0.000
vn 0.000 1.000 0.000
vn 0.000 1.000 0.000
vn 0.000 1.000 0.000
vn 0.000 1.000 0.000
vn 0.000 1.000 0.000
vn 0.000 1.000 0.000
vn 0.000 1.000 0.000
vn 0.000 1.000 0.000
vn 0.000 1.000 0.000
vn 0.000 1.000 0.000
vn 0.000 1.000 0.000
vn 0.000 1.000 0.000
vn 0.000 1.000 0.000
vn 0.000 1.000 0.000
vn 0.000 1.000 0.000
vn 0.000 1.000 0.000
vn 0.000 1.000 0.000
vn 0.000 1.000 0.000
vn 0.000 1.000 0.000
vn 0.000 1.000 0.000
vn 0.000 1.000 0.000
vn 0.000 1.000 0.000
vn 0.000 1.000 0.000
vn 0.000 1.000 0.000
vn 0.000 1.000 0.000
vn 0.000 1.000 0.000
vn 0.000 1.000 0.000
vn 0.000 1.000 0.000
vn 0.000 1.000 0.000
vn 0.000 1.000 0.000
vn 0.000 1.000 0.000
vn 0.000 1.000 0.000
vn 0.000 1.000 0.000
vn 0.000 1.000 0.000
vn 0.000 1.000 0.000
vn 0.000 1.000 0.000
vn 0.000 1.000 0.000
vn 0.000 1.000 0.000
vn 0.000 1.000 0.000
vn 0.000 1.000 0.000
vn 0.000 1.000 0.000
vn 0.000 1.000 0.000
vn 0.000 1.000 0.000
vn 0.000 1.000 0.000
vn 0.000 1.000 0.000
vn 0.000 1.000 0.000
vn 0.000 1.000 0.000
vn 0.000 1.000 0.000
vn 0.000 1.000 0.000
vn 0.000 1.000 0.000
vn 0.000 1.000 0.000
vn 0.000 1.000 0.000
vn 0.000 1.000 0.000
vn 0.000 1.000 0.000
vn 0.000 1.000 0.000
vn 0.000 1.000 0.000
vn 0.000 1.000 0.000
vn 0.000 1.000 0.000
vn 0.000 1.000 0.000
vn 0.000 1.000 0.000
vn 0.000 1.000 0.000
vn 0.000 1.000 0.000
vn 0.000 1.000 0.000
vn 0.000 1.000 0.000
vn 0.000 1.000 0.000
vn 0.000 1.000 0.000
f 557//3145 558//3146 590//3147
f 557//3148 590//3149 589//3150
f 544//3151 545//3152 577//3153
f 544//3154 577//3155 576//3156
f 571//3157 540//3158 572//3159
f 571//3160 572//3161 603//3162
f 558//3163 559//3164 591//3165
f 558//3166 591//3167 590//3168
f 545//3169 546//3170 578//3171
f 545//3172 578//3173 577//3174
f 559//3175 560//3176 592//3177
f 559//3178 592//3179 591//3180
f 546//3181 547//3182 579//3183
f 546//3184 579//3185 578//3186
f 560//3187 561//3188 593//3189
f 560//3190 593//3191 592//3192
f 547//3193 548//3194 580//3195
f 547//3196 580//3197 579//3198
f 561//3199 562//3200 594//3201
f 561//3202 594//3203 593//3204
f 548//3205 549//3206 581//3207
f 548//3208 581//3209 580//3210
f 562//3211 563//3212 595//3213
f 562//3214 595//3215 594//3216
f 549//3217 550//3218 582//3219
f 549//3220 582//3221 581//3222
f 563//3223 564//3224 596//3225
f 563//3226 596//3227 595//3228
f 550//3229 551//3230 583//3231
f 550//3232 583//3233 582//3234
f 564//3235 565//3236 597//3237
f 564//3238 597//3239 596//3240
f 551//3241 552//3242 584//3243
f 551//3244 584//3245 583//3246
f 565//3247 566//3248 598//3249
f 565//3250 598//3251 597//3252
f 552//3253 553//3254 585//3255
f 552//3256 585//3257 584//3258
f 566//3259 567//3260 599//3261
f 566//3262 599//3263 598//3264
f 553//3265 554//3266 586//3267
f 553//3268 586//3269 585//3270
f 540//3271 541//3272 573//3273
f 540//3274 573//3275 572//3276
f 567//3277 568//3278 600//3279
f 567//3280 600//3281 599//3282
f 554//3283 555//3284 587//3285
f 554//3286 587//3287 586//3288
f 541//3289 542//3290 574//3291
f 541//3292 574//3293 573//3294
f 568//3295 569//3296 601//3297
f 568//3298 601//3299 600//3300
f 555//3301 556//3302 588//3303
f 555//3304 588//3305 587//3306
f 542//3307 543//3308 575//3309
f 542//3310 575//3311 574//3312
f 569//3313 570//3314 602//3315
f 569//3316 602//3317 601//3318
f 556//3319 557//3320 589//3321
f 556//3322 589//3323 588//3324
f 543//3325 544//3326 576//3327
f 543//3328 576//3329 575//3330
f 570//3331 571//3332 603//3333
f 570//3334 603//3335 602//3336
f 597//3337 598//3338 630//3339
f 597//3340 630//3341 629//3342
f 584//3343 585//3344 617//3345
f 584//3346 617//3347 616//3348
f 598//3349 599//3350 631//3351
f 598//3352 631//3353 630//3354
f 585//3355 586//3356 618//3357
f 585//3358 618//3359 617//3360
f 572//3361 573//3362 605//3363
f 572//3364 605//3365 604//3366
f 599//3367 600//3368 632//3369
f 599//3370 632//3371 631//3372
f 586//3373 587//3374 619//3375
f 586//3376 619//3377 618//3378
f 573//3379 574//3380 606//3381
f 573//3382 606//3383 605//3384
f 600//3385 601//3386 633//3387
f 600//3388 633//3389 632//3390
f 587//3391 588//3392 620//3393
f 587//3394 620//3395 619//3396
f 574//3397 575//3398 607//3399
f 574//3400 607//3401 606//3402
f 601//3403 602//3404 634//3405
f 601//3406 634//3407 633//3408
f 588//3409 589//3410 621//3411
f 588//3412 621//3413 620//3414
f 575//3415 576//3416 608//3417
f 575//3418 608//3419 607//3420
f 602//3421 603//3422 635//3423
f 602//3424 635//3425 634//3426
f 589//3427 590//3428 622//3429
f 589//3430 622//3431 621//3432
f 576//3433 577//3434 609//3435
f 576//3436 609//3437 608//3438
f 603//3439 572//3440 604//3441
f 603//3442 604//3443 635//3444
f 590//3445 591//3446 623//3447
f 590//3448 623//3449 622//3450
f 577//3451 578//3452 610//3453
f 577//3454 610//3455 609//3456
f 591//3457 592//3458 624//3459
f 591//3460 624//3461 623//3462
f 578//3463 579//3464 611//3465
f 578//3466 611//3467 610//3468
f 592//3469 593//3470 625//3471
f 592//3472 625//3473 624//3474
f 579//3475 580//3476 612//3477
f 579//3478 612//3479 611//3480
f 593//3481 594//3482 626//3483
f 593//3484 626//3485 625//3486
f 580//3487 581//3488 613//3489
f 580//3490 613//3491 612//3492
f 594//3493 595//3494 627//3495
f 594//3496 627//3497 626//3498
f 581//3499 582//3500 614//3501
f 581//3502 614//3503 613//3504
f 595//3505 596//3506 628//3507
f 595//3508 628//3509 627//3510
f 582//3511 583//3512 615//3513
f 582//3514 615//3515 614//3516
f 596//3517 597//3518 629//3519
f 596//3520 629//3521 628//3522
f 583//3523 584//3524 616//3525
f 583//3526 616//3527 615//3528
f 632//3529 633//3530 665//3531
f 632//3532 665//3533 664//3534
f 619//3535 620//3536 652//3537
f 619//3538 652//3539 651//3540
f 606//3541 607//3542 639//3543
f 606//3544 639//3545 638//3546
f 633//3547 634//3548 666//3549
f 633//3550 666//3551 665//3552
f 620//3553 621//3554 653//3555
f 620//3556 653//3557 652//3558
f 607//3559 608//3560 640//3561
f 607//3562 640//3563 639//3564
f 634//3565 635//3566 667//3567
f 634//3568 667//3569 666//3570
f 621//3571 622//3572 654//3573
f 621//3574 654//3575 653//3576
f 608//3577 609//3578 641//3579
f 608//3580 641//3581 640//3582
f 635//3583 604//3584 636//3585
f 635//3586 636//3587 667//3588
f 622//3589 623//3590 655//3591
f 622//3592 655//3593 654//3594
f 609//3595 610//3596 642//3597
f 609//3598 642//3599 641//3600
f 623//3601 624//3602 656//3603
f 623//3604 656//3605 655//3606
f 610//3607 611//3608 643//3609
f 610//3610 643//3611 642//3612
f 624//3613 625//3614 657//3615
f 624//3616 657//3617 656//3618
f 611//3619 612//3620 644//3621
f 611//3622 644//3623 643//3624
f 625//3625 626//3626 658//3627
f 625//3628 658//3629 657//3630
f 612//3631 613//3632 645//3633
f 612//3634 645//3635 644//3636
f 626//3637 627//3638 659//3639
f 626//3640 659//3641 658//3642
f 613//3643 614//3644 646//3645
f 613//3646 646//3647 645//3648
f 627//3649 628//3650 660//3651
f 627//3652 660//3653 659//3654
f 614//3655 615//3656 647//3657
f 614//3658 647//3659 646//3660
f 628//3661 629//3662 661//3663
f 628//3664 661//3665 660//3666
f 615//3667 616//3668 648//3669
f 615//3670 648//3671 647//3672
f 629//3673 630//3674 662//3675
f 629//3676 662//3677 661//3678
f 616//3679 617//3680 649//3681
f 616//3682 649//3683 648//3684
f 630//3685 631//3686 663//3687
f 630//3688 663//3689 662//3690
f 617//3691 618//3692 650//3693
f 617//3694 650//3695 649//3696
f 604//3697 605//3698 637//3699
f 604//3700 637//3701 636//3702
f 631//3703 632//3704 664//3705
f 631//3706 664//3707 663//3708
f 618//3709 619//3710 651//3711
f 618//3712 651//3713 650//3714
f 605//3715 606//3716 638//3717
f 605//3718 638//3719 637//3720
f 667//3721 636//3722 668//3723
f 667//3724 668//3725 699//3726
f 654//3727 655//3728 687//3729
f 654//3730 687//3731 686//3732
f 641//3733 642//3734 674//3735
f 641//3736 674//3737 673//3738
f 655//3739 656//3740 688//3741
f 655//3742 688//3743 687//3744
f 642//3745 643//3746 675//3747
f 642//3748 675//3749 674//3750
f 656//3751 657//3752 689//3753
f 656//3754 689//3755 688//3756
f 643//3757 644//3758 676//3759
f 643//3760 676//3761 675//3762
f 657//3763 658//3764 690//3765
f 657//3766 690//3767 689//3768
f 644//3769 645//3770 677//3771
f 644//3772 677//3773 676//3774
f 658//3775 659//3776 691//3777
f 658//3778 691//3779 690//3780
f 645//3781 646//3782 678//3783
f 645//3784 678//3785 677//3786
f 659//3787 660//3788 692//3789
f 659//3790 692//3791 691//3792
f 646//3793 647//3794 679//3795
f 646//3796 679//3797 678//3798
f 660//3799 661//3800 693//3801
f 660//3802 693//3803 692//3804
f 647//3805 648//3806 680//3807
f 647//3808 680//3809 679//3810
f 661//3811 662//3812 694//3813
f 661//3814 694//3815 693//3816
f 648//3817 649//3818 681//3819
f 648//3820 681//3821 680//3822
f 662//3823 663//3824 695//3825
f 662//3826 695//3827 694//3828
f 649//3829 650//3830 682//3831
f 649//3832 682//3833 681//3834
f 636//3835 637//3836 669//3837
f 636//3838 669//3839 668//3840
f 663//3841 664//3842 696//3843
f 663//3844 696//3845 695//3846
f 650//3847 651//3848 683//3849
f 650//3850 683//3851 682//3852
f 637//3853 638//3854 670//3855
f 637//3856 670//3857 669//3858
f 664//3859 665//3860 697//3861
f 664//3862 697//3863 696//3864
f 651//3865 652//3866 684//3867
f 651//3868 684//3869 683//3870
f 638//3871 639//3872 671//3873
f 638//3874 671//3875 670//3876
f 665//3877 666//3878 698//3879
f 665//3880 698//3881 697//3882
f 652//3883 653//3884 685//3885
f 652//3886 685//3887 684//3888
f 639//3889 640//3890 672//3891
f 639//3892 672//3893 671//3894
f 666//3895 667//3896 699//3897
f 666//3898 699//3899 698//3900
f 653//3901 654//3902 686//3903
f 653//3904 686//3905 685//3906
f 640//3907 641//3908 673//3909
f 640//3910 673//3911 672//3912
f 689//3913 690//3914 722//3915
f 689//3916 722//3917 721//3918
f 676//3919 677//3920 709//3921
f 676//3922 709//3923 708//3924
f 690//3925 691//3926 723//3927
f 690//3928 723//3929 722//3930
f 677//3931 678//3932 710//3933
f 677//3934 710//3935 709//3936
f 691//3937 692//3938 724//3939
f 691//3940 724//3941 723//3942
f 678//3943 679//3944 711//3945
f 678//3946 711//3947 710//3948
f 692//3949 693//3950 725//3951
f 692//3952 725//3953 724//3954
f 679//3955 680//3956 712//3957
f 679//3958 712//3959 711//3960
f 693//3961 694//3962 726//3963
f 693//3964 726//3965 725//3966
f 680//3967 681//3968 713//3969
f 680//3970 713//3971 712//3972
f 694//3973 695//3974 727//3975
f 694//3976 727//3977 726//3978
f 681//3979 682//3980 714//3981
f 681//3982 714//3983 713//3984
f 668//3985 669//3986 701//3987
f 668//3988 701//3989 700//3990
f 695//3991 696//3992 728//3993
f 695//3994 728//3995 727//3996
f 682//3997 683//3998 715//3999
f 682//4000 715//4001 714//4002
f 669//4003 670//4004 702//4005
f 669//4006 702//4007 701//4008
f 696//4009 697//4010 729//4011
f 696//4012 729//4013 728//4014
f 683//4015 684//4016 716//4017
f 683//4018 716//4019 715//4020
f 670//4021 671//4022 703//4023
f 670//4024 703//4025 702//4026
f 697//4027 698//4028 730//4029
f 697//4030 730//4031 729//4032
f 684//4033 685//4034 717//4035
f 684//4036 717//4037 716//4038
f 671//4039 672//4040 704//4041
f 671//4042 704//4043 703//4044
f 698//4045 699//4046 731//4047
f 698//4048 731//4049 730//4050
f 685//4051 686//4052 718//4053
f 685//4054 718//4055 717//4056
f 672//4057 673//4058 705//4059
f 672//4060 705//4061 704//4062
f 699//4063 668//4064 700//4065
f 699//4066 700//4067 731//4068
f 686//4069 687//4070 719//4071
f 686//4072 719//4073 718//4074
f 673//4075 674//4076 706//4077
f 673//4078 706//4079 705//4080
f 687//4081 688//4082 720//4083
f 687//4084 720//4085 719//4086
f 674//4087 675//4088 707//4089
f 674//4090 707//4091 706//4092
f 688//4093 689//4094 721//4095
f 688//4096 721//4097 720//4098
f 675//4099 676//4100 708//4101
f 675//4102 708//4103 707//4104
f 701//4105 702//4106 703//4107
f 701//4108 703//4109 704//4110
f 701//4111 704//4112 705//4113
f 701//4114 705//4115 706//4116
f 701//4117 706//4118 707//4119
f 701//4120 707//4121 708//4122
f 701//4123 708//4124 709//4125
f 701//4126 709//4127 710//4128
f 701//4129 710//4130 711//4131
f 701//4132 711//4133 712//4134
f 701//4135 712//4136 713//4137
f 701//4138 713//4139 714//4140
f 701//4141 714//4142 715//4143
f 701//4144 715//4145 716//4146
f 701//4147 716//4148 717//4149
f 701//4150 717//4151 718//4152
f 701//4153 718//4154 719//4155
f 701//4156 719//4157 720//4158
f 701//4159 720//4160 721//4161
f 701//4162 721//4163 722//4164
f 701//4165 722//4166 723//4167
f 701//4168 723//4169 724//4170
f 701//4171 724//4172 725//4173
f 701//4174 725//4175 726//4176
f 701//4177 726//4178 727//4179
f 701//4180 727//4181 728//4182
f 701//4183 728//4184 729//4185
f 701//4186 729//4187 730//4188
f 701//4189 730//4190 731//4191
f 701//4192 731//4193 700//4194
o lever
v -0.1793 7.6240 0.2213
v -0.1744 7.6219 0.1355
v -0.1817 7.6243 0.1719
v -0.1841 7.6238 0.1256
v -0.1853 7.6239 0.0482
v -0.1851 7.6243 0.0878
v 0.2179 7.6246 0.0433
v 0.2175 7.6238 0.1002
v 0.2101 7.6219 0.1322
v 0.2143 7.6243 0.1653
v 0.2120 7.6238 0.2228
v -0.1812 7.6236 0.2040
v -0.1824 7.6422 0.0408
v -0.1795 7.6479 0.0925
v -0.1750 7.6674 0.0420
v -0.1743 7.6678 0.0849
v -0.1730 7.6842 0.0775
v -0.1724 7.6851 0.0343
v -0.1633 7.6985 0.0658
v -0.1549 7.7061 0.0167
v -0.1465 7.7163 0.0651
v -0.1407 7.7204 0.0394
v -0.1136 7.7425 0.0427
v -0.1143 7.7448 0.0794
v -0.1007 7.7502 0.0562
v -0.0998 7.7594 0.0952
v -0.0837 7.7728 0.0716
v -0.0860 7.7756 0.1068
v -0.0627 7.7994 0.0704
v -0.0642 7.7966 0.1111
v -0.0386 7.8295 0.0346
v -0.0440 7.8359 0.0871
v -0.0698 7.8072 0.1471
v -0.0488 7.8372 0.1094
v -0.0513 7.8438 0.1487
v -0.0738 7.8115 0.1886
v -0.0556 7.8441 0.1671
v -0.0714 7.8190 0.2383
v -0.0540 7.8452 0.1909
v -0.0642 7.8529 0.2400
v -0.0839 7.8223 0.2915
v -0.0694 7.8582 0.2839
v -0.0892 7.8280 0.3454
v -0.0713 7.8643 0.3176
v -0.0946 7.8339 0.4003
v -0.0875 7.8766 0.4370
v -0.0930 7.8823 0.4839
v -0.1150 7.8558 0.6044
v -0.0953 7.8888 0.5224
v -0.0995 7.8932 0.5582
v -0.1050 7.8990 0.6056
v -0.1107 7.9005 0.6343
v -0.1241 7.8656 0.6959
v -0.1143 7.9042 0.6647
v -0.1176 7.9075 0.6925
v -0.1211 7.9156 0.7426
v -0.1319 7.8728 0.7904
v -0.1257 7.9159 0.7620
v -0.1320 7.9269 0.8353
v -0.1383 7.8848 0.8437
v -0.1400 7.8915 0.8877
v -0.1758 7.6486 0.1405
v -0.1725 7.6695 0.1353
v -0.1714 7.6702 0.1660
v -0.1705 7.6871 0.1597
v -0.1693 7.6880 0.2006
v -0.1536 7.6996 0.1913
v -0.1600 7.7038 0.2218
v -0.1452 7.7171 0.2154
v -0.1507 7.7169 0.2427
v -0.1495 7.7184 0.2749
v -0.1191 7.7529 0.2276
v -0.1399 7.7325 0.3002
v -0.1206 7.7549 0.2665
v -0.1271 7.7467 0.3200
v -0.1226 7.7573 0.3128
v -0.1155 7.7687 0.3485
v -0.1104 7.7726 0.2928
v -0.1016 7.7934 0.3220
v -0.1126 7.7827 0.3704
v -0.1086 7.7925 0.3780
v -0.1757 7.6495 0.1916
v -0.1697 7.6711 0.2164
v -0.1683 7.6884 0.2367
v -0.1594 7.7042 0.2578
v -0.1468 7.7191 0.2945
v -0.1801 7.6502 0.2233
v -0.1756 7.6567 0.2635
v -0.1709 7.6627 0.2464
v -0.1674 7.6835 0.2732
v -0.1783 7.6382 0.2504
v -0.1101 7.7891 0.4049
v -0.1086 7.7974 0.4299
v -0.1118 7.7989 0.4327
v -0.1128 7.8054 0.4640
v -0.1141 7.8127 0.4993
v -0.0978 7.7892 0.2717
v -0.0941 7.7851 0.2230
v -0.0961 7.7713 0.1968
v -0.0950 7.7702 0.1372
v -0.1148 7.8162 0.5318
v -0.1162 7.8274 0.5840
v -0.1211 7.8391 0.6256
v -0.1213 7.8421 0.6581
v -0.1241 7.8521 0.7011
v -0.1289 7.8617 0.7336
v -0.1410 7.9316 0.8919
v -0.1432 7.8966 0.9155
v -0.1434 7.9341 0.9125
v -0.1451 7.9207 0.9387
v -0.1442 7.9412 0.9470
v -0.0520 7.7990 0.0435
v -0.0815 7.7698 0.0343
v -0.0969 7.7542 0.0216
v -0.1131 7.7401 0.0078
v -0.1292 7.7213 -0.0114
v -0.0354 7.8236 -0.0037
v -0.0287 7.8183 -0.0112
v -0.0433 7.7945 -0.0063
v -0.0289 7.8200 -0.0359
v -0.0422 7.7905 -0.0374
v -0.0250 7.8172 -0.0698
v -0.0245 7.8154 -0.0829
v -0.0514 7.7864 -0.0622
v -0.0493 7.7836 -0.0913
v -0.0196 7.8115 -0.1178
v -0.0782 7.7645 -0.0319
v -0.0776 7.7610 -0.0650
v -0.0960 7.7518 -0.0117
v -0.1010 7.7379 -0.0408
v -0.1717 7.6859 0.1187
v -0.1539 7.6962 0.1153
v -0.1520 7.7121 0.0919
v -0.0796 7.7670 -0.0002
v -0.1593 7.6952 0.1455
v -0.1515 7.7138 0.1312
v -0.1402 7.7246 0.1151
v -0.1457 7.7207 0.1627
v -0.1153 7.7471 0.1179
v -0.1404 7.7275 0.1900
v -0.1164 7.7491 0.1533
v -0.1186 7.7424 0.1962
v -0.0964 7.7630 0.1618
v -0.1005 7.7693 0.2423
v 0.0078 7.6602 -0.1489
v 0.0027 7.6911 -0.1472
v -0.0185 7.6913 -0.1439
v 0.0041 7.7227 -0.1445
v -0.0233 7.7233 -0.1377
v -0.0223 7.7479 -0.1433
v -0.0184 7.7720 -0.1362
v -0.0034 7.8091 -0.1422
v -0.0351 7.7686 -0.1312
v -0.0451 7.7669 -0.1158
v -0.0503 7.7521 -0.1191
v -0.0667 7.7436 -0.1142
v -0.0732 7.7200 -0.1140
v -0.0959 7.7091 -0.1054
v -0.0949 7.6859 -0.1146
v -0.1163 7.6884 -0.0886
v -0.0969 7.6616 -0.1145
v -0.1231 7.6657 -0.0913
v -0.1192 7.6488 -0.0933
v -0.1420 7.6493 -0.0774
v -0.0211 7.6608 -0.1455
v -0.0460 7.6598 -0.1408
v -0.0693 7.6583 -0.1336
v -0.0449 7.6931 -0.1366
v -0.0678 7.6947 -0.1308
v -0.0460 7.7237 -0.1334
v -0.0746 7.6648 -0.1204
v -0.1450 7.6678 -0.0602
v -0.1461 7.6444 -0.0679
v -0.1533 7.6687 -0.0375
v -0.1675 7.6399 -0.0357
v -0.1725 7.6655 -0.0128
v -0.1701 7.6419 -0.0172
v -0.1798 7.6338 0.0072
v -0.1725 7.6634 0.0179
v -0.1711 7.6841 0.0137
v -0.1672 7.6825 -0.0090
v -0.1551 7.6877 -0.0350
v -0.1507 7.6987 0.0120
v -0.1494 7.6938 -0.0152
v -0.1403 7.6927 -0.0598
v -0.0967 7.7134 -0.0893
v -0.1217 7.7174 -0.0383
v -0.1240 7.7141 -0.0633
v -0.0987 7.7418 -0.0635
v -0.0911 7.7399 -0.0843
v -0.0804 7.7455 -0.0950
v -0.0666 7.7625 -0.0848
v -0.0643 7.7589 -0.1041
v -0.0439 7.7832 -0.1084
v -0.0113 7.8098 -0.1357
v -0.0270 7.7728 -0.1218
v 0.0084 7.8026 -0.1396
v 0.0024 7.7730 -0.1419
v 0.0036 7.7501 -0.1481
v -0.0421 7.7464 -0.1336
v -0.0443 7.7770 -0.0943
v -0.1555 7.6446 -0.0429
v -0.0925 7.6520 -0.1170
v -0.0745 7.6534 -0.1275
v -0.0679 7.6542 -0.1317
v -0.1146 7.6512 -0.1041
v -0.1754 7.6271 0.0213
v -0.0502 7.6539 -0.1308
v 0.0365 7.6604 -0.1487
v 0.0582 7.6606 -0.1445
v 0.0831 7.6592 -0.1389
v 0.0827 7.6539 -0.1307
v 0.1074 7.6533 -0.1272
v 0.1269 7.6521 -0.1162
v 0.1601 7.6480 -0.0884
v 0.1809 7.6443 -0.0652
v 0.1932 7.6414 -0.0444
v 0.2057 7.6376 -0.0156
v 0.2078 7.6271 0.0214
v 0.2123 7.6341 0.0080
v -0.1593 7.6798 0.0065
v -0.1352 7.7049 -0.0160
v -0.1254 7.7166 0.0116
v -0.0716 7.7526 -0.0573
v -0.0514 7.7698 -0.0652
v -0.0136 7.8009 -0.1164
v -0.0569 7.7571 -0.0918
v -0.0965 7.7259 -0.0670
v -0.0763 7.7296 -0.0945
v -0.1209 7.6978 -0.0621
v -0.1333 7.6972 -0.0389
v -0.1292 7.6709 -0.0682
v -0.1612 7.6454 -0.0232
v -0.1347 7.6503 -0.0682
v -0.0699 7.6898 -0.1172
v -0.0539 7.6905 -0.1260
v -0.0584 7.6700 -0.1264
v -0.0462 7.7223 -0.1240
v -0.0955 7.6951 -0.0954
v -0.1064 7.6727 -0.0937
v -0.0070 7.7995 -0.1277
v -0.1580 7.6728 -0.0111
v -0.1776 7.6258 0.2358
v -0.1669 7.6694 0.1218
v -0.1464 7.7017 0.0909
v -0.1233 7.7218 0.0660
v -0.1258 7.7211 0.0895
v -0.0842 7.7468 0.0110
v -0.0841 7.7519 0.0348
v -0.0519 7.7752 -0.0272
v -0.0528 7.7767 -0.0125
v -0.0276 7.7977 -0.0655
v -0.1749 7.6467 0.0695
v -0.1692 7.6669 0.0620
v -0.1539 7.6911 0.0436
v -0.0822 7.7463 -0.0343
v -0.0257 7.7955 -0.0841
v -0.0762 7.7456 -0.0132
v -0.1338 7.7115 0.0389
v -0.1533 7.6923 0.0629
v -0.0324 7.8048 -0.0086
v -0.0435 7.7921 0.0057
v -0.0538 7.7783 0.0030
v -0.0556 7.7809 0.0284
v -0.0517 7.7934 0.0591
v -0.0543 7.7966 0.0886
v -0.0661 7.7949 0.1614
v -0.0488 7.8227 0.1433
v -0.0704 7.8002 0.2109
v -0.0583 7.8180 0.1904
v -0.0736 7.8014 0.2382
v -0.0615 7.8218 0.2222
v -0.0575 7.8503 0.2399
v -0.0380 7.8285 0.1085
v -0.0443 7.8157 0.0969
v -0.1128 7.7442 0.2402
v -0.0879 7.7593 0.1262
v -0.1191 7.7322 0.1728
v -0.0984 7.7481 0.0929
v -0.1258 7.7239 0.1402
v -0.0854 7.7547 0.0695
v -0.1258 7.7224 0.1121
v -0.1314 7.7228 0.2409
v -0.1326 7.7207 0.2234
v -0.1326 7.7196 0.1940
v -0.1327 7.7184 0.1650
v -0.1511 7.6964 0.2372
v -0.1599 7.6796 0.2424
v -0.1507 7.6970 0.1650
v -0.1645 7.6712 0.1902
v -0.1709 7.6487 0.1718
v -0.1762 7.6499 0.2614
v 0.2053 7.6668 0.2668
v 0.2092 7.6473 0.2602
v 0.2110 7.6362 0.2484
v 0.2094 7.6267 0.2386
v -0.1529 7.7042 0.2869
v -0.1362 7.7267 0.3038
v -0.1105 7.7702 0.3595
v -0.1094 7.7805 0.3821
v -0.1121 7.7848 0.3829
v 0.1427 7.7878 0.4002
v 0.1397 7.7813 0.3863
v 0.1433 7.7792 0.3756
v 0.1445 7.7674 0.3543
v 0.1587 7.7476 0.3211
v 0.0063 7.7376 0.3143
v -0.0078 7.7162 0.2957
v -0.0094 7.7163 0.2954
v -0.0047 7.7005 0.2847
v 0.0081 7.6916 0.2797
v 0.1941 7.6925 0.2728
v 0.0269 7.6923 0.2800
v 0.1851 7.7034 0.2865
v 0.0370 7.7005 0.2847
v 0.0407 7.7162 0.2956
v 0.1677 7.7279 0.3049
v 0.0286 7.7369 0.3134
v -0.1421 7.9004 0.9311
v -0.0968 7.9017 0.9448
v -0.1337 7.8799 0.8452
v -0.0613 7.9022 0.9501
v -0.0354 7.9039 0.9552
v -0.1243 7.8565 0.7351
v 0.0207 7.9046 0.9577
v 0.1580 7.8541 0.7139
v 0.1511 7.8406 0.6603
v -0.1166 7.8335 0.6271
v 0.1483 7.8315 0.6173
v 0.1456 7.8219 0.5723
v -0.1116 7.8153 0.5410
v 0.1434 7.8129 0.5300
v -0.1097 7.8067 0.5008
v 0.1418 7.8050 0.4929
v -0.1084 7.7992 0.4655
v 0.1435 7.7999 0.4572
v 0.1409 7.7972 0.4286
v 0.0480 7.9043 0.9569
v 0.1567 7.8567 0.7358
v 0.1610 7.8643 0.7586
v 0.1041 7.9018 0.9483
v 0.1647 7.8736 0.8029
v 0.1644 7.8761 0.8273
v 0.1634 7.8989 0.9343
v 0.1764 7.8988 0.9245
v 0.1746 7.8999 0.9305
v -0.1116 7.8132 0.5311
v -0.1432 7.9366 0.9532
v -0.1424 7.9403 0.9533
v -0.1396 7.9394 0.9193
v -0.1356 7.9353 0.8859
v -0.1269 7.9262 0.8116
v -0.1146 7.9132 0.7063
v -0.1094 7.9078 0.6618
v -0.0945 7.8881 0.5119
v -0.0884 7.8858 0.4833
v -0.0839 7.8812 0.4452
v -0.0791 7.8761 0.4041
v -0.0644 7.8608 0.2789
v -0.0564 7.8524 0.2108
v -0.0381 7.8331 0.0539
v -0.0302 7.8229 0.0167
v -0.0913 7.9422 0.9664
v -0.0658 7.9427 0.9710
v -0.0151 7.9460 0.9730
v 0.0114 7.9460 0.9752
v 0.0630 7.9441 0.9746
v 0.1289 7.8902 0.5337
v 0.1220 7.8871 0.4936
v 0.1167 7.8816 0.4485
v 0.0878 7.9420 0.9713
v 0.1380 7.8996 0.6112
v 0.1337 7.8952 0.5745
v 0.1146 7.9424 0.9682
v 0.1481 7.9144 0.7161
v 0.1421 7.9082 0.6651
v 0.1415 7.9408 0.9611
v 0.1574 7.9241 0.7953
v 0.1558 7.9181 0.7625
v 0.1768 7.9411 0.9475
v 0.1697 7.9370 0.9000
v 0.1680 7.9306 0.8658
v 0.1061 7.8705 0.3586
v 0.1039 7.8643 0.3211
v 0.0971 7.8612 0.2822
v 0.0902 7.8507 0.2428
v 0.0897 7.8533 0.2186
v 0.0860 7.8458 0.1691
v 0.0802 7.8398 0.1194
v 0.0766 7.8360 0.0888
v 0.0706 7.8301 0.0370
v 0.0625 7.8228 0.0160
v 0.0602 7.8177 -0.0102
v 0.0577 7.8176 -0.0665
v 0.0292 7.8021 -0.1377
v 0.0357 7.8091 -0.1422
v 0.0564 7.8157 -0.0823
v 0.0527 7.8114 -0.1163
v 0.0437 7.8098 -0.1357
v 0.1745 7.9403 0.9534
v 0.0115 7.9423 0.9786
v -0.0400 7.9434 0.9748
v 0.0636 7.9416 0.9769
v -0.0153 7.9390 0.9776
v 0.1755 7.9366 0.9532
v 0.1774 7.9211 0.9410
v 0.0057 7.9044 0.9579
v 0.0874 7.9033 0.9528
v 0.1047 7.9041 0.9514
v 0.1279 7.9020 0.9456
v -0.0618 7.9044 0.9531
v 0.1481 7.8216 0.5593
v 0.1459 7.8098 0.4854
v 0.1474 7.8169 0.5193
v 0.1518 7.8337 0.6000
v 0.1545 7.8424 0.6416
v 0.1572 7.8505 0.6801
v 0.1718 7.8873 0.8557
v 0.1738 7.8919 0.8775
v 0.1762 7.9346 0.9167
v 0.1635 7.9215 0.8084
v 0.1651 7.8751 0.7840
v 0.1564 7.8656 0.6959
v 0.1473 7.8558 0.6044
v 0.1270 7.8339 0.4003
v 0.1251 7.8821 0.4822
v 0.1186 7.8755 0.4271
v 0.1122 7.8689 0.3729
v 0.1215 7.8280 0.3454
v 0.1012 7.8577 0.2796
v 0.1162 7.8223 0.2915
v 0.0966 7.8529 0.2402
v 0.1037 7.8190 0.2381
v 0.0870 7.8436 0.1972
v 0.1062 7.8115 0.1886
v 0.0834 7.8425 0.1409
v 0.1022 7.8072 0.1471
v 0.0966 7.7966 0.1111
v 0.0747 7.8306 0.0547
v 0.0950 7.7994 0.0704
v 0.0690 7.8249 0.0071
v 0.0843 7.7990 0.0435
v 0.0620 7.8200 -0.0334
v 0.0757 7.7944 -0.0062
v 0.0746 7.7905 -0.0374
v 0.0838 7.7864 -0.0622
v 0.0816 7.7836 -0.0913
v 0.1105 7.7645 -0.0319
v 0.1100 7.7610 -0.0650
v 0.1283 7.7518 -0.0117
v 0.1333 7.7379 -0.0408
v 0.1455 7.7401 0.0078
v 0.1616 7.7213 -0.0114
v 0.1730 7.7204 0.0394
v 0.1873 7.7061 0.0167
v 0.1789 7.7163 0.0651
v 0.1890 7.6943 0.0639
v 0.1863 7.6962 0.1153
v 0.2040 7.6859 0.1187
v 0.2028 7.6871 0.1597
v 0.2038 7.6702 0.1660
v 0.2082 7.6705 0.2131
v 0.2124 7.6502 0.2233
v 0.1429 7.7881 0.3764
v 0.1491 7.7670 0.3467
v 0.1339 7.7934 0.3220
v 0.1428 7.7726 0.2926
v 0.1549 7.7573 0.3128
v 0.1530 7.7549 0.2665
v 0.1328 7.7693 0.2423
v 0.1301 7.7892 0.2715
v 0.1265 7.7851 0.2230
v 0.1714 7.7338 0.3012
v 0.1818 7.7185 0.2750
v 0.1776 7.7171 0.2154
v 0.1830 7.7169 0.2427
v 0.1727 7.7275 0.1900
v 0.1780 7.7207 0.1627
v 0.1725 7.7246 0.1151
v 0.1839 7.7138 0.1312
v 0.1844 7.7121 0.0919
v 0.1977 7.6911 0.2757
v 0.1924 7.7038 0.2218
v 0.2007 7.6884 0.2367
v 0.1859 7.6996 0.1913
v 0.2017 7.6880 0.2006
v 0.1916 7.6952 0.1455
v 0.2033 7.6627 0.2464
v 0.2081 7.6495 0.1916
v 0.2049 7.6695 0.1353
v 0.2053 7.6842 0.0775
v 0.2048 7.6851 0.0343
v 0.2082 7.6486 0.1405
v 0.2067 7.6678 0.0849
v 0.2073 7.6674 0.0420
v 0.2119 7.6479 0.0925
v 0.2158 7.6399 0.0400
v 0.1452 7.9027 0.6526
v 0.1491 7.9066 0.6854
v 0.1526 7.9103 0.7152
v 0.1557 7.9135 0.7420
v 0.1285 7.7713 0.1968
v 0.1514 7.7529 0.2276
v 0.1287 7.7630 0.1618
v 0.1510 7.7424 0.1962
v 0.1273 7.7702 0.1372
v 0.1488 7.7491 0.1533
v 0.1322 7.7594 0.0952
v 0.1477 7.7471 0.1179
v 0.1331 7.7502 0.0562
v 0.1467 7.7448 0.0794
v 0.1293 7.7542 0.0216
v 0.1459 7.7425 0.0427
v 0.1183 7.7756 0.1068
v 0.1161 7.7728 0.0716
v 0.1138 7.7698 0.0343
v 0.1120 7.7670 -0.0002
v 0.1301 7.8920 0.5422
v 0.2048 7.6634 0.0179
v 0.2034 7.6840 0.0136
v 0.1830 7.6987 0.0119
v 0.1310 7.7418 -0.0635
v 0.0990 7.7625 -0.0848
v 0.0809 7.7746 -0.0957
v 0.0762 7.7832 -0.1084
v 0.0785 7.7657 -0.1171
v 0.0604 7.7734 -0.1195
v 0.0519 7.7718 -0.1359
v 0.0990 7.7436 -0.1142
v 0.1095 7.7197 -0.1139
v 0.1291 7.7134 -0.0893
v 0.1282 7.7091 -0.1054
v 0.1505 7.6888 -0.0922
v 0.1580 7.6668 -0.0915
v 0.1774 7.6678 -0.0601
v 0.1474 7.6516 -0.1039
v 0.1299 7.6625 -0.1136
v 0.1069 7.6648 -0.1204
v 0.1002 7.6947 -0.1308
v 0.0788 7.6912 -0.1354
v 0.0541 7.6913 -0.1431
v 0.0556 7.7233 -0.1377
v 0.0547 7.7479 -0.1433
v 0.0313 7.7489 -0.1498
v 0.0308 7.7736 -0.1414
v 0.0745 7.7464 -0.1336
v 0.0783 7.7237 -0.1334
v 0.2048 7.6655 -0.0128
v 0.1874 7.6877 -0.0350
v 0.1727 7.6927 -0.0598
v 0.1857 7.6687 -0.0374
v 0.1994 7.6439 -0.0387
v 0.1070 7.6584 -0.1312
v 0.0323 7.7223 -0.1437
v 0.0321 7.6935 -0.1480
v 0.0827 7.7521 -0.1191
v 0.1995 7.6825 -0.0090
v 0.1817 7.6938 -0.0152
v 0.1540 7.7174 -0.0383
v 0.1563 7.7141 -0.0632
v 0.1157 7.7461 -0.0887
v 0.1282 7.7331 -0.0861
v 0.0966 7.7589 -0.1041
v 0.1273 7.6859 -0.1146
v 0.1072 7.6538 -0.1287
v 0.2171 7.6236 0.1151
v 0.2191 7.6236 0.0653
v 0.1770 7.7221 0.2967
v 0.0043 7.6946 0.2419
v -0.0091 7.7151 0.2412
v -0.0060 7.7279 0.2407
v 0.0078 7.7383 0.2404
v 0.0320 7.6963 0.2418
v 0.1922 7.6796 0.2424
v 0.1835 7.6964 0.2372
v 0.1637 7.7228 0.2409
v 0.0404 7.7194 0.2410
v 0.1060 7.8014 0.2382
v 0.0288 7.7370 0.2404
v 0.1451 7.7442 0.2402
v 0.2032 7.6487 0.1718
v 0.1993 7.6694 0.1218
v 0.1787 7.7017 0.0909
v 0.1581 7.7211 0.0895
v 0.1557 7.7218 0.0660
v 0.1165 7.7519 0.0348
v 0.1165 7.7468 0.0110
v 0.0852 7.7767 -0.0125
v 0.0842 7.7752 -0.0272
v 0.0599 7.7977 -0.0655
v 0.0581 7.7955 -0.0841
v 0.1959 7.6717 0.2198
v 0.1650 7.7207 0.2234
v 0.0985 7.7949 0.1614
v 0.1027 7.8002 0.2109
v 0.0906 7.8180 0.1904
v 0.0939 7.8218 0.2222
v 0.0812 7.8227 0.1433
v 0.0703 7.8285 0.1085
v 0.0767 7.8157 0.0969
v 0.0866 7.7966 0.0886
v 0.1203 7.7593 0.1262
v 0.1190 7.7569 0.0973
v 0.1582 7.7239 0.1402
v 0.1581 7.7224 0.1121
v 0.0841 7.7934 0.0591
v 0.0758 7.7921 0.0058
v 0.0880 7.7809 0.0284
v 0.1178 7.7547 0.0695
v 0.0862 7.7783 0.0030
v 0.0652 7.8042 -0.0084
v 0.0460 7.8009 -0.1164
v 0.0681 7.7818 -0.0914
v 0.0838 7.7698 -0.0652
v 0.1039 7.7526 -0.0573
v 0.1146 7.7463 -0.0343
v 0.1578 7.7166 0.0116
v 0.1862 7.6911 0.0436
v 0.2015 7.6669 0.0620
v 0.2072 7.6467 0.0695
v 0.1830 7.6970 0.1650
v 0.1651 7.7184 0.1650
v 0.1650 7.7196 0.1940
v 0.1969 7.6712 0.1902
v 0.1515 7.7322 0.1728
v 0.1086 7.7456 -0.0132
v 0.1662 7.7115 0.0389
v 0.0893 7.7571 -0.0918
v 0.1657 7.6972 -0.0389
v 0.1532 7.6978 -0.0621
v 0.1616 7.6709 -0.0682
v 0.1419 7.6670 -0.0921
v 0.0907 7.6700 -0.1264
v 0.1671 7.6503 -0.0682
v 0.1676 7.7049 -0.0160
v 0.1904 7.6728 -0.0111
v 0.1936 7.6454 -0.0232
v 0.1917 7.6798 0.0065
v 0.0394 7.7995 -0.1277
v 0.0862 7.6905 -0.1260
v 0.1022 7.6898 -0.1172
v 0.1322 7.6932 -0.0919
v 0.0828 7.7220 -0.1212
v 0.1288 7.7259 -0.0670
v 0.1086 7.7296 -0.0945
v 0.0533 7.8296 0.1171
v 0.0364 7.8308 0.1265
v -0.0041 7.8308 0.1265
v -0.0209 7.8296 0.1171
v 0.0419 7.8269 0.0950
v -0.0121 7.8268 0.0940
v 0.0469 7.8266 0.0930
v 0.0706 7.6685 0.0938
v 0.0545 7.6685 0.1071
v 0.0706 7.6685 0.0080
v 0.0591 7.6685 -0.0035
v -0.0267 7.6685 -0.0035
v -0.0383 7.6685 0.0080
v -0.0383 7.6685 0.0938
v -0.0201 7.6685 0.1087
v 0.0051 7.6959 0.1211
v -0.0014 7.6685 0.1203
v -0.0032 7.7238 0.1210
v 0.0085 7.7372 0.1217
v 0.0306 7.6972 0.1211
v 0.0264 7.7370 0.1220
v 0.0355 7.7238 0.1210
v 0.0128 7.7341 0.0975
v 0.0229 7.7335 0.0975
v 0.0332 7.7213 0.0975
v 0.0283 7.7007 0.0975
v 0.0071 7.6994 0.0975
v -0.0129 7.6706 0.0946
v 0.0419 7.6698 0.0959
v -0.0008 7.7213 0.0975
v -0.0272 7.6699 0.0075
v 0.0595 7.6699 0.0075
v 0.0486 7.6708 0.0934
v 0.0366 7.6685 0.1192
v 0.0043 7.5002 -0.0417
v 0.0043 7.7436 -0.0417
v 0.0399 7.5002 -0.0406
v 0.0399 7.7436 -0.0406
v 0.0628 7.5002 -0.0336
v 0.0628 7.7436 -0.0336
v 0.0838 7.5002 -0.0224
v 0.0838 7.7436 -0.0224
v 0.1022 7.5002 -0.0072
v 0.1174 7.5002 0.0112
v 0.1286 7.5002 0.0322
v 0.1286 7.7436 0.0322
v 0.1356 7.5002 0.0551
v 0.1367 7.5002 0.0907
v 0.1367 7.7436 0.0907
v 0.1286 7.5002 0.1254
v 0.1286 7.7436 0.1254
v 0.1174 7.5002 0.1464
v 0.1174 7.7436 0.1464
v 0.1022 7.5002 0.1649
v 0.1022 7.7436 0.1649
v 0.0838 7.5002 0.1800
v 0.0838 7.7436 0.1800
v 0.0628 7.5002 0.1913
v 0.0628 7.7436 0.1913
v 0.0399 7.5002 0.1982
v 0.0399 7.7436 0.1982
v 0.0043 7.5002 0.1994
v 0.0043 7.7436 0.1994
v -0.0304 7.5002 0.1913
v -0.0304 7.7436 0.1913
v -0.0514 7.5002 0.1800
v -0.0514 7.7436 0.1800
v -0.0699 7.5002 0.1649
v -0.0699 7.7436 0.1649
v -0.0850 7.5002 0.1464
v -0.0850 7.7436 0.1464
v -0.0963 7.5002 0.1254
v -0.0963 7.7436 0.1254
v -0.1044 7.5002 0.0907
v -0.1032 7.5002 0.0551
v -0.0963 7.5002 0.0322
v -0.0963 7.7436 0.0322
v -0.0850 7.5002 0.0112
v -0.0699 7.5002 -0.0072
v -0.0514 7.5002 -0.0224
v -0.0514 7.7436 -0.0224
v -0.0304 7.5002 -0.0336
v -0.0304 7.7436 -0.0336
vn -0.217 -0.976 0.008
vn -0.205 -0.979 0.004
vn -0.206 -0.978 0.012
vn -0.217 -0.976 0.008
vn -0.206 -0.978 0.012
vn -0.242 -0.970 0.009
vn -0.217 -0.976 0.008
vn -0.242 -0.970 0.009
vn -0.314 -0.947 -0.070
vn -0.314 -0.947 -0.070
vn -0.242 -0.970 0.009
vn -0.792 -0.611 0.011
vn 0.282 -0.947 -0.155
vn 0.104 -0.994 -0.013
vn 0.295 -0.955 0.006
vn 0.295 -0.955 0.006
vn 0.370 -0.929 0.019
vn 0.429 -0.903 0.010
vn -0.581 0.814 0.027
vn -0.434 0.901 0.027
vn -0.581 0.814 0.027
vn -0.581 0.814 0.027
vn -0.965 0.260 0.031
vn -0.959 0.279 0.050
vn -0.792 -0.611 0.011
vn -0.314 -0.947 -0.070
vn -0.242 -0.970 0.009
vn 0.990 0.112 -0.081
vn 0.792 0.611 -0.011
vn 0.792 0.611 -0.011
vn 0.683 -0.730 -0.027
vn 0.581 -0.814 -0.027
vn 0.581 -0.814 -0.027
vn 0.581 -0.814 -0.027
vn -0.148 -0.989 0.010
vn -0.205 -0.979 0.004
vn -0.990 0.133 -0.049
vn -0.979 0.205 0.022
vn -0.971 0.234 -0.043
vn -0.971 0.234 -0.043
vn -0.979 0.205 0.022
vn -0.969 0.245 0.038
vn -0.971 0.234 -0.043
vn -0.969 0.245 0.038
vn -0.980 0.197 -0.026
vn -0.980 0.197 -0.026
vn -0.969 0.245 0.038
vn -0.985 0.169 0.023
vn -0.980 0.197 -0.026
vn -0.985 0.169 0.023
vn -0.940 0.338 0.049
vn -0.980 0.197 -0.026
vn -0.940 0.338 0.049
vn -0.900 0.435 -0.025
vn -0.866 0.499 -0.034
vn -0.891 0.453 0.037
vn -0.791 0.611 0.040
vn -0.866 0.499 -0.034
vn -0.791 0.611 0.040
vn -0.702 0.710 -0.056
vn -0.702 0.710 -0.056
vn -0.791 0.611 0.040
vn -0.674 0.738 -0.039
vn -0.702 0.710 -0.056
vn -0.674 0.738 -0.039
vn -0.643 0.761 -0.085
vn -0.643 0.761 -0.085
vn -0.674 0.738 -0.039
vn -0.609 0.792 -0.044
vn -0.609 0.792 -0.044
vn -0.674 0.738 -0.039
vn -0.637 0.768 -0.068
vn -0.609 0.792 -0.044
vn -0.637 0.768 -0.068
vn -0.258 0.963 -0.080
vn -0.485 0.858 -0.170
vn -0.637 0.768 -0.068
vn -0.699 0.706 -0.110
vn -0.969 0.237 -0.074
vn -0.699 0.706 -0.110
vn -0.742 0.657 -0.136
vn -0.742 0.657 -0.136
vn -0.699 0.706 -0.110
vn -0.725 0.686 -0.062
vn -0.742 0.657 -0.136
vn -0.725 0.686 -0.062
vn -0.792 0.598 -0.122
vn -0.792 0.598 -0.122
vn -0.725 0.686 -0.062
vn -0.824 0.550 -0.137
vn -0.792 0.598 -0.122
vn -0.824 0.550 -0.137
vn -0.877 0.460 -0.140
vn -0.885 0.445 -0.138
vn -0.833 0.537 -0.137
vn -0.901 0.391 -0.189
vn -0.908 0.375 -0.189
vn -0.833 0.537 -0.137
vn -0.866 0.477 -0.153
vn -0.901 0.391 -0.189
vn -0.866 0.477 -0.153
vn -0.877 0.452 -0.161
vn -0.877 0.452 -0.161
vn -0.866 0.477 -0.153
vn -0.863 0.483 -0.149
vn -0.863 0.483 -0.149
vn -0.866 0.477 -0.153
vn -0.872 0.477 -0.105
vn -0.863 0.483 -0.149
vn -0.872 0.477 -0.105
vn -0.874 0.483 -0.052
vn -0.874 0.483 -0.052
vn -0.872 0.477 -0.105
vn -0.883 0.449 -0.135
vn -0.874 0.483 -0.052
vn -0.883 0.449 -0.135
vn -0.927 0.343 -0.151
vn -0.927 0.343 -0.151
vn -0.883 0.449 -0.135
vn -0.929 0.307 -0.205
vn -0.929 0.307 -0.205
vn -0.883 0.449 -0.135
vn -0.912 0.376 -0.165
vn -0.929 0.307 -0.205
vn -0.912 0.376 -0.165
vn -0.924 0.359 -0.134
vn -0.924 0.359 -0.134
vn -0.912 0.376 -0.165
vn -0.918 0.376 -0.125
vn -0.924 0.359 -0.134
vn -0.918 0.376 -0.125
vn -0.913 0.380 -0.149
vn -0.916 0.373 -0.148
vn -0.918 0.376 -0.125
vn -0.952 0.282 -0.123
vn -0.919 0.367 -0.148
vn -0.952 0.282 -0.123
vn -0.933 0.324 -0.156
vn -0.933 0.324 -0.156
vn -0.952 0.282 -0.123
vn -0.957 0.262 -0.124
vn -0.957 0.262 -0.124
vn -0.952 0.282 -0.123
vn -0.970 0.209 -0.121
vn -0.957 0.262 -0.124
vn -0.970 0.209 -0.121
vn -0.956 0.265 -0.122
vn -0.956 0.265 -0.122
vn -0.970 0.209 -0.121
vn -0.964 0.226 -0.141
vn -0.964 0.226 -0.141
vn -0.970 0.209 -0.121
vn -0.960 0.226 -0.163
vn -0.960 0.226 -0.163
vn -0.970 0.209 -0.121
vn -0.974 0.182 -0.137
vn -0.974 0.182 -0.137
vn -0.970 0.209 -0.121
vn -0.985 0.133 -0.106
vn -0.974 0.182 -0.137
vn -0.985 0.133 -0.106
vn -0.976 0.171 -0.136
vn -0.976 0.171 -0.136
vn -0.985 0.133 -0.106
vn -0.958 0.258 -0.122
vn -0.958 0.258 -0.122
vn -0.985 0.133 -0.106
vn -0.956 0.265 -0.127
vn -0.956 0.265 -0.127
vn -0.985 0.133 -0.106
vn -0.986 0.121 -0.116
vn -0.984 0.139 -0.111
vn -0.988 0.102 -0.112
vn -0.990 0.061 -0.124
vn -0.990 0.061 -0.124
vn -0.988 0.102 -0.112
vn -0.988 0.098 -0.116
vn -0.985 0.125 -0.120
vn -0.986 0.121 -0.116
vn -0.986 0.126 -0.106
vn -0.985 0.125 -0.120
vn -0.986 0.126 -0.106
vn -0.993 0.044 -0.112
vn -0.979 0.205 0.022
vn -0.959 0.279 0.050
vn -0.969 0.245 0.038
vn -0.969 0.245 0.038
vn -0.959 0.279 0.050
vn -0.972 0.231 0.036
vn -0.969 0.245 0.038
vn -0.972 0.231 0.036
vn -0.988 0.151 0.039
vn -0.988 0.151 0.039
vn -0.972 0.231 0.036
vn -0.989 0.145 0.023
vn -0.988 0.151 0.039
vn -0.989 0.145 0.023
vn -0.997 0.072 0.028
vn -0.997 0.072 0.028
vn -0.989 0.145 0.023
vn -0.987 0.158 0.027
vn -0.590 0.807 -0.004
vn -0.718 0.693 -0.064
vn -0.785 0.619 -0.034
vn -0.785 0.619 -0.034
vn -0.718 0.693 -0.064
vn -0.787 0.609 -0.095
vn -0.785 0.619 -0.034
vn -0.787 0.609 -0.095
vn -0.779 0.624 -0.065
vn -0.779 0.624 -0.065
vn -0.787 0.609 -0.095
vn -0.736 0.676 -0.040
vn -0.736 0.670 -0.092
vn -0.577 0.809 -0.108
vn -0.772 0.632 -0.061
vn -0.779 0.624 -0.065
vn -0.810 0.586 -0.012
vn -0.757 0.646 -0.096
vn -0.757 0.646 -0.096
vn -0.810 0.586 -0.012
vn -0.797 0.604 -0.010
vn -0.757 0.646 -0.096
vn -0.797 0.604 -0.010
vn -0.768 0.636 -0.071
vn -0.768 0.636 -0.071
vn -0.797 0.604 -0.010
vn -0.850 0.525 0.034
vn -0.768 0.636 -0.071
vn -0.850 0.525 0.034
vn -0.857 0.515 -0.034
vn -0.857 0.515 -0.034
vn -0.850 0.525 0.034
vn -0.887 0.459 -0.050
vn -0.857 0.515 -0.034
vn -0.887 0.459 -0.050
vn -0.836 0.539 -0.107
vn -0.836 0.539 -0.107
vn -0.887 0.459 -0.050
vn -0.897 0.430 -0.105
vn -0.897 0.430 -0.105
vn -0.887 0.459 -0.050
vn -0.914 0.393 -0.102
vn -0.897 0.430 -0.105
vn -0.914 0.393 -0.102
vn -0.923 0.375 -0.086
vn -0.959 0.279 0.050
vn -0.968 0.249 0.031
vn -0.972 0.231 0.036
vn -0.972 0.231 0.036
vn -0.968 0.249 0.031
vn -0.978 0.209 -0.019
vn -0.972 0.231 0.036
vn -0.978 0.209 -0.019
vn -0.989 0.145 0.023
vn -0.989 0.145 0.023
vn -0.978 0.209 -0.019
vn -0.973 0.233 -0.001
vn -0.989 0.145 0.023
vn -0.973 0.233 -0.001
vn -0.987 0.158 0.027
vn -0.987 0.158 0.027
vn -0.973 0.233 -0.001
vn -0.962 0.271 0.029
vn -0.922 0.386 -0.017
vn -0.962 0.271 0.029
vn -0.787 0.609 -0.095
vn -0.787 0.609 -0.095
vn -0.962 0.271 0.029
vn -0.870 0.491 0.052
vn -0.787 0.609 -0.095
vn -0.870 0.491 0.052
vn -0.784 0.619 -0.039
vn -0.784 0.619 -0.039
vn -0.870 0.491 0.052
vn -0.822 0.569 -0.011
vn -0.822 0.569 -0.011
vn -0.896 0.418 0.152
vn -0.797 0.604 -0.010
vn -0.968 0.249 0.031
vn -0.998 0.059 0.003
vn -0.978 0.209 -0.019
vn -0.978 0.209 -0.019
vn -0.998 0.059 0.003
vn -0.980 0.196 -0.022
vn -0.978 0.209 -0.019
vn -0.980 0.196 -0.022
vn -0.973 0.233 -0.001
vn -0.973 0.233 -0.001
vn -0.980 0.196 -0.022
vn -0.951 0.309 0.010
vn -0.284 0.926 0.248
vn -0.284 0.926 0.248
vn -0.284 0.926 0.248
vn -0.982 0.180 -0.062
vn -0.951 0.309 0.010
vn -0.937 0.345 0.055
vn -0.982 0.180 -0.062
vn -0.937 0.345 0.055
vn -0.962 0.271 0.029
vn -0.962 0.271 0.029
vn -0.937 0.345 0.055
vn -0.870 0.491 0.052
vn -0.980 0.196 -0.022
vn -0.998 0.059 0.003
vn -0.999 0.048 0.012
vn -0.980 0.196 -0.022
vn -0.999 0.048 0.012
vn -0.951 0.309 0.010
vn -0.937 0.345 0.055
vn -0.822 0.569 -0.011
vn -0.870 0.491 0.052
vn -0.923 0.375 -0.086
vn -0.997 0.073 -0.009
vn -0.964 0.252 -0.082
vn 0.224 0.947 -0.229
vn 0.131 0.937 -0.323
vn 0.196 0.947 -0.253
vn 0.224 0.947 -0.229
vn 0.196 0.947 -0.253
vn 0.263 0.946 -0.188
vn 0.263 0.946 -0.188
vn 0.275 0.943 -0.186
vn 0.224 0.947 -0.229
vn -0.964 0.252 -0.082
vn -0.944 0.310 -0.113
vn -0.952 0.282 -0.123
vn -0.964 0.252 -0.082
vn -0.952 0.282 -0.123
vn -0.923 0.375 -0.086
vn -0.923 0.375 -0.086
vn -0.952 0.282 -0.123
vn -0.918 0.376 -0.125
vn -0.923 0.375 -0.086
vn -0.918 0.376 -0.125
vn -0.897 0.430 -0.105
vn -0.897 0.430 -0.105
vn -0.918 0.376 -0.125
vn -0.912 0.376 -0.165
vn -0.897 0.430 -0.105
vn -0.912 0.376 -0.165
vn -0.867 0.476 -0.145
vn -0.867 0.476 -0.145
vn -0.912 0.376 -0.165
vn -0.883 0.449 -0.135
vn -0.867 0.476 -0.145
vn -0.883 0.449 -0.135
vn -0.867 0.489 -0.099
vn -0.867 0.489 -0.099
vn -0.883 0.449 -0.135
vn -0.872 0.477 -0.105
vn -0.867 0.489 -0.099
vn -0.872 0.477 -0.105
vn -0.839 0.535 -0.102
vn -0.839 0.535 -0.102
vn -0.872 0.477 -0.105
vn -0.866 0.477 -0.153
vn -0.839 0.535 -0.102
vn -0.866 0.477 -0.153
vn -0.771 0.631 -0.082
vn -0.771 0.631 -0.082
vn -0.866 0.477 -0.153
vn -0.824 0.550 -0.137
vn -0.771 0.631 -0.082
vn -0.824 0.550 -0.137
vn -0.725 0.686 -0.062
vn -0.944 0.310 -0.113
vn -0.969 0.224 -0.101
vn -0.952 0.282 -0.123
vn -0.952 0.282 -0.123
vn -0.973 0.209 -0.098
vn -0.970 0.209 -0.121
vn -0.973 0.209 -0.098
vn -0.996 0.037 -0.079
vn -0.970 0.209 -0.121
vn -0.970 0.209 -0.121
vn -0.996 0.037 -0.079
vn -0.990 0.106 -0.090
vn -0.970 0.209 -0.121
vn -0.971 0.214 -0.110
vn -0.989 0.114 -0.090
vn -0.970 0.209 -0.121
vn -0.997 0.017 -0.071
vn -0.985 0.133 -0.106
vn -0.985 0.133 -0.106
vn -0.997 0.017 -0.071
vn -0.995 -0.036 -0.091
vn -0.985 0.133 -0.106
vn -0.995 -0.036 -0.091
vn -0.996 -0.049 -0.075
vn -0.985 0.133 -0.106
vn -0.986 0.120 -0.115
vn -0.986 0.121 -0.116
vn -0.990 0.080 -0.114
vn -0.993 0.044 -0.112
vn -0.991 -0.011 -0.136
vn -0.991 -0.011 -0.136
vn -0.993 0.044 -0.112
vn -0.996 -0.022 -0.088
vn -0.991 -0.011 -0.136
vn -0.996 -0.022 -0.088
vn -0.997 0.006 -0.075
vn -0.997 0.006 -0.075
vn -0.996 -0.022 -0.088
vn -1.000 -0.019 0.001
vn 0.968 -0.129 0.213
vn 0.956 0.287 0.059
vn 0.740 -0.648 0.180
vn -0.792 0.598 -0.122
vn -0.892 0.432 -0.137
vn -0.995 0.087 -0.054
vn -0.792 0.598 -0.122
vn -0.907 0.362 -0.214
vn -0.742 0.657 -0.136
vn -0.742 0.657 -0.136
vn -0.794 0.574 -0.199
vn -0.678 0.727 -0.109
vn -0.742 0.657 -0.136
vn -0.678 0.727 -0.109
vn -0.969 0.237 -0.074
vn -0.485 0.858 -0.170
vn -0.678 0.727 -0.109
vn -0.643 0.765 -0.046
vn -0.258 0.963 -0.080
vn -0.643 0.765 -0.046
vn -0.609 0.792 -0.044
vn -0.609 0.792 -0.044
vn -0.643 0.765 -0.046
vn -0.651 0.747 -0.130
vn -0.609 0.792 -0.044
vn -0.651 0.747 -0.130
vn -0.643 0.761 -0.085
vn -0.643 0.761 -0.085
vn -0.651 0.747 -0.130
vn -0.687 0.701 -0.190
vn -0.643 0.761 -0.085
vn -0.687 0.701 -0.190
vn -0.702 0.710 -0.056
vn -0.885 0.445 -0.138
vn -0.921 0.366 -0.132
vn -0.994 0.094 -0.046
vn -0.993 -0.078 -0.092
vn -0.790 -0.495 -0.361
vn -0.676 -0.310 -0.669
vn -0.994 0.096 -0.046
vn -0.857 0.502 -0.117
vn -0.808 0.578 -0.117
vn -0.808 0.578 -0.117
vn -0.857 0.502 -0.117
vn -0.872 0.483 -0.081
vn -0.808 0.578 -0.117
vn -0.890 0.450 -0.075
vn -0.728 0.684 -0.049
vn -0.728 0.684 -0.049
vn -0.890 0.450 -0.075
vn -0.890 0.437 -0.125
vn -0.728 0.684 -0.049
vn -0.890 0.437 -0.125
vn -0.759 0.647 -0.067
vn -0.728 0.684 -0.049
vn -0.755 0.652 -0.068
vn -0.690 0.724 -0.003
vn -0.690 0.724 -0.003
vn -0.755 0.652 -0.068
vn -0.739 0.653 -0.165
vn -0.739 0.653 -0.165
vn -0.755 0.652 -0.068
vn -0.758 0.603 -0.251
vn -0.690 0.724 -0.003
vn -0.739 0.653 -0.165
vn -0.638 0.767 -0.064
vn -0.638 0.767 -0.064
vn -0.739 0.653 -0.165
vn -0.710 0.688 -0.147
vn -0.638 0.767 -0.064
vn -0.710 0.688 -0.147
vn -0.688 0.715 -0.125
vn -0.688 0.715 -0.125
vn -0.710 0.688 -0.147
vn -0.704 0.695 -0.146
vn -0.688 0.715 -0.125
vn -0.704 0.695 -0.146
vn -0.651 0.747 -0.130
vn -0.651 0.747 -0.130
vn -0.704 0.695 -0.146
vn -0.687 0.701 -0.190
vn -0.969 0.245 0.038
vn -0.988 0.151 0.039
vn -0.985 0.169 0.023
vn -0.985 0.169 0.023
vn -0.988 0.151 0.039
vn -0.996 0.086 0.030
vn -0.985 0.169 0.023
vn -0.996 0.086 0.030
vn -0.940 0.338 0.049
vn -0.702 0.709 0.057
vn -0.532 0.846 -0.028
vn -0.704 0.705 0.083
vn -0.891 0.453 0.037
vn -0.814 0.580 0.041
vn -0.791 0.611 0.040
vn -0.791 0.611 0.040
vn -0.814 0.580 0.041
vn -0.845 0.535 0.029
vn -0.791 0.611 0.040
vn -0.845 0.535 0.029
vn -0.674 0.738 -0.039
vn -0.651 0.747 -0.130
vn -0.643 0.765 -0.046
vn -0.688 0.715 -0.125
vn -0.688 0.715 -0.125
vn -0.643 0.765 -0.046
vn -0.622 0.777 -0.097
vn -0.688 0.715 -0.125
vn -0.622 0.777 -0.097
vn -0.638 0.767 -0.064
vn -0.638 0.767 -0.064
vn -0.622 0.777 -0.097
vn -0.728 0.684 -0.049
vn -0.638 0.767 -0.064
vn -0.728 0.684 -0.049
vn -0.690 0.724 -0.003
vn -0.988 0.151 0.039
vn -0.997 0.072 0.028
vn -0.996 0.086 0.030
vn -0.532 0.846 -0.028
vn -0.590 0.807 -0.004
vn -0.796 0.605 0.001
vn -0.532 0.846 -0.028
vn -0.761 0.648 0.025
vn -0.704 0.705 0.083
vn -0.914 0.399 0.077
vn -0.831 0.556 0.011
vn -0.884 0.466 -0.019
vn -0.914 0.399 0.077
vn -0.884 0.466 -0.019
vn -0.845 0.535 0.029
vn -0.845 0.535 0.029
vn -0.884 0.466 -0.019
vn -0.674 0.738 -0.036
vn -0.845 0.535 0.029
vn -0.674 0.738 -0.036
vn -0.674 0.738 -0.039
vn -0.674 0.738 -0.039
vn -0.674 0.738 -0.036
vn -0.637 0.768 -0.068
vn -0.736 0.665 -0.129
vn -0.728 0.684 -0.049
vn -0.622 0.777 -0.097
vn -0.736 0.665 -0.129
vn -0.622 0.777 -0.097
vn -0.678 0.727 -0.109
vn -0.678 0.727 -0.109
vn -0.622 0.777 -0.097
vn -0.643 0.765 -0.046
vn -0.590 0.807 -0.004
vn -0.785 0.619 -0.034
vn -0.796 0.605 0.001
vn -0.796 0.605 0.001
vn -0.785 0.619 -0.034
vn -0.795 0.607 0.003
vn -0.796 0.605 0.001
vn -0.795 0.607 0.003
vn -0.884 0.466 -0.019
vn -0.884 0.466 -0.019
vn -0.795 0.607 0.003
vn -0.674 0.738 -0.036
vn -0.674 0.738 -0.036
vn -0.795 0.607 0.003
vn -0.690 0.722 -0.057
vn -0.674 0.738 -0.036
vn -0.690 0.722 -0.057
vn -0.637 0.768 -0.068
vn -0.637 0.768 -0.068
vn -0.690 0.722 -0.057
vn -0.699 0.706 -0.110
vn -0.794 0.574 -0.199
vn -0.736 0.665 -0.129
vn -0.678 0.727 -0.109
vn -0.982 0.180 -0.062
vn -0.962 0.271 0.029
vn -0.973 0.233 -0.001
vn -0.785 0.619 -0.034
vn -0.790 0.610 -0.065
vn -0.795 0.607 0.003
vn -0.795 0.607 0.003
vn -0.790 0.610 -0.065
vn -0.672 0.737 0.067
vn -0.795 0.607 0.003
vn -0.672 0.737 0.067
vn -0.662 0.749 0.022
vn -0.795 0.607 0.003
vn -0.662 0.749 0.022
vn -0.690 0.722 -0.057
vn -0.690 0.722 -0.057
vn -0.662 0.749 0.022
vn -0.771 0.631 -0.082
vn -0.690 0.722 -0.057
vn -0.771 0.631 -0.082
vn -0.699 0.706 -0.110
vn -0.699 0.706 -0.110
vn -0.771 0.631 -0.082
vn -0.725 0.686 -0.062
vn -0.672 0.737 0.067
vn -0.779 0.624 -0.065
vn -0.702 0.710 -0.053
vn -0.672 0.737 0.067
vn -0.702 0.710 -0.053
vn -0.662 0.749 0.022
vn -0.662 0.749 0.022
vn -0.702 0.710 -0.053
vn -0.689 0.724 0.016
vn -0.662 0.749 0.022
vn -0.689 0.724 0.016
vn -0.753 0.653 -0.084
vn -0.779 0.624 -0.065
vn -0.757 0.646 -0.096
vn -0.702 0.710 -0.053
vn -0.702 0.710 -0.053
vn -0.757 0.646 -0.096
vn -0.839 0.535 -0.102
vn -0.702 0.710 -0.053
vn -0.839 0.535 -0.102
vn -0.750 0.661 0.011
vn -0.862 0.494 -0.112
vn -0.857 0.503 -0.111
vn -0.780 0.617 -0.102
vn -0.828 0.551 -0.106
vn -0.757 0.646 -0.096
vn -0.808 0.578 -0.114
vn -0.808 0.578 -0.114
vn -0.757 0.646 -0.096
vn -0.768 0.636 -0.071
vn -0.808 0.578 -0.114
vn -0.768 0.636 -0.071
vn -0.836 0.539 -0.107
vn -0.836 0.539 -0.107
vn -0.768 0.636 -0.071
vn -0.857 0.515 -0.034
vn -0.867 0.476 -0.145
vn -0.867 0.489 -0.099
vn -0.808 0.578 -0.114
vn -0.808 0.578 -0.114
vn -0.867 0.489 -0.099
vn -0.839 0.535 -0.102
vn -0.867 0.476 -0.145
vn -0.808 0.578 -0.114
vn -0.836 0.539 -0.107
vn -0.897 0.430 -0.105
vn -0.867 0.476 -0.145
vn -0.836 0.539 -0.107
vn -0.112 0.064 -0.992
vn -0.199 0.096 -0.975
vn -0.123 0.013 -0.992
vn -0.123 0.013 -0.992
vn -0.199 0.096 -0.975
vn -0.227 0.019 -0.974
vn -0.123 0.013 -0.992
vn -0.227 0.019 -0.974
vn -0.276 0.013 -0.961
vn -0.265 0.948 -0.176
vn -0.211 0.977 -0.029
vn -0.443 0.882 -0.161
vn -0.683 0.536 -0.496
vn -0.651 0.306 -0.695
vn -0.681 0.314 -0.661
vn -0.653 0.378 -0.657
vn -0.653 0.294 -0.698
vn -0.658 0.330 -0.677
vn -0.648 0.222 -0.729
vn -0.598 0.260 -0.758
vn -0.618 0.292 -0.730
vn -0.627 0.266 -0.733
vn -0.618 0.292 -0.730
vn -0.584 0.141 -0.800
vn -0.696 0.372 -0.614
vn -0.584 0.141 -0.800
vn -0.734 0.297 -0.611
vn -0.734 0.297 -0.611
vn -0.584 0.141 -0.800
vn -0.607 0.072 -0.791
vn -0.734 0.297 -0.611
vn -0.595 0.144 -0.791
vn -0.701 0.212 -0.681
vn -0.701 0.212 -0.681
vn -0.626 -0.053 -0.778
vn -0.756 0.219 -0.617
vn -0.244 0.089 -0.966
vn -0.324 0.017 -0.946
vn -0.239 0.108 -0.965
vn -0.239 0.108 -0.965
vn -0.324 0.017 -0.946
vn -0.445 0.164 -0.880
vn -0.506 0.157 -0.848
vn -0.620 0.329 -0.712
vn -0.482 0.212 -0.850
vn -0.452 0.163 -0.877
vn -0.618 0.292 -0.730
vn -0.653 0.294 -0.698
vn -0.816 0.025 -0.577
vn -0.665 -0.106 -0.739
vn -0.624 0.186 -0.759
vn -0.506 0.157 -0.848
vn -0.557 -0.070 -0.828
vn -0.584 0.141 -0.800
vn -0.506 0.157 -0.848
vn -0.584 0.141 -0.800
vn -0.620 0.329 -0.712
vn -0.252 0.825 -0.506
vn -0.559 0.520 -0.646
vn -0.252 0.825 -0.506
vn -0.384 -0.114 -0.916
vn -0.607 0.072 -0.791
vn -0.584 0.141 -0.800
vn -0.607 0.072 -0.791
vn -0.626 -0.053 -0.778
vn -0.701 0.212 -0.681
vn -0.701 0.212 -0.681
vn -0.756 0.219 -0.617
vn -0.835 0.205 -0.510
vn -0.835 0.205 -0.510
vn -0.756 0.219 -0.617
vn -0.863 0.276 -0.424
vn -0.835 0.205 -0.510
vn -0.863 0.276 -0.424
vn -0.843 0.221 -0.491
vn -0.843 0.221 -0.491
vn -0.852 0.319 -0.415
vn -0.847 0.306 -0.435
vn -0.843 0.221 -0.491
vn -0.847 0.306 -0.435
vn -0.942 0.174 -0.289
vn -0.942 0.174 -0.289
vn -0.847 0.306 -0.435
vn -0.962 0.052 -0.269
vn -0.942 0.174 -0.289
vn -0.962 0.052 -0.269
vn -0.970 0.197 -0.142
vn -0.942 0.174 -0.289
vn -0.970 0.197 -0.142
vn -0.976 0.203 -0.074
vn -0.976 0.203 -0.074
vn -0.970 0.197 -0.142
vn -0.971 0.234 -0.043
vn -0.976 0.203 -0.074
vn -0.971 0.234 -0.043
vn -0.980 0.197 -0.026
vn -0.976 0.203 -0.074
vn -0.980 0.197 -0.026
vn -0.989 0.126 -0.082
vn -0.976 0.203 -0.074
vn -0.989 0.126 -0.082
vn -0.942 0.174 -0.289
vn -0.942 0.174 -0.289
vn -0.910 0.401 -0.104
vn -0.720 0.665 -0.198
vn -0.942 0.174 -0.289
vn -0.720 0.665 -0.198
vn -0.817 0.505 -0.278
vn -0.942 0.174 -0.289
vn -0.867 0.222 -0.446
vn -0.843 0.221 -0.491
vn -0.843 0.221 -0.491
vn -0.867 0.222 -0.446
vn -0.835 0.205 -0.510
vn 0.110 -0.991 0.079
vn 0.110 -0.991 0.079
vn 0.241 -0.949 0.205
vn -0.701 0.212 -0.681
vn -0.835 0.205 -0.510
vn -0.734 0.297 -0.611
vn -0.980 0.197 -0.026
vn -0.909 0.407 -0.093
vn -0.989 0.126 -0.082
vn -0.702 0.697 -0.143
vn -0.759 0.650 -0.034
vn -0.661 0.737 -0.143
vn -0.702 0.697 -0.143
vn -0.661 0.737 -0.143
vn -0.720 0.665 -0.198
vn -0.720 0.665 -0.198
vn -0.661 0.737 -0.143
vn -0.696 0.700 -0.162
vn -0.720 0.665 -0.198
vn -0.696 0.700 -0.162
vn -0.720 0.678 -0.147
vn -0.835 0.205 -0.510
vn -0.867 0.222 -0.446
vn -0.734 0.351 -0.581
vn -0.835 0.205 -0.510
vn -0.734 0.351 -0.581
vn -0.734 0.297 -0.611
vn -0.734 0.297 -0.611
vn -0.734 0.351 -0.581
vn -0.680 0.484 -0.550
vn -0.734 0.297 -0.611
vn -0.662 0.539 -0.521
vn -0.736 0.519 -0.435
vn -0.924 0.076 -0.376
vn -0.732 0.014 -0.681
vn -0.732 0.014 -0.681
vn -0.732 0.014 -0.681
vn -0.732 0.014 -0.681
vn -0.787 0.449 -0.423
vn -0.661 0.737 -0.143
vn -0.687 0.701 -0.190
vn -0.696 0.700 -0.162
vn -0.696 0.700 -0.162
vn -0.703 0.676 -0.220
vn -0.709 0.697 -0.109
vn -0.696 0.700 -0.162
vn -0.709 0.697 -0.109
vn -0.720 0.678 -0.147
vn -0.720 0.678 -0.147
vn -0.709 0.697 -0.109
vn -0.724 0.672 -0.158
vn -0.817 0.505 -0.278
vn -0.731 0.561 -0.387
vn -0.734 0.351 -0.581
vn -0.734 0.351 -0.581
vn -0.714 0.412 -0.566
vn -0.680 0.484 -0.550
vn -0.658 0.364 -0.660
vn -0.678 0.304 -0.669
vn -0.618 0.292 -0.730
vn -0.662 0.539 -0.521
vn -0.623 0.417 -0.662
vn -0.660 0.715 -0.230
vn -0.687 0.701 -0.190
vn -0.704 0.695 -0.146
vn -0.709 0.697 -0.109
vn -0.709 0.697 -0.109
vn -0.704 0.695 -0.146
vn -0.700 0.700 -0.140
vn -0.709 0.697 -0.109
vn -0.700 0.700 -0.140
vn -0.739 0.587 -0.332
vn -0.731 0.561 -0.387
vn -0.700 0.700 -0.140
vn -0.721 0.467 -0.512
vn -0.738 0.473 -0.481
vn -0.721 0.467 -0.512
vn -0.620 0.329 -0.712
vn -0.618 0.292 -0.730
vn -0.721 0.467 -0.512
vn -0.658 0.330 -0.677
vn -0.721 0.467 -0.512
vn -0.683 0.578 -0.448
vn -0.658 0.330 -0.677
vn -0.701 0.366 -0.612
vn -0.683 0.578 -0.448
vn -0.650 0.555 -0.518
vn -0.704 0.695 -0.146
vn -0.710 0.688 -0.147
vn -0.700 0.700 -0.140
vn -0.700 0.700 -0.140
vn -0.710 0.688 -0.147
vn -0.652 0.697 -0.299
vn -0.700 0.700 -0.140
vn -0.652 0.697 -0.299
vn -0.721 0.467 -0.512
vn -0.721 0.467 -0.512
vn -0.652 0.697 -0.299
vn -0.681 0.612 -0.401
vn -0.681 0.612 -0.401
vn -0.652 0.697 -0.299
vn -0.595 0.774 -0.215
vn -0.662 0.464 -0.588
vn -0.539 0.074 -0.839
vn -0.644 0.299 -0.705
vn -0.652 0.697 -0.299
vn -0.710 0.688 -0.147
vn -0.739 0.653 -0.165
vn -0.739 0.653 -0.165
vn -0.758 0.603 -0.251
vn -0.813 0.427 -0.395
vn -0.813 0.427 -0.395
vn -0.758 0.603 -0.251
vn -0.770 0.309 -0.558
vn -0.813 0.427 -0.395
vn -0.770 0.309 -0.558
vn -0.706 0.488 -0.513
vn -0.355 0.021 -0.935
vn -0.398 -0.110 -0.911
vn -0.292 -0.077 -0.953
vn -0.736 0.223 -0.639
vn -0.770 0.309 -0.558
vn -0.542 0.223 -0.810
vn -0.439 0.225 -0.870
vn -0.709 0.212 -0.673
vn -0.621 0.127 -0.774
vn -0.189 0.140 -0.972
vn 0.105 -0.200 -0.974
vn -0.017 0.045 -0.999
vn -0.279 0.169 -0.945
vn -0.017 0.045 -0.999
vn -0.150 0.137 -0.979
vn 0.996 0.030 0.081
vn 0.996 0.030 0.081
vn 0.996 0.030 0.081
vn -0.059 0.051 -0.997
vn -0.112 0.064 -0.992
vn -0.123 0.013 -0.992
vn -0.150 0.137 -0.979
vn -0.210 0.122 -0.970
vn -0.378 0.174 -0.909
vn -0.112 0.064 -0.992
vn -0.059 0.051 -0.997
vn -0.199 0.096 -0.975
vn -0.199 0.096 -0.975
vn -0.059 0.051 -0.997
vn -0.189 0.086 -0.978
vn -0.199 0.096 -0.975
vn -0.189 0.086 -0.978
vn -0.239 0.108 -0.965
vn -0.239 0.108 -0.965
vn -0.189 0.086 -0.978
vn -0.244 0.089 -0.966
vn -0.276 0.013 -0.961
vn -0.210 0.122 -0.970
vn -0.123 0.013 -0.992
vn -0.279 0.169 -0.945
vn -0.210 0.122 -0.970
vn -0.276 0.013 -0.961
vn -0.199 0.096 -0.975
vn -0.239 0.108 -0.965
vn -0.227 0.019 -0.974
vn -0.227 0.019 -0.974
vn -0.239 0.108 -0.965
vn -0.411 0.163 -0.897
vn -0.227 0.019 -0.974
vn -0.360 0.103 -0.927
vn -0.276 0.013 -0.961
vn -0.276 0.013 -0.961
vn -0.452 0.163 -0.877
vn -0.573 0.216 -0.791
vn -0.276 0.013 -0.961
vn -0.573 0.216 -0.791
vn -0.439 0.225 -0.870
vn -0.378 0.174 -0.909
vn -0.573 0.216 -0.791
vn -0.651 0.306 -0.695
vn -0.411 0.163 -0.897
vn -0.239 0.108 -0.965
vn -0.445 0.164 -0.880
vn -0.573 0.216 -0.791
vn -0.653 0.294 -0.698
vn -0.651 0.306 -0.695
vn -0.653 0.294 -0.698
vn -0.573 0.216 -0.791
vn -0.599 0.262 -0.756
vn -0.265 0.963 -0.046
vn -0.265 0.948 -0.176
vn -0.593 0.739 -0.320
vn 0.080 0.997 -0.010
vn 0.080 0.997 -0.010
vn 0.080 0.997 -0.010
vn -0.638 0.669 -0.381
vn -0.595 0.774 -0.215
vn -0.652 0.697 -0.299
vn -0.638 0.596 -0.487
vn -0.652 0.697 -0.299
vn -0.607 0.728 -0.319
vn -0.833 0.385 -0.397
vn -0.823 0.321 -0.468
vn -0.989 -0.125 -0.084
vn -0.825 -0.508 -0.248
vn -0.989 -0.125 -0.084
vn -0.989 -0.125 -0.084
vn -0.432 0.080 -0.898
vn -0.432 0.080 -0.898
vn -0.432 0.080 -0.898
vn -0.990 0.133 -0.049
vn -0.971 0.234 -0.043
vn -0.970 0.197 -0.142
vn 0.845 -0.472 0.251
vn 0.946 -0.273 0.176
vn 0.599 -0.781 0.178
vn 0.800 -0.556 0.225
vn 0.599 -0.781 0.178
vn 0.453 -0.874 0.174
vn 0.453 -0.874 0.174
vn 0.599 -0.781 0.178
vn 0.403 -0.900 0.165
vn -0.031 -0.931 -0.364
vn -0.163 -0.914 -0.371
vn -0.327 -0.504 -0.799
vn 0.078 -0.997 -0.020
vn 0.391 -0.802 0.451
vn 0.435 -0.551 0.712
vn -0.228 0.967 0.117
vn -0.018 0.986 0.168
vn -0.228 0.967 0.117
vn -0.212 -0.904 -0.371
vn -0.254 -0.871 -0.421
vn -0.395 -0.738 -0.547
vn -0.953 0.136 -0.272
vn -0.847 0.306 -0.435
vn -0.970 0.197 -0.142
vn -0.228 0.967 0.117
vn -0.357 0.864 -0.357
vn -0.228 0.967 0.117
vn -0.527 -0.127 -0.840
vn -0.505 -0.008 -0.863
vn -0.607 0.072 -0.791
vn -0.527 -0.127 -0.840
vn -0.607 0.072 -0.791
vn -0.459 0.028 -0.888
vn -0.212 -0.904 -0.371
vn 0.283 -0.959 0.009
vn -0.098 -0.962 -0.255
vn -0.062 -0.978 -0.201
vn -0.212 -0.904 -0.371
vn -0.098 -0.962 -0.255
vn -0.327 -0.504 -0.799
vn -0.526 -0.136 -0.840
vn -0.324 0.017 -0.946
vn -0.225 -0.147 -0.963
vn -0.327 -0.504 -0.799
vn -0.324 0.017 -0.946
vn -0.448 -0.853 -0.268
vn -0.314 -0.947 -0.070
vn -0.217 -0.939 -0.266
vn -0.617 0.784 -0.065
vn -0.472 0.862 -0.186
vn -0.774 0.445 -0.451
vn -0.062 -0.978 -0.201
vn 0.004 -0.952 -0.307
vn -0.041 -0.905 -0.423
vn -0.041 -0.905 -0.423
vn -0.031 -0.931 -0.364
vn -0.090 -0.800 -0.593
vn -0.041 -0.905 -0.423
vn -0.090 -0.800 -0.593
vn -0.067 -0.848 -0.525
vn -0.007 1.000 0.002
vn -0.007 1.000 0.002
vn -0.041 0.957 0.286
vn 0.041 -0.957 -0.286
vn 0.096 -0.795 -0.599
vn 0.042 -0.910 -0.413
vn 0.042 -0.910 -0.413
vn 0.096 -0.795 -0.599
vn 0.022 -0.941 -0.337
vn 0.042 -0.910 -0.413
vn 0.022 -0.941 -0.337
vn 0.092 -0.968 -0.234
vn -0.489 -0.854 0.175
vn -0.326 -0.943 0.061
vn -0.318 -0.948 0.008
vn 0.343 -0.925 -0.164
vn 0.371 -0.888 -0.273
vn 0.435 -0.856 -0.281
vn -0.493 0.829 0.263
vn -0.460 0.843 0.281
vn -0.460 0.843 0.281
vn 0.966 -0.258 -0.024
vn 0.988 -0.143 -0.052
vn 0.946 -0.273 0.176
vn 0.966 -0.258 -0.024
vn 0.946 -0.273 0.176
vn 0.902 -0.371 0.221
vn 0.966 -0.258 -0.024
vn 0.902 -0.371 0.221
vn 0.860 -0.510 -0.002
vn 0.860 -0.510 -0.002
vn 0.902 -0.371 0.221
vn 0.867 -0.458 0.196
vn 0.860 -0.510 -0.002
vn 0.867 -0.458 0.196
vn 0.724 -0.688 0.051
vn 0.724 -0.688 0.051
vn 0.867 -0.458 0.196
vn 0.802 -0.525 0.284
vn 0.724 -0.688 0.051
vn 0.802 -0.525 0.284
vn 0.676 -0.719 0.159
vn 0.724 -0.688 0.051
vn 0.676 -0.719 0.159
vn 0.550 -0.835 -0.024
vn 0.550 -0.835 -0.024
vn 0.676 -0.719 0.159
vn 0.736 -0.605 0.306
vn 0.613 0.788 0.057
vn 0.613 0.788 0.057
vn 0.613 0.788 0.057
vn 0.526 -0.850 0.027
vn 0.736 -0.605 0.306
vn 0.594 -0.792 0.139
vn 0.376 -0.908 -0.184
vn 0.516 -0.854 -0.065
vn 0.494 -0.861 -0.124
vn 0.494 -0.861 -0.124
vn 0.516 -0.854 -0.065
vn 0.677 -0.735 0.020
vn 0.677 -0.735 0.020
vn 0.516 -0.854 -0.065
vn 0.662 -0.737 0.137
vn 0.672 -0.639 0.374
vn 0.662 -0.737 0.137
vn 0.684 -0.605 0.407
vn 0.657 -0.575 0.487
vn 0.665 -0.528 0.528
vn 0.594 -0.386 0.705
vn 0.659 -0.553 0.509
vn 0.694 -0.639 0.331
vn 0.717 -0.603 0.350
vn 0.717 -0.603 0.350
vn 0.694 -0.639 0.331
vn 0.718 -0.577 0.390
vn 0.717 -0.603 0.350
vn 0.718 -0.577 0.390
vn 0.740 -0.527 0.417
vn 0.740 -0.527 0.417
vn 0.718 -0.577 0.390
vn 0.739 -0.465 0.487
vn 0.739 -0.465 0.487
vn 0.718 -0.577 0.390
vn 0.755 -0.492 0.434
vn 0.755 -0.492 0.434
vn 0.770 -0.516 0.375
vn 0.833 -0.413 0.368
vn 0.755 -0.492 0.434
vn 0.833 -0.413 0.368
vn 0.789 -0.373 0.489
vn 0.346 -0.909 0.233
vn 0.602 -0.775 0.192
vn 0.110 -0.991 0.079
vn 0.936 -0.157 0.316
vn 0.833 -0.413 0.368
vn 0.936 -0.157 0.316
vn 0.936 -0.157 0.316
vn 0.936 -0.157 0.316
vn 0.859 -0.214 0.465
vn -0.472 0.862 -0.186
vn -0.261 0.955 0.142
vn -0.223 0.974 0.023
vn 0.403 -0.900 0.165
vn 0.402 -0.914 0.052
vn 0.832 -0.502 0.234
vn 0.416 -0.905 0.085
vn 0.402 -0.914 0.052
vn -0.217 -0.939 -0.266
vn 0.448 0.853 0.268
vn 0.217 0.939 0.266
vn 0.503 0.832 0.233
vn 0.453 -0.874 0.174
vn 0.403 -0.900 0.165
vn 0.452 -0.855 0.254
vn 0.452 -0.855 0.254
vn 0.457 -0.862 0.218
vn 0.444 -0.836 0.323
vn 0.733 0.101 0.672
vn 0.422 -0.083 0.903
vn 0.567 -0.229 0.791
vn 0.567 -0.229 0.791
vn 0.422 -0.083 0.903
vn 0.359 -0.211 0.909
vn 0.531 -0.211 0.821
vn 0.359 -0.211 0.909
vn 0.573 -0.143 0.807
vn 0.157 0.921 0.356
vn 0.157 0.921 0.356
vn 0.157 0.921 0.356
vn 0.298 -0.089 0.950
vn 0.105 -0.064 0.992
vn 0.278 -0.072 0.958
vn 0.278 -0.072 0.958
vn 0.589 -0.181 0.788
vn 0.421 -0.300 0.856
vn 0.312 -0.186 0.932
vn 0.359 -0.211 0.909
vn 0.422 -0.083 0.903
vn 0.327 0.748 0.577
vn 0.067 0.848 0.525
vn 0.327 0.748 0.577
vn 0.327 0.748 0.577
vn 0.327 0.748 0.577
vn 0.523 0.619 0.585
vn 0.359 -0.211 0.909
vn 0.382 -0.168 0.909
vn 0.613 -0.207 0.762
vn 0.613 -0.207 0.762
vn 0.380 -0.156 0.912
vn 0.429 -0.123 0.895
vn 0.613 -0.207 0.762
vn 0.429 -0.123 0.895
vn 0.657 -0.163 0.736
vn 0.151 -0.053 0.987
vn 0.042 -0.049 0.998
vn 0.114 -0.063 0.992
vn 0.151 -0.053 0.987
vn 0.114 -0.063 0.992
vn 0.213 -0.113 0.971
vn 0.213 -0.113 0.971
vn 0.114 -0.063 0.992
vn 0.105 -0.064 0.992
vn 0.114 -0.063 0.992
vn 0.042 -0.049 0.998
vn 0.105 -0.064 0.992
vn 0.996 0.030 0.081
vn 0.996 0.030 0.081
vn 0.996 0.030 0.081
vn 0.298 -0.089 0.950
vn 0.539 -0.211 0.816
vn 0.504 -0.162 0.848
vn 0.531 -0.211 0.821
vn 0.699 -0.168 0.695
vn 0.622 -0.433 0.652
vn 0.622 -0.433 0.652
vn 0.685 -0.269 0.678
vn 0.811 -0.307 0.497
vn 0.142 0.644 0.752
vn 0.329 0.463 0.823
vn 0.329 0.463 0.823
vn 0.278 -0.072 0.958
vn 0.126 -0.175 0.976
vn 0.378 -0.082 0.922
vn -0.074 0.992 -0.099
vn -0.265 0.948 -0.176
vn -0.265 0.963 -0.046
vn 0.504 -0.162 0.848
vn 0.566 -0.318 0.761
vn 0.482 -0.123 0.868
vn 0.584 -0.248 0.773
vn 0.739 -0.465 0.487
vn 0.699 -0.168 0.695
vn 0.699 -0.168 0.695
vn 0.739 -0.465 0.487
vn 0.784 -0.443 0.434
vn 0.669 -0.435 0.603
vn 0.594 -0.386 0.705
vn 0.558 -0.368 0.744
vn 0.656 -0.454 0.603
vn 0.591 -0.410 0.695
vn 0.669 -0.334 0.664
vn 0.672 -0.639 0.374
vn 0.591 -0.410 0.695
vn 0.669 -0.435 0.603
vn 0.684 -0.605 0.407
vn 0.740 -0.527 0.417
vn 0.752 -0.326 0.573
vn 0.764 -0.444 0.468
vn 0.740 -0.527 0.417
vn 0.739 -0.465 0.487
vn 0.902 -0.371 0.221
vn 0.946 -0.273 0.176
vn 0.862 -0.439 0.254
vn -0.373 0.927 0.027
vn 0.217 0.939 0.266
vn -0.261 0.955 0.142
vn 0.863 -0.415 0.288
vn 0.902 -0.371 0.221
vn 0.845 -0.472 0.251
vn 0.863 -0.415 0.288
vn 0.845 -0.472 0.251
vn 0.833 -0.413 0.368
vn 0.412 0.371 0.832
vn 0.412 0.371 0.832
vn 0.412 0.371 0.832
vn 0.867 -0.458 0.196
vn 0.902 -0.371 0.221
vn 0.863 -0.415 0.288
vn 0.802 -0.525 0.284
vn 0.867 -0.458 0.196
vn 0.863 -0.415 0.288
vn 0.802 -0.525 0.284
vn 0.863 -0.415 0.288
vn 0.770 -0.516 0.375
vn 0.770 -0.516 0.375
vn 0.863 -0.415 0.288
vn 0.812 -0.458 0.360
vn 0.676 -0.719 0.159
vn 0.802 -0.525 0.284
vn 0.770 -0.516 0.375
vn 0.770 -0.516 0.375
vn 0.802 -0.525 0.284
vn 0.755 -0.492 0.434
vn -0.610 0.729 -0.310
vn -0.696 0.700 -0.162
vn -0.610 0.729 -0.310
vn 0.736 -0.605 0.306
vn 0.676 -0.719 0.159
vn 0.770 -0.516 0.375
vn 0.736 -0.605 0.306
vn 0.770 -0.516 0.375
vn 0.718 -0.577 0.390
vn 0.718 -0.577 0.390
vn 0.770 -0.516 0.375
vn 0.755 -0.492 0.434
vn 0.630 -0.751 0.200
vn 0.736 -0.605 0.306
vn 0.718 -0.577 0.390
vn 0.684 -0.605 0.407
vn 0.662 -0.737 0.137
vn 0.516 -0.854 -0.065
vn 0.671 0.370 0.643
vn 0.663 0.302 0.685
vn 0.671 0.370 0.643
vn 0.694 -0.639 0.331
vn 0.630 -0.751 0.200
vn 0.718 -0.577 0.390
vn -0.265 0.963 -0.046
vn -0.354 0.932 -0.083
vn -0.216 0.936 0.278
vn 0.671 0.370 0.643
vn 0.673 0.506 0.540
vn 0.671 0.370 0.643
vn -0.653 0.378 -0.657
vn -0.570 0.030 -0.821
vn -0.653 0.294 -0.698
vn -0.788 0.386 -0.479
vn -0.683 0.536 -0.496
vn -0.681 0.314 -0.661
vn 0.755 -0.492 0.434
vn 0.811 -0.307 0.497
vn 0.714 -0.613 0.339
vn -0.041 0.771 0.636
vn 0.142 0.644 0.752
vn -0.041 0.771 0.636
vn 0.859 -0.214 0.465
vn 0.862 -0.121 0.492
vn 0.811 -0.307 0.497
vn 0.811 -0.307 0.497
vn 0.862 -0.121 0.492
vn 0.837 -0.014 0.548
vn 0.634 -0.619 0.463
vn 0.308 -0.880 0.361
vn 0.527 -0.674 0.519
vn 0.607 -0.497 0.620
vn 0.399 -0.804 0.441
vn 0.494 -0.501 0.710
vn 0.607 -0.497 0.620
vn 0.552 -0.309 0.774
vn 0.531 -0.211 0.821
vn 0.531 -0.211 0.821
vn 0.573 -0.143 0.807
vn 0.504 -0.162 0.848
vn 0.871 -0.312 0.380
vn 0.875 -0.145 0.461
vn 0.909 -0.130 0.395
vn -0.045 -0.989 -0.144
vn -0.045 -0.989 -0.144
vn -0.045 -0.989 -0.144
vn 0.378 -0.082 0.922
vn 0.298 -0.089 0.950
vn 0.278 -0.072 0.958
vn 0.742 -0.537 0.403
vn 0.714 -0.613 0.339
vn 0.613 -0.573 0.543
vn 0.594 -0.386 0.705
vn 0.546 -0.171 0.820
vn 0.677 -0.278 0.681
vn 0.520 -0.813 0.260
vn 0.227 -0.955 0.189
vn 0.074 -0.992 0.099
vn 0.862 -0.121 0.492
vn 0.733 0.101 0.672
vn 0.837 -0.014 0.548
vn 0.837 -0.014 0.548
vn 0.733 0.101 0.672
vn 0.567 -0.229 0.791
vn 0.552 -0.309 0.774
vn 0.359 -0.211 0.909
vn 0.531 -0.211 0.821
vn -0.157 -0.921 -0.356
vn -0.157 -0.921 -0.356
vn -0.157 -0.921 -0.356
vn 0.657 -0.163 0.736
vn 0.429 -0.123 0.895
vn 0.614 -0.129 0.779
vn 0.429 -0.082 0.899
vn 0.429 -0.123 0.895
vn 0.298 -0.089 0.950
vn 0.569 -0.200 0.797
vn 0.699 -0.168 0.695
vn 0.531 -0.211 0.821
vn 0.524 -0.774 0.356
vn 0.621 -0.697 0.358
vn 0.709 -0.627 0.322
vn -0.265 0.948 -0.176
vn -0.593 0.739 -0.320
vn -0.265 0.963 -0.046
vn 0.566 -0.318 0.761
vn 0.380 -0.253 0.890
vn 0.482 -0.123 0.868
vn 0.531 -0.211 0.821
vn 0.504 -0.162 0.848
vn 0.482 -0.123 0.868
vn 0.613 -0.207 0.762
vn 0.573 -0.143 0.807
vn 0.359 -0.211 0.909
vn 0.429 -0.123 0.895
vn 0.380 -0.156 0.912
vn 0.213 -0.113 0.971
vn 0.213 -0.113 0.971
vn 0.380 -0.156 0.912
vn 0.151 -0.053 0.987
vn 0.429 -0.123 0.895
vn 0.213 -0.113 0.971
vn 0.298 -0.089 0.950
vn 0.298 -0.089 0.950
vn 0.213 -0.113 0.971
vn 0.105 -0.064 0.992
vn -0.982 0.180 -0.062
vn -0.981 0.120 -0.150
vn -0.999 0.048 0.012
vn 0.971 -0.239 0.028
vn 0.997 -0.075 0.001
vn 0.976 -0.217 0.025
vn 0.976 -0.217 0.025
vn 0.997 -0.075 0.001
vn 0.994 -0.100 0.036
vn 0.976 -0.217 0.025
vn 0.994 -0.100 0.036
vn 0.999 -0.038 -0.034
vn 0.989 -0.135 -0.052
vn 0.992 -0.122 -0.020
vn 0.999 -0.038 -0.034
vn 0.999 -0.038 -0.034
vn 0.992 -0.122 -0.020
vn 0.985 -0.150 -0.088
vn 0.985 -0.150 -0.088
vn 0.910 -0.411 0.063
vn 0.955 -0.294 0.043
vn 0.955 -0.294 0.043
vn 0.862 -0.506 0.011
vn 0.791 -0.610 0.048
vn 0.773 -0.632 0.047
vn 0.699 -0.714 0.042
vn 0.633 -0.770 0.084
vn 0.773 -0.632 0.047
vn 0.633 -0.770 0.084
vn 0.654 -0.755 0.045
vn 0.633 -0.770 0.084
vn 0.758 -0.628 0.177
vn 0.684 -0.723 0.095
vn 0.684 -0.723 0.095
vn 0.758 -0.628 0.177
vn 0.760 -0.636 0.133
vn 0.684 -0.723 0.095
vn 0.760 -0.636 0.133
vn 0.773 -0.624 0.115
vn 0.773 -0.624 0.115
vn 0.760 -0.636 0.133
vn 0.870 -0.454 0.193
vn 0.870 -0.454 0.193
vn 0.800 -0.562 0.210
vn 0.898 -0.402 0.178
vn 0.992 -0.122 -0.020
vn 0.988 -0.143 -0.052
vn 0.938 -0.346 -0.014
vn 0.938 -0.346 -0.014
vn 0.988 -0.143 -0.052
vn 0.966 -0.258 -0.024
vn 0.938 -0.346 -0.014
vn 0.966 -0.258 -0.024
vn 0.932 -0.363 -0.024
vn 0.932 -0.363 -0.024
vn 0.966 -0.258 -0.024
vn 0.860 -0.510 -0.002
vn 0.932 -0.363 -0.024
vn 0.860 -0.510 -0.002
vn 0.735 -0.676 -0.044
vn 0.735 -0.676 -0.044
vn 0.860 -0.510 -0.002
vn 0.724 -0.688 0.051
vn 0.735 -0.676 -0.044
vn 0.724 -0.688 0.051
vn 0.550 -0.835 -0.024
vn 0.550 -0.835 -0.024
vn 0.526 -0.850 0.027
vn 0.450 -0.888 -0.096
vn 0.550 -0.835 -0.024
vn 0.566 -0.820 0.089
vn 0.479 -0.870 -0.116
vn 0.479 -0.870 -0.116
vn 0.566 -0.820 0.089
vn 0.494 -0.861 -0.124
vn 0.479 -0.870 -0.116
vn 0.494 -0.861 -0.124
vn 0.708 -0.704 0.047
vn 0.708 -0.704 0.047
vn 0.662 -0.737 0.137
vn 0.701 -0.706 0.097
vn 0.484 -0.868 0.112
vn 0.662 -0.737 0.137
vn 0.696 -0.668 0.262
vn 0.482 -0.856 0.188
vn 0.870 -0.454 0.193
vn 0.484 -0.868 0.112
vn -0.657 0.738 -0.153
vn -0.728 0.684 -0.049
vn -0.657 0.738 -0.153
vn 0.701 -0.706 0.097
vn 0.800 -0.562 0.210
vn 0.708 -0.704 0.047
vn 0.677 -0.735 0.020
vn 0.547 -0.837 0.011
vn 0.479 -0.870 -0.116
vn 0.479 -0.870 -0.116
vn 0.547 -0.837 0.011
vn 0.550 -0.835 -0.024
vn 0.550 -0.835 -0.024
vn 0.698 -0.714 0.050
vn 0.776 -0.631 0.015
vn 0.550 -0.835 -0.024
vn 0.776 -0.631 0.015
vn 0.735 -0.676 -0.044
vn 0.735 -0.676 -0.044
vn 0.776 -0.631 0.015
vn 0.866 -0.500 -0.021
vn 0.735 -0.676 -0.044
vn 0.866 -0.500 -0.021
vn 0.932 -0.363 -0.024
vn 0.932 -0.363 -0.024
vn 0.866 -0.500 -0.021
vn 0.992 -0.122 -0.020
vn 0.932 -0.363 -0.024
vn 0.992 -0.122 -0.020
vn 0.938 -0.346 -0.014
vn 0.995 -0.101 -0.015
vn 0.818 -0.542 -0.194
vn 0.899 -0.425 0.104
vn 0.457 -0.886 -0.076
vn 0.818 -0.542 -0.194
vn 0.852 -0.523 -0.003
vn 0.852 -0.523 -0.003
vn 0.797 -0.596 0.095
vn 0.763 -0.640 0.094
vn 0.763 -0.640 0.094
vn 0.797 -0.596 0.095
vn 0.768 -0.619 0.164
vn 0.768 -0.619 0.164
vn 0.797 -0.596 0.095
vn 0.771 -0.630 0.095
vn 0.997 0.078 0.011
vn 0.906 0.403 0.130
vn 0.997 0.078 0.011
vn 0.997 0.078 0.011
vn 0.997 0.078 0.011
vn 0.907 -0.373 0.197
vn -0.975 -0.214 -0.061
vn -0.999 -0.047 -0.021
vn -0.975 -0.214 -0.061
vn -0.306 0.943 -0.131
vn -0.306 0.943 -0.131
vn -0.725 0.682 -0.097
vn 0.645 -0.761 0.064
vn 0.749 -0.654 0.107
vn 0.770 -0.615 0.169
vn 0.064 -0.998 0.024
vn 0.064 -0.998 0.024
vn -0.071 -0.997 -0.036
vn 0.777 -0.623 0.089
vn 0.864 -0.468 0.188
vn 0.893 -0.425 0.146
vn 0.777 -0.623 0.089
vn 0.893 -0.425 0.146
vn 0.828 -0.546 0.128
vn 0.828 -0.546 0.128
vn 0.893 -0.425 0.146
vn 0.942 -0.302 0.146
vn 0.828 -0.546 0.128
vn 0.942 -0.302 0.146
vn 0.856 -0.486 0.176
vn 0.856 -0.486 0.176
vn 0.942 -0.302 0.146
vn 0.945 -0.260 0.199
vn 0.856 -0.486 0.176
vn 0.945 -0.260 0.199
vn 0.836 -0.293 0.464
vn 0.836 -0.293 0.464
vn 0.945 -0.260 0.199
vn 0.944 -0.260 0.203
vn 0.986 -0.042 0.161
vn 0.945 -0.260 0.199
vn 0.981 -0.146 0.125
vn 0.981 -0.146 0.125
vn 0.945 -0.260 0.199
vn 0.942 -0.302 0.146
vn 0.981 -0.146 0.125
vn 0.942 -0.302 0.146
vn 0.893 -0.425 0.146
vn 0.817 -0.553 0.162
vn 0.799 -0.557 0.228
vn 0.883 -0.457 0.105
vn 0.883 -0.457 0.105
vn 0.799 -0.557 0.228
vn 0.844 -0.502 0.190
vn 0.883 -0.457 0.105
vn 0.844 -0.502 0.190
vn 0.771 -0.630 0.095
vn 0.883 -0.457 0.105
vn 0.814 -0.573 0.097
vn 0.997 0.078 0.011
vn 0.856 -0.486 0.176
vn 0.771 -0.630 0.090
vn 0.828 -0.546 0.128
vn 0.828 -0.546 0.128
vn 0.771 -0.630 0.090
vn 0.777 -0.623 0.089
vn 0.777 -0.623 0.089
vn 0.771 -0.630 0.090
vn 0.779 -0.624 0.065
vn 0.779 -0.624 0.065
vn 0.771 -0.630 0.090
vn 0.810 -0.586 0.009
vn 0.779 -0.624 0.065
vn 0.810 -0.586 0.009
vn 0.828 -0.537 0.160
vn 0.815 -0.563 0.133
vn 0.810 -0.586 0.009
vn 0.793 -0.603 0.081
vn 0.828 -0.537 0.160
vn 0.793 -0.603 0.081
vn 0.770 -0.625 0.127
vn 0.770 -0.625 0.127
vn 0.793 -0.603 0.081
vn 0.749 -0.658 0.083
vn 0.770 -0.625 0.127
vn 0.749 -0.658 0.083
vn 0.719 -0.690 0.079
vn 0.719 -0.690 0.079
vn 0.749 -0.658 0.083
vn 0.712 -0.701 0.052
vn 0.788 -0.574 0.223
vn 0.839 -0.496 0.226
vn 0.818 -0.522 0.240
vn 0.704 -0.704 0.098
vn 0.711 -0.701 0.053
vn 0.677 -0.735 0.034
vn 0.704 -0.704 0.098
vn 0.677 -0.735 0.034
vn 0.684 -0.723 0.095
vn 0.684 -0.723 0.095
vn 0.677 -0.735 0.034
vn 0.654 -0.755 0.045
vn 0.684 -0.723 0.095
vn 0.654 -0.755 0.045
vn 0.633 -0.770 0.084
vn 0.810 -0.586 0.009
vn 0.786 -0.618 -0.034
vn 0.793 -0.603 0.081
vn 0.793 -0.603 0.081
vn 0.786 -0.618 -0.034
vn 0.809 -0.588 -0.029
vn 0.793 -0.603 0.081
vn 0.834 -0.548 0.063
vn 0.749 -0.658 0.083
vn 0.749 -0.658 0.083
vn 0.761 -0.648 -0.022
vn 0.580 -0.814 0.034
vn 0.749 -0.658 0.083
vn 0.580 -0.814 0.034
vn 0.712 -0.701 0.052
vn 0.711 -0.701 0.053
vn 0.580 -0.814 0.034
vn 0.681 -0.725 0.102
vn 0.712 -0.701 0.052
vn 0.681 -0.725 0.102
vn 0.677 -0.735 0.034
vn -0.695 0.718 -0.040
vn -0.704 0.709 -0.039
vn -0.708 0.705 -0.038
vn 0.741 -0.670 0.036
vn 0.752 -0.654 0.083
vn 0.997 -0.074 0.005
vn -0.997 0.074 -0.005
vn -0.708 0.705 -0.038
vn -0.708 0.705 -0.038
vn -0.640 0.767 -0.044
vn -0.691 0.722 -0.040
vn -0.640 0.767 -0.044
vn 0.633 -0.770 0.084
vn 0.677 -0.735 0.034
vn 0.654 -0.755 0.045
vn 0.786 -0.618 -0.034
vn 0.849 -0.510 -0.135
vn 0.761 -0.648 -0.022
vn 0.687 -0.722 -0.084
vn 0.849 -0.510 -0.135
vn 0.682 -0.717 -0.146
vn 0.636 -0.764 -0.108
vn 0.603 -0.797 -0.001
vn 0.580 -0.814 0.034
vn 0.580 -0.814 0.034
vn 0.603 -0.797 -0.001
vn 0.681 -0.725 0.102
vn 0.849 -0.510 -0.135
vn 0.836 -0.538 -0.109
vn 0.846 -0.531 0.033
vn 0.846 -0.531 0.033
vn 0.836 -0.538 -0.109
vn 0.924 -0.380 0.037
vn 0.846 -0.531 0.033
vn 0.924 -0.380 0.037
vn 0.793 -0.608 0.029
vn 0.793 -0.608 0.029
vn 0.924 -0.380 0.037
vn 0.902 -0.429 -0.053
vn 0.770 -0.637 0.028
vn 0.862 -0.496 -0.103
vn 0.785 -0.612 -0.094
vn 0.845 -0.524 -0.105
vn 0.902 -0.429 -0.053
vn 0.907 -0.417 -0.059
vn 0.845 -0.524 -0.105
vn 0.929 -0.369 -0.028
vn 0.791 -0.610 0.048
vn 0.791 -0.610 0.048
vn 0.907 -0.417 -0.059
vn 0.955 -0.294 0.043
vn 0.836 -0.538 -0.109
vn 0.905 -0.418 -0.080
vn 0.924 -0.380 0.037
vn 0.924 -0.380 0.037
vn 0.905 -0.418 -0.080
vn 0.971 -0.239 0.028
vn 0.924 -0.380 0.037
vn 0.971 -0.239 0.028
vn 0.922 -0.386 -0.016
vn 0.902 -0.429 -0.053
vn 0.971 -0.239 0.028
vn 0.976 -0.217 0.025
vn 0.902 -0.429 -0.053
vn 0.971 -0.239 0.010
vn 0.907 -0.417 -0.059
vn 0.988 -0.113 0.108
vn 0.980 -0.191 0.051
vn 0.997 -0.082 -0.007
vn 0.929 -0.369 -0.028
vn 0.997 -0.082 -0.007
vn 0.955 -0.294 0.043
vn 0.955 -0.294 0.043
vn 0.997 -0.082 -0.007
vn 0.985 -0.150 -0.088
vn 0.899 -0.425 0.104
vn 0.852 -0.523 -0.003
vn 0.870 -0.454 0.193
vn 0.870 -0.454 0.193
vn 0.852 -0.523 -0.003
vn 0.763 -0.640 0.094
vn 0.870 -0.454 0.193
vn 0.763 -0.640 0.094
vn 0.773 -0.624 0.115
vn 0.773 -0.624 0.115
vn 0.763 -0.640 0.094
vn 0.684 -0.723 0.095
vn 0.829 -0.557 -0.041
vn 0.849 -0.510 -0.135
vn 0.846 -0.531 0.033
vn 0.657 -0.754 0.015
vn 0.702 -0.712 -0.016
vn 0.583 -0.791 -0.182
vn 0.711 -0.701 0.053
vn 0.681 -0.725 0.102
vn 0.846 -0.531 0.033
vn 0.846 -0.531 0.033
vn 0.681 -0.725 0.102
vn 0.742 -0.667 0.063
vn 0.726 -0.684 0.069
vn 0.846 -0.531 0.033
vn 0.770 -0.637 0.028
vn 0.719 -0.690 0.079
vn 0.771 -0.630 0.095
vn 0.770 -0.625 0.127
vn 0.770 -0.625 0.127
vn 0.771 -0.630 0.095
vn 0.844 -0.502 0.190
vn 0.770 -0.625 0.127
vn 0.844 -0.502 0.190
vn 0.828 -0.537 0.160
vn 0.856 -0.476 0.203
vn 0.864 -0.468 0.188
vn 0.772 -0.622 0.131
vn 0.828 -0.537 0.160
vn 0.754 -0.644 0.132
vn 0.779 -0.624 0.065
vn 0.779 -0.624 0.065
vn 0.754 -0.644 0.132
vn 0.777 -0.623 0.089
vn 0.771 -0.630 0.095
vn 0.730 -0.678 0.091
vn 0.768 -0.619 0.164
vn 0.768 -0.619 0.164
vn 0.730 -0.678 0.091
vn 0.720 -0.684 0.116
vn 0.768 -0.619 0.164
vn 0.720 -0.684 0.116
vn 0.763 -0.640 0.094
vn 0.763 -0.640 0.094
vn 0.704 -0.704 0.098
vn 0.684 -0.723 0.095
vn 0.677 -0.735 0.034
vn 0.712 -0.701 0.052
vn 0.770 -0.637 0.028
vn 0.677 -0.735 0.034
vn 0.770 -0.637 0.028
vn 0.773 -0.632 0.047
vn 0.708 -0.704 0.047
vn 0.800 -0.562 0.210
vn 0.760 -0.636 0.133
vn 0.760 -0.636 0.133
vn 0.800 -0.562 0.210
vn 0.870 -0.454 0.193
vn 0.845 -0.443 0.301
vn 0.762 -0.636 0.121
vn 0.758 -0.628 0.177
vn 0.758 -0.628 0.177
vn 0.708 -0.704 0.047
vn 0.760 -0.636 0.133
vn 0.550 -0.835 -0.024
vn 0.547 -0.837 0.011
vn 0.633 -0.770 0.084
vn 0.633 -0.770 0.084
vn 0.600 -0.799 0.043
vn 0.758 -0.628 0.177
vn 0.698 -0.714 0.050
vn 0.550 -0.835 -0.024
vn 0.633 -0.770 0.084
vn 0.776 -0.631 0.015
vn 0.698 -0.714 0.050
vn 0.699 -0.714 0.042
vn 0.699 -0.714 0.042
vn 0.698 -0.714 0.050
vn 0.633 -0.770 0.084
vn 0.773 -0.632 0.047
vn 0.776 -0.631 0.015
vn 0.699 -0.714 0.042
vn 0.866 -0.500 -0.021
vn 0.776 -0.631 0.015
vn 0.846 -0.532 -0.016
vn 0.862 -0.506 0.011
vn 0.776 -0.631 0.015
vn 0.791 -0.610 0.048
vn 0.992 -0.122 -0.020
vn 0.866 -0.500 -0.021
vn 0.985 -0.150 -0.088
vn 0.985 -0.150 -0.088
vn 0.866 -0.500 -0.021
vn 0.862 -0.506 0.011
vn 0.976 -0.217 0.025
vn 0.999 -0.038 -0.034
vn 0.997 -0.082 -0.007
vn 0.997 -0.082 -0.007
vn 0.999 -0.038 -0.034
vn 0.985 -0.150 -0.088
vn 0.773 -0.632 0.047
vn 0.654 -0.755 0.045
vn 0.677 -0.735 0.034
vn 0.001 -0.332 0.943
vn -0.000 -0.541 0.841
vn 0.003 -0.297 0.955
vn 0.003 -0.297 0.955
vn -0.000 -0.541 0.841
vn -0.001 -0.517 0.856
vn -0.001 -0.517 0.856
vn -0.000 -0.541 0.841
vn -0.001 -0.726 0.688
vn -0.001 -0.726 0.688
vn -0.000 -0.541 0.841
vn 0.000 -0.729 0.685
vn -0.001 -0.726 0.688
vn 0.000 -0.729 0.685
vn -0.002 -0.744 0.668
vn -0.002 -0.744 0.668
vn -0.004 -0.714 0.701
vn -0.001 -0.726 0.688
vn -0.998 0.059 0.003
vn -0.981 0.120 -0.150
vn -0.999 0.048 0.012
vn -0.999 0.048 0.012
vn -0.990 0.050 0.134
vn -0.951 0.309 0.010
vn -0.043 -0.582 0.812
vn -0.016 -0.661 0.750
vn -0.005 -0.717 0.697
vn -0.017 -0.858 0.514
vn -0.004 -0.919 0.395
vn -0.019 -0.936 0.352
vn -0.010 -0.526 0.851
vn -0.043 -0.582 0.812
vn 0.000 -0.334 0.943
vn -0.896 0.418 0.152
vn -0.850 0.525 0.034
vn -0.797 0.604 -0.010
vn -0.887 0.459 -0.050
vn -0.939 0.343 -0.002
vn -0.914 0.393 -0.102
vn -0.914 0.393 -0.102
vn -0.939 0.343 -0.002
vn -0.923 0.375 -0.086
vn -0.923 0.375 -0.086
vn -0.939 0.343 -0.002
vn -0.997 0.073 -0.009
vn -0.882 -0.465 0.076
vn -0.796 -0.541 0.271
vn -0.733 -0.609 0.304
vn -0.896 0.418 0.152
vn -0.822 0.569 -0.011
vn -0.937 0.345 0.055
vn -0.796 -0.541 0.271
vn -0.696 -0.629 0.348
vn -0.733 -0.609 0.304
vn 0.006 -0.936 0.351
vn 0.000 -0.940 0.342
vn 0.003 -0.940 0.341
vn 0.003 -0.940 0.341
vn -0.014 -0.941 0.339
vn -0.004 -0.936 0.351
vn 0.003 -0.940 0.341
vn -0.004 -0.936 0.351
vn 0.005 -0.914 0.406
vn 0.011 -0.914 0.406
vn -0.004 -0.936 0.351
vn -0.004 -0.919 0.395
vn 0.011 -0.914 0.406
vn -0.004 -0.919 0.395
vn -0.005 -0.894 0.448
vn -0.009 -0.894 0.448
vn -0.004 -0.919 0.395
vn -0.011 -0.858 0.514
vn -0.005 -0.894 0.448
vn -0.011 -0.858 0.514
vn -0.002 -0.775 0.632
vn -0.002 -0.775 0.632
vn -0.011 -0.858 0.514
vn -0.005 -0.717 0.697
vn -0.002 -0.775 0.632
vn -0.005 -0.717 0.697
vn -0.005 -0.614 0.789
vn -0.005 -0.614 0.789
vn -0.005 -0.717 0.697
vn -0.016 -0.661 0.750
vn -0.005 -0.614 0.789
vn -0.016 -0.661 0.750
vn -0.010 -0.609 0.793
vn -0.011 -0.614 0.789
vn -0.016 -0.661 0.750
vn -0.043 -0.582 0.812
vn -0.088 -0.984 -0.155
vn -0.014 -0.867 -0.499
vn -0.088 -0.984 -0.155
vn 0.088 0.984 0.155
vn 0.014 0.867 0.499
vn 0.088 0.984 0.155
vn -0.010 -0.609 0.793
vn -0.043 -0.582 0.812
vn -0.010 -0.526 0.851
vn -0.010 -0.609 0.793
vn -0.010 -0.526 0.851
vn -0.001 -0.548 0.837
vn -0.001 -0.548 0.837
vn -0.010 -0.526 0.851
vn 0.005 -0.668 0.744
vn 0.005 -0.668 0.744
vn -0.010 -0.526 0.851
vn 0.003 -0.397 0.918
vn 0.005 -0.668 0.744
vn 0.003 -0.488 0.873
vn 0.005 -0.825 0.565
vn 0.005 -0.668 0.744
vn 0.005 -0.825 0.565
vn 0.019 -0.703 0.711
vn 0.019 -0.703 0.711
vn 0.007 -0.487 0.873
vn 0.006 -0.629 0.777
vn 0.019 -0.703 0.711
vn 0.015 -0.625 0.780
vn 0.001 -0.546 0.838
vn 0.001 -0.546 0.838
vn 0.015 -0.625 0.780
vn 0.001 -0.611 0.792
vn 0.001 -0.611 0.792
vn 0.015 -0.625 0.780
vn 0.016 -0.622 0.783
vn 0.001 -0.611 0.792
vn 0.008 -0.626 0.780
vn 0.006 -0.642 0.767
vn 0.006 -0.642 0.767
vn 0.008 -0.626 0.780
vn -0.002 -0.775 0.632
vn 0.006 -0.642 0.767
vn -0.002 -0.775 0.632
vn -0.005 -0.614 0.789
vn 0.012 -0.364 0.931
vn 0.000 -0.334 0.943
vn 0.003 -0.297 0.955
vn 0.003 -0.297 0.955
vn 0.003 -0.397 0.918
vn 0.001 -0.332 0.943
vn -0.061 -0.972 0.225
vn -0.018 -0.980 0.200
vn 0.302 -0.931 0.205
vn -0.018 -0.980 0.200
vn -0.061 -0.972 0.225
vn -0.048 -0.971 0.235
vn -0.048 -0.971 0.235
vn -0.061 -0.972 0.225
vn -0.023 -0.982 0.186
vn -0.048 -0.971 0.235
vn 0.018 -0.982 0.190
vn 0.046 -0.984 0.174
vn 0.046 -0.984 0.170
vn 0.018 -0.982 0.190
vn -0.025 -0.979 0.203
vn 0.046 -0.984 0.174
vn -0.025 -0.979 0.203
vn -0.035 -0.974 0.222
vn -0.035 -0.974 0.222
vn -0.051 -0.979 0.200
vn -0.030 -0.978 0.207
vn -0.035 -0.974 0.222
vn -0.030 -0.978 0.207
vn 0.005 -0.980 0.199
vn 0.005 -0.980 0.199
vn -0.030 -0.978 0.207
vn 0.005 -0.980 0.201
vn 0.005 -0.980 0.199
vn 0.005 -0.980 0.201
vn 0.000 -0.978 0.208
vn 0.000 -0.978 0.208
vn 0.005 -0.980 0.201
vn -0.028 -0.970 0.240
vn 0.000 -0.978 0.208
vn -0.028 -0.970 0.240
vn 0.008 -0.972 0.236
vn 0.008 -0.972 0.236
vn -0.028 -0.970 0.240
vn -0.003 -0.980 0.200
vn 0.008 -0.972 0.236
vn -0.003 -0.980 0.200
vn 0.001 -0.982 0.186
vn 0.001 -0.982 0.186
vn -0.003 -0.980 0.200
vn -0.008 -0.978 0.207
vn 0.001 -0.982 0.186
vn -0.013 -0.978 0.207
vn -0.000 -0.973 0.229
vn -0.000 -0.973 0.229
vn -0.008 -0.978 0.207
vn -0.004 -0.973 0.230
vn -0.000 -0.973 0.229
vn -0.004 -0.973 0.230
vn 0.014 -0.978 0.207
vn 0.014 -0.978 0.207
vn -0.004 -0.973 0.230
vn -0.000 -0.978 0.208
vn 0.014 -0.978 0.207
vn -0.000 -0.978 0.208
vn 0.006 -0.982 0.187
vn 0.006 -0.982 0.187
vn -0.000 -0.978 0.208
vn 0.004 -0.991 0.134
vn 0.006 -0.982 0.187
vn 0.004 -0.991 0.134
vn 0.017 -0.995 0.098
vn 0.017 -0.995 0.098
vn 0.004 -0.991 0.134
vn 0.002 -0.990 0.142
vn 0.017 -0.995 0.098
vn 0.002 -0.990 0.142
vn 0.000 -0.970 0.242
vn 0.000 -0.970 0.242
vn 0.002 -0.990 0.142
vn -0.014 -0.941 0.339
vn 0.000 -0.970 0.242
vn -0.014 -0.941 0.339
vn 0.006 -0.936 0.351
vn 0.005 -0.980 0.199
vn 0.000 -0.978 0.208
vn -0.003 -0.980 0.201
vn -0.003 -0.980 0.201
vn -0.008 -0.978 0.209
vn 0.021 -0.975 0.220
vn -0.003 -0.979 0.202
vn 0.039 -0.975 0.219
vn 0.039 -0.976 0.213
vn -0.003 -0.980 0.201
vn 0.037 -0.976 0.213
vn -0.015 -0.980 0.196
vn -0.015 -0.980 0.196
vn 0.039 -0.976 0.213
vn -0.046 -0.984 0.172
vn -0.015 -0.980 0.196
vn -0.052 -0.984 0.173
vn -0.012 -0.981 0.192
vn -0.015 -0.980 0.196
vn 0.031 -0.981 0.190
vn 0.029 -0.976 0.214
vn 0.029 -0.976 0.214
vn 0.031 -0.981 0.190
vn 0.278 -0.942 0.186
vn 0.029 -0.976 0.214
vn 0.278 -0.942 0.186
vn 0.167 -0.956 0.240
vn 0.973 -0.217 0.073
vn 0.887 -0.453 0.096
vn 0.887 -0.453 0.096
vn -0.753 -0.650 0.103
vn -0.964 0.252 -0.082
vn -0.953 -0.303 0.019
vn 0.004 -0.991 0.134
vn -0.000 -0.978 0.208
vn -0.636 -0.760 0.132
vn -0.636 -0.760 0.132
vn -0.000 -0.978 0.208
vn -0.004 -0.973 0.230
vn -0.740 -0.665 0.107
vn -0.004 -0.973 0.230
vn -0.020 -0.978 0.206
vn 0.973 -0.217 0.073
vn 0.969 0.245 0.019
vn 0.884 0.465 -0.045
vn -0.640 -0.760 0.113
vn -0.048 -0.977 0.206
vn -0.672 -0.734 0.099
vn 0.884 0.465 -0.045
vn 0.762 0.640 -0.100
vn 0.905 0.425 -0.007
vn -0.047 -0.970 0.238
vn -0.030 -0.978 0.207
vn -0.602 -0.791 0.108
vn 0.956 0.287 0.059
vn 0.905 0.425 -0.007
vn 0.910 0.415 0.003
vn -0.673 -0.731 0.112
vn -0.241 -0.940 0.240
vn -0.235 -0.947 0.220
vn 0.934 0.354 0.042
vn 0.934 0.354 0.042
vn 0.956 0.287 0.059
vn 0.380 0.917 -0.125
vn 0.380 0.917 -0.125
vn 0.380 0.917 -0.125
vn -0.936 -0.351 -0.009
vn -0.766 -0.640 0.053
vn -0.757 -0.650 0.065
vn -0.995 0.025 -0.097
vn -0.986 0.121 -0.116
vn -0.989 0.114 -0.090
vn -0.913 -0.408 0.012
vn -0.991 -0.101 -0.087
vn -0.956 -0.288 -0.050
vn 0.884 0.465 -0.045
vn 0.589 0.794 -0.147
vn 0.762 0.640 -0.100
vn -0.913 -0.408 0.012
vn -0.993 0.001 -0.117
vn -0.997 -0.056 -0.059
vn -0.359 0.910 -0.206
vn -0.359 0.910 -0.206
vn -0.827 0.556 -0.089
vn -0.944 0.310 -0.113
vn -0.989 -0.148 -0.004
vn -0.990 0.119 -0.079
vn -0.983 0.163 -0.089
vn -0.989 -0.148 -0.004
vn -1.000 0.017 0.008
vn -0.989 -0.148 -0.004
vn -0.977 -0.212 0.015
vn -0.969 -0.241 0.052
vn -0.705 -0.700 0.116
vn -0.028 -0.946 0.322
vn -0.740 -0.665 0.107
vn -0.047 -0.970 0.238
vn -0.824 -0.560 0.084
vn -0.740 -0.665 0.107
vn -0.941 -0.233 0.246
vn -1.000 -0.019 0.001
vn -0.992 -0.103 -0.072
vn -0.995 0.025 -0.097
vn -0.999 0.005 -0.036
vn -0.839 0.527 -0.136
vn -0.999 -0.044 0.032
vn -0.941 -0.233 0.246
vn -0.856 -0.288 0.428
vn -0.987 0.145 -0.068
vn -1.000 -0.019 0.001
vn -0.986 0.016 0.163
vn -0.986 0.016 0.163
vn -0.999 0.005 -0.036
vn -0.966 0.227 -0.126
vn -0.756 0.636 -0.157
vn -0.752 0.638 -0.166
vn -0.713 0.682 -0.165
vn -0.713 0.682 -0.165
vn -0.938 0.329 -0.113
vn -0.756 0.636 -0.157
vn 0.740 -0.648 0.180
vn 0.676 -0.719 0.165
vn 0.658 -0.734 0.165
vn -0.685 0.708 -0.172
vn -0.303 0.948 -0.095
vn -0.812 0.570 -0.123
vn 0.645 -0.746 0.166
vn 0.645 -0.746 0.166
vn 0.740 -0.648 0.180
vn -0.756 0.636 -0.157
vn -0.777 0.608 -0.166
vn -0.533 0.831 -0.162
vn -0.461 0.879 -0.126
vn -0.115 0.984 -0.134
vn -0.632 0.757 -0.165
vn 0.671 -0.725 0.159
vn 0.748 -0.645 0.159
vn 0.671 -0.725 0.159
vn 0.768 0.641 0.012
vn 0.201 0.970 -0.136
vn 0.768 0.641 0.012
vn 0.768 0.641 0.012
vn 0.760 0.650 0.010
vn 0.768 0.641 0.012
vn -0.465 0.871 -0.159
vn -0.035 0.992 -0.117
vn -0.083 0.990 -0.111
vn -0.632 0.757 -0.165
vn -0.083 0.990 -0.111
vn -0.038 0.991 -0.127
vn -0.127 0.983 -0.134
vn -0.083 0.990 -0.111
vn -0.001 0.993 -0.122
vn -0.074 0.989 -0.130
vn -0.001 0.993 -0.122
vn -0.002 0.992 -0.127
vn -0.038 0.991 -0.127
vn -0.008 0.979 -0.202
vn -0.177 0.977 -0.118
vn 0.899 0.437 0.029
vn 0.871 0.490 0.024
vn 0.995 0.066 0.069
vn -0.941 0.309 -0.138
vn -0.975 -0.216 -0.051
vn -0.975 -0.216 -0.051
vn 0.984 0.169 0.058
vn 0.981 -0.146 0.125
vn 0.911 0.412 0.033
vn 0.510 0.857 -0.072
vn 0.033 0.995 -0.096
vn 0.002 0.993 -0.114
vn -0.868 0.487 -0.101
vn -0.176 0.975 -0.135
vn -0.005 0.989 -0.151
vn 0.004 0.989 -0.151
vn 0.031 0.970 -0.240
vn 0.387 0.917 -0.093
vn 0.510 0.857 -0.072
vn 0.048 0.970 -0.239
vn 0.039 0.996 -0.082
vn -0.023 -0.941 0.336
vn -0.102 -0.990 0.094
vn -0.102 -0.990 0.094
vn -0.640 0.731 -0.237
vn -0.603 0.794 -0.081
vn 0.231 0.970 -0.075
vn -0.102 -0.990 0.094
vn 0.450 -0.882 0.142
vn 0.023 -0.994 0.106
vn 0.995 -0.101 -0.015
vn 0.999 -0.030 0.036
vn 0.981 0.030 -0.192
vn 0.026 0.996 -0.083
vn 0.023 0.994 -0.103
vn 0.253 0.967 -0.034
vn -0.102 -0.990 0.094
vn -0.102 -0.990 0.094
vn -0.023 -0.941 0.336
vn -0.770 0.621 -0.145
vn -0.645 0.746 -0.165
vn -0.956 0.265 -0.127
vn -0.653 0.742 -0.151
vn -0.589 0.797 -0.135
vn -0.660 0.733 -0.166
vn 0.026 0.996 -0.083
vn 0.023 0.994 -0.103
vn 0.253 0.967 -0.034
vn 0.450 -0.882 0.142
vn 0.450 -0.882 0.142
vn 0.390 -0.921 -0.011
vn -0.223 -0.963 -0.154
vn -0.790 -0.495 -0.361
vn -0.040 -0.996 -0.076
vn -0.028 0.996 -0.081
vn -0.301 0.939 -0.168
vn -0.649 0.760 -0.034
vn -0.461 -0.886 0.060
vn -0.461 -0.886 0.060
vn -0.635 -0.773 -0.009
vn -0.177 0.977 -0.118
vn -0.257 0.954 -0.151
vn -0.877 0.452 -0.161
vn -0.029 0.994 -0.103
vn -0.093 0.995 -0.039
vn -0.014 0.990 -0.144
vn -0.840 -0.542 -0.030
vn -0.024 -0.988 0.153
vn -0.655 -0.756 -0.017
vn -0.825 0.545 -0.152
vn -0.929 0.307 -0.205
vn -0.886 0.437 -0.153
vn -0.886 0.437 -0.153
vn -0.929 0.307 -0.205
vn -0.924 0.359 -0.134
vn -0.886 0.437 -0.153
vn -0.933 0.324 -0.156
vn -0.645 0.746 -0.165
vn -0.933 0.324 -0.156
vn -0.957 0.262 -0.124
vn -0.645 0.746 -0.165
vn -0.774 0.612 -0.163
vn -0.957 0.262 -0.124
vn -0.956 0.265 -0.122
vn -0.768 -0.641 -0.012
vn -0.760 -0.650 -0.010
vn -0.768 -0.641 -0.012
vn -0.768 -0.641 -0.012
vn -0.773 -0.634 -0.014
vn -0.768 -0.641 -0.012
vn 0.671 -0.725 0.159
vn 0.671 -0.725 0.159
vn 0.584 -0.797 0.158
vn -0.645 0.746 -0.165
vn -0.974 0.182 -0.137
vn -0.976 0.171 -0.136
vn -0.976 0.171 -0.136
vn -0.958 0.258 -0.122
vn -0.645 0.746 -0.165
vn -0.645 0.746 -0.165
vn -0.958 0.258 -0.122
vn -0.812 0.570 -0.123
vn 0.699 -0.695 0.165
vn 0.676 -0.719 0.165
vn 0.740 -0.648 0.180
vn -0.653 0.742 -0.151
vn -0.874 0.470 -0.120
vn -0.661 0.732 -0.165
vn -0.498 0.857 -0.134
vn -0.661 0.732 -0.165
vn -0.652 0.739 -0.166
vn -0.997 0.006 -0.075
vn -1.000 -0.019 0.001
vn -0.952 0.290 -0.096
vn -0.880 0.457 -0.127
vn -0.705 0.705 -0.074
vn -0.162 0.983 -0.091
vn 0.040 0.993 -0.112
vn 0.032 0.995 -0.091
vn -0.224 0.971 -0.085
vn -0.018 0.993 -0.113
vn -0.027 0.993 -0.119
vn 0.040 0.993 -0.112
vn 0.040 0.993 -0.112
vn 0.007 0.993 -0.115
vn 0.053 0.992 -0.115
vn 0.040 0.993 -0.112
vn -0.023 0.992 -0.124
vn -0.091 0.987 -0.131
vn -0.028 0.993 -0.116
vn -0.015 0.993 -0.119
vn -0.018 0.993 -0.113
vn -0.018 0.993 -0.113
vn -0.014 0.993 -0.119
vn 0.120 0.984 -0.128
vn -0.018 0.993 -0.113
vn 0.035 0.990 -0.136
vn -0.042 0.994 -0.103
vn 0.005 0.993 -0.119
vn -0.035 0.992 -0.117
vn -0.028 0.993 -0.116
vn -0.028 0.993 -0.116
vn -0.035 0.992 -0.117
vn -0.017 0.992 -0.123
vn -0.028 0.993 -0.116
vn -0.017 0.992 -0.123
vn -0.015 0.993 -0.119
vn 0.035 0.993 -0.115
vn 0.047 0.993 -0.112
vn 0.005 0.993 -0.119
vn 0.005 0.993 -0.119
vn 0.047 0.993 -0.112
vn 0.059 0.992 -0.109
vn 0.005 0.993 -0.119
vn 0.059 0.992 -0.109
vn 0.001 0.993 -0.122
vn -0.023 0.993 -0.117
vn -0.009 0.993 -0.119
vn 0.035 0.993 -0.115
vn 0.035 0.993 -0.115
vn -0.009 0.993 -0.119
vn 0.002 0.993 -0.121
vn 0.035 0.993 -0.115
vn 0.002 0.993 -0.121
vn 0.047 0.993 -0.112
vn -0.006 0.994 -0.111
vn 0.001 0.994 -0.111
vn -0.023 0.993 -0.117
vn -0.023 0.993 -0.117
vn 0.001 0.994 -0.111
vn -0.048 0.990 -0.135
vn -0.023 0.993 -0.117
vn -0.048 0.990 -0.135
vn -0.009 0.993 -0.119
vn -0.007 0.995 -0.097
vn 0.018 0.993 -0.116
vn -0.006 0.994 -0.111
vn -0.006 0.994 -0.111
vn -0.023 0.994 -0.111
vn -0.013 0.993 -0.120
vn -0.006 0.994 -0.111
vn 0.117 0.984 -0.134
vn 0.001 0.994 -0.111
vn 0.180 0.978 -0.101
vn -0.116 0.987 -0.114
vn -0.007 0.995 -0.097
vn -0.007 0.995 -0.097
vn -0.116 0.987 -0.114
vn -0.041 0.992 -0.117
vn -0.007 0.995 -0.097
vn 0.011 0.992 -0.123
vn 0.018 0.993 -0.116
vn 0.010 0.991 -0.135
vn -0.002 0.992 -0.127
vn 0.001 0.993 -0.122
vn 0.001 0.993 -0.122
vn -0.002 0.992 -0.127
vn -0.001 0.993 -0.122
vn 0.001 0.993 -0.122
vn -0.001 0.993 -0.122
vn 0.005 0.993 -0.119
vn 0.005 0.993 -0.119
vn -0.001 0.993 -0.122
vn -0.083 0.990 -0.111
vn 0.005 0.993 -0.119
vn -0.083 0.990 -0.111
vn -0.035 0.992 -0.117
vn -0.002 0.992 -0.127
vn 0.010 0.991 -0.135
vn -0.015 0.992 -0.124
vn -0.015 0.992 -0.124
vn 0.010 0.991 -0.135
vn 0.055 0.990 -0.128
vn -0.015 0.992 -0.124
vn 0.055 0.990 -0.128
vn 0.001 0.990 -0.144
vn -0.015 0.992 -0.124
vn 0.001 0.990 -0.144
vn -0.008 0.979 -0.202
vn -0.008 0.979 -0.202
vn 0.001 0.990 -0.144
vn 0.001 0.984 -0.178
vn -0.008 0.979 -0.202
vn 0.001 0.984 -0.178
vn -0.003 0.998 -0.062
vn -0.003 0.998 -0.062
vn 0.001 0.984 -0.178
vn 0.016 0.996 -0.085
vn -0.003 0.998 -0.062
vn 0.016 0.996 -0.085
vn -0.001 0.995 -0.104
vn -0.001 0.995 -0.104
vn 0.016 0.996 -0.085
vn -0.014 0.990 -0.144
vn -0.014 0.990 -0.144
vn 0.016 0.996 -0.085
vn 0.010 0.994 -0.108
vn -0.014 0.990 -0.144
vn 0.010 0.994 -0.108
vn -0.014 0.995 -0.100
vn -0.014 0.995 -0.100
vn 0.010 0.994 -0.108
vn 0.001 0.992 -0.124
vn -0.014 0.995 -0.100
vn 0.001 0.992 -0.124
vn -0.008 0.993 -0.116
vn -0.008 0.993 -0.116
vn 0.001 0.992 -0.124
vn 0.002 0.994 -0.107
vn -0.008 0.993 -0.116
vn 0.002 0.994 -0.107
vn -0.001 0.988 -0.151
vn -0.001 0.988 -0.151
vn 0.002 0.994 -0.107
vn 0.009 0.979 -0.203
vn -0.001 0.988 -0.151
vn 0.009 0.979 -0.203
vn 0.031 0.970 -0.240
vn 0.031 0.970 -0.240
vn 0.009 0.979 -0.203
vn -0.009 0.976 -0.219
vn 0.031 0.970 -0.240
vn -0.009 0.976 -0.219
vn 0.005 0.995 -0.102
vn 0.005 0.995 -0.102
vn -0.009 0.976 -0.219
vn -0.005 0.999 -0.035
vn -0.014 0.992 -0.122
vn 0.025 0.996 -0.083
vn -0.005 0.999 -0.035
vn -0.005 0.999 -0.035
vn 0.025 0.996 -0.083
vn 0.005 0.995 -0.102
vn -0.006 0.992 -0.124
vn 0.045 0.972 -0.230
vn 0.047 0.987 -0.156
vn -0.014 0.992 -0.122
vn 0.047 0.987 -0.156
vn 0.025 0.996 -0.083
vn 0.026 0.996 -0.083
vn 0.047 0.987 -0.156
vn 0.255 0.964 -0.073
vn 0.255 0.964 -0.073
vn 0.047 0.987 -0.156
vn 0.253 0.967 -0.034
vn 0.267 0.963 -0.030
vn 0.047 0.987 -0.156
vn 0.293 0.956 0.004
vn 0.235 0.971 -0.036
vn 0.293 0.956 0.004
vn 0.023 0.994 -0.103
vn 0.023 0.994 -0.103
vn 0.293 0.956 0.004
vn 0.035 0.996 -0.077
vn -0.685 0.719 0.117
vn -0.674 0.732 0.099
vn -0.634 0.766 0.102
vn 0.043 0.992 -0.121
vn -0.014 0.992 -0.122
vn 0.055 0.990 -0.129
vn 0.043 0.992 -0.121
vn 0.086 0.988 -0.131
vn 0.044 0.992 -0.120
vn 0.044 0.992 -0.120
vn -0.051 0.997 -0.058
vn -0.350 0.937 -0.002
vn -0.042 0.994 -0.103
vn -0.088 0.988 -0.126
vn -0.018 0.993 -0.113
vn 0.015 0.993 -0.120
vn 0.096 0.986 -0.137
vn 0.040 0.993 -0.112
vn 0.040 0.993 -0.112
vn 0.096 0.986 -0.137
vn 0.032 0.995 -0.091
vn 0.180 0.978 -0.101
vn -0.007 0.995 -0.097
vn 0.048 0.988 0.147
vn -0.193 0.491 -0.850
vn -0.193 0.491 -0.850
vn -0.153 0.278 -0.948
vn -0.174 -0.426 0.888
vn -0.249 0.039 0.968
vn -0.205 -0.457 0.865
vn -0.153 0.278 -0.948
vn -0.118 0.111 -0.987
vn -0.118 0.111 -0.987
vn 0.005 0.993 -0.116
vn -0.028 0.993 -0.116
vn -0.058 0.677 0.734
vn -0.051 0.803 0.594
vn -0.028 0.993 -0.116
vn -0.018 0.993 -0.113
vn 0.040 0.993 -0.112
vn -0.350 0.930 -0.110
vn -0.076 0.985 0.155
vn -0.010 0.596 0.803
vn 0.073 0.683 0.727
vn 0.056 0.682 0.729
vn 0.056 0.682 0.729
vn 0.073 0.683 0.727
vn 0.112 0.685 0.720
vn -0.132 -0.442 0.887
vn -0.066 -0.467 0.882
vn -0.096 0.101 0.990
vn -0.072 0.464 0.883
vn -0.096 0.101 0.990
vn -0.010 0.596 0.803
vn -0.033 -0.680 -0.732
vn -0.071 -0.683 -0.727
vn -0.071 -0.683 -0.727
vn -0.071 -0.683 -0.727
vn -0.071 -0.683 -0.727
vn -0.151 -0.686 -0.712
vn 0.010 -0.999 -0.037
vn 0.010 -0.999 -0.037
vn 0.010 -0.999 -0.037
vn 0.187 -0.488 0.853
vn 0.224 -0.141 0.964
vn 0.208 -0.452 0.868
vn 0.208 -0.452 0.868
vn 0.224 -0.141 0.964
vn 0.167 -0.429 0.888
vn 0.056 0.682 0.729
vn -0.011 0.710 0.704
vn -0.010 0.596 0.803
vn -0.010 0.596 0.803
vn -0.011 0.710 0.704
vn -0.058 0.677 0.734
vn 0.891 -0.184 0.415
vn 0.867 0.486 -0.109
vn 0.904 0.215 0.370
vn 0.253 -0.463 0.849
vn 0.888 -0.242 0.392
vn 0.272 -0.468 0.840
vn 0.997 -0.046 0.060
vn 0.799 -0.350 0.489
vn 0.996 -0.026 -0.082
vn 0.997 -0.046 0.060
vn 0.999 0.030 0.030
vn 0.891 -0.184 0.415
vn -0.016 0.997 0.076
vn -0.016 0.997 0.076
vn -0.016 0.997 0.076
vn 0.026 -0.480 0.877
vn 0.018 -0.583 0.812
vn 0.118 -0.714 0.690
vn 0.069 -0.426 0.902
vn 0.095 -0.599 0.795
vn 0.113 -0.437 0.892
vn 0.113 -0.437 0.892
vn 0.060 -0.808 0.587
vn 0.217 -0.471 0.855
vn 0.229 -0.464 0.856
vn 0.228 -0.425 0.876
vn 0.311 0.096 0.945
vn 0.029 -0.976 0.214
vn 0.217 -0.471 0.855
vn -0.015 -0.980 0.196
vn -0.015 -0.980 0.196
vn 0.217 -0.471 0.855
vn 0.051 -0.872 0.487
vn -0.015 -0.980 0.196
vn 0.051 -0.872 0.487
vn -0.003 -0.979 0.202
vn -0.018 0.583 -0.812
vn -0.018 0.583 -0.812
vn -0.018 0.583 -0.812
vn 0.005 -0.980 0.199
vn 0.016 -0.997 -0.076
vn -0.035 -0.975 0.221
vn 0.007 -0.980 0.198
vn -0.048 -0.929 0.366
vn -0.121 -0.827 0.550
vn -0.047 -0.930 0.366
vn -0.138 -0.458 0.878
vn -0.121 -0.827 0.550
vn -0.234 -0.512 0.827
vn -0.191 -0.483 0.855
vn -0.205 -0.457 0.865
vn -0.205 -0.457 0.865
vn -0.191 -0.483 0.855
vn -0.174 -0.426 0.888
vn -0.174 -0.426 0.888
vn -0.191 -0.483 0.855
vn -0.138 -0.458 0.878
vn -0.174 -0.426 0.888
vn -0.138 -0.458 0.878
vn -0.132 -0.442 0.887
vn -0.132 -0.442 0.887
vn -0.138 -0.458 0.878
vn -0.086 -0.501 0.861
vn -0.132 -0.442 0.887
vn -0.086 -0.501 0.861
vn -0.065 -0.489 0.870
vn -0.065 -0.489 0.870
vn -0.086 -0.501 0.861
vn 0.026 -0.480 0.877
vn -0.065 -0.489 0.870
vn 0.026 -0.480 0.877
vn 0.065 -0.471 0.880
vn 0.065 -0.471 0.880
vn 0.026 -0.480 0.877
vn 0.068 -0.443 0.894
vn 0.068 -0.443 0.894
vn 0.026 -0.480 0.877
vn 0.069 -0.426 0.902
vn 0.068 -0.443 0.894
vn 0.069 -0.426 0.902
vn 0.091 -0.430 0.898
vn 0.091 -0.430 0.898
vn 0.069 -0.426 0.902
vn 0.113 -0.437 0.892
vn 0.091 -0.430 0.898
vn 0.113 -0.437 0.892
vn 0.167 -0.429 0.888
vn 0.167 -0.429 0.888
vn 0.113 -0.437 0.892
vn 0.219 -0.463 0.859
vn 0.167 -0.429 0.888
vn 0.219 -0.463 0.859
vn 0.208 -0.452 0.868
vn 0.208 -0.452 0.868
vn 0.219 -0.463 0.859
vn 0.229 -0.464 0.856
vn 0.208 -0.452 0.868
vn 0.229 -0.464 0.856
vn 0.187 -0.488 0.853
vn 0.074 -0.976 0.204
vn 0.006 -0.978 0.210
vn 0.389 -0.906 0.166
vn -0.807 0.586 -0.068
vn -0.807 0.586 -0.068
vn -0.807 0.586 -0.068
vn -0.008 -0.978 0.209
vn -0.234 -0.967 0.102
vn -0.017 -0.982 0.191
vn 0.011 -0.978 0.210
vn 0.092 -0.974 0.206
vn 0.186 -0.942 0.279
vn 0.011 -0.978 0.210
vn 0.008 -0.972 0.236
vn 0.720 -0.686 0.102
vn 0.037 -0.995 0.097
vn 0.769 -0.632 0.090
vn 0.014 -0.978 0.207
vn 0.037 -0.995 0.097
vn 0.014 -0.978 0.207
vn 0.006 -0.982 0.187
vn 0.008 -0.972 0.236
vn 0.001 -0.982 0.186
vn 0.769 -0.632 0.090
vn 0.769 -0.632 0.090
vn 0.001 -0.982 0.186
vn -0.000 -0.973 0.229
vn 0.769 -0.632 0.090
vn -0.000 -0.973 0.229
vn 0.014 -0.978 0.207
vn -0.829 -0.544 0.128
vn -0.829 -0.544 0.128
vn -0.829 -0.544 0.128
vn 0.997 0.011 -0.081
vn 0.959 0.253 -0.128
vn 0.979 0.186 -0.081
vn 0.997 0.011 -0.081
vn 0.979 0.186 -0.081
vn 0.996 0.018 -0.083
vn 0.976 0.182 -0.122
vn 0.997 0.036 -0.074
vn 0.997 -0.043 -0.069
vn 0.997 -0.043 -0.069
vn 0.997 0.036 -0.074
vn 0.940 -0.341 0.020
vn 0.997 0.036 -0.074
vn 0.986 0.138 -0.094
vn 0.865 -0.498 0.053
vn 0.657 0.725 -0.208
vn 0.509 0.832 -0.220
vn 0.509 0.832 -0.220
vn 0.509 0.832 -0.220
vn 0.509 0.832 -0.220
vn 0.480 0.849 -0.222
vn 0.995 -0.053 -0.080
vn 0.994 0.016 -0.107
vn 0.954 -0.296 -0.042
vn 0.986 -0.156 -0.054
vn 0.994 0.031 -0.108
vn 0.991 0.107 -0.085
vn 0.991 0.107 -0.085
vn 0.985 0.126 -0.114
vn 0.995 0.024 -0.092
vn 0.996 -0.026 -0.082
vn 0.991 0.078 -0.109
vn 0.994 -0.012 -0.109
vn 0.996 -0.026 -0.082
vn 0.994 -0.012 -0.109
vn 1.000 -0.015 0.012
vn 1.000 -0.015 0.012
vn 0.994 -0.012 -0.109
vn 0.867 0.486 -0.109
vn 0.991 0.107 -0.085
vn 0.990 0.073 -0.117
vn 0.985 0.126 -0.114
vn 0.985 0.126 -0.114
vn 0.994 0.031 -0.108
vn 0.984 0.132 -0.123
vn 0.990 0.082 -0.117
vn 0.994 0.031 -0.108
vn 0.995 -0.053 -0.080
vn 0.990 0.082 -0.117
vn 0.995 -0.053 -0.080
vn 0.992 0.080 -0.099
vn 0.992 0.080 -0.099
vn 0.995 -0.053 -0.080
vn 0.981 -0.188 -0.048
vn 0.992 0.080 -0.099
vn 0.981 -0.188 -0.048
vn 0.986 0.121 -0.112
vn 0.986 0.121 -0.112
vn 0.990 -0.129 -0.064
vn 0.995 -0.096 -0.033
vn 0.986 0.121 -0.112
vn 0.995 -0.096 -0.033
vn 0.986 0.138 -0.094
vn 0.986 0.121 -0.112
vn 0.986 0.138 -0.094
vn 0.969 0.214 -0.125
vn 0.969 0.214 -0.125
vn 0.986 0.138 -0.094
vn 0.997 0.036 -0.074
vn 0.969 0.214 -0.125
vn 0.997 0.036 -0.074
vn 0.976 0.182 -0.122
vn 0.976 0.182 -0.122
vn 0.979 0.178 -0.101
vn 0.969 0.214 -0.125
vn 0.969 0.214 -0.125
vn 0.979 0.178 -0.101
vn 0.956 0.265 -0.128
vn 0.969 0.214 -0.125
vn 0.956 0.265 -0.128
vn 0.957 0.263 -0.125
vn 0.957 0.263 -0.125
vn 0.956 0.265 -0.128
vn 0.938 0.313 -0.149
vn 0.938 0.313 -0.149
vn 0.956 0.265 -0.128
vn 0.920 0.354 -0.165
vn 0.920 0.354 -0.165
vn 0.956 0.265 -0.128
vn 0.897 0.416 -0.150
vn 0.897 0.416 -0.150
vn 0.956 0.265 -0.128
vn 0.924 0.367 -0.111
vn 0.897 0.416 -0.150
vn 0.924 0.367 -0.111
vn 0.923 0.361 -0.133
vn 0.923 0.361 -0.133
vn 0.924 0.367 -0.111
vn 0.925 0.342 -0.164
vn 0.923 0.361 -0.133
vn 0.925 0.342 -0.164
vn 0.940 0.266 -0.215
vn 0.940 0.266 -0.215
vn 0.925 0.342 -0.164
vn 0.882 0.453 -0.134
vn 0.940 0.266 -0.215
vn 0.882 0.453 -0.134
vn 0.992 -0.026 -0.124
vn 0.924 0.342 -0.171
vn 0.882 0.453 -0.134
vn 0.816 0.573 -0.076
vn 0.816 0.573 -0.076
vn 0.882 0.453 -0.134
vn 0.864 0.495 -0.087
vn 0.816 0.573 -0.076
vn 0.864 0.495 -0.087
vn 0.873 0.466 -0.148
vn 0.873 0.466 -0.148
vn 0.864 0.495 -0.087
vn 0.893 0.411 -0.183
vn 0.873 0.466 -0.148
vn 0.893 0.411 -0.183
vn 0.878 0.448 -0.170
vn 0.878 0.448 -0.170
vn 0.893 0.411 -0.183
vn 0.905 0.386 -0.175
vn 0.905 0.386 -0.175
vn 0.893 0.411 -0.183
vn 0.833 0.543 -0.105
vn 0.905 0.386 -0.175
vn 0.833 0.543 -0.105
vn 0.867 0.490 -0.090
vn 0.867 0.490 -0.090
vn 0.833 0.543 -0.105
vn 0.839 0.528 -0.129
vn 0.867 0.490 -0.090
vn 0.839 0.528 -0.129
vn 0.809 0.564 -0.165
vn 0.809 0.564 -0.165
vn 0.839 0.528 -0.129
vn 0.909 0.354 -0.219
vn 0.921 0.323 -0.218
vn 0.879 0.445 -0.172
vn 0.999 0.023 -0.043
vn 0.921 0.323 -0.218
vn 0.997 0.057 -0.046
vn 0.928 0.336 -0.160
vn 0.928 0.336 -0.160
vn 0.997 0.057 -0.046
vn 0.862 0.437 -0.256
vn 0.928 0.336 -0.160
vn 0.835 0.535 -0.129
vn 0.716 0.696 -0.055
vn 0.920 0.357 -0.162
vn 0.716 0.696 -0.055
vn 0.898 0.418 -0.140
vn 0.898 0.418 -0.140
vn 0.716 0.696 -0.055
vn 0.785 0.617 -0.049
vn 0.772 0.634 -0.046
vn 0.716 0.696 -0.055
vn 0.686 0.726 -0.051
vn 0.785 0.617 -0.049
vn 0.686 0.726 -0.051
vn 0.782 0.559 -0.274
vn 0.782 0.559 -0.274
vn 0.686 0.726 -0.051
vn 0.733 0.658 -0.171
vn 0.733 0.658 -0.171
vn 0.686 0.726 -0.051
vn 0.672 0.735 -0.093
vn 0.733 0.658 -0.171
vn 0.672 0.735 -0.093
vn 0.707 0.689 -0.158
vn 0.707 0.689 -0.158
vn 0.672 0.735 -0.093
vn 0.683 0.721 -0.120
vn 0.707 0.689 -0.158
vn 0.683 0.721 -0.120
vn 0.673 0.731 -0.115
vn 0.673 0.731 -0.115
vn 0.683 0.721 -0.120
vn 0.651 0.750 -0.120
vn 0.673 0.731 -0.115
vn 0.651 0.750 -0.120
vn 0.686 0.707 -0.171
vn 0.686 0.707 -0.171
vn 0.651 0.750 -0.120
vn 0.639 0.763 -0.094
vn 0.686 0.707 -0.171
vn 0.639 0.763 -0.094
vn 0.741 0.672 0.018
vn 0.741 0.672 0.018
vn 0.639 0.763 -0.094
vn 0.736 0.677 -0.016
vn 0.741 0.672 0.018
vn 0.758 0.652 -0.025
vn 0.728 0.684 0.047
vn 0.728 0.684 0.047
vn 0.758 0.652 -0.025
vn 0.804 0.593 -0.044
vn 0.728 0.684 0.047
vn 0.690 0.723 -0.002
vn 0.515 0.857 -0.011
vn 0.515 0.857 -0.011
vn 0.690 0.723 -0.002
vn 0.701 0.713 -0.011
vn 0.997 0.077 0.029
vn 0.988 0.155 -0.018
vn 0.994 0.102 -0.047
vn 0.994 0.102 -0.047
vn 0.988 0.155 -0.018
vn 0.971 0.239 0.015
vn 0.994 0.102 -0.047
vn 0.971 0.239 0.015
vn 0.995 0.100 -0.014
vn 0.995 0.100 -0.014
vn 0.971 0.239 0.015
vn 0.981 0.187 0.048
vn 0.995 0.100 -0.014
vn 0.981 0.187 0.048
vn 0.997 0.072 0.026
vn 0.964 0.239 -0.114
vn 0.901 0.424 -0.094
vn 0.956 0.265 -0.128
vn 0.956 0.265 -0.128
vn 0.942 0.326 -0.079
vn 0.959 0.253 -0.128
vn 0.956 0.265 -0.128
vn 0.959 0.253 -0.128
vn 0.976 0.183 -0.116
vn 0.956 0.265 -0.128
vn 0.976 0.183 -0.116
vn 0.934 0.348 -0.085
vn 0.934 0.348 -0.085
vn 0.955 0.263 -0.137
vn 0.965 0.258 -0.038
vn 0.934 0.348 -0.085
vn 0.965 0.258 -0.038
vn 0.915 0.396 -0.081
vn 0.915 0.396 -0.081
vn 0.890 0.451 -0.068
vn 0.886 0.444 -0.135
vn 0.915 0.396 -0.081
vn 0.886 0.444 -0.135
vn 0.925 0.342 -0.164
vn 0.915 0.396 -0.081
vn 0.925 0.342 -0.164
vn 0.924 0.367 -0.111
vn 0.827 0.552 -0.108
vn 0.890 0.451 -0.068
vn 0.848 0.529 -0.004
vn -0.712 0.279 0.644
vn -0.712 0.279 0.644
vn -0.712 0.279 0.644
vn 0.872 0.486 -0.061
vn 0.848 0.529 -0.004
vn 0.757 0.651 -0.061
vn 0.872 0.486 -0.061
vn 0.757 0.651 -0.061
vn 0.827 0.552 -0.108
vn 0.827 0.552 -0.108
vn 0.757 0.651 -0.061
vn 0.835 0.535 -0.125
vn 0.827 0.552 -0.108
vn 0.835 0.535 -0.125
vn 0.856 0.506 -0.111
vn 0.856 0.506 -0.111
vn 0.835 0.535 -0.125
vn 0.869 0.482 -0.106
vn 0.856 0.506 -0.111
vn 0.869 0.482 -0.106
vn 0.882 0.453 -0.134
vn 0.882 0.453 -0.134
vn 0.869 0.482 -0.106
vn 0.864 0.495 -0.087
vn 0.757 0.651 -0.061
vn 0.848 0.529 -0.004
vn 0.798 0.602 0.019
vn 0.757 0.651 -0.061
vn 0.798 0.602 0.019
vn 0.803 0.592 -0.067
vn 0.641 0.766 0.051
vn 0.744 0.665 -0.059
vn 0.235 0.971 -0.038
vn -0.964 -0.265 -0.012
vn -0.981 0.018 0.195
vn -0.981 0.018 0.195
vn 0.941 0.335 -0.043
vn 0.954 0.285 -0.093
vn 0.955 0.275 -0.112
vn 0.732 0.681 -0.006
vn 0.732 0.681 0.023
vn 0.765 0.643 -0.026
vn 0.659 0.751 -0.036
vn 0.765 0.643 -0.026
vn 0.839 0.544 0.019
vn 0.659 0.751 -0.036
vn 0.839 0.544 0.019
vn 0.736 0.677 -0.016
vn 0.736 0.677 -0.016
vn 0.839 0.544 0.019
vn 0.868 0.497 -0.009
vn -0.115 -0.985 -0.131
vn -0.115 -0.985 -0.131
vn -0.115 -0.985 -0.131
vn 0.639 0.763 -0.094
vn 0.659 0.752 -0.017
vn 0.653 0.757 -0.040
vn 0.954 0.285 -0.093
vn 0.812 0.580 -0.067
vn 0.866 0.499 0.012
vn 0.932 0.343 -0.114
vn 0.802 0.591 -0.088
vn 0.663 0.369 -0.652
vn 0.568 0.807 0.159
vn 0.207 0.957 0.205
vn 0.611 0.783 0.111
vn 0.836 0.548 -0.020
vn 0.907 0.415 0.063
vn 0.936 0.352 -0.021
vn 0.836 0.548 -0.020
vn 0.936 0.352 -0.021
vn 0.859 0.510 -0.034
vn 0.814 0.581 0.002
vn 0.878 0.479 -0.018
vn 0.729 0.683 0.044
vn 0.814 0.581 0.002
vn 0.729 0.683 0.044
vn 0.780 0.625 0.009
vn 0.780 0.625 0.009
vn 0.729 0.683 0.044
vn 0.701 0.713 -0.011
vn 0.780 0.625 0.009
vn 0.701 0.713 -0.011
vn 0.690 0.723 -0.002
vn 0.907 0.415 0.063
vn 0.981 0.187 0.048
vn 0.936 0.352 -0.021
vn 0.967 0.252 -0.026
vn 0.981 0.187 0.048
vn 0.977 0.211 -0.007
vn 0.967 0.252 -0.026
vn 0.977 0.211 -0.007
vn 0.952 0.296 0.078
vn 0.813 0.581 0.041
vn 0.977 0.211 -0.007
vn 0.971 0.239 0.015
vn 0.813 0.581 0.041
vn 0.971 0.239 0.015
vn 0.871 0.491 -0.022
vn -0.871 0.491 -0.014
vn -0.871 0.491 -0.014
vn -0.871 0.491 -0.014
vn 0.995 0.100 -0.014
vn 0.997 0.072 0.026
vn 0.996 0.084 0.003
vn 0.995 0.100 -0.014
vn 0.996 0.084 0.003
vn 0.987 0.158 -0.022
vn 0.995 0.100 -0.014
vn 0.987 0.158 -0.022
vn 0.994 0.102 -0.047
vn 0.994 0.102 -0.047
vn 0.987 0.158 -0.022
vn 0.990 0.140 0.024
vn 0.994 0.102 -0.047
vn 0.990 0.140 0.024
vn 0.997 0.077 0.029
vn 0.997 0.077 0.029
vn 0.990 0.140 0.024
vn 0.995 0.102 0.017
vn 0.515 0.857 -0.011
vn 0.529 0.849 -0.003
vn 0.728 0.684 0.047
vn 0.728 0.684 0.047
vn 0.529 0.849 -0.003
vn 0.619 0.784 0.056
vn 0.728 0.684 0.047
vn 0.788 0.615 0.031
vn 0.741 0.672 0.018
vn 0.996 0.084 0.003
vn 0.967 0.254 0.030
vn 0.987 0.158 -0.022
vn 0.987 0.158 -0.022
vn 0.967 0.254 0.030
vn 0.971 0.235 0.035
vn 0.987 0.158 -0.022
vn 0.971 0.235 0.035
vn 0.990 0.140 0.024
vn 0.990 0.140 0.024
vn 0.971 0.235 0.035
vn 0.982 0.184 0.034
vn 0.990 0.140 0.024
vn 0.982 0.184 0.034
vn 0.995 0.102 0.017
vn 0.995 0.102 0.017
vn 0.982 0.184 0.034
vn 0.979 0.204 -0.025
vn 0.995 0.102 0.017
vn 0.979 0.204 -0.025
vn 0.895 0.442 0.064
vn 0.967 0.254 0.030
vn 0.969 0.242 0.042
vn 0.971 0.235 0.035
vn 0.971 0.235 0.035
vn 0.969 0.242 0.042
vn 0.964 0.262 0.043
vn 0.971 0.235 0.035
vn 0.964 0.262 0.043
vn 0.982 0.184 0.034
vn 0.982 0.184 0.034
vn 0.964 0.262 0.043
vn 0.979 0.204 -0.025
vn 0.991 0.129 -0.042
vn 0.970 0.243 -0.030
vn 0.969 0.242 0.042
vn 0.969 0.242 0.042
vn 0.970 0.243 -0.030
vn 0.964 0.262 0.043
vn 0.970 0.243 -0.030
vn 0.979 0.204 -0.025
vn 0.964 0.262 0.043
vn 0.957 0.263 -0.125
vn 0.960 0.252 -0.125
vn 0.969 0.214 -0.125
vn 0.969 0.214 -0.125
vn 0.960 0.252 -0.125
vn 0.965 0.220 -0.140
vn 0.969 0.214 -0.125
vn 0.965 0.220 -0.140
vn 0.960 0.226 -0.163
vn 0.960 0.226 -0.163
vn 0.951 0.273 -0.145
vn 0.969 0.214 -0.125
vn 0.969 0.214 -0.125
vn 0.951 0.273 -0.145
vn 0.986 0.121 -0.112
vn 0.951 0.273 -0.145
vn 0.976 0.172 -0.136
vn 0.986 0.121 -0.112
vn 0.986 0.121 -0.112
vn 0.976 0.172 -0.136
vn 0.976 0.169 -0.136
vn 0.986 0.121 -0.112
vn 0.976 0.169 -0.136
vn 0.983 0.148 -0.105
vn 0.986 0.121 -0.112
vn 0.983 0.148 -0.105
vn 0.992 0.080 -0.099
vn 0.992 0.080 -0.099
vn 0.983 0.148 -0.105
vn 0.935 0.321 -0.149
vn 0.992 0.080 -0.099
vn 0.935 0.321 -0.149
vn 0.984 0.132 -0.123
vn 0.924 0.367 -0.111
vn 0.956 0.265 -0.128
vn 0.934 0.348 -0.085
vn 0.915 0.396 -0.081
vn 0.924 0.367 -0.111
vn 0.934 0.348 -0.085
vn 0.882 0.453 -0.134
vn 0.925 0.342 -0.164
vn 0.886 0.444 -0.135
vn 0.827 0.552 -0.108
vn 0.856 0.506 -0.111
vn 0.890 0.451 -0.068
vn 0.890 0.451 -0.068
vn 0.856 0.506 -0.111
vn 0.886 0.444 -0.135
vn 0.856 0.506 -0.111
vn 0.882 0.453 -0.134
vn 0.886 0.444 -0.135
vn 0.835 0.535 -0.125
vn 0.757 0.651 -0.061
vn 0.798 0.591 -0.117
vn 0.811 0.574 -0.114
vn 0.757 0.651 -0.061
vn 0.787 0.603 -0.132
vn 0.811 0.574 -0.114
vn 0.787 0.603 -0.132
vn 0.786 0.612 -0.093
vn 0.786 0.612 -0.093
vn 0.787 0.603 -0.132
vn 0.738 0.674 -0.045
vn 0.733 0.673 -0.101
vn 0.738 0.674 -0.045
vn 0.682 0.731 -0.016
vn 0.704 0.710 -0.017
vn 0.738 0.674 -0.045
vn 0.672 0.740 0.019
vn 0.704 0.710 -0.017
vn 0.672 0.740 0.019
vn 0.730 0.675 -0.104
vn 0.730 0.675 -0.104
vn 0.672 0.740 0.019
vn 0.686 0.725 -0.069
vn 0.730 0.675 -0.104
vn 0.686 0.725 -0.069
vn 0.958 0.217 -0.188
vn 0.559 0.816 -0.148
vn 0.686 0.725 -0.069
vn 0.619 0.784 -0.040
vn 0.318 0.947 -0.036
vn 0.619 0.784 -0.040
vn 0.593 0.804 -0.041
vn 0.593 0.804 -0.041
vn 0.619 0.784 -0.040
vn 0.641 0.765 -0.058
vn 0.593 0.804 -0.041
vn 0.641 0.765 -0.058
vn 0.683 0.721 -0.120
vn 0.683 0.721 -0.120
vn 0.641 0.765 -0.058
vn 0.651 0.750 -0.120
vn 0.893 0.411 -0.183
vn 0.864 0.495 -0.087
vn 0.869 0.482 -0.106
vn 0.869 0.482 -0.106
vn 0.835 0.535 -0.125
vn 0.811 0.574 -0.114
vn 0.732 0.679 -0.045
vn 0.829 0.546 -0.123
vn 0.827 0.540 -0.154
vn 0.413 -0.867 -0.278
vn 0.413 -0.867 -0.278
vn 0.413 -0.867 -0.278
vn -0.413 0.867 0.278
vn -0.413 0.867 0.278
vn -0.413 0.867 0.278
vn 0.777 0.606 -0.170
vn 0.704 0.710 -0.017
vn 0.691 0.713 -0.123
vn 0.691 0.713 -0.123
vn 0.704 0.710 -0.017
vn 0.730 0.675 -0.104
vn 0.691 0.713 -0.123
vn 0.730 0.675 -0.104
vn 0.671 0.734 -0.107
vn 0.671 0.734 -0.107
vn 0.730 0.675 -0.104
vn 0.958 0.217 -0.188
vn 0.671 0.734 -0.107
vn 0.958 0.217 -0.188
vn 0.625 0.779 -0.050
vn 0.625 0.779 -0.050
vn 0.559 0.816 -0.148
vn 0.593 0.804 -0.041
vn 0.625 0.779 -0.050
vn 0.593 0.804 -0.041
vn 0.672 0.735 -0.093
vn 0.672 0.735 -0.093
vn 0.593 0.804 -0.041
vn 0.683 0.721 -0.120
vn 0.769 0.639 -0.021
vn 0.954 0.285 -0.093
vn 0.943 0.328 -0.062
vn 0.702 0.712 0.029
vn 0.738 0.674 -0.045
vn 0.803 0.592 -0.067
vn 0.812 0.580 -0.067
vn 0.738 0.674 -0.045
vn 0.787 0.603 -0.132
vn 0.803 0.592 -0.067
vn 0.787 0.603 -0.132
vn 0.757 0.651 -0.061
vn 0.738 0.674 -0.045
vn 0.702 0.712 0.029
vn 0.672 0.740 0.019
vn 0.672 0.740 0.019
vn 0.661 0.749 0.051
vn 0.694 0.720 0.009
vn 0.672 0.740 0.019
vn 0.694 0.720 0.009
vn 0.686 0.725 -0.069
vn 0.686 0.725 -0.069
vn 0.694 0.720 0.009
vn 0.726 0.688 -0.005
vn 0.686 0.725 -0.069
vn 0.765 0.643 -0.026
vn 0.619 0.784 -0.040
vn 0.619 0.784 -0.040
vn 0.726 0.688 -0.005
vn 0.659 0.751 -0.036
vn 0.619 0.784 -0.040
vn 0.659 0.751 -0.036
vn 0.641 0.765 -0.058
vn 0.641 0.765 -0.058
vn 0.659 0.751 -0.036
vn 0.736 0.677 -0.016
vn 0.641 0.765 -0.058
vn 0.736 0.677 -0.016
vn 0.651 0.750 -0.120
vn 0.651 0.750 -0.120
vn 0.736 0.677 -0.016
vn 0.639 0.763 -0.094
vn 0.704 0.710 -0.017
vn 0.833 0.543 -0.105
vn 0.811 0.574 -0.114
vn 0.811 0.574 -0.114
vn 0.833 0.543 -0.105
vn 0.893 0.411 -0.183
vn 0.811 0.574 -0.114
vn 0.893 0.411 -0.183
vn 0.869 0.482 -0.106
vn 0.833 0.543 -0.105
vn 0.682 0.731 -0.016
vn 0.810 0.578 -0.097
vn 0.839 0.528 -0.129
vn 0.704 0.710 -0.017
vn 0.777 0.606 -0.170
vn 0.839 0.528 -0.129
vn 0.777 0.606 -0.170
vn 0.997 0.057 -0.046
vn 0.841 0.505 -0.195
vn 0.777 0.606 -0.170
vn 0.691 0.713 -0.123
vn 0.860 0.463 -0.215
vn 0.691 0.713 -0.123
vn 0.766 0.626 -0.146
vn 0.766 0.626 -0.146
vn 0.691 0.713 -0.123
vn 0.671 0.734 -0.107
vn 0.766 0.626 -0.146
vn 0.671 0.734 -0.107
vn 0.716 0.696 -0.055
vn 0.716 0.696 -0.055
vn 0.671 0.734 -0.107
vn 0.625 0.779 -0.050
vn 0.716 0.696 -0.055
vn 0.625 0.779 -0.050
vn 0.686 0.726 -0.051
vn 0.686 0.726 -0.051
vn 0.625 0.779 -0.050
vn 0.672 0.735 -0.093
vn 0.726 0.688 -0.005
vn 0.702 0.712 0.029
vn 0.745 0.665 0.039
vn 0.745 0.665 0.039
vn 0.661 0.749 0.051
vn 0.745 0.660 0.097
vn 0.844 0.535 -0.044
vn 0.948 0.287 -0.136
vn 0.943 0.328 -0.050
vn 0.839 0.544 0.019
vn 0.765 0.643 -0.026
vn 0.859 0.510 -0.034
vn 0.839 0.544 0.019
vn 0.859 0.510 -0.034
vn 0.831 0.556 -0.013
vn 0.971 0.221 -0.096
vn 0.839 0.544 0.019
vn 0.831 0.556 -0.013
vn 0.988 0.108 -0.106
vn 0.952 0.305 -0.007
vn 0.979 0.192 -0.063
vn 0.939 0.344 0.016
vn 0.988 0.108 -0.106
vn 0.979 0.192 -0.063
vn 0.719 0.693 -0.062
vn 0.898 0.418 -0.140
vn 0.920 0.357 -0.162
vn -0.730 0.683 0.009
vn -0.061 0.993 -0.098
vn -0.044 0.998 -0.034
vn -0.730 0.683 0.009
vn -0.680 0.733 -0.021
vn -0.685 0.727 -0.035
vn -0.042 0.979 -0.198
vn -0.044 0.998 -0.034
vn -0.009 0.976 -0.219
vn 0.615 0.771 -0.166
vn 0.720 0.677 -0.153
vn 0.951 0.273 -0.145
vn -0.612 -0.773 0.167
vn -0.528 -0.835 0.153
vn -0.660 -0.735 0.157
vn -0.042 0.979 -0.198
vn 0.002 0.994 -0.107
vn -0.316 0.946 -0.079
vn -0.316 0.946 -0.079
vn 0.002 0.994 -0.107
vn 0.001 0.992 -0.124
vn -0.316 0.946 -0.079
vn 0.001 0.992 -0.124
vn -0.016 0.994 -0.105
vn 0.016 0.996 -0.085
vn 0.615 0.771 -0.166
vn 0.165 0.980 -0.107
vn -0.016 0.994 -0.105
vn -0.504 0.862 -0.054
vn -0.316 0.946 -0.079
vn -0.907 0.417 0.063
vn -0.978 0.195 0.080
vn -0.802 0.597 0.021
vn 0.932 -0.356 -0.069
vn 0.942 -0.325 -0.081
vn 0.942 -0.325 -0.081
vn -0.612 -0.773 0.167
vn -0.614 -0.771 0.169
vn -0.577 -0.799 0.168
vn 0.366 0.918 -0.153
vn 0.010 0.991 -0.135
vn 0.615 0.771 -0.166
vn 0.584 0.794 -0.166
vn 0.010 0.991 -0.135
vn 0.001 0.993 -0.122
vn 0.615 0.771 -0.166
vn 0.001 0.993 -0.122
vn 0.059 0.992 -0.109
vn -0.977 -0.158 0.140
vn -0.943 -0.276 0.185
vn -0.983 -0.098 0.153
vn -0.802 0.597 0.021
vn -0.983 -0.098 0.153
vn -0.979 0.180 0.093
vn -0.916 0.397 0.068
vn -0.979 0.180 0.093
vn -0.980 0.175 0.094
vn -0.612 -0.773 0.167
vn -0.660 -0.735 0.157
vn -0.756 -0.635 0.158
vn 0.615 0.771 -0.166
vn -0.038 0.990 -0.136
vn 0.485 0.863 -0.143
vn 0.720 0.677 -0.153
vn 0.538 0.827 -0.163
vn 0.760 0.628 -0.167
vn -0.657 -0.736 0.166
vn -0.649 -0.743 0.166
vn -0.653 -0.739 0.166
vn 0.650 0.746 -0.146
vn 0.081 0.991 -0.103
vn 0.659 0.734 -0.165
vn -0.657 -0.736 0.166
vn -0.647 -0.744 0.165
vn -0.665 -0.728 0.165
vn 0.659 0.734 -0.165
vn 0.979 0.176 -0.099
vn 0.698 0.697 -0.165
vn 0.659 0.734 -0.165
vn 0.668 0.725 -0.165
vn 0.819 0.560 -0.122
vn -0.657 -0.736 0.166
vn -0.665 -0.728 0.165
vn -0.692 -0.702 0.165
vn 0.971 0.197 -0.139
vn 0.650 0.746 -0.146
vn 0.659 0.734 -0.165
vn -0.657 -0.736 0.166
vn -0.653 -0.739 0.166
vn -0.658 -0.735 0.166
vn 0.659 0.734 -0.165
vn 0.983 0.148 -0.105
vn 0.970 0.200 -0.139
vn 0.636 0.754 -0.166
vn 0.642 0.749 -0.166
vn 0.485 0.863 -0.143
vn 0.659 0.734 -0.165
vn 0.970 0.200 -0.138
vn 0.951 0.273 -0.145
vn 0.960 0.226 -0.163
vn 0.965 0.220 -0.140
vn 0.932 -0.356 -0.069
vn 0.932 -0.356 -0.069
vn 0.965 0.220 -0.140
vn 0.961 0.245 -0.124
vn 0.913 -0.403 -0.061
vn 0.862 -0.507 -0.009
vn 0.669 -0.740 0.067
vn 0.957 0.263 -0.125
vn 0.938 0.313 -0.149
vn 0.615 0.771 -0.166
vn 0.615 0.771 -0.166
vn 0.938 0.313 -0.149
vn 0.920 0.354 -0.165
vn 0.615 0.771 -0.166
vn 0.920 0.354 -0.165
vn 0.366 0.918 -0.153
vn -0.577 -0.799 0.168
vn -0.536 -0.827 0.167
vn -0.612 -0.773 0.167
vn 0.615 0.771 -0.166
vn 0.923 0.361 -0.133
vn 0.940 0.266 -0.215
vn -0.769 0.639 0.012
vn -0.620 0.784 -0.033
vn -0.620 0.784 -0.033
vn 0.978 -0.147 -0.147
vn 0.925 -0.375 -0.063
vn 0.932 -0.356 -0.069
vn 0.340 -0.937 0.082
vn 0.292 -0.953 0.083
vn 0.052 -0.992 0.118
vn 0.928 0.336 -0.160
vn 0.782 0.559 -0.274
vn 0.827 0.541 -0.152
vn 0.052 -0.992 0.118
vn 0.204 -0.974 0.095
vn -0.344 -0.925 0.160
vn -0.344 -0.925 0.160
vn -0.415 -0.895 0.165
vn 0.052 -0.992 0.118
vn 0.873 0.466 -0.148
vn 0.867 0.490 -0.090
vn 0.140 0.967 -0.210
vn 0.140 0.967 -0.210
vn 0.807 0.574 -0.143
vn 0.858 0.490 -0.155
vn -0.931 -0.354 0.092
vn -0.711 -0.689 0.142
vn -0.957 -0.257 0.132
vn -0.957 -0.257 0.132
vn -0.984 -0.125 0.124
vn -0.947 -0.272 0.172
vn 0.928 0.336 -0.160
vn 0.782 0.559 -0.274
vn 0.827 0.541 -0.152
vn -0.957 -0.257 0.132
vn -0.984 -0.125 0.124
vn -0.947 -0.272 0.172
vn 0.979 0.204 -0.025
vn 0.970 0.243 -0.030
vn 0.965 0.252 -0.071
vn 0.979 0.204 -0.025
vn 0.965 0.252 -0.071
vn 0.991 0.056 -0.122
vn 0.979 0.204 -0.025
vn 0.991 0.056 -0.122
vn 0.913 0.406 -0.035
vn 0.619 0.784 0.056
vn 0.581 0.802 -0.139
vn 0.706 0.683 -0.190
vn 0.924 0.077 -0.374
vn 0.823 0.280 -0.495
vn 0.733 0.016 -0.680
vn 0.733 0.016 -0.680
vn 0.823 0.280 -0.495
vn 0.835 0.401 -0.377
vn 0.673 0.731 -0.115
vn 0.700 0.691 -0.177
vn 0.707 0.689 -0.158
vn -0.721 -0.675 0.158
vn -0.651 -0.693 0.310
vn -0.680 -0.677 0.281
vn -0.452 -0.866 -0.216
vn -0.495 -0.855 -0.157
vn -0.281 -0.839 -0.466
vn 0.782 0.559 -0.274
vn 0.800 0.478 -0.362
vn 0.694 0.492 -0.525
vn 0.782 0.559 -0.274
vn 0.706 0.513 -0.488
vn 0.803 0.320 -0.504
vn -0.059 -0.428 -0.902
vn 0.087 -0.267 -0.960
vn 0.019 -0.265 -0.964
vn 0.803 0.320 -0.504
vn 0.862 0.188 -0.470
vn 0.668 0.305 -0.679
vn 0.480 0.769 -0.421
vn 0.274 0.932 -0.237
vn 0.698 0.559 -0.448
vn 0.643 0.371 -0.670
vn 0.654 0.583 -0.483
vn 0.661 0.714 -0.230
vn 0.661 0.714 -0.230
vn 0.654 0.583 -0.483
vn 0.724 0.380 -0.576
vn 0.732 0.132 -0.668
vn 0.838 0.179 -0.516
vn 0.797 0.100 -0.595
vn 0.732 0.132 -0.668
vn 0.797 0.100 -0.595
vn 0.639 0.109 -0.762
vn 0.732 0.132 -0.668
vn 0.639 0.109 -0.762
vn 0.513 -0.003 -0.858
vn 0.513 -0.003 -0.858
vn 0.245 -0.268 -0.932
vn 0.422 0.071 -0.904
vn 0.422 0.071 -0.904
vn 0.245 -0.268 -0.932
vn 0.261 0.057 -0.964
vn 0.261 0.057 -0.964
vn 0.253 0.123 -0.960
vn 0.242 -0.023 -0.970
vn 0.314 0.100 -0.944
vn 0.242 -0.023 -0.970
vn 0.039 0.015 -0.999
vn 0.102 0.171 -0.980
vn 0.039 0.015 -0.999
vn -0.150 0.137 -0.979
vn 0.102 0.171 -0.980
vn -0.150 0.137 -0.979
vn -0.017 0.045 -0.999
vn 0.144 0.174 -0.974
vn -0.017 0.045 -0.999
vn 0.092 0.132 -0.987
vn 0.374 0.097 -0.922
vn 0.575 0.300 -0.761
vn 0.623 0.262 -0.737
vn 0.501 -0.070 -0.863
vn 0.210 -0.362 -0.908
vn 0.210 -0.362 -0.908
vn 0.970 0.243 -0.030
vn 0.979 0.113 -0.169
vn 0.934 0.213 -0.285
vn 0.853 0.286 -0.437
vn 0.934 0.213 -0.285
vn 0.838 0.179 -0.516
vn 0.853 0.286 -0.437
vn 0.838 0.179 -0.516
vn 0.746 0.391 -0.540
vn 0.746 0.391 -0.540
vn 0.838 0.179 -0.516
vn 0.724 0.380 -0.576
vn 0.746 0.391 -0.540
vn 0.724 0.380 -0.576
vn 0.654 0.583 -0.483
vn 0.979 0.113 -0.169
vn 0.908 0.206 -0.365
vn 0.934 0.213 -0.285
vn 0.928 0.174 -0.331
vn 0.908 0.206 -0.365
vn 0.847 0.312 -0.431
vn -0.374 -0.911 0.173
vn -0.641 -0.643 0.419
vn -0.246 -0.961 0.128
vn -0.246 -0.961 0.128
vn -0.246 -0.961 0.128
vn -0.037 -0.998 0.053
vn 0.838 0.179 -0.516
vn 0.732 0.132 -0.668
vn 0.724 0.380 -0.576
vn 0.896 0.289 -0.337
vn 0.814 0.466 -0.345
vn 0.847 0.312 -0.431
vn 0.847 0.312 -0.431
vn 0.814 0.466 -0.345
vn 0.781 0.392 -0.486
vn 0.847 0.312 -0.431
vn 0.797 0.316 -0.514
vn 0.838 0.179 -0.516
vn 0.838 0.179 -0.516
vn 0.797 0.316 -0.514
vn 0.797 0.100 -0.595
vn 0.231 0.837 -0.497
vn 0.574 0.705 -0.417
vn 0.574 0.705 -0.417
vn 0.574 0.705 -0.417
vn 0.574 0.705 -0.417
vn 0.734 0.585 -0.346
vn 0.242 -0.023 -0.970
vn 0.253 0.123 -0.960
vn 0.151 0.007 -0.989
vn 0.242 -0.023 -0.970
vn 0.151 0.007 -0.989
vn 0.039 0.015 -0.999
vn 0.394 0.015 -0.919
vn 0.278 0.094 -0.956
vn 0.261 0.057 -0.964
vn 0.261 0.057 -0.964
vn 0.278 0.094 -0.956
vn 0.253 0.123 -0.960
vn 0.253 0.123 -0.960
vn 0.070 0.079 -0.994
vn 0.151 0.007 -0.989
vn 0.039 0.015 -0.999
vn 0.151 0.007 -0.989
vn -0.123 0.013 -0.992
vn 0.039 0.015 -0.999
vn -0.123 0.013 -0.992
vn -0.150 0.137 -0.979
vn 0.211 0.064 -0.975
vn 0.088 0.033 -0.996
vn 0.070 0.079 -0.994
vn 0.070 0.079 -0.994
vn 0.088 0.033 -0.996
vn -0.059 0.051 -0.997
vn 0.070 0.079 -0.994
vn -0.059 0.051 -0.997
vn -0.123 0.013 -0.992
vn 0.041 -0.957 -0.286
vn 0.007 -1.000 -0.002
vn 0.007 -1.000 -0.002
vn -0.608 0.067 -0.791
vn -0.608 0.067 -0.791
vn -0.074 0.180 -0.981
vn 0.144 0.174 -0.974
vn 0.383 0.009 -0.924
vn 0.413 0.184 -0.892
vn 0.314 0.100 -0.944
vn 0.551 0.244 -0.798
vn 0.575 0.300 -0.761
vn 0.575 0.300 -0.761
vn 0.607 0.372 -0.703
vn 0.625 0.332 -0.707
vn 0.803 0.320 -0.504
vn 0.551 0.244 -0.798
vn 0.383 0.009 -0.924
vn 0.800 0.478 -0.362
vn 0.782 0.559 -0.274
vn 0.733 0.658 -0.171
vn 0.800 0.478 -0.362
vn 0.733 0.658 -0.171
vn 0.672 0.679 -0.295
vn 0.672 0.679 -0.295
vn 0.733 0.658 -0.171
vn 0.707 0.689 -0.158
vn 0.970 0.243 -0.030
vn 0.947 0.234 -0.222
vn 0.965 0.252 -0.071
vn 0.965 0.252 -0.071
vn 0.934 0.213 -0.285
vn 0.860 0.486 -0.158
vn 0.965 0.252 -0.071
vn 0.958 0.235 -0.163
vn 0.991 0.056 -0.122
vn 0.581 0.802 -0.139
vn 0.798 0.584 -0.148
vn 0.647 0.756 -0.101
vn 0.581 0.802 -0.139
vn 0.647 0.756 -0.101
vn 0.706 0.683 -0.190
vn 0.706 0.683 -0.190
vn 0.647 0.756 -0.101
vn 0.763 0.627 -0.161
vn 0.750 0.591 -0.296
vn 0.763 0.627 -0.161
vn 0.725 0.648 -0.234
vn 0.725 0.648 -0.234
vn 0.763 0.627 -0.161
vn 0.727 0.654 -0.211
vn 0.616 0.779 -0.117
vn 0.669 0.728 -0.151
vn 0.673 0.731 -0.115
vn 0.700 0.691 -0.177
vn 0.672 0.679 -0.295
vn 0.707 0.689 -0.158
vn 0.707 0.689 -0.158
vn 0.672 0.679 -0.295
vn 0.757 0.576 -0.310
vn 0.934 0.213 -0.285
vn 0.821 0.470 -0.326
vn 0.860 0.486 -0.158
vn 0.798 0.584 -0.148
vn 0.737 0.649 -0.189
vn 0.647 0.756 -0.101
vn 0.647 0.756 -0.101
vn 0.737 0.649 -0.189
vn 0.712 0.688 -0.140
vn 0.647 0.756 -0.101
vn 0.712 0.688 -0.140
vn 0.763 0.627 -0.161
vn 0.763 0.627 -0.161
vn 0.737 0.629 -0.248
vn 0.700 0.691 -0.177
vn 0.700 0.691 -0.177
vn 0.675 0.634 -0.377
vn 0.672 0.679 -0.295
vn 0.672 0.679 -0.295
vn 0.715 0.521 -0.467
vn 0.757 0.576 -0.310
vn 0.757 0.576 -0.310
vn 0.743 0.454 -0.491
vn 0.800 0.478 -0.362
vn 0.821 0.470 -0.326
vn 0.746 0.391 -0.540
vn 0.734 0.603 -0.313
vn 0.734 0.603 -0.313
vn 0.721 0.457 -0.520
vn 0.700 0.691 -0.177
vn 0.700 0.691 -0.177
vn 0.721 0.457 -0.520
vn 0.675 0.634 -0.377
vn 0.675 0.634 -0.377
vn 0.578 0.787 -0.215
vn 0.672 0.679 -0.295
vn 0.672 0.679 -0.295
vn 0.578 0.787 -0.215
vn 0.698 0.559 -0.448
vn 0.037 0.998 -0.053
vn 0.037 0.998 -0.053
vn 0.037 0.998 -0.053
vn 0.746 0.391 -0.540
vn 0.654 0.583 -0.483
vn 0.718 0.456 -0.526
vn 0.588 -0.540 -0.602
vn 0.588 -0.540 -0.602
vn 0.535 -0.126 -0.836
vn 0.741 0.515 -0.431
vn 0.625 0.332 -0.707
vn 0.721 0.457 -0.520
vn 0.721 0.457 -0.520
vn 0.625 0.332 -0.707
vn 0.648 0.415 -0.638
vn 0.721 0.457 -0.520
vn 0.648 0.415 -0.638
vn 0.675 0.634 -0.377
vn 0.675 0.634 -0.377
vn 0.648 0.415 -0.638
vn 0.706 0.513 -0.488
vn 0.498 -0.253 -0.829
vn 0.510 0.139 -0.849
vn 0.498 -0.253 -0.829
vn 0.551 0.244 -0.798
vn 0.716 0.426 -0.553
vn 0.607 0.372 -0.703
vn 0.603 0.370 -0.706
vn 0.607 0.372 -0.703
vn 0.575 0.300 -0.761
vn 0.692 0.402 -0.600
vn 0.648 0.415 -0.638
vn 0.607 0.372 -0.703
vn 0.648 0.415 -0.638
vn 0.616 0.292 -0.732
vn 0.607 0.372 -0.703
vn 0.724 0.380 -0.576
vn 0.732 0.132 -0.668
vn 0.607 0.207 -0.767
vn 0.607 0.207 -0.767
vn 0.732 0.132 -0.668
vn 0.513 -0.003 -0.858
vn 0.607 0.207 -0.767
vn 0.513 -0.003 -0.858
vn 0.422 0.071 -0.904
vn 0.724 0.380 -0.576
vn 0.607 0.207 -0.767
vn 0.625 0.332 -0.707
vn 0.575 0.300 -0.761
vn 0.374 0.097 -0.922
vn 0.314 0.100 -0.944
vn 0.464 0.250 -0.850
vn 0.314 0.100 -0.944
vn 0.144 0.174 -0.974
vn 0.625 0.332 -0.707
vn 0.607 0.207 -0.767
vn 0.422 0.071 -0.904
vn 0.625 0.332 -0.707
vn 0.422 0.071 -0.904
vn 0.374 0.097 -0.922
vn 0.314 0.100 -0.944
vn 0.039 0.015 -0.999
vn 0.144 0.174 -0.974
vn 0.374 0.097 -0.922
vn 0.422 0.071 -0.904
vn 0.261 0.057 -0.964
vn 0.314 0.100 -0.944
vn 0.374 0.097 -0.922
vn 0.242 -0.023 -0.970
vn 0.242 -0.023 -0.970
vn 0.374 0.097 -0.922
vn 0.261 0.057 -0.964
vn 0.278 0.094 -0.956
vn 0.211 0.064 -0.975
vn 0.253 0.123 -0.960
vn 0.151 0.007 -0.989
vn 0.070 0.079 -0.994
vn -0.123 0.013 -0.992
vn 0.070 0.079 -0.994
vn 0.253 0.123 -0.960
vn 0.211 0.064 -0.975
vn -0.007 1.000 0.002
vn -0.007 1.000 0.002
vn -0.041 0.957 0.286
vn 0.264 -0.062 -0.963
vn 0.394 0.015 -0.919
vn 0.357 -0.437 -0.825
vn 0.643 -0.647 -0.410
vn 0.498 -0.814 -0.300
vn 0.643 -0.647 -0.410
vn 0.643 -0.647 -0.410
vn 0.643 -0.647 -0.410
vn 0.675 -0.560 -0.481
vn 0.343 -0.925 -0.164
vn 0.498 -0.814 -0.300
vn 0.666 -0.688 -0.289
vn 0.092 -0.968 -0.234
vn 0.022 -0.941 -0.337
vn 0.005 -0.951 -0.308
vn 0.005 -0.951 -0.308
vn 0.022 -0.941 -0.337
vn 0.052 -0.853 -0.519
vn 0.007 -1.000 -0.002
vn 0.041 -0.957 -0.286
vn 0.007 -1.000 -0.002
vn 0.556 -0.038 -0.830
vn 0.394 0.015 -0.919
vn 0.513 -0.003 -0.858
vn 0.556 -0.038 -0.830
vn 0.513 -0.003 -0.858
vn 0.639 0.109 -0.762
vn 0.357 -0.437 -0.825
vn 0.394 0.015 -0.919
vn 0.531 -0.249 -0.810
vn 0.205 -0.903 -0.377
vn 0.187 -0.905 -0.382
vn 0.205 -0.903 -0.377
vn 0.970 0.243 -0.030
vn 0.991 0.129 -0.042
vn 0.979 0.113 -0.169
vn -0.846 -0.532 -0.039
vn -0.957 -0.289 0.002
vn -0.846 -0.532 -0.039
vn 0.285 -0.958 0.022
vn 0.370 -0.929 0.019
vn 0.295 -0.955 0.006
vn 0.295 -0.955 0.006
vn 0.104 -0.994 -0.013
vn 0.285 -0.958 0.022
vn -0.461 -0.887 -0.017
vn 0.104 -0.994 -0.013
vn -0.454 -0.884 0.113
vn 0.461 0.887 0.017
vn 0.461 0.887 0.017
vn 0.517 0.856 0.019
vn 0.966 0.254 0.042
vn 0.967 0.254 0.030
vn 0.809 0.587 0.036
vn 0.809 0.587 0.036
vn 0.967 0.254 0.030
vn 0.995 0.104 -0.006
vn 0.997 0.072 0.026
vn 0.981 0.187 0.048
vn 0.976 0.213 -0.049
vn 0.997 0.073 0.002
vn 0.995 0.046 0.088
vn 0.904 -0.369 0.214
vn 0.006 -0.936 0.351
vn 0.003 -0.940 0.341
vn 0.011 -0.914 0.406
vn 0.900 -0.246 0.360
vn 0.746 -0.462 0.479
vn 0.781 -0.147 0.606
vn 0.491 -0.336 0.804
vn 0.003 -0.774 0.633
vn 0.016 -0.622 0.783
vn 0.752 -0.060 0.657
vn 0.033 -0.589 0.807
vn 0.027 -0.563 0.826
vn 0.893 0.354 0.279
vn 0.748 -0.041 0.662
vn 0.947 0.320 -0.021
vn 0.004 -0.866 0.501
vn 0.746 -0.462 0.479
vn 0.013 -0.893 0.450
vn 0.865 0.501 0.022
vn 0.893 0.354 0.279
vn 0.798 0.602 0.019
vn 0.798 0.602 0.019
vn 0.892 0.405 0.201
vn 0.812 0.581 -0.059
vn 0.812 0.581 -0.059
vn 0.892 0.405 0.201
vn 0.907 0.415 0.063
vn -0.630 -0.593 0.501
vn -0.598 -0.683 0.418
vn -0.008 -0.822 0.569
vn 0.899 0.436 -0.052
vn 0.915 0.396 -0.081
vn 0.994 0.035 0.106
vn 0.994 0.035 0.106
vn 0.915 0.396 -0.081
vn 0.965 0.258 -0.038
vn -0.630 -0.593 0.501
vn -0.659 -0.431 0.617
vn -0.630 -0.593 0.501
vn 0.257 0.965 0.051
vn 0.418 0.908 0.038
vn 0.571 0.821 0.007
vn 0.979 0.055 0.198
vn 0.914 0.404 0.044
vn 0.998 -0.054 -0.015
vn 0.914 0.404 0.044
vn 0.853 0.520 0.036
vn 0.838 0.545 -0.030
vn 0.088 0.984 0.155
vn 0.120 0.993 -0.021
vn 0.088 0.984 0.155
vn -0.088 -0.984 -0.155
vn -0.120 -0.993 0.021
vn -0.027 -0.795 0.607
vn 0.945 -0.327 -0.006
vn 0.973 -0.231 -0.018
vn 0.820 -0.571 -0.038
vn 0.945 -0.327 -0.006
vn 0.820 -0.571 -0.038
vn 0.764 -0.644 -0.043
vn 0.518 -0.855 -0.033
vn 0.820 -0.571 -0.038
vn 0.144 -0.990 -0.003
vn -0.010 0.114 -0.993
vn -0.002 0.058 -0.998
vn 0.017 0.095 -0.995
vn 0.017 0.095 -0.995
vn -0.002 0.058 -0.998
vn 0.008 0.017 -1.000
vn 0.017 0.095 -0.995
vn 0.008 0.017 -1.000
vn 0.043 0.086 -0.995
vn 0.043 0.086 -0.995
vn 0.008 0.017 -1.000
vn -0.025 -0.278 -0.960
vn -0.025 -0.278 -0.960
vn 0.008 0.017 -1.000
vn -0.031 -0.055 -0.998
vn -0.031 -0.055 -0.998
vn 0.008 0.017 -1.000
vn -0.013 0.029 -0.999
vn -0.013 0.029 -0.999
vn 0.008 0.017 -1.000
vn -0.002 -0.002 -1.000
vn -0.002 0.058 -0.998
vn -0.010 0.114 -0.993
vn -0.051 0.139 -0.989
vn -0.002 0.058 -0.998
vn -0.051 0.139 -0.989
vn 0.022 -0.276 -0.961
vn -0.002 0.058 -0.998
vn 0.022 -0.276 -0.961
vn 0.030 -0.054 -0.998
vn -0.002 0.058 -0.998
vn 0.030 -0.054 -0.998
vn 0.014 0.033 -0.999
vn -0.002 0.058 -0.998
vn 0.014 0.033 -0.999
vn -0.000 -0.035 -0.999
vn -0.000 -0.035 -0.999
vn 0.014 0.033 -0.999
vn 0.007 0.010 -1.000
vn -0.000 -0.035 -0.999
vn 0.007 0.010 -1.000
vn 0.003 0.027 -1.000
vn 0.003 0.027 -1.000
vn 0.007 0.010 -1.000
vn -0.020 -0.021 -1.000
vn 0.003 0.027 -1.000
vn -0.020 -0.021 -1.000
vn -0.012 -0.046 -0.999
vn -0.012 -0.046 -0.999
vn -0.020 -0.021 -1.000
vn -0.009 -0.036 -0.999
vn -0.012 -0.046 -0.999
vn -0.009 -0.036 -0.999
vn 0.010 -0.042 -0.999
vn -0.012 -0.046 -0.999
vn 0.010 -0.042 -0.999
vn 0.031 -0.060 -0.998
vn 0.031 -0.060 -0.998
vn 0.010 -0.042 -0.999
vn 0.018 -0.022 -1.000
vn 0.031 -0.060 -0.998
vn 0.018 -0.022 -1.000
vn -0.002 -0.002 -1.000
vn -0.002 -0.002 -1.000
vn 0.018 -0.022 -1.000
vn -0.013 0.021 -1.000
vn -0.002 -0.002 -1.000
vn -0.013 0.021 -1.000
vn -0.013 0.029 -0.999
vn 0.010 -0.042 -0.999
vn -0.009 -0.036 -0.999
vn -0.001 0.070 -0.998
vn -0.001 0.070 -0.998
vn -0.009 -0.036 -0.999
vn 0.006 0.078 -0.997
vn -0.001 0.070 -0.998
vn 0.006 0.078 -0.997
vn 0.008 0.100 -0.995
vn 0.008 0.100 -0.995
vn 0.006 0.078 -0.997
vn 0.020 0.043 -0.999
vn -0.998 -0.068 -0.004
vn -0.957 -0.288 0.027
vn -0.973 -0.228 0.038
vn -0.975 -0.221 0.039
vn -0.957 -0.288 0.027
vn -0.986 -0.165 -0.015
vn -0.973 -0.228 0.038
vn -0.986 -0.165 -0.015
vn -0.989 -0.137 -0.054
vn -0.989 -0.137 -0.054
vn -0.986 -0.165 -0.015
vn -0.987 -0.148 -0.065
vn -0.987 -0.148 -0.065
vn -0.926 -0.360 0.115
vn -0.922 -0.386 -0.032
vn -0.922 -0.386 -0.032
vn -0.926 -0.360 0.115
vn -0.773 -0.635 0.011
vn -0.650 -0.760 0.010
vn -0.757 -0.653 0.011
vn -0.663 -0.746 0.057
vn -0.650 -0.760 0.010
vn -0.663 -0.746 0.057
vn -0.631 -0.774 0.054
vn -0.631 -0.774 0.054
vn -0.693 -0.714 0.104
vn -0.664 -0.734 0.143
vn -0.664 -0.734 0.143
vn -0.693 -0.714 0.104
vn -0.779 -0.615 0.119
vn -0.664 -0.734 0.143
vn -0.779 -0.615 0.119
vn -0.808 -0.572 0.141
vn -0.808 -0.572 0.141
vn -0.779 -0.615 0.119
vn -0.783 -0.606 0.142
vn -0.783 -0.606 0.142
vn -0.645 -0.739 0.196
vn -0.350 -0.925 0.149
vn -0.957 -0.288 0.027
vn -0.998 -0.068 -0.004
vn -0.957 -0.289 0.026
vn 0.995 0.100 0.014
vn 0.896 0.235 -0.377
vn 0.977 0.211 -0.007
vn -0.957 -0.289 0.026
vn -0.916 -0.380 0.126
vn -0.917 -0.400 -0.001
vn -0.917 -0.400 -0.001
vn -0.916 -0.380 0.126
vn -0.895 -0.445 -0.030
vn -0.917 -0.400 -0.001
vn -0.895 -0.445 -0.030
vn -0.867 -0.498 0.039
vn -0.867 -0.498 0.039
vn -0.895 -0.445 -0.030
vn -0.849 -0.510 -0.135
vn -0.867 -0.498 0.039
vn -0.849 -0.510 -0.135
vn -0.853 -0.522 -0.025
vn -0.755 -0.629 -0.183
vn -0.849 -0.510 -0.135
vn -0.738 -0.670 -0.077
vn -0.738 -0.670 -0.077
vn -0.849 -0.510 -0.135
vn -0.786 -0.618 -0.034
vn -0.796 -0.598 -0.094
vn -0.786 -0.618 -0.034
vn -0.774 -0.632 0.034
vn -0.774 -0.632 0.034
vn -0.786 -0.618 -0.034
vn -0.810 -0.587 0.009
vn -0.774 -0.632 0.034
vn -0.810 -0.587 0.009
vn -0.792 -0.599 0.121
vn -0.792 -0.599 0.121
vn -0.810 -0.587 0.009
vn -0.797 -0.597 0.088
vn -0.792 -0.599 0.121
vn -0.797 -0.597 0.088
vn -0.781 -0.619 0.081
vn -0.781 -0.619 0.081
vn -0.797 -0.597 0.088
vn -0.771 -0.630 0.090
vn -0.781 -0.619 0.081
vn -0.771 -0.630 0.090
vn -0.813 -0.568 0.127
vn -0.813 -0.568 0.127
vn -0.771 -0.630 0.090
vn -0.885 -0.432 0.175
vn -0.813 -0.568 0.127
vn -0.885 -0.432 0.175
vn -0.924 -0.348 0.160
vn -0.935 -0.317 0.158
vn -0.885 -0.432 0.175
vn -0.908 -0.248 0.339
vn -0.856 -0.501 0.131
vn -0.734 -0.579 0.355
vn -0.734 -0.579 0.355
vn -0.930 -0.316 0.189
vn -0.873 -0.367 0.321
vn -0.937 -0.274 0.217
vn -0.952 -0.242 0.187
vn -0.985 0.093 0.146
vn -0.974 -0.183 0.133
vn -0.810 -0.587 0.009
vn -0.771 -0.630 0.090
vn -0.797 -0.597 0.088
vn -0.952 -0.242 0.187
vn -0.974 -0.183 0.133
vn -0.935 -0.317 0.158
vn -0.935 -0.317 0.158
vn -0.974 -0.183 0.133
vn -0.864 -0.483 0.142
vn -0.745 -0.630 0.219
vn -0.817 -0.553 0.161
vn -0.856 -0.505 0.106
vn -0.745 -0.630 0.219
vn -0.856 -0.505 0.106
vn -0.807 -0.567 0.166
vn -0.686 -0.706 0.179
vn -0.807 -0.567 0.166
vn -0.805 -0.574 0.148
vn -0.805 -0.574 0.148
vn -0.820 -0.548 0.165
vn -0.788 -0.592 0.168
vn -0.788 -0.592 0.168
vn -0.807 -0.567 0.166
vn -0.731 -0.677 0.087
vn -0.788 -0.592 0.168
vn -0.731 -0.677 0.087
vn -0.700 -0.713 0.035
vn -0.700 -0.713 0.035
vn -0.731 -0.677 0.087
vn -0.672 -0.738 0.053
vn -0.700 -0.713 0.035
vn -0.672 -0.738 0.053
vn -0.757 -0.653 0.011
vn -0.820 -0.548 0.165
vn -0.856 -0.505 0.106
vn -0.934 -0.356 0.029
vn -0.907 -0.376 0.188
vn -0.980 -0.190 0.055
vn -0.938 0.332 0.104
vn -0.938 0.332 0.104
vn -0.938 0.332 0.104
vn -0.906 0.403 0.130
vn -0.774 -0.620 0.129
vn -0.797 -0.596 0.096
vn -0.752 -0.647 0.124
vn -0.774 -0.620 0.129
vn -0.752 -0.647 0.124
vn -0.710 -0.698 0.093
vn -0.710 -0.698 0.093
vn -0.752 -0.647 0.124
vn -0.693 -0.714 0.104
vn -0.710 -0.698 0.093
vn -0.693 -0.714 0.104
vn -0.663 -0.746 0.057
vn -0.663 -0.746 0.057
vn -0.693 -0.714 0.104
vn -0.631 -0.774 0.054
vn -0.752 -0.647 0.124
vn -0.797 -0.596 0.096
vn -0.758 -0.644 0.101
vn -0.758 -0.644 0.101
vn -0.797 -0.596 0.096
vn -0.868 -0.485 0.106
vn -0.207 -0.968 -0.144
vn -0.768 -0.641 -0.001
vn -0.782 -0.567 -0.259
vn -0.931 -0.354 0.092
vn -0.782 -0.567 -0.259
vn -0.926 -0.361 -0.110
vn -0.947 -0.272 0.172
vn -0.813 -0.546 0.201
vn -0.880 -0.447 0.159
vn -0.868 -0.485 0.106
vn -0.645 -0.739 0.196
vn -0.783 -0.606 0.142
vn -0.868 -0.485 0.106
vn -0.783 -0.606 0.142
vn -0.779 -0.615 0.119
vn 0.716 0.696 -0.055
vn 0.681 0.716 -0.153
vn 0.681 0.716 -0.153
vn 0.681 0.716 -0.153
vn 0.681 0.716 -0.153
vn 0.711 0.687 -0.152
vn -0.813 -0.546 0.201
vn -0.719 -0.613 0.328
vn -0.738 -0.656 0.160
vn -0.738 -0.656 0.160
vn -0.719 -0.613 0.328
vn -0.665 -0.746 0.037
vn -0.738 -0.656 0.160
vn -0.665 -0.746 0.037
vn -0.703 -0.710 0.043
vn -0.703 -0.710 0.043
vn -0.494 -0.861 -0.124
vn -0.479 -0.870 -0.115
vn -0.479 -0.870 -0.115
vn -0.494 -0.861 -0.124
vn -0.590 -0.804 0.076
vn -0.479 -0.870 -0.115
vn -0.500 -0.866 -0.012
vn -0.562 -0.827 -0.003
vn -0.562 -0.827 -0.003
vn -0.449 -0.888 -0.097
vn -0.526 -0.850 0.027
vn -0.562 -0.827 -0.003
vn -0.724 -0.688 0.051
vn -0.736 -0.677 -0.015
vn -0.736 -0.677 -0.015
vn -0.724 -0.688 0.051
vn -0.862 -0.507 -0.003
vn -0.736 -0.677 -0.015
vn -0.862 -0.507 -0.003
vn -0.916 -0.401 -0.019
vn -0.916 -0.401 -0.019
vn -0.862 -0.507 -0.003
vn -0.964 -0.264 -0.026
vn -0.916 -0.401 -0.019
vn -0.964 -0.264 -0.026
vn -0.946 -0.324 0.028
vn -0.946 -0.324 0.028
vn -0.964 -0.264 -0.026
vn -0.983 -0.179 -0.036
vn -0.946 -0.324 0.028
vn -0.980 -0.196 -0.035
vn -0.974 -0.222 -0.046
vn -0.974 -0.222 -0.046
vn -0.983 -0.179 -0.036
vn -0.989 -0.137 -0.054
vn -0.974 -0.222 -0.046
vn -0.989 -0.137 -0.054
vn -0.987 -0.148 -0.065
vn -0.774 -0.620 0.129
vn -0.710 -0.698 0.093
vn -0.731 -0.677 0.087
vn -0.731 -0.677 0.087
vn -0.710 -0.698 0.093
vn -0.672 -0.738 0.053
vn -0.663 -0.746 0.057
vn -0.672 -0.738 0.053
vn -0.710 -0.698 0.093
vn -0.700 -0.713 0.035
vn -0.758 -0.651 -0.027
vn -0.726 -0.685 0.064
vn -0.726 -0.685 0.064
vn -0.758 -0.651 -0.027
vn -0.867 -0.498 0.039
vn -0.726 -0.685 0.064
vn -0.867 -0.498 0.039
vn -0.714 -0.692 0.106
vn -0.714 -0.692 0.106
vn -0.867 -0.498 0.039
vn -0.765 -0.639 0.078
vn -0.625 -0.774 0.106
vn -0.550 -0.835 -0.018
vn -0.601 -0.782 -0.164
vn -0.700 -0.713 0.035
vn -0.757 -0.653 0.011
vn -0.758 -0.651 -0.027
vn -0.714 -0.700 -0.017
vn -0.660 -0.751 0.008
vn -0.204 -0.979 0.002
vn -0.784 -0.620 -0.028
vn -0.855 -0.517 -0.035
vn -0.922 -0.355 -0.158
vn -0.758 -0.651 -0.027
vn -0.922 -0.355 -0.158
vn -0.914 -0.404 -0.031
vn -0.914 -0.404 -0.031
vn -0.922 -0.355 -0.158
vn -0.986 -0.165 -0.015
vn -0.914 -0.404 -0.031
vn -0.986 -0.165 -0.015
vn -0.957 -0.288 0.027
vn -0.917 -0.400 -0.001
vn -0.867 -0.498 0.039
vn -0.914 -0.404 -0.031
vn -0.914 -0.404 -0.031
vn -0.867 -0.498 0.039
vn -0.784 -0.620 -0.028
vn -0.957 -0.289 0.026
vn -0.917 -0.400 -0.001
vn -0.957 -0.288 0.027
vn -0.957 -0.288 0.027
vn -0.917 -0.400 -0.001
vn -0.914 -0.404 -0.031
vn -0.700 -0.713 0.035
vn -0.726 -0.685 0.064
vn -0.767 -0.627 0.137
vn -0.700 -0.713 0.035
vn -0.767 -0.627 0.137
vn -0.788 -0.592 0.168
vn -0.788 -0.592 0.168
vn -0.767 -0.627 0.137
vn -0.792 -0.599 0.121
vn -0.788 -0.592 0.168
vn -0.792 -0.599 0.121
vn -0.805 -0.574 0.148
vn -0.805 -0.574 0.148
vn -0.792 -0.599 0.121
vn -0.781 -0.619 0.081
vn -0.805 -0.574 0.148
vn -0.781 -0.619 0.081
vn -0.864 -0.483 0.142
vn -0.864 -0.483 0.142
vn -0.781 -0.619 0.081
vn -0.924 -0.348 0.160
vn -0.767 -0.627 0.137
vn -0.726 -0.685 0.064
vn -0.714 -0.692 0.106
vn -0.807 -0.567 0.166
vn -0.774 -0.620 0.129
vn -0.731 -0.677 0.087
vn -0.796 -0.598 -0.094
vn -0.774 -0.632 0.034
vn -0.753 -0.648 0.112
vn -0.753 -0.648 0.112
vn -0.774 -0.632 0.034
vn -0.767 -0.627 0.137
vn -0.774 -0.632 0.034
vn -0.792 -0.599 0.121
vn -0.767 -0.627 0.137
vn -0.813 -0.568 0.127
vn -0.924 -0.348 0.160
vn -0.781 -0.619 0.081
vn -0.752 -0.647 0.124
vn -0.758 -0.644 0.101
vn -0.693 -0.714 0.104
vn -0.693 -0.714 0.104
vn -0.758 -0.644 0.101
vn -0.779 -0.615 0.119
vn -0.779 -0.615 0.119
vn -0.758 -0.644 0.101
vn -0.868 -0.485 0.106
vn -0.757 -0.653 0.011
vn -0.672 -0.738 0.053
vn -0.663 -0.746 0.057
vn -0.855 -0.517 -0.035
vn -0.773 -0.635 0.011
vn -0.926 -0.360 0.115
vn -0.855 -0.517 -0.035
vn -0.926 -0.360 0.115
vn -0.922 -0.355 -0.158
vn -0.922 -0.355 -0.158
vn -0.926 -0.360 0.115
vn -0.987 -0.148 -0.065
vn -0.922 -0.355 -0.158
vn -0.987 -0.148 -0.065
vn -0.986 -0.165 -0.015
vn -0.808 -0.572 0.141
vn -0.783 -0.606 0.142
vn -0.703 -0.710 0.043
vn -0.703 -0.710 0.043
vn -0.783 -0.606 0.142
vn -0.813 -0.546 0.201
vn -0.703 -0.710 0.043
vn -0.813 -0.546 0.201
vn -0.738 -0.656 0.160
vn -0.664 -0.734 0.143
vn -0.808 -0.572 0.141
vn -0.645 -0.762 0.057
vn -0.645 -0.762 0.057
vn -0.808 -0.572 0.141
vn -0.703 -0.710 0.043
vn -0.645 -0.762 0.057
vn -0.703 -0.710 0.043
vn -0.479 -0.870 -0.115
vn -0.631 -0.774 0.054
vn -0.664 -0.734 0.143
vn -0.562 -0.827 -0.003
vn -0.562 -0.827 -0.003
vn -0.664 -0.734 0.143
vn -0.645 -0.762 0.057
vn -0.562 -0.827 -0.003
vn -0.645 -0.762 0.057
vn -0.479 -0.870 -0.115
vn -0.673 -0.734 0.088
vn -0.631 -0.774 0.054
vn -0.562 -0.827 -0.003
vn -0.650 -0.760 0.010
vn -0.631 -0.774 0.054
vn -0.756 -0.652 0.059
vn -0.756 -0.652 0.059
vn -0.631 -0.774 0.054
vn -0.673 -0.734 0.088
vn -0.756 -0.652 0.059
vn -0.673 -0.734 0.088
vn -0.736 -0.677 -0.015
vn -0.736 -0.677 -0.015
vn -0.673 -0.734 0.088
vn -0.562 -0.827 -0.003
vn -0.757 -0.653 0.011
vn -0.650 -0.760 0.010
vn -0.756 -0.652 0.059
vn -0.974 -0.222 -0.046
vn -0.987 -0.148 -0.065
vn -0.922 -0.386 -0.032
vn -0.922 -0.386 -0.032
vn -0.773 -0.635 0.011
vn -0.905 -0.425 0.001
vn -0.905 -0.425 0.001
vn -0.773 -0.635 0.011
vn -0.756 -0.652 0.059
vn -0.905 -0.425 0.001
vn -0.756 -0.652 0.059
vn -0.916 -0.401 -0.019
vn -0.916 -0.401 -0.019
vn -0.756 -0.652 0.059
vn -0.736 -0.677 -0.015
vn -0.946 -0.324 0.028
vn -0.974 -0.222 -0.046
vn -0.905 -0.425 0.001
vn -0.905 -0.425 0.001
vn -0.974 -0.222 -0.046
vn -0.922 -0.386 -0.032
vn -0.946 -0.324 0.028
vn -0.905 -0.425 0.001
vn -0.916 -0.401 -0.019
vn 0.042 -0.049 0.998
vn -0.127 -0.045 0.991
vn -0.053 -0.080 0.995
vn 0.042 -0.049 0.998
vn -0.053 -0.080 0.995
vn 0.105 -0.064 0.992
vn 0.105 -0.064 0.992
vn -0.053 -0.080 0.995
vn -0.171 -0.064 0.983
vn -0.171 -0.064 0.983
vn -0.318 -0.085 0.944
vn -0.196 -0.089 0.977
vn -0.196 -0.089 0.977
vn -0.318 -0.085 0.944
vn -0.388 -0.081 0.918
vn -0.305 -0.194 0.932
vn -0.196 -0.089 0.977
vn -0.388 -0.081 0.918
vn 0.019 -0.265 -0.964
vn 0.510 0.139 -0.849
vn 0.607 0.372 -0.703
vn -0.717 -0.496 0.489
vn -0.722 -0.628 0.290
vn -0.735 -0.543 0.405
vn -0.689 -0.424 0.589
vn -0.726 -0.461 0.511
vn -0.694 -0.379 0.612
vn -0.687 -0.310 0.657
vn -0.692 -0.312 0.651
vn -0.752 -0.342 0.564
vn -0.530 -0.844 -0.083
vn -0.641 -0.766 0.038
vn -0.703 -0.710 0.043
vn -0.703 -0.710 0.043
vn -0.641 -0.766 0.038
vn -0.494 -0.861 -0.124
vn -0.494 -0.861 -0.124
vn -0.452 -0.866 -0.216
vn -0.376 -0.908 -0.184
vn -0.761 -0.491 0.423
vn -0.735 -0.598 0.320
vn -0.768 -0.431 0.474
vn -0.761 -0.491 0.423
vn -0.768 -0.431 0.474
vn -0.736 -0.369 0.567
vn -0.736 -0.369 0.567
vn -0.717 -0.397 0.574
vn -0.710 -0.440 0.549
vn -0.710 -0.440 0.549
vn -0.717 -0.397 0.574
vn -0.595 -0.344 0.726
vn -0.729 -0.371 0.575
vn -0.595 -0.344 0.726
vn -0.437 -0.115 0.892
vn -0.437 -0.115 0.892
vn -0.595 -0.344 0.726
vn -0.342 -0.230 0.911
vn -0.342 -0.230 0.911
vn -0.527 -0.247 0.813
vn -0.500 -0.229 0.835
vn -0.041 0.957 0.286
vn -0.316 0.808 0.498
vn -0.316 0.808 0.498
vn -0.316 0.808 0.498
vn -0.316 0.808 0.498
vn -0.516 0.734 0.441
vn -0.342 -0.230 0.911
vn -0.313 -0.183 0.932
vn -0.437 -0.115 0.892
vn -0.729 -0.371 0.575
vn -0.723 -0.082 0.686
vn -0.736 -0.369 0.567
vn -0.736 -0.369 0.567
vn -0.723 -0.082 0.686
vn -0.750 -0.143 0.646
vn -0.257 -0.957 0.132
vn -0.246 -0.961 0.128
vn -0.246 -0.961 0.128
vn -0.736 -0.369 0.567
vn -0.843 -0.418 0.339
vn -0.761 -0.491 0.423
vn -0.761 -0.491 0.423
vn -0.843 -0.418 0.339
vn -0.807 -0.526 0.268
vn -0.761 -0.491 0.423
vn -0.807 -0.526 0.268
vn -0.676 -0.719 0.159
vn -0.761 -0.491 0.423
vn -0.676 -0.719 0.159
vn -0.735 -0.598 0.320
vn -0.735 -0.598 0.320
vn -0.676 -0.719 0.159
vn -0.562 -0.827 -0.003
vn -0.612 0.788 0.057
vn -0.612 0.788 0.057
vn -0.612 0.788 0.057
vn -0.626 -0.591 0.508
vn -0.489 -0.854 0.175
vn -0.422 -0.887 0.187
vn -0.422 -0.887 0.187
vn -0.489 -0.854 0.175
vn -0.326 -0.943 0.061
vn -0.723 -0.082 0.686
vn -0.807 -0.144 0.573
vn -0.750 -0.143 0.646
vn -0.750 -0.143 0.646
vn -0.879 -0.191 0.437
vn -0.857 -0.385 0.343
vn -0.857 -0.385 0.343
vn -0.882 -0.364 0.300
vn -0.807 -0.526 0.268
vn -0.676 -0.719 0.159
vn -0.807 -0.526 0.268
vn -0.724 -0.688 0.051
vn -0.676 -0.719 0.159
vn -0.724 -0.688 0.051
vn -0.562 -0.827 -0.003
vn 0.487 0.857 -0.170
vn 0.702 0.560 -0.440
vn 0.520 0.848 -0.100
vn -0.844 -0.471 0.255
vn -0.489 -0.854 0.175
vn -0.803 -0.518 0.293
vn -0.783 -0.610 0.120
vn -0.814 -0.534 0.227
vn -0.907 -0.387 0.164
vn -0.460 0.843 0.281
vn -0.460 0.843 0.281
vn -0.430 0.853 0.296
vn -0.951 -0.257 0.169
vn -0.983 -0.179 -0.036
vn -0.964 -0.264 -0.026
vn -0.930 -0.331 0.157
vn -0.964 -0.264 -0.026
vn -0.901 -0.378 0.214
vn -0.930 -0.331 0.157
vn -0.901 -0.378 0.214
vn -0.814 -0.496 0.301
vn 0.552 0.833 -0.027
vn 0.793 0.603 -0.087
vn 0.520 0.848 -0.100
vn -0.925 -0.312 0.217
vn -0.844 -0.471 0.255
vn -0.857 -0.385 0.343
vn -0.964 -0.264 -0.026
vn -0.862 -0.507 -0.003
vn -0.901 -0.378 0.214
vn -0.814 -0.496 0.301
vn -0.901 -0.378 0.214
vn -0.882 -0.364 0.300
vn -0.829 -0.456 0.324
vn -0.882 -0.364 0.300
vn -0.866 -0.414 0.280
vn -0.866 -0.414 0.280
vn -0.882 -0.364 0.300
vn -0.857 -0.385 0.343
vn -0.901 -0.378 0.214
vn -0.862 -0.507 -0.003
vn -0.867 -0.458 0.196
vn -0.901 -0.378 0.214
vn -0.867 -0.458 0.196
vn -0.882 -0.364 0.300
vn -0.862 -0.507 -0.003
vn -0.724 -0.688 0.051
vn -0.867 -0.458 0.196
vn -0.867 -0.458 0.196
vn -0.724 -0.688 0.051
vn -0.807 -0.526 0.268
vn -0.867 -0.458 0.196
vn -0.807 -0.526 0.268
vn -0.882 -0.364 0.300
vn -0.526 -0.850 0.027
vn -0.621 -0.773 0.126
vn -0.735 -0.598 0.320
vn -0.703 -0.710 0.043
vn -0.665 -0.746 0.037
vn -0.530 -0.844 -0.083
vn -0.530 -0.844 -0.083
vn -0.665 -0.746 0.037
vn -0.126 -0.987 -0.098
vn -0.694 -0.379 0.612
vn -0.729 -0.538 0.423
vn -0.689 -0.424 0.589
vn -0.729 -0.538 0.423
vn -0.717 -0.439 0.541
vn -0.739 -0.454 0.498
vn -0.689 -0.424 0.589
vn -0.717 -0.439 0.541
vn -0.589 -0.386 0.710
vn -0.739 -0.454 0.498
vn -0.717 -0.489 0.496
vn -0.688 -0.273 0.672
vn 0.034 -0.147 0.989
vn -0.196 -0.089 0.977
vn -0.179 -0.136 0.974
vn -0.196 -0.089 0.977
vn -0.014 -0.142 0.990
vn -0.129 -0.048 0.990
vn -0.196 -0.089 0.977
vn -0.129 -0.048 0.990
vn -0.171 -0.064 0.983
vn -0.129 -0.048 0.990
vn 0.105 -0.064 0.992
vn -0.171 -0.064 0.983
vn -0.127 -0.045 0.991
vn -0.240 -0.098 0.966
vn -0.249 -0.107 0.963
vn -0.127 -0.045 0.991
vn -0.249 -0.107 0.963
vn -0.053 -0.080 0.995
vn -0.053 -0.080 0.995
vn -0.249 -0.107 0.963
vn -0.171 -0.064 0.983
vn -0.249 -0.107 0.963
vn -0.240 -0.098 0.966
vn -0.366 -0.126 0.922
vn -0.366 -0.126 0.922
vn -0.240 -0.098 0.966
vn -0.500 -0.229 0.835
vn -0.436 -0.120 0.892
vn -0.500 -0.229 0.835
vn -0.650 -0.171 0.741
vn -0.650 -0.171 0.741
vn -0.500 -0.229 0.835
vn -0.527 -0.247 0.813
vn -0.650 -0.171 0.741
vn -0.527 -0.247 0.813
vn -0.486 -0.172 0.857
vn -0.486 -0.172 0.857
vn -0.527 -0.247 0.813
vn -0.342 -0.230 0.911
vn -0.486 -0.172 0.857
vn -0.342 -0.230 0.911
vn -0.595 -0.344 0.726
vn -0.486 -0.172 0.857
vn -0.595 -0.344 0.726
vn -0.715 -0.254 0.651
vn -0.715 -0.254 0.651
vn -0.595 -0.344 0.726
vn -0.717 -0.397 0.574
vn -0.715 -0.254 0.651
vn -0.717 -0.397 0.574
vn -0.736 -0.369 0.567
vn -0.715 -0.254 0.651
vn -0.736 -0.369 0.567
vn -0.768 -0.431 0.474
vn -0.171 -0.064 0.983
vn -0.249 -0.107 0.963
vn -0.318 -0.085 0.944
vn -0.318 -0.085 0.944
vn -0.249 -0.107 0.963
vn -0.366 -0.126 0.922
vn -0.318 -0.085 0.944
vn -0.366 -0.126 0.922
vn -0.187 -0.063 0.980
vn -0.938 -0.035 0.344
vn -0.844 -0.127 0.520
vn -0.690 -0.166 0.704
vn -0.599 -0.149 0.786
vn -0.436 -0.120 0.892
vn -0.650 -0.171 0.741
vn -0.599 -0.149 0.786
vn -0.650 -0.171 0.741
vn -0.486 -0.172 0.857
vn 0.048 -0.987 -0.156
vn 0.048 -0.987 -0.156
vn -0.127 -0.954 0.272
vn -0.513 -0.112 0.851
vn -0.486 -0.172 0.857
vn -0.585 -0.030 0.811
vn -0.585 -0.030 0.811
vn -0.486 -0.172 0.857
vn -0.715 -0.254 0.651
vn -0.627 -0.162 0.762
vn -0.715 -0.254 0.651
vn -0.749 -0.487 0.449
vn -0.749 -0.487 0.449
vn -0.715 -0.254 0.651
vn -0.768 -0.431 0.474
vn -0.749 -0.487 0.449
vn -0.768 -0.431 0.474
vn -0.726 -0.563 0.396
vn -0.725 -0.526 0.445
vn -0.768 -0.431 0.474
vn -0.735 -0.598 0.320
vn -0.690 -0.166 0.704
vn -0.739 -0.454 0.498
vn -0.688 -0.273 0.672
vn -0.124 -0.979 0.163
vn -0.548 -0.793 0.266
vn -0.124 -0.979 0.163
vn 0.274 0.932 -0.237
vn 0.274 0.932 -0.237
vn 0.124 0.979 -0.163
vn -0.127 -0.954 0.272
vn -0.423 -0.815 0.395
vn -0.637 -0.666 0.387
vn -0.683 -0.528 0.505
vn -0.597 -0.632 0.494
vn -0.749 -0.487 0.449
vn -0.683 -0.528 0.505
vn -0.749 -0.487 0.449
vn -0.726 -0.563 0.396
vn -0.726 -0.563 0.396
vn -0.735 -0.598 0.320
vn -0.662 -0.726 0.186
vn -0.577 -0.294 0.762
vn -0.513 -0.112 0.851
vn -0.550 -0.132 0.825
vn -0.550 -0.132 0.825
vn -0.599 -0.149 0.786
vn -0.727 -0.469 0.501
vn 0.694 0.492 -0.525
vn 0.783 0.317 -0.536
vn 0.607 0.372 -0.703
vn -0.722 -0.628 0.290
vn -0.683 -0.528 0.505
vn -0.735 -0.543 0.405
vn -0.726 -0.461 0.511
vn -0.683 -0.528 0.505
vn -0.725 -0.526 0.445
vn -0.692 -0.312 0.651
vn -0.740 -0.460 0.490
vn -0.752 -0.342 0.564
vn -0.742 -0.578 0.340
vn -0.725 -0.526 0.445
vn -0.710 -0.637 0.299
vn -0.318 -0.085 0.944
vn -0.599 -0.149 0.786
vn -0.557 -0.215 0.802
vn -0.126 -0.984 -0.127
vn -0.328 -0.918 0.224
vn -0.130 -0.984 -0.123
vn -0.059 -0.977 0.206
vn -0.069 -0.974 0.215
vn -0.475 -0.853 0.216
vn -0.328 -0.918 0.224
vn -0.069 -0.974 0.215
vn -0.130 -0.984 -0.123
vn -0.069 -0.974 0.215
vn -0.059 -0.977 0.206
vn 0.007 -0.983 0.184
vn 0.007 -0.983 0.184
vn -0.059 -0.977 0.206
vn -0.008 -0.992 0.128
vn 0.007 -0.983 0.184
vn -0.008 -0.992 0.128
vn 0.000 -0.995 0.104
vn -0.069 -0.974 0.215
vn 0.016 -0.982 0.186
vn 0.153 -0.949 0.275
vn 0.153 -0.949 0.275
vn 0.016 -0.982 0.186
vn 0.460 -0.858 0.227
vn 0.153 -0.949 0.275
vn 0.259 -0.936 0.239
vn 0.130 -0.984 -0.123
vn 0.259 -0.936 0.239
vn 0.126 -0.984 -0.127
vn 0.130 -0.984 -0.123
vn -0.002 -0.997 -0.082
vn -0.066 -0.996 -0.066
vn -0.020 -0.942 0.336
vn 0.000 -0.928 0.374
vn -0.007 -0.863 0.505
vn -0.012 -0.898 0.439
vn -0.009 -0.940 0.342
vn -0.007 -0.863 0.505
vn -0.009 -0.940 0.340
vn 0.004 -0.981 0.193
vn -0.047 -0.952 0.303
vn -0.002 -0.997 -0.082
vn -0.066 -0.874 0.481
vn 0.031 -0.929 0.368
vn -0.032 -0.999 -0.004
vn -0.032 -0.999 -0.004
vn 0.031 -0.929 0.368
vn 0.099 -0.993 -0.060
vn 0.000 -1.000 -0.012
vn -0.000 -0.996 -0.091
vn -0.031 -0.990 -0.136
vn -0.031 -0.990 -0.136
vn -0.000 -0.996 -0.091
vn 0.011 -0.995 -0.103
vn -0.031 -0.990 -0.136
vn 0.011 -0.995 -0.103
vn -0.022 -0.999 -0.036
vn -0.162 -0.962 -0.222
vn -0.002 -0.993 -0.117
vn -0.000 -0.996 -0.091
vn 0.672 -0.639 0.374
vn 0.669 -0.435 0.603
vn 0.214 -0.973 0.085
vn -0.719 -0.613 0.328
vn -0.717 -0.489 0.496
vn -0.717 -0.439 0.541
vn 0.000 -0.993 0.122
vn -0.001 -0.999 0.050
vn -0.001 -0.999 0.051
vn -0.001 -0.999 0.051
vn -0.001 -0.999 0.050
vn -0.001 -0.999 0.050
vn -0.001 -0.999 0.050
vn -0.001 -0.999 0.050
vn -0.001 -0.999 0.050
vn 0.975 -0.079 0.207
vn 0.972 -0.045 0.230
vn 0.631 -0.059 0.773
vn 0.922 -0.053 0.384
vn 0.631 -0.059 0.773
vn 0.553 -0.057 0.831
vn 0.553 -0.057 0.831
vn 0.631 -0.059 0.773
vn 0.486 -0.047 0.873
vn 0.985 -0.045 -0.166
vn 0.999 -0.024 -0.032
vn 0.987 -0.088 -0.131
vn 0.995 -0.083 -0.060
vn 0.999 -0.024 -0.032
vn 0.991 -0.077 0.108
vn 0.975 -0.079 0.207
vn 0.999 -0.024 -0.032
vn 0.972 -0.045 0.230
vn 0.113 -0.054 -0.992
vn 0.012 -0.048 -0.999
vn 0.187 -0.044 -0.981
vn 0.113 -0.054 -0.992
vn 0.187 -0.044 -0.981
vn 0.501 -0.084 -0.861
vn 0.452 -0.078 -0.889
vn 0.693 0.035 -0.720
vn 0.926 -0.066 -0.372
vn 0.995 -0.083 -0.060
vn 0.974 0.202 -0.101
vn 0.985 -0.045 -0.166
vn -0.010 -0.051 -0.999
vn 0.012 -0.048 -0.999
vn -0.014 -0.048 -0.999
vn -0.014 -0.048 -0.999
vn 0.012 -0.048 -0.999
vn 0.029 -0.045 -0.999
vn -0.995 -0.083 -0.060
vn -0.985 -0.044 -0.168
vn -0.945 0.317 -0.082
vn -0.926 -0.066 -0.372
vn -0.496 -0.084 -0.864
vn -0.486 -0.079 -0.870
vn -0.062 -0.053 -0.997
vn -0.496 -0.084 -0.864
vn -0.248 -0.046 -0.968
vn -0.062 -0.053 -0.997
vn -0.248 -0.046 -0.968
vn -0.040 -0.064 -0.997
vn -0.985 -0.044 -0.168
vn -0.987 -0.088 -0.132
vn -0.999 0.000 -0.040
vn -0.999 -0.020 -0.030
vn -0.995 -0.083 -0.060
vn -0.991 -0.077 0.108
vn -1.000 -0.013 -0.022
vn -0.973 -0.079 0.218
vn -0.972 -0.045 0.230
vn -0.531 -0.054 0.846
vn -0.470 -0.049 0.881
vn -0.631 -0.058 0.774
vn -0.531 -0.054 0.846
vn -0.631 -0.058 0.774
vn -0.916 -0.054 0.398
vn -0.973 -0.079 0.218
vn -0.631 -0.058 0.774
vn -0.972 -0.045 0.230
vn -0.247 -0.029 0.969
vn 0.005 -0.041 0.999
vn -0.401 -0.045 0.915
vn -0.401 -0.045 0.915
vn -0.470 -0.049 0.881
vn -0.531 -0.054 0.846
vn -0.010 -0.052 0.999
vn -0.119 -0.050 0.992
vn -0.401 -0.045 0.915
vn -0.401 -0.045 0.915
vn -0.119 -0.050 0.992
vn -0.470 -0.049 0.881
vn -0.531 -0.054 0.846
vn -0.247 -0.029 0.969
vn -0.401 -0.045 0.915
vn 0.255 -0.967 -0.003
vn 0.144 -0.990 -0.003
vn -0.047 -0.999 -0.006
vn -0.047 -0.999 -0.006
vn 0.144 -0.990 -0.003
vn -0.060 -0.998 -0.002
vn -0.852 -0.523 -0.013
vn -0.834 -0.551 -0.003
vn -0.852 -0.523 -0.013
vn -0.852 -0.523 -0.013
vn -0.852 -0.523 -0.013
vn -0.955 -0.297 0.017
vn -0.957 0.284 0.049
vn -0.939 0.343 0.025
vn -0.915 0.401 0.040
vn -0.999 -0.034 0.021
vn -0.957 0.284 0.049
vn -0.982 0.159 0.100
vn -0.626 0.779 -0.002
vn -0.650 0.758 0.053
vn -0.190 0.979 0.072
vn -0.190 0.979 0.072
vn -0.259 0.964 0.066
vn 0.113 0.991 0.072
vn -0.190 0.979 0.072
vn 0.113 0.991 0.072
vn 0.257 0.965 0.051
vn -0.012 -0.992 0.123
vn -0.029 -0.991 0.132
vn -0.029 -0.991 0.132
vn -0.029 -0.991 0.132
vn -0.029 -0.991 0.132
vn -0.058 -0.987 0.148
vn -0.801 -0.565 0.196
vn -0.780 -0.602 0.169
vn -0.780 -0.602 0.169
vn -0.780 -0.602 0.169
vn -0.780 -0.602 0.169
vn -0.756 -0.639 0.141
vn -0.980 0.181 0.078
vn -0.974 0.203 0.102
vn -0.974 0.203 0.102
vn -0.974 0.203 0.102
vn -0.974 0.203 0.102
vn -0.964 0.231 0.132
vn -0.051 0.987 0.152
vn -0.055 0.987 0.148
vn -0.055 0.987 0.148
vn -0.055 0.987 0.148
vn -0.055 0.987 0.148
vn -0.061 0.988 0.143
vn 0.144 0.036 -0.989
vn 0.035 0.065 -0.997
vn -0.168 0.026 -0.985
vn -0.168 0.026 -0.985
vn 0.035 0.065 -0.997
vn -0.031 0.037 -0.999
vn 0.075 -0.026 -0.997
vn 0.145 -0.008 -0.989
vn 0.144 0.036 -0.989
vn 0.144 0.036 -0.989
vn 0.145 -0.008 -0.989
vn 0.035 0.065 -0.997
vn -0.060 -0.025 -0.998
vn 0.018 -0.032 -0.999
vn 0.075 -0.026 -0.997
vn 0.075 -0.026 -0.997
vn 0.018 -0.032 -0.999
vn 0.145 -0.008 -0.989
vn -0.168 0.026 -0.985
vn -0.120 -0.009 -0.993
vn -0.060 -0.025 -0.998
vn -0.168 0.026 -0.985
vn -0.031 0.037 -0.999
vn -0.120 -0.009 -0.993
vn -0.120 -0.009 -0.993
vn -0.015 -0.024 -1.000
vn -0.060 -0.025 -0.998
vn -0.060 -0.025 -0.998
vn -0.015 -0.024 -1.000
vn 0.018 -0.032 -0.999
vn 0.951 0.281 0.125
vn 0.946 0.308 0.095
vn 0.946 0.308 0.095
vn 0.946 0.308 0.095
vn 0.946 0.308 0.095
vn 0.938 0.341 0.058
vn 0.744 -0.653 0.141
vn 0.706 -0.686 0.177
vn 0.706 -0.686 0.177
vn 0.706 -0.686 0.177
vn 0.706 -0.686 0.177
vn 0.668 -0.714 0.210
vn 0.986 0.029 -0.163
vn 0.981 0.014 -0.193
vn 0.981 0.012 -0.194
vn 0.981 0.012 -0.194
vn 0.981 0.014 -0.193
vn 0.974 -0.006 -0.229
vn 0.000 -0.060 0.998
vn 0.004 -0.058 0.998
vn 0.004 -0.058 0.998
vn 0.004 -0.058 0.998
vn 0.004 -0.058 0.998
vn 0.008 -0.055 0.998
vn -0.992 0.026 -0.126
vn -0.987 0.008 -0.161
vn -0.987 0.008 -0.161
vn -0.987 0.008 -0.161
vn -0.987 0.008 -0.161
vn -0.980 -0.011 -0.198
vn 0.096 -0.995 0.001
vn 0.067 -0.996 0.060
vn 0.064 -0.997 -0.037
vn 0.096 -0.995 0.001
vn 0.064 -0.997 -0.037
vn 0.082 -0.997 -0.015
vn 0.082 -0.997 -0.015
vn 0.064 -0.997 -0.037
vn 0.077 -0.991 -0.107
vn 0.067 -0.996 0.060
vn 0.096 -0.995 0.001
vn 0.008 -0.992 0.125
vn 0.067 -0.996 0.060
vn 0.008 -0.992 0.125
vn -0.067 -0.996 0.051
vn -0.067 -0.996 0.051
vn 0.008 -0.992 0.125
vn -0.015 -0.992 0.126
vn -0.067 -0.996 0.051
vn -0.015 -0.992 0.126
vn -0.126 -0.992 0.015
vn -0.067 -0.996 0.051
vn -0.126 -0.992 0.015
vn -0.108 -0.994 -0.013
vn -0.067 -0.996 0.051
vn -0.108 -0.994 -0.013
vn -0.093 -0.995 -0.027
vn -0.108 -0.994 -0.013
vn -0.049 -0.993 -0.105
vn -0.093 -0.995 -0.027
vn -0.093 -0.995 -0.027
vn -0.049 -0.993 -0.105
vn -0.010 -0.997 -0.072
vn -0.010 -0.997 -0.072
vn -0.049 -0.993 -0.105
vn -0.014 -0.998 -0.058
vn -0.010 -0.997 -0.072
vn -0.014 -0.998 -0.058
vn 0.002 -0.997 -0.073
vn -0.010 -0.997 -0.072
vn 0.002 -0.997 -0.073
vn 0.064 -0.997 -0.037
vn 0.064 -0.997 -0.037
vn 0.002 -0.997 -0.073
vn 0.077 -0.991 -0.107
vn -0.119 -0.050 0.992
vn -0.010 -0.052 0.999
vn 0.001 -0.049 0.999
vn -0.119 -0.050 0.992
vn 0.001 -0.049 0.999
vn 0.154 -0.050 0.987
vn 0.375 -0.044 0.926
vn 0.051 -0.055 0.997
vn 0.005 -0.041 0.999
vn 0.375 -0.044 0.926
vn 0.005 -0.041 0.999
vn -0.247 -0.029 0.969
vn 0.051 -0.055 0.997
vn 0.375 -0.044 0.926
vn 0.336 -0.042 0.941
vn 0.336 -0.042 0.941
vn 0.375 -0.044 0.926
vn 0.486 -0.047 0.873
vn 0.486 -0.047 0.873
vn 0.375 -0.044 0.926
vn 0.553 -0.057 0.831
vn 0.336 -0.042 0.941
vn 0.486 -0.047 0.873
vn 0.154 -0.050 0.987
vn 0.336 -0.042 0.941
vn 0.154 -0.050 0.987
vn 0.001 -0.049 0.999
vn -0.168 0.026 -0.985
vn -0.060 -0.025 -0.998
vn -0.365 -0.006 -0.931
vn -0.168 0.026 -0.985
vn -0.365 -0.006 -0.931
vn -0.354 -0.007 -0.935
vn -0.054 0.000 -0.999
vn -0.142 0.000 -0.990
vn 0.099 -0.002 -0.995
vn -0.054 0.000 -0.999
vn 0.099 -0.002 -0.995
vn 0.182 0.000 -0.983
vn 0.182 0.000 -0.983
vn 0.099 -0.002 -0.995
vn 0.352 0.000 -0.936
vn 0.182 0.000 -0.983
vn 0.352 0.000 -0.936
vn 0.413 0.000 -0.911
vn 0.413 0.000 -0.911
vn 0.352 0.000 -0.936
vn 0.428 -0.003 -0.904
vn 0.413 0.000 -0.911
vn 0.428 -0.003 -0.904
vn 0.484 -0.011 -0.875
vn 0.484 -0.011 -0.875
vn 0.428 -0.003 -0.904
vn 0.490 -0.021 -0.872
vn 0.484 -0.011 -0.875
vn 0.688 -0.026 -0.726
vn 0.812 -0.023 -0.583
vn 0.812 -0.023 -0.583
vn 0.830 -0.035 -0.556
vn 0.876 -0.010 -0.482
vn 0.812 -0.023 -0.583
vn 0.876 -0.010 -0.482
vn 0.845 0.002 -0.535
vn 0.845 0.002 -0.535
vn 0.876 -0.010 -0.482
vn 0.922 0.001 -0.387
vn 0.845 0.002 -0.535
vn 0.922 0.001 -0.387
vn 0.949 0.004 -0.316
vn 0.949 0.004 -0.316
vn 0.922 0.001 -0.387
vn 0.980 0.094 -0.178
vn 0.949 0.004 -0.316
vn 0.980 0.094 -0.178
vn 0.992 0.007 -0.126
vn 0.992 0.007 -0.126
vn 0.980 0.094 -0.178
vn 1.000 0.003 0.031
vn 0.992 0.007 -0.126
vn 1.000 0.003 0.031
vn 0.990 0.000 0.142
vn 0.990 0.000 0.142
vn 1.000 0.003 0.031
vn 0.957 0.000 0.290
vn 0.990 0.000 0.142
vn 0.957 0.000 0.290
vn 0.929 0.000 0.370
vn 0.929 0.000 0.370
vn 0.957 0.000 0.290
vn 0.849 0.000 0.528
vn 0.929 0.000 0.370
vn 0.849 0.000 0.528
vn 0.813 0.000 0.583
vn 0.813 0.000 0.583
vn 0.849 0.000 0.528
vn 0.730 0.000 0.684
vn 0.813 0.000 0.583
vn 0.730 0.000 0.684
vn 0.684 0.000 0.730
vn 0.684 0.000 0.730
vn 0.730 0.000 0.684
vn 0.583 0.000 0.813
vn 0.684 0.000 0.730
vn 0.583 0.000 0.813
vn 0.528 0.000 0.849
vn 0.528 0.000 0.849
vn 0.583 0.000 0.813
vn 0.413 0.000 0.911
vn 0.528 0.000 0.849
vn 0.413 0.000 0.911
vn 0.352 0.000 0.936
vn 0.352 0.000 0.936
vn 0.413 0.000 0.911
vn 0.182 0.000 0.983
vn 0.352 0.000 0.936
vn 0.182 0.000 0.983
vn 0.098 0.000 0.995
vn 0.098 0.000 0.995
vn 0.182 0.000 0.983
vn -0.054 0.000 0.999
vn 0.098 0.000 0.995
vn -0.054 0.000 0.999
vn -0.142 0.000 0.990
vn -0.142 0.000 0.990
vn -0.054 0.000 0.999
vn -0.290 0.000 0.957
vn -0.142 0.000 0.990
vn -0.290 0.000 0.957
vn -0.370 0.000 0.929
vn -0.370 0.000 0.929
vn -0.290 0.000 0.957
vn -0.528 0.000 0.849
vn -0.370 0.000 0.929
vn -0.528 0.000 0.849
vn -0.583 0.000 0.813
vn -0.583 0.000 0.813
vn -0.528 0.000 0.849
vn -0.684 0.000 0.730
vn -0.583 0.000 0.813
vn -0.684 0.000 0.730
vn -0.730 0.000 0.684
vn -0.730 0.000 0.684
vn -0.684 0.000 0.730
vn -0.813 0.000 0.583
vn -0.730 0.000 0.684
vn -0.813 0.000 0.583
vn -0.849 0.000 0.528
vn -0.849 0.000 0.528
vn -0.813 0.000 0.583
vn -0.949 0.000 0.314
vn -0.849 0.000 0.528
vn -0.949 0.000 0.314
vn -0.972 0.008 0.237
vn -0.972 0.008 0.237
vn -0.949 0.000 0.314
vn -0.993 0.016 0.120
vn -0.972 0.008 0.237
vn -0.993 0.016 0.120
vn -0.996 0.018 0.086
vn -0.996 0.018 0.086
vn -0.993 0.016 0.120
vn -0.997 0.066 -0.042
vn -0.996 0.018 0.086
vn -0.997 0.066 -0.042
vn -0.989 0.007 -0.150
vn -0.989 0.007 -0.150
vn -0.997 0.066 -0.042
vn -0.945 0.004 -0.326
vn -0.989 0.007 -0.150
vn -0.945 0.004 -0.326
vn -0.907 0.001 -0.422
vn -0.907 0.001 -0.422
vn -0.945 0.004 -0.326
vn -0.905 0.002 -0.426
vn -0.907 0.001 -0.422
vn -0.905 0.002 -0.426
vn -0.880 -0.010 -0.475
vn -0.880 -0.010 -0.475
vn -0.905 0.002 -0.426
vn -0.879 -0.016 -0.476
vn -0.880 -0.010 -0.475
vn -0.735 -0.023 -0.677
vn -0.591 -0.023 -0.806
vn -0.591 -0.023 -0.806
vn -0.570 -0.035 -0.821
vn -0.484 -0.011 -0.875
vn -0.591 -0.023 -0.806
vn -0.484 -0.011 -0.875
vn -0.528 0.000 -0.849
vn -0.528 0.000 -0.849
vn -0.484 -0.011 -0.875
vn -0.370 0.000 -0.929
vn -0.528 0.000 -0.849
vn -0.370 0.000 -0.929
vn -0.290 0.000 -0.957
vn 0.003 1.000 0.004
vn 0.000 1.000 0.000
vn 0.000 1.000 0.000
vn 0.003 1.000 0.004
vn 0.000 1.000 0.000
vn -0.034 0.985 -0.168
vn 0.003 1.000 0.004
vn -0.034 0.985 -0.168
vn -0.007 0.995 -0.101
vn 0.003 1.000 0.004
vn -0.007 0.995 -0.101
vn 0.053 0.996 0.066
vn 0.003 1.000 0.004
vn 0.053 0.996 0.066
vn -0.050 0.994 -0.094
vn 0.003 1.000 0.004
vn -0.050 0.994 -0.094
vn -0.258 0.963 -0.080
vn 0.003 1.000 0.004
vn -0.064 0.996 -0.067
vn 0.115 0.990 0.087
vn 0.003 1.000 0.004
vn 0.115 0.990 0.087
vn 0.077 0.995 0.063
vn 0.003 1.000 0.004
vn 0.077 0.995 0.063
vn 0.000 1.000 0.000
vn 0.003 1.000 0.004
vn 0.000 1.000 0.000
vn 0.000 1.000 0.000
vn 0.003 1.000 0.004
vn 0.000 1.000 0.000
vn 0.000 1.000 0.000
vn 0.003 1.000 0.004
vn 0.000 1.000 0.000
vn 0.000 1.000 0.000
vn 0.003 1.000 0.004
vn 0.000 1.000 0.000
vn 0.000 1.000 0.000
vn 0.003 1.000 0.004
vn 0.000 1.000 0.000
vn 0.000 1.000 0.000
vn 0.003 1.000 0.004
vn 0.000 1.000 0.000
vn 0.000 1.000 0.000
vn 0.003 1.000 0.004
vn 0.000 1.000 0.000
vn 0.000 1.000 0.000
vn 0.003 1.000 0.004
vn 0.000 1.000 0.000
vn 0.000 1.000 0.000
vn 0.003 1.000 0.004
vn 0.000 1.000 0.000
vn 0.000 1.000 0.000
vn 0.003 1.000 0.004
vn 0.000 1.000 0.000
vn 0.000 1.000 0.000
vn 0.003 1.000 0.004
vn 0.000 1.000 0.000
vn -0.117 0.989 0.086
vn -0.002 1.000 0.011
vn -0.117 0.989 0.086
vn -0.227 0.954 0.197
vn 0.016 1.000 -0.006
vn 0.559 0.816 -0.148
vn 0.245 0.922 -0.299
vn -0.002 1.000 0.011
vn -0.215 0.941 0.262
vn -0.098 0.991 0.086
vn 0.003 1.000 0.004
vn -0.098 0.991 0.086
vn -0.009 0.999 -0.047
vn 0.099 -0.002 -0.995
vn 0.490 -0.021 -0.872
vn 0.428 -0.003 -0.904
vn 0.003 1.000 0.004
vn 0.000 1.000 0.000
vn 0.000 1.000 0.000
vn -0.290 0.000 -0.957
vn -0.370 0.000 -0.929
vn -0.142 0.000 -0.990
vn -0.290 0.000 -0.957
vn -0.142 0.000 -0.990
vn -0.054 0.000 -0.999
vn 0.000 -1.000 0.000
vn 0.000 -1.000 0.000
vn 0.000 -1.000 0.000
vn 0.000 -1.000 0.000
vn 0.000 -1.000 0.000
vn 0.000 -1.000 0.000
vn 0.000 -1.000 0.000
vn 0.000 -1.000 0.000
vn 0.000 -1.000 0.000
vn 0.000 -1.000 0.000
vn 0.000 -1.000 0.000
vn 0.000 -1.000 0.000
vn 0.000 -1.000 0.000
vn 0.000 -1.000 0.000
vn 0.000 -1.000 0.000
vn 0.000 -1.000 0.000
vn 0.000 -1.000 0.000
vn 0.000 -1.000 0.000
vn 0.000 -1.000 0.000
vn 0.000 -1.000 0.000
vn 0.000 -1.000 0.000
vn 0.000 -1.000 0.000
vn 0.000 -1.000 0.000
vn 0.000 -1.000 0.000
vn 0.000 -1.000 0.000
vn 0.000 -1.000 0.000
vn 0.000 -1.000 0.000
vn 0.000 -1.000 0.000
vn 0.000 -1.000 0.000
vn 0.000 -1.000 0.000
vn 0.000 -1.000 0.000
vn 0.000 -1.000 0.000
vn 0.000 -1.000 0.000
vn 0.000 -1.000 0.000
vn 0.000 -1.000 0.000
vn 0.000 -1.000 0.000
vn 0.000 -1.000 0.000
vn 0.000 -1.000 0.000
vn 0.000 -1.000 0.000
vn 0.000 -1.000 0.000
vn 0.000 -1.000 0.000
vn 0.000 -1.000 0.000
vn 0.000 -1.000 0.000
vn 0.000 -1.000 0.000
vn 0.000 -1.000 0.000
vn 0.000 -1.000 0.000
vn 0.000 -1.000 0.000
vn 0.000 -1.000 0.000
vn 0.000 -1.000 0.000
vn 0.000 -1.000 0.000
vn 0.000 -1.000 0.000
vn 0.000 -1.000 0.000
vn 0.000 -1.000 0.000
vn 0.000 -1.000 0.000
vn 0.000 -1.000 0.000
vn 0.000 -1.000 0.000
vn 0.000 -1.000 0.000
vn 0.000 -1.000 0.000
vn 0.000 -1.000 0.000
vn 0.000 -1.000 0.000
vn 0.000 -1.000 0.000
vn 0.000 -1.000 0.000
vn 0.000 -1.000 0.000
vn 0.000 -1.000 0.000
vn 0.000 -1.000 0.000
vn 0.000 -1.000 0.000
vn 0.000 -1.000 0.000
vn 0.000 -1.000 0.000
vn 0.000 -1.000 0.000
vn 0.000 -1.000 0.000
vn 0.000 -1.000 0.000
vn 0.000 -1.000 0.000
vn 0.000 -1.000 0.000
vn 0.000 -1.000 0.000
vn 0.000 -1.000 0.000
vn 0.000 -1.000 0.000
vn 0.000 -1.000 0.000
vn 0.000 -1.000 0.000
f 733//4195 732//4196 734//4197
f 733//4198 734//4199 735//4200
f 733//4201 735//4202 736//4203
f 736//4204 735//4205 737//4206
f 738//4207 739//4208 740//4209
f 740//4210 741//4211 742//4212
f 743//4213 732//4214 734//4215
f 743//4216 734//4217 735//4218
f 737//4219 736//4220 735//4221
f 736//4222 737//4223 735//4224
f 735//4225 734//4226 743//4227
f 743//4228 734//4229 732//4230
f 736//4231 737//4232 744//4233
f 744//4234 737//4235 745//4236
f 744//4237 745//4238 746//4239
f 746//4240 745//4241 747//4242
f 746//4243 747//4244 748//4245
f 746//4246 748//4247 749//4248
f 749//4249 748//4250 750//4251
f 749//4252 750//4253 751//4254
f 751//4255 750//4256 752//4257
f 751//4258 752//4259 753//4260
f 753//4261 752//4262 754//4263
f 754//4264 752//4265 755//4266
f 754//4267 755//4268 756//4269
f 756//4270 755//4271 757//4272
f 756//4273 757//4274 758//4275
f 758//4276 757//4277 759//4278
f 758//4279 759//4280 760//4281
f 760//4282 759//4283 761//4284
f 760//4285 761//4286 762//4287
f 762//4288 761//4289 763//4290
f 763//4291 761//4292 764//4293
f 763//4294 764//4295 765//4296
f 765//4297 764//4298 766//4299
f 766//4300 764//4301 767//4302
f 766//4303 767//4304 768//4305
f 768//4306 767//4307 769//4308
f 768//4309 769//4310 770//4311
f 770//4312 769//4313 771//4314
f 771//4315 769//4316 772//4317
f 771//4318 772//4319 773//4320
f 773//4321 772//4322 774//4323
f 773//4324 774//4325 775//4326
f 775//4327 774//4328 776//4329
f 775//4330 776//4331 777//4332
f 777//4333 776//4334 778//4335
f 778//4336 776//4337 779//4338
f 778//4339 779//4340 780//4341
f 780//4342 779//4343 781//4344
f 781//4345 779//4346 782//4347
f 782//4348 779//4349 783//4350
f 783//4351 779//4352 784//4353
f 783//4354 784//4355 785//4356
f 785//4357 784//4358 786//4359
f 786//4360 784//4361 787//4362
f 787//4363 784//4364 788//4365
f 787//4366 788//4367 789//4368
f 789//4369 788//4370 790//4371
f 790//4372 788//4373 791//4374
f 790//4375 791//4376 792//4377
f 737//4378 735//4379 745//4380
f 745//4381 735//4382 793//4383
f 745//4384 793//4385 794//4386
f 794//4387 793//4388 795//4389
f 794//4390 795//4391 796//4392
f 796//4393 795//4394 797//4395
f 796//4396 797//4397 798//4398
f 798//4399 797//4400 799//4401
f 798//4402 799//4403 800//4404
f 800//4405 799//4406 801//4407
f 800//4408 801//4409 802//4410
f 800//4411 802//4412 803//4413
f 803//4414 802//4415 804//4416
f 803//4417 804//4418 805//4419
f 805//4420 804//4421 806//4422
f 805//4423 806//4424 807//4425
f 807//4426 806//4427 808//4428
f 807//4429 808//4430 809//4431
f 809//4432 808//4433 810//4434
f 810//4435 808//4436 811//4437
f 810//4438 811//4439 812//4440
f 735//4441 734//4442 793//4443
f 793//4444 734//4445 813//4446
f 793//4447 813//4448 795//4449
f 795//4450 813//4451 814//4452
f 795//4453 814//4454 797//4455
f 797//4456 814//4457 815//4458
f 797//4459 815//4460 799//4461
f 799//4462 815//4463 816//4464
f 799//4465 816//4466 801//4467
f 801//4468 816//4469 802//4470
f 802//4471 817//4472 804//4473
f 734//4474 732//4475 813//4476
f 813//4477 732//4478 818//4479
f 813//4480 818//4481 814//4482
f 814//4483 818//4484 819//4485
f 814//4486 819//4487 820//4488
f 820//4489 819//4490 821//4491
f 820//4492 821//4493 815//4494
f 815//4495 821//4496 816//4497
f 818//4498 732//4499 822//4500
f 818//4501 822//4502 819//4503
f 821//4504 802//4505 816//4506
f 812//4507 823//4508 824//4509
f 824//4510 823//4511 825//4512
f 824//4513 825//4514 826//4515
f 826//4516 827//4517 824//4518
f 824//4519 827//4520 776//4521
f 824//4522 776//4523 812//4524
f 812//4525 776//4526 774//4527
f 812//4528 774//4529 810//4530
f 810//4531 774//4532 772//4533
f 810//4534 772//4535 828//4536
f 828//4537 772//4538 769//4539
f 828//4540 769//4541 829//4542
f 829//4543 769//4544 767//4545
f 829//4546 767//4547 830//4548
f 830//4549 767//4550 764//4551
f 830//4552 764//4553 831//4554
f 831//4555 764//4556 761//4557
f 831//4558 761//4559 759//4560
f 827//4561 832//4562 776//4563
f 776//4564 832//4565 779//4566
f 832//4567 833//4568 779//4569
f 779//4570 833//4571 834//4572
f 779//4573 834//4574 835//4575
f 779//4576 835//4577 784//4578
f 784//4579 835//4580 836//4581
f 784//4582 836//4583 837//4584
f 784//4585 837//4586 788//4587
f 790//4588 792//4589 838//4590
f 838//4591 792//4592 839//4593
f 838//4594 839//4595 840//4596
f 840//4597 839//4598 841//4599
f 841//4600 839//4601 842//4602
f 760//4603 762//4604 843//4605
f 760//4606 843//4607 758//4608
f 758//4609 843//4610 844//4611
f 758//4612 844//4613 756//4614
f 756//4615 844//4616 845//4617
f 756//4618 845//4619 754//4620
f 754//4621 845//4622 846//4623
f 754//4624 846//4625 753//4626
f 753//4627 846//4628 847//4629
f 753//4630 847//4631 751//4632
f 762//4633 848//4634 843//4635
f 843//4636 848//4637 849//4638
f 843//4639 849//4640 850//4641
f 850//4642 849//4643 851//4644
f 850//4645 851//4646 852//4647
f 852//4648 851//4649 853//4650
f 852//4651 853//4652 854//4653
f 852//4654 854//4655 855//4656
f 855//4657 854//4658 856//4659
f 856//4660 854//4661 857//4662
f 855//4663 856//4664 858//4665
f 858//4666 856//4667 859//4668
f 858//4669 859//4670 860//4671
f 860//4672 859//4673 861//4674
f 860//4675 861//4676 846//4677
f 846//4678 861//4679 847//4680
f 745//4681 794//4682 747//4683
f 747//4684 794//4685 862//4686
f 747//4687 862//4688 748//4689
f 748//4690 862//4691 863//4692
f 748//4693 863//4694 750//4695
f 750//4696 863//4697 864//4698
f 750//4699 864//4700 752//4701
f 846//4702 845//4703 860//4704
f 860//4705 845//4706 865//4707
f 860//4708 865//4709 858//4710
f 858//4711 865//4712 852//4713
f 858//4714 852//4715 855//4716
f 794//4717 796//4718 862//4719
f 862//4720 796//4721 866//4722
f 862//4723 866//4724 863//4725
f 863//4726 866//4727 867//4728
f 863//4729 867//4730 864//4731
f 864//4732 867//4733 868//4734
f 864//4735 868//4736 752//4737
f 752//4738 868//4739 755//4740
f 850//4741 852//4742 865//4743
f 850//4744 865//4745 844//4746
f 844//4747 865//4748 845//4749
f 796//4750 798//4751 866//4752
f 866//4753 798//4754 869//4755
f 866//4756 869//4757 867//4758
f 867//4759 869//4760 868//4761
f 868//4762 869//4763 870//4764
f 868//4765 870//4766 755//4767
f 755//4768 870//4769 757//4770
f 843//4771 850//4772 844//4773
f 820//4774 815//4775 814//4776
f 798//4777 800//4778 869//4779
f 869//4780 800//4781 871//4782
f 869//4783 871//4784 872//4785
f 869//4786 872//4787 870//4788
f 870//4789 872//4790 831//4791
f 870//4792 831//4793 757//4794
f 757//4795 831//4796 759//4797
f 871//4798 800//4799 873//4800
f 871//4801 873//4802 872//4803
f 872//4804 873//4805 874//4806
f 872//4807 874//4808 831//4809
f 800//4810 803//4811 873//4812
f 873//4813 803//4814 830//4815
f 873//4816 830//4817 874//4818
f 874//4819 830//4820 831//4821
f 830//4822 803//4823 875//4824
f 875//4825 803//4826 805//4827
f 875//4828 805//4829 809//4830
f 809//4831 805//4832 807//4833
f 828//4834 829//4835 875//4836
f 875//4837 829//4838 830//4839
f 828//4840 875//4841 809//4842
f 810//4843 828//4844 809//4845
f 877//4846 878//4847 879//4848
f 879//4849 878//4850 880//4851
f 879//4852 880//4853 881//4854
f 882//4855 884//4856 885//4857
f 885//4858 884//4859 886//4860
f 885//4861 886//4862 887//4863
f 887//4864 886//4865 888//4866
f 889//4867 888//4868 890//4869
f 889//4870 890//4871 891//4872
f 891//4873 890//4874 892//4875
f 891//4876 892//4877 893//4878
f 893//4879 894//4880 895//4881
f 897//4882 898//4883 899//4884
f 899//4885 898//4886 900//4887
f 900//4888 888//4889 901//4890
f 901//4891 888//4892 886//4893
f 898//4894 902//4895 900//4896
f 900//4897 902//4898 890//4899
f 900//4900 890//4901 888//4902
f 898//4903 892//4904 902//4905
f 902//4906 892//4907 890//4908
f 892//4909 894//4910 893//4911
f 893//4912 895//4913 903//4914
f 903//4915 895//4916 904//4917
f 903//4918 904//4919 905//4920
f 905//4921 904//4922 906//4923
f 905//4924 906//4925 907//4926
f 907//4927 906//4928 908//4929
f 907//4930 908//4931 909//4932
f 907//4933 909//4934 910//4935
f 910//4936 909//4937 744//4938
f 910//4939 744//4940 746//4941
f 910//4942 746//4943 911//4944
f 910//4945 911//4946 907//4947
f 907//4948 911//4949 912//4950
f 907//4951 912//4952 913//4953
f 907//4954 913//4955 905//4956
f 905//4957 913//4958 903//4959
f 905//4960 903//4961 893//4962
f 893//4963 903//4964 891//4965
f 746//4966 749//4967 911//4968
f 911//4969 749//4970 914//4971
f 911//4972 914//4973 912//4974
f 912//4975 914//4976 915//4977
f 912//4978 915//4979 913//4980
f 903//4981 913//4982 916//4983
f 903//4984 916//4985 891//4986
f 891//4987 916//4988 917//4989
f 891//4990 917//4991 889//4992
f 749//4993 751//4994 914//4995
f 914//4996 751//4997 847//4998
f 914//4999 847//5000 915//5001
f 915//5002 847//5003 918//5004
f 915//5005 918//5006 913//5007
f 913//5008 918//5009 919//5010
f 913//5011 919//5012 916//5013
f 916//5014 919//5015 917//5016
f 917//5017 919//5018 888//5019
f 917//5020 888//5021 889//5022
f 847//5023 861//5024 918//5025
f 918//5026 861//5027 920//5028
f 918//5029 920//5030 919//5031
f 919//5032 920//5033 921//5034
f 919//5035 921//5036 888//5037
f 888//5038 921//5039 887//5040
f 921//5041 922//5042 887//5043
f 887//5044 922//5045 885//5046
f 861//5047 859//5048 920//5049
f 920//5050 859//5051 923//5052
f 920//5053 923//5054 921//5055
f 921//5056 923//5057 922//5058
f 922//5059 923//5060 924//5061
f 922//5062 924//5063 885//5064
f 923//5065 859//5066 856//5067
f 856//5068 857//5069 925//5070
f 925//5071 857//5072 926//5073
f 925//5074 926//5075 885//5076
f 885//5077 926//5078 927//5079
f 927//5080 926//5081 882//5082
f 882//5083 926//5084 883//5085
f 882//5086 883//5087 928//5088
f 882//5089 928//5090 929//5091
f 930//5092 929//5093 879//5094
f 876//5095 877//5096 879//5097
f 929//5098 930//5099 882//5100
f 877//5101 876//5102 878//5103
f 878//5104 876//5105 896//5106
f 878//5107 896//5108 899//5109
f 899//5110 896//5111 897//5112
f 881//5113 930//5114 879//5115
f 882//5116 930//5117 881//5118
f 878//5119 899//5120 880//5121
f 880//5122 899//5123 901//5124
f 880//5125 901//5126 881//5127
f 881//5128 901//5129 931//5130
f 881//5131 931//5132 882//5133
f 882//5134 931//5135 884//5136
f 901//5137 899//5138 900//5139
f 931//5140 886//5141 884//5142
f 886//5143 931//5144 901//5145
f 927//5146 882//5147 885//5148
f 905//5149 893//5150 903//5151
f 885//5152 924//5153 923//5154
f 885//5155 923//5156 932//5157
f 925//5158 885//5159 932//5160
f 856//5161 925//5162 932//5163
f 856//5164 932//5165 923//5166
f 736//5167 744//5168 909//5169
f 908//5170 909//5171 906//5172
f 908//5173 906//5174 933//5175
f 933//5176 906//5177 904//5178
f 935//5179 934//5180 936//5181
f 935//5182 936//5183 897//5184
f 937//5185 904//5186 894//5187
f 894//5188 904//5189 895//5190
f 908//5191 906//5192 909//5193
f 894//5194 892//5195 937//5196
f 934//5197 937//5198 892//5199
f 934//5200 892//5201 898//5202
f 894//5203 904//5204 937//5205
f 934//5206 894//5207 937//5208
f 936//5209 934//5210 898//5211
f 897//5212 936//5213 898//5214
f 938//5215 736//5216 909//5217
f 908//5218 933//5219 904//5220
f 934//5221 935//5222 939//5223
f 939//5224 935//5225 897//5226
f 939//5227 897//5228 896//5229
f 940//5230 876//5231 941//5232
f 941//5233 942//5234 943//5235
f 943//5236 942//5237 944//5238
f 943//5239 944//5240 945//5241
f 947//5242 948//5243 949//5244
f 738//5245 950//5246 949//5247
f 949//5248 950//5249 951//5250
f 744//5251 736//5252 909//5253
f 744//5254 909//5255 910//5256
f 744//5257 910//5258 746//5259
f 746//5260 910//5261 952//5262
f 746//5263 952//5264 914//5265
f 914//5266 952//5267 915//5268
f 914//5269 915//5270 953//5271
f 914//5272 953//5273 954//5274
f 954//5275 953//5276 918//5277
f 954//5278 918//5279 847//5280
f 847//5281 918//5282 861//5283
f 861//5284 923//5285 955//5286
f 955//5287 923//5288 956//5289
f 956//5290 923//5291 932//5292
f 957//5293 932//5294 885//5295
f 957//5296 885//5297 927//5298
f 927//5299 958//5300 886//5301
f 886//5302 958//5303 959//5304
f 886//5305 959//5306 960//5307
f 960//5308 959//5309 917//5310
f 917//5311 959//5312 961//5313
f 961//5314 962//5315 905//5316
f 961//5317 905//5318 963//5319
f 963//5320 905//5321 903//5322
f 903//5323 905//5324 964//5325
f 903//5326 964//5327 933//5328
f 933//5329 964//5330 904//5331
f 904//5332 964//5333 908//5334
f 908//5335 964//5336 909//5337
f 938//5338 909//5339 736//5340
f 933//5341 904//5342 965//5343
f 965//5344 904//5345 894//5346
f 894//5347 934//5348 892//5349
f 892//5350 934//5351 902//5352
f 966//5353 902//5354 967//5355
f 966//5356 967//5357 899//5358
f 880//5359 879//5360 929//5361
f 929//5362 930//5363 928//5364
f 939//5365 902//5366 934//5367
f 939//5368 896//5369 897//5370
f 939//5371 897//5372 902//5373
f 902//5374 897//5375 968//5376
f 968//5377 897//5378 899//5379
f 968//5380 899//5381 967//5382
f 896//5383 876//5384 877//5385
f 896//5386 877//5387 878//5388
f 878//5389 877//5390 879//5391
f 877//5392 876//5393 879//5394
f 879//5395 930//5396 929//5397
f 880//5398 882//5399 969//5400
f 966//5401 970//5402 971//5403
f 971//5404 970//5405 963//5406
f 963//5407 903//5408 933//5409
f 929//5410 928//5411 882//5412
f 929//5413 882//5414 927//5415
f 969//5416 927//5417 888//5418
f 888//5419 917//5420 970//5421
f 970//5422 917//5423 961//5424
f 972//5425 927//5426 928//5427
f 928//5428 927//5429 882//5430
f 957//5431 927//5432 972//5433
f 885//5434 960//5435 888//5436
f 888//5437 960//5438 917//5439
f 910//5440 909//5441 908//5442
f 908//5443 909//5444 964//5445
f 973//5446 910//5447 908//5448
f 973//5449 908//5450 905//5451
f 905//5452 908//5453 964//5454
f 952//5455 910//5456 973//5457
f 915//5458 952//5459 973//5460
f 915//5461 973//5462 962//5463
f 962//5464 973//5465 905//5466
f 953//5467 915//5468 962//5469
f 962//5470 915//5471 961//5472
f 961//5473 915//5474 962//5475
f 918//5476 953//5477 962//5478
f 918//5479 962//5480 959//5481
f 959//5482 962//5483 961//5484
f 861//5485 918//5486 959//5487
f 885//5488 932//5489 923//5490
f 923//5491 861//5492 958//5493
f 958//5494 861//5495 959//5496
f 927//5497 885//5498 958//5499
f 958//5500 885//5501 923//5502
f 885//5503 927//5504 886//5505
f 960//5506 885//5507 886//5508
f 961//5509 963//5510 891//5511
f 891//5512 963//5513 970//5514
f 933//5515 965//5516 963//5517
f 963//5518 965//5519 893//5520
f 963//5521 893//5522 971//5523
f 971//5524 893//5525 892//5526
f 971//5527 892//5528 966//5529
f 966//5530 967//5531 969//5532
f 969//5533 967//5534 901//5535
f 969//5536 901//5537 880//5538
f 882//5539 880//5540 929//5541
f 961//5542 891//5543 970//5544
f 927//5545 969//5546 882//5547
f 927//5548 882//5549 929//5550
f 965//5551 894//5552 893//5553
f 893//5554 894//5555 892//5556
f 892//5557 902//5558 966//5559
f 967//5560 966//5561 899//5562
f 967//5563 899//5564 901//5565
f 901//5566 899//5567 880//5568
f 888//5569 970//5570 966//5571
f 882//5572 927//5573 885//5574
f 882//5575 885//5576 927//5577
f 927//5578 885//5579 888//5580
f 966//5581 969//5582 888//5583
f 968//5584 967//5585 902//5586
f 899//5587 897//5588 878//5589
f 878//5590 897//5591 896//5592
f 899//5593 878//5594 880//5595
f 880//5596 878//5597 879//5598
f 820//5599 974//5600 822//5601
f 822//5602 974//5603 813//5604
f 813//5605 974//5606 732//5607
f 813//5608 732//5609 733//5610
f 736//5611 745//5612 733//5613
f 733//5614 745//5615 793//5616
f 793//5617 975//5618 794//5619
f 794//5620 975//5621 863//5622
f 863//5623 976//5624 977//5625
f 863//5626 977//5627 978//5628
f 977//5629 979//5630 980//5631
f 980//5632 979//5633 981//5634
f 980//5635 981//5636 982//5637
f 982//5638 981//5639 852//5640
f 852//5641 983//5642 851//5643
f 745//5644 736//5645 984//5646
f 984//5647 736//5648 744//5649
f 984//5650 744//5651 985//5652
f 985//5653 744//5654 746//5655
f 985//5656 746//5657 986//5658
f 986//5659 746//5660 914//5661
f 986//5662 914//5663 954//5664
f 954//5665 847//5666 861//5667
f 954//5668 861//5669 987//5670
f 987//5671 861//5672 955//5673
f 987//5674 955//5675 956//5676
f 956//5677 932//5678 988//5679
f 988//5680 932//5681 957//5682
f 983//5683 852//5684 988//5685
f 988//5686 852//5687 983//5688
f 988//5689 983//5690 956//5691
f 956//5692 989//5693 987//5694
f 987//5695 989//5696 954//5697
f 954//5698 990//5699 991//5700
f 954//5701 991//5702 986//5703
f 986//5704 991//5705 747//5706
f 986//5707 747//5708 985//5709
f 985//5710 747//5711 745//5712
f 985//5713 745//5714 984//5715
f 849//5716 992//5717 851//5718
f 851//5719 992//5720 850//5721
f 850//5722 993//5723 994//5724
f 994//5725 993//5726 995//5727
f 995//5728 993//5729 996//5730
f 996//5731 993//5732 843//5733
f 996//5734 843//5735 997//5736
f 997//5737 843//5738 996//5739
f 997//5740 996//5741 761//5742
f 761//5743 996//5744 997//5745
f 761//5746 997//5747 998//5748
f 998//5749 997//5750 999//5751
f 998//5752 999//5753 1000//5754
f 1000//5755 999//5756 1001//5757
f 1000//5758 1001//5759 1002//5760
f 1002//5761 1001//5762 1003//5763
f 1002//5764 1003//5765 769//5766
f 769//5767 1003//5768 1004//5769
f 1004//5770 1003//5771 770//5772
f 770//5773 1003//5774 1001//5775
f 770//5776 1001//5777 999//5778
f 1005//5779 999//5780 1006//5781
f 1006//5782 999//5783 997//5784
f 1006//5785 997//5786 996//5787
f 1006//5788 996//5789 843//5790
f 1002//5791 875//5792 1000//5793
f 1000//5794 875//5795 998//5796
f 998//5797 875//5798 830//5799
f 830//5800 875//5801 1007//5802
f 830//5803 1007//5804 874//5805
f 874//5806 1007//5807 873//5808
f 874//5809 873//5810 1008//5811
f 1008//5812 873//5813 1009//5814
f 1008//5815 1009//5816 1010//5817
f 1010//5818 1009//5819 1011//5820
f 1010//5821 1011//5822 1012//5823
f 1012//5824 1011//5825 1013//5826
f 1012//5827 1013//5828 980//5829
f 980//5830 1013//5831 978//5832
f 980//5833 978//5834 977//5835
f 1007//5836 1014//5837 873//5838
f 873//5839 1014//5840 1015//5841
f 873//5842 1015//5843 1009//5844
f 1009//5845 1015//5846 1016//5847
f 1009//5848 1016//5849 1011//5850
f 1011//5851 1016//5852 1017//5853
f 1011//5854 1017//5855 1013//5856
f 1013//5857 1017//5858 1011//5859
f 1013//5860 1011//5861 978//5862
f 978//5863 1011//5864 1013//5865
f 978//5866 1013//5867 977//5868
f 977//5869 1013//5870 978//5871
f 1014//5872 1018//5873 1015//5874
f 1015//5875 1018//5876 800//5877
f 1015//5878 800//5879 1016//5880
f 1016//5881 800//5882 1017//5883
f 1018//5884 1019//5885 798//5886
f 798//5887 1019//5888 814//5889
f 798//5890 814//5891 1020//5892
f 1020//5893 814//5894 1021//5895
f 1020//5896 1021//5897 866//5898
f 866//5899 1021//5900 795//5901
f 866//5902 795//5903 863//5904
f 863//5905 795//5906 794//5907
f 1019//5908 820//5909 814//5910
f 814//5911 820//5912 822//5913
f 814//5914 822//5915 1021//5916
f 1021//5917 822//5918 813//5919
f 1021//5920 813//5921 795//5922
f 795//5923 813//5924 1022//5925
f 795//5926 1022//5927 794//5928
f 794//5929 1022//5930 793//5931
f 851//5932 850//5933 852//5934
f 852//5935 850//5936 994//5937
f 852//5938 994//5939 982//5940
f 982//5941 994//5942 980//5943
f 800//5944 1018//5945 798//5946
f 863//5947 1020//5948 866//5949
f 1011//5950 1017//5951 798//5952
f 798//5953 1017//5954 800//5955
f 1011//5956 798//5957 1020//5958
f 1010//5959 996//5960 1008//5961
f 1008//5962 996//5963 997//5964
f 1008//5965 997//5966 874//5967
f 874//5968 997//5969 761//5970
f 874//5971 761//5972 830//5973
f 830//5974 761//5975 998//5976
f 996//5977 1010//5978 995//5979
f 995//5980 1010//5981 1012//5982
f 995//5983 1012//5984 994//5985
f 994//5986 1012//5987 980//5988
f 1013//5989 1011//5990 1020//5991
f 1013//5992 1020//5993 863//5994
f 956//5995 983//5996 981//5997
f 981//5998 983//5999 852//6000
f 989//6001 956//6002 979//6003
f 979//6004 956//6005 981//6006
f 954//6007 989//6008 977//6009
f 977//6010 989//6011 979//6012
f 990//6013 954//6014 977//6015
f 991//6016 990//6017 976//6018
f 976//6019 990//6020 977//6021
f 863//6022 991//6023 976//6024
f 747//6025 991//6026 975//6027
f 975//6028 991//6029 863//6030
f 745//6031 747//6032 793//6033
f 793//6034 747//6035 975//6036
f 813//6037 733//6038 1022//6039
f 1022//6040 733//6041 793//6042
f 863//6043 978//6044 1013//6045
f 819//6046 1023//6047 1024//6048
f 1024//6049 1023//6050 1025//6051
f 1025//6052 1023//6053 1026//6054
f 1026//6055 1023//6056 822//6057
f 1026//6058 822//6059 974//6060
f 974//6061 1027//6062 1026//6063
f 732//6064 974//6065 822//6066
f 822//6067 1023//6068 819//6069
f 817//6070 1029//6071 806//6072
f 808//6073 1030//6074 1031//6075
f 1028//6076 817//6077 821//6078
f 817//6079 806//6080 804//6081
f 808//6082 1032//6083 811//6084
f 811//6085 1032//6086 812//6087
f 812//6088 1032//6089 823//6090
f 823//6091 1032//6092 1031//6093
f 817//6094 802//6095 821//6096
f 1032//6097 808//6098 1031//6099
f 1033//6100 823//6101 1034//6102
f 1034//6103 823//6104 1031//6105
f 1034//6106 1031//6107 1035//6108
f 1035//6109 1031//6110 1030//6111
f 1035//6112 1030//6113 1036//6114
f 1036//6115 1030//6116 808//6117
f 1036//6118 808//6119 1037//6120
f 1037//6121 808//6122 806//6123
f 1037//6124 806//6125 1038//6126
f 1038//6127 806//6128 1029//6129
f 1038//6130 1029//6131 1039//6132
f 1039//6133 1029//6134 817//6135
f 1039//6136 817//6137 1040//6138
f 1040//6139 817//6140 1039//6141
f 1039//6142 817//6143 1028//6144
f 1039//6145 1028//6146 1041//6147
f 1041//6148 1028//6149 1042//6150
f 1042//6151 1028//6152 821//6153
f 1042//6154 821//6155 1043//6156
f 1042//6157 1043//6158 1044//6159
f 1044//6160 1043//6161 1045//6162
f 1044//6163 1045//6164 1046//6165
f 1046//6166 1045//6167 1047//6168
f 1047//6169 1045//6170 1048//6171
f 1047//6172 1048//6173 1049//6174
f 1049//6175 1048//6176 1037//6177
f 1049//6178 1037//6179 1038//6180
f 1043//6181 821//6182 1024//6183
f 1024//6184 821//6185 819//6186
f 792//6187 1050//6188 839//6189
f 1050//6190 792//6191 1051//6192
f 1051//6193 792//6194 1052//6195
f 1051//6196 1052//6197 1053//6198
f 1053//6199 1052//6200 788//6201
f 1053//6202 788//6203 1054//6204
f 1054//6205 788//6206 1055//6207
f 1054//6208 1055//6209 1056//6210
f 1056//6211 1055//6212 836//6213
f 1056//6214 836//6215 1057//6216
f 1057//6217 836//6218 835//6219
f 1057//6220 835//6221 1058//6222
f 1058//6223 835//6224 1059//6225
f 1058//6226 1059//6227 1060//6228
f 1060//6229 1059//6230 833//6231
f 1060//6232 833//6233 1061//6234
f 1061//6235 833//6236 1062//6237
f 1061//6238 1062//6239 1063//6240
f 1063//6241 1062//6242 1064//6243
f 1063//6244 1064//6245 1065//6246
f 1065//6247 1064//6248 1066//6249
f 1065//6250 1066//6251 1067//6252
f 1067//6253 1066//6254 824//6255
f 1067//6256 824//6257 1068//6258
f 1068//6259 824//6260 823//6261
f 1068//6262 823//6263 1033//6264
f 1056//6265 1057//6266 1069//6267
f 1069//6268 1057//6269 1070//6270
f 1069//6271 1070//6272 1071//6273
f 1069//6274 1071//6275 1072//6276
f 1072//6277 1071//6278 1073//6279
f 1072//6280 1073//6281 1074//6282
f 1072//6283 1074//6284 1075//6285
f 1075//6286 1074//6287 1076//6288
f 1075//6289 1076//6290 1077//6291
f 1078//6292 823//6293 824//6294
f 1078//6295 824//6296 1066//6297
f 1066//6298 1064//6299 1078//6300
f 1078//6301 1064//6302 1062//6303
f 1078//6304 1062//6305 833//6306
f 1078//6307 833//6308 835//6309
f 835//6310 833//6311 1059//6312
f 835//6313 836//6314 1055//6315
f 835//6316 1055//6317 839//6318
f 839//6319 1055//6320 788//6321
f 839//6322 788//6323 1052//6324
f 1052//6325 792//6326 839//6327
f 792//6328 791//6329 839//6330
f 839//6331 791//6332 788//6333
f 839//6334 788//6335 835//6336
f 835//6337 788//6338 837//6339
f 835//6340 837//6341 836//6342
f 835//6343 834//6344 833//6345
f 835//6346 833//6347 832//6348
f 827//6349 826//6350 832//6351
f 832//6352 826//6353 823//6354
f 826//6355 825//6356 823//6357
f 832//6358 823//6359 1078//6360
f 835//6361 832//6362 1078//6363
f 1050//6364 841//6365 839//6366
f 839//6367 841//6368 842//6369
f 841//6370 1050//6371 1079//6372
f 842//6373 841//6374 1080//6375
f 1080//6376 841//6377 1079//6378
f 842//6379 1081//6380 1082//6381
f 1082//6382 790//6383 842//6384
f 842//6385 790//6386 1083//6387
f 842//6388 1083//6389 787//6390
f 787//6391 1084//6392 842//6393
f 842//6394 1084//6395 1085//6396
f 842//6397 1085//6398 1086//6399
f 1086//6400 1085//6401 782//6402
f 1086//6403 782//6404 781//6405
f 781//6406 780//6407 1086//6408
f 1086//6409 780//6410 1087//6411
f 1086//6412 1087//6413 775//6414
f 775//6415 1087//6416 1088//6417
f 775//6418 1088//6419 1089//6420
f 775//6421 1090//6422 766//6423
f 766//6424 1090//6425 1004//6426
f 766//6427 1004//6428 1091//6429
f 1091//6430 770//6431 766//6432
f 762//6433 766//6434 763//6435
f 762//6436 763//6437 1092//6438
f 1092//6439 1093//6440 762//6441
f 762//6442 1093//6443 851//6444
f 851//6445 854//6446 857//6447
f 857//6448 854//6449 853//6450
f 857//6451 853//6452 854//6453
f 849//6454 851//6455 1093//6456
f 851//6457 857//6458 854//6459
f 854//6460 857//6461 851//6462
f 842//6463 1086//6464 787//6465
f 842//6466 787//6467 789//6468
f 851//6469 857//6470 854//6471
f 854//6472 853//6473 851//6474
f 849//6475 848//6476 851//6477
f 851//6478 848//6479 762//6480
f 762//6481 763//6482 766//6483
f 766//6484 763//6485 765//6486
f 766//6487 768//6488 770//6489
f 766//6490 770//6491 771//6492
f 766//6493 771//6494 775//6495
f 775//6496 771//6497 773//6498
f 775//6499 777//6500 1086//6501
f 777//6502 778//6503 1086//6504
f 1086//6505 778//6506 780//6507
f 1086//6508 780//6509 781//6510
f 781//6511 782//6512 1086//6513
f 1086//6514 782//6515 783//6516
f 1086//6517 783//6518 785//6519
f 785//6520 786//6521 1086//6522
f 1086//6523 786//6524 787//6525
f 789//6526 790//6527 842//6528
f 842//6529 790//6530 838//6531
f 842//6532 838//6533 840//6534
f 840//6535 841//6536 842//6537
f 853//6538 854//6539 851//6540
f 1094//6541 1081//6542 842//6543
f 1095//6544 787//6545 1094//6546
f 1094//6547 787//6548 1083//6549
f 1094//6550 1083//6551 790//6552
f 1096//6553 782//6554 1095//6555
f 1095//6556 782//6557 1085//6558
f 1095//6559 1085//6560 1084//6561
f 1097//6562 780//6563 1096//6564
f 1096//6565 780//6566 781//6567
f 1096//6568 781//6569 782//6570
f 1098//6571 1099//6572 1097//6573
f 1097//6574 1099//6575 1100//6576
f 1097//6577 1100//6578 1101//6579
f 1102//6580 1103//6581 1098//6582
f 1098//6583 1103//6584 1104//6585
f 1098//6586 1104//6587 1099//6588
f 1105//6589 1106//6590 1102//6591
f 1102//6592 1106//6593 1107//6594
f 1102//6595 1107//6596 1103//6597
f 1108//6598 1109//6599 1105//6600
f 1105//6601 1109//6602 1110//6603
f 1105//6604 1110//6605 1106//6606
f 1111//6607 1112//6608 1108//6609
f 1108//6610 1112//6611 1113//6612
f 1108//6613 1113//6614 1109//6615
f 1114//6616 1089//6617 1101//6618
f 1101//6619 1089//6620 1088//6621
f 1101//6622 1088//6623 1097//6624
f 1097//6625 1088//6626 1087//6627
f 1097//6628 1087//6629 780//6630
f 1089//6631 1114//6632 775//6633
f 775//6634 1114//6635 1115//6636
f 775//6637 1115//6638 1116//6639
f 775//6640 1116//6641 1090//6642
f 1090//6643 1116//6644 1117//6645
f 1090//6646 1117//6647 1004//6648
f 1004//6649 1117//6650 1118//6651
f 1004//6652 1118//6653 1091//6654
f 1091//6655 1118//6656 770//6657
f 770//6658 1118//6659 1119//6660
f 770//6661 1119//6662 766//6663
f 766//6664 1119//6665 1120//6666
f 766//6667 1120//6668 763//6669
f 763//6670 1120//6671 1121//6672
f 763//6673 1121//6674 1092//6675
f 1092//6676 1121//6677 1122//6678
f 1092//6679 1122//6680 1093//6681
f 1093//6682 1122//6683 1123//6684
f 1093//6685 1123//6686 849//6687
f 849//6688 1123//6689 1124//6690
f 1125//6691 851//6692 1124//6693
f 1124//6694 851//6695 849//6696
f 1125//6697 1126//6698 928//6699
f 1125//6700 928//6701 851//6702
f 851//6703 928//6704 853//6705
f 853//6706 928//6707 854//6708
f 854//6709 928//6710 883//6711
f 854//6712 883//6713 857//6714
f 857//6715 883//6716 926//6717
f 1126//6718 1125//6719 1127//6720
f 1127//6721 1125//6722 1128//6723
f 1127//6724 1128//6725 1129//6726
f 1129//6727 1130//6728 1127//6729
f 1084//6730 787//6731 1095//6732
f 790//6733 1082//6734 1094//6735
f 1094//6736 1082//6737 1081//6738
f 1111//6739 1108//6740 1131//6741
f 1131//6742 1108//6743 1105//6744
f 1094//6745 1080//6746 1079//6747
f 1105//6748 1102//6749 1098//6750
f 1097//6751 1096//6752 1133//6753
f 1133//6754 1096//6755 1095//6756
f 1094//6757 842//6758 1080//6759
f 1132//6760 1134//6761 1098//6762
f 1098//6763 1134//6764 1105//6765
f 1095//6766 1135//6767 1133//6768
f 1133//6769 1135//6770 1132//6771
f 1132//6772 1098//6773 1134//6774
f 1134//6775 1098//6776 1102//6777
f 1134//6778 1102//6779 1105//6780
f 1136//6781 1131//6782 1108//6783
f 1108//6784 1131//6785 1105//6786
f 1098//6787 1097//6788 1132//6789
f 1132//6790 1097//6791 1133//6792
f 1136//6793 1111//6794 1131//6795
f 1077//6796 1137//6797 1136//6798
f 1137//6799 1077//6800 1076//6801
f 1137//6802 1111//6803 1136//6804
f 1054//6805 1138//6806 1056//6807
f 1056//6808 1138//6809 1069//6810
f 1069//6811 1139//6812 1140//6813
f 1140//6814 1139//6815 1141//6816
f 1077//6817 1141//6818 1075//6819
f 1075//6820 1141//6821 1072//6822
f 1072//6823 1141//6824 1139//6825
f 1072//6826 1139//6827 1069//6828
f 1056//6829 1069//6830 1138//6831
f 1056//6832 1138//6833 1054//6834
f 1053//6835 1054//6836 1051//6837
f 1054//6838 1142//6839 1051//6840
f 1050//6841 1051//6842 1079//6843
f 1079//6844 1051//6845 1094//6846
f 1094//6847 1051//6848 1142//6849
f 1094//6850 1142//6851 1095//6852
f 1095//6853 1142//6854 1054//6855
f 1095//6856 1054//6857 1135//6858
f 1135//6859 1054//6860 1056//6861
f 1135//6862 1056//6863 1132//6864
f 1132//6865 1056//6866 1098//6867
f 1098//6868 1056//6869 1069//6870
f 1098//6871 1069//6872 1102//6873
f 1102//6874 1069//6875 1140//6876
f 1102//6877 1140//6878 1105//6879
f 1105//6880 1140//6881 1141//6882
f 1105//6883 1141//6884 1108//6885
f 1108//6886 1141//6887 1077//6888
f 1108//6889 1077//6890 1136//6891
f 1074//6892 1057//6893 1076//6894
f 1074//6895 1073//6896 1057//6897
f 1057//6898 1073//6899 1071//6900
f 1057//6901 1071//6902 1070//6903
f 1057//6904 1058//6905 1143//6906
f 1067//6907 1143//6908 1063//6909
f 1067//6910 1063//6911 1065//6912
f 1058//6913 1060//6914 1143//6915
f 1143//6916 1060//6917 1061//6918
f 1143//6919 1061//6920 1063//6921
f 1067//6922 1068//6923 1033//6924
f 1067//6925 1144//6926 1145//6927
f 1067//6928 1145//6929 1143//6930
f 1146//6931 1147//6932 1143//6933
f 1143//6934 1147//6935 1057//6936
f 1147//6937 1148//6938 1057//6939
f 1071//6940 1073//6941 1057//6942
f 1057//6943 1073//6944 1076//6945
f 1073//6946 1149//6947 1076//6948
f 1076//6949 1149//6950 1150//6951
f 1150//6952 1113//6953 1076//6954
f 1076//6955 1113//6956 1151//6957
f 1076//6958 1151//6959 1137//6960
f 1137//6961 1151//6962 1111//6963
f 1150//6964 1149//6965 1113//6966
f 1113//6967 1149//6968 1152//6969
f 1152//6970 1149//6971 1073//6972
f 1152//6973 1073//6974 1153//6975
f 1153//6976 1073//6977 1071//6978
f 1153//6979 1071//6980 1154//6981
f 1154//6982 1071//6983 1057//6984
f 1154//6985 1057//6986 1148//6987
f 1154//6988 1148//6989 1155//6990
f 1155//6991 1148//6992 1147//6993
f 1155//6994 1147//6995 1146//6996
f 1146//6997 1143//6998 1155//6999
f 1155//7000 1143//7001 1156//7002
f 1155//7003 1156//7004 1157//7005
f 1157//7006 1156//7007 1158//7008
f 1158//7009 1156//7010 1159//7011
f 1159//7012 1156//7013 1115//7014
f 1115//7015 1156//7016 1160//7017
f 1115//7018 1160//7019 1161//7020
f 1161//7021 1160//7022 1162//7023
f 1161//7024 1162//7025 1163//7026
f 1163//7027 1162//7028 1164//7029
f 1163//7030 1164//7031 1165//7032
f 1165//7033 1164//7034 1119//7035
f 1119//7036 1164//7037 1166//7038
f 1119//7039 1166//7040 1167//7041
f 1167//7042 1166//7043 1168//7044
f 1167//7045 1168//7046 1120//7047
f 1120//7048 1168//7049 1121//7050
f 1121//7051 1168//7052 1169//7053
f 1121//7054 1169//7055 1170//7056
f 1170//7057 1169//7058 1171//7059
f 1170//7060 1171//7061 1122//7062
f 1122//7063 1171//7064 1172//7065
f 1172//7066 1171//7067 1173//7068
f 1172//7069 1173//7070 1174//7071
f 1174//7072 1173//7073 1175//7074
f 1174//7075 1175//7076 1176//7077
f 1174//7078 1176//7079 1125//7080
f 1125//7081 1176//7082 1128//7083
f 1128//7084 1176//7085 1177//7086
f 1128//7087 1177//7088 1129//7089
f 1129//7090 1177//7091 1178//7092
f 1178//7093 1177//7094 1179//7095
f 1178//7096 1179//7097 1180//7098
f 1180//7099 1179//7100 1181//7101
f 1180//7102 1181//7103 1182//7104
f 1182//7105 1181//7106 1183//7107
f 1182//7108 1183//7109 1184//7110
f 1184//7111 1183//7112 1185//7113
f 1184//7114 1185//7115 1186//7116
f 1186//7117 1185//7118 1187//7119
f 1186//7120 1187//7121 1188//7122
f 1188//7123 1187//7124 1189//7125
f 1188//7126 1189//7127 1190//7128
f 1190//7129 1189//7130 1191//7131
f 1190//7132 1191//7133 1192//7134
f 1192//7135 1191//7136 1193//7137
f 1192//7138 1193//7139 1194//7140
f 1194//7141 1193//7142 1024//7143
f 1194//7144 1024//7145 1026//7146
f 1143//7147 1145//7148 1156//7149
f 1156//7150 1145//7151 1144//7152
f 1156//7153 1144//7154 1067//7155
f 1156//7156 1067//7157 1068//7158
f 1068//7159 1067//7160 1033//7161
f 1068//7162 1033//7163 1195//7164
f 1195//7165 1196//7166 1197//7167
f 1195//7168 1197//7169 1162//7170
f 1195//7171 1162//7172 1160//7173
f 1198//7174 1196//7175 1037//7176
f 1198//7177 1037//7178 1199//7179
f 1199//7180 1037//7181 1200//7182
f 1199//7183 1200//7184 1198//7185
f 1198//7186 1200//7187 1201//7188
f 1198//7189 1201//7190 1202//7191
f 1202//7192 1201//7193 1203//7194
f 1202//7195 1203//7196 1164//7197
f 1164//7198 1203//7199 1166//7200
f 1200//7201 1037//7202 1204//7203
f 1200//7204 1204//7205 1205//7206
f 1206//7207 1205//7208 1207//7209
f 1206//7210 1207//7211 1208//7212
f 1208//7213 1207//7214 1206//7215
f 1208//7216 1206//7217 1209//7218
f 1210//7219 1209//7220 1211//7221
f 1210//7222 1211//7223 1187//7224
f 1187//7225 1211//7226 1212//7227
f 1187//7228 1212//7229 1185//7230
f 1185//7231 1212//7232 1187//7233
f 1207//7234 1205//7235 1043//7236
f 1043//7237 1205//7238 1213//7239
f 1043//7240 1213//7241 1214//7242
f 1214//7243 1213//7244 1215//7245
f 1214//7246 1215//7247 1216//7248
f 1216//7249 1215//7250 1217//7251
f 1216//7252 1217//7253 1218//7254
f 1218//7255 1217//7256 1191//7257
f 1218//7258 1191//7259 1189//7260
f 1213//7261 1024//7262 1215//7263
f 1215//7264 1024//7265 1219//7266
f 1215//7267 1219//7268 1217//7269
f 1217//7270 1219//7271 1193//7272
f 1217//7273 1193//7274 1191//7275
f 1219//7276 1024//7277 1193//7278
f 1194//7279 1026//7280 742//7281
f 1194//7282 742//7283 1220//7284
f 1194//7285 1220//7286 1192//7287
f 1192//7288 1220//7289 1221//7290
f 1192//7291 1221//7292 1190//7293
f 1190//7294 1221//7295 1222//7296
f 1190//7297 1222//7298 1188//7299
f 1188//7300 1222//7301 1223//7302
f 1188//7303 1223//7304 1186//7305
f 742//7306 741//7307 1220//7308
f 1220//7309 741//7310 1224//7311
f 1220//7312 1224//7313 1221//7314
f 1221//7315 1224//7316 1225//7317
f 1221//7318 1225//7319 1222//7320
f 1222//7321 1225//7322 1226//7323
f 1222//7324 1226//7325 1223//7326
f 741//7327 739//7328 1224//7329
f 1224//7330 739//7331 1227//7332
f 1224//7333 1227//7334 1225//7335
f 1225//7336 1227//7337 1226//7338
f 738//7339 1228//7340 739//7341
f 739//7342 1228//7343 1227//7344
f 1228//7345 1226//7346 1227//7347
f 1157//7348 1099//7349 1155//7350
f 1155//7351 1099//7352 1104//7353
f 1155//7354 1104//7355 1103//7356
f 1103//7357 1229//7358 1155//7359
f 1155//7360 1229//7361 1154//7362
f 1229//7363 1230//7364 1154//7365
f 1154//7366 1230//7367 1231//7368
f 1154//7369 1231//7370 1232//7371
f 1154//7372 1232//7373 1153//7374
f 1153//7375 1232//7376 1110//7377
f 1153//7378 1110//7379 1152//7380
f 1160//7381 1156//7382 1068//7383
f 1195//7384 1160//7385 1068//7386
f 1164//7387 1162//7388 1197//7389
f 1198//7390 1202//7391 1196//7392
f 1196//7393 1202//7394 1197//7395
f 1202//7396 1164//7397 1197//7398
f 1201//7399 1200//7400 1233//7401
f 1233//7402 1200//7403 1234//7404
f 1233//7405 1234//7406 1235//7407
f 1235//7408 1234//7409 1236//7410
f 1235//7411 1236//7412 1237//7413
f 1237//7414 1236//7415 1238//7416
f 1237//7417 1238//7418 1239//7419
f 1239//7420 1238//7421 1240//7422
f 1239//7423 1240//7424 1241//7425
f 1241//7426 1240//7427 1242//7428
f 1241//7429 1242//7430 1243//7431
f 1243//7432 1242//7433 1244//7434
f 1243//7435 1244//7436 1181//7437
f 1181//7438 1244//7439 1183//7440
f 1168//7441 1166//7442 1203//7443
f 1203//7444 1201//7445 1233//7446
f 1237//7447 1233//7448 1235//7449
f 1237//7450 1235//7451 1245//7452
f 1245//7453 1235//7454 1237//7455
f 1245//7456 1237//7457 1246//7458
f 1246//7459 1237//7460 1239//7461
f 1246//7462 1239//7463 1247//7464
f 1247//7465 1239//7466 1241//7467
f 1247//7468 1241//7469 1248//7470
f 1248//7471 1241//7472 1243//7473
f 1248//7474 1243//7475 1179//7476
f 1179//7477 1243//7478 1181//7479
f 1206//7480 1207//7481 1043//7482
f 1206//7483 1236//7484 1205//7485
f 1205//7486 1236//7487 1234//7488
f 1205//7489 1234//7490 1200//7491
f 1236//7492 1206//7493 1238//7494
f 1238//7495 1206//7496 1208//7497
f 1238//7498 1208//7499 1240//7500
f 1240//7501 1208//7502 1209//7503
f 1240//7504 1209//7505 1242//7506
f 1242//7507 1209//7508 1210//7509
f 1242//7510 1210//7511 1244//7512
f 1244//7513 1210//7514 1187//7515
f 1244//7516 1187//7517 1183//7518
f 1183//7519 1187//7520 1185//7521
f 1237//7522 1169//7523 1233//7524
f 1233//7525 1169//7526 1168//7527
f 1233//7528 1168//7529 1203//7530
f 1169//7531 1237//7532 1171//7533
f 1171//7534 1237//7535 1245//7536
f 1171//7537 1245//7538 1173//7539
f 1173//7540 1245//7541 1246//7542
f 1173//7543 1246//7544 1175//7545
f 1175//7546 1246//7547 1247//7548
f 1175//7549 1247//7550 1176//7551
f 1176//7552 1247//7553 1248//7554
f 1176//7555 1248//7556 1177//7557
f 1177//7558 1248//7559 1179//7560
f 1209//7561 1206//7562 1214//7563
f 1214//7564 1206//7565 1043//7566
f 1209//7567 1214//7568 1216//7569
f 1211//7570 1209//7571 1216//7572
f 1211//7573 1216//7574 1218//7575
f 1212//7576 1211//7577 1218//7578
f 1212//7579 1218//7580 1189//7581
f 1187//7582 1212//7583 1189//7584
f 1128//7585 1125//7586 1174//7587
f 1174//7588 1125//7589 1124//7590
f 1174//7591 1124//7592 1122//7593
f 1122//7594 1124//7595 1123//7596
f 1249//7597 1111//7598 1229//7599
f 1249//7600 1229//7601 1103//7602
f 1122//7603 1121//7604 1167//7605
f 1167//7606 1121//7607 1120//7608
f 1167//7609 1120//7610 1119//7611
f 1118//7612 1249//7613 1119//7614
f 1119//7615 1249//7616 1167//7617
f 1118//7618 1117//7619 1249//7620
f 1249//7621 1117//7622 1116//7623
f 1249//7624 1116//7625 1115//7626
f 1115//7627 1114//7628 1249//7629
f 1249//7630 1114//7631 1101//7632
f 1249//7633 1101//7634 1100//7635
f 1249//7636 1100//7637 1099//7638
f 1249//7639 1099//7640 1104//7641
f 1249//7642 1104//7643 1103//7644
f 1249//7645 1103//7646 1107//7647
f 1249//7648 1107//7649 1111//7650
f 1111//7651 1107//7652 1106//7653
f 1111//7654 1106//7655 1110//7656
f 1110//7657 1109//7658 1111//7659
f 1111//7660 1109//7661 1113//7662
f 1111//7663 1113//7664 1112//7665
f 1111//7666 1151//7667 1113//7668
f 1111//7669 1113//7670 1152//7671
f 1152//7672 1110//7673 1111//7674
f 1111//7675 1110//7676 1232//7677
f 1111//7678 1232//7679 1231//7680
f 1231//7681 1230//7682 1111//7683
f 1111//7684 1230//7685 1229//7686
f 1103//7687 1104//7688 1249//7689
f 1249//7690 1104//7691 1099//7692
f 1249//7693 1099//7694 1157//7695
f 1157//7696 1158//7697 1249//7698
f 1249//7699 1158//7700 1159//7701
f 1249//7702 1159//7703 1115//7704
f 1115//7705 1161//7706 1249//7707
f 1249//7708 1161//7709 1163//7710
f 1249//7711 1163//7712 1165//7713
f 1165//7714 1119//7715 1249//7716
f 1249//7717 1119//7718 1167//7719
f 1174//7720 1129//7721 1128//7722
f 1167//7723 1120//7724 1121//7725
f 1121//7726 1170//7727 1167//7728
f 1167//7729 1170//7730 1122//7731
f 1122//7732 1172//7733 1174//7734
f 1174//7735 1125//7736 1128//7737
f 1128//7738 1129//7739 1174//7740
f 1174//7741 1129//7742 1128//7743
f 1128//7744 1129//7745 1174//7746
f 1226//7747 1228//7748 1250//7749
f 1226//7750 1250//7751 1251//7752
f 1226//7753 1251//7754 1223//7755
f 1223//7756 1251//7757 1252//7758
f 1223//7759 1252//7760 1186//7761
f 1186//7762 1252//7763 1184//7764
f 1182//7765 1253//7766 1180//7767
f 1254//7768 1180//7769 1255//7770
f 1254//7771 1255//7772 1256//7773
f 1129//7774 1256//7775 1257//7776
f 1129//7777 1257//7778 1130//7779
f 1130//7780 1257//7781 1258//7782
f 1130//7783 1258//7784 1259//7785
f 1259//7786 1258//7787 1257//7788
f 1261//7789 1262//7790 1263//7791
f 1263//7792 1262//7793 1264//7794
f 1265//7795 1266//7796 946//7797
f 1265//7798 946//7799 1267//7800
f 1265//7801 1267//7802 1268//7803
f 1268//7804 1269//7805 1270//7806
f 1270//7807 1269//7808 1271//7809
f 1271//7810 1272//7811 1273//7812
f 1274//7813 1273//7814 1275//7815
f 1276//7816 1275//7817 929//7818
f 1276//7819 929//7820 928//7821
f 1276//7822 928//7823 1126//7824
f 1278//7825 1277//7826 1261//7827
f 1261//7828 1263//7829 1264//7830
f 1228//7831 951//7832 1279//7833
f 1280//7834 1279//7835 1266//7836
f 1280//7837 1266//7838 1281//7839
f 1281//7840 1266//7841 1264//7842
f 1281//7843 1264//7844 1262//7845
f 951//7846 949//7847 1279//7848
f 1279//7849 949//7850 1282//7851
f 1279//7852 1282//7853 1266//7854
f 1266//7855 1282//7856 1265//7857
f 1266//7858 1265//7859 1264//7860
f 949//7861 1283//7862 1282//7863
f 1282//7864 1283//7865 947//7866
f 1282//7867 947//7868 1266//7869
f 1266//7870 947//7871 946//7872
f 1268//7873 1284//7874 1269//7875
f 1269//7876 1284//7877 1271//7878
f 1273//7879 1272//7880 1285//7881
f 1273//7882 1285//7883 1275//7884
f 1284//7885 942//7886 1271//7887
f 1271//7888 942//7889 1272//7890
f 1272//7891 1286//7892 1285//7893
f 1275//7894 1285//7895 879//7896
f 1275//7897 879//7898 929//7899
f 941//7900 940//7901 1286//7902
f 1286//7903 940//7904 876//7905
f 1286//7906 876//7907 879//7908
f 941//7909 876//7910 940//7911
f 1126//7912 1127//7913 1276//7914
f 1276//7915 1127//7916 1259//7917
f 1274//7918 1259//7919 1277//7920
f 1277//7921 1287//7922 1261//7923
f 1130//7924 1259//7925 1127//7926
f 1256//7927 1129//7928 1178//7929
f 1256//7930 1178//7931 1254//7932
f 1254//7933 1178//7934 1180//7935
f 1228//7936 1279//7937 1250//7938
f 1250//7939 1279//7940 1288//7941
f 1250//7942 1288//7943 1251//7944
f 1251//7945 1288//7946 1289//7947
f 1251//7948 1289//7949 1252//7950
f 1252//7951 1289//7952 1290//7953
f 1252//7954 1290//7955 1184//7956
f 1184//7957 1290//7958 1253//7959
f 1184//7960 1253//7961 1182//7962
f 1253//7963 1254//7964 1180//7965
f 1180//7966 1254//7967 1255//7968
f 1279//7969 1280//7970 1288//7971
f 1288//7972 1280//7973 1289//7974
f 1289//7975 1280//7976 1291//7977
f 1289//7978 1291//7979 1290//7980
f 1290//7981 1291//7982 1253//7983
f 1253//7984 1292//7985 1254//7986
f 1254//7987 1257//7988 1255//7989
f 1255//7990 1257//7991 1256//7992
f 1280//7993 1281//7994 1291//7995
f 1291//7996 1293//7997 1253//7998
f 1253//7999 1293//8000 1292//8001
f 1292//8002 1294//8003 1254//8004
f 1254//8005 1294//8006 1257//8007
f 1266//8008 1265//8009 1282//8010
f 1281//8011 1262//8012 1291//8013
f 1291//8014 1262//8015 1261//8016
f 1291//8017 1261//8018 1293//8019
f 1293//8020 1261//8021 1260//8022
f 1293//8023 1260//8024 1292//8025
f 1292//8026 1260//8027 1257//8028
f 1292//8029 1257//8030 1294//8031
f 1259//8032 1257//8033 1287//8034
f 1259//8035 1287//8036 1277//8037
f 1257//8038 1260//8039 1287//8040
f 1260//8041 1261//8042 1287//8043
f 1264//8044 1265//8045 1295//8046
f 1295//8047 1265//8048 1268//8049
f 1295//8050 1268//8051 1270//8052
f 1264//8053 1295//8054 1261//8055
f 1277//8056 1278//8057 1274//8058
f 1259//8059 1274//8060 1276//8061
f 1261//8062 1295//8063 1270//8064
f 1261//8065 1270//8066 1278//8067
f 1274//8068 1275//8069 1276//8070
f 1278//8071 1270//8072 1271//8073
f 1274//8074 1278//8075 1273//8076
f 1273//8077 1278//8078 1271//8079
f 942//8080 941//8081 1272//8082
f 1285//8083 1286//8084 879//8085
f 1286//8086 1272//8087 941//8088
f 940//8089 876//8090 941//8091
f 942//8092 1284//8093 1296//8094
f 1283//8095 949//8096 948//8097
f 1283//8098 948//8099 947//8100
f 738//8101 949//8102 951//8103
f 945//8104 944//8105 1296//8106
f 1296//8107 944//8108 942//8109
f 940//8110 941//8111 876//8112
f 945//8113 1284//8114 1268//8115
f 945//8116 1268//8117 1267//8118
f 1296//8119 1284//8120 945//8121
f 946//8122 945//8123 1267//8124
f 1228//8125 738//8126 951//8127
f 1297//8128 742//8129 741//8130
f 1297//8131 741//8132 740//8133
f 740//8134 739//8135 1297//8136
f 1298//8137 739//8138 738//8139
f 1298//8140 738//8141 739//8142
f 739//8143 741//8144 1297//8145
f 1297//8146 741//8147 742//8148
f 1026//8149 1024//8150 1025//8151
f 742//8152 1026//8153 1027//8154
f 1033//8155 1034//8156 1035//8157
f 1196//8158 1036//8159 1037//8160
f 1299//8161 1037//8162 1048//8163
f 1299//8164 1048//8165 1045//8166
f 1299//8167 1045//8168 1043//8169
f 1036//8170 1196//8171 1035//8172
f 1037//8173 1299//8174 1204//8175
f 1204//8176 1299//8177 1205//8178
f 1205//8179 1299//8180 1213//8181
f 1213//8182 1299//8183 1043//8184
f 1196//8185 1195//8186 1035//8187
f 1035//8188 1195//8189 1033//8190
f 1043//8191 1024//8192 1213//8193
f 1042//8194 1300//8195 1041//8196
f 1041//8197 1300//8198 1039//8199
f 1039//8200 1300//8201 1301//8202
f 1039//8203 1301//8204 1040//8205
f 1040//8206 1301//8207 1039//8208
f 1039//8209 1301//8210 1302//8211
f 1039//8212 1302//8213 1038//8214
f 1038//8215 1302//8216 1303//8217
f 974//8218 1300//8219 1027//8220
f 1027//8221 1300//8222 1304//8223
f 1027//8224 1304//8225 1219//8226
f 1219//8227 1304//8228 1305//8229
f 1305//8230 1304//8231 1306//8232
f 1306//8233 1304//8234 1307//8235
f 1307//8236 1304//8237 1308//8238
f 1300//8239 974//8240 820//8241
f 1300//8242 820//8243 1019//8244
f 1300//8245 1019//8246 1018//8247
f 1300//8248 1018//8249 1014//8250
f 1300//8251 1014//8252 1301//8253
f 1301//8254 1014//8255 1007//8256
f 1301//8257 1007//8258 1302//8259
f 1302//8260 1007//8261 875//8262
f 1302//8263 875//8264 1303//8265
f 1303//8266 875//8267 1002//8268
f 1303//8269 1002//8270 1309//8271
f 1303//8272 1309//8273 1310//8274
f 1310//8275 1309//8276 1201//8277
f 1310//8278 1201//8279 1308//8280
f 1308//8281 1201//8282 1311//8283
f 1308//8284 1311//8285 1307//8286
f 1309//8287 1002//8288 1164//8289
f 1164//8290 1002//8291 769//8292
f 1164//8293 769//8294 1117//8295
f 1117//8296 769//8297 1004//8298
f 1027//8299 1220//8300 742//8301
f 742//8302 1220//8303 1312//8304
f 742//8305 1312//8306 740//8307
f 740//8308 1312//8309 1224//8310
f 1224//8311 1221//8312 1313//8313
f 1313//8314 1221//8315 1189//8316
f 1314//8317 1189//8318 1315//8319
f 1314//8320 1315//8321 1316//8322
f 1316//8323 1317//8324 1318//8325
f 1318//8326 1317//8327 1319//8328
f 1318//8329 1319//8330 1320//8331
f 1320//8332 1319//8333 1176//8334
f 1176//8335 1321//8336 1322//8337
f 1220//8338 1027//8339 1026//8340
f 1026//8341 1027//8342 1219//8343
f 1026//8344 1219//8345 1323//8346
f 1323//8347 1219//8348 1305//8349
f 1323//8350 1305//8351 1216//8352
f 1216//8353 1305//8354 1306//8355
f 1216//8356 1306//8357 1206//8358
f 1206//8359 1306//8360 1324//8361
f 1324//8362 1306//8363 1307//8364
f 1324//8365 1307//8366 1236//8367
f 1236//8368 1307//8369 1311//8370
f 1236//8371 1311//8372 1235//8373
f 1235//8374 1311//8375 1233//8376
f 1235//8377 1233//8378 1325//8379
f 1325//8380 1233//8381 1201//8382
f 1325//8383 1201//8384 1326//8385
f 1326//8386 1201//8387 1309//8388
f 1326//8389 1309//8390 1327//8391
f 1327//8392 1309//8393 1164//8394
f 1327//8395 1164//8396 1328//8397
f 1328//8398 1164//8399 1117//8400
f 1328//8401 1117//8402 1165//8403
f 1311//8404 1201//8405 1233//8406
f 1328//8407 1165//8408 1327//8409
f 1327//8410 1165//8411 1329//8412
f 1329//8413 1330//8414 1331//8415
f 1329//8416 1331//8417 1332//8418
f 1329//8419 1332//8420 1169//8421
f 1169//8422 1332//8423 1333//8424
f 1333//8425 1332//8426 1334//8427
f 1333//8428 1334//8429 1335//8430
f 1335//8431 1334//8432 1336//8433
f 1335//8434 1336//8435 1189//8436
f 1332//8437 1331//8438 1173//8439
f 1332//8440 1173//8441 1337//8442
f 1337//8443 1173//8444 1338//8445
f 1337//8446 1338//8447 1339//8448
f 1337//8449 1339//8450 1340//8451
f 1340//8452 1339//8453 1317//8454
f 1340//8455 1317//8456 1315//8457
f 1315//8458 1317//8459 1316//8460
f 1339//8461 1338//8462 1341//8463
f 1341//8464 1338//8465 1175//8466
f 1174//8467 1175//8468 1342//8469
f 1174//8470 1342//8471 1124//8472
f 1174//8473 1321//8474 1175//8475
f 1175//8476 1321//8477 1176//8478
f 1175//8479 1176//8480 1319//8481
f 1176//8482 1322//8483 1321//8484
f 1321//8485 1322//8486 1343//8487
f 1321//8488 1343//8489 1322//8490
f 1322//8491 1343//8492 1344//8493
f 1322//8494 1344//8495 1345//8496
f 1345//8497 1346//8498 1347//8499
f 1347//8500 1346//8501 1182//8502
f 1347//8503 1182//8504 1348//8505
f 1348//8506 1182//8507 1184//8508
f 1348//8509 1252//8510 1349//8511
f 1349//8512 1252//8513 1226//8514
f 1349//8515 1226//8516 1350//8517
f 1350//8518 1226//8519 1228//8520
f 1350//8521 1228//8522 1351//8523
f 1351//8524 1228//8525 738//8526
f 1351//8527 738//8528 1227//8529
f 1227//8530 738//8531 740//8532
f 1227//8533 740//8534 1224//8535
f 1337//8536 1340//8537 1334//8538
f 1334//8539 1340//8540 1336//8541
f 1315//8542 1336//8543 1340//8544
f 1335//8545 1352//8546 1353//8547
f 1353//8548 1352//8549 1216//8550
f 1353//8551 1216//8552 1354//8553
f 1354//8554 1216//8555 1206//8556
f 1354//8557 1206//8558 1324//8559
f 1335//8560 1189//8561 1352//8562
f 1352//8563 1189//8564 1218//8565
f 1352//8566 1218//8567 1192//8568
f 1352//8569 1192//8570 1355//8571
f 1355//8572 1192//8573 1312//8574
f 1355//8575 1312//8576 1220//8577
f 1323//8578 1216//8579 1355//8580
f 1355//8581 1216//8582 1352//8583
f 1026//8584 1323//8585 1220//8586
f 1220//8587 1323//8588 1355//8589
f 1335//8590 1353//8591 1356//8592
f 1335//8593 1356//8594 1333//8595
f 1333//8596 1356//8597 1235//8598
f 1333//8599 1235//8600 1169//8601
f 1169//8602 1235//8603 1325//8604
f 1169//8605 1325//8606 1329//8607
f 1329//8608 1325//8609 1327//8610
f 1356//8611 1353//8612 1354//8613
f 1332//8614 1337//8615 1334//8616
f 1324//8617 1236//8618 1354//8619
f 1354//8620 1236//8621 1356//8622
f 1236//8623 1235//8624 1356//8625
f 1326//8626 1327//8627 1325//8628
f 1339//8629 1341//8630 1317//8631
f 1317//8632 1341//8633 1319//8634
f 1319//8635 1341//8636 1175//8637
f 1189//8638 1336//8639 1315//8640
f 1218//8641 1189//8642 1221//8643
f 1218//8644 1221//8645 1192//8646
f 1192//8647 1221//8648 1224//8649
f 1192//8650 1224//8651 1312//8652
f 1320//8653 1176//8654 1345//8655
f 1345//8656 1176//8657 1321//8658
f 1345//8659 1321//8660 1322//8661
f 1318//8662 1320//8663 1357//8664
f 1357//8665 1320//8666 1345//8667
f 1357//8668 1345//8669 1347//8670
f 1316//8671 1318//8672 1348//8673
f 1348//8674 1318//8675 1357//8676
f 1348//8677 1357//8678 1347//8679
f 1358//8680 1316//8681 1348//8682
f 1314//8683 1316//8684 1188//8685
f 1188//8686 1316//8687 1358//8688
f 1188//8689 1358//8690 1349//8691
f 1349//8692 1358//8693 1348//8694
f 1189//8695 1314//8696 1188//8697
f 1227//8698 1224//8699 1313//8700
f 1313//8701 1189//8702 1225//8703
f 1225//8704 1189//8705 1188//8706
f 1225//8707 1188//8708 1350//8709
f 1350//8710 1188//8711 1349//8712
f 1351//8713 1227//8714 1225//8715
f 1225//8716 1227//8717 1313//8718
f 1351//8719 1225//8720 1350//8721
f 876//8722 940//8723 1286//8724
f 876//8725 1286//8726 879//8727
f 879//8728 1286//8729 1285//8730
f 1285//8731 1273//8732 1276//8733
f 1276//8734 1273//8735 1259//8736
f 1126//8737 1276//8738 1259//8739
f 1258//8740 1257//8741 1287//8742
f 1258//8743 1287//8744 1359//8745
f 1258//8746 1359//8747 1255//8748
f 1255//8749 1359//8750 1254//8751
f 1255//8752 1254//8753 1345//8754
f 1345//8755 1254//8756 1346//8757
f 1346//8758 1254//8759 1182//8760
f 1360//8761 1290//8762 1361//8763
f 1360//8764 1361//8765 1362//8766
f 1362//8767 1363//8768 946//8769
f 946//8770 1363//8771 1268//8772
f 946//8773 1268//8774 945//8775
f 945//8776 1268//8777 1269//8778
f 1269//8779 1364//8780 942//8781
f 941//8782 943//8783 942//8784
f 942//8785 943//8786 1269//8787
f 1269//8788 943//8789 945//8790
f 946//8791 1365//8792 1362//8793
f 1362//8794 1365//8795 1266//8796
f 1362//8797 1266//8798 1282//8799
f 1362//8800 1282//8801 1360//8802
f 1360//8803 1282//8804 1289//8805
f 1360//8806 1289//8807 1366//8808
f 1360//8809 1366//8810 1290//8811
f 1290//8812 1366//8813 1348//8814
f 1290//8815 1348//8816 1184//8817
f 946//8818 947//8819 1365//8820
f 1365//8821 947//8822 948//8823
f 1365//8824 948//8825 1266//8826
f 1266//8827 948//8828 1282//8829
f 1282//8830 1367//8831 1289//8832
f 1366//8833 1289//8834 1252//8835
f 1366//8836 1252//8837 1348//8838
f 948//8839 947//8840 1368//8841
f 1368//8842 947//8843 949//8844
f 1368//8845 949//8846 951//8847
f 951//8848 950//8849 738//8850
f 951//8851 738//8852 1228//8853
f 951//8854 1228//8855 1250//8856
f 951//8857 1250//8858 949//8859
f 951//8860 949//8861 1368//8862
f 948//8863 1368//8864 1282//8865
f 1228//8866 1226//8867 1250//8868
f 949//8869 1250//8870 1367//8871
f 949//8872 1367//8873 1368//8874
f 1368//8875 1367//8876 1282//8877
f 1250//8878 1226//8879 1369//8880
f 1250//8881 1369//8882 1367//8883
f 1226//8884 1252//8885 1369//8886
f 1369//8887 1252//8888 1289//8889
f 1369//8890 1289//8891 1367//8892
f 1184//8893 1182//8894 1290//8895
f 1345//8896 1344//8897 1255//8898
f 1255//8899 1344//8900 1343//8901
f 1255//8902 1343//8903 1258//8904
f 1343//8905 1370//8906 1258//8907
f 1258//8908 1370//8909 1126//8910
f 1258//8911 1126//8912 1259//8913
f 928//8914 1276//8915 1126//8916
f 1276//8917 928//8918 930//8919
f 1276//8920 930//8921 1285//8922
f 930//8923 879//8924 1285//8925
f 940//8926 941//8927 1272//8928
f 940//8929 1272//8930 1286//8931
f 1286//8932 1272//8933 1285//8934
f 1272//8935 941//8936 1271//8937
f 1271//8938 941//8939 942//8940
f 1271//8941 942//8942 1371//8943
f 1371//8944 942//8945 1364//8946
f 1371//8947 1364//8948 1372//8949
f 1372//8950 1364//8951 1269//8952
f 1372//8953 1269//8954 1268//8955
f 1372//8956 1268//8957 1373//8958
f 1373//8959 1268//8960 1363//8961
f 1373//8962 1363//8963 1362//8964
f 1373//8965 1362//8966 1361//8967
f 1285//8968 1272//8969 1273//8970
f 1273//8971 1272//8972 1271//8973
f 1273//8974 1271//8975 1278//8976
f 1278//8977 1271//8978 1374//8979
f 1374//8980 1271//8981 1371//8982
f 1374//8983 1371//8984 1372//8985
f 1273//8986 1278//8987 1374//8988
f 1374//8989 1372//8990 1261//8991
f 1261//8992 1372//8993 1373//8994
f 1261//8995 1373//8996 1262//8997
f 1262//8998 1373//8999 1361//9000
f 1262//9001 1361//9002 1375//9003
f 1375//9004 1361//9005 1290//9006
f 1374//9007 1258//9008 1259//9009
f 1259//9010 1258//9011 1276//9012
f 1258//9013 1259//9014 1276//9015
f 1374//9016 1261//9017 1376//9018
f 1376//9019 1261//9020 1262//9021
f 1376//9022 1262//9023 1375//9024
f 1375//9025 1290//9026 1182//9027
f 1258//9028 1374//9029 1257//9030
f 1257//9031 1374//9032 1376//9033
f 1257//9034 1376//9035 1287//9036
f 1287//9037 1376//9038 1359//9039
f 1359//9040 1376//9041 1375//9042
f 1359//9043 1375//9044 1254//9045
f 1254//9046 1375//9047 1182//9048
f 1273//9049 1374//9050 1259//9051
f 1330//9052 1329//9053 1377//9054
f 1165//9055 1378//9056 1329//9057
f 1329//9058 1378//9059 1377//9060
f 1378//9061 1165//9062 770//9063
f 770//9064 1165//9065 1117//9066
f 770//9067 1117//9068 1004//9069
f 1378//9070 770//9071 1379//9072
f 1379//9073 770//9074 999//9075
f 1379//9076 999//9077 1380//9078
f 999//9079 1005//9080 1380//9081
f 1124//9082 849//9083 851//9084
f 983//9085 1321//9086 851//9087
f 851//9088 1321//9089 1174//9090
f 851//9091 1174//9092 1124//9093
f 1321//9094 983//9095 1322//9096
f 1322//9097 983//9098 988//9099
f 1322//9100 988//9101 1343//9102
f 1343//9103 988//9104 928//9105
f 1343//9106 928//9107 1126//9108
f 957//9109 928//9110 988//9111
f 957//9112 972//9113 928//9114
f 1343//9115 1126//9116 1370//9117
f 1381//9118 1382//9119 1383//9120
f 1383//9121 1382//9122 1123//9123
f 1123//9124 1382//9125 1093//9126
f 1384//9127 1331//9128 1330//9129
f 1384//9130 1330//9131 1385//9132
f 1385//9133 1330//9134 1377//9135
f 1338//9136 1173//9137 1386//9138
f 1386//9139 1173//9140 1384//9141
f 1384//9142 1173//9143 1331//9144
f 1387//9145 1124//9146 1342//9147
f 1387//9148 1342//9149 1175//9150
f 1387//9151 1175//9152 1386//9153
f 1386//9154 1175//9155 1338//9156
f 849//9157 1124//9158 1388//9159
f 1388//9160 1124//9161 1387//9162
f 1389//9163 993//9164 850//9165
f 1389//9166 850//9167 1388//9168
f 1388//9169 850//9170 992//9171
f 1388//9172 992//9173 849//9174
f 993//9175 1389//9176 843//9177
f 843//9178 1389//9179 1390//9180
f 843//9181 1390//9182 1006//9183
f 1391//9184 1380//9185 1005//9186
f 1391//9187 1005//9188 1390//9189
f 1390//9190 1005//9191 1006//9192
f 1393//9193 1392//9194 1394//9195
f 1394//9196 1380//9197 1391//9198
f 1395//9199 1379//9200 1394//9201
f 1394//9202 1379//9203 1380//9204
f 1391//9205 1393//9206 1394//9207
f 1038//9208 1303//9209 1049//9210
f 1049//9211 1303//9212 1310//9213
f 1049//9214 1310//9215 1308//9216
f 1049//9217 1308//9218 1047//9219
f 1047//9220 1308//9221 1304//9222
f 1047//9223 1304//9224 1046//9225
f 1046//9226 1304//9227 1044//9228
f 1044//9229 1304//9230 1300//9231
f 1044//9232 1300//9233 1042//9234
f 1395//9235 1399//9236 1397//9237
f 1397//9238 1399//9239 1400//9240
f 1397//9241 1400//9242 1398//9243
f 1398//9244 1400//9245 1401//9246
f 1398//9247 1401//9248 1396//9249
f 1396//9250 1401//9251 1402//9252
f 1396//9253 1402//9254 1392//9255
f 1392//9256 1402//9257 1403//9258
f 1404//9259 1403//9260 1405//9261
f 1405//9262 1403//9263 1402//9264
f 1382//9265 1406//9266 1404//9267
f 1404//9268 1406//9269 1403//9270
f 1381//9271 1399//9272 1382//9273
f 1382//9274 1399//9275 1406//9276
f 1405//9277 1401//9278 1381//9279
f 1405//9280 1402//9281 1401//9282
f 1401//9283 1400//9284 1381//9285
f 1381//9286 1400//9287 1399//9288
f 1392//9289 1403//9290 1394//9291
f 1394//9292 1403//9293 1406//9294
f 1394//9295 1406//9296 1395//9297
f 1395//9298 1406//9299 1399//9300
f 1407//9301 1093//9302 1404//9303
f 1404//9304 1093//9305 1382//9306
f 1407//9307 1408//9308 1093//9309
f 1093//9310 1408//9311 1123//9312
f 1408//9313 1409//9314 1123//9315
f 1123//9316 1409//9317 1383//9318
f 1389//9319 1407//9320 1404//9321
f 1389//9322 1404//9323 1390//9324
f 1390//9325 1404//9326 1391//9327
f 1407//9328 1389//9329 1388//9330
f 1407//9331 1388//9332 1408//9333
f 1408//9334 1388//9335 1387//9336
f 1408//9337 1387//9338 1386//9339
f 1408//9340 1386//9341 1384//9342
f 1408//9343 1384//9344 1409//9345
f 1384//9346 1385//9347 1409//9348
f 1409//9349 1385//9350 1405//9351
f 1405//9352 1385//9353 1410//9354
f 1405//9355 1410//9356 1393//9357
f 1405//9358 1393//9359 1404//9360
f 1404//9361 1393//9362 1391//9363
f 1379//9364 1395//9365 1397//9366
f 1379//9367 1397//9368 1378//9369
f 1410//9370 1396//9371 1392//9372
f 1410//9373 1392//9374 1393//9375
f 1396//9376 1410//9377 1398//9378
f 1398//9379 1410//9380 1377//9381
f 1377//9382 1410//9383 1385//9384
f 1398//9385 1377//9386 1378//9387
f 1398//9388 1378//9389 1397//9390
f 1405//9391 1381//9392 1383//9393
f 1405//9394 1383//9395 1409//9396
f 1411//9397 1412//9398 1414//9399
f 1411//9400 1414//9401 1413//9402
f 1413//9403 1414//9404 1416//9405
f 1413//9406 1416//9407 1415//9408
f 1415//9409 1416//9410 1418//9411
f 1415//9412 1418//9413 1417//9414
f 1417//9415 1418//9416 1357//9417
f 1417//9418 1357//9419 1419//9420
f 1419//9421 1357//9422 1318//9423
f 1419//9424 1318//9425 1420//9426
f 1420//9427 1318//9428 1422//9429
f 1420//9430 1422//9431 1421//9432
f 1421//9433 1422//9434 1241//9435
f 1421//9436 1241//9437 1423//9438
f 1423//9439 1241//9440 1425//9441
f 1423//9442 1425//9443 1424//9444
f 1424//9445 1425//9446 1427//9447
f 1424//9448 1427//9449 1426//9450
f 1426//9451 1427//9452 1429//9453
f 1426//9454 1429//9455 1428//9456
f 1428//9457 1429//9458 1431//9459
f 1428//9460 1431//9461 1430//9462
f 1430//9463 1431//9464 1433//9465
f 1430//9466 1433//9467 1432//9468
f 1432//9469 1433//9470 1435//9471
f 1432//9472 1435//9473 1434//9474
f 1434//9475 1435//9476 1437//9477
f 1434//9478 1437//9479 1436//9480
f 1436//9481 1437//9482 1439//9483
f 1436//9484 1439//9485 1438//9486
f 1438//9487 1439//9488 1441//9489
f 1438//9490 1441//9491 1440//9492
f 1440//9493 1441//9494 1443//9495
f 1440//9496 1443//9497 1442//9498
f 1442//9499 1443//9500 1445//9501
f 1442//9502 1445//9503 1444//9504
f 1444//9505 1445//9506 1447//9507
f 1444//9508 1447//9509 1446//9510
f 1446//9511 1447//9512 1449//9513
f 1446//9514 1449//9515 1448//9516
f 1448//9517 1449//9518 1010//9519
f 1448//9520 1010//9521 1450//9522
f 1450//9523 1010//9524 756//9525
f 1450//9526 756//9527 1451//9528
f 1451//9529 756//9530 1453//9531
f 1451//9532 1453//9533 1452//9534
f 1452//9535 1453//9536 979//9537
f 1452//9538 979//9539 1454//9540
f 1454//9541 979//9542 989//9543
f 1454//9544 989//9545 1455//9546
f 1455//9547 989//9548 1457//9549
f 1455//9550 1457//9551 1456//9552
f 1456//9553 1457//9554 1459//9555
f 1456//9556 1459//9557 1458//9558
f 1414//9559 1412//9560 1459//9561
f 1414//9562 1459//9563 1457//9564
f 1414//9565 1457//9566 989//9567
f 1414//9568 989//9569 979//9570
f 1414//9571 979//9572 1453//9573
f 1414//9574 1453//9575 756//9576
f 1414//9577 756//9578 1010//9579
f 1414//9580 1010//9581 1449//9582
f 1414//9583 1449//9584 1447//9585
f 1414//9586 1447//9587 1445//9588
f 1414//9589 1445//9590 1443//9591
f 1414//9592 1443//9593 1441//9594
f 1414//9595 1441//9596 1439//9597
f 1414//9598 1439//9599 1437//9600
f 1414//9601 1437//9602 1435//9603
f 1414//9604 1435//9605 1433//9606
f 1414//9607 1433//9608 1431//9609
f 1414//9610 1431//9611 1429//9612
f 1414//9613 1429//9614 1427//9615
f 1414//9616 1427//9617 1425//9618
f 1414//9619 1425//9620 1241//9621
f 1414//9622 1241//9623 1422//9624
f 1414//9625 1422//9626 1318//9627
f 1414//9628 1318//9629 1357//9630
f 1414//9631 1357//9632 1418//9633
f 1414//9634 1418//9635 1416//9636
f 1458//9637 1459//9638 1412//9639
f 1458//9640 1412//9641 1411//9642
f 1411//9643 1413//9644 1415//9645
f 1411//9646 1415//9647 1417//9648
f 1411//9649 1417//9650 1419//9651
f 1411//9652 1419//9653 1420//9654
f 1411//9655 1420//9656 1421//9657
f 1411//9658 1421//9659 1423//9660
f 1411//9661 1423//9662 1424//9663
f 1411//9664 1424//9665 1426//9666
f 1411//9667 1426//9668 1428//9669
f 1411//9670 1428//9671 1430//9672
f 1411//9673 1430//9674 1432//9675
f 1411//9676 1432//9677 1434//9678
f 1411//9679 1434//9680 1436//9681
f 1411//9682 1436//9683 1438//9684
f 1411//9685 1438//9686 1440//9687
f 1411//9688 1440//9689 1442//9690
f 1411//9691 1442//9692 1444//9693
f 1411//9694 1444//9695 1446//9696
f 1411//9697 1446//9698 1448//9699
f 1411//9700 1448//9701 1450//9702
f 1411//9703 1450//9704 1451//9705
f 1411//9706 1451//9707 1452//9708
f 1411//9709 1452//9710 1454//9711
f 1411//9712 1454//9713 1455//9714
f 1411//9715 1455//9716 1456//9717
f 1411//9718 1456//9719 1458//9720
